"page","short-url","maxPages","items","year","coo_id","coo_name","coo","coo_iso","coa_id","coa_name","coa","coa_iso","refugees","asylum_seekers","idps","oip","stateless","hst","ooc"
1,"8Pa1wO",1,1,1998,2,"Afghanistan","AFG","AFG",12,"Austria","AUS","AUT",322,"0","0","-","0","0","0"
1,"8Pa1wO",1,2,1999,2,"Afghanistan","AFG","AFG",12,"Austria","AUS","AUT",401,"0","0","-","0","0","0"
1,"8Pa1wO",1,3,2000,2,"Afghanistan","AFG","AFG",12,"Austria","AUS","AUT",679,"0","0","-","0","0","0"
1,"8Pa1wO",1,4,2001,2,"Afghanistan","AFG","AFG",12,"Austria","AUS","AUT",1049,"0","0","-","0","0","0"
1,"8Pa1wO",1,5,2002,2,"Afghanistan","AFG","AFG",12,"Austria","AUS","AUT",1270,"0","0","-","0","0","0"
1,"8Pa1wO",1,6,2003,2,"Afghanistan","AFG","AFG",12,"Austria","AUS","AUT",1595,"0","0","-","0","0","0"
1,"8Pa1wO",1,7,2004,2,"Afghanistan","AFG","AFG",12,"Austria","AUS","AUT",2482,"0","0","-","0","0","0"
1,"8Pa1wO",1,8,2005,2,"Afghanistan","AFG","AFG",12,"Austria","AUS","AUT",2991,"0","0","-","0","0","0"
1,"8Pa1wO",1,9,2006,2,"Afghanistan","AFG","AFG",12,"Austria","AUS","AUT",3664,1575,"0","-","0","0","0"
1,"8Pa1wO",1,10,2007,2,"Afghanistan","AFG","AFG",12,"Austria","AUS","AUT",4191,1544,"0","-","0","0","0"
1,"8Pa1wO",1,11,2008,2,"Afghanistan","AFG","AFG",12,"Austria","AUS","AUT",5387,2016,"0","-","0","0","0"
1,"8Pa1wO",1,12,2009,2,"Afghanistan","AFG","AFG",12,"Austria","AUS","AUT",6401,2808,"0","-","0","0","0"
1,"8Pa1wO",1,13,2010,2,"Afghanistan","AFG","AFG",12,"Austria","AUS","AUT",7359,2696,"0","-","0","0","0"
1,"8Pa1wO",1,14,2011,2,"Afghanistan","AFG","AFG",12,"Austria","AUS","AUT",8636,4576,"0","-","0","0","0"
1,"8Pa1wO",1,15,2012,2,"Afghanistan","AFG","AFG",12,"Austria","AUS","AUT",10158,6203,"0","-","0","0","0"
1,"8Pa1wO",1,16,2013,2,"Afghanistan","AFG","AFG",12,"Austria","AUS","AUT",11906,6248,"0","-","0","0","0"
1,"8Pa1wO",1,17,2014,2,"Afghanistan","AFG","AFG",12,"Austria","AUS","AUT",14793,"0","0","-","0","0","0"
1,"8Pa1wO",1,18,2015,2,"Afghanistan","AFG","AFG",12,"Austria","AUS","AUT",17458,24267,"0","-","0","0","0"
1,"8Pa1wO",1,19,2016,2,"Afghanistan","AFG","AFG",12,"Austria","AUS","AUT",20220,29783,"0","-","0","0","0"
1,"8Pa1wO",1,20,2017,2,"Afghanistan","AFG","AFG",12,"Austria","AUS","AUT",26939,24233,"0","-","0","0","0"
1,"8Pa1wO",1,21,2018,2,"Afghanistan","AFG","AFG",12,"Austria","AUS","AUT",33103,16093,"0","-","0","0","0"
1,"8Pa1wO",1,22,2019,2,"Afghanistan","AFG","AFG",12,"Austria","AUS","AUT",37276,10326,"0","-","0","0","0"
1,"8Pa1wO",1,23,2020,2,"Afghanistan","AFG","AFG",12,"Austria","AUS","AUT",40096,6473,"0","-","0","0","0"
1,"8Pa1wO",1,24,2021,2,"Afghanistan","AFG","AFG",12,"Austria","AUS","AUT",42685,5600,"0","-","0","0","0"
1,"8Pa1wO",1,25,2022,2,"Afghanistan","AFG","AFG",12,"Austria","AUS","AUT",45282,7419,"0","-","0","0","0"
1,"8Pa1wO",1,26,2023,2,"Afghanistan","AFG","AFG",12,"Austria","AUS","AUT",41456,4723,"0","-","0","0","0"
1,"8Pa1wO",1,27,2024,2,"Afghanistan","AFG","AFG",12,"Austria","AUS","AUT",44714,4308,"0","-","0","0","0"
1,"8Pa1wO",1,28,2025,2,"Afghanistan","AFG","AFG",12,"Austria","AUS","AUT",46232,3553,"0","-","0","0","0"
1,"8Pa1wO",1,29,1998,3,"Albania","ALB","ALB",12,"Austria","AUS","AUT",101,"0","0","-","0","0","0"
1,"8Pa1wO",1,30,1999,3,"Albania","ALB","ALB",12,"Austria","AUS","AUT",111,"0","0","-","0","0","0"
1,"8Pa1wO",1,31,2000,3,"Albania","ALB","ALB",12,"Austria","AUS","AUT",120,"0","0","-","0","0","0"
1,"8Pa1wO",1,32,2001,3,"Albania","ALB","ALB",12,"Austria","AUS","AUT",134,"0","0","-","0","0","0"
1,"8Pa1wO",1,33,2002,3,"Albania","ALB","ALB",12,"Austria","AUS","AUT",134,"0","0","-","0","0","0"
1,"8Pa1wO",1,34,2003,3,"Albania","ALB","ALB",12,"Austria","AUS","AUT",149,"0","0","-","0","0","0"
1,"8Pa1wO",1,35,2004,3,"Albania","ALB","ALB",12,"Austria","AUS","AUT",155,"0","0","-","0","0","0"
1,"8Pa1wO",1,36,2005,3,"Albania","ALB","ALB",12,"Austria","AUS","AUT",158,"0","0","-","0","0","0"
1,"8Pa1wO",1,37,2006,3,"Albania","ALB","ALB",12,"Austria","AUS","AUT",172,284,"0","-","0","0","0"
1,"8Pa1wO",1,38,2007,3,"Albania","ALB","ALB",12,"Austria","AUS","AUT",168,276,"0","-","0","0","0"
1,"8Pa1wO",1,39,2008,3,"Albania","ALB","ALB",12,"Austria","AUS","AUT",179,273,"0","-","0","0","0"
1,"8Pa1wO",1,40,2009,3,"Albania","ALB","ALB",12,"Austria","AUS","AUT",178,267,"0","-","0","0","0"
1,"8Pa1wO",1,41,2010,3,"Albania","ALB","ALB",12,"Austria","AUS","AUT",180,174,"0","-","0","0","0"
1,"8Pa1wO",1,42,2011,3,"Albania","ALB","ALB",12,"Austria","AUS","AUT",169,108,"0","-","0","0","0"
1,"8Pa1wO",1,43,2012,3,"Albania","ALB","ALB",12,"Austria","AUS","AUT",150,87,"0","-","0","0","0"
1,"8Pa1wO",1,44,2013,3,"Albania","ALB","ALB",12,"Austria","AUS","AUT",125,118,"0","-","0","0","0"
1,"8Pa1wO",1,45,2014,3,"Albania","ALB","ALB",12,"Austria","AUS","AUT",118,"0","0","-","0","0","0"
1,"8Pa1wO",1,46,2015,3,"Albania","ALB","ALB",12,"Austria","AUS","AUT",106,134,"0","-","0","0","0"
1,"8Pa1wO",1,47,2016,3,"Albania","ALB","ALB",12,"Austria","AUS","AUT",93,100,"0","-","0","0","0"
1,"8Pa1wO",1,48,2017,3,"Albania","ALB","ALB",12,"Austria","AUS","AUT",88,51,"0","-","0","0","0"
1,"8Pa1wO",1,49,2018,3,"Albania","ALB","ALB",12,"Austria","AUS","AUT",81,48,"0","-","0","0","0"
1,"8Pa1wO",1,50,2019,3,"Albania","ALB","ALB",12,"Austria","AUS","AUT",72,45,"0","-","0","0","0"
1,"8Pa1wO",1,51,2020,3,"Albania","ALB","ALB",12,"Austria","AUS","AUT",60,23,"0","-","0","0","0"
1,"8Pa1wO",1,52,2021,3,"Albania","ALB","ALB",12,"Austria","AUS","AUT",52,23,"0","-","0","0","0"
1,"8Pa1wO",1,53,2022,3,"Albania","ALB","ALB",12,"Austria","AUS","AUT",49,24,"0","-","0","0","0"
1,"8Pa1wO",1,54,2023,3,"Albania","ALB","ALB",12,"Austria","AUS","AUT",28,21,"0","-","0","0","0"
1,"8Pa1wO",1,55,2024,3,"Albania","ALB","ALB",12,"Austria","AUS","AUT",28,15,"0","-","0","0","0"
1,"8Pa1wO",1,56,2025,3,"Albania","ALB","ALB",12,"Austria","AUS","AUT",25,19,"0","-","0","0","0"
1,"8Pa1wO",1,57,1998,4,"Algeria","ALG","DZA",12,"Austria","AUS","AUT",5,"0","0","-","0","0","0"
1,"8Pa1wO",1,58,1999,4,"Algeria","ALG","DZA",12,"Austria","AUS","AUT",5,"0","0","-","0","0","0"
1,"8Pa1wO",1,59,2000,4,"Algeria","ALG","DZA",12,"Austria","AUS","AUT",5,"0","0","-","0","0","0"
1,"8Pa1wO",1,60,2001,4,"Algeria","ALG","DZA",12,"Austria","AUS","AUT",6,"0","0","-","0","0","0"
1,"8Pa1wO",1,61,2002,4,"Algeria","ALG","DZA",12,"Austria","AUS","AUT",6,"0","0","-","0","0","0"
1,"8Pa1wO",1,62,2003,4,"Algeria","ALG","DZA",12,"Austria","AUS","AUT",7,"0","0","-","0","0","0"
1,"8Pa1wO",1,63,2004,4,"Algeria","ALG","DZA",12,"Austria","AUS","AUT",7,"0","0","-","0","0","0"
1,"8Pa1wO",1,64,2005,4,"Algeria","ALG","DZA",12,"Austria","AUS","AUT",10,"0","0","-","0","0","0"
1,"8Pa1wO",1,65,2006,4,"Algeria","ALG","DZA",12,"Austria","AUS","AUT",11,324,"0","-","0","0","0"
1,"8Pa1wO",1,66,2007,4,"Algeria","ALG","DZA",12,"Austria","AUS","AUT",22,273,"0","-","0","0","0"
1,"8Pa1wO",1,67,2008,4,"Algeria","ALG","DZA",12,"Austria","AUS","AUT",24,268,"0","-","0","0","0"
1,"8Pa1wO",1,68,2009,4,"Algeria","ALG","DZA",12,"Austria","AUS","AUT",28,258,"0","-","0","0","0"
1,"8Pa1wO",1,69,2010,4,"Algeria","ALG","DZA",12,"Austria","AUS","AUT",33,247,"0","-","0","0","0"
1,"8Pa1wO",1,70,2011,4,"Algeria","ALG","DZA",12,"Austria","AUS","AUT",41,259,"0","-","0","0","0"
1,"8Pa1wO",1,71,2012,4,"Algeria","ALG","DZA",12,"Austria","AUS","AUT",50,175,"0","-","0","0","0"
1,"8Pa1wO",1,72,2013,4,"Algeria","ALG","DZA",12,"Austria","AUS","AUT",51,318,"0","-","0","0","0"
1,"8Pa1wO",1,73,2014,4,"Algeria","ALG","DZA",12,"Austria","AUS","AUT",53,"0","0","-","0","0","0"
1,"8Pa1wO",1,74,2015,4,"Algeria","ALG","DZA",12,"Austria","AUS","AUT",52,609,"0","-","0","0","0"
1,"8Pa1wO",1,75,2016,4,"Algeria","ALG","DZA",12,"Austria","AUS","AUT",53,570,"0","-","0","0","0"
1,"8Pa1wO",1,76,2017,4,"Algeria","ALG","DZA",12,"Austria","AUS","AUT",43,248,"0","-","0","0","0"
1,"8Pa1wO",1,77,2018,4,"Algeria","ALG","DZA",12,"Austria","AUS","AUT",42,130,"0","-","0","0","0"
1,"8Pa1wO",1,78,2019,4,"Algeria","ALG","DZA",12,"Austria","AUS","AUT",37,117,"0","-","0","0","0"
1,"8Pa1wO",1,79,2020,4,"Algeria","ALG","DZA",12,"Austria","AUS","AUT",34,123,"0","-","0","0","0"
1,"8Pa1wO",1,80,2021,4,"Algeria","ALG","DZA",12,"Austria","AUS","AUT",28,173,"0","-","0","0","0"
1,"8Pa1wO",1,81,2022,4,"Algeria","ALG","DZA",12,"Austria","AUS","AUT",27,211,"0","-","0","0","0"
1,"8Pa1wO",1,82,2023,4,"Algeria","ALG","DZA",12,"Austria","AUS","AUT",22,88,"0","-","0","0","0"
1,"8Pa1wO",1,83,2024,4,"Algeria","ALG","DZA",12,"Austria","AUS","AUT",32,72,"0","-","0","0","0"
1,"8Pa1wO",1,84,2025,4,"Algeria","ALG","DZA",12,"Austria","AUS","AUT",31,54,"0","-","0","0","0"
1,"8Pa1wO",1,85,1998,6,"Angola","ANG","AGO",12,"Austria","AUS","AUT",15,"0","0","-","0","0","0"
1,"8Pa1wO",1,86,1999,6,"Angola","ANG","AGO",12,"Austria","AUS","AUT",16,"0","0","-","0","0","0"
1,"8Pa1wO",1,87,2000,6,"Angola","ANG","AGO",12,"Austria","AUS","AUT",17,"0","0","-","0","0","0"
1,"8Pa1wO",1,88,2001,6,"Angola","ANG","AGO",12,"Austria","AUS","AUT",23,"0","0","-","0","0","0"
1,"8Pa1wO",1,89,2002,6,"Angola","ANG","AGO",12,"Austria","AUS","AUT",33,"0","0","-","0","0","0"
1,"8Pa1wO",1,90,2003,6,"Angola","ANG","AGO",12,"Austria","AUS","AUT",54,"0","0","-","0","0","0"
1,"8Pa1wO",1,91,2004,6,"Angola","ANG","AGO",12,"Austria","AUS","AUT",79,"0","0","-","0","0","0"
1,"8Pa1wO",1,92,2005,6,"Angola","ANG","AGO",12,"Austria","AUS","AUT",94,"0","0","-","0","0","0"
1,"8Pa1wO",1,93,2006,6,"Angola","ANG","AGO",12,"Austria","AUS","AUT",112,66,"0","-","0","0","0"
1,"8Pa1wO",1,94,2007,6,"Angola","ANG","AGO",12,"Austria","AUS","AUT",131,41,"0","-","0","0","0"
1,"8Pa1wO",1,95,2008,6,"Angola","ANG","AGO",12,"Austria","AUS","AUT",144,46,"0","-","0","0","0"
1,"8Pa1wO",1,96,2009,6,"Angola","ANG","AGO",12,"Austria","AUS","AUT",158,37,"0","-","0","0","0"
1,"8Pa1wO",1,97,2010,6,"Angola","ANG","AGO",12,"Austria","AUS","AUT",173,25,"0","-","0","0","0"
1,"8Pa1wO",1,98,2011,6,"Angola","ANG","AGO",12,"Austria","AUS","AUT",179,28,"0","-","0","0","0"
1,"8Pa1wO",1,99,2012,6,"Angola","ANG","AGO",12,"Austria","AUS","AUT",173,22,"0","-","0","0","0"
1,"8Pa1wO",1,100,2013,6,"Angola","ANG","AGO",12,"Austria","AUS","AUT",157,15,"0","-","0","0","0"
1,"8Pa1wO",1,101,2014,6,"Angola","ANG","AGO",12,"Austria","AUS","AUT",133,"0","0","-","0","0","0"
1,"8Pa1wO",1,102,2015,6,"Angola","ANG","AGO",12,"Austria","AUS","AUT",121,10,"0","-","0","0","0"
1,"8Pa1wO",1,103,2016,6,"Angola","ANG","AGO",12,"Austria","AUS","AUT",105,9,"0","-","0","0","0"
1,"8Pa1wO",1,104,2017,6,"Angola","ANG","AGO",12,"Austria","AUS","AUT",82,13,"0","-","0","0","0"
1,"8Pa1wO",1,105,2018,6,"Angola","ANG","AGO",12,"Austria","AUS","AUT",77,15,"0","-","0","0","0"
1,"8Pa1wO",1,106,2019,6,"Angola","ANG","AGO",12,"Austria","AUS","AUT",65,10,"0","-","0","0","0"
1,"8Pa1wO",1,107,2020,6,"Angola","ANG","AGO",12,"Austria","AUS","AUT",51,5,"0","-","0","0","0"
1,"8Pa1wO",1,108,2021,6,"Angola","ANG","AGO",12,"Austria","AUS","AUT",36,7,"0","-","0","0","0"
1,"8Pa1wO",1,109,2022,6,"Angola","ANG","AGO",12,"Austria","AUS","AUT",36,7,"0","-","0","0","0"
1,"8Pa1wO",1,110,2023,6,"Angola","ANG","AGO",12,"Austria","AUS","AUT",27,6,"0","-","0","0","0"
1,"8Pa1wO",1,111,2024,6,"Angola","ANG","AGO",12,"Austria","AUS","AUT",28,8,"0","-","0","0","0"
1,"8Pa1wO",1,112,2025,6,"Angola","ANG","AGO",12,"Austria","AUS","AUT",24,27,"0","-","0","0","0"
1,"8Pa1wO",1,113,1998,8,"Egypt","ARE","EGY",12,"Austria","AUS","AUT",18,"0","0","-","0","0","0"
1,"8Pa1wO",1,114,1999,8,"Egypt","ARE","EGY",12,"Austria","AUS","AUT",21,"0","0","-","0","0","0"
1,"8Pa1wO",1,115,2000,8,"Egypt","ARE","EGY",12,"Austria","AUS","AUT",23,"0","0","-","0","0","0"
1,"8Pa1wO",1,116,2001,8,"Egypt","ARE","EGY",12,"Austria","AUS","AUT",21,"0","0","-","0","0","0"
1,"8Pa1wO",1,117,2002,8,"Egypt","ARE","EGY",12,"Austria","AUS","AUT",19,"0","0","-","0","0","0"
1,"8Pa1wO",1,118,2003,8,"Egypt","ARE","EGY",12,"Austria","AUS","AUT",21,"0","0","-","0","0","0"
1,"8Pa1wO",1,119,2004,8,"Egypt","ARE","EGY",12,"Austria","AUS","AUT",29,"0","0","-","0","0","0"
1,"8Pa1wO",1,120,2005,8,"Egypt","ARE","EGY",12,"Austria","AUS","AUT",31,"0","0","-","0","0","0"
1,"8Pa1wO",1,121,2006,8,"Egypt","ARE","EGY",12,"Austria","AUS","AUT",30,83,"0","-","0","0","0"
1,"8Pa1wO",1,122,2007,8,"Egypt","ARE","EGY",12,"Austria","AUS","AUT",33,88,"0","-","0","0","0"
1,"8Pa1wO",1,123,2008,8,"Egypt","ARE","EGY",12,"Austria","AUS","AUT",32,91,"0","-","0","0","0"
1,"8Pa1wO",1,124,2009,8,"Egypt","ARE","EGY",12,"Austria","AUS","AUT",36,114,"0","-","0","0","0"
1,"8Pa1wO",1,125,2010,8,"Egypt","ARE","EGY",12,"Austria","AUS","AUT",40,129,"0","-","0","0","0"
1,"8Pa1wO",1,126,2011,8,"Egypt","ARE","EGY",12,"Austria","AUS","AUT",59,174,"0","-","0","0","0"
1,"8Pa1wO",1,127,2012,8,"Egypt","ARE","EGY",12,"Austria","AUS","AUT",82,192,"0","-","0","0","0"
1,"8Pa1wO",1,128,2013,8,"Egypt","ARE","EGY",12,"Austria","AUS","AUT",96,247,"0","-","0","0","0"
1,"8Pa1wO",1,129,2014,8,"Egypt","ARE","EGY",12,"Austria","AUS","AUT",124,"0","0","-","0","0","0"
1,"8Pa1wO",1,130,2015,8,"Egypt","ARE","EGY",12,"Austria","AUS","AUT",137,275,"0","-","0","0","0"
1,"8Pa1wO",1,131,2016,8,"Egypt","ARE","EGY",12,"Austria","AUS","AUT",168,316,"0","-","0","0","0"
1,"8Pa1wO",1,132,2017,8,"Egypt","ARE","EGY",12,"Austria","AUS","AUT",185,257,"0","-","0","0","0"
1,"8Pa1wO",1,133,2018,8,"Egypt","ARE","EGY",12,"Austria","AUS","AUT",208,212,"0","-","0","0","0"
1,"8Pa1wO",1,134,2019,8,"Egypt","ARE","EGY",12,"Austria","AUS","AUT",220,151,"0","-","0","0","0"
1,"8Pa1wO",1,135,2020,8,"Egypt","ARE","EGY",12,"Austria","AUS","AUT",231,141,"0","-","0","0","0"
1,"8Pa1wO",1,136,2021,8,"Egypt","ARE","EGY",12,"Austria","AUS","AUT",217,387,"0","-","0","0","0"
1,"8Pa1wO",1,137,2022,8,"Egypt","ARE","EGY",12,"Austria","AUS","AUT",221,379,"0","-","0","0","0"
1,"8Pa1wO",1,138,2023,8,"Egypt","ARE","EGY",12,"Austria","AUS","AUT",182,267,"0","-","0","0","0"
1,"8Pa1wO",1,139,2024,8,"Egypt","ARE","EGY",12,"Austria","AUS","AUT",222,190,"0","-","0","0","0"
1,"8Pa1wO",1,140,2025,8,"Egypt","ARE","EGY",12,"Austria","AUS","AUT",232,157,"0","-","0","0","0"
1,"8Pa1wO",1,141,2000,10,"Armenia","ARM","ARM",12,"Austria","AUS","AUT",22,"0","0","-","0","0","0"
1,"8Pa1wO",1,142,2001,10,"Armenia","ARM","ARM",12,"Austria","AUS","AUT",28,"0","0","-","0","0","0"
1,"8Pa1wO",1,143,2002,10,"Armenia","ARM","ARM",12,"Austria","AUS","AUT",38,"0","0","-","0","0","0"
1,"8Pa1wO",1,144,2003,10,"Armenia","ARM","ARM",12,"Austria","AUS","AUT",64,"0","0","-","0","0","0"
1,"8Pa1wO",1,145,2004,10,"Armenia","ARM","ARM",12,"Austria","AUS","AUT",111,"0","0","-","0","0","0"
1,"8Pa1wO",1,146,2005,10,"Armenia","ARM","ARM",12,"Austria","AUS","AUT",174,"0","0","-","0","0","0"
1,"8Pa1wO",1,147,2006,10,"Armenia","ARM","ARM",12,"Austria","AUS","AUT",309,1754,"0","-","0","0","0"
1,"8Pa1wO",1,148,2007,10,"Armenia","ARM","ARM",12,"Austria","AUS","AUT",468,1714,"0","-","0","0","0"
1,"8Pa1wO",1,149,2008,10,"Armenia","ARM","ARM",12,"Austria","AUS","AUT",715,1502,"0","-","0","0","0"
1,"8Pa1wO",1,150,2009,10,"Armenia","ARM","ARM",12,"Austria","AUS","AUT",797,1343,"0","-","0","0","0"
1,"8Pa1wO",1,151,2010,10,"Armenia","ARM","ARM",12,"Austria","AUS","AUT",855,881,"0","-","0","0","0"
1,"8Pa1wO",1,152,2011,10,"Armenia","ARM","ARM",12,"Austria","AUS","AUT",930,431,"0","-","0","0","0"
1,"8Pa1wO",1,153,2012,10,"Armenia","ARM","ARM",12,"Austria","AUS","AUT",974,493,"0","-","0","0","0"
1,"8Pa1wO",1,154,2013,10,"Armenia","ARM","ARM",12,"Austria","AUS","AUT",998,471,"0","-","0","0","0"
1,"8Pa1wO",1,155,2014,10,"Armenia","ARM","ARM",12,"Austria","AUS","AUT",996,"0","0","-","0","0","0"
1,"8Pa1wO",1,156,2015,10,"Armenia","ARM","ARM",12,"Austria","AUS","AUT",957,657,"0","-","0","0","0"
1,"8Pa1wO",1,157,2016,10,"Armenia","ARM","ARM",12,"Austria","AUS","AUT",856,782,"0","-","0","0","0"
1,"8Pa1wO",1,158,2017,10,"Armenia","ARM","ARM",12,"Austria","AUS","AUT",692,673,"0","-","0","0","0"
1,"8Pa1wO",1,159,2018,10,"Armenia","ARM","ARM",12,"Austria","AUS","AUT",509,462,"0","-","0","0","0"
1,"8Pa1wO",1,160,2019,10,"Armenia","ARM","ARM",12,"Austria","AUS","AUT",442,358,"0","-","0","0","0"
1,"8Pa1wO",1,161,2020,10,"Armenia","ARM","ARM",12,"Austria","AUS","AUT",377,238,"0","-","0","0","0"
1,"8Pa1wO",1,162,2021,10,"Armenia","ARM","ARM",12,"Austria","AUS","AUT",307,154,"0","-","0","0","0"
1,"8Pa1wO",1,163,2022,10,"Armenia","ARM","ARM",12,"Austria","AUS","AUT",295,100,"0","-","0","0","0"
1,"8Pa1wO",1,164,2023,10,"Armenia","ARM","ARM",12,"Austria","AUS","AUT",183,108,"0","-","0","0","0"
1,"8Pa1wO",1,165,2024,10,"Armenia","ARM","ARM",12,"Austria","AUS","AUT",279,159,"0","-","0","0","0"
1,"8Pa1wO",1,166,2025,10,"Armenia","ARM","ARM",12,"Austria","AUS","AUT",256,125,"0","-","0","0","0"
1,"8Pa1wO",1,167,1998,13,"Azerbaijan","AZE","AZE",12,"Austria","AUS","AUT",5,"0","0","-","0","0","0"
1,"8Pa1wO",1,168,1999,13,"Azerbaijan","AZE","AZE",12,"Austria","AUS","AUT",5,"0","0","-","0","0","0"
1,"8Pa1wO",1,169,2000,13,"Azerbaijan","AZE","AZE",12,"Austria","AUS","AUT",17,"0","0","-","0","0","0"
1,"8Pa1wO",1,170,2001,13,"Azerbaijan","AZE","AZE",12,"Austria","AUS","AUT",22,"0","0","-","0","0","0"
1,"8Pa1wO",1,171,2002,13,"Azerbaijan","AZE","AZE",12,"Austria","AUS","AUT",29,"0","0","-","0","0","0"
1,"8Pa1wO",1,172,2003,13,"Azerbaijan","AZE","AZE",12,"Austria","AUS","AUT",42,"0","0","-","0","0","0"
1,"8Pa1wO",1,173,2004,13,"Azerbaijan","AZE","AZE",12,"Austria","AUS","AUT",68,"0","0","-","0","0","0"
1,"8Pa1wO",1,174,2005,13,"Azerbaijan","AZE","AZE",12,"Austria","AUS","AUT",95,"0","0","-","0","0","0"
1,"8Pa1wO",1,175,2006,13,"Azerbaijan","AZE","AZE",12,"Austria","AUS","AUT",135,357,"0","-","0","0","0"
1,"8Pa1wO",1,176,2007,13,"Azerbaijan","AZE","AZE",12,"Austria","AUS","AUT",208,322,"0","-","0","0","0"
1,"8Pa1wO",1,177,2008,13,"Azerbaijan","AZE","AZE",12,"Austria","AUS","AUT",290,324,"0","-","0","0","0"
1,"8Pa1wO",1,178,2009,13,"Azerbaijan","AZE","AZE",12,"Austria","AUS","AUT",320,299,"0","-","0","0","0"
1,"8Pa1wO",1,179,2010,13,"Azerbaijan","AZE","AZE",12,"Austria","AUS","AUT",381,196,"0","-","0","0","0"
1,"8Pa1wO",1,180,2011,13,"Azerbaijan","AZE","AZE",12,"Austria","AUS","AUT",407,148,"0","-","0","0","0"
1,"8Pa1wO",1,181,2012,13,"Azerbaijan","AZE","AZE",12,"Austria","AUS","AUT",418,162,"0","-","0","0","0"
1,"8Pa1wO",1,182,2013,13,"Azerbaijan","AZE","AZE",12,"Austria","AUS","AUT",425,132,"0","-","0","0","0"
1,"8Pa1wO",1,183,2014,13,"Azerbaijan","AZE","AZE",12,"Austria","AUS","AUT",419,"0","0","-","0","0","0"
1,"8Pa1wO",1,184,2015,13,"Azerbaijan","AZE","AZE",12,"Austria","AUS","AUT",405,165,"0","-","0","0","0"
1,"8Pa1wO",1,185,2016,13,"Azerbaijan","AZE","AZE",12,"Austria","AUS","AUT",387,165,"0","-","0","0","0"
1,"8Pa1wO",1,186,2017,13,"Azerbaijan","AZE","AZE",12,"Austria","AUS","AUT",323,214,"0","-","0","0","0"
1,"8Pa1wO",1,187,2018,13,"Azerbaijan","AZE","AZE",12,"Austria","AUS","AUT",265,176,"0","-","0","0","0"
1,"8Pa1wO",1,188,2019,13,"Azerbaijan","AZE","AZE",12,"Austria","AUS","AUT",240,179,"0","-","0","0","0"
1,"8Pa1wO",1,189,2020,13,"Azerbaijan","AZE","AZE",12,"Austria","AUS","AUT",170,165,"0","-","0","0","0"
1,"8Pa1wO",1,190,2021,13,"Azerbaijan","AZE","AZE",12,"Austria","AUS","AUT",150,107,"0","-","0","0","0"
1,"8Pa1wO",1,191,2022,13,"Azerbaijan","AZE","AZE",12,"Austria","AUS","AUT",151,65,"0","-","0","0","0"
1,"8Pa1wO",1,192,2023,13,"Azerbaijan","AZE","AZE",12,"Austria","AUS","AUT",103,59,"0","-","0","0","0"
1,"8Pa1wO",1,193,2024,13,"Azerbaijan","AZE","AZE",12,"Austria","AUS","AUT",158,33,"0","-","0","0","0"
1,"8Pa1wO",1,194,2025,13,"Azerbaijan","AZE","AZE",12,"Austria","AUS","AUT",150,30,"0","-","0","0","0"
1,"8Pa1wO",1,195,2000,16,"Burundi","BDI","BDI",12,"Austria","AUS","AUT",5,"0","0","-","0","0","0"
1,"8Pa1wO",1,196,2001,16,"Burundi","BDI","BDI",12,"Austria","AUS","AUT",7,"0","0","-","0","0","0"
1,"8Pa1wO",1,197,2002,16,"Burundi","BDI","BDI",12,"Austria","AUS","AUT",7,"0","0","-","0","0","0"
1,"8Pa1wO",1,198,2003,16,"Burundi","BDI","BDI",12,"Austria","AUS","AUT",8,"0","0","-","0","0","0"
1,"8Pa1wO",1,199,2004,16,"Burundi","BDI","BDI",12,"Austria","AUS","AUT",13,"0","0","-","0","0","0"
1,"8Pa1wO",1,200,2005,16,"Burundi","BDI","BDI",12,"Austria","AUS","AUT",11,"0","0","-","0","0","0"
1,"8Pa1wO",1,201,2006,16,"Burundi","BDI","BDI",12,"Austria","AUS","AUT",13,20,"0","-","0","0","0"
1,"8Pa1wO",1,202,2007,16,"Burundi","BDI","BDI",12,"Austria","AUS","AUT",15,17,"0","-","0","0","0"
1,"8Pa1wO",1,203,2008,16,"Burundi","BDI","BDI",12,"Austria","AUS","AUT",20,14,"0","-","0","0","0"
1,"8Pa1wO",1,204,2009,16,"Burundi","BDI","BDI",12,"Austria","AUS","AUT",24,10,"0","-","0","0","0"
1,"8Pa1wO",1,205,2010,16,"Burundi","BDI","BDI",12,"Austria","AUS","AUT",24,5,"0","-","0","0","0"
1,"8Pa1wO",1,206,2011,16,"Burundi","BDI","BDI",12,"Austria","AUS","AUT",21,"0","0","-","0","0","0"
1,"8Pa1wO",1,207,2012,16,"Burundi","BDI","BDI",12,"Austria","AUS","AUT",21,5,"0","-","0","0","0"
1,"8Pa1wO",1,208,2013,16,"Burundi","BDI","BDI",12,"Austria","AUS","AUT",21,5,"0","-","0","0","0"
1,"8Pa1wO",1,209,2014,16,"Burundi","BDI","BDI",12,"Austria","AUS","AUT",16,"0","0","-","0","0","0"
1,"8Pa1wO",1,210,2015,16,"Burundi","BDI","BDI",12,"Austria","AUS","AUT",19,5,"0","-","0","0","0"
1,"8Pa1wO",1,211,2016,16,"Burundi","BDI","BDI",12,"Austria","AUS","AUT",17,5,"0","-","0","0","0"
1,"8Pa1wO",1,212,2017,16,"Burundi","BDI","BDI",12,"Austria","AUS","AUT",16,7,"0","-","0","0","0"
1,"8Pa1wO",1,213,2018,16,"Burundi","BDI","BDI",12,"Austria","AUS","AUT",18,"0","0","-","0","0","0"
1,"8Pa1wO",1,214,2019,16,"Burundi","BDI","BDI",12,"Austria","AUS","AUT",16,"0","0","-","0","0","0"
1,"8Pa1wO",1,215,2020,16,"Burundi","BDI","BDI",12,"Austria","AUS","AUT",14,"0","0","-","0","0","0"
1,"8Pa1wO",1,216,2021,16,"Burundi","BDI","BDI",12,"Austria","AUS","AUT",15,"0","0","-","0","0","0"
1,"8Pa1wO",1,217,2022,16,"Burundi","BDI","BDI",12,"Austria","AUS","AUT",18,61,"0","-","0","0","0"
1,"8Pa1wO",1,218,2023,16,"Burundi","BDI","BDI",12,"Austria","AUS","AUT",25,26,"0","-","0","0","0"
1,"8Pa1wO",1,219,2024,16,"Burundi","BDI","BDI",12,"Austria","AUS","AUT",32,17,"0","-","0","0","0"
1,"8Pa1wO",1,220,2025,16,"Burundi","BDI","BDI",12,"Austria","AUS","AUT",33,12,"0","-","0","0","0"
1,"8Pa1wO",1,221,2006,18,"Benin","BEN","BEN",12,"Austria","AUS","AUT",5,18,"0","-","0","0","0"
1,"8Pa1wO",1,222,2007,18,"Benin","BEN","BEN",12,"Austria","AUS","AUT",5,12,"0","-","0","0","0"
1,"8Pa1wO",1,223,2008,18,"Benin","BEN","BEN",12,"Austria","AUS","AUT",5,13,"0","-","0","0","0"
1,"8Pa1wO",1,224,2009,18,"Benin","BEN","BEN",12,"Austria","AUS","AUT",5,16,"0","-","0","0","0"
1,"8Pa1wO",1,225,2010,18,"Benin","BEN","BEN",12,"Austria","AUS","AUT",5,15,"0","-","0","0","0"
1,"8Pa1wO",1,226,2011,18,"Benin","BEN","BEN",12,"Austria","AUS","AUT",5,8,"0","-","0","0","0"
1,"8Pa1wO",1,227,2012,18,"Benin","BEN","BEN",12,"Austria","AUS","AUT",5,7,"0","-","0","0","0"
1,"8Pa1wO",1,228,2013,18,"Benin","BEN","BEN",12,"Austria","AUS","AUT",5,10,"0","-","0","0","0"
1,"8Pa1wO",1,229,2014,18,"Benin","BEN","BEN",12,"Austria","AUS","AUT",5,"0","0","-","0","0","0"
1,"8Pa1wO",1,230,2015,18,"Benin","BEN","BEN",12,"Austria","AUS","AUT",5,38,"0","-","0","0","0"
1,"8Pa1wO",1,231,2016,18,"Benin","BEN","BEN",12,"Austria","AUS","AUT","0",38,"0","-","0","0","0"
1,"8Pa1wO",1,232,2017,18,"Benin","BEN","BEN",12,"Austria","AUS","AUT","0",45,"0","-","0","0","0"
1,"8Pa1wO",1,233,2018,18,"Benin","BEN","BEN",12,"Austria","AUS","AUT",5,34,"0","-","0","0","0"
1,"8Pa1wO",1,234,2019,18,"Benin","BEN","BEN",12,"Austria","AUS","AUT",5,28,"0","-","0","0","0"
1,"8Pa1wO",1,235,2020,18,"Benin","BEN","BEN",12,"Austria","AUS","AUT",5,24,"0","-","0","0","0"
1,"8Pa1wO",1,236,2021,18,"Benin","BEN","BEN",12,"Austria","AUS","AUT",5,15,"0","-","0","0","0"
1,"8Pa1wO",1,237,2022,18,"Benin","BEN","BEN",12,"Austria","AUS","AUT",5,6,"0","-","0","0","0"
1,"8Pa1wO",1,238,2023,18,"Benin","BEN","BEN",12,"Austria","AUS","AUT",5,27,"0","-","0","0","0"
1,"8Pa1wO",1,239,2024,18,"Benin","BEN","BEN",12,"Austria","AUS","AUT",8,21,"0","-","0","0","0"
1,"8Pa1wO",1,240,2025,18,"Benin","BEN","BEN",12,"Austria","AUS","AUT",9,19,"0","-","0","0","0"
1,"8Pa1wO",1,241,1998,20,"Bangladesh","BGD","BGD",12,"Austria","AUS","AUT",9,"0","0","-","0","0","0"
1,"8Pa1wO",1,242,1999,20,"Bangladesh","BGD","BGD",12,"Austria","AUS","AUT",8,"0","0","-","0","0","0"
1,"8Pa1wO",1,243,2000,20,"Bangladesh","BGD","BGD",12,"Austria","AUS","AUT",8,"0","0","-","0","0","0"
1,"8Pa1wO",1,244,2004,20,"Bangladesh","BGD","BGD",12,"Austria","AUS","AUT",5,"0","0","-","0","0","0"
1,"8Pa1wO",1,245,2006,20,"Bangladesh","BGD","BGD",12,"Austria","AUS","AUT",9,344,"0","-","0","0","0"
1,"8Pa1wO",1,246,2007,20,"Bangladesh","BGD","BGD",12,"Austria","AUS","AUT",9,317,"0","-","0","0","0"
1,"8Pa1wO",1,247,2008,20,"Bangladesh","BGD","BGD",12,"Austria","AUS","AUT",26,299,"0","-","0","0","0"
1,"8Pa1wO",1,248,2009,20,"Bangladesh","BGD","BGD",12,"Austria","AUS","AUT",44,321,"0","-","0","0","0"
1,"8Pa1wO",1,249,2010,20,"Bangladesh","BGD","BGD",12,"Austria","AUS","AUT",64,355,"0","-","0","0","0"
1,"8Pa1wO",1,250,2011,20,"Bangladesh","BGD","BGD",12,"Austria","AUS","AUT",82,322,"0","-","0","0","0"
1,"8Pa1wO",1,251,2012,20,"Bangladesh","BGD","BGD",12,"Austria","AUS","AUT",93,378,"0","-","0","0","0"
1,"8Pa1wO",1,252,2013,20,"Bangladesh","BGD","BGD",12,"Austria","AUS","AUT",126,429,"0","-","0","0","0"
1,"8Pa1wO",1,253,2014,20,"Bangladesh","BGD","BGD",12,"Austria","AUS","AUT",141,"0","0","-","0","0","0"
1,"8Pa1wO",1,254,2015,20,"Bangladesh","BGD","BGD",12,"Austria","AUS","AUT",201,551,"0","-","0","0","0"
1,"8Pa1wO",1,255,2016,20,"Bangladesh","BGD","BGD",12,"Austria","AUS","AUT",239,543,"0","-","0","0","0"
1,"8Pa1wO",1,256,2017,20,"Bangladesh","BGD","BGD",12,"Austria","AUS","AUT",276,445,"0","-","0","0","0"
1,"8Pa1wO",1,257,2018,20,"Bangladesh","BGD","BGD",12,"Austria","AUS","AUT",308,393,"0","-","0","0","0"
1,"8Pa1wO",1,258,2019,20,"Bangladesh","BGD","BGD",12,"Austria","AUS","AUT",325,339,"0","-","0","0","0"
1,"8Pa1wO",1,259,2020,20,"Bangladesh","BGD","BGD",12,"Austria","AUS","AUT",334,207,"0","-","0","0","0"
1,"8Pa1wO",1,260,2021,20,"Bangladesh","BGD","BGD",12,"Austria","AUS","AUT",360,250,"0","-","0","0","0"
1,"8Pa1wO",1,261,2022,20,"Bangladesh","BGD","BGD",12,"Austria","AUS","AUT",382,453,"0","-","0","0","0"
1,"8Pa1wO",1,262,2023,20,"Bangladesh","BGD","BGD",12,"Austria","AUS","AUT",352,251,"0","-","0","0","0"
1,"8Pa1wO",1,263,2024,20,"Bangladesh","BGD","BGD",12,"Austria","AUS","AUT",366,149,"0","-","0","0","0"
1,"8Pa1wO",1,264,2025,20,"Bangladesh","BGD","BGD",12,"Austria","AUS","AUT",348,136,"0","-","0","0","0"
1,"8Pa1wO",1,265,2016,22,"Bhutan","BHU","BTN",12,"Austria","AUS","AUT",5,"0","0","-","0","0","0"
1,"8Pa1wO",1,266,2017,22,"Bhutan","BHU","BTN",12,"Austria","AUS","AUT",5,"0","0","-","0","0","0"
1,"8Pa1wO",1,267,2018,22,"Bhutan","BHU","BTN",12,"Austria","AUS","AUT",5,"0","0","-","0","0","0"
1,"8Pa1wO",1,268,2019,22,"Bhutan","BHU","BTN",12,"Austria","AUS","AUT",5,"0","0","-","0","0","0"
1,"8Pa1wO",1,269,2006,23,"Burkina Faso","BKF","BFA",12,"Austria","AUS","AUT",5,15,"0","-","0","0","0"
1,"8Pa1wO",1,270,2007,23,"Burkina Faso","BKF","BFA",12,"Austria","AUS","AUT",5,13,"0","-","0","0","0"
1,"8Pa1wO",1,271,2008,23,"Burkina Faso","BKF","BFA",12,"Austria","AUS","AUT",5,9,"0","-","0","0","0"
1,"8Pa1wO",1,272,2009,23,"Burkina Faso","BKF","BFA",12,"Austria","AUS","AUT",5,12,"0","-","0","0","0"
1,"8Pa1wO",1,273,2010,23,"Burkina Faso","BKF","BFA",12,"Austria","AUS","AUT",7,8,"0","-","0","0","0"
1,"8Pa1wO",1,274,2011,23,"Burkina Faso","BKF","BFA",12,"Austria","AUS","AUT",10,5,"0","-","0","0","0"
1,"8Pa1wO",1,275,2012,23,"Burkina Faso","BKF","BFA",12,"Austria","AUS","AUT",10,9,"0","-","0","0","0"
1,"8Pa1wO",1,276,2013,23,"Burkina Faso","BKF","BFA",12,"Austria","AUS","AUT",11,8,"0","-","0","0","0"
1,"8Pa1wO",1,277,2014,23,"Burkina Faso","BKF","BFA",12,"Austria","AUS","AUT",11,"0","0","-","0","0","0"
1,"8Pa1wO",1,278,2015,23,"Burkina Faso","BKF","BFA",12,"Austria","AUS","AUT",12,14,"0","-","0","0","0"
1,"8Pa1wO",1,279,2016,23,"Burkina Faso","BKF","BFA",12,"Austria","AUS","AUT",10,6,"0","-","0","0","0"
1,"8Pa1wO",1,280,2017,23,"Burkina Faso","BKF","BFA",12,"Austria","AUS","AUT",9,5,"0","-","0","0","0"
1,"8Pa1wO",1,281,2018,23,"Burkina Faso","BKF","BFA",12,"Austria","AUS","AUT",9,"0","0","-","0","0","0"
1,"8Pa1wO",1,282,2019,23,"Burkina Faso","BKF","BFA",12,"Austria","AUS","AUT",9,5,"0","-","0","0","0"
1,"8Pa1wO",1,283,2020,23,"Burkina Faso","BKF","BFA",12,"Austria","AUS","AUT",7,5,"0","-","0","0","0"
1,"8Pa1wO",1,284,2021,23,"Burkina Faso","BKF","BFA",12,"Austria","AUS","AUT",5,7,"0","-","0","0","0"
1,"8Pa1wO",1,285,2022,23,"Burkina Faso","BKF","BFA",12,"Austria","AUS","AUT",5,8,"0","-","0","0","0"
1,"8Pa1wO",1,286,2023,23,"Burkina Faso","BKF","BFA",12,"Austria","AUS","AUT",10,5,"0","-","0","0","0"
1,"8Pa1wO",1,287,2024,23,"Burkina Faso","BKF","BFA",12,"Austria","AUS","AUT",11,"0","0","-","0","0","0"
1,"8Pa1wO",1,288,2025,23,"Burkina Faso","BKF","BFA",12,"Austria","AUS","AUT",12,"0","0","-","0","0","0"
1,"8Pa1wO",1,289,2002,24,"Belarus","BLR","BLR",12,"Austria","AUS","AUT",5,"0","0","-","0","0","0"
1,"8Pa1wO",1,290,2003,24,"Belarus","BLR","BLR",12,"Austria","AUS","AUT",5,"0","0","-","0","0","0"
1,"8Pa1wO",1,291,2004,24,"Belarus","BLR","BLR",12,"Austria","AUS","AUT",8,"0","0","-","0","0","0"
1,"8Pa1wO",1,292,2005,24,"Belarus","BLR","BLR",12,"Austria","AUS","AUT",17,"0","0","-","0","0","0"
1,"8Pa1wO",1,293,2006,24,"Belarus","BLR","BLR",12,"Austria","AUS","AUT",24,269,"0","-","0","0","0"
1,"8Pa1wO",1,294,2007,24,"Belarus","BLR","BLR",12,"Austria","AUS","AUT",43,216,"0","-","0","0","0"
1,"8Pa1wO",1,295,2008,24,"Belarus","BLR","BLR",12,"Austria","AUS","AUT",59,188,"0","-","0","0","0"
1,"8Pa1wO",1,296,2009,24,"Belarus","BLR","BLR",12,"Austria","AUS","AUT",81,143,"0","-","0","0","0"
1,"8Pa1wO",1,297,2010,24,"Belarus","BLR","BLR",12,"Austria","AUS","AUT",96,75,"0","-","0","0","0"
1,"8Pa1wO",1,298,2011,24,"Belarus","BLR","BLR",12,"Austria","AUS","AUT",100,51,"0","-","0","0","0"
1,"8Pa1wO",1,299,2012,24,"Belarus","BLR","BLR",12,"Austria","AUS","AUT",106,34,"0","-","0","0","0"
1,"8Pa1wO",1,300,2013,24,"Belarus","BLR","BLR",12,"Austria","AUS","AUT",111,28,"0","-","0","0","0"
1,"8Pa1wO",1,301,2014,24,"Belarus","BLR","BLR",12,"Austria","AUS","AUT",109,"0","0","-","0","0","0"
1,"8Pa1wO",1,302,2015,24,"Belarus","BLR","BLR",12,"Austria","AUS","AUT",102,49,"0","-","0","0","0"
1,"8Pa1wO",1,303,2016,24,"Belarus","BLR","BLR",12,"Austria","AUS","AUT",98,55,"0","-","0","0","0"
1,"8Pa1wO",1,304,2017,24,"Belarus","BLR","BLR",12,"Austria","AUS","AUT",82,49,"0","-","0","0","0"
1,"8Pa1wO",1,305,2018,24,"Belarus","BLR","BLR",12,"Austria","AUS","AUT",70,27,"0","-","0","0","0"
1,"8Pa1wO",1,306,2019,24,"Belarus","BLR","BLR",12,"Austria","AUS","AUT",49,20,"0","-","0","0","0"
1,"8Pa1wO",1,307,2020,24,"Belarus","BLR","BLR",12,"Austria","AUS","AUT",35,16,"0","-","0","0","0"
1,"8Pa1wO",1,308,2021,24,"Belarus","BLR","BLR",12,"Austria","AUS","AUT",31,20,"0","-","0","0","0"
1,"8Pa1wO",1,309,2022,24,"Belarus","BLR","BLR",12,"Austria","AUS","AUT",37,28,"0","-","0","0","0"
1,"8Pa1wO",1,310,2023,24,"Belarus","BLR","BLR",12,"Austria","AUS","AUT",33,20,"0","-","0","0","0"
1,"8Pa1wO",1,311,2024,24,"Belarus","BLR","BLR",12,"Austria","AUS","AUT",79,17,"0","-","0","0","0"
1,"8Pa1wO",1,312,2025,24,"Belarus","BLR","BLR",12,"Austria","AUS","AUT",85,12,"0","-","0","0","0"
1,"8Pa1wO",1,313,2003,25,"Bolivia (Plurinational State of)","BOL","BOL",12,"Austria","AUS","AUT",6,"0","0","-","0","0","0"
1,"8Pa1wO",1,314,2004,25,"Bolivia (Plurinational State of)","BOL","BOL",12,"Austria","AUS","AUT",6,"0","0","-","0","0","0"
1,"8Pa1wO",1,315,2005,25,"Bolivia (Plurinational State of)","BOL","BOL",12,"Austria","AUS","AUT",6,"0","0","-","0","0","0"
1,"8Pa1wO",1,316,2006,25,"Bolivia (Plurinational State of)","BOL","BOL",12,"Austria","AUS","AUT",6,20,"0","-","0","0","0"
1,"8Pa1wO",1,317,2007,25,"Bolivia (Plurinational State of)","BOL","BOL",12,"Austria","AUS","AUT",6,21,"0","-","0","0","0"
1,"8Pa1wO",1,318,2008,25,"Bolivia (Plurinational State of)","BOL","BOL",12,"Austria","AUS","AUT",6,13,"0","-","0","0","0"
1,"8Pa1wO",1,319,2009,25,"Bolivia (Plurinational State of)","BOL","BOL",12,"Austria","AUS","AUT",6,16,"0","-","0","0","0"
1,"8Pa1wO",1,320,2010,25,"Bolivia (Plurinational State of)","BOL","BOL",12,"Austria","AUS","AUT",15,16,"0","-","0","0","0"
1,"8Pa1wO",1,321,2011,25,"Bolivia (Plurinational State of)","BOL","BOL",12,"Austria","AUS","AUT",15,5,"0","-","0","0","0"
1,"8Pa1wO",1,322,2012,25,"Bolivia (Plurinational State of)","BOL","BOL",12,"Austria","AUS","AUT",13,5,"0","-","0","0","0"
1,"8Pa1wO",1,323,2013,25,"Bolivia (Plurinational State of)","BOL","BOL",12,"Austria","AUS","AUT",10,5,"0","-","0","0","0"
1,"8Pa1wO",1,324,2014,25,"Bolivia (Plurinational State of)","BOL","BOL",12,"Austria","AUS","AUT",11,"0","0","-","0","0","0"
1,"8Pa1wO",1,325,2015,25,"Bolivia (Plurinational State of)","BOL","BOL",12,"Austria","AUS","AUT",11,"0","0","-","0","0","0"
1,"8Pa1wO",1,326,2016,25,"Bolivia (Plurinational State of)","BOL","BOL",12,"Austria","AUS","AUT",11,"0","0","-","0","0","0"
1,"8Pa1wO",1,327,2017,25,"Bolivia (Plurinational State of)","BOL","BOL",12,"Austria","AUS","AUT",11,"0","0","-","0","0","0"
1,"8Pa1wO",1,328,2018,25,"Bolivia (Plurinational State of)","BOL","BOL",12,"Austria","AUS","AUT",11,"0","0","-","0","0","0"
1,"8Pa1wO",1,329,2019,25,"Bolivia (Plurinational State of)","BOL","BOL",12,"Austria","AUS","AUT",11,"0","0","-","0","0","0"
1,"8Pa1wO",1,330,2023,27,"Brazil","BRA","BRA",12,"Austria","AUS","AUT","0",5,"0","-","0","0","0"
1,"8Pa1wO",1,331,2024,27,"Brazil","BRA","BRA",12,"Austria","AUS","AUT","0",6,"0","-","0","0","0"
1,"8Pa1wO",1,332,2025,27,"Brazil","BRA","BRA",12,"Austria","AUS","AUT","0",5,"0","-","0","0","0"
1,"8Pa1wO",1,333,1996,29,"Bosnia and Herzegovina","BSN","BIH",12,"Austria","AUS","AUT",74131,"0","0","-","0","0","0"
1,"8Pa1wO",1,334,1997,29,"Bosnia and Herzegovina","BSN","BIH",12,"Austria","AUS","AUT",69885,"0","0","-","0","0","0"
1,"8Pa1wO",1,335,1998,29,"Bosnia and Herzegovina","BSN","BIH",12,"Austria","AUS","AUT",68087,"0","0","-","0","0","0"
1,"8Pa1wO",1,336,1999,29,"Bosnia and Herzegovina","BSN","BIH",12,"Austria","AUS","AUT",66869,"0","0","-","0","0","0"
1,"8Pa1wO",1,337,2000,29,"Bosnia and Herzegovina","BSN","BIH",12,"Austria","AUS","AUT",1398,"0","0","-","0","0","0"
1,"8Pa1wO",1,338,2001,29,"Bosnia and Herzegovina","BSN","BIH",12,"Austria","AUS","AUT",1402,"0","0","-","0","0","0"
1,"8Pa1wO",1,339,2002,29,"Bosnia and Herzegovina","BSN","BIH",12,"Austria","AUS","AUT",1255,"0","0","-","0","0","0"
1,"8Pa1wO",1,340,2003,29,"Bosnia and Herzegovina","BSN","BIH",12,"Austria","AUS","AUT",726,"0","0","-","0","0","0"
1,"8Pa1wO",1,341,2004,29,"Bosnia and Herzegovina","BSN","BIH",12,"Austria","AUS","AUT",581,"0","0","-","0","0","0"
1,"8Pa1wO",1,342,2005,29,"Bosnia and Herzegovina","BSN","BIH",12,"Austria","AUS","AUT",231,"0","0","-","0","0","0"
1,"8Pa1wO",1,343,2006,29,"Bosnia and Herzegovina","BSN","BIH",12,"Austria","AUS","AUT",200,469,"0","-","0","0","0"
1,"8Pa1wO",1,344,2007,29,"Bosnia and Herzegovina","BSN","BIH",12,"Austria","AUS","AUT",171,392,"0","-","0","0","0"
1,"8Pa1wO",1,345,2008,29,"Bosnia and Herzegovina","BSN","BIH",12,"Austria","AUS","AUT",205,363,"0","-","0","0","0"
1,"8Pa1wO",1,346,2009,29,"Bosnia and Herzegovina","BSN","BIH",12,"Austria","AUS","AUT",206,316,"0","-","0","0","0"
1,"8Pa1wO",1,347,2010,29,"Bosnia and Herzegovina","BSN","BIH",12,"Austria","AUS","AUT",211,267,"0","-","0","0","0"
1,"8Pa1wO",1,348,2011,29,"Bosnia and Herzegovina","BSN","BIH",12,"Austria","AUS","AUT",215,178,"0","-","0","0","0"
1,"8Pa1wO",1,349,2012,29,"Bosnia and Herzegovina","BSN","BIH",12,"Austria","AUS","AUT",219,155,"0","-","0","0","0"
1,"8Pa1wO",1,350,2013,29,"Bosnia and Herzegovina","BSN","BIH",12,"Austria","AUS","AUT",210,151,"0","-","0","0","0"
1,"8Pa1wO",1,351,2014,29,"Bosnia and Herzegovina","BSN","BIH",12,"Austria","AUS","AUT",206,"0","0","-","0","0","0"
1,"8Pa1wO",1,352,2015,29,"Bosnia and Herzegovina","BSN","BIH",12,"Austria","AUS","AUT",179,79,"0","-","0","0","0"
1,"8Pa1wO",1,353,2016,29,"Bosnia and Herzegovina","BSN","BIH",12,"Austria","AUS","AUT",144,55,"0","-","0","0","0"
1,"8Pa1wO",1,354,2017,29,"Bosnia and Herzegovina","BSN","BIH",12,"Austria","AUS","AUT",117,31,"0","-","0","0","0"
1,"8Pa1wO",1,355,2018,29,"Bosnia and Herzegovina","BSN","BIH",12,"Austria","AUS","AUT",94,18,"0","-","0","0","0"
1,"8Pa1wO",1,356,2019,29,"Bosnia and Herzegovina","BSN","BIH",12,"Austria","AUS","AUT",80,10,"0","-","0","0","0"
1,"8Pa1wO",1,357,2020,29,"Bosnia and Herzegovina","BSN","BIH",12,"Austria","AUS","AUT",65,7,"0","-","0","0","0"
1,"8Pa1wO",1,358,2021,29,"Bosnia and Herzegovina","BSN","BIH",12,"Austria","AUS","AUT",58,7,"0","-","0","0","0"
1,"8Pa1wO",1,359,2022,29,"Bosnia and Herzegovina","BSN","BIH",12,"Austria","AUS","AUT",53,12,"0","-","0","0","0"
1,"8Pa1wO",1,360,2023,29,"Bosnia and Herzegovina","BSN","BIH",12,"Austria","AUS","AUT",31,5,"0","-","0","0","0"
1,"8Pa1wO",1,361,2024,29,"Bosnia and Herzegovina","BSN","BIH",12,"Austria","AUS","AUT",32,5,"0","-","0","0","0"
1,"8Pa1wO",1,362,2025,29,"Bosnia and Herzegovina","BSN","BIH",12,"Austria","AUS","AUT",23,13,"0","-","0","0","0"
1,"8Pa1wO",1,363,1998,30,"Bulgaria","BUL","BGR",12,"Austria","AUS","AUT",172,"0","0","-","0","0","0"
1,"8Pa1wO",1,364,1999,30,"Bulgaria","BUL","BGR",12,"Austria","AUS","AUT",117,"0","0","-","0","0","0"
1,"8Pa1wO",1,365,2000,30,"Bulgaria","BUL","BGR",12,"Austria","AUS","AUT",62,"0","0","-","0","0","0"
1,"8Pa1wO",1,366,2001,30,"Bulgaria","BUL","BGR",12,"Austria","AUS","AUT",22,"0","0","-","0","0","0"
1,"8Pa1wO",1,367,2002,30,"Bulgaria","BUL","BGR",12,"Austria","AUS","AUT",5,"0","0","-","0","0","0"
1,"8Pa1wO",1,368,2003,30,"Bulgaria","BUL","BGR",12,"Austria","AUS","AUT",5,"0","0","-","0","0","0"
1,"8Pa1wO",1,369,2004,30,"Bulgaria","BUL","BGR",12,"Austria","AUS","AUT",5,"0","0","-","0","0","0"
1,"8Pa1wO",1,370,2005,30,"Bulgaria","BUL","BGR",12,"Austria","AUS","AUT",8,"0","0","-","0","0","0"
1,"8Pa1wO",1,371,2006,30,"Bulgaria","BUL","BGR",12,"Austria","AUS","AUT",8,49,"0","-","0","0","0"
1,"8Pa1wO",1,372,2007,30,"Bulgaria","BUL","BGR",12,"Austria","AUS","AUT",5,24,"0","-","0","0","0"
1,"8Pa1wO",1,373,2008,30,"Bulgaria","BUL","BGR",12,"Austria","AUS","AUT",5,20,"0","-","0","0","0"
1,"8Pa1wO",1,374,2009,30,"Bulgaria","BUL","BGR",12,"Austria","AUS","AUT",5,18,"0","-","0","0","0"
1,"8Pa1wO",1,375,2010,30,"Bulgaria","BUL","BGR",12,"Austria","AUS","AUT",5,12,"0","-","0","0","0"
1,"8Pa1wO",1,376,2011,30,"Bulgaria","BUL","BGR",12,"Austria","AUS","AUT",6,5,"0","-","0","0","0"
1,"8Pa1wO",1,377,2012,30,"Bulgaria","BUL","BGR",12,"Austria","AUS","AUT",6,5,"0","-","0","0","0"
1,"8Pa1wO",1,378,2013,30,"Bulgaria","BUL","BGR",12,"Austria","AUS","AUT",5,5,"0","-","0","0","0"
1,"8Pa1wO",1,379,2014,30,"Bulgaria","BUL","BGR",12,"Austria","AUS","AUT",5,"0","0","-","0","0","0"
1,"8Pa1wO",1,380,1998,32,"Cambodia","CAM","KHM",12,"Austria","AUS","AUT",178,"0","0","-","0","0","0"
1,"8Pa1wO",1,381,1999,32,"Cambodia","CAM","KHM",12,"Austria","AUS","AUT",177,"0","0","-","0","0","0"
1,"8Pa1wO",1,382,2000,32,"Cambodia","CAM","KHM",12,"Austria","AUS","AUT",180,"0","0","-","0","0","0"
1,"8Pa1wO",1,383,2001,32,"Cambodia","CAM","KHM",12,"Austria","AUS","AUT",42,"0","0","-","0","0","0"
1,"8Pa1wO",1,384,2002,32,"Cambodia","CAM","KHM",12,"Austria","AUS","AUT",32,"0","0","-","0","0","0"
1,"8Pa1wO",1,385,2003,32,"Cambodia","CAM","KHM",12,"Austria","AUS","AUT",23,"0","0","-","0","0","0"
1,"8Pa1wO",1,386,2004,32,"Cambodia","CAM","KHM",12,"Austria","AUS","AUT",21,"0","0","-","0","0","0"
1,"8Pa1wO",1,387,2005,32,"Cambodia","CAM","KHM",12,"Austria","AUS","AUT",20,"0","0","-","0","0","0"
1,"8Pa1wO",1,388,2006,32,"Cambodia","CAM","KHM",12,"Austria","AUS","AUT",16,"0","0","-","0","0","0"
1,"8Pa1wO",1,389,2007,32,"Cambodia","CAM","KHM",12,"Austria","AUS","AUT",13,"0","0","-","0","0","0"
1,"8Pa1wO",1,390,2008,32,"Cambodia","CAM","KHM",12,"Austria","AUS","AUT",6,"0","0","-","0","0","0"
1,"8Pa1wO",1,391,2009,32,"Cambodia","CAM","KHM",12,"Austria","AUS","AUT",5,"0","0","-","0","0","0"
1,"8Pa1wO",1,392,2018,33,"Canada","CAN","CAN",12,"Austria","AUS","AUT",5,"0","0","-","0","0","0"
1,"8Pa1wO",1,393,2019,33,"Canada","CAN","CAN",12,"Austria","AUS","AUT",5,"0","0","-","0","0","0"
1,"8Pa1wO",1,394,2020,33,"Canada","CAN","CAN",12,"Austria","AUS","AUT",5,"0","0","-","0","0","0"
1,"8Pa1wO",1,395,2021,33,"Canada","CAN","CAN",12,"Austria","AUS","AUT",5,"0","0","-","0","0","0"
1,"8Pa1wO",1,396,2024,33,"Canada","CAN","CAN",12,"Austria","AUS","AUT",7,"0","0","-","0","0","0"
1,"8Pa1wO",1,397,2025,33,"Canada","CAN","CAN",12,"Austria","AUS","AUT",7,"0","0","-","0","0","0"
1,"8Pa1wO",1,398,1998,36,"Chad","CHD","TCD",12,"Austria","AUS","AUT",6,"0","0","-","0","0","0"
1,"8Pa1wO",1,399,1999,36,"Chad","CHD","TCD",12,"Austria","AUS","AUT",6,"0","0","-","0","0","0"
1,"8Pa1wO",1,400,2000,36,"Chad","CHD","TCD",12,"Austria","AUS","AUT",6,"0","0","-","0","0","0"
1,"8Pa1wO",1,401,2001,36,"Chad","CHD","TCD",12,"Austria","AUS","AUT",6,"0","0","-","0","0","0"
1,"8Pa1wO",1,402,2002,36,"Chad","CHD","TCD",12,"Austria","AUS","AUT",6,"0","0","-","0","0","0"
1,"8Pa1wO",1,403,2007,36,"Chad","CHD","TCD",12,"Austria","AUS","AUT","0",5,"0","-","0","0","0"
1,"8Pa1wO",1,404,2008,36,"Chad","CHD","TCD",12,"Austria","AUS","AUT","0",5,"0","-","0","0","0"
1,"8Pa1wO",1,405,2009,36,"Chad","CHD","TCD",12,"Austria","AUS","AUT",5,5,"0","-","0","0","0"
1,"8Pa1wO",1,406,2010,36,"Chad","CHD","TCD",12,"Austria","AUS","AUT",5,5,"0","-","0","0","0"
1,"8Pa1wO",1,407,2011,36,"Chad","CHD","TCD",12,"Austria","AUS","AUT",5,5,"0","-","0","0","0"
1,"8Pa1wO",1,408,2012,36,"Chad","CHD","TCD",12,"Austria","AUS","AUT","0",7,"0","-","0","0","0"
1,"8Pa1wO",1,409,2013,36,"Chad","CHD","TCD",12,"Austria","AUS","AUT","0",6,"0","-","0","0","0"
1,"8Pa1wO",1,410,2015,36,"Chad","CHD","TCD",12,"Austria","AUS","AUT","0",9,"0","-","0","0","0"
1,"8Pa1wO",1,411,2016,36,"Chad","CHD","TCD",12,"Austria","AUS","AUT","0",8,"0","-","0","0","0"
1,"8Pa1wO",1,412,2017,36,"Chad","CHD","TCD",12,"Austria","AUS","AUT","0",5,"0","-","0","0","0"
1,"8Pa1wO",1,413,2018,36,"Chad","CHD","TCD",12,"Austria","AUS","AUT",5,"0","0","-","0","0","0"
1,"8Pa1wO",1,414,2022,36,"Chad","CHD","TCD",12,"Austria","AUS","AUT",5,"0","0","-","0","0","0"
1,"8Pa1wO",1,415,2023,36,"Chad","CHD","TCD",12,"Austria","AUS","AUT",5,12,"0","-","0","0","0"
1,"8Pa1wO",1,416,2024,36,"Chad","CHD","TCD",12,"Austria","AUS","AUT",9,9,"0","-","0","0","0"
1,"8Pa1wO",1,417,2025,36,"Chad","CHD","TCD",12,"Austria","AUS","AUT",15,"0","0","-","0","0","0"
1,"8Pa1wO",1,418,1998,37,"China","CHI","CHN",12,"Austria","AUS","AUT",43,"0","0","-","0","0","0"
1,"8Pa1wO",1,419,1999,37,"China","CHI","CHN",12,"Austria","AUS","AUT",41,"0","0","-","0","0","0"
1,"8Pa1wO",1,420,2000,37,"China","CHI","CHN",12,"Austria","AUS","AUT",37,"0","0","-","0","0","0"
1,"8Pa1wO",1,421,2001,37,"China","CHI","CHN",12,"Austria","AUS","AUT",25,"0","0","-","0","0","0"
1,"8Pa1wO",1,422,2002,37,"China","CHI","CHN",12,"Austria","AUS","AUT",21,"0","0","-","0","0","0"
1,"8Pa1wO",1,423,2003,37,"China","CHI","CHN",12,"Austria","AUS","AUT",30,"0","0","-","0","0","0"
1,"8Pa1wO",1,424,2004,37,"China","CHI","CHN",12,"Austria","AUS","AUT",33,"0","0","-","0","0","0"
1,"8Pa1wO",1,425,2005,37,"China","CHI","CHN",12,"Austria","AUS","AUT",41,"0","0","-","0","0","0"
1,"8Pa1wO",1,426,2006,37,"China","CHI","CHN",12,"Austria","AUS","AUT",62,1128,"0","-","0","0","0"
1,"8Pa1wO",1,427,2007,37,"China","CHI","CHN",12,"Austria","AUS","AUT",102,1024,"0","-","0","0","0"
1,"8Pa1wO",1,428,2008,37,"China","CHI","CHN",12,"Austria","AUS","AUT",137,1021,"0","-","0","0","0"
1,"8Pa1wO",1,429,2009,37,"China","CHI","CHN",12,"Austria","AUS","AUT",188,866,"0","-","0","0","0"
1,"8Pa1wO",1,430,2010,37,"China","CHI","CHN",12,"Austria","AUS","AUT",225,535,"0","-","0","0","0"
1,"8Pa1wO",1,431,2011,37,"China","CHI","CHN",12,"Austria","AUS","AUT",281,407,"0","-","0","0","0"
1,"8Pa1wO",1,432,2012,37,"China","CHI","CHN",12,"Austria","AUS","AUT",328,353,"0","-","0","0","0"
1,"8Pa1wO",1,433,2013,37,"China","CHI","CHN",12,"Austria","AUS","AUT",388,365,"0","-","0","0","0"
1,"8Pa1wO",1,434,2014,37,"China","CHI","CHN",12,"Austria","AUS","AUT",457,"0","0","-","0","0","0"
1,"8Pa1wO",1,435,2015,37,"China","CHI","CHN",12,"Austria","AUS","AUT",499,500,"0","-","0","0","0"
1,"8Pa1wO",1,436,2016,37,"China","CHI","CHN",12,"Austria","AUS","AUT",535,536,"0","-","0","0","0"
1,"8Pa1wO",1,437,2017,37,"China","CHI","CHN",12,"Austria","AUS","AUT",559,331,"0","-","0","0","0"
1,"8Pa1wO",1,438,2018,37,"China","CHI","CHN",12,"Austria","AUS","AUT",610,218,"0","-","0","0","0"
1,"8Pa1wO",1,439,2019,37,"China","CHI","CHN",12,"Austria","AUS","AUT",651,157,"0","-","0","0","0"
1,"8Pa1wO",1,440,2020,37,"China","CHI","CHN",12,"Austria","AUS","AUT",660,97,"0","-","0","0","0"
1,"8Pa1wO",1,441,2021,37,"China","CHI","CHN",12,"Austria","AUS","AUT",642,87,"0","-","0","0","0"
1,"8Pa1wO",1,442,2022,37,"China","CHI","CHN",12,"Austria","AUS","AUT",677,108,"0","-","0","0","0"
1,"8Pa1wO",1,443,2023,37,"China","CHI","CHN",12,"Austria","AUS","AUT",572,203,"0","-","0","0","0"
1,"8Pa1wO",1,444,2024,37,"China","CHI","CHN",12,"Austria","AUS","AUT",664,275,"0","-","0","0","0"
1,"8Pa1wO",1,445,2025,37,"China","CHI","CHN",12,"Austria","AUS","AUT",762,164,"0","-","0","0","0"
1,"8Pa1wO",1,446,1998,38,"Chile","CHL","CHL",12,"Austria","AUS","AUT",15,"0","0","-","0","0","0"
1,"8Pa1wO",1,447,1999,38,"Chile","CHL","CHL",12,"Austria","AUS","AUT",11,"0","0","-","0","0","0"
1,"8Pa1wO",1,448,2000,38,"Chile","CHL","CHL",12,"Austria","AUS","AUT",11,"0","0","-","0","0","0"
1,"8Pa1wO",1,449,2001,38,"Chile","CHL","CHL",12,"Austria","AUS","AUT",6,"0","0","-","0","0","0"
1,"8Pa1wO",1,450,2002,38,"Chile","CHL","CHL",12,"Austria","AUS","AUT",5,"0","0","-","0","0","0"
1,"8Pa1wO",1,451,2006,38,"Chile","CHL","CHL",12,"Austria","AUS","AUT","0",5,"0","-","0","0","0"
1,"8Pa1wO",1,452,2007,38,"Chile","CHL","CHL",12,"Austria","AUS","AUT","0",5,"0","-","0","0","0"
1,"8Pa1wO",1,453,2008,38,"Chile","CHL","CHL",12,"Austria","AUS","AUT","0",5,"0","-","0","0","0"
1,"8Pa1wO",1,454,2009,38,"Chile","CHL","CHL",12,"Austria","AUS","AUT","0",5,"0","-","0","0","0"
1,"8Pa1wO",1,455,2015,38,"Chile","CHL","CHL",12,"Austria","AUS","AUT","0",5,"0","-","0","0","0"
1,"8Pa1wO",1,456,2016,38,"Chile","CHL","CHL",12,"Austria","AUS","AUT","0",5,"0","-","0","0","0"
1,"8Pa1wO",1,457,1998,39,"Cameroon","CMR","CMR",12,"Austria","AUS","AUT",8,"0","0","-","0","0","0"
1,"8Pa1wO",1,458,1999,39,"Cameroon","CMR","CMR",12,"Austria","AUS","AUT",13,"0","0","-","0","0","0"
1,"8Pa1wO",1,459,2000,39,"Cameroon","CMR","CMR",12,"Austria","AUS","AUT",20,"0","0","-","0","0","0"
1,"8Pa1wO",1,460,2001,39,"Cameroon","CMR","CMR",12,"Austria","AUS","AUT",27,"0","0","-","0","0","0"
1,"8Pa1wO",1,461,2002,39,"Cameroon","CMR","CMR",12,"Austria","AUS","AUT",39,"0","0","-","0","0","0"
1,"8Pa1wO",1,462,2003,39,"Cameroon","CMR","CMR",12,"Austria","AUS","AUT",51,"0","0","-","0","0","0"
1,"8Pa1wO",1,463,2004,39,"Cameroon","CMR","CMR",12,"Austria","AUS","AUT",61,"0","0","-","0","0","0"
1,"8Pa1wO",1,464,2005,39,"Cameroon","CMR","CMR",12,"Austria","AUS","AUT",84,"0","0","-","0","0","0"
1,"8Pa1wO",1,465,2006,39,"Cameroon","CMR","CMR",12,"Austria","AUS","AUT",97,187,"0","-","0","0","0"
1,"8Pa1wO",1,466,2007,39,"Cameroon","CMR","CMR",12,"Austria","AUS","AUT",128,157,"0","-","0","0","0"
1,"8Pa1wO",1,467,2008,39,"Cameroon","CMR","CMR",12,"Austria","AUS","AUT",159,151,"0","-","0","0","0"
1,"8Pa1wO",1,468,2009,39,"Cameroon","CMR","CMR",12,"Austria","AUS","AUT",186,131,"0","-","0","0","0"
1,"8Pa1wO",1,469,2010,39,"Cameroon","CMR","CMR",12,"Austria","AUS","AUT",199,98,"0","-","0","0","0"
1,"8Pa1wO",1,470,2011,39,"Cameroon","CMR","CMR",12,"Austria","AUS","AUT",211,85,"0","-","0","0","0"
1,"8Pa1wO",1,471,2012,39,"Cameroon","CMR","CMR",12,"Austria","AUS","AUT",221,88,"0","-","0","0","0"
1,"8Pa1wO",1,472,2013,39,"Cameroon","CMR","CMR",12,"Austria","AUS","AUT",235,78,"0","-","0","0","0"
1,"8Pa1wO",1,473,2014,39,"Cameroon","CMR","CMR",12,"Austria","AUS","AUT",240,"0","0","-","0","0","0"
1,"8Pa1wO",1,474,2015,39,"Cameroon","CMR","CMR",12,"Austria","AUS","AUT",246,92,"0","-","0","0","0"
1,"8Pa1wO",1,475,2016,39,"Cameroon","CMR","CMR",12,"Austria","AUS","AUT",246,98,"0","-","0","0","0"
1,"8Pa1wO",1,476,2017,39,"Cameroon","CMR","CMR",12,"Austria","AUS","AUT",233,89,"0","-","0","0","0"
1,"8Pa1wO",1,477,2018,39,"Cameroon","CMR","CMR",12,"Austria","AUS","AUT",221,71,"0","-","0","0","0"
1,"8Pa1wO",1,478,2019,39,"Cameroon","CMR","CMR",12,"Austria","AUS","AUT",204,47,"0","-","0","0","0"
1,"8Pa1wO",1,479,2020,39,"Cameroon","CMR","CMR",12,"Austria","AUS","AUT",197,44,"0","-","0","0","0"
1,"8Pa1wO",1,480,2021,39,"Cameroon","CMR","CMR",12,"Austria","AUS","AUT",186,49,"0","-","0","0","0"
1,"8Pa1wO",1,481,2022,39,"Cameroon","CMR","CMR",12,"Austria","AUS","AUT",193,73,"0","-","0","0","0"
1,"8Pa1wO",1,482,2023,39,"Cameroon","CMR","CMR",12,"Austria","AUS","AUT",166,48,"0","-","0","0","0"
1,"8Pa1wO",1,483,2024,39,"Cameroon","CMR","CMR",12,"Austria","AUS","AUT",180,47,"0","-","0","0","0"
1,"8Pa1wO",1,484,2025,39,"Cameroon","CMR","CMR",12,"Austria","AUS","AUT",175,54,"0","-","0","0","0"
1,"8Pa1wO",1,485,1998,40,"Congo","COB","COG",12,"Austria","AUS","AUT",8,"0","0","-","0","0","0"
1,"8Pa1wO",1,486,1999,40,"Congo","COB","COG",12,"Austria","AUS","AUT",8,"0","0","-","0","0","0"
1,"8Pa1wO",1,487,2000,40,"Congo","COB","COG",12,"Austria","AUS","AUT",13,"0","0","-","0","0","0"
1,"8Pa1wO",1,488,2001,40,"Congo","COB","COG",12,"Austria","AUS","AUT",18,"0","0","-","0","0","0"
1,"8Pa1wO",1,489,2002,40,"Congo","COB","COG",12,"Austria","AUS","AUT",26,"0","0","-","0","0","0"
1,"8Pa1wO",1,490,2003,40,"Congo","COB","COG",12,"Austria","AUS","AUT",35,"0","0","-","0","0","0"
1,"8Pa1wO",1,491,2004,40,"Congo","COB","COG",12,"Austria","AUS","AUT",38,"0","0","-","0","0","0"
1,"8Pa1wO",1,492,2005,40,"Congo","COB","COG",12,"Austria","AUS","AUT",46,"0","0","-","0","0","0"
1,"8Pa1wO",1,493,2006,40,"Congo","COB","COG",12,"Austria","AUS","AUT",56,37,"0","-","0","0","0"
1,"8Pa1wO",1,494,2007,40,"Congo","COB","COG",12,"Austria","AUS","AUT",67,36,"0","-","0","0","0"
1,"8Pa1wO",1,495,2008,40,"Congo","COB","COG",12,"Austria","AUS","AUT",75,32,"0","-","0","0","0"
1,"8Pa1wO",1,496,2009,40,"Congo","COB","COG",12,"Austria","AUS","AUT",92,32,"0","-","0","0","0"
1,"8Pa1wO",1,497,2010,40,"Congo","COB","COG",12,"Austria","AUS","AUT",102,21,"0","-","0","0","0"
1,"8Pa1wO",1,498,2011,40,"Congo","COB","COG",12,"Austria","AUS","AUT",119,27,"0","-","0","0","0"
1,"8Pa1wO",1,499,2012,40,"Congo","COB","COG",12,"Austria","AUS","AUT",122,22,"0","-","0","0","0"
1,"8Pa1wO",1,500,2013,40,"Congo","COB","COG",12,"Austria","AUS","AUT",122,18,"0","-","0","0","0"
1,"8Pa1wO",1,501,2014,40,"Congo","COB","COG",12,"Austria","AUS","AUT",126,"0","0","-","0","0","0"
1,"8Pa1wO",1,502,2015,40,"Congo","COB","COG",12,"Austria","AUS","AUT",126,23,"0","-","0","0","0"
1,"8Pa1wO",1,503,2016,40,"Congo","COB","COG",12,"Austria","AUS","AUT",129,19,"0","-","0","0","0"
1,"8Pa1wO",1,504,2017,40,"Congo","COB","COG",12,"Austria","AUS","AUT",131,15,"0","-","0","0","0"
1,"8Pa1wO",1,505,2018,40,"Congo","COB","COG",12,"Austria","AUS","AUT",122,20,"0","-","0","0","0"
1,"8Pa1wO",1,506,2019,40,"Congo","COB","COG",12,"Austria","AUS","AUT",110,11,"0","-","0","0","0"
1,"8Pa1wO",1,507,2020,40,"Congo","COB","COG",12,"Austria","AUS","AUT",98,10,"0","-","0","0","0"
1,"8Pa1wO",1,508,2021,40,"Congo","COB","COG",12,"Austria","AUS","AUT",80,11,"0","-","0","0","0"
1,"8Pa1wO",1,509,2022,40,"Congo","COB","COG",12,"Austria","AUS","AUT",78,12,"0","-","0","0","0"
1,"8Pa1wO",1,510,2023,40,"Congo","COB","COG",12,"Austria","AUS","AUT",64,14,"0","-","0","0","0"
1,"8Pa1wO",1,511,2024,40,"Congo","COB","COG",12,"Austria","AUS","AUT",72,13,"0","-","0","0","0"
1,"8Pa1wO",1,512,2025,40,"Congo","COB","COG",12,"Austria","AUS","AUT",74,10,"0","-","0","0","0"
1,"8Pa1wO",1,513,1998,41,"Dem. Rep. of the Congo","COD","COD",12,"Austria","AUS","AUT",114,"0","0","-","0","0","0"
1,"8Pa1wO",1,514,1999,41,"Dem. Rep. of the Congo","COD","COD",12,"Austria","AUS","AUT",139,"0","0","-","0","0","0"
1,"8Pa1wO",1,515,2000,41,"Dem. Rep. of the Congo","COD","COD",12,"Austria","AUS","AUT",170,"0","0","-","0","0","0"
1,"8Pa1wO",1,516,2001,41,"Dem. Rep. of the Congo","COD","COD",12,"Austria","AUS","AUT",188,"0","0","-","0","0","0"
1,"8Pa1wO",1,517,2002,41,"Dem. Rep. of the Congo","COD","COD",12,"Austria","AUS","AUT",201,"0","0","-","0","0","0"
1,"8Pa1wO",1,518,2003,41,"Dem. Rep. of the Congo","COD","COD",12,"Austria","AUS","AUT",227,"0","0","-","0","0","0"
1,"8Pa1wO",1,519,2004,41,"Dem. Rep. of the Congo","COD","COD",12,"Austria","AUS","AUT",271,"0","0","-","0","0","0"
1,"8Pa1wO",1,520,2005,41,"Dem. Rep. of the Congo","COD","COD",12,"Austria","AUS","AUT",313,"0","0","-","0","0","0"
1,"8Pa1wO",1,521,2006,41,"Dem. Rep. of the Congo","COD","COD",12,"Austria","AUS","AUT",352,122,"0","-","0","0","0"
1,"8Pa1wO",1,522,2007,41,"Dem. Rep. of the Congo","COD","COD",12,"Austria","AUS","AUT",370,108,"0","-","0","0","0"
1,"8Pa1wO",1,523,2008,41,"Dem. Rep. of the Congo","COD","COD",12,"Austria","AUS","AUT",392,128,"0","-","0","0","0"
1,"8Pa1wO",1,524,2009,41,"Dem. Rep. of the Congo","COD","COD",12,"Austria","AUS","AUT",402,137,"0","-","0","0","0"
1,"8Pa1wO",1,525,2010,41,"Dem. Rep. of the Congo","COD","COD",12,"Austria","AUS","AUT",427,100,"0","-","0","0","0"
1,"8Pa1wO",1,526,2011,41,"Dem. Rep. of the Congo","COD","COD",12,"Austria","AUS","AUT",434,104,"0","-","0","0","0"
1,"8Pa1wO",1,527,2012,41,"Dem. Rep. of the Congo","COD","COD",12,"Austria","AUS","AUT",449,111,"0","-","0","0","0"
1,"8Pa1wO",1,528,2013,41,"Dem. Rep. of the Congo","COD","COD",12,"Austria","AUS","AUT",448,121,"0","-","0","0","0"
1,"8Pa1wO",1,529,2014,41,"Dem. Rep. of the Congo","COD","COD",12,"Austria","AUS","AUT",450,"0","0","-","0","0","0"
1,"8Pa1wO",1,530,2015,41,"Dem. Rep. of the Congo","COD","COD",12,"Austria","AUS","AUT",419,158,"0","-","0","0","0"
1,"8Pa1wO",1,531,2016,41,"Dem. Rep. of the Congo","COD","COD",12,"Austria","AUS","AUT",404,155,"0","-","0","0","0"
1,"8Pa1wO",1,532,2017,41,"Dem. Rep. of the Congo","COD","COD",12,"Austria","AUS","AUT",406,120,"0","-","0","0","0"
1,"8Pa1wO",1,533,2018,41,"Dem. Rep. of the Congo","COD","COD",12,"Austria","AUS","AUT",401,85,"0","-","0","0","0"
1,"8Pa1wO",1,534,2019,41,"Dem. Rep. of the Congo","COD","COD",12,"Austria","AUS","AUT",374,87,"0","-","0","0","0"
1,"8Pa1wO",1,535,2020,41,"Dem. Rep. of the Congo","COD","COD",12,"Austria","AUS","AUT",343,68,"0","-","0","0","0"
1,"8Pa1wO",1,536,2021,41,"Dem. Rep. of the Congo","COD","COD",12,"Austria","AUS","AUT",329,59,"0","-","0","0","0"
1,"8Pa1wO",1,537,2022,41,"Dem. Rep. of the Congo","COD","COD",12,"Austria","AUS","AUT",325,67,"0","-","0","0","0"
1,"8Pa1wO",1,538,2023,41,"Dem. Rep. of the Congo","COD","COD",12,"Austria","AUS","AUT",233,79,"0","-","0","0","0"
1,"8Pa1wO",1,539,2024,41,"Dem. Rep. of the Congo","COD","COD",12,"Austria","AUS","AUT",255,78,"0","-","0","0","0"
1,"8Pa1wO",1,540,2025,41,"Dem. Rep. of the Congo","COD","COD",12,"Austria","AUS","AUT",246,92,"0","-","0","0","0"
1,"8Pa1wO",1,541,1998,44,"Colombia","COL","COL",12,"Austria","AUS","AUT",13,"0","0","-","0","0","0"
1,"8Pa1wO",1,542,1999,44,"Colombia","COL","COL",12,"Austria","AUS","AUT",18,"0","0","-","0","0","0"
1,"8Pa1wO",1,543,2000,44,"Colombia","COL","COL",12,"Austria","AUS","AUT",28,"0","0","-","0","0","0"
1,"8Pa1wO",1,544,2001,44,"Colombia","COL","COL",12,"Austria","AUS","AUT",26,"0","0","-","0","0","0"
1,"8Pa1wO",1,545,2002,44,"Colombia","COL","COL",12,"Austria","AUS","AUT",24,"0","0","-","0","0","0"
1,"8Pa1wO",1,546,2003,44,"Colombia","COL","COL",12,"Austria","AUS","AUT",24,"0","0","-","0","0","0"
1,"8Pa1wO",1,547,2004,44,"Colombia","COL","COL",12,"Austria","AUS","AUT",24,"0","0","-","0","0","0"
1,"8Pa1wO",1,548,2005,44,"Colombia","COL","COL",12,"Austria","AUS","AUT",32,"0","0","-","0","0","0"
1,"8Pa1wO",1,549,2006,44,"Colombia","COL","COL",12,"Austria","AUS","AUT",41,6,"0","-","0","0","0"
1,"8Pa1wO",1,550,2007,44,"Colombia","COL","COL",12,"Austria","AUS","AUT",38,5,"0","-","0","0","0"
1,"8Pa1wO",1,551,2008,44,"Colombia","COL","COL",12,"Austria","AUS","AUT",37,5,"0","-","0","0","0"
1,"8Pa1wO",1,552,2009,44,"Colombia","COL","COL",12,"Austria","AUS","AUT",32,5,"0","-","0","0","0"
1,"8Pa1wO",1,553,2010,44,"Colombia","COL","COL",12,"Austria","AUS","AUT",22,5,"0","-","0","0","0"
1,"8Pa1wO",1,554,2011,44,"Colombia","COL","COL",12,"Austria","AUS","AUT",20,6,"0","-","0","0","0"
1,"8Pa1wO",1,555,2012,44,"Colombia","COL","COL",12,"Austria","AUS","AUT",19,5,"0","-","0","0","0"
1,"8Pa1wO",1,556,2013,44,"Colombia","COL","COL",12,"Austria","AUS","AUT",19,5,"0","-","0","0","0"
1,"8Pa1wO",1,557,2014,44,"Colombia","COL","COL",12,"Austria","AUS","AUT",19,"0","0","-","0","0","0"
1,"8Pa1wO",1,558,2015,44,"Colombia","COL","COL",12,"Austria","AUS","AUT",11,5,"0","-","0","0","0"
1,"8Pa1wO",1,559,2016,44,"Colombia","COL","COL",12,"Austria","AUS","AUT","0",5,"0","-","0","0","0"
1,"8Pa1wO",1,560,2017,44,"Colombia","COL","COL",12,"Austria","AUS","AUT","0",15,"0","-","0","0","0"
1,"8Pa1wO",1,561,2018,44,"Colombia","COL","COL",12,"Austria","AUS","AUT","0",5,"0","-","0","0","0"
1,"8Pa1wO",1,562,2019,44,"Colombia","COL","COL",12,"Austria","AUS","AUT","0",11,"0","-","0","0","0"
1,"8Pa1wO",1,563,2020,44,"Colombia","COL","COL",12,"Austria","AUS","AUT","0",19,"0","-","0","0","0"
1,"8Pa1wO",1,564,2021,44,"Colombia","COL","COL",12,"Austria","AUS","AUT",5,13,"0","-","0","0","0"
1,"8Pa1wO",1,565,2022,44,"Colombia","COL","COL",12,"Austria","AUS","AUT",5,28,"0","-","0","0","0"
1,"8Pa1wO",1,566,2023,44,"Colombia","COL","COL",12,"Austria","AUS","AUT",8,21,"0","-","0","0","0"
1,"8Pa1wO",1,567,2024,44,"Colombia","COL","COL",12,"Austria","AUS","AUT",9,46,"0","-","0","0","0"
1,"8Pa1wO",1,568,2025,44,"Colombia","COL","COL",12,"Austria","AUS","AUT",15,50,"0","-","0","0","0"
1,"8Pa1wO",1,569,1998,46,"Cuba","CUB","CUB",12,"Austria","AUS","AUT",12,"0","0","-","0","0","0"
1,"8Pa1wO",1,570,1999,46,"Cuba","CUB","CUB",12,"Austria","AUS","AUT",12,"0","0","-","0","0","0"
1,"8Pa1wO",1,571,2000,46,"Cuba","CUB","CUB",12,"Austria","AUS","AUT",11,"0","0","-","0","0","0"
1,"8Pa1wO",1,572,2005,46,"Cuba","CUB","CUB",12,"Austria","AUS","AUT",5,"0","0","-","0","0","0"
1,"8Pa1wO",1,573,2006,46,"Cuba","CUB","CUB",12,"Austria","AUS","AUT",6,9,"0","-","0","0","0"
1,"8Pa1wO",1,574,2007,46,"Cuba","CUB","CUB",12,"Austria","AUS","AUT",13,10,"0","-","0","0","0"
1,"8Pa1wO",1,575,2008,46,"Cuba","CUB","CUB",12,"Austria","AUS","AUT",17,7,"0","-","0","0","0"
1,"8Pa1wO",1,576,2009,46,"Cuba","CUB","CUB",12,"Austria","AUS","AUT",20,7,"0","-","0","0","0"
1,"8Pa1wO",1,577,2010,46,"Cuba","CUB","CUB",12,"Austria","AUS","AUT",21,"0","0","-","0","0","0"
1,"8Pa1wO",1,578,2011,46,"Cuba","CUB","CUB",12,"Austria","AUS","AUT",23,5,"0","-","0","0","0"
1,"8Pa1wO",1,579,2012,46,"Cuba","CUB","CUB",12,"Austria","AUS","AUT",25,10,"0","-","0","0","0"
1,"8Pa1wO",1,580,2013,46,"Cuba","CUB","CUB",12,"Austria","AUS","AUT",24,18,"0","-","0","0","0"
1,"8Pa1wO",1,581,2014,46,"Cuba","CUB","CUB",12,"Austria","AUS","AUT",24,"0","0","-","0","0","0"
1,"8Pa1wO",1,582,2015,46,"Cuba","CUB","CUB",12,"Austria","AUS","AUT",21,12,"0","-","0","0","0"
1,"8Pa1wO",1,583,2016,46,"Cuba","CUB","CUB",12,"Austria","AUS","AUT",21,16,"0","-","0","0","0"
1,"8Pa1wO",1,584,2017,46,"Cuba","CUB","CUB",12,"Austria","AUS","AUT",14,19,"0","-","0","0","0"
1,"8Pa1wO",1,585,2018,46,"Cuba","CUB","CUB",12,"Austria","AUS","AUT",12,14,"0","-","0","0","0"
1,"8Pa1wO",1,586,2019,46,"Cuba","CUB","CUB",12,"Austria","AUS","AUT",14,12,"0","-","0","0","0"
1,"8Pa1wO",1,587,2020,46,"Cuba","CUB","CUB",12,"Austria","AUS","AUT",13,8,"0","-","0","0","0"
1,"8Pa1wO",1,588,2021,46,"Cuba","CUB","CUB",12,"Austria","AUS","AUT",15,5,"0","-","0","0","0"
1,"8Pa1wO",1,589,2022,46,"Cuba","CUB","CUB",12,"Austria","AUS","AUT",15,14,"0","-","0","0","0"
1,"8Pa1wO",1,590,2023,46,"Cuba","CUB","CUB",12,"Austria","AUS","AUT",17,25,"0","-","0","0","0"
1,"8Pa1wO",1,591,2024,46,"Cuba","CUB","CUB",12,"Austria","AUS","AUT",17,19,"0","-","0","0","0"
1,"8Pa1wO",1,592,2025,46,"Cuba","CUB","CUB",12,"Austria","AUS","AUT",17,16,"0","-","0","0","0"
1,"8Pa1wO",1,593,1998,49,"Czechia","CZE","CZE",12,"Austria","AUS","AUT",643,"0","0","-","0","0","0"
1,"8Pa1wO",1,594,1999,49,"Czechia","CZE","CZE",12,"Austria","AUS","AUT",138,"0","0","-","0","0","0"
1,"8Pa1wO",1,595,2000,49,"Czechia","CZE","CZE",12,"Austria","AUS","AUT",10,"0","0","-","0","0","0"
1,"8Pa1wO",1,596,2001,49,"Czechia","CZE","CZE",12,"Austria","AUS","AUT",7,"0","0","-","0","0","0"
1,"8Pa1wO",1,597,2002,49,"Czechia","CZE","CZE",12,"Austria","AUS","AUT",5,"0","0","-","0","0","0"
1,"8Pa1wO",1,598,2003,49,"Czechia","CZE","CZE",12,"Austria","AUS","AUT",5,"0","0","-","0","0","0"
1,"8Pa1wO",1,599,2004,49,"Czechia","CZE","CZE",12,"Austria","AUS","AUT",5,"0","0","-","0","0","0"
1,"8Pa1wO",1,600,2005,49,"Czechia","CZE","CZE",12,"Austria","AUS","AUT",5,"0","0","-","0","0","0"
1,"8Pa1wO",1,601,2006,49,"Czechia","CZE","CZE",12,"Austria","AUS","AUT",5,14,"0","-","0","0","0"
1,"8Pa1wO",1,602,2007,49,"Czechia","CZE","CZE",12,"Austria","AUS","AUT",5,5,"0","-","0","0","0"
1,"8Pa1wO",1,603,2008,49,"Czechia","CZE","CZE",12,"Austria","AUS","AUT",5,"0","0","-","0","0","0"
1,"8Pa1wO",1,604,2012,51,"Djibouti","DJB","DJI",12,"Austria","AUS","AUT","0",5,"0","-","0","0","0"
1,"8Pa1wO",1,605,2025,51,"Djibouti","DJB","DJI",12,"Austria","AUS","AUT",5,"0","0","-","0","0","0"
1,"8Pa1wO",1,606,2006,55,"Equatorial Guinea","EGU","GNQ",12,"Austria","AUS","AUT","0",5,"0","-","0","0","0"
1,"8Pa1wO",1,607,2007,55,"Equatorial Guinea","EGU","GNQ",12,"Austria","AUS","AUT","0",5,"0","-","0","0","0"
1,"8Pa1wO",1,608,2008,55,"Equatorial Guinea","EGU","GNQ",12,"Austria","AUS","AUT","0",5,"0","-","0","0","0"
1,"8Pa1wO",1,609,2003,56,"Eritrea","ERT","ERI",12,"Austria","AUS","AUT",6,"0","0","-","0","0","0"
1,"8Pa1wO",1,610,2004,56,"Eritrea","ERT","ERI",12,"Austria","AUS","AUT",13,"0","0","-","0","0","0"
1,"8Pa1wO",1,611,2005,56,"Eritrea","ERT","ERI",12,"Austria","AUS","AUT",21,"0","0","-","0","0","0"
1,"8Pa1wO",1,612,2006,56,"Eritrea","ERT","ERI",12,"Austria","AUS","AUT",24,13,"0","-","0","0","0"
1,"8Pa1wO",1,613,2007,56,"Eritrea","ERT","ERI",12,"Austria","AUS","AUT",29,17,"0","-","0","0","0"
1,"8Pa1wO",1,614,2008,56,"Eritrea","ERT","ERI",12,"Austria","AUS","AUT",34,28,"0","-","0","0","0"
1,"8Pa1wO",1,615,2009,56,"Eritrea","ERT","ERI",12,"Austria","AUS","AUT",48,31,"0","-","0","0","0"
1,"8Pa1wO",1,616,2010,56,"Eritrea","ERT","ERI",12,"Austria","AUS","AUT",63,19,"0","-","0","0","0"
1,"8Pa1wO",1,617,2011,56,"Eritrea","ERT","ERI",12,"Austria","AUS","AUT",76,24,"0","-","0","0","0"
1,"8Pa1wO",1,618,2012,56,"Eritrea","ERT","ERI",12,"Austria","AUS","AUT",88,19,"0","-","0","0","0"
1,"8Pa1wO",1,619,2013,56,"Eritrea","ERT","ERI",12,"Austria","AUS","AUT",101,54,"0","-","0","0","0"
1,"8Pa1wO",1,620,2014,56,"Eritrea","ERT","ERI",12,"Austria","AUS","AUT",120,"0","0","-","0","0","0"
1,"8Pa1wO",1,621,2015,56,"Eritrea","ERT","ERI",12,"Austria","AUS","AUT",159,141,"0","-","0","0","0"
1,"8Pa1wO",1,622,2016,56,"Eritrea","ERT","ERI",12,"Austria","AUS","AUT",215,148,"0","-","0","0","0"
1,"8Pa1wO",1,623,2017,56,"Eritrea","ERT","ERI",12,"Austria","AUS","AUT",303,89,"0","-","0","0","0"
1,"8Pa1wO",1,624,2018,56,"Eritrea","ERT","ERI",12,"Austria","AUS","AUT",362,73,"0","-","0","0","0"
1,"8Pa1wO",1,625,2019,56,"Eritrea","ERT","ERI",12,"Austria","AUS","AUT",408,41,"0","-","0","0","0"
1,"8Pa1wO",1,626,2020,56,"Eritrea","ERT","ERI",12,"Austria","AUS","AUT",441,32,"0","-","0","0","0"
1,"8Pa1wO",1,627,2021,56,"Eritrea","ERT","ERI",12,"Austria","AUS","AUT",471,49,"0","-","0","0","0"
1,"8Pa1wO",1,628,2022,56,"Eritrea","ERT","ERI",12,"Austria","AUS","AUT",506,48,"0","-","0","0","0"
1,"8Pa1wO",1,629,2023,56,"Eritrea","ERT","ERI",12,"Austria","AUS","AUT",503,52,"0","-","0","0","0"
1,"8Pa1wO",1,630,2024,56,"Eritrea","ERT","ERI",12,"Austria","AUS","AUT",563,40,"0","-","0","0","0"
1,"8Pa1wO",1,631,2025,56,"Eritrea","ERT","ERI",12,"Austria","AUS","AUT",560,30,"0","-","0","0","0"
1,"8Pa1wO",1,632,2008,57,"Estonia","EST","EST",12,"Austria","AUS","AUT",5,"0","0","-","0","0","0"
1,"8Pa1wO",1,633,2009,57,"Estonia","EST","EST",12,"Austria","AUS","AUT",5,"0","0","-","0","0","0"
1,"8Pa1wO",1,634,2010,57,"Estonia","EST","EST",12,"Austria","AUS","AUT",5,"0","0","-","0","0","0"
1,"8Pa1wO",1,635,2011,57,"Estonia","EST","EST",12,"Austria","AUS","AUT",5,"0","0","-","0","0","0"
1,"8Pa1wO",1,636,2012,57,"Estonia","EST","EST",12,"Austria","AUS","AUT",5,"0","0","-","0","0","0"
1,"8Pa1wO",1,637,2013,57,"Estonia","EST","EST",12,"Austria","AUS","AUT",5,"0","0","-","0","0","0"
1,"8Pa1wO",1,638,2014,57,"Estonia","EST","EST",12,"Austria","AUS","AUT",5,"0","0","-","0","0","0"
1,"8Pa1wO",1,639,2015,57,"Estonia","EST","EST",12,"Austria","AUS","AUT",5,"0","0","-","0","0","0"
1,"8Pa1wO",1,640,2016,57,"Estonia","EST","EST",12,"Austria","AUS","AUT",5,"0","0","-","0","0","0"
1,"8Pa1wO",1,641,2017,57,"Estonia","EST","EST",12,"Austria","AUS","AUT",5,"0","0","-","0","0","0"
1,"8Pa1wO",1,642,1998,58,"Ethiopia","ETH","ETH",12,"Austria","AUS","AUT",50,"0","0","-","0","0","0"
1,"8Pa1wO",1,643,1999,58,"Ethiopia","ETH","ETH",12,"Austria","AUS","AUT",52,"0","0","-","0","0","0"
1,"8Pa1wO",1,644,2000,58,"Ethiopia","ETH","ETH",12,"Austria","AUS","AUT",55,"0","0","-","0","0","0"
1,"8Pa1wO",1,645,2001,58,"Ethiopia","ETH","ETH",12,"Austria","AUS","AUT",46,"0","0","-","0","0","0"
1,"8Pa1wO",1,646,2002,58,"Ethiopia","ETH","ETH",12,"Austria","AUS","AUT",40,"0","0","-","0","0","0"
1,"8Pa1wO",1,647,2003,58,"Ethiopia","ETH","ETH",12,"Austria","AUS","AUT",54,"0","0","-","0","0","0"
1,"8Pa1wO",1,648,2004,58,"Ethiopia","ETH","ETH",12,"Austria","AUS","AUT",70,"0","0","-","0","0","0"
1,"8Pa1wO",1,649,2005,58,"Ethiopia","ETH","ETH",12,"Austria","AUS","AUT",76,"0","0","-","0","0","0"
1,"8Pa1wO",1,650,2006,58,"Ethiopia","ETH","ETH",12,"Austria","AUS","AUT",87,61,"0","-","0","0","0"
1,"8Pa1wO",1,651,2007,58,"Ethiopia","ETH","ETH",12,"Austria","AUS","AUT",90,54,"0","-","0","0","0"
1,"8Pa1wO",1,652,2008,58,"Ethiopia","ETH","ETH",12,"Austria","AUS","AUT",98,54,"0","-","0","0","0"
1,"8Pa1wO",1,653,2009,58,"Ethiopia","ETH","ETH",12,"Austria","AUS","AUT",113,48,"0","-","0","0","0"
1,"8Pa1wO",1,654,2010,58,"Ethiopia","ETH","ETH",12,"Austria","AUS","AUT",127,49,"0","-","0","0","0"
1,"8Pa1wO",1,655,2011,58,"Ethiopia","ETH","ETH",12,"Austria","AUS","AUT",139,38,"0","-","0","0","0"
1,"8Pa1wO",1,656,2012,58,"Ethiopia","ETH","ETH",12,"Austria","AUS","AUT",143,42,"0","-","0","0","0"
1,"8Pa1wO",1,657,2013,58,"Ethiopia","ETH","ETH",12,"Austria","AUS","AUT",136,54,"0","-","0","0","0"
1,"8Pa1wO",1,658,2014,58,"Ethiopia","ETH","ETH",12,"Austria","AUS","AUT",144,"0","0","-","0","0","0"
1,"8Pa1wO",1,659,2015,58,"Ethiopia","ETH","ETH",12,"Austria","AUS","AUT",145,94,"0","-","0","0","0"
1,"8Pa1wO",1,660,2016,58,"Ethiopia","ETH","ETH",12,"Austria","AUS","AUT",146,170,"0","-","0","0","0"
1,"8Pa1wO",1,661,2017,58,"Ethiopia","ETH","ETH",12,"Austria","AUS","AUT",188,145,"0","-","0","0","0"
1,"8Pa1wO",1,662,2018,58,"Ethiopia","ETH","ETH",12,"Austria","AUS","AUT",218,118,"0","-","0","0","0"
1,"8Pa1wO",1,663,2019,58,"Ethiopia","ETH","ETH",12,"Austria","AUS","AUT",228,77,"0","-","0","0","0"
1,"8Pa1wO",1,664,2020,58,"Ethiopia","ETH","ETH",12,"Austria","AUS","AUT",231,60,"0","-","0","0","0"
1,"8Pa1wO",1,665,2021,58,"Ethiopia","ETH","ETH",12,"Austria","AUS","AUT",241,67,"0","-","0","0","0"
1,"8Pa1wO",1,666,2022,58,"Ethiopia","ETH","ETH",12,"Austria","AUS","AUT",262,43,"0","-","0","0","0"
1,"8Pa1wO",1,667,2023,58,"Ethiopia","ETH","ETH",12,"Austria","AUS","AUT",246,47,"0","-","0","0","0"
1,"8Pa1wO",1,668,2024,58,"Ethiopia","ETH","ETH",12,"Austria","AUS","AUT",265,71,"0","-","0","0","0"
1,"8Pa1wO",1,669,2025,58,"Ethiopia","ETH","ETH",12,"Austria","AUS","AUT",291,76,"0","-","0","0","0"
1,"8Pa1wO",1,670,2006,67,"Gabon","GAB","GAB",12,"Austria","AUS","AUT","0",5,"0","-","0","0","0"
1,"8Pa1wO",1,671,2007,67,"Gabon","GAB","GAB",12,"Austria","AUS","AUT","0",5,"0","-","0","0","0"
1,"8Pa1wO",1,672,2008,67,"Gabon","GAB","GAB",12,"Austria","AUS","AUT","0",5,"0","-","0","0","0"
1,"8Pa1wO",1,673,2009,67,"Gabon","GAB","GAB",12,"Austria","AUS","AUT","0",7,"0","-","0","0","0"
1,"8Pa1wO",1,674,2010,67,"Gabon","GAB","GAB",12,"Austria","AUS","AUT","0",7,"0","-","0","0","0"
1,"8Pa1wO",1,675,2011,67,"Gabon","GAB","GAB",12,"Austria","AUS","AUT","0",6,"0","-","0","0","0"
1,"8Pa1wO",1,676,2012,67,"Gabon","GAB","GAB",12,"Austria","AUS","AUT","0",7,"0","-","0","0","0"
1,"8Pa1wO",1,677,2013,67,"Gabon","GAB","GAB",12,"Austria","AUS","AUT","0",8,"0","-","0","0","0"
1,"8Pa1wO",1,678,2015,67,"Gabon","GAB","GAB",12,"Austria","AUS","AUT","0",5,"0","-","0","0","0"
1,"8Pa1wO",1,679,2016,67,"Gabon","GAB","GAB",12,"Austria","AUS","AUT","0",6,"0","-","0","0","0"
1,"8Pa1wO",1,680,2017,67,"Gabon","GAB","GAB",12,"Austria","AUS","AUT","0",5,"0","-","0","0","0"
1,"8Pa1wO",1,681,2018,67,"Gabon","GAB","GAB",12,"Austria","AUS","AUT",5,"0","0","-","0","0","0"
1,"8Pa1wO",1,682,2019,67,"Gabon","GAB","GAB",12,"Austria","AUS","AUT",5,"0","0","-","0","0","0"
1,"8Pa1wO",1,683,2020,67,"Gabon","GAB","GAB",12,"Austria","AUS","AUT",5,"0","0","-","0","0","0"
1,"8Pa1wO",1,684,2021,67,"Gabon","GAB","GAB",12,"Austria","AUS","AUT",5,"0","0","-","0","0","0"
1,"8Pa1wO",1,685,2022,67,"Gabon","GAB","GAB",12,"Austria","AUS","AUT",5,"0","0","-","0","0","0"
1,"8Pa1wO",1,686,2023,67,"Gabon","GAB","GAB",12,"Austria","AUS","AUT",5,"0","0","-","0","0","0"
1,"8Pa1wO",1,687,2024,67,"Gabon","GAB","GAB",12,"Austria","AUS","AUT",5,"0","0","-","0","0","0"
1,"8Pa1wO",1,688,2002,68,"Gambia","GAM","GMB",12,"Austria","AUS","AUT",5,"0","0","-","0","0","0"
1,"8Pa1wO",1,689,2003,68,"Gambia","GAM","GMB",12,"Austria","AUS","AUT",6,"0","0","-","0","0","0"
1,"8Pa1wO",1,690,2004,68,"Gambia","GAM","GMB",12,"Austria","AUS","AUT",13,"0","0","-","0","0","0"
1,"8Pa1wO",1,691,2005,68,"Gambia","GAM","GMB",12,"Austria","AUS","AUT",12,"0","0","-","0","0","0"
1,"8Pa1wO",1,692,2006,68,"Gambia","GAM","GMB",12,"Austria","AUS","AUT",19,306,"0","-","0","0","0"
1,"8Pa1wO",1,693,2007,68,"Gambia","GAM","GMB",12,"Austria","AUS","AUT",24,268,"0","-","0","0","0"
1,"8Pa1wO",1,694,2008,68,"Gambia","GAM","GMB",12,"Austria","AUS","AUT",33,214,"0","-","0","0","0"
1,"8Pa1wO",1,695,2009,68,"Gambia","GAM","GMB",12,"Austria","AUS","AUT",48,189,"0","-","0","0","0"
1,"8Pa1wO",1,696,2010,68,"Gambia","GAM","GMB",12,"Austria","AUS","AUT",71,112,"0","-","0","0","0"
1,"8Pa1wO",1,697,2011,68,"Gambia","GAM","GMB",12,"Austria","AUS","AUT",83,103,"0","-","0","0","0"
1,"8Pa1wO",1,698,2012,68,"Gambia","GAM","GMB",12,"Austria","AUS","AUT",90,95,"0","-","0","0","0"
1,"8Pa1wO",1,699,2013,68,"Gambia","GAM","GMB",12,"Austria","AUS","AUT",101,108,"0","-","0","0","0"
1,"8Pa1wO",1,700,2014,68,"Gambia","GAM","GMB",12,"Austria","AUS","AUT",100,"0","0","-","0","0","0"
1,"8Pa1wO",1,701,2015,68,"Gambia","GAM","GMB",12,"Austria","AUS","AUT",122,205,"0","-","0","0","0"
1,"8Pa1wO",1,702,2016,68,"Gambia","GAM","GMB",12,"Austria","AUS","AUT",124,254,"0","-","0","0","0"
1,"8Pa1wO",1,703,2017,68,"Gambia","GAM","GMB",12,"Austria","AUS","AUT",134,219,"0","-","0","0","0"
1,"8Pa1wO",1,704,2018,68,"Gambia","GAM","GMB",12,"Austria","AUS","AUT",138,153,"0","-","0","0","0"
1,"8Pa1wO",1,705,2019,68,"Gambia","GAM","GMB",12,"Austria","AUS","AUT",133,114,"0","-","0","0","0"
1,"8Pa1wO",1,706,2020,68,"Gambia","GAM","GMB",12,"Austria","AUS","AUT",115,86,"0","-","0","0","0"
1,"8Pa1wO",1,707,2021,68,"Gambia","GAM","GMB",12,"Austria","AUS","AUT",112,66,"0","-","0","0","0"
1,"8Pa1wO",1,708,2022,68,"Gambia","GAM","GMB",12,"Austria","AUS","AUT",118,32,"0","-","0","0","0"
1,"8Pa1wO",1,709,2023,68,"Gambia","GAM","GMB",12,"Austria","AUS","AUT",102,27,"0","-","0","0","0"
1,"8Pa1wO",1,710,2024,68,"Gambia","GAM","GMB",12,"Austria","AUS","AUT",111,36,"0","-","0","0","0"
1,"8Pa1wO",1,711,2025,68,"Gambia","GAM","GMB",12,"Austria","AUS","AUT",102,35,"0","-","0","0","0"
1,"8Pa1wO",1,712,2021,70,"United Kingdom of Great Britain and Northern Ireland","GBR","GBR",12,"Austria","AUS","AUT",5,"0","0","-","0","0","0"
1,"8Pa1wO",1,713,2022,70,"United Kingdom of Great Britain and Northern Ireland","GBR","GBR",12,"Austria","AUS","AUT",5,5,"0","-","0","0","0"
1,"8Pa1wO",1,714,2023,70,"United Kingdom of Great Britain and Northern Ireland","GBR","GBR",12,"Austria","AUS","AUT",8,5,"0","-","0","0","0"
1,"8Pa1wO",1,715,2024,70,"United Kingdom of Great Britain and Northern Ireland","GBR","GBR",12,"Austria","AUS","AUT",14,"0","0","-","0","0","0"
1,"8Pa1wO",1,716,2025,70,"United Kingdom of Great Britain and Northern Ireland","GBR","GBR",12,"Austria","AUS","AUT",14,"0","0","-","0","0","0"
1,"8Pa1wO",1,717,2000,71,"Georgia","GEO","GEO",12,"Austria","AUS","AUT",5,"0","0","-","0","0","0"
1,"8Pa1wO",1,718,2001,71,"Georgia","GEO","GEO",12,"Austria","AUS","AUT",9,"0","0","-","0","0","0"
1,"8Pa1wO",1,719,2002,71,"Georgia","GEO","GEO",12,"Austria","AUS","AUT",22,"0","0","-","0","0","0"
1,"8Pa1wO",1,720,2003,71,"Georgia","GEO","GEO",12,"Austria","AUS","AUT",82,"0","0","-","0","0","0"
1,"8Pa1wO",1,721,2004,71,"Georgia","GEO","GEO",12,"Austria","AUS","AUT",153,"0","0","-","0","0","0"
1,"8Pa1wO",1,722,2005,71,"Georgia","GEO","GEO",12,"Austria","AUS","AUT",226,"0","0","-","0","0","0"
1,"8Pa1wO",1,723,2006,71,"Georgia","GEO","GEO",12,"Austria","AUS","AUT",291,1752,"0","-","0","0","0"
1,"8Pa1wO",1,724,2007,71,"Georgia","GEO","GEO",12,"Austria","AUS","AUT",377,1375,"0","-","0","0","0"
1,"8Pa1wO",1,725,2008,71,"Georgia","GEO","GEO",12,"Austria","AUS","AUT",532,1350,"0","-","0","0","0"
1,"8Pa1wO",1,726,2009,71,"Georgia","GEO","GEO",12,"Austria","AUS","AUT",654,1188,"0","-","0","0","0"
1,"8Pa1wO",1,727,2010,71,"Georgia","GEO","GEO",12,"Austria","AUS","AUT",730,643,"0","-","0","0","0"
1,"8Pa1wO",1,728,2011,71,"Georgia","GEO","GEO",12,"Austria","AUS","AUT",774,410,"0","-","0","0","0"
1,"8Pa1wO",1,729,2012,71,"Georgia","GEO","GEO",12,"Austria","AUS","AUT",819,326,"0","-","0","0","0"
1,"8Pa1wO",1,730,2013,71,"Georgia","GEO","GEO",12,"Austria","AUS","AUT",788,322,"0","-","0","0","0"
1,"8Pa1wO",1,731,2014,71,"Georgia","GEO","GEO",12,"Austria","AUS","AUT",739,"0","0","-","0","0","0"
1,"8Pa1wO",1,732,2015,71,"Georgia","GEO","GEO",12,"Austria","AUS","AUT",681,698,"0","-","0","0","0"
1,"8Pa1wO",1,733,2016,71,"Georgia","GEO","GEO",12,"Austria","AUS","AUT",630,742,"0","-","0","0","0"
1,"8Pa1wO",1,734,2017,71,"Georgia","GEO","GEO",12,"Austria","AUS","AUT",555,734,"0","-","0","0","0"
1,"8Pa1wO",1,735,2018,71,"Georgia","GEO","GEO",12,"Austria","AUS","AUT",478,581,"0","-","0","0","0"
1,"8Pa1wO",1,736,2019,71,"Georgia","GEO","GEO",12,"Austria","AUS","AUT",392,392,"0","-","0","0","0"
1,"8Pa1wO",1,737,2020,71,"Georgia","GEO","GEO",12,"Austria","AUS","AUT",335,251,"0","-","0","0","0"
1,"8Pa1wO",1,738,2021,71,"Georgia","GEO","GEO",12,"Austria","AUS","AUT",309,211,"0","-","0","0","0"
1,"8Pa1wO",1,739,2022,71,"Georgia","GEO","GEO",12,"Austria","AUS","AUT",323,290,"0","-","0","0","0"
1,"8Pa1wO",1,740,2023,71,"Georgia","GEO","GEO",12,"Austria","AUS","AUT",308,248,"0","-","0","0","0"
1,"8Pa1wO",1,741,2024,71,"Georgia","GEO","GEO",12,"Austria","AUS","AUT",395,145,"0","-","0","0","0"
1,"8Pa1wO",1,742,2025,71,"Georgia","GEO","GEO",12,"Austria","AUS","AUT",385,184,"0","-","0","0","0"
1,"8Pa1wO",1,743,2021,72,"Germany","GFR","DEU",12,"Austria","AUS","AUT","0",5,"0","-","0","0","0"
1,"8Pa1wO",1,744,1998,73,"Ghana","GHA","GHA",12,"Austria","AUS","AUT",39,"0","0","-","0","0","0"
1,"8Pa1wO",1,745,1999,73,"Ghana","GHA","GHA",12,"Austria","AUS","AUT",39,"0","0","-","0","0","0"
1,"8Pa1wO",1,746,2000,73,"Ghana","GHA","GHA",12,"Austria","AUS","AUT",38,"0","0","-","0","0","0"
1,"8Pa1wO",1,747,2001,73,"Ghana","GHA","GHA",12,"Austria","AUS","AUT",34,"0","0","-","0","0","0"
1,"8Pa1wO",1,748,2002,73,"Ghana","GHA","GHA",12,"Austria","AUS","AUT",26,"0","0","-","0","0","0"
1,"8Pa1wO",1,749,2003,73,"Ghana","GHA","GHA",12,"Austria","AUS","AUT",26,"0","0","-","0","0","0"
1,"8Pa1wO",1,750,2004,73,"Ghana","GHA","GHA",12,"Austria","AUS","AUT",29,"0","0","-","0","0","0"
1,"8Pa1wO",1,751,2005,73,"Ghana","GHA","GHA",12,"Austria","AUS","AUT",20,"0","0","-","0","0","0"
1,"8Pa1wO",1,752,2006,73,"Ghana","GHA","GHA",12,"Austria","AUS","AUT",19,233,"0","-","0","0","0"
1,"8Pa1wO",1,753,2007,73,"Ghana","GHA","GHA",12,"Austria","AUS","AUT",18,196,"0","-","0","0","0"
1,"8Pa1wO",1,754,2008,73,"Ghana","GHA","GHA",12,"Austria","AUS","AUT",23,157,"0","-","0","0","0"
1,"8Pa1wO",1,755,2009,73,"Ghana","GHA","GHA",12,"Austria","AUS","AUT",31,120,"0","-","0","0","0"
1,"8Pa1wO",1,756,2010,73,"Ghana","GHA","GHA",12,"Austria","AUS","AUT",35,39,"0","-","0","0","0"
1,"8Pa1wO",1,757,2011,73,"Ghana","GHA","GHA",12,"Austria","AUS","AUT",35,43,"0","-","0","0","0"
1,"8Pa1wO",1,758,2012,73,"Ghana","GHA","GHA",12,"Austria","AUS","AUT",37,28,"0","-","0","0","0"
1,"8Pa1wO",1,759,2013,73,"Ghana","GHA","GHA",12,"Austria","AUS","AUT",39,34,"0","-","0","0","0"
1,"8Pa1wO",1,760,2014,73,"Ghana","GHA","GHA",12,"Austria","AUS","AUT",35,"0","0","-","0","0","0"
1,"8Pa1wO",1,761,2015,73,"Ghana","GHA","GHA",12,"Austria","AUS","AUT",33,98,"0","-","0","0","0"
1,"8Pa1wO",1,762,2016,73,"Ghana","GHA","GHA",12,"Austria","AUS","AUT",28,112,"0","-","0","0","0"
1,"8Pa1wO",1,763,2017,73,"Ghana","GHA","GHA",12,"Austria","AUS","AUT",31,71,"0","-","0","0","0"
1,"8Pa1wO",1,764,2018,73,"Ghana","GHA","GHA",12,"Austria","AUS","AUT",25,51,"0","-","0","0","0"
1,"8Pa1wO",1,765,2019,73,"Ghana","GHA","GHA",12,"Austria","AUS","AUT",19,36,"0","-","0","0","0"
1,"8Pa1wO",1,766,2020,73,"Ghana","GHA","GHA",12,"Austria","AUS","AUT",17,28,"0","-","0","0","0"
1,"8Pa1wO",1,767,2021,73,"Ghana","GHA","GHA",12,"Austria","AUS","AUT",17,23,"0","-","0","0","0"
1,"8Pa1wO",1,768,2022,73,"Ghana","GHA","GHA",12,"Austria","AUS","AUT",16,22,"0","-","0","0","0"
1,"8Pa1wO",1,769,2023,73,"Ghana","GHA","GHA",12,"Austria","AUS","AUT",14,19,"0","-","0","0","0"
1,"8Pa1wO",1,770,2024,73,"Ghana","GHA","GHA",12,"Austria","AUS","AUT",16,15,"0","-","0","0","0"
1,"8Pa1wO",1,771,2025,73,"Ghana","GHA","GHA",12,"Austria","AUS","AUT",17,12,"0","-","0","0","0"
1,"8Pa1wO",1,772,2006,75,"Guinea-Bissau","GNB","GNB",12,"Austria","AUS","AUT","0",69,"0","-","0","0","0"
1,"8Pa1wO",1,773,2007,75,"Guinea-Bissau","GNB","GNB",12,"Austria","AUS","AUT","0",40,"0","-","0","0","0"
1,"8Pa1wO",1,774,2008,75,"Guinea-Bissau","GNB","GNB",12,"Austria","AUS","AUT","0",34,"0","-","0","0","0"
1,"8Pa1wO",1,775,2009,75,"Guinea-Bissau","GNB","GNB",12,"Austria","AUS","AUT","0",38,"0","-","0","0","0"
1,"8Pa1wO",1,776,2010,75,"Guinea-Bissau","GNB","GNB",12,"Austria","AUS","AUT","0",34,"0","-","0","0","0"
1,"8Pa1wO",1,777,2011,75,"Guinea-Bissau","GNB","GNB",12,"Austria","AUS","AUT","0",38,"0","-","0","0","0"
1,"8Pa1wO",1,778,2012,75,"Guinea-Bissau","GNB","GNB",12,"Austria","AUS","AUT",5,25,"0","-","0","0","0"
1,"8Pa1wO",1,779,2013,75,"Guinea-Bissau","GNB","GNB",12,"Austria","AUS","AUT",5,20,"0","-","0","0","0"
1,"8Pa1wO",1,780,2014,75,"Guinea-Bissau","GNB","GNB",12,"Austria","AUS","AUT",5,"0","0","-","0","0","0"
1,"8Pa1wO",1,781,2015,75,"Guinea-Bissau","GNB","GNB",12,"Austria","AUS","AUT",5,22,"0","-","0","0","0"
1,"8Pa1wO",1,782,2016,75,"Guinea-Bissau","GNB","GNB",12,"Austria","AUS","AUT",5,19,"0","-","0","0","0"
1,"8Pa1wO",1,783,2017,75,"Guinea-Bissau","GNB","GNB",12,"Austria","AUS","AUT",5,13,"0","-","0","0","0"
1,"8Pa1wO",1,784,2018,75,"Guinea-Bissau","GNB","GNB",12,"Austria","AUS","AUT",5,7,"0","-","0","0","0"
1,"8Pa1wO",1,785,2019,75,"Guinea-Bissau","GNB","GNB",12,"Austria","AUS","AUT",5,5,"0","-","0","0","0"
1,"8Pa1wO",1,786,2020,75,"Guinea-Bissau","GNB","GNB",12,"Austria","AUS","AUT",5,5,"0","-","0","0","0"
1,"8Pa1wO",1,787,2021,75,"Guinea-Bissau","GNB","GNB",12,"Austria","AUS","AUT",5,5,"0","-","0","0","0"
1,"8Pa1wO",1,788,2022,75,"Guinea-Bissau","GNB","GNB",12,"Austria","AUS","AUT",5,5,"0","-","0","0","0"
1,"8Pa1wO",1,789,2023,75,"Guinea-Bissau","GNB","GNB",12,"Austria","AUS","AUT",5,5,"0","-","0","0","0"
1,"8Pa1wO",1,790,2024,75,"Guinea-Bissau","GNB","GNB",12,"Austria","AUS","AUT",5,"0","0","-","0","0","0"
1,"8Pa1wO",1,791,2025,75,"Guinea-Bissau","GNB","GNB",12,"Austria","AUS","AUT",5,"0","0","-","0","0","0"
1,"8Pa1wO",1,792,2024,76,"Greece","GRE","GRC",12,"Austria","AUS","AUT","0",5,"0","-","0","0","0"
1,"8Pa1wO",1,793,2007,78,"Guatemala","GUA","GTM",12,"Austria","AUS","AUT","0",5,"0","-","0","0","0"
1,"8Pa1wO",1,794,2008,78,"Guatemala","GUA","GTM",12,"Austria","AUS","AUT",5,"0","0","-","0","0","0"
1,"8Pa1wO",1,795,2009,78,"Guatemala","GUA","GTM",12,"Austria","AUS","AUT",5,"0","0","-","0","0","0"
1,"8Pa1wO",1,796,2010,78,"Guatemala","GUA","GTM",12,"Austria","AUS","AUT",5,"0","0","-","0","0","0"
1,"8Pa1wO",1,797,2011,78,"Guatemala","GUA","GTM",12,"Austria","AUS","AUT",5,"0","0","-","0","0","0"
1,"8Pa1wO",1,798,2012,78,"Guatemala","GUA","GTM",12,"Austria","AUS","AUT",5,"0","0","-","0","0","0"
1,"8Pa1wO",1,799,2013,78,"Guatemala","GUA","GTM",12,"Austria","AUS","AUT",6,"0","0","-","0","0","0"
1,"8Pa1wO",1,800,2014,78,"Guatemala","GUA","GTM",12,"Austria","AUS","AUT",6,"0","0","-","0","0","0"
1,"8Pa1wO",1,801,2015,78,"Guatemala","GUA","GTM",12,"Austria","AUS","AUT",6,5,"0","-","0","0","0"
1,"8Pa1wO",1,802,2016,78,"Guatemala","GUA","GTM",12,"Austria","AUS","AUT",8,"0","0","-","0","0","0"
1,"8Pa1wO",1,803,2017,78,"Guatemala","GUA","GTM",12,"Austria","AUS","AUT",9,"0","0","-","0","0","0"
1,"8Pa1wO",1,804,2018,78,"Guatemala","GUA","GTM",12,"Austria","AUS","AUT",5,"0","0","-","0","0","0"
1,"8Pa1wO",1,805,2019,78,"Guatemala","GUA","GTM",12,"Austria","AUS","AUT",6,"0","0","-","0","0","0"
1,"8Pa1wO",1,806,2020,78,"Guatemala","GUA","GTM",12,"Austria","AUS","AUT",6,"0","0","-","0","0","0"
1,"8Pa1wO",1,807,2021,78,"Guatemala","GUA","GTM",12,"Austria","AUS","AUT",6,"0","0","-","0","0","0"
1,"8Pa1wO",1,808,2022,78,"Guatemala","GUA","GTM",12,"Austria","AUS","AUT",6,"0","0","-","0","0","0"
1,"8Pa1wO",1,809,2023,78,"Guatemala","GUA","GTM",12,"Austria","AUS","AUT",5,"0","0","-","0","0","0"
1,"8Pa1wO",1,810,2024,78,"Guatemala","GUA","GTM",12,"Austria","AUS","AUT",5,5,"0","-","0","0","0"
1,"8Pa1wO",1,811,2025,78,"Guatemala","GUA","GTM",12,"Austria","AUS","AUT",5,"0","0","-","0","0","0"
1,"8Pa1wO",1,812,1998,79,"Guinea","GUI","GIN",12,"Austria","AUS","AUT",5,"0","0","-","0","0","0"
1,"8Pa1wO",1,813,1999,79,"Guinea","GUI","GIN",12,"Austria","AUS","AUT",7,"0","0","-","0","0","0"
1,"8Pa1wO",1,814,2000,79,"Guinea","GUI","GIN",12,"Austria","AUS","AUT",7,"0","0","-","0","0","0"
1,"8Pa1wO",1,815,2001,79,"Guinea","GUI","GIN",12,"Austria","AUS","AUT",8,"0","0","-","0","0","0"
1,"8Pa1wO",1,816,2002,79,"Guinea","GUI","GIN",12,"Austria","AUS","AUT",9,"0","0","-","0","0","0"
1,"8Pa1wO",1,817,2003,79,"Guinea","GUI","GIN",12,"Austria","AUS","AUT",12,"0","0","-","0","0","0"
1,"8Pa1wO",1,818,2004,79,"Guinea","GUI","GIN",12,"Austria","AUS","AUT",15,"0","0","-","0","0","0"
1,"8Pa1wO",1,819,2005,79,"Guinea","GUI","GIN",12,"Austria","AUS","AUT",21,"0","0","-","0","0","0"
1,"8Pa1wO",1,820,2006,79,"Guinea","GUI","GIN",12,"Austria","AUS","AUT",26,112,"0","-","0","0","0"
1,"8Pa1wO",1,821,2007,79,"Guinea","GUI","GIN",12,"Austria","AUS","AUT",29,88,"0","-","0","0","0"
1,"8Pa1wO",1,822,2008,79,"Guinea","GUI","GIN",12,"Austria","AUS","AUT",36,88,"0","-","0","0","0"
1,"8Pa1wO",1,823,2009,79,"Guinea","GUI","GIN",12,"Austria","AUS","AUT",36,126,"0","-","0","0","0"
1,"8Pa1wO",1,824,2010,79,"Guinea","GUI","GIN",12,"Austria","AUS","AUT",47,113,"0","-","0","0","0"
1,"8Pa1wO",1,825,2011,79,"Guinea","GUI","GIN",12,"Austria","AUS","AUT",67,90,"0","-","0","0","0"
1,"8Pa1wO",1,826,2012,79,"Guinea","GUI","GIN",12,"Austria","AUS","AUT",74,91,"0","-","0","0","0"
1,"8Pa1wO",1,827,2013,79,"Guinea","GUI","GIN",12,"Austria","AUS","AUT",86,97,"0","-","0","0","0"
1,"8Pa1wO",1,828,2014,79,"Guinea","GUI","GIN",12,"Austria","AUS","AUT",95,"0","0","-","0","0","0"
1,"8Pa1wO",1,829,2015,79,"Guinea","GUI","GIN",12,"Austria","AUS","AUT",126,68,"0","-","0","0","0"
1,"8Pa1wO",1,830,2016,79,"Guinea","GUI","GIN",12,"Austria","AUS","AUT",139,84,"0","-","0","0","0"
1,"8Pa1wO",1,831,2017,79,"Guinea","GUI","GIN",12,"Austria","AUS","AUT",142,82,"0","-","0","0","0"
1,"8Pa1wO",1,832,2018,79,"Guinea","GUI","GIN",12,"Austria","AUS","AUT",139,60,"0","-","0","0","0"
1,"8Pa1wO",1,833,2019,79,"Guinea","GUI","GIN",12,"Austria","AUS","AUT",148,39,"0","-","0","0","0"
1,"8Pa1wO",1,834,2020,79,"Guinea","GUI","GIN",12,"Austria","AUS","AUT",142,34,"0","-","0","0","0"
1,"8Pa1wO",1,835,2021,79,"Guinea","GUI","GIN",12,"Austria","AUS","AUT",125,30,"0","-","0","0","0"
1,"8Pa1wO",1,836,2022,79,"Guinea","GUI","GIN",12,"Austria","AUS","AUT",129,20,"0","-","0","0","0"
1,"8Pa1wO",1,837,2023,79,"Guinea","GUI","GIN",12,"Austria","AUS","AUT",102,17,"0","-","0","0","0"
1,"8Pa1wO",1,838,2024,79,"Guinea","GUI","GIN",12,"Austria","AUS","AUT",108,13,"0","-","0","0","0"
1,"8Pa1wO",1,839,2025,79,"Guinea","GUI","GIN",12,"Austria","AUS","AUT",90,12,"0","-","0","0","0"
1,"8Pa1wO",1,840,1998,84,"Croatia","HRV","HRV",12,"Austria","AUS","AUT",15,"0","0","-","0","0","0"
1,"8Pa1wO",1,841,1999,84,"Croatia","HRV","HRV",12,"Austria","AUS","AUT",19,"0","0","-","0","0","0"
1,"8Pa1wO",1,842,2000,84,"Croatia","HRV","HRV",12,"Austria","AUS","AUT",26,"0","0","-","0","0","0"
1,"8Pa1wO",1,843,2001,84,"Croatia","HRV","HRV",12,"Austria","AUS","AUT",26,"0","0","-","0","0","0"
1,"8Pa1wO",1,844,2002,84,"Croatia","HRV","HRV",12,"Austria","AUS","AUT",26,"0","0","-","0","0","0"
1,"8Pa1wO",1,845,2003,84,"Croatia","HRV","HRV",12,"Austria","AUS","AUT",26,"0","0","-","0","0","0"
1,"8Pa1wO",1,846,2004,84,"Croatia","HRV","HRV",12,"Austria","AUS","AUT",30,"0","0","-","0","0","0"
1,"8Pa1wO",1,847,2005,84,"Croatia","HRV","HRV",12,"Austria","AUS","AUT",23,"0","0","-","0","0","0"
1,"8Pa1wO",1,848,2006,84,"Croatia","HRV","HRV",12,"Austria","AUS","AUT",17,28,"0","-","0","0","0"
1,"8Pa1wO",1,849,2007,84,"Croatia","HRV","HRV",12,"Austria","AUS","AUT",17,22,"0","-","0","0","0"
1,"8Pa1wO",1,850,2008,84,"Croatia","HRV","HRV",12,"Austria","AUS","AUT",17,19,"0","-","0","0","0"
1,"8Pa1wO",1,851,2009,84,"Croatia","HRV","HRV",12,"Austria","AUS","AUT",15,11,"0","-","0","0","0"
1,"8Pa1wO",1,852,2010,84,"Croatia","HRV","HRV",12,"Austria","AUS","AUT",8,9,"0","-","0","0","0"
1,"8Pa1wO",1,853,2011,84,"Croatia","HRV","HRV",12,"Austria","AUS","AUT",8,5,"0","-","0","0","0"
1,"8Pa1wO",1,854,2012,84,"Croatia","HRV","HRV",12,"Austria","AUS","AUT",9,11,"0","-","0","0","0"
1,"8Pa1wO",1,855,2013,84,"Croatia","HRV","HRV",12,"Austria","AUS","AUT",9,5,"0","-","0","0","0"
1,"8Pa1wO",1,856,2014,84,"Croatia","HRV","HRV",12,"Austria","AUS","AUT",5,"0","0","-","0","0","0"
1,"8Pa1wO",1,857,2015,84,"Croatia","HRV","HRV",12,"Austria","AUS","AUT",5,5,"0","-","0","0","0"
1,"8Pa1wO",1,858,2016,84,"Croatia","HRV","HRV",12,"Austria","AUS","AUT",5,"0","0","-","0","0","0"
1,"8Pa1wO",1,859,2017,84,"Croatia","HRV","HRV",12,"Austria","AUS","AUT",5,"0","0","-","0","0","0"
1,"8Pa1wO",1,860,2018,84,"Croatia","HRV","HRV",12,"Austria","AUS","AUT",5,"0","0","-","0","0","0"
1,"8Pa1wO",1,861,1998,85,"Hungary","HUN","HUN",12,"Austria","AUS","AUT",32,"0","0","-","0","0","0"
1,"8Pa1wO",1,862,2006,85,"Hungary","HUN","HUN",12,"Austria","AUS","AUT","0",5,"0","-","0","0","0"
1,"8Pa1wO",1,863,2016,85,"Hungary","HUN","HUN",12,"Austria","AUS","AUT","0",6,"0","-","0","0","0"
1,"8Pa1wO",1,864,2018,85,"Hungary","HUN","HUN",12,"Austria","AUS","AUT","0",8,"0","-","0","0","0"
1,"8Pa1wO",1,865,2020,85,"Hungary","HUN","HUN",12,"Austria","AUS","AUT","0",5,"0","-","0","0","0"
1,"8Pa1wO",1,866,2021,85,"Hungary","HUN","HUN",12,"Austria","AUS","AUT","0",5,"0","-","0","0","0"
1,"8Pa1wO",1,867,2024,85,"Hungary","HUN","HUN",12,"Austria","AUS","AUT","0",7,"0","-","0","0","0"
1,"8Pa1wO",1,868,2025,85,"Hungary","HUN","HUN",12,"Austria","AUS","AUT","0",8,"0","-","0","0","0"
1,"8Pa1wO",1,869,1998,87,"Cote d'Ivoire","ICO","CIV",12,"Austria","AUS","AUT",5,"0","0","-","0","0","0"
1,"8Pa1wO",1,870,1999,87,"Cote d'Ivoire","ICO","CIV",12,"Austria","AUS","AUT",5,"0","0","-","0","0","0"
1,"8Pa1wO",1,871,2000,87,"Cote d'Ivoire","ICO","CIV",12,"Austria","AUS","AUT",5,"0","0","-","0","0","0"
1,"8Pa1wO",1,872,2001,87,"Cote d'Ivoire","ICO","CIV",12,"Austria","AUS","AUT",5,"0","0","-","0","0","0"
1,"8Pa1wO",1,873,2002,87,"Cote d'Ivoire","ICO","CIV",12,"Austria","AUS","AUT",5,"0","0","-","0","0","0"
1,"8Pa1wO",1,874,2003,87,"Cote d'Ivoire","ICO","CIV",12,"Austria","AUS","AUT",5,"0","0","-","0","0","0"
1,"8Pa1wO",1,875,2004,87,"Cote d'Ivoire","ICO","CIV",12,"Austria","AUS","AUT",7,"0","0","-","0","0","0"
1,"8Pa1wO",1,876,2005,87,"Cote d'Ivoire","ICO","CIV",12,"Austria","AUS","AUT",9,"0","0","-","0","0","0"
1,"8Pa1wO",1,877,2006,87,"Cote d'Ivoire","ICO","CIV",12,"Austria","AUS","AUT",9,52,"0","-","0","0","0"
1,"8Pa1wO",1,878,2007,87,"Cote d'Ivoire","ICO","CIV",12,"Austria","AUS","AUT",15,42,"0","-","0","0","0"
1,"8Pa1wO",1,879,2008,87,"Cote d'Ivoire","ICO","CIV",12,"Austria","AUS","AUT",21,33,"0","-","0","0","0"
1,"8Pa1wO",1,880,2009,87,"Cote d'Ivoire","ICO","CIV",12,"Austria","AUS","AUT",25,39,"0","-","0","0","0"
1,"8Pa1wO",1,881,2010,87,"Cote d'Ivoire","ICO","CIV",12,"Austria","AUS","AUT",28,38,"0","-","0","0","0"
1,"8Pa1wO",1,882,2011,87,"Cote d'Ivoire","ICO","CIV",12,"Austria","AUS","AUT",54,30,"0","-","0","0","0"
1,"8Pa1wO",1,883,2012,87,"Cote d'Ivoire","ICO","CIV",12,"Austria","AUS","AUT",60,28,"0","-","0","0","0"
1,"8Pa1wO",1,884,2013,87,"Cote d'Ivoire","ICO","CIV",12,"Austria","AUS","AUT",60,38,"0","-","0","0","0"
1,"8Pa1wO",1,885,2014,87,"Cote d'Ivoire","ICO","CIV",12,"Austria","AUS","AUT",66,"0","0","-","0","0","0"
1,"8Pa1wO",1,886,2015,87,"Cote d'Ivoire","ICO","CIV",12,"Austria","AUS","AUT",65,53,"0","-","0","0","0"
1,"8Pa1wO",1,887,2016,87,"Cote d'Ivoire","ICO","CIV",12,"Austria","AUS","AUT",71,46,"0","-","0","0","0"
1,"8Pa1wO",1,888,2017,87,"Cote d'Ivoire","ICO","CIV",12,"Austria","AUS","AUT",70,39,"0","-","0","0","0"
1,"8Pa1wO",1,889,2018,87,"Cote d'Ivoire","ICO","CIV",12,"Austria","AUS","AUT",70,33,"0","-","0","0","0"
1,"8Pa1wO",1,890,2019,87,"Cote d'Ivoire","ICO","CIV",12,"Austria","AUS","AUT",71,21,"0","-","0","0","0"
1,"8Pa1wO",1,891,2020,87,"Cote d'Ivoire","ICO","CIV",12,"Austria","AUS","AUT",68,14,"0","-","0","0","0"
1,"8Pa1wO",1,892,2021,87,"Cote d'Ivoire","ICO","CIV",12,"Austria","AUS","AUT",42,17,"0","-","0","0","0"
1,"8Pa1wO",1,893,2022,87,"Cote d'Ivoire","ICO","CIV",12,"Austria","AUS","AUT",45,8,"0","-","0","0","0"
1,"8Pa1wO",1,894,2023,87,"Cote d'Ivoire","ICO","CIV",12,"Austria","AUS","AUT",35,11,"0","-","0","0","0"
1,"8Pa1wO",1,895,2024,87,"Cote d'Ivoire","ICO","CIV",12,"Austria","AUS","AUT",36,7,"0","-","0","0","0"
1,"8Pa1wO",1,896,2025,87,"Cote d'Ivoire","ICO","CIV",12,"Austria","AUS","AUT",37,9,"0","-","0","0","0"
1,"8Pa1wO",1,897,1998,88,"India","IND","IND",12,"Austria","AUS","AUT",5,"0","0","-","0","0","0"
1,"8Pa1wO",1,898,1999,88,"India","IND","IND",12,"Austria","AUS","AUT",5,"0","0","-","0","0","0"
1,"8Pa1wO",1,899,2000,88,"India","IND","IND",12,"Austria","AUS","AUT",5,"0","0","-","0","0","0"
1,"8Pa1wO",1,900,2001,88,"India","IND","IND",12,"Austria","AUS","AUT",6,"0","0","-","0","0","0"
1,"8Pa1wO",1,901,2002,88,"India","IND","IND",12,"Austria","AUS","AUT",5,"0","0","-","0","0","0"
1,"8Pa1wO",1,902,2003,88,"India","IND","IND",12,"Austria","AUS","AUT",5,"0","0","-","0","0","0"
1,"8Pa1wO",1,903,2004,88,"India","IND","IND",12,"Austria","AUS","AUT",5,"0","0","-","0","0","0"
1,"8Pa1wO",1,904,2005,88,"India","IND","IND",12,"Austria","AUS","AUT",5,"0","0","-","0","0","0"
1,"8Pa1wO",1,905,2006,88,"India","IND","IND",12,"Austria","AUS","AUT",9,1429,"0","-","0","0","0"
1,"8Pa1wO",1,906,2007,88,"India","IND","IND",12,"Austria","AUS","AUT",10,1297,"0","-","0","0","0"
1,"8Pa1wO",1,907,2008,88,"India","IND","IND",12,"Austria","AUS","AUT",23,1066,"0","-","0","0","0"
1,"8Pa1wO",1,908,2009,88,"India","IND","IND",12,"Austria","AUS","AUT",37,851,"0","-","0","0","0"
1,"8Pa1wO",1,909,2010,88,"India","IND","IND",12,"Austria","AUS","AUT",43,588,"0","-","0","0","0"
1,"8Pa1wO",1,910,2011,88,"India","IND","IND",12,"Austria","AUS","AUT",48,499,"0","-","0","0","0"
1,"8Pa1wO",1,911,2012,88,"India","IND","IND",12,"Austria","AUS","AUT",50,545,"0","-","0","0","0"
1,"8Pa1wO",1,912,2013,88,"India","IND","IND",12,"Austria","AUS","AUT",53,442,"0","-","0","0","0"
1,"8Pa1wO",1,913,2014,88,"India","IND","IND",12,"Austria","AUS","AUT",56,"0","0","-","0","0","0"
1,"8Pa1wO",1,914,2015,88,"India","IND","IND",12,"Austria","AUS","AUT",61,655,"0","-","0","0","0"
1,"8Pa1wO",1,915,2016,88,"India","IND","IND",12,"Austria","AUS","AUT",63,770,"0","-","0","0","0"
1,"8Pa1wO",1,916,2017,88,"India","IND","IND",12,"Austria","AUS","AUT",63,600,"0","-","0","0","0"
1,"8Pa1wO",1,917,2018,88,"India","IND","IND",12,"Austria","AUS","AUT",56,390,"0","-","0","0","0"
1,"8Pa1wO",1,918,2019,88,"India","IND","IND",12,"Austria","AUS","AUT",44,325,"0","-","0","0","0"
1,"8Pa1wO",1,919,2020,88,"India","IND","IND",12,"Austria","AUS","AUT",40,216,"0","-","0","0","0"
1,"8Pa1wO",1,920,2021,88,"India","IND","IND",12,"Austria","AUS","AUT",37,595,"0","-","0","0","0"
1,"8Pa1wO",1,921,2022,88,"India","IND","IND",12,"Austria","AUS","AUT",38,7646,"0","-","0","0","0"
1,"8Pa1wO",1,922,2023,88,"India","IND","IND",12,"Austria","AUS","AUT",35,660,"0","-","0","0","0"
1,"8Pa1wO",1,923,2024,88,"India","IND","IND",12,"Austria","AUS","AUT",44,356,"0","-","0","0","0"
1,"8Pa1wO",1,924,2025,88,"India","IND","IND",12,"Austria","AUS","AUT",42,276,"0","-","0","0","0"
1,"8Pa1wO",1,925,1999,89,"Indonesia","INS","IDN",12,"Austria","AUS","AUT",5,"0","0","-","0","0","0"
1,"8Pa1wO",1,926,2000,89,"Indonesia","INS","IDN",12,"Austria","AUS","AUT",5,"0","0","-","0","0","0"
1,"8Pa1wO",1,927,2001,89,"Indonesia","INS","IDN",12,"Austria","AUS","AUT",5,"0","0","-","0","0","0"
1,"8Pa1wO",1,928,2002,89,"Indonesia","INS","IDN",12,"Austria","AUS","AUT",5,"0","0","-","0","0","0"
1,"8Pa1wO",1,929,2003,89,"Indonesia","INS","IDN",12,"Austria","AUS","AUT",5,"0","0","-","0","0","0"
1,"8Pa1wO",1,930,2004,89,"Indonesia","INS","IDN",12,"Austria","AUS","AUT",5,"0","0","-","0","0","0"
1,"8Pa1wO",1,931,2005,89,"Indonesia","INS","IDN",12,"Austria","AUS","AUT",5,"0","0","-","0","0","0"
1,"8Pa1wO",1,932,2006,89,"Indonesia","INS","IDN",12,"Austria","AUS","AUT",5,"0","0","-","0","0","0"
1,"8Pa1wO",1,933,2007,89,"Indonesia","INS","IDN",12,"Austria","AUS","AUT",5,"0","0","-","0","0","0"
1,"8Pa1wO",1,934,2008,89,"Indonesia","INS","IDN",12,"Austria","AUS","AUT",5,"0","0","-","0","0","0"
1,"8Pa1wO",1,935,2025,89,"Indonesia","INS","IDN",12,"Austria","AUS","AUT",5,5,"0","-","0","0","0"
1,"8Pa1wO",1,936,1998,91,"Iran (Islamic Rep. of)","IRN","IRN",12,"Austria","AUS","AUT",1561,"0","0","-","0","0","0"
1,"8Pa1wO",1,937,1999,91,"Iran (Islamic Rep. of)","IRN","IRN",12,"Austria","AUS","AUT",1533,"0","0","-","0","0","0"
1,"8Pa1wO",1,938,2000,91,"Iran (Islamic Rep. of)","IRN","IRN",12,"Austria","AUS","AUT",1480,"0","0","-","0","0","0"
1,"8Pa1wO",1,939,2001,91,"Iran (Islamic Rep. of)","IRN","IRN",12,"Austria","AUS","AUT",1251,"0","0","-","0","0","0"
1,"8Pa1wO",1,940,2002,91,"Iran (Islamic Rep. of)","IRN","IRN",12,"Austria","AUS","AUT",1076,"0","0","-","0","0","0"
1,"8Pa1wO",1,941,2003,91,"Iran (Islamic Rep. of)","IRN","IRN",12,"Austria","AUS","AUT",1112,"0","0","-","0","0","0"
1,"8Pa1wO",1,942,2004,91,"Iran (Islamic Rep. of)","IRN","IRN",12,"Austria","AUS","AUT",1445,"0","0","-","0","0","0"
1,"8Pa1wO",1,943,2005,91,"Iran (Islamic Rep. of)","IRN","IRN",12,"Austria","AUS","AUT",1589,"0","0","-","0","0","0"
1,"8Pa1wO",1,944,2006,91,"Iran (Islamic Rep. of)","IRN","IRN",12,"Austria","AUS","AUT",1679,855,"0","-","0","0","0"
1,"8Pa1wO",1,945,2007,91,"Iran (Islamic Rep. of)","IRN","IRN",12,"Austria","AUS","AUT",1929,661,"0","-","0","0","0"
1,"8Pa1wO",1,946,2008,91,"Iran (Islamic Rep. of)","IRN","IRN",12,"Austria","AUS","AUT",2112,586,"0","-","0","0","0"
1,"8Pa1wO",1,947,2009,91,"Iran (Islamic Rep. of)","IRN","IRN",12,"Austria","AUS","AUT",2183,606,"0","-","0","0","0"
1,"8Pa1wO",1,948,2010,91,"Iran (Islamic Rep. of)","IRN","IRN",12,"Austria","AUS","AUT",2357,577,"0","-","0","0","0"
1,"8Pa1wO",1,949,2011,91,"Iran (Islamic Rep. of)","IRN","IRN",12,"Austria","AUS","AUT",2509,624,"0","-","0","0","0"
1,"8Pa1wO",1,950,2012,91,"Iran (Islamic Rep. of)","IRN","IRN",12,"Austria","AUS","AUT",2816,804,"0","-","0","0","0"
1,"8Pa1wO",1,951,2013,91,"Iran (Islamic Rep. of)","IRN","IRN",12,"Austria","AUS","AUT",3188,687,"0","-","0","0","0"
1,"8Pa1wO",1,952,2014,91,"Iran (Islamic Rep. of)","IRN","IRN",12,"Austria","AUS","AUT",3203,"0","0","-","0","0","0"
1,"8Pa1wO",1,953,2015,91,"Iran (Islamic Rep. of)","IRN","IRN",12,"Austria","AUS","AUT",3379,3520,"0","-","0","0","0"
1,"8Pa1wO",1,954,2016,91,"Iran (Islamic Rep. of)","IRN","IRN",12,"Austria","AUS","AUT",3598,4490,"0","-","0","0","0"
1,"8Pa1wO",1,955,2017,91,"Iran (Islamic Rep. of)","IRN","IRN",12,"Austria","AUS","AUT",4565,3433,"0","-","0","0","0"
1,"8Pa1wO",1,956,2018,91,"Iran (Islamic Rep. of)","IRN","IRN",12,"Austria","AUS","AUT",5772,2490,"0","-","0","0","0"
1,"8Pa1wO",1,957,2019,91,"Iran (Islamic Rep. of)","IRN","IRN",12,"Austria","AUS","AUT",6393,2024,"0","-","0","0","0"
1,"8Pa1wO",1,958,2020,91,"Iran (Islamic Rep. of)","IRN","IRN",12,"Austria","AUS","AUT",6878,1441,"0","-","0","0","0"
1,"8Pa1wO",1,959,2021,91,"Iran (Islamic Rep. of)","IRN","IRN",12,"Austria","AUS","AUT",7209,1167,"0","-","0","0","0"
1,"8Pa1wO",1,960,2022,91,"Iran (Islamic Rep. of)","IRN","IRN",12,"Austria","AUS","AUT",7664,841,"0","-","0","0","0"
1,"8Pa1wO",1,961,2023,91,"Iran (Islamic Rep. of)","IRN","IRN",12,"Austria","AUS","AUT",6897,848,"0","-","0","0","0"
1,"8Pa1wO",1,962,2024,91,"Iran (Islamic Rep. of)","IRN","IRN",12,"Austria","AUS","AUT",7285,833,"0","-","0","0","0"
1,"8Pa1wO",1,963,2025,91,"Iran (Islamic Rep. of)","IRN","IRN",12,"Austria","AUS","AUT",7269,763,"0","-","0","0","0"
1,"8Pa1wO",1,964,1998,92,"Iraq","IRQ","IRQ",12,"Austria","AUS","AUT",1820,"0","0","-","0","0","0"
1,"8Pa1wO",1,965,1999,92,"Iraq","IRQ","IRQ",12,"Austria","AUS","AUT",1851,"0","0","-","0","0","0"
1,"8Pa1wO",1,966,2000,92,"Iraq","IRQ","IRQ",12,"Austria","AUS","AUT",1902,"0","0","-","0","0","0"
1,"8Pa1wO",1,967,2001,92,"Iraq","IRQ","IRQ",12,"Austria","AUS","AUT",1769,"0","0","-","0","0","0"
1,"8Pa1wO",1,968,2002,92,"Iraq","IRQ","IRQ",12,"Austria","AUS","AUT",1151,"0","0","-","0","0","0"
1,"8Pa1wO",1,969,2003,92,"Iraq","IRQ","IRQ",12,"Austria","AUS","AUT",1141,"0","0","-","0","0","0"
1,"8Pa1wO",1,970,2004,92,"Iraq","IRQ","IRQ",12,"Austria","AUS","AUT",1429,"0","0","-","0","0","0"
1,"8Pa1wO",1,971,2005,92,"Iraq","IRQ","IRQ",12,"Austria","AUS","AUT",1224,"0","0","-","0","0","0"
1,"8Pa1wO",1,972,2006,92,"Iraq","IRQ","IRQ",12,"Austria","AUS","AUT",1179,643,"0","-","0","0","0"
1,"8Pa1wO",1,973,2007,92,"Iraq","IRQ","IRQ",12,"Austria","AUS","AUT",1366,636,"0","-","0","0","0"
1,"8Pa1wO",1,974,2008,92,"Iraq","IRQ","IRQ",12,"Austria","AUS","AUT",1972,745,"0","-","0","0","0"
1,"8Pa1wO",1,975,2009,92,"Iraq","IRQ","IRQ",12,"Austria","AUS","AUT",2183,807,"0","-","0","0","0"
1,"8Pa1wO",1,976,2010,92,"Iraq","IRQ","IRQ",12,"Austria","AUS","AUT",2320,912,"0","-","0","0","0"
1,"8Pa1wO",1,977,2011,92,"Iraq","IRQ","IRQ",12,"Austria","AUS","AUT",2622,893,"0","-","0","0","0"
1,"8Pa1wO",1,978,2012,92,"Iraq","IRQ","IRQ",12,"Austria","AUS","AUT",2863,807,"0","-","0","0","0"
1,"8Pa1wO",1,979,2013,92,"Iraq","IRQ","IRQ",12,"Austria","AUS","AUT",2966,699,"0","-","0","0","0"
1,"8Pa1wO",1,980,2014,92,"Iraq","IRQ","IRQ",12,"Austria","AUS","AUT",3015,"0","0","-","0","0","0"
1,"8Pa1wO",1,981,2015,92,"Iraq","IRQ","IRQ",12,"Austria","AUS","AUT",3732,11742,"0","-","0","0","0"
1,"8Pa1wO",1,982,2016,92,"Iraq","IRQ","IRQ",12,"Austria","AUS","AUT",5555,10211,"0","-","0","0","0"
1,"8Pa1wO",1,983,2017,92,"Iraq","IRQ","IRQ",12,"Austria","AUS","AUT",7414,7805,"0","-","0","0","0"
1,"8Pa1wO",1,984,2018,92,"Iraq","IRQ","IRQ",12,"Austria","AUS","AUT",8295,5769,"0","-","0","0","0"
1,"8Pa1wO",1,985,2019,92,"Iraq","IRQ","IRQ",12,"Austria","AUS","AUT",8568,4733,"0","-","0","0","0"
1,"8Pa1wO",1,986,2020,92,"Iraq","IRQ","IRQ",12,"Austria","AUS","AUT",9152,3467,"0","-","0","0","0"
1,"8Pa1wO",1,987,2021,92,"Iraq","IRQ","IRQ",12,"Austria","AUS","AUT",9959,1637,"0","-","0","0","0"
1,"8Pa1wO",1,988,2022,92,"Iraq","IRQ","IRQ",12,"Austria","AUS","AUT",10340,1095,"0","-","0","0","0"
1,"8Pa1wO",1,989,2023,92,"Iraq","IRQ","IRQ",12,"Austria","AUS","AUT",9829,778,"0","-","0","0","0"
1,"8Pa1wO",1,990,2024,92,"Iraq","IRQ","IRQ",12,"Austria","AUS","AUT",10046,544,"0","-","0","0","0"
1,"8Pa1wO",1,991,2025,92,"Iraq","IRQ","IRQ",12,"Austria","AUS","AUT",9668,431,"0","-","0","0","0"
1,"8Pa1wO",1,992,2006,93,"Israel","ISR","ISR",12,"Austria","AUS","AUT","0",19,"0","-","0","0","0"
1,"8Pa1wO",1,993,2007,93,"Israel","ISR","ISR",12,"Austria","AUS","AUT","0",15,"0","-","0","0","0"
1,"8Pa1wO",1,994,2008,93,"Israel","ISR","ISR",12,"Austria","AUS","AUT","0",17,"0","-","0","0","0"
1,"8Pa1wO",1,995,2009,93,"Israel","ISR","ISR",12,"Austria","AUS","AUT","0",10,"0","-","0","0","0"
1,"8Pa1wO",1,996,2010,93,"Israel","ISR","ISR",12,"Austria","AUS","AUT","0",14,"0","-","0","0","0"
1,"8Pa1wO",1,997,2011,93,"Israel","ISR","ISR",12,"Austria","AUS","AUT","0",12,"0","-","0","0","0"
1,"8Pa1wO",1,998,2012,93,"Israel","ISR","ISR",12,"Austria","AUS","AUT","0",18,"0","-","0","0","0"
1,"8Pa1wO",1,999,2013,93,"Israel","ISR","ISR",12,"Austria","AUS","AUT","0",18,"0","-","0","0","0"
1,"8Pa1wO",1,1000,2014,93,"Israel","ISR","ISR",12,"Austria","AUS","AUT",10,"0","0","-","0","0","0"
1,"8Pa1wO",1,1001,2015,93,"Israel","ISR","ISR",12,"Austria","AUS","AUT",10,5,"0","-","0","0","0"
1,"8Pa1wO",1,1002,2016,93,"Israel","ISR","ISR",12,"Austria","AUS","AUT",10,7,"0","-","0","0","0"
1,"8Pa1wO",1,1003,2017,93,"Israel","ISR","ISR",12,"Austria","AUS","AUT",11,6,"0","-","0","0","0"
1,"8Pa1wO",1,1004,2018,93,"Israel","ISR","ISR",12,"Austria","AUS","AUT",11,5,"0","-","0","0","0"
1,"8Pa1wO",1,1005,2019,93,"Israel","ISR","ISR",12,"Austria","AUS","AUT",12,"0","0","-","0","0","0"
1,"8Pa1wO",1,1006,2020,93,"Israel","ISR","ISR",12,"Austria","AUS","AUT",10,"0","0","-","0","0","0"
1,"8Pa1wO",1,1007,2021,93,"Israel","ISR","ISR",12,"Austria","AUS","AUT",10,"0","0","-","0","0","0"
1,"8Pa1wO",1,1008,2022,93,"Israel","ISR","ISR",12,"Austria","AUS","AUT",10,5,"0","-","0","0","0"
1,"8Pa1wO",1,1009,2023,93,"Israel","ISR","ISR",12,"Austria","AUS","AUT","0",11,"0","-","0","0","0"
1,"8Pa1wO",1,1010,2024,93,"Israel","ISR","ISR",12,"Austria","AUS","AUT",47,13,"0","-","0","0","0"
1,"8Pa1wO",1,1011,2025,93,"Israel","ISR","ISR",12,"Austria","AUS","AUT",42,17,"0","-","0","0","0"
1,"8Pa1wO",1,1012,1998,96,"Jordan","JOR","JOR",12,"Austria","AUS","AUT",7,"0","0","-","0","0","0"
1,"8Pa1wO",1,1013,1999,96,"Jordan","JOR","JOR",12,"Austria","AUS","AUT",7,"0","0","-","0","0","0"
1,"8Pa1wO",1,1014,2000,96,"Jordan","JOR","JOR",12,"Austria","AUS","AUT",7,"0","0","-","0","0","0"
1,"8Pa1wO",1,1015,2001,96,"Jordan","JOR","JOR",12,"Austria","AUS","AUT",7,"0","0","-","0","0","0"
1,"8Pa1wO",1,1016,2006,96,"Jordan","JOR","JOR",12,"Austria","AUS","AUT","0",12,"0","-","0","0","0"
1,"8Pa1wO",1,1017,2007,96,"Jordan","JOR","JOR",12,"Austria","AUS","AUT",5,22,"0","-","0","0","0"
1,"8Pa1wO",1,1018,2008,96,"Jordan","JOR","JOR",12,"Austria","AUS","AUT",5,29,"0","-","0","0","0"
1,"8Pa1wO",1,1019,2009,96,"Jordan","JOR","JOR",12,"Austria","AUS","AUT",7,28,"0","-","0","0","0"
1,"8Pa1wO",1,1020,2010,96,"Jordan","JOR","JOR",12,"Austria","AUS","AUT",9,25,"0","-","0","0","0"
1,"8Pa1wO",1,1021,2011,96,"Jordan","JOR","JOR",12,"Austria","AUS","AUT",9,28,"0","-","0","0","0"
1,"8Pa1wO",1,1022,2012,96,"Jordan","JOR","JOR",12,"Austria","AUS","AUT",10,29,"0","-","0","0","0"
1,"8Pa1wO",1,1023,2013,96,"Jordan","JOR","JOR",12,"Austria","AUS","AUT",13,33,"0","-","0","0","0"
1,"8Pa1wO",1,1024,2014,96,"Jordan","JOR","JOR",12,"Austria","AUS","AUT",16,"0","0","-","0","0","0"
1,"8Pa1wO",1,1025,2015,96,"Jordan","JOR","JOR",12,"Austria","AUS","AUT",30,43,"0","-","0","0","0"
1,"8Pa1wO",1,1026,2016,96,"Jordan","JOR","JOR",12,"Austria","AUS","AUT",46,38,"0","-","0","0","0"
1,"8Pa1wO",1,1027,2017,96,"Jordan","JOR","JOR",12,"Austria","AUS","AUT",62,38,"0","-","0","0","0"
1,"8Pa1wO",1,1028,2018,96,"Jordan","JOR","JOR",12,"Austria","AUS","AUT",76,28,"0","-","0","0","0"
1,"8Pa1wO",1,1029,2019,96,"Jordan","JOR","JOR",12,"Austria","AUS","AUT",78,26,"0","-","0","0","0"
1,"8Pa1wO",1,1030,2020,96,"Jordan","JOR","JOR",12,"Austria","AUS","AUT",76,28,"0","-","0","0","0"
1,"8Pa1wO",1,1031,2021,96,"Jordan","JOR","JOR",12,"Austria","AUS","AUT",78,38,"0","-","0","0","0"
1,"8Pa1wO",1,1032,2022,96,"Jordan","JOR","JOR",12,"Austria","AUS","AUT",85,93,"0","-","0","0","0"
1,"8Pa1wO",1,1033,2023,96,"Jordan","JOR","JOR",12,"Austria","AUS","AUT",89,92,"0","-","0","0","0"
1,"8Pa1wO",1,1034,2024,96,"Jordan","JOR","JOR",12,"Austria","AUS","AUT",132,83,"0","-","0","0","0"
1,"8Pa1wO",1,1035,2025,96,"Jordan","JOR","JOR",12,"Austria","AUS","AUT",132,68,"0","-","0","0","0"
1,"8Pa1wO",1,1036,2003,98,"Kazakhstan","KAZ","KAZ",12,"Austria","AUS","AUT",9,"0","0","-","0","0","0"
1,"8Pa1wO",1,1037,2004,98,"Kazakhstan","KAZ","KAZ",12,"Austria","AUS","AUT",13,"0","0","-","0","0","0"
1,"8Pa1wO",1,1038,2005,98,"Kazakhstan","KAZ","KAZ",12,"Austria","AUS","AUT",17,"0","0","-","0","0","0"
1,"8Pa1wO",1,1039,2006,98,"Kazakhstan","KAZ","KAZ",12,"Austria","AUS","AUT",18,50,"0","-","0","0","0"
1,"8Pa1wO",1,1040,2007,98,"Kazakhstan","KAZ","KAZ",12,"Austria","AUS","AUT",22,50,"0","-","0","0","0"
1,"8Pa1wO",1,1041,2008,98,"Kazakhstan","KAZ","KAZ",12,"Austria","AUS","AUT",26,56,"0","-","0","0","0"
1,"8Pa1wO",1,1042,2009,98,"Kazakhstan","KAZ","KAZ",12,"Austria","AUS","AUT",31,56,"0","-","0","0","0"
1,"8Pa1wO",1,1043,2010,98,"Kazakhstan","KAZ","KAZ",12,"Austria","AUS","AUT",34,53,"0","-","0","0","0"
1,"8Pa1wO",1,1044,2011,98,"Kazakhstan","KAZ","KAZ",12,"Austria","AUS","AUT",42,43,"0","-","0","0","0"
1,"8Pa1wO",1,1045,2012,98,"Kazakhstan","KAZ","KAZ",12,"Austria","AUS","AUT",50,48,"0","-","0","0","0"
1,"8Pa1wO",1,1046,2013,98,"Kazakhstan","KAZ","KAZ",12,"Austria","AUS","AUT",49,81,"0","-","0","0","0"
1,"8Pa1wO",1,1047,2014,98,"Kazakhstan","KAZ","KAZ",12,"Austria","AUS","AUT",61,"0","0","-","0","0","0"
1,"8Pa1wO",1,1048,2015,98,"Kazakhstan","KAZ","KAZ",12,"Austria","AUS","AUT",66,102,"0","-","0","0","0"
1,"8Pa1wO",1,1049,2016,98,"Kazakhstan","KAZ","KAZ",12,"Austria","AUS","AUT",92,107,"0","-","0","0","0"
1,"8Pa1wO",1,1050,2017,98,"Kazakhstan","KAZ","KAZ",12,"Austria","AUS","AUT",100,88,"0","-","0","0","0"
1,"8Pa1wO",1,1051,2018,98,"Kazakhstan","KAZ","KAZ",12,"Austria","AUS","AUT",107,79,"0","-","0","0","0"
1,"8Pa1wO",1,1052,2019,98,"Kazakhstan","KAZ","KAZ",12,"Austria","AUS","AUT",113,44,"0","-","0","0","0"
1,"8Pa1wO",1,1053,2020,98,"Kazakhstan","KAZ","KAZ",12,"Austria","AUS","AUT",115,30,"0","-","0","0","0"
1,"8Pa1wO",1,1054,2021,98,"Kazakhstan","KAZ","KAZ",12,"Austria","AUS","AUT",108,23,"0","-","0","0","0"
1,"8Pa1wO",1,1055,2022,98,"Kazakhstan","KAZ","KAZ",12,"Austria","AUS","AUT",108,18,"0","-","0","0","0"
1,"8Pa1wO",1,1056,2023,98,"Kazakhstan","KAZ","KAZ",12,"Austria","AUS","AUT",82,28,"0","-","0","0","0"
1,"8Pa1wO",1,1057,2024,98,"Kazakhstan","KAZ","KAZ",12,"Austria","AUS","AUT",91,21,"0","-","0","0","0"
1,"8Pa1wO",1,1058,2025,98,"Kazakhstan","KAZ","KAZ",12,"Austria","AUS","AUT",90,12,"0","-","0","0","0"
1,"8Pa1wO",1,1059,2006,99,"Kenya","KEN","KEN",12,"Austria","AUS","AUT","0",16,"0","-","0","0","0"
1,"8Pa1wO",1,1060,2007,99,"Kenya","KEN","KEN",12,"Austria","AUS","AUT",5,20,"0","-","0","0","0"
1,"8Pa1wO",1,1061,2008,99,"Kenya","KEN","KEN",12,"Austria","AUS","AUT",5,27,"0","-","0","0","0"
1,"8Pa1wO",1,1062,2009,99,"Kenya","KEN","KEN",12,"Austria","AUS","AUT",9,32,"0","-","0","0","0"
1,"8Pa1wO",1,1063,2010,99,"Kenya","KEN","KEN",12,"Austria","AUS","AUT",11,35,"0","-","0","0","0"
1,"8Pa1wO",1,1064,2011,99,"Kenya","KEN","KEN",12,"Austria","AUS","AUT",20,25,"0","-","0","0","0"
1,"8Pa1wO",1,1065,2012,99,"Kenya","KEN","KEN",12,"Austria","AUS","AUT",24,38,"0","-","0","0","0"
1,"8Pa1wO",1,1066,2013,99,"Kenya","KEN","KEN",12,"Austria","AUS","AUT",27,36,"0","-","0","0","0"
1,"8Pa1wO",1,1067,2014,99,"Kenya","KEN","KEN",12,"Austria","AUS","AUT",27,"0","0","-","0","0","0"
1,"8Pa1wO",1,1068,2015,99,"Kenya","KEN","KEN",12,"Austria","AUS","AUT",29,26,"0","-","0","0","0"
1,"8Pa1wO",1,1069,2016,99,"Kenya","KEN","KEN",12,"Austria","AUS","AUT",31,24,"0","-","0","0","0"
1,"8Pa1wO",1,1070,2017,99,"Kenya","KEN","KEN",12,"Austria","AUS","AUT",30,22,"0","-","0","0","0"
1,"8Pa1wO",1,1071,2018,99,"Kenya","KEN","KEN",12,"Austria","AUS","AUT",30,17,"0","-","0","0","0"
1,"8Pa1wO",1,1072,2019,99,"Kenya","KEN","KEN",12,"Austria","AUS","AUT",27,13,"0","-","0","0","0"
1,"8Pa1wO",1,1073,2020,99,"Kenya","KEN","KEN",12,"Austria","AUS","AUT",26,11,"0","-","0","0","0"
1,"8Pa1wO",1,1074,2021,99,"Kenya","KEN","KEN",12,"Austria","AUS","AUT",17,7,"0","-","0","0","0"
1,"8Pa1wO",1,1075,2022,99,"Kenya","KEN","KEN",12,"Austria","AUS","AUT",17,8,"0","-","0","0","0"
1,"8Pa1wO",1,1076,2023,99,"Kenya","KEN","KEN",12,"Austria","AUS","AUT",12,11,"0","-","0","0","0"
1,"8Pa1wO",1,1077,2024,99,"Kenya","KEN","KEN",12,"Austria","AUS","AUT",13,10,"0","-","0","0","0"
1,"8Pa1wO",1,1078,2025,99,"Kenya","KEN","KEN",12,"Austria","AUS","AUT",12,11,"0","-","0","0","0"
1,"8Pa1wO",1,1079,2001,100,"Kyrgyzstan","KGZ","KGZ",12,"Austria","AUS","AUT",15,"0","0","-","0","0","0"
1,"8Pa1wO",1,1080,2002,100,"Kyrgyzstan","KGZ","KGZ",12,"Austria","AUS","AUT",17,"0","0","-","0","0","0"
1,"8Pa1wO",1,1081,2003,100,"Kyrgyzstan","KGZ","KGZ",12,"Austria","AUS","AUT",20,"0","0","-","0","0","0"
1,"8Pa1wO",1,1082,2004,100,"Kyrgyzstan","KGZ","KGZ",12,"Austria","AUS","AUT",25,"0","0","-","0","0","0"
1,"8Pa1wO",1,1083,2005,100,"Kyrgyzstan","KGZ","KGZ",12,"Austria","AUS","AUT",56,"0","0","-","0","0","0"
1,"8Pa1wO",1,1084,2006,100,"Kyrgyzstan","KGZ","KGZ",12,"Austria","AUS","AUT",87,202,"0","-","0","0","0"
1,"8Pa1wO",1,1085,2007,100,"Kyrgyzstan","KGZ","KGZ",12,"Austria","AUS","AUT",103,183,"0","-","0","0","0"
1,"8Pa1wO",1,1086,2008,100,"Kyrgyzstan","KGZ","KGZ",12,"Austria","AUS","AUT",156,131,"0","-","0","0","0"
1,"8Pa1wO",1,1087,2009,100,"Kyrgyzstan","KGZ","KGZ",12,"Austria","AUS","AUT",194,81,"0","-","0","0","0"
1,"8Pa1wO",1,1088,2010,100,"Kyrgyzstan","KGZ","KGZ",12,"Austria","AUS","AUT",217,141,"0","-","0","0","0"
1,"8Pa1wO",1,1089,2011,100,"Kyrgyzstan","KGZ","KGZ",12,"Austria","AUS","AUT",244,114,"0","-","0","0","0"
1,"8Pa1wO",1,1090,2012,100,"Kyrgyzstan","KGZ","KGZ",12,"Austria","AUS","AUT",258,112,"0","-","0","0","0"
1,"8Pa1wO",1,1091,2013,100,"Kyrgyzstan","KGZ","KGZ",12,"Austria","AUS","AUT",272,97,"0","-","0","0","0"
1,"8Pa1wO",1,1092,2014,100,"Kyrgyzstan","KGZ","KGZ",12,"Austria","AUS","AUT",286,"0","0","-","0","0","0"
1,"8Pa1wO",1,1093,2015,100,"Kyrgyzstan","KGZ","KGZ",12,"Austria","AUS","AUT",273,58,"0","-","0","0","0"
1,"8Pa1wO",1,1094,2016,100,"Kyrgyzstan","KGZ","KGZ",12,"Austria","AUS","AUT",255,68,"0","-","0","0","0"
1,"8Pa1wO",1,1095,2017,100,"Kyrgyzstan","KGZ","KGZ",12,"Austria","AUS","AUT",244,51,"0","-","0","0","0"
1,"8Pa1wO",1,1096,2018,100,"Kyrgyzstan","KGZ","KGZ",12,"Austria","AUS","AUT",208,34,"0","-","0","0","0"
1,"8Pa1wO",1,1097,2019,100,"Kyrgyzstan","KGZ","KGZ",12,"Austria","AUS","AUT",171,32,"0","-","0","0","0"
1,"8Pa1wO",1,1098,2020,100,"Kyrgyzstan","KGZ","KGZ",12,"Austria","AUS","AUT",154,26,"0","-","0","0","0"
1,"8Pa1wO",1,1099,2021,100,"Kyrgyzstan","KGZ","KGZ",12,"Austria","AUS","AUT",117,19,"0","-","0","0","0"
1,"8Pa1wO",1,1100,2022,100,"Kyrgyzstan","KGZ","KGZ",12,"Austria","AUS","AUT",117,24,"0","-","0","0","0"
1,"8Pa1wO",1,1101,2023,100,"Kyrgyzstan","KGZ","KGZ",12,"Austria","AUS","AUT",76,13,"0","-","0","0","0"
1,"8Pa1wO",1,1102,2024,100,"Kyrgyzstan","KGZ","KGZ",12,"Austria","AUS","AUT",88,8,"0","-","0","0","0"
1,"8Pa1wO",1,1103,2025,100,"Kyrgyzstan","KGZ","KGZ",12,"Austria","AUS","AUT",80,11,"0","-","0","0","0"
1,"8Pa1wO",1,1104,2015,104,"Kuwait","KUW","KWT",12,"Austria","AUS","AUT","0",7,"0","-","0","0","0"
1,"8Pa1wO",1,1105,2016,104,"Kuwait","KUW","KWT",12,"Austria","AUS","AUT",5,10,"0","-","0","0","0"
1,"8Pa1wO",1,1106,2017,104,"Kuwait","KUW","KWT",12,"Austria","AUS","AUT",5,7,"0","-","0","0","0"
1,"8Pa1wO",1,1107,2018,104,"Kuwait","KUW","KWT",12,"Austria","AUS","AUT",5,7,"0","-","0","0","0"
1,"8Pa1wO",1,1108,2019,104,"Kuwait","KUW","KWT",12,"Austria","AUS","AUT",9,"0","0","-","0","0","0"
1,"8Pa1wO",1,1109,2020,104,"Kuwait","KUW","KWT",12,"Austria","AUS","AUT",9,14,"0","-","0","0","0"
1,"8Pa1wO",1,1110,2021,104,"Kuwait","KUW","KWT",12,"Austria","AUS","AUT",10,9,"0","-","0","0","0"
1,"8Pa1wO",1,1111,2022,104,"Kuwait","KUW","KWT",12,"Austria","AUS","AUT",9,5,"0","-","0","0","0"
1,"8Pa1wO",1,1112,2023,104,"Kuwait","KUW","KWT",12,"Austria","AUS","AUT",9,"0","0","-","0","0","0"
1,"8Pa1wO",1,1113,2024,104,"Kuwait","KUW","KWT",12,"Austria","AUS","AUT",9,"0","0","-","0","0","0"
1,"8Pa1wO",1,1114,2025,104,"Kuwait","KUW","KWT",12,"Austria","AUS","AUT",9,"0","0","-","0","0","0"
1,"8Pa1wO",1,1115,1998,105,"Lao People's Dem. Rep.","LAO","LAO",12,"Austria","AUS","AUT",22,"0","0","-","0","0","0"
1,"8Pa1wO",1,1116,1999,105,"Lao People's Dem. Rep.","LAO","LAO",12,"Austria","AUS","AUT",22,"0","0","-","0","0","0"
1,"8Pa1wO",1,1117,2000,105,"Lao People's Dem. Rep.","LAO","LAO",12,"Austria","AUS","AUT",22,"0","0","-","0","0","0"
1,"8Pa1wO",1,1118,2001,105,"Lao People's Dem. Rep.","LAO","LAO",12,"Austria","AUS","AUT",21,"0","0","-","0","0","0"
1,"8Pa1wO",1,1119,2002,105,"Lao People's Dem. Rep.","LAO","LAO",12,"Austria","AUS","AUT",21,"0","0","-","0","0","0"
1,"8Pa1wO",1,1120,2003,105,"Lao People's Dem. Rep.","LAO","LAO",12,"Austria","AUS","AUT",21,"0","0","-","0","0","0"
1,"8Pa1wO",1,1121,2004,105,"Lao People's Dem. Rep.","LAO","LAO",12,"Austria","AUS","AUT",9,"0","0","-","0","0","0"
1,"8Pa1wO",1,1122,1998,106,"Liberia","LBR","LBR",12,"Austria","AUS","AUT",18,"0","0","-","0","0","0"
1,"8Pa1wO",1,1123,1999,106,"Liberia","LBR","LBR",12,"Austria","AUS","AUT",20,"0","0","-","0","0","0"
1,"8Pa1wO",1,1124,2000,106,"Liberia","LBR","LBR",12,"Austria","AUS","AUT",20,"0","0","-","0","0","0"
1,"8Pa1wO",1,1125,2001,106,"Liberia","LBR","LBR",12,"Austria","AUS","AUT",18,"0","0","-","0","0","0"
1,"8Pa1wO",1,1126,2002,106,"Liberia","LBR","LBR",12,"Austria","AUS","AUT",14,"0","0","-","0","0","0"
1,"8Pa1wO",1,1127,2003,106,"Liberia","LBR","LBR",12,"Austria","AUS","AUT",15,"0","0","-","0","0","0"
1,"8Pa1wO",1,1128,2004,106,"Liberia","LBR","LBR",12,"Austria","AUS","AUT",19,"0","0","-","0","0","0"
1,"8Pa1wO",1,1129,2005,106,"Liberia","LBR","LBR",12,"Austria","AUS","AUT",15,"0","0","-","0","0","0"
1,"8Pa1wO",1,1130,2006,106,"Liberia","LBR","LBR",12,"Austria","AUS","AUT",20,183,"0","-","0","0","0"
1,"8Pa1wO",1,1131,2007,106,"Liberia","LBR","LBR",12,"Austria","AUS","AUT",15,109,"0","-","0","0","0"
1,"8Pa1wO",1,1132,2008,106,"Liberia","LBR","LBR",12,"Austria","AUS","AUT",22,72,"0","-","0","0","0"
1,"8Pa1wO",1,1133,2009,106,"Liberia","LBR","LBR",12,"Austria","AUS","AUT",25,62,"0","-","0","0","0"
1,"8Pa1wO",1,1134,2010,106,"Liberia","LBR","LBR",12,"Austria","AUS","AUT",27,38,"0","-","0","0","0"
1,"8Pa1wO",1,1135,2011,106,"Liberia","LBR","LBR",12,"Austria","AUS","AUT",27,34,"0","-","0","0","0"
1,"8Pa1wO",1,1136,2012,106,"Liberia","LBR","LBR",12,"Austria","AUS","AUT",27,35,"0","-","0","0","0"
1,"8Pa1wO",1,1137,2013,106,"Liberia","LBR","LBR",12,"Austria","AUS","AUT",26,36,"0","-","0","0","0"
1,"8Pa1wO",1,1138,2014,106,"Liberia","LBR","LBR",12,"Austria","AUS","AUT",23,"0","0","-","0","0","0"
1,"8Pa1wO",1,1139,2015,106,"Liberia","LBR","LBR",12,"Austria","AUS","AUT",22,44,"0","-","0","0","0"
1,"8Pa1wO",1,1140,2016,106,"Liberia","LBR","LBR",12,"Austria","AUS","AUT",19,41,"0","-","0","0","0"
1,"8Pa1wO",1,1141,2017,106,"Liberia","LBR","LBR",12,"Austria","AUS","AUT",18,25,"0","-","0","0","0"
1,"8Pa1wO",1,1142,2018,106,"Liberia","LBR","LBR",12,"Austria","AUS","AUT",16,14,"0","-","0","0","0"
1,"8Pa1wO",1,1143,2019,106,"Liberia","LBR","LBR",12,"Austria","AUS","AUT",11,9,"0","-","0","0","0"
1,"8Pa1wO",1,1144,2020,106,"Liberia","LBR","LBR",12,"Austria","AUS","AUT",10,5,"0","-","0","0","0"
1,"8Pa1wO",1,1145,2021,106,"Liberia","LBR","LBR",12,"Austria","AUS","AUT",10,"0","0","-","0","0","0"
1,"8Pa1wO",1,1146,2022,106,"Liberia","LBR","LBR",12,"Austria","AUS","AUT",10,"0","0","-","0","0","0"
1,"8Pa1wO",1,1147,2023,106,"Liberia","LBR","LBR",12,"Austria","AUS","AUT",8,"0","0","-","0","0","0"
1,"8Pa1wO",1,1148,2024,106,"Liberia","LBR","LBR",12,"Austria","AUS","AUT",8,"0","0","-","0","0","0"
1,"8Pa1wO",1,1149,2025,106,"Liberia","LBR","LBR",12,"Austria","AUS","AUT",7,"0","0","-","0","0","0"
1,"8Pa1wO",1,1150,2006,107,"Libya","LBY","LBY",12,"Austria","AUS","AUT","0",10,"0","-","0","0","0"
1,"8Pa1wO",1,1151,2007,107,"Libya","LBY","LBY",12,"Austria","AUS","AUT","0",9,"0","-","0","0","0"
1,"8Pa1wO",1,1152,2008,107,"Libya","LBY","LBY",12,"Austria","AUS","AUT","0",10,"0","-","0","0","0"
1,"8Pa1wO",1,1153,2009,107,"Libya","LBY","LBY",12,"Austria","AUS","AUT","0",14,"0","-","0","0","0"
1,"8Pa1wO",1,1154,2010,107,"Libya","LBY","LBY",12,"Austria","AUS","AUT","0",6,"0","-","0","0","0"
1,"8Pa1wO",1,1155,2011,107,"Libya","LBY","LBY",12,"Austria","AUS","AUT",5,23,"0","-","0","0","0"
1,"8Pa1wO",1,1156,2012,107,"Libya","LBY","LBY",12,"Austria","AUS","AUT",6,19,"0","-","0","0","0"
1,"8Pa1wO",1,1157,2013,107,"Libya","LBY","LBY",12,"Austria","AUS","AUT",6,23,"0","-","0","0","0"
1,"8Pa1wO",1,1158,2014,107,"Libya","LBY","LBY",12,"Austria","AUS","AUT",8,"0","0","-","0","0","0"
1,"8Pa1wO",1,1159,2015,107,"Libya","LBY","LBY",12,"Austria","AUS","AUT",24,124,"0","-","0","0","0"
1,"8Pa1wO",1,1160,2016,107,"Libya","LBY","LBY",12,"Austria","AUS","AUT",41,193,"0","-","0","0","0"
1,"8Pa1wO",1,1161,2017,107,"Libya","LBY","LBY",12,"Austria","AUS","AUT",80,146,"0","-","0","0","0"
1,"8Pa1wO",1,1162,2018,107,"Libya","LBY","LBY",12,"Austria","AUS","AUT",92,83,"0","-","0","0","0"
1,"8Pa1wO",1,1163,2019,107,"Libya","LBY","LBY",12,"Austria","AUS","AUT",124,48,"0","-","0","0","0"
1,"8Pa1wO",1,1164,2020,107,"Libya","LBY","LBY",12,"Austria","AUS","AUT",139,54,"0","-","0","0","0"
1,"8Pa1wO",1,1165,2021,107,"Libya","LBY","LBY",12,"Austria","AUS","AUT",144,68,"0","-","0","0","0"
1,"8Pa1wO",1,1166,2022,107,"Libya","LBY","LBY",12,"Austria","AUS","AUT",150,71,"0","-","0","0","0"
1,"8Pa1wO",1,1167,2023,107,"Libya","LBY","LBY",12,"Austria","AUS","AUT",154,44,"0","-","0","0","0"
1,"8Pa1wO",1,1168,2024,107,"Libya","LBY","LBY",12,"Austria","AUS","AUT",167,33,"0","-","0","0","0"
1,"8Pa1wO",1,1169,2025,107,"Libya","LBY","LBY",12,"Austria","AUS","AUT",167,32,"0","-","0","0","0"
1,"8Pa1wO",1,1170,1998,109,"Lebanon","LEB","LBN",12,"Austria","AUS","AUT",57,"0","0","-","0","0","0"
1,"8Pa1wO",1,1171,1999,109,"Lebanon","LEB","LBN",12,"Austria","AUS","AUT",57,"0","0","-","0","0","0"
1,"8Pa1wO",1,1172,2000,109,"Lebanon","LEB","LBN",12,"Austria","AUS","AUT",58,"0","0","-","0","0","0"
1,"8Pa1wO",1,1173,2001,109,"Lebanon","LEB","LBN",12,"Austria","AUS","AUT",37,"0","0","-","0","0","0"
1,"8Pa1wO",1,1174,2002,109,"Lebanon","LEB","LBN",12,"Austria","AUS","AUT",33,"0","0","-","0","0","0"
1,"8Pa1wO",1,1175,2003,109,"Lebanon","LEB","LBN",12,"Austria","AUS","AUT",21,"0","0","-","0","0","0"
1,"8Pa1wO",1,1176,2004,109,"Lebanon","LEB","LBN",12,"Austria","AUS","AUT",17,"0","0","-","0","0","0"
1,"8Pa1wO",1,1177,2005,109,"Lebanon","LEB","LBN",12,"Austria","AUS","AUT",11,"0","0","-","0","0","0"
1,"8Pa1wO",1,1178,2006,109,"Lebanon","LEB","LBN",12,"Austria","AUS","AUT",10,136,"0","-","0","0","0"
1,"8Pa1wO",1,1179,2007,109,"Lebanon","LEB","LBN",12,"Austria","AUS","AUT",30,144,"0","-","0","0","0"
1,"8Pa1wO",1,1180,2008,109,"Lebanon","LEB","LBN",12,"Austria","AUS","AUT",27,134,"0","-","0","0","0"
1,"8Pa1wO",1,1181,2009,109,"Lebanon","LEB","LBN",12,"Austria","AUS","AUT",33,136,"0","-","0","0","0"
1,"8Pa1wO",1,1182,2010,109,"Lebanon","LEB","LBN",12,"Austria","AUS","AUT",36,122,"0","-","0","0","0"
1,"8Pa1wO",1,1183,2011,109,"Lebanon","LEB","LBN",12,"Austria","AUS","AUT",44,81,"0","-","0","0","0"
1,"8Pa1wO",1,1184,2012,109,"Lebanon","LEB","LBN",12,"Austria","AUS","AUT",46,59,"0","-","0","0","0"
1,"8Pa1wO",1,1185,2013,109,"Lebanon","LEB","LBN",12,"Austria","AUS","AUT",50,45,"0","-","0","0","0"
1,"8Pa1wO",1,1186,2014,109,"Lebanon","LEB","LBN",12,"Austria","AUS","AUT",52,"0","0","-","0","0","0"
1,"8Pa1wO",1,1187,2015,109,"Lebanon","LEB","LBN",12,"Austria","AUS","AUT",63,218,"0","-","0","0","0"
1,"8Pa1wO",1,1188,2016,109,"Lebanon","LEB","LBN",12,"Austria","AUS","AUT",76,190,"0","-","0","0","0"
1,"8Pa1wO",1,1189,2017,109,"Lebanon","LEB","LBN",12,"Austria","AUS","AUT",68,157,"0","-","0","0","0"
1,"8Pa1wO",1,1190,2018,109,"Lebanon","LEB","LBN",12,"Austria","AUS","AUT",105,134,"0","-","0","0","0"
1,"8Pa1wO",1,1191,2019,109,"Lebanon","LEB","LBN",12,"Austria","AUS","AUT",107,125,"0","-","0","0","0"
1,"8Pa1wO",1,1192,2020,109,"Lebanon","LEB","LBN",12,"Austria","AUS","AUT",112,73,"0","-","0","0","0"
1,"8Pa1wO",1,1193,2021,109,"Lebanon","LEB","LBN",12,"Austria","AUS","AUT",122,117,"0","-","0","0","0"
1,"8Pa1wO",1,1194,2022,109,"Lebanon","LEB","LBN",12,"Austria","AUS","AUT",127,146,"0","-","0","0","0"
1,"8Pa1wO",1,1195,2023,109,"Lebanon","LEB","LBN",12,"Austria","AUS","AUT",132,108,"0","-","0","0","0"
1,"8Pa1wO",1,1196,2024,109,"Lebanon","LEB","LBN",12,"Austria","AUS","AUT",169,80,"0","-","0","0","0"
1,"8Pa1wO",1,1197,2025,109,"Lebanon","LEB","LBN",12,"Austria","AUS","AUT",173,83,"0","-","0","0","0"
1,"8Pa1wO",1,1198,1998,112,"Sri Lanka","LKA","LKA",12,"Austria","AUS","AUT",16,"0","0","-","0","0","0"
1,"8Pa1wO",1,1199,1999,112,"Sri Lanka","LKA","LKA",12,"Austria","AUS","AUT",13,"0","0","-","0","0","0"
1,"8Pa1wO",1,1200,2000,112,"Sri Lanka","LKA","LKA",12,"Austria","AUS","AUT",13,"0","0","-","0","0","0"
1,"8Pa1wO",1,1201,2001,112,"Sri Lanka","LKA","LKA",12,"Austria","AUS","AUT",11,"0","0","-","0","0","0"
1,"8Pa1wO",1,1202,2002,112,"Sri Lanka","LKA","LKA",12,"Austria","AUS","AUT",6,"0","0","-","0","0","0"
1,"8Pa1wO",1,1203,2003,112,"Sri Lanka","LKA","LKA",12,"Austria","AUS","AUT",5,"0","0","-","0","0","0"
1,"8Pa1wO",1,1204,2004,112,"Sri Lanka","LKA","LKA",12,"Austria","AUS","AUT",6,"0","0","-","0","0","0"
1,"8Pa1wO",1,1205,2005,112,"Sri Lanka","LKA","LKA",12,"Austria","AUS","AUT",5,"0","0","-","0","0","0"
1,"8Pa1wO",1,1206,2006,112,"Sri Lanka","LKA","LKA",12,"Austria","AUS","AUT",6,81,"0","-","0","0","0"
1,"8Pa1wO",1,1207,2007,112,"Sri Lanka","LKA","LKA",12,"Austria","AUS","AUT",9,57,"0","-","0","0","0"
1,"8Pa1wO",1,1208,2008,112,"Sri Lanka","LKA","LKA",12,"Austria","AUS","AUT",15,46,"0","-","0","0","0"
1,"8Pa1wO",1,1209,2009,112,"Sri Lanka","LKA","LKA",12,"Austria","AUS","AUT",27,47,"0","-","0","0","0"
1,"8Pa1wO",1,1210,2010,112,"Sri Lanka","LKA","LKA",12,"Austria","AUS","AUT",31,45,"0","-","0","0","0"
1,"8Pa1wO",1,1211,2011,112,"Sri Lanka","LKA","LKA",12,"Austria","AUS","AUT",31,49,"0","-","0","0","0"
1,"8Pa1wO",1,1212,2012,112,"Sri Lanka","LKA","LKA",12,"Austria","AUS","AUT",30,52,"0","-","0","0","0"
1,"8Pa1wO",1,1213,2013,112,"Sri Lanka","LKA","LKA",12,"Austria","AUS","AUT",32,44,"0","-","0","0","0"
1,"8Pa1wO",1,1214,2014,112,"Sri Lanka","LKA","LKA",12,"Austria","AUS","AUT",38,"0","0","-","0","0","0"
1,"8Pa1wO",1,1215,2015,112,"Sri Lanka","LKA","LKA",12,"Austria","AUS","AUT",54,42,"0","-","0","0","0"
1,"8Pa1wO",1,1216,2016,112,"Sri Lanka","LKA","LKA",12,"Austria","AUS","AUT",55,58,"0","-","0","0","0"
1,"8Pa1wO",1,1217,2017,112,"Sri Lanka","LKA","LKA",12,"Austria","AUS","AUT",67,47,"0","-","0","0","0"
1,"8Pa1wO",1,1218,2018,112,"Sri Lanka","LKA","LKA",12,"Austria","AUS","AUT",71,25,"0","-","0","0","0"
1,"8Pa1wO",1,1219,2019,112,"Sri Lanka","LKA","LKA",12,"Austria","AUS","AUT",68,22,"0","-","0","0","0"
1,"8Pa1wO",1,1220,2020,112,"Sri Lanka","LKA","LKA",12,"Austria","AUS","AUT",66,27,"0","-","0","0","0"
1,"8Pa1wO",1,1221,2021,112,"Sri Lanka","LKA","LKA",12,"Austria","AUS","AUT",71,21,"0","-","0","0","0"
1,"8Pa1wO",1,1222,2022,112,"Sri Lanka","LKA","LKA",12,"Austria","AUS","AUT",77,27,"0","-","0","0","0"
1,"8Pa1wO",1,1223,2023,112,"Sri Lanka","LKA","LKA",12,"Austria","AUS","AUT",72,37,"0","-","0","0","0"
1,"8Pa1wO",1,1224,2024,112,"Sri Lanka","LKA","LKA",12,"Austria","AUS","AUT",74,29,"0","-","0","0","0"
1,"8Pa1wO",1,1225,2025,112,"Sri Lanka","LKA","LKA",12,"Austria","AUS","AUT",67,37,"0","-","0","0","0"
1,"8Pa1wO",1,1226,2006,115,"Latvia","LVA","LVA",12,"Austria","AUS","AUT","0",5,"0","-","0","0","0"
1,"8Pa1wO",1,1227,2011,117,"Madagascar","MAD","MDG",12,"Austria","AUS","AUT",5,"0","0","-","0","0","0"
1,"8Pa1wO",1,1228,2012,117,"Madagascar","MAD","MDG",12,"Austria","AUS","AUT",5,"0","0","-","0","0","0"
1,"8Pa1wO",1,1229,2013,117,"Madagascar","MAD","MDG",12,"Austria","AUS","AUT",5,"0","0","-","0","0","0"
1,"8Pa1wO",1,1230,2014,117,"Madagascar","MAD","MDG",12,"Austria","AUS","AUT",5,"0","0","-","0","0","0"
1,"8Pa1wO",1,1231,2015,117,"Madagascar","MAD","MDG",12,"Austria","AUS","AUT",5,"0","0","-","0","0","0"
1,"8Pa1wO",1,1232,2016,117,"Madagascar","MAD","MDG",12,"Austria","AUS","AUT",5,"0","0","-","0","0","0"
1,"8Pa1wO",1,1233,2017,117,"Madagascar","MAD","MDG",12,"Austria","AUS","AUT",5,"0","0","-","0","0","0"
1,"8Pa1wO",1,1234,2018,117,"Madagascar","MAD","MDG",12,"Austria","AUS","AUT",5,"0","0","-","0","0","0"
1,"8Pa1wO",1,1235,2019,117,"Madagascar","MAD","MDG",12,"Austria","AUS","AUT",5,"0","0","-","0","0","0"
1,"8Pa1wO",1,1236,2020,117,"Madagascar","MAD","MDG",12,"Austria","AUS","AUT",5,"0","0","-","0","0","0"
1,"8Pa1wO",1,1237,2005,119,"Mauritania","MAU","MRT",12,"Austria","AUS","AUT",5,"0","0","-","0","0","0"
1,"8Pa1wO",1,1238,2006,119,"Mauritania","MAU","MRT",12,"Austria","AUS","AUT",5,19,"0","-","0","0","0"
1,"8Pa1wO",1,1239,2007,119,"Mauritania","MAU","MRT",12,"Austria","AUS","AUT",5,10,"0","-","0","0","0"
1,"8Pa1wO",1,1240,2008,119,"Mauritania","MAU","MRT",12,"Austria","AUS","AUT",5,8,"0","-","0","0","0"
1,"8Pa1wO",1,1241,2009,119,"Mauritania","MAU","MRT",12,"Austria","AUS","AUT",6,11,"0","-","0","0","0"
1,"8Pa1wO",1,1242,2010,119,"Mauritania","MAU","MRT",12,"Austria","AUS","AUT",6,5,"0","-","0","0","0"
1,"8Pa1wO",1,1243,2011,119,"Mauritania","MAU","MRT",12,"Austria","AUS","AUT",6,6,"0","-","0","0","0"
1,"8Pa1wO",1,1244,2012,119,"Mauritania","MAU","MRT",12,"Austria","AUS","AUT",7,5,"0","-","0","0","0"
1,"8Pa1wO",1,1245,2013,119,"Mauritania","MAU","MRT",12,"Austria","AUS","AUT",7,9,"0","-","0","0","0"
1,"8Pa1wO",1,1246,2014,119,"Mauritania","MAU","MRT",12,"Austria","AUS","AUT",6,"0","0","-","0","0","0"
1,"8Pa1wO",1,1247,2015,119,"Mauritania","MAU","MRT",12,"Austria","AUS","AUT",5,12,"0","-","0","0","0"
1,"8Pa1wO",1,1248,2016,119,"Mauritania","MAU","MRT",12,"Austria","AUS","AUT",5,12,"0","-","0","0","0"
1,"8Pa1wO",1,1249,2017,119,"Mauritania","MAU","MRT",12,"Austria","AUS","AUT",5,6,"0","-","0","0","0"
1,"8Pa1wO",1,1250,2018,119,"Mauritania","MAU","MRT",12,"Austria","AUS","AUT",5,5,"0","-","0","0","0"
1,"8Pa1wO",1,1251,2019,119,"Mauritania","MAU","MRT",12,"Austria","AUS","AUT",5,5,"0","-","0","0","0"
1,"8Pa1wO",1,1252,2020,119,"Mauritania","MAU","MRT",12,"Austria","AUS","AUT",5,"0","0","-","0","0","0"
1,"8Pa1wO",1,1253,2021,119,"Mauritania","MAU","MRT",12,"Austria","AUS","AUT",5,"0","0","-","0","0","0"
1,"8Pa1wO",1,1254,2022,119,"Mauritania","MAU","MRT",12,"Austria","AUS","AUT",5,"0","0","-","0","0","0"
1,"8Pa1wO",1,1255,2024,119,"Mauritania","MAU","MRT",12,"Austria","AUS","AUT",5,"0","0","-","0","0","0"
1,"8Pa1wO",1,1256,2025,119,"Mauritania","MAU","MRT",12,"Austria","AUS","AUT",5,"0","0","-","0","0","0"
1,"8Pa1wO",1,1257,1998,120,"North Macedonia","MCD","MKD",12,"Austria","AUS","AUT",8,"0","0","-","0","0","0"
1,"8Pa1wO",1,1258,1999,120,"North Macedonia","MCD","MKD",12,"Austria","AUS","AUT",9,"0","0","-","0","0","0"
1,"8Pa1wO",1,1259,2000,120,"North Macedonia","MCD","MKD",12,"Austria","AUS","AUT",9,"0","0","-","0","0","0"
1,"8Pa1wO",1,1260,2001,120,"North Macedonia","MCD","MKD",12,"Austria","AUS","AUT",9,"0","0","-","0","0","0"
1,"8Pa1wO",1,1261,2002,120,"North Macedonia","MCD","MKD",12,"Austria","AUS","AUT",10,"0","0","-","0","0","0"
1,"8Pa1wO",1,1262,2003,120,"North Macedonia","MCD","MKD",12,"Austria","AUS","AUT",17,"0","0","-","0","0","0"
1,"8Pa1wO",1,1263,2004,120,"North Macedonia","MCD","MKD",12,"Austria","AUS","AUT",31,"0","0","-","0","0","0"
1,"8Pa1wO",1,1264,2005,120,"North Macedonia","MCD","MKD",12,"Austria","AUS","AUT",36,"0","0","-","0","0","0"
1,"8Pa1wO",1,1265,2006,120,"North Macedonia","MCD","MKD",12,"Austria","AUS","AUT",57,955,"0","-","0","0","0"
1,"8Pa1wO",1,1266,2007,120,"North Macedonia","MCD","MKD",12,"Austria","AUS","AUT",82,793,"0","-","0","0","0"
1,"8Pa1wO",1,1267,2008,120,"North Macedonia","MCD","MKD",12,"Austria","AUS","AUT",125,713,"0","-","0","0","0"
1,"8Pa1wO",1,1268,2009,120,"North Macedonia","MCD","MKD",12,"Austria","AUS","AUT",156,476,"0","-","0","0","0"
1,"8Pa1wO",1,1269,2010,120,"North Macedonia","MCD","MKD",12,"Austria","AUS","AUT",161,327,"0","-","0","0","0"
1,"8Pa1wO",1,1270,2011,120,"North Macedonia","MCD","MKD",12,"Austria","AUS","AUT",168,187,"0","-","0","0","0"
1,"8Pa1wO",1,1271,2012,120,"North Macedonia","MCD","MKD",12,"Austria","AUS","AUT",168,132,"0","-","0","0","0"
1,"8Pa1wO",1,1272,2013,120,"North Macedonia","MCD","MKD",12,"Austria","AUS","AUT",161,162,"0","-","0","0","0"
1,"8Pa1wO",1,1273,2014,120,"North Macedonia","MCD","MKD",12,"Austria","AUS","AUT",152,"0","0","-","0","0","0"
1,"8Pa1wO",1,1274,2015,120,"North Macedonia","MCD","MKD",12,"Austria","AUS","AUT",136,253,"0","-","0","0","0"
1,"8Pa1wO",1,1275,2016,120,"North Macedonia","MCD","MKD",12,"Austria","AUS","AUT",115,139,"0","-","0","0","0"
1,"8Pa1wO",1,1276,2017,120,"North Macedonia","MCD","MKD",12,"Austria","AUS","AUT",75,85,"0","-","0","0","0"
1,"8Pa1wO",1,1277,2018,120,"North Macedonia","MCD","MKD",12,"Austria","AUS","AUT",56,65,"0","-","0","0","0"
1,"8Pa1wO",1,1278,2019,120,"North Macedonia","MCD","MKD",12,"Austria","AUS","AUT",24,39,"0","-","0","0","0"
1,"8Pa1wO",1,1279,2020,120,"North Macedonia","MCD","MKD",12,"Austria","AUS","AUT",19,9,"0","-","0","0","0"
1,"8Pa1wO",1,1280,2021,120,"North Macedonia","MCD","MKD",12,"Austria","AUS","AUT",12,52,"0","-","0","0","0"
1,"8Pa1wO",1,1281,2022,120,"North Macedonia","MCD","MKD",12,"Austria","AUS","AUT",17,44,"0","-","0","0","0"
1,"8Pa1wO",1,1282,2023,120,"North Macedonia","MCD","MKD",12,"Austria","AUS","AUT",14,102,"0","-","0","0","0"
1,"8Pa1wO",1,1283,2024,120,"North Macedonia","MCD","MKD",12,"Austria","AUS","AUT",14,54,"0","-","0","0","0"
1,"8Pa1wO",1,1284,2025,120,"North Macedonia","MCD","MKD",12,"Austria","AUS","AUT",19,36,"0","-","0","0","0"
1,"8Pa1wO",1,1285,2001,122,"Rep. of Moldova","MDA","MDA",12,"Austria","AUS","AUT",5,"0","0","-","0","0","0"
1,"8Pa1wO",1,1286,2002,122,"Rep. of Moldova","MDA","MDA",12,"Austria","AUS","AUT",5,"0","0","-","0","0","0"
1,"8Pa1wO",1,1287,2003,122,"Rep. of Moldova","MDA","MDA",12,"Austria","AUS","AUT",5,"0","0","-","0","0","0"
1,"8Pa1wO",1,1288,2004,122,"Rep. of Moldova","MDA","MDA",12,"Austria","AUS","AUT",19,"0","0","-","0","0","0"
1,"8Pa1wO",1,1289,2005,122,"Rep. of Moldova","MDA","MDA",12,"Austria","AUS","AUT",32,"0","0","-","0","0","0"
1,"8Pa1wO",1,1290,2006,122,"Rep. of Moldova","MDA","MDA",12,"Austria","AUS","AUT",55,582,"0","-","0","0","0"
1,"8Pa1wO",1,1291,2007,122,"Rep. of Moldova","MDA","MDA",12,"Austria","AUS","AUT",80,431,"0","-","0","0","0"
1,"8Pa1wO",1,1292,2008,122,"Rep. of Moldova","MDA","MDA",12,"Austria","AUS","AUT",111,357,"0","-","0","0","0"
1,"8Pa1wO",1,1293,2009,122,"Rep. of Moldova","MDA","MDA",12,"Austria","AUS","AUT",121,222,"0","-","0","0","0"
1,"8Pa1wO",1,1294,2010,122,"Rep. of Moldova","MDA","MDA",12,"Austria","AUS","AUT",137,97,"0","-","0","0","0"
1,"8Pa1wO",1,1295,2011,122,"Rep. of Moldova","MDA","MDA",12,"Austria","AUS","AUT",143,74,"0","-","0","0","0"
1,"8Pa1wO",1,1296,2012,122,"Rep. of Moldova","MDA","MDA",12,"Austria","AUS","AUT",145,75,"0","-","0","0","0"
1,"8Pa1wO",1,1297,2013,122,"Rep. of Moldova","MDA","MDA",12,"Austria","AUS","AUT",147,68,"0","-","0","0","0"
1,"8Pa1wO",1,1298,2014,122,"Rep. of Moldova","MDA","MDA",12,"Austria","AUS","AUT",137,"0","0","-","0","0","0"
1,"8Pa1wO",1,1299,2015,122,"Rep. of Moldova","MDA","MDA",12,"Austria","AUS","AUT",121,46,"0","-","0","0","0"
1,"8Pa1wO",1,1300,2016,122,"Rep. of Moldova","MDA","MDA",12,"Austria","AUS","AUT",99,37,"0","-","0","0","0"
1,"8Pa1wO",1,1301,2017,122,"Rep. of Moldova","MDA","MDA",12,"Austria","AUS","AUT",66,44,"0","-","0","0","0"
1,"8Pa1wO",1,1302,2018,122,"Rep. of Moldova","MDA","MDA",12,"Austria","AUS","AUT",51,45,"0","-","0","0","0"
1,"8Pa1wO",1,1303,2019,122,"Rep. of Moldova","MDA","MDA",12,"Austria","AUS","AUT",41,26,"0","-","0","0","0"
1,"8Pa1wO",1,1304,2020,122,"Rep. of Moldova","MDA","MDA",12,"Austria","AUS","AUT",27,20,"0","-","0","0","0"
1,"8Pa1wO",1,1305,2021,122,"Rep. of Moldova","MDA","MDA",12,"Austria","AUS","AUT",17,195,"0","-","0","0","0"
1,"8Pa1wO",1,1306,2022,122,"Rep. of Moldova","MDA","MDA",12,"Austria","AUS","AUT",18,113,"0","-","0","0","0"
1,"8Pa1wO",1,1307,2023,122,"Rep. of Moldova","MDA","MDA",12,"Austria","AUS","AUT",12,55,"0","-","0","0","0"
1,"8Pa1wO",1,1308,2024,122,"Rep. of Moldova","MDA","MDA",12,"Austria","AUS","AUT",73,37,"0","-","0","0","0"
1,"8Pa1wO",1,1309,2025,122,"Rep. of Moldova","MDA","MDA",12,"Austria","AUS","AUT",77,45,"0","-","0","0","0"
1,"8Pa1wO",1,1310,2006,126,"Mali","MLI","MLI",12,"Austria","AUS","AUT","0",43,"0","-","0","0","0"
1,"8Pa1wO",1,1311,2007,126,"Mali","MLI","MLI",12,"Austria","AUS","AUT","0",33,"0","-","0","0","0"
1,"8Pa1wO",1,1312,2008,126,"Mali","MLI","MLI",12,"Austria","AUS","AUT","0",24,"0","-","0","0","0"
1,"8Pa1wO",1,1313,2009,126,"Mali","MLI","MLI",12,"Austria","AUS","AUT","0",25,"0","-","0","0","0"
1,"8Pa1wO",1,1314,2010,126,"Mali","MLI","MLI",12,"Austria","AUS","AUT","0",31,"0","-","0","0","0"
1,"8Pa1wO",1,1315,2011,126,"Mali","MLI","MLI",12,"Austria","AUS","AUT","0",31,"0","-","0","0","0"
1,"8Pa1wO",1,1316,2012,126,"Mali","MLI","MLI",12,"Austria","AUS","AUT",5,34,"0","-","0","0","0"
1,"8Pa1wO",1,1317,2013,126,"Mali","MLI","MLI",12,"Austria","AUS","AUT",11,35,"0","-","0","0","0"
1,"8Pa1wO",1,1318,2014,126,"Mali","MLI","MLI",12,"Austria","AUS","AUT",11,"0","0","-","0","0","0"
1,"8Pa1wO",1,1319,2015,126,"Mali","MLI","MLI",12,"Austria","AUS","AUT",12,33,"0","-","0","0","0"
1,"8Pa1wO",1,1320,2016,126,"Mali","MLI","MLI",12,"Austria","AUS","AUT",11,36,"0","-","0","0","0"
1,"8Pa1wO",1,1321,2017,126,"Mali","MLI","MLI",12,"Austria","AUS","AUT",11,23,"0","-","0","0","0"
1,"8Pa1wO",1,1322,2018,126,"Mali","MLI","MLI",12,"Austria","AUS","AUT",11,16,"0","-","0","0","0"
1,"8Pa1wO",1,1323,2019,126,"Mali","MLI","MLI",12,"Austria","AUS","AUT",13,13,"0","-","0","0","0"
1,"8Pa1wO",1,1324,2020,126,"Mali","MLI","MLI",12,"Austria","AUS","AUT",13,11,"0","-","0","0","0"
1,"8Pa1wO",1,1325,2021,126,"Mali","MLI","MLI",12,"Austria","AUS","AUT",14,12,"0","-","0","0","0"
1,"8Pa1wO",1,1326,2022,126,"Mali","MLI","MLI",12,"Austria","AUS","AUT",13,13,"0","-","0","0","0"
1,"8Pa1wO",1,1327,2023,126,"Mali","MLI","MLI",12,"Austria","AUS","AUT",6,7,"0","-","0","0","0"
1,"8Pa1wO",1,1328,2024,126,"Mali","MLI","MLI",12,"Austria","AUS","AUT",9,5,"0","-","0","0","0"
1,"8Pa1wO",1,1329,2025,126,"Mali","MLI","MLI",12,"Austria","AUS","AUT",10,6,"0","-","0","0","0"
1,"8Pa1wO",1,1330,2006,128,"Malawi","MLW","MWI",12,"Austria","AUS","AUT","0",5,"0","-","0","0","0"
1,"8Pa1wO",1,1331,2023,128,"Malawi","MLW","MWI",12,"Austria","AUS","AUT","0",5,"0","-","0","0","0"
1,"8Pa1wO",1,1332,1998,129,"Mongolia","MNG","MNG",12,"Austria","AUS","AUT",7,"0","0","-","0","0","0"
1,"8Pa1wO",1,1333,1999,129,"Mongolia","MNG","MNG",12,"Austria","AUS","AUT",7,"0","0","-","0","0","0"
1,"8Pa1wO",1,1334,2000,129,"Mongolia","MNG","MNG",12,"Austria","AUS","AUT",8,"0","0","-","0","0","0"
1,"8Pa1wO",1,1335,2001,129,"Mongolia","MNG","MNG",12,"Austria","AUS","AUT",8,"0","0","-","0","0","0"
1,"8Pa1wO",1,1336,2002,129,"Mongolia","MNG","MNG",12,"Austria","AUS","AUT",5,"0","0","-","0","0","0"
1,"8Pa1wO",1,1337,2003,129,"Mongolia","MNG","MNG",12,"Austria","AUS","AUT",5,"0","0","-","0","0","0"
1,"8Pa1wO",1,1338,2004,129,"Mongolia","MNG","MNG",12,"Austria","AUS","AUT",10,"0","0","-","0","0","0"
1,"8Pa1wO",1,1339,2005,129,"Mongolia","MNG","MNG",12,"Austria","AUS","AUT",16,"0","0","-","0","0","0"
1,"8Pa1wO",1,1340,2006,129,"Mongolia","MNG","MNG",12,"Austria","AUS","AUT",26,969,"0","-","0","0","0"
1,"8Pa1wO",1,1341,2007,129,"Mongolia","MNG","MNG",12,"Austria","AUS","AUT",53,895,"0","-","0","0","0"
1,"8Pa1wO",1,1342,2008,129,"Mongolia","MNG","MNG",12,"Austria","AUS","AUT",101,872,"0","-","0","0","0"
1,"8Pa1wO",1,1343,2009,129,"Mongolia","MNG","MNG",12,"Austria","AUS","AUT",119,911,"0","-","0","0","0"
1,"8Pa1wO",1,1344,2010,129,"Mongolia","MNG","MNG",12,"Austria","AUS","AUT",131,632,"0","-","0","0","0"
1,"8Pa1wO",1,1345,2011,129,"Mongolia","MNG","MNG",12,"Austria","AUS","AUT",157,411,"0","-","0","0","0"
1,"8Pa1wO",1,1346,2012,129,"Mongolia","MNG","MNG",12,"Austria","AUS","AUT",176,276,"0","-","0","0","0"
1,"8Pa1wO",1,1347,2013,129,"Mongolia","MNG","MNG",12,"Austria","AUS","AUT",183,246,"0","-","0","0","0"
1,"8Pa1wO",1,1348,2014,129,"Mongolia","MNG","MNG",12,"Austria","AUS","AUT",200,"0","0","-","0","0","0"
1,"8Pa1wO",1,1349,2015,129,"Mongolia","MNG","MNG",12,"Austria","AUS","AUT",200,340,"0","-","0","0","0"
1,"8Pa1wO",1,1350,2016,129,"Mongolia","MNG","MNG",12,"Austria","AUS","AUT",192,336,"0","-","0","0","0"
1,"8Pa1wO",1,1351,2017,129,"Mongolia","MNG","MNG",12,"Austria","AUS","AUT",177,288,"0","-","0","0","0"
1,"8Pa1wO",1,1352,2018,129,"Mongolia","MNG","MNG",12,"Austria","AUS","AUT",141,242,"0","-","0","0","0"
1,"8Pa1wO",1,1353,2019,129,"Mongolia","MNG","MNG",12,"Austria","AUS","AUT",125,207,"0","-","0","0","0"
1,"8Pa1wO",1,1354,2020,129,"Mongolia","MNG","MNG",12,"Austria","AUS","AUT",132,110,"0","-","0","0","0"
1,"8Pa1wO",1,1355,2021,129,"Mongolia","MNG","MNG",12,"Austria","AUS","AUT",116,70,"0","-","0","0","0"
1,"8Pa1wO",1,1356,2022,129,"Mongolia","MNG","MNG",12,"Austria","AUS","AUT",109,38,"0","-","0","0","0"
1,"8Pa1wO",1,1357,2023,129,"Mongolia","MNG","MNG",12,"Austria","AUS","AUT",73,76,"0","-","0","0","0"
1,"8Pa1wO",1,1358,2024,129,"Mongolia","MNG","MNG",12,"Austria","AUS","AUT",73,53,"0","-","0","0","0"
1,"8Pa1wO",1,1359,2025,129,"Mongolia","MNG","MNG",12,"Austria","AUS","AUT",68,48,"0","-","0","0","0"
1,"8Pa1wO",1,1360,2006,130,"Morocco","MOR","MAR",12,"Austria","AUS","AUT",5,83,"0","-","0","0","0"
1,"8Pa1wO",1,1361,2007,130,"Morocco","MOR","MAR",12,"Austria","AUS","AUT",6,60,"0","-","0","0","0"
1,"8Pa1wO",1,1362,2008,130,"Morocco","MOR","MAR",12,"Austria","AUS","AUT",7,110,"0","-","0","0","0"
1,"8Pa1wO",1,1363,2009,130,"Morocco","MOR","MAR",12,"Austria","AUS","AUT",12,72,"0","-","0","0","0"
1,"8Pa1wO",1,1364,2010,130,"Morocco","MOR","MAR",12,"Austria","AUS","AUT",14,83,"0","-","0","0","0"
1,"8Pa1wO",1,1365,2011,130,"Morocco","MOR","MAR",12,"Austria","AUS","AUT",13,145,"0","-","0","0","0"
1,"8Pa1wO",1,1366,2012,130,"Morocco","MOR","MAR",12,"Austria","AUS","AUT",14,162,"0","-","0","0","0"
1,"8Pa1wO",1,1367,2013,130,"Morocco","MOR","MAR",12,"Austria","AUS","AUT",15,216,"0","-","0","0","0"
1,"8Pa1wO",1,1368,2014,130,"Morocco","MOR","MAR",12,"Austria","AUS","AUT",20,"0","0","-","0","0","0"
1,"8Pa1wO",1,1369,2015,130,"Morocco","MOR","MAR",12,"Austria","AUS","AUT",23,605,"0","-","0","0","0"
1,"8Pa1wO",1,1370,2016,130,"Morocco","MOR","MAR",12,"Austria","AUS","AUT",25,372,"0","-","0","0","0"
1,"8Pa1wO",1,1371,2017,130,"Morocco","MOR","MAR",12,"Austria","AUS","AUT",30,218,"0","-","0","0","0"
1,"8Pa1wO",1,1372,2018,130,"Morocco","MOR","MAR",12,"Austria","AUS","AUT",34,112,"0","-","0","0","0"
1,"8Pa1wO",1,1373,2019,130,"Morocco","MOR","MAR",12,"Austria","AUS","AUT",36,111,"0","-","0","0","0"
1,"8Pa1wO",1,1374,2020,130,"Morocco","MOR","MAR",12,"Austria","AUS","AUT",39,187,"0","-","0","0","0"
1,"8Pa1wO",1,1375,2021,130,"Morocco","MOR","MAR",12,"Austria","AUS","AUT",42,523,"0","-","0","0","0"
1,"8Pa1wO",1,1376,2022,130,"Morocco","MOR","MAR",12,"Austria","AUS","AUT",55,3966,"0","-","0","0","0"
1,"8Pa1wO",1,1377,2023,130,"Morocco","MOR","MAR",12,"Austria","AUS","AUT",64,1086,"0","-","0","0","0"
1,"8Pa1wO",1,1378,2024,130,"Morocco","MOR","MAR",12,"Austria","AUS","AUT",78,323,"0","-","0","0","0"
1,"8Pa1wO",1,1379,2025,130,"Morocco","MOR","MAR",12,"Austria","AUS","AUT",81,120,"0","-","0","0","0"
1,"8Pa1wO",1,1380,2006,133,"Montenegro","MNE","MNE",12,"Austria","AUS","AUT","0",12,"0","-","0","0","0"
1,"8Pa1wO",1,1381,2007,133,"Montenegro","MNE","MNE",12,"Austria","AUS","AUT",5,16,"0","-","0","0","0"
1,"8Pa1wO",1,1382,2008,133,"Montenegro","MNE","MNE",12,"Austria","AUS","AUT",12,19,"0","-","0","0","0"
1,"8Pa1wO",1,1383,2009,133,"Montenegro","MNE","MNE",12,"Austria","AUS","AUT",12,17,"0","-","0","0","0"
1,"8Pa1wO",1,1384,2010,133,"Montenegro","MNE","MNE",12,"Austria","AUS","AUT",12,11,"0","-","0","0","0"
1,"8Pa1wO",1,1385,2011,133,"Montenegro","MNE","MNE",12,"Austria","AUS","AUT",13,9,"0","-","0","0","0"
1,"8Pa1wO",1,1386,2012,133,"Montenegro","MNE","MNE",12,"Austria","AUS","AUT",13,9,"0","-","0","0","0"
1,"8Pa1wO",1,1387,2013,133,"Montenegro","MNE","MNE",12,"Austria","AUS","AUT",13,11,"0","-","0","0","0"
1,"8Pa1wO",1,1388,2014,133,"Montenegro","MNE","MNE",12,"Austria","AUS","AUT",16,"0","0","-","0","0","0"
1,"8Pa1wO",1,1389,2015,133,"Montenegro","MNE","MNE",12,"Austria","AUS","AUT",16,11,"0","-","0","0","0"
1,"8Pa1wO",1,1390,2016,133,"Montenegro","MNE","MNE",12,"Austria","AUS","AUT",16,10,"0","-","0","0","0"
1,"8Pa1wO",1,1391,2017,133,"Montenegro","MNE","MNE",12,"Austria","AUS","AUT",12,5,"0","-","0","0","0"
1,"8Pa1wO",1,1392,2018,133,"Montenegro","MNE","MNE",12,"Austria","AUS","AUT",5,5,"0","-","0","0","0"
1,"8Pa1wO",1,1393,2019,133,"Montenegro","MNE","MNE",12,"Austria","AUS","AUT",5,5,"0","-","0","0","0"
1,"8Pa1wO",1,1394,2020,133,"Montenegro","MNE","MNE",12,"Austria","AUS","AUT",5,"0","0","-","0","0","0"
1,"8Pa1wO",1,1395,2021,133,"Montenegro","MNE","MNE",12,"Austria","AUS","AUT",5,"0","0","-","0","0","0"
1,"8Pa1wO",1,1396,2022,133,"Montenegro","MNE","MNE",12,"Austria","AUS","AUT",5,"0","0","-","0","0","0"
1,"8Pa1wO",1,1397,2024,133,"Montenegro","MNE","MNE",12,"Austria","AUS","AUT","0",5,"0","-","0","0","0"
1,"8Pa1wO",1,1398,2006,134,"Mauritius","MTS","MUS",12,"Austria","AUS","AUT","0",5,"0","-","0","0","0"
1,"8Pa1wO",1,1399,2006,135,"Myanmar","MYA","MMR",12,"Austria","AUS","AUT","0",5,"0","-","0","0","0"
1,"8Pa1wO",1,1400,2007,135,"Myanmar","MYA","MMR",12,"Austria","AUS","AUT","0",8,"0","-","0","0","0"
1,"8Pa1wO",1,1401,2008,135,"Myanmar","MYA","MMR",12,"Austria","AUS","AUT",6,8,"0","-","0","0","0"
1,"8Pa1wO",1,1402,2009,135,"Myanmar","MYA","MMR",12,"Austria","AUS","AUT",6,10,"0","-","0","0","0"
1,"8Pa1wO",1,1403,2010,135,"Myanmar","MYA","MMR",12,"Austria","AUS","AUT",7,7,"0","-","0","0","0"
1,"8Pa1wO",1,1404,2011,135,"Myanmar","MYA","MMR",12,"Austria","AUS","AUT",11,"0","0","-","0","0","0"
1,"8Pa1wO",1,1405,2012,135,"Myanmar","MYA","MMR",12,"Austria","AUS","AUT",16,8,"0","-","0","0","0"
1,"8Pa1wO",1,1406,2013,135,"Myanmar","MYA","MMR",12,"Austria","AUS","AUT",26,11,"0","-","0","0","0"
1,"8Pa1wO",1,1407,2014,135,"Myanmar","MYA","MMR",12,"Austria","AUS","AUT",30,"0","0","-","0","0","0"
1,"8Pa1wO",1,1408,2015,135,"Myanmar","MYA","MMR",12,"Austria","AUS","AUT",34,16,"0","-","0","0","0"
1,"8Pa1wO",1,1409,2016,135,"Myanmar","MYA","MMR",12,"Austria","AUS","AUT",34,15,"0","-","0","0","0"
1,"8Pa1wO",1,1410,2017,135,"Myanmar","MYA","MMR",12,"Austria","AUS","AUT",36,14,"0","-","0","0","0"
1,"8Pa1wO",1,1411,2018,135,"Myanmar","MYA","MMR",12,"Austria","AUS","AUT",32,12,"0","-","0","0","0"
1,"8Pa1wO",1,1412,2019,135,"Myanmar","MYA","MMR",12,"Austria","AUS","AUT",34,7,"0","-","0","0","0"
1,"8Pa1wO",1,1413,2020,135,"Myanmar","MYA","MMR",12,"Austria","AUS","AUT",35,5,"0","-","0","0","0"
1,"8Pa1wO",1,1414,2021,135,"Myanmar","MYA","MMR",12,"Austria","AUS","AUT",32,9,"0","-","0","0","0"
1,"8Pa1wO",1,1415,2022,135,"Myanmar","MYA","MMR",12,"Austria","AUS","AUT",37,12,"0","-","0","0","0"
1,"8Pa1wO",1,1416,2023,135,"Myanmar","MYA","MMR",12,"Austria","AUS","AUT",25,11,"0","-","0","0","0"
1,"8Pa1wO",1,1417,2024,135,"Myanmar","MYA","MMR",12,"Austria","AUS","AUT",26,12,"0","-","0","0","0"
1,"8Pa1wO",1,1418,2025,135,"Myanmar","MYA","MMR",12,"Austria","AUS","AUT",24,12,"0","-","0","0","0"
1,"8Pa1wO",1,1419,2022,136,"Namibia","NAM","NAM",12,"Austria","AUS","AUT","0",5,"0","-","0","0","0"
1,"8Pa1wO",1,1420,2023,136,"Namibia","NAM","NAM",12,"Austria","AUS","AUT","0",5,"0","-","0","0","0"
1,"8Pa1wO",1,1421,2024,136,"Namibia","NAM","NAM",12,"Austria","AUS","AUT","0",5,"0","-","0","0","0"
1,"8Pa1wO",1,1422,2006,137,"Nepal","NEP","NPL",12,"Austria","AUS","AUT",8,155,"0","-","0","0","0"
1,"8Pa1wO",1,1423,2007,137,"Nepal","NEP","NPL",12,"Austria","AUS","AUT",13,167,"0","-","0","0","0"
1,"8Pa1wO",1,1424,2008,137,"Nepal","NEP","NPL",12,"Austria","AUS","AUT",19,167,"0","-","0","0","0"
1,"8Pa1wO",1,1425,2009,137,"Nepal","NEP","NPL",12,"Austria","AUS","AUT",28,145,"0","-","0","0","0"
1,"8Pa1wO",1,1426,2010,137,"Nepal","NEP","NPL",12,"Austria","AUS","AUT",35,73,"0","-","0","0","0"
1,"8Pa1wO",1,1427,2011,137,"Nepal","NEP","NPL",12,"Austria","AUS","AUT",38,101,"0","-","0","0","0"
1,"8Pa1wO",1,1428,2012,137,"Nepal","NEP","NPL",12,"Austria","AUS","AUT",40,81,"0","-","0","0","0"
1,"8Pa1wO",1,1429,2013,137,"Nepal","NEP","NPL",12,"Austria","AUS","AUT",41,63,"0","-","0","0","0"
1,"8Pa1wO",1,1430,2014,137,"Nepal","NEP","NPL",12,"Austria","AUS","AUT",41,"0","0","-","0","0","0"
1,"8Pa1wO",1,1431,2015,137,"Nepal","NEP","NPL",12,"Austria","AUS","AUT",47,85,"0","-","0","0","0"
1,"8Pa1wO",1,1432,2016,137,"Nepal","NEP","NPL",12,"Austria","AUS","AUT",40,109,"0","-","0","0","0"
1,"8Pa1wO",1,1433,2017,137,"Nepal","NEP","NPL",12,"Austria","AUS","AUT",39,82,"0","-","0","0","0"
1,"8Pa1wO",1,1434,2018,137,"Nepal","NEP","NPL",12,"Austria","AUS","AUT",35,71,"0","-","0","0","0"
1,"8Pa1wO",1,1435,2019,137,"Nepal","NEP","NPL",12,"Austria","AUS","AUT",26,60,"0","-","0","0","0"
1,"8Pa1wO",1,1436,2020,137,"Nepal","NEP","NPL",12,"Austria","AUS","AUT",19,44,"0","-","0","0","0"
1,"8Pa1wO",1,1437,2021,137,"Nepal","NEP","NPL",12,"Austria","AUS","AUT",18,31,"0","-","0","0","0"
1,"8Pa1wO",1,1438,2022,137,"Nepal","NEP","NPL",12,"Austria","AUS","AUT",17,69,"0","-","0","0","0"
1,"8Pa1wO",1,1439,2023,137,"Nepal","NEP","NPL",12,"Austria","AUS","AUT",15,80,"0","-","0","0","0"
1,"8Pa1wO",1,1440,2024,137,"Nepal","NEP","NPL",12,"Austria","AUS","AUT",15,8,"0","-","0","0","0"
1,"8Pa1wO",1,1441,2025,137,"Nepal","NEP","NPL",12,"Austria","AUS","AUT",14,13,"0","-","0","0","0"
1,"8Pa1wO",1,1442,2006,139,"Niger","NGR","NER",12,"Austria","AUS","AUT","0",6,"0","-","0","0","0"
1,"8Pa1wO",1,1443,2007,139,"Niger","NGR","NER",12,"Austria","AUS","AUT","0",5,"0","-","0","0","0"
1,"8Pa1wO",1,1444,2008,139,"Niger","NGR","NER",12,"Austria","AUS","AUT","0",5,"0","-","0","0","0"
1,"8Pa1wO",1,1445,2009,139,"Niger","NGR","NER",12,"Austria","AUS","AUT","0",7,"0","-","0","0","0"
1,"8Pa1wO",1,1446,2010,139,"Niger","NGR","NER",12,"Austria","AUS","AUT","0",5,"0","-","0","0","0"
1,"8Pa1wO",1,1447,2011,139,"Niger","NGR","NER",12,"Austria","AUS","AUT","0",8,"0","-","0","0","0"
1,"8Pa1wO",1,1448,2012,139,"Niger","NGR","NER",12,"Austria","AUS","AUT","0",5,"0","-","0","0","0"
1,"8Pa1wO",1,1449,2013,139,"Niger","NGR","NER",12,"Austria","AUS","AUT","0",10,"0","-","0","0","0"
1,"8Pa1wO",1,1450,2015,139,"Niger","NGR","NER",12,"Austria","AUS","AUT","0",15,"0","-","0","0","0"
1,"8Pa1wO",1,1451,2016,139,"Niger","NGR","NER",12,"Austria","AUS","AUT","0",12,"0","-","0","0","0"
1,"8Pa1wO",1,1452,2017,139,"Niger","NGR","NER",12,"Austria","AUS","AUT","0",5,"0","-","0","0","0"
1,"8Pa1wO",1,1453,2018,139,"Niger","NGR","NER",12,"Austria","AUS","AUT","0",5,"0","-","0","0","0"
1,"8Pa1wO",1,1454,2018,140,"Nicaragua","NIC","NIC",12,"Austria","AUS","AUT",5,"0","0","-","0","0","0"
1,"8Pa1wO",1,1455,2019,140,"Nicaragua","NIC","NIC",12,"Austria","AUS","AUT",5,"0","0","-","0","0","0"
1,"8Pa1wO",1,1456,2020,140,"Nicaragua","NIC","NIC",12,"Austria","AUS","AUT",5,"0","0","-","0","0","0"
1,"8Pa1wO",1,1457,2021,140,"Nicaragua","NIC","NIC",12,"Austria","AUS","AUT",5,"0","0","-","0","0","0"
1,"8Pa1wO",1,1458,2022,140,"Nicaragua","NIC","NIC",12,"Austria","AUS","AUT",5,5,"0","-","0","0","0"
1,"8Pa1wO",1,1459,2023,140,"Nicaragua","NIC","NIC",12,"Austria","AUS","AUT",5,5,"0","-","0","0","0"
1,"8Pa1wO",1,1460,2024,140,"Nicaragua","NIC","NIC",12,"Austria","AUS","AUT",5,5,"0","-","0","0","0"
1,"8Pa1wO",1,1461,2025,140,"Nicaragua","NIC","NIC",12,"Austria","AUS","AUT",5,"0","0","-","0","0","0"
1,"8Pa1wO",1,1462,1998,141,"Nigeria","NIG","NGA",12,"Austria","AUS","AUT",45,"0","0","-","0","0","0"
1,"8Pa1wO",1,1463,1999,141,"Nigeria","NIG","NGA",12,"Austria","AUS","AUT",54,"0","0","-","0","0","0"
1,"8Pa1wO",1,1464,2000,141,"Nigeria","NIG","NGA",12,"Austria","AUS","AUT",55,"0","0","-","0","0","0"
1,"8Pa1wO",1,1465,2001,141,"Nigeria","NIG","NGA",12,"Austria","AUS","AUT",50,"0","0","-","0","0","0"
1,"8Pa1wO",1,1466,2002,141,"Nigeria","NIG","NGA",12,"Austria","AUS","AUT",46,"0","0","-","0","0","0"
1,"8Pa1wO",1,1467,2003,141,"Nigeria","NIG","NGA",12,"Austria","AUS","AUT",41,"0","0","-","0","0","0"
1,"8Pa1wO",1,1468,2004,141,"Nigeria","NIG","NGA",12,"Austria","AUS","AUT",48,"0","0","-","0","0","0"
1,"8Pa1wO",1,1469,2005,141,"Nigeria","NIG","NGA",12,"Austria","AUS","AUT",55,"0","0","-","0","0","0"
1,"8Pa1wO",1,1470,2006,141,"Nigeria","NIG","NGA",12,"Austria","AUS","AUT",72,3284,"0","-","0","0","0"
1,"8Pa1wO",1,1471,2007,141,"Nigeria","NIG","NGA",12,"Austria","AUS","AUT",97,2544,"0","-","0","0","0"
1,"8Pa1wO",1,1472,2008,141,"Nigeria","NIG","NGA",12,"Austria","AUS","AUT",139,1942,"0","-","0","0","0"
1,"8Pa1wO",1,1473,2009,141,"Nigeria","NIG","NGA",12,"Austria","AUS","AUT",173,1804,"0","-","0","0","0"
1,"8Pa1wO",1,1474,2010,141,"Nigeria","NIG","NGA",12,"Austria","AUS","AUT",228,1200,"0","-","0","0","0"
1,"8Pa1wO",1,1475,2011,141,"Nigeria","NIG","NGA",12,"Austria","AUS","AUT",288,971,"0","-","0","0","0"
1,"8Pa1wO",1,1476,2012,141,"Nigeria","NIG","NGA",12,"Austria","AUS","AUT",315,865,"0","-","0","0","0"
1,"8Pa1wO",1,1477,2013,141,"Nigeria","NIG","NGA",12,"Austria","AUS","AUT",346,837,"0","-","0","0","0"
1,"8Pa1wO",1,1478,2014,141,"Nigeria","NIG","NGA",12,"Austria","AUS","AUT",370,"0","0","-","0","0","0"
1,"8Pa1wO",1,1479,2015,141,"Nigeria","NIG","NGA",12,"Austria","AUS","AUT",393,1638,"0","-","0","0","0"
1,"8Pa1wO",1,1480,2016,141,"Nigeria","NIG","NGA",12,"Austria","AUS","AUT",402,2172,"0","-","0","0","0"
1,"8Pa1wO",1,1481,2017,141,"Nigeria","NIG","NGA",12,"Austria","AUS","AUT",407,1659,"0","-","0","0","0"
1,"8Pa1wO",1,1482,2018,141,"Nigeria","NIG","NGA",12,"Austria","AUS","AUT",422,994,"0","-","0","0","0"
1,"8Pa1wO",1,1483,2019,141,"Nigeria","NIG","NGA",12,"Austria","AUS","AUT",430,607,"0","-","0","0","0"
1,"8Pa1wO",1,1484,2020,141,"Nigeria","NIG","NGA",12,"Austria","AUS","AUT",417,443,"0","-","0","0","0"
1,"8Pa1wO",1,1485,2021,141,"Nigeria","NIG","NGA",12,"Austria","AUS","AUT",425,334,"0","-","0","0","0"
1,"8Pa1wO",1,1486,2022,141,"Nigeria","NIG","NGA",12,"Austria","AUS","AUT",458,206,"0","-","0","0","0"
1,"8Pa1wO",1,1487,2023,141,"Nigeria","NIG","NGA",12,"Austria","AUS","AUT",427,188,"0","-","0","0","0"
1,"8Pa1wO",1,1488,2024,141,"Nigeria","NIG","NGA",12,"Austria","AUS","AUT",474,159,"0","-","0","0","0"
1,"8Pa1wO",1,1489,2025,141,"Nigeria","NIG","NGA",12,"Austria","AUS","AUT",466,148,"0","-","0","0","0"
1,"8Pa1wO",1,1490,1998,147,"Pakistan","PAK","PAK",12,"Austria","AUS","AUT",39,"0","0","-","0","0","0"
1,"8Pa1wO",1,1491,1999,147,"Pakistan","PAK","PAK",12,"Austria","AUS","AUT",40,"0","0","-","0","0","0"
1,"8Pa1wO",1,1492,2000,147,"Pakistan","PAK","PAK",12,"Austria","AUS","AUT",38,"0","0","-","0","0","0"
1,"8Pa1wO",1,1493,2001,147,"Pakistan","PAK","PAK",12,"Austria","AUS","AUT",26,"0","0","-","0","0","0"
1,"8Pa1wO",1,1494,2002,147,"Pakistan","PAK","PAK",12,"Austria","AUS","AUT",18,"0","0","-","0","0","0"
1,"8Pa1wO",1,1495,2003,147,"Pakistan","PAK","PAK",12,"Austria","AUS","AUT",19,"0","0","-","0","0","0"
1,"8Pa1wO",1,1496,2004,147,"Pakistan","PAK","PAK",12,"Austria","AUS","AUT",16,"0","0","-","0","0","0"
1,"8Pa1wO",1,1497,2005,147,"Pakistan","PAK","PAK",12,"Austria","AUS","AUT",24,"0","0","-","0","0","0"
1,"8Pa1wO",1,1498,2006,147,"Pakistan","PAK","PAK",12,"Austria","AUS","AUT",34,521,"0","-","0","0","0"
1,"8Pa1wO",1,1499,2007,147,"Pakistan","PAK","PAK",12,"Austria","AUS","AUT",40,477,"0","-","0","0","0"
1,"8Pa1wO",1,1500,2008,147,"Pakistan","PAK","PAK",12,"Austria","AUS","AUT",61,427,"0","-","0","0","0"
1,"8Pa1wO",1,1501,2009,147,"Pakistan","PAK","PAK",12,"Austria","AUS","AUT",66,423,"0","-","0","0","0"
1,"8Pa1wO",1,1502,2010,147,"Pakistan","PAK","PAK",12,"Austria","AUS","AUT",69,494,"0","-","0","0","0"
1,"8Pa1wO",1,1503,2011,147,"Pakistan","PAK","PAK",12,"Austria","AUS","AUT",74,1059,"0","-","0","0","0"
1,"8Pa1wO",1,1504,2012,147,"Pakistan","PAK","PAK",12,"Austria","AUS","AUT",94,1256,"0","-","0","0","0"
1,"8Pa1wO",1,1505,2013,147,"Pakistan","PAK","PAK",12,"Austria","AUS","AUT",131,654,"0","-","0","0","0"
1,"8Pa1wO",1,1506,2014,147,"Pakistan","PAK","PAK",12,"Austria","AUS","AUT",179,"0","0","-","0","0","0"
1,"8Pa1wO",1,1507,2015,147,"Pakistan","PAK","PAK",12,"Austria","AUS","AUT",203,1899,"0","-","0","0","0"
1,"8Pa1wO",1,1508,2016,147,"Pakistan","PAK","PAK",12,"Austria","AUS","AUT",230,2030,"0","-","0","0","0"
1,"8Pa1wO",1,1509,2017,147,"Pakistan","PAK","PAK",12,"Austria","AUS","AUT",270,1345,"0","-","0","0","0"
1,"8Pa1wO",1,1510,2018,147,"Pakistan","PAK","PAK",12,"Austria","AUS","AUT",296,754,"0","-","0","0","0"
1,"8Pa1wO",1,1511,2019,147,"Pakistan","PAK","PAK",12,"Austria","AUS","AUT",312,612,"0","-","0","0","0"
1,"8Pa1wO",1,1512,2020,147,"Pakistan","PAK","PAK",12,"Austria","AUS","AUT",348,428,"0","-","0","0","0"
1,"8Pa1wO",1,1513,2021,147,"Pakistan","PAK","PAK",12,"Austria","AUS","AUT",375,591,"0","-","0","0","0"
1,"8Pa1wO",1,1514,2022,147,"Pakistan","PAK","PAK",12,"Austria","AUS","AUT",422,2023,"0","-","0","0","0"
1,"8Pa1wO",1,1515,2023,147,"Pakistan","PAK","PAK",12,"Austria","AUS","AUT",351,347,"0","-","0","0","0"
1,"8Pa1wO",1,1516,2024,147,"Pakistan","PAK","PAK",12,"Austria","AUS","AUT",380,165,"0","-","0","0","0"
1,"8Pa1wO",1,1517,2025,147,"Pakistan","PAK","PAK",12,"Austria","AUS","AUT",379,136,"0","-","0","0","0"
1,"8Pa1wO",1,1518,1998,150,"Peru","PER","PER",12,"Austria","AUS","AUT",5,"0","0","-","0","0","0"
1,"8Pa1wO",1,1519,1999,150,"Peru","PER","PER",12,"Austria","AUS","AUT",5,"0","0","-","0","0","0"
1,"8Pa1wO",1,1520,2000,150,"Peru","PER","PER",12,"Austria","AUS","AUT",5,"0","0","-","0","0","0"
1,"8Pa1wO",1,1521,2006,150,"Peru","PER","PER",12,"Austria","AUS","AUT","0",5,"0","-","0","0","0"
1,"8Pa1wO",1,1522,2009,150,"Peru","PER","PER",12,"Austria","AUS","AUT",5,"0","0","-","0","0","0"
1,"8Pa1wO",1,1523,2010,150,"Peru","PER","PER",12,"Austria","AUS","AUT",5,"0","0","-","0","0","0"
1,"8Pa1wO",1,1524,2023,150,"Peru","PER","PER",12,"Austria","AUS","AUT","0",11,"0","-","0","0","0"
1,"8Pa1wO",1,1525,2024,150,"Peru","PER","PER",12,"Austria","AUS","AUT","0",14,"0","-","0","0","0"
1,"8Pa1wO",1,1526,2025,150,"Peru","PER","PER",12,"Austria","AUS","AUT","0",8,"0","-","0","0","0"
1,"8Pa1wO",1,1527,2006,151,"Philippines","PHI","PHL",12,"Austria","AUS","AUT","0",5,"0","-","0","0","0"
1,"8Pa1wO",1,1528,2007,151,"Philippines","PHI","PHL",12,"Austria","AUS","AUT","0",7,"0","-","0","0","0"
1,"8Pa1wO",1,1529,2008,151,"Philippines","PHI","PHL",12,"Austria","AUS","AUT",5,5,"0","-","0","0","0"
1,"8Pa1wO",1,1530,2009,151,"Philippines","PHI","PHL",12,"Austria","AUS","AUT",5,6,"0","-","0","0","0"
1,"8Pa1wO",1,1531,2010,151,"Philippines","PHI","PHL",12,"Austria","AUS","AUT",6,8,"0","-","0","0","0"
1,"8Pa1wO",1,1532,2011,151,"Philippines","PHI","PHL",12,"Austria","AUS","AUT",7,5,"0","-","0","0","0"
1,"8Pa1wO",1,1533,2012,151,"Philippines","PHI","PHL",12,"Austria","AUS","AUT",9,5,"0","-","0","0","0"
1,"8Pa1wO",1,1534,2013,151,"Philippines","PHI","PHL",12,"Austria","AUS","AUT",9,5,"0","-","0","0","0"
1,"8Pa1wO",1,1535,2014,151,"Philippines","PHI","PHL",12,"Austria","AUS","AUT",7,"0","0","-","0","0","0"
1,"8Pa1wO",1,1536,2015,151,"Philippines","PHI","PHL",12,"Austria","AUS","AUT",7,7,"0","-","0","0","0"
1,"8Pa1wO",1,1537,2016,151,"Philippines","PHI","PHL",12,"Austria","AUS","AUT",9,10,"0","-","0","0","0"
1,"8Pa1wO",1,1538,2017,151,"Philippines","PHI","PHL",12,"Austria","AUS","AUT",10,18,"0","-","0","0","0"
1,"8Pa1wO",1,1539,2018,151,"Philippines","PHI","PHL",12,"Austria","AUS","AUT",13,19,"0","-","0","0","0"
1,"8Pa1wO",1,1540,2019,151,"Philippines","PHI","PHL",12,"Austria","AUS","AUT",16,13,"0","-","0","0","0"
1,"8Pa1wO",1,1541,2020,151,"Philippines","PHI","PHL",12,"Austria","AUS","AUT",18,10,"0","-","0","0","0"
1,"8Pa1wO",1,1542,2021,151,"Philippines","PHI","PHL",12,"Austria","AUS","AUT",19,13,"0","-","0","0","0"
1,"8Pa1wO",1,1543,2022,151,"Philippines","PHI","PHL",12,"Austria","AUS","AUT",19,8,"0","-","0","0","0"
1,"8Pa1wO",1,1544,2023,151,"Philippines","PHI","PHL",12,"Austria","AUS","AUT",19,7,"0","-","0","0","0"
1,"8Pa1wO",1,1545,2024,151,"Philippines","PHI","PHL",12,"Austria","AUS","AUT",20,12,"0","-","0","0","0"
1,"8Pa1wO",1,1546,2025,151,"Philippines","PHI","PHL",12,"Austria","AUS","AUT",20,12,"0","-","0","0","0"
1,"8Pa1wO",1,1547,2013,152,"Palau","PLW","PLW",12,"Austria","AUS","AUT","0",5,"0","-","0","0","0"
1,"8Pa1wO",1,1548,1998,154,"Poland","POL","POL",12,"Austria","AUS","AUT",126,"0","0","-","0","0","0"
1,"8Pa1wO",1,1549,1999,154,"Poland","POL","POL",12,"Austria","AUS","AUT",11,"0","0","-","0","0","0"
1,"8Pa1wO",1,1550,2000,154,"Poland","POL","POL",12,"Austria","AUS","AUT",10,"0","0","-","0","0","0"
1,"8Pa1wO",1,1551,2001,154,"Poland","POL","POL",12,"Austria","AUS","AUT",10,"0","0","-","0","0","0"
1,"8Pa1wO",1,1552,2002,154,"Poland","POL","POL",12,"Austria","AUS","AUT",9,"0","0","-","0","0","0"
1,"8Pa1wO",1,1553,2003,154,"Poland","POL","POL",12,"Austria","AUS","AUT",8,"0","0","-","0","0","0"
1,"8Pa1wO",1,1554,2004,154,"Poland","POL","POL",12,"Austria","AUS","AUT",5,"0","0","-","0","0","0"
1,"8Pa1wO",1,1555,2005,154,"Poland","POL","POL",12,"Austria","AUS","AUT",5,"0","0","-","0","0","0"
1,"8Pa1wO",1,1556,2006,154,"Poland","POL","POL",12,"Austria","AUS","AUT","0",7,"0","-","0","0","0"
1,"8Pa1wO",1,1557,2008,154,"Poland","POL","POL",12,"Austria","AUS","AUT","0",5,"0","-","0","0","0"
1,"8Pa1wO",1,1558,2012,154,"Poland","POL","POL",12,"Austria","AUS","AUT","0",5,"0","-","0","0","0"
1,"8Pa1wO",1,1559,1998,158,"Romania","ROM","ROU",12,"Austria","AUS","AUT",4202,"0","0","-","0","0","0"
1,"8Pa1wO",1,1560,1999,158,"Romania","ROM","ROU",12,"Austria","AUS","AUT",2375,"0","0","-","0","0","0"
1,"8Pa1wO",1,1561,2000,158,"Romania","ROM","ROU",12,"Austria","AUS","AUT",2079,"0","0","-","0","0","0"
1,"8Pa1wO",1,1562,2001,158,"Romania","ROM","ROU",12,"Austria","AUS","AUT",845,"0","0","-","0","0","0"
1,"8Pa1wO",1,1563,2002,158,"Romania","ROM","ROU",12,"Austria","AUS","AUT",362,"0","0","-","0","0","0"
1,"8Pa1wO",1,1564,2003,158,"Romania","ROM","ROU",12,"Austria","AUS","AUT",208,"0","0","-","0","0","0"
1,"8Pa1wO",1,1565,2004,158,"Romania","ROM","ROU",12,"Austria","AUS","AUT",118,"0","0","-","0","0","0"
1,"8Pa1wO",1,1566,2005,158,"Romania","ROM","ROU",12,"Austria","AUS","AUT",96,"0","0","-","0","0","0"
1,"8Pa1wO",1,1567,2006,158,"Romania","ROM","ROU",12,"Austria","AUS","AUT",72,214,"0","-","0","0","0"
1,"8Pa1wO",1,1568,2007,158,"Romania","ROM","ROU",12,"Austria","AUS","AUT",56,109,"0","-","0","0","0"
1,"8Pa1wO",1,1569,2008,158,"Romania","ROM","ROU",12,"Austria","AUS","AUT",53,73,"0","-","0","0","0"
1,"8Pa1wO",1,1570,2009,158,"Romania","ROM","ROU",12,"Austria","AUS","AUT",45,66,"0","-","0","0","0"
1,"8Pa1wO",1,1571,2010,158,"Romania","ROM","ROU",12,"Austria","AUS","AUT",40,47,"0","-","0","0","0"
1,"8Pa1wO",1,1572,2011,158,"Romania","ROM","ROU",12,"Austria","AUS","AUT",37,35,"0","-","0","0","0"
1,"8Pa1wO",1,1573,2012,158,"Romania","ROM","ROU",12,"Austria","AUS","AUT",37,36,"0","-","0","0","0"
1,"8Pa1wO",1,1574,2013,158,"Romania","ROM","ROU",12,"Austria","AUS","AUT",36,33,"0","-","0","0","0"
1,"8Pa1wO",1,1575,2014,158,"Romania","ROM","ROU",12,"Austria","AUS","AUT",33,"0","0","-","0","0","0"
1,"8Pa1wO",1,1576,2015,158,"Romania","ROM","ROU",12,"Austria","AUS","AUT",20,31,"0","-","0","0","0"
1,"8Pa1wO",1,1577,2016,158,"Romania","ROM","ROU",12,"Austria","AUS","AUT",14,23,"0","-","0","0","0"
1,"8Pa1wO",1,1578,2017,158,"Romania","ROM","ROU",12,"Austria","AUS","AUT",9,"0","0","-","0","0","0"
1,"8Pa1wO",1,1579,2018,158,"Romania","ROM","ROU",12,"Austria","AUS","AUT",7,5,"0","-","0","0","0"
1,"8Pa1wO",1,1580,2019,158,"Romania","ROM","ROU",12,"Austria","AUS","AUT",5,5,"0","-","0","0","0"
1,"8Pa1wO",1,1581,2020,158,"Romania","ROM","ROU",12,"Austria","AUS","AUT",5,"0","0","-","0","0","0"
1,"8Pa1wO",1,1582,2021,158,"Romania","ROM","ROU",12,"Austria","AUS","AUT",5,"0","0","-","0","0","0"
1,"8Pa1wO",1,1583,2025,158,"Romania","ROM","ROU",12,"Austria","AUS","AUT","0",5,"0","-","0","0","0"
1,"8Pa1wO",1,1584,2006,159,"South Africa","RSA","ZAF",12,"Austria","AUS","AUT","0",5,"0","-","0","0","0"
1,"8Pa1wO",1,1585,2007,159,"South Africa","RSA","ZAF",12,"Austria","AUS","AUT","0",6,"0","-","0","0","0"
1,"8Pa1wO",1,1586,2008,159,"South Africa","RSA","ZAF",12,"Austria","AUS","AUT","0",8,"0","-","0","0","0"
1,"8Pa1wO",1,1587,2009,159,"South Africa","RSA","ZAF",12,"Austria","AUS","AUT","0",7,"0","-","0","0","0"
1,"8Pa1wO",1,1588,2010,159,"South Africa","RSA","ZAF",12,"Austria","AUS","AUT","0",6,"0","-","0","0","0"
1,"8Pa1wO",1,1589,2011,159,"South Africa","RSA","ZAF",12,"Austria","AUS","AUT",5,"0","0","-","0","0","0"
1,"8Pa1wO",1,1590,2012,159,"South Africa","RSA","ZAF",12,"Austria","AUS","AUT",5,"0","0","-","0","0","0"
1,"8Pa1wO",1,1591,2013,159,"South Africa","RSA","ZAF",12,"Austria","AUS","AUT",5,5,"0","-","0","0","0"
1,"8Pa1wO",1,1592,2014,159,"South Africa","RSA","ZAF",12,"Austria","AUS","AUT",5,"0","0","-","0","0","0"
1,"8Pa1wO",1,1593,2015,159,"South Africa","RSA","ZAF",12,"Austria","AUS","AUT",5,5,"0","-","0","0","0"
1,"8Pa1wO",1,1594,2016,159,"South Africa","RSA","ZAF",12,"Austria","AUS","AUT",5,5,"0","-","0","0","0"
1,"8Pa1wO",1,1595,2017,159,"South Africa","RSA","ZAF",12,"Austria","AUS","AUT",5,"0","0","-","0","0","0"
1,"8Pa1wO",1,1596,2018,159,"South Africa","RSA","ZAF",12,"Austria","AUS","AUT",5,"0","0","-","0","0","0"
1,"8Pa1wO",1,1597,2019,159,"South Africa","RSA","ZAF",12,"Austria","AUS","AUT",5,"0","0","-","0","0","0"
1,"8Pa1wO",1,1598,2020,159,"South Africa","RSA","ZAF",12,"Austria","AUS","AUT",5,"0","0","-","0","0","0"
1,"8Pa1wO",1,1599,2021,159,"South Africa","RSA","ZAF",12,"Austria","AUS","AUT","0",8,"0","-","0","0","0"
1,"8Pa1wO",1,1600,2025,159,"South Africa","RSA","ZAF",12,"Austria","AUS","AUT","0",5,"0","-","0","0","0"
1,"8Pa1wO",1,1601,1998,160,"Russian Federation","RUS","RUS",12,"Austria","AUS","AUT",180,"0","0","-","0","0","0"
1,"8Pa1wO",1,1602,1999,160,"Russian Federation","RUS","RUS",12,"Austria","AUS","AUT",182,"0","0","-","0","0","0"
1,"8Pa1wO",1,1603,2000,160,"Russian Federation","RUS","RUS",12,"Austria","AUS","AUT",201,"0","0","-","0","0","0"
1,"8Pa1wO",1,1604,2001,160,"Russian Federation","RUS","RUS",12,"Austria","AUS","AUT",186,"0","0","-","0","0","0"
1,"8Pa1wO",1,1605,2002,160,"Russian Federation","RUS","RUS",12,"Austria","AUS","AUT",150,"0","0","-","0","0","0"
1,"8Pa1wO",1,1606,2003,160,"Russian Federation","RUS","RUS",12,"Austria","AUS","AUT",911,"0","0","-","0","0","0"
1,"8Pa1wO",1,1607,2004,160,"Russian Federation","RUS","RUS",12,"Austria","AUS","AUT",4152,"0","0","-","0","0","0"
1,"8Pa1wO",1,1608,2005,160,"Russian Federation","RUS","RUS",12,"Austria","AUS","AUT",6438,"0","0","-","0","0","0"
1,"8Pa1wO",1,1609,2006,160,"Russian Federation","RUS","RUS",12,"Austria","AUS","AUT",8723,6977,"0","-","0","0","0"
1,"8Pa1wO",1,1610,2007,160,"Russian Federation","RUS","RUS",12,"Austria","AUS","AUT",11571,5561,"0","-","0","0","0"
1,"8Pa1wO",1,1611,2008,160,"Russian Federation","RUS","RUS",12,"Austria","AUS","AUT",14122,5312,"0","-","0","0","0"
1,"8Pa1wO",1,1612,2009,160,"Russian Federation","RUS","RUS",12,"Austria","AUS","AUT",15828,4693,"0","-","0","0","0"
1,"8Pa1wO",1,1613,2010,160,"Russian Federation","RUS","RUS",12,"Austria","AUS","AUT",17229,3870,"0","-","0","0","0"
1,"8Pa1wO",1,1614,2011,160,"Russian Federation","RUS","RUS",12,"Austria","AUS","AUT",18473,3109,"0","-","0","0","0"
1,"8Pa1wO",1,1615,2012,160,"Russian Federation","RUS","RUS",12,"Austria","AUS","AUT",19517,3157,"0","-","0","0","0"
1,"8Pa1wO",1,1616,2013,160,"Russian Federation","RUS","RUS",12,"Austria","AUS","AUT",19577,3250,"0","-","0","0","0"
1,"8Pa1wO",1,1617,2014,160,"Russian Federation","RUS","RUS",12,"Austria","AUS","AUT",17361,"0","0","-","0","0","0"
1,"8Pa1wO",1,1618,2015,160,"Russian Federation","RUS","RUS",12,"Austria","AUS","AUT",15526,2765,"0","-","0","0","0"
1,"8Pa1wO",1,1619,2016,160,"Russian Federation","RUS","RUS",12,"Austria","AUS","AUT",13773,2707,"0","-","0","0","0"
1,"8Pa1wO",1,1620,2017,160,"Russian Federation","RUS","RUS",12,"Austria","AUS","AUT",11301,2239,"0","-","0","0","0"
1,"8Pa1wO",1,1621,2018,160,"Russian Federation","RUS","RUS",12,"Austria","AUS","AUT",9946,1635,"0","-","0","0","0"
1,"8Pa1wO",1,1622,2019,160,"Russian Federation","RUS","RUS",12,"Austria","AUS","AUT",8664,1194,"0","-","0","0","0"
1,"8Pa1wO",1,1623,2020,160,"Russian Federation","RUS","RUS",12,"Austria","AUS","AUT",7513,958,"0","-","0","0","0"
1,"8Pa1wO",1,1624,2021,160,"Russian Federation","RUS","RUS",12,"Austria","AUS","AUT",6526,702,"0","-","0","0","0"
1,"8Pa1wO",1,1625,2022,160,"Russian Federation","RUS","RUS",12,"Austria","AUS","AUT",6276,836,"0","-","0","0","0"
1,"8Pa1wO",1,1626,2023,160,"Russian Federation","RUS","RUS",12,"Austria","AUS","AUT",4146,896,"0","-","0","0","0"
1,"8Pa1wO",1,1627,2024,160,"Russian Federation","RUS","RUS",12,"Austria","AUS","AUT",4633,693,"0","-","0","0","0"
1,"8Pa1wO",1,1628,2025,160,"Russian Federation","RUS","RUS",12,"Austria","AUS","AUT",4352,625,"0","-","0","0","0"
1,"8Pa1wO",1,1629,1998,161,"Rwanda","RWA","RWA",12,"Austria","AUS","AUT",37,"0","0","-","0","0","0"
1,"8Pa1wO",1,1630,1999,161,"Rwanda","RWA","RWA",12,"Austria","AUS","AUT",45,"0","0","-","0","0","0"
1,"8Pa1wO",1,1631,2000,161,"Rwanda","RWA","RWA",12,"Austria","AUS","AUT",57,"0","0","-","0","0","0"
1,"8Pa1wO",1,1632,2001,161,"Rwanda","RWA","RWA",12,"Austria","AUS","AUT",73,"0","0","-","0","0","0"
1,"8Pa1wO",1,1633,2002,161,"Rwanda","RWA","RWA",12,"Austria","AUS","AUT",74,"0","0","-","0","0","0"
1,"8Pa1wO",1,1634,2003,161,"Rwanda","RWA","RWA",12,"Austria","AUS","AUT",87,"0","0","-","0","0","0"
1,"8Pa1wO",1,1635,2004,161,"Rwanda","RWA","RWA",12,"Austria","AUS","AUT",91,"0","0","-","0","0","0"
1,"8Pa1wO",1,1636,2005,161,"Rwanda","RWA","RWA",12,"Austria","AUS","AUT",88,"0","0","-","0","0","0"
1,"8Pa1wO",1,1637,2006,161,"Rwanda","RWA","RWA",12,"Austria","AUS","AUT",85,19,"0","-","0","0","0"
1,"8Pa1wO",1,1638,2007,161,"Rwanda","RWA","RWA",12,"Austria","AUS","AUT",64,14,"0","-","0","0","0"
1,"8Pa1wO",1,1639,2008,161,"Rwanda","RWA","RWA",12,"Austria","AUS","AUT",62,16,"0","-","0","0","0"
1,"8Pa1wO",1,1640,2009,161,"Rwanda","RWA","RWA",12,"Austria","AUS","AUT",62,12,"0","-","0","0","0"
1,"8Pa1wO",1,1641,2010,161,"Rwanda","RWA","RWA",12,"Austria","AUS","AUT",54,10,"0","-","0","0","0"
1,"8Pa1wO",1,1642,2011,161,"Rwanda","RWA","RWA",12,"Austria","AUS","AUT",41,10,"0","-","0","0","0"
1,"8Pa1wO",1,1643,2012,161,"Rwanda","RWA","RWA",12,"Austria","AUS","AUT",40,11,"0","-","0","0","0"
1,"8Pa1wO",1,1644,2013,161,"Rwanda","RWA","RWA",12,"Austria","AUS","AUT",28,12,"0","-","0","0","0"
1,"8Pa1wO",1,1645,2014,161,"Rwanda","RWA","RWA",12,"Austria","AUS","AUT",24,"0","0","-","0","0","0"
1,"8Pa1wO",1,1646,2015,161,"Rwanda","RWA","RWA",12,"Austria","AUS","AUT",21,15,"0","-","0","0","0"
1,"8Pa1wO",1,1647,2016,161,"Rwanda","RWA","RWA",12,"Austria","AUS","AUT",19,16,"0","-","0","0","0"
1,"8Pa1wO",1,1648,2017,161,"Rwanda","RWA","RWA",12,"Austria","AUS","AUT",19,11,"0","-","0","0","0"
1,"8Pa1wO",1,1649,2018,161,"Rwanda","RWA","RWA",12,"Austria","AUS","AUT",25,9,"0","-","0","0","0"
1,"8Pa1wO",1,1650,2019,161,"Rwanda","RWA","RWA",12,"Austria","AUS","AUT",19,7,"0","-","0","0","0"
1,"8Pa1wO",1,1651,2020,161,"Rwanda","RWA","RWA",12,"Austria","AUS","AUT",15,6,"0","-","0","0","0"
1,"8Pa1wO",1,1652,2021,161,"Rwanda","RWA","RWA",12,"Austria","AUS","AUT",12,5,"0","-","0","0","0"
1,"8Pa1wO",1,1653,2022,161,"Rwanda","RWA","RWA",12,"Austria","AUS","AUT",13,5,"0","-","0","0","0"
1,"8Pa1wO",1,1654,2023,161,"Rwanda","RWA","RWA",12,"Austria","AUS","AUT",14,5,"0","-","0","0","0"
1,"8Pa1wO",1,1655,2024,161,"Rwanda","RWA","RWA",12,"Austria","AUS","AUT",18,5,"0","-","0","0","0"
1,"8Pa1wO",1,1656,2025,161,"Rwanda","RWA","RWA",12,"Austria","AUS","AUT",18,5,"0","-","0","0","0"
1,"8Pa1wO",1,1657,2015,163,"Saudi Arabia","SAU","SAU",12,"Austria","AUS","AUT",5,"0","0","-","0","0","0"
1,"8Pa1wO",1,1658,2016,163,"Saudi Arabia","SAU","SAU",12,"Austria","AUS","AUT",5,5,"0","-","0","0","0"
1,"8Pa1wO",1,1659,2017,163,"Saudi Arabia","SAU","SAU",12,"Austria","AUS","AUT",5,"0","0","-","0","0","0"
1,"8Pa1wO",1,1660,2018,163,"Saudi Arabia","SAU","SAU",12,"Austria","AUS","AUT",5,"0","0","-","0","0","0"
1,"8Pa1wO",1,1661,2019,163,"Saudi Arabia","SAU","SAU",12,"Austria","AUS","AUT",6,"0","0","-","0","0","0"
1,"8Pa1wO",1,1662,2020,163,"Saudi Arabia","SAU","SAU",12,"Austria","AUS","AUT",6,"0","0","-","0","0","0"
1,"8Pa1wO",1,1663,2021,163,"Saudi Arabia","SAU","SAU",12,"Austria","AUS","AUT",7,"0","0","-","0","0","0"
1,"8Pa1wO",1,1664,2022,163,"Saudi Arabia","SAU","SAU",12,"Austria","AUS","AUT",8,"0","0","-","0","0","0"
1,"8Pa1wO",1,1665,2023,163,"Saudi Arabia","SAU","SAU",12,"Austria","AUS","AUT",11,"0","0","-","0","0","0"
1,"8Pa1wO",1,1666,2024,163,"Saudi Arabia","SAU","SAU",12,"Austria","AUS","AUT",12,"0","0","-","0","0","0"
1,"8Pa1wO",1,1667,2025,163,"Saudi Arabia","SAU","SAU",12,"Austria","AUS","AUT",12,"0","0","-","0","0","0"
1,"8Pa1wO",1,1668,1992,164,"Serbia and Kosovo: S/RES/1244 (1999)","SRB","SRB",12,"Austria","AUS","AUT",42918,"0","0","-","0","0","0"
1,"8Pa1wO",1,1669,1993,164,"Serbia and Kosovo: S/RES/1244 (1999)","SRB","SRB",12,"Austria","AUS","AUT",39728,"0","0","-","0","0","0"
1,"8Pa1wO",1,1670,1998,164,"Serbia and Kosovo: S/RES/1244 (1999)","SRB","SRB",12,"Austria","AUS","AUT",705,"0","0","-","0","0","0"
1,"8Pa1wO",1,1671,1999,164,"Serbia and Kosovo: S/RES/1244 (1999)","SRB","SRB",12,"Austria","AUS","AUT",5237,"0","0","-","0","0","0"
1,"8Pa1wO",1,1672,2000,164,"Serbia and Kosovo: S/RES/1244 (1999)","SRB","SRB",12,"Austria","AUS","AUT",3931,"0","0","-","0","0","0"
1,"8Pa1wO",1,1673,2001,164,"Serbia and Kosovo: S/RES/1244 (1999)","SRB","SRB",12,"Austria","AUS","AUT",4099,"0","0","-","0","0","0"
1,"8Pa1wO",1,1674,2002,164,"Serbia and Kosovo: S/RES/1244 (1999)","SRB","SRB",12,"Austria","AUS","AUT",4138,"0","0","-","0","0","0"
1,"8Pa1wO",1,1675,2003,164,"Serbia and Kosovo: S/RES/1244 (1999)","SRB","SRB",12,"Austria","AUS","AUT",4265,"0","0","-","0","0","0"
1,"8Pa1wO",1,1676,2004,164,"Serbia and Kosovo: S/RES/1244 (1999)","SRB","SRB",12,"Austria","AUS","AUT",4715,"0","0","-","0","0","0"
1,"8Pa1wO",1,1677,2005,164,"Serbia and Kosovo: S/RES/1244 (1999)","SRB","SRB",12,"Austria","AUS","AUT",5091,"0","0","-","0","0","0"
1,"8Pa1wO",1,1678,2006,164,"Serbia and Kosovo: S/RES/1244 (1999)","SRB","SRB",12,"Austria","AUS","AUT",5485,6532,"0","-","0","0","0"
1,"8Pa1wO",1,1679,2007,164,"Serbia and Kosovo: S/RES/1244 (1999)","SRB","SRB",12,"Austria","AUS","AUT",5783,5331,"0","-","0","0","0"
1,"8Pa1wO",1,1680,2008,164,"Serbia and Kosovo: S/RES/1244 (1999)","SRB","SRB",12,"Austria","AUS","AUT",6218,4687,"0","-","0","0","0"
1,"8Pa1wO",1,1681,2009,164,"Serbia and Kosovo: S/RES/1244 (1999)","SRB","SRB",12,"Austria","AUS","AUT",3473,3957,"0","-","0","0","0"
1,"8Pa1wO",1,1682,2010,164,"Serbia and Kosovo: S/RES/1244 (1999)","SRB","SRB",12,"Austria","AUS","AUT",3353,2797,"0","-","0","0","0"
1,"8Pa1wO",1,1683,2011,164,"Serbia and Kosovo: S/RES/1244 (1999)","SRB","SRB",12,"Austria","AUS","AUT",3290,1598,"0","-","0","0","0"
1,"8Pa1wO",1,1684,2012,164,"Serbia and Kosovo: S/RES/1244 (1999)","SRB","SRB",12,"Austria","AUS","AUT",3165,1065,"0","-","0","0","0"
1,"8Pa1wO",1,1685,2013,164,"Serbia and Kosovo: S/RES/1244 (1999)","SRB","SRB",12,"Austria","AUS","AUT",3075,952,"0","-","0","0","0"
1,"8Pa1wO",1,1686,2014,164,"Serbia and Kosovo: S/RES/1244 (1999)","SRB","SRB",12,"Austria","AUS","AUT",2683,"0","0","-","0","0","0"
1,"8Pa1wO",1,1687,2015,164,"Serbia and Kosovo: S/RES/1244 (1999)","SRB","SRB",12,"Austria","AUS","AUT",2199,850,"0","-","0","0","0"
1,"8Pa1wO",1,1688,2016,164,"Serbia and Kosovo: S/RES/1244 (1999)","SRB","SRB",12,"Austria","AUS","AUT",1758,578,"0","-","0","0","0"
1,"8Pa1wO",1,1689,2017,164,"Serbia and Kosovo: S/RES/1244 (1999)","SRB","SRB",12,"Austria","AUS","AUT",1216,397,"0","-","0","0","0"
1,"8Pa1wO",1,1690,2018,164,"Serbia and Kosovo: S/RES/1244 (1999)","SRB","SRB",12,"Austria","AUS","AUT",912,280,"0","-","0","0","0"
1,"8Pa1wO",1,1691,2019,164,"Serbia and Kosovo: S/RES/1244 (1999)","SRB","SRB",12,"Austria","AUS","AUT",725,217,"0","-","0","0","0"
1,"8Pa1wO",1,1692,2020,164,"Serbia and Kosovo: S/RES/1244 (1999)","SRB","SRB",12,"Austria","AUS","AUT",563,144,"0","-","0","0","0"
1,"8Pa1wO",1,1693,2021,164,"Serbia and Kosovo: S/RES/1244 (1999)","SRB","SRB",12,"Austria","AUS","AUT",437,136,"0","-","0","0","0"
1,"8Pa1wO",1,1694,2022,164,"Serbia and Kosovo: S/RES/1244 (1999)","SRB","SRB",12,"Austria","AUS","AUT",411,96,"0","-","0","0","0"
1,"8Pa1wO",1,1695,2023,164,"Serbia and Kosovo: S/RES/1244 (1999)","SRB","SRB",12,"Austria","AUS","AUT",227,108,"0","-","0","0","0"
1,"8Pa1wO",1,1696,2024,164,"Serbia and Kosovo: S/RES/1244 (1999)","SRB","SRB",12,"Austria","AUS","AUT",239,89,"0","-","0","0","0"
1,"8Pa1wO",1,1697,2025,164,"Serbia and Kosovo: S/RES/1244 (1999)","SRB","SRB",12,"Austria","AUS","AUT",208,76,"0","-","0","0","0"
1,"8Pa1wO",1,1698,2006,165,"Senegal","SEN","SEN",12,"Austria","AUS","AUT","0",41,"0","-","0","0","0"
1,"8Pa1wO",1,1699,2007,165,"Senegal","SEN","SEN",12,"Austria","AUS","AUT","0",36,"0","-","0","0","0"
1,"8Pa1wO",1,1700,2008,165,"Senegal","SEN","SEN",12,"Austria","AUS","AUT",5,32,"0","-","0","0","0"
1,"8Pa1wO",1,1701,2009,165,"Senegal","SEN","SEN",12,"Austria","AUS","AUT",5,41,"0","-","0","0","0"
1,"8Pa1wO",1,1702,2010,165,"Senegal","SEN","SEN",12,"Austria","AUS","AUT",5,48,"0","-","0","0","0"
1,"8Pa1wO",1,1703,2011,165,"Senegal","SEN","SEN",12,"Austria","AUS","AUT",5,50,"0","-","0","0","0"
1,"8Pa1wO",1,1704,2012,165,"Senegal","SEN","SEN",12,"Austria","AUS","AUT",7,43,"0","-","0","0","0"
1,"8Pa1wO",1,1705,2013,165,"Senegal","SEN","SEN",12,"Austria","AUS","AUT",7,43,"0","-","0","0","0"
1,"8Pa1wO",1,1706,2014,165,"Senegal","SEN","SEN",12,"Austria","AUS","AUT",7,"0","0","-","0","0","0"
1,"8Pa1wO",1,1707,2015,165,"Senegal","SEN","SEN",12,"Austria","AUS","AUT",8,74,"0","-","0","0","0"
1,"8Pa1wO",1,1708,2016,165,"Senegal","SEN","SEN",12,"Austria","AUS","AUT",11,45,"0","-","0","0","0"
1,"8Pa1wO",1,1709,2017,165,"Senegal","SEN","SEN",12,"Austria","AUS","AUT",13,31,"0","-","0","0","0"
1,"8Pa1wO",1,1710,2018,165,"Senegal","SEN","SEN",12,"Austria","AUS","AUT",14,13,"0","-","0","0","0"
1,"8Pa1wO",1,1711,2019,165,"Senegal","SEN","SEN",12,"Austria","AUS","AUT",14,12,"0","-","0","0","0"
1,"8Pa1wO",1,1712,2020,165,"Senegal","SEN","SEN",12,"Austria","AUS","AUT",15,8,"0","-","0","0","0"
1,"8Pa1wO",1,1713,2021,165,"Senegal","SEN","SEN",12,"Austria","AUS","AUT",14,8,"0","-","0","0","0"
1,"8Pa1wO",1,1714,2022,165,"Senegal","SEN","SEN",12,"Austria","AUS","AUT",12,12,"0","-","0","0","0"
1,"8Pa1wO",1,1715,2023,165,"Senegal","SEN","SEN",12,"Austria","AUS","AUT",13,6,"0","-","0","0","0"
1,"8Pa1wO",1,1716,2024,165,"Senegal","SEN","SEN",12,"Austria","AUS","AUT",14,7,"0","-","0","0","0"
1,"8Pa1wO",1,1717,2025,165,"Senegal","SEN","SEN",12,"Austria","AUS","AUT",15,8,"0","-","0","0","0"
1,"8Pa1wO",1,1718,1998,169,"Sierra Leone","SLE","SLE",12,"Austria","AUS","AUT",8,"0","0","-","0","0","0"
1,"8Pa1wO",1,1719,1999,169,"Sierra Leone","SLE","SLE",12,"Austria","AUS","AUT",13,"0","0","-","0","0","0"
1,"8Pa1wO",1,1720,2000,169,"Sierra Leone","SLE","SLE",12,"Austria","AUS","AUT",16,"0","0","-","0","0","0"
1,"8Pa1wO",1,1721,2001,169,"Sierra Leone","SLE","SLE",12,"Austria","AUS","AUT",20,"0","0","-","0","0","0"
1,"8Pa1wO",1,1722,2002,169,"Sierra Leone","SLE","SLE",12,"Austria","AUS","AUT",30,"0","0","-","0","0","0"
1,"8Pa1wO",1,1723,2003,169,"Sierra Leone","SLE","SLE",12,"Austria","AUS","AUT",37,"0","0","-","0","0","0"
1,"8Pa1wO",1,1724,2004,169,"Sierra Leone","SLE","SLE",12,"Austria","AUS","AUT",42,"0","0","-","0","0","0"
1,"8Pa1wO",1,1725,2005,169,"Sierra Leone","SLE","SLE",12,"Austria","AUS","AUT",44,"0","0","-","0","0","0"
1,"8Pa1wO",1,1726,2006,169,"Sierra Leone","SLE","SLE",12,"Austria","AUS","AUT",43,102,"0","-","0","0","0"
1,"8Pa1wO",1,1727,2007,169,"Sierra Leone","SLE","SLE",12,"Austria","AUS","AUT",47,77,"0","-","0","0","0"
1,"8Pa1wO",1,1728,2008,169,"Sierra Leone","SLE","SLE",12,"Austria","AUS","AUT",47,48,"0","-","0","0","0"
1,"8Pa1wO",1,1729,2009,169,"Sierra Leone","SLE","SLE",12,"Austria","AUS","AUT",45,50,"0","-","0","0","0"
1,"8Pa1wO",1,1730,2010,169,"Sierra Leone","SLE","SLE",12,"Austria","AUS","AUT",46,37,"0","-","0","0","0"
1,"8Pa1wO",1,1731,2011,169,"Sierra Leone","SLE","SLE",12,"Austria","AUS","AUT",44,37,"0","-","0","0","0"
1,"8Pa1wO",1,1732,2012,169,"Sierra Leone","SLE","SLE",12,"Austria","AUS","AUT",36,38,"0","-","0","0","0"
1,"8Pa1wO",1,1733,2013,169,"Sierra Leone","SLE","SLE",12,"Austria","AUS","AUT",32,37,"0","-","0","0","0"
1,"8Pa1wO",1,1734,2014,169,"Sierra Leone","SLE","SLE",12,"Austria","AUS","AUT",29,"0","0","-","0","0","0"
1,"8Pa1wO",1,1735,2015,169,"Sierra Leone","SLE","SLE",12,"Austria","AUS","AUT",30,51,"0","-","0","0","0"
1,"8Pa1wO",1,1736,2016,169,"Sierra Leone","SLE","SLE",12,"Austria","AUS","AUT",30,57,"0","-","0","0","0"
1,"8Pa1wO",1,1737,2017,169,"Sierra Leone","SLE","SLE",12,"Austria","AUS","AUT",26,43,"0","-","0","0","0"
1,"8Pa1wO",1,1738,2018,169,"Sierra Leone","SLE","SLE",12,"Austria","AUS","AUT",24,29,"0","-","0","0","0"
1,"8Pa1wO",1,1739,2019,169,"Sierra Leone","SLE","SLE",12,"Austria","AUS","AUT",25,15,"0","-","0","0","0"
1,"8Pa1wO",1,1740,2020,169,"Sierra Leone","SLE","SLE",12,"Austria","AUS","AUT",21,10,"0","-","0","0","0"
1,"8Pa1wO",1,1741,2021,169,"Sierra Leone","SLE","SLE",12,"Austria","AUS","AUT",19,8,"0","-","0","0","0"
1,"8Pa1wO",1,1742,2022,169,"Sierra Leone","SLE","SLE",12,"Austria","AUS","AUT",18,"0","0","-","0","0","0"
1,"8Pa1wO",1,1743,2023,169,"Sierra Leone","SLE","SLE",12,"Austria","AUS","AUT",12,6,"0","-","0","0","0"
1,"8Pa1wO",1,1744,2024,169,"Sierra Leone","SLE","SLE",12,"Austria","AUS","AUT",14,9,"0","-","0","0","0"
1,"8Pa1wO",1,1745,2025,169,"Sierra Leone","SLE","SLE",12,"Austria","AUS","AUT",12,9,"0","-","0","0","0"
1,"8Pa1wO",1,1746,1998,172,"Somalia","SOM","SOM",12,"Austria","AUS","AUT",43,"0","0","-","0","0","0"
1,"8Pa1wO",1,1747,1999,172,"Somalia","SOM","SOM",12,"Austria","AUS","AUT",46,"0","0","-","0","0","0"
1,"8Pa1wO",1,1748,2000,172,"Somalia","SOM","SOM",12,"Austria","AUS","AUT",54,"0","0","-","0","0","0"
1,"8Pa1wO",1,1749,2001,172,"Somalia","SOM","SOM",12,"Austria","AUS","AUT",55,"0","0","-","0","0","0"
1,"8Pa1wO",1,1750,2002,172,"Somalia","SOM","SOM",12,"Austria","AUS","AUT",60,"0","0","-","0","0","0"
1,"8Pa1wO",1,1751,2003,172,"Somalia","SOM","SOM",12,"Austria","AUS","AUT",81,"0","0","-","0","0","0"
1,"8Pa1wO",1,1752,2004,172,"Somalia","SOM","SOM",12,"Austria","AUS","AUT",93,"0","0","-","0","0","0"
1,"8Pa1wO",1,1753,2005,172,"Somalia","SOM","SOM",12,"Austria","AUS","AUT",146,"0","0","-","0","0","0"
1,"8Pa1wO",1,1754,2006,172,"Somalia","SOM","SOM",12,"Austria","AUS","AUT",266,176,"0","-","0","0","0"
1,"8Pa1wO",1,1755,2007,172,"Somalia","SOM","SOM",12,"Austria","AUS","AUT",456,318,"0","-","0","0","0"
1,"8Pa1wO",1,1756,2008,172,"Somalia","SOM","SOM",12,"Austria","AUS","AUT",630,417,"0","-","0","0","0"
1,"8Pa1wO",1,1757,2009,172,"Somalia","SOM","SOM",12,"Austria","AUS","AUT",830,485,"0","-","0","0","0"
1,"8Pa1wO",1,1758,2010,172,"Somalia","SOM","SOM",12,"Austria","AUS","AUT",1093,407,"0","-","0","0","0"
1,"8Pa1wO",1,1759,2011,172,"Somalia","SOM","SOM",12,"Austria","AUS","AUT",1473,691,"0","-","0","0","0"
1,"8Pa1wO",1,1760,2012,172,"Somalia","SOM","SOM",12,"Austria","AUS","AUT",1915,798,"0","-","0","0","0"
1,"8Pa1wO",1,1761,2013,172,"Somalia","SOM","SOM",12,"Austria","AUS","AUT",2278,812,"0","-","0","0","0"
1,"8Pa1wO",1,1762,2014,172,"Somalia","SOM","SOM",12,"Austria","AUS","AUT",2641,"0","0","-","0","0","0"
1,"8Pa1wO",1,1763,2015,172,"Somalia","SOM","SOM",12,"Austria","AUS","AUT",3406,2697,"0","-","0","0","0"
1,"8Pa1wO",1,1764,2016,172,"Somalia","SOM","SOM",12,"Austria","AUS","AUT",4163,3152,"0","-","0","0","0"
1,"8Pa1wO",1,1765,2017,172,"Somalia","SOM","SOM",12,"Austria","AUS","AUT",5671,2418,"0","-","0","0","0"
1,"8Pa1wO",1,1766,2018,172,"Somalia","SOM","SOM",12,"Austria","AUS","AUT",6949,1423,"0","-","0","0","0"
1,"8Pa1wO",1,1767,2019,172,"Somalia","SOM","SOM",12,"Austria","AUS","AUT",7636,911,"0","-","0","0","0"
1,"8Pa1wO",1,1768,2020,172,"Somalia","SOM","SOM",12,"Austria","AUS","AUT",8074,729,"0","-","0","0","0"
1,"8Pa1wO",1,1769,2021,172,"Somalia","SOM","SOM",12,"Austria","AUS","AUT",8414,1518,"0","-","0","0","0"
1,"8Pa1wO",1,1770,2022,172,"Somalia","SOM","SOM",12,"Austria","AUS","AUT",9347,2254,"0","-","0","0","0"
1,"8Pa1wO",1,1771,2023,172,"Somalia","SOM","SOM",12,"Austria","AUS","AUT",9674,2459,"0","-","0","0","0"
1,"8Pa1wO",1,1772,2024,172,"Somalia","SOM","SOM",12,"Austria","AUS","AUT",10930,1853,"0","-","0","0","0"
1,"8Pa1wO",1,1773,2025,172,"Somalia","SOM","SOM",12,"Austria","AUS","AUT",11170,1518,"0","-","0","0","0"
1,"8Pa1wO",1,1774,1998,174,"Viet Nam","SRV","VNM",12,"Austria","AUS","AUT",350,"0","0","-","0","0","0"
1,"8Pa1wO",1,1775,1999,174,"Viet Nam","SRV","VNM",12,"Austria","AUS","AUT",299,"0","0","-","0","0","0"
1,"8Pa1wO",1,1776,2000,174,"Viet Nam","SRV","VNM",12,"Austria","AUS","AUT",243,"0","0","-","0","0","0"
1,"8Pa1wO",1,1777,2001,174,"Viet Nam","SRV","VNM",12,"Austria","AUS","AUT",181,"0","0","-","0","0","0"
1,"8Pa1wO",1,1778,2002,174,"Viet Nam","SRV","VNM",12,"Austria","AUS","AUT",172,"0","0","-","0","0","0"
1,"8Pa1wO",1,1779,2003,174,"Viet Nam","SRV","VNM",12,"Austria","AUS","AUT",139,"0","0","-","0","0","0"
1,"8Pa1wO",1,1780,2004,174,"Viet Nam","SRV","VNM",12,"Austria","AUS","AUT",118,"0","0","-","0","0","0"
1,"8Pa1wO",1,1781,2005,174,"Viet Nam","SRV","VNM",12,"Austria","AUS","AUT",102,"0","0","-","0","0","0"
1,"8Pa1wO",1,1782,2006,174,"Viet Nam","SRV","VNM",12,"Austria","AUS","AUT",52,118,"0","-","0","0","0"
1,"8Pa1wO",1,1783,2007,174,"Viet Nam","SRV","VNM",12,"Austria","AUS","AUT",52,100,"0","-","0","0","0"
1,"8Pa1wO",1,1784,2008,174,"Viet Nam","SRV","VNM",12,"Austria","AUS","AUT",51,71,"0","-","0","0","0"
1,"8Pa1wO",1,1785,2009,174,"Viet Nam","SRV","VNM",12,"Austria","AUS","AUT",45,17,"0","-","0","0","0"
1,"8Pa1wO",1,1786,2010,174,"Viet Nam","SRV","VNM",12,"Austria","AUS","AUT",42,9,"0","-","0","0","0"
1,"8Pa1wO",1,1787,2011,174,"Viet Nam","SRV","VNM",12,"Austria","AUS","AUT",37,6,"0","-","0","0","0"
1,"8Pa1wO",1,1788,2012,174,"Viet Nam","SRV","VNM",12,"Austria","AUS","AUT",37,13,"0","-","0","0","0"
1,"8Pa1wO",1,1789,2013,174,"Viet Nam","SRV","VNM",12,"Austria","AUS","AUT",38,9,"0","-","0","0","0"
1,"8Pa1wO",1,1790,2014,174,"Viet Nam","SRV","VNM",12,"Austria","AUS","AUT",36,"0","0","-","0","0","0"
1,"8Pa1wO",1,1791,2015,174,"Viet Nam","SRV","VNM",12,"Austria","AUS","AUT",32,17,"0","-","0","0","0"
1,"8Pa1wO",1,1792,2016,174,"Viet Nam","SRV","VNM",12,"Austria","AUS","AUT",27,22,"0","-","0","0","0"
1,"8Pa1wO",1,1793,2017,174,"Viet Nam","SRV","VNM",12,"Austria","AUS","AUT",17,16,"0","-","0","0","0"
1,"8Pa1wO",1,1794,2018,174,"Viet Nam","SRV","VNM",12,"Austria","AUS","AUT",9,17,"0","-","0","0","0"
1,"8Pa1wO",1,1795,2019,174,"Viet Nam","SRV","VNM",12,"Austria","AUS","AUT",6,10,"0","-","0","0","0"
1,"8Pa1wO",1,1796,2020,174,"Viet Nam","SRV","VNM",12,"Austria","AUS","AUT",5,7,"0","-","0","0","0"
1,"8Pa1wO",1,1797,2021,174,"Viet Nam","SRV","VNM",12,"Austria","AUS","AUT",5,9,"0","-","0","0","0"
1,"8Pa1wO",1,1798,2022,174,"Viet Nam","SRV","VNM",12,"Austria","AUS","AUT","0",7,"0","-","0","0","0"
1,"8Pa1wO",1,1799,2023,174,"Viet Nam","SRV","VNM",12,"Austria","AUS","AUT","0",5,"0","-","0","0","0"
1,"8Pa1wO",1,1800,2024,174,"Viet Nam","SRV","VNM",12,"Austria","AUS","AUT",16,8,"0","-","0","0","0"
1,"8Pa1wO",1,1801,2025,174,"Viet Nam","SRV","VNM",12,"Austria","AUS","AUT",11,5,"0","-","0","0","0"
1,"8Pa1wO",1,1802,1998,177,"Sudan","SUD","SDN",12,"Austria","AUS","AUT",20,"0","0","-","0","0","0"
1,"8Pa1wO",1,1803,1999,177,"Sudan","SUD","SDN",12,"Austria","AUS","AUT",24,"0","0","-","0","0","0"
1,"8Pa1wO",1,1804,2000,177,"Sudan","SUD","SDN",12,"Austria","AUS","AUT",29,"0","0","-","0","0","0"
1,"8Pa1wO",1,1805,2001,177,"Sudan","SUD","SDN",12,"Austria","AUS","AUT",33,"0","0","-","0","0","0"
1,"8Pa1wO",1,1806,2002,177,"Sudan","SUD","SDN",12,"Austria","AUS","AUT",42,"0","0","-","0","0","0"
1,"8Pa1wO",1,1807,2003,177,"Sudan","SUD","SDN",12,"Austria","AUS","AUT",58,"0","0","-","0","0","0"
1,"8Pa1wO",1,1808,2004,177,"Sudan","SUD","SDN",12,"Austria","AUS","AUT",79,"0","0","-","0","0","0"
1,"8Pa1wO",1,1809,2005,177,"Sudan","SUD","SDN",12,"Austria","AUS","AUT",108,"0","0","-","0","0","0"
1,"8Pa1wO",1,1810,2006,177,"Sudan","SUD","SDN",12,"Austria","AUS","AUT",135,140,"0","-","0","0","0"
1,"8Pa1wO",1,1811,2007,177,"Sudan","SUD","SDN",12,"Austria","AUS","AUT",151,101,"0","-","0","0","0"
1,"8Pa1wO",1,1812,2008,177,"Sudan","SUD","SDN",12,"Austria","AUS","AUT",163,88,"0","-","0","0","0"
1,"8Pa1wO",1,1813,2009,177,"Sudan","SUD","SDN",12,"Austria","AUS","AUT",171,98,"0","-","0","0","0"
1,"8Pa1wO",1,1814,2010,177,"Sudan","SUD","SDN",12,"Austria","AUS","AUT",191,88,"0","-","0","0","0"
1,"8Pa1wO",1,1815,2011,177,"Sudan","SUD","SDN",12,"Austria","AUS","AUT",237,96,"0","-","0","0","0"
1,"8Pa1wO",1,1816,2012,177,"Sudan","SUD","SDN",12,"Austria","AUS","AUT",250,100,"0","-","0","0","0"
1,"8Pa1wO",1,1817,2013,177,"Sudan","SUD","SDN",12,"Austria","AUS","AUT",265,98,"0","-","0","0","0"
1,"8Pa1wO",1,1818,2014,177,"Sudan","SUD","SDN",12,"Austria","AUS","AUT",277,"0","0","-","0","0","0"
1,"8Pa1wO",1,1819,2015,177,"Sudan","SUD","SDN",12,"Austria","AUS","AUT",277,178,"0","-","0","0","0"
1,"8Pa1wO",1,1820,2016,177,"Sudan","SUD","SDN",12,"Austria","AUS","AUT",288,151,"0","-","0","0","0"
1,"8Pa1wO",1,1821,2017,177,"Sudan","SUD","SDN",12,"Austria","AUS","AUT",298,109,"0","-","0","0","0"
1,"8Pa1wO",1,1822,2018,177,"Sudan","SUD","SDN",12,"Austria","AUS","AUT",321,73,"0","-","0","0","0"
1,"8Pa1wO",1,1823,2019,177,"Sudan","SUD","SDN",12,"Austria","AUS","AUT",344,33,"0","-","0","0","0"
1,"8Pa1wO",1,1824,2020,177,"Sudan","SUD","SDN",12,"Austria","AUS","AUT",336,18,"0","-","0","0","0"
1,"8Pa1wO",1,1825,2021,177,"Sudan","SUD","SDN",12,"Austria","AUS","AUT",296,30,"0","-","0","0","0"
1,"8Pa1wO",1,1826,2022,177,"Sudan","SUD","SDN",12,"Austria","AUS","AUT",298,78,"0","-","0","0","0"
1,"8Pa1wO",1,1827,2023,177,"Sudan","SUD","SDN",12,"Austria","AUS","AUT",274,86,"0","-","0","0","0"
1,"8Pa1wO",1,1828,2024,177,"Sudan","SUD","SDN",12,"Austria","AUS","AUT",328,69,"0","-","0","0","0"
1,"8Pa1wO",1,1829,2025,177,"Sudan","SUD","SDN",12,"Austria","AUS","AUT",358,65,"0","-","0","0","0"
1,"8Pa1wO",1,1830,2013,179,"South Sudan","SSD","SSD",12,"Austria","AUS","AUT",5,19,"0","-","0","0","0"
1,"8Pa1wO",1,1831,2014,179,"South Sudan","SSD","SSD",12,"Austria","AUS","AUT",5,"0","0","-","0","0","0"
1,"8Pa1wO",1,1832,2015,179,"South Sudan","SSD","SSD",12,"Austria","AUS","AUT",5,14,"0","-","0","0","0"
1,"8Pa1wO",1,1833,2016,179,"South Sudan","SSD","SSD",12,"Austria","AUS","AUT",5,19,"0","-","0","0","0"
1,"8Pa1wO",1,1834,2017,179,"South Sudan","SSD","SSD",12,"Austria","AUS","AUT",5,12,"0","-","0","0","0"
1,"8Pa1wO",1,1835,2018,179,"South Sudan","SSD","SSD",12,"Austria","AUS","AUT",6,5,"0","-","0","0","0"
1,"8Pa1wO",1,1836,2019,179,"South Sudan","SSD","SSD",12,"Austria","AUS","AUT",6,"0","0","-","0","0","0"
1,"8Pa1wO",1,1837,2020,179,"South Sudan","SSD","SSD",12,"Austria","AUS","AUT",6,"0","0","-","0","0","0"
1,"8Pa1wO",1,1838,2021,179,"South Sudan","SSD","SSD",12,"Austria","AUS","AUT",6,"0","0","-","0","0","0"
1,"8Pa1wO",1,1839,2022,179,"South Sudan","SSD","SSD",12,"Austria","AUS","AUT",6,"0","0","-","0","0","0"
1,"8Pa1wO",1,1840,2023,179,"South Sudan","SSD","SSD",12,"Austria","AUS","AUT","0",5,"0","-","0","0","0"
1,"8Pa1wO",1,1841,2024,179,"South Sudan","SSD","SSD",12,"Austria","AUS","AUT",5,"0","0","-","0","0","0"
1,"8Pa1wO",1,1842,2025,179,"South Sudan","SSD","SSD",12,"Austria","AUS","AUT",5,"0","0","-","0","0","0"
1,"8Pa1wO",1,1843,2002,180,"Slovakia","SVK","SVK",12,"Austria","AUS","AUT",5,"0","0","-","0","0","0"
1,"8Pa1wO",1,1844,2003,180,"Slovakia","SVK","SVK",12,"Austria","AUS","AUT",5,"0","0","-","0","0","0"
1,"8Pa1wO",1,1845,2004,180,"Slovakia","SVK","SVK",12,"Austria","AUS","AUT",5,"0","0","-","0","0","0"
1,"8Pa1wO",1,1846,2006,180,"Slovakia","SVK","SVK",12,"Austria","AUS","AUT",5,8,"0","-","0","0","0"
1,"8Pa1wO",1,1847,2007,180,"Slovakia","SVK","SVK",12,"Austria","AUS","AUT",5,5,"0","-","0","0","0"
1,"8Pa1wO",1,1848,2008,180,"Slovakia","SVK","SVK",12,"Austria","AUS","AUT",5,"0","0","-","0","0","0"
1,"8Pa1wO",1,1849,2009,180,"Slovakia","SVK","SVK",12,"Austria","AUS","AUT",5,"0","0","-","0","0","0"
1,"8Pa1wO",1,1850,2010,180,"Slovakia","SVK","SVK",12,"Austria","AUS","AUT",5,"0","0","-","0","0","0"
1,"8Pa1wO",1,1851,2011,180,"Slovakia","SVK","SVK",12,"Austria","AUS","AUT",5,"0","0","-","0","0","0"
1,"8Pa1wO",1,1852,2012,180,"Slovakia","SVK","SVK",12,"Austria","AUS","AUT","0",5,"0","-","0","0","0"
1,"8Pa1wO",1,1853,2016,180,"Slovakia","SVK","SVK",12,"Austria","AUS","AUT","0",5,"0","-","0","0","0"
1,"8Pa1wO",1,1854,2023,180,"Slovakia","SVK","SVK",12,"Austria","AUS","AUT","0",5,"0","-","0","0","0"
1,"8Pa1wO",1,1855,1998,185,"Syrian Arab Rep.","SYR","SYR",12,"Austria","AUS","AUT",91,"0","0","-","0","0","0"
1,"8Pa1wO",1,1856,1999,185,"Syrian Arab Rep.","SYR","SYR",12,"Austria","AUS","AUT",85,"0","0","-","0","0","0"
1,"8Pa1wO",1,1857,2000,185,"Syrian Arab Rep.","SYR","SYR",12,"Austria","AUS","AUT",85,"0","0","-","0","0","0"
1,"8Pa1wO",1,1858,2001,185,"Syrian Arab Rep.","SYR","SYR",12,"Austria","AUS","AUT",79,"0","0","-","0","0","0"
1,"8Pa1wO",1,1859,2002,185,"Syrian Arab Rep.","SYR","SYR",12,"Austria","AUS","AUT",61,"0","0","-","0","0","0"
1,"8Pa1wO",1,1860,2003,185,"Syrian Arab Rep.","SYR","SYR",12,"Austria","AUS","AUT",61,"0","0","-","0","0","0"
1,"8Pa1wO",1,1861,2004,185,"Syrian Arab Rep.","SYR","SYR",12,"Austria","AUS","AUT",75,"0","0","-","0","0","0"
1,"8Pa1wO",1,1862,2005,185,"Syrian Arab Rep.","SYR","SYR",12,"Austria","AUS","AUT",122,"0","0","-","0","0","0"
1,"8Pa1wO",1,1863,2006,185,"Syrian Arab Rep.","SYR","SYR",12,"Austria","AUS","AUT",167,290,"0","-","0","0","0"
1,"8Pa1wO",1,1864,2007,185,"Syrian Arab Rep.","SYR","SYR",12,"Austria","AUS","AUT",255,326,"0","-","0","0","0"
1,"8Pa1wO",1,1865,2008,185,"Syrian Arab Rep.","SYR","SYR",12,"Austria","AUS","AUT",333,357,"0","-","0","0","0"
1,"8Pa1wO",1,1866,2009,185,"Syrian Arab Rep.","SYR","SYR",12,"Austria","AUS","AUT",385,495,"0","-","0","0","0"
1,"8Pa1wO",1,1867,2010,185,"Syrian Arab Rep.","SYR","SYR",12,"Austria","AUS","AUT",505,471,"0","-","0","0","0"
1,"8Pa1wO",1,1868,2011,185,"Syrian Arab Rep.","SYR","SYR",12,"Austria","AUS","AUT",903,456,"0","-","0","0","0"
1,"8Pa1wO",1,1869,2012,185,"Syrian Arab Rep.","SYR","SYR",12,"Austria","AUS","AUT",1675,694,"0","-","0","0","0"
1,"8Pa1wO",1,1870,2013,185,"Syrian Arab Rep.","SYR","SYR",12,"Austria","AUS","AUT",2748,1561,"0","-","0","0","0"
1,"8Pa1wO",1,1871,2014,185,"Syrian Arab Rep.","SYR","SYR",12,"Austria","AUS","AUT",6653,"0","0","-","0","0","0"
1,"8Pa1wO",1,1872,2015,185,"Syrian Arab Rep.","SYR","SYR",12,"Austria","AUS","AUT",14894,18669,"0","-","0","0","0"
1,"8Pa1wO",1,1873,2016,185,"Syrian Arab Rep.","SYR","SYR",12,"Austria","AUS","AUT",30958,9812,"0","-","0","0","0"
1,"8Pa1wO",1,1874,2017,185,"Syrian Arab Rep.","SYR","SYR",12,"Austria","AUS","AUT",43888,3937,"0","-","0","0","0"
1,"8Pa1wO",1,1875,2018,185,"Syrian Arab Rep.","SYR","SYR",12,"Austria","AUS","AUT",49179,1538,"0","-","0","0","0"
1,"8Pa1wO",1,1876,2019,185,"Syrian Arab Rep.","SYR","SYR",12,"Austria","AUS","AUT",51955,1304,"0","-","0","0","0"
1,"8Pa1wO",1,1877,2020,185,"Syrian Arab Rep.","SYR","SYR",12,"Austria","AUS","AUT",54903,2820,"0","-","0","0","0"
1,"8Pa1wO",1,1878,2021,185,"Syrian Arab Rep.","SYR","SYR",12,"Austria","AUS","AUT",62408,10558,"0","-","0","0","0"
1,"8Pa1wO",1,1879,2022,185,"Syrian Arab Rep.","SYR","SYR",12,"Austria","AUS","AUT",73923,17244,"0","-","0","0","0"
1,"8Pa1wO",1,1880,2023,185,"Syrian Arab Rep.","SYR","SYR",12,"Austria","AUS","AUT",87167,17740,"0","-","0","0","0"
1,"8Pa1wO",1,1881,2024,185,"Syrian Arab Rep.","SYR","SYR",12,"Austria","AUS","AUT",105143,12762,"0","-","0","0","0"
1,"8Pa1wO",1,1882,2025,185,"Syrian Arab Rep.","SYR","SYR",12,"Austria","AUS","AUT",101249,12654,"0","-","0","0","0"
1,"8Pa1wO",1,1883,2011,186,"United Rep. of Tanzania","TAN","TZA",12,"Austria","AUS","AUT","0",5,"0","-","0","0","0"
1,"8Pa1wO",1,1884,2012,186,"United Rep. of Tanzania","TAN","TZA",12,"Austria","AUS","AUT","0",5,"0","-","0","0","0"
1,"8Pa1wO",1,1885,2013,186,"United Rep. of Tanzania","TAN","TZA",12,"Austria","AUS","AUT","0",6,"0","-","0","0","0"
1,"8Pa1wO",1,1886,2015,186,"United Rep. of Tanzania","TAN","TZA",12,"Austria","AUS","AUT","0",6,"0","-","0","0","0"
1,"8Pa1wO",1,1887,2016,186,"United Rep. of Tanzania","TAN","TZA",12,"Austria","AUS","AUT","0",7,"0","-","0","0","0"
1,"8Pa1wO",1,1888,2017,186,"United Rep. of Tanzania","TAN","TZA",12,"Austria","AUS","AUT","0",5,"0","-","0","0","0"
1,"8Pa1wO",1,1889,2020,186,"United Rep. of Tanzania","TAN","TZA",12,"Austria","AUS","AUT",5,"0","0","-","0","0","0"
1,"8Pa1wO",1,1890,2022,186,"United Rep. of Tanzania","TAN","TZA",12,"Austria","AUS","AUT",5,5,"0","-","0","0","0"
1,"8Pa1wO",1,1891,2023,186,"United Rep. of Tanzania","TAN","TZA",12,"Austria","AUS","AUT",5,"0","0","-","0","0","0"
1,"8Pa1wO",1,1892,2024,186,"United Rep. of Tanzania","TAN","TZA",12,"Austria","AUS","AUT",5,"0","0","-","0","0","0"
1,"8Pa1wO",1,1893,2025,186,"United Rep. of Tanzania","TAN","TZA",12,"Austria","AUS","AUT",5,"0","0","-","0","0","0"
1,"8Pa1wO",1,1894,2007,188,"Thailand","THA","THA",12,"Austria","AUS","AUT","0",5,"0","-","0","0","0"
1,"8Pa1wO",1,1895,2022,188,"Thailand","THA","THA",12,"Austria","AUS","AUT","0",5,"0","-","0","0","0"
1,"8Pa1wO",1,1896,2024,188,"Thailand","THA","THA",12,"Austria","AUS","AUT",5,"0","0","-","0","0","0"
1,"8Pa1wO",1,1897,2025,188,"Thailand","THA","THA",12,"Austria","AUS","AUT",5,"0","0","-","0","0","0"
1,"8Pa1wO",1,1898,1998,189,"Tajikistan","TJK","TJK",12,"Austria","AUS","AUT",5,"0","0","-","0","0","0"
1,"8Pa1wO",1,1899,1999,189,"Tajikistan","TJK","TJK",12,"Austria","AUS","AUT",17,"0","0","-","0","0","0"
1,"8Pa1wO",1,1900,2000,189,"Tajikistan","TJK","TJK",12,"Austria","AUS","AUT",28,"0","0","-","0","0","0"
1,"8Pa1wO",1,1901,2001,189,"Tajikistan","TJK","TJK",12,"Austria","AUS","AUT",29,"0","0","-","0","0","0"
1,"8Pa1wO",1,1902,2002,189,"Tajikistan","TJK","TJK",12,"Austria","AUS","AUT",34,"0","0","-","0","0","0"
1,"8Pa1wO",1,1903,2003,189,"Tajikistan","TJK","TJK",12,"Austria","AUS","AUT",35,"0","0","-","0","0","0"
1,"8Pa1wO",1,1904,2004,189,"Tajikistan","TJK","TJK",12,"Austria","AUS","AUT",37,"0","0","-","0","0","0"
1,"8Pa1wO",1,1905,2005,189,"Tajikistan","TJK","TJK",12,"Austria","AUS","AUT",40,"0","0","-","0","0","0"
1,"8Pa1wO",1,1906,2006,189,"Tajikistan","TJK","TJK",12,"Austria","AUS","AUT",42,21,"0","-","0","0","0"
1,"8Pa1wO",1,1907,2007,189,"Tajikistan","TJK","TJK",12,"Austria","AUS","AUT",51,16,"0","-","0","0","0"
1,"8Pa1wO",1,1908,2008,189,"Tajikistan","TJK","TJK",12,"Austria","AUS","AUT",49,19,"0","-","0","0","0"
1,"8Pa1wO",1,1909,2009,189,"Tajikistan","TJK","TJK",12,"Austria","AUS","AUT",44,28,"0","-","0","0","0"
1,"8Pa1wO",1,1910,2010,189,"Tajikistan","TJK","TJK",12,"Austria","AUS","AUT",44,32,"0","-","0","0","0"
1,"8Pa1wO",1,1911,2011,189,"Tajikistan","TJK","TJK",12,"Austria","AUS","AUT",50,55,"0","-","0","0","0"
1,"8Pa1wO",1,1912,2012,189,"Tajikistan","TJK","TJK",12,"Austria","AUS","AUT",59,93,"0","-","0","0","0"
1,"8Pa1wO",1,1913,2013,189,"Tajikistan","TJK","TJK",12,"Austria","AUS","AUT",70,114,"0","-","0","0","0"
1,"8Pa1wO",1,1914,2014,189,"Tajikistan","TJK","TJK",12,"Austria","AUS","AUT",82,"0","0","-","0","0","0"
1,"8Pa1wO",1,1915,2015,189,"Tajikistan","TJK","TJK",12,"Austria","AUS","AUT",97,173,"0","-","0","0","0"
1,"8Pa1wO",1,1916,2016,189,"Tajikistan","TJK","TJK",12,"Austria","AUS","AUT",150,182,"0","-","0","0","0"
1,"8Pa1wO",1,1917,2017,189,"Tajikistan","TJK","TJK",12,"Austria","AUS","AUT",166,129,"0","-","0","0","0"
1,"8Pa1wO",1,1918,2018,189,"Tajikistan","TJK","TJK",12,"Austria","AUS","AUT",220,82,"0","-","0","0","0"
1,"8Pa1wO",1,1919,2019,189,"Tajikistan","TJK","TJK",12,"Austria","AUS","AUT",244,35,"0","-","0","0","0"
1,"8Pa1wO",1,1920,2020,189,"Tajikistan","TJK","TJK",12,"Austria","AUS","AUT",243,36,"0","-","0","0","0"
1,"8Pa1wO",1,1921,2021,189,"Tajikistan","TJK","TJK",12,"Austria","AUS","AUT",260,24,"0","-","0","0","0"
1,"8Pa1wO",1,1922,2022,189,"Tajikistan","TJK","TJK",12,"Austria","AUS","AUT",267,51,"0","-","0","0","0"
1,"8Pa1wO",1,1923,2023,189,"Tajikistan","TJK","TJK",12,"Austria","AUS","AUT",260,32,"0","-","0","0","0"
1,"8Pa1wO",1,1924,2024,189,"Tajikistan","TJK","TJK",12,"Austria","AUS","AUT",304,23,"0","-","0","0","0"
1,"8Pa1wO",1,1925,2025,189,"Tajikistan","TJK","TJK",12,"Austria","AUS","AUT",298,22,"0","-","0","0","0"
1,"8Pa1wO",1,1926,2003,190,"Turkmenistan","TKM","TKM",12,"Austria","AUS","AUT",9,"0","0","-","0","0","0"
1,"8Pa1wO",1,1927,2004,190,"Turkmenistan","TKM","TKM",12,"Austria","AUS","AUT",11,"0","0","-","0","0","0"
1,"8Pa1wO",1,1928,2005,190,"Turkmenistan","TKM","TKM",12,"Austria","AUS","AUT",12,"0","0","-","0","0","0"
1,"8Pa1wO",1,1929,2006,190,"Turkmenistan","TKM","TKM",12,"Austria","AUS","AUT",12,6,"0","-","0","0","0"
1,"8Pa1wO",1,1930,2007,190,"Turkmenistan","TKM","TKM",12,"Austria","AUS","AUT",12,7,"0","-","0","0","0"
1,"8Pa1wO",1,1931,2008,190,"Turkmenistan","TKM","TKM",12,"Austria","AUS","AUT",12,5,"0","-","0","0","0"
1,"8Pa1wO",1,1932,2009,190,"Turkmenistan","TKM","TKM",12,"Austria","AUS","AUT",14,5,"0","-","0","0","0"
1,"8Pa1wO",1,1933,2010,190,"Turkmenistan","TKM","TKM",12,"Austria","AUS","AUT",14,"0","0","-","0","0","0"
1,"8Pa1wO",1,1934,2011,190,"Turkmenistan","TKM","TKM",12,"Austria","AUS","AUT",14,"0","0","-","0","0","0"
1,"8Pa1wO",1,1935,2012,190,"Turkmenistan","TKM","TKM",12,"Austria","AUS","AUT",14,"0","0","-","0","0","0"
1,"8Pa1wO",1,1936,2013,190,"Turkmenistan","TKM","TKM",12,"Austria","AUS","AUT",8,5,"0","-","0","0","0"
1,"8Pa1wO",1,1937,2014,190,"Turkmenistan","TKM","TKM",12,"Austria","AUS","AUT",6,"0","0","-","0","0","0"
1,"8Pa1wO",1,1938,2015,190,"Turkmenistan","TKM","TKM",12,"Austria","AUS","AUT",6,"0","0","-","0","0","0"
1,"8Pa1wO",1,1939,2016,190,"Turkmenistan","TKM","TKM",12,"Austria","AUS","AUT",6,"0","0","-","0","0","0"
1,"8Pa1wO",1,1940,2017,190,"Turkmenistan","TKM","TKM",12,"Austria","AUS","AUT",7,"0","0","-","0","0","0"
1,"8Pa1wO",1,1941,2018,190,"Turkmenistan","TKM","TKM",12,"Austria","AUS","AUT",8,"0","0","-","0","0","0"
1,"8Pa1wO",1,1942,2019,190,"Turkmenistan","TKM","TKM",12,"Austria","AUS","AUT",7,"0","0","-","0","0","0"
1,"8Pa1wO",1,1943,2020,190,"Turkmenistan","TKM","TKM",12,"Austria","AUS","AUT",7,"0","0","-","0","0","0"
1,"8Pa1wO",1,1944,2021,190,"Turkmenistan","TKM","TKM",12,"Austria","AUS","AUT",8,"0","0","-","0","0","0"
1,"8Pa1wO",1,1945,2022,190,"Turkmenistan","TKM","TKM",12,"Austria","AUS","AUT",9,"0","0","-","0","0","0"
1,"8Pa1wO",1,1946,2023,190,"Turkmenistan","TKM","TKM",12,"Austria","AUS","AUT",11,6,"0","-","0","0","0"
1,"8Pa1wO",1,1947,2024,190,"Turkmenistan","TKM","TKM",12,"Austria","AUS","AUT",11,5,"0","-","0","0","0"
1,"8Pa1wO",1,1948,2025,190,"Turkmenistan","TKM","TKM",12,"Austria","AUS","AUT",17,5,"0","-","0","0","0"
1,"8Pa1wO",1,1949,2012,191,"Timor-Leste","TMP","TLS",12,"Austria","AUS","AUT","0",6,"0","-","0","0","0"
1,"8Pa1wO",1,1950,2013,191,"Timor-Leste","TMP","TLS",12,"Austria","AUS","AUT","0",5,"0","-","0","0","0"
1,"8Pa1wO",1,1951,1998,192,"Togo","TOG","TGO",12,"Austria","AUS","AUT",8,"0","0","-","0","0","0"
1,"8Pa1wO",1,1952,1999,192,"Togo","TOG","TGO",12,"Austria","AUS","AUT",9,"0","0","-","0","0","0"
1,"8Pa1wO",1,1953,2000,192,"Togo","TOG","TGO",12,"Austria","AUS","AUT",10,"0","0","-","0","0","0"
1,"8Pa1wO",1,1954,2001,192,"Togo","TOG","TGO",12,"Austria","AUS","AUT",10,"0","0","-","0","0","0"
1,"8Pa1wO",1,1955,2002,192,"Togo","TOG","TGO",12,"Austria","AUS","AUT",12,"0","0","-","0","0","0"
1,"8Pa1wO",1,1956,2003,192,"Togo","TOG","TGO",12,"Austria","AUS","AUT",13,"0","0","-","0","0","0"
1,"8Pa1wO",1,1957,2004,192,"Togo","TOG","TGO",12,"Austria","AUS","AUT",14,"0","0","-","0","0","0"
1,"8Pa1wO",1,1958,2005,192,"Togo","TOG","TGO",12,"Austria","AUS","AUT",23,"0","0","-","0","0","0"
1,"8Pa1wO",1,1959,2006,192,"Togo","TOG","TGO",12,"Austria","AUS","AUT",24,29,"0","-","0","0","0"
1,"8Pa1wO",1,1960,2007,192,"Togo","TOG","TGO",12,"Austria","AUS","AUT",26,22,"0","-","0","0","0"
1,"8Pa1wO",1,1961,2008,192,"Togo","TOG","TGO",12,"Austria","AUS","AUT",23,19,"0","-","0","0","0"
1,"8Pa1wO",1,1962,2009,192,"Togo","TOG","TGO",12,"Austria","AUS","AUT",28,11,"0","-","0","0","0"
1,"8Pa1wO",1,1963,2010,192,"Togo","TOG","TGO",12,"Austria","AUS","AUT",27,6,"0","-","0","0","0"
1,"8Pa1wO",1,1964,2011,192,"Togo","TOG","TGO",12,"Austria","AUS","AUT",28,7,"0","-","0","0","0"
1,"8Pa1wO",1,1965,2012,192,"Togo","TOG","TGO",12,"Austria","AUS","AUT",27,6,"0","-","0","0","0"
1,"8Pa1wO",1,1966,2013,192,"Togo","TOG","TGO",12,"Austria","AUS","AUT",26,8,"0","-","0","0","0"
1,"8Pa1wO",1,1967,2014,192,"Togo","TOG","TGO",12,"Austria","AUS","AUT",24,"0","0","-","0","0","0"
1,"8Pa1wO",1,1968,2015,192,"Togo","TOG","TGO",12,"Austria","AUS","AUT",14,11,"0","-","0","0","0"
1,"8Pa1wO",1,1969,2016,192,"Togo","TOG","TGO",12,"Austria","AUS","AUT",14,13,"0","-","0","0","0"
1,"8Pa1wO",1,1970,2017,192,"Togo","TOG","TGO",12,"Austria","AUS","AUT",12,9,"0","-","0","0","0"
1,"8Pa1wO",1,1971,2018,192,"Togo","TOG","TGO",12,"Austria","AUS","AUT",12,6,"0","-","0","0","0"
1,"8Pa1wO",1,1972,2019,192,"Togo","TOG","TGO",12,"Austria","AUS","AUT",6,5,"0","-","0","0","0"
1,"8Pa1wO",1,1973,2020,192,"Togo","TOG","TGO",12,"Austria","AUS","AUT",7,"0","0","-","0","0","0"
1,"8Pa1wO",1,1974,2021,192,"Togo","TOG","TGO",12,"Austria","AUS","AUT",7,6,"0","-","0","0","0"
1,"8Pa1wO",1,1975,2022,192,"Togo","TOG","TGO",12,"Austria","AUS","AUT",6,7,"0","-","0","0","0"
1,"8Pa1wO",1,1976,2023,192,"Togo","TOG","TGO",12,"Austria","AUS","AUT",8,5,"0","-","0","0","0"
1,"8Pa1wO",1,1977,2024,192,"Togo","TOG","TGO",12,"Austria","AUS","AUT",8,6,"0","-","0","0","0"
1,"8Pa1wO",1,1978,2025,192,"Togo","TOG","TGO",12,"Austria","AUS","AUT",8,5,"0","-","0","0","0"
1,"8Pa1wO",1,1979,1998,195,"Tunisia","TUN","TUN",12,"Austria","AUS","AUT",19,"0","0","-","0","0","0"
1,"8Pa1wO",1,1980,1999,195,"Tunisia","TUN","TUN",12,"Austria","AUS","AUT",34,"0","0","-","0","0","0"
1,"8Pa1wO",1,1981,2000,195,"Tunisia","TUN","TUN",12,"Austria","AUS","AUT",36,"0","0","-","0","0","0"
1,"8Pa1wO",1,1982,2001,195,"Tunisia","TUN","TUN",12,"Austria","AUS","AUT",41,"0","0","-","0","0","0"
1,"8Pa1wO",1,1983,2002,195,"Tunisia","TUN","TUN",12,"Austria","AUS","AUT",40,"0","0","-","0","0","0"
1,"8Pa1wO",1,1984,2003,195,"Tunisia","TUN","TUN",12,"Austria","AUS","AUT",41,"0","0","-","0","0","0"
1,"8Pa1wO",1,1985,2004,195,"Tunisia","TUN","TUN",12,"Austria","AUS","AUT",40,"0","0","-","0","0","0"
1,"8Pa1wO",1,1986,2005,195,"Tunisia","TUN","TUN",12,"Austria","AUS","AUT",33,"0","0","-","0","0","0"
1,"8Pa1wO",1,1987,2006,195,"Tunisia","TUN","TUN",12,"Austria","AUS","AUT",34,26,"0","-","0","0","0"
1,"8Pa1wO",1,1988,2007,195,"Tunisia","TUN","TUN",12,"Austria","AUS","AUT",34,25,"0","-","0","0","0"
1,"8Pa1wO",1,1989,2008,195,"Tunisia","TUN","TUN",12,"Austria","AUS","AUT",30,28,"0","-","0","0","0"
1,"8Pa1wO",1,1990,2009,195,"Tunisia","TUN","TUN",12,"Austria","AUS","AUT",15,29,"0","-","0","0","0"
1,"8Pa1wO",1,1991,2010,195,"Tunisia","TUN","TUN",12,"Austria","AUS","AUT",13,43,"0","-","0","0","0"
1,"8Pa1wO",1,1992,2011,195,"Tunisia","TUN","TUN",12,"Austria","AUS","AUT",9,69,"0","-","0","0","0"
1,"8Pa1wO",1,1993,2012,195,"Tunisia","TUN","TUN",12,"Austria","AUS","AUT",9,86,"0","-","0","0","0"
1,"8Pa1wO",1,1994,2013,195,"Tunisia","TUN","TUN",12,"Austria","AUS","AUT",8,104,"0","-","0","0","0"
1,"8Pa1wO",1,1995,2014,195,"Tunisia","TUN","TUN",12,"Austria","AUS","AUT",8,"0","0","-","0","0","0"
1,"8Pa1wO",1,1996,2015,195,"Tunisia","TUN","TUN",12,"Austria","AUS","AUT",8,151,"0","-","0","0","0"
1,"8Pa1wO",1,1997,2016,195,"Tunisia","TUN","TUN",12,"Austria","AUS","AUT",7,113,"0","-","0","0","0"
1,"8Pa1wO",1,1998,2017,195,"Tunisia","TUN","TUN",12,"Austria","AUS","AUT",7,94,"0","-","0","0","0"
1,"8Pa1wO",1,1999,2018,195,"Tunisia","TUN","TUN",12,"Austria","AUS","AUT",6,54,"0","-","0","0","0"
1,"8Pa1wO",1,2000,2019,195,"Tunisia","TUN","TUN",12,"Austria","AUS","AUT",7,40,"0","-","0","0","0"
1,"8Pa1wO",1,2001,2020,195,"Tunisia","TUN","TUN",12,"Austria","AUS","AUT",7,58,"0","-","0","0","0"
1,"8Pa1wO",1,2002,2021,195,"Tunisia","TUN","TUN",12,"Austria","AUS","AUT",13,243,"0","-","0","0","0"
1,"8Pa1wO",1,2003,2022,195,"Tunisia","TUN","TUN",12,"Austria","AUS","AUT",18,2478,"0","-","0","0","0"
1,"8Pa1wO",1,2004,2023,195,"Tunisia","TUN","TUN",12,"Austria","AUS","AUT",36,202,"0","-","0","0","0"
1,"8Pa1wO",1,2005,2024,195,"Tunisia","TUN","TUN",12,"Austria","AUS","AUT",48,98,"0","-","0","0","0"
1,"8Pa1wO",1,2006,2025,195,"Tunisia","TUN","TUN",12,"Austria","AUS","AUT",51,80,"0","-","0","0","0"
1,"8Pa1wO",1,2007,1998,196,"Türkiye","TUR","TUR",12,"Austria","AUS","AUT",530,"0","0","-","0","0","0"
1,"8Pa1wO",1,2008,1999,196,"Türkiye","TUR","TUR",12,"Austria","AUS","AUT",510,"0","0","-","0","0","0"
1,"8Pa1wO",1,2009,2000,196,"Türkiye","TUR","TUR",12,"Austria","AUS","AUT",438,"0","0","-","0","0","0"
1,"8Pa1wO",1,2010,2001,196,"Türkiye","TUR","TUR",12,"Austria","AUS","AUT",383,"0","0","-","0","0","0"
1,"8Pa1wO",1,2011,2002,196,"Türkiye","TUR","TUR",12,"Austria","AUS","AUT",354,"0","0","-","0","0","0"
1,"8Pa1wO",1,2012,2003,196,"Türkiye","TUR","TUR",12,"Austria","AUS","AUT",401,"0","0","-","0","0","0"
1,"8Pa1wO",1,2013,2004,196,"Türkiye","TUR","TUR",12,"Austria","AUS","AUT",450,"0","0","-","0","0","0"
1,"8Pa1wO",1,2014,2005,196,"Türkiye","TUR","TUR",12,"Austria","AUS","AUT",466,"0","0","-","0","0","0"
1,"8Pa1wO",1,2015,2006,196,"Türkiye","TUR","TUR",12,"Austria","AUS","AUT",584,3464,"0","-","0","0","0"
1,"8Pa1wO",1,2016,2007,196,"Türkiye","TUR","TUR",12,"Austria","AUS","AUT",758,3054,"0","-","0","0","0"
1,"8Pa1wO",1,2017,2008,196,"Türkiye","TUR","TUR",12,"Austria","AUS","AUT",1060,2425,"0","-","0","0","0"
1,"8Pa1wO",1,2018,2009,196,"Türkiye","TUR","TUR",12,"Austria","AUS","AUT",1167,1834,"0","-","0","0","0"
1,"8Pa1wO",1,2019,2010,196,"Türkiye","TUR","TUR",12,"Austria","AUS","AUT",1288,1007,"0","-","0","0","0"
1,"8Pa1wO",1,2020,2011,196,"Türkiye","TUR","TUR",12,"Austria","AUS","AUT",1329,655,"0","-","0","0","0"
1,"8Pa1wO",1,2021,2012,196,"Türkiye","TUR","TUR",12,"Austria","AUS","AUT",1309,493,"0","-","0","0","0"
1,"8Pa1wO",1,2022,2013,196,"Türkiye","TUR","TUR",12,"Austria","AUS","AUT",1276,415,"0","-","0","0","0"
1,"8Pa1wO",1,2023,2014,196,"Türkiye","TUR","TUR",12,"Austria","AUS","AUT",1191,"0","0","-","0","0","0"
1,"8Pa1wO",1,2024,2015,196,"Türkiye","TUR","TUR",12,"Austria","AUS","AUT",1125,403,"0","-","0","0","0"
1,"8Pa1wO",1,2025,2016,196,"Türkiye","TUR","TUR",12,"Austria","AUS","AUT",997,493,"0","-","0","0","0"
1,"8Pa1wO",1,2026,2017,196,"Türkiye","TUR","TUR",12,"Austria","AUS","AUT",802,529,"0","-","0","0","0"
1,"8Pa1wO",1,2027,2018,196,"Türkiye","TUR","TUR",12,"Austria","AUS","AUT",622,474,"0","-","0","0","0"
1,"8Pa1wO",1,2028,2019,196,"Türkiye","TUR","TUR",12,"Austria","AUS","AUT",594,415,"0","-","0","0","0"
1,"8Pa1wO",1,2029,2020,196,"Türkiye","TUR","TUR",12,"Austria","AUS","AUT",574,390,"0","-","0","0","0"
1,"8Pa1wO",1,2030,2021,196,"Türkiye","TUR","TUR",12,"Austria","AUS","AUT",671,671,"0","-","0","0","0"
1,"8Pa1wO",1,2031,2022,196,"Türkiye","TUR","TUR",12,"Austria","AUS","AUT",756,2864,"0","-","0","0","0"
1,"8Pa1wO",1,2032,2023,196,"Türkiye","TUR","TUR",12,"Austria","AUS","AUT",770,4516,"0","-","0","0","0"
1,"8Pa1wO",1,2033,2024,196,"Türkiye","TUR","TUR",12,"Austria","AUS","AUT",929,3720,"0","-","0","0","0"
1,"8Pa1wO",1,2034,2025,196,"Türkiye","TUR","TUR",12,"Austria","AUS","AUT",997,2796,"0","-","0","0","0"
1,"8Pa1wO",1,2035,1999,199,"Uganda","UGA","UGA",12,"Austria","AUS","AUT",5,"0","0","-","0","0","0"
1,"8Pa1wO",1,2036,2000,199,"Uganda","UGA","UGA",12,"Austria","AUS","AUT",5,"0","0","-","0","0","0"
1,"8Pa1wO",1,2037,2001,199,"Uganda","UGA","UGA",12,"Austria","AUS","AUT",6,"0","0","-","0","0","0"
1,"8Pa1wO",1,2038,2002,199,"Uganda","UGA","UGA",12,"Austria","AUS","AUT",7,"0","0","-","0","0","0"
1,"8Pa1wO",1,2039,2003,199,"Uganda","UGA","UGA",12,"Austria","AUS","AUT",8,"0","0","-","0","0","0"
1,"8Pa1wO",1,2040,2004,199,"Uganda","UGA","UGA",12,"Austria","AUS","AUT",9,"0","0","-","0","0","0"
1,"8Pa1wO",1,2041,2005,199,"Uganda","UGA","UGA",12,"Austria","AUS","AUT",12,"0","0","-","0","0","0"
1,"8Pa1wO",1,2042,2006,199,"Uganda","UGA","UGA",12,"Austria","AUS","AUT",16,41,"0","-","0","0","0"
1,"8Pa1wO",1,2043,2007,199,"Uganda","UGA","UGA",12,"Austria","AUS","AUT",18,34,"0","-","0","0","0"
1,"8Pa1wO",1,2044,2008,199,"Uganda","UGA","UGA",12,"Austria","AUS","AUT",18,30,"0","-","0","0","0"
1,"8Pa1wO",1,2045,2009,199,"Uganda","UGA","UGA",12,"Austria","AUS","AUT",17,27,"0","-","0","0","0"
1,"8Pa1wO",1,2046,2010,199,"Uganda","UGA","UGA",12,"Austria","AUS","AUT",18,28,"0","-","0","0","0"
1,"8Pa1wO",1,2047,2011,199,"Uganda","UGA","UGA",12,"Austria","AUS","AUT",17,27,"0","-","0","0","0"
1,"8Pa1wO",1,2048,2012,199,"Uganda","UGA","UGA",12,"Austria","AUS","AUT",17,19,"0","-","0","0","0"
1,"8Pa1wO",1,2049,2013,199,"Uganda","UGA","UGA",12,"Austria","AUS","AUT",18,21,"0","-","0","0","0"
1,"8Pa1wO",1,2050,2014,199,"Uganda","UGA","UGA",12,"Austria","AUS","AUT",18,"0","0","-","0","0","0"
1,"8Pa1wO",1,2051,2015,199,"Uganda","UGA","UGA",12,"Austria","AUS","AUT",16,27,"0","-","0","0","0"
1,"8Pa1wO",1,2052,2016,199,"Uganda","UGA","UGA",12,"Austria","AUS","AUT",16,28,"0","-","0","0","0"
1,"8Pa1wO",1,2053,2017,199,"Uganda","UGA","UGA",12,"Austria","AUS","AUT",23,21,"0","-","0","0","0"
1,"8Pa1wO",1,2054,2018,199,"Uganda","UGA","UGA",12,"Austria","AUS","AUT",28,13,"0","-","0","0","0"
1,"8Pa1wO",1,2055,2019,199,"Uganda","UGA","UGA",12,"Austria","AUS","AUT",28,12,"0","-","0","0","0"
1,"8Pa1wO",1,2056,2020,199,"Uganda","UGA","UGA",12,"Austria","AUS","AUT",31,5,"0","-","0","0","0"
1,"8Pa1wO",1,2057,2021,199,"Uganda","UGA","UGA",12,"Austria","AUS","AUT",35,6,"0","-","0","0","0"
1,"8Pa1wO",1,2058,2022,199,"Uganda","UGA","UGA",12,"Austria","AUS","AUT",37,9,"0","-","0","0","0"
1,"8Pa1wO",1,2059,2023,199,"Uganda","UGA","UGA",12,"Austria","AUS","AUT",41,11,"0","-","0","0","0"
1,"8Pa1wO",1,2060,2024,199,"Uganda","UGA","UGA",12,"Austria","AUS","AUT",44,13,"0","-","0","0","0"
1,"8Pa1wO",1,2061,2025,199,"Uganda","UGA","UGA",12,"Austria","AUS","AUT",44,14,"0","-","0","0","0"
1,"8Pa1wO",1,2062,1998,200,"Ukraine","UKR","UKR",12,"Austria","AUS","AUT",7,"0","0","-","0","0","0"
1,"8Pa1wO",1,2063,1999,200,"Ukraine","UKR","UKR",12,"Austria","AUS","AUT",8,"0","0","-","0","0","0"
1,"8Pa1wO",1,2064,2000,200,"Ukraine","UKR","UKR",12,"Austria","AUS","AUT",14,"0","0","-","0","0","0"
1,"8Pa1wO",1,2065,2001,200,"Ukraine","UKR","UKR",12,"Austria","AUS","AUT",19,"0","0","-","0","0","0"
1,"8Pa1wO",1,2066,2002,200,"Ukraine","UKR","UKR",12,"Austria","AUS","AUT",28,"0","0","-","0","0","0"
1,"8Pa1wO",1,2067,2003,200,"Ukraine","UKR","UKR",12,"Austria","AUS","AUT",38,"0","0","-","0","0","0"
1,"8Pa1wO",1,2068,2004,200,"Ukraine","UKR","UKR",12,"Austria","AUS","AUT",65,"0","0","-","0","0","0"
1,"8Pa1wO",1,2069,2005,200,"Ukraine","UKR","UKR",12,"Austria","AUS","AUT",101,"0","0","-","0","0","0"
1,"8Pa1wO",1,2070,2006,200,"Ukraine","UKR","UKR",12,"Austria","AUS","AUT",131,721,"0","-","0","0","0"
1,"8Pa1wO",1,2071,2007,200,"Ukraine","UKR","UKR",12,"Austria","AUS","AUT",151,684,"0","-","0","0","0"
1,"8Pa1wO",1,2072,2008,200,"Ukraine","UKR","UKR",12,"Austria","AUS","AUT",221,515,"0","-","0","0","0"
1,"8Pa1wO",1,2073,2009,200,"Ukraine","UKR","UKR",12,"Austria","AUS","AUT",259,368,"0","-","0","0","0"
1,"8Pa1wO",1,2074,2010,200,"Ukraine","UKR","UKR",12,"Austria","AUS","AUT",282,238,"0","-","0","0","0"
1,"8Pa1wO",1,2075,2011,200,"Ukraine","UKR","UKR",12,"Austria","AUS","AUT",308,141,"0","-","0","0","0"
1,"8Pa1wO",1,2076,2012,200,"Ukraine","UKR","UKR",12,"Austria","AUS","AUT",309,131,"0","-","0","0","0"
1,"8Pa1wO",1,2077,2013,200,"Ukraine","UKR","UKR",12,"Austria","AUS","AUT",311,125,"0","-","0","0","0"
1,"8Pa1wO",1,2078,2014,200,"Ukraine","UKR","UKR",12,"Austria","AUS","AUT",300,"0","0","-","0","0","0"
1,"8Pa1wO",1,2079,2015,200,"Ukraine","UKR","UKR",12,"Austria","AUS","AUT",287,756,"0","-","0","0","0"
1,"8Pa1wO",1,2080,2016,200,"Ukraine","UKR","UKR",12,"Austria","AUS","AUT",301,846,"0","-","0","0","0"
1,"8Pa1wO",1,2081,2017,200,"Ukraine","UKR","UKR",12,"Austria","AUS","AUT",292,770,"0","-","0","0","0"
1,"8Pa1wO",1,2082,2018,200,"Ukraine","UKR","UKR",12,"Austria","AUS","AUT",282,537,"0","-","0","0","0"
1,"8Pa1wO",1,2083,2019,200,"Ukraine","UKR","UKR",12,"Austria","AUS","AUT",265,313,"0","-","0","0","0"
1,"8Pa1wO",1,2084,2020,200,"Ukraine","UKR","UKR",12,"Austria","AUS","AUT",251,182,"0","-","0","0","0"
1,"8Pa1wO",1,2085,2021,200,"Ukraine","UKR","UKR",12,"Austria","AUS","AUT",253,113,"0","-","0","0","0"
1,"8Pa1wO",1,2086,2022,200,"Ukraine","UKR","UKR",12,"Austria","AUS","AUT",89862,249,"0","-","0","0","0"
1,"8Pa1wO",1,2087,2023,200,"Ukraine","UKR","UKR",12,"Austria","AUS","AUT",83748,68,"0","-","0","0","0"
1,"8Pa1wO",1,2088,2024,200,"Ukraine","UKR","UKR",12,"Austria","AUS","AUT",84987,56,"0","-","0","0","0"
1,"8Pa1wO",1,2089,2025,200,"Ukraine","UKR","UKR",12,"Austria","AUS","AUT",84785,52,"0","-","0","0","0"
1,"8Pa1wO",1,2090,2015,202,"United States of America","USA","USA",12,"Austria","AUS","AUT","0",5,"0","-","0","0","0"
1,"8Pa1wO",1,2091,2016,202,"United States of America","USA","USA",12,"Austria","AUS","AUT",5,5,"0","-","0","0","0"
1,"8Pa1wO",1,2092,2017,202,"United States of America","USA","USA",12,"Austria","AUS","AUT",5,"0","0","-","0","0","0"
1,"8Pa1wO",1,2093,2018,202,"United States of America","USA","USA",12,"Austria","AUS","AUT",5,"0","0","-","0","0","0"
1,"8Pa1wO",1,2094,2019,202,"United States of America","USA","USA",12,"Austria","AUS","AUT",5,"0","0","-","0","0","0"
1,"8Pa1wO",1,2095,2020,202,"United States of America","USA","USA",12,"Austria","AUS","AUT",5,"0","0","-","0","0","0"
1,"8Pa1wO",1,2096,2021,202,"United States of America","USA","USA",12,"Austria","AUS","AUT",5,"0","0","-","0","0","0"
1,"8Pa1wO",1,2097,2022,202,"United States of America","USA","USA",12,"Austria","AUS","AUT",5,7,"0","-","0","0","0"
1,"8Pa1wO",1,2098,2023,202,"United States of America","USA","USA",12,"Austria","AUS","AUT",5,6,"0","-","0","0","0"
1,"8Pa1wO",1,2099,2024,202,"United States of America","USA","USA",12,"Austria","AUS","AUT",34,5,"0","-","0","0","0"
1,"8Pa1wO",1,2100,2025,202,"United States of America","USA","USA",12,"Austria","AUS","AUT",34,"0","0","-","0","0","0"
1,"8Pa1wO",1,2101,1998,203,"Uzbekistan","UZB","UZB",12,"Austria","AUS","AUT",5,"0","0","-","0","0","0"
1,"8Pa1wO",1,2102,1999,203,"Uzbekistan","UZB","UZB",12,"Austria","AUS","AUT",5,"0","0","-","0","0","0"
1,"8Pa1wO",1,2103,2000,203,"Uzbekistan","UZB","UZB",12,"Austria","AUS","AUT",5,"0","0","-","0","0","0"
1,"8Pa1wO",1,2104,2001,203,"Uzbekistan","UZB","UZB",12,"Austria","AUS","AUT",6,"0","0","-","0","0","0"
1,"8Pa1wO",1,2105,2002,203,"Uzbekistan","UZB","UZB",12,"Austria","AUS","AUT",6,"0","0","-","0","0","0"
1,"8Pa1wO",1,2106,2003,203,"Uzbekistan","UZB","UZB",12,"Austria","AUS","AUT",6,"0","0","-","0","0","0"
1,"8Pa1wO",1,2107,2004,203,"Uzbekistan","UZB","UZB",12,"Austria","AUS","AUT",17,"0","0","-","0","0","0"
1,"8Pa1wO",1,2108,2005,203,"Uzbekistan","UZB","UZB",12,"Austria","AUS","AUT",25,"0","0","-","0","0","0"
1,"8Pa1wO",1,2109,2006,203,"Uzbekistan","UZB","UZB",12,"Austria","AUS","AUT",41,100,"0","-","0","0","0"
1,"8Pa1wO",1,2110,2007,203,"Uzbekistan","UZB","UZB",12,"Austria","AUS","AUT",48,96,"0","-","0","0","0"
1,"8Pa1wO",1,2111,2008,203,"Uzbekistan","UZB","UZB",12,"Austria","AUS","AUT",92,73,"0","-","0","0","0"
1,"8Pa1wO",1,2112,2009,203,"Uzbekistan","UZB","UZB",12,"Austria","AUS","AUT",111,77,"0","-","0","0","0"
1,"8Pa1wO",1,2113,2010,203,"Uzbekistan","UZB","UZB",12,"Austria","AUS","AUT",117,79,"0","-","0","0","0"
1,"8Pa1wO",1,2114,2011,203,"Uzbekistan","UZB","UZB",12,"Austria","AUS","AUT",130,61,"0","-","0","0","0"
1,"8Pa1wO",1,2115,2012,203,"Uzbekistan","UZB","UZB",12,"Austria","AUS","AUT",134,41,"0","-","0","0","0"
1,"8Pa1wO",1,2116,2013,203,"Uzbekistan","UZB","UZB",12,"Austria","AUS","AUT",142,53,"0","-","0","0","0"
1,"8Pa1wO",1,2117,2014,203,"Uzbekistan","UZB","UZB",12,"Austria","AUS","AUT",141,"0","0","-","0","0","0"
1,"8Pa1wO",1,2118,2015,203,"Uzbekistan","UZB","UZB",12,"Austria","AUS","AUT",140,104,"0","-","0","0","0"
1,"8Pa1wO",1,2119,2016,203,"Uzbekistan","UZB","UZB",12,"Austria","AUS","AUT",128,129,"0","-","0","0","0"
1,"8Pa1wO",1,2120,2017,203,"Uzbekistan","UZB","UZB",12,"Austria","AUS","AUT",113,126,"0","-","0","0","0"
1,"8Pa1wO",1,2121,2018,203,"Uzbekistan","UZB","UZB",12,"Austria","AUS","AUT",77,116,"0","-","0","0","0"
1,"8Pa1wO",1,2122,2019,203,"Uzbekistan","UZB","UZB",12,"Austria","AUS","AUT",60,65,"0","-","0","0","0"
1,"8Pa1wO",1,2123,2020,203,"Uzbekistan","UZB","UZB",12,"Austria","AUS","AUT",55,69,"0","-","0","0","0"
1,"8Pa1wO",1,2124,2021,203,"Uzbekistan","UZB","UZB",12,"Austria","AUS","AUT",44,64,"0","-","0","0","0"
1,"8Pa1wO",1,2125,2022,203,"Uzbekistan","UZB","UZB",12,"Austria","AUS","AUT",47,68,"0","-","0","0","0"
1,"8Pa1wO",1,2126,2023,203,"Uzbekistan","UZB","UZB",12,"Austria","AUS","AUT",33,53,"0","-","0","0","0"
1,"8Pa1wO",1,2127,2024,203,"Uzbekistan","UZB","UZB",12,"Austria","AUS","AUT",53,70,"0","-","0","0","0"
1,"8Pa1wO",1,2128,2025,203,"Uzbekistan","UZB","UZB",12,"Austria","AUS","AUT",50,78,"0","-","0","0","0"
1,"8Pa1wO",1,2129,2015,207,"Venezuela (Bolivarian Republic of)","VEN","VEN",12,"Austria","AUS","AUT","0",5,"0","-","0","0","0"
1,"8Pa1wO",1,2130,2016,207,"Venezuela (Bolivarian Republic of)","VEN","VEN",12,"Austria","AUS","AUT","0",15,"0","-","0","0","0"
1,"8Pa1wO",1,2131,2017,207,"Venezuela (Bolivarian Republic of)","VEN","VEN",12,"Austria","AUS","AUT","0",23,"0","-","0","0","0"
1,"8Pa1wO",1,2132,2018,207,"Venezuela (Bolivarian Republic of)","VEN","VEN",12,"Austria","AUS","AUT",5,25,"0","-","0","0","0"
1,"8Pa1wO",1,2133,2019,207,"Venezuela (Bolivarian Republic of)","VEN","VEN",12,"Austria","AUS","AUT",31,29,"0","-","0","0","0"
1,"8Pa1wO",1,2134,2020,207,"Venezuela (Bolivarian Republic of)","VEN","VEN",12,"Austria","AUS","AUT",61,34,"0","-","0","0","0"
1,"8Pa1wO",1,2135,2021,207,"Venezuela (Bolivarian Republic of)","VEN","VEN",12,"Austria","AUS","AUT",83,32,"0","-","0","0","0"
1,"8Pa1wO",1,2136,2022,207,"Venezuela (Bolivarian Republic of)","VEN","VEN",12,"Austria","AUS","AUT",104,57,"0","-","0","0","0"
1,"8Pa1wO",1,2137,2023,207,"Venezuela (Bolivarian Republic of)","VEN","VEN",12,"Austria","AUS","AUT",131,82,"0","-","0","0","0"
1,"8Pa1wO",1,2138,2024,207,"Venezuela (Bolivarian Republic of)","VEN","VEN",12,"Austria","AUS","AUT",177,104,"0","-","0","0","0"
1,"8Pa1wO",1,2139,2025,207,"Venezuela (Bolivarian Republic of)","VEN","VEN",12,"Austria","AUS","AUT",190,85,"0","-","0","0","0"
1,"8Pa1wO",1,2140,2009,210,"Western Sahara","WSH","ESH",12,"Austria","AUS","AUT","0",5,"0","-","0","0","0"
1,"8Pa1wO",1,2141,2015,210,"Western Sahara","WSH","ESH",12,"Austria","AUS","AUT","0",5,"0","-","0","0","0"
1,"8Pa1wO",1,2142,2016,210,"Western Sahara","WSH","ESH",12,"Austria","AUS","AUT","0",9,"0","-","0","0","0"
1,"8Pa1wO",1,2143,2005,211,"Yemen","YEM","YEM",12,"Austria","AUS","AUT",5,"0","0","-","0","0","0"
1,"8Pa1wO",1,2144,2006,211,"Yemen","YEM","YEM",12,"Austria","AUS","AUT",5,5,"0","-","0","0","0"
1,"8Pa1wO",1,2145,2007,211,"Yemen","YEM","YEM",12,"Austria","AUS","AUT",6,"0","0","-","0","0","0"
1,"8Pa1wO",1,2146,2008,211,"Yemen","YEM","YEM",12,"Austria","AUS","AUT",7,5,"0","-","0","0","0"
1,"8Pa1wO",1,2147,2009,211,"Yemen","YEM","YEM",12,"Austria","AUS","AUT",7,5,"0","-","0","0","0"
1,"8Pa1wO",1,2148,2010,211,"Yemen","YEM","YEM",12,"Austria","AUS","AUT",9,"0","0","-","0","0","0"
1,"8Pa1wO",1,2149,2011,211,"Yemen","YEM","YEM",12,"Austria","AUS","AUT",10,5,"0","-","0","0","0"
1,"8Pa1wO",1,2150,2012,211,"Yemen","YEM","YEM",12,"Austria","AUS","AUT",12,5,"0","-","0","0","0"
1,"8Pa1wO",1,2151,2013,211,"Yemen","YEM","YEM",12,"Austria","AUS","AUT",14,5,"0","-","0","0","0"
1,"8Pa1wO",1,2152,2014,211,"Yemen","YEM","YEM",12,"Austria","AUS","AUT",17,"0","0","-","0","0","0"
1,"8Pa1wO",1,2153,2015,211,"Yemen","YEM","YEM",12,"Austria","AUS","AUT",30,126,"0","-","0","0","0"
1,"8Pa1wO",1,2154,2016,211,"Yemen","YEM","YEM",12,"Austria","AUS","AUT",58,146,"0","-","0","0","0"
1,"8Pa1wO",1,2155,2017,211,"Yemen","YEM","YEM",12,"Austria","AUS","AUT",163,120,"0","-","0","0","0"
1,"8Pa1wO",1,2156,2018,211,"Yemen","YEM","YEM",12,"Austria","AUS","AUT",258,74,"0","-","0","0","0"
1,"8Pa1wO",1,2157,2019,211,"Yemen","YEM","YEM",12,"Austria","AUS","AUT",311,70,"0","-","0","0","0"
1,"8Pa1wO",1,2158,2020,211,"Yemen","YEM","YEM",12,"Austria","AUS","AUT",355,79,"0","-","0","0","0"
1,"8Pa1wO",1,2159,2021,211,"Yemen","YEM","YEM",12,"Austria","AUS","AUT",426,177,"0","-","0","0","0"
1,"8Pa1wO",1,2160,2022,211,"Yemen","YEM","YEM",12,"Austria","AUS","AUT",562,180,"0","-","0","0","0"
1,"8Pa1wO",1,2161,2023,211,"Yemen","YEM","YEM",12,"Austria","AUS","AUT",654,144,"0","-","0","0","0"
1,"8Pa1wO",1,2162,2024,211,"Yemen","YEM","YEM",12,"Austria","AUS","AUT",756,113,"0","-","0","0","0"
1,"8Pa1wO",1,2163,2025,211,"Yemen","YEM","YEM",12,"Austria","AUS","AUT",796,77,"0","-","0","0","0"
1,"8Pa1wO",1,2164,2011,213,"Zambia","ZAM","ZMB",12,"Austria","AUS","AUT","0",5,"0","-","0","0","0"
1,"8Pa1wO",1,2165,2013,213,"Zambia","ZAM","ZMB",12,"Austria","AUS","AUT","0",5,"0","-","0","0","0"
1,"8Pa1wO",1,2166,2015,213,"Zambia","ZAM","ZMB",12,"Austria","AUS","AUT",5,"0","0","-","0","0","0"
1,"8Pa1wO",1,2167,2016,213,"Zambia","ZAM","ZMB",12,"Austria","AUS","AUT",5,"0","0","-","0","0","0"
1,"8Pa1wO",1,2168,2017,213,"Zambia","ZAM","ZMB",12,"Austria","AUS","AUT",5,"0","0","-","0","0","0"
1,"8Pa1wO",1,2169,2018,213,"Zambia","ZAM","ZMB",12,"Austria","AUS","AUT",5,"0","0","-","0","0","0"
1,"8Pa1wO",1,2170,2019,213,"Zambia","ZAM","ZMB",12,"Austria","AUS","AUT",5,"0","0","-","0","0","0"
1,"8Pa1wO",1,2171,2020,213,"Zambia","ZAM","ZMB",12,"Austria","AUS","AUT",5,"0","0","-","0","0","0"
1,"8Pa1wO",1,2172,2021,213,"Zambia","ZAM","ZMB",12,"Austria","AUS","AUT",5,"0","0","-","0","0","0"
1,"8Pa1wO",1,2173,2022,213,"Zambia","ZAM","ZMB",12,"Austria","AUS","AUT",5,"0","0","-","0","0","0"
1,"8Pa1wO",1,2174,2023,213,"Zambia","ZAM","ZMB",12,"Austria","AUS","AUT",5,"0","0","-","0","0","0"
1,"8Pa1wO",1,2175,2024,213,"Zambia","ZAM","ZMB",12,"Austria","AUS","AUT",5,"0","0","-","0","0","0"
1,"8Pa1wO",1,2176,2025,213,"Zambia","ZAM","ZMB",12,"Austria","AUS","AUT",5,"0","0","-","0","0","0"
1,"8Pa1wO",1,2177,2006,214,"Zimbabwe","ZIM","ZWE",12,"Austria","AUS","AUT",5,14,"0","-","0","0","0"
1,"8Pa1wO",1,2178,2007,214,"Zimbabwe","ZIM","ZWE",12,"Austria","AUS","AUT",5,8,"0","-","0","0","0"
1,"8Pa1wO",1,2179,2008,214,"Zimbabwe","ZIM","ZWE",12,"Austria","AUS","AUT",10,13,"0","-","0","0","0"
1,"8Pa1wO",1,2180,2009,214,"Zimbabwe","ZIM","ZWE",12,"Austria","AUS","AUT",13,11,"0","-","0","0","0"
1,"8Pa1wO",1,2181,2010,214,"Zimbabwe","ZIM","ZWE",12,"Austria","AUS","AUT",18,18,"0","-","0","0","0"
1,"8Pa1wO",1,2182,2011,214,"Zimbabwe","ZIM","ZWE",12,"Austria","AUS","AUT",22,7,"0","-","0","0","0"
1,"8Pa1wO",1,2183,2012,214,"Zimbabwe","ZIM","ZWE",12,"Austria","AUS","AUT",22,5,"0","-","0","0","0"
1,"8Pa1wO",1,2184,2013,214,"Zimbabwe","ZIM","ZWE",12,"Austria","AUS","AUT",23,6,"0","-","0","0","0"
1,"8Pa1wO",1,2185,2014,214,"Zimbabwe","ZIM","ZWE",12,"Austria","AUS","AUT",22,"0","0","-","0","0","0"
1,"8Pa1wO",1,2186,2015,214,"Zimbabwe","ZIM","ZWE",12,"Austria","AUS","AUT",23,6,"0","-","0","0","0"
1,"8Pa1wO",1,2187,2016,214,"Zimbabwe","ZIM","ZWE",12,"Austria","AUS","AUT",22,6,"0","-","0","0","0"
1,"8Pa1wO",1,2188,2017,214,"Zimbabwe","ZIM","ZWE",12,"Austria","AUS","AUT",22,5,"0","-","0","0","0"
1,"8Pa1wO",1,2189,2018,214,"Zimbabwe","ZIM","ZWE",12,"Austria","AUS","AUT",14,5,"0","-","0","0","0"
1,"8Pa1wO",1,2190,2019,214,"Zimbabwe","ZIM","ZWE",12,"Austria","AUS","AUT",11,"0","0","-","0","0","0"
1,"8Pa1wO",1,2191,2020,214,"Zimbabwe","ZIM","ZWE",12,"Austria","AUS","AUT",6,"0","0","-","0","0","0"
1,"8Pa1wO",1,2192,2022,214,"Zimbabwe","ZIM","ZWE",12,"Austria","AUS","AUT","0",7,"0","-","0","0","0"
1,"8Pa1wO",1,2193,2023,214,"Zimbabwe","ZIM","ZWE",12,"Austria","AUS","AUT",5,5,"0","-","0","0","0"
1,"8Pa1wO",1,2194,2024,214,"Zimbabwe","ZIM","ZWE",12,"Austria","AUS","AUT",5,11,"0","-","0","0","0"
1,"8Pa1wO",1,2195,2025,214,"Zimbabwe","ZIM","ZWE",12,"Austria","AUS","AUT",5,13,"0","-","0","0","0"
1,"8Pa1wO",1,2196,1998,216,"Stateless","STA","XXA",12,"Austria","AUS","AUT",36,"0","0","-","0","0","0"
1,"8Pa1wO",1,2197,1999,216,"Stateless","STA","XXA",12,"Austria","AUS","AUT",42,"0","0","-","0","0","0"
1,"8Pa1wO",1,2198,2000,216,"Stateless","STA","XXA",12,"Austria","AUS","AUT",32,"0","0","-","0","0","0"
1,"8Pa1wO",1,2199,2001,216,"Stateless","STA","XXA",12,"Austria","AUS","AUT",41,"0","0","-","0","0","0"
1,"8Pa1wO",1,2200,2002,216,"Stateless","STA","XXA",12,"Austria","AUS","AUT",44,"0","0","-","0","0","0"
1,"8Pa1wO",1,2201,2003,216,"Stateless","STA","XXA",12,"Austria","AUS","AUT",66,"0","0","-","0","0","0"
1,"8Pa1wO",1,2202,2004,216,"Stateless","STA","XXA",12,"Austria","AUS","AUT",73,"0","0","-",524,"0","0"
1,"8Pa1wO",1,2203,2005,216,"Stateless","STA","XXA",12,"Austria","AUS","AUT",122,"0","0","-",500,"0","0"
1,"8Pa1wO",1,2204,2006,216,"Stateless","STA","XXA",12,"Austria","AUS","AUT",180,383,"0","-",501,"0","0"
1,"8Pa1wO",1,2205,2007,216,"Stateless","STA","XXA",12,"Austria","AUS","AUT",233,378,"0","-",472,"0","0"
1,"8Pa1wO",1,2206,2008,216,"Stateless","STA","XXA",12,"Austria","AUS","AUT",337,340,"0","-",464,"0","0"
1,"8Pa1wO",1,2207,2009,216,"Stateless","STA","XXA",12,"Austria","AUS","AUT",374,336,"0","-",523,"0","0"
1,"8Pa1wO",1,2208,2010,216,"Stateless","STA","XXA",12,"Austria","AUS","AUT",443,278,"0","-",401,"0","0"
1,"8Pa1wO",1,2209,2011,216,"Stateless","STA","XXA",12,"Austria","AUS","AUT",535,217,"0","-",464,"0","0"
1,"8Pa1wO",1,2210,2012,216,"Stateless","STA","XXA",12,"Austria","AUS","AUT",625,178,"0","-",542,"0","0"
1,"8Pa1wO",1,2211,2013,216,"Stateless","STA","XXA",12,"Austria","AUS","AUT",658,301,"0","-",604,"0","0"
1,"8Pa1wO",1,2212,2014,216,"Stateless","STA","XXA",12,"Austria","AUS","AUT",1141,"0","0","-",570,"0","0"
1,"8Pa1wO",1,2213,2015,216,"Stateless","STA","XXA",12,"Austria","AUS","AUT",2457,1868,"0","-",828,"0","0"
1,"8Pa1wO",1,2214,2016,216,"Stateless","STA","XXA",12,"Austria","AUS","AUT",2398,"0","0","-",937,"0","0"
1,"8Pa1wO",1,2215,2017,216,"Stateless","STA","XXA",12,"Austria","AUS","AUT",2326,"0","0","-",1003,"0","0"
1,"8Pa1wO",1,2216,2018,216,"Stateless","STA","XXA",12,"Austria","AUS","AUT",2242,"0","0","-",1062,"0","0"
1,"8Pa1wO",1,2217,2019,216,"Stateless","STA","XXA",12,"Austria","AUS","AUT",2199,"0","0","-",1132,"0","0"
1,"8Pa1wO",1,2218,2020,216,"Stateless","STA","XXA",12,"Austria","AUS","AUT",2125,"0","0","-",3267,"0","0"
1,"8Pa1wO",1,2219,2021,216,"Stateless","STA","XXA",12,"Austria","AUS","AUT",2020,"0","0","-",3162,"0","0"
1,"8Pa1wO",1,2220,2022,216,"Stateless","STA","XXA",12,"Austria","AUS","AUT",1972,"0","0","-",3256,"0","0"
1,"8Pa1wO",1,2221,2023,216,"Stateless","STA","XXA",12,"Austria","AUS","AUT",1810,"0","0","-",3194,"0","0"
1,"8Pa1wO",1,2222,2024,216,"Stateless","STA","XXA",12,"Austria","AUS","AUT",2471,"0","0","-",3919,"0","0"
1,"8Pa1wO",1,2223,2025,216,"Stateless","STA","XXA",12,"Austria","AUS","AUT",1874,456,"0","-",4099,"0","0"
1,"8Pa1wO",1,2224,1951,262,"Unknown ","UKN","UNK",12,"Austria","AUS","AUT",282000,"0","0","-","0","0","0"
1,"8Pa1wO",1,2225,1952,262,"Unknown ","UKN","UNK",12,"Austria","AUS","AUT",238200,"0","0","-","0","0","0"
1,"8Pa1wO",1,2226,1953,262,"Unknown ","UKN","UNK",12,"Austria","AUS","AUT",215200,"0","0","-","0","0","0"
1,"8Pa1wO",1,2227,1954,262,"Unknown ","UKN","UNK",12,"Austria","AUS","AUT",150000,"0","0","-","0","0","0"
1,"8Pa1wO",1,2228,1955,262,"Unknown ","UKN","UNK",12,"Austria","AUS","AUT",110000,"0","0","-","0","0","0"
1,"8Pa1wO",1,2229,1956,262,"Unknown ","UKN","UNK",12,"Austria","AUS","AUT",140000,"0","0","-","0","0","0"
1,"8Pa1wO",1,2230,1957,262,"Unknown ","UKN","UNK",12,"Austria","AUS","AUT",68000,"0","0","-","0","0","0"
1,"8Pa1wO",1,2231,1958,262,"Unknown ","UKN","UNK",12,"Austria","AUS","AUT",53000,"0","0","-","0","0","0"
1,"8Pa1wO",1,2232,1959,262,"Unknown ","UKN","UNK",12,"Austria","AUS","AUT",44000,"0","0","-","0","0","0"
1,"8Pa1wO",1,2233,1960,262,"Unknown ","UKN","UNK",12,"Austria","AUS","AUT",39000,"0","0","-","0","0","0"
1,"8Pa1wO",1,2234,1961,262,"Unknown ","UKN","UNK",12,"Austria","AUS","AUT",34000,"0","0","-","0","0","0"
1,"8Pa1wO",1,2235,1962,262,"Unknown ","UKN","UNK",12,"Austria","AUS","AUT",30000,"0","0","-","0","0","0"
1,"8Pa1wO",1,2236,1963,262,"Unknown ","UKN","UNK",12,"Austria","AUS","AUT",27000,"0","0","-","0","0","0"
1,"8Pa1wO",1,2237,1964,262,"Unknown ","UKN","UNK",12,"Austria","AUS","AUT",25000,"0","0","-","0","0","0"
1,"8Pa1wO",1,2238,1965,262,"Unknown ","UKN","UNK",12,"Austria","AUS","AUT",25000,"0","0","-","0","0","0"
1,"8Pa1wO",1,2239,1966,262,"Unknown ","UKN","UNK",12,"Austria","AUS","AUT",24500,"0","0","-","0","0","0"
1,"8Pa1wO",1,2240,1967,262,"Unknown ","UKN","UNK",12,"Austria","AUS","AUT",24000,"0","0","-","0","0","0"
1,"8Pa1wO",1,2241,1968,262,"Unknown ","UKN","UNK",12,"Austria","AUS","AUT",24000,"0","0","-","0","0","0"
1,"8Pa1wO",1,2242,1969,262,"Unknown ","UKN","UNK",12,"Austria","AUS","AUT",25000,"0","0","-","0","0","0"
1,"8Pa1wO",1,2243,1970,262,"Unknown ","UKN","UNK",12,"Austria","AUS","AUT",25300,"0","0","-","0","0","0"
1,"8Pa1wO",1,2244,1971,262,"Unknown ","UKN","UNK",12,"Austria","AUS","AUT",25000,"0","0","-","0","0","0"
1,"8Pa1wO",1,2245,1972,262,"Unknown ","UKN","UNK",12,"Austria","AUS","AUT",25000,"0","0","-","0","0","0"
1,"8Pa1wO",1,2246,1973,262,"Unknown ","UKN","UNK",12,"Austria","AUS","AUT",25000,"0","0","-","0","0","0"
1,"8Pa1wO",1,2247,1974,262,"Unknown ","UKN","UNK",12,"Austria","AUS","AUT",25000,"0","0","-","0","0","0"
1,"8Pa1wO",1,2248,1975,262,"Unknown ","UKN","UNK",12,"Austria","AUS","AUT",20000,"0","0","-","0","0","0"
1,"8Pa1wO",1,2249,1976,262,"Unknown ","UKN","UNK",12,"Austria","AUS","AUT",25000,"0","0","-","0","0","0"
1,"8Pa1wO",1,2250,1977,262,"Unknown ","UKN","UNK",12,"Austria","AUS","AUT",20000,"0","0","-","0","0","0"
1,"8Pa1wO",1,2251,1978,262,"Unknown ","UKN","UNK",12,"Austria","AUS","AUT",20000,"0","0","-","0","0","0"
1,"8Pa1wO",1,2252,1979,262,"Unknown ","UKN","UNK",12,"Austria","AUS","AUT",25000,"0","0","-","0","0","0"
1,"8Pa1wO",1,2253,1980,262,"Unknown ","UKN","UNK",12,"Austria","AUS","AUT",15525,"0","0","-","0","0","0"
1,"8Pa1wO",1,2254,1981,262,"Unknown ","UKN","UNK",12,"Austria","AUS","AUT",17899,"0","0","-","0","0","0"
1,"8Pa1wO",1,2255,1982,262,"Unknown ","UKN","UNK",12,"Austria","AUS","AUT",34963,"0","0","-","0","0","0"
1,"8Pa1wO",1,2256,1983,262,"Unknown ","UKN","UNK",12,"Austria","AUS","AUT",37298,"0","0","-","0","0","0"
1,"8Pa1wO",1,2257,1984,262,"Unknown ","UKN","UNK",12,"Austria","AUS","AUT",39099,"0","0","-","0","0","0"
1,"8Pa1wO",1,2258,1985,262,"Unknown ","UKN","UNK",12,"Austria","AUS","AUT",40534,"0","0","-","0","0","0"
1,"8Pa1wO",1,2259,1986,262,"Unknown ","UKN","UNK",12,"Austria","AUS","AUT",41176,"0","0","-","0","0","0"
1,"8Pa1wO",1,2260,1987,262,"Unknown ","UKN","UNK",12,"Austria","AUS","AUT",41228,"0","0","-","0","0","0"
1,"8Pa1wO",1,2261,1988,262,"Unknown ","UKN","UNK",12,"Austria","AUS","AUT",39830,"0","0","-","0","0","0"
1,"8Pa1wO",1,2262,1989,262,"Unknown ","UKN","UNK",12,"Austria","AUS","AUT",39405,"0","0","-","0","0","0"
1,"8Pa1wO",1,2263,1990,262,"Unknown ","UKN","UNK",12,"Austria","AUS","AUT",34938,"0","0","-","0","0","0"
1,"8Pa1wO",1,2264,1991,262,"Unknown ","UKN","UNK",12,"Austria","AUS","AUT",34508,"0","0","-","0","0","0"
1,"8Pa1wO",1,2265,1992,262,"Unknown ","UKN","UNK",12,"Austria","AUS","AUT",19437,"0","0","-","0","0","0"
1,"8Pa1wO",1,2266,1993,262,"Unknown ","UKN","UNK",12,"Austria","AUS","AUT",17959,"0","0","-","0","0","0"
1,"8Pa1wO",1,2267,1994,262,"Unknown ","UKN","UNK",12,"Austria","AUS","AUT",40703,"0","0","-","0","0","0"
1,"8Pa1wO",1,2268,1995,262,"Unknown ","UKN","UNK",12,"Austria","AUS","AUT",34385,"0","0","-","0","0","0"
1,"8Pa1wO",1,2269,1996,262,"Unknown ","UKN","UNK",12,"Austria","AUS","AUT",14985,"0","0","-","0","0","0"
1,"8Pa1wO",1,2270,1997,262,"Unknown ","UKN","UNK",12,"Austria","AUS","AUT",14509,"0","0","-","0","0","0"
1,"8Pa1wO",1,2271,1998,262,"Unknown ","UKN","UNK",12,"Austria","AUS","AUT",392,"0","0","-","0","0","0"
1,"8Pa1wO",1,2272,1999,262,"Unknown ","UKN","UNK",12,"Austria","AUS","AUT",1263,"0","0","-","0","0","0"
1,"8Pa1wO",1,2273,2000,262,"Unknown ","UKN","UNK",12,"Austria","AUS","AUT",1615,9945,"0","-","0","0","0"
1,"8Pa1wO",1,2274,2001,262,"Unknown ","UKN","UNK",12,"Austria","AUS","AUT",1834,15187,"0","-","0","0","0"
1,"8Pa1wO",1,2275,2002,262,"Unknown ","UKN","UNK",12,"Austria","AUS","AUT",2789,29494,"0","-","0","0","0"
1,"8Pa1wO",1,2276,2003,262,"Unknown ","UKN","UNK",12,"Austria","AUS","AUT",3885,33564,"0","-","0","0","0"
1,"8Pa1wO",1,2277,2004,262,"Unknown ","UKN","UNK",12,"Austria","AUS","AUT",139,38262,"0","-","0","0","0"
1,"8Pa1wO",1,2278,2005,262,"Unknown ","UKN","UNK",12,"Austria","AUS","AUT",258,40710,"0","-","0","0","0"
1,"8Pa1wO",1,2279,2006,262,"Unknown ","UKN","UNK",12,"Austria","AUS","AUT",263,2855,"0","-","0","0","0"
1,"8Pa1wO",1,2280,2007,262,"Unknown ","UKN","UNK",12,"Austria","AUS","AUT",290,4720,"0","-","0","0","0"
1,"8Pa1wO",1,2281,2008,262,"Unknown ","UKN","UNK",12,"Austria","AUS","AUT",305,5745,"0","-","0","0","0"
1,"8Pa1wO",1,2282,2009,262,"Unknown ","UKN","UNK",12,"Austria","AUS","AUT",310,3654,"0","-","0","0","0"
1,"8Pa1wO",1,2283,2010,262,"Unknown ","UKN","UNK",12,"Austria","AUS","AUT",313,3626,"0","-","0","0","0"
1,"8Pa1wO",1,2284,2011,262,"Unknown ","UKN","UNK",12,"Austria","AUS","AUT",315,3966,"0","-","0","0","0"
1,"8Pa1wO",1,2285,2012,262,"Unknown ","UKN","UNK",12,"Austria","AUS","AUT",322,701,"0","-","0","0","0"
1,"8Pa1wO",1,2286,2013,262,"Unknown ","UKN","UNK",12,"Austria","AUS","AUT",321,613,"0","-","0","0","0"
1,"8Pa1wO",1,2287,2014,262,"Unknown ","UKN","UNK",12,"Austria","AUS","AUT",275,22745,"0","-","0","0","0"
1,"8Pa1wO",1,2288,2015,262,"Unknown ","UKN","UNK",12,"Austria","AUS","AUT",178,451,"0","-","0","0","0"
1,"8Pa1wO",1,2289,2016,262,"Unknown ","UKN","UNK",12,"Austria","AUS","AUT",1933,1440,"0","-","0","0","0"
1,"8Pa1wO",1,2290,2017,262,"Unknown ","UKN","UNK",12,"Austria","AUS","AUT",3308,756,"0","-","0","0","0"
1,"8Pa1wO",1,2291,2018,262,"Unknown ","UKN","UNK",12,"Austria","AUS","AUT",4007,409,"0","-","0","0","0"
1,"8Pa1wO",1,2292,2019,262,"Unknown ","UKN","UNK",12,"Austria","AUS","AUT",4341,260,"0","-","0","0","0"
1,"8Pa1wO",1,2293,2020,262,"Unknown ","UKN","UNK",12,"Austria","AUS","AUT",4578,310,"0","-","0","0","0"
1,"8Pa1wO",1,2294,2021,262,"Unknown ","UKN","UNK",12,"Austria","AUS","AUT",5009,546,"0","-","0","0","0"
1,"8Pa1wO",1,2295,2022,262,"Unknown ","UKN","UNK",12,"Austria","AUS","AUT",5435,539,"0","-","0","0","0"
1,"8Pa1wO",1,2296,2023,262,"Unknown ","UKN","UNK",12,"Austria","AUS","AUT",5490,529,"0","-","0","0","0"
1,"8Pa1wO",1,2297,2024,262,"Unknown ","UKN","UNK",12,"Austria","AUS","AUT",5564,466,"0","-","0","0","0"
1,"8Pa1wO",1,2298,2025,262,"Unknown ","UKN","UNK",12,"Austria","AUS","AUT",5550,141,"0","-","0","0","0"
