"page","short-url","maxPages","items","year","coo_id","coo_name","coo","coo_iso","coa_id","coa_name","coa","coa_iso","refugees","asylum_seekers","returned_refugees","idps","returned_idps","stateless","ooc","oip","hst"
1,"2imvzT",1,1,2001,2,"Afghanistan","AFG","AFG",48,"Cyprus","CYP","CYP",5,11,"0","0","0","0","0","-","0"
1,"2imvzT",1,2,2002,2,"Afghanistan","AFG","AFG",48,"Cyprus","CYP","CYP",5,19,"0","0","0","0","0","-","0"
1,"2imvzT",1,3,2003,2,"Afghanistan","AFG","AFG",48,"Cyprus","CYP","CYP",5,68,"0","0","0","0","0","-","0"
1,"2imvzT",1,4,2004,2,"Afghanistan","AFG","AFG",48,"Cyprus","CYP","CYP",9,135,"0","0","0","0","0","-","0"
1,"2imvzT",1,5,2005,2,"Afghanistan","AFG","AFG",48,"Cyprus","CYP","CYP",5,154,"0","0","0","0","0","-","0"
1,"2imvzT",1,6,2006,2,"Afghanistan","AFG","AFG",48,"Cyprus","CYP","CYP",5,134,"0","0","0","0","0","-","0"
1,"2imvzT",1,7,2007,2,"Afghanistan","AFG","AFG",48,"Cyprus","CYP","CYP",5,107,"0","0","0","0","0","-","0"
1,"2imvzT",1,8,2008,2,"Afghanistan","AFG","AFG",48,"Cyprus","CYP","CYP",6,75,"0","0","0","0","0","-","0"
1,"2imvzT",1,9,2009,2,"Afghanistan","AFG","AFG",48,"Cyprus","CYP","CYP",7,45,"0","0","0","0","0","-","0"
1,"2imvzT",1,10,2010,2,"Afghanistan","AFG","AFG",48,"Cyprus","CYP","CYP",7,112,"0","0","0","0","0","-","0"
1,"2imvzT",1,11,2011,2,"Afghanistan","AFG","AFG",48,"Cyprus","CYP","CYP",7,115,"0","0","0","0","0","-","0"
1,"2imvzT",1,12,2012,2,"Afghanistan","AFG","AFG",48,"Cyprus","CYP","CYP",7,50,"0","0","0","0","0","-","0"
1,"2imvzT",1,13,2013,2,"Afghanistan","AFG","AFG",48,"Cyprus","CYP","CYP",7,23,"0","0","0","0","0","-","0"
1,"2imvzT",1,14,2014,2,"Afghanistan","AFG","AFG",48,"Cyprus","CYP","CYP",7,13,"0","0","0","0","0","-","0"
1,"2imvzT",1,15,2015,2,"Afghanistan","AFG","AFG",48,"Cyprus","CYP","CYP",7,14,"0","0","0","0","0","-","0"
1,"2imvzT",1,16,2016,2,"Afghanistan","AFG","AFG",48,"Cyprus","CYP","CYP",7,7,"0","0","0","0","0","-","0"
1,"2imvzT",1,17,2017,2,"Afghanistan","AFG","AFG",48,"Cyprus","CYP","CYP",12,5,"0","0","0","0","0","-","0"
1,"2imvzT",1,18,2018,2,"Afghanistan","AFG","AFG",48,"Cyprus","CYP","CYP",14,5,"0","0","0","0","0","-","0"
1,"2imvzT",1,19,2019,2,"Afghanistan","AFG","AFG",48,"Cyprus","CYP","CYP",14,5,"0","0","0","0","0","-","0"
1,"2imvzT",1,20,2020,2,"Afghanistan","AFG","AFG",48,"Cyprus","CYP","CYP",16,17,"0","0","0","0","0","-","0"
1,"2imvzT",1,21,2021,2,"Afghanistan","AFG","AFG",48,"Cyprus","CYP","CYP",17,143,"0","0","0","0","0","-","0"
1,"2imvzT",1,22,2022,2,"Afghanistan","AFG","AFG",48,"Cyprus","CYP","CYP",43,1671,"0","0","0","0","0","-","0"
1,"2imvzT",1,23,2023,2,"Afghanistan","AFG","AFG",48,"Cyprus","CYP","CYP",163,1535,"0","0","0","0","0","-","0"
1,"2imvzT",1,24,2024,2,"Afghanistan","AFG","AFG",48,"Cyprus","CYP","CYP",360,1379,"0","0","0","0","0","-","0"
1,"2imvzT",1,25,2025,2,"Afghanistan","AFG","AFG",48,"Cyprus","CYP","CYP",377,1178,"0","0","0","0","0","-","0"
1,"2imvzT",1,26,2012,3,"Albania","ALB","ALB",48,"Cyprus","CYP","CYP","0",5,"0","0","0","0","0","-","0"
1,"2imvzT",1,27,2013,3,"Albania","ALB","ALB",48,"Cyprus","CYP","CYP","0",5,"0","0","0","0","0","-","0"
1,"2imvzT",1,28,2014,3,"Albania","ALB","ALB",48,"Cyprus","CYP","CYP","0",5,"0","0","0","0","0","-","0"
1,"2imvzT",1,29,2015,3,"Albania","ALB","ALB",48,"Cyprus","CYP","CYP","0",5,"0","0","0","0","0","-","0"
1,"2imvzT",1,30,2016,3,"Albania","ALB","ALB",48,"Cyprus","CYP","CYP","0",5,"0","0","0","0","0","-","0"
1,"2imvzT",1,31,2018,3,"Albania","ALB","ALB",48,"Cyprus","CYP","CYP","0",5,"0","0","0","0","0","-","0"
1,"2imvzT",1,32,2019,3,"Albania","ALB","ALB",48,"Cyprus","CYP","CYP","0",5,"0","0","0","0","0","-","0"
1,"2imvzT",1,33,2020,3,"Albania","ALB","ALB",48,"Cyprus","CYP","CYP","0",5,"0","0","0","0","0","-","0"
1,"2imvzT",1,34,2021,3,"Albania","ALB","ALB",48,"Cyprus","CYP","CYP","0",5,"0","0","0","0","0","-","0"
1,"2imvzT",1,35,1999,4,"Algeria","ALG","DZA",48,"Cyprus","CYP","CYP",6,"0","0","0","0","0","0","-","0"
1,"2imvzT",1,36,2001,4,"Algeria","ALG","DZA",48,"Cyprus","CYP","CYP","0",5,"0","0","0","0","0","-","0"
1,"2imvzT",1,37,2002,4,"Algeria","ALG","DZA",48,"Cyprus","CYP","CYP","0",5,"0","0","0","0","0","-","0"
1,"2imvzT",1,38,2003,4,"Algeria","ALG","DZA",48,"Cyprus","CYP","CYP",5,5,"0","0","0","0","0","-","0"
1,"2imvzT",1,39,2004,4,"Algeria","ALG","DZA",48,"Cyprus","CYP","CYP",5,"0","0","0","0","0","0","-","0"
1,"2imvzT",1,40,2005,4,"Algeria","ALG","DZA",48,"Cyprus","CYP","CYP",5,5,"0","0","0","0","0","-","0"
1,"2imvzT",1,41,2006,4,"Algeria","ALG","DZA",48,"Cyprus","CYP","CYP",5,5,"0","0","0","0","0","-","0"
1,"2imvzT",1,42,2007,4,"Algeria","ALG","DZA",48,"Cyprus","CYP","CYP",5,5,"0","0","0","0","0","-","0"
1,"2imvzT",1,43,2008,4,"Algeria","ALG","DZA",48,"Cyprus","CYP","CYP",5,5,"0","0","0","0","0","-","0"
1,"2imvzT",1,44,2009,4,"Algeria","ALG","DZA",48,"Cyprus","CYP","CYP",5,5,"0","0","0","0","0","-","0"
1,"2imvzT",1,45,2010,4,"Algeria","ALG","DZA",48,"Cyprus","CYP","CYP",5,11,"0","0","0","0","0","-","0"
1,"2imvzT",1,46,2011,4,"Algeria","ALG","DZA",48,"Cyprus","CYP","CYP",5,5,"0","0","0","0","0","-","0"
1,"2imvzT",1,47,2012,4,"Algeria","ALG","DZA",48,"Cyprus","CYP","CYP",5,5,"0","0","0","0","0","-","0"
1,"2imvzT",1,48,2013,4,"Algeria","ALG","DZA",48,"Cyprus","CYP","CYP",5,5,"0","0","0","0","0","-","0"
1,"2imvzT",1,49,2014,4,"Algeria","ALG","DZA",48,"Cyprus","CYP","CYP",5,"0","0","0","0","0","0","-","0"
1,"2imvzT",1,50,2015,4,"Algeria","ALG","DZA",48,"Cyprus","CYP","CYP",8,"0","0","0","0","0","0","-","0"
1,"2imvzT",1,51,2016,4,"Algeria","ALG","DZA",48,"Cyprus","CYP","CYP",8,"0","0","0","0","0","0","-","0"
1,"2imvzT",1,52,2017,4,"Algeria","ALG","DZA",48,"Cyprus","CYP","CYP",8,"0","0","0","0","0","0","-","0"
1,"2imvzT",1,53,2018,4,"Algeria","ALG","DZA",48,"Cyprus","CYP","CYP",8,7,"0","0","0","0","0","-","0"
1,"2imvzT",1,54,2019,4,"Algeria","ALG","DZA",48,"Cyprus","CYP","CYP",8,8,"0","0","0","0","0","-","0"
1,"2imvzT",1,55,2020,4,"Algeria","ALG","DZA",48,"Cyprus","CYP","CYP",8,7,"0","0","0","0","0","-","0"
1,"2imvzT",1,56,2021,4,"Algeria","ALG","DZA",48,"Cyprus","CYP","CYP",8,"0","0","0","0","0","0","-","0"
1,"2imvzT",1,57,2022,4,"Algeria","ALG","DZA",48,"Cyprus","CYP","CYP",8,5,"0","0","0","0","0","-","0"
1,"2imvzT",1,58,2023,4,"Algeria","ALG","DZA",48,"Cyprus","CYP","CYP",8,5,"0","0","0","0","0","-","0"
1,"2imvzT",1,59,2024,4,"Algeria","ALG","DZA",48,"Cyprus","CYP","CYP",8,"0","0","0","0","0","0","-","0"
1,"2imvzT",1,60,2025,4,"Algeria","ALG","DZA",48,"Cyprus","CYP","CYP",8,"0","0","0","0","0","0","-","0"
1,"2imvzT",1,61,2021,6,"Angola","ANG","AGO",48,"Cyprus","CYP","CYP","0",15,"0","0","0","0","0","-","0"
1,"2imvzT",1,62,2022,6,"Angola","ANG","AGO",48,"Cyprus","CYP","CYP","0",23,"0","0","0","0","0","-","0"
1,"2imvzT",1,63,2023,6,"Angola","ANG","AGO",48,"Cyprus","CYP","CYP","0",21,"0","0","0","0","0","-","0"
1,"2imvzT",1,64,2024,6,"Angola","ANG","AGO",48,"Cyprus","CYP","CYP","0",12,"0","0","0","0","0","-","0"
1,"2imvzT",1,65,2025,6,"Angola","ANG","AGO",48,"Cyprus","CYP","CYP","0",16,"0","0","0","0","0","-","0"
1,"2imvzT",1,66,2001,8,"Egypt","ARE","EGY",48,"Cyprus","CYP","CYP","0",43,"0","0","0","0","0","-","0"
1,"2imvzT",1,67,2002,8,"Egypt","ARE","EGY",48,"Cyprus","CYP","CYP",10,6,"0","0","0","0","0","-","0"
1,"2imvzT",1,68,2003,8,"Egypt","ARE","EGY",48,"Cyprus","CYP","CYP",10,33,"0","0","0","0","0","-","0"
1,"2imvzT",1,69,2004,8,"Egypt","ARE","EGY",48,"Cyprus","CYP","CYP",11,68,"0","0","0","0","0","-","0"
1,"2imvzT",1,70,2005,8,"Egypt","ARE","EGY",48,"Cyprus","CYP","CYP",15,139,"0","0","0","0","0","-","0"
1,"2imvzT",1,71,2006,8,"Egypt","ARE","EGY",48,"Cyprus","CYP","CYP",19,206,"0","0","0","0","0","-","0"
1,"2imvzT",1,72,2007,8,"Egypt","ARE","EGY",48,"Cyprus","CYP","CYP",21,309,"0","0","0","0","0","-","0"
1,"2imvzT",1,73,2008,8,"Egypt","ARE","EGY",48,"Cyprus","CYP","CYP",21,345,"0","0","0","0","0","-","0"
1,"2imvzT",1,74,2009,8,"Egypt","ARE","EGY",48,"Cyprus","CYP","CYP",26,264,"0","0","0","0","0","-","0"
1,"2imvzT",1,75,2010,8,"Egypt","ARE","EGY",48,"Cyprus","CYP","CYP",48,155,"0","0","0","0","0","-","0"
1,"2imvzT",1,76,2011,8,"Egypt","ARE","EGY",48,"Cyprus","CYP","CYP",54,190,"0","0","0","0","0","-","0"
1,"2imvzT",1,77,2012,8,"Egypt","ARE","EGY",48,"Cyprus","CYP","CYP",58,156,"0","0","0","0","0","-","0"
1,"2imvzT",1,78,2013,8,"Egypt","ARE","EGY",48,"Cyprus","CYP","CYP",75,202,"0","0","0","0","0","-","0"
1,"2imvzT",1,79,2014,8,"Egypt","ARE","EGY",48,"Cyprus","CYP","CYP",77,220,"0","0","0","0","0","-","0"
1,"2imvzT",1,80,2015,8,"Egypt","ARE","EGY",48,"Cyprus","CYP","CYP",84,179,"0","0","0","0","0","-","0"
1,"2imvzT",1,81,2016,8,"Egypt","ARE","EGY",48,"Cyprus","CYP","CYP",88,244,"0","0","0","0","0","-","0"
1,"2imvzT",1,82,2017,8,"Egypt","ARE","EGY",48,"Cyprus","CYP","CYP",98,438,"0","0","0","0","0","-","0"
1,"2imvzT",1,83,2018,8,"Egypt","ARE","EGY",48,"Cyprus","CYP","CYP",110,706,"0","0","0","0","0","-","0"
1,"2imvzT",1,84,2019,8,"Egypt","ARE","EGY",48,"Cyprus","CYP","CYP",115,1007,"0","0","0","0","0","-","0"
1,"2imvzT",1,85,2020,8,"Egypt","ARE","EGY",48,"Cyprus","CYP","CYP",119,842,"0","0","0","0","0","-","0"
1,"2imvzT",1,86,2021,8,"Egypt","ARE","EGY",48,"Cyprus","CYP","CYP",120,477,"0","0","0","0","0","-","0"
1,"2imvzT",1,87,2022,8,"Egypt","ARE","EGY",48,"Cyprus","CYP","CYP",125,321,"0","0","0","0","0","-","0"
1,"2imvzT",1,88,2023,8,"Egypt","ARE","EGY",48,"Cyprus","CYP","CYP",149,219,"0","0","0","0","0","-","0"
1,"2imvzT",1,89,2024,8,"Egypt","ARE","EGY",48,"Cyprus","CYP","CYP",175,126,"0","0","0","0","0","-","0"
1,"2imvzT",1,90,2025,8,"Egypt","ARE","EGY",48,"Cyprus","CYP","CYP",183,107,"0","0","0","0","0","-","0"
1,"2imvzT",1,91,1968,10,"Armenia","ARM","ARM",48,"Cyprus","CYP","CYP",200,"0","0","0","0","0","0","-","0"
1,"2imvzT",1,92,1969,10,"Armenia","ARM","ARM",48,"Cyprus","CYP","CYP",200,"0","0","0","0","0","0","-","0"
1,"2imvzT",1,93,1970,10,"Armenia","ARM","ARM",48,"Cyprus","CYP","CYP",200,"0","0","0","0","0","0","-","0"
1,"2imvzT",1,94,1971,10,"Armenia","ARM","ARM",48,"Cyprus","CYP","CYP",200,"0","0","0","0","0","0","-","0"
1,"2imvzT",1,95,2001,10,"Armenia","ARM","ARM",48,"Cyprus","CYP","CYP","0",5,"0","0","0","0","0","-","0"
1,"2imvzT",1,96,2002,10,"Armenia","ARM","ARM",48,"Cyprus","CYP","CYP","0",5,"0","0","0","0","0","-","0"
1,"2imvzT",1,97,2003,10,"Armenia","ARM","ARM",48,"Cyprus","CYP","CYP","0",53,"0","0","0","0","0","-","0"
1,"2imvzT",1,98,2004,10,"Armenia","ARM","ARM",48,"Cyprus","CYP","CYP","0",176,"0","0","0","0","0","-","0"
1,"2imvzT",1,99,2005,10,"Armenia","ARM","ARM",48,"Cyprus","CYP","CYP",8,257,"0","0","0","0","0","-","0"
1,"2imvzT",1,100,2006,10,"Armenia","ARM","ARM",48,"Cyprus","CYP","CYP",8,270,"0","0","0","0","0","-","0"
1,"2imvzT",1,101,2007,10,"Armenia","ARM","ARM",48,"Cyprus","CYP","CYP",14,130,"0","0","0","0","0","-","0"
1,"2imvzT",1,102,2008,10,"Armenia","ARM","ARM",48,"Cyprus","CYP","CYP",16,41,"0","0","0","0","0","-","0"
1,"2imvzT",1,103,2009,10,"Armenia","ARM","ARM",48,"Cyprus","CYP","CYP",23,35,"0","0","0","0","0","-","0"
1,"2imvzT",1,104,2010,10,"Armenia","ARM","ARM",48,"Cyprus","CYP","CYP",23,38,"0","0","0","0","0","-","0"
1,"2imvzT",1,105,2011,10,"Armenia","ARM","ARM",48,"Cyprus","CYP","CYP",23,24,"0","0","0","0","0","-","0"
1,"2imvzT",1,106,2012,10,"Armenia","ARM","ARM",48,"Cyprus","CYP","CYP",23,10,"0","0","0","0","0","-","0"
1,"2imvzT",1,107,2013,10,"Armenia","ARM","ARM",48,"Cyprus","CYP","CYP",23,6,"0","0","0","0","0","-","0"
1,"2imvzT",1,108,2014,10,"Armenia","ARM","ARM",48,"Cyprus","CYP","CYP",23,9,"0","0","0","0","0","-","0"
1,"2imvzT",1,109,2015,10,"Armenia","ARM","ARM",48,"Cyprus","CYP","CYP",26,9,"0","0","0","0","0","-","0"
1,"2imvzT",1,110,2016,10,"Armenia","ARM","ARM",48,"Cyprus","CYP","CYP",26,20,"0","0","0","0","0","-","0"
1,"2imvzT",1,111,2017,10,"Armenia","ARM","ARM",48,"Cyprus","CYP","CYP",26,20,"0","0","0","0","0","-","0"
1,"2imvzT",1,112,2018,10,"Armenia","ARM","ARM",48,"Cyprus","CYP","CYP",26,21,"0","0","0","0","0","-","0"
1,"2imvzT",1,113,2019,10,"Armenia","ARM","ARM",48,"Cyprus","CYP","CYP",26,21,"0","0","0","0","0","-","0"
1,"2imvzT",1,114,2020,10,"Armenia","ARM","ARM",48,"Cyprus","CYP","CYP",26,18,"0","0","0","0","0","-","0"
1,"2imvzT",1,115,2021,10,"Armenia","ARM","ARM",48,"Cyprus","CYP","CYP",26,16,"0","0","0","0","0","-","0"
1,"2imvzT",1,116,2022,10,"Armenia","ARM","ARM",48,"Cyprus","CYP","CYP",26,19,"0","0","0","0","0","-","0"
1,"2imvzT",1,117,2023,10,"Armenia","ARM","ARM",48,"Cyprus","CYP","CYP",26,17,"0","0","0","0","0","-","0"
1,"2imvzT",1,118,2024,10,"Armenia","ARM","ARM",48,"Cyprus","CYP","CYP",36,12,"0","0","0","0","0","-","0"
1,"2imvzT",1,119,2025,10,"Armenia","ARM","ARM",48,"Cyprus","CYP","CYP",36,5,"0","0","0","0","0","-","0"
1,"2imvzT",1,120,2001,13,"Azerbaijan","AZE","AZE",48,"Cyprus","CYP","CYP","0",5,"0","0","0","0","0","-","0"
1,"2imvzT",1,121,2002,13,"Azerbaijan","AZE","AZE",48,"Cyprus","CYP","CYP","0",5,"0","0","0","0","0","-","0"
1,"2imvzT",1,122,2024,13,"Azerbaijan","AZE","AZE",48,"Cyprus","CYP","CYP",5,"0","0","0","0","0","0","-","0"
1,"2imvzT",1,123,2025,13,"Azerbaijan","AZE","AZE",48,"Cyprus","CYP","CYP",5,"0","0","0","0","0","0","-","0"
1,"2imvzT",1,124,2020,16,"Burundi","BDI","BDI",48,"Cyprus","CYP","CYP","0",5,"0","0","0","0","0","-","0"
1,"2imvzT",1,125,2021,16,"Burundi","BDI","BDI",48,"Cyprus","CYP","CYP","0",11,"0","0","0","0","0","-","0"
1,"2imvzT",1,126,2022,16,"Burundi","BDI","BDI",48,"Cyprus","CYP","CYP","0",59,"0","0","0","0","0","-","0"
1,"2imvzT",1,127,2023,16,"Burundi","BDI","BDI",48,"Cyprus","CYP","CYP",5,99,"0","0","0","0","0","-","0"
1,"2imvzT",1,128,2024,16,"Burundi","BDI","BDI",48,"Cyprus","CYP","CYP",5,98,"0","0","0","0","0","-","0"
1,"2imvzT",1,129,2025,16,"Burundi","BDI","BDI",48,"Cyprus","CYP","CYP",5,110,"0","0","0","0","0","-","0"
1,"2imvzT",1,130,2010,18,"Benin","BEN","BEN",48,"Cyprus","CYP","CYP","0",5,"0","0","0","0","0","-","0"
1,"2imvzT",1,131,2001,20,"Bangladesh","BGD","BGD",48,"Cyprus","CYP","CYP","0",5,"0","0","0","0","0","-","0"
1,"2imvzT",1,132,2002,20,"Bangladesh","BGD","BGD",48,"Cyprus","CYP","CYP","0",5,"0","0","0","0","0","-","0"
1,"2imvzT",1,133,2003,20,"Bangladesh","BGD","BGD",48,"Cyprus","CYP","CYP","0",2088,"0","0","0","0","0","-","0"
1,"2imvzT",1,134,2004,20,"Bangladesh","BGD","BGD",48,"Cyprus","CYP","CYP","0",2141,"0","0","0","0","0","-","0"
1,"2imvzT",1,135,2005,20,"Bangladesh","BGD","BGD",48,"Cyprus","CYP","CYP","0",1568,"0","0","0","0","0","-","0"
1,"2imvzT",1,136,2006,20,"Bangladesh","BGD","BGD",48,"Cyprus","CYP","CYP","0",757,"0","0","0","0","0","-","0"
1,"2imvzT",1,137,2007,20,"Bangladesh","BGD","BGD",48,"Cyprus","CYP","CYP","0",558,"0","0","0","0","0","-","0"
1,"2imvzT",1,138,2008,20,"Bangladesh","BGD","BGD",48,"Cyprus","CYP","CYP","0",91,"0","0","0","0","0","-","0"
1,"2imvzT",1,139,2009,20,"Bangladesh","BGD","BGD",48,"Cyprus","CYP","CYP","0",72,"0","0","0","0","0","-","0"
1,"2imvzT",1,140,2010,20,"Bangladesh","BGD","BGD",48,"Cyprus","CYP","CYP","0",58,"0","0","0","0","0","-","0"
1,"2imvzT",1,141,2011,20,"Bangladesh","BGD","BGD",48,"Cyprus","CYP","CYP","0",72,"0","0","0","0","0","-","0"
1,"2imvzT",1,142,2012,20,"Bangladesh","BGD","BGD",48,"Cyprus","CYP","CYP",5,88,"0","0","0","0","0","-","0"
1,"2imvzT",1,143,2013,20,"Bangladesh","BGD","BGD",48,"Cyprus","CYP","CYP",5,45,"0","0","0","0","0","-","0"
1,"2imvzT",1,144,2014,20,"Bangladesh","BGD","BGD",48,"Cyprus","CYP","CYP",5,34,"0","0","0","0","0","-","0"
1,"2imvzT",1,145,2015,20,"Bangladesh","BGD","BGD",48,"Cyprus","CYP","CYP",5,28,"0","0","0","0","0","-","0"
1,"2imvzT",1,146,2016,20,"Bangladesh","BGD","BGD",48,"Cyprus","CYP","CYP",5,108,"0","0","0","0","0","-","0"
1,"2imvzT",1,147,2017,20,"Bangladesh","BGD","BGD",48,"Cyprus","CYP","CYP",5,274,"0","0","0","0","0","-","0"
1,"2imvzT",1,148,2018,20,"Bangladesh","BGD","BGD",48,"Cyprus","CYP","CYP",5,750,"0","0","0","0","0","-","0"
1,"2imvzT",1,149,2019,20,"Bangladesh","BGD","BGD",48,"Cyprus","CYP","CYP",5,1521,"0","0","0","0","0","-","0"
1,"2imvzT",1,150,2020,20,"Bangladesh","BGD","BGD",48,"Cyprus","CYP","CYP",5,1594,"0","0","0","0","0","-","0"
1,"2imvzT",1,151,2021,20,"Bangladesh","BGD","BGD",48,"Cyprus","CYP","CYP",10,1807,"0","0","0","0","0","-","0"
1,"2imvzT",1,152,2022,20,"Bangladesh","BGD","BGD",48,"Cyprus","CYP","CYP",12,1647,"0","0","0","0","0","-","0"
1,"2imvzT",1,153,2023,20,"Bangladesh","BGD","BGD",48,"Cyprus","CYP","CYP",15,218,"0","0","0","0","0","-","0"
1,"2imvzT",1,154,2024,20,"Bangladesh","BGD","BGD",48,"Cyprus","CYP","CYP",20,70,"0","0","0","0","0","-","0"
1,"2imvzT",1,155,2025,20,"Bangladesh","BGD","BGD",48,"Cyprus","CYP","CYP",25,45,"0","0","0","0","0","-","0"
1,"2imvzT",1,156,2005,23,"Burkina Faso","BKF","BFA",48,"Cyprus","CYP","CYP","0",5,"0","0","0","0","0","-","0"
1,"2imvzT",1,157,2006,23,"Burkina Faso","BKF","BFA",48,"Cyprus","CYP","CYP","0",8,"0","0","0","0","0","-","0"
1,"2imvzT",1,158,2007,23,"Burkina Faso","BKF","BFA",48,"Cyprus","CYP","CYP","0",8,"0","0","0","0","0","-","0"
1,"2imvzT",1,159,2008,23,"Burkina Faso","BKF","BFA",48,"Cyprus","CYP","CYP","0",7,"0","0","0","0","0","-","0"
1,"2imvzT",1,160,2009,23,"Burkina Faso","BKF","BFA",48,"Cyprus","CYP","CYP","0",5,"0","0","0","0","0","-","0"
1,"2imvzT",1,161,2010,23,"Burkina Faso","BKF","BFA",48,"Cyprus","CYP","CYP","0",5,"0","0","0","0","0","-","0"
1,"2imvzT",1,162,2018,23,"Burkina Faso","BKF","BFA",48,"Cyprus","CYP","CYP","0",5,"0","0","0","0","0","-","0"
1,"2imvzT",1,163,2019,23,"Burkina Faso","BKF","BFA",48,"Cyprus","CYP","CYP","0",6,"0","0","0","0","0","-","0"
1,"2imvzT",1,164,2020,23,"Burkina Faso","BKF","BFA",48,"Cyprus","CYP","CYP","0",5,"0","0","0","0","0","-","0"
1,"2imvzT",1,165,2021,23,"Burkina Faso","BKF","BFA",48,"Cyprus","CYP","CYP","0",10,"0","0","0","0","0","-","0"
1,"2imvzT",1,166,2022,23,"Burkina Faso","BKF","BFA",48,"Cyprus","CYP","CYP","0",10,"0","0","0","0","0","-","0"
1,"2imvzT",1,167,2023,23,"Burkina Faso","BKF","BFA",48,"Cyprus","CYP","CYP","0",10,"0","0","0","0","0","-","0"
1,"2imvzT",1,168,2003,24,"Belarus","BLR","BLR",48,"Cyprus","CYP","CYP","0",5,"0","0","0","0","0","-","0"
1,"2imvzT",1,169,2004,24,"Belarus","BLR","BLR",48,"Cyprus","CYP","CYP","0",21,"0","0","0","0","0","-","0"
1,"2imvzT",1,170,2005,24,"Belarus","BLR","BLR",48,"Cyprus","CYP","CYP","0",29,"0","0","0","0","0","-","0"
1,"2imvzT",1,171,2006,24,"Belarus","BLR","BLR",48,"Cyprus","CYP","CYP","0",28,"0","0","0","0","0","-","0"
1,"2imvzT",1,172,2007,24,"Belarus","BLR","BLR",48,"Cyprus","CYP","CYP","0",7,"0","0","0","0","0","-","0"
1,"2imvzT",1,173,2018,24,"Belarus","BLR","BLR",48,"Cyprus","CYP","CYP","0",5,"0","0","0","0","0","-","0"
1,"2imvzT",1,174,2019,24,"Belarus","BLR","BLR",48,"Cyprus","CYP","CYP","0",6,"0","0","0","0","0","-","0"
1,"2imvzT",1,175,2020,24,"Belarus","BLR","BLR",48,"Cyprus","CYP","CYP","0",5,"0","0","0","0","0","-","0"
1,"2imvzT",1,176,2021,24,"Belarus","BLR","BLR",48,"Cyprus","CYP","CYP","0",6,"0","0","0","0","0","-","0"
1,"2imvzT",1,177,2022,24,"Belarus","BLR","BLR",48,"Cyprus","CYP","CYP","0",6,"0","0","0","0","0","-","0"
1,"2imvzT",1,178,2023,24,"Belarus","BLR","BLR",48,"Cyprus","CYP","CYP","0",5,"0","0","0","0","0","-","0"
1,"2imvzT",1,179,2024,24,"Belarus","BLR","BLR",48,"Cyprus","CYP","CYP",27,"0","0","0","0","0","0","-","0"
1,"2imvzT",1,180,2025,24,"Belarus","BLR","BLR",48,"Cyprus","CYP","CYP",32,"0","0","0","0","0","0","-","0"
1,"2imvzT",1,181,1993,29,"Bosnia and Herzegovina","BSN","BIH",48,"Cyprus","CYP","CYP",42,"0","0","0","0","0","0","-","0"
1,"2imvzT",1,182,1994,29,"Bosnia and Herzegovina","BSN","BIH",48,"Cyprus","CYP","CYP",51,"0","0","0","0","0","0","-","0"
1,"2imvzT",1,183,1995,29,"Bosnia and Herzegovina","BSN","BIH",48,"Cyprus","CYP","CYP",43,"0","0","0","0","0","0","-","0"
1,"2imvzT",1,184,1996,29,"Bosnia and Herzegovina","BSN","BIH",48,"Cyprus","CYP","CYP",11,"0",22,"0","0","0","0","-","0"
1,"2imvzT",1,185,1997,29,"Bosnia and Herzegovina","BSN","BIH",48,"Cyprus","CYP","CYP",9,"0",6,"0","0","0","0","-","0"
1,"2imvzT",1,186,1998,29,"Bosnia and Herzegovina","BSN","BIH",48,"Cyprus","CYP","CYP",5,"0","0","0","0","0","0","-","0"
1,"2imvzT",1,187,1999,29,"Bosnia and Herzegovina","BSN","BIH",48,"Cyprus","CYP","CYP",5,"0","0","0","0","0","0","-","0"
1,"2imvzT",1,188,2000,29,"Bosnia and Herzegovina","BSN","BIH",48,"Cyprus","CYP","CYP",5,6,"0","0","0","0","0","-","0"
1,"2imvzT",1,189,2001,29,"Bosnia and Herzegovina","BSN","BIH",48,"Cyprus","CYP","CYP",5,28,"0","0","0","0","0","-","0"
1,"2imvzT",1,190,2002,29,"Bosnia and Herzegovina","BSN","BIH",48,"Cyprus","CYP","CYP",5,33,"0","0","0","0","0","-","0"
1,"2imvzT",1,191,2003,29,"Bosnia and Herzegovina","BSN","BIH",48,"Cyprus","CYP","CYP",15,10,"0","0","0","0","0","-","0"
1,"2imvzT",1,192,2004,29,"Bosnia and Herzegovina","BSN","BIH",48,"Cyprus","CYP","CYP",15,15,"0","0","0","0","0","-","0"
1,"2imvzT",1,193,2005,29,"Bosnia and Herzegovina","BSN","BIH",48,"Cyprus","CYP","CYP",15,19,"0","0","0","0","0","-","0"
1,"2imvzT",1,194,2006,29,"Bosnia and Herzegovina","BSN","BIH",48,"Cyprus","CYP","CYP",15,25,"0","0","0","0","0","-","0"
1,"2imvzT",1,195,2007,29,"Bosnia and Herzegovina","BSN","BIH",48,"Cyprus","CYP","CYP",15,25,"0","0","0","0","0","-","0"
1,"2imvzT",1,196,2008,29,"Bosnia and Herzegovina","BSN","BIH",48,"Cyprus","CYP","CYP",15,25,"0","0","0","0","0","-","0"
1,"2imvzT",1,197,2009,29,"Bosnia and Herzegovina","BSN","BIH",48,"Cyprus","CYP","CYP",15,12,"0","0","0","0","0","-","0"
1,"2imvzT",1,198,2010,29,"Bosnia and Herzegovina","BSN","BIH",48,"Cyprus","CYP","CYP",15,21,"0","0","0","0","0","-","0"
1,"2imvzT",1,199,2011,29,"Bosnia and Herzegovina","BSN","BIH",48,"Cyprus","CYP","CYP",15,26,"0","0","0","0","0","-","0"
1,"2imvzT",1,200,2012,29,"Bosnia and Herzegovina","BSN","BIH",48,"Cyprus","CYP","CYP",15,5,"0","0","0","0","0","-","0"
1,"2imvzT",1,201,2013,29,"Bosnia and Herzegovina","BSN","BIH",48,"Cyprus","CYP","CYP",15,"0","0","0","0","0","0","-","0"
1,"2imvzT",1,202,2014,29,"Bosnia and Herzegovina","BSN","BIH",48,"Cyprus","CYP","CYP",15,"0","0","0","0","0","0","-","0"
1,"2imvzT",1,203,2015,29,"Bosnia and Herzegovina","BSN","BIH",48,"Cyprus","CYP","CYP",15,"0","0","0","0","0","0","-","0"
1,"2imvzT",1,204,2016,29,"Bosnia and Herzegovina","BSN","BIH",48,"Cyprus","CYP","CYP",15,"0","0","0","0","0","0","-","0"
1,"2imvzT",1,205,2017,29,"Bosnia and Herzegovina","BSN","BIH",48,"Cyprus","CYP","CYP",15,"0","0","0","0","0","0","-","0"
1,"2imvzT",1,206,2018,29,"Bosnia and Herzegovina","BSN","BIH",48,"Cyprus","CYP","CYP",15,"0","0","0","0","0","0","-","0"
1,"2imvzT",1,207,2019,29,"Bosnia and Herzegovina","BSN","BIH",48,"Cyprus","CYP","CYP",15,"0","0","0","0","0","0","-","0"
1,"2imvzT",1,208,2020,29,"Bosnia and Herzegovina","BSN","BIH",48,"Cyprus","CYP","CYP",15,"0","0","0","0","0","0","-","0"
1,"2imvzT",1,209,2021,29,"Bosnia and Herzegovina","BSN","BIH",48,"Cyprus","CYP","CYP",15,"0","0","0","0","0","0","-","0"
1,"2imvzT",1,210,2022,29,"Bosnia and Herzegovina","BSN","BIH",48,"Cyprus","CYP","CYP",15,"0","0","0","0","0","0","-","0"
1,"2imvzT",1,211,2023,29,"Bosnia and Herzegovina","BSN","BIH",48,"Cyprus","CYP","CYP",15,"0","0","0","0","0","0","-","0"
1,"2imvzT",1,212,2024,29,"Bosnia and Herzegovina","BSN","BIH",48,"Cyprus","CYP","CYP",15,"0","0","0","0","0","0","-","0"
1,"2imvzT",1,213,2025,29,"Bosnia and Herzegovina","BSN","BIH",48,"Cyprus","CYP","CYP",15,"0","0","0","0","0","0","-","0"
1,"2imvzT",1,214,2002,30,"Bulgaria","BUL","BGR",48,"Cyprus","CYP","CYP","0",5,"0","0","0","0","0","-","0"
1,"2imvzT",1,215,2004,30,"Bulgaria","BUL","BGR",48,"Cyprus","CYP","CYP","0",22,"0","0","0","0","0","-","0"
1,"2imvzT",1,216,2005,30,"Bulgaria","BUL","BGR",48,"Cyprus","CYP","CYP","0",78,"0","0","0","0","0","-","0"
1,"2imvzT",1,217,2006,30,"Bulgaria","BUL","BGR",48,"Cyprus","CYP","CYP","0",99,"0","0","0","0","0","-","0"
1,"2imvzT",1,218,2025,33,"Canada","CAN","CAN",48,"Cyprus","CYP","CYP",10,"0","0","0","0","0","0","-","0"
1,"2imvzT",1,219,2021,34,"Central African Rep.","CAR","CAF",48,"Cyprus","CYP","CYP","0",5,"0","0","0","0","0","-","0"
1,"2imvzT",1,220,2023,34,"Central African Rep.","CAR","CAF",48,"Cyprus","CYP","CYP","0",5,"0","0","0","0","0","-","0"
1,"2imvzT",1,221,2024,34,"Central African Rep.","CAR","CAF",48,"Cyprus","CYP","CYP",5,5,"0","0","0","0","0","-","0"
1,"2imvzT",1,222,2025,34,"Central African Rep.","CAR","CAF",48,"Cyprus","CYP","CYP",6,"0","0","0","0","0","0","-","0"
1,"2imvzT",1,223,2002,37,"China","CHI","CHN",48,"Cyprus","CYP","CYP","0",5,"0","0","0","0","0","-","0"
1,"2imvzT",1,224,2003,37,"China","CHI","CHN",48,"Cyprus","CYP","CYP","0",5,"0","0","0","0","0","-","0"
1,"2imvzT",1,225,2004,37,"China","CHI","CHN",48,"Cyprus","CYP","CYP","0",331,"0","0","0","0","0","-","0"
1,"2imvzT",1,226,2005,37,"China","CHI","CHN",48,"Cyprus","CYP","CYP","0",326,"0","0","0","0","0","-","0"
1,"2imvzT",1,227,2006,37,"China","CHI","CHN",48,"Cyprus","CYP","CYP","0",282,"0","0","0","0","0","-","0"
1,"2imvzT",1,228,2007,37,"China","CHI","CHN",48,"Cyprus","CYP","CYP","0",331,"0","0","0","0","0","-","0"
1,"2imvzT",1,229,2008,37,"China","CHI","CHN",48,"Cyprus","CYP","CYP","0",221,"0","0","0","0","0","-","0"
1,"2imvzT",1,230,2009,37,"China","CHI","CHN",48,"Cyprus","CYP","CYP","0",134,"0","0","0","0","0","-","0"
1,"2imvzT",1,231,2010,37,"China","CHI","CHN",48,"Cyprus","CYP","CYP",5,49,"0","0","0","0","0","-","0"
1,"2imvzT",1,232,2011,37,"China","CHI","CHN",48,"Cyprus","CYP","CYP",5,23,"0","0","0","0","0","-","0"
1,"2imvzT",1,233,2012,37,"China","CHI","CHN",48,"Cyprus","CYP","CYP",5,"0","0","0","0","0","0","-","0"
1,"2imvzT",1,234,2013,37,"China","CHI","CHN",48,"Cyprus","CYP","CYP",5,"0","0","0","0","0","0","-","0"
1,"2imvzT",1,235,2014,37,"China","CHI","CHN",48,"Cyprus","CYP","CYP",5,5,"0","0","0","0","0","-","0"
1,"2imvzT",1,236,2015,37,"China","CHI","CHN",48,"Cyprus","CYP","CYP",5,10,"0","0","0","0","0","-","0"
1,"2imvzT",1,237,2016,37,"China","CHI","CHN",48,"Cyprus","CYP","CYP",5,10,"0","0","0","0","0","-","0"
1,"2imvzT",1,238,2017,37,"China","CHI","CHN",48,"Cyprus","CYP","CYP",5,5,"0","0","0","0","0","-","0"
1,"2imvzT",1,239,2018,37,"China","CHI","CHN",48,"Cyprus","CYP","CYP",5,7,"0","0","0","0","0","-","0"
1,"2imvzT",1,240,2019,37,"China","CHI","CHN",48,"Cyprus","CYP","CYP",5,9,"0","0","0","0","0","-","0"
1,"2imvzT",1,241,2020,37,"China","CHI","CHN",48,"Cyprus","CYP","CYP",5,9,"0","0","0","0","0","-","0"
1,"2imvzT",1,242,2021,37,"China","CHI","CHN",48,"Cyprus","CYP","CYP",5,9,"0","0","0","0","0","-","0"
1,"2imvzT",1,243,2022,37,"China","CHI","CHN",48,"Cyprus","CYP","CYP",5,13,"0","0","0","0","0","-","0"
1,"2imvzT",1,244,2023,37,"China","CHI","CHN",48,"Cyprus","CYP","CYP",5,5,"0","0","0","0","0","-","0"
1,"2imvzT",1,245,2024,37,"China","CHI","CHN",48,"Cyprus","CYP","CYP",5,5,"0","0","0","0","0","-","0"
1,"2imvzT",1,246,2025,37,"China","CHI","CHN",48,"Cyprus","CYP","CYP",5,5,"0","0","0","0","0","-","0"
1,"2imvzT",1,247,2001,39,"Cameroon","CMR","CMR",48,"Cyprus","CYP","CYP","0",8,"0","0","0","0","0","-","0"
1,"2imvzT",1,248,2002,39,"Cameroon","CMR","CMR",48,"Cyprus","CYP","CYP","0",8,"0","0","0","0","0","-","0"
1,"2imvzT",1,249,2004,39,"Cameroon","CMR","CMR",48,"Cyprus","CYP","CYP","0",5,"0","0","0","0","0","-","0"
1,"2imvzT",1,250,2005,39,"Cameroon","CMR","CMR",48,"Cyprus","CYP","CYP",5,28,"0","0","0","0","0","-","0"
1,"2imvzT",1,251,2006,39,"Cameroon","CMR","CMR",48,"Cyprus","CYP","CYP",6,113,"0","0","0","0","0","-","0"
1,"2imvzT",1,252,2007,39,"Cameroon","CMR","CMR",48,"Cyprus","CYP","CYP",6,148,"0","0","0","0","0","-","0"
1,"2imvzT",1,253,2008,39,"Cameroon","CMR","CMR",48,"Cyprus","CYP","CYP",6,110,"0","0","0","0","0","-","0"
1,"2imvzT",1,254,2009,39,"Cameroon","CMR","CMR",48,"Cyprus","CYP","CYP",6,137,"0","0","0","0","0","-","0"
1,"2imvzT",1,255,2010,39,"Cameroon","CMR","CMR",48,"Cyprus","CYP","CYP",7,176,"0","0","0","0","0","-","0"
1,"2imvzT",1,256,2011,39,"Cameroon","CMR","CMR",48,"Cyprus","CYP","CYP",8,73,"0","0","0","0","0","-","0"
1,"2imvzT",1,257,2012,39,"Cameroon","CMR","CMR",48,"Cyprus","CYP","CYP",8,32,"0","0","0","0","0","-","0"
1,"2imvzT",1,258,2013,39,"Cameroon","CMR","CMR",48,"Cyprus","CYP","CYP",11,34,"0","0","0","0","0","-","0"
1,"2imvzT",1,259,2014,39,"Cameroon","CMR","CMR",48,"Cyprus","CYP","CYP",11,27,"0","0","0","0","0","-","0"
1,"2imvzT",1,260,2015,39,"Cameroon","CMR","CMR",48,"Cyprus","CYP","CYP",19,22,"0","0","0","0","0","-","0"
1,"2imvzT",1,261,2016,39,"Cameroon","CMR","CMR",48,"Cyprus","CYP","CYP",25,95,"0","0","0","0","0","-","0"
1,"2imvzT",1,262,2017,39,"Cameroon","CMR","CMR",48,"Cyprus","CYP","CYP",32,185,"0","0","0","0","0","-","0"
1,"2imvzT",1,263,2018,39,"Cameroon","CMR","CMR",48,"Cyprus","CYP","CYP",59,660,"0","0","0","0","0","-","0"
1,"2imvzT",1,264,2019,39,"Cameroon","CMR","CMR",48,"Cyprus","CYP","CYP",67,1817,"0","0","0","0","0","-","0"
1,"2imvzT",1,265,2020,39,"Cameroon","CMR","CMR",48,"Cyprus","CYP","CYP",83,2350,"0","0","0","0","0","-","0"
1,"2imvzT",1,266,2021,39,"Cameroon","CMR","CMR",48,"Cyprus","CYP","CYP",131,2826,"0","0","0","0","0","-","0"
1,"2imvzT",1,267,2022,39,"Cameroon","CMR","CMR",48,"Cyprus","CYP","CYP",188,3465,"0","0","0","0","0","-","0"
1,"2imvzT",1,268,2023,39,"Cameroon","CMR","CMR",48,"Cyprus","CYP","CYP",289,2911,"0","0","0","0","0","-","0"
1,"2imvzT",1,269,2024,39,"Cameroon","CMR","CMR",48,"Cyprus","CYP","CYP",563,2133,"0","0","0","0","0","-","0"
1,"2imvzT",1,270,2025,39,"Cameroon","CMR","CMR",48,"Cyprus","CYP","CYP",573,1884,"0","0","0","0","0","-","0"
1,"2imvzT",1,271,2016,40,"Congo","COB","COG",48,"Cyprus","CYP","CYP","0",9,"0","0","0","0","0","-","0"
1,"2imvzT",1,272,2017,40,"Congo","COB","COG",48,"Cyprus","CYP","CYP",5,32,"0","0","0","0","0","-","0"
1,"2imvzT",1,273,2018,40,"Congo","COB","COG",48,"Cyprus","CYP","CYP",6,32,"0","0","0","0","0","-","0"
1,"2imvzT",1,274,2019,40,"Congo","COB","COG",48,"Cyprus","CYP","CYP",10,60,"0","0","0","0","0","-","0"
1,"2imvzT",1,275,2020,40,"Congo","COB","COG",48,"Cyprus","CYP","CYP",10,88,"0","0","0","0","0","-","0"
1,"2imvzT",1,276,2021,40,"Congo","COB","COG",48,"Cyprus","CYP","CYP",10,160,"0","0","0","0","0","-","0"
1,"2imvzT",1,277,2022,40,"Congo","COB","COG",48,"Cyprus","CYP","CYP",12,210,"0","0","0","0","0","-","0"
1,"2imvzT",1,278,2023,40,"Congo","COB","COG",48,"Cyprus","CYP","CYP",15,209,"0","0","0","0","0","-","0"
1,"2imvzT",1,279,2024,40,"Congo","COB","COG",48,"Cyprus","CYP","CYP",22,138,"0","0","0","0","0","-","0"
1,"2imvzT",1,280,2025,40,"Congo","COB","COG",48,"Cyprus","CYP","CYP",24,129,"0","0","0","0","0","-","0"
1,"2imvzT",1,281,2004,41,"Dem. Rep. of the Congo","COD","COD",48,"Cyprus","CYP","CYP","0",14,"0","0","0","0","0","-","0"
1,"2imvzT",1,282,2005,41,"Dem. Rep. of the Congo","COD","COD",48,"Cyprus","CYP","CYP",8,39,"0","0","0","0","0","-","0"
1,"2imvzT",1,283,2006,41,"Dem. Rep. of the Congo","COD","COD",48,"Cyprus","CYP","CYP",8,50,"0","0","0","0","0","-","0"
1,"2imvzT",1,284,2007,41,"Dem. Rep. of the Congo","COD","COD",48,"Cyprus","CYP","CYP",8,48,"0","0","0","0","0","-","0"
1,"2imvzT",1,285,2008,41,"Dem. Rep. of the Congo","COD","COD",48,"Cyprus","CYP","CYP",8,43,"0","0","0","0","0","-","0"
1,"2imvzT",1,286,2009,41,"Dem. Rep. of the Congo","COD","COD",48,"Cyprus","CYP","CYP",8,34,"0","0","0","0","0","-","0"
1,"2imvzT",1,287,2010,41,"Dem. Rep. of the Congo","COD","COD",48,"Cyprus","CYP","CYP",12,32,"0","0","0","0","0","-","0"
1,"2imvzT",1,288,2011,41,"Dem. Rep. of the Congo","COD","COD",48,"Cyprus","CYP","CYP",12,29,"0","0","0","0","0","-","0"
1,"2imvzT",1,289,2012,41,"Dem. Rep. of the Congo","COD","COD",48,"Cyprus","CYP","CYP",12,35,"0","0","0","0","0","-","0"
1,"2imvzT",1,290,2013,41,"Dem. Rep. of the Congo","COD","COD",48,"Cyprus","CYP","CYP",12,18,"0","0","0","0","0","-","0"
1,"2imvzT",1,291,2014,41,"Dem. Rep. of the Congo","COD","COD",48,"Cyprus","CYP","CYP",13,13,"0","0","0","0","0","-","0"
1,"2imvzT",1,292,2015,41,"Dem. Rep. of the Congo","COD","COD",48,"Cyprus","CYP","CYP",17,21,"0","0","0","0","0","-","0"
1,"2imvzT",1,293,2016,41,"Dem. Rep. of the Congo","COD","COD",48,"Cyprus","CYP","CYP",17,28,"0","0","0","0","0","-","0"
1,"2imvzT",1,294,2017,41,"Dem. Rep. of the Congo","COD","COD",48,"Cyprus","CYP","CYP",17,36,"0","0","0","0","0","-","0"
1,"2imvzT",1,295,2018,41,"Dem. Rep. of the Congo","COD","COD",48,"Cyprus","CYP","CYP",21,120,"0","0","0","0","0","-","0"
1,"2imvzT",1,296,2019,41,"Dem. Rep. of the Congo","COD","COD",48,"Cyprus","CYP","CYP",25,418,"0","0","0","0","0","-","0"
1,"2imvzT",1,297,2020,41,"Dem. Rep. of the Congo","COD","COD",48,"Cyprus","CYP","CYP",25,771,"0","0","0","0","0","-","0"
1,"2imvzT",1,298,2021,41,"Dem. Rep. of the Congo","COD","COD",48,"Cyprus","CYP","CYP",36,2313,"0","0","0","0","0","-","0"
1,"2imvzT",1,299,2022,41,"Dem. Rep. of the Congo","COD","COD",48,"Cyprus","CYP","CYP",51,4682,"0","0","0","0","0","-","0"
1,"2imvzT",1,300,2023,41,"Dem. Rep. of the Congo","COD","COD",48,"Cyprus","CYP","CYP",92,4222,"0","0","0","0","0","-","0"
1,"2imvzT",1,301,2024,41,"Dem. Rep. of the Congo","COD","COD",48,"Cyprus","CYP","CYP",177,3259,"0","0","0","0","0","-","0"
1,"2imvzT",1,302,2025,41,"Dem. Rep. of the Congo","COD","COD",48,"Cyprus","CYP","CYP",190,2965,"0","0","0","0","0","-","0"
1,"2imvzT",1,303,2012,42,"Comoros","COI","COM",48,"Cyprus","CYP","CYP","0",5,"0","0","0","0","0","-","0"
1,"2imvzT",1,304,2013,42,"Comoros","COI","COM",48,"Cyprus","CYP","CYP","0",5,"0","0","0","0","0","-","0"
1,"2imvzT",1,305,2014,42,"Comoros","COI","COM",48,"Cyprus","CYP","CYP","0",7,"0","0","0","0","0","-","0"
1,"2imvzT",1,306,2015,42,"Comoros","COI","COM",48,"Cyprus","CYP","CYP","0",5,"0","0","0","0","0","-","0"
1,"2imvzT",1,307,2019,42,"Comoros","COI","COM",48,"Cyprus","CYP","CYP","0",5,"0","0","0","0","0","-","0"
1,"2imvzT",1,308,2020,42,"Comoros","COI","COM",48,"Cyprus","CYP","CYP","0",7,"0","0","0","0","0","-","0"
1,"2imvzT",1,309,2021,42,"Comoros","COI","COM",48,"Cyprus","CYP","CYP","0",11,"0","0","0","0","0","-","0"
1,"2imvzT",1,310,2022,42,"Comoros","COI","COM",48,"Cyprus","CYP","CYP","0",9,"0","0","0","0","0","-","0"
1,"2imvzT",1,311,2023,42,"Comoros","COI","COM",48,"Cyprus","CYP","CYP","0",10,"0","0","0","0","0","-","0"
1,"2imvzT",1,312,2022,44,"Colombia","COL","COL",48,"Cyprus","CYP","CYP","0",5,"0","0","0","0","0","-","0"
1,"2imvzT",1,313,2023,44,"Colombia","COL","COL",48,"Cyprus","CYP","CYP","0",5,"0","0","0","0","0","-","0"
1,"2imvzT",1,314,2024,44,"Colombia","COL","COL",48,"Cyprus","CYP","CYP","0",5,"0","0","0","0","0","-","0"
1,"2imvzT",1,315,2011,46,"Cuba","CUB","CUB",48,"Cyprus","CYP","CYP","0",5,"0","0","0","0","0","-","0"
1,"2imvzT",1,316,2017,46,"Cuba","CUB","CUB",48,"Cyprus","CYP","CYP","0",5,"0","0","0","0","0","-","0"
1,"2imvzT",1,317,2018,46,"Cuba","CUB","CUB",48,"Cyprus","CYP","CYP","0",5,"0","0","0","0","0","-","0"
1,"2imvzT",1,318,2019,46,"Cuba","CUB","CUB",48,"Cyprus","CYP","CYP","0",5,"0","0","0","0","0","-","0"
1,"2imvzT",1,319,2023,46,"Cuba","CUB","CUB",48,"Cyprus","CYP","CYP",5,"0","0","0","0","0","0","-","0"
1,"2imvzT",1,320,2024,46,"Cuba","CUB","CUB",48,"Cyprus","CYP","CYP",5,"0","0","0","0","0","0","-","0"
1,"2imvzT",1,321,2025,46,"Cuba","CUB","CUB",48,"Cyprus","CYP","CYP",5,"0","0","0","0","0","0","-","0"
1,"2imvzT",1,322,1977,48,"Cyprus","CYP","CYP",48,"Cyprus","CYP","CYP",700,"0","0","0","0","0","0","-","0"
1,"2imvzT",1,323,1993,48,"Cyprus","CYP","CYP",48,"Cyprus","CYP","CYP","0","0","0",265000,"0","0","0","-","0"
1,"2imvzT",1,324,1994,48,"Cyprus","CYP","CYP",48,"Cyprus","CYP","CYP","0","0","0",265000,"0","0","0","-","0"
1,"2imvzT",1,325,1995,48,"Cyprus","CYP","CYP",48,"Cyprus","CYP","CYP","0","0","0",265000,"0","0","0","-","0"
1,"2imvzT",1,326,1996,48,"Cyprus","CYP","CYP",48,"Cyprus","CYP","CYP","0","0","0",265000,"0","0","0","-","0"
1,"2imvzT",1,327,1997,48,"Cyprus","CYP","CYP",48,"Cyprus","CYP","CYP","0","0","0",265000,"0","0","0","-","0"
1,"2imvzT",1,328,1998,48,"Cyprus","CYP","CYP",48,"Cyprus","CYP","CYP","0","0","0",265000,"0","0","0","-","0"
1,"2imvzT",1,329,2021,51,"Djibouti","DJB","DJI",48,"Cyprus","CYP","CYP","0",9,"0","0","0","0","0","-","0"
1,"2imvzT",1,330,2022,51,"Djibouti","DJB","DJI",48,"Cyprus","CYP","CYP","0",12,"0","0","0","0","0","-","0"
1,"2imvzT",1,331,2023,51,"Djibouti","DJB","DJI",48,"Cyprus","CYP","CYP",5,10,"0","0","0","0","0","-","0"
1,"2imvzT",1,332,2024,51,"Djibouti","DJB","DJI",48,"Cyprus","CYP","CYP",5,13,"0","0","0","0","0","-","0"
1,"2imvzT",1,333,2025,51,"Djibouti","DJB","DJI",48,"Cyprus","CYP","CYP",5,11,"0","0","0","0","0","-","0"
1,"2imvzT",1,334,2016,53,"Dominican Rep.","DOM","DOM",48,"Cyprus","CYP","CYP","0",5,"0","0","0","0","0","-","0"
1,"2imvzT",1,335,2023,53,"Dominican Rep.","DOM","DOM",48,"Cyprus","CYP","CYP","0",5,"0","0","0","0","0","-","0"
1,"2imvzT",1,336,2024,53,"Dominican Rep.","DOM","DOM",48,"Cyprus","CYP","CYP","0",5,"0","0","0","0","0","-","0"
1,"2imvzT",1,337,2005,56,"Eritrea","ERT","ERI",48,"Cyprus","CYP","CYP","0",5,"0","0","0","0","0","-","0"
1,"2imvzT",1,338,2006,56,"Eritrea","ERT","ERI",48,"Cyprus","CYP","CYP","0",5,"0","0","0","0","0","-","0"
1,"2imvzT",1,339,2007,56,"Eritrea","ERT","ERI",48,"Cyprus","CYP","CYP","0",5,"0","0","0","0","0","-","0"
1,"2imvzT",1,340,2008,56,"Eritrea","ERT","ERI",48,"Cyprus","CYP","CYP","0",5,"0","0","0","0","0","-","0"
1,"2imvzT",1,341,2013,56,"Eritrea","ERT","ERI",48,"Cyprus","CYP","CYP",5,"0","0","0","0","0","0","-","0"
1,"2imvzT",1,342,2014,56,"Eritrea","ERT","ERI",48,"Cyprus","CYP","CYP",5,"0","0","0","0","0","0","-","0"
1,"2imvzT",1,343,2015,56,"Eritrea","ERT","ERI",48,"Cyprus","CYP","CYP",5,"0","0","0","0","0","0","-","0"
1,"2imvzT",1,344,2016,56,"Eritrea","ERT","ERI",48,"Cyprus","CYP","CYP",8,9,"0","0","0","0","0","-","0"
1,"2imvzT",1,345,2017,56,"Eritrea","ERT","ERI",48,"Cyprus","CYP","CYP",53,"0","0","0","0","0","0","-","0"
1,"2imvzT",1,346,2018,56,"Eritrea","ERT","ERI",48,"Cyprus","CYP","CYP",53,"0","0","0","0","0","0","-","0"
1,"2imvzT",1,347,2019,56,"Eritrea","ERT","ERI",48,"Cyprus","CYP","CYP",53,5,"0","0","0","0","0","-","0"
1,"2imvzT",1,348,2020,56,"Eritrea","ERT","ERI",48,"Cyprus","CYP","CYP",53,5,"0","0","0","0","0","-","0"
1,"2imvzT",1,349,2021,56,"Eritrea","ERT","ERI",48,"Cyprus","CYP","CYP",53,5,"0","0","0","0","0","-","0"
1,"2imvzT",1,350,2022,56,"Eritrea","ERT","ERI",48,"Cyprus","CYP","CYP",54,"0","0","0","0","0","0","-","0"
1,"2imvzT",1,351,2023,56,"Eritrea","ERT","ERI",48,"Cyprus","CYP","CYP",56,"0","0","0","0","0","0","-","0"
1,"2imvzT",1,352,2024,56,"Eritrea","ERT","ERI",48,"Cyprus","CYP","CYP",55,"0","0","0","0","0","0","-","0"
1,"2imvzT",1,353,2025,56,"Eritrea","ERT","ERI",48,"Cyprus","CYP","CYP",55,"0","0","0","0","0","0","-","0"
1,"2imvzT",1,354,2004,58,"Ethiopia","ETH","ETH",48,"Cyprus","CYP","CYP","0",8,"0","0","0","0","0","-","0"
1,"2imvzT",1,355,2005,58,"Ethiopia","ETH","ETH",48,"Cyprus","CYP","CYP",5,10,"0","0","0","0","0","-","0"
1,"2imvzT",1,356,2006,58,"Ethiopia","ETH","ETH",48,"Cyprus","CYP","CYP",5,9,"0","0","0","0","0","-","0"
1,"2imvzT",1,357,2007,58,"Ethiopia","ETH","ETH",48,"Cyprus","CYP","CYP",5,10,"0","0","0","0","0","-","0"
1,"2imvzT",1,358,2008,58,"Ethiopia","ETH","ETH",48,"Cyprus","CYP","CYP",5,12,"0","0","0","0","0","-","0"
1,"2imvzT",1,359,2009,58,"Ethiopia","ETH","ETH",48,"Cyprus","CYP","CYP",5,16,"0","0","0","0","0","-","0"
1,"2imvzT",1,360,2010,58,"Ethiopia","ETH","ETH",48,"Cyprus","CYP","CYP",5,21,"0","0","0","0","0","-","0"
1,"2imvzT",1,361,2011,58,"Ethiopia","ETH","ETH",48,"Cyprus","CYP","CYP",5,13,"0","0","0","0","0","-","0"
1,"2imvzT",1,362,2012,58,"Ethiopia","ETH","ETH",48,"Cyprus","CYP","CYP",5,"0","0","0","0","0","0","-","0"
1,"2imvzT",1,363,2013,58,"Ethiopia","ETH","ETH",48,"Cyprus","CYP","CYP",5,5,"0","0","0","0","0","-","0"
1,"2imvzT",1,364,2014,58,"Ethiopia","ETH","ETH",48,"Cyprus","CYP","CYP",5,5,"0","0","0","0","0","-","0"
1,"2imvzT",1,365,2015,58,"Ethiopia","ETH","ETH",48,"Cyprus","CYP","CYP",5,7,"0","0","0","0","0","-","0"
1,"2imvzT",1,366,2016,58,"Ethiopia","ETH","ETH",48,"Cyprus","CYP","CYP",5,18,"0","0","0","0","0","-","0"
1,"2imvzT",1,367,2017,58,"Ethiopia","ETH","ETH",48,"Cyprus","CYP","CYP",5,18,"0","0","0","0","0","-","0"
1,"2imvzT",1,368,2018,58,"Ethiopia","ETH","ETH",48,"Cyprus","CYP","CYP",10,13,"0","0","0","0","0","-","0"
1,"2imvzT",1,369,2019,58,"Ethiopia","ETH","ETH",48,"Cyprus","CYP","CYP",10,13,"0","0","0","0","0","-","0"
1,"2imvzT",1,370,2020,58,"Ethiopia","ETH","ETH",48,"Cyprus","CYP","CYP",10,14,"0","0","0","0","0","-","0"
1,"2imvzT",1,371,2021,58,"Ethiopia","ETH","ETH",48,"Cyprus","CYP","CYP",10,14,"0","0","0","0","0","-","0"
1,"2imvzT",1,372,2022,58,"Ethiopia","ETH","ETH",48,"Cyprus","CYP","CYP",10,27,"0","0","0","0","0","-","0"
1,"2imvzT",1,373,2023,58,"Ethiopia","ETH","ETH",48,"Cyprus","CYP","CYP",12,28,"0","0","0","0","0","-","0"
1,"2imvzT",1,374,2024,58,"Ethiopia","ETH","ETH",48,"Cyprus","CYP","CYP",18,17,"0","0","0","0","0","-","0"
1,"2imvzT",1,375,2025,58,"Ethiopia","ETH","ETH",48,"Cyprus","CYP","CYP",18,18,"0","0","0","0","0","-","0"
1,"2imvzT",1,376,2021,67,"Gabon","GAB","GAB",48,"Cyprus","CYP","CYP","0",5,"0","0","0","0","0","-","0"
1,"2imvzT",1,377,2016,68,"Gambia","GAM","GMB",48,"Cyprus","CYP","CYP","0",19,"0","0","0","0","0","-","0"
1,"2imvzT",1,378,2017,68,"Gambia","GAM","GMB",48,"Cyprus","CYP","CYP","0",39,"0","0","0","0","0","-","0"
1,"2imvzT",1,379,2018,68,"Gambia","GAM","GMB",48,"Cyprus","CYP","CYP",5,58,"0","0","0","0","0","-","0"
1,"2imvzT",1,380,2019,68,"Gambia","GAM","GMB",48,"Cyprus","CYP","CYP",5,68,"0","0","0","0","0","-","0"
1,"2imvzT",1,381,2020,68,"Gambia","GAM","GMB",48,"Cyprus","CYP","CYP",6,56,"0","0","0","0","0","-","0"
1,"2imvzT",1,382,2021,68,"Gambia","GAM","GMB",48,"Cyprus","CYP","CYP",6,50,"0","0","0","0","0","-","0"
1,"2imvzT",1,383,2022,68,"Gambia","GAM","GMB",48,"Cyprus","CYP","CYP",6,56,"0","0","0","0","0","-","0"
1,"2imvzT",1,384,2023,68,"Gambia","GAM","GMB",48,"Cyprus","CYP","CYP",8,51,"0","0","0","0","0","-","0"
1,"2imvzT",1,385,2024,68,"Gambia","GAM","GMB",48,"Cyprus","CYP","CYP",9,24,"0","0","0","0","0","-","0"
1,"2imvzT",1,386,2025,68,"Gambia","GAM","GMB",48,"Cyprus","CYP","CYP",9,23,"0","0","0","0","0","-","0"
1,"2imvzT",1,387,2000,69,"Palestinian","GAZ","PSE",48,"Cyprus","CYP","CYP",5,20,"0","0","0","0","0","-","0"
1,"2imvzT",1,388,2001,69,"Palestinian","GAZ","PSE",48,"Cyprus","CYP","CYP",5,48,"0","0","0","0","0","-","0"
1,"2imvzT",1,389,2002,69,"Palestinian","GAZ","PSE",48,"Cyprus","CYP","CYP",5,198,"0","0","0","0","0","-","0"
1,"2imvzT",1,390,2003,69,"Palestinian","GAZ","PSE",48,"Cyprus","CYP","CYP",14,329,"0","0","0","0","0","-","0"
1,"2imvzT",1,391,2004,69,"Palestinian","GAZ","PSE",48,"Cyprus","CYP","CYP",42,336,"0","0","0","0","0","-","0"
1,"2imvzT",1,392,2005,69,"Palestinian","GAZ","PSE",48,"Cyprus","CYP","CYP",60,523,"0","0","0","0","0","-","0"
1,"2imvzT",1,393,2006,69,"Palestinian","GAZ","PSE",48,"Cyprus","CYP","CYP",108,372,"0","0","0","0","0","-","0"
1,"2imvzT",1,394,2007,69,"Palestinian","GAZ","PSE",48,"Cyprus","CYP","CYP",153,1267,"0","0","0","0","0","-","0"
1,"2imvzT",1,395,2008,69,"Palestinian","GAZ","PSE",48,"Cyprus","CYP","CYP",187,1414,"0","0","0","0","0","-","0"
1,"2imvzT",1,396,2009,69,"Palestinian","GAZ","PSE",48,"Cyprus","CYP","CYP",1306,1171,"0","0","0","0","0","-","0"
1,"2imvzT",1,397,2010,69,"Palestinian","GAZ","PSE",48,"Cyprus","CYP","CYP",1619,1796,"0","0","0","0","0","-","0"
1,"2imvzT",1,398,2011,69,"Palestinian","GAZ","PSE",48,"Cyprus","CYP","CYP",1642,636,"0","0","0","0","0","-","0"
1,"2imvzT",1,399,2012,69,"Palestinian","GAZ","PSE",48,"Cyprus","CYP","CYP",1711,527,"0","0","0","0","0","-","0"
1,"2imvzT",1,400,2013,69,"Palestinian","GAZ","PSE",48,"Cyprus","CYP","CYP",1723,102,"0","0","0","0","0","-","0"
1,"2imvzT",1,401,2014,69,"Palestinian","GAZ","PSE",48,"Cyprus","CYP","CYP",1739,51,"0","0","0","0","0","-","0"
1,"2imvzT",1,402,2015,69,"Palestinian","GAZ","PSE",48,"Cyprus","CYP","CYP",1786,169,"0","0","0","0","0","-","0"
1,"2imvzT",1,403,2016,69,"Palestinian","GAZ","PSE",48,"Cyprus","CYP","CYP",1909,228,"0","0","0","0","0","-","0"
1,"2imvzT",1,404,2017,69,"Palestinian","GAZ","PSE",48,"Cyprus","CYP","CYP",1964,214,"0","0","0","0","0","-","0"
1,"2imvzT",1,405,2018,69,"Palestinian","GAZ","PSE",48,"Cyprus","CYP","CYP",1997,294,"0","0","0","0","0","-","0"
1,"2imvzT",1,406,2019,69,"Palestinian","GAZ","PSE",48,"Cyprus","CYP","CYP",2059,330,"0","0","0","0","0","-","0"
1,"2imvzT",1,407,2020,69,"Palestinian","GAZ","PSE",48,"Cyprus","CYP","CYP",2105,247,"0","0","0","0","0","-","0"
1,"2imvzT",1,408,2021,69,"Palestinian","GAZ","PSE",48,"Cyprus","CYP","CYP",2208,125,"0","0","0","0","0","-","0"
1,"2imvzT",1,409,2022,69,"Palestinian","GAZ","PSE",48,"Cyprus","CYP","CYP",2237,276,"0","0","0","0","0","-","0"
1,"2imvzT",1,410,2023,69,"Palestinian","GAZ","PSE",48,"Cyprus","CYP","CYP",2407,250,"0","0","0","0","0","-","0"
1,"2imvzT",1,411,2024,69,"Palestinian","GAZ","PSE",48,"Cyprus","CYP","CYP",2655,157,"0","0","0","0","0","-","0"
1,"2imvzT",1,412,2025,69,"Palestinian","GAZ","PSE",48,"Cyprus","CYP","CYP",2690,161,"0","0","0","0","0","-","0"
1,"2imvzT",1,413,2025,70,"United Kingdom of Great Britain and Northern Ireland","GBR","GBR",48,"Cyprus","CYP","CYP",5,"0","0","0","0","0","0","-","0"
1,"2imvzT",1,414,2001,71,"Georgia","GEO","GEO",48,"Cyprus","CYP","CYP","0",25,"0","0","0","0","0","-","0"
1,"2imvzT",1,415,2002,71,"Georgia","GEO","GEO",48,"Cyprus","CYP","CYP","0",27,"0","0","0","0","0","-","0"
1,"2imvzT",1,416,2003,71,"Georgia","GEO","GEO",48,"Cyprus","CYP","CYP","0",163,"0","0","0","0","0","-","0"
1,"2imvzT",1,417,2004,71,"Georgia","GEO","GEO",48,"Cyprus","CYP","CYP","0",788,"0","0","0","0","0","-","0"
1,"2imvzT",1,418,2005,71,"Georgia","GEO","GEO",48,"Cyprus","CYP","CYP",5,1213,"0","0","0","0","0","-","0"
1,"2imvzT",1,419,2006,71,"Georgia","GEO","GEO",48,"Cyprus","CYP","CYP",39,1157,"0","0","0","0","0","-","0"
1,"2imvzT",1,420,2007,71,"Georgia","GEO","GEO",48,"Cyprus","CYP","CYP",56,848,"0","0","0","0","0","-","0"
1,"2imvzT",1,421,2008,71,"Georgia","GEO","GEO",48,"Cyprus","CYP","CYP",74,498,"0","0","0","0","0","-","0"
1,"2imvzT",1,422,2009,71,"Georgia","GEO","GEO",48,"Cyprus","CYP","CYP",81,351,"0","0","0","0","0","-","0"
1,"2imvzT",1,423,2010,71,"Georgia","GEO","GEO",48,"Cyprus","CYP","CYP",85,36,"0","0","0","0","0","-","0"
1,"2imvzT",1,424,2011,71,"Georgia","GEO","GEO",48,"Cyprus","CYP","CYP",85,12,"0","0","0","0","0","-","0"
1,"2imvzT",1,425,2012,71,"Georgia","GEO","GEO",48,"Cyprus","CYP","CYP",85,5,"0","0","0","0","0","-","0"
1,"2imvzT",1,426,2013,71,"Georgia","GEO","GEO",48,"Cyprus","CYP","CYP",85,"0","0","0","0","0","0","-","0"
1,"2imvzT",1,427,2014,71,"Georgia","GEO","GEO",48,"Cyprus","CYP","CYP",85,5,"0","0","0","0","0","-","0"
1,"2imvzT",1,428,2015,71,"Georgia","GEO","GEO",48,"Cyprus","CYP","CYP",85,24,"0","0","0","0","0","-","0"
1,"2imvzT",1,429,2016,71,"Georgia","GEO","GEO",48,"Cyprus","CYP","CYP",85,33,"0","0","0","0","0","-","0"
1,"2imvzT",1,430,2017,71,"Georgia","GEO","GEO",48,"Cyprus","CYP","CYP",85,102,"0","0","0","0","0","-","0"
1,"2imvzT",1,431,2018,71,"Georgia","GEO","GEO",48,"Cyprus","CYP","CYP",85,475,"0","0","0","0","0","-","0"
1,"2imvzT",1,432,2019,71,"Georgia","GEO","GEO",48,"Cyprus","CYP","CYP",85,1553,"0","0","0","0","0","-","0"
1,"2imvzT",1,433,2020,71,"Georgia","GEO","GEO",48,"Cyprus","CYP","CYP",85,957,"0","0","0","0","0","-","0"
1,"2imvzT",1,434,2021,71,"Georgia","GEO","GEO",48,"Cyprus","CYP","CYP",85,584,"0","0","0","0","0","-","0"
1,"2imvzT",1,435,2022,71,"Georgia","GEO","GEO",48,"Cyprus","CYP","CYP",85,316,"0","0","0","0","0","-","0"
1,"2imvzT",1,436,2023,71,"Georgia","GEO","GEO",48,"Cyprus","CYP","CYP",85,84,"0","0","0","0","0","-","0"
1,"2imvzT",1,437,2024,71,"Georgia","GEO","GEO",48,"Cyprus","CYP","CYP",100,32,"0","0","0","0","0","-","0"
1,"2imvzT",1,438,2025,71,"Georgia","GEO","GEO",48,"Cyprus","CYP","CYP",104,18,"0","0","0","0","0","-","0"
1,"2imvzT",1,439,2004,73,"Ghana","GHA","GHA",48,"Cyprus","CYP","CYP","0",10,"0","0","0","0","0","-","0"
1,"2imvzT",1,440,2005,73,"Ghana","GHA","GHA",48,"Cyprus","CYP","CYP","0",30,"0","0","0","0","0","-","0"
1,"2imvzT",1,441,2006,73,"Ghana","GHA","GHA",48,"Cyprus","CYP","CYP","0",32,"0","0","0","0","0","-","0"
1,"2imvzT",1,442,2007,73,"Ghana","GHA","GHA",48,"Cyprus","CYP","CYP","0",48,"0","0","0","0","0","-","0"
1,"2imvzT",1,443,2008,73,"Ghana","GHA","GHA",48,"Cyprus","CYP","CYP","0",30,"0","0","0","0","0","-","0"
1,"2imvzT",1,444,2009,73,"Ghana","GHA","GHA",48,"Cyprus","CYP","CYP","0",48,"0","0","0","0","0","-","0"
1,"2imvzT",1,445,2010,73,"Ghana","GHA","GHA",48,"Cyprus","CYP","CYP","0",55,"0","0","0","0","0","-","0"
1,"2imvzT",1,446,2011,73,"Ghana","GHA","GHA",48,"Cyprus","CYP","CYP","0",7,"0","0","0","0","0","-","0"
1,"2imvzT",1,447,2017,73,"Ghana","GHA","GHA",48,"Cyprus","CYP","CYP","0",5,"0","0","0","0","0","-","0"
1,"2imvzT",1,448,2018,73,"Ghana","GHA","GHA",48,"Cyprus","CYP","CYP","0",13,"0","0","0","0","0","-","0"
1,"2imvzT",1,449,2019,73,"Ghana","GHA","GHA",48,"Cyprus","CYP","CYP","0",23,"0","0","0","0","0","-","0"
1,"2imvzT",1,450,2020,73,"Ghana","GHA","GHA",48,"Cyprus","CYP","CYP","0",29,"0","0","0","0","0","-","0"
1,"2imvzT",1,451,2021,73,"Ghana","GHA","GHA",48,"Cyprus","CYP","CYP","0",31,"0","0","0","0","0","-","0"
1,"2imvzT",1,452,2022,73,"Ghana","GHA","GHA",48,"Cyprus","CYP","CYP","0",49,"0","0","0","0","0","-","0"
1,"2imvzT",1,453,2023,73,"Ghana","GHA","GHA",48,"Cyprus","CYP","CYP",5,40,"0","0","0","0","0","-","0"
1,"2imvzT",1,454,2024,73,"Ghana","GHA","GHA",48,"Cyprus","CYP","CYP",8,27,"0","0","0","0","0","-","0"
1,"2imvzT",1,455,2025,73,"Ghana","GHA","GHA",48,"Cyprus","CYP","CYP",8,23,"0","0","0","0","0","-","0"
1,"2imvzT",1,456,2021,75,"Guinea-Bissau","GNB","GNB",48,"Cyprus","CYP","CYP","0",5,"0","0","0","0","0","-","0"
1,"2imvzT",1,457,2022,75,"Guinea-Bissau","GNB","GNB",48,"Cyprus","CYP","CYP","0",5,"0","0","0","0","0","-","0"
1,"2imvzT",1,458,2023,75,"Guinea-Bissau","GNB","GNB",48,"Cyprus","CYP","CYP","0",5,"0","0","0","0","0","-","0"
1,"2imvzT",1,459,2024,75,"Guinea-Bissau","GNB","GNB",48,"Cyprus","CYP","CYP","0",5,"0","0","0","0","0","-","0"
1,"2imvzT",1,460,2025,75,"Guinea-Bissau","GNB","GNB",48,"Cyprus","CYP","CYP","0",5,"0","0","0","0","0","-","0"
1,"2imvzT",1,461,2007,79,"Guinea","GUI","GIN",48,"Cyprus","CYP","CYP","0",6,"0","0","0","0","0","-","0"
1,"2imvzT",1,462,2008,79,"Guinea","GUI","GIN",48,"Cyprus","CYP","CYP","0",8,"0","0","0","0","0","-","0"
1,"2imvzT",1,463,2009,79,"Guinea","GUI","GIN",48,"Cyprus","CYP","CYP","0",15,"0","0","0","0","0","-","0"
1,"2imvzT",1,464,2010,79,"Guinea","GUI","GIN",48,"Cyprus","CYP","CYP","0",33,"0","0","0","0","0","-","0"
1,"2imvzT",1,465,2011,79,"Guinea","GUI","GIN",48,"Cyprus","CYP","CYP","0",18,"0","0","0","0","0","-","0"
1,"2imvzT",1,466,2013,79,"Guinea","GUI","GIN",48,"Cyprus","CYP","CYP","0",5,"0","0","0","0","0","-","0"
1,"2imvzT",1,467,2014,79,"Guinea","GUI","GIN",48,"Cyprus","CYP","CYP","0",5,"0","0","0","0","0","-","0"
1,"2imvzT",1,468,2016,79,"Guinea","GUI","GIN",48,"Cyprus","CYP","CYP",5,5,"0","0","0","0","0","-","0"
1,"2imvzT",1,469,2017,79,"Guinea","GUI","GIN",48,"Cyprus","CYP","CYP",5,9,"0","0","0","0","0","-","0"
1,"2imvzT",1,470,2018,79,"Guinea","GUI","GIN",48,"Cyprus","CYP","CYP",5,15,"0","0","0","0","0","-","0"
1,"2imvzT",1,471,2019,79,"Guinea","GUI","GIN",48,"Cyprus","CYP","CYP",5,116,"0","0","0","0","0","-","0"
1,"2imvzT",1,472,2020,79,"Guinea","GUI","GIN",48,"Cyprus","CYP","CYP",5,222,"0","0","0","0","0","-","0"
1,"2imvzT",1,473,2021,79,"Guinea","GUI","GIN",48,"Cyprus","CYP","CYP",6,439,"0","0","0","0","0","-","0"
1,"2imvzT",1,474,2022,79,"Guinea","GUI","GIN",48,"Cyprus","CYP","CYP",15,516,"0","0","0","0","0","-","0"
1,"2imvzT",1,475,2023,79,"Guinea","GUI","GIN",48,"Cyprus","CYP","CYP",21,470,"0","0","0","0","0","-","0"
1,"2imvzT",1,476,2024,79,"Guinea","GUI","GIN",48,"Cyprus","CYP","CYP",45,406,"0","0","0","0","0","-","0"
1,"2imvzT",1,477,2025,79,"Guinea","GUI","GIN",48,"Cyprus","CYP","CYP",54,336,"0","0","0","0","0","-","0"
1,"2imvzT",1,478,2019,81,"Haiti","HAI","HTI",48,"Cyprus","CYP","CYP","0",11,"0","0","0","0","0","-","0"
1,"2imvzT",1,479,2020,81,"Haiti","HAI","HTI",48,"Cyprus","CYP","CYP","0",12,"0","0","0","0","0","-","0"
1,"2imvzT",1,480,2021,81,"Haiti","HAI","HTI",48,"Cyprus","CYP","CYP","0",5,"0","0","0","0","0","-","0"
1,"2imvzT",1,481,2022,81,"Haiti","HAI","HTI",48,"Cyprus","CYP","CYP","0",17,"0","0","0","0","0","-","0"
1,"2imvzT",1,482,2023,81,"Haiti","HAI","HTI",48,"Cyprus","CYP","CYP","0",11,"0","0","0","0","0","-","0"
1,"2imvzT",1,483,2024,81,"Haiti","HAI","HTI",48,"Cyprus","CYP","CYP","0",16,"0","0","0","0","0","-","0"
1,"2imvzT",1,484,2025,81,"Haiti","HAI","HTI",48,"Cyprus","CYP","CYP","0",7,"0","0","0","0","0","-","0"
1,"2imvzT",1,485,2001,84,"Croatia","HRV","HRV",48,"Cyprus","CYP","CYP","0",5,"0","0","0","0","0","-","0"
1,"2imvzT",1,486,2003,87,"Cote d'Ivoire","ICO","CIV",48,"Cyprus","CYP","CYP","0",5,"0","0","0","0","0","-","0"
1,"2imvzT",1,487,2005,87,"Cote d'Ivoire","ICO","CIV",48,"Cyprus","CYP","CYP","0",15,"0","0","0","0","0","-","0"
1,"2imvzT",1,488,2006,87,"Cote d'Ivoire","ICO","CIV",48,"Cyprus","CYP","CYP","0",18,"0","0","0","0","0","-","0"
1,"2imvzT",1,489,2007,87,"Cote d'Ivoire","ICO","CIV",48,"Cyprus","CYP","CYP","0",18,"0","0","0","0","0","-","0"
1,"2imvzT",1,490,2008,87,"Cote d'Ivoire","ICO","CIV",48,"Cyprus","CYP","CYP","0",14,"0","0","0","0","0","-","0"
1,"2imvzT",1,491,2009,87,"Cote d'Ivoire","ICO","CIV",48,"Cyprus","CYP","CYP","0",5,"0","0","0","0","0","-","0"
1,"2imvzT",1,492,2010,87,"Cote d'Ivoire","ICO","CIV",48,"Cyprus","CYP","CYP","0",5,"0","0","0","0","0","-","0"
1,"2imvzT",1,493,2011,87,"Cote d'Ivoire","ICO","CIV",48,"Cyprus","CYP","CYP","0",10,"0","0","0","0","0","-","0"
1,"2imvzT",1,494,2012,87,"Cote d'Ivoire","ICO","CIV",48,"Cyprus","CYP","CYP","0",5,"0","0","0","0","0","-","0"
1,"2imvzT",1,495,2013,87,"Cote d'Ivoire","ICO","CIV",48,"Cyprus","CYP","CYP","0",11,"0","0","0","0","0","-","0"
1,"2imvzT",1,496,2014,87,"Cote d'Ivoire","ICO","CIV",48,"Cyprus","CYP","CYP","0",11,"0","0","0","0","0","-","0"
1,"2imvzT",1,497,2015,87,"Cote d'Ivoire","ICO","CIV",48,"Cyprus","CYP","CYP","0",6,"0","0","0","0","0","-","0"
1,"2imvzT",1,498,2016,87,"Cote d'Ivoire","ICO","CIV",48,"Cyprus","CYP","CYP",5,12,"0","0","0","0","0","-","0"
1,"2imvzT",1,499,2017,87,"Cote d'Ivoire","ICO","CIV",48,"Cyprus","CYP","CYP",5,18,"0","0","0","0","0","-","0"
1,"2imvzT",1,500,2018,87,"Cote d'Ivoire","ICO","CIV",48,"Cyprus","CYP","CYP",5,22,"0","0","0","0","0","-","0"
1,"2imvzT",1,501,2019,87,"Cote d'Ivoire","ICO","CIV",48,"Cyprus","CYP","CYP",5,52,"0","0","0","0","0","-","0"
1,"2imvzT",1,502,2020,87,"Cote d'Ivoire","ICO","CIV",48,"Cyprus","CYP","CYP",5,70,"0","0","0","0","0","-","0"
1,"2imvzT",1,503,2021,87,"Cote d'Ivoire","ICO","CIV",48,"Cyprus","CYP","CYP",5,94,"0","0","0","0","0","-","0"
1,"2imvzT",1,504,2022,87,"Cote d'Ivoire","ICO","CIV",48,"Cyprus","CYP","CYP",5,108,"0","0","0","0","0","-","0"
1,"2imvzT",1,505,2023,87,"Cote d'Ivoire","ICO","CIV",48,"Cyprus","CYP","CYP",7,91,"0","0","0","0","0","-","0"
1,"2imvzT",1,506,2024,87,"Cote d'Ivoire","ICO","CIV",48,"Cyprus","CYP","CYP",15,50,"0","0","0","0","0","-","0"
1,"2imvzT",1,507,2025,87,"Cote d'Ivoire","ICO","CIV",48,"Cyprus","CYP","CYP",16,41,"0","0","0","0","0","-","0"
1,"2imvzT",1,508,2001,88,"India","IND","IND",48,"Cyprus","CYP","CYP","0",7,"0","0","0","0","0","-","0"
1,"2imvzT",1,509,2002,88,"India","IND","IND",48,"Cyprus","CYP","CYP","0",10,"0","0","0","0","0","-","0"
1,"2imvzT",1,510,2003,88,"India","IND","IND",48,"Cyprus","CYP","CYP","0",22,"0","0","0","0","0","-","0"
1,"2imvzT",1,511,2004,88,"India","IND","IND",48,"Cyprus","CYP","CYP","0",509,"0","0","0","0","0","-","0"
1,"2imvzT",1,512,2005,88,"India","IND","IND",48,"Cyprus","CYP","CYP","0",568,"0","0","0","0","0","-","0"
1,"2imvzT",1,513,2006,88,"India","IND","IND",48,"Cyprus","CYP","CYP","0",641,"0","0","0","0","0","-","0"
1,"2imvzT",1,514,2007,88,"India","IND","IND",48,"Cyprus","CYP","CYP","0",689,"0","0","0","0","0","-","0"
1,"2imvzT",1,515,2008,88,"India","IND","IND",48,"Cyprus","CYP","CYP","0",465,"0","0","0","0","0","-","0"
1,"2imvzT",1,516,2009,88,"India","IND","IND",48,"Cyprus","CYP","CYP",5,252,"0","0","0","0","0","-","0"
1,"2imvzT",1,517,2010,88,"India","IND","IND",48,"Cyprus","CYP","CYP",5,126,"0","0","0","0","0","-","0"
1,"2imvzT",1,518,2011,88,"India","IND","IND",48,"Cyprus","CYP","CYP",5,52,"0","0","0","0","0","-","0"
1,"2imvzT",1,519,2012,88,"India","IND","IND",48,"Cyprus","CYP","CYP",5,23,"0","0","0","0","0","-","0"
1,"2imvzT",1,520,2013,88,"India","IND","IND",48,"Cyprus","CYP","CYP",5,21,"0","0","0","0","0","-","0"
1,"2imvzT",1,521,2014,88,"India","IND","IND",48,"Cyprus","CYP","CYP",5,39,"0","0","0","0","0","-","0"
1,"2imvzT",1,522,2015,88,"India","IND","IND",48,"Cyprus","CYP","CYP",7,47,"0","0","0","0","0","-","0"
1,"2imvzT",1,523,2016,88,"India","IND","IND",48,"Cyprus","CYP","CYP",7,140,"0","0","0","0","0","-","0"
1,"2imvzT",1,524,2017,88,"India","IND","IND",48,"Cyprus","CYP","CYP",7,408,"0","0","0","0","0","-","0"
1,"2imvzT",1,525,2018,88,"India","IND","IND",48,"Cyprus","CYP","CYP",7,982,"0","0","0","0","0","-","0"
1,"2imvzT",1,526,2019,88,"India","IND","IND",48,"Cyprus","CYP","CYP",7,1676,"0","0","0","0","0","-","0"
1,"2imvzT",1,527,2020,88,"India","IND","IND",48,"Cyprus","CYP","CYP",9,2089,"0","0","0","0","0","-","0"
1,"2imvzT",1,528,2021,88,"India","IND","IND",48,"Cyprus","CYP","CYP",10,1971,"0","0","0","0","0","-","0"
1,"2imvzT",1,529,2022,88,"India","IND","IND",48,"Cyprus","CYP","CYP",10,1132,"0","0","0","0","0","-","0"
1,"2imvzT",1,530,2023,88,"India","IND","IND",48,"Cyprus","CYP","CYP",10,177,"0","0","0","0","0","-","0"
1,"2imvzT",1,531,2024,88,"India","IND","IND",48,"Cyprus","CYP","CYP",12,76,"0","0","0","0","0","-","0"
1,"2imvzT",1,532,2025,88,"India","IND","IND",48,"Cyprus","CYP","CYP",12,68,"0","0","0","0","0","-","0"
1,"2imvzT",1,533,2004,89,"Indonesia","INS","IDN",48,"Cyprus","CYP","CYP","0",7,"0","0","0","0","0","-","0"
1,"2imvzT",1,534,2005,89,"Indonesia","INS","IDN",48,"Cyprus","CYP","CYP","0",11,"0","0","0","0","0","-","0"
1,"2imvzT",1,535,2006,89,"Indonesia","INS","IDN",48,"Cyprus","CYP","CYP","0",10,"0","0","0","0","0","-","0"
1,"2imvzT",1,536,2007,89,"Indonesia","INS","IDN",48,"Cyprus","CYP","CYP","0",18,"0","0","0","0","0","-","0"
1,"2imvzT",1,537,2008,89,"Indonesia","INS","IDN",48,"Cyprus","CYP","CYP","0",19,"0","0","0","0","0","-","0"
1,"2imvzT",1,538,2009,89,"Indonesia","INS","IDN",48,"Cyprus","CYP","CYP","0",10,"0","0","0","0","0","-","0"
1,"2imvzT",1,539,2010,89,"Indonesia","INS","IDN",48,"Cyprus","CYP","CYP","0",10,"0","0","0","0","0","-","0"
1,"2imvzT",1,540,2011,89,"Indonesia","INS","IDN",48,"Cyprus","CYP","CYP","0",10,"0","0","0","0","0","-","0"
1,"2imvzT",1,541,2012,89,"Indonesia","INS","IDN",48,"Cyprus","CYP","CYP","0",5,"0","0","0","0","0","-","0"
1,"2imvzT",1,542,1988,91,"Iran (Islamic Rep. of)","IRN","IRN",48,"Cyprus","CYP","CYP","0","0",230,"0","0","0","0","-","0"
1,"2imvzT",1,543,1990,91,"Iran (Islamic Rep. of)","IRN","IRN",48,"Cyprus","CYP","CYP",16,"0","0","0","0","0","0","-","0"
1,"2imvzT",1,544,1991,91,"Iran (Islamic Rep. of)","IRN","IRN",48,"Cyprus","CYP","CYP",6,"0","0","0","0","0","0","-","0"
1,"2imvzT",1,545,1993,91,"Iran (Islamic Rep. of)","IRN","IRN",48,"Cyprus","CYP","CYP",10,"0","0","0","0","0","0","-","0"
1,"2imvzT",1,546,1994,91,"Iran (Islamic Rep. of)","IRN","IRN",48,"Cyprus","CYP","CYP",5,"0","0","0","0","0","0","-","0"
1,"2imvzT",1,547,1997,91,"Iran (Islamic Rep. of)","IRN","IRN",48,"Cyprus","CYP","CYP",5,"0","0","0","0","0","0","-","0"
1,"2imvzT",1,548,1998,91,"Iran (Islamic Rep. of)","IRN","IRN",48,"Cyprus","CYP","CYP",14,"0","0","0","0","0","0","-","0"
1,"2imvzT",1,549,1999,91,"Iran (Islamic Rep. of)","IRN","IRN",48,"Cyprus","CYP","CYP",14,"0","0","0","0","0","0","-","0"
1,"2imvzT",1,550,2000,91,"Iran (Islamic Rep. of)","IRN","IRN",48,"Cyprus","CYP","CYP",14,186,"0","0","0","0","0","-","0"
1,"2imvzT",1,551,2001,91,"Iran (Islamic Rep. of)","IRN","IRN",48,"Cyprus","CYP","CYP",26,703,"0","0","0","0","0","-","0"
1,"2imvzT",1,552,2002,91,"Iran (Islamic Rep. of)","IRN","IRN",48,"Cyprus","CYP","CYP",86,836,"0","0","0","0","0","-","0"
1,"2imvzT",1,553,2003,91,"Iran (Islamic Rep. of)","IRN","IRN",48,"Cyprus","CYP","CYP",185,757,"0","0","0","0","0","-","0"
1,"2imvzT",1,554,2004,91,"Iran (Islamic Rep. of)","IRN","IRN",48,"Cyprus","CYP","CYP",254,888,"0","0","0","0","0","-","0"
1,"2imvzT",1,555,2005,91,"Iran (Islamic Rep. of)","IRN","IRN",48,"Cyprus","CYP","CYP",302,826,"0","0","0","0","0","-","0"
1,"2imvzT",1,556,2006,91,"Iran (Islamic Rep. of)","IRN","IRN",48,"Cyprus","CYP","CYP",345,751,"0","0","0","0","0","-","0"
1,"2imvzT",1,557,2007,91,"Iran (Islamic Rep. of)","IRN","IRN",48,"Cyprus","CYP","CYP",358,886,"0","0","0","0","0","-","0"
1,"2imvzT",1,558,2008,91,"Iran (Islamic Rep. of)","IRN","IRN",48,"Cyprus","CYP","CYP",378,909,"0","0","0","0","0","-","0"
1,"2imvzT",1,559,2009,91,"Iran (Islamic Rep. of)","IRN","IRN",48,"Cyprus","CYP","CYP",401,591,"0","0","0","0","0","-","0"
1,"2imvzT",1,560,2010,91,"Iran (Islamic Rep. of)","IRN","IRN",48,"Cyprus","CYP","CYP",432,543,"0","0","0","0","0","-","0"
1,"2imvzT",1,561,2011,91,"Iran (Islamic Rep. of)","IRN","IRN",48,"Cyprus","CYP","CYP",439,204,"0","0","0","0","0","-","0"
1,"2imvzT",1,562,2012,91,"Iran (Islamic Rep. of)","IRN","IRN",48,"Cyprus","CYP","CYP",444,109,"0","0","0","0","0","-","0"
1,"2imvzT",1,563,2013,91,"Iran (Islamic Rep. of)","IRN","IRN",48,"Cyprus","CYP","CYP",457,51,"0","0","0","0","0","-","0"
1,"2imvzT",1,564,2014,91,"Iran (Islamic Rep. of)","IRN","IRN",48,"Cyprus","CYP","CYP",470,62,"0","0","0","0","0","-","0"
1,"2imvzT",1,565,2015,91,"Iran (Islamic Rep. of)","IRN","IRN",48,"Cyprus","CYP","CYP",502,66,"0","0","0","0","0","-","0"
1,"2imvzT",1,566,2016,91,"Iran (Islamic Rep. of)","IRN","IRN",48,"Cyprus","CYP","CYP",515,77,"0","0","0","0","0","-","0"
1,"2imvzT",1,567,2017,91,"Iran (Islamic Rep. of)","IRN","IRN",48,"Cyprus","CYP","CYP",523,131,"0","0","0","0","0","-","0"
1,"2imvzT",1,568,2018,91,"Iran (Islamic Rep. of)","IRN","IRN",48,"Cyprus","CYP","CYP",550,266,"0","0","0","0","0","-","0"
1,"2imvzT",1,569,2019,91,"Iran (Islamic Rep. of)","IRN","IRN",48,"Cyprus","CYP","CYP",565,587,"0","0","0","0","0","-","0"
1,"2imvzT",1,570,2020,91,"Iran (Islamic Rep. of)","IRN","IRN",48,"Cyprus","CYP","CYP",584,581,"0","0","0","0","0","-","0"
1,"2imvzT",1,571,2021,91,"Iran (Islamic Rep. of)","IRN","IRN",48,"Cyprus","CYP","CYP",624,521,"0","0","0","0","0","-","0"
1,"2imvzT",1,572,2022,91,"Iran (Islamic Rep. of)","IRN","IRN",48,"Cyprus","CYP","CYP",684,648,"0","0","0","0","0","-","0"
1,"2imvzT",1,573,2023,91,"Iran (Islamic Rep. of)","IRN","IRN",48,"Cyprus","CYP","CYP",773,597,"0","0","0","0","0","-","0"
1,"2imvzT",1,574,2024,91,"Iran (Islamic Rep. of)","IRN","IRN",48,"Cyprus","CYP","CYP",872,764,"0","0","0","0","0","-","0"
1,"2imvzT",1,575,2025,91,"Iran (Islamic Rep. of)","IRN","IRN",48,"Cyprus","CYP","CYP",893,803,"0","0","0","0","0","-","0"
1,"2imvzT",1,576,1990,92,"Iraq","IRQ","IRQ",48,"Cyprus","CYP","CYP",15,"0",80,"0","0","0","0","-","0"
1,"2imvzT",1,577,1991,92,"Iraq","IRQ","IRQ",48,"Cyprus","CYP","CYP",50,"0","0","0","0","0","0","-","0"
1,"2imvzT",1,578,1993,92,"Iraq","IRQ","IRQ",48,"Cyprus","CYP","CYP",24,"0","0","0","0","0","0","-","0"
1,"2imvzT",1,579,1994,92,"Iraq","IRQ","IRQ",48,"Cyprus","CYP","CYP",6,"0",5,"0","0","0","0","-","0"
1,"2imvzT",1,580,1995,92,"Iraq","IRQ","IRQ",48,"Cyprus","CYP","CYP",5,"0","0","0","0","0","0","-","0"
1,"2imvzT",1,581,1996,92,"Iraq","IRQ","IRQ",48,"Cyprus","CYP","CYP",20,"0","0","0","0","0","0","-","0"
1,"2imvzT",1,582,1997,92,"Iraq","IRQ","IRQ",48,"Cyprus","CYP","CYP",19,"0","0","0","0","0","0","-","0"
1,"2imvzT",1,583,1998,92,"Iraq","IRQ","IRQ",48,"Cyprus","CYP","CYP",33,"0","0","0","0","0","0","-","0"
1,"2imvzT",1,584,1999,92,"Iraq","IRQ","IRQ",48,"Cyprus","CYP","CYP",45,"0","0","0","0","0","0","-","0"
1,"2imvzT",1,585,2000,92,"Iraq","IRQ","IRQ",48,"Cyprus","CYP","CYP",20,39,"0","0","0","0","0","-","0"
1,"2imvzT",1,586,2001,92,"Iraq","IRQ","IRQ",48,"Cyprus","CYP","CYP",7,99,"0","0","0","0","0","-","0"
1,"2imvzT",1,587,2002,92,"Iraq","IRQ","IRQ",48,"Cyprus","CYP","CYP",10,95,"0","0","0","0","0","-","0"
1,"2imvzT",1,588,2003,92,"Iraq","IRQ","IRQ",48,"Cyprus","CYP","CYP",11,119,"0","0","0","0","0","-","0"
1,"2imvzT",1,589,2004,92,"Iraq","IRQ","IRQ",48,"Cyprus","CYP","CYP",11,171,"0","0","0","0","0","-","0"
1,"2imvzT",1,590,2005,92,"Iraq","IRQ","IRQ",48,"Cyprus","CYP","CYP",21,244,"0","0","0","0","0","-","0"
1,"2imvzT",1,591,2006,92,"Iraq","IRQ","IRQ",48,"Cyprus","CYP","CYP",75,267,"0","0","0","0","0","-","0"
1,"2imvzT",1,592,2007,92,"Iraq","IRQ","IRQ",48,"Cyprus","CYP","CYP",206,269,"0","0","0","0","0","-","0"
1,"2imvzT",1,593,2008,92,"Iraq","IRQ","IRQ",48,"Cyprus","CYP","CYP",354,263,"0","0","0","0","0","-","0"
1,"2imvzT",1,594,2009,92,"Iraq","IRQ","IRQ",48,"Cyprus","CYP","CYP",537,240,"0","0","0","0","0","-","0"
1,"2imvzT",1,595,2010,92,"Iraq","IRQ","IRQ",48,"Cyprus","CYP","CYP",600,459,"0","0","0","0","0","-","0"
1,"2imvzT",1,596,2011,92,"Iraq","IRQ","IRQ",48,"Cyprus","CYP","CYP",625,236,"0","0","0","0","0","-","0"
1,"2imvzT",1,597,2012,92,"Iraq","IRQ","IRQ",48,"Cyprus","CYP","CYP",644,266,"0","0","0","0","0","-","0"
1,"2imvzT",1,598,2013,92,"Iraq","IRQ","IRQ",48,"Cyprus","CYP","CYP",648,472,"0","0","0","0","0","-","0"
1,"2imvzT",1,599,2014,92,"Iraq","IRQ","IRQ",48,"Cyprus","CYP","CYP",682,392,10,"0","0","0","0","-","0"
1,"2imvzT",1,600,2015,92,"Iraq","IRQ","IRQ",48,"Cyprus","CYP","CYP",760,339,"0","0","0","0","0","-","0"
1,"2imvzT",1,601,2016,92,"Iraq","IRQ","IRQ",48,"Cyprus","CYP","CYP",817,213,"0","0","0","0","0","-","0"
1,"2imvzT",1,602,2017,92,"Iraq","IRQ","IRQ",48,"Cyprus","CYP","CYP",854,216,"0","0","0","0","0","-","0"
1,"2imvzT",1,603,2018,92,"Iraq","IRQ","IRQ",48,"Cyprus","CYP","CYP",890,445,"0","0","0","0","0","-","0"
1,"2imvzT",1,604,2019,92,"Iraq","IRQ","IRQ",48,"Cyprus","CYP","CYP",919,357,"0","0","0","0","0","-","0"
1,"2imvzT",1,605,2020,92,"Iraq","IRQ","IRQ",48,"Cyprus","CYP","CYP",962,228,"0","0","0","0","0","-","0"
1,"2imvzT",1,606,2021,92,"Iraq","IRQ","IRQ",48,"Cyprus","CYP","CYP",988,113,"0","0","0","0","0","-","0"
1,"2imvzT",1,607,2022,92,"Iraq","IRQ","IRQ",48,"Cyprus","CYP","CYP",1013,347,"0","0","0","0","0","-","0"
1,"2imvzT",1,608,2023,92,"Iraq","IRQ","IRQ",48,"Cyprus","CYP","CYP",1073,445,"0","0","0","0","0","-","0"
1,"2imvzT",1,609,2024,92,"Iraq","IRQ","IRQ",48,"Cyprus","CYP","CYP",1226,322,"0","0","0","0","0","-","0"
1,"2imvzT",1,610,2025,92,"Iraq","IRQ","IRQ",48,"Cyprus","CYP","CYP",1273,282,"0","0","0","0","0","-","0"
1,"2imvzT",1,611,2024,93,"Israel","ISR","ISR",48,"Cyprus","CYP","CYP",51,"0","0","0","0","0","0","-","0"
1,"2imvzT",1,612,2025,93,"Israel","ISR","ISR",48,"Cyprus","CYP","CYP",56,"0","0","0","0","0","0","-","0"
1,"2imvzT",1,613,2000,96,"Jordan","JOR","JOR",48,"Cyprus","CYP","CYP","0",5,"0","0","0","0","0","-","0"
1,"2imvzT",1,614,2001,96,"Jordan","JOR","JOR",48,"Cyprus","CYP","CYP","0",17,"0","0","0","0","0","-","0"
1,"2imvzT",1,615,2002,96,"Jordan","JOR","JOR",48,"Cyprus","CYP","CYP","0",5,"0","0","0","0","0","-","0"
1,"2imvzT",1,616,2003,96,"Jordan","JOR","JOR",48,"Cyprus","CYP","CYP","0",5,"0","0","0","0","0","-","0"
1,"2imvzT",1,617,2004,96,"Jordan","JOR","JOR",48,"Cyprus","CYP","CYP",9,29,"0","0","0","0","0","-","0"
1,"2imvzT",1,618,2005,96,"Jordan","JOR","JOR",48,"Cyprus","CYP","CYP",9,111,"0","0","0","0","0","-","0"
1,"2imvzT",1,619,2006,96,"Jordan","JOR","JOR",48,"Cyprus","CYP","CYP",9,158,"0","0","0","0","0","-","0"
1,"2imvzT",1,620,2007,96,"Jordan","JOR","JOR",48,"Cyprus","CYP","CYP",9,187,"0","0","0","0","0","-","0"
1,"2imvzT",1,621,2008,96,"Jordan","JOR","JOR",48,"Cyprus","CYP","CYP",9,136,"0","0","0","0","0","-","0"
1,"2imvzT",1,622,2009,96,"Jordan","JOR","JOR",48,"Cyprus","CYP","CYP",9,111,"0","0","0","0","0","-","0"
1,"2imvzT",1,623,2010,96,"Jordan","JOR","JOR",48,"Cyprus","CYP","CYP",9,137,"0","0","0","0","0","-","0"
1,"2imvzT",1,624,2011,96,"Jordan","JOR","JOR",48,"Cyprus","CYP","CYP",9,73,"0","0","0","0","0","-","0"
1,"2imvzT",1,625,2012,96,"Jordan","JOR","JOR",48,"Cyprus","CYP","CYP",16,27,"0","0","0","0","0","-","0"
1,"2imvzT",1,626,2013,96,"Jordan","JOR","JOR",48,"Cyprus","CYP","CYP",16,22,"0","0","0","0","0","-","0"
1,"2imvzT",1,627,2014,96,"Jordan","JOR","JOR",48,"Cyprus","CYP","CYP",16,29,"0","0","0","0","0","-","0"
1,"2imvzT",1,628,2015,96,"Jordan","JOR","JOR",48,"Cyprus","CYP","CYP",29,14,"0","0","0","0","0","-","0"
1,"2imvzT",1,629,2016,96,"Jordan","JOR","JOR",48,"Cyprus","CYP","CYP",30,27,"0","0","0","0","0","-","0"
1,"2imvzT",1,630,2017,96,"Jordan","JOR","JOR",48,"Cyprus","CYP","CYP",37,45,"0","0","0","0","0","-","0"
1,"2imvzT",1,631,2018,96,"Jordan","JOR","JOR",48,"Cyprus","CYP","CYP",38,70,"0","0","0","0","0","-","0"
1,"2imvzT",1,632,2019,96,"Jordan","JOR","JOR",48,"Cyprus","CYP","CYP",38,98,"0","0","0","0","0","-","0"
1,"2imvzT",1,633,2020,96,"Jordan","JOR","JOR",48,"Cyprus","CYP","CYP",40,94,"0","0","0","0","0","-","0"
1,"2imvzT",1,634,2021,96,"Jordan","JOR","JOR",48,"Cyprus","CYP","CYP",50,83,"0","0","0","0","0","-","0"
1,"2imvzT",1,635,2022,96,"Jordan","JOR","JOR",48,"Cyprus","CYP","CYP",57,87,"0","0","0","0","0","-","0"
1,"2imvzT",1,636,2023,96,"Jordan","JOR","JOR",48,"Cyprus","CYP","CYP",66,62,"0","0","0","0","0","-","0"
1,"2imvzT",1,637,2024,96,"Jordan","JOR","JOR",48,"Cyprus","CYP","CYP",79,48,"0","0","0","0","0","-","0"
1,"2imvzT",1,638,2025,96,"Jordan","JOR","JOR",48,"Cyprus","CYP","CYP",80,54,"0","0","0","0","0","-","0"
1,"2imvzT",1,639,2003,98,"Kazakhstan","KAZ","KAZ",48,"Cyprus","CYP","CYP","0",7,"0","0","0","0","0","-","0"
1,"2imvzT",1,640,2004,98,"Kazakhstan","KAZ","KAZ",48,"Cyprus","CYP","CYP","0",32,"0","0","0","0","0","-","0"
1,"2imvzT",1,641,2005,98,"Kazakhstan","KAZ","KAZ",48,"Cyprus","CYP","CYP","0",49,"0","0","0","0","0","-","0"
1,"2imvzT",1,642,2006,98,"Kazakhstan","KAZ","KAZ",48,"Cyprus","CYP","CYP","0",32,"0","0","0","0","0","-","0"
1,"2imvzT",1,643,2007,98,"Kazakhstan","KAZ","KAZ",48,"Cyprus","CYP","CYP","0",9,"0","0","0","0","0","-","0"
1,"2imvzT",1,644,2008,98,"Kazakhstan","KAZ","KAZ",48,"Cyprus","CYP","CYP","0",15,"0","0","0","0","0","-","0"
1,"2imvzT",1,645,2010,98,"Kazakhstan","KAZ","KAZ",48,"Cyprus","CYP","CYP","0",5,"0","0","0","0","0","-","0"
1,"2imvzT",1,646,2012,98,"Kazakhstan","KAZ","KAZ",48,"Cyprus","CYP","CYP","0",5,"0","0","0","0","0","-","0"
1,"2imvzT",1,647,2013,98,"Kazakhstan","KAZ","KAZ",48,"Cyprus","CYP","CYP","0",5,"0","0","0","0","0","-","0"
1,"2imvzT",1,648,2014,98,"Kazakhstan","KAZ","KAZ",48,"Cyprus","CYP","CYP",5,"0","0","0","0","0","0","-","0"
1,"2imvzT",1,649,2015,98,"Kazakhstan","KAZ","KAZ",48,"Cyprus","CYP","CYP",5,5,"0","0","0","0","0","-","0"
1,"2imvzT",1,650,2016,98,"Kazakhstan","KAZ","KAZ",48,"Cyprus","CYP","CYP",5,"0","0","0","0","0","0","-","0"
1,"2imvzT",1,651,2017,98,"Kazakhstan","KAZ","KAZ",48,"Cyprus","CYP","CYP",5,"0","0","0","0","0","0","-","0"
1,"2imvzT",1,652,2018,98,"Kazakhstan","KAZ","KAZ",48,"Cyprus","CYP","CYP",5,"0","0","0","0","0","0","-","0"
1,"2imvzT",1,653,2019,98,"Kazakhstan","KAZ","KAZ",48,"Cyprus","CYP","CYP",5,"0","0","0","0","0","0","-","0"
1,"2imvzT",1,654,2020,98,"Kazakhstan","KAZ","KAZ",48,"Cyprus","CYP","CYP",5,"0","0","0","0","0","0","-","0"
1,"2imvzT",1,655,2021,98,"Kazakhstan","KAZ","KAZ",48,"Cyprus","CYP","CYP",5,"0","0","0","0","0","0","-","0"
1,"2imvzT",1,656,2022,98,"Kazakhstan","KAZ","KAZ",48,"Cyprus","CYP","CYP",5,"0","0","0","0","0","0","-","0"
1,"2imvzT",1,657,2023,98,"Kazakhstan","KAZ","KAZ",48,"Cyprus","CYP","CYP",5,"0","0","0","0","0","0","-","0"
1,"2imvzT",1,658,2024,98,"Kazakhstan","KAZ","KAZ",48,"Cyprus","CYP","CYP",9,5,"0","0","0","0","0","-","0"
1,"2imvzT",1,659,2025,98,"Kazakhstan","KAZ","KAZ",48,"Cyprus","CYP","CYP",9,"0","0","0","0","0","0","-","0"
1,"2imvzT",1,660,2005,99,"Kenya","KEN","KEN",48,"Cyprus","CYP","CYP","0",9,"0","0","0","0","0","-","0"
1,"2imvzT",1,661,2006,99,"Kenya","KEN","KEN",48,"Cyprus","CYP","CYP","0",12,"0","0","0","0","0","-","0"
1,"2imvzT",1,662,2007,99,"Kenya","KEN","KEN",48,"Cyprus","CYP","CYP","0",14,"0","0","0","0","0","-","0"
1,"2imvzT",1,663,2008,99,"Kenya","KEN","KEN",48,"Cyprus","CYP","CYP","0",11,"0","0","0","0","0","-","0"
1,"2imvzT",1,664,2009,99,"Kenya","KEN","KEN",48,"Cyprus","CYP","CYP","0",12,"0","0","0","0","0","-","0"
1,"2imvzT",1,665,2010,99,"Kenya","KEN","KEN",48,"Cyprus","CYP","CYP","0",12,"0","0","0","0","0","-","0"
1,"2imvzT",1,666,2011,99,"Kenya","KEN","KEN",48,"Cyprus","CYP","CYP","0",5,"0","0","0","0","0","-","0"
1,"2imvzT",1,667,2019,99,"Kenya","KEN","KEN",48,"Cyprus","CYP","CYP","0",5,"0","0","0","0","0","-","0"
1,"2imvzT",1,668,2020,99,"Kenya","KEN","KEN",48,"Cyprus","CYP","CYP","0",5,"0","0","0","0","0","-","0"
1,"2imvzT",1,669,2021,99,"Kenya","KEN","KEN",48,"Cyprus","CYP","CYP","0",5,"0","0","0","0","0","-","0"
1,"2imvzT",1,670,2022,99,"Kenya","KEN","KEN",48,"Cyprus","CYP","CYP","0",8,"0","0","0","0","0","-","0"
1,"2imvzT",1,671,2023,99,"Kenya","KEN","KEN",48,"Cyprus","CYP","CYP","0",11,"0","0","0","0","0","-","0"
1,"2imvzT",1,672,2024,99,"Kenya","KEN","KEN",48,"Cyprus","CYP","CYP","0",10,"0","0","0","0","0","-","0"
1,"2imvzT",1,673,2025,99,"Kenya","KEN","KEN",48,"Cyprus","CYP","CYP","0",10,"0","0","0","0","0","-","0"
1,"2imvzT",1,674,2001,100,"Kyrgyzstan","KGZ","KGZ",48,"Cyprus","CYP","CYP","0",7,"0","0","0","0","0","-","0"
1,"2imvzT",1,675,2002,100,"Kyrgyzstan","KGZ","KGZ",48,"Cyprus","CYP","CYP","0",12,"0","0","0","0","0","-","0"
1,"2imvzT",1,676,2003,100,"Kyrgyzstan","KGZ","KGZ",48,"Cyprus","CYP","CYP","0",7,"0","0","0","0","0","-","0"
1,"2imvzT",1,677,2004,100,"Kyrgyzstan","KGZ","KGZ",48,"Cyprus","CYP","CYP",5,"0","0","0","0","0","0","-","0"
1,"2imvzT",1,678,2005,100,"Kyrgyzstan","KGZ","KGZ",48,"Cyprus","CYP","CYP",5,"0","0","0","0","0","0","-","0"
1,"2imvzT",1,679,2006,100,"Kyrgyzstan","KGZ","KGZ",48,"Cyprus","CYP","CYP",5,"0","0","0","0","0","0","-","0"
1,"2imvzT",1,680,2007,100,"Kyrgyzstan","KGZ","KGZ",48,"Cyprus","CYP","CYP",5,5,"0","0","0","0","0","-","0"
1,"2imvzT",1,681,2008,100,"Kyrgyzstan","KGZ","KGZ",48,"Cyprus","CYP","CYP",5,10,"0","0","0","0","0","-","0"
1,"2imvzT",1,682,2009,100,"Kyrgyzstan","KGZ","KGZ",48,"Cyprus","CYP","CYP",5,5,"0","0","0","0","0","-","0"
1,"2imvzT",1,683,2010,100,"Kyrgyzstan","KGZ","KGZ",48,"Cyprus","CYP","CYP",5,5,"0","0","0","0","0","-","0"
1,"2imvzT",1,684,2011,100,"Kyrgyzstan","KGZ","KGZ",48,"Cyprus","CYP","CYP",5,5,"0","0","0","0","0","-","0"
1,"2imvzT",1,685,2012,100,"Kyrgyzstan","KGZ","KGZ",48,"Cyprus","CYP","CYP",5,"0","0","0","0","0","0","-","0"
1,"2imvzT",1,686,2013,100,"Kyrgyzstan","KGZ","KGZ",48,"Cyprus","CYP","CYP",5,"0","0","0","0","0","0","-","0"
1,"2imvzT",1,687,2014,100,"Kyrgyzstan","KGZ","KGZ",48,"Cyprus","CYP","CYP",5,"0","0","0","0","0","0","-","0"
1,"2imvzT",1,688,2015,100,"Kyrgyzstan","KGZ","KGZ",48,"Cyprus","CYP","CYP",5,"0","0","0","0","0","0","-","0"
1,"2imvzT",1,689,2016,100,"Kyrgyzstan","KGZ","KGZ",48,"Cyprus","CYP","CYP",5,"0","0","0","0","0","0","-","0"
1,"2imvzT",1,690,2017,100,"Kyrgyzstan","KGZ","KGZ",48,"Cyprus","CYP","CYP",5,"0","0","0","0","0","0","-","0"
1,"2imvzT",1,691,2018,100,"Kyrgyzstan","KGZ","KGZ",48,"Cyprus","CYP","CYP",5,"0","0","0","0","0","0","-","0"
1,"2imvzT",1,692,2019,100,"Kyrgyzstan","KGZ","KGZ",48,"Cyprus","CYP","CYP",5,"0","0","0","0","0","0","-","0"
1,"2imvzT",1,693,2020,100,"Kyrgyzstan","KGZ","KGZ",48,"Cyprus","CYP","CYP",5,5,"0","0","0","0","0","-","0"
1,"2imvzT",1,694,2021,100,"Kyrgyzstan","KGZ","KGZ",48,"Cyprus","CYP","CYP",5,"0","0","0","0","0","0","-","0"
1,"2imvzT",1,695,2022,100,"Kyrgyzstan","KGZ","KGZ",48,"Cyprus","CYP","CYP",5,"0","0","0","0","0","0","-","0"
1,"2imvzT",1,696,2023,100,"Kyrgyzstan","KGZ","KGZ",48,"Cyprus","CYP","CYP",5,5,"0","0","0","0","0","-","0"
1,"2imvzT",1,697,2024,100,"Kyrgyzstan","KGZ","KGZ",48,"Cyprus","CYP","CYP",5,"0","0","0","0","0","0","-","0"
1,"2imvzT",1,698,2025,100,"Kyrgyzstan","KGZ","KGZ",48,"Cyprus","CYP","CYP",5,"0","0","0","0","0","0","-","0"
1,"2imvzT",1,699,2005,106,"Liberia","LBR","LBR",48,"Cyprus","CYP","CYP","0",5,"0","0","0","0","0","-","0"
1,"2imvzT",1,700,2006,106,"Liberia","LBR","LBR",48,"Cyprus","CYP","CYP","0",5,"0","0","0","0","0","-","0"
1,"2imvzT",1,701,2009,106,"Liberia","LBR","LBR",48,"Cyprus","CYP","CYP","0",5,"0","0","0","0","0","-","0"
1,"2imvzT",1,702,2010,106,"Liberia","LBR","LBR",48,"Cyprus","CYP","CYP","0",5,"0","0","0","0","0","-","0"
1,"2imvzT",1,703,2020,106,"Liberia","LBR","LBR",48,"Cyprus","CYP","CYP","0",5,"0","0","0","0","0","-","0"
1,"2imvzT",1,704,2021,106,"Liberia","LBR","LBR",48,"Cyprus","CYP","CYP","0",168,"0","0","0","0","0","-","0"
1,"2imvzT",1,705,2022,106,"Liberia","LBR","LBR",48,"Cyprus","CYP","CYP",6,363,"0","0","0","0","0","-","0"
1,"2imvzT",1,706,2023,106,"Liberia","LBR","LBR",48,"Cyprus","CYP","CYP",6,441,"0","0","0","0","0","-","0"
1,"2imvzT",1,707,2024,106,"Liberia","LBR","LBR",48,"Cyprus","CYP","CYP",24,305,"0","0","0","0","0","-","0"
1,"2imvzT",1,708,2025,106,"Liberia","LBR","LBR",48,"Cyprus","CYP","CYP",27,271,"0","0","0","0","0","-","0"
1,"2imvzT",1,709,1996,107,"Libya","LBY","LBY",48,"Cyprus","CYP","CYP",9,"0","0","0","0","0","0","-","0"
1,"2imvzT",1,710,2018,107,"Libya","LBY","LBY",48,"Cyprus","CYP","CYP","0",9,"0","0","0","0","0","-","0"
1,"2imvzT",1,711,2019,107,"Libya","LBY","LBY",48,"Cyprus","CYP","CYP",10,5,"0","0","0","0","0","-","0"
1,"2imvzT",1,712,2020,107,"Libya","LBY","LBY",48,"Cyprus","CYP","CYP",12,5,"0","0","0","0","0","-","0"
1,"2imvzT",1,713,2021,107,"Libya","LBY","LBY",48,"Cyprus","CYP","CYP",12,5,"0","0","0","0","0","-","0"
1,"2imvzT",1,714,2022,107,"Libya","LBY","LBY",48,"Cyprus","CYP","CYP",12,"0","0","0","0","0","0","-","0"
1,"2imvzT",1,715,2023,107,"Libya","LBY","LBY",48,"Cyprus","CYP","CYP",12,"0","0","0","0","0","0","-","0"
1,"2imvzT",1,716,2024,107,"Libya","LBY","LBY",48,"Cyprus","CYP","CYP",12,"0","0","0","0","0","0","-","0"
1,"2imvzT",1,717,2025,107,"Libya","LBY","LBY",48,"Cyprus","CYP","CYP",12,"0","0","0","0","0","0","-","0"
1,"2imvzT",1,718,1982,109,"Lebanon","LEB","LBN",48,"Cyprus","CYP","CYP","0","0",7240,"0","0","0","0","-","0"
1,"2imvzT",1,719,1990,109,"Lebanon","LEB","LBN",48,"Cyprus","CYP","CYP","0","0",50,"0","0","0","0","-","0"
1,"2imvzT",1,720,1999,109,"Lebanon","LEB","LBN",48,"Cyprus","CYP","CYP","0","0","0","0","0","0",13,"-","0"
1,"2imvzT",1,721,2000,109,"Lebanon","LEB","LBN",48,"Cyprus","CYP","CYP","0",12,"0","0","0","0","0","-","0"
1,"2imvzT",1,722,2001,109,"Lebanon","LEB","LBN",48,"Cyprus","CYP","CYP",5,50,"0","0","0","0","0","-","0"
1,"2imvzT",1,723,2002,109,"Lebanon","LEB","LBN",48,"Cyprus","CYP","CYP",6,44,"0","0","0","0","0","-","0"
1,"2imvzT",1,724,2003,109,"Lebanon","LEB","LBN",48,"Cyprus","CYP","CYP",6,62,"0","0","0","0","0","-","0"
1,"2imvzT",1,725,2004,109,"Lebanon","LEB","LBN",48,"Cyprus","CYP","CYP",12,98,"0","0","0","0","0","-","0"
1,"2imvzT",1,726,2005,109,"Lebanon","LEB","LBN",48,"Cyprus","CYP","CYP",16,172,"0","0","0","0","0","-","0"
1,"2imvzT",1,727,2006,109,"Lebanon","LEB","LBN",48,"Cyprus","CYP","CYP",16,227,"0","0","0","0","0","-","0"
1,"2imvzT",1,728,2007,109,"Lebanon","LEB","LBN",48,"Cyprus","CYP","CYP",20,256,"0","0","0","0","0","-","0"
1,"2imvzT",1,729,2008,109,"Lebanon","LEB","LBN",48,"Cyprus","CYP","CYP",20,225,"0","0","0","0","0","-","0"
1,"2imvzT",1,730,2009,109,"Lebanon","LEB","LBN",48,"Cyprus","CYP","CYP",20,95,"0","0","0","0","0","-","0"
1,"2imvzT",1,731,2010,109,"Lebanon","LEB","LBN",48,"Cyprus","CYP","CYP",25,106,"0","0","0","0","0","-","0"
1,"2imvzT",1,732,2011,109,"Lebanon","LEB","LBN",48,"Cyprus","CYP","CYP",25,76,"0","0","0","0","0","-","0"
1,"2imvzT",1,733,2012,109,"Lebanon","LEB","LBN",48,"Cyprus","CYP","CYP",32,21,"0","0","0","0","0","-","0"
1,"2imvzT",1,734,2013,109,"Lebanon","LEB","LBN",48,"Cyprus","CYP","CYP",32,16,"0","0","0","0","0","-","0"
1,"2imvzT",1,735,2014,109,"Lebanon","LEB","LBN",48,"Cyprus","CYP","CYP",36,13,"0","0","0","0","0","-","0"
1,"2imvzT",1,736,2015,109,"Lebanon","LEB","LBN",48,"Cyprus","CYP","CYP",39,45,"0","0","0","0","0","-","0"
1,"2imvzT",1,737,2016,109,"Lebanon","LEB","LBN",48,"Cyprus","CYP","CYP",45,34,"0","0","0","0","0","-","0"
1,"2imvzT",1,738,2017,109,"Lebanon","LEB","LBN",48,"Cyprus","CYP","CYP",48,31,"0","0","0","0","0","-","0"
1,"2imvzT",1,739,2018,109,"Lebanon","LEB","LBN",48,"Cyprus","CYP","CYP",52,45,"0","0","0","0","0","-","0"
1,"2imvzT",1,740,2019,109,"Lebanon","LEB","LBN",48,"Cyprus","CYP","CYP",52,99,"0","0","0","0","0","-","0"
1,"2imvzT",1,741,2020,109,"Lebanon","LEB","LBN",48,"Cyprus","CYP","CYP",52,106,"0","0","0","0","0","-","0"
1,"2imvzT",1,742,2021,109,"Lebanon","LEB","LBN",48,"Cyprus","CYP","CYP",53,112,"0","0","0","0","0","-","0"
1,"2imvzT",1,743,2022,109,"Lebanon","LEB","LBN",48,"Cyprus","CYP","CYP",63,85,"0","0","0","0","0","-","0"
1,"2imvzT",1,744,2023,109,"Lebanon","LEB","LBN",48,"Cyprus","CYP","CYP",65,81,"0","0","0","0","0","-","0"
1,"2imvzT",1,745,2024,109,"Lebanon","LEB","LBN",48,"Cyprus","CYP","CYP",86,93,"0","0","0","0","0","-","0"
1,"2imvzT",1,746,2025,109,"Lebanon","LEB","LBN",48,"Cyprus","CYP","CYP",82,83,"0","0","0","0","0","-","0"
1,"2imvzT",1,747,2000,112,"Sri Lanka","LKA","LKA",48,"Cyprus","CYP","CYP",5,5,"0","0","0","0","0","-","0"
1,"2imvzT",1,748,2001,112,"Sri Lanka","LKA","LKA",48,"Cyprus","CYP","CYP",5,17,"0","0","0","0","0","-","0"
1,"2imvzT",1,749,2002,112,"Sri Lanka","LKA","LKA",48,"Cyprus","CYP","CYP",5,19,"0","0","0","0","0","-","0"
1,"2imvzT",1,750,2003,112,"Sri Lanka","LKA","LKA",48,"Cyprus","CYP","CYP","0",8,"0","0","0","0","0","-","0"
1,"2imvzT",1,751,2004,112,"Sri Lanka","LKA","LKA",48,"Cyprus","CYP","CYP",5,500,"0","0","0","0","0","-","0"
1,"2imvzT",1,752,2005,112,"Sri Lanka","LKA","LKA",48,"Cyprus","CYP","CYP",5,733,"0","0","0","0","0","-","0"
1,"2imvzT",1,753,2006,112,"Sri Lanka","LKA","LKA",48,"Cyprus","CYP","CYP",5,701,"0","0","0","0","0","-","0"
1,"2imvzT",1,754,2007,112,"Sri Lanka","LKA","LKA",48,"Cyprus","CYP","CYP",5,1018,"0","0","0","0","0","-","0"
1,"2imvzT",1,755,2008,112,"Sri Lanka","LKA","LKA",48,"Cyprus","CYP","CYP",6,554,"0","0","0","0","0","-","0"
1,"2imvzT",1,756,2009,112,"Sri Lanka","LKA","LKA",48,"Cyprus","CYP","CYP",11,171,"0","0","0","0","0","-","0"
1,"2imvzT",1,757,2010,112,"Sri Lanka","LKA","LKA",48,"Cyprus","CYP","CYP",14,183,"0","0","0","0","0","-","0"
1,"2imvzT",1,758,2011,112,"Sri Lanka","LKA","LKA",48,"Cyprus","CYP","CYP",18,113,"0","0","0","0","0","-","0"
1,"2imvzT",1,759,2012,112,"Sri Lanka","LKA","LKA",48,"Cyprus","CYP","CYP",22,49,"0","0","0","0","0","-","0"
1,"2imvzT",1,760,2013,112,"Sri Lanka","LKA","LKA",48,"Cyprus","CYP","CYP",22,38,"0","0","0","0","0","-","0"
1,"2imvzT",1,761,2014,112,"Sri Lanka","LKA","LKA",48,"Cyprus","CYP","CYP",23,53,"0","0","0","0","0","-","0"
1,"2imvzT",1,762,2015,112,"Sri Lanka","LKA","LKA",48,"Cyprus","CYP","CYP",25,42,"0","0","0","0","0","-","0"
1,"2imvzT",1,763,2016,112,"Sri Lanka","LKA","LKA",48,"Cyprus","CYP","CYP",25,76,"0","0","0","0","0","-","0"
1,"2imvzT",1,764,2017,112,"Sri Lanka","LKA","LKA",48,"Cyprus","CYP","CYP",25,172,"0","0","0","0","0","-","0"
1,"2imvzT",1,765,2018,112,"Sri Lanka","LKA","LKA",48,"Cyprus","CYP","CYP",25,364,"0","0","0","0","0","-","0"
1,"2imvzT",1,766,2019,112,"Sri Lanka","LKA","LKA",48,"Cyprus","CYP","CYP",27,616,"0","0","0","0","0","-","0"
1,"2imvzT",1,767,2020,112,"Sri Lanka","LKA","LKA",48,"Cyprus","CYP","CYP",27,561,"0","0","0","0","0","-","0"
1,"2imvzT",1,768,2021,112,"Sri Lanka","LKA","LKA",48,"Cyprus","CYP","CYP",29,430,"0","0","0","0","0","-","0"
1,"2imvzT",1,769,2022,112,"Sri Lanka","LKA","LKA",48,"Cyprus","CYP","CYP",32,284,"0","0","0","0","0","-","0"
1,"2imvzT",1,770,2023,112,"Sri Lanka","LKA","LKA",48,"Cyprus","CYP","CYP",32,70,"0","0","0","0","0","-","0"
1,"2imvzT",1,771,2024,112,"Sri Lanka","LKA","LKA",48,"Cyprus","CYP","CYP",32,38,"0","0","0","0","0","-","0"
1,"2imvzT",1,772,2025,112,"Sri Lanka","LKA","LKA",48,"Cyprus","CYP","CYP",32,36,"0","0","0","0","0","-","0"
1,"2imvzT",1,773,2006,119,"Mauritania","MAU","MRT",48,"Cyprus","CYP","CYP","0",5,"0","0","0","0","0","-","0"
1,"2imvzT",1,774,2005,120,"North Macedonia","MCD","MKD",48,"Cyprus","CYP","CYP","0",23,"0","0","0","0","0","-","0"
1,"2imvzT",1,775,2006,120,"North Macedonia","MCD","MKD",48,"Cyprus","CYP","CYP","0",87,"0","0","0","0","0","-","0"
1,"2imvzT",1,776,2007,120,"North Macedonia","MCD","MKD",48,"Cyprus","CYP","CYP","0",40,"0","0","0","0","0","-","0"
1,"2imvzT",1,777,2008,120,"North Macedonia","MCD","MKD",48,"Cyprus","CYP","CYP","0",36,"0","0","0","0","0","-","0"
1,"2imvzT",1,778,2001,122,"Rep. of Moldova","MDA","MDA",48,"Cyprus","CYP","CYP","0",5,"0","0","0","0","0","-","0"
1,"2imvzT",1,779,2002,122,"Rep. of Moldova","MDA","MDA",48,"Cyprus","CYP","CYP","0",10,"0","0","0","0","0","-","0"
1,"2imvzT",1,780,2003,122,"Rep. of Moldova","MDA","MDA",48,"Cyprus","CYP","CYP","0",33,"0","0","0","0","0","-","0"
1,"2imvzT",1,781,2004,122,"Rep. of Moldova","MDA","MDA",48,"Cyprus","CYP","CYP","0",118,"0","0","0","0","0","-","0"
1,"2imvzT",1,782,2005,122,"Rep. of Moldova","MDA","MDA",48,"Cyprus","CYP","CYP",5,164,"0","0","0","0","0","-","0"
1,"2imvzT",1,783,2006,122,"Rep. of Moldova","MDA","MDA",48,"Cyprus","CYP","CYP",9,159,"0","0","0","0","0","-","0"
1,"2imvzT",1,784,2007,122,"Rep. of Moldova","MDA","MDA",48,"Cyprus","CYP","CYP",12,85,"0","0","0","0","0","-","0"
1,"2imvzT",1,785,2008,122,"Rep. of Moldova","MDA","MDA",48,"Cyprus","CYP","CYP",13,46,"0","0","0","0","0","-","0"
1,"2imvzT",1,786,2009,122,"Rep. of Moldova","MDA","MDA",48,"Cyprus","CYP","CYP",13,25,"0","0","0","0","0","-","0"
1,"2imvzT",1,787,2010,122,"Rep. of Moldova","MDA","MDA",48,"Cyprus","CYP","CYP",14,17,"0","0","0","0","0","-","0"
1,"2imvzT",1,788,2011,122,"Rep. of Moldova","MDA","MDA",48,"Cyprus","CYP","CYP",14,18,"0","0","0","0","0","-","0"
1,"2imvzT",1,789,2012,122,"Rep. of Moldova","MDA","MDA",48,"Cyprus","CYP","CYP",14,"0","0","0","0","0","0","-","0"
1,"2imvzT",1,790,2013,122,"Rep. of Moldova","MDA","MDA",48,"Cyprus","CYP","CYP",18,"0","0","0","0","0","0","-","0"
1,"2imvzT",1,791,2014,122,"Rep. of Moldova","MDA","MDA",48,"Cyprus","CYP","CYP",18,"0","0","0","0","0","0","-","0"
1,"2imvzT",1,792,2015,122,"Rep. of Moldova","MDA","MDA",48,"Cyprus","CYP","CYP",18,"0","0","0","0","0","0","-","0"
1,"2imvzT",1,793,2016,122,"Rep. of Moldova","MDA","MDA",48,"Cyprus","CYP","CYP",18,5,"0","0","0","0","0","-","0"
1,"2imvzT",1,794,2017,122,"Rep. of Moldova","MDA","MDA",48,"Cyprus","CYP","CYP",18,5,"0","0","0","0","0","-","0"
1,"2imvzT",1,795,2018,122,"Rep. of Moldova","MDA","MDA",48,"Cyprus","CYP","CYP",18,5,"0","0","0","0","0","-","0"
1,"2imvzT",1,796,2019,122,"Rep. of Moldova","MDA","MDA",48,"Cyprus","CYP","CYP",18,7,"0","0","0","0","0","-","0"
1,"2imvzT",1,797,2020,122,"Rep. of Moldova","MDA","MDA",48,"Cyprus","CYP","CYP",18,10,"0","0","0","0","0","-","0"
1,"2imvzT",1,798,2021,122,"Rep. of Moldova","MDA","MDA",48,"Cyprus","CYP","CYP",18,15,"0","0","0","0","0","-","0"
1,"2imvzT",1,799,2022,122,"Rep. of Moldova","MDA","MDA",48,"Cyprus","CYP","CYP",18,17,"0","0","0","0","0","-","0"
1,"2imvzT",1,800,2023,122,"Rep. of Moldova","MDA","MDA",48,"Cyprus","CYP","CYP",18,11,"0","0","0","0","0","-","0"
1,"2imvzT",1,801,2024,122,"Rep. of Moldova","MDA","MDA",48,"Cyprus","CYP","CYP",33,"0","0","0","0","0","0","-","0"
1,"2imvzT",1,802,2025,122,"Rep. of Moldova","MDA","MDA",48,"Cyprus","CYP","CYP",38,"0","0","0","0","0","0","-","0"
1,"2imvzT",1,803,2009,126,"Mali","MLI","MLI",48,"Cyprus","CYP","CYP","0",5,"0","0","0","0","0","-","0"
1,"2imvzT",1,804,2010,126,"Mali","MLI","MLI",48,"Cyprus","CYP","CYP","0",13,"0","0","0","0","0","-","0"
1,"2imvzT",1,805,2011,126,"Mali","MLI","MLI",48,"Cyprus","CYP","CYP","0",5,"0","0","0","0","0","-","0"
1,"2imvzT",1,806,2012,126,"Mali","MLI","MLI",48,"Cyprus","CYP","CYP","0",6,"0","0","0","0","0","-","0"
1,"2imvzT",1,807,2013,126,"Mali","MLI","MLI",48,"Cyprus","CYP","CYP","0",6,"0","0","0","0","0","-","0"
1,"2imvzT",1,808,2014,126,"Mali","MLI","MLI",48,"Cyprus","CYP","CYP","0",5,"0","0","0","0","0","-","0"
1,"2imvzT",1,809,2015,126,"Mali","MLI","MLI",48,"Cyprus","CYP","CYP","0",5,"0","0","0","0","0","-","0"
1,"2imvzT",1,810,2016,126,"Mali","MLI","MLI",48,"Cyprus","CYP","CYP","0",5,"0","0","0","0","0","-","0"
1,"2imvzT",1,811,2017,126,"Mali","MLI","MLI",48,"Cyprus","CYP","CYP","0",5,"0","0","0","0","0","-","0"
1,"2imvzT",1,812,2018,126,"Mali","MLI","MLI",48,"Cyprus","CYP","CYP","0",5,"0","0","0","0","0","-","0"
1,"2imvzT",1,813,2019,126,"Mali","MLI","MLI",48,"Cyprus","CYP","CYP","0",10,"0","0","0","0","0","-","0"
1,"2imvzT",1,814,2020,126,"Mali","MLI","MLI",48,"Cyprus","CYP","CYP","0",11,"0","0","0","0","0","-","0"
1,"2imvzT",1,815,2021,126,"Mali","MLI","MLI",48,"Cyprus","CYP","CYP","0",6,"0","0","0","0","0","-","0"
1,"2imvzT",1,816,2022,126,"Mali","MLI","MLI",48,"Cyprus","CYP","CYP","0",6,"0","0","0","0","0","-","0"
1,"2imvzT",1,817,2023,126,"Mali","MLI","MLI",48,"Cyprus","CYP","CYP",5,13,"0","0","0","0","0","-","0"
1,"2imvzT",1,818,2024,126,"Mali","MLI","MLI",48,"Cyprus","CYP","CYP",6,12,"0","0","0","0","0","-","0"
1,"2imvzT",1,819,2025,126,"Mali","MLI","MLI",48,"Cyprus","CYP","CYP",6,5,"0","0","0","0","0","-","0"
1,"2imvzT",1,820,2003,129,"Mongolia","MNG","MNG",48,"Cyprus","CYP","CYP","0",5,"0","0","0","0","0","-","0"
1,"2imvzT",1,821,2004,129,"Mongolia","MNG","MNG",48,"Cyprus","CYP","CYP","0",9,"0","0","0","0","0","-","0"
1,"2imvzT",1,822,2005,129,"Mongolia","MNG","MNG",48,"Cyprus","CYP","CYP","0",10,"0","0","0","0","0","-","0"
1,"2imvzT",1,823,2006,129,"Mongolia","MNG","MNG",48,"Cyprus","CYP","CYP","0",11,"0","0","0","0","0","-","0"
1,"2imvzT",1,824,2007,129,"Mongolia","MNG","MNG",48,"Cyprus","CYP","CYP","0",6,"0","0","0","0","0","-","0"
1,"2imvzT",1,825,2008,129,"Mongolia","MNG","MNG",48,"Cyprus","CYP","CYP","0",17,"0","0","0","0","0","-","0"
1,"2imvzT",1,826,2009,129,"Mongolia","MNG","MNG",48,"Cyprus","CYP","CYP","0",44,"0","0","0","0","0","-","0"
1,"2imvzT",1,827,2010,129,"Mongolia","MNG","MNG",48,"Cyprus","CYP","CYP","0",37,"0","0","0","0","0","-","0"
1,"2imvzT",1,828,2011,129,"Mongolia","MNG","MNG",48,"Cyprus","CYP","CYP","0",5,"0","0","0","0","0","-","0"
1,"2imvzT",1,829,2021,129,"Mongolia","MNG","MNG",48,"Cyprus","CYP","CYP","0",5,"0","0","0","0","0","-","0"
1,"2imvzT",1,830,2022,129,"Mongolia","MNG","MNG",48,"Cyprus","CYP","CYP","0",27,"0","0","0","0","0","-","0"
1,"2imvzT",1,831,2023,129,"Mongolia","MNG","MNG",48,"Cyprus","CYP","CYP","0",26,"0","0","0","0","0","-","0"
1,"2imvzT",1,832,2024,129,"Mongolia","MNG","MNG",48,"Cyprus","CYP","CYP","0",20,"0","0","0","0","0","-","0"
1,"2imvzT",1,833,2025,129,"Mongolia","MNG","MNG",48,"Cyprus","CYP","CYP","0",31,"0","0","0","0","0","-","0"
1,"2imvzT",1,834,2003,130,"Morocco","MOR","MAR",48,"Cyprus","CYP","CYP","0",5,"0","0","0","0","0","-","0"
1,"2imvzT",1,835,2005,130,"Morocco","MOR","MAR",48,"Cyprus","CYP","CYP","0",11,"0","0","0","0","0","-","0"
1,"2imvzT",1,836,2006,130,"Morocco","MOR","MAR",48,"Cyprus","CYP","CYP","0",15,"0","0","0","0","0","-","0"
1,"2imvzT",1,837,2007,130,"Morocco","MOR","MAR",48,"Cyprus","CYP","CYP","0",16,"0","0","0","0","0","-","0"
1,"2imvzT",1,838,2008,130,"Morocco","MOR","MAR",48,"Cyprus","CYP","CYP","0",13,"0","0","0","0","0","-","0"
1,"2imvzT",1,839,2009,130,"Morocco","MOR","MAR",48,"Cyprus","CYP","CYP","0",19,"0","0","0","0","0","-","0"
1,"2imvzT",1,840,2010,130,"Morocco","MOR","MAR",48,"Cyprus","CYP","CYP","0",25,"0","0","0","0","0","-","0"
1,"2imvzT",1,841,2011,130,"Morocco","MOR","MAR",48,"Cyprus","CYP","CYP","0",8,"0","0","0","0","0","-","0"
1,"2imvzT",1,842,2017,130,"Morocco","MOR","MAR",48,"Cyprus","CYP","CYP","0",5,"0","0","0","0","0","-","0"
1,"2imvzT",1,843,2018,130,"Morocco","MOR","MAR",48,"Cyprus","CYP","CYP","0",5,"0","0","0","0","0","-","0"
1,"2imvzT",1,844,2019,130,"Morocco","MOR","MAR",48,"Cyprus","CYP","CYP","0",7,"0","0","0","0","0","-","0"
1,"2imvzT",1,845,2020,130,"Morocco","MOR","MAR",48,"Cyprus","CYP","CYP","0",6,"0","0","0","0","0","-","0"
1,"2imvzT",1,846,2021,130,"Morocco","MOR","MAR",48,"Cyprus","CYP","CYP","0",11,"0","0","0","0","0","-","0"
1,"2imvzT",1,847,2022,130,"Morocco","MOR","MAR",48,"Cyprus","CYP","CYP","0",6,"0","0","0","0","0","-","0"
1,"2imvzT",1,848,2023,130,"Morocco","MOR","MAR",48,"Cyprus","CYP","CYP","0",14,"0","0","0","0","0","-","0"
1,"2imvzT",1,849,2024,130,"Morocco","MOR","MAR",48,"Cyprus","CYP","CYP",5,11,"0","0","0","0","0","-","0"
1,"2imvzT",1,850,2025,130,"Morocco","MOR","MAR",48,"Cyprus","CYP","CYP",5,10,"0","0","0","0","0","-","0"
1,"2imvzT",1,851,2004,137,"Nepal","NEP","NPL",48,"Cyprus","CYP","CYP","0",87,"0","0","0","0","0","-","0"
1,"2imvzT",1,852,2005,137,"Nepal","NEP","NPL",48,"Cyprus","CYP","CYP","0",160,"0","0","0","0","0","-","0"
1,"2imvzT",1,853,2006,137,"Nepal","NEP","NPL",48,"Cyprus","CYP","CYP","0",205,"0","0","0","0","0","-","0"
1,"2imvzT",1,854,2007,137,"Nepal","NEP","NPL",48,"Cyprus","CYP","CYP","0",249,"0","0","0","0","0","-","0"
1,"2imvzT",1,855,2008,137,"Nepal","NEP","NPL",48,"Cyprus","CYP","CYP","0",183,"0","0","0","0","0","-","0"
1,"2imvzT",1,856,2009,137,"Nepal","NEP","NPL",48,"Cyprus","CYP","CYP","0",17,"0","0","0","0","0","-","0"
1,"2imvzT",1,857,2010,137,"Nepal","NEP","NPL",48,"Cyprus","CYP","CYP","0",77,"0","0","0","0","0","-","0"
1,"2imvzT",1,858,2011,137,"Nepal","NEP","NPL",48,"Cyprus","CYP","CYP","0",46,"0","0","0","0","0","-","0"
1,"2imvzT",1,859,2012,137,"Nepal","NEP","NPL",48,"Cyprus","CYP","CYP","0",10,"0","0","0","0","0","-","0"
1,"2imvzT",1,860,2015,137,"Nepal","NEP","NPL",48,"Cyprus","CYP","CYP","0",11,"0","0","0","0","0","-","0"
1,"2imvzT",1,861,2016,137,"Nepal","NEP","NPL",48,"Cyprus","CYP","CYP","0",42,"0","0","0","0","0","-","0"
1,"2imvzT",1,862,2017,137,"Nepal","NEP","NPL",48,"Cyprus","CYP","CYP","0",102,"0","0","0","0","0","-","0"
1,"2imvzT",1,863,2018,137,"Nepal","NEP","NPL",48,"Cyprus","CYP","CYP","0",205,"0","0","0","0","0","-","0"
1,"2imvzT",1,864,2019,137,"Nepal","NEP","NPL",48,"Cyprus","CYP","CYP","0",448,"0","0","0","0","0","-","0"
1,"2imvzT",1,865,2020,137,"Nepal","NEP","NPL",48,"Cyprus","CYP","CYP","0",582,"0","0","0","0","0","-","0"
1,"2imvzT",1,866,2021,137,"Nepal","NEP","NPL",48,"Cyprus","CYP","CYP","0",990,"0","0","0","0","0","-","0"
1,"2imvzT",1,867,2022,137,"Nepal","NEP","NPL",48,"Cyprus","CYP","CYP","0",791,"0","0","0","0","0","-","0"
1,"2imvzT",1,868,2023,137,"Nepal","NEP","NPL",48,"Cyprus","CYP","CYP","0",183,"0","0","0","0","0","-","0"
1,"2imvzT",1,869,2024,137,"Nepal","NEP","NPL",48,"Cyprus","CYP","CYP","0",53,"0","0","0","0","0","-","0"
1,"2imvzT",1,870,2025,137,"Nepal","NEP","NPL",48,"Cyprus","CYP","CYP","0",31,"0","0","0","0","0","-","0"
1,"2imvzT",1,871,2021,139,"Niger","NGR","NER",48,"Cyprus","CYP","CYP","0",5,"0","0","0","0","0","-","0"
1,"2imvzT",1,872,2022,139,"Niger","NGR","NER",48,"Cyprus","CYP","CYP","0",7,"0","0","0","0","0","-","0"
1,"2imvzT",1,873,2023,139,"Niger","NGR","NER",48,"Cyprus","CYP","CYP","0",5,"0","0","0","0","0","-","0"
1,"2imvzT",1,874,2001,141,"Nigeria","NIG","NGA",48,"Cyprus","CYP","CYP","0",7,"0","0","0","0","0","-","0"
1,"2imvzT",1,875,2002,141,"Nigeria","NIG","NGA",48,"Cyprus","CYP","CYP","0",18,"0","0","0","0","0","-","0"
1,"2imvzT",1,876,2003,141,"Nigeria","NIG","NGA",48,"Cyprus","CYP","CYP","0",17,"0","0","0","0","0","-","0"
1,"2imvzT",1,877,2004,141,"Nigeria","NIG","NGA",48,"Cyprus","CYP","CYP","0",25,"0","0","0","0","0","-","0"
1,"2imvzT",1,878,2005,141,"Nigeria","NIG","NGA",48,"Cyprus","CYP","CYP","0",28,"0","0","0","0","0","-","0"
1,"2imvzT",1,879,2006,141,"Nigeria","NIG","NGA",48,"Cyprus","CYP","CYP","0",39,"0","0","0","0","0","-","0"
1,"2imvzT",1,880,2007,141,"Nigeria","NIG","NGA",48,"Cyprus","CYP","CYP","0",208,"0","0","0","0","0","-","0"
1,"2imvzT",1,881,2008,141,"Nigeria","NIG","NGA",48,"Cyprus","CYP","CYP","0",187,"0","0","0","0","0","-","0"
1,"2imvzT",1,882,2009,141,"Nigeria","NIG","NGA",48,"Cyprus","CYP","CYP",5,84,"0","0","0","0","0","-","0"
1,"2imvzT",1,883,2010,141,"Nigeria","NIG","NGA",48,"Cyprus","CYP","CYP",5,94,"0","0","0","0","0","-","0"
1,"2imvzT",1,884,2011,141,"Nigeria","NIG","NGA",48,"Cyprus","CYP","CYP",5,26,"0","0","0","0","0","-","0"
1,"2imvzT",1,885,2012,141,"Nigeria","NIG","NGA",48,"Cyprus","CYP","CYP",5,10,"0","0","0","0","0","-","0"
1,"2imvzT",1,886,2013,141,"Nigeria","NIG","NGA",48,"Cyprus","CYP","CYP",5,20,"0","0","0","0","0","-","0"
1,"2imvzT",1,887,2014,141,"Nigeria","NIG","NGA",48,"Cyprus","CYP","CYP",8,18,"0","0","0","0","0","-","0"
1,"2imvzT",1,888,2015,141,"Nigeria","NIG","NGA",48,"Cyprus","CYP","CYP",8,20,"0","0","0","0","0","-","0"
1,"2imvzT",1,889,2016,141,"Nigeria","NIG","NGA",48,"Cyprus","CYP","CYP",9,26,"0","0","0","0","0","-","0"
1,"2imvzT",1,890,2017,141,"Nigeria","NIG","NGA",48,"Cyprus","CYP","CYP",9,82,"0","0","0","0","0","-","0"
1,"2imvzT",1,891,2018,141,"Nigeria","NIG","NGA",48,"Cyprus","CYP","CYP",12,192,"0","0","0","0","0","-","0"
1,"2imvzT",1,892,2019,141,"Nigeria","NIG","NGA",48,"Cyprus","CYP","CYP",14,533,"0","0","0","0","0","-","0"
1,"2imvzT",1,893,2020,141,"Nigeria","NIG","NGA",48,"Cyprus","CYP","CYP",14,815,"0","0","0","0","0","-","0"
1,"2imvzT",1,894,2021,141,"Nigeria","NIG","NGA",48,"Cyprus","CYP","CYP",23,2139,"0","0","0","0","0","-","0"
1,"2imvzT",1,895,2022,141,"Nigeria","NIG","NGA",48,"Cyprus","CYP","CYP",34,4361,"0","0","0","0","0","-","0"
1,"2imvzT",1,896,2023,141,"Nigeria","NIG","NGA",48,"Cyprus","CYP","CYP",79,3166,"0","0","0","0","0","-","0"
1,"2imvzT",1,897,2024,141,"Nigeria","NIG","NGA",48,"Cyprus","CYP","CYP",170,1833,"0","0","0","0","0","-","0"
1,"2imvzT",1,898,2025,141,"Nigeria","NIG","NGA",48,"Cyprus","CYP","CYP",185,1247,"0","0","0","0","0","-","0"
1,"2imvzT",1,899,2000,147,"Pakistan","PAK","PAK",48,"Cyprus","CYP","CYP","0",10,"0","0","0","0","0","-","0"
1,"2imvzT",1,900,2001,147,"Pakistan","PAK","PAK",48,"Cyprus","CYP","CYP",5,132,"0","0","0","0","0","-","0"
1,"2imvzT",1,901,2002,147,"Pakistan","PAK","PAK",48,"Cyprus","CYP","CYP",5,166,"0","0","0","0","0","-","0"
1,"2imvzT",1,902,2003,147,"Pakistan","PAK","PAK",48,"Cyprus","CYP","CYP",8,481,"0","0","0","0","0","-","0"
1,"2imvzT",1,903,2004,147,"Pakistan","PAK","PAK",48,"Cyprus","CYP","CYP",9,1095,"0","0","0","0","0","-","0"
1,"2imvzT",1,904,2005,147,"Pakistan","PAK","PAK",48,"Cyprus","CYP","CYP",9,1398,"0","0","0","0","0","-","0"
1,"2imvzT",1,905,2006,147,"Pakistan","PAK","PAK",48,"Cyprus","CYP","CYP",9,1041,"0","0","0","0","0","-","0"
1,"2imvzT",1,906,2007,147,"Pakistan","PAK","PAK",48,"Cyprus","CYP","CYP",9,665,"0","0","0","0","0","-","0"
1,"2imvzT",1,907,2008,147,"Pakistan","PAK","PAK",48,"Cyprus","CYP","CYP",9,200,"0","0","0","0","0","-","0"
1,"2imvzT",1,908,2009,147,"Pakistan","PAK","PAK",48,"Cyprus","CYP","CYP",15,93,"0","0","0","0","0","-","0"
1,"2imvzT",1,909,2010,147,"Pakistan","PAK","PAK",48,"Cyprus","CYP","CYP",15,81,"0","0","0","0","0","-","0"
1,"2imvzT",1,910,2011,147,"Pakistan","PAK","PAK",48,"Cyprus","CYP","CYP",16,83,"0","0","0","0","0","-","0"
1,"2imvzT",1,911,2012,147,"Pakistan","PAK","PAK",48,"Cyprus","CYP","CYP",16,19,"0","0","0","0","0","-","0"
1,"2imvzT",1,912,2013,147,"Pakistan","PAK","PAK",48,"Cyprus","CYP","CYP",17,47,"0","0","0","0","0","-","0"
1,"2imvzT",1,913,2014,147,"Pakistan","PAK","PAK",48,"Cyprus","CYP","CYP",17,24,"0","0","0","0","0","-","0"
1,"2imvzT",1,914,2015,147,"Pakistan","PAK","PAK",48,"Cyprus","CYP","CYP",17,52,"0","0","0","0","0","-","0"
1,"2imvzT",1,915,2016,147,"Pakistan","PAK","PAK",48,"Cyprus","CYP","CYP",17,103,"0","0","0","0","0","-","0"
1,"2imvzT",1,916,2017,147,"Pakistan","PAK","PAK",48,"Cyprus","CYP","CYP",17,208,"0","0","0","0","0","-","0"
1,"2imvzT",1,917,2018,147,"Pakistan","PAK","PAK",48,"Cyprus","CYP","CYP",17,590,"0","0","0","0","0","-","0"
1,"2imvzT",1,918,2019,147,"Pakistan","PAK","PAK",48,"Cyprus","CYP","CYP",17,1357,"0","0","0","0","0","-","0"
1,"2imvzT",1,919,2020,147,"Pakistan","PAK","PAK",48,"Cyprus","CYP","CYP",18,916,"0","0","0","0","0","-","0"
1,"2imvzT",1,920,2021,147,"Pakistan","PAK","PAK",48,"Cyprus","CYP","CYP",21,1460,"0","0","0","0","0","-","0"
1,"2imvzT",1,921,2022,147,"Pakistan","PAK","PAK",48,"Cyprus","CYP","CYP",34,1761,"0","0","0","0","0","-","0"
1,"2imvzT",1,922,2023,147,"Pakistan","PAK","PAK",48,"Cyprus","CYP","CYP",35,286,"0","0","0","0","0","-","0"
1,"2imvzT",1,923,2024,147,"Pakistan","PAK","PAK",48,"Cyprus","CYP","CYP",49,113,"0","0","0","0","0","-","0"
1,"2imvzT",1,924,2025,147,"Pakistan","PAK","PAK",48,"Cyprus","CYP","CYP",54,79,"0","0","0","0","0","-","0"
1,"2imvzT",1,925,2004,151,"Philippines","PHI","PHL",48,"Cyprus","CYP","CYP","0",11,"0","0","0","0","0","-","0"
1,"2imvzT",1,926,2005,151,"Philippines","PHI","PHL",48,"Cyprus","CYP","CYP","0",72,"0","0","0","0","0","-","0"
1,"2imvzT",1,927,2006,151,"Philippines","PHI","PHL",48,"Cyprus","CYP","CYP","0",108,"0","0","0","0","0","-","0"
1,"2imvzT",1,928,2007,151,"Philippines","PHI","PHL",48,"Cyprus","CYP","CYP","0",89,"0","0","0","0","0","-","0"
1,"2imvzT",1,929,2008,151,"Philippines","PHI","PHL",48,"Cyprus","CYP","CYP","0",96,"0","0","0","0","0","-","0"
1,"2imvzT",1,930,2009,151,"Philippines","PHI","PHL",48,"Cyprus","CYP","CYP",5,100,"0","0","0","0","0","-","0"
1,"2imvzT",1,931,2010,151,"Philippines","PHI","PHL",48,"Cyprus","CYP","CYP",5,39,"0","0","0","0","0","-","0"
1,"2imvzT",1,932,2011,151,"Philippines","PHI","PHL",48,"Cyprus","CYP","CYP",8,23,"0","0","0","0","0","-","0"
1,"2imvzT",1,933,2012,151,"Philippines","PHI","PHL",48,"Cyprus","CYP","CYP",8,13,"0","0","0","0","0","-","0"
1,"2imvzT",1,934,2013,151,"Philippines","PHI","PHL",48,"Cyprus","CYP","CYP",8,15,"0","0","0","0","0","-","0"
1,"2imvzT",1,935,2014,151,"Philippines","PHI","PHL",48,"Cyprus","CYP","CYP",8,22,"0","0","0","0","0","-","0"
1,"2imvzT",1,936,2015,151,"Philippines","PHI","PHL",48,"Cyprus","CYP","CYP",8,22,"0","0","0","0","0","-","0"
1,"2imvzT",1,937,2016,151,"Philippines","PHI","PHL",48,"Cyprus","CYP","CYP",9,43,"0","0","0","0","0","-","0"
1,"2imvzT",1,938,2017,151,"Philippines","PHI","PHL",48,"Cyprus","CYP","CYP",12,105,"0","0","0","0","0","-","0"
1,"2imvzT",1,939,2018,151,"Philippines","PHI","PHL",48,"Cyprus","CYP","CYP",12,185,"0","0","0","0","0","-","0"
1,"2imvzT",1,940,2019,151,"Philippines","PHI","PHL",48,"Cyprus","CYP","CYP",12,256,"0","0","0","0","0","-","0"
1,"2imvzT",1,941,2020,151,"Philippines","PHI","PHL",48,"Cyprus","CYP","CYP",12,179,"0","0","0","0","0","-","0"
1,"2imvzT",1,942,2021,151,"Philippines","PHI","PHL",48,"Cyprus","CYP","CYP",12,180,"0","0","0","0","0","-","0"
1,"2imvzT",1,943,2022,151,"Philippines","PHI","PHL",48,"Cyprus","CYP","CYP",12,140,"0","0","0","0","0","-","0"
1,"2imvzT",1,944,2023,151,"Philippines","PHI","PHL",48,"Cyprus","CYP","CYP",12,52,"0","0","0","0","0","-","0"
1,"2imvzT",1,945,2024,151,"Philippines","PHI","PHL",48,"Cyprus","CYP","CYP",12,18,"0","0","0","0","0","-","0"
1,"2imvzT",1,946,2025,151,"Philippines","PHI","PHL",48,"Cyprus","CYP","CYP",12,16,"0","0","0","0","0","-","0"
1,"2imvzT",1,947,2004,158,"Romania","ROM","ROU",48,"Cyprus","CYP","CYP","0",20,"0","0","0","0","0","-","0"
1,"2imvzT",1,948,2005,158,"Romania","ROM","ROU",48,"Cyprus","CYP","CYP","0",33,"0","0","0","0","0","-","0"
1,"2imvzT",1,949,2006,158,"Romania","ROM","ROU",48,"Cyprus","CYP","CYP","0",44,"0","0","0","0","0","-","0"
1,"2imvzT",1,950,2007,158,"Romania","ROM","ROU",48,"Cyprus","CYP","CYP","0",6,"0","0","0","0","0","-","0"
1,"2imvzT",1,951,2008,158,"Romania","ROM","ROU",48,"Cyprus","CYP","CYP","0",6,"0","0","0","0","0","-","0"
1,"2imvzT",1,952,2021,159,"South Africa","RSA","ZAF",48,"Cyprus","CYP","CYP","0",5,"0","0","0","0","0","-","0"
1,"2imvzT",1,953,2022,159,"South Africa","RSA","ZAF",48,"Cyprus","CYP","CYP","0",5,"0","0","0","0","0","-","0"
1,"2imvzT",1,954,2023,159,"South Africa","RSA","ZAF",48,"Cyprus","CYP","CYP","0",9,"0","0","0","0","0","-","0"
1,"2imvzT",1,955,2024,159,"South Africa","RSA","ZAF",48,"Cyprus","CYP","CYP","0",19,"0","0","0","0","0","-","0"
1,"2imvzT",1,956,2025,159,"South Africa","RSA","ZAF",48,"Cyprus","CYP","CYP","0",16,"0","0","0","0","0","-","0"
1,"2imvzT",1,957,2000,160,"Russian Federation","RUS","RUS",48,"Cyprus","CYP","CYP","0",5,"0","0","0","0","0","-","0"
1,"2imvzT",1,958,2001,160,"Russian Federation","RUS","RUS",48,"Cyprus","CYP","CYP","0",130,"0","0","0","0","0","-","0"
1,"2imvzT",1,959,2002,160,"Russian Federation","RUS","RUS",48,"Cyprus","CYP","CYP","0",144,"0","0","0","0","0","-","0"
1,"2imvzT",1,960,2003,160,"Russian Federation","RUS","RUS",48,"Cyprus","CYP","CYP",15,262,"0","0","0","0","0","-","0"
1,"2imvzT",1,961,2004,160,"Russian Federation","RUS","RUS",48,"Cyprus","CYP","CYP",21,636,"0","0","0","0","0","-","0"
1,"2imvzT",1,962,2005,160,"Russian Federation","RUS","RUS",48,"Cyprus","CYP","CYP",32,882,"0","0","0","0","0","-","0"
1,"2imvzT",1,963,2006,160,"Russian Federation","RUS","RUS",48,"Cyprus","CYP","CYP",43,738,"0","0","0","0","0","-","0"
1,"2imvzT",1,964,2007,160,"Russian Federation","RUS","RUS",48,"Cyprus","CYP","CYP",48,323,"0","0","0","0","0","-","0"
1,"2imvzT",1,965,2008,160,"Russian Federation","RUS","RUS",48,"Cyprus","CYP","CYP",50,147,"0","0","0","0","0","-","0"
1,"2imvzT",1,966,2009,160,"Russian Federation","RUS","RUS",48,"Cyprus","CYP","CYP",56,71,"0","0","0","0","0","-","0"
1,"2imvzT",1,967,2010,160,"Russian Federation","RUS","RUS",48,"Cyprus","CYP","CYP",56,83,"0","0","0","0","0","-","0"
1,"2imvzT",1,968,2011,160,"Russian Federation","RUS","RUS",48,"Cyprus","CYP","CYP",58,70,"0","0","0","0","0","-","0"
1,"2imvzT",1,969,2012,160,"Russian Federation","RUS","RUS",48,"Cyprus","CYP","CYP",58,14,"0","0","0","0","0","-","0"
1,"2imvzT",1,970,2013,160,"Russian Federation","RUS","RUS",48,"Cyprus","CYP","CYP",59,10,"0","0","0","0","0","-","0"
1,"2imvzT",1,971,2014,160,"Russian Federation","RUS","RUS",48,"Cyprus","CYP","CYP",60,25,"0","0","0","0","0","-","0"
1,"2imvzT",1,972,2015,160,"Russian Federation","RUS","RUS",48,"Cyprus","CYP","CYP",64,25,"0","0","0","0","0","-","0"
1,"2imvzT",1,973,2016,160,"Russian Federation","RUS","RUS",48,"Cyprus","CYP","CYP",68,33,"0","0","0","0","0","-","0"
1,"2imvzT",1,974,2017,160,"Russian Federation","RUS","RUS",48,"Cyprus","CYP","CYP",76,28,"0","0","0","0","0","-","0"
1,"2imvzT",1,975,2018,160,"Russian Federation","RUS","RUS",48,"Cyprus","CYP","CYP",77,45,"0","0","0","0","0","-","0"
1,"2imvzT",1,976,2019,160,"Russian Federation","RUS","RUS",48,"Cyprus","CYP","CYP",77,81,"0","0","0","0","0","-","0"
1,"2imvzT",1,977,2020,160,"Russian Federation","RUS","RUS",48,"Cyprus","CYP","CYP",77,76,"0","0","0","0","0","-","0"
1,"2imvzT",1,978,2021,160,"Russian Federation","RUS","RUS",48,"Cyprus","CYP","CYP",77,75,"0","0","0","0","0","-","0"
1,"2imvzT",1,979,2022,160,"Russian Federation","RUS","RUS",48,"Cyprus","CYP","CYP",78,95,"0","0","0","0","0","-","0"
1,"2imvzT",1,980,2023,160,"Russian Federation","RUS","RUS",48,"Cyprus","CYP","CYP",88,101,"0","0","0","0","0","-","0"
1,"2imvzT",1,981,2024,160,"Russian Federation","RUS","RUS",48,"Cyprus","CYP","CYP",272,88,"0","0","0","0","0","-","0"
1,"2imvzT",1,982,2025,160,"Russian Federation","RUS","RUS",48,"Cyprus","CYP","CYP",290,79,"0","0","0","0","0","-","0"
1,"2imvzT",1,983,2015,161,"Rwanda","RWA","RWA",48,"Cyprus","CYP","CYP",5,"0","0","0","0","0","0","-","0"
1,"2imvzT",1,984,2016,161,"Rwanda","RWA","RWA",48,"Cyprus","CYP","CYP",5,"0","0","0","0","0","0","-","0"
1,"2imvzT",1,985,2017,161,"Rwanda","RWA","RWA",48,"Cyprus","CYP","CYP",5,"0","0","0","0","0","0","-","0"
1,"2imvzT",1,986,2018,161,"Rwanda","RWA","RWA",48,"Cyprus","CYP","CYP",5,"0","0","0","0","0","0","-","0"
1,"2imvzT",1,987,2019,161,"Rwanda","RWA","RWA",48,"Cyprus","CYP","CYP",5,5,"0","0","0","0","0","-","0"
1,"2imvzT",1,988,2020,161,"Rwanda","RWA","RWA",48,"Cyprus","CYP","CYP",5,6,"0","0","0","0","0","-","0"
1,"2imvzT",1,989,2021,161,"Rwanda","RWA","RWA",48,"Cyprus","CYP","CYP",5,6,"0","0","0","0","0","-","0"
1,"2imvzT",1,990,2022,161,"Rwanda","RWA","RWA",48,"Cyprus","CYP","CYP",5,26,"0","0","0","0","0","-","0"
1,"2imvzT",1,991,2023,161,"Rwanda","RWA","RWA",48,"Cyprus","CYP","CYP",5,51,"0","0","0","0","0","-","0"
1,"2imvzT",1,992,2024,161,"Rwanda","RWA","RWA",48,"Cyprus","CYP","CYP",7,50,"0","0","0","0","0","-","0"
1,"2imvzT",1,993,2025,161,"Rwanda","RWA","RWA",48,"Cyprus","CYP","CYP",7,42,"0","0","0","0","0","-","0"
1,"2imvzT",1,994,1999,164,"Serbia and Kosovo: S/RES/1244 (1999)","SRB","SRB",48,"Cyprus","CYP","CYP",7,"0","0","0","0","0","0","-","0"
1,"2imvzT",1,995,2000,164,"Serbia and Kosovo: S/RES/1244 (1999)","SRB","SRB",48,"Cyprus","CYP","CYP",7,184,"0","0","0","0","0","-","0"
1,"2imvzT",1,996,2001,164,"Serbia and Kosovo: S/RES/1244 (1999)","SRB","SRB",48,"Cyprus","CYP","CYP",6,404,"0","0","0","0","0","-","0"
1,"2imvzT",1,997,2002,164,"Serbia and Kosovo: S/RES/1244 (1999)","SRB","SRB",48,"Cyprus","CYP","CYP",14,176,"0","0","0","0","0","-","0"
1,"2imvzT",1,998,2003,164,"Serbia and Kosovo: S/RES/1244 (1999)","SRB","SRB",48,"Cyprus","CYP","CYP",20,45,"0","0","0","0","0","-","0"
1,"2imvzT",1,999,2004,164,"Serbia and Kosovo: S/RES/1244 (1999)","SRB","SRB",48,"Cyprus","CYP","CYP",40,46,"0","0","0","0","0","-","0"
1,"2imvzT",1,1000,2005,164,"Serbia and Kosovo: S/RES/1244 (1999)","SRB","SRB",48,"Cyprus","CYP","CYP",40,53,"0","0","0","0","0","-","0"
1,"2imvzT",1,1001,2006,164,"Serbia and Kosovo: S/RES/1244 (1999)","SRB","SRB",48,"Cyprus","CYP","CYP",40,5,"0","0","0","0","0","-","0"
1,"2imvzT",1,1002,2007,164,"Serbia and Kosovo: S/RES/1244 (1999)","SRB","SRB",48,"Cyprus","CYP","CYP",40,21,"0","0","0","0","0","-","0"
1,"2imvzT",1,1003,2008,164,"Serbia and Kosovo: S/RES/1244 (1999)","SRB","SRB",48,"Cyprus","CYP","CYP",47,16,"0","0","0","0","0","-","0"
1,"2imvzT",1,1004,2009,164,"Serbia and Kosovo: S/RES/1244 (1999)","SRB","SRB",48,"Cyprus","CYP","CYP",47,21,"0","0","0","0","0","-","0"
1,"2imvzT",1,1005,2010,164,"Serbia and Kosovo: S/RES/1244 (1999)","SRB","SRB",48,"Cyprus","CYP","CYP",54,78,"0","0","0","0","0","-","0"
1,"2imvzT",1,1006,2011,164,"Serbia and Kosovo: S/RES/1244 (1999)","SRB","SRB",48,"Cyprus","CYP","CYP",56,75,"0","0","0","0","0","-","0"
1,"2imvzT",1,1007,2012,164,"Serbia and Kosovo: S/RES/1244 (1999)","SRB","SRB",48,"Cyprus","CYP","CYP",56,22,"0","0","0","0","0","-","0"
1,"2imvzT",1,1008,2013,164,"Serbia and Kosovo: S/RES/1244 (1999)","SRB","SRB",48,"Cyprus","CYP","CYP",59,10,"0","0","0","0","0","-","0"
1,"2imvzT",1,1009,2014,164,"Serbia and Kosovo: S/RES/1244 (1999)","SRB","SRB",48,"Cyprus","CYP","CYP",59,"0","0","0","0","0","0","-","0"
1,"2imvzT",1,1010,2015,164,"Serbia and Kosovo: S/RES/1244 (1999)","SRB","SRB",48,"Cyprus","CYP","CYP",59,5,"0","0","0","0","0","-","0"
1,"2imvzT",1,1011,2016,164,"Serbia and Kosovo: S/RES/1244 (1999)","SRB","SRB",48,"Cyprus","CYP","CYP",59,5,"0","0","0","0","0","-","0"
1,"2imvzT",1,1012,2017,164,"Serbia and Kosovo: S/RES/1244 (1999)","SRB","SRB",48,"Cyprus","CYP","CYP",59,5,"0","0","0","0","0","-","0"
1,"2imvzT",1,1013,2018,164,"Serbia and Kosovo: S/RES/1244 (1999)","SRB","SRB",48,"Cyprus","CYP","CYP",59,5,"0","0","0","0","0","-","0"
1,"2imvzT",1,1014,2019,164,"Serbia and Kosovo: S/RES/1244 (1999)","SRB","SRB",48,"Cyprus","CYP","CYP",59,8,"0","0","0","0","0","-","0"
1,"2imvzT",1,1015,2020,164,"Serbia and Kosovo: S/RES/1244 (1999)","SRB","SRB",48,"Cyprus","CYP","CYP",59,9,"0","0","0","0","0","-","0"
1,"2imvzT",1,1016,2021,164,"Serbia and Kosovo: S/RES/1244 (1999)","SRB","SRB",48,"Cyprus","CYP","CYP",59,9,"0","0","0","0","0","-","0"
1,"2imvzT",1,1017,2022,164,"Serbia and Kosovo: S/RES/1244 (1999)","SRB","SRB",48,"Cyprus","CYP","CYP",59,7,"0","0","0","0","0","-","0"
1,"2imvzT",1,1018,2023,164,"Serbia and Kosovo: S/RES/1244 (1999)","SRB","SRB",48,"Cyprus","CYP","CYP",59,6,"0","0","0","0","0","-","0"
1,"2imvzT",1,1019,2024,164,"Serbia and Kosovo: S/RES/1244 (1999)","SRB","SRB",48,"Cyprus","CYP","CYP",60,5,"0","0","0","0","0","-","0"
1,"2imvzT",1,1020,2025,164,"Serbia and Kosovo: S/RES/1244 (1999)","SRB","SRB",48,"Cyprus","CYP","CYP",60,"0","0","0","0","0","0","-","0"
1,"2imvzT",1,1021,2005,165,"Senegal","SEN","SEN",48,"Cyprus","CYP","CYP","0",8,"0","0","0","0","0","-","0"
1,"2imvzT",1,1022,2006,165,"Senegal","SEN","SEN",48,"Cyprus","CYP","CYP","0",6,"0","0","0","0","0","-","0"
1,"2imvzT",1,1023,2007,165,"Senegal","SEN","SEN",48,"Cyprus","CYP","CYP","0",6,"0","0","0","0","0","-","0"
1,"2imvzT",1,1024,2008,165,"Senegal","SEN","SEN",48,"Cyprus","CYP","CYP","0",5,"0","0","0","0","0","-","0"
1,"2imvzT",1,1025,2009,165,"Senegal","SEN","SEN",48,"Cyprus","CYP","CYP","0",6,"0","0","0","0","0","-","0"
1,"2imvzT",1,1026,2010,165,"Senegal","SEN","SEN",48,"Cyprus","CYP","CYP","0",5,"0","0","0","0","0","-","0"
1,"2imvzT",1,1027,2011,165,"Senegal","SEN","SEN",48,"Cyprus","CYP","CYP","0",5,"0","0","0","0","0","-","0"
1,"2imvzT",1,1028,2015,165,"Senegal","SEN","SEN",48,"Cyprus","CYP","CYP","0",5,"0","0","0","0","0","-","0"
1,"2imvzT",1,1029,2016,165,"Senegal","SEN","SEN",48,"Cyprus","CYP","CYP","0",5,"0","0","0","0","0","-","0"
1,"2imvzT",1,1030,2017,165,"Senegal","SEN","SEN",48,"Cyprus","CYP","CYP","0",5,"0","0","0","0","0","-","0"
1,"2imvzT",1,1031,2018,165,"Senegal","SEN","SEN",48,"Cyprus","CYP","CYP","0",23,"0","0","0","0","0","-","0"
1,"2imvzT",1,1032,2019,165,"Senegal","SEN","SEN",48,"Cyprus","CYP","CYP","0",24,"0","0","0","0","0","-","0"
1,"2imvzT",1,1033,2020,165,"Senegal","SEN","SEN",48,"Cyprus","CYP","CYP","0",26,"0","0","0","0","0","-","0"
1,"2imvzT",1,1034,2021,165,"Senegal","SEN","SEN",48,"Cyprus","CYP","CYP","0",39,"0","0","0","0","0","-","0"
1,"2imvzT",1,1035,2022,165,"Senegal","SEN","SEN",48,"Cyprus","CYP","CYP","0",40,"0","0","0","0","0","-","0"
1,"2imvzT",1,1036,2023,165,"Senegal","SEN","SEN",48,"Cyprus","CYP","CYP","0",29,"0","0","0","0","0","-","0"
1,"2imvzT",1,1037,2024,165,"Senegal","SEN","SEN",48,"Cyprus","CYP","CYP","0",17,"0","0","0","0","0","-","0"
1,"2imvzT",1,1038,2025,165,"Senegal","SEN","SEN",48,"Cyprus","CYP","CYP","0",10,"0","0","0","0","0","-","0"
1,"2imvzT",1,1039,1998,169,"Sierra Leone","SLE","SLE",48,"Cyprus","CYP","CYP",5,"0","0","0","0","0","0","-","0"
1,"2imvzT",1,1040,1999,169,"Sierra Leone","SLE","SLE",48,"Cyprus","CYP","CYP",5,"0","0","0","0","0","0","-","0"
1,"2imvzT",1,1041,2000,169,"Sierra Leone","SLE","SLE",48,"Cyprus","CYP","CYP",7,6,"0","0","0","0","0","-","0"
1,"2imvzT",1,1042,2001,169,"Sierra Leone","SLE","SLE",48,"Cyprus","CYP","CYP",10,5,"0","0","0","0","0","-","0"
1,"2imvzT",1,1043,2002,169,"Sierra Leone","SLE","SLE",48,"Cyprus","CYP","CYP",13,5,"0","0","0","0","0","-","0"
1,"2imvzT",1,1044,2003,169,"Sierra Leone","SLE","SLE",48,"Cyprus","CYP","CYP",13,"0","0","0","0","0","0","-","0"
1,"2imvzT",1,1045,2004,169,"Sierra Leone","SLE","SLE",48,"Cyprus","CYP","CYP",14,"0","0","0","0","0","0","-","0"
1,"2imvzT",1,1046,2005,169,"Sierra Leone","SLE","SLE",48,"Cyprus","CYP","CYP",14,"0","0","0","0","0","0","-","0"
1,"2imvzT",1,1047,2006,169,"Sierra Leone","SLE","SLE",48,"Cyprus","CYP","CYP",14,"0","0","0","0","0","0","-","0"
1,"2imvzT",1,1048,2007,169,"Sierra Leone","SLE","SLE",48,"Cyprus","CYP","CYP",15,5,"0","0","0","0","0","-","0"
1,"2imvzT",1,1049,2008,169,"Sierra Leone","SLE","SLE",48,"Cyprus","CYP","CYP",15,5,"0","0","0","0","0","-","0"
1,"2imvzT",1,1050,2009,169,"Sierra Leone","SLE","SLE",48,"Cyprus","CYP","CYP",15,"0","0","0","0","0","0","-","0"
1,"2imvzT",1,1051,2010,169,"Sierra Leone","SLE","SLE",48,"Cyprus","CYP","CYP",15,10,"0","0","0","0","0","-","0"
1,"2imvzT",1,1052,2011,169,"Sierra Leone","SLE","SLE",48,"Cyprus","CYP","CYP",14,5,"0","0","0","0","0","-","0"
1,"2imvzT",1,1053,2012,169,"Sierra Leone","SLE","SLE",48,"Cyprus","CYP","CYP",14,"0","0","0","0","0","0","-","0"
1,"2imvzT",1,1054,2013,169,"Sierra Leone","SLE","SLE",48,"Cyprus","CYP","CYP",20,"0","0","0","0","0","0","-","0"
1,"2imvzT",1,1055,2014,169,"Sierra Leone","SLE","SLE",48,"Cyprus","CYP","CYP",20,5,"0","0","0","0","0","-","0"
1,"2imvzT",1,1056,2015,169,"Sierra Leone","SLE","SLE",48,"Cyprus","CYP","CYP",22,"0","0","0","0","0","0","-","0"
1,"2imvzT",1,1057,2016,169,"Sierra Leone","SLE","SLE",48,"Cyprus","CYP","CYP",24,"0","0","0","0","0","0","-","0"
1,"2imvzT",1,1058,2017,169,"Sierra Leone","SLE","SLE",48,"Cyprus","CYP","CYP",24,"0","0","0","0","0","0","-","0"
1,"2imvzT",1,1059,2018,169,"Sierra Leone","SLE","SLE",48,"Cyprus","CYP","CYP",24,5,"0","0","0","0","0","-","0"
1,"2imvzT",1,1060,2019,169,"Sierra Leone","SLE","SLE",48,"Cyprus","CYP","CYP",24,37,"0","0","0","0","0","-","0"
1,"2imvzT",1,1061,2020,169,"Sierra Leone","SLE","SLE",48,"Cyprus","CYP","CYP",24,157,"0","0","0","0","0","-","0"
1,"2imvzT",1,1062,2021,169,"Sierra Leone","SLE","SLE",48,"Cyprus","CYP","CYP",24,616,"0","0","0","0","0","-","0"
1,"2imvzT",1,1063,2022,169,"Sierra Leone","SLE","SLE",48,"Cyprus","CYP","CYP",33,745,"0","0","0","0","0","-","0"
1,"2imvzT",1,1064,2023,169,"Sierra Leone","SLE","SLE",48,"Cyprus","CYP","CYP",45,612,"0","0","0","0","0","-","0"
1,"2imvzT",1,1065,2024,169,"Sierra Leone","SLE","SLE",48,"Cyprus","CYP","CYP",75,398,"0","0","0","0","0","-","0"
1,"2imvzT",1,1066,2025,169,"Sierra Leone","SLE","SLE",48,"Cyprus","CYP","CYP",83,352,"0","0","0","0","0","-","0"
1,"2imvzT",1,1067,1991,172,"Somalia","SOM","SOM",48,"Cyprus","CYP","CYP",5,"0","0","0","0","0","0","-","0"
1,"2imvzT",1,1068,1993,172,"Somalia","SOM","SOM",48,"Cyprus","CYP","CYP",5,"0","0","0","0","0","0","-","0"
1,"2imvzT",1,1069,1994,172,"Somalia","SOM","SOM",48,"Cyprus","CYP","CYP",5,"0","0","0","0","0","0","-","0"
1,"2imvzT",1,1070,1995,172,"Somalia","SOM","SOM",48,"Cyprus","CYP","CYP",5,"0","0","0","0","0","0","-","0"
1,"2imvzT",1,1071,1996,172,"Somalia","SOM","SOM",48,"Cyprus","CYP","CYP",5,"0","0","0","0","0","0","-","0"
1,"2imvzT",1,1072,1997,172,"Somalia","SOM","SOM",48,"Cyprus","CYP","CYP",5,"0","0","0","0","0","0","-","0"
1,"2imvzT",1,1073,1998,172,"Somalia","SOM","SOM",48,"Cyprus","CYP","CYP",5,"0","0","0","0","0","0","-","0"
1,"2imvzT",1,1074,1999,172,"Somalia","SOM","SOM",48,"Cyprus","CYP","CYP",5,"0","0","0","0","0","0","-","0"
1,"2imvzT",1,1075,2000,172,"Somalia","SOM","SOM",48,"Cyprus","CYP","CYP",5,"0","0","0","0","0","0","-","0"
1,"2imvzT",1,1076,2001,172,"Somalia","SOM","SOM",48,"Cyprus","CYP","CYP","0",5,"0","0","0","0","0","-","0"
1,"2imvzT",1,1077,2003,172,"Somalia","SOM","SOM",48,"Cyprus","CYP","CYP","0",5,"0","0","0","0","0","-","0"
1,"2imvzT",1,1078,2005,172,"Somalia","SOM","SOM",48,"Cyprus","CYP","CYP","0",5,"0","0","0","0","0","-","0"
1,"2imvzT",1,1079,2006,172,"Somalia","SOM","SOM",48,"Cyprus","CYP","CYP","0",5,"0","0","0","0","0","-","0"
1,"2imvzT",1,1080,2007,172,"Somalia","SOM","SOM",48,"Cyprus","CYP","CYP",5,12,"0","0","0","0","0","-","0"
1,"2imvzT",1,1081,2008,172,"Somalia","SOM","SOM",48,"Cyprus","CYP","CYP",5,15,"0","0","0","0","0","-","0"
1,"2imvzT",1,1082,2009,172,"Somalia","SOM","SOM",48,"Cyprus","CYP","CYP",5,10,"0","0","0","0","0","-","0"
1,"2imvzT",1,1083,2010,172,"Somalia","SOM","SOM",48,"Cyprus","CYP","CYP",6,12,"0","0","0","0","0","-","0"
1,"2imvzT",1,1084,2011,172,"Somalia","SOM","SOM",48,"Cyprus","CYP","CYP",8,5,"0","0","0","0","0","-","0"
1,"2imvzT",1,1085,2012,172,"Somalia","SOM","SOM",48,"Cyprus","CYP","CYP",9,15,"0","0","0","0","0","-","0"
1,"2imvzT",1,1086,2013,172,"Somalia","SOM","SOM",48,"Cyprus","CYP","CYP",11,46,"0","0","0","0","0","-","0"
1,"2imvzT",1,1087,2014,172,"Somalia","SOM","SOM",48,"Cyprus","CYP","CYP",33,33,"0","0","0","0","0","-","0"
1,"2imvzT",1,1088,2015,172,"Somalia","SOM","SOM",48,"Cyprus","CYP","CYP",39,62,"0","0","0","0","0","-","0"
1,"2imvzT",1,1089,2016,172,"Somalia","SOM","SOM",48,"Cyprus","CYP","CYP",67,206,"0","0","0","0","0","-","0"
1,"2imvzT",1,1090,2017,172,"Somalia","SOM","SOM",48,"Cyprus","CYP","CYP",148,113,"0","0","0","0","0","-","0"
1,"2imvzT",1,1091,2018,172,"Somalia","SOM","SOM",48,"Cyprus","CYP","CYP",184,256,"0","0","0","0","0","-","0"
1,"2imvzT",1,1092,2019,172,"Somalia","SOM","SOM",48,"Cyprus","CYP","CYP",221,369,"0","0","0","0","0","-","0"
1,"2imvzT",1,1093,2020,172,"Somalia","SOM","SOM",48,"Cyprus","CYP","CYP",320,312,"0","0","0","0","0","-","0"
1,"2imvzT",1,1094,2021,172,"Somalia","SOM","SOM",48,"Cyprus","CYP","CYP",371,874,"0","0","0","0","0","-","0"
1,"2imvzT",1,1095,2022,172,"Somalia","SOM","SOM",48,"Cyprus","CYP","CYP",422,1601,"0","0","0","0","0","-","0"
1,"2imvzT",1,1096,2023,172,"Somalia","SOM","SOM",48,"Cyprus","CYP","CYP",693,1258,"0","0","0","0","0","-","0"
1,"2imvzT",1,1097,2024,172,"Somalia","SOM","SOM",48,"Cyprus","CYP","CYP",1207,778,"0","0","0","0","0","-","0"
1,"2imvzT",1,1098,2025,172,"Somalia","SOM","SOM",48,"Cyprus","CYP","CYP",1247,799,"0","0","0","0","0","-","0"
1,"2imvzT",1,1099,2005,174,"Viet Nam","SRV","VNM",48,"Cyprus","CYP","CYP","0",5,"0","0","0","0","0","-","0"
1,"2imvzT",1,1100,2006,174,"Viet Nam","SRV","VNM",48,"Cyprus","CYP","CYP","0",8,"0","0","0","0","0","-","0"
1,"2imvzT",1,1101,2007,174,"Viet Nam","SRV","VNM",48,"Cyprus","CYP","CYP","0",40,"0","0","0","0","0","-","0"
1,"2imvzT",1,1102,2008,174,"Viet Nam","SRV","VNM",48,"Cyprus","CYP","CYP","0",35,"0","0","0","0","0","-","0"
1,"2imvzT",1,1103,2009,174,"Viet Nam","SRV","VNM",48,"Cyprus","CYP","CYP","0",72,"0","0","0","0","0","-","0"
1,"2imvzT",1,1104,2010,174,"Viet Nam","SRV","VNM",48,"Cyprus","CYP","CYP","0",72,"0","0","0","0","0","-","0"
1,"2imvzT",1,1105,2011,174,"Viet Nam","SRV","VNM",48,"Cyprus","CYP","CYP","0",62,"0","0","0","0","0","-","0"
1,"2imvzT",1,1106,2012,174,"Viet Nam","SRV","VNM",48,"Cyprus","CYP","CYP","0",47,"0","0","0","0","0","-","0"
1,"2imvzT",1,1107,2013,174,"Viet Nam","SRV","VNM",48,"Cyprus","CYP","CYP","0",31,"0","0","0","0","0","-","0"
1,"2imvzT",1,1108,2014,174,"Viet Nam","SRV","VNM",48,"Cyprus","CYP","CYP","0",43,"0","0","0","0","0","-","0"
1,"2imvzT",1,1109,2015,174,"Viet Nam","SRV","VNM",48,"Cyprus","CYP","CYP","0",77,"0","0","0","0","0","-","0"
1,"2imvzT",1,1110,2016,174,"Viet Nam","SRV","VNM",48,"Cyprus","CYP","CYP","0",131,"0","0","0","0","0","-","0"
1,"2imvzT",1,1111,2017,174,"Viet Nam","SRV","VNM",48,"Cyprus","CYP","CYP","0",330,"0","0","0","0","0","-","0"
1,"2imvzT",1,1112,2018,174,"Viet Nam","SRV","VNM",48,"Cyprus","CYP","CYP","0",529,"0","0","0","0","0","-","0"
1,"2imvzT",1,1113,2019,174,"Viet Nam","SRV","VNM",48,"Cyprus","CYP","CYP","0",668,"0","0","0","0","0","-","0"
1,"2imvzT",1,1114,2020,174,"Viet Nam","SRV","VNM",48,"Cyprus","CYP","CYP",5,640,"0","0","0","0","0","-","0"
1,"2imvzT",1,1115,2021,174,"Viet Nam","SRV","VNM",48,"Cyprus","CYP","CYP",5,271,"0","0","0","0","0","-","0"
1,"2imvzT",1,1116,2022,174,"Viet Nam","SRV","VNM",48,"Cyprus","CYP","CYP",5,276,"0","0","0","0","0","-","0"
1,"2imvzT",1,1117,2023,174,"Viet Nam","SRV","VNM",48,"Cyprus","CYP","CYP",5,36,"0","0","0","0","0","-","0"
1,"2imvzT",1,1118,2024,174,"Viet Nam","SRV","VNM",48,"Cyprus","CYP","CYP",5,15,"0","0","0","0","0","-","0"
1,"2imvzT",1,1119,2025,174,"Viet Nam","SRV","VNM",48,"Cyprus","CYP","CYP",5,13,"0","0","0","0","0","-","0"
1,"2imvzT",1,1120,1998,177,"Sudan","SUD","SDN",48,"Cyprus","CYP","CYP",5,"0","0","0","0","0","0","-","0"
1,"2imvzT",1,1121,1999,177,"Sudan","SUD","SDN",48,"Cyprus","CYP","CYP",5,"0","0","0","0","0","0","-","0"
1,"2imvzT",1,1122,2004,177,"Sudan","SUD","SDN",48,"Cyprus","CYP","CYP","0",7,"0","0","0","0","0","-","0"
1,"2imvzT",1,1123,2005,177,"Sudan","SUD","SDN",48,"Cyprus","CYP","CYP","0",9,"0","0","0","0","0","-","0"
1,"2imvzT",1,1124,2006,177,"Sudan","SUD","SDN",48,"Cyprus","CYP","CYP",5,9,"0","0","0","0","0","-","0"
1,"2imvzT",1,1125,2007,177,"Sudan","SUD","SDN",48,"Cyprus","CYP","CYP",5,9,"0","0","0","0","0","-","0"
1,"2imvzT",1,1126,2008,177,"Sudan","SUD","SDN",48,"Cyprus","CYP","CYP",5,6,"0","0","0","0","0","-","0"
1,"2imvzT",1,1127,2009,177,"Sudan","SUD","SDN",48,"Cyprus","CYP","CYP",5,"0","0","0","0","0","0","-","0"
1,"2imvzT",1,1128,2010,177,"Sudan","SUD","SDN",48,"Cyprus","CYP","CYP",5,5,"0","0","0","0","0","-","0"
1,"2imvzT",1,1129,2011,177,"Sudan","SUD","SDN",48,"Cyprus","CYP","CYP",5,5,"0","0","0","0","0","-","0"
1,"2imvzT",1,1130,2012,177,"Sudan","SUD","SDN",48,"Cyprus","CYP","CYP",5,"0","0","0","0","0","0","-","0"
1,"2imvzT",1,1131,2013,177,"Sudan","SUD","SDN",48,"Cyprus","CYP","CYP",5,5,"0","0","0","0","0","-","0"
1,"2imvzT",1,1132,2014,177,"Sudan","SUD","SDN",48,"Cyprus","CYP","CYP",6,5,"0","0","0","0","0","-","0"
1,"2imvzT",1,1133,2015,177,"Sudan","SUD","SDN",48,"Cyprus","CYP","CYP",8,5,"0","0","0","0","0","-","0"
1,"2imvzT",1,1134,2016,177,"Sudan","SUD","SDN",48,"Cyprus","CYP","CYP",8,6,"0","0","0","0","0","-","0"
1,"2imvzT",1,1135,2017,177,"Sudan","SUD","SDN",48,"Cyprus","CYP","CYP",10,5,"0","0","0","0","0","-","0"
1,"2imvzT",1,1136,2018,177,"Sudan","SUD","SDN",48,"Cyprus","CYP","CYP",13,"0","0","0","0","0","0","-","0"
1,"2imvzT",1,1137,2019,177,"Sudan","SUD","SDN",48,"Cyprus","CYP","CYP",13,5,"0","0","0","0","0","-","0"
1,"2imvzT",1,1138,2020,177,"Sudan","SUD","SDN",48,"Cyprus","CYP","CYP",13,5,"0","0","0","0","0","-","0"
1,"2imvzT",1,1139,2021,177,"Sudan","SUD","SDN",48,"Cyprus","CYP","CYP",14,8,"0","0","0","0","0","-","0"
1,"2imvzT",1,1140,2022,177,"Sudan","SUD","SDN",48,"Cyprus","CYP","CYP",14,9,"0","0","0","0","0","-","0"
1,"2imvzT",1,1141,2023,177,"Sudan","SUD","SDN",48,"Cyprus","CYP","CYP",31,12,"0","0","0","0","0","-","0"
1,"2imvzT",1,1142,2024,177,"Sudan","SUD","SDN",48,"Cyprus","CYP","CYP",92,138,"0","0","0","0","0","-","0"
1,"2imvzT",1,1143,2025,177,"Sudan","SUD","SDN",48,"Cyprus","CYP","CYP",129,292,"0","0","0","0","0","-","0"
1,"2imvzT",1,1144,1998,185,"Syrian Arab Rep.","SYR","SYR",48,"Cyprus","CYP","CYP",5,"0","0","0","0","0","0","-","0"
1,"2imvzT",1,1145,1999,185,"Syrian Arab Rep.","SYR","SYR",48,"Cyprus","CYP","CYP",15,"0","0","0","0","0","0","-","0"
1,"2imvzT",1,1146,2000,185,"Syrian Arab Rep.","SYR","SYR",48,"Cyprus","CYP","CYP",5,5,"0","0","0","0","0","-","0"
1,"2imvzT",1,1147,2001,185,"Syrian Arab Rep.","SYR","SYR",48,"Cyprus","CYP","CYP",5,26,"0","0","0","0","0","-","0"
1,"2imvzT",1,1148,2002,185,"Syrian Arab Rep.","SYR","SYR",48,"Cyprus","CYP","CYP",7,20,"0","0","0","0","0","-","0"
1,"2imvzT",1,1149,2003,185,"Syrian Arab Rep.","SYR","SYR",48,"Cyprus","CYP","CYP",13,44,"0","0","0","0","0","-","0"
1,"2imvzT",1,1150,2004,185,"Syrian Arab Rep.","SYR","SYR",48,"Cyprus","CYP","CYP",26,532,"0","0","0","0","0","-","0"
1,"2imvzT",1,1151,2005,185,"Syrian Arab Rep.","SYR","SYR",48,"Cyprus","CYP","CYP",42,1535,"0","0","0","0","0","-","0"
1,"2imvzT",1,1152,2006,185,"Syrian Arab Rep.","SYR","SYR",48,"Cyprus","CYP","CYP",50,2461,"0","0","0","0","0","-","0"
1,"2imvzT",1,1153,2007,185,"Syrian Arab Rep.","SYR","SYR",48,"Cyprus","CYP","CYP",65,2262,"0","0","0","0","0","-","0"
1,"2imvzT",1,1154,2008,185,"Syrian Arab Rep.","SYR","SYR",48,"Cyprus","CYP","CYP",70,1010,"0","0","0","0","0","-","0"
1,"2imvzT",1,1155,2009,185,"Syrian Arab Rep.","SYR","SYR",48,"Cyprus","CYP","CYP",95,404,"0","0","0","0","0","-","0"
1,"2imvzT",1,1156,2010,185,"Syrian Arab Rep.","SYR","SYR",48,"Cyprus","CYP","CYP",125,242,"0","0","0","0","0","-","0"
1,"2imvzT",1,1157,2011,185,"Syrian Arab Rep.","SYR","SYR",48,"Cyprus","CYP","CYP",137,345,"0","0","0","0","0","-","0"
1,"2imvzT",1,1158,2012,185,"Syrian Arab Rep.","SYR","SYR",48,"Cyprus","CYP","CYP",139,946,"0","0","0","0","0","-","0"
1,"2imvzT",1,1159,2013,185,"Syrian Arab Rep.","SYR","SYR",48,"Cyprus","CYP","CYP",316,1319,"0","0","0","0","0","-","0"
1,"2imvzT",1,1160,2014,185,"Syrian Arab Rep.","SYR","SYR",48,"Cyprus","CYP","CYP",1451,1110,"0","0","0","0","0","-","0"
1,"2imvzT",1,1161,2015,185,"Syrian Arab Rep.","SYR","SYR",48,"Cyprus","CYP","CYP",3110,692,"0","0","0","0",6000,"-","0"
1,"2imvzT",1,1162,2016,185,"Syrian Arab Rep.","SYR","SYR",48,"Cyprus","CYP","CYP",4263,824,"0","0","0","0",6000,"-","0"
1,"2imvzT",1,1163,2017,185,"Syrian Arab Rep.","SYR","SYR",48,"Cyprus","CYP","CYP",5274,1585,"0","0","0","0",6000,"-","0"
1,"2imvzT",1,1164,2018,185,"Syrian Arab Rep.","SYR","SYR",48,"Cyprus","CYP","CYP",6259,2553,"0","0","0","0",6000,"-","0"
1,"2imvzT",1,1165,2019,185,"Syrian Arab Rep.","SYR","SYR",48,"Cyprus","CYP","CYP",7372,4073,"0","0","0","0",4000,"-","0"
1,"2imvzT",1,1166,2020,185,"Syrian Arab Rep.","SYR","SYR",48,"Cyprus","CYP","CYP",8797,4415,"0","0","0","0",4000,"-","0"
1,"2imvzT",1,1167,2021,185,"Syrian Arab Rep.","SYR","SYR",48,"Cyprus","CYP","CYP",10735,5545,"0","0","0","0","0","-","0"
1,"2imvzT",1,1168,2022,185,"Syrian Arab Rep.","SYR","SYR",48,"Cyprus","CYP","CYP",10902,9504,"0","0","0","0","0","-","0"
1,"2imvzT",1,1169,2023,185,"Syrian Arab Rep.","SYR","SYR",48,"Cyprus","CYP","CYP",13062,12823,"0","0","0","0","0","-","0"
1,"2imvzT",1,1170,2024,185,"Syrian Arab Rep.","SYR","SYR",48,"Cyprus","CYP","CYP",14571,13838,"0","0","0","0","0","-","0"
1,"2imvzT",1,1171,2025,185,"Syrian Arab Rep.","SYR","SYR",48,"Cyprus","CYP","CYP",13766,12543,"0","0","0","0","0","-","0"
1,"2imvzT",1,1172,2022,189,"Tajikistan","TJK","TJK",48,"Cyprus","CYP","CYP","0",5,"0","0","0","0","0","-","0"
1,"2imvzT",1,1173,2023,189,"Tajikistan","TJK","TJK",48,"Cyprus","CYP","CYP","0",5,"0","0","0","0","0","-","0"
1,"2imvzT",1,1174,2024,189,"Tajikistan","TJK","TJK",48,"Cyprus","CYP","CYP","0",5,"0","0","0","0","0","-","0"
1,"2imvzT",1,1175,2020,190,"Turkmenistan","TKM","TKM",48,"Cyprus","CYP","CYP","0",5,"0","0","0","0","0","-","0"
1,"2imvzT",1,1176,2021,190,"Turkmenistan","TKM","TKM",48,"Cyprus","CYP","CYP","0",5,"0","0","0","0","0","-","0"
1,"2imvzT",1,1177,2022,190,"Turkmenistan","TKM","TKM",48,"Cyprus","CYP","CYP","0",12,"0","0","0","0","0","-","0"
1,"2imvzT",1,1178,2023,190,"Turkmenistan","TKM","TKM",48,"Cyprus","CYP","CYP",6,8,"0","0","0","0","0","-","0"
1,"2imvzT",1,1179,2024,190,"Turkmenistan","TKM","TKM",48,"Cyprus","CYP","CYP",9,8,"0","0","0","0","0","-","0"
1,"2imvzT",1,1180,2025,190,"Turkmenistan","TKM","TKM",48,"Cyprus","CYP","CYP",11,7,"0","0","0","0","0","-","0"
1,"2imvzT",1,1181,2010,192,"Togo","TOG","TGO",48,"Cyprus","CYP","CYP","0",6,"0","0","0","0","0","-","0"
1,"2imvzT",1,1182,2013,192,"Togo","TOG","TGO",48,"Cyprus","CYP","CYP","0",9,"0","0","0","0","0","-","0"
1,"2imvzT",1,1183,2014,192,"Togo","TOG","TGO",48,"Cyprus","CYP","CYP","0",6,"0","0","0","0","0","-","0"
1,"2imvzT",1,1184,2016,192,"Togo","TOG","TGO",48,"Cyprus","CYP","CYP","0",5,"0","0","0","0","0","-","0"
1,"2imvzT",1,1185,2019,192,"Togo","TOG","TGO",48,"Cyprus","CYP","CYP","0",5,"0","0","0","0","0","-","0"
1,"2imvzT",1,1186,2020,192,"Togo","TOG","TGO",48,"Cyprus","CYP","CYP","0",12,"0","0","0","0","0","-","0"
1,"2imvzT",1,1187,2021,192,"Togo","TOG","TGO",48,"Cyprus","CYP","CYP","0",15,"0","0","0","0","0","-","0"
1,"2imvzT",1,1188,2022,192,"Togo","TOG","TGO",48,"Cyprus","CYP","CYP","0",22,"0","0","0","0","0","-","0"
1,"2imvzT",1,1189,2023,192,"Togo","TOG","TGO",48,"Cyprus","CYP","CYP","0",23,"0","0","0","0","0","-","0"
1,"2imvzT",1,1190,2024,192,"Togo","TOG","TGO",48,"Cyprus","CYP","CYP","0",13,"0","0","0","0","0","-","0"
1,"2imvzT",1,1191,2025,192,"Togo","TOG","TGO",48,"Cyprus","CYP","CYP","0",15,"0","0","0","0","0","-","0"
1,"2imvzT",1,1192,2005,195,"Tunisia","TUN","TUN",48,"Cyprus","CYP","CYP","0",5,"0","0","0","0","0","-","0"
1,"2imvzT",1,1193,2006,195,"Tunisia","TUN","TUN",48,"Cyprus","CYP","CYP","0",5,"0","0","0","0","0","-","0"
1,"2imvzT",1,1194,2007,195,"Tunisia","TUN","TUN",48,"Cyprus","CYP","CYP","0",5,"0","0","0","0","0","-","0"
1,"2imvzT",1,1195,2008,195,"Tunisia","TUN","TUN",48,"Cyprus","CYP","CYP","0",8,"0","0","0","0","0","-","0"
1,"2imvzT",1,1196,2009,195,"Tunisia","TUN","TUN",48,"Cyprus","CYP","CYP","0",7,"0","0","0","0","0","-","0"
1,"2imvzT",1,1197,2010,195,"Tunisia","TUN","TUN",48,"Cyprus","CYP","CYP","0",8,"0","0","0","0","0","-","0"
1,"2imvzT",1,1198,2016,195,"Tunisia","TUN","TUN",48,"Cyprus","CYP","CYP","0",5,"0","0","0","0","0","-","0"
1,"2imvzT",1,1199,2017,195,"Tunisia","TUN","TUN",48,"Cyprus","CYP","CYP","0",5,"0","0","0","0","0","-","0"
1,"2imvzT",1,1200,2019,195,"Tunisia","TUN","TUN",48,"Cyprus","CYP","CYP","0",5,"0","0","0","0","0","-","0"
1,"2imvzT",1,1201,2022,195,"Tunisia","TUN","TUN",48,"Cyprus","CYP","CYP","0",5,"0","0","0","0","0","-","0"
1,"2imvzT",1,1202,1972,196,"Türkiye","TUR","TUR",48,"Cyprus","CYP","CYP",200,"0","0","0","0","0","0","-","0"
1,"2imvzT",1,1203,2000,196,"Türkiye","TUR","TUR",48,"Cyprus","CYP","CYP","0",5,"0","0","0","0","0","-","0"
1,"2imvzT",1,1204,2001,196,"Türkiye","TUR","TUR",48,"Cyprus","CYP","CYP","0",28,"0","0","0","0","0","-","0"
1,"2imvzT",1,1205,2002,196,"Türkiye","TUR","TUR",48,"Cyprus","CYP","CYP","0",106,"0","0","0","0","0","-","0"
1,"2imvzT",1,1206,2003,196,"Türkiye","TUR","TUR",48,"Cyprus","CYP","CYP",19,308,"0","0","0","0","0","-","0"
1,"2imvzT",1,1207,2004,196,"Türkiye","TUR","TUR",48,"Cyprus","CYP","CYP",32,250,"0","0","0","0","0","-","0"
1,"2imvzT",1,1208,2005,196,"Türkiye","TUR","TUR",48,"Cyprus","CYP","CYP",52,325,"0","0","0","0","0","-","0"
1,"2imvzT",1,1209,2006,196,"Türkiye","TUR","TUR",48,"Cyprus","CYP","CYP",59,212,"0","0","0","0","0","-","0"
1,"2imvzT",1,1210,2007,196,"Türkiye","TUR","TUR",48,"Cyprus","CYP","CYP",76,109,"0","0","0","0","0","-","0"
1,"2imvzT",1,1211,2008,196,"Türkiye","TUR","TUR",48,"Cyprus","CYP","CYP",98,74,"0","0","0","0","0","-","0"
1,"2imvzT",1,1212,2009,196,"Türkiye","TUR","TUR",48,"Cyprus","CYP","CYP",119,101,"0","0","0","0","0","-","0"
1,"2imvzT",1,1213,2010,196,"Türkiye","TUR","TUR",48,"Cyprus","CYP","CYP",138,187,"0","0","0","0","0","-","0"
1,"2imvzT",1,1214,2011,196,"Türkiye","TUR","TUR",48,"Cyprus","CYP","CYP",152,147,"0","0","0","0","0","-","0"
1,"2imvzT",1,1215,2012,196,"Türkiye","TUR","TUR",48,"Cyprus","CYP","CYP",158,78,"0","0","0","0","0","-","0"
1,"2imvzT",1,1216,2013,196,"Türkiye","TUR","TUR",48,"Cyprus","CYP","CYP",162,15,"0","0","0","0","0","-","0"
1,"2imvzT",1,1217,2014,196,"Türkiye","TUR","TUR",48,"Cyprus","CYP","CYP",164,43,"0","0","0","0","0","-","0"
1,"2imvzT",1,1218,2015,196,"Türkiye","TUR","TUR",48,"Cyprus","CYP","CYP",170,13,"0","0","0","0","0","-","0"
1,"2imvzT",1,1219,2016,196,"Türkiye","TUR","TUR",48,"Cyprus","CYP","CYP",174,38,"0","0","0","0","0","-","0"
1,"2imvzT",1,1220,2017,196,"Türkiye","TUR","TUR",48,"Cyprus","CYP","CYP",193,78,"0","0","0","0","0","-","0"
1,"2imvzT",1,1221,2018,196,"Türkiye","TUR","TUR",48,"Cyprus","CYP","CYP",210,111,"0","0","0","0","0","-","0"
1,"2imvzT",1,1222,2019,196,"Türkiye","TUR","TUR",48,"Cyprus","CYP","CYP",223,202,"0","0","0","0","0","-","0"
1,"2imvzT",1,1223,2020,196,"Türkiye","TUR","TUR",48,"Cyprus","CYP","CYP",240,224,"0","0","0","0","0","-","0"
1,"2imvzT",1,1224,2021,196,"Türkiye","TUR","TUR",48,"Cyprus","CYP","CYP",243,262,"0","0","0","0","0","-","0"
1,"2imvzT",1,1225,2022,196,"Türkiye","TUR","TUR",48,"Cyprus","CYP","CYP",266,337,"0","0","0","0","0","-","0"
1,"2imvzT",1,1226,2023,196,"Türkiye","TUR","TUR",48,"Cyprus","CYP","CYP",278,292,"0","0","0","0","0","-","0"
1,"2imvzT",1,1227,2024,196,"Türkiye","TUR","TUR",48,"Cyprus","CYP","CYP",305,196,"0","0","0","0","0","-","0"
1,"2imvzT",1,1228,2025,196,"Türkiye","TUR","TUR",48,"Cyprus","CYP","CYP",313,137,"0","0","0","0","0","-","0"
1,"2imvzT",1,1229,2022,199,"Uganda","UGA","UGA",48,"Cyprus","CYP","CYP","0",5,"0","0","0","0","0","-","0"
1,"2imvzT",1,1230,2023,199,"Uganda","UGA","UGA",48,"Cyprus","CYP","CYP","0",5,"0","0","0","0","0","-","0"
1,"2imvzT",1,1231,2024,199,"Uganda","UGA","UGA",48,"Cyprus","CYP","CYP","0",5,"0","0","0","0","0","-","0"
1,"2imvzT",1,1232,2025,199,"Uganda","UGA","UGA",48,"Cyprus","CYP","CYP","0",7,"0","0","0","0","0","-","0"
1,"2imvzT",1,1233,2001,200,"Ukraine","UKR","UKR",48,"Cyprus","CYP","CYP","0",20,"0","0","0","0","0","-","0"
1,"2imvzT",1,1234,2002,200,"Ukraine","UKR","UKR",48,"Cyprus","CYP","CYP","0",34,"0","0","0","0","0","-","0"
1,"2imvzT",1,1235,2003,200,"Ukraine","UKR","UKR",48,"Cyprus","CYP","CYP","0",99,"0","0","0","0","0","-","0"
1,"2imvzT",1,1236,2004,200,"Ukraine","UKR","UKR",48,"Cyprus","CYP","CYP",5,823,"0","0","0","0","0","-","0"
1,"2imvzT",1,1237,2005,200,"Ukraine","UKR","UKR",48,"Cyprus","CYP","CYP",12,1100,"0","0","0","0","0","-","0"
1,"2imvzT",1,1238,2006,200,"Ukraine","UKR","UKR",48,"Cyprus","CYP","CYP",14,870,"0","0","0","0","0","-","0"
1,"2imvzT",1,1239,2007,200,"Ukraine","UKR","UKR",48,"Cyprus","CYP","CYP",18,407,"0","0","0","0","0","-","0"
1,"2imvzT",1,1240,2008,200,"Ukraine","UKR","UKR",48,"Cyprus","CYP","CYP",21,274,"0","0","0","0","0","-","0"
1,"2imvzT",1,1241,2009,200,"Ukraine","UKR","UKR",48,"Cyprus","CYP","CYP",28,58,"0","0","0","0","0","-","0"
1,"2imvzT",1,1242,2010,200,"Ukraine","UKR","UKR",48,"Cyprus","CYP","CYP",28,71,"0","0","0","0","0","-","0"
1,"2imvzT",1,1243,2011,200,"Ukraine","UKR","UKR",48,"Cyprus","CYP","CYP",28,60,"0","0","0","0","0","-","0"
1,"2imvzT",1,1244,2012,200,"Ukraine","UKR","UKR",48,"Cyprus","CYP","CYP",28,11,"0","0","0","0","0","-","0"
1,"2imvzT",1,1245,2013,200,"Ukraine","UKR","UKR",48,"Cyprus","CYP","CYP",28,5,"0","0","0","0","0","-","0"
1,"2imvzT",1,1246,2014,200,"Ukraine","UKR","UKR",48,"Cyprus","CYP","CYP",29,89,"0","0","0","0","0","-","0"
1,"2imvzT",1,1247,2015,200,"Ukraine","UKR","UKR",48,"Cyprus","CYP","CYP",29,125,"0","0","0","0","0","-","0"
1,"2imvzT",1,1248,2016,200,"Ukraine","UKR","UKR",48,"Cyprus","CYP","CYP",29,121,"0","0","0","0","0","-","0"
1,"2imvzT",1,1249,2017,200,"Ukraine","UKR","UKR",48,"Cyprus","CYP","CYP",30,110,"0","0","0","0","0","-","0"
1,"2imvzT",1,1250,2018,200,"Ukraine","UKR","UKR",48,"Cyprus","CYP","CYP",30,120,"0","0","0","0","0","-","0"
1,"2imvzT",1,1251,2019,200,"Ukraine","UKR","UKR",48,"Cyprus","CYP","CYP",30,135,"0","0","0","0","0","-","0"
1,"2imvzT",1,1252,2020,200,"Ukraine","UKR","UKR",48,"Cyprus","CYP","CYP",30,139,"0","0","0","0","0","-","0"
1,"2imvzT",1,1253,2021,200,"Ukraine","UKR","UKR",48,"Cyprus","CYP","CYP",31,64,"0","0","0","0","0","-","0"
1,"2imvzT",1,1254,2022,200,"Ukraine","UKR","UKR",48,"Cyprus","CYP","CYP",12472,94,"0","0","0","0","0","-","0"
1,"2imvzT",1,1255,2023,200,"Ukraine","UKR","UKR",48,"Cyprus","CYP","CYP",19019,111,"0","0","0","0","0","-","0"
1,"2imvzT",1,1256,2024,200,"Ukraine","UKR","UKR",48,"Cyprus","CYP","CYP",21875,85,"0","0","0","0","0","-","0"
1,"2imvzT",1,1257,2025,200,"Ukraine","UKR","UKR",48,"Cyprus","CYP","CYP",23853,43,"0","0","0","0","0","-","0"
1,"2imvzT",1,1258,2025,202,"United States of America","USA","USA",48,"Cyprus","CYP","CYP",15,"0","0","0","0","0","0","-","0"
1,"2imvzT",1,1259,2001,203,"Uzbekistan","UZB","UZB",48,"Cyprus","CYP","CYP","0",5,"0","0","0","0","0","-","0"
1,"2imvzT",1,1260,2002,203,"Uzbekistan","UZB","UZB",48,"Cyprus","CYP","CYP","0",5,"0","0","0","0","0","-","0"
1,"2imvzT",1,1261,2003,203,"Uzbekistan","UZB","UZB",48,"Cyprus","CYP","CYP","0",5,"0","0","0","0","0","-","0"
1,"2imvzT",1,1262,2004,203,"Uzbekistan","UZB","UZB",48,"Cyprus","CYP","CYP","0",32,"0","0","0","0","0","-","0"
1,"2imvzT",1,1263,2005,203,"Uzbekistan","UZB","UZB",48,"Cyprus","CYP","CYP",5,57,"0","0","0","0","0","-","0"
1,"2imvzT",1,1264,2006,203,"Uzbekistan","UZB","UZB",48,"Cyprus","CYP","CYP",5,84,"0","0","0","0","0","-","0"
1,"2imvzT",1,1265,2007,203,"Uzbekistan","UZB","UZB",48,"Cyprus","CYP","CYP",5,87,"0","0","0","0","0","-","0"
1,"2imvzT",1,1266,2008,203,"Uzbekistan","UZB","UZB",48,"Cyprus","CYP","CYP",5,73,"0","0","0","0","0","-","0"
1,"2imvzT",1,1267,2009,203,"Uzbekistan","UZB","UZB",48,"Cyprus","CYP","CYP",5,25,"0","0","0","0","0","-","0"
1,"2imvzT",1,1268,2010,203,"Uzbekistan","UZB","UZB",48,"Cyprus","CYP","CYP",5,24,"0","0","0","0","0","-","0"
1,"2imvzT",1,1269,2011,203,"Uzbekistan","UZB","UZB",48,"Cyprus","CYP","CYP",5,17,"0","0","0","0","0","-","0"
1,"2imvzT",1,1270,2012,203,"Uzbekistan","UZB","UZB",48,"Cyprus","CYP","CYP",5,"0","0","0","0","0","0","-","0"
1,"2imvzT",1,1271,2013,203,"Uzbekistan","UZB","UZB",48,"Cyprus","CYP","CYP",5,"0","0","0","0","0","0","-","0"
1,"2imvzT",1,1272,2014,203,"Uzbekistan","UZB","UZB",48,"Cyprus","CYP","CYP",5,"0","0","0","0","0","0","-","0"
1,"2imvzT",1,1273,2015,203,"Uzbekistan","UZB","UZB",48,"Cyprus","CYP","CYP",5,"0","0","0","0","0","0","-","0"
1,"2imvzT",1,1274,2016,203,"Uzbekistan","UZB","UZB",48,"Cyprus","CYP","CYP",5,"0","0","0","0","0","0","-","0"
1,"2imvzT",1,1275,2017,203,"Uzbekistan","UZB","UZB",48,"Cyprus","CYP","CYP",5,5,"0","0","0","0","0","-","0"
1,"2imvzT",1,1276,2018,203,"Uzbekistan","UZB","UZB",48,"Cyprus","CYP","CYP",5,5,"0","0","0","0","0","-","0"
1,"2imvzT",1,1277,2019,203,"Uzbekistan","UZB","UZB",48,"Cyprus","CYP","CYP",5,10,"0","0","0","0","0","-","0"
1,"2imvzT",1,1278,2020,203,"Uzbekistan","UZB","UZB",48,"Cyprus","CYP","CYP",5,13,"0","0","0","0","0","-","0"
1,"2imvzT",1,1279,2021,203,"Uzbekistan","UZB","UZB",48,"Cyprus","CYP","CYP",5,5,"0","0","0","0","0","-","0"
1,"2imvzT",1,1280,2022,203,"Uzbekistan","UZB","UZB",48,"Cyprus","CYP","CYP",5,5,"0","0","0","0","0","-","0"
1,"2imvzT",1,1281,2023,203,"Uzbekistan","UZB","UZB",48,"Cyprus","CYP","CYP",5,5,"0","0","0","0","0","-","0"
1,"2imvzT",1,1282,2024,203,"Uzbekistan","UZB","UZB",48,"Cyprus","CYP","CYP",5,5,"0","0","0","0","0","-","0"
1,"2imvzT",1,1283,2025,203,"Uzbekistan","UZB","UZB",48,"Cyprus","CYP","CYP",5,"0","0","0","0","0","0","-","0"
1,"2imvzT",1,1284,2019,207,"Venezuela (Bolivarian Republic of)","VEN","VEN",48,"Cyprus","CYP","CYP","0",5,"0","0","0","0","0","-","0"
1,"2imvzT",1,1285,2003,211,"Yemen","YEM","YEM",48,"Cyprus","CYP","CYP","0",5,"0","0","0","0","0","-","0"
1,"2imvzT",1,1286,2006,211,"Yemen","YEM","YEM",48,"Cyprus","CYP","CYP",5,"0","0","0","0","0","0","-","0"
1,"2imvzT",1,1287,2007,211,"Yemen","YEM","YEM",48,"Cyprus","CYP","CYP",5,"0","0","0","0","0","0","-","0"
1,"2imvzT",1,1288,2008,211,"Yemen","YEM","YEM",48,"Cyprus","CYP","CYP",5,"0","0","0","0","0","0","-","0"
1,"2imvzT",1,1289,2009,211,"Yemen","YEM","YEM",48,"Cyprus","CYP","CYP",5,"0","0","0","0","0","0","-","0"
1,"2imvzT",1,1290,2010,211,"Yemen","YEM","YEM",48,"Cyprus","CYP","CYP",5,"0","0","0","0","0","0","-","0"
1,"2imvzT",1,1291,2011,211,"Yemen","YEM","YEM",48,"Cyprus","CYP","CYP",5,"0","0","0","0","0","0","-","0"
1,"2imvzT",1,1292,2012,211,"Yemen","YEM","YEM",48,"Cyprus","CYP","CYP",5,"0","0","0","0","0","0","-","0"
1,"2imvzT",1,1293,2013,211,"Yemen","YEM","YEM",48,"Cyprus","CYP","CYP",5,"0","0","0","0","0","0","-","0"
1,"2imvzT",1,1294,2014,211,"Yemen","YEM","YEM",48,"Cyprus","CYP","CYP",5,"0","0","0","0","0","0","-","0"
1,"2imvzT",1,1295,2015,211,"Yemen","YEM","YEM",48,"Cyprus","CYP","CYP",5,8,"0","0","0","0","0","-","0"
1,"2imvzT",1,1296,2016,211,"Yemen","YEM","YEM",48,"Cyprus","CYP","CYP",5,14,"0","0","0","0","0","-","0"
1,"2imvzT",1,1297,2017,211,"Yemen","YEM","YEM",48,"Cyprus","CYP","CYP",10,13,"0","0","0","0","0","-","0"
1,"2imvzT",1,1298,2018,211,"Yemen","YEM","YEM",48,"Cyprus","CYP","CYP",20,9,"0","0","0","0","0","-","0"
1,"2imvzT",1,1299,2019,211,"Yemen","YEM","YEM",48,"Cyprus","CYP","CYP",25,10,"0","0","0","0","0","-","0"
1,"2imvzT",1,1300,2020,211,"Yemen","YEM","YEM",48,"Cyprus","CYP","CYP",27,20,"0","0","0","0","0","-","0"
1,"2imvzT",1,1301,2021,211,"Yemen","YEM","YEM",48,"Cyprus","CYP","CYP",41,28,"0","0","0","0","0","-","0"
1,"2imvzT",1,1302,2022,211,"Yemen","YEM","YEM",48,"Cyprus","CYP","CYP",61,30,"0","0","0","0","0","-","0"
1,"2imvzT",1,1303,2023,211,"Yemen","YEM","YEM",48,"Cyprus","CYP","CYP",83,25,"0","0","0","0","0","-","0"
1,"2imvzT",1,1304,2024,211,"Yemen","YEM","YEM",48,"Cyprus","CYP","CYP",115,35,"0","0","0","0","0","-","0"
1,"2imvzT",1,1305,2025,211,"Yemen","YEM","YEM",48,"Cyprus","CYP","CYP",115,63,"0","0","0","0","0","-","0"
1,"2imvzT",1,1306,2014,214,"Zimbabwe","ZIM","ZWE",48,"Cyprus","CYP","CYP","0",5,"0","0","0","0","0","-","0"
1,"2imvzT",1,1307,2015,214,"Zimbabwe","ZIM","ZWE",48,"Cyprus","CYP","CYP","0",5,"0","0","0","0","0","-","0"
1,"2imvzT",1,1308,2016,214,"Zimbabwe","ZIM","ZWE",48,"Cyprus","CYP","CYP","0",5,"0","0","0","0","0","-","0"
1,"2imvzT",1,1309,2017,214,"Zimbabwe","ZIM","ZWE",48,"Cyprus","CYP","CYP","0",5,"0","0","0","0","0","-","0"
1,"2imvzT",1,1310,2018,214,"Zimbabwe","ZIM","ZWE",48,"Cyprus","CYP","CYP","0",12,"0","0","0","0","0","-","0"
1,"2imvzT",1,1311,2019,214,"Zimbabwe","ZIM","ZWE",48,"Cyprus","CYP","CYP","0",24,"0","0","0","0","0","-","0"
1,"2imvzT",1,1312,2020,214,"Zimbabwe","ZIM","ZWE",48,"Cyprus","CYP","CYP","0",24,"0","0","0","0","0","-","0"
1,"2imvzT",1,1313,2021,214,"Zimbabwe","ZIM","ZWE",48,"Cyprus","CYP","CYP","0",23,"0","0","0","0","0","-","0"
1,"2imvzT",1,1314,2022,214,"Zimbabwe","ZIM","ZWE",48,"Cyprus","CYP","CYP","0",25,"0","0","0","0","0","-","0"
1,"2imvzT",1,1315,2023,214,"Zimbabwe","ZIM","ZWE",48,"Cyprus","CYP","CYP","0",23,"0","0","0","0","0","-","0"
1,"2imvzT",1,1316,2024,214,"Zimbabwe","ZIM","ZWE",48,"Cyprus","CYP","CYP",6,18,"0","0","0","0","0","-","0"
1,"2imvzT",1,1317,2025,214,"Zimbabwe","ZIM","ZWE",48,"Cyprus","CYP","CYP",6,19,"0","0","0","0","0","-","0"
1,"2imvzT",1,1318,1998,216,"Stateless","STA","XXA",48,"Cyprus","CYP","CYP",5,"0","0","0","0","0","0","-","0"
1,"2imvzT",1,1319,1999,216,"Stateless","STA","XXA",48,"Cyprus","CYP","CYP",5,"0","0","0","0","0","0","-","0"
1,"2imvzT",1,1320,2014,216,"Stateless","STA","XXA",48,"Cyprus","CYP","CYP","0",5,"0","0","0","0","0","-","0"
1,"2imvzT",1,1321,2015,216,"Stateless","STA","XXA",48,"Cyprus","CYP","CYP",56,16,"0","0","0","0","0","-","0"
1,"2imvzT",1,1322,2016,216,"Stateless","STA","XXA",48,"Cyprus","CYP","CYP",56,"0","0","0","0","0","0","-","0"
1,"2imvzT",1,1323,2017,216,"Stateless","STA","XXA",48,"Cyprus","CYP","CYP",56,"0","0","0","0","0","0","-","0"
1,"2imvzT",1,1324,2018,216,"Stateless","STA","XXA",48,"Cyprus","CYP","CYP",56,"0","0","0","0","0","0","-","0"
1,"2imvzT",1,1325,2019,216,"Stateless","STA","XXA",48,"Cyprus","CYP","CYP",56,"0","0","0","0",56,"0","-","0"
1,"2imvzT",1,1326,2020,216,"Stateless","STA","XXA",48,"Cyprus","CYP","CYP",56,"0","0","0","0",56,"0","-","0"
1,"2imvzT",1,1327,2021,216,"Stateless","STA","XXA",48,"Cyprus","CYP","CYP",66,"0","0","0","0",66,"0","-","0"
1,"2imvzT",1,1328,2022,216,"Stateless","STA","XXA",48,"Cyprus","CYP","CYP",76,"0","0","0","0",76,"0","-","0"
1,"2imvzT",1,1329,2023,216,"Stateless","STA","XXA",48,"Cyprus","CYP","CYP",76,10,"0","0","0",86,"0","-","0"
1,"2imvzT",1,1330,2024,216,"Stateless","STA","XXA",48,"Cyprus","CYP","CYP",84,46,"0","0","0",130,"0","-","0"
1,"2imvzT",1,1331,2025,216,"Stateless","STA","XXA",48,"Cyprus","CYP","CYP",84,39,"0","0","0",123,"0","-","0"
1,"2imvzT",1,1332,1988,262,"Unknown ","UKN","UNK",48,"Cyprus","CYP","CYP",60,"0",110,"0","0","0","0","-","0"
1,"2imvzT",1,1333,1990,262,"Unknown ","UKN","UNK",48,"Cyprus","CYP","CYP","0","0",110,"0","0","0","0","-","0"
1,"2imvzT",1,1334,1991,262,"Unknown ","UKN","UNK",48,"Cyprus","CYP","CYP","0","0",50,"0","0","0","0","-","0"
1,"2imvzT",1,1335,1992,262,"Unknown ","UKN","UNK",48,"Cyprus","CYP","CYP",80,"0","0","0","0","0","0","-","0"
1,"2imvzT",1,1336,1999,262,"Unknown ","UKN","UNK",48,"Cyprus","CYP","CYP","0","0","0","0","0","0",5,"-","0"
1,"2imvzT",1,1337,2000,262,"Unknown ","UKN","UNK",48,"Cyprus","CYP","CYP","0","0","0","0","0","0",5,"-","0"
1,"2imvzT",1,1338,2015,262,"Unknown ","UKN","UNK",48,"Cyprus","CYP","CYP","0",5,"0","0","0","0","0","-","0"
1,"2imvzT",1,1339,2016,262,"Unknown ","UKN","UNK",48,"Cyprus","CYP","CYP","0",5,"0","0","0","0","0","-","0"
1,"2imvzT",1,1340,2017,262,"Unknown ","UKN","UNK",48,"Cyprus","CYP","CYP","0",9,"0","0","0","0","0","-","0"
1,"2imvzT",1,1341,2018,262,"Unknown ","UKN","UNK",48,"Cyprus","CYP","CYP","0",8,"0","0","0","0","0","-","0"
1,"2imvzT",1,1342,2019,262,"Unknown ","UKN","UNK",48,"Cyprus","CYP","CYP","0",8,"0","0","0","0","0","-","0"
1,"2imvzT",1,1343,2020,262,"Unknown ","UKN","UNK",48,"Cyprus","CYP","CYP","0",867,"0","0","0","0","0","-","0"
1,"2imvzT",1,1344,2021,262,"Unknown ","UKN","UNK",48,"Cyprus","CYP","CYP","0",87,"0","0","0","0","0","-","0"
1,"2imvzT",1,1345,2022,262,"Unknown ","UKN","UNK",48,"Cyprus","CYP","CYP","0",52,"0","0","0","0","0","-","0"
1,"2imvzT",1,1346,2023,262,"Unknown ","UKN","UNK",48,"Cyprus","CYP","CYP","0",34,"0","0","0","0","0","-","0"
1,"2imvzT",1,1347,2024,262,"Unknown ","UKN","UNK",48,"Cyprus","CYP","CYP",41,76,"0","0","0","0","0","-","0"
1,"2imvzT",1,1348,2025,262,"Unknown ","UKN","UNK",48,"Cyprus","CYP","CYP",16,10,"0","0","0","0","0","-","0"
