"page","short-url","maxPages","items","year","coo_id","coo_name","coo","coo_iso","coa_id","coa_name","coa","coa_iso","refugees","asylum_seekers","idps","oip","stateless","hst","ooc"
1,"dS8HrR",1,1,1996,2,"Afghanistan","AFG","AFG",49,"Czechia","CZE","CZE",125,"0","0","-","0","0","0"
1,"dS8HrR",1,2,1997,2,"Afghanistan","AFG","AFG",49,"Czechia","CZE","CZE",151,"0","0","-","0","0","0"
1,"dS8HrR",1,3,1998,2,"Afghanistan","AFG","AFG",49,"Czechia","CZE","CZE",166,"0","0","-","0","0","0"
1,"dS8HrR",1,4,1999,2,"Afghanistan","AFG","AFG",49,"Czechia","CZE","CZE",174,"0","0","-","0","0","0"
1,"dS8HrR",1,5,2000,2,"Afghanistan","AFG","AFG",49,"Czechia","CZE","CZE",192,395,"0","-","0","0","0"
1,"dS8HrR",1,6,2001,2,"Afghanistan","AFG","AFG",49,"Czechia","CZE","CZE",199,133,"0","-","0","0","0"
1,"dS8HrR",1,7,2002,2,"Afghanistan","AFG","AFG",49,"Czechia","CZE","CZE",216,47,"0","-","0","0","0"
1,"dS8HrR",1,8,2003,2,"Afghanistan","AFG","AFG",49,"Czechia","CZE","CZE",240,23,"0","-","0","0","0"
1,"dS8HrR",1,9,2004,2,"Afghanistan","AFG","AFG",49,"Czechia","CZE","CZE",247,12,"0","-","0","0","0"
1,"dS8HrR",1,10,2005,2,"Afghanistan","AFG","AFG",49,"Czechia","CZE","CZE",241,5,"0","-","0","0","0"
1,"dS8HrR",1,11,2006,2,"Afghanistan","AFG","AFG",49,"Czechia","CZE","CZE",237,"0","0","-","0","0","0"
1,"dS8HrR",1,12,2007,2,"Afghanistan","AFG","AFG",49,"Czechia","CZE","CZE",242,16,"0","-","0","0","0"
1,"dS8HrR",1,13,2008,2,"Afghanistan","AFG","AFG",49,"Czechia","CZE","CZE",226,22,"0","-","0","0","0"
1,"dS8HrR",1,14,2009,2,"Afghanistan","AFG","AFG",49,"Czechia","CZE","CZE",222,10,"0","-","0","0","0"
1,"dS8HrR",1,15,2010,2,"Afghanistan","AFG","AFG",49,"Czechia","CZE","CZE",224,7,"0","-","0","0","0"
1,"dS8HrR",1,16,2011,2,"Afghanistan","AFG","AFG",49,"Czechia","CZE","CZE",224,"0","0","-","0","0","0"
1,"dS8HrR",1,17,2012,2,"Afghanistan","AFG","AFG",49,"Czechia","CZE","CZE",241,14,"0","-","0","0","0"
1,"dS8HrR",1,18,2013,2,"Afghanistan","AFG","AFG",49,"Czechia","CZE","CZE",238,10,"0","-","0","0","0"
1,"dS8HrR",1,19,2014,2,"Afghanistan","AFG","AFG",49,"Czechia","CZE","CZE",228,7,"0","-","0","0","0"
1,"dS8HrR",1,20,2015,2,"Afghanistan","AFG","AFG",49,"Czechia","CZE","CZE",234,6,"0","-","0","0","0"
1,"dS8HrR",1,21,2016,2,"Afghanistan","AFG","AFG",49,"Czechia","CZE","CZE",234,16,"0","-","0","0","0"
1,"dS8HrR",1,22,2017,2,"Afghanistan","AFG","AFG",49,"Czechia","CZE","CZE",234,5,"0","-","0","0","0"
1,"dS8HrR",1,23,2018,2,"Afghanistan","AFG","AFG",49,"Czechia","CZE","CZE",46,16,"0","-","0","0","0"
1,"dS8HrR",1,24,2019,2,"Afghanistan","AFG","AFG",49,"Czechia","CZE","CZE",45,14,"0","-","0","0","0"
1,"dS8HrR",1,25,2020,2,"Afghanistan","AFG","AFG",49,"Czechia","CZE","CZE",39,5,"0","-","0","0","0"
1,"dS8HrR",1,26,2021,2,"Afghanistan","AFG","AFG",49,"Czechia","CZE","CZE",150,36,"0","-","0","0","0"
1,"dS8HrR",1,27,2022,2,"Afghanistan","AFG","AFG",49,"Czechia","CZE","CZE",187,42,"0","-","0","0","0"
1,"dS8HrR",1,28,2023,2,"Afghanistan","AFG","AFG",49,"Czechia","CZE","CZE",253,5,"0","-","0","0","0"
1,"dS8HrR",1,29,2024,2,"Afghanistan","AFG","AFG",49,"Czechia","CZE","CZE",262,"0","0","-","0","0","0"
1,"dS8HrR",1,30,2025,2,"Afghanistan","AFG","AFG",49,"Czechia","CZE","CZE",265,"0","0","-","0","0","0"
1,"dS8HrR",1,31,1996,3,"Albania","ALB","ALB",49,"Czechia","CZE","CZE",38,"0","0","-","0","0","0"
1,"dS8HrR",1,32,1997,3,"Albania","ALB","ALB",49,"Czechia","CZE","CZE",46,"0","0","-","0","0","0"
1,"dS8HrR",1,33,1998,3,"Albania","ALB","ALB",49,"Czechia","CZE","CZE",46,"0","0","-","0","0","0"
1,"dS8HrR",1,34,1999,3,"Albania","ALB","ALB",49,"Czechia","CZE","CZE",19,"0","0","-","0","0","0"
1,"dS8HrR",1,35,2000,3,"Albania","ALB","ALB",49,"Czechia","CZE","CZE",18,"0","0","-","0","0","0"
1,"dS8HrR",1,36,2001,3,"Albania","ALB","ALB",49,"Czechia","CZE","CZE",18,"0","0","-","0","0","0"
1,"dS8HrR",1,37,2002,3,"Albania","ALB","ALB",49,"Czechia","CZE","CZE",18,"0","0","-","0","0","0"
1,"dS8HrR",1,38,2003,3,"Albania","ALB","ALB",49,"Czechia","CZE","CZE",15,"0","0","-","0","0","0"
1,"dS8HrR",1,39,2004,3,"Albania","ALB","ALB",49,"Czechia","CZE","CZE",14,"0","0","-","0","0","0"
1,"dS8HrR",1,40,2005,3,"Albania","ALB","ALB",49,"Czechia","CZE","CZE",14,"0","0","-","0","0","0"
1,"dS8HrR",1,41,2006,3,"Albania","ALB","ALB",49,"Czechia","CZE","CZE",13,"0","0","-","0","0","0"
1,"dS8HrR",1,42,2007,3,"Albania","ALB","ALB",49,"Czechia","CZE","CZE",12,"0","0","-","0","0","0"
1,"dS8HrR",1,43,2008,3,"Albania","ALB","ALB",49,"Czechia","CZE","CZE",12,"0","0","-","0","0","0"
1,"dS8HrR",1,44,2009,3,"Albania","ALB","ALB",49,"Czechia","CZE","CZE",12,"0","0","-","0","0","0"
1,"dS8HrR",1,45,2010,3,"Albania","ALB","ALB",49,"Czechia","CZE","CZE",12,"0","0","-","0","0","0"
1,"dS8HrR",1,46,2011,3,"Albania","ALB","ALB",49,"Czechia","CZE","CZE",12,"0","0","-","0","0","0"
1,"dS8HrR",1,47,2012,3,"Albania","ALB","ALB",49,"Czechia","CZE","CZE",17,"0","0","-","0","0","0"
1,"dS8HrR",1,48,2013,3,"Albania","ALB","ALB",49,"Czechia","CZE","CZE",17,"0","0","-","0","0","0"
1,"dS8HrR",1,49,2014,3,"Albania","ALB","ALB",49,"Czechia","CZE","CZE",11,"0","0","-","0","0","0"
1,"dS8HrR",1,50,2015,3,"Albania","ALB","ALB",49,"Czechia","CZE","CZE",6,"0","0","-","0","0","0"
1,"dS8HrR",1,51,2016,3,"Albania","ALB","ALB",49,"Czechia","CZE","CZE",6,"0","0","-","0","0","0"
1,"dS8HrR",1,52,2017,3,"Albania","ALB","ALB",49,"Czechia","CZE","CZE",6,"0","0","-","0","0","0"
1,"dS8HrR",1,53,2000,4,"Algeria","ALG","DZA",49,"Czechia","CZE","CZE","0",72,"0","-","0","0","0"
1,"dS8HrR",1,54,2001,4,"Algeria","ALG","DZA",49,"Czechia","CZE","CZE","0",100,"0","-","0","0","0"
1,"dS8HrR",1,55,2002,4,"Algeria","ALG","DZA",49,"Czechia","CZE","CZE","0",94,"0","-","0","0","0"
1,"dS8HrR",1,56,2003,4,"Algeria","ALG","DZA",49,"Czechia","CZE","CZE","0",50,"0","-","0","0","0"
1,"dS8HrR",1,57,2004,4,"Algeria","ALG","DZA",49,"Czechia","CZE","CZE","0",13,"0","-","0","0","0"
1,"dS8HrR",1,58,2005,4,"Algeria","ALG","DZA",49,"Czechia","CZE","CZE","0",8,"0","-","0","0","0"
1,"dS8HrR",1,59,2006,4,"Algeria","ALG","DZA",49,"Czechia","CZE","CZE","0",42,"0","-","0","0","0"
1,"dS8HrR",1,60,2007,4,"Algeria","ALG","DZA",49,"Czechia","CZE","CZE","0",14,"0","-","0","0","0"
1,"dS8HrR",1,61,2008,4,"Algeria","ALG","DZA",49,"Czechia","CZE","CZE","0",13,"0","-","0","0","0"
1,"dS8HrR",1,62,2009,4,"Algeria","ALG","DZA",49,"Czechia","CZE","CZE","0",11,"0","-","0","0","0"
1,"dS8HrR",1,63,2010,4,"Algeria","ALG","DZA",49,"Czechia","CZE","CZE","0",7,"0","-","0","0","0"
1,"dS8HrR",1,64,2012,4,"Algeria","ALG","DZA",49,"Czechia","CZE","CZE","0",10,"0","-","0","0","0"
1,"dS8HrR",1,65,2013,4,"Algeria","ALG","DZA",49,"Czechia","CZE","CZE","0",5,"0","-","0","0","0"
1,"dS8HrR",1,66,2015,4,"Algeria","ALG","DZA",49,"Czechia","CZE","CZE","0",5,"0","-","0","0","0"
1,"dS8HrR",1,67,2016,4,"Algeria","ALG","DZA",49,"Czechia","CZE","CZE","0",8,"0","-","0","0","0"
1,"dS8HrR",1,68,2017,4,"Algeria","ALG","DZA",49,"Czechia","CZE","CZE","0",5,"0","-","0","0","0"
1,"dS8HrR",1,69,2018,4,"Algeria","ALG","DZA",49,"Czechia","CZE","CZE","0",8,"0","-","0","0","0"
1,"dS8HrR",1,70,2019,4,"Algeria","ALG","DZA",49,"Czechia","CZE","CZE","0",5,"0","-","0","0","0"
1,"dS8HrR",1,71,2020,4,"Algeria","ALG","DZA",49,"Czechia","CZE","CZE","0",5,"0","-","0","0","0"
1,"dS8HrR",1,72,2021,4,"Algeria","ALG","DZA",49,"Czechia","CZE","CZE","0",8,"0","-","0","0","0"
1,"dS8HrR",1,73,2022,4,"Algeria","ALG","DZA",49,"Czechia","CZE","CZE","0",19,"0","-","0","0","0"
1,"dS8HrR",1,74,2023,4,"Algeria","ALG","DZA",49,"Czechia","CZE","CZE",5,6,"0","-","0","0","0"
1,"dS8HrR",1,75,2024,4,"Algeria","ALG","DZA",49,"Czechia","CZE","CZE",6,6,"0","-","0","0","0"
1,"dS8HrR",1,76,2025,4,"Algeria","ALG","DZA",49,"Czechia","CZE","CZE",6,6,"0","-","0","0","0"
1,"dS8HrR",1,77,2000,6,"Angola","ANG","AGO",49,"Czechia","CZE","CZE",19,19,"0","-","0","0","0"
1,"dS8HrR",1,78,2001,6,"Angola","ANG","AGO",49,"Czechia","CZE","CZE",19,22,"0","-","0","0","0"
1,"dS8HrR",1,79,2002,6,"Angola","ANG","AGO",49,"Czechia","CZE","CZE",19,21,"0","-","0","0","0"
1,"dS8HrR",1,80,2003,6,"Angola","ANG","AGO",49,"Czechia","CZE","CZE",21,5,"0","-","0","0","0"
1,"dS8HrR",1,81,2004,6,"Angola","ANG","AGO",49,"Czechia","CZE","CZE",21,"0","0","-","0","0","0"
1,"dS8HrR",1,82,2005,6,"Angola","ANG","AGO",49,"Czechia","CZE","CZE",21,"0","0","-","0","0","0"
1,"dS8HrR",1,83,2006,6,"Angola","ANG","AGO",49,"Czechia","CZE","CZE",21,5,"0","-","0","0","0"
1,"dS8HrR",1,84,2007,6,"Angola","ANG","AGO",49,"Czechia","CZE","CZE",22,12,"0","-","0","0","0"
1,"dS8HrR",1,85,2008,6,"Angola","ANG","AGO",49,"Czechia","CZE","CZE",22,6,"0","-","0","0","0"
1,"dS8HrR",1,86,2009,6,"Angola","ANG","AGO",49,"Czechia","CZE","CZE",23,5,"0","-","0","0","0"
1,"dS8HrR",1,87,2010,6,"Angola","ANG","AGO",49,"Czechia","CZE","CZE",23,5,"0","-","0","0","0"
1,"dS8HrR",1,88,2011,6,"Angola","ANG","AGO",49,"Czechia","CZE","CZE",23,"0","0","-","0","0","0"
1,"dS8HrR",1,89,2012,6,"Angola","ANG","AGO",49,"Czechia","CZE","CZE",23,"0","0","-","0","0","0"
1,"dS8HrR",1,90,2013,6,"Angola","ANG","AGO",49,"Czechia","CZE","CZE",22,"0","0","-","0","0","0"
1,"dS8HrR",1,91,2014,6,"Angola","ANG","AGO",49,"Czechia","CZE","CZE",18,"0","0","-","0","0","0"
1,"dS8HrR",1,92,2015,6,"Angola","ANG","AGO",49,"Czechia","CZE","CZE",19,"0","0","-","0","0","0"
1,"dS8HrR",1,93,2016,6,"Angola","ANG","AGO",49,"Czechia","CZE","CZE",19,"0","0","-","0","0","0"
1,"dS8HrR",1,94,2017,6,"Angola","ANG","AGO",49,"Czechia","CZE","CZE",19,"0","0","-","0","0","0"
1,"dS8HrR",1,95,2024,6,"Angola","ANG","AGO",49,"Czechia","CZE","CZE",5,"0","0","-","0","0","0"
1,"dS8HrR",1,96,2025,6,"Angola","ANG","AGO",49,"Czechia","CZE","CZE",5,"0","0","-","0","0","0"
1,"dS8HrR",1,97,2006,8,"Egypt","ARE","EGY",49,"Czechia","CZE","CZE","0",240,"0","-","0","0","0"
1,"dS8HrR",1,98,2007,8,"Egypt","ARE","EGY",49,"Czechia","CZE","CZE","0",8,"0","-","0","0","0"
1,"dS8HrR",1,99,2013,8,"Egypt","ARE","EGY",49,"Czechia","CZE","CZE",5,6,"0","-","0","0","0"
1,"dS8HrR",1,100,2015,8,"Egypt","ARE","EGY",49,"Czechia","CZE","CZE","0",5,"0","-","0","0","0"
1,"dS8HrR",1,101,2016,8,"Egypt","ARE","EGY",49,"Czechia","CZE","CZE","0",5,"0","-","0","0","0"
1,"dS8HrR",1,102,2018,8,"Egypt","ARE","EGY",49,"Czechia","CZE","CZE",5,7,"0","-","0","0","0"
1,"dS8HrR",1,103,2019,8,"Egypt","ARE","EGY",49,"Czechia","CZE","CZE",8,5,"0","-","0","0","0"
1,"dS8HrR",1,104,2020,8,"Egypt","ARE","EGY",49,"Czechia","CZE","CZE",8,6,"0","-","0","0","0"
1,"dS8HrR",1,105,2021,8,"Egypt","ARE","EGY",49,"Czechia","CZE","CZE",7,10,"0","-","0","0","0"
1,"dS8HrR",1,106,2022,8,"Egypt","ARE","EGY",49,"Czechia","CZE","CZE",7,10,"0","-","0","0","0"
1,"dS8HrR",1,107,2023,8,"Egypt","ARE","EGY",49,"Czechia","CZE","CZE",11,6,"0","-","0","0","0"
1,"dS8HrR",1,108,2024,8,"Egypt","ARE","EGY",49,"Czechia","CZE","CZE",7,5,"0","-","0","0","0"
1,"dS8HrR",1,109,2025,8,"Egypt","ARE","EGY",49,"Czechia","CZE","CZE",9,5,"0","-","0","0","0"
1,"dS8HrR",1,110,1996,10,"Armenia","ARM","ARM",49,"Czechia","CZE","CZE",105,"0","0","-","0","0","0"
1,"dS8HrR",1,111,1997,10,"Armenia","ARM","ARM",49,"Czechia","CZE","CZE",109,"0","0","-","0","0","0"
1,"dS8HrR",1,112,1998,10,"Armenia","ARM","ARM",49,"Czechia","CZE","CZE",109,"0","0","-","0","0","0"
1,"dS8HrR",1,113,1999,10,"Armenia","ARM","ARM",49,"Czechia","CZE","CZE",97,"0","0","-","0","0","0"
1,"dS8HrR",1,114,2000,10,"Armenia","ARM","ARM",49,"Czechia","CZE","CZE",68,218,"0","-","0","0","0"
1,"dS8HrR",1,115,2001,10,"Armenia","ARM","ARM",49,"Czechia","CZE","CZE",59,644,"0","-","0","0","0"
1,"dS8HrR",1,116,2002,10,"Armenia","ARM","ARM",49,"Czechia","CZE","CZE",59,441,"0","-","0","0","0"
1,"dS8HrR",1,117,2003,10,"Armenia","ARM","ARM",49,"Czechia","CZE","CZE",77,81,"0","-","0","0","0"
1,"dS8HrR",1,118,2004,10,"Armenia","ARM","ARM",49,"Czechia","CZE","CZE",82,46,"0","-","0","0","0"
1,"dS8HrR",1,119,2005,10,"Armenia","ARM","ARM",49,"Czechia","CZE","CZE",83,22,"0","-","0","0","0"
1,"dS8HrR",1,120,2006,10,"Armenia","ARM","ARM",49,"Czechia","CZE","CZE",81,61,"0","-","0","0","0"
1,"dS8HrR",1,121,2007,10,"Armenia","ARM","ARM",49,"Czechia","CZE","CZE",85,55,"0","-","0","0","0"
1,"dS8HrR",1,122,2008,10,"Armenia","ARM","ARM",49,"Czechia","CZE","CZE",84,47,"0","-","0","0","0"
1,"dS8HrR",1,123,2009,10,"Armenia","ARM","ARM",49,"Czechia","CZE","CZE",83,44,"0","-","0","0","0"
1,"dS8HrR",1,124,2010,10,"Armenia","ARM","ARM",49,"Czechia","CZE","CZE",79,31,"0","-","0","0","0"
1,"dS8HrR",1,125,2011,10,"Armenia","ARM","ARM",49,"Czechia","CZE","CZE",79,"0","0","-","0","0","0"
1,"dS8HrR",1,126,2012,10,"Armenia","ARM","ARM",49,"Czechia","CZE","CZE",64,18,"0","-","0","0","0"
1,"dS8HrR",1,127,2013,10,"Armenia","ARM","ARM",49,"Czechia","CZE","CZE",63,22,"0","-","0","0","0"
1,"dS8HrR",1,128,2014,10,"Armenia","ARM","ARM",49,"Czechia","CZE","CZE",67,19,"0","-","0","0","0"
1,"dS8HrR",1,129,2015,10,"Armenia","ARM","ARM",49,"Czechia","CZE","CZE",69,24,"0","-","0","0","0"
1,"dS8HrR",1,130,2016,10,"Armenia","ARM","ARM",49,"Czechia","CZE","CZE",69,35,"0","-","0","0","0"
1,"dS8HrR",1,131,2017,10,"Armenia","ARM","ARM",49,"Czechia","CZE","CZE",69,81,"0","-","0","0","0"
1,"dS8HrR",1,132,2018,10,"Armenia","ARM","ARM",49,"Czechia","CZE","CZE",29,74,"0","-","0","0","0"
1,"dS8HrR",1,133,2019,10,"Armenia","ARM","ARM",49,"Czechia","CZE","CZE",29,24,"0","-","0","0","0"
1,"dS8HrR",1,134,2020,10,"Armenia","ARM","ARM",49,"Czechia","CZE","CZE",28,22,"0","-","0","0","0"
1,"dS8HrR",1,135,2021,10,"Armenia","ARM","ARM",49,"Czechia","CZE","CZE",21,6,"0","-","0","0","0"
1,"dS8HrR",1,136,2022,10,"Armenia","ARM","ARM",49,"Czechia","CZE","CZE",19,"0","0","-","0","0","0"
1,"dS8HrR",1,137,2023,10,"Armenia","ARM","ARM",49,"Czechia","CZE","CZE",52,12,"0","-","0","0","0"
1,"dS8HrR",1,138,2024,10,"Armenia","ARM","ARM",49,"Czechia","CZE","CZE",42,5,"0","-","0","0","0"
1,"dS8HrR",1,139,2025,10,"Armenia","ARM","ARM",49,"Czechia","CZE","CZE",43,17,"0","-","0","0","0"
1,"dS8HrR",1,140,2000,13,"Azerbaijan","AZE","AZE",49,"Czechia","CZE","CZE",27,10,"0","-","0","0","0"
1,"dS8HrR",1,141,2001,13,"Azerbaijan","AZE","AZE",49,"Czechia","CZE","CZE",27,56,"0","-","0","0","0"
1,"dS8HrR",1,142,2002,13,"Azerbaijan","AZE","AZE",49,"Czechia","CZE","CZE",30,37,"0","-","0","0","0"
1,"dS8HrR",1,143,2003,13,"Azerbaijan","AZE","AZE",49,"Czechia","CZE","CZE",30,22,"0","-","0","0","0"
1,"dS8HrR",1,144,2004,13,"Azerbaijan","AZE","AZE",49,"Czechia","CZE","CZE",26,7,"0","-","0","0","0"
1,"dS8HrR",1,145,2005,13,"Azerbaijan","AZE","AZE",49,"Czechia","CZE","CZE",26,7,"0","-","0","0","0"
1,"dS8HrR",1,146,2006,13,"Azerbaijan","AZE","AZE",49,"Czechia","CZE","CZE",24,5,"0","-","0","0","0"
1,"dS8HrR",1,147,2007,13,"Azerbaijan","AZE","AZE",49,"Czechia","CZE","CZE",26,11,"0","-","0","0","0"
1,"dS8HrR",1,148,2008,13,"Azerbaijan","AZE","AZE",49,"Czechia","CZE","CZE",25,10,"0","-","0","0","0"
1,"dS8HrR",1,149,2009,13,"Azerbaijan","AZE","AZE",49,"Czechia","CZE","CZE",24,5,"0","-","0","0","0"
1,"dS8HrR",1,150,2010,13,"Azerbaijan","AZE","AZE",49,"Czechia","CZE","CZE",24,7,"0","-","0","0","0"
1,"dS8HrR",1,151,2011,13,"Azerbaijan","AZE","AZE",49,"Czechia","CZE","CZE",24,"0","0","-","0","0","0"
1,"dS8HrR",1,152,2012,13,"Azerbaijan","AZE","AZE",49,"Czechia","CZE","CZE",23,8,"0","-","0","0","0"
1,"dS8HrR",1,153,2013,13,"Azerbaijan","AZE","AZE",49,"Czechia","CZE","CZE",25,8,"0","-","0","0","0"
1,"dS8HrR",1,154,2014,13,"Azerbaijan","AZE","AZE",49,"Czechia","CZE","CZE",27,"0","0","-","0","0","0"
1,"dS8HrR",1,155,2015,13,"Azerbaijan","AZE","AZE",49,"Czechia","CZE","CZE",31,5,"0","-","0","0","0"
1,"dS8HrR",1,156,2016,13,"Azerbaijan","AZE","AZE",49,"Czechia","CZE","CZE",31,39,"0","-","0","0","0"
1,"dS8HrR",1,157,2017,13,"Azerbaijan","AZE","AZE",49,"Czechia","CZE","CZE",31,73,"0","-","0","0","0"
1,"dS8HrR",1,158,2018,13,"Azerbaijan","AZE","AZE",49,"Czechia","CZE","CZE",18,32,"0","-","0","0","0"
1,"dS8HrR",1,159,2019,13,"Azerbaijan","AZE","AZE",49,"Czechia","CZE","CZE",20,25,"0","-","0","0","0"
1,"dS8HrR",1,160,2020,13,"Azerbaijan","AZE","AZE",49,"Czechia","CZE","CZE",21,23,"0","-","0","0","0"
1,"dS8HrR",1,161,2021,13,"Azerbaijan","AZE","AZE",49,"Czechia","CZE","CZE",26,18,"0","-","0","0","0"
1,"dS8HrR",1,162,2022,13,"Azerbaijan","AZE","AZE",49,"Czechia","CZE","CZE",34,18,"0","-","0","0","0"
1,"dS8HrR",1,163,2023,13,"Azerbaijan","AZE","AZE",49,"Czechia","CZE","CZE",99,11,"0","-","0","0","0"
1,"dS8HrR",1,164,2024,13,"Azerbaijan","AZE","AZE",49,"Czechia","CZE","CZE",104,19,"0","-","0","0","0"
1,"dS8HrR",1,165,2025,13,"Azerbaijan","AZE","AZE",49,"Czechia","CZE","CZE",97,9,"0","-","0","0","0"
1,"dS8HrR",1,166,2019,16,"Burundi","BDI","BDI",49,"Czechia","CZE","CZE",5,"0","0","-","0","0","0"
1,"dS8HrR",1,167,2020,16,"Burundi","BDI","BDI",49,"Czechia","CZE","CZE",5,"0","0","-","0","0","0"
1,"dS8HrR",1,168,2021,16,"Burundi","BDI","BDI",49,"Czechia","CZE","CZE",5,"0","0","-","0","0","0"
1,"dS8HrR",1,169,2022,16,"Burundi","BDI","BDI",49,"Czechia","CZE","CZE",5,"0","0","-","0","0","0"
1,"dS8HrR",1,170,2023,16,"Burundi","BDI","BDI",49,"Czechia","CZE","CZE",5,"0","0","-","0","0","0"
1,"dS8HrR",1,171,2024,16,"Burundi","BDI","BDI",49,"Czechia","CZE","CZE",5,"0","0","-","0","0","0"
1,"dS8HrR",1,172,2025,16,"Burundi","BDI","BDI",49,"Czechia","CZE","CZE",5,"0","0","-","0","0","0"
1,"dS8HrR",1,173,2000,20,"Bangladesh","BGD","BGD",49,"Czechia","CZE","CZE","0",5,"0","-","0","0","0"
1,"dS8HrR",1,174,2007,20,"Bangladesh","BGD","BGD",49,"Czechia","CZE","CZE","0",17,"0","-","0","0","0"
1,"dS8HrR",1,175,2023,20,"Bangladesh","BGD","BGD",49,"Czechia","CZE","CZE","0",5,"0","-","0","0","0"
1,"dS8HrR",1,176,2024,20,"Bangladesh","BGD","BGD",49,"Czechia","CZE","CZE","0",5,"0","-","0","0","0"
1,"dS8HrR",1,177,2000,24,"Belarus","BLR","BLR",49,"Czechia","CZE","CZE",44,174,"0","-","0","0","0"
1,"dS8HrR",1,178,2001,24,"Belarus","BLR","BLR",49,"Czechia","CZE","CZE",65,374,"0","-","0","0","0"
1,"dS8HrR",1,179,2002,24,"Belarus","BLR","BLR",49,"Czechia","CZE","CZE",91,354,"0","-","0","0","0"
1,"dS8HrR",1,180,2003,24,"Belarus","BLR","BLR",49,"Czechia","CZE","CZE",109,248,"0","-","0","0","0"
1,"dS8HrR",1,181,2004,24,"Belarus","BLR","BLR",49,"Czechia","CZE","CZE",134,125,"0","-","0","0","0"
1,"dS8HrR",1,182,2005,24,"Belarus","BLR","BLR",49,"Czechia","CZE","CZE",171,155,"0","-","0","0","0"
1,"dS8HrR",1,183,2006,24,"Belarus","BLR","BLR",49,"Czechia","CZE","CZE",227,189,"0","-","0","0","0"
1,"dS8HrR",1,184,2007,24,"Belarus","BLR","BLR",49,"Czechia","CZE","CZE",248,161,"0","-","0","0","0"
1,"dS8HrR",1,185,2008,24,"Belarus","BLR","BLR",49,"Czechia","CZE","CZE",253,140,"0","-","0","0","0"
1,"dS8HrR",1,186,2009,24,"Belarus","BLR","BLR",49,"Czechia","CZE","CZE",275,93,"0","-","0","0","0"
1,"dS8HrR",1,187,2010,24,"Belarus","BLR","BLR",49,"Czechia","CZE","CZE",267,87,"0","-","0","0","0"
1,"dS8HrR",1,188,2011,24,"Belarus","BLR","BLR",49,"Czechia","CZE","CZE",267,"0","0","-","0","0","0"
1,"dS8HrR",1,189,2012,24,"Belarus","BLR","BLR",49,"Czechia","CZE","CZE",302,100,"0","-","0","0","0"
1,"dS8HrR",1,190,2013,24,"Belarus","BLR","BLR",49,"Czechia","CZE","CZE",353,12,"0","-","0","0","0"
1,"dS8HrR",1,191,2014,24,"Belarus","BLR","BLR",49,"Czechia","CZE","CZE",375,9,"0","-","0","0","0"
1,"dS8HrR",1,192,2015,24,"Belarus","BLR","BLR",49,"Czechia","CZE","CZE",364,7,"0","-","0","0","0"
1,"dS8HrR",1,193,2016,24,"Belarus","BLR","BLR",49,"Czechia","CZE","CZE",364,5,"0","-","0","0","0"
1,"dS8HrR",1,194,2017,24,"Belarus","BLR","BLR",49,"Czechia","CZE","CZE",364,11,"0","-","0","0","0"
1,"dS8HrR",1,195,2018,24,"Belarus","BLR","BLR",49,"Czechia","CZE","CZE",232,16,"0","-","0","0","0"
1,"dS8HrR",1,196,2019,24,"Belarus","BLR","BLR",49,"Czechia","CZE","CZE",175,14,"0","-","0","0","0"
1,"dS8HrR",1,197,2020,24,"Belarus","BLR","BLR",49,"Czechia","CZE","CZE",134,63,"0","-","0","0","0"
1,"dS8HrR",1,198,2021,24,"Belarus","BLR","BLR",49,"Czechia","CZE","CZE",169,38,"0","-","0","0","0"
1,"dS8HrR",1,199,2022,24,"Belarus","BLR","BLR",49,"Czechia","CZE","CZE",174,30,"0","-","0","0","0"
1,"dS8HrR",1,200,2023,24,"Belarus","BLR","BLR",49,"Czechia","CZE","CZE",250,33,"0","-","0","0","0"
1,"dS8HrR",1,201,2024,24,"Belarus","BLR","BLR",49,"Czechia","CZE","CZE",245,26,"0","-","0","0","0"
1,"dS8HrR",1,202,2025,24,"Belarus","BLR","BLR",49,"Czechia","CZE","CZE",242,15,"0","-","0","0","0"
1,"dS8HrR",1,203,1996,29,"Bosnia and Herzegovina","BSN","BIH",49,"Czechia","CZE","CZE",787,"0","0","-","0","0","0"
1,"dS8HrR",1,204,1997,29,"Bosnia and Herzegovina","BSN","BIH",49,"Czechia","CZE","CZE",36,"0","0","-","0","0","0"
1,"dS8HrR",1,205,1998,29,"Bosnia and Herzegovina","BSN","BIH",49,"Czechia","CZE","CZE",39,"0","0","-","0","0","0"
1,"dS8HrR",1,206,1999,29,"Bosnia and Herzegovina","BSN","BIH",49,"Czechia","CZE","CZE",38,"0","0","-","0","0","0"
1,"dS8HrR",1,207,2000,29,"Bosnia and Herzegovina","BSN","BIH",49,"Czechia","CZE","CZE",25,5,"0","-","0","0","0"
1,"dS8HrR",1,208,2001,29,"Bosnia and Herzegovina","BSN","BIH",49,"Czechia","CZE","CZE",21,5,"0","-","0","0","0"
1,"dS8HrR",1,209,2002,29,"Bosnia and Herzegovina","BSN","BIH",49,"Czechia","CZE","CZE",19,7,"0","-","0","0","0"
1,"dS8HrR",1,210,2003,29,"Bosnia and Herzegovina","BSN","BIH",49,"Czechia","CZE","CZE",15,"0","0","-","0","0","0"
1,"dS8HrR",1,211,2004,29,"Bosnia and Herzegovina","BSN","BIH",49,"Czechia","CZE","CZE",15,"0","0","-","0","0","0"
1,"dS8HrR",1,212,2005,29,"Bosnia and Herzegovina","BSN","BIH",49,"Czechia","CZE","CZE",13,5,"0","-","0","0","0"
1,"dS8HrR",1,213,2006,29,"Bosnia and Herzegovina","BSN","BIH",49,"Czechia","CZE","CZE",11,"0","0","-","0","0","0"
1,"dS8HrR",1,214,2007,29,"Bosnia and Herzegovina","BSN","BIH",49,"Czechia","CZE","CZE",11,"0","0","-","0","0","0"
1,"dS8HrR",1,215,2008,29,"Bosnia and Herzegovina","BSN","BIH",49,"Czechia","CZE","CZE",11,"0","0","-","0","0","0"
1,"dS8HrR",1,216,2009,29,"Bosnia and Herzegovina","BSN","BIH",49,"Czechia","CZE","CZE",11,"0","0","-","0","0","0"
1,"dS8HrR",1,217,2010,29,"Bosnia and Herzegovina","BSN","BIH",49,"Czechia","CZE","CZE",11,5,"0","-","0","0","0"
1,"dS8HrR",1,218,2011,29,"Bosnia and Herzegovina","BSN","BIH",49,"Czechia","CZE","CZE",11,"0","0","-","0","0","0"
1,"dS8HrR",1,219,2012,29,"Bosnia and Herzegovina","BSN","BIH",49,"Czechia","CZE","CZE",11,5,"0","-","0","0","0"
1,"dS8HrR",1,220,2013,29,"Bosnia and Herzegovina","BSN","BIH",49,"Czechia","CZE","CZE",11,"0","0","-","0","0","0"
1,"dS8HrR",1,221,2014,29,"Bosnia and Herzegovina","BSN","BIH",49,"Czechia","CZE","CZE",9,"0","0","-","0","0","0"
1,"dS8HrR",1,222,2015,29,"Bosnia and Herzegovina","BSN","BIH",49,"Czechia","CZE","CZE",13,"0","0","-","0","0","0"
1,"dS8HrR",1,223,2016,29,"Bosnia and Herzegovina","BSN","BIH",49,"Czechia","CZE","CZE",13,"0","0","-","0","0","0"
1,"dS8HrR",1,224,2017,29,"Bosnia and Herzegovina","BSN","BIH",49,"Czechia","CZE","CZE",13,"0","0","-","0","0","0"
1,"dS8HrR",1,225,2018,29,"Bosnia and Herzegovina","BSN","BIH",49,"Czechia","CZE","CZE",5,"0","0","-","0","0","0"
1,"dS8HrR",1,226,2019,29,"Bosnia and Herzegovina","BSN","BIH",49,"Czechia","CZE","CZE",5,"0","0","-","0","0","0"
1,"dS8HrR",1,227,2020,29,"Bosnia and Herzegovina","BSN","BIH",49,"Czechia","CZE","CZE",5,"0","0","-","0","0","0"
1,"dS8HrR",1,228,2024,29,"Bosnia and Herzegovina","BSN","BIH",49,"Czechia","CZE","CZE",5,"0","0","-","0","0","0"
1,"dS8HrR",1,229,2025,29,"Bosnia and Herzegovina","BSN","BIH",49,"Czechia","CZE","CZE",5,"0","0","-","0","0","0"
1,"dS8HrR",1,230,1996,30,"Bulgaria","BUL","BGR",49,"Czechia","CZE","CZE",56,"0","0","-","0","0","0"
1,"dS8HrR",1,231,1997,30,"Bulgaria","BUL","BGR",49,"Czechia","CZE","CZE",62,"0","0","-","0","0","0"
1,"dS8HrR",1,232,1998,30,"Bulgaria","BUL","BGR",49,"Czechia","CZE","CZE",62,"0","0","-","0","0","0"
1,"dS8HrR",1,233,1999,30,"Bulgaria","BUL","BGR",49,"Czechia","CZE","CZE",34,"0","0","-","0","0","0"
1,"dS8HrR",1,234,2000,30,"Bulgaria","BUL","BGR",49,"Czechia","CZE","CZE",38,103,"0","-","0","0","0"
1,"dS8HrR",1,235,2001,30,"Bulgaria","BUL","BGR",49,"Czechia","CZE","CZE",37,159,"0","-","0","0","0"
1,"dS8HrR",1,236,2002,30,"Bulgaria","BUL","BGR",49,"Czechia","CZE","CZE",37,58,"0","-","0","0","0"
1,"dS8HrR",1,237,2003,30,"Bulgaria","BUL","BGR",49,"Czechia","CZE","CZE",37,12,"0","-","0","0","0"
1,"dS8HrR",1,238,2004,30,"Bulgaria","BUL","BGR",49,"Czechia","CZE","CZE",37,7,"0","-","0","0","0"
1,"dS8HrR",1,239,2005,30,"Bulgaria","BUL","BGR",49,"Czechia","CZE","CZE",36,"0","0","-","0","0","0"
1,"dS8HrR",1,240,2006,30,"Bulgaria","BUL","BGR",49,"Czechia","CZE","CZE",25,7,"0","-","0","0","0"
1,"dS8HrR",1,241,2007,30,"Bulgaria","BUL","BGR",49,"Czechia","CZE","CZE",25,"0","0","-","0","0","0"
1,"dS8HrR",1,242,2008,30,"Bulgaria","BUL","BGR",49,"Czechia","CZE","CZE",25,"0","0","-","0","0","0"
1,"dS8HrR",1,243,2009,30,"Bulgaria","BUL","BGR",49,"Czechia","CZE","CZE",25,"0","0","-","0","0","0"
1,"dS8HrR",1,244,2010,30,"Bulgaria","BUL","BGR",49,"Czechia","CZE","CZE",25,"0","0","-","0","0","0"
1,"dS8HrR",1,245,2011,30,"Bulgaria","BUL","BGR",49,"Czechia","CZE","CZE",25,"0","0","-","0","0","0"
1,"dS8HrR",1,246,2012,30,"Bulgaria","BUL","BGR",49,"Czechia","CZE","CZE",26,"0","0","-","0","0","0"
1,"dS8HrR",1,247,2013,30,"Bulgaria","BUL","BGR",49,"Czechia","CZE","CZE",26,"0","0","-","0","0","0"
1,"dS8HrR",1,248,2014,30,"Bulgaria","BUL","BGR",49,"Czechia","CZE","CZE",15,"0","0","-","0","0","0"
1,"dS8HrR",1,249,2015,30,"Bulgaria","BUL","BGR",49,"Czechia","CZE","CZE",16,"0","0","-","0","0","0"
1,"dS8HrR",1,250,2016,30,"Bulgaria","BUL","BGR",49,"Czechia","CZE","CZE",16,"0","0","-","0","0","0"
1,"dS8HrR",1,251,2017,30,"Bulgaria","BUL","BGR",49,"Czechia","CZE","CZE",16,"0","0","-","0","0","0"
1,"dS8HrR",1,252,2023,33,"Canada","CAN","CAN",49,"Czechia","CZE","CZE",5,"0","0","-","0","0","0"
1,"dS8HrR",1,253,2025,33,"Canada","CAN","CAN",49,"Czechia","CZE","CZE",5,"0","0","-","0","0","0"
1,"dS8HrR",1,254,2000,37,"China","CHI","CHN",49,"Czechia","CZE","CZE","0",44,"0","-","0","0","0"
1,"dS8HrR",1,255,2001,37,"China","CHI","CHN",49,"Czechia","CZE","CZE","0",75,"0","-","0","0","0"
1,"dS8HrR",1,256,2002,37,"China","CHI","CHN",49,"Czechia","CZE","CZE","0",280,"0","-","0","0","0"
1,"dS8HrR",1,257,2003,37,"China","CHI","CHN",49,"Czechia","CZE","CZE","0",138,"0","-","0","0","0"
1,"dS8HrR",1,258,2004,37,"China","CHI","CHN",49,"Czechia","CZE","CZE",5,74,"0","-","0","0","0"
1,"dS8HrR",1,259,2005,37,"China","CHI","CHN",49,"Czechia","CZE","CZE",7,39,"0","-","0","0","0"
1,"dS8HrR",1,260,2006,37,"China","CHI","CHN",49,"Czechia","CZE","CZE",8,105,"0","-","0","0","0"
1,"dS8HrR",1,261,2007,37,"China","CHI","CHN",49,"Czechia","CZE","CZE",8,51,"0","-","0","0","0"
1,"dS8HrR",1,262,2008,37,"China","CHI","CHN",49,"Czechia","CZE","CZE",8,16,"0","-","0","0","0"
1,"dS8HrR",1,263,2009,37,"China","CHI","CHN",49,"Czechia","CZE","CZE",9,10,"0","-","0","0","0"
1,"dS8HrR",1,264,2010,37,"China","CHI","CHN",49,"Czechia","CZE","CZE",10,6,"0","-","0","0","0"
1,"dS8HrR",1,265,2011,37,"China","CHI","CHN",49,"Czechia","CZE","CZE",10,"0","0","-","0","0","0"
1,"dS8HrR",1,266,2012,37,"China","CHI","CHN",49,"Czechia","CZE","CZE",9,6,"0","-","0","0","0"
1,"dS8HrR",1,267,2013,37,"China","CHI","CHN",49,"Czechia","CZE","CZE",8,5,"0","-","0","0","0"
1,"dS8HrR",1,268,2014,37,"China","CHI","CHN",49,"Czechia","CZE","CZE",14,"0","0","-","0","0","0"
1,"dS8HrR",1,269,2015,37,"China","CHI","CHN",49,"Czechia","CZE","CZE",13,36,"0","-","0","0","0"
1,"dS8HrR",1,270,2016,37,"China","CHI","CHN",49,"Czechia","CZE","CZE",13,98,"0","-","0","0","0"
1,"dS8HrR",1,271,2017,37,"China","CHI","CHN",49,"Czechia","CZE","CZE",13,81,"0","-","0","0","0"
1,"dS8HrR",1,272,2018,37,"China","CHI","CHN",49,"Czechia","CZE","CZE",20,"0","0","-","0","0","0"
1,"dS8HrR",1,273,2019,37,"China","CHI","CHN",49,"Czechia","CZE","CZE",30,43,"0","-","0","0","0"
1,"dS8HrR",1,274,2020,37,"China","CHI","CHN",49,"Czechia","CZE","CZE",22,54,"0","-","0","0","0"
1,"dS8HrR",1,275,2021,37,"China","CHI","CHN",49,"Czechia","CZE","CZE",62,"0","0","-","0","0","0"
1,"dS8HrR",1,276,2022,37,"China","CHI","CHN",49,"Czechia","CZE","CZE",64,5,"0","-","0","0","0"
1,"dS8HrR",1,277,2023,37,"China","CHI","CHN",49,"Czechia","CZE","CZE",82,7,"0","-","0","0","0"
1,"dS8HrR",1,278,2024,37,"China","CHI","CHN",49,"Czechia","CZE","CZE",85,5,"0","-","0","0","0"
1,"dS8HrR",1,279,2025,37,"China","CHI","CHN",49,"Czechia","CZE","CZE",80,5,"0","-","0","0","0"
1,"dS8HrR",1,280,2006,39,"Cameroon","CMR","CMR",49,"Czechia","CZE","CZE","0",7,"0","-","0","0","0"
1,"dS8HrR",1,281,2007,39,"Cameroon","CMR","CMR",49,"Czechia","CZE","CZE","0",11,"0","-","0","0","0"
1,"dS8HrR",1,282,2008,39,"Cameroon","CMR","CMR",49,"Czechia","CZE","CZE",6,10,"0","-","0","0","0"
1,"dS8HrR",1,283,2009,39,"Cameroon","CMR","CMR",49,"Czechia","CZE","CZE",6,5,"0","-","0","0","0"
1,"dS8HrR",1,284,2010,39,"Cameroon","CMR","CMR",49,"Czechia","CZE","CZE",6,"0","0","-","0","0","0"
1,"dS8HrR",1,285,2011,39,"Cameroon","CMR","CMR",49,"Czechia","CZE","CZE",6,"0","0","-","0","0","0"
1,"dS8HrR",1,286,2012,39,"Cameroon","CMR","CMR",49,"Czechia","CZE","CZE",5,"0","0","-","0","0","0"
1,"dS8HrR",1,287,2013,39,"Cameroon","CMR","CMR",49,"Czechia","CZE","CZE",6,"0","0","-","0","0","0"
1,"dS8HrR",1,288,2014,39,"Cameroon","CMR","CMR",49,"Czechia","CZE","CZE",6,5,"0","-","0","0","0"
1,"dS8HrR",1,289,2015,39,"Cameroon","CMR","CMR",49,"Czechia","CZE","CZE",6,5,"0","-","0","0","0"
1,"dS8HrR",1,290,2016,39,"Cameroon","CMR","CMR",49,"Czechia","CZE","CZE",6,5,"0","-","0","0","0"
1,"dS8HrR",1,291,2017,39,"Cameroon","CMR","CMR",49,"Czechia","CZE","CZE",6,5,"0","-","0","0","0"
1,"dS8HrR",1,292,2018,39,"Cameroon","CMR","CMR",49,"Czechia","CZE","CZE",5,5,"0","-","0","0","0"
1,"dS8HrR",1,293,2019,39,"Cameroon","CMR","CMR",49,"Czechia","CZE","CZE",5,5,"0","-","0","0","0"
1,"dS8HrR",1,294,2020,39,"Cameroon","CMR","CMR",49,"Czechia","CZE","CZE","0",5,"0","-","0","0","0"
1,"dS8HrR",1,295,2021,39,"Cameroon","CMR","CMR",49,"Czechia","CZE","CZE","0",5,"0","-","0","0","0"
1,"dS8HrR",1,296,2023,39,"Cameroon","CMR","CMR",49,"Czechia","CZE","CZE",5,"0","0","-","0","0","0"
1,"dS8HrR",1,297,2024,39,"Cameroon","CMR","CMR",49,"Czechia","CZE","CZE",5,5,"0","-","0","0","0"
1,"dS8HrR",1,298,2025,39,"Cameroon","CMR","CMR",49,"Czechia","CZE","CZE",5,5,"0","-","0","0","0"
1,"dS8HrR",1,299,2000,40,"Congo","COB","COG",49,"Czechia","CZE","CZE","0",5,"0","-","0","0","0"
1,"dS8HrR",1,300,2007,40,"Congo","COB","COG",49,"Czechia","CZE","CZE","0",7,"0","-","0","0","0"
1,"dS8HrR",1,301,2008,40,"Congo","COB","COG",49,"Czechia","CZE","CZE",5,10,"0","-","0","0","0"
1,"dS8HrR",1,302,2009,40,"Congo","COB","COG",49,"Czechia","CZE","CZE",5,5,"0","-","0","0","0"
1,"dS8HrR",1,303,2010,40,"Congo","COB","COG",49,"Czechia","CZE","CZE",5,5,"0","-","0","0","0"
1,"dS8HrR",1,304,2011,40,"Congo","COB","COG",49,"Czechia","CZE","CZE",5,"0","0","-","0","0","0"
1,"dS8HrR",1,305,2012,40,"Congo","COB","COG",49,"Czechia","CZE","CZE",5,5,"0","-","0","0","0"
1,"dS8HrR",1,306,2013,40,"Congo","COB","COG",49,"Czechia","CZE","CZE",5,"0","0","-","0","0","0"
1,"dS8HrR",1,307,2014,40,"Congo","COB","COG",49,"Czechia","CZE","CZE",5,"0","0","-","0","0","0"
1,"dS8HrR",1,308,2015,40,"Congo","COB","COG",49,"Czechia","CZE","CZE",5,5,"0","-","0","0","0"
1,"dS8HrR",1,309,2016,40,"Congo","COB","COG",49,"Czechia","CZE","CZE",5,"0","0","-","0","0","0"
1,"dS8HrR",1,310,2017,40,"Congo","COB","COG",49,"Czechia","CZE","CZE",5,"0","0","-","0","0","0"
1,"dS8HrR",1,311,1997,41,"Dem. Rep. of the Congo","COD","COD",49,"Czechia","CZE","CZE",34,"0","0","-","0","0","0"
1,"dS8HrR",1,312,1998,41,"Dem. Rep. of the Congo","COD","COD",49,"Czechia","CZE","CZE",43,"0","0","-","0","0","0"
1,"dS8HrR",1,313,1999,41,"Dem. Rep. of the Congo","COD","COD",49,"Czechia","CZE","CZE",14,"0","0","-","0","0","0"
1,"dS8HrR",1,314,2000,41,"Dem. Rep. of the Congo","COD","COD",49,"Czechia","CZE","CZE",42,11,"0","-","0","0","0"
1,"dS8HrR",1,315,2006,41,"Dem. Rep. of the Congo","COD","COD",49,"Czechia","CZE","CZE","0",12,"0","-","0","0","0"
1,"dS8HrR",1,316,2007,41,"Dem. Rep. of the Congo","COD","COD",49,"Czechia","CZE","CZE",36,41,"0","-","0","0","0"
1,"dS8HrR",1,317,2008,41,"Dem. Rep. of the Congo","COD","COD",49,"Czechia","CZE","CZE",37,38,"0","-","0","0","0"
1,"dS8HrR",1,318,2009,41,"Dem. Rep. of the Congo","COD","COD",49,"Czechia","CZE","CZE",37,41,"0","-","0","0","0"
1,"dS8HrR",1,319,2010,41,"Dem. Rep. of the Congo","COD","COD",49,"Czechia","CZE","CZE",42,25,"0","-","0","0","0"
1,"dS8HrR",1,320,2011,41,"Dem. Rep. of the Congo","COD","COD",49,"Czechia","CZE","CZE",42,"0","0","-","0","0","0"
1,"dS8HrR",1,321,2012,41,"Dem. Rep. of the Congo","COD","COD",49,"Czechia","CZE","CZE",48,8,"0","-","0","0","0"
1,"dS8HrR",1,322,2013,41,"Dem. Rep. of the Congo","COD","COD",49,"Czechia","CZE","CZE",40,6,"0","-","0","0","0"
1,"dS8HrR",1,323,2014,41,"Dem. Rep. of the Congo","COD","COD",49,"Czechia","CZE","CZE",26,7,"0","-","0","0","0"
1,"dS8HrR",1,324,2015,41,"Dem. Rep. of the Congo","COD","COD",49,"Czechia","CZE","CZE",21,9,"0","-","0","0","0"
1,"dS8HrR",1,325,2016,41,"Dem. Rep. of the Congo","COD","COD",49,"Czechia","CZE","CZE",21,5,"0","-","0","0","0"
1,"dS8HrR",1,326,2017,41,"Dem. Rep. of the Congo","COD","COD",49,"Czechia","CZE","CZE",21,5,"0","-","0","0","0"
1,"dS8HrR",1,327,2018,41,"Dem. Rep. of the Congo","COD","COD",49,"Czechia","CZE","CZE",8,"0","0","-","0","0","0"
1,"dS8HrR",1,328,2019,41,"Dem. Rep. of the Congo","COD","COD",49,"Czechia","CZE","CZE",8,5,"0","-","0","0","0"
1,"dS8HrR",1,329,2020,41,"Dem. Rep. of the Congo","COD","COD",49,"Czechia","CZE","CZE",6,5,"0","-","0","0","0"
1,"dS8HrR",1,330,2021,41,"Dem. Rep. of the Congo","COD","COD",49,"Czechia","CZE","CZE",6,5,"0","-","0","0","0"
1,"dS8HrR",1,331,2022,41,"Dem. Rep. of the Congo","COD","COD",49,"Czechia","CZE","CZE",5,5,"0","-","0","0","0"
1,"dS8HrR",1,332,2023,41,"Dem. Rep. of the Congo","COD","COD",49,"Czechia","CZE","CZE",8,"0","0","-","0","0","0"
1,"dS8HrR",1,333,2024,41,"Dem. Rep. of the Congo","COD","COD",49,"Czechia","CZE","CZE",9,"0","0","-","0","0","0"
1,"dS8HrR",1,334,2025,41,"Dem. Rep. of the Congo","COD","COD",49,"Czechia","CZE","CZE",9,"0","0","-","0","0","0"
1,"dS8HrR",1,335,2021,44,"Colombia","COL","COL",49,"Czechia","CZE","CZE","0",5,"0","-","0","0","0"
1,"dS8HrR",1,336,2022,44,"Colombia","COL","COL",49,"Czechia","CZE","CZE",5,"0","0","-","0","0","0"
1,"dS8HrR",1,337,2023,44,"Colombia","COL","COL",49,"Czechia","CZE","CZE",5,"0","0","-","0","0","0"
1,"dS8HrR",1,338,2024,44,"Colombia","COL","COL",49,"Czechia","CZE","CZE",5,5,"0","-","0","0","0"
1,"dS8HrR",1,339,2025,44,"Colombia","COL","COL",49,"Czechia","CZE","CZE",5,"0","0","-","0","0","0"
1,"dS8HrR",1,340,1997,46,"Cuba","CUB","CUB",49,"Czechia","CZE","CZE",31,"0","0","-","0","0","0"
1,"dS8HrR",1,341,1998,46,"Cuba","CUB","CUB",49,"Czechia","CZE","CZE",31,"0","0","-","0","0","0"
1,"dS8HrR",1,342,1999,46,"Cuba","CUB","CUB",49,"Czechia","CZE","CZE",17,"0","0","-","0","0","0"
1,"dS8HrR",1,343,2000,46,"Cuba","CUB","CUB",49,"Czechia","CZE","CZE",17,11,"0","-","0","0","0"
1,"dS8HrR",1,344,2001,46,"Cuba","CUB","CUB",49,"Czechia","CZE","CZE",17,"0","0","-","0","0","0"
1,"dS8HrR",1,345,2002,46,"Cuba","CUB","CUB",49,"Czechia","CZE","CZE",21,"0","0","-","0","0","0"
1,"dS8HrR",1,346,2003,46,"Cuba","CUB","CUB",49,"Czechia","CZE","CZE",24,"0","0","-","0","0","0"
1,"dS8HrR",1,347,2004,46,"Cuba","CUB","CUB",49,"Czechia","CZE","CZE",24,"0","0","-","0","0","0"
1,"dS8HrR",1,348,2005,46,"Cuba","CUB","CUB",49,"Czechia","CZE","CZE",27,"0","0","-","0","0","0"
1,"dS8HrR",1,349,2006,46,"Cuba","CUB","CUB",49,"Czechia","CZE","CZE",27,12,"0","-","0","0","0"
1,"dS8HrR",1,350,2007,46,"Cuba","CUB","CUB",49,"Czechia","CZE","CZE",36,64,"0","-","0","0","0"
1,"dS8HrR",1,351,2008,46,"Cuba","CUB","CUB",49,"Czechia","CZE","CZE",38,"0","0","-","0","0","0"
1,"dS8HrR",1,352,2009,46,"Cuba","CUB","CUB",49,"Czechia","CZE","CZE",75,7,"0","-","0","0","0"
1,"dS8HrR",1,353,2010,46,"Cuba","CUB","CUB",49,"Czechia","CZE","CZE",101,7,"0","-","0","0","0"
1,"dS8HrR",1,354,2011,46,"Cuba","CUB","CUB",49,"Czechia","CZE","CZE",101,"0","0","-","0","0","0"
1,"dS8HrR",1,355,2012,46,"Cuba","CUB","CUB",49,"Czechia","CZE","CZE",109,9,"0","-","0","0","0"
1,"dS8HrR",1,356,2013,46,"Cuba","CUB","CUB",49,"Czechia","CZE","CZE",131,5,"0","-","0","0","0"
1,"dS8HrR",1,357,2014,46,"Cuba","CUB","CUB",49,"Czechia","CZE","CZE",165,15,"0","-","0","0","0"
1,"dS8HrR",1,358,2015,46,"Cuba","CUB","CUB",49,"Czechia","CZE","CZE",228,30,"0","-","0","0","0"
1,"dS8HrR",1,359,2016,46,"Cuba","CUB","CUB",49,"Czechia","CZE","CZE",228,50,"0","-","0","0","0"
1,"dS8HrR",1,360,2017,46,"Cuba","CUB","CUB",49,"Czechia","CZE","CZE",228,43,"0","-","0","0","0"
1,"dS8HrR",1,361,2018,46,"Cuba","CUB","CUB",49,"Czechia","CZE","CZE",61,25,"0","-","0","0","0"
1,"dS8HrR",1,362,2019,46,"Cuba","CUB","CUB",49,"Czechia","CZE","CZE",46,25,"0","-","0","0","0"
1,"dS8HrR",1,363,2020,46,"Cuba","CUB","CUB",49,"Czechia","CZE","CZE",43,16,"0","-","0","0","0"
1,"dS8HrR",1,364,2021,46,"Cuba","CUB","CUB",49,"Czechia","CZE","CZE",36,11,"0","-","0","0","0"
1,"dS8HrR",1,365,2022,46,"Cuba","CUB","CUB",49,"Czechia","CZE","CZE",33,"0","0","-","0","0","0"
1,"dS8HrR",1,366,2023,46,"Cuba","CUB","CUB",49,"Czechia","CZE","CZE",40,7,"0","-","0","0","0"
1,"dS8HrR",1,367,2024,46,"Cuba","CUB","CUB",49,"Czechia","CZE","CZE",45,8,"0","-","0","0","0"
1,"dS8HrR",1,368,2025,46,"Cuba","CUB","CUB",49,"Czechia","CZE","CZE",43,11,"0","-","0","0","0"
1,"dS8HrR",1,369,2013,54,"Ecuador","ECU","ECU",49,"Czechia","CZE","CZE",5,"0","0","-","0","0","0"
1,"dS8HrR",1,370,2014,54,"Ecuador","ECU","ECU",49,"Czechia","CZE","CZE",5,"0","0","-","0","0","0"
1,"dS8HrR",1,371,2015,54,"Ecuador","ECU","ECU",49,"Czechia","CZE","CZE",5,"0","0","-","0","0","0"
1,"dS8HrR",1,372,2016,54,"Ecuador","ECU","ECU",49,"Czechia","CZE","CZE",5,"0","0","-","0","0","0"
1,"dS8HrR",1,373,2017,54,"Ecuador","ECU","ECU",49,"Czechia","CZE","CZE",5,"0","0","-","0","0","0"
1,"dS8HrR",1,374,2012,56,"Eritrea","ERT","ERI",49,"Czechia","CZE","CZE",12,"0","0","-","0","0","0"
1,"dS8HrR",1,375,2013,56,"Eritrea","ERT","ERI",49,"Czechia","CZE","CZE",12,"0","0","-","0","0","0"
1,"dS8HrR",1,376,2014,56,"Eritrea","ERT","ERI",49,"Czechia","CZE","CZE",11,"0","0","-","0","0","0"
1,"dS8HrR",1,377,2015,56,"Eritrea","ERT","ERI",49,"Czechia","CZE","CZE",17,"0","0","-","0","0","0"
1,"dS8HrR",1,378,2016,56,"Eritrea","ERT","ERI",49,"Czechia","CZE","CZE",17,"0","0","-","0","0","0"
1,"dS8HrR",1,379,2017,56,"Eritrea","ERT","ERI",49,"Czechia","CZE","CZE",17,"0","0","-","0","0","0"
1,"dS8HrR",1,380,2018,56,"Eritrea","ERT","ERI",49,"Czechia","CZE","CZE",13,"0","0","-","0","0","0"
1,"dS8HrR",1,381,2019,56,"Eritrea","ERT","ERI",49,"Czechia","CZE","CZE",13,"0","0","-","0","0","0"
1,"dS8HrR",1,382,2020,56,"Eritrea","ERT","ERI",49,"Czechia","CZE","CZE",11,"0","0","-","0","0","0"
1,"dS8HrR",1,383,2021,56,"Eritrea","ERT","ERI",49,"Czechia","CZE","CZE",11,"0","0","-","0","0","0"
1,"dS8HrR",1,384,2022,56,"Eritrea","ERT","ERI",49,"Czechia","CZE","CZE",11,"0","0","-","0","0","0"
1,"dS8HrR",1,385,2023,56,"Eritrea","ERT","ERI",49,"Czechia","CZE","CZE",8,"0","0","-","0","0","0"
1,"dS8HrR",1,386,2024,56,"Eritrea","ERT","ERI",49,"Czechia","CZE","CZE",6,"0","0","-","0","0","0"
1,"dS8HrR",1,387,2025,56,"Eritrea","ERT","ERI",49,"Czechia","CZE","CZE",6,"0","0","-","0","0","0"
1,"dS8HrR",1,388,2000,58,"Ethiopia","ETH","ETH",49,"Czechia","CZE","CZE",8,5,"0","-","0","0","0"
1,"dS8HrR",1,389,2001,58,"Ethiopia","ETH","ETH",49,"Czechia","CZE","CZE",8,"0","0","-","0","0","0"
1,"dS8HrR",1,390,2002,58,"Ethiopia","ETH","ETH",49,"Czechia","CZE","CZE",9,"0","0","-","0","0","0"
1,"dS8HrR",1,391,2003,58,"Ethiopia","ETH","ETH",49,"Czechia","CZE","CZE",9,"0","0","-","0","0","0"
1,"dS8HrR",1,392,2004,58,"Ethiopia","ETH","ETH",49,"Czechia","CZE","CZE",9,"0","0","-","0","0","0"
1,"dS8HrR",1,393,2005,58,"Ethiopia","ETH","ETH",49,"Czechia","CZE","CZE",10,"0","0","-","0","0","0"
1,"dS8HrR",1,394,2006,58,"Ethiopia","ETH","ETH",49,"Czechia","CZE","CZE",10,5,"0","-","0","0","0"
1,"dS8HrR",1,395,2007,58,"Ethiopia","ETH","ETH",49,"Czechia","CZE","CZE",12,5,"0","-","0","0","0"
1,"dS8HrR",1,396,2008,58,"Ethiopia","ETH","ETH",49,"Czechia","CZE","CZE",13,"0","0","-","0","0","0"
1,"dS8HrR",1,397,2009,58,"Ethiopia","ETH","ETH",49,"Czechia","CZE","CZE",13,"0","0","-","0","0","0"
1,"dS8HrR",1,398,2010,58,"Ethiopia","ETH","ETH",49,"Czechia","CZE","CZE",13,"0","0","-","0","0","0"
1,"dS8HrR",1,399,2011,58,"Ethiopia","ETH","ETH",49,"Czechia","CZE","CZE",13,"0","0","-","0","0","0"
1,"dS8HrR",1,400,2012,58,"Ethiopia","ETH","ETH",49,"Czechia","CZE","CZE",10,"0","0","-","0","0","0"
1,"dS8HrR",1,401,2013,58,"Ethiopia","ETH","ETH",49,"Czechia","CZE","CZE",9,"0","0","-","0","0","0"
1,"dS8HrR",1,402,2014,58,"Ethiopia","ETH","ETH",49,"Czechia","CZE","CZE",9,9,"0","-","0","0","0"
1,"dS8HrR",1,403,2015,58,"Ethiopia","ETH","ETH",49,"Czechia","CZE","CZE",10,14,"0","-","0","0","0"
1,"dS8HrR",1,404,2016,58,"Ethiopia","ETH","ETH",49,"Czechia","CZE","CZE",10,12,"0","-","0","0","0"
1,"dS8HrR",1,405,2017,58,"Ethiopia","ETH","ETH",49,"Czechia","CZE","CZE",10,"0","0","-","0","0","0"
1,"dS8HrR",1,406,2018,58,"Ethiopia","ETH","ETH",49,"Czechia","CZE","CZE",5,"0","0","-","0","0","0"
1,"dS8HrR",1,407,2019,58,"Ethiopia","ETH","ETH",49,"Czechia","CZE","CZE",5,"0","0","-","0","0","0"
1,"dS8HrR",1,408,2020,58,"Ethiopia","ETH","ETH",49,"Czechia","CZE","CZE",5,"0","0","-","0","0","0"
1,"dS8HrR",1,409,2021,58,"Ethiopia","ETH","ETH",49,"Czechia","CZE","CZE",5,5,"0","-","0","0","0"
1,"dS8HrR",1,410,2022,58,"Ethiopia","ETH","ETH",49,"Czechia","CZE","CZE",6,"0","0","-","0","0","0"
1,"dS8HrR",1,411,2023,58,"Ethiopia","ETH","ETH",49,"Czechia","CZE","CZE",5,"0","0","-","0","0","0"
1,"dS8HrR",1,412,2024,58,"Ethiopia","ETH","ETH",49,"Czechia","CZE","CZE",5,"0","0","-","0","0","0"
1,"dS8HrR",1,413,2025,58,"Ethiopia","ETH","ETH",49,"Czechia","CZE","CZE",5,"0","0","-","0","0","0"
1,"dS8HrR",1,414,2023,70,"United Kingdom of Great Britain and Northern Ireland","GBR","GBR",49,"Czechia","CZE","CZE",5,"0","0","-","0","0","0"
1,"dS8HrR",1,415,1997,71,"Georgia","GEO","GEO",49,"Czechia","CZE","CZE",21,"0","0","-","0","0","0"
1,"dS8HrR",1,416,1998,71,"Georgia","GEO","GEO",49,"Czechia","CZE","CZE",26,"0","0","-","0","0","0"
1,"dS8HrR",1,417,1999,71,"Georgia","GEO","GEO",49,"Czechia","CZE","CZE",21,"0","0","-","0","0","0"
1,"dS8HrR",1,418,2000,71,"Georgia","GEO","GEO",49,"Czechia","CZE","CZE",16,92,"0","-","0","0","0"
1,"dS8HrR",1,419,2001,71,"Georgia","GEO","GEO",49,"Czechia","CZE","CZE",15,775,"0","-","0","0","0"
1,"dS8HrR",1,420,2002,71,"Georgia","GEO","GEO",49,"Czechia","CZE","CZE",15,425,"0","-","0","0","0"
1,"dS8HrR",1,421,2003,71,"Georgia","GEO","GEO",49,"Czechia","CZE","CZE",18,169,"0","-","0","0","0"
1,"dS8HrR",1,422,2004,71,"Georgia","GEO","GEO",49,"Czechia","CZE","CZE",22,22,"0","-","0","0","0"
1,"dS8HrR",1,423,2005,71,"Georgia","GEO","GEO",49,"Czechia","CZE","CZE",26,19,"0","-","0","0","0"
1,"dS8HrR",1,424,2006,71,"Georgia","GEO","GEO",49,"Czechia","CZE","CZE",21,52,"0","-","0","0","0"
1,"dS8HrR",1,425,2007,71,"Georgia","GEO","GEO",49,"Czechia","CZE","CZE",27,43,"0","-","0","0","0"
1,"dS8HrR",1,426,2008,71,"Georgia","GEO","GEO",49,"Czechia","CZE","CZE",28,44,"0","-","0","0","0"
1,"dS8HrR",1,427,2009,71,"Georgia","GEO","GEO",49,"Czechia","CZE","CZE",28,28,"0","-","0","0","0"
1,"dS8HrR",1,428,2010,71,"Georgia","GEO","GEO",49,"Czechia","CZE","CZE",28,18,"0","-","0","0","0"
1,"dS8HrR",1,429,2011,71,"Georgia","GEO","GEO",49,"Czechia","CZE","CZE",28,"0","0","-","0","0","0"
1,"dS8HrR",1,430,2012,71,"Georgia","GEO","GEO",49,"Czechia","CZE","CZE",32,13,"0","-","0","0","0"
1,"dS8HrR",1,431,2013,71,"Georgia","GEO","GEO",49,"Czechia","CZE","CZE",39,8,"0","-","0","0","0"
1,"dS8HrR",1,432,2014,71,"Georgia","GEO","GEO",49,"Czechia","CZE","CZE",38,8,"0","-","0","0","0"
1,"dS8HrR",1,433,2015,71,"Georgia","GEO","GEO",49,"Czechia","CZE","CZE",34,11,"0","-","0","0","0"
1,"dS8HrR",1,434,2016,71,"Georgia","GEO","GEO",49,"Czechia","CZE","CZE",34,14,"0","-","0","0","0"
1,"dS8HrR",1,435,2017,71,"Georgia","GEO","GEO",49,"Czechia","CZE","CZE",34,40,"0","-","0","0","0"
1,"dS8HrR",1,436,2018,71,"Georgia","GEO","GEO",49,"Czechia","CZE","CZE",16,45,"0","-","0","0","0"
1,"dS8HrR",1,437,2019,71,"Georgia","GEO","GEO",49,"Czechia","CZE","CZE",15,43,"0","-","0","0","0"
1,"dS8HrR",1,438,2020,71,"Georgia","GEO","GEO",49,"Czechia","CZE","CZE",14,23,"0","-","0","0","0"
1,"dS8HrR",1,439,2021,71,"Georgia","GEO","GEO",49,"Czechia","CZE","CZE",12,51,"0","-","0","0","0"
1,"dS8HrR",1,440,2022,71,"Georgia","GEO","GEO",49,"Czechia","CZE","CZE",9,23,"0","-","0","0","0"
1,"dS8HrR",1,441,2023,71,"Georgia","GEO","GEO",49,"Czechia","CZE","CZE",58,5,"0","-","0","0","0"
1,"dS8HrR",1,442,2024,71,"Georgia","GEO","GEO",49,"Czechia","CZE","CZE",52,10,"0","-","0","0","0"
1,"dS8HrR",1,443,2025,71,"Georgia","GEO","GEO",49,"Czechia","CZE","CZE",57,5,"0","-","0","0","0"
1,"dS8HrR",1,444,2000,73,"Ghana","GHA","GHA",49,"Czechia","CZE","CZE",23,10,"0","-","0","0","0"
1,"dS8HrR",1,445,2001,73,"Ghana","GHA","GHA",49,"Czechia","CZE","CZE",21,5,"0","-","0","0","0"
1,"dS8HrR",1,446,2002,73,"Ghana","GHA","GHA",49,"Czechia","CZE","CZE",21,11,"0","-","0","0","0"
1,"dS8HrR",1,447,2003,73,"Ghana","GHA","GHA",49,"Czechia","CZE","CZE",21,"0","0","-","0","0","0"
1,"dS8HrR",1,448,2004,73,"Ghana","GHA","GHA",49,"Czechia","CZE","CZE",21,"0","0","-","0","0","0"
1,"dS8HrR",1,449,2005,73,"Ghana","GHA","GHA",49,"Czechia","CZE","CZE",19,"0","0","-","0","0","0"
1,"dS8HrR",1,450,2006,73,"Ghana","GHA","GHA",49,"Czechia","CZE","CZE",18,12,"0","-","0","0","0"
1,"dS8HrR",1,451,2007,73,"Ghana","GHA","GHA",49,"Czechia","CZE","CZE",18,5,"0","-","0","0","0"
1,"dS8HrR",1,452,2008,73,"Ghana","GHA","GHA",49,"Czechia","CZE","CZE",17,"0","0","-","0","0","0"
1,"dS8HrR",1,453,2009,73,"Ghana","GHA","GHA",49,"Czechia","CZE","CZE",11,"0","0","-","0","0","0"
1,"dS8HrR",1,454,2010,73,"Ghana","GHA","GHA",49,"Czechia","CZE","CZE",11,"0","0","-","0","0","0"
1,"dS8HrR",1,455,2011,73,"Ghana","GHA","GHA",49,"Czechia","CZE","CZE",11,"0","0","-","0","0","0"
1,"dS8HrR",1,456,2012,73,"Ghana","GHA","GHA",49,"Czechia","CZE","CZE",11,"0","0","-","0","0","0"
1,"dS8HrR",1,457,2013,73,"Ghana","GHA","GHA",49,"Czechia","CZE","CZE",11,"0","0","-","0","0","0"
1,"dS8HrR",1,458,2014,73,"Ghana","GHA","GHA",49,"Czechia","CZE","CZE",11,5,"0","-","0","0","0"
1,"dS8HrR",1,459,2015,73,"Ghana","GHA","GHA",49,"Czechia","CZE","CZE",11,5,"0","-","0","0","0"
1,"dS8HrR",1,460,2016,73,"Ghana","GHA","GHA",49,"Czechia","CZE","CZE",11,5,"0","-","0","0","0"
1,"dS8HrR",1,461,2017,73,"Ghana","GHA","GHA",49,"Czechia","CZE","CZE",11,"0","0","-","0","0","0"
1,"dS8HrR",1,462,2023,73,"Ghana","GHA","GHA",49,"Czechia","CZE","CZE","0",5,"0","-","0","0","0"
1,"dS8HrR",1,463,2024,73,"Ghana","GHA","GHA",49,"Czechia","CZE","CZE",5,"0","0","-","0","0","0"
1,"dS8HrR",1,464,2025,73,"Ghana","GHA","GHA",49,"Czechia","CZE","CZE",5,"0","0","-","0","0","0"
1,"dS8HrR",1,465,2001,79,"Guinea","GUI","GIN",49,"Czechia","CZE","CZE","0",15,"0","-","0","0","0"
1,"dS8HrR",1,466,2002,79,"Guinea","GUI","GIN",49,"Czechia","CZE","CZE","0",12,"0","-","0","0","0"
1,"dS8HrR",1,467,2003,79,"Guinea","GUI","GIN",49,"Czechia","CZE","CZE","0",7,"0","-","0","0","0"
1,"dS8HrR",1,468,2004,79,"Guinea","GUI","GIN",49,"Czechia","CZE","CZE","0",5,"0","-","0","0","0"
1,"dS8HrR",1,469,2005,79,"Guinea","GUI","GIN",49,"Czechia","CZE","CZE",5,"0","0","-","0","0","0"
1,"dS8HrR",1,470,2006,79,"Guinea","GUI","GIN",49,"Czechia","CZE","CZE",6,7,"0","-","0","0","0"
1,"dS8HrR",1,471,2007,79,"Guinea","GUI","GIN",49,"Czechia","CZE","CZE",7,5,"0","-","0","0","0"
1,"dS8HrR",1,472,2008,79,"Guinea","GUI","GIN",49,"Czechia","CZE","CZE",7,5,"0","-","0","0","0"
1,"dS8HrR",1,473,2009,79,"Guinea","GUI","GIN",49,"Czechia","CZE","CZE",6,5,"0","-","0","0","0"
1,"dS8HrR",1,474,2010,79,"Guinea","GUI","GIN",49,"Czechia","CZE","CZE",6,5,"0","-","0","0","0"
1,"dS8HrR",1,475,2011,79,"Guinea","GUI","GIN",49,"Czechia","CZE","CZE",6,"0","0","-","0","0","0"
1,"dS8HrR",1,476,2012,79,"Guinea","GUI","GIN",49,"Czechia","CZE","CZE",5,5,"0","-","0","0","0"
1,"dS8HrR",1,477,2013,79,"Guinea","GUI","GIN",49,"Czechia","CZE","CZE",5,"0","0","-","0","0","0"
1,"dS8HrR",1,478,2014,79,"Guinea","GUI","GIN",49,"Czechia","CZE","CZE",6,5,"0","-","0","0","0"
1,"dS8HrR",1,479,2015,79,"Guinea","GUI","GIN",49,"Czechia","CZE","CZE",7,"0","0","-","0","0","0"
1,"dS8HrR",1,480,2016,79,"Guinea","GUI","GIN",49,"Czechia","CZE","CZE",7,"0","0","-","0","0","0"
1,"dS8HrR",1,481,2017,79,"Guinea","GUI","GIN",49,"Czechia","CZE","CZE",7,"0","0","-","0","0","0"
1,"dS8HrR",1,482,2018,79,"Guinea","GUI","GIN",49,"Czechia","CZE","CZE",5,"0","0","-","0","0","0"
1,"dS8HrR",1,483,2019,79,"Guinea","GUI","GIN",49,"Czechia","CZE","CZE",5,"0","0","-","0","0","0"
1,"dS8HrR",1,484,2020,79,"Guinea","GUI","GIN",49,"Czechia","CZE","CZE",5,"0","0","-","0","0","0"
1,"dS8HrR",1,485,2021,79,"Guinea","GUI","GIN",49,"Czechia","CZE","CZE",5,"0","0","-","0","0","0"
1,"dS8HrR",1,486,2001,84,"Croatia","HRV","HRV",49,"Czechia","CZE","CZE",5,"0","0","-","0","0","0"
1,"dS8HrR",1,487,2002,84,"Croatia","HRV","HRV",49,"Czechia","CZE","CZE",5,"0","0","-","0","0","0"
1,"dS8HrR",1,488,2003,84,"Croatia","HRV","HRV",49,"Czechia","CZE","CZE",5,"0","0","-","0","0","0"
1,"dS8HrR",1,489,2004,84,"Croatia","HRV","HRV",49,"Czechia","CZE","CZE",5,"0","0","-","0","0","0"
1,"dS8HrR",1,490,2005,84,"Croatia","HRV","HRV",49,"Czechia","CZE","CZE",5,"0","0","-","0","0","0"
1,"dS8HrR",1,491,2006,84,"Croatia","HRV","HRV",49,"Czechia","CZE","CZE",5,"0","0","-","0","0","0"
1,"dS8HrR",1,492,2007,84,"Croatia","HRV","HRV",49,"Czechia","CZE","CZE",5,"0","0","-","0","0","0"
1,"dS8HrR",1,493,2008,84,"Croatia","HRV","HRV",49,"Czechia","CZE","CZE",5,"0","0","-","0","0","0"
1,"dS8HrR",1,494,2009,84,"Croatia","HRV","HRV",49,"Czechia","CZE","CZE",5,"0","0","-","0","0","0"
1,"dS8HrR",1,495,2010,84,"Croatia","HRV","HRV",49,"Czechia","CZE","CZE",5,"0","0","-","0","0","0"
1,"dS8HrR",1,496,2011,84,"Croatia","HRV","HRV",49,"Czechia","CZE","CZE",5,"0","0","-","0","0","0"
1,"dS8HrR",1,497,2000,87,"Cote d'Ivoire","ICO","CIV",49,"Czechia","CZE","CZE","0",5,"0","-","0","0","0"
1,"dS8HrR",1,498,2001,87,"Cote d'Ivoire","ICO","CIV",49,"Czechia","CZE","CZE","0",24,"0","-","0","0","0"
1,"dS8HrR",1,499,2002,87,"Cote d'Ivoire","ICO","CIV",49,"Czechia","CZE","CZE","0",27,"0","-","0","0","0"
1,"dS8HrR",1,500,2003,87,"Cote d'Ivoire","ICO","CIV",49,"Czechia","CZE","CZE","0",15,"0","-","0","0","0"
1,"dS8HrR",1,501,2004,87,"Cote d'Ivoire","ICO","CIV",49,"Czechia","CZE","CZE","0",6,"0","-","0","0","0"
1,"dS8HrR",1,502,2005,87,"Cote d'Ivoire","ICO","CIV",49,"Czechia","CZE","CZE","0",8,"0","-","0","0","0"
1,"dS8HrR",1,503,2006,87,"Cote d'Ivoire","ICO","CIV",49,"Czechia","CZE","CZE","0",17,"0","-","0","0","0"
1,"dS8HrR",1,504,2007,87,"Cote d'Ivoire","ICO","CIV",49,"Czechia","CZE","CZE","0",7,"0","-","0","0","0"
1,"dS8HrR",1,505,2008,87,"Cote d'Ivoire","ICO","CIV",49,"Czechia","CZE","CZE","0",6,"0","-","0","0","0"
1,"dS8HrR",1,506,2015,87,"Cote d'Ivoire","ICO","CIV",49,"Czechia","CZE","CZE","0",5,"0","-","0","0","0"
1,"dS8HrR",1,507,2000,88,"India","IND","IND",49,"Czechia","CZE","CZE","0",263,"0","-","0","0","0"
1,"dS8HrR",1,508,2001,88,"India","IND","IND",49,"Czechia","CZE","CZE","0",170,"0","-","0","0","0"
1,"dS8HrR",1,509,2002,88,"India","IND","IND",49,"Czechia","CZE","CZE","0",115,"0","-","0","0","0"
1,"dS8HrR",1,510,2003,88,"India","IND","IND",49,"Czechia","CZE","CZE","0",23,"0","-","0","0","0"
1,"dS8HrR",1,511,2004,88,"India","IND","IND",49,"Czechia","CZE","CZE","0",6,"0","-","0","0","0"
1,"dS8HrR",1,512,2005,88,"India","IND","IND",49,"Czechia","CZE","CZE","0",70,"0","-","0","0","0"
1,"dS8HrR",1,513,2006,88,"India","IND","IND",49,"Czechia","CZE","CZE","0",36,"0","-","0","0","0"
1,"dS8HrR",1,514,2007,88,"India","IND","IND",49,"Czechia","CZE","CZE","0",21,"0","-","0","0","0"
1,"dS8HrR",1,515,2008,88,"India","IND","IND",49,"Czechia","CZE","CZE","0",5,"0","-","0","0","0"
1,"dS8HrR",1,516,2009,88,"India","IND","IND",49,"Czechia","CZE","CZE","0",5,"0","-","0","0","0"
1,"dS8HrR",1,517,2010,88,"India","IND","IND",49,"Czechia","CZE","CZE","0",5,"0","-","0","0","0"
1,"dS8HrR",1,518,2014,88,"India","IND","IND",49,"Czechia","CZE","CZE",5,"0","0","-","0","0","0"
1,"dS8HrR",1,519,2015,88,"India","IND","IND",49,"Czechia","CZE","CZE",5,"0","0","-","0","0","0"
1,"dS8HrR",1,520,2016,88,"India","IND","IND",49,"Czechia","CZE","CZE",5,"0","0","-","0","0","0"
1,"dS8HrR",1,521,2017,88,"India","IND","IND",49,"Czechia","CZE","CZE",5,"0","0","-","0","0","0"
1,"dS8HrR",1,522,2018,88,"India","IND","IND",49,"Czechia","CZE","CZE","0",5,"0","-","0","0","0"
1,"dS8HrR",1,523,2019,88,"India","IND","IND",49,"Czechia","CZE","CZE","0",7,"0","-","0","0","0"
1,"dS8HrR",1,524,2021,88,"India","IND","IND",49,"Czechia","CZE","CZE","0",5,"0","-","0","0","0"
1,"dS8HrR",1,525,2022,88,"India","IND","IND",49,"Czechia","CZE","CZE",5,5,"0","-","0","0","0"
1,"dS8HrR",1,526,2023,88,"India","IND","IND",49,"Czechia","CZE","CZE",5,11,"0","-","0","0","0"
1,"dS8HrR",1,527,2025,88,"India","IND","IND",49,"Czechia","CZE","CZE",5,5,"0","-","0","0","0"
1,"dS8HrR",1,528,1997,91,"Iran (Islamic Rep. of)","IRN","IRN",49,"Czechia","CZE","CZE",23,"0","0","-","0","0","0"
1,"dS8HrR",1,529,1998,91,"Iran (Islamic Rep. of)","IRN","IRN",49,"Czechia","CZE","CZE",23,"0","0","-","0","0","0"
1,"dS8HrR",1,530,1999,91,"Iran (Islamic Rep. of)","IRN","IRN",49,"Czechia","CZE","CZE",21,"0","0","-","0","0","0"
1,"dS8HrR",1,531,2000,91,"Iran (Islamic Rep. of)","IRN","IRN",49,"Czechia","CZE","CZE",21,27,"0","-","0","0","0"
1,"dS8HrR",1,532,2001,91,"Iran (Islamic Rep. of)","IRN","IRN",49,"Czechia","CZE","CZE",31,9,"0","-","0","0","0"
1,"dS8HrR",1,533,2002,91,"Iran (Islamic Rep. of)","IRN","IRN",49,"Czechia","CZE","CZE",31,13,"0","-","0","0","0"
1,"dS8HrR",1,534,2003,91,"Iran (Islamic Rep. of)","IRN","IRN",49,"Czechia","CZE","CZE",34,5,"0","-","0","0","0"
1,"dS8HrR",1,535,2004,91,"Iran (Islamic Rep. of)","IRN","IRN",49,"Czechia","CZE","CZE",36,10,"0","-","0","0","0"
1,"dS8HrR",1,536,2005,91,"Iran (Islamic Rep. of)","IRN","IRN",49,"Czechia","CZE","CZE",35,5,"0","-","0","0","0"
1,"dS8HrR",1,537,2006,91,"Iran (Islamic Rep. of)","IRN","IRN",49,"Czechia","CZE","CZE",31,5,"0","-","0","0","0"
1,"dS8HrR",1,538,2007,91,"Iran (Islamic Rep. of)","IRN","IRN",49,"Czechia","CZE","CZE",30,10,"0","-","0","0","0"
1,"dS8HrR",1,539,2008,91,"Iran (Islamic Rep. of)","IRN","IRN",49,"Czechia","CZE","CZE",31,5,"0","-","0","0","0"
1,"dS8HrR",1,540,2009,91,"Iran (Islamic Rep. of)","IRN","IRN",49,"Czechia","CZE","CZE",32,5,"0","-","0","0","0"
1,"dS8HrR",1,541,2010,91,"Iran (Islamic Rep. of)","IRN","IRN",49,"Czechia","CZE","CZE",34,11,"0","-","0","0","0"
1,"dS8HrR",1,542,2011,91,"Iran (Islamic Rep. of)","IRN","IRN",49,"Czechia","CZE","CZE",34,"0","0","-","0","0","0"
1,"dS8HrR",1,543,2012,91,"Iran (Islamic Rep. of)","IRN","IRN",49,"Czechia","CZE","CZE",39,5,"0","-","0","0","0"
1,"dS8HrR",1,544,2013,91,"Iran (Islamic Rep. of)","IRN","IRN",49,"Czechia","CZE","CZE",37,7,"0","-","0","0","0"
1,"dS8HrR",1,545,2014,91,"Iran (Islamic Rep. of)","IRN","IRN",49,"Czechia","CZE","CZE",25,5,"0","-","0","0","0"
1,"dS8HrR",1,546,2015,91,"Iran (Islamic Rep. of)","IRN","IRN",49,"Czechia","CZE","CZE",26,5,"0","-","0","0","0"
1,"dS8HrR",1,547,2016,91,"Iran (Islamic Rep. of)","IRN","IRN",49,"Czechia","CZE","CZE",26,"0","0","-","0","0","0"
1,"dS8HrR",1,548,2017,91,"Iran (Islamic Rep. of)","IRN","IRN",49,"Czechia","CZE","CZE",26,"0","0","-","0","0","0"
1,"dS8HrR",1,549,2018,91,"Iran (Islamic Rep. of)","IRN","IRN",49,"Czechia","CZE","CZE",8,8,"0","-","0","0","0"
1,"dS8HrR",1,550,2019,91,"Iran (Islamic Rep. of)","IRN","IRN",49,"Czechia","CZE","CZE",6,9,"0","-","0","0","0"
1,"dS8HrR",1,551,2020,91,"Iran (Islamic Rep. of)","IRN","IRN",49,"Czechia","CZE","CZE",5,6,"0","-","0","0","0"
1,"dS8HrR",1,552,2021,91,"Iran (Islamic Rep. of)","IRN","IRN",49,"Czechia","CZE","CZE",6,8,"0","-","0","0","0"
1,"dS8HrR",1,553,2022,91,"Iran (Islamic Rep. of)","IRN","IRN",49,"Czechia","CZE","CZE",11,5,"0","-","0","0","0"
1,"dS8HrR",1,554,2023,91,"Iran (Islamic Rep. of)","IRN","IRN",49,"Czechia","CZE","CZE",14,"0","0","-","0","0","0"
1,"dS8HrR",1,555,2024,91,"Iran (Islamic Rep. of)","IRN","IRN",49,"Czechia","CZE","CZE",10,9,"0","-","0","0","0"
1,"dS8HrR",1,556,2025,91,"Iran (Islamic Rep. of)","IRN","IRN",49,"Czechia","CZE","CZE",12,12,"0","-","0","0","0"
1,"dS8HrR",1,557,1996,92,"Iraq","IRQ","IRQ",49,"Czechia","CZE","CZE",43,"0","0","-","0","0","0"
1,"dS8HrR",1,558,1997,92,"Iraq","IRQ","IRQ",49,"Czechia","CZE","CZE",65,"0","0","-","0","0","0"
1,"dS8HrR",1,559,1998,92,"Iraq","IRQ","IRQ",49,"Czechia","CZE","CZE",72,"0","0","-","0","0","0"
1,"dS8HrR",1,560,1999,92,"Iraq","IRQ","IRQ",49,"Czechia","CZE","CZE",69,"0","0","-","0","0","0"
1,"dS8HrR",1,561,2000,92,"Iraq","IRQ","IRQ",49,"Czechia","CZE","CZE",68,88,"0","-","0","0","0"
1,"dS8HrR",1,562,2001,92,"Iraq","IRQ","IRQ",49,"Czechia","CZE","CZE",67,111,"0","-","0","0","0"
1,"dS8HrR",1,563,2002,92,"Iraq","IRQ","IRQ",49,"Czechia","CZE","CZE",75,68,"0","-","0","0","0"
1,"dS8HrR",1,564,2003,92,"Iraq","IRQ","IRQ",49,"Czechia","CZE","CZE",83,55,"0","-","0","0","0"
1,"dS8HrR",1,565,2004,92,"Iraq","IRQ","IRQ",49,"Czechia","CZE","CZE",86,36,"0","-","0","0","0"
1,"dS8HrR",1,566,2005,92,"Iraq","IRQ","IRQ",49,"Czechia","CZE","CZE",86,44,"0","-","0","0","0"
1,"dS8HrR",1,567,2006,92,"Iraq","IRQ","IRQ",49,"Czechia","CZE","CZE",88,76,"0","-","0","0","0"
1,"dS8HrR",1,568,2007,92,"Iraq","IRQ","IRQ",49,"Czechia","CZE","CZE",102,56,"0","-","0","0","0"
1,"dS8HrR",1,569,2008,92,"Iraq","IRQ","IRQ",49,"Czechia","CZE","CZE",108,37,"0","-","0","0","0"
1,"dS8HrR",1,570,2009,92,"Iraq","IRQ","IRQ",49,"Czechia","CZE","CZE",166,30,"0","-","0","0","0"
1,"dS8HrR",1,571,2010,92,"Iraq","IRQ","IRQ",49,"Czechia","CZE","CZE",173,22,"0","-","0","0","0"
1,"dS8HrR",1,572,2011,92,"Iraq","IRQ","IRQ",49,"Czechia","CZE","CZE",173,"0","0","-","0","0","0"
1,"dS8HrR",1,573,2012,92,"Iraq","IRQ","IRQ",49,"Czechia","CZE","CZE",159,10,"0","-","0","0","0"
1,"dS8HrR",1,574,2013,92,"Iraq","IRQ","IRQ",49,"Czechia","CZE","CZE",162,5,"0","-","0","0","0"
1,"dS8HrR",1,575,2014,92,"Iraq","IRQ","IRQ",49,"Czechia","CZE","CZE",163,12,"0","-","0","0","0"
1,"dS8HrR",1,576,2015,92,"Iraq","IRQ","IRQ",49,"Czechia","CZE","CZE",199,30,"0","-","0","0","0"
1,"dS8HrR",1,577,2016,92,"Iraq","IRQ","IRQ",49,"Czechia","CZE","CZE",199,12,"0","-","0","0","0"
1,"dS8HrR",1,578,2017,92,"Iraq","IRQ","IRQ",49,"Czechia","CZE","CZE",199,35,"0","-","0","0","0"
1,"dS8HrR",1,579,2018,92,"Iraq","IRQ","IRQ",49,"Czechia","CZE","CZE",172,21,"0","-","0","0","0"
1,"dS8HrR",1,580,2019,92,"Iraq","IRQ","IRQ",49,"Czechia","CZE","CZE",146,6,"0","-","0","0","0"
1,"dS8HrR",1,581,2020,92,"Iraq","IRQ","IRQ",49,"Czechia","CZE","CZE",109,5,"0","-","0","0","0"
1,"dS8HrR",1,582,2021,92,"Iraq","IRQ","IRQ",49,"Czechia","CZE","CZE",89,8,"0","-","0","0","0"
1,"dS8HrR",1,583,2022,92,"Iraq","IRQ","IRQ",49,"Czechia","CZE","CZE",76,6,"0","-","0","0","0"
1,"dS8HrR",1,584,2023,92,"Iraq","IRQ","IRQ",49,"Czechia","CZE","CZE",105,7,"0","-","0","0","0"
1,"dS8HrR",1,585,2024,92,"Iraq","IRQ","IRQ",49,"Czechia","CZE","CZE",90,"0","0","-","0","0","0"
1,"dS8HrR",1,586,2025,92,"Iraq","IRQ","IRQ",49,"Czechia","CZE","CZE",87,5,"0","-","0","0","0"
1,"dS8HrR",1,587,2023,93,"Israel","ISR","ISR",49,"Czechia","CZE","CZE",5,5,"0","-","0","0","0"
1,"dS8HrR",1,588,2024,93,"Israel","ISR","ISR",49,"Czechia","CZE","CZE",5,"0","0","-","0","0","0"
1,"dS8HrR",1,589,2025,93,"Israel","ISR","ISR",49,"Czechia","CZE","CZE",5,"0","0","-","0","0","0"
1,"dS8HrR",1,590,2018,96,"Jordan","JOR","JOR",49,"Czechia","CZE","CZE","0",5,"0","-","0","0","0"
1,"dS8HrR",1,591,2019,96,"Jordan","JOR","JOR",49,"Czechia","CZE","CZE","0",5,"0","-","0","0","0"
1,"dS8HrR",1,592,2023,96,"Jordan","JOR","JOR",49,"Czechia","CZE","CZE",5,"0","0","-","0","0","0"
1,"dS8HrR",1,593,2025,96,"Jordan","JOR","JOR",49,"Czechia","CZE","CZE","0",5,"0","-","0","0","0"
1,"dS8HrR",1,594,2000,98,"Kazakhstan","KAZ","KAZ",49,"Czechia","CZE","CZE","0",101,"0","-","0","0","0"
1,"dS8HrR",1,595,2001,98,"Kazakhstan","KAZ","KAZ",49,"Czechia","CZE","CZE",6,190,"0","-","0","0","0"
1,"dS8HrR",1,596,2002,98,"Kazakhstan","KAZ","KAZ",49,"Czechia","CZE","CZE",6,153,"0","-","0","0","0"
1,"dS8HrR",1,597,2003,98,"Kazakhstan","KAZ","KAZ",49,"Czechia","CZE","CZE",17,44,"0","-","0","0","0"
1,"dS8HrR",1,598,2004,98,"Kazakhstan","KAZ","KAZ",49,"Czechia","CZE","CZE",27,22,"0","-","0","0","0"
1,"dS8HrR",1,599,2005,98,"Kazakhstan","KAZ","KAZ",49,"Czechia","CZE","CZE",42,20,"0","-","0","0","0"
1,"dS8HrR",1,600,2006,98,"Kazakhstan","KAZ","KAZ",49,"Czechia","CZE","CZE",73,231,"0","-","0","0","0"
1,"dS8HrR",1,601,2007,98,"Kazakhstan","KAZ","KAZ",49,"Czechia","CZE","CZE",79,218,"0","-","0","0","0"
1,"dS8HrR",1,602,2008,98,"Kazakhstan","KAZ","KAZ",49,"Czechia","CZE","CZE",90,96,"0","-","0","0","0"
1,"dS8HrR",1,603,2009,98,"Kazakhstan","KAZ","KAZ",49,"Czechia","CZE","CZE",95,149,"0","-","0","0","0"
1,"dS8HrR",1,604,2010,98,"Kazakhstan","KAZ","KAZ",49,"Czechia","CZE","CZE",87,167,"0","-","0","0","0"
1,"dS8HrR",1,605,2011,98,"Kazakhstan","KAZ","KAZ",49,"Czechia","CZE","CZE",87,"0","0","-","0","0","0"
1,"dS8HrR",1,606,2012,98,"Kazakhstan","KAZ","KAZ",49,"Czechia","CZE","CZE",193,12,"0","-","0","0","0"
1,"dS8HrR",1,607,2013,98,"Kazakhstan","KAZ","KAZ",49,"Czechia","CZE","CZE",193,11,"0","-","0","0","0"
1,"dS8HrR",1,608,2014,98,"Kazakhstan","KAZ","KAZ",49,"Czechia","CZE","CZE",198,"0","0","-","0","0","0"
1,"dS8HrR",1,609,2015,98,"Kazakhstan","KAZ","KAZ",49,"Czechia","CZE","CZE",234,12,"0","-","0","0","0"
1,"dS8HrR",1,610,2016,98,"Kazakhstan","KAZ","KAZ",49,"Czechia","CZE","CZE",234,16,"0","-","0","0","0"
1,"dS8HrR",1,611,2017,98,"Kazakhstan","KAZ","KAZ",49,"Czechia","CZE","CZE",234,13,"0","-","0","0","0"
1,"dS8HrR",1,612,2018,98,"Kazakhstan","KAZ","KAZ",49,"Czechia","CZE","CZE",120,24,"0","-","0","0","0"
1,"dS8HrR",1,613,2019,98,"Kazakhstan","KAZ","KAZ",49,"Czechia","CZE","CZE",111,54,"0","-","0","0","0"
1,"dS8HrR",1,614,2020,98,"Kazakhstan","KAZ","KAZ",49,"Czechia","CZE","CZE",109,23,"0","-","0","0","0"
1,"dS8HrR",1,615,2021,98,"Kazakhstan","KAZ","KAZ",49,"Czechia","CZE","CZE",76,17,"0","-","0","0","0"
1,"dS8HrR",1,616,2022,98,"Kazakhstan","KAZ","KAZ",49,"Czechia","CZE","CZE",52,14,"0","-","0","0","0"
1,"dS8HrR",1,617,2023,98,"Kazakhstan","KAZ","KAZ",49,"Czechia","CZE","CZE",74,18,"0","-","0","0","0"
1,"dS8HrR",1,618,2024,98,"Kazakhstan","KAZ","KAZ",49,"Czechia","CZE","CZE",59,27,"0","-","0","0","0"
1,"dS8HrR",1,619,2025,98,"Kazakhstan","KAZ","KAZ",49,"Czechia","CZE","CZE",53,22,"0","-","0","0","0"
1,"dS8HrR",1,620,2010,99,"Kenya","KEN","KEN",49,"Czechia","CZE","CZE","0",5,"0","-","0","0","0"
1,"dS8HrR",1,621,2000,100,"Kyrgyzstan","KGZ","KGZ",49,"Czechia","CZE","CZE","0",43,"0","-","0","0","0"
1,"dS8HrR",1,622,2001,100,"Kyrgyzstan","KGZ","KGZ",49,"Czechia","CZE","CZE","0",74,"0","-","0","0","0"
1,"dS8HrR",1,623,2002,100,"Kyrgyzstan","KGZ","KGZ",49,"Czechia","CZE","CZE","0",85,"0","-","0","0","0"
1,"dS8HrR",1,624,2003,100,"Kyrgyzstan","KGZ","KGZ",49,"Czechia","CZE","CZE","0",60,"0","-","0","0","0"
1,"dS8HrR",1,625,2004,100,"Kyrgyzstan","KGZ","KGZ",49,"Czechia","CZE","CZE","0",49,"0","-","0","0","0"
1,"dS8HrR",1,626,2005,100,"Kyrgyzstan","KGZ","KGZ",49,"Czechia","CZE","CZE",12,12,"0","-","0","0","0"
1,"dS8HrR",1,627,2006,100,"Kyrgyzstan","KGZ","KGZ",49,"Czechia","CZE","CZE",17,84,"0","-","0","0","0"
1,"dS8HrR",1,628,2007,100,"Kyrgyzstan","KGZ","KGZ",49,"Czechia","CZE","CZE",20,82,"0","-","0","0","0"
1,"dS8HrR",1,629,2008,100,"Kyrgyzstan","KGZ","KGZ",49,"Czechia","CZE","CZE",21,39,"0","-","0","0","0"
1,"dS8HrR",1,630,2009,100,"Kyrgyzstan","KGZ","KGZ",49,"Czechia","CZE","CZE",30,36,"0","-","0","0","0"
1,"dS8HrR",1,631,2010,100,"Kyrgyzstan","KGZ","KGZ",49,"Czechia","CZE","CZE",39,34,"0","-","0","0","0"
1,"dS8HrR",1,632,2011,100,"Kyrgyzstan","KGZ","KGZ",49,"Czechia","CZE","CZE",39,"0","0","-","0","0","0"
1,"dS8HrR",1,633,2012,100,"Kyrgyzstan","KGZ","KGZ",49,"Czechia","CZE","CZE",40,37,"0","-","0","0","0"
1,"dS8HrR",1,634,2013,100,"Kyrgyzstan","KGZ","KGZ",49,"Czechia","CZE","CZE",32,20,"0","-","0","0","0"
1,"dS8HrR",1,635,2014,100,"Kyrgyzstan","KGZ","KGZ",49,"Czechia","CZE","CZE",25,6,"0","-","0","0","0"
1,"dS8HrR",1,636,2015,100,"Kyrgyzstan","KGZ","KGZ",49,"Czechia","CZE","CZE",21,21,"0","-","0","0","0"
1,"dS8HrR",1,637,2016,100,"Kyrgyzstan","KGZ","KGZ",49,"Czechia","CZE","CZE",21,12,"0","-","0","0","0"
1,"dS8HrR",1,638,2017,100,"Kyrgyzstan","KGZ","KGZ",49,"Czechia","CZE","CZE",21,6,"0","-","0","0","0"
1,"dS8HrR",1,639,2018,100,"Kyrgyzstan","KGZ","KGZ",49,"Czechia","CZE","CZE",14,18,"0","-","0","0","0"
1,"dS8HrR",1,640,2019,100,"Kyrgyzstan","KGZ","KGZ",49,"Czechia","CZE","CZE",22,12,"0","-","0","0","0"
1,"dS8HrR",1,641,2020,100,"Kyrgyzstan","KGZ","KGZ",49,"Czechia","CZE","CZE",21,11,"0","-","0","0","0"
1,"dS8HrR",1,642,2021,100,"Kyrgyzstan","KGZ","KGZ",49,"Czechia","CZE","CZE",18,6,"0","-","0","0","0"
1,"dS8HrR",1,643,2022,100,"Kyrgyzstan","KGZ","KGZ",49,"Czechia","CZE","CZE",22,5,"0","-","0","0","0"
1,"dS8HrR",1,644,2023,100,"Kyrgyzstan","KGZ","KGZ",49,"Czechia","CZE","CZE",32,7,"0","-","0","0","0"
1,"dS8HrR",1,645,2024,100,"Kyrgyzstan","KGZ","KGZ",49,"Czechia","CZE","CZE",28,5,"0","-","0","0","0"
1,"dS8HrR",1,646,2025,100,"Kyrgyzstan","KGZ","KGZ",49,"Czechia","CZE","CZE",29,9,"0","-","0","0","0"
1,"dS8HrR",1,647,2001,106,"Liberia","LBR","LBR",49,"Czechia","CZE","CZE",5,"0","0","-","0","0","0"
1,"dS8HrR",1,648,2002,106,"Liberia","LBR","LBR",49,"Czechia","CZE","CZE",5,"0","0","-","0","0","0"
1,"dS8HrR",1,649,2003,106,"Liberia","LBR","LBR",49,"Czechia","CZE","CZE",5,"0","0","-","0","0","0"
1,"dS8HrR",1,650,2004,106,"Liberia","LBR","LBR",49,"Czechia","CZE","CZE",5,"0","0","-","0","0","0"
1,"dS8HrR",1,651,2005,106,"Liberia","LBR","LBR",49,"Czechia","CZE","CZE",5,"0","0","-","0","0","0"
1,"dS8HrR",1,652,2006,106,"Liberia","LBR","LBR",49,"Czechia","CZE","CZE",5,"0","0","-","0","0","0"
1,"dS8HrR",1,653,2007,106,"Liberia","LBR","LBR",49,"Czechia","CZE","CZE",5,"0","0","-","0","0","0"
1,"dS8HrR",1,654,2008,106,"Liberia","LBR","LBR",49,"Czechia","CZE","CZE",5,"0","0","-","0","0","0"
1,"dS8HrR",1,655,2009,106,"Liberia","LBR","LBR",49,"Czechia","CZE","CZE",5,"0","0","-","0","0","0"
1,"dS8HrR",1,656,2010,106,"Liberia","LBR","LBR",49,"Czechia","CZE","CZE",5,"0","0","-","0","0","0"
1,"dS8HrR",1,657,2011,106,"Liberia","LBR","LBR",49,"Czechia","CZE","CZE",5,"0","0","-","0","0","0"
1,"dS8HrR",1,658,2012,106,"Liberia","LBR","LBR",49,"Czechia","CZE","CZE",5,"0","0","-","0","0","0"
1,"dS8HrR",1,659,2013,106,"Liberia","LBR","LBR",49,"Czechia","CZE","CZE",5,"0","0","-","0","0","0"
1,"dS8HrR",1,660,2014,106,"Liberia","LBR","LBR",49,"Czechia","CZE","CZE",5,"0","0","-","0","0","0"
1,"dS8HrR",1,661,2015,106,"Liberia","LBR","LBR",49,"Czechia","CZE","CZE",5,"0","0","-","0","0","0"
1,"dS8HrR",1,662,2016,106,"Liberia","LBR","LBR",49,"Czechia","CZE","CZE",5,"0","0","-","0","0","0"
1,"dS8HrR",1,663,2017,106,"Liberia","LBR","LBR",49,"Czechia","CZE","CZE",5,"0","0","-","0","0","0"
1,"dS8HrR",1,664,2000,107,"Libya","LBY","LBY",49,"Czechia","CZE","CZE","0",5,"0","-","0","0","0"
1,"dS8HrR",1,665,2012,107,"Libya","LBY","LBY",49,"Czechia","CZE","CZE","0",9,"0","-","0","0","0"
1,"dS8HrR",1,666,2013,107,"Libya","LBY","LBY",49,"Czechia","CZE","CZE",7,"0","0","-","0","0","0"
1,"dS8HrR",1,667,2014,107,"Libya","LBY","LBY",49,"Czechia","CZE","CZE",7,"0","0","-","0","0","0"
1,"dS8HrR",1,668,2015,107,"Libya","LBY","LBY",49,"Czechia","CZE","CZE",9,9,"0","-","0","0","0"
1,"dS8HrR",1,669,2016,107,"Libya","LBY","LBY",49,"Czechia","CZE","CZE",9,9,"0","-","0","0","0"
1,"dS8HrR",1,670,2017,107,"Libya","LBY","LBY",49,"Czechia","CZE","CZE",9,8,"0","-","0","0","0"
1,"dS8HrR",1,671,2018,107,"Libya","LBY","LBY",49,"Czechia","CZE","CZE",14,14,"0","-","0","0","0"
1,"dS8HrR",1,672,2019,107,"Libya","LBY","LBY",49,"Czechia","CZE","CZE",15,"0","0","-","0","0","0"
1,"dS8HrR",1,673,2020,107,"Libya","LBY","LBY",49,"Czechia","CZE","CZE",20,7,"0","-","0","0","0"
1,"dS8HrR",1,674,2021,107,"Libya","LBY","LBY",49,"Czechia","CZE","CZE",22,5,"0","-","0","0","0"
1,"dS8HrR",1,675,2022,107,"Libya","LBY","LBY",49,"Czechia","CZE","CZE",24,"0","0","-","0","0","0"
1,"dS8HrR",1,676,2023,107,"Libya","LBY","LBY",49,"Czechia","CZE","CZE",23,"0","0","-","0","0","0"
1,"dS8HrR",1,677,2024,107,"Libya","LBY","LBY",49,"Czechia","CZE","CZE",20,"0","0","-","0","0","0"
1,"dS8HrR",1,678,2025,107,"Libya","LBY","LBY",49,"Czechia","CZE","CZE",20,5,"0","-","0","0","0"
1,"dS8HrR",1,679,2000,109,"Lebanon","LEB","LBN",49,"Czechia","CZE","CZE","0",14,"0","-","0","0","0"
1,"dS8HrR",1,680,2014,109,"Lebanon","LEB","LBN",49,"Czechia","CZE","CZE","0",5,"0","-","0","0","0"
1,"dS8HrR",1,681,2015,109,"Lebanon","LEB","LBN",49,"Czechia","CZE","CZE",5,5,"0","-","0","0","0"
1,"dS8HrR",1,682,2016,109,"Lebanon","LEB","LBN",49,"Czechia","CZE","CZE",5,"0","0","-","0","0","0"
1,"dS8HrR",1,683,2017,109,"Lebanon","LEB","LBN",49,"Czechia","CZE","CZE",5,"0","0","-","0","0","0"
1,"dS8HrR",1,684,2018,109,"Lebanon","LEB","LBN",49,"Czechia","CZE","CZE",5,"0","0","-","0","0","0"
1,"dS8HrR",1,685,2019,109,"Lebanon","LEB","LBN",49,"Czechia","CZE","CZE",5,8,"0","-","0","0","0"
1,"dS8HrR",1,686,2020,109,"Lebanon","LEB","LBN",49,"Czechia","CZE","CZE",5,"0","0","-","0","0","0"
1,"dS8HrR",1,687,2021,109,"Lebanon","LEB","LBN",49,"Czechia","CZE","CZE",5,"0","0","-","0","0","0"
1,"dS8HrR",1,688,2022,109,"Lebanon","LEB","LBN",49,"Czechia","CZE","CZE",5,"0","0","-","0","0","0"
1,"dS8HrR",1,689,2023,109,"Lebanon","LEB","LBN",49,"Czechia","CZE","CZE",7,"0","0","-","0","0","0"
1,"dS8HrR",1,690,2024,109,"Lebanon","LEB","LBN",49,"Czechia","CZE","CZE",5,5,"0","-","0","0","0"
1,"dS8HrR",1,691,2025,109,"Lebanon","LEB","LBN",49,"Czechia","CZE","CZE",5,"0","0","-","0","0","0"
1,"dS8HrR",1,692,2000,112,"Sri Lanka","LKA","LKA",49,"Czechia","CZE","CZE",8,50,"0","-","0","0","0"
1,"dS8HrR",1,693,2001,112,"Sri Lanka","LKA","LKA",49,"Czechia","CZE","CZE",8,23,"0","-","0","0","0"
1,"dS8HrR",1,694,2002,112,"Sri Lanka","LKA","LKA",49,"Czechia","CZE","CZE",8,36,"0","-","0","0","0"
1,"dS8HrR",1,695,2003,112,"Sri Lanka","LKA","LKA",49,"Czechia","CZE","CZE",9,6,"0","-","0","0","0"
1,"dS8HrR",1,696,2004,112,"Sri Lanka","LKA","LKA",49,"Czechia","CZE","CZE",11,"0","0","-","0","0","0"
1,"dS8HrR",1,697,2005,112,"Sri Lanka","LKA","LKA",49,"Czechia","CZE","CZE",11,"0","0","-","0","0","0"
1,"dS8HrR",1,698,2006,112,"Sri Lanka","LKA","LKA",49,"Czechia","CZE","CZE",13,15,"0","-","0","0","0"
1,"dS8HrR",1,699,2007,112,"Sri Lanka","LKA","LKA",49,"Czechia","CZE","CZE",13,30,"0","-","0","0","0"
1,"dS8HrR",1,700,2008,112,"Sri Lanka","LKA","LKA",49,"Czechia","CZE","CZE",13,14,"0","-","0","0","0"
1,"dS8HrR",1,701,2009,112,"Sri Lanka","LKA","LKA",49,"Czechia","CZE","CZE",14,9,"0","-","0","0","0"
1,"dS8HrR",1,702,2010,112,"Sri Lanka","LKA","LKA",49,"Czechia","CZE","CZE",13,5,"0","-","0","0","0"
1,"dS8HrR",1,703,2011,112,"Sri Lanka","LKA","LKA",49,"Czechia","CZE","CZE",13,"0","0","-","0","0","0"
1,"dS8HrR",1,704,2012,112,"Sri Lanka","LKA","LKA",49,"Czechia","CZE","CZE",14,"0","0","-","0","0","0"
1,"dS8HrR",1,705,2013,112,"Sri Lanka","LKA","LKA",49,"Czechia","CZE","CZE",14,"0","0","-","0","0","0"
1,"dS8HrR",1,706,2014,112,"Sri Lanka","LKA","LKA",49,"Czechia","CZE","CZE",13,"0","0","-","0","0","0"
1,"dS8HrR",1,707,2015,112,"Sri Lanka","LKA","LKA",49,"Czechia","CZE","CZE",14,"0","0","-","0","0","0"
1,"dS8HrR",1,708,2016,112,"Sri Lanka","LKA","LKA",49,"Czechia","CZE","CZE",14,"0","0","-","0","0","0"
1,"dS8HrR",1,709,2017,112,"Sri Lanka","LKA","LKA",49,"Czechia","CZE","CZE",14,5,"0","-","0","0","0"
1,"dS8HrR",1,710,2018,112,"Sri Lanka","LKA","LKA",49,"Czechia","CZE","CZE",7,"0","0","-","0","0","0"
1,"dS8HrR",1,711,2019,112,"Sri Lanka","LKA","LKA",49,"Czechia","CZE","CZE",7,"0","0","-","0","0","0"
1,"dS8HrR",1,712,2020,112,"Sri Lanka","LKA","LKA",49,"Czechia","CZE","CZE",6,"0","0","-","0","0","0"
1,"dS8HrR",1,713,2021,112,"Sri Lanka","LKA","LKA",49,"Czechia","CZE","CZE",7,"0","0","-","0","0","0"
1,"dS8HrR",1,714,2022,112,"Sri Lanka","LKA","LKA",49,"Czechia","CZE","CZE",7,"0","0","-","0","0","0"
1,"dS8HrR",1,715,2023,112,"Sri Lanka","LKA","LKA",49,"Czechia","CZE","CZE",6,"0","0","-","0","0","0"
1,"dS8HrR",1,716,2024,112,"Sri Lanka","LKA","LKA",49,"Czechia","CZE","CZE",7,"0","0","-","0","0","0"
1,"dS8HrR",1,717,2025,112,"Sri Lanka","LKA","LKA",49,"Czechia","CZE","CZE",7,5,"0","-","0","0","0"
1,"dS8HrR",1,718,2000,113,"Lithuania","LTU","LTU",49,"Czechia","CZE","CZE","0",5,"0","-","0","0","0"
1,"dS8HrR",1,719,2001,113,"Lithuania","LTU","LTU",49,"Czechia","CZE","CZE","0",16,"0","-","0","0","0"
1,"dS8HrR",1,720,2002,113,"Lithuania","LTU","LTU",49,"Czechia","CZE","CZE","0",13,"0","-","0","0","0"
1,"dS8HrR",1,721,2003,113,"Lithuania","LTU","LTU",49,"Czechia","CZE","CZE","0",9,"0","-","0","0","0"
1,"dS8HrR",1,722,2006,113,"Lithuania","LTU","LTU",49,"Czechia","CZE","CZE","0",5,"0","-","0","0","0"
1,"dS8HrR",1,723,2000,115,"Latvia","LVA","LVA",49,"Czechia","CZE","CZE","0",5,"0","-","0","0","0"
1,"dS8HrR",1,724,2000,120,"North Macedonia","MCD","MKD",49,"Czechia","CZE","CZE","0",19,"0","-","0","0","0"
1,"dS8HrR",1,725,2001,120,"North Macedonia","MCD","MKD",49,"Czechia","CZE","CZE",5,56,"0","-","0","0","0"
1,"dS8HrR",1,726,2002,120,"North Macedonia","MCD","MKD",49,"Czechia","CZE","CZE",5,45,"0","-","0","0","0"
1,"dS8HrR",1,727,2003,120,"North Macedonia","MCD","MKD",49,"Czechia","CZE","CZE",5,10,"0","-","0","0","0"
1,"dS8HrR",1,728,2004,120,"North Macedonia","MCD","MKD",49,"Czechia","CZE","CZE",5,"0","0","-","0","0","0"
1,"dS8HrR",1,729,2005,120,"North Macedonia","MCD","MKD",49,"Czechia","CZE","CZE",5,"0","0","-","0","0","0"
1,"dS8HrR",1,730,2006,120,"North Macedonia","MCD","MKD",49,"Czechia","CZE","CZE","0",12,"0","-","0","0","0"
1,"dS8HrR",1,731,2007,120,"North Macedonia","MCD","MKD",49,"Czechia","CZE","CZE","0",12,"0","-","0","0","0"
1,"dS8HrR",1,732,2008,120,"North Macedonia","MCD","MKD",49,"Czechia","CZE","CZE","0",7,"0","-","0","0","0"
1,"dS8HrR",1,733,2009,120,"North Macedonia","MCD","MKD",49,"Czechia","CZE","CZE","0",5,"0","-","0","0","0"
1,"dS8HrR",1,734,2023,120,"North Macedonia","MCD","MKD",49,"Czechia","CZE","CZE",5,"0","0","-","0","0","0"
1,"dS8HrR",1,735,2024,120,"North Macedonia","MCD","MKD",49,"Czechia","CZE","CZE",5,"0","0","-","0","0","0"
1,"dS8HrR",1,736,2025,120,"North Macedonia","MCD","MKD",49,"Czechia","CZE","CZE",5,"0","0","-","0","0","0"
1,"dS8HrR",1,737,2000,122,"Rep. of Moldova","MDA","MDA",49,"Czechia","CZE","CZE","0",545,"0","-","0","0","0"
1,"dS8HrR",1,738,2001,122,"Rep. of Moldova","MDA","MDA",49,"Czechia","CZE","CZE","0",1791,"0","-","0","0","0"
1,"dS8HrR",1,739,2002,122,"Rep. of Moldova","MDA","MDA",49,"Czechia","CZE","CZE","0",890,"0","-","0","0","0"
1,"dS8HrR",1,740,2003,122,"Rep. of Moldova","MDA","MDA",49,"Czechia","CZE","CZE","0",128,"0","-","0","0","0"
1,"dS8HrR",1,741,2004,122,"Rep. of Moldova","MDA","MDA",49,"Czechia","CZE","CZE","0",19,"0","-","0","0","0"
1,"dS8HrR",1,742,2005,122,"Rep. of Moldova","MDA","MDA",49,"Czechia","CZE","CZE",8,7,"0","-","0","0","0"
1,"dS8HrR",1,743,2006,122,"Rep. of Moldova","MDA","MDA",49,"Czechia","CZE","CZE",8,39,"0","-","0","0","0"
1,"dS8HrR",1,744,2007,122,"Rep. of Moldova","MDA","MDA",49,"Czechia","CZE","CZE",9,30,"0","-","0","0","0"
1,"dS8HrR",1,745,2008,122,"Rep. of Moldova","MDA","MDA",49,"Czechia","CZE","CZE",17,10,"0","-","0","0","0"
1,"dS8HrR",1,746,2009,122,"Rep. of Moldova","MDA","MDA",49,"Czechia","CZE","CZE",17,23,"0","-","0","0","0"
1,"dS8HrR",1,747,2010,122,"Rep. of Moldova","MDA","MDA",49,"Czechia","CZE","CZE",20,20,"0","-","0","0","0"
1,"dS8HrR",1,748,2011,122,"Rep. of Moldova","MDA","MDA",49,"Czechia","CZE","CZE",20,"0","0","-","0","0","0"
1,"dS8HrR",1,749,2012,122,"Rep. of Moldova","MDA","MDA",49,"Czechia","CZE","CZE",20,6,"0","-","0","0","0"
1,"dS8HrR",1,750,2013,122,"Rep. of Moldova","MDA","MDA",49,"Czechia","CZE","CZE",21,9,"0","-","0","0","0"
1,"dS8HrR",1,751,2014,122,"Rep. of Moldova","MDA","MDA",49,"Czechia","CZE","CZE",18,7,"0","-","0","0","0"
1,"dS8HrR",1,752,2015,122,"Rep. of Moldova","MDA","MDA",49,"Czechia","CZE","CZE",25,6,"0","-","0","0","0"
1,"dS8HrR",1,753,2016,122,"Rep. of Moldova","MDA","MDA",49,"Czechia","CZE","CZE",25,5,"0","-","0","0","0"
1,"dS8HrR",1,754,2017,122,"Rep. of Moldova","MDA","MDA",49,"Czechia","CZE","CZE",25,13,"0","-","0","0","0"
1,"dS8HrR",1,755,2018,122,"Rep. of Moldova","MDA","MDA",49,"Czechia","CZE","CZE",19,7,"0","-","0","0","0"
1,"dS8HrR",1,756,2019,122,"Rep. of Moldova","MDA","MDA",49,"Czechia","CZE","CZE",18,5,"0","-","0","0","0"
1,"dS8HrR",1,757,2020,122,"Rep. of Moldova","MDA","MDA",49,"Czechia","CZE","CZE",18,14,"0","-","0","0","0"
1,"dS8HrR",1,758,2021,122,"Rep. of Moldova","MDA","MDA",49,"Czechia","CZE","CZE",17,18,"0","-","0","0","0"
1,"dS8HrR",1,759,2022,122,"Rep. of Moldova","MDA","MDA",49,"Czechia","CZE","CZE",18,"0","0","-","0","0","0"
1,"dS8HrR",1,760,2023,122,"Rep. of Moldova","MDA","MDA",49,"Czechia","CZE","CZE",155,17,"0","-","0","0","0"
1,"dS8HrR",1,761,2024,122,"Rep. of Moldova","MDA","MDA",49,"Czechia","CZE","CZE",143,20,"0","-","0","0","0"
1,"dS8HrR",1,762,2025,122,"Rep. of Moldova","MDA","MDA",49,"Czechia","CZE","CZE",137,13,"0","-","0","0","0"
1,"dS8HrR",1,763,2000,129,"Mongolia","MNG","MNG",49,"Czechia","CZE","CZE","0",66,"0","-","0","0","0"
1,"dS8HrR",1,764,2001,129,"Mongolia","MNG","MNG",49,"Czechia","CZE","CZE","0",141,"0","-","0","0","0"
1,"dS8HrR",1,765,2002,129,"Mongolia","MNG","MNG",49,"Czechia","CZE","CZE","0",126,"0","-","0","0","0"
1,"dS8HrR",1,766,2003,129,"Mongolia","MNG","MNG",49,"Czechia","CZE","CZE","0",22,"0","-","0","0","0"
1,"dS8HrR",1,767,2004,129,"Mongolia","MNG","MNG",49,"Czechia","CZE","CZE","0",35,"0","-","0","0","0"
1,"dS8HrR",1,768,2005,129,"Mongolia","MNG","MNG",49,"Czechia","CZE","CZE","0",18,"0","-","0","0","0"
1,"dS8HrR",1,769,2006,129,"Mongolia","MNG","MNG",49,"Czechia","CZE","CZE","0",89,"0","-","0","0","0"
1,"dS8HrR",1,770,2007,129,"Mongolia","MNG","MNG",49,"Czechia","CZE","CZE","0",161,"0","-","0","0","0"
1,"dS8HrR",1,771,2008,129,"Mongolia","MNG","MNG",49,"Czechia","CZE","CZE","0",135,"0","-","0","0","0"
1,"dS8HrR",1,772,2009,129,"Mongolia","MNG","MNG",49,"Czechia","CZE","CZE","0",124,"0","-","0","0","0"
1,"dS8HrR",1,773,2010,129,"Mongolia","MNG","MNG",49,"Czechia","CZE","CZE","0",49,"0","-","0","0","0"
1,"dS8HrR",1,774,2012,129,"Mongolia","MNG","MNG",49,"Czechia","CZE","CZE","0",7,"0","-","0","0","0"
1,"dS8HrR",1,775,2013,129,"Mongolia","MNG","MNG",49,"Czechia","CZE","CZE","0",5,"0","-","0","0","0"
1,"dS8HrR",1,776,2014,129,"Mongolia","MNG","MNG",49,"Czechia","CZE","CZE",5,5,"0","-","0","0","0"
1,"dS8HrR",1,777,2015,129,"Mongolia","MNG","MNG",49,"Czechia","CZE","CZE",5,5,"0","-","0","0","0"
1,"dS8HrR",1,778,2016,129,"Mongolia","MNG","MNG",49,"Czechia","CZE","CZE",5,6,"0","-","0","0","0"
1,"dS8HrR",1,779,2017,129,"Mongolia","MNG","MNG",49,"Czechia","CZE","CZE",5,5,"0","-","0","0","0"
1,"dS8HrR",1,780,2018,129,"Mongolia","MNG","MNG",49,"Czechia","CZE","CZE",6,6,"0","-","0","0","0"
1,"dS8HrR",1,781,2019,129,"Mongolia","MNG","MNG",49,"Czechia","CZE","CZE",7,"0","0","-","0","0","0"
1,"dS8HrR",1,782,2020,129,"Mongolia","MNG","MNG",49,"Czechia","CZE","CZE",6,10,"0","-","0","0","0"
1,"dS8HrR",1,783,2021,129,"Mongolia","MNG","MNG",49,"Czechia","CZE","CZE",10,8,"0","-","0","0","0"
1,"dS8HrR",1,784,2022,129,"Mongolia","MNG","MNG",49,"Czechia","CZE","CZE",10,5,"0","-","0","0","0"
1,"dS8HrR",1,785,2023,129,"Mongolia","MNG","MNG",49,"Czechia","CZE","CZE",13,8,"0","-","0","0","0"
1,"dS8HrR",1,786,2024,129,"Mongolia","MNG","MNG",49,"Czechia","CZE","CZE",10,6,"0","-","0","0","0"
1,"dS8HrR",1,787,2025,129,"Mongolia","MNG","MNG",49,"Czechia","CZE","CZE",11,6,"0","-","0","0","0"
1,"dS8HrR",1,788,2000,130,"Morocco","MOR","MAR",49,"Czechia","CZE","CZE","0",5,"0","-","0","0","0"
1,"dS8HrR",1,789,2007,130,"Morocco","MOR","MAR",49,"Czechia","CZE","CZE","0",5,"0","-","0","0","0"
1,"dS8HrR",1,790,2008,130,"Morocco","MOR","MAR",49,"Czechia","CZE","CZE","0",5,"0","-","0","0","0"
1,"dS8HrR",1,791,2013,130,"Morocco","MOR","MAR",49,"Czechia","CZE","CZE",5,"0","0","-","0","0","0"
1,"dS8HrR",1,792,2014,130,"Morocco","MOR","MAR",49,"Czechia","CZE","CZE",5,"0","0","-","0","0","0"
1,"dS8HrR",1,793,2015,130,"Morocco","MOR","MAR",49,"Czechia","CZE","CZE",5,"0","0","-","0","0","0"
1,"dS8HrR",1,794,2016,130,"Morocco","MOR","MAR",49,"Czechia","CZE","CZE",5,5,"0","-","0","0","0"
1,"dS8HrR",1,795,2017,130,"Morocco","MOR","MAR",49,"Czechia","CZE","CZE",5,"0","0","-","0","0","0"
1,"dS8HrR",1,796,2018,130,"Morocco","MOR","MAR",49,"Czechia","CZE","CZE",5,"0","0","-","0","0","0"
1,"dS8HrR",1,797,2019,130,"Morocco","MOR","MAR",49,"Czechia","CZE","CZE",5,"0","0","-","0","0","0"
1,"dS8HrR",1,798,2020,130,"Morocco","MOR","MAR",49,"Czechia","CZE","CZE",5,"0","0","-","0","0","0"
1,"dS8HrR",1,799,2022,130,"Morocco","MOR","MAR",49,"Czechia","CZE","CZE","0",5,"0","-","0","0","0"
1,"dS8HrR",1,800,2023,130,"Morocco","MOR","MAR",49,"Czechia","CZE","CZE",5,"0","0","-","0","0","0"
1,"dS8HrR",1,801,2024,130,"Morocco","MOR","MAR",49,"Czechia","CZE","CZE","0",5,"0","-","0","0","0"
1,"dS8HrR",1,802,2007,135,"Myanmar","MYA","MMR",49,"Czechia","CZE","CZE",10,"0","0","-","0","0","0"
1,"dS8HrR",1,803,2008,135,"Myanmar","MYA","MMR",49,"Czechia","CZE","CZE",36,"0","0","-","0","0","0"
1,"dS8HrR",1,804,2009,135,"Myanmar","MYA","MMR",49,"Czechia","CZE","CZE",57,"0","0","-","0","0","0"
1,"dS8HrR",1,805,2010,135,"Myanmar","MYA","MMR",49,"Czechia","CZE","CZE",100,"0","0","-","0","0","0"
1,"dS8HrR",1,806,2011,135,"Myanmar","MYA","MMR",49,"Czechia","CZE","CZE",100,"0","0","-","0","0","0"
1,"dS8HrR",1,807,2012,135,"Myanmar","MYA","MMR",49,"Czechia","CZE","CZE",127,25,"0","-","0","0","0"
1,"dS8HrR",1,808,2013,135,"Myanmar","MYA","MMR",49,"Czechia","CZE","CZE",153,"0","0","-","0","0","0"
1,"dS8HrR",1,809,2014,135,"Myanmar","MYA","MMR",49,"Czechia","CZE","CZE",159,"0","0","-","0","0","0"
1,"dS8HrR",1,810,2015,135,"Myanmar","MYA","MMR",49,"Czechia","CZE","CZE",160,"0","0","-","0","0","0"
1,"dS8HrR",1,811,2016,135,"Myanmar","MYA","MMR",49,"Czechia","CZE","CZE",160,5,"0","-","0","0","0"
1,"dS8HrR",1,812,2017,135,"Myanmar","MYA","MMR",49,"Czechia","CZE","CZE",160,5,"0","-","0","0","0"
1,"dS8HrR",1,813,2018,135,"Myanmar","MYA","MMR",49,"Czechia","CZE","CZE",145,"0","0","-","0","0","0"
1,"dS8HrR",1,814,2019,135,"Myanmar","MYA","MMR",49,"Czechia","CZE","CZE",145,"0","0","-","0","0","0"
1,"dS8HrR",1,815,2020,135,"Myanmar","MYA","MMR",49,"Czechia","CZE","CZE",145,"0","0","-","0","0","0"
1,"dS8HrR",1,816,2021,135,"Myanmar","MYA","MMR",49,"Czechia","CZE","CZE",149,"0","0","-","0","0","0"
1,"dS8HrR",1,817,2022,135,"Myanmar","MYA","MMR",49,"Czechia","CZE","CZE",166,"0","0","-","0","0","0"
1,"dS8HrR",1,818,2023,135,"Myanmar","MYA","MMR",49,"Czechia","CZE","CZE",198,"0","0","-","0","0","0"
1,"dS8HrR",1,819,2024,135,"Myanmar","MYA","MMR",49,"Czechia","CZE","CZE",219,9,"0","-","0","0","0"
1,"dS8HrR",1,820,2025,135,"Myanmar","MYA","MMR",49,"Czechia","CZE","CZE",229,8,"0","-","0","0","0"
1,"dS8HrR",1,821,2008,137,"Nepal","NEP","NPL",49,"Czechia","CZE","CZE","0",5,"0","-","0","0","0"
1,"dS8HrR",1,822,2010,139,"Niger","NGR","NER",49,"Czechia","CZE","CZE",21,35,"0","-","0","0","0"
1,"dS8HrR",1,823,2011,139,"Niger","NGR","NER",49,"Czechia","CZE","CZE",21,"0","0","-","0","0","0"
1,"dS8HrR",1,824,1997,141,"Nigeria","NIG","NGA",49,"Czechia","CZE","CZE",22,"0","0","-","0","0","0"
1,"dS8HrR",1,825,1998,141,"Nigeria","NIG","NGA",49,"Czechia","CZE","CZE",22,"0","0","-","0","0","0"
1,"dS8HrR",1,826,1999,141,"Nigeria","NIG","NGA",49,"Czechia","CZE","CZE",20,"0","0","-","0","0","0"
1,"dS8HrR",1,827,2000,141,"Nigeria","NIG","NGA",49,"Czechia","CZE","CZE",19,26,"0","-","0","0","0"
1,"dS8HrR",1,828,2001,141,"Nigeria","NIG","NGA",49,"Czechia","CZE","CZE",20,38,"0","-","0","0","0"
1,"dS8HrR",1,829,2002,141,"Nigeria","NIG","NGA",49,"Czechia","CZE","CZE",17,44,"0","-","0","0","0"
1,"dS8HrR",1,830,2003,141,"Nigeria","NIG","NGA",49,"Czechia","CZE","CZE",17,35,"0","-","0","0","0"
1,"dS8HrR",1,831,2004,141,"Nigeria","NIG","NGA",49,"Czechia","CZE","CZE",19,27,"0","-","0","0","0"
1,"dS8HrR",1,832,2005,141,"Nigeria","NIG","NGA",49,"Czechia","CZE","CZE",19,20,"0","-","0","0","0"
1,"dS8HrR",1,833,2006,141,"Nigeria","NIG","NGA",49,"Czechia","CZE","CZE",19,103,"0","-","0","0","0"
1,"dS8HrR",1,834,2007,141,"Nigeria","NIG","NGA",49,"Czechia","CZE","CZE",21,61,"0","-","0","0","0"
1,"dS8HrR",1,835,2008,141,"Nigeria","NIG","NGA",49,"Czechia","CZE","CZE",21,56,"0","-","0","0","0"
1,"dS8HrR",1,836,2009,141,"Nigeria","NIG","NGA",49,"Czechia","CZE","CZE",21,48,"0","-","0","0","0"
1,"dS8HrR",1,837,2010,141,"Nigeria","NIG","NGA",49,"Czechia","CZE","CZE","0",20,"0","-","0","0","0"
1,"dS8HrR",1,838,2012,141,"Nigeria","NIG","NGA",49,"Czechia","CZE","CZE",18,10,"0","-","0","0","0"
1,"dS8HrR",1,839,2013,141,"Nigeria","NIG","NGA",49,"Czechia","CZE","CZE",13,21,"0","-","0","0","0"
1,"dS8HrR",1,840,2014,141,"Nigeria","NIG","NGA",49,"Czechia","CZE","CZE",10,13,"0","-","0","0","0"
1,"dS8HrR",1,841,2015,141,"Nigeria","NIG","NGA",49,"Czechia","CZE","CZE",13,9,"0","-","0","0","0"
1,"dS8HrR",1,842,2016,141,"Nigeria","NIG","NGA",49,"Czechia","CZE","CZE",13,15,"0","-","0","0","0"
1,"dS8HrR",1,843,2017,141,"Nigeria","NIG","NGA",49,"Czechia","CZE","CZE",13,9,"0","-","0","0","0"
1,"dS8HrR",1,844,2018,141,"Nigeria","NIG","NGA",49,"Czechia","CZE","CZE",8,17,"0","-","0","0","0"
1,"dS8HrR",1,845,2019,141,"Nigeria","NIG","NGA",49,"Czechia","CZE","CZE",8,20,"0","-","0","0","0"
1,"dS8HrR",1,846,2020,141,"Nigeria","NIG","NGA",49,"Czechia","CZE","CZE",8,10,"0","-","0","0","0"
1,"dS8HrR",1,847,2021,141,"Nigeria","NIG","NGA",49,"Czechia","CZE","CZE",8,9,"0","-","0","0","0"
1,"dS8HrR",1,848,2022,141,"Nigeria","NIG","NGA",49,"Czechia","CZE","CZE",7,13,"0","-","0","0","0"
1,"dS8HrR",1,849,2023,141,"Nigeria","NIG","NGA",49,"Czechia","CZE","CZE",10,16,"0","-","0","0","0"
1,"dS8HrR",1,850,2024,141,"Nigeria","NIG","NGA",49,"Czechia","CZE","CZE",11,20,"0","-","0","0","0"
1,"dS8HrR",1,851,2025,141,"Nigeria","NIG","NGA",49,"Czechia","CZE","CZE",13,22,"0","-","0","0","0"
1,"dS8HrR",1,852,2000,147,"Pakistan","PAK","PAK",49,"Czechia","CZE","CZE","0",52,"0","-","0","0","0"
1,"dS8HrR",1,853,2001,147,"Pakistan","PAK","PAK",49,"Czechia","CZE","CZE","0",18,"0","-","0","0","0"
1,"dS8HrR",1,854,2002,147,"Pakistan","PAK","PAK",49,"Czechia","CZE","CZE","0",25,"0","-","0","0","0"
1,"dS8HrR",1,855,2003,147,"Pakistan","PAK","PAK",49,"Czechia","CZE","CZE",6,7,"0","-","0","0","0"
1,"dS8HrR",1,856,2004,147,"Pakistan","PAK","PAK",49,"Czechia","CZE","CZE",6,9,"0","-","0","0","0"
1,"dS8HrR",1,857,2005,147,"Pakistan","PAK","PAK",49,"Czechia","CZE","CZE",8,23,"0","-","0","0","0"
1,"dS8HrR",1,858,2006,147,"Pakistan","PAK","PAK",49,"Czechia","CZE","CZE",12,30,"0","-","0","0","0"
1,"dS8HrR",1,859,2007,147,"Pakistan","PAK","PAK",49,"Czechia","CZE","CZE",13,22,"0","-","0","0","0"
1,"dS8HrR",1,860,2008,147,"Pakistan","PAK","PAK",49,"Czechia","CZE","CZE",19,8,"0","-","0","0","0"
1,"dS8HrR",1,861,2009,147,"Pakistan","PAK","PAK",49,"Czechia","CZE","CZE",20,10,"0","-","0","0","0"
1,"dS8HrR",1,862,2010,147,"Pakistan","PAK","PAK",49,"Czechia","CZE","CZE",20,5,"0","-","0","0","0"
1,"dS8HrR",1,863,2011,147,"Pakistan","PAK","PAK",49,"Czechia","CZE","CZE",20,"0","0","-","0","0","0"
1,"dS8HrR",1,864,2012,147,"Pakistan","PAK","PAK",49,"Czechia","CZE","CZE",23,8,"0","-","0","0","0"
1,"dS8HrR",1,865,2013,147,"Pakistan","PAK","PAK",49,"Czechia","CZE","CZE",20,"0","0","-","0","0","0"
1,"dS8HrR",1,866,2014,147,"Pakistan","PAK","PAK",49,"Czechia","CZE","CZE",20,"0","0","-","0","0","0"
1,"dS8HrR",1,867,2015,147,"Pakistan","PAK","PAK",49,"Czechia","CZE","CZE",20,5,"0","-","0","0","0"
1,"dS8HrR",1,868,2016,147,"Pakistan","PAK","PAK",49,"Czechia","CZE","CZE",20,5,"0","-","0","0","0"
1,"dS8HrR",1,869,2017,147,"Pakistan","PAK","PAK",49,"Czechia","CZE","CZE",20,8,"0","-","0","0","0"
1,"dS8HrR",1,870,2018,147,"Pakistan","PAK","PAK",49,"Czechia","CZE","CZE",13,23,"0","-","0","0","0"
1,"dS8HrR",1,871,2019,147,"Pakistan","PAK","PAK",49,"Czechia","CZE","CZE",14,16,"0","-","0","0","0"
1,"dS8HrR",1,872,2020,147,"Pakistan","PAK","PAK",49,"Czechia","CZE","CZE",14,5,"0","-","0","0","0"
1,"dS8HrR",1,873,2021,147,"Pakistan","PAK","PAK",49,"Czechia","CZE","CZE",8,9,"0","-","0","0","0"
1,"dS8HrR",1,874,2022,147,"Pakistan","PAK","PAK",49,"Czechia","CZE","CZE",9,5,"0","-","0","0","0"
1,"dS8HrR",1,875,2023,147,"Pakistan","PAK","PAK",49,"Czechia","CZE","CZE",15,"0","0","-","0","0","0"
1,"dS8HrR",1,876,2024,147,"Pakistan","PAK","PAK",49,"Czechia","CZE","CZE",8,5,"0","-","0","0","0"
1,"dS8HrR",1,877,2025,147,"Pakistan","PAK","PAK",49,"Czechia","CZE","CZE",10,5,"0","-","0","0","0"
1,"dS8HrR",1,878,2010,154,"Poland","POL","POL",49,"Czechia","CZE","CZE","0",5,"0","-","0","0","0"
1,"dS8HrR",1,879,1996,158,"Romania","ROM","ROU",49,"Czechia","CZE","CZE",435,"0","0","-","0","0","0"
1,"dS8HrR",1,880,1997,158,"Romania","ROM","ROU",49,"Czechia","CZE","CZE",474,"0","0","-","0","0","0"
1,"dS8HrR",1,881,1998,158,"Romania","ROM","ROU",49,"Czechia","CZE","CZE",474,"0","0","-","0","0","0"
1,"dS8HrR",1,882,1999,158,"Romania","ROM","ROU",49,"Czechia","CZE","CZE",177,"0","0","-","0","0","0"
1,"dS8HrR",1,883,2000,158,"Romania","ROM","ROU",49,"Czechia","CZE","CZE",140,337,"0","-","0","0","0"
1,"dS8HrR",1,884,2001,158,"Romania","ROM","ROU",49,"Czechia","CZE","CZE",137,602,"0","-","0","0","0"
1,"dS8HrR",1,885,2002,158,"Romania","ROM","ROU",49,"Czechia","CZE","CZE",137,162,"0","-","0","0","0"
1,"dS8HrR",1,886,2003,158,"Romania","ROM","ROU",49,"Czechia","CZE","CZE",170,10,"0","-","0","0","0"
1,"dS8HrR",1,887,2004,158,"Romania","ROM","ROU",49,"Czechia","CZE","CZE",164,7,"0","-","0","0","0"
1,"dS8HrR",1,888,2005,158,"Romania","ROM","ROU",49,"Czechia","CZE","CZE",163,8,"0","-","0","0","0"
1,"dS8HrR",1,889,2006,158,"Romania","ROM","ROU",49,"Czechia","CZE","CZE",124,13,"0","-","0","0","0"
1,"dS8HrR",1,890,2007,158,"Romania","ROM","ROU",49,"Czechia","CZE","CZE",120,5,"0","-","0","0","0"
1,"dS8HrR",1,891,2008,158,"Romania","ROM","ROU",49,"Czechia","CZE","CZE",120,"0","0","-","0","0","0"
1,"dS8HrR",1,892,2009,158,"Romania","ROM","ROU",49,"Czechia","CZE","CZE",122,"0","0","-","0","0","0"
1,"dS8HrR",1,893,2010,158,"Romania","ROM","ROU",49,"Czechia","CZE","CZE",121,"0","0","-","0","0","0"
1,"dS8HrR",1,894,2011,158,"Romania","ROM","ROU",49,"Czechia","CZE","CZE",121,"0","0","-","0","0","0"
1,"dS8HrR",1,895,2012,158,"Romania","ROM","ROU",49,"Czechia","CZE","CZE",123,"0","0","-","0","0","0"
1,"dS8HrR",1,896,2013,158,"Romania","ROM","ROU",49,"Czechia","CZE","CZE",121,"0","0","-","0","0","0"
1,"dS8HrR",1,897,2014,158,"Romania","ROM","ROU",49,"Czechia","CZE","CZE",43,"0","0","-","0","0","0"
1,"dS8HrR",1,898,2015,158,"Romania","ROM","ROU",49,"Czechia","CZE","CZE",81,"0","0","-","0","0","0"
1,"dS8HrR",1,899,2016,158,"Romania","ROM","ROU",49,"Czechia","CZE","CZE",81,"0","0","-","0","0","0"
1,"dS8HrR",1,900,2017,158,"Romania","ROM","ROU",49,"Czechia","CZE","CZE",81,"0","0","-","0","0","0"
1,"dS8HrR",1,901,2001,159,"South Africa","RSA","ZAF",49,"Czechia","CZE","CZE",5,"0","0","-","0","0","0"
1,"dS8HrR",1,902,2002,159,"South Africa","RSA","ZAF",49,"Czechia","CZE","CZE",5,"0","0","-","0","0","0"
1,"dS8HrR",1,903,2003,159,"South Africa","RSA","ZAF",49,"Czechia","CZE","CZE",5,"0","0","-","0","0","0"
1,"dS8HrR",1,904,2004,159,"South Africa","RSA","ZAF",49,"Czechia","CZE","CZE",5,"0","0","-","0","0","0"
1,"dS8HrR",1,905,2005,159,"South Africa","RSA","ZAF",49,"Czechia","CZE","CZE",5,"0","0","-","0","0","0"
1,"dS8HrR",1,906,2006,159,"South Africa","RSA","ZAF",49,"Czechia","CZE","CZE",5,"0","0","-","0","0","0"
1,"dS8HrR",1,907,2007,159,"South Africa","RSA","ZAF",49,"Czechia","CZE","CZE",5,"0","0","-","0","0","0"
1,"dS8HrR",1,908,2008,159,"South Africa","RSA","ZAF",49,"Czechia","CZE","CZE",5,"0","0","-","0","0","0"
1,"dS8HrR",1,909,2009,159,"South Africa","RSA","ZAF",49,"Czechia","CZE","CZE",5,"0","0","-","0","0","0"
1,"dS8HrR",1,910,2010,159,"South Africa","RSA","ZAF",49,"Czechia","CZE","CZE",5,"0","0","-","0","0","0"
1,"dS8HrR",1,911,2011,159,"South Africa","RSA","ZAF",49,"Czechia","CZE","CZE",5,"0","0","-","0","0","0"
1,"dS8HrR",1,912,2012,159,"South Africa","RSA","ZAF",49,"Czechia","CZE","CZE",5,"0","0","-","0","0","0"
1,"dS8HrR",1,913,2013,159,"South Africa","RSA","ZAF",49,"Czechia","CZE","CZE",5,"0","0","-","0","0","0"
1,"dS8HrR",1,914,2014,159,"South Africa","RSA","ZAF",49,"Czechia","CZE","CZE",5,"0","0","-","0","0","0"
1,"dS8HrR",1,915,2015,159,"South Africa","RSA","ZAF",49,"Czechia","CZE","CZE",5,"0","0","-","0","0","0"
1,"dS8HrR",1,916,2016,159,"South Africa","RSA","ZAF",49,"Czechia","CZE","CZE",5,"0","0","-","0","0","0"
1,"dS8HrR",1,917,2017,159,"South Africa","RSA","ZAF",49,"Czechia","CZE","CZE",5,"0","0","-","0","0","0"
1,"dS8HrR",1,918,1993,160,"Russian Federation","RUS","RUS",49,"Czechia","CZE","CZE",10,"0","0","-","0","0","0"
1,"dS8HrR",1,919,1994,160,"Russian Federation","RUS","RUS",49,"Czechia","CZE","CZE",267,"0","0","-","0","0","0"
1,"dS8HrR",1,920,1996,160,"Russian Federation","RUS","RUS",49,"Czechia","CZE","CZE",65,"0","0","-","0","0","0"
1,"dS8HrR",1,921,1997,160,"Russian Federation","RUS","RUS",49,"Czechia","CZE","CZE",240,"0","0","-","0","0","0"
1,"dS8HrR",1,922,1998,160,"Russian Federation","RUS","RUS",49,"Czechia","CZE","CZE",240,"0","0","-","0","0","0"
1,"dS8HrR",1,923,1999,160,"Russian Federation","RUS","RUS",49,"Czechia","CZE","CZE",148,"0","0","-","0","0","0"
1,"dS8HrR",1,924,2000,160,"Russian Federation","RUS","RUS",49,"Czechia","CZE","CZE",145,574,"0","-","0","0","0"
1,"dS8HrR",1,925,2001,160,"Russian Federation","RUS","RUS",49,"Czechia","CZE","CZE",147,745,"0","-","0","0","0"
1,"dS8HrR",1,926,2002,160,"Russian Federation","RUS","RUS",49,"Czechia","CZE","CZE",175,747,"0","-","0","0","0"
1,"dS8HrR",1,927,2003,160,"Russian Federation","RUS","RUS",49,"Czechia","CZE","CZE",242,1598,"0","-","0","0","0"
1,"dS8HrR",1,928,2004,160,"Russian Federation","RUS","RUS",49,"Czechia","CZE","CZE",285,250,"0","-","0","0","0"
1,"dS8HrR",1,929,2005,160,"Russian Federation","RUS","RUS",49,"Czechia","CZE","CZE",354,139,"0","-","0","0","0"
1,"dS8HrR",1,930,2006,160,"Russian Federation","RUS","RUS",49,"Czechia","CZE","CZE",390,229,"0","-","0","0","0"
1,"dS8HrR",1,931,2007,160,"Russian Federation","RUS","RUS",49,"Czechia","CZE","CZE",414,152,"0","-","0","0","0"
1,"dS8HrR",1,932,2008,160,"Russian Federation","RUS","RUS",49,"Czechia","CZE","CZE",415,92,"0","-","0","0","0"
1,"dS8HrR",1,933,2009,160,"Russian Federation","RUS","RUS",49,"Czechia","CZE","CZE",418,83,"0","-","0","0","0"
1,"dS8HrR",1,934,2010,160,"Russian Federation","RUS","RUS",49,"Czechia","CZE","CZE",435,65,"0","-","0","0","0"
1,"dS8HrR",1,935,2011,160,"Russian Federation","RUS","RUS",49,"Czechia","CZE","CZE",435,"0","0","-","0","0","0"
1,"dS8HrR",1,936,2012,160,"Russian Federation","RUS","RUS",49,"Czechia","CZE","CZE",441,40,"0","-","0","0","0"
1,"dS8HrR",1,937,2013,160,"Russian Federation","RUS","RUS",49,"Czechia","CZE","CZE",433,22,"0","-","0","0","0"
1,"dS8HrR",1,938,2014,160,"Russian Federation","RUS","RUS",49,"Czechia","CZE","CZE",333,19,"0","-","0","0","0"
1,"dS8HrR",1,939,2015,160,"Russian Federation","RUS","RUS",49,"Czechia","CZE","CZE",319,27,"0","-","0","0","0"
1,"dS8HrR",1,940,2016,160,"Russian Federation","RUS","RUS",49,"Czechia","CZE","CZE",319,37,"0","-","0","0","0"
1,"dS8HrR",1,941,2017,160,"Russian Federation","RUS","RUS",49,"Czechia","CZE","CZE",319,33,"0","-","0","0","0"
1,"dS8HrR",1,942,2018,160,"Russian Federation","RUS","RUS",49,"Czechia","CZE","CZE",148,53,"0","-","0","0","0"
1,"dS8HrR",1,943,2019,160,"Russian Federation","RUS","RUS",49,"Czechia","CZE","CZE",164,59,"0","-","0","0","0"
1,"dS8HrR",1,944,2020,160,"Russian Federation","RUS","RUS",49,"Czechia","CZE","CZE",177,23,"0","-","0","0","0"
1,"dS8HrR",1,945,2021,160,"Russian Federation","RUS","RUS",49,"Czechia","CZE","CZE",173,19,"0","-","0","0","0"
1,"dS8HrR",1,946,2022,160,"Russian Federation","RUS","RUS",49,"Czechia","CZE","CZE",173,71,"0","-","0","0","0"
1,"dS8HrR",1,947,2023,160,"Russian Federation","RUS","RUS",49,"Czechia","CZE","CZE",560,113,"0","-","0","0","0"
1,"dS8HrR",1,948,2024,160,"Russian Federation","RUS","RUS",49,"Czechia","CZE","CZE",559,147,"0","-","0","0","0"
1,"dS8HrR",1,949,2025,160,"Russian Federation","RUS","RUS",49,"Czechia","CZE","CZE",560,106,"0","-","0","0","0"
1,"dS8HrR",1,950,2012,163,"Saudi Arabia","SAU","SAU",49,"Czechia","CZE","CZE",5,"0","0","-","0","0","0"
1,"dS8HrR",1,951,2013,163,"Saudi Arabia","SAU","SAU",49,"Czechia","CZE","CZE",5,"0","0","-","0","0","0"
1,"dS8HrR",1,952,2014,163,"Saudi Arabia","SAU","SAU",49,"Czechia","CZE","CZE",5,"0","0","-","0","0","0"
1,"dS8HrR",1,953,2015,163,"Saudi Arabia","SAU","SAU",49,"Czechia","CZE","CZE",5,"0","0","-","0","0","0"
1,"dS8HrR",1,954,2016,163,"Saudi Arabia","SAU","SAU",49,"Czechia","CZE","CZE",5,"0","0","-","0","0","0"
1,"dS8HrR",1,955,2017,163,"Saudi Arabia","SAU","SAU",49,"Czechia","CZE","CZE",5,"0","0","-","0","0","0"
1,"dS8HrR",1,956,2018,163,"Saudi Arabia","SAU","SAU",49,"Czechia","CZE","CZE",5,"0","0","-","0","0","0"
1,"dS8HrR",1,957,2019,163,"Saudi Arabia","SAU","SAU",49,"Czechia","CZE","CZE",6,"0","0","-","0","0","0"
1,"dS8HrR",1,958,2020,163,"Saudi Arabia","SAU","SAU",49,"Czechia","CZE","CZE",6,"0","0","-","0","0","0"
1,"dS8HrR",1,959,2021,163,"Saudi Arabia","SAU","SAU",49,"Czechia","CZE","CZE",5,"0","0","-","0","0","0"
1,"dS8HrR",1,960,2022,163,"Saudi Arabia","SAU","SAU",49,"Czechia","CZE","CZE",5,"0","0","-","0","0","0"
1,"dS8HrR",1,961,2023,163,"Saudi Arabia","SAU","SAU",49,"Czechia","CZE","CZE",5,"0","0","-","0","0","0"
1,"dS8HrR",1,962,1992,164,"Serbia and Kosovo: S/RES/1244 (1999)","SRB","SRB",49,"Czechia","CZE","CZE",8500,"0","0","-","0","0","0"
1,"dS8HrR",1,963,1993,164,"Serbia and Kosovo: S/RES/1244 (1999)","SRB","SRB",49,"Czechia","CZE","CZE",25,"0","0","-","0","0","0"
1,"dS8HrR",1,964,1997,164,"Serbia and Kosovo: S/RES/1244 (1999)","SRB","SRB",49,"Czechia","CZE","CZE",55,"0","0","-","0","0","0"
1,"dS8HrR",1,965,1998,164,"Serbia and Kosovo: S/RES/1244 (1999)","SRB","SRB",49,"Czechia","CZE","CZE",55,"0","0","-","0","0","0"
1,"dS8HrR",1,966,1999,164,"Serbia and Kosovo: S/RES/1244 (1999)","SRB","SRB",49,"Czechia","CZE","CZE",55,"0","0","-","0","0","0"
1,"dS8HrR",1,967,2000,164,"Serbia and Kosovo: S/RES/1244 (1999)","SRB","SRB",49,"Czechia","CZE","CZE",61,83,"0","-","0","0","0"
1,"dS8HrR",1,968,2001,164,"Serbia and Kosovo: S/RES/1244 (1999)","SRB","SRB",49,"Czechia","CZE","CZE",65,101,"0","-","0","0","0"
1,"dS8HrR",1,969,2002,164,"Serbia and Kosovo: S/RES/1244 (1999)","SRB","SRB",49,"Czechia","CZE","CZE",66,64,"0","-","0","0","0"
1,"dS8HrR",1,970,2003,164,"Serbia and Kosovo: S/RES/1244 (1999)","SRB","SRB",49,"Czechia","CZE","CZE",73,26,"0","-","0","0","0"
1,"dS8HrR",1,971,2004,164,"Serbia and Kosovo: S/RES/1244 (1999)","SRB","SRB",49,"Czechia","CZE","CZE",69,"0","0","-","0","0","0"
1,"dS8HrR",1,972,2005,164,"Serbia and Kosovo: S/RES/1244 (1999)","SRB","SRB",49,"Czechia","CZE","CZE",74,"0","0","-","0","0","0"
1,"dS8HrR",1,973,2006,164,"Serbia and Kosovo: S/RES/1244 (1999)","SRB","SRB",49,"Czechia","CZE","CZE",64,"0","0","-","0","0","0"
1,"dS8HrR",1,974,2007,164,"Serbia and Kosovo: S/RES/1244 (1999)","SRB","SRB",49,"Czechia","CZE","CZE",58,26,"0","-","0","0","0"
1,"dS8HrR",1,975,2008,164,"Serbia and Kosovo: S/RES/1244 (1999)","SRB","SRB",49,"Czechia","CZE","CZE",56,29,"0","-","0","0","0"
1,"dS8HrR",1,976,2009,164,"Serbia and Kosovo: S/RES/1244 (1999)","SRB","SRB",49,"Czechia","CZE","CZE",57,22,"0","-","0","0","0"
1,"dS8HrR",1,977,2010,164,"Serbia and Kosovo: S/RES/1244 (1999)","SRB","SRB",49,"Czechia","CZE","CZE",54,12,"0","-","0","0","0"
1,"dS8HrR",1,978,2011,164,"Serbia and Kosovo: S/RES/1244 (1999)","SRB","SRB",49,"Czechia","CZE","CZE",54,"0","0","-","0","0","0"
1,"dS8HrR",1,979,2012,164,"Serbia and Kosovo: S/RES/1244 (1999)","SRB","SRB",49,"Czechia","CZE","CZE",53,5,"0","-","0","0","0"
1,"dS8HrR",1,980,2013,164,"Serbia and Kosovo: S/RES/1244 (1999)","SRB","SRB",49,"Czechia","CZE","CZE",56,"0","0","-","0","0","0"
1,"dS8HrR",1,981,2014,164,"Serbia and Kosovo: S/RES/1244 (1999)","SRB","SRB",49,"Czechia","CZE","CZE",52,9,"0","-","0","0","0"
1,"dS8HrR",1,982,2015,164,"Serbia and Kosovo: S/RES/1244 (1999)","SRB","SRB",49,"Czechia","CZE","CZE",9,5,"0","-","0","0","0"
1,"dS8HrR",1,983,2016,164,"Serbia and Kosovo: S/RES/1244 (1999)","SRB","SRB",49,"Czechia","CZE","CZE",9,5,"0","-","0","0","0"
1,"dS8HrR",1,984,2017,164,"Serbia and Kosovo: S/RES/1244 (1999)","SRB","SRB",49,"Czechia","CZE","CZE",9,"0","0","-","0","0","0"
1,"dS8HrR",1,985,2018,164,"Serbia and Kosovo: S/RES/1244 (1999)","SRB","SRB",49,"Czechia","CZE","CZE",9,"0","0","-","0","0","0"
1,"dS8HrR",1,986,2019,164,"Serbia and Kosovo: S/RES/1244 (1999)","SRB","SRB",49,"Czechia","CZE","CZE",9,"0","0","-","0","0","0"
1,"dS8HrR",1,987,2020,164,"Serbia and Kosovo: S/RES/1244 (1999)","SRB","SRB",49,"Czechia","CZE","CZE",7,"0","0","-","0","0","0"
1,"dS8HrR",1,988,2021,164,"Serbia and Kosovo: S/RES/1244 (1999)","SRB","SRB",49,"Czechia","CZE","CZE",5,"0","0","-","0","0","0"
1,"dS8HrR",1,989,2022,164,"Serbia and Kosovo: S/RES/1244 (1999)","SRB","SRB",49,"Czechia","CZE","CZE",5,"0","0","-","0","0","0"
1,"dS8HrR",1,990,2023,164,"Serbia and Kosovo: S/RES/1244 (1999)","SRB","SRB",49,"Czechia","CZE","CZE",13,"0","0","-","0","0","0"
1,"dS8HrR",1,991,2024,164,"Serbia and Kosovo: S/RES/1244 (1999)","SRB","SRB",49,"Czechia","CZE","CZE",14,"0","0","-","0","0","0"
1,"dS8HrR",1,992,2025,164,"Serbia and Kosovo: S/RES/1244 (1999)","SRB","SRB",49,"Czechia","CZE","CZE",12,"0","0","-","0","0","0"
1,"dS8HrR",1,993,2000,165,"Senegal","SEN","SEN",49,"Czechia","CZE","CZE","0",5,"0","-","0","0","0"
1,"dS8HrR",1,994,2001,165,"Senegal","SEN","SEN",49,"Czechia","CZE","CZE","0",7,"0","-","0","0","0"
1,"dS8HrR",1,995,2002,165,"Senegal","SEN","SEN",49,"Czechia","CZE","CZE","0",14,"0","-","0","0","0"
1,"dS8HrR",1,996,2003,165,"Senegal","SEN","SEN",49,"Czechia","CZE","CZE","0",6,"0","-","0","0","0"
1,"dS8HrR",1,997,2006,165,"Senegal","SEN","SEN",49,"Czechia","CZE","CZE","0",5,"0","-","0","0","0"
1,"dS8HrR",1,998,2007,165,"Senegal","SEN","SEN",49,"Czechia","CZE","CZE","0",5,"0","-","0","0","0"
1,"dS8HrR",1,999,2000,169,"Sierra Leone","SLE","SLE",49,"Czechia","CZE","CZE","0",5,"0","-","0","0","0"
1,"dS8HrR",1,1000,2006,169,"Sierra Leone","SLE","SLE",49,"Czechia","CZE","CZE","0",5,"0","-","0","0","0"
1,"dS8HrR",1,1001,2007,169,"Sierra Leone","SLE","SLE",49,"Czechia","CZE","CZE","0",10,"0","-","0","0","0"
1,"dS8HrR",1,1002,2008,169,"Sierra Leone","SLE","SLE",49,"Czechia","CZE","CZE","0",5,"0","-","0","0","0"
1,"dS8HrR",1,1003,2009,169,"Sierra Leone","SLE","SLE",49,"Czechia","CZE","CZE","0",5,"0","-","0","0","0"
1,"dS8HrR",1,1004,2010,169,"Sierra Leone","SLE","SLE",49,"Czechia","CZE","CZE",6,"0","0","-","0","0","0"
1,"dS8HrR",1,1005,2011,169,"Sierra Leone","SLE","SLE",49,"Czechia","CZE","CZE",6,"0","0","-","0","0","0"
1,"dS8HrR",1,1006,2012,169,"Sierra Leone","SLE","SLE",49,"Czechia","CZE","CZE",5,"0","0","-","0","0","0"
1,"dS8HrR",1,1007,2013,169,"Sierra Leone","SLE","SLE",49,"Czechia","CZE","CZE",5,"0","0","-","0","0","0"
1,"dS8HrR",1,1008,2014,169,"Sierra Leone","SLE","SLE",49,"Czechia","CZE","CZE",5,"0","0","-","0","0","0"
1,"dS8HrR",1,1009,2015,169,"Sierra Leone","SLE","SLE",49,"Czechia","CZE","CZE",5,"0","0","-","0","0","0"
1,"dS8HrR",1,1010,2016,169,"Sierra Leone","SLE","SLE",49,"Czechia","CZE","CZE",5,"0","0","-","0","0","0"
1,"dS8HrR",1,1011,2017,169,"Sierra Leone","SLE","SLE",49,"Czechia","CZE","CZE",5,"0","0","-","0","0","0"
1,"dS8HrR",1,1012,2018,169,"Sierra Leone","SLE","SLE",49,"Czechia","CZE","CZE",5,"0","0","-","0","0","0"
1,"dS8HrR",1,1013,2019,169,"Sierra Leone","SLE","SLE",49,"Czechia","CZE","CZE",5,"0","0","-","0","0","0"
1,"dS8HrR",1,1014,2020,169,"Sierra Leone","SLE","SLE",49,"Czechia","CZE","CZE",5,"0","0","-","0","0","0"
1,"dS8HrR",1,1015,2021,169,"Sierra Leone","SLE","SLE",49,"Czechia","CZE","CZE",5,"0","0","-","0","0","0"
1,"dS8HrR",1,1016,2022,169,"Sierra Leone","SLE","SLE",49,"Czechia","CZE","CZE",5,"0","0","-","0","0","0"
1,"dS8HrR",1,1017,1997,172,"Somalia","SOM","SOM",49,"Czechia","CZE","CZE",7,"0","0","-","0","0","0"
1,"dS8HrR",1,1018,1998,172,"Somalia","SOM","SOM",49,"Czechia","CZE","CZE",7,"0","0","-","0","0","0"
1,"dS8HrR",1,1019,1999,172,"Somalia","SOM","SOM",49,"Czechia","CZE","CZE",7,"0","0","-","0","0","0"
1,"dS8HrR",1,1020,2000,172,"Somalia","SOM","SOM",49,"Czechia","CZE","CZE",7,"0","0","-","0","0","0"
1,"dS8HrR",1,1021,2001,172,"Somalia","SOM","SOM",49,"Czechia","CZE","CZE",7,5,"0","-","0","0","0"
1,"dS8HrR",1,1022,2002,172,"Somalia","SOM","SOM",49,"Czechia","CZE","CZE","0",9,"0","-","0","0","0"
1,"dS8HrR",1,1023,2004,172,"Somalia","SOM","SOM",49,"Czechia","CZE","CZE","0",6,"0","-","0","0","0"
1,"dS8HrR",1,1024,2005,172,"Somalia","SOM","SOM",49,"Czechia","CZE","CZE","0",8,"0","-","0","0","0"
1,"dS8HrR",1,1025,2006,172,"Somalia","SOM","SOM",49,"Czechia","CZE","CZE",8,15,"0","-","0","0","0"
1,"dS8HrR",1,1026,2007,172,"Somalia","SOM","SOM",49,"Czechia","CZE","CZE",18,10,"0","-","0","0","0"
1,"dS8HrR",1,1027,2008,172,"Somalia","SOM","SOM",49,"Czechia","CZE","CZE",19,8,"0","-","0","0","0"
1,"dS8HrR",1,1028,2009,172,"Somalia","SOM","SOM",49,"Czechia","CZE","CZE",27,10,"0","-","0","0","0"
1,"dS8HrR",1,1029,2010,172,"Somalia","SOM","SOM",49,"Czechia","CZE","CZE",21,8,"0","-","0","0","0"
1,"dS8HrR",1,1030,2011,172,"Somalia","SOM","SOM",49,"Czechia","CZE","CZE",21,"0","0","-","0","0","0"
1,"dS8HrR",1,1031,2012,172,"Somalia","SOM","SOM",49,"Czechia","CZE","CZE",30,"0","0","-","0","0","0"
1,"dS8HrR",1,1032,2013,172,"Somalia","SOM","SOM",49,"Czechia","CZE","CZE",29,"0","0","-","0","0","0"
1,"dS8HrR",1,1033,2014,172,"Somalia","SOM","SOM",49,"Czechia","CZE","CZE",22,"0","0","-","0","0","0"
1,"dS8HrR",1,1034,2015,172,"Somalia","SOM","SOM",49,"Czechia","CZE","CZE",22,"0","0","-","0","0","0"
1,"dS8HrR",1,1035,2016,172,"Somalia","SOM","SOM",49,"Czechia","CZE","CZE",22,"0","0","-","0","0","0"
1,"dS8HrR",1,1036,2017,172,"Somalia","SOM","SOM",49,"Czechia","CZE","CZE",22,"0","0","-","0","0","0"
1,"dS8HrR",1,1037,2018,172,"Somalia","SOM","SOM",49,"Czechia","CZE","CZE",10,5,"0","-","0","0","0"
1,"dS8HrR",1,1038,2019,172,"Somalia","SOM","SOM",49,"Czechia","CZE","CZE",14,"0","0","-","0","0","0"
1,"dS8HrR",1,1039,2020,172,"Somalia","SOM","SOM",49,"Czechia","CZE","CZE",14,"0","0","-","0","0","0"
1,"dS8HrR",1,1040,2021,172,"Somalia","SOM","SOM",49,"Czechia","CZE","CZE",16,10,"0","-","0","0","0"
1,"dS8HrR",1,1041,2022,172,"Somalia","SOM","SOM",49,"Czechia","CZE","CZE",26,"0","0","-","0","0","0"
1,"dS8HrR",1,1042,2023,172,"Somalia","SOM","SOM",49,"Czechia","CZE","CZE",27,"0","0","-","0","0","0"
1,"dS8HrR",1,1043,2024,172,"Somalia","SOM","SOM",49,"Czechia","CZE","CZE",14,"0","0","-","0","0","0"
1,"dS8HrR",1,1044,2025,172,"Somalia","SOM","SOM",49,"Czechia","CZE","CZE",14,"0","0","-","0","0","0"
1,"dS8HrR",1,1045,1996,174,"Viet Nam","SRV","VNM",49,"Czechia","CZE","CZE",101,"0","0","-","0","0","0"
1,"dS8HrR",1,1046,1997,174,"Viet Nam","SRV","VNM",49,"Czechia","CZE","CZE",147,"0","0","-","0","0","0"
1,"dS8HrR",1,1047,1998,174,"Viet Nam","SRV","VNM",49,"Czechia","CZE","CZE",150,"0","0","-","0","0","0"
1,"dS8HrR",1,1048,1999,174,"Viet Nam","SRV","VNM",49,"Czechia","CZE","CZE",85,"0","0","-","0","0","0"
1,"dS8HrR",1,1049,2000,174,"Viet Nam","SRV","VNM",49,"Czechia","CZE","CZE",66,343,"0","-","0","0","0"
1,"dS8HrR",1,1050,2001,174,"Viet Nam","SRV","VNM",49,"Czechia","CZE","CZE",65,1147,"0","-","0","0","0"
1,"dS8HrR",1,1051,2002,174,"Viet Nam","SRV","VNM",49,"Czechia","CZE","CZE",65,684,"0","-","0","0","0"
1,"dS8HrR",1,1052,2003,174,"Viet Nam","SRV","VNM",49,"Czechia","CZE","CZE",66,149,"0","-","0","0","0"
1,"dS8HrR",1,1053,2004,174,"Viet Nam","SRV","VNM",49,"Czechia","CZE","CZE",69,38,"0","-","0","0","0"
1,"dS8HrR",1,1054,2005,174,"Viet Nam","SRV","VNM",49,"Czechia","CZE","CZE",70,28,"0","-","0","0","0"
1,"dS8HrR",1,1055,2006,174,"Viet Nam","SRV","VNM",49,"Czechia","CZE","CZE",56,111,"0","-","0","0","0"
1,"dS8HrR",1,1056,2007,174,"Viet Nam","SRV","VNM",49,"Czechia","CZE","CZE",58,79,"0","-","0","0","0"
1,"dS8HrR",1,1057,2008,174,"Viet Nam","SRV","VNM",49,"Czechia","CZE","CZE",57,67,"0","-","0","0","0"
1,"dS8HrR",1,1058,2009,174,"Viet Nam","SRV","VNM",49,"Czechia","CZE","CZE",63,42,"0","-","0","0","0"
1,"dS8HrR",1,1059,2010,174,"Viet Nam","SRV","VNM",49,"Czechia","CZE","CZE",62,43,"0","-","0","0","0"
1,"dS8HrR",1,1060,2011,174,"Viet Nam","SRV","VNM",49,"Czechia","CZE","CZE",62,"0","0","-","0","0","0"
1,"dS8HrR",1,1061,2012,174,"Viet Nam","SRV","VNM",49,"Czechia","CZE","CZE",65,21,"0","-","0","0","0"
1,"dS8HrR",1,1062,2013,174,"Viet Nam","SRV","VNM",49,"Czechia","CZE","CZE",67,6,"0","-","0","0","0"
1,"dS8HrR",1,1063,2014,174,"Viet Nam","SRV","VNM",49,"Czechia","CZE","CZE",68,28,"0","-","0","0","0"
1,"dS8HrR",1,1064,2015,174,"Viet Nam","SRV","VNM",49,"Czechia","CZE","CZE",70,31,"0","-","0","0","0"
1,"dS8HrR",1,1065,2016,174,"Viet Nam","SRV","VNM",49,"Czechia","CZE","CZE",70,31,"0","-","0","0","0"
1,"dS8HrR",1,1066,2017,174,"Viet Nam","SRV","VNM",49,"Czechia","CZE","CZE",70,44,"0","-","0","0","0"
1,"dS8HrR",1,1067,2018,174,"Viet Nam","SRV","VNM",49,"Czechia","CZE","CZE",16,45,"0","-","0","0","0"
1,"dS8HrR",1,1068,2019,174,"Viet Nam","SRV","VNM",49,"Czechia","CZE","CZE",14,56,"0","-","0","0","0"
1,"dS8HrR",1,1069,2020,174,"Viet Nam","SRV","VNM",49,"Czechia","CZE","CZE",15,23,"0","-","0","0","0"
1,"dS8HrR",1,1070,2021,174,"Viet Nam","SRV","VNM",49,"Czechia","CZE","CZE",14,28,"0","-","0","0","0"
1,"dS8HrR",1,1071,2022,174,"Viet Nam","SRV","VNM",49,"Czechia","CZE","CZE",14,132,"0","-","0","0","0"
1,"dS8HrR",1,1072,2023,174,"Viet Nam","SRV","VNM",49,"Czechia","CZE","CZE",79,26,"0","-","0","0","0"
1,"dS8HrR",1,1073,2024,174,"Viet Nam","SRV","VNM",49,"Czechia","CZE","CZE",82,42,"0","-","0","0","0"
1,"dS8HrR",1,1074,2025,174,"Viet Nam","SRV","VNM",49,"Czechia","CZE","CZE",81,38,"0","-","0","0","0"
1,"dS8HrR",1,1075,2000,177,"Sudan","SUD","SDN",49,"Czechia","CZE","CZE","0",19,"0","-","0","0","0"
1,"dS8HrR",1,1076,2001,177,"Sudan","SUD","SDN",49,"Czechia","CZE","CZE",5,"0","0","-","0","0","0"
1,"dS8HrR",1,1077,2002,177,"Sudan","SUD","SDN",49,"Czechia","CZE","CZE",5,"0","0","-","0","0","0"
1,"dS8HrR",1,1078,2003,177,"Sudan","SUD","SDN",49,"Czechia","CZE","CZE",5,"0","0","-","0","0","0"
1,"dS8HrR",1,1079,2004,177,"Sudan","SUD","SDN",49,"Czechia","CZE","CZE",7,"0","0","-","0","0","0"
1,"dS8HrR",1,1080,2005,177,"Sudan","SUD","SDN",49,"Czechia","CZE","CZE",8,"0","0","-","0","0","0"
1,"dS8HrR",1,1081,2007,177,"Sudan","SUD","SDN",49,"Czechia","CZE","CZE",14,"0","0","-","0","0","0"
1,"dS8HrR",1,1082,2008,177,"Sudan","SUD","SDN",49,"Czechia","CZE","CZE",14,10,"0","-","0","0","0"
1,"dS8HrR",1,1083,2009,177,"Sudan","SUD","SDN",49,"Czechia","CZE","CZE",20,5,"0","-","0","0","0"
1,"dS8HrR",1,1084,2010,177,"Sudan","SUD","SDN",49,"Czechia","CZE","CZE",20,5,"0","-","0","0","0"
1,"dS8HrR",1,1085,2011,177,"Sudan","SUD","SDN",49,"Czechia","CZE","CZE",20,"0","0","-","0","0","0"
1,"dS8HrR",1,1086,2012,177,"Sudan","SUD","SDN",49,"Czechia","CZE","CZE",21,"0","0","-","0","0","0"
1,"dS8HrR",1,1087,2013,177,"Sudan","SUD","SDN",49,"Czechia","CZE","CZE",20,"0","0","-","0","0","0"
1,"dS8HrR",1,1088,2014,177,"Sudan","SUD","SDN",49,"Czechia","CZE","CZE",19,"0","0","-","0","0","0"
1,"dS8HrR",1,1089,2015,177,"Sudan","SUD","SDN",49,"Czechia","CZE","CZE",17,"0","0","-","0","0","0"
1,"dS8HrR",1,1090,2016,177,"Sudan","SUD","SDN",49,"Czechia","CZE","CZE",17,"0","0","-","0","0","0"
1,"dS8HrR",1,1091,2017,177,"Sudan","SUD","SDN",49,"Czechia","CZE","CZE",17,"0","0","-","0","0","0"
1,"dS8HrR",1,1092,2018,177,"Sudan","SUD","SDN",49,"Czechia","CZE","CZE",11,"0","0","-","0","0","0"
1,"dS8HrR",1,1093,2019,177,"Sudan","SUD","SDN",49,"Czechia","CZE","CZE",11,"0","0","-","0","0","0"
1,"dS8HrR",1,1094,2020,177,"Sudan","SUD","SDN",49,"Czechia","CZE","CZE",9,"0","0","-","0","0","0"
1,"dS8HrR",1,1095,2021,177,"Sudan","SUD","SDN",49,"Czechia","CZE","CZE",9,"0","0","-","0","0","0"
1,"dS8HrR",1,1096,2022,177,"Sudan","SUD","SDN",49,"Czechia","CZE","CZE",7,"0","0","-","0","0","0"
1,"dS8HrR",1,1097,2023,177,"Sudan","SUD","SDN",49,"Czechia","CZE","CZE",8,"0","0","-","0","0","0"
1,"dS8HrR",1,1098,2024,177,"Sudan","SUD","SDN",49,"Czechia","CZE","CZE",8,"0","0","-","0","0","0"
1,"dS8HrR",1,1099,2025,177,"Sudan","SUD","SDN",49,"Czechia","CZE","CZE",8,"0","0","-","0","0","0"
1,"dS8HrR",1,1100,2000,180,"Slovakia","SVK","SVK",49,"Czechia","CZE","CZE","0",108,"0","-","0","0","0"
1,"dS8HrR",1,1101,2001,180,"Slovakia","SVK","SVK",49,"Czechia","CZE","CZE","0",173,"0","-","0","0","0"
1,"dS8HrR",1,1102,2002,180,"Slovakia","SVK","SVK",49,"Czechia","CZE","CZE","0",217,"0","-","0","0","0"
1,"dS8HrR",1,1103,2003,180,"Slovakia","SVK","SVK",49,"Czechia","CZE","CZE","0",49,"0","-","0","0","0"
1,"dS8HrR",1,1104,2004,180,"Slovakia","SVK","SVK",49,"Czechia","CZE","CZE","0",11,"0","-","0","0","0"
1,"dS8HrR",1,1105,2006,180,"Slovakia","SVK","SVK",49,"Czechia","CZE","CZE","0",24,"0","-","0","0","0"
1,"dS8HrR",1,1106,2000,185,"Syrian Arab Rep.","SYR","SYR",49,"Czechia","CZE","CZE","0",14,"0","-","0","0","0"
1,"dS8HrR",1,1107,2001,185,"Syrian Arab Rep.","SYR","SYR",49,"Czechia","CZE","CZE",7,15,"0","-","0","0","0"
1,"dS8HrR",1,1108,2002,185,"Syrian Arab Rep.","SYR","SYR",49,"Czechia","CZE","CZE",10,7,"0","-","0","0","0"
1,"dS8HrR",1,1109,2003,185,"Syrian Arab Rep.","SYR","SYR",49,"Czechia","CZE","CZE",14,5,"0","-","0","0","0"
1,"dS8HrR",1,1110,2004,185,"Syrian Arab Rep.","SYR","SYR",49,"Czechia","CZE","CZE",14,"0","0","-","0","0","0"
1,"dS8HrR",1,1111,2005,185,"Syrian Arab Rep.","SYR","SYR",49,"Czechia","CZE","CZE",13,12,"0","-","0","0","0"
1,"dS8HrR",1,1112,2006,185,"Syrian Arab Rep.","SYR","SYR",49,"Czechia","CZE","CZE",14,31,"0","-","0","0","0"
1,"dS8HrR",1,1113,2007,185,"Syrian Arab Rep.","SYR","SYR",49,"Czechia","CZE","CZE",15,18,"0","-","0","0","0"
1,"dS8HrR",1,1114,2008,185,"Syrian Arab Rep.","SYR","SYR",49,"Czechia","CZE","CZE",16,38,"0","-","0","0","0"
1,"dS8HrR",1,1115,2009,185,"Syrian Arab Rep.","SYR","SYR",49,"Czechia","CZE","CZE",15,56,"0","-","0","0","0"
1,"dS8HrR",1,1116,2010,185,"Syrian Arab Rep.","SYR","SYR",49,"Czechia","CZE","CZE",23,36,"0","-","0","0","0"
1,"dS8HrR",1,1117,2011,185,"Syrian Arab Rep.","SYR","SYR",49,"Czechia","CZE","CZE",23,"0","0","-","0","0","0"
1,"dS8HrR",1,1118,2012,185,"Syrian Arab Rep.","SYR","SYR",49,"Czechia","CZE","CZE",54,70,"0","-","0","0","0"
1,"dS8HrR",1,1119,2013,185,"Syrian Arab Rep.","SYR","SYR",49,"Czechia","CZE","CZE",149,25,"0","-","0","0","0"
1,"dS8HrR",1,1120,2014,185,"Syrian Arab Rep.","SYR","SYR",49,"Czechia","CZE","CZE",236,54,"0","-","0","0","0"
1,"dS8HrR",1,1121,2015,185,"Syrian Arab Rep.","SYR","SYR",49,"Czechia","CZE","CZE",365,42,"0","-","0","0","0"
1,"dS8HrR",1,1122,2016,185,"Syrian Arab Rep.","SYR","SYR",49,"Czechia","CZE","CZE",365,17,"0","-","0","0","0"
1,"dS8HrR",1,1123,2017,185,"Syrian Arab Rep.","SYR","SYR",49,"Czechia","CZE","CZE",365,38,"0","-","0","0","0"
1,"dS8HrR",1,1124,2018,185,"Syrian Arab Rep.","SYR","SYR",49,"Czechia","CZE","CZE",448,8,"0","-","0","0","0"
1,"dS8HrR",1,1125,2019,185,"Syrian Arab Rep.","SYR","SYR",49,"Czechia","CZE","CZE",408,18,"0","-","0","0","0"
1,"dS8HrR",1,1126,2020,185,"Syrian Arab Rep.","SYR","SYR",49,"Czechia","CZE","CZE",386,12,"0","-","0","0","0"
1,"dS8HrR",1,1127,2021,185,"Syrian Arab Rep.","SYR","SYR",49,"Czechia","CZE","CZE",358,"0","0","-","0","0","0"
1,"dS8HrR",1,1128,2022,185,"Syrian Arab Rep.","SYR","SYR",49,"Czechia","CZE","CZE",341,6,"0","-","0","0","0"
1,"dS8HrR",1,1129,2023,185,"Syrian Arab Rep.","SYR","SYR",49,"Czechia","CZE","CZE",318,31,"0","-","0","0","0"
1,"dS8HrR",1,1130,2024,185,"Syrian Arab Rep.","SYR","SYR",49,"Czechia","CZE","CZE",295,41,"0","-","0","0","0"
1,"dS8HrR",1,1131,2025,185,"Syrian Arab Rep.","SYR","SYR",49,"Czechia","CZE","CZE",295,41,"0","-","0","0","0"
1,"dS8HrR",1,1132,2015,189,"Tajikistan","TJK","TJK",49,"Czechia","CZE","CZE",5,"0","0","-","0","0","0"
1,"dS8HrR",1,1133,2016,189,"Tajikistan","TJK","TJK",49,"Czechia","CZE","CZE",5,"0","0","-","0","0","0"
1,"dS8HrR",1,1134,2017,189,"Tajikistan","TJK","TJK",49,"Czechia","CZE","CZE",5,"0","0","-","0","0","0"
1,"dS8HrR",1,1135,2021,189,"Tajikistan","TJK","TJK",49,"Czechia","CZE","CZE",5,"0","0","-","0","0","0"
1,"dS8HrR",1,1136,2022,189,"Tajikistan","TJK","TJK",49,"Czechia","CZE","CZE",5,"0","0","-","0","0","0"
1,"dS8HrR",1,1137,2023,189,"Tajikistan","TJK","TJK",49,"Czechia","CZE","CZE",13,"0","0","-","0","0","0"
1,"dS8HrR",1,1138,2024,189,"Tajikistan","TJK","TJK",49,"Czechia","CZE","CZE",14,6,"0","-","0","0","0"
1,"dS8HrR",1,1139,2025,189,"Tajikistan","TJK","TJK",49,"Czechia","CZE","CZE",12,"0","0","-","0","0","0"
1,"dS8HrR",1,1140,2000,190,"Turkmenistan","TKM","TKM",49,"Czechia","CZE","CZE",6,"0","0","-","0","0","0"
1,"dS8HrR",1,1141,2001,190,"Turkmenistan","TKM","TKM",49,"Czechia","CZE","CZE",6,"0","0","-","0","0","0"
1,"dS8HrR",1,1142,2002,190,"Turkmenistan","TKM","TKM",49,"Czechia","CZE","CZE",6,"0","0","-","0","0","0"
1,"dS8HrR",1,1143,2003,190,"Turkmenistan","TKM","TKM",49,"Czechia","CZE","CZE",6,"0","0","-","0","0","0"
1,"dS8HrR",1,1144,2004,190,"Turkmenistan","TKM","TKM",49,"Czechia","CZE","CZE",5,"0","0","-","0","0","0"
1,"dS8HrR",1,1145,2005,190,"Turkmenistan","TKM","TKM",49,"Czechia","CZE","CZE",8,"0","0","-","0","0","0"
1,"dS8HrR",1,1146,2006,190,"Turkmenistan","TKM","TKM",49,"Czechia","CZE","CZE",5,"0","0","-","0","0","0"
1,"dS8HrR",1,1147,2007,190,"Turkmenistan","TKM","TKM",49,"Czechia","CZE","CZE",5,"0","0","-","0","0","0"
1,"dS8HrR",1,1148,2008,190,"Turkmenistan","TKM","TKM",49,"Czechia","CZE","CZE",6,"0","0","-","0","0","0"
1,"dS8HrR",1,1149,2009,190,"Turkmenistan","TKM","TKM",49,"Czechia","CZE","CZE",7,"0","0","-","0","0","0"
1,"dS8HrR",1,1150,2010,190,"Turkmenistan","TKM","TKM",49,"Czechia","CZE","CZE",7,"0","0","-","0","0","0"
1,"dS8HrR",1,1151,2011,190,"Turkmenistan","TKM","TKM",49,"Czechia","CZE","CZE",7,"0","0","-","0","0","0"
1,"dS8HrR",1,1152,2012,190,"Turkmenistan","TKM","TKM",49,"Czechia","CZE","CZE",5,"0","0","-","0","0","0"
1,"dS8HrR",1,1153,2013,190,"Turkmenistan","TKM","TKM",49,"Czechia","CZE","CZE",5,"0","0","-","0","0","0"
1,"dS8HrR",1,1154,2014,190,"Turkmenistan","TKM","TKM",49,"Czechia","CZE","CZE",5,"0","0","-","0","0","0"
1,"dS8HrR",1,1155,2015,190,"Turkmenistan","TKM","TKM",49,"Czechia","CZE","CZE",5,"0","0","-","0","0","0"
1,"dS8HrR",1,1156,2016,190,"Turkmenistan","TKM","TKM",49,"Czechia","CZE","CZE",5,"0","0","-","0","0","0"
1,"dS8HrR",1,1157,2017,190,"Turkmenistan","TKM","TKM",49,"Czechia","CZE","CZE",5,"0","0","-","0","0","0"
1,"dS8HrR",1,1158,2018,190,"Turkmenistan","TKM","TKM",49,"Czechia","CZE","CZE",7,"0","0","-","0","0","0"
1,"dS8HrR",1,1159,2019,190,"Turkmenistan","TKM","TKM",49,"Czechia","CZE","CZE",7,"0","0","-","0","0","0"
1,"dS8HrR",1,1160,2020,190,"Turkmenistan","TKM","TKM",49,"Czechia","CZE","CZE",8,"0","0","-","0","0","0"
1,"dS8HrR",1,1161,2021,190,"Turkmenistan","TKM","TKM",49,"Czechia","CZE","CZE",7,"0","0","-","0","0","0"
1,"dS8HrR",1,1162,2022,190,"Turkmenistan","TKM","TKM",49,"Czechia","CZE","CZE",7,"0","0","-","0","0","0"
1,"dS8HrR",1,1163,2023,190,"Turkmenistan","TKM","TKM",49,"Czechia","CZE","CZE",18,"0","0","-","0","0","0"
1,"dS8HrR",1,1164,2024,190,"Turkmenistan","TKM","TKM",49,"Czechia","CZE","CZE",18,"0","0","-","0","0","0"
1,"dS8HrR",1,1165,2025,190,"Turkmenistan","TKM","TKM",49,"Czechia","CZE","CZE",17,"0","0","-","0","0","0"
1,"dS8HrR",1,1166,2008,192,"Togo","TOG","TGO",49,"Czechia","CZE","CZE","0",5,"0","-","0","0","0"
1,"dS8HrR",1,1167,2010,192,"Togo","TOG","TGO",49,"Czechia","CZE","CZE","0",5,"0","-","0","0","0"
1,"dS8HrR",1,1168,2012,192,"Togo","TOG","TGO",49,"Czechia","CZE","CZE",5,"0","0","-","0","0","0"
1,"dS8HrR",1,1169,2013,192,"Togo","TOG","TGO",49,"Czechia","CZE","CZE",5,"0","0","-","0","0","0"
1,"dS8HrR",1,1170,2014,192,"Togo","TOG","TGO",49,"Czechia","CZE","CZE",5,"0","0","-","0","0","0"
1,"dS8HrR",1,1171,2015,192,"Togo","TOG","TGO",49,"Czechia","CZE","CZE",6,"0","0","-","0","0","0"
1,"dS8HrR",1,1172,2016,192,"Togo","TOG","TGO",49,"Czechia","CZE","CZE",6,5,"0","-","0","0","0"
1,"dS8HrR",1,1173,2017,192,"Togo","TOG","TGO",49,"Czechia","CZE","CZE",6,"0","0","-","0","0","0"
1,"dS8HrR",1,1174,2018,192,"Togo","TOG","TGO",49,"Czechia","CZE","CZE",5,"0","0","-","0","0","0"
1,"dS8HrR",1,1175,2019,192,"Togo","TOG","TGO",49,"Czechia","CZE","CZE",5,"0","0","-","0","0","0"
1,"dS8HrR",1,1176,2020,192,"Togo","TOG","TGO",49,"Czechia","CZE","CZE",5,"0","0","-","0","0","0"
1,"dS8HrR",1,1177,2023,192,"Togo","TOG","TGO",49,"Czechia","CZE","CZE",5,"0","0","-","0","0","0"
1,"dS8HrR",1,1178,2000,195,"Tunisia","TUN","TUN",49,"Czechia","CZE","CZE","0",5,"0","-","0","0","0"
1,"dS8HrR",1,1179,2012,195,"Tunisia","TUN","TUN",49,"Czechia","CZE","CZE","0",5,"0","-","0","0","0"
1,"dS8HrR",1,1180,2016,195,"Tunisia","TUN","TUN",49,"Czechia","CZE","CZE","0",5,"0","-","0","0","0"
1,"dS8HrR",1,1181,2017,195,"Tunisia","TUN","TUN",49,"Czechia","CZE","CZE","0",6,"0","-","0","0","0"
1,"dS8HrR",1,1182,2018,195,"Tunisia","TUN","TUN",49,"Czechia","CZE","CZE","0",8,"0","-","0","0","0"
1,"dS8HrR",1,1183,2019,195,"Tunisia","TUN","TUN",49,"Czechia","CZE","CZE","0",6,"0","-","0","0","0"
1,"dS8HrR",1,1184,2020,195,"Tunisia","TUN","TUN",49,"Czechia","CZE","CZE","0",7,"0","-","0","0","0"
1,"dS8HrR",1,1185,2021,195,"Tunisia","TUN","TUN",49,"Czechia","CZE","CZE","0",6,"0","-","0","0","0"
1,"dS8HrR",1,1186,2023,195,"Tunisia","TUN","TUN",49,"Czechia","CZE","CZE","0",7,"0","-","0","0","0"
1,"dS8HrR",1,1187,2024,195,"Tunisia","TUN","TUN",49,"Czechia","CZE","CZE","0",8,"0","-","0","0","0"
1,"dS8HrR",1,1188,2025,195,"Tunisia","TUN","TUN",49,"Czechia","CZE","CZE","0",8,"0","-","0","0","0"
1,"dS8HrR",1,1189,2000,196,"Türkiye","TUR","TUR",49,"Czechia","CZE","CZE",12,25,"0","-","0","0","0"
1,"dS8HrR",1,1190,2001,196,"Türkiye","TUR","TUR",49,"Czechia","CZE","CZE",12,17,"0","-","0","0","0"
1,"dS8HrR",1,1191,2002,196,"Türkiye","TUR","TUR",49,"Czechia","CZE","CZE",12,10,"0","-","0","0","0"
1,"dS8HrR",1,1192,2003,196,"Türkiye","TUR","TUR",49,"Czechia","CZE","CZE",14,5,"0","-","0","0","0"
1,"dS8HrR",1,1193,2004,196,"Türkiye","TUR","TUR",49,"Czechia","CZE","CZE",15,5,"0","-","0","0","0"
1,"dS8HrR",1,1194,2005,196,"Türkiye","TUR","TUR",49,"Czechia","CZE","CZE",17,11,"0","-","0","0","0"
1,"dS8HrR",1,1195,2006,196,"Türkiye","TUR","TUR",49,"Czechia","CZE","CZE",17,42,"0","-","0","0","0"
1,"dS8HrR",1,1196,2007,196,"Türkiye","TUR","TUR",49,"Czechia","CZE","CZE",19,178,"0","-","0","0","0"
1,"dS8HrR",1,1197,2008,196,"Türkiye","TUR","TUR",49,"Czechia","CZE","CZE",19,109,"0","-","0","0","0"
1,"dS8HrR",1,1198,2009,196,"Türkiye","TUR","TUR",49,"Czechia","CZE","CZE",19,46,"0","-","0","0","0"
1,"dS8HrR",1,1199,2010,196,"Türkiye","TUR","TUR",49,"Czechia","CZE","CZE",19,48,"0","-","0","0","0"
1,"dS8HrR",1,1200,2011,196,"Türkiye","TUR","TUR",49,"Czechia","CZE","CZE",19,"0","0","-","0","0","0"
1,"dS8HrR",1,1201,2012,196,"Türkiye","TUR","TUR",49,"Czechia","CZE","CZE",20,17,"0","-","0","0","0"
1,"dS8HrR",1,1202,2013,196,"Türkiye","TUR","TUR",49,"Czechia","CZE","CZE",18,17,"0","-","0","0","0"
1,"dS8HrR",1,1203,2014,196,"Türkiye","TUR","TUR",49,"Czechia","CZE","CZE",6,6,"0","-","0","0","0"
1,"dS8HrR",1,1204,2015,196,"Türkiye","TUR","TUR",49,"Czechia","CZE","CZE",8,6,"0","-","0","0","0"
1,"dS8HrR",1,1205,2016,196,"Türkiye","TUR","TUR",49,"Czechia","CZE","CZE",8,17,"0","-","0","0","0"
1,"dS8HrR",1,1206,2017,196,"Türkiye","TUR","TUR",49,"Czechia","CZE","CZE",8,18,"0","-","0","0","0"
1,"dS8HrR",1,1207,2018,196,"Türkiye","TUR","TUR",49,"Czechia","CZE","CZE",5,20,"0","-","0","0","0"
1,"dS8HrR",1,1208,2019,196,"Türkiye","TUR","TUR",49,"Czechia","CZE","CZE",9,15,"0","-","0","0","0"
1,"dS8HrR",1,1209,2020,196,"Türkiye","TUR","TUR",49,"Czechia","CZE","CZE",11,22,"0","-","0","0","0"
1,"dS8HrR",1,1210,2021,196,"Türkiye","TUR","TUR",49,"Czechia","CZE","CZE",11,27,"0","-","0","0","0"
1,"dS8HrR",1,1211,2022,196,"Türkiye","TUR","TUR",49,"Czechia","CZE","CZE",12,75,"0","-","0","0","0"
1,"dS8HrR",1,1212,2023,196,"Türkiye","TUR","TUR",49,"Czechia","CZE","CZE",23,59,"0","-","0","0","0"
1,"dS8HrR",1,1213,2024,196,"Türkiye","TUR","TUR",49,"Czechia","CZE","CZE",22,38,"0","-","0","0","0"
1,"dS8HrR",1,1214,2025,196,"Türkiye","TUR","TUR",49,"Czechia","CZE","CZE",26,33,"0","-","0","0","0"
1,"dS8HrR",1,1215,2012,199,"Uganda","UGA","UGA",49,"Czechia","CZE","CZE","0",5,"0","-","0","0","0"
1,"dS8HrR",1,1216,2013,199,"Uganda","UGA","UGA",49,"Czechia","CZE","CZE",5,"0","0","-","0","0","0"
1,"dS8HrR",1,1217,2014,199,"Uganda","UGA","UGA",49,"Czechia","CZE","CZE",5,"0","0","-","0","0","0"
1,"dS8HrR",1,1218,2015,199,"Uganda","UGA","UGA",49,"Czechia","CZE","CZE",5,"0","0","-","0","0","0"
1,"dS8HrR",1,1219,2016,199,"Uganda","UGA","UGA",49,"Czechia","CZE","CZE",5,"0","0","-","0","0","0"
1,"dS8HrR",1,1220,2017,199,"Uganda","UGA","UGA",49,"Czechia","CZE","CZE",5,"0","0","-","0","0","0"
1,"dS8HrR",1,1221,2018,199,"Uganda","UGA","UGA",49,"Czechia","CZE","CZE",5,"0","0","-","0","0","0"
1,"dS8HrR",1,1222,2019,199,"Uganda","UGA","UGA",49,"Czechia","CZE","CZE",5,"0","0","-","0","0","0"
1,"dS8HrR",1,1223,2020,199,"Uganda","UGA","UGA",49,"Czechia","CZE","CZE",5,"0","0","-","0","0","0"
1,"dS8HrR",1,1224,2021,199,"Uganda","UGA","UGA",49,"Czechia","CZE","CZE",5,"0","0","-","0","0","0"
1,"dS8HrR",1,1225,2022,199,"Uganda","UGA","UGA",49,"Czechia","CZE","CZE",5,"0","0","-","0","0","0"
1,"dS8HrR",1,1226,2023,199,"Uganda","UGA","UGA",49,"Czechia","CZE","CZE",6,"0","0","-","0","0","0"
1,"dS8HrR",1,1227,2024,199,"Uganda","UGA","UGA",49,"Czechia","CZE","CZE",5,"0","0","-","0","0","0"
1,"dS8HrR",1,1228,2025,199,"Uganda","UGA","UGA",49,"Czechia","CZE","CZE",5,"0","0","-","0","0","0"
1,"dS8HrR",1,1229,1996,200,"Ukraine","UKR","UKR",49,"Czechia","CZE","CZE",49,"0","0","-","0","0","0"
1,"dS8HrR",1,1230,1997,200,"Ukraine","UKR","UKR",49,"Czechia","CZE","CZE",52,"0","0","-","0","0","0"
1,"dS8HrR",1,1231,1998,200,"Ukraine","UKR","UKR",49,"Czechia","CZE","CZE",52,"0","0","-","0","0","0"
1,"dS8HrR",1,1232,1999,200,"Ukraine","UKR","UKR",49,"Czechia","CZE","CZE",20,"0","0","-","0","0","0"
1,"dS8HrR",1,1233,2000,200,"Ukraine","UKR","UKR",49,"Czechia","CZE","CZE",18,935,"0","-","0","0","0"
1,"dS8HrR",1,1234,2001,200,"Ukraine","UKR","UKR",49,"Czechia","CZE","CZE",21,3564,"0","-","0","0","0"
1,"dS8HrR",1,1235,2002,200,"Ukraine","UKR","UKR",49,"Czechia","CZE","CZE",23,1983,"0","-","0","0","0"
1,"dS8HrR",1,1236,2003,200,"Ukraine","UKR","UKR",49,"Czechia","CZE","CZE",34,565,"0","-","0","0","0"
1,"dS8HrR",1,1237,2004,200,"Ukraine","UKR","UKR",49,"Czechia","CZE","CZE",38,187,"0","-","0","0","0"
1,"dS8HrR",1,1238,2005,200,"Ukraine","UKR","UKR",49,"Czechia","CZE","CZE",45,129,"0","-","0","0","0"
1,"dS8HrR",1,1239,2006,200,"Ukraine","UKR","UKR",49,"Czechia","CZE","CZE",63,658,"0","-","0","0","0"
1,"dS8HrR",1,1240,2007,200,"Ukraine","UKR","UKR",49,"Czechia","CZE","CZE",78,347,"0","-","0","0","0"
1,"dS8HrR",1,1241,2008,200,"Ukraine","UKR","UKR",49,"Czechia","CZE","CZE",85,216,"0","-","0","0","0"
1,"dS8HrR",1,1242,2009,200,"Ukraine","UKR","UKR",49,"Czechia","CZE","CZE",87,178,"0","-","0","0","0"
1,"dS8HrR",1,1243,2010,200,"Ukraine","UKR","UKR",49,"Czechia","CZE","CZE",94,131,"0","-","0","0","0"
1,"dS8HrR",1,1244,2011,200,"Ukraine","UKR","UKR",49,"Czechia","CZE","CZE",94,"0","0","-","0","0","0"
1,"dS8HrR",1,1245,2012,200,"Ukraine","UKR","UKR",49,"Czechia","CZE","CZE",105,43,"0","-","0","0","0"
1,"dS8HrR",1,1246,2013,200,"Ukraine","UKR","UKR",49,"Czechia","CZE","CZE",110,26,"0","-","0","0","0"
1,"dS8HrR",1,1247,2014,200,"Ukraine","UKR","UKR",49,"Czechia","CZE","CZE",292,174,"0","-","0","0","0"
1,"dS8HrR",1,1248,2015,200,"Ukraine","UKR","UKR",49,"Czechia","CZE","CZE",444,241,"0","-","0","0","0"
1,"dS8HrR",1,1249,2016,200,"Ukraine","UKR","UKR",49,"Czechia","CZE","CZE",444,232,"0","-","0","0","0"
1,"dS8HrR",1,1250,2017,200,"Ukraine","UKR","UKR",49,"Czechia","CZE","CZE",444,186,"0","-","0","0","0"
1,"dS8HrR",1,1251,2018,200,"Ukraine","UKR","UKR",49,"Czechia","CZE","CZE",318,241,"0","-","0","0","0"
1,"dS8HrR",1,1252,2019,200,"Ukraine","UKR","UKR",49,"Czechia","CZE","CZE",305,146,"0","-","0","0","0"
1,"dS8HrR",1,1253,2020,200,"Ukraine","UKR","UKR",49,"Czechia","CZE","CZE",284,121,"0","-","0","0","0"
1,"dS8HrR",1,1254,2021,200,"Ukraine","UKR","UKR",49,"Czechia","CZE","CZE",225,120,"0","-","0","0","0"
1,"dS8HrR",1,1255,2022,200,"Ukraine","UKR","UKR",49,"Czechia","CZE","CZE",433501,137,"0","-","0","0","0"
1,"dS8HrR",1,1256,2023,200,"Ukraine","UKR","UKR",49,"Czechia","CZE","CZE",374247,100,"0","-","0","0","0"
1,"dS8HrR",1,1257,2024,200,"Ukraine","UKR","UKR",49,"Czechia","CZE","CZE",388388,126,"0","-","0","0","0"
1,"dS8HrR",1,1258,2025,200,"Ukraine","UKR","UKR",49,"Czechia","CZE","CZE",378251,117,"0","-","0","0","0"
1,"dS8HrR",1,1259,2023,202,"United States of America","USA","USA",49,"Czechia","CZE","CZE",13,"0","0","-","0","0","0"
1,"dS8HrR",1,1260,2024,202,"United States of America","USA","USA",49,"Czechia","CZE","CZE",10,"0","0","-","0","0","0"
1,"dS8HrR",1,1261,2025,202,"United States of America","USA","USA",49,"Czechia","CZE","CZE",11,"0","0","-","0","0","0"
1,"dS8HrR",1,1262,2000,203,"Uzbekistan","UZB","UZB",49,"Czechia","CZE","CZE","0",12,"0","-","0","0","0"
1,"dS8HrR",1,1263,2001,203,"Uzbekistan","UZB","UZB",49,"Czechia","CZE","CZE",5,34,"0","-","0","0","0"
1,"dS8HrR",1,1264,2002,203,"Uzbekistan","UZB","UZB",49,"Czechia","CZE","CZE",5,89,"0","-","0","0","0"
1,"dS8HrR",1,1265,2003,203,"Uzbekistan","UZB","UZB",49,"Czechia","CZE","CZE",5,29,"0","-","0","0","0"
1,"dS8HrR",1,1266,2004,203,"Uzbekistan","UZB","UZB",49,"Czechia","CZE","CZE",5,13,"0","-","0","0","0"
1,"dS8HrR",1,1267,2005,203,"Uzbekistan","UZB","UZB",49,"Czechia","CZE","CZE",21,18,"0","-","0","0","0"
1,"dS8HrR",1,1268,2006,203,"Uzbekistan","UZB","UZB",49,"Czechia","CZE","CZE",23,35,"0","-","0","0","0"
1,"dS8HrR",1,1269,2007,203,"Uzbekistan","UZB","UZB",49,"Czechia","CZE","CZE",34,28,"0","-","0","0","0"
1,"dS8HrR",1,1270,2008,203,"Uzbekistan","UZB","UZB",49,"Czechia","CZE","CZE",34,10,"0","-","0","0","0"
1,"dS8HrR",1,1271,2009,203,"Uzbekistan","UZB","UZB",49,"Czechia","CZE","CZE",48,21,"0","-","0","0","0"
1,"dS8HrR",1,1272,2010,203,"Uzbekistan","UZB","UZB",49,"Czechia","CZE","CZE",65,10,"0","-","0","0","0"
1,"dS8HrR",1,1273,2011,203,"Uzbekistan","UZB","UZB",49,"Czechia","CZE","CZE",65,"0","0","-","0","0","0"
1,"dS8HrR",1,1274,2012,203,"Uzbekistan","UZB","UZB",49,"Czechia","CZE","CZE",94,9,"0","-","0","0","0"
1,"dS8HrR",1,1275,2013,203,"Uzbekistan","UZB","UZB",49,"Czechia","CZE","CZE",96,5,"0","-","0","0","0"
1,"dS8HrR",1,1276,2014,203,"Uzbekistan","UZB","UZB",49,"Czechia","CZE","CZE",93,5,"0","-","0","0","0"
1,"dS8HrR",1,1277,2015,203,"Uzbekistan","UZB","UZB",49,"Czechia","CZE","CZE",99,6,"0","-","0","0","0"
1,"dS8HrR",1,1278,2016,203,"Uzbekistan","UZB","UZB",49,"Czechia","CZE","CZE",99,18,"0","-","0","0","0"
1,"dS8HrR",1,1279,2017,203,"Uzbekistan","UZB","UZB",49,"Czechia","CZE","CZE",99,9,"0","-","0","0","0"
1,"dS8HrR",1,1280,2018,203,"Uzbekistan","UZB","UZB",49,"Czechia","CZE","CZE",72,52,"0","-","0","0","0"
1,"dS8HrR",1,1281,2019,203,"Uzbekistan","UZB","UZB",49,"Czechia","CZE","CZE",53,58,"0","-","0","0","0"
1,"dS8HrR",1,1282,2020,203,"Uzbekistan","UZB","UZB",49,"Czechia","CZE","CZE",53,37,"0","-","0","0","0"
1,"dS8HrR",1,1283,2021,203,"Uzbekistan","UZB","UZB",49,"Czechia","CZE","CZE",35,17,"0","-","0","0","0"
1,"dS8HrR",1,1284,2022,203,"Uzbekistan","UZB","UZB",49,"Czechia","CZE","CZE",36,36,"0","-","0","0","0"
1,"dS8HrR",1,1285,2023,203,"Uzbekistan","UZB","UZB",49,"Czechia","CZE","CZE",67,29,"0","-","0","0","0"
1,"dS8HrR",1,1286,2024,203,"Uzbekistan","UZB","UZB",49,"Czechia","CZE","CZE",57,24,"0","-","0","0","0"
1,"dS8HrR",1,1287,2025,203,"Uzbekistan","UZB","UZB",49,"Czechia","CZE","CZE",52,24,"0","-","0","0","0"
1,"dS8HrR",1,1288,2015,207,"Venezuela (Bolivarian Republic of)","VEN","VEN",49,"Czechia","CZE","CZE",5,"0","0","-","0","0","0"
1,"dS8HrR",1,1289,2016,207,"Venezuela (Bolivarian Republic of)","VEN","VEN",49,"Czechia","CZE","CZE",5,"0","0","-","0","0","0"
1,"dS8HrR",1,1290,2017,207,"Venezuela (Bolivarian Republic of)","VEN","VEN",49,"Czechia","CZE","CZE",5,"0","0","-","0","0","0"
1,"dS8HrR",1,1291,2018,207,"Venezuela (Bolivarian Republic of)","VEN","VEN",49,"Czechia","CZE","CZE",5,5,"0","-","0","0","0"
1,"dS8HrR",1,1292,2019,207,"Venezuela (Bolivarian Republic of)","VEN","VEN",49,"Czechia","CZE","CZE","0",35,"0","-","0","0","0"
1,"dS8HrR",1,1293,2020,207,"Venezuela (Bolivarian Republic of)","VEN","VEN",49,"Czechia","CZE","CZE",5,13,"0","-","0","0","0"
1,"dS8HrR",1,1294,2021,207,"Venezuela (Bolivarian Republic of)","VEN","VEN",49,"Czechia","CZE","CZE",7,8,"0","-","0","0","0"
1,"dS8HrR",1,1295,2022,207,"Venezuela (Bolivarian Republic of)","VEN","VEN",49,"Czechia","CZE","CZE",11,"0","0","-","0","0","0"
1,"dS8HrR",1,1296,2023,207,"Venezuela (Bolivarian Republic of)","VEN","VEN",49,"Czechia","CZE","CZE",11,18,"0","-","0","0","0"
1,"dS8HrR",1,1297,2024,207,"Venezuela (Bolivarian Republic of)","VEN","VEN",49,"Czechia","CZE","CZE",12,16,"0","-","0","0","0"
1,"dS8HrR",1,1298,2025,207,"Venezuela (Bolivarian Republic of)","VEN","VEN",49,"Czechia","CZE","CZE",17,13,"0","-","0","0","0"
1,"dS8HrR",1,1299,2013,211,"Yemen","YEM","YEM",49,"Czechia","CZE","CZE","0",8,"0","-","0","0","0"
1,"dS8HrR",1,1300,2015,211,"Yemen","YEM","YEM",49,"Czechia","CZE","CZE","0",5,"0","-","0","0","0"
1,"dS8HrR",1,1301,2016,211,"Yemen","YEM","YEM",49,"Czechia","CZE","CZE","0",7,"0","-","0","0","0"
1,"dS8HrR",1,1302,2018,211,"Yemen","YEM","YEM",49,"Czechia","CZE","CZE",15,5,"0","-","0","0","0"
1,"dS8HrR",1,1303,2019,211,"Yemen","YEM","YEM",49,"Czechia","CZE","CZE",20,"0","0","-","0","0","0"
1,"dS8HrR",1,1304,2020,211,"Yemen","YEM","YEM",49,"Czechia","CZE","CZE",24,5,"0","-","0","0","0"
1,"dS8HrR",1,1305,2021,211,"Yemen","YEM","YEM",49,"Czechia","CZE","CZE",24,5,"0","-","0","0","0"
1,"dS8HrR",1,1306,2022,211,"Yemen","YEM","YEM",49,"Czechia","CZE","CZE",27,"0","0","-","0","0","0"
1,"dS8HrR",1,1307,2023,211,"Yemen","YEM","YEM",49,"Czechia","CZE","CZE",19,5,"0","-","0","0","0"
1,"dS8HrR",1,1308,2024,211,"Yemen","YEM","YEM",49,"Czechia","CZE","CZE",21,6,"0","-","0","0","0"
1,"dS8HrR",1,1309,2025,211,"Yemen","YEM","YEM",49,"Czechia","CZE","CZE",23,"0","0","-","0","0","0"
1,"dS8HrR",1,1310,1994,216,"Stateless","STA","XXA",49,"Czechia","CZE","CZE",5,"0","0","-","0","0","0"
1,"dS8HrR",1,1311,1997,216,"Stateless","STA","XXA",49,"Czechia","CZE","CZE","0","0","0","-","0","0",3300
1,"dS8HrR",1,1312,1998,216,"Stateless","STA","XXA",49,"Czechia","CZE","CZE","0","0","0","-","0","0",3738
1,"dS8HrR",1,1313,1999,216,"Stateless","STA","XXA",49,"Czechia","CZE","CZE","0","0","0","-","0","0",2287
1,"dS8HrR",1,1314,2000,216,"Stateless","STA","XXA",49,"Czechia","CZE","CZE","0",18,"0","-","0","0","0"
1,"dS8HrR",1,1315,2001,216,"Stateless","STA","XXA",49,"Czechia","CZE","CZE",21,58,"0","-","0","0","0"
1,"dS8HrR",1,1316,2002,216,"Stateless","STA","XXA",49,"Czechia","CZE","CZE",19,84,"0","-","0","0","0"
1,"dS8HrR",1,1317,2003,216,"Stateless","STA","XXA",49,"Czechia","CZE","CZE",19,29,"0","-","0","0","0"
1,"dS8HrR",1,1318,2004,216,"Stateless","STA","XXA",49,"Czechia","CZE","CZE",19,9,"0","-","0","0","0"
1,"dS8HrR",1,1319,2005,216,"Stateless","STA","XXA",49,"Czechia","CZE","CZE",16,29,"0","-","0","0","0"
1,"dS8HrR",1,1320,2006,216,"Stateless","STA","XXA",49,"Czechia","CZE","CZE",38,85,"0","-","0","0","0"
1,"dS8HrR",1,1321,2007,216,"Stateless","STA","XXA",49,"Czechia","CZE","CZE",40,50,"0","-","0","0","0"
1,"dS8HrR",1,1322,2008,216,"Stateless","STA","XXA",49,"Czechia","CZE","CZE",48,35,"0","-","0","0","0"
1,"dS8HrR",1,1323,2009,216,"Stateless","STA","XXA",49,"Czechia","CZE","CZE",69,54,"0","-","0","0","0"
1,"dS8HrR",1,1324,2010,216,"Stateless","STA","XXA",49,"Czechia","CZE","CZE",80,70,"0","-","0","0","0"
1,"dS8HrR",1,1325,2011,216,"Stateless","STA","XXA",49,"Czechia","CZE","CZE",80,"0","0","-","0","0","0"
1,"dS8HrR",1,1326,2012,216,"Stateless","STA","XXA",49,"Czechia","CZE","CZE",150,21,"0","-",1502,"0","0"
1,"dS8HrR",1,1327,2013,216,"Stateless","STA","XXA",49,"Czechia","CZE","CZE",144,18,"0","-",1502,"0","0"
1,"dS8HrR",1,1328,2014,216,"Stateless","STA","XXA",49,"Czechia","CZE","CZE",167,22,"0","-",1502,"0","0"
1,"dS8HrR",1,1329,2015,216,"Stateless","STA","XXA",49,"Czechia","CZE","CZE",201,12,"0","-",1502,"0","0"
1,"dS8HrR",1,1330,2016,216,"Stateless","STA","XXA",49,"Czechia","CZE","CZE",201,8,"0","-",1502,"0","0"
1,"dS8HrR",1,1331,2017,216,"Stateless","STA","XXA",49,"Czechia","CZE","CZE",201,9,"0","-",1502,"0","0"
1,"dS8HrR",1,1332,2018,216,"Stateless","STA","XXA",49,"Czechia","CZE","CZE",98,15,"0","-",1502,"0","0"
1,"dS8HrR",1,1333,2019,216,"Stateless","STA","XXA",49,"Czechia","CZE","CZE",96,10,"0","-",1500,"0",413
1,"dS8HrR",1,1334,2020,216,"Stateless","STA","XXA",49,"Czechia","CZE","CZE",88,8,"0","-",1490,"0","0"
1,"dS8HrR",1,1335,2021,216,"Stateless","STA","XXA",49,"Czechia","CZE","CZE",75,6,"0","-",1587,"0",552
1,"dS8HrR",1,1336,2022,216,"Stateless","STA","XXA",49,"Czechia","CZE","CZE",61,7,"0","-",1557,"0",537
1,"dS8HrR",1,1337,2023,216,"Stateless","STA","XXA",49,"Czechia","CZE","CZE",91,5,"0","-",1611,"0",477
1,"dS8HrR",1,1338,2024,216,"Stateless","STA","XXA",49,"Czechia","CZE","CZE",91,14,"0","-",588,"0",427
1,"dS8HrR",1,1339,2025,216,"Stateless","STA","XXA",49,"Czechia","CZE","CZE",67,9,"0","-",596,"0",419
1,"dS8HrR",1,1340,1991,262,"Unknown ","UKN","UNK",49,"Czechia","CZE","CZE",691,"0","0","-","0","0","0"
1,"dS8HrR",1,1341,1992,262,"Unknown ","UKN","UNK",49,"Czechia","CZE","CZE",899,"0","0","-","0","0","0"
1,"dS8HrR",1,1342,1993,262,"Unknown ","UKN","UNK",49,"Czechia","CZE","CZE",153,"0","0","-","0","0","0"
1,"dS8HrR",1,1343,1994,262,"Unknown ","UKN","UNK",49,"Czechia","CZE","CZE",914,"0","0","-","0","0","0"
1,"dS8HrR",1,1344,1995,262,"Unknown ","UKN","UNK",49,"Czechia","CZE","CZE",2655,"0","0","-","0","0","0"
1,"dS8HrR",1,1345,1996,262,"Unknown ","UKN","UNK",49,"Czechia","CZE","CZE",462,"0","0","-","0","0","0"
1,"dS8HrR",1,1346,1997,262,"Unknown ","UKN","UNK",49,"Czechia","CZE","CZE",156,"0","0","-","0","0","0"
1,"dS8HrR",1,1347,1998,262,"Unknown ","UKN","UNK",49,"Czechia","CZE","CZE",188,"0","0","-","0","0","0"
1,"dS8HrR",1,1348,1999,262,"Unknown ","UKN","UNK",49,"Czechia","CZE","CZE",216,"0","0","-","0","0","0"
1,"dS8HrR",1,1349,2000,262,"Unknown ","UKN","UNK",49,"Czechia","CZE","CZE",78,34,"0","-","0","0",62
1,"dS8HrR",1,1350,2001,262,"Unknown ","UKN","UNK",49,"Czechia","CZE","CZE",61,94,"0","-","0","0","0"
1,"dS8HrR",1,1351,2002,262,"Unknown ","UKN","UNK",49,"Czechia","CZE","CZE",61,148,"0","-","0","0","0"
1,"dS8HrR",1,1352,2003,262,"Unknown ","UKN","UNK",49,"Czechia","CZE","CZE",66,92,"0","-","0","0","0"
1,"dS8HrR",1,1353,2004,262,"Unknown ","UKN","UNK",49,"Czechia","CZE","CZE",72,57,"0","-","0","0","0"
1,"dS8HrR",1,1354,2005,262,"Unknown ","UKN","UNK",49,"Czechia","CZE","CZE",74,54,"0","-","0","0","0"
1,"dS8HrR",1,1355,2006,262,"Unknown ","UKN","UNK",49,"Czechia","CZE","CZE",79,118,"0","-","0","0","0"
1,"dS8HrR",1,1356,2007,262,"Unknown ","UKN","UNK",49,"Czechia","CZE","CZE",15,31,"0","-","0","0","0"
1,"dS8HrR",1,1357,2008,262,"Unknown ","UKN","UNK",49,"Czechia","CZE","CZE",18,9,"0","-","0","0","0"
1,"dS8HrR",1,1358,2009,262,"Unknown ","UKN","UNK",49,"Czechia","CZE","CZE",15,"0","0","-","0","0","0"
1,"dS8HrR",1,1359,2010,262,"Unknown ","UKN","UNK",49,"Czechia","CZE","CZE",8,"0","0","-","0","0","0"
1,"dS8HrR",1,1360,2011,262,"Unknown ","UKN","UNK",49,"Czechia","CZE","CZE",8,909,"0","-","0","0","0"
1,"dS8HrR",1,1361,2012,262,"Unknown ","UKN","UNK",49,"Czechia","CZE","CZE",8,"0","0","-","0","0","0"
1,"dS8HrR",1,1362,2014,262,"Unknown ","UKN","UNK",49,"Czechia","CZE","CZE",64,"0","0","-","0","0","0"
1,"dS8HrR",1,1363,2015,262,"Unknown ","UKN","UNK",49,"Czechia","CZE","CZE",109,"0","0","-","0","0","0"
1,"dS8HrR",1,1364,2016,262,"Unknown ","UKN","UNK",49,"Czechia","CZE","CZE",109,"0","0","-","0","0","0"
1,"dS8HrR",1,1365,2017,262,"Unknown ","UKN","UNK",49,"Czechia","CZE","CZE",109,"0","0","-","0","0","0"
1,"dS8HrR",1,1366,2018,262,"Unknown ","UKN","UNK",49,"Czechia","CZE","CZE","0",1077,"0","-","0","0","0"
1,"dS8HrR",1,1367,2019,262,"Unknown ","UKN","UNK",49,"Czechia","CZE","CZE","0",879,"0","-","0","0",27
1,"dS8HrR",1,1368,2020,262,"Unknown ","UKN","UNK",49,"Czechia","CZE","CZE","0",948,"0","-","0","0",1502
1,"dS8HrR",1,1369,2021,262,"Unknown ","UKN","UNK",49,"Czechia","CZE","CZE","0",536,"0","-","0","0","0"
1,"dS8HrR",1,1370,2022,262,"Unknown ","UKN","UNK",49,"Czechia","CZE","CZE","0",307,"0","-","0","0","0"
1,"dS8HrR",1,1371,2023,262,"Unknown ","UKN","UNK",49,"Czechia","CZE","CZE",24,655,"0","-","0","0",60
1,"dS8HrR",1,1372,2024,262,"Unknown ","UKN","UNK",49,"Czechia","CZE","CZE",5,387,"0","-","0","0",51
1,"dS8HrR",1,1373,2025,262,"Unknown ","UKN","UNK",49,"Czechia","CZE","CZE",37,387,"0","-","0","0",66
