"page","short-url","maxPages","items","year","coo_id","coo_name","coo","coo_iso","coa_id","coa_name","coa","coa_iso","refugees","asylum_seekers","idps","oip","stateless","hst","ooc"
1,"Ixi8k6",1,1,1993,2,"Afghanistan","AFG","AFG",76,"Greece","GRE","GRC",13,"0","0","-","0","0","0"
1,"Ixi8k6",1,2,1994,2,"Afghanistan","AFG","AFG",76,"Greece","GRE","GRC",13,"0","0","-","0","0","0"
1,"Ixi8k6",1,3,1998,2,"Afghanistan","AFG","AFG",76,"Greece","GRE","GRC",33,"0","0","-","0","0","0"
1,"Ixi8k6",1,4,1999,2,"Afghanistan","AFG","AFG",76,"Greece","GRE","GRC",57,"0","0","-","0","0","0"
1,"Ixi8k6",1,5,2000,2,"Afghanistan","AFG","AFG",76,"Greece","GRE","GRC",131,363,"0","-","0","0","0"
1,"Ixi8k6",1,6,2001,2,"Afghanistan","AFG","AFG",76,"Greece","GRE","GRC",154,1597,"0","-","0","0","0"
1,"Ixi8k6",1,7,2002,2,"Afghanistan","AFG","AFG",76,"Greece","GRE","GRC",137,375,"0","-","0","0","0"
1,"Ixi8k6",1,8,2003,2,"Afghanistan","AFG","AFG",76,"Greece","GRE","GRC",135,440,"0","-","0","0","0"
1,"Ixi8k6",1,9,2004,2,"Afghanistan","AFG","AFG",76,"Greece","GRE","GRC",145,545,"0","-","0","0","0"
1,"Ixi8k6",1,10,2005,2,"Afghanistan","AFG","AFG",76,"Greece","GRE","GRC",153,559,"0","-","0","0","0"
1,"Ixi8k6",1,11,2006,2,"Afghanistan","AFG","AFG",76,"Greece","GRE","GRC",171,498,"0","-","0","0","0"
1,"Ixi8k6",1,12,2007,2,"Afghanistan","AFG","AFG",76,"Greece","GRE","GRC",174,1061,"0","-","0","0","0"
1,"Ixi8k6",1,13,2008,2,"Afghanistan","AFG","AFG",76,"Greece","GRE","GRC",178,1522,"0","-","0","0","0"
1,"Ixi8k6",1,14,2009,2,"Afghanistan","AFG","AFG",76,"Greece","GRE","GRC",148,"0","0","-","0","0","0"
1,"Ixi8k6",1,15,2010,2,"Afghanistan","AFG","AFG",76,"Greece","GRE","GRC",96,4552,"0","-","0","0","0"
1,"Ixi8k6",1,16,2011,2,"Afghanistan","AFG","AFG",76,"Greece","GRE","GRC",208,"0","0","-","0","0","0"
1,"Ixi8k6",1,17,2012,2,"Afghanistan","AFG","AFG",76,"Greece","GRE","GRC",343,"0","0","-","0","0","0"
1,"Ixi8k6",1,18,2013,2,"Afghanistan","AFG","AFG",76,"Greece","GRE","GRC",632,3393,"0","-","0","0","0"
1,"Ixi8k6",1,19,2014,2,"Afghanistan","AFG","AFG",76,"Greece","GRE","GRC",1451,774,"0","-","0","0","0"
1,"Ixi8k6",1,20,2015,2,"Afghanistan","AFG","AFG",76,"Greece","GRE","GRC",5223,587,"0","-","0","0","0"
1,"Ixi8k6",1,21,2016,2,"Afghanistan","AFG","AFG",76,"Greece","GRE","GRC",11440,4217,"0","-","0","0","0"
1,"Ixi8k6",1,22,2017,2,"Afghanistan","AFG","AFG",76,"Greece","GRE","GRC",4751,6922,"0","-","0","0","0"
1,"Ixi8k6",1,23,2018,2,"Afghanistan","AFG","AFG",76,"Greece","GRE","GRC",9291,13533,"0","-","0","0","0"
1,"Ixi8k6",1,24,2019,2,"Afghanistan","AFG","AFG",76,"Greece","GRE","GRC",17685,27608,"0","-","0","0","0"
1,"Ixi8k6",1,25,2020,2,"Afghanistan","AFG","AFG",76,"Greece","GRE","GRC",21456,19706,"0","-","0","0","0"
1,"Ixi8k6",1,26,2021,2,"Afghanistan","AFG","AFG",76,"Greece","GRE","GRC",28543,9142,"0","-","0","0","0"
1,"Ixi8k6",1,27,2022,2,"Afghanistan","AFG","AFG",76,"Greece","GRE","GRC",35467,2779,"0","-","0","0","0"
1,"Ixi8k6",1,28,2023,2,"Afghanistan","AFG","AFG",76,"Greece","GRE","GRC",42301,3647,"0","-","0","0","0"
1,"Ixi8k6",1,29,2024,2,"Afghanistan","AFG","AFG",76,"Greece","GRE","GRC",24970,4270,"0","-","0","0","0"
1,"Ixi8k6",1,30,2025,2,"Afghanistan","AFG","AFG",76,"Greece","GRE","GRC",28602,3834,"0","-","0","0","0"
1,"Ixi8k6",1,31,1993,3,"Albania","ALB","ALB",76,"Greece","GRE","GRC",34,"0","0","-","0","0","0"
1,"Ixi8k6",1,32,1994,3,"Albania","ALB","ALB",76,"Greece","GRE","GRC",34,"0","0","-","0","0","0"
1,"Ixi8k6",1,33,2001,3,"Albania","ALB","ALB",76,"Greece","GRE","GRC",61,"0","0","-","0","0","0"
1,"Ixi8k6",1,34,2002,3,"Albania","ALB","ALB",76,"Greece","GRE","GRC",14,"0","0","-","0","0","0"
1,"Ixi8k6",1,35,2003,3,"Albania","ALB","ALB",76,"Greece","GRE","GRC",14,"0","0","-","0","0","0"
1,"Ixi8k6",1,36,2004,3,"Albania","ALB","ALB",76,"Greece","GRE","GRC",5,7,"0","-","0","0","0"
1,"Ixi8k6",1,37,2005,3,"Albania","ALB","ALB",76,"Greece","GRE","GRC",7,"0","0","-","0","0","0"
1,"Ixi8k6",1,38,2006,3,"Albania","ALB","ALB",76,"Greece","GRE","GRC",7,"0","0","-","0","0","0"
1,"Ixi8k6",1,39,2007,3,"Albania","ALB","ALB",76,"Greece","GRE","GRC",5,30,"0","-","0","0","0"
1,"Ixi8k6",1,40,2008,3,"Albania","ALB","ALB",76,"Greece","GRE","GRC",5,49,"0","-","0","0","0"
1,"Ixi8k6",1,41,2010,3,"Albania","ALB","ALB",76,"Greece","GRE","GRC","0",373,"0","-","0","0","0"
1,"Ixi8k6",1,42,2011,3,"Albania","ALB","ALB",76,"Greece","GRE","GRC",6,"0","0","-","0","0","0"
1,"Ixi8k6",1,43,2012,3,"Albania","ALB","ALB",76,"Greece","GRE","GRC",13,"0","0","-","0","0","0"
1,"Ixi8k6",1,44,2013,3,"Albania","ALB","ALB",76,"Greece","GRE","GRC",52,1548,"0","-","0","0","0"
1,"Ixi8k6",1,45,2014,3,"Albania","ALB","ALB",76,"Greece","GRE","GRC",139,209,"0","-","0","0","0"
1,"Ixi8k6",1,46,2015,3,"Albania","ALB","ALB",76,"Greece","GRE","GRC",143,608,"0","-","0","0","0"
1,"Ixi8k6",1,47,2016,3,"Albania","ALB","ALB",76,"Greece","GRE","GRC",146,1470,"0","-","0","0","0"
1,"Ixi8k6",1,48,2017,3,"Albania","ALB","ALB",76,"Greece","GRE","GRC",150,2209,"0","-","0","0","0"
1,"Ixi8k6",1,49,2018,3,"Albania","ALB","ALB",76,"Greece","GRE","GRC",156,3593,"0","-","0","0","0"
1,"Ixi8k6",1,50,2019,3,"Albania","ALB","ALB",76,"Greece","GRE","GRC",165,2092,"0","-","0","0","0"
1,"Ixi8k6",1,51,2020,3,"Albania","ALB","ALB",76,"Greece","GRE","GRC",174,1681,"0","-","0","0","0"
1,"Ixi8k6",1,52,2021,3,"Albania","ALB","ALB",76,"Greece","GRE","GRC",182,917,"0","-","0","0","0"
1,"Ixi8k6",1,53,2022,3,"Albania","ALB","ALB",76,"Greece","GRE","GRC",190,646,"0","-","0","0","0"
1,"Ixi8k6",1,54,2023,3,"Albania","ALB","ALB",76,"Greece","GRE","GRC",163,409,"0","-","0","0","0"
1,"Ixi8k6",1,55,2024,3,"Albania","ALB","ALB",76,"Greece","GRE","GRC",55,360,"0","-","0","0","0"
1,"Ixi8k6",1,56,2025,3,"Albania","ALB","ALB",76,"Greece","GRE","GRC",55,493,"0","-","0","0","0"
1,"Ixi8k6",1,57,2000,4,"Algeria","ALG","DZA",76,"Greece","GRE","GRC","0",27,"0","-","0","0","0"
1,"Ixi8k6",1,58,2001,4,"Algeria","ALG","DZA",76,"Greece","GRE","GRC",5,29,"0","-","0","0","0"
1,"Ixi8k6",1,59,2002,4,"Algeria","ALG","DZA",76,"Greece","GRE","GRC",8,18,"0","-","0","0","0"
1,"Ixi8k6",1,60,2003,4,"Algeria","ALG","DZA",76,"Greece","GRE","GRC",8,20,"0","-","0","0","0"
1,"Ixi8k6",1,61,2004,4,"Algeria","ALG","DZA",76,"Greece","GRE","GRC",8,28,"0","-","0","0","0"
1,"Ixi8k6",1,62,2005,4,"Algeria","ALG","DZA",76,"Greece","GRE","GRC",8,42,"0","-","0","0","0"
1,"Ixi8k6",1,63,2006,4,"Algeria","ALG","DZA",76,"Greece","GRE","GRC",8,23,"0","-","0","0","0"
1,"Ixi8k6",1,64,2007,4,"Algeria","ALG","DZA",76,"Greece","GRE","GRC",8,31,"0","-","0","0","0"
1,"Ixi8k6",1,65,2008,4,"Algeria","ALG","DZA",76,"Greece","GRE","GRC",7,32,"0","-","0","0","0"
1,"Ixi8k6",1,66,2009,4,"Algeria","ALG","DZA",76,"Greece","GRE","GRC",7,"0","0","-","0","0","0"
1,"Ixi8k6",1,67,2010,4,"Algeria","ALG","DZA",76,"Greece","GRE","GRC",7,29,"0","-","0","0","0"
1,"Ixi8k6",1,68,2011,4,"Algeria","ALG","DZA",76,"Greece","GRE","GRC",5,"0","0","-","0","0","0"
1,"Ixi8k6",1,69,2013,4,"Algeria","ALG","DZA",76,"Greece","GRE","GRC",16,280,"0","-","0","0","0"
1,"Ixi8k6",1,70,2014,4,"Algeria","ALG","DZA",76,"Greece","GRE","GRC",31,118,"0","-","0","0","0"
1,"Ixi8k6",1,71,2015,4,"Algeria","ALG","DZA",76,"Greece","GRE","GRC",33,71,"0","-","0","0","0"
1,"Ixi8k6",1,72,2016,4,"Algeria","ALG","DZA",76,"Greece","GRE","GRC",39,401,"0","-","0","0","0"
1,"Ixi8k6",1,73,2017,4,"Algeria","ALG","DZA",76,"Greece","GRE","GRC",62,328,"0","-","0","0","0"
1,"Ixi8k6",1,74,2018,4,"Algeria","ALG","DZA",76,"Greece","GRE","GRC",86,677,"0","-","0","0","0"
1,"Ixi8k6",1,75,2019,4,"Algeria","ALG","DZA",76,"Greece","GRE","GRC",98,478,"0","-","0","0","0"
1,"Ixi8k6",1,76,2020,4,"Algeria","ALG","DZA",76,"Greece","GRE","GRC",116,310,"0","-","0","0","0"
1,"Ixi8k6",1,77,2021,4,"Algeria","ALG","DZA",76,"Greece","GRE","GRC",132,132,"0","-","0","0","0"
1,"Ixi8k6",1,78,2022,4,"Algeria","ALG","DZA",76,"Greece","GRE","GRC",150,49,"0","-","0","0","0"
1,"Ixi8k6",1,79,2023,4,"Algeria","ALG","DZA",76,"Greece","GRE","GRC",145,49,"0","-","0","0","0"
1,"Ixi8k6",1,80,2024,4,"Algeria","ALG","DZA",76,"Greece","GRE","GRC",58,37,"0","-","0","0","0"
1,"Ixi8k6",1,81,2025,4,"Algeria","ALG","DZA",76,"Greece","GRE","GRC",58,46,"0","-","0","0","0"
1,"Ixi8k6",1,82,2001,6,"Angola","ANG","AGO",76,"Greece","GRE","GRC","0",5,"0","-","0","0","0"
1,"Ixi8k6",1,83,2003,6,"Angola","ANG","AGO",76,"Greece","GRE","GRC","0",5,"0","-","0","0","0"
1,"Ixi8k6",1,84,2004,6,"Angola","ANG","AGO",76,"Greece","GRE","GRC","0",5,"0","-","0","0","0"
1,"Ixi8k6",1,85,2006,6,"Angola","ANG","AGO",76,"Greece","GRE","GRC","0",5,"0","-","0","0","0"
1,"Ixi8k6",1,86,2007,6,"Angola","ANG","AGO",76,"Greece","GRE","GRC","0",5,"0","-","0","0","0"
1,"Ixi8k6",1,87,2008,6,"Angola","ANG","AGO",76,"Greece","GRE","GRC","0",5,"0","-","0","0","0"
1,"Ixi8k6",1,88,2013,6,"Angola","ANG","AGO",76,"Greece","GRE","GRC","0",5,"0","-","0","0","0"
1,"Ixi8k6",1,89,2015,6,"Angola","ANG","AGO",76,"Greece","GRE","GRC",5,"0","0","-","0","0","0"
1,"Ixi8k6",1,90,2016,6,"Angola","ANG","AGO",76,"Greece","GRE","GRC",5,"0","0","-","0","0","0"
1,"Ixi8k6",1,91,2017,6,"Angola","ANG","AGO",76,"Greece","GRE","GRC",5,11,"0","-","0","0","0"
1,"Ixi8k6",1,92,2018,6,"Angola","ANG","AGO",76,"Greece","GRE","GRC",5,10,"0","-","0","0","0"
1,"Ixi8k6",1,93,2019,6,"Angola","ANG","AGO",76,"Greece","GRE","GRC",6,46,"0","-","0","0","0"
1,"Ixi8k6",1,94,2020,6,"Angola","ANG","AGO",76,"Greece","GRE","GRC",13,57,"0","-","0","0","0"
1,"Ixi8k6",1,95,2021,6,"Angola","ANG","AGO",76,"Greece","GRE","GRC",16,64,"0","-","0","0","0"
1,"Ixi8k6",1,96,2022,6,"Angola","ANG","AGO",76,"Greece","GRE","GRC",21,43,"0","-","0","0","0"
1,"Ixi8k6",1,97,2023,6,"Angola","ANG","AGO",76,"Greece","GRE","GRC",33,33,"0","-","0","0","0"
1,"Ixi8k6",1,98,2024,6,"Angola","ANG","AGO",76,"Greece","GRE","GRC",24,10,"0","-","0","0","0"
1,"Ixi8k6",1,99,2025,6,"Angola","ANG","AGO",76,"Greece","GRE","GRC",24,14,"0","-","0","0","0"
1,"Ixi8k6",1,100,1993,8,"Egypt","ARE","EGY",76,"Greece","GRE","GRC",5,"0","0","-","0","0","0"
1,"Ixi8k6",1,101,1994,8,"Egypt","ARE","EGY",76,"Greece","GRE","GRC",5,"0","0","-","0","0","0"
1,"Ixi8k6",1,102,2003,8,"Egypt","ARE","EGY",76,"Greece","GRE","GRC","0",20,"0","-","0","0","0"
1,"Ixi8k6",1,103,2004,8,"Egypt","ARE","EGY",76,"Greece","GRE","GRC","0",15,"0","-","0","0","0"
1,"Ixi8k6",1,104,2007,8,"Egypt","ARE","EGY",76,"Greece","GRE","GRC","0",28,"0","-","0","0","0"
1,"Ixi8k6",1,105,2008,8,"Egypt","ARE","EGY",76,"Greece","GRE","GRC",5,11,"0","-","0","0","0"
1,"Ixi8k6",1,106,2009,8,"Egypt","ARE","EGY",76,"Greece","GRE","GRC",5,"0","0","-","0","0","0"
1,"Ixi8k6",1,107,2010,8,"Egypt","ARE","EGY",76,"Greece","GRE","GRC",5,166,"0","-","0","0","0"
1,"Ixi8k6",1,108,2012,8,"Egypt","ARE","EGY",76,"Greece","GRE","GRC",5,"0","0","-","0","0","0"
1,"Ixi8k6",1,109,2013,8,"Egypt","ARE","EGY",76,"Greece","GRE","GRC",31,766,"0","-","0","0","0"
1,"Ixi8k6",1,110,2014,8,"Egypt","ARE","EGY",76,"Greece","GRE","GRC",92,189,"0","-","0","0","0"
1,"Ixi8k6",1,111,2015,8,"Egypt","ARE","EGY",76,"Greece","GRE","GRC",140,228,"0","-","0","0","0"
1,"Ixi8k6",1,112,2016,8,"Egypt","ARE","EGY",76,"Greece","GRE","GRC",159,409,"0","-","0","0","0"
1,"Ixi8k6",1,113,2017,8,"Egypt","ARE","EGY",76,"Greece","GRE","GRC",191,685,"0","-","0","0","0"
1,"Ixi8k6",1,114,2018,8,"Egypt","ARE","EGY",76,"Greece","GRE","GRC",264,1284,"0","-","0","0","0"
1,"Ixi8k6",1,115,2019,8,"Egypt","ARE","EGY",76,"Greece","GRE","GRC",343,1502,"0","-","0","0","0"
1,"Ixi8k6",1,116,2020,8,"Egypt","ARE","EGY",76,"Greece","GRE","GRC",388,1535,"0","-","0","0","0"
1,"Ixi8k6",1,117,2021,8,"Egypt","ARE","EGY",76,"Greece","GRE","GRC",418,1561,"0","-","0","0","0"
1,"Ixi8k6",1,118,2022,8,"Egypt","ARE","EGY",76,"Greece","GRE","GRC",459,1649,"0","-","0","0","0"
1,"Ixi8k6",1,119,2023,8,"Egypt","ARE","EGY",76,"Greece","GRE","GRC",458,2208,"0","-","0","0","0"
1,"Ixi8k6",1,120,2024,8,"Egypt","ARE","EGY",76,"Greece","GRE","GRC",278,4424,"0","-","0","0","0"
1,"Ixi8k6",1,121,2025,8,"Egypt","ARE","EGY",76,"Greece","GRE","GRC",279,5768,"0","-","0","0","0"
1,"Ixi8k6",1,122,2003,10,"Armenia","ARM","ARM",76,"Greece","GRE","GRC","0",8,"0","-","0","0","0"
1,"Ixi8k6",1,123,2004,10,"Armenia","ARM","ARM",76,"Greece","GRE","GRC","0",6,"0","-","0","0","0"
1,"Ixi8k6",1,124,2005,10,"Armenia","ARM","ARM",76,"Greece","GRE","GRC",5,"0","0","-","0","0","0"
1,"Ixi8k6",1,125,2006,10,"Armenia","ARM","ARM",76,"Greece","GRE","GRC",5,"0","0","-","0","0","0"
1,"Ixi8k6",1,126,2007,10,"Armenia","ARM","ARM",76,"Greece","GRE","GRC",5,15,"0","-","0","0","0"
1,"Ixi8k6",1,127,2008,10,"Armenia","ARM","ARM",76,"Greece","GRE","GRC",5,40,"0","-","0","0","0"
1,"Ixi8k6",1,128,2009,10,"Armenia","ARM","ARM",76,"Greece","GRE","GRC",5,"0","0","-","0","0","0"
1,"Ixi8k6",1,129,2010,10,"Armenia","ARM","ARM",76,"Greece","GRE","GRC",5,121,"0","-","0","0","0"
1,"Ixi8k6",1,130,2011,10,"Armenia","ARM","ARM",76,"Greece","GRE","GRC",5,"0","0","-","0","0","0"
1,"Ixi8k6",1,131,2012,10,"Armenia","ARM","ARM",76,"Greece","GRE","GRC",5,"0","0","-","0","0","0"
1,"Ixi8k6",1,132,2013,10,"Armenia","ARM","ARM",76,"Greece","GRE","GRC",5,235,"0","-","0","0","0"
1,"Ixi8k6",1,133,2014,10,"Armenia","ARM","ARM",76,"Greece","GRE","GRC",13,18,"0","-","0","0","0"
1,"Ixi8k6",1,134,2015,10,"Armenia","ARM","ARM",76,"Greece","GRE","GRC",11,18,"0","-","0","0","0"
1,"Ixi8k6",1,135,2016,10,"Armenia","ARM","ARM",76,"Greece","GRE","GRC",11,62,"0","-","0","0","0"
1,"Ixi8k6",1,136,2017,10,"Armenia","ARM","ARM",76,"Greece","GRE","GRC",11,99,"0","-","0","0","0"
1,"Ixi8k6",1,137,2018,10,"Armenia","ARM","ARM",76,"Greece","GRE","GRC",11,103,"0","-","0","0","0"
1,"Ixi8k6",1,138,2019,10,"Armenia","ARM","ARM",76,"Greece","GRE","GRC",11,86,"0","-","0","0","0"
1,"Ixi8k6",1,139,2020,10,"Armenia","ARM","ARM",76,"Greece","GRE","GRC",13,50,"0","-","0","0","0"
1,"Ixi8k6",1,140,2021,10,"Armenia","ARM","ARM",76,"Greece","GRE","GRC",12,45,"0","-","0","0","0"
1,"Ixi8k6",1,141,2022,10,"Armenia","ARM","ARM",76,"Greece","GRE","GRC",13,35,"0","-","0","0","0"
1,"Ixi8k6",1,142,2023,10,"Armenia","ARM","ARM",76,"Greece","GRE","GRC",33,30,"0","-","0","0","0"
1,"Ixi8k6",1,143,2024,10,"Armenia","ARM","ARM",76,"Greece","GRE","GRC",8,17,"0","-","0","0","0"
1,"Ixi8k6",1,144,2025,10,"Armenia","ARM","ARM",76,"Greece","GRE","GRC",25,21,"0","-","0","0","0"
1,"Ixi8k6",1,145,2002,13,"Azerbaijan","AZE","AZE",76,"Greece","GRE","GRC",6,"0","0","-","0","0","0"
1,"Ixi8k6",1,146,2003,13,"Azerbaijan","AZE","AZE",76,"Greece","GRE","GRC",6,"0","0","-","0","0","0"
1,"Ixi8k6",1,147,2004,13,"Azerbaijan","AZE","AZE",76,"Greece","GRE","GRC",6,"0","0","-","0","0","0"
1,"Ixi8k6",1,148,2005,13,"Azerbaijan","AZE","AZE",76,"Greece","GRE","GRC",6,"0","0","-","0","0","0"
1,"Ixi8k6",1,149,2006,13,"Azerbaijan","AZE","AZE",76,"Greece","GRE","GRC",12,"0","0","-","0","0","0"
1,"Ixi8k6",1,150,2007,13,"Azerbaijan","AZE","AZE",76,"Greece","GRE","GRC",13,5,"0","-","0","0","0"
1,"Ixi8k6",1,151,2008,13,"Azerbaijan","AZE","AZE",76,"Greece","GRE","GRC",13,"0","0","-","0","0","0"
1,"Ixi8k6",1,152,2009,13,"Azerbaijan","AZE","AZE",76,"Greece","GRE","GRC",13,"0","0","-","0","0","0"
1,"Ixi8k6",1,153,2010,13,"Azerbaijan","AZE","AZE",76,"Greece","GRE","GRC",13,12,"0","-","0","0","0"
1,"Ixi8k6",1,154,2011,13,"Azerbaijan","AZE","AZE",76,"Greece","GRE","GRC",13,"0","0","-","0","0","0"
1,"Ixi8k6",1,155,2012,13,"Azerbaijan","AZE","AZE",76,"Greece","GRE","GRC",9,"0","0","-","0","0","0"
1,"Ixi8k6",1,156,2013,13,"Azerbaijan","AZE","AZE",76,"Greece","GRE","GRC",9,6,"0","-","0","0","0"
1,"Ixi8k6",1,157,2014,13,"Azerbaijan","AZE","AZE",76,"Greece","GRE","GRC",10,"0","0","-","0","0","0"
1,"Ixi8k6",1,158,2015,13,"Azerbaijan","AZE","AZE",76,"Greece","GRE","GRC",10,"0","0","-","0","0","0"
1,"Ixi8k6",1,159,2016,13,"Azerbaijan","AZE","AZE",76,"Greece","GRE","GRC",5,"0","0","-","0","0","0"
1,"Ixi8k6",1,160,2017,13,"Azerbaijan","AZE","AZE",76,"Greece","GRE","GRC",5,"0","0","-","0","0","0"
1,"Ixi8k6",1,161,2018,13,"Azerbaijan","AZE","AZE",76,"Greece","GRE","GRC",5,"0","0","-","0","0","0"
1,"Ixi8k6",1,162,2019,13,"Azerbaijan","AZE","AZE",76,"Greece","GRE","GRC",5,5,"0","-","0","0","0"
1,"Ixi8k6",1,163,2020,13,"Azerbaijan","AZE","AZE",76,"Greece","GRE","GRC",5,"0","0","-","0","0","0"
1,"Ixi8k6",1,164,2021,13,"Azerbaijan","AZE","AZE",76,"Greece","GRE","GRC",5,"0","0","-","0","0","0"
1,"Ixi8k6",1,165,2023,13,"Azerbaijan","AZE","AZE",76,"Greece","GRE","GRC",5,8,"0","-","0","0","0"
1,"Ixi8k6",1,166,2024,13,"Azerbaijan","AZE","AZE",76,"Greece","GRE","GRC",5,16,"0","-","0","0","0"
1,"Ixi8k6",1,167,2025,13,"Azerbaijan","AZE","AZE",76,"Greece","GRE","GRC",6,20,"0","-","0","0","0"
1,"Ixi8k6",1,168,2013,15,"Barbados","BAR","BRB",76,"Greece","GRE","GRC","0",7,"0","-","0","0","0"
1,"Ixi8k6",1,169,2000,16,"Burundi","BDI","BDI",76,"Greece","GRE","GRC","0",5,"0","-","0","0","0"
1,"Ixi8k6",1,170,2001,16,"Burundi","BDI","BDI",76,"Greece","GRE","GRC",9,6,"0","-","0","0","0"
1,"Ixi8k6",1,171,2002,16,"Burundi","BDI","BDI",76,"Greece","GRE","GRC",21,5,"0","-","0","0","0"
1,"Ixi8k6",1,172,2003,16,"Burundi","BDI","BDI",76,"Greece","GRE","GRC",21,19,"0","-","0","0","0"
1,"Ixi8k6",1,173,2004,16,"Burundi","BDI","BDI",76,"Greece","GRE","GRC",21,15,"0","-","0","0","0"
1,"Ixi8k6",1,174,2005,16,"Burundi","BDI","BDI",76,"Greece","GRE","GRC",24,6,"0","-","0","0","0"
1,"Ixi8k6",1,175,2006,16,"Burundi","BDI","BDI",76,"Greece","GRE","GRC",23,"0","0","-","0","0","0"
1,"Ixi8k6",1,176,2007,16,"Burundi","BDI","BDI",76,"Greece","GRE","GRC",18,"0","0","-","0","0","0"
1,"Ixi8k6",1,177,2008,16,"Burundi","BDI","BDI",76,"Greece","GRE","GRC",13,"0","0","-","0","0","0"
1,"Ixi8k6",1,178,2009,16,"Burundi","BDI","BDI",76,"Greece","GRE","GRC",9,"0","0","-","0","0","0"
1,"Ixi8k6",1,179,2010,16,"Burundi","BDI","BDI",76,"Greece","GRE","GRC",6,20,"0","-","0","0","0"
1,"Ixi8k6",1,180,2011,16,"Burundi","BDI","BDI",76,"Greece","GRE","GRC",5,"0","0","-","0","0","0"
1,"Ixi8k6",1,181,2012,16,"Burundi","BDI","BDI",76,"Greece","GRE","GRC",5,"0","0","-","0","0","0"
1,"Ixi8k6",1,182,2013,16,"Burundi","BDI","BDI",76,"Greece","GRE","GRC",6,16,"0","-","0","0","0"
1,"Ixi8k6",1,183,2014,16,"Burundi","BDI","BDI",76,"Greece","GRE","GRC",6,"0","0","-","0","0","0"
1,"Ixi8k6",1,184,2015,16,"Burundi","BDI","BDI",76,"Greece","GRE","GRC",5,"0","0","-","0","0","0"
1,"Ixi8k6",1,185,2016,16,"Burundi","BDI","BDI",76,"Greece","GRE","GRC",7,17,"0","-","0","0","0"
1,"Ixi8k6",1,186,2017,16,"Burundi","BDI","BDI",76,"Greece","GRE","GRC",18,14,"0","-","0","0","0"
1,"Ixi8k6",1,187,2018,16,"Burundi","BDI","BDI",76,"Greece","GRE","GRC",30,24,"0","-","0","0","0"
1,"Ixi8k6",1,188,2019,16,"Burundi","BDI","BDI",76,"Greece","GRE","GRC",35,40,"0","-","0","0","0"
1,"Ixi8k6",1,189,2020,16,"Burundi","BDI","BDI",76,"Greece","GRE","GRC",63,21,"0","-","0","0","0"
1,"Ixi8k6",1,190,2021,16,"Burundi","BDI","BDI",76,"Greece","GRE","GRC",73,23,"0","-","0","0","0"
1,"Ixi8k6",1,191,2022,16,"Burundi","BDI","BDI",76,"Greece","GRE","GRC",84,8,"0","-","0","0","0"
1,"Ixi8k6",1,192,2023,16,"Burundi","BDI","BDI",76,"Greece","GRE","GRC",84,"0","0","-","0","0","0"
1,"Ixi8k6",1,193,2024,16,"Burundi","BDI","BDI",76,"Greece","GRE","GRC",53,"0","0","-","0","0","0"
1,"Ixi8k6",1,194,2025,16,"Burundi","BDI","BDI",76,"Greece","GRE","GRC",53,7,"0","-","0","0","0"
1,"Ixi8k6",1,195,2004,18,"Benin","BEN","BEN",76,"Greece","GRE","GRC","0",5,"0","-","0","0","0"
1,"Ixi8k6",1,196,2006,18,"Benin","BEN","BEN",76,"Greece","GRE","GRC","0",6,"0","-","0","0","0"
1,"Ixi8k6",1,197,2007,18,"Benin","BEN","BEN",76,"Greece","GRE","GRC","0",5,"0","-","0","0","0"
1,"Ixi8k6",1,198,2008,18,"Benin","BEN","BEN",76,"Greece","GRE","GRC","0",5,"0","-","0","0","0"
1,"Ixi8k6",1,199,2010,18,"Benin","BEN","BEN",76,"Greece","GRE","GRC","0",5,"0","-","0","0","0"
1,"Ixi8k6",1,200,2013,18,"Benin","BEN","BEN",76,"Greece","GRE","GRC","0",8,"0","-","0","0","0"
1,"Ixi8k6",1,201,2019,18,"Benin","BEN","BEN",76,"Greece","GRE","GRC","0",6,"0","-","0","0","0"
1,"Ixi8k6",1,202,2020,18,"Benin","BEN","BEN",76,"Greece","GRE","GRC","0",5,"0","-","0","0","0"
1,"Ixi8k6",1,203,2021,18,"Benin","BEN","BEN",76,"Greece","GRE","GRC","0",5,"0","-","0","0","0"
1,"Ixi8k6",1,204,2022,18,"Benin","BEN","BEN",76,"Greece","GRE","GRC","0",5,"0","-","0","0","0"
1,"Ixi8k6",1,205,2023,18,"Benin","BEN","BEN",76,"Greece","GRE","GRC",5,5,"0","-","0","0","0"
1,"Ixi8k6",1,206,2000,20,"Bangladesh","BGD","BGD",76,"Greece","GRE","GRC","0",15,"0","-","0","0","0"
1,"Ixi8k6",1,207,2001,20,"Bangladesh","BGD","BGD",76,"Greece","GRE","GRC",13,12,"0","-","0","0","0"
1,"Ixi8k6",1,208,2002,20,"Bangladesh","BGD","BGD",76,"Greece","GRE","GRC",14,10,"0","-","0","0","0"
1,"Ixi8k6",1,209,2003,20,"Bangladesh","BGD","BGD",76,"Greece","GRE","GRC",14,199,"0","-","0","0","0"
1,"Ixi8k6",1,210,2004,20,"Bangladesh","BGD","BGD",76,"Greece","GRE","GRC",13,210,"0","-","0","0","0"
1,"Ixi8k6",1,211,2005,20,"Bangladesh","BGD","BGD",76,"Greece","GRE","GRC",14,292,"0","-","0","0","0"
1,"Ixi8k6",1,212,2006,20,"Bangladesh","BGD","BGD",76,"Greece","GRE","GRC",16,875,"0","-","0","0","0"
1,"Ixi8k6",1,213,2007,20,"Bangladesh","BGD","BGD",76,"Greece","GRE","GRC",20,179,"0","-","0","0","0"
1,"Ixi8k6",1,214,2008,20,"Bangladesh","BGD","BGD",76,"Greece","GRE","GRC",20,121,"0","-","0","0","0"
1,"Ixi8k6",1,215,2009,20,"Bangladesh","BGD","BGD",76,"Greece","GRE","GRC",18,"0","0","-","0","0","0"
1,"Ixi8k6",1,216,2010,20,"Bangladesh","BGD","BGD",76,"Greece","GRE","GRC",14,4649,"0","-","0","0","0"
1,"Ixi8k6",1,217,2011,20,"Bangladesh","BGD","BGD",76,"Greece","GRE","GRC",11,"0","0","-","0","0","0"
1,"Ixi8k6",1,218,2012,20,"Bangladesh","BGD","BGD",76,"Greece","GRE","GRC",14,"0","0","-","0","0","0"
1,"Ixi8k6",1,219,2013,20,"Bangladesh","BGD","BGD",76,"Greece","GRE","GRC",46,7065,"0","-","0","0","0"
1,"Ixi8k6",1,220,2014,20,"Bangladesh","BGD","BGD",76,"Greece","GRE","GRC",167,449,"0","-","0","0","0"
1,"Ixi8k6",1,221,2015,20,"Bangladesh","BGD","BGD",76,"Greece","GRE","GRC",200,496,"0","-","0","0","0"
1,"Ixi8k6",1,222,2016,20,"Bangladesh","BGD","BGD",76,"Greece","GRE","GRC",220,1296,"0","-","0","0","0"
1,"Ixi8k6",1,223,2017,20,"Bangladesh","BGD","BGD",76,"Greece","GRE","GRC",244,1618,"0","-","0","0","0"
1,"Ixi8k6",1,224,2018,20,"Bangladesh","BGD","BGD",76,"Greece","GRE","GRC",273,2311,"0","-","0","0","0"
1,"Ixi8k6",1,225,2019,20,"Bangladesh","BGD","BGD",76,"Greece","GRE","GRC",295,2556,"0","-","0","0","0"
1,"Ixi8k6",1,226,2020,20,"Bangladesh","BGD","BGD",76,"Greece","GRE","GRC",318,3115,"0","-","0","0","0"
1,"Ixi8k6",1,227,2021,20,"Bangladesh","BGD","BGD",76,"Greece","GRE","GRC",328,3564,"0","-","0","0","0"
1,"Ixi8k6",1,228,2022,20,"Bangladesh","BGD","BGD",76,"Greece","GRE","GRC",391,1767,"0","-","0","0","0"
1,"Ixi8k6",1,229,2023,20,"Bangladesh","BGD","BGD",76,"Greece","GRE","GRC",381,218,"0","-","0","0","0"
1,"Ixi8k6",1,230,2024,20,"Bangladesh","BGD","BGD",76,"Greece","GRE","GRC",176,294,"0","-","0","0","0"
1,"Ixi8k6",1,231,2025,20,"Bangladesh","BGD","BGD",76,"Greece","GRE","GRC",176,963,"0","-","0","0","0"
1,"Ixi8k6",1,232,2007,23,"Burkina Faso","BKF","BFA",76,"Greece","GRE","GRC","0",21,"0","-","0","0","0"
1,"Ixi8k6",1,233,2008,23,"Burkina Faso","BKF","BFA",76,"Greece","GRE","GRC","0",6,"0","-","0","0","0"
1,"Ixi8k6",1,234,2010,23,"Burkina Faso","BKF","BFA",76,"Greece","GRE","GRC","0",225,"0","-","0","0","0"
1,"Ixi8k6",1,235,2012,23,"Burkina Faso","BKF","BFA",76,"Greece","GRE","GRC",5,"0","0","-","0","0","0"
1,"Ixi8k6",1,236,2013,23,"Burkina Faso","BKF","BFA",76,"Greece","GRE","GRC",7,197,"0","-","0","0","0"
1,"Ixi8k6",1,237,2014,23,"Burkina Faso","BKF","BFA",76,"Greece","GRE","GRC",12,5,"0","-","0","0","0"
1,"Ixi8k6",1,238,2015,23,"Burkina Faso","BKF","BFA",76,"Greece","GRE","GRC",14,11,"0","-","0","0","0"
1,"Ixi8k6",1,239,2016,23,"Burkina Faso","BKF","BFA",76,"Greece","GRE","GRC",14,20,"0","-","0","0","0"
1,"Ixi8k6",1,240,2017,23,"Burkina Faso","BKF","BFA",76,"Greece","GRE","GRC",14,20,"0","-","0","0","0"
1,"Ixi8k6",1,241,2018,23,"Burkina Faso","BKF","BFA",76,"Greece","GRE","GRC",15,53,"0","-","0","0","0"
1,"Ixi8k6",1,242,2019,23,"Burkina Faso","BKF","BFA",76,"Greece","GRE","GRC",17,86,"0","-","0","0","0"
1,"Ixi8k6",1,243,2020,23,"Burkina Faso","BKF","BFA",76,"Greece","GRE","GRC",27,79,"0","-","0","0","0"
1,"Ixi8k6",1,244,2021,23,"Burkina Faso","BKF","BFA",76,"Greece","GRE","GRC",40,35,"0","-","0","0","0"
1,"Ixi8k6",1,245,2022,23,"Burkina Faso","BKF","BFA",76,"Greece","GRE","GRC",55,20,"0","-","0","0","0"
1,"Ixi8k6",1,246,2023,23,"Burkina Faso","BKF","BFA",76,"Greece","GRE","GRC",54,16,"0","-","0","0","0"
1,"Ixi8k6",1,247,2024,23,"Burkina Faso","BKF","BFA",76,"Greece","GRE","GRC",29,17,"0","-","0","0","0"
1,"Ixi8k6",1,248,2025,23,"Burkina Faso","BKF","BFA",76,"Greece","GRE","GRC",29,15,"0","-","0","0","0"
1,"Ixi8k6",1,249,2001,24,"Belarus","BLR","BLR",76,"Greece","GRE","GRC","0",5,"0","-","0","0","0"
1,"Ixi8k6",1,250,2004,24,"Belarus","BLR","BLR",76,"Greece","GRE","GRC","0",6,"0","-","0","0","0"
1,"Ixi8k6",1,251,2010,24,"Belarus","BLR","BLR",76,"Greece","GRE","GRC","0",10,"0","-","0","0","0"
1,"Ixi8k6",1,252,2013,24,"Belarus","BLR","BLR",76,"Greece","GRE","GRC","0",18,"0","-","0","0","0"
1,"Ixi8k6",1,253,2014,24,"Belarus","BLR","BLR",76,"Greece","GRE","GRC",5,"0","0","-","0","0","0"
1,"Ixi8k6",1,254,2015,24,"Belarus","BLR","BLR",76,"Greece","GRE","GRC",5,"0","0","-","0","0","0"
1,"Ixi8k6",1,255,2016,24,"Belarus","BLR","BLR",76,"Greece","GRE","GRC",5,"0","0","-","0","0","0"
1,"Ixi8k6",1,256,2017,24,"Belarus","BLR","BLR",76,"Greece","GRE","GRC",5,5,"0","-","0","0","0"
1,"Ixi8k6",1,257,2018,24,"Belarus","BLR","BLR",76,"Greece","GRE","GRC",5,13,"0","-","0","0","0"
1,"Ixi8k6",1,258,2019,24,"Belarus","BLR","BLR",76,"Greece","GRE","GRC",5,"0","0","-","0","0","0"
1,"Ixi8k6",1,259,2020,24,"Belarus","BLR","BLR",76,"Greece","GRE","GRC",5,"0","0","-","0","0","0"
1,"Ixi8k6",1,260,2021,24,"Belarus","BLR","BLR",76,"Greece","GRE","GRC",5,5,"0","-","0","0","0"
1,"Ixi8k6",1,261,2022,24,"Belarus","BLR","BLR",76,"Greece","GRE","GRC",8,"0","0","-","0","0","0"
1,"Ixi8k6",1,262,2023,24,"Belarus","BLR","BLR",76,"Greece","GRE","GRC",21,5,"0","-","0","0","0"
1,"Ixi8k6",1,263,2024,24,"Belarus","BLR","BLR",76,"Greece","GRE","GRC",11,"0","0","-","0","0","0"
1,"Ixi8k6",1,264,2025,24,"Belarus","BLR","BLR",76,"Greece","GRE","GRC",22,"0","0","-","0","0","0"
1,"Ixi8k6",1,265,2017,26,"Botswana","BOT","BWA",76,"Greece","GRE","GRC","0",5,"0","-","0","0","0"
1,"Ixi8k6",1,266,2018,27,"Brazil","BRA","BRA",76,"Greece","GRE","GRC","0",9,"0","-","0","0","0"
1,"Ixi8k6",1,267,2019,27,"Brazil","BRA","BRA",76,"Greece","GRE","GRC","0",14,"0","-","0","0","0"
1,"Ixi8k6",1,268,2020,27,"Brazil","BRA","BRA",76,"Greece","GRE","GRC","0",12,"0","-","0","0","0"
1,"Ixi8k6",1,269,2021,27,"Brazil","BRA","BRA",76,"Greece","GRE","GRC","0",6,"0","-","0","0","0"
1,"Ixi8k6",1,270,2022,27,"Brazil","BRA","BRA",76,"Greece","GRE","GRC","0",5,"0","-","0","0","0"
1,"Ixi8k6",1,271,2023,27,"Brazil","BRA","BRA",76,"Greece","GRE","GRC",5,6,"0","-","0","0","0"
1,"Ixi8k6",1,272,2024,27,"Brazil","BRA","BRA",76,"Greece","GRE","GRC","0",13,"0","-","0","0","0"
1,"Ixi8k6",1,273,2025,27,"Brazil","BRA","BRA",76,"Greece","GRE","GRC",5,5,"0","-","0","0","0"
1,"Ixi8k6",1,274,2002,29,"Bosnia and Herzegovina","BSN","BIH",76,"Greece","GRE","GRC","0",5,"0","-","0","0","0"
1,"Ixi8k6",1,275,2003,29,"Bosnia and Herzegovina","BSN","BIH",76,"Greece","GRE","GRC","0",5,"0","-","0","0","0"
1,"Ixi8k6",1,276,2004,29,"Bosnia and Herzegovina","BSN","BIH",76,"Greece","GRE","GRC","0",5,"0","-","0","0","0"
1,"Ixi8k6",1,277,2005,29,"Bosnia and Herzegovina","BSN","BIH",76,"Greece","GRE","GRC","0",5,"0","-","0","0","0"
1,"Ixi8k6",1,278,2006,29,"Bosnia and Herzegovina","BSN","BIH",76,"Greece","GRE","GRC","0",5,"0","-","0","0","0"
1,"Ixi8k6",1,279,2007,29,"Bosnia and Herzegovina","BSN","BIH",76,"Greece","GRE","GRC","0",5,"0","-","0","0","0"
1,"Ixi8k6",1,280,2008,29,"Bosnia and Herzegovina","BSN","BIH",76,"Greece","GRE","GRC","0",5,"0","-","0","0","0"
1,"Ixi8k6",1,281,2017,29,"Bosnia and Herzegovina","BSN","BIH",76,"Greece","GRE","GRC","0",5,"0","-","0","0","0"
1,"Ixi8k6",1,282,2018,29,"Bosnia and Herzegovina","BSN","BIH",76,"Greece","GRE","GRC","0",5,"0","-","0","0","0"
1,"Ixi8k6",1,283,2019,29,"Bosnia and Herzegovina","BSN","BIH",76,"Greece","GRE","GRC","0",5,"0","-","0","0","0"
1,"Ixi8k6",1,284,2021,29,"Bosnia and Herzegovina","BSN","BIH",76,"Greece","GRE","GRC","0",5,"0","-","0","0","0"
1,"Ixi8k6",1,285,1993,30,"Bulgaria","BUL","BGR",76,"Greece","GRE","GRC",36,"0","0","-","0","0","0"
1,"Ixi8k6",1,286,1994,30,"Bulgaria","BUL","BGR",76,"Greece","GRE","GRC",36,"0","0","-","0","0","0"
1,"Ixi8k6",1,287,2001,30,"Bulgaria","BUL","BGR",76,"Greece","GRE","GRC",73,"0","0","-","0","0","0"
1,"Ixi8k6",1,288,2004,30,"Bulgaria","BUL","BGR",76,"Greece","GRE","GRC","0",11,"0","-","0","0","0"
1,"Ixi8k6",1,289,2005,30,"Bulgaria","BUL","BGR",76,"Greece","GRE","GRC","0",7,"0","-","0","0","0"
1,"Ixi8k6",1,290,2001,32,"Cambodia","CAM","KHM",76,"Greece","GRE","GRC",8,"0","0","-","0","0","0"
1,"Ixi8k6",1,291,2023,33,"Canada","CAN","CAN",76,"Greece","GRE","GRC",5,"0","0","-","0","0","0"
1,"Ixi8k6",1,292,2025,33,"Canada","CAN","CAN",76,"Greece","GRE","GRC",5,"0","0","-","0","0","0"
1,"Ixi8k6",1,293,2004,34,"Central African Rep.","CAR","CAF",76,"Greece","GRE","GRC",11,"0","0","-","0","0","0"
1,"Ixi8k6",1,294,2005,34,"Central African Rep.","CAR","CAF",76,"Greece","GRE","GRC",10,"0","0","-","0","0","0"
1,"Ixi8k6",1,295,2006,34,"Central African Rep.","CAR","CAF",76,"Greece","GRE","GRC",10,"0","0","-","0","0","0"
1,"Ixi8k6",1,296,2007,34,"Central African Rep.","CAR","CAF",76,"Greece","GRE","GRC",9,"0","0","-","0","0","0"
1,"Ixi8k6",1,297,2008,34,"Central African Rep.","CAR","CAF",76,"Greece","GRE","GRC",9,"0","0","-","0","0","0"
1,"Ixi8k6",1,298,2009,34,"Central African Rep.","CAR","CAF",76,"Greece","GRE","GRC",9,"0","0","-","0","0","0"
1,"Ixi8k6",1,299,2010,34,"Central African Rep.","CAR","CAF",76,"Greece","GRE","GRC",9,"0","0","-","0","0","0"
1,"Ixi8k6",1,300,2011,34,"Central African Rep.","CAR","CAF",76,"Greece","GRE","GRC",10,"0","0","-","0","0","0"
1,"Ixi8k6",1,301,2012,34,"Central African Rep.","CAR","CAF",76,"Greece","GRE","GRC",10,"0","0","-","0","0","0"
1,"Ixi8k6",1,302,2013,34,"Central African Rep.","CAR","CAF",76,"Greece","GRE","GRC",16,"0","0","-","0","0","0"
1,"Ixi8k6",1,303,2014,34,"Central African Rep.","CAR","CAF",76,"Greece","GRE","GRC",7,"0","0","-","0","0","0"
1,"Ixi8k6",1,304,2015,34,"Central African Rep.","CAR","CAF",76,"Greece","GRE","GRC",7,5,"0","-","0","0","0"
1,"Ixi8k6",1,305,2016,34,"Central African Rep.","CAR","CAF",76,"Greece","GRE","GRC",7,10,"0","-","0","0","0"
1,"Ixi8k6",1,306,2017,34,"Central African Rep.","CAR","CAF",76,"Greece","GRE","GRC",9,5,"0","-","0","0","0"
1,"Ixi8k6",1,307,2018,34,"Central African Rep.","CAR","CAF",76,"Greece","GRE","GRC",12,5,"0","-","0","0","0"
1,"Ixi8k6",1,308,2019,34,"Central African Rep.","CAR","CAF",76,"Greece","GRE","GRC",13,9,"0","-","0","0","0"
1,"Ixi8k6",1,309,2020,34,"Central African Rep.","CAR","CAF",76,"Greece","GRE","GRC",18,5,"0","-","0","0","0"
1,"Ixi8k6",1,310,2021,34,"Central African Rep.","CAR","CAF",76,"Greece","GRE","GRC",20,5,"0","-","0","0","0"
1,"Ixi8k6",1,311,2022,34,"Central African Rep.","CAR","CAF",76,"Greece","GRE","GRC",22,5,"0","-","0","0","0"
1,"Ixi8k6",1,312,2023,34,"Central African Rep.","CAR","CAF",76,"Greece","GRE","GRC",19,"0","0","-","0","0","0"
1,"Ixi8k6",1,313,2024,34,"Central African Rep.","CAR","CAF",76,"Greece","GRE","GRC",5,"0","0","-","0","0","0"
1,"Ixi8k6",1,314,2025,34,"Central African Rep.","CAR","CAF",76,"Greece","GRE","GRC",5,12,"0","-","0","0","0"
1,"Ixi8k6",1,315,1993,36,"Chad","CHD","TCD",76,"Greece","GRE","GRC",5,"0","0","-","0","0","0"
1,"Ixi8k6",1,316,1994,36,"Chad","CHD","TCD",76,"Greece","GRE","GRC",6,"0","0","-","0","0","0"
1,"Ixi8k6",1,317,2001,36,"Chad","CHD","TCD",76,"Greece","GRE","GRC",6,"0","0","-","0","0","0"
1,"Ixi8k6",1,318,2002,36,"Chad","CHD","TCD",76,"Greece","GRE","GRC",5,"0","0","-","0","0","0"
1,"Ixi8k6",1,319,2003,36,"Chad","CHD","TCD",76,"Greece","GRE","GRC",5,"0","0","-","0","0","0"
1,"Ixi8k6",1,320,2004,36,"Chad","CHD","TCD",76,"Greece","GRE","GRC",5,"0","0","-","0","0","0"
1,"Ixi8k6",1,321,2005,36,"Chad","CHD","TCD",76,"Greece","GRE","GRC",5,"0","0","-","0","0","0"
1,"Ixi8k6",1,322,2006,36,"Chad","CHD","TCD",76,"Greece","GRE","GRC",5,"0","0","-","0","0","0"
1,"Ixi8k6",1,323,2010,36,"Chad","CHD","TCD",76,"Greece","GRE","GRC","0",5,"0","-","0","0","0"
1,"Ixi8k6",1,324,2018,36,"Chad","CHD","TCD",76,"Greece","GRE","GRC",5,8,"0","-","0","0","0"
1,"Ixi8k6",1,325,2019,36,"Chad","CHD","TCD",76,"Greece","GRE","GRC",5,10,"0","-","0","0","0"
1,"Ixi8k6",1,326,2020,36,"Chad","CHD","TCD",76,"Greece","GRE","GRC",8,5,"0","-","0","0","0"
1,"Ixi8k6",1,327,2021,36,"Chad","CHD","TCD",76,"Greece","GRE","GRC",11,"0","0","-","0","0","0"
1,"Ixi8k6",1,328,2022,36,"Chad","CHD","TCD",76,"Greece","GRE","GRC",14,5,"0","-","0","0","0"
1,"Ixi8k6",1,329,2023,36,"Chad","CHD","TCD",76,"Greece","GRE","GRC",15,5,"0","-","0","0","0"
1,"Ixi8k6",1,330,2024,36,"Chad","CHD","TCD",76,"Greece","GRE","GRC",9,"0","0","-","0","0","0"
1,"Ixi8k6",1,331,2025,36,"Chad","CHD","TCD",76,"Greece","GRE","GRC",9,10,"0","-","0","0","0"
1,"Ixi8k6",1,332,1993,37,"China","CHI","CHN",76,"Greece","GRE","GRC",22,"0","0","-","0","0","0"
1,"Ixi8k6",1,333,1994,37,"China","CHI","CHN",76,"Greece","GRE","GRC",20,"0","0","-","0","0","0"
1,"Ixi8k6",1,334,2001,37,"China","CHI","CHN",76,"Greece","GRE","GRC",7,5,"0","-","0","0","0"
1,"Ixi8k6",1,335,2002,37,"China","CHI","CHN",76,"Greece","GRE","GRC",7,7,"0","-","0","0","0"
1,"Ixi8k6",1,336,2003,37,"China","CHI","CHN",76,"Greece","GRE","GRC",7,122,"0","-","0","0","0"
1,"Ixi8k6",1,337,2004,37,"China","CHI","CHN",76,"Greece","GRE","GRC",7,73,"0","-","0","0","0"
1,"Ixi8k6",1,338,2005,37,"China","CHI","CHN",76,"Greece","GRE","GRC",7,26,"0","-","0","0","0"
1,"Ixi8k6",1,339,2006,37,"China","CHI","CHN",76,"Greece","GRE","GRC",7,"0","0","-","0","0","0"
1,"Ixi8k6",1,340,2007,37,"China","CHI","CHN",76,"Greece","GRE","GRC",5,13,"0","-","0","0","0"
1,"Ixi8k6",1,341,2008,37,"China","CHI","CHN",76,"Greece","GRE","GRC",5,9,"0","-","0","0","0"
1,"Ixi8k6",1,342,2009,37,"China","CHI","CHN",76,"Greece","GRE","GRC",5,"0","0","-","0","0","0"
1,"Ixi8k6",1,343,2010,37,"China","CHI","CHN",76,"Greece","GRE","GRC",5,108,"0","-","0","0","0"
1,"Ixi8k6",1,344,2011,37,"China","CHI","CHN",76,"Greece","GRE","GRC",6,"0","0","-","0","0","0"
1,"Ixi8k6",1,345,2012,37,"China","CHI","CHN",76,"Greece","GRE","GRC",6,"0","0","-","0","0","0"
1,"Ixi8k6",1,346,2013,37,"China","CHI","CHN",76,"Greece","GRE","GRC",12,800,"0","-","0","0","0"
1,"Ixi8k6",1,347,2014,37,"China","CHI","CHN",76,"Greece","GRE","GRC",32,50,"0","-","0","0","0"
1,"Ixi8k6",1,348,2015,37,"China","CHI","CHN",76,"Greece","GRE","GRC",38,75,"0","-","0","0","0"
1,"Ixi8k6",1,349,2016,37,"China","CHI","CHN",76,"Greece","GRE","GRC",46,187,"0","-","0","0","0"
1,"Ixi8k6",1,350,2017,37,"China","CHI","CHN",76,"Greece","GRE","GRC",56,341,"0","-","0","0","0"
1,"Ixi8k6",1,351,2018,37,"China","CHI","CHN",76,"Greece","GRE","GRC",71,590,"0","-","0","0","0"
1,"Ixi8k6",1,352,2019,37,"China","CHI","CHN",76,"Greece","GRE","GRC",85,529,"0","-","0","0","0"
1,"Ixi8k6",1,353,2020,37,"China","CHI","CHN",76,"Greece","GRE","GRC",113,418,"0","-","0","0","0"
1,"Ixi8k6",1,354,2021,37,"China","CHI","CHN",76,"Greece","GRE","GRC",114,222,"0","-","0","0","0"
1,"Ixi8k6",1,355,2022,37,"China","CHI","CHN",76,"Greece","GRE","GRC",114,84,"0","-","0","0","0"
1,"Ixi8k6",1,356,2023,37,"China","CHI","CHN",76,"Greece","GRE","GRC",112,98,"0","-","0","0","0"
1,"Ixi8k6",1,357,2024,37,"China","CHI","CHN",76,"Greece","GRE","GRC",63,172,"0","-","0","0","0"
1,"Ixi8k6",1,358,2025,37,"China","CHI","CHN",76,"Greece","GRE","GRC",63,286,"0","-","0","0","0"
1,"Ixi8k6",1,359,2008,38,"Chile","CHL","CHL",76,"Greece","GRE","GRC","0",5,"0","-","0","0","0"
1,"Ixi8k6",1,360,2010,38,"Chile","CHL","CHL",76,"Greece","GRE","GRC","0",5,"0","-","0","0","0"
1,"Ixi8k6",1,361,2019,38,"Chile","CHL","CHL",76,"Greece","GRE","GRC","0",5,"0","-","0","0","0"
1,"Ixi8k6",1,362,2001,39,"Cameroon","CMR","CMR",76,"Greece","GRE","GRC",5,"0","0","-","0","0","0"
1,"Ixi8k6",1,363,2002,39,"Cameroon","CMR","CMR",76,"Greece","GRE","GRC",5,"0","0","-","0","0","0"
1,"Ixi8k6",1,364,2003,39,"Cameroon","CMR","CMR",76,"Greece","GRE","GRC",5,"0","0","-","0","0","0"
1,"Ixi8k6",1,365,2004,39,"Cameroon","CMR","CMR",76,"Greece","GRE","GRC",5,"0","0","-","0","0","0"
1,"Ixi8k6",1,366,2005,39,"Cameroon","CMR","CMR",76,"Greece","GRE","GRC",5,"0","0","-","0","0","0"
1,"Ixi8k6",1,367,2006,39,"Cameroon","CMR","CMR",76,"Greece","GRE","GRC",5,"0","0","-","0","0","0"
1,"Ixi8k6",1,368,2007,39,"Cameroon","CMR","CMR",76,"Greece","GRE","GRC",7,"0","0","-","0","0","0"
1,"Ixi8k6",1,369,2008,39,"Cameroon","CMR","CMR",76,"Greece","GRE","GRC",6,"0","0","-","0","0","0"
1,"Ixi8k6",1,370,2009,39,"Cameroon","CMR","CMR",76,"Greece","GRE","GRC",5,"0","0","-","0","0","0"
1,"Ixi8k6",1,371,2010,39,"Cameroon","CMR","CMR",76,"Greece","GRE","GRC",5,48,"0","-","0","0","0"
1,"Ixi8k6",1,372,2011,39,"Cameroon","CMR","CMR",76,"Greece","GRE","GRC",6,"0","0","-","0","0","0"
1,"Ixi8k6",1,373,2012,39,"Cameroon","CMR","CMR",76,"Greece","GRE","GRC",11,"0","0","-","0","0","0"
1,"Ixi8k6",1,374,2013,39,"Cameroon","CMR","CMR",76,"Greece","GRE","GRC",19,108,"0","-","0","0","0"
1,"Ixi8k6",1,375,2014,39,"Cameroon","CMR","CMR",76,"Greece","GRE","GRC",31,154,"0","-","0","0","0"
1,"Ixi8k6",1,376,2015,39,"Cameroon","CMR","CMR",76,"Greece","GRE","GRC",73,42,"0","-","0","0","0"
1,"Ixi8k6",1,377,2016,39,"Cameroon","CMR","CMR",76,"Greece","GRE","GRC",94,151,"0","-","0","0","0"
1,"Ixi8k6",1,378,2017,39,"Cameroon","CMR","CMR",76,"Greece","GRE","GRC",151,290,"0","-","0","0","0"
1,"Ixi8k6",1,379,2018,39,"Cameroon","CMR","CMR",76,"Greece","GRE","GRC",278,970,"0","-","0","0","0"
1,"Ixi8k6",1,380,2019,39,"Cameroon","CMR","CMR",76,"Greece","GRE","GRC",443,1102,"0","-","0","0","0"
1,"Ixi8k6",1,381,2020,39,"Cameroon","CMR","CMR",76,"Greece","GRE","GRC",706,907,"0","-","0","0","0"
1,"Ixi8k6",1,382,2021,39,"Cameroon","CMR","CMR",76,"Greece","GRE","GRC",929,529,"0","-","0","0","0"
1,"Ixi8k6",1,383,2022,39,"Cameroon","CMR","CMR",76,"Greece","GRE","GRC",1145,344,"0","-","0","0","0"
1,"Ixi8k6",1,384,2023,39,"Cameroon","CMR","CMR",76,"Greece","GRE","GRC",1367,615,"0","-","0","0","0"
1,"Ixi8k6",1,385,2024,39,"Cameroon","CMR","CMR",76,"Greece","GRE","GRC",859,331,"0","-","0","0","0"
1,"Ixi8k6",1,386,2025,39,"Cameroon","CMR","CMR",76,"Greece","GRE","GRC",859,317,"0","-","0","0","0"
1,"Ixi8k6",1,387,2002,40,"Congo","COB","COG",76,"Greece","GRE","GRC",5,"0","0","-","0","0","0"
1,"Ixi8k6",1,388,2003,40,"Congo","COB","COG",76,"Greece","GRE","GRC",5,"0","0","-","0","0","0"
1,"Ixi8k6",1,389,2004,40,"Congo","COB","COG",76,"Greece","GRE","GRC",5,"0","0","-","0","0","0"
1,"Ixi8k6",1,390,2005,40,"Congo","COB","COG",76,"Greece","GRE","GRC",5,"0","0","-","0","0","0"
1,"Ixi8k6",1,391,2006,40,"Congo","COB","COG",76,"Greece","GRE","GRC",5,5,"0","-","0","0","0"
1,"Ixi8k6",1,392,2007,40,"Congo","COB","COG",76,"Greece","GRE","GRC",5,8,"0","-","0","0","0"
1,"Ixi8k6",1,393,2008,40,"Congo","COB","COG",76,"Greece","GRE","GRC",5,14,"0","-","0","0","0"
1,"Ixi8k6",1,394,2011,40,"Congo","COB","COG",76,"Greece","GRE","GRC",5,"0","0","-","0","0","0"
1,"Ixi8k6",1,395,2012,40,"Congo","COB","COG",76,"Greece","GRE","GRC",6,"0","0","-","0","0","0"
1,"Ixi8k6",1,396,2013,40,"Congo","COB","COG",76,"Greece","GRE","GRC",10,183,"0","-","0","0","0"
1,"Ixi8k6",1,397,2014,40,"Congo","COB","COG",76,"Greece","GRE","GRC",34,11,"0","-","0","0","0"
1,"Ixi8k6",1,398,2015,40,"Congo","COB","COG",76,"Greece","GRE","GRC",37,5,"0","-","0","0","0"
1,"Ixi8k6",1,399,2016,40,"Congo","COB","COG",76,"Greece","GRE","GRC",37,49,"0","-","0","0","0"
1,"Ixi8k6",1,400,2017,40,"Congo","COB","COG",76,"Greece","GRE","GRC",61,70,"0","-","0","0","0"
1,"Ixi8k6",1,401,2018,40,"Congo","COB","COG",76,"Greece","GRE","GRC",96,97,"0","-","0","0","0"
1,"Ixi8k6",1,402,2019,40,"Congo","COB","COG",76,"Greece","GRE","GRC",128,103,"0","-","0","0","0"
1,"Ixi8k6",1,403,2020,40,"Congo","COB","COG",76,"Greece","GRE","GRC",148,94,"0","-","0","0","0"
1,"Ixi8k6",1,404,2021,40,"Congo","COB","COG",76,"Greece","GRE","GRC",162,53,"0","-","0","0","0"
1,"Ixi8k6",1,405,2022,40,"Congo","COB","COG",76,"Greece","GRE","GRC",177,45,"0","-","0","0","0"
1,"Ixi8k6",1,406,2023,40,"Congo","COB","COG",76,"Greece","GRE","GRC",200,57,"0","-","0","0","0"
1,"Ixi8k6",1,407,2024,40,"Congo","COB","COG",76,"Greece","GRE","GRC",54,23,"0","-","0","0","0"
1,"Ixi8k6",1,408,2025,40,"Congo","COB","COG",76,"Greece","GRE","GRC",54,15,"0","-","0","0","0"
1,"Ixi8k6",1,409,1993,41,"Dem. Rep. of the Congo","COD","COD",76,"Greece","GRE","GRC",21,"0","0","-","0","0","0"
1,"Ixi8k6",1,410,1994,41,"Dem. Rep. of the Congo","COD","COD",76,"Greece","GRE","GRC",19,"0","0","-","0","0","0"
1,"Ixi8k6",1,411,2000,41,"Dem. Rep. of the Congo","COD","COD",76,"Greece","GRE","GRC",20,8,"0","-","0","0","0"
1,"Ixi8k6",1,412,2001,41,"Dem. Rep. of the Congo","COD","COD",76,"Greece","GRE","GRC",22,32,"0","-","0","0","0"
1,"Ixi8k6",1,413,2002,41,"Dem. Rep. of the Congo","COD","COD",76,"Greece","GRE","GRC",22,23,"0","-","0","0","0"
1,"Ixi8k6",1,414,2003,41,"Dem. Rep. of the Congo","COD","COD",76,"Greece","GRE","GRC",23,42,"0","-","0","0","0"
1,"Ixi8k6",1,415,2004,41,"Dem. Rep. of the Congo","COD","COD",76,"Greece","GRE","GRC",22,52,"0","-","0","0","0"
1,"Ixi8k6",1,416,2005,41,"Dem. Rep. of the Congo","COD","COD",76,"Greece","GRE","GRC",27,26,"0","-","0","0","0"
1,"Ixi8k6",1,417,2006,41,"Dem. Rep. of the Congo","COD","COD",76,"Greece","GRE","GRC",42,"0","0","-","0","0","0"
1,"Ixi8k6",1,418,2007,41,"Dem. Rep. of the Congo","COD","COD",76,"Greece","GRE","GRC",42,"0","0","-","0","0","0"
1,"Ixi8k6",1,419,2008,41,"Dem. Rep. of the Congo","COD","COD",76,"Greece","GRE","GRC",35,5,"0","-","0","0","0"
1,"Ixi8k6",1,420,2009,41,"Dem. Rep. of the Congo","COD","COD",76,"Greece","GRE","GRC",35,"0","0","-","0","0","0"
1,"Ixi8k6",1,421,2010,41,"Dem. Rep. of the Congo","COD","COD",76,"Greece","GRE","GRC",28,44,"0","-","0","0","0"
1,"Ixi8k6",1,422,2011,41,"Dem. Rep. of the Congo","COD","COD",76,"Greece","GRE","GRC",26,"0","0","-","0","0","0"
1,"Ixi8k6",1,423,2012,41,"Dem. Rep. of the Congo","COD","COD",76,"Greece","GRE","GRC",27,"0","0","-","0","0","0"
1,"Ixi8k6",1,424,2013,41,"Dem. Rep. of the Congo","COD","COD",76,"Greece","GRE","GRC",31,138,"0","-","0","0","0"
1,"Ixi8k6",1,425,2014,41,"Dem. Rep. of the Congo","COD","COD",76,"Greece","GRE","GRC",88,87,"0","-","0","0","0"
1,"Ixi8k6",1,426,2015,41,"Dem. Rep. of the Congo","COD","COD",76,"Greece","GRE","GRC",129,41,"0","-","0","0","0"
1,"Ixi8k6",1,427,2016,41,"Dem. Rep. of the Congo","COD","COD",76,"Greece","GRE","GRC",135,199,"0","-","0","0","0"
1,"Ixi8k6",1,428,2017,41,"Dem. Rep. of the Congo","COD","COD",76,"Greece","GRE","GRC",304,797,"0","-","0","0","0"
1,"Ixi8k6",1,429,2018,41,"Dem. Rep. of the Congo","COD","COD",76,"Greece","GRE","GRC",549,1699,"0","-","0","0","0"
1,"Ixi8k6",1,430,2019,41,"Dem. Rep. of the Congo","COD","COD",76,"Greece","GRE","GRC",731,4041,"0","-","0","0","0"
1,"Ixi8k6",1,431,2020,41,"Dem. Rep. of the Congo","COD","COD",76,"Greece","GRE","GRC",1426,3713,"0","-","0","0","0"
1,"Ixi8k6",1,432,2021,41,"Dem. Rep. of the Congo","COD","COD",76,"Greece","GRE","GRC",1994,2555,"0","-","0","0","0"
1,"Ixi8k6",1,433,2022,41,"Dem. Rep. of the Congo","COD","COD",76,"Greece","GRE","GRC",2733,1094,"0","-","0","0","0"
1,"Ixi8k6",1,434,2023,41,"Dem. Rep. of the Congo","COD","COD",76,"Greece","GRE","GRC",3087,1274,"0","-","0","0","0"
1,"Ixi8k6",1,435,2024,41,"Dem. Rep. of the Congo","COD","COD",76,"Greece","GRE","GRC",1346,502,"0","-","0","0","0"
1,"Ixi8k6",1,436,2025,41,"Dem. Rep. of the Congo","COD","COD",76,"Greece","GRE","GRC",1346,372,"0","-","0","0","0"
1,"Ixi8k6",1,437,2013,42,"Comoros","COI","COM",76,"Greece","GRE","GRC","0",33,"0","-","0","0","0"
1,"Ixi8k6",1,438,2016,42,"Comoros","COI","COM",76,"Greece","GRE","GRC","0",5,"0","-","0","0","0"
1,"Ixi8k6",1,439,2017,42,"Comoros","COI","COM",76,"Greece","GRE","GRC",5,8,"0","-","0","0","0"
1,"Ixi8k6",1,440,2018,42,"Comoros","COI","COM",76,"Greece","GRE","GRC",6,7,"0","-","0","0","0"
1,"Ixi8k6",1,441,2019,42,"Comoros","COI","COM",76,"Greece","GRE","GRC",6,11,"0","-","0","0","0"
1,"Ixi8k6",1,442,2020,42,"Comoros","COI","COM",76,"Greece","GRE","GRC",6,15,"0","-","0","0","0"
1,"Ixi8k6",1,443,2021,42,"Comoros","COI","COM",76,"Greece","GRE","GRC",7,33,"0","-","0","0","0"
1,"Ixi8k6",1,444,2022,42,"Comoros","COI","COM",76,"Greece","GRE","GRC",8,47,"0","-","0","0","0"
1,"Ixi8k6",1,445,2023,42,"Comoros","COI","COM",76,"Greece","GRE","GRC",8,18,"0","-","0","0","0"
1,"Ixi8k6",1,446,2024,42,"Comoros","COI","COM",76,"Greece","GRE","GRC","0",5,"0","-","0","0","0"
1,"Ixi8k6",1,447,2018,44,"Colombia","COL","COL",76,"Greece","GRE","GRC","0",5,"0","-","0","0","0"
1,"Ixi8k6",1,448,2019,44,"Colombia","COL","COL",76,"Greece","GRE","GRC","0",5,"0","-","0","0","0"
1,"Ixi8k6",1,449,2020,44,"Colombia","COL","COL",76,"Greece","GRE","GRC","0",5,"0","-","0","0","0"
1,"Ixi8k6",1,450,2021,44,"Colombia","COL","COL",76,"Greece","GRE","GRC","0",5,"0","-","0","0","0"
1,"Ixi8k6",1,451,2023,44,"Colombia","COL","COL",76,"Greece","GRE","GRC","0",8,"0","-","0","0","0"
1,"Ixi8k6",1,452,2024,44,"Colombia","COL","COL",76,"Greece","GRE","GRC","0",8,"0","-","0","0","0"
1,"Ixi8k6",1,453,2025,44,"Colombia","COL","COL",76,"Greece","GRE","GRC","0",11,"0","-","0","0","0"
1,"Ixi8k6",1,454,2010,46,"Cuba","CUB","CUB",76,"Greece","GRE","GRC","0",5,"0","-","0","0","0"
1,"Ixi8k6",1,455,2013,46,"Cuba","CUB","CUB",76,"Greece","GRE","GRC","0",6,"0","-","0","0","0"
1,"Ixi8k6",1,456,2015,46,"Cuba","CUB","CUB",76,"Greece","GRE","GRC","0",5,"0","-","0","0","0"
1,"Ixi8k6",1,457,2016,46,"Cuba","CUB","CUB",76,"Greece","GRE","GRC","0",5,"0","-","0","0","0"
1,"Ixi8k6",1,458,2017,46,"Cuba","CUB","CUB",76,"Greece","GRE","GRC","0",7,"0","-","0","0","0"
1,"Ixi8k6",1,459,2018,46,"Cuba","CUB","CUB",76,"Greece","GRE","GRC","0",8,"0","-","0","0","0"
1,"Ixi8k6",1,460,2019,46,"Cuba","CUB","CUB",76,"Greece","GRE","GRC","0",24,"0","-","0","0","0"
1,"Ixi8k6",1,461,2020,46,"Cuba","CUB","CUB",76,"Greece","GRE","GRC","0",42,"0","-","0","0","0"
1,"Ixi8k6",1,462,2021,46,"Cuba","CUB","CUB",76,"Greece","GRE","GRC",7,79,"0","-","0","0","0"
1,"Ixi8k6",1,463,2022,46,"Cuba","CUB","CUB",76,"Greece","GRE","GRC",25,61,"0","-","0","0","0"
1,"Ixi8k6",1,464,2023,46,"Cuba","CUB","CUB",76,"Greece","GRE","GRC",33,87,"0","-","0","0","0"
1,"Ixi8k6",1,465,2024,46,"Cuba","CUB","CUB",76,"Greece","GRE","GRC",45,34,"0","-","0","0","0"
1,"Ixi8k6",1,466,2025,46,"Cuba","CUB","CUB",76,"Greece","GRE","GRC",45,49,"0","-","0","0","0"
1,"Ixi8k6",1,467,1982,49,"Czechia","CZE","CZE",76,"Greece","GRE","GRC",60,"0","0","-","0","0","0"
1,"Ixi8k6",1,468,1984,49,"Czechia","CZE","CZE",76,"Greece","GRE","GRC",50,"0","0","-","0","0","0"
1,"Ixi8k6",1,469,1985,49,"Czechia","CZE","CZE",76,"Greece","GRE","GRC",90,"0","0","-","0","0","0"
1,"Ixi8k6",1,470,1989,49,"Czechia","CZE","CZE",76,"Greece","GRE","GRC",90,"0","0","-","0","0","0"
1,"Ixi8k6",1,471,1993,49,"Czechia","CZE","CZE",76,"Greece","GRE","GRC",52,"0","0","-","0","0","0"
1,"Ixi8k6",1,472,1994,49,"Czechia","CZE","CZE",76,"Greece","GRE","GRC",52,"0","0","-","0","0","0"
1,"Ixi8k6",1,473,2001,49,"Czechia","CZE","CZE",76,"Greece","GRE","GRC",232,"0","0","-","0","0","0"
1,"Ixi8k6",1,474,2018,51,"Djibouti","DJB","DJI",76,"Greece","GRE","GRC","0",5,"0","-","0","0","0"
1,"Ixi8k6",1,475,2019,51,"Djibouti","DJB","DJI",76,"Greece","GRE","GRC",5,12,"0","-","0","0","0"
1,"Ixi8k6",1,476,2020,51,"Djibouti","DJB","DJI",76,"Greece","GRE","GRC",8,5,"0","-","0","0","0"
1,"Ixi8k6",1,477,2021,51,"Djibouti","DJB","DJI",76,"Greece","GRE","GRC",12,8,"0","-","0","0","0"
1,"Ixi8k6",1,478,2022,51,"Djibouti","DJB","DJI",76,"Greece","GRE","GRC",28,14,"0","-","0","0","0"
1,"Ixi8k6",1,479,2023,51,"Djibouti","DJB","DJI",76,"Greece","GRE","GRC",50,31,"0","-","0","0","0"
1,"Ixi8k6",1,480,2024,51,"Djibouti","DJB","DJI",76,"Greece","GRE","GRC",44,10,"0","-","0","0","0"
1,"Ixi8k6",1,481,2025,51,"Djibouti","DJB","DJI",76,"Greece","GRE","GRC",44,10,"0","-","0","0","0"
1,"Ixi8k6",1,482,2013,52,"Dominica","DMA","DMA",76,"Greece","GRE","GRC","0",10,"0","-","0","0","0"
1,"Ixi8k6",1,483,2008,53,"Dominican Rep.","DOM","DOM",76,"Greece","GRE","GRC","0",5,"0","-","0","0","0"
1,"Ixi8k6",1,484,2010,53,"Dominican Rep.","DOM","DOM",76,"Greece","GRE","GRC","0",28,"0","-","0","0","0"
1,"Ixi8k6",1,485,2013,53,"Dominican Rep.","DOM","DOM",76,"Greece","GRE","GRC","0",104,"0","-","0","0","0"
1,"Ixi8k6",1,486,2014,53,"Dominican Rep.","DOM","DOM",76,"Greece","GRE","GRC",5,11,"0","-","0","0","0"
1,"Ixi8k6",1,487,2015,53,"Dominican Rep.","DOM","DOM",76,"Greece","GRE","GRC",5,15,"0","-","0","0","0"
1,"Ixi8k6",1,488,2016,53,"Dominican Rep.","DOM","DOM",76,"Greece","GRE","GRC",5,37,"0","-","0","0","0"
1,"Ixi8k6",1,489,2017,53,"Dominican Rep.","DOM","DOM",76,"Greece","GRE","GRC",7,30,"0","-","0","0","0"
1,"Ixi8k6",1,490,2018,53,"Dominican Rep.","DOM","DOM",76,"Greece","GRE","GRC",8,23,"0","-","0","0","0"
1,"Ixi8k6",1,491,2019,53,"Dominican Rep.","DOM","DOM",76,"Greece","GRE","GRC",9,16,"0","-","0","0","0"
1,"Ixi8k6",1,492,2020,53,"Dominican Rep.","DOM","DOM",76,"Greece","GRE","GRC",9,12,"0","-","0","0","0"
1,"Ixi8k6",1,493,2021,53,"Dominican Rep.","DOM","DOM",76,"Greece","GRE","GRC",10,5,"0","-","0","0","0"
1,"Ixi8k6",1,494,2022,53,"Dominican Rep.","DOM","DOM",76,"Greece","GRE","GRC",10,"0","0","-","0","0","0"
1,"Ixi8k6",1,495,2023,53,"Dominican Rep.","DOM","DOM",76,"Greece","GRE","GRC",10,5,"0","-","0","0","0"
1,"Ixi8k6",1,496,2021,54,"Ecuador","ECU","ECU",76,"Greece","GRE","GRC","0",5,"0","-","0","0","0"
1,"Ixi8k6",1,497,2017,55,"Equatorial Guinea","EGU","GNQ",76,"Greece","GRE","GRC","0",8,"0","-","0","0","0"
1,"Ixi8k6",1,498,2018,55,"Equatorial Guinea","EGU","GNQ",76,"Greece","GRE","GRC",5,"0","0","-","0","0","0"
1,"Ixi8k6",1,499,2019,55,"Equatorial Guinea","EGU","GNQ",76,"Greece","GRE","GRC",5,"0","0","-","0","0","0"
1,"Ixi8k6",1,500,2020,55,"Equatorial Guinea","EGU","GNQ",76,"Greece","GRE","GRC",5,"0","0","-","0","0","0"
1,"Ixi8k6",1,501,2021,55,"Equatorial Guinea","EGU","GNQ",76,"Greece","GRE","GRC",5,"0","0","-","0","0","0"
1,"Ixi8k6",1,502,2022,55,"Equatorial Guinea","EGU","GNQ",76,"Greece","GRE","GRC",5,"0","0","-","0","0","0"
1,"Ixi8k6",1,503,2023,55,"Equatorial Guinea","EGU","GNQ",76,"Greece","GRE","GRC",5,"0","0","-","0","0","0"
1,"Ixi8k6",1,504,2000,56,"Eritrea","ERT","ERI",76,"Greece","GRE","GRC","0",6,"0","-","0","0","0"
1,"Ixi8k6",1,505,2001,56,"Eritrea","ERT","ERI",76,"Greece","GRE","GRC","0",30,"0","-","0","0","0"
1,"Ixi8k6",1,506,2003,56,"Eritrea","ERT","ERI",76,"Greece","GRE","GRC","0",26,"0","-","0","0","0"
1,"Ixi8k6",1,507,2004,56,"Eritrea","ERT","ERI",76,"Greece","GRE","GRC","0",19,"0","-","0","0","0"
1,"Ixi8k6",1,508,2005,56,"Eritrea","ERT","ERI",76,"Greece","GRE","GRC",5,5,"0","-","0","0","0"
1,"Ixi8k6",1,509,2006,56,"Eritrea","ERT","ERI",76,"Greece","GRE","GRC",5,"0","0","-","0","0","0"
1,"Ixi8k6",1,510,2007,56,"Eritrea","ERT","ERI",76,"Greece","GRE","GRC",5,13,"0","-","0","0","0"
1,"Ixi8k6",1,511,2008,56,"Eritrea","ERT","ERI",76,"Greece","GRE","GRC",5,28,"0","-","0","0","0"
1,"Ixi8k6",1,512,2009,56,"Eritrea","ERT","ERI",76,"Greece","GRE","GRC",5,"0","0","-","0","0","0"
1,"Ixi8k6",1,513,2010,56,"Eritrea","ERT","ERI",76,"Greece","GRE","GRC",5,68,"0","-","0","0","0"
1,"Ixi8k6",1,514,2011,56,"Eritrea","ERT","ERI",76,"Greece","GRE","GRC",5,"0","0","-","0","0","0"
1,"Ixi8k6",1,515,2012,56,"Eritrea","ERT","ERI",76,"Greece","GRE","GRC",7,"0","0","-","0","0","0"
1,"Ixi8k6",1,516,2013,56,"Eritrea","ERT","ERI",76,"Greece","GRE","GRC",50,253,"0","-","0","0","0"
1,"Ixi8k6",1,517,2014,56,"Eritrea","ERT","ERI",76,"Greece","GRE","GRC",201,99,"0","-","0","0","0"
1,"Ixi8k6",1,518,2015,56,"Eritrea","ERT","ERI",76,"Greece","GRE","GRC",304,91,"0","-","0","0","0"
1,"Ixi8k6",1,519,2016,56,"Eritrea","ERT","ERI",76,"Greece","GRE","GRC",403,286,"0","-","0","0","0"
1,"Ixi8k6",1,520,2017,56,"Eritrea","ERT","ERI",76,"Greece","GRE","GRC",864,191,"0","-","0","0","0"
1,"Ixi8k6",1,521,2018,56,"Eritrea","ERT","ERI",76,"Greece","GRE","GRC",935,302,"0","-","0","0","0"
1,"Ixi8k6",1,522,2019,56,"Eritrea","ERT","ERI",76,"Greece","GRE","GRC",1065,268,"0","-","0","0","0"
1,"Ixi8k6",1,523,2020,56,"Eritrea","ERT","ERI",76,"Greece","GRE","GRC",1239,227,"0","-","0","0","0"
1,"Ixi8k6",1,524,2021,56,"Eritrea","ERT","ERI",76,"Greece","GRE","GRC",1354,182,"0","-","0","0","0"
1,"Ixi8k6",1,525,2022,56,"Eritrea","ERT","ERI",76,"Greece","GRE","GRC",1792,332,"0","-","0","0","0"
1,"Ixi8k6",1,526,2023,56,"Eritrea","ERT","ERI",76,"Greece","GRE","GRC",2579,1107,"0","-","0","0","0"
1,"Ixi8k6",1,527,2024,56,"Eritrea","ERT","ERI",76,"Greece","GRE","GRC",2939,388,"0","-","0","0","0"
1,"Ixi8k6",1,528,2025,56,"Eritrea","ERT","ERI",76,"Greece","GRE","GRC",3903,316,"0","-","0","0","0"
1,"Ixi8k6",1,529,1983,58,"Ethiopia","ETH","ETH",76,"Greece","GRE","GRC",70,"0","0","-","0","0","0"
1,"Ixi8k6",1,530,1984,58,"Ethiopia","ETH","ETH",76,"Greece","GRE","GRC",220,"0","0","-","0","0","0"
1,"Ixi8k6",1,531,1985,58,"Ethiopia","ETH","ETH",76,"Greece","GRE","GRC",450,"0","0","-","0","0","0"
1,"Ixi8k6",1,532,1986,58,"Ethiopia","ETH","ETH",76,"Greece","GRE","GRC",590,"0","0","-","0","0","0"
1,"Ixi8k6",1,533,1987,58,"Ethiopia","ETH","ETH",76,"Greece","GRE","GRC",530,"0","0","-","0","0","0"
1,"Ixi8k6",1,534,1988,58,"Ethiopia","ETH","ETH",76,"Greece","GRE","GRC",950,"0","0","-","0","0","0"
1,"Ixi8k6",1,535,1989,58,"Ethiopia","ETH","ETH",76,"Greece","GRE","GRC",850,"0","0","-","0","0","0"
1,"Ixi8k6",1,536,1993,58,"Ethiopia","ETH","ETH",76,"Greece","GRE","GRC",50,"0","0","-","0","0","0"
1,"Ixi8k6",1,537,1994,58,"Ethiopia","ETH","ETH",76,"Greece","GRE","GRC",50,"0","0","-","0","0","0"
1,"Ixi8k6",1,538,1998,58,"Ethiopia","ETH","ETH",76,"Greece","GRE","GRC",193,"0","0","-","0","0","0"
1,"Ixi8k6",1,539,1999,58,"Ethiopia","ETH","ETH",76,"Greece","GRE","GRC",228,"0","0","-","0","0","0"
1,"Ixi8k6",1,540,2000,58,"Ethiopia","ETH","ETH",76,"Greece","GRE","GRC",231,10,"0","-","0","0","0"
1,"Ixi8k6",1,541,2001,58,"Ethiopia","ETH","ETH",76,"Greece","GRE","GRC",200,37,"0","-","0","0","0"
1,"Ixi8k6",1,542,2002,58,"Ethiopia","ETH","ETH",76,"Greece","GRE","GRC",24,6,"0","-","0","0","0"
1,"Ixi8k6",1,543,2003,58,"Ethiopia","ETH","ETH",76,"Greece","GRE","GRC",24,71,"0","-","0","0","0"
1,"Ixi8k6",1,544,2004,58,"Ethiopia","ETH","ETH",76,"Greece","GRE","GRC",21,65,"0","-","0","0","0"
1,"Ixi8k6",1,545,2005,58,"Ethiopia","ETH","ETH",76,"Greece","GRE","GRC",25,43,"0","-","0","0","0"
1,"Ixi8k6",1,546,2006,58,"Ethiopia","ETH","ETH",76,"Greece","GRE","GRC",26,5,"0","-","0","0","0"
1,"Ixi8k6",1,547,2007,58,"Ethiopia","ETH","ETH",76,"Greece","GRE","GRC",23,"0","0","-","0","0","0"
1,"Ixi8k6",1,548,2008,58,"Ethiopia","ETH","ETH",76,"Greece","GRE","GRC",22,7,"0","-","0","0","0"
1,"Ixi8k6",1,549,2009,58,"Ethiopia","ETH","ETH",76,"Greece","GRE","GRC",15,"0","0","-","0","0","0"
1,"Ixi8k6",1,550,2010,58,"Ethiopia","ETH","ETH",76,"Greece","GRE","GRC",13,447,"0","-","0","0","0"
1,"Ixi8k6",1,551,2011,58,"Ethiopia","ETH","ETH",76,"Greece","GRE","GRC",12,"0","0","-","0","0","0"
1,"Ixi8k6",1,552,2012,58,"Ethiopia","ETH","ETH",76,"Greece","GRE","GRC",13,"0","0","-","0","0","0"
1,"Ixi8k6",1,553,2013,58,"Ethiopia","ETH","ETH",76,"Greece","GRE","GRC",72,464,"0","-","0","0","0"
1,"Ixi8k6",1,554,2014,58,"Ethiopia","ETH","ETH",76,"Greece","GRE","GRC",151,29,"0","-","0","0","0"
1,"Ixi8k6",1,555,2015,58,"Ethiopia","ETH","ETH",76,"Greece","GRE","GRC",179,31,"0","-","0","0","0"
1,"Ixi8k6",1,556,2016,58,"Ethiopia","ETH","ETH",76,"Greece","GRE","GRC",208,96,"0","-","0","0","0"
1,"Ixi8k6",1,557,2017,58,"Ethiopia","ETH","ETH",76,"Greece","GRE","GRC",296,202,"0","-","0","0","0"
1,"Ixi8k6",1,558,2018,58,"Ethiopia","ETH","ETH",76,"Greece","GRE","GRC",363,225,"0","-","0","0","0"
1,"Ixi8k6",1,559,2019,58,"Ethiopia","ETH","ETH",76,"Greece","GRE","GRC",416,97,"0","-","0","0","0"
1,"Ixi8k6",1,560,2020,58,"Ethiopia","ETH","ETH",76,"Greece","GRE","GRC",481,59,"0","-","0","0","0"
1,"Ixi8k6",1,561,2021,58,"Ethiopia","ETH","ETH",76,"Greece","GRE","GRC",501,42,"0","-","0","0","0"
1,"Ixi8k6",1,562,2022,58,"Ethiopia","ETH","ETH",76,"Greece","GRE","GRC",640,99,"0","-","0","0","0"
1,"Ixi8k6",1,563,2023,58,"Ethiopia","ETH","ETH",76,"Greece","GRE","GRC",659,155,"0","-","0","0","0"
1,"Ixi8k6",1,564,2024,58,"Ethiopia","ETH","ETH",76,"Greece","GRE","GRC",418,91,"0","-","0","0","0"
1,"Ixi8k6",1,565,2025,58,"Ethiopia","ETH","ETH",76,"Greece","GRE","GRC",418,114,"0","-","0","0","0"
1,"Ixi8k6",1,566,2017,67,"Gabon","GAB","GAB",76,"Greece","GRE","GRC","0",5,"0","-","0","0","0"
1,"Ixi8k6",1,567,2018,67,"Gabon","GAB","GAB",76,"Greece","GRE","GRC","0",10,"0","-","0","0","0"
1,"Ixi8k6",1,568,2019,67,"Gabon","GAB","GAB",76,"Greece","GRE","GRC","0",10,"0","-","0","0","0"
1,"Ixi8k6",1,569,2020,67,"Gabon","GAB","GAB",76,"Greece","GRE","GRC",5,15,"0","-","0","0","0"
1,"Ixi8k6",1,570,2021,67,"Gabon","GAB","GAB",76,"Greece","GRE","GRC",5,9,"0","-","0","0","0"
1,"Ixi8k6",1,571,2022,67,"Gabon","GAB","GAB",76,"Greece","GRE","GRC",5,10,"0","-","0","0","0"
1,"Ixi8k6",1,572,2023,67,"Gabon","GAB","GAB",76,"Greece","GRE","GRC",5,10,"0","-","0","0","0"
1,"Ixi8k6",1,573,2024,67,"Gabon","GAB","GAB",76,"Greece","GRE","GRC",5,7,"0","-","0","0","0"
1,"Ixi8k6",1,574,2025,67,"Gabon","GAB","GAB",76,"Greece","GRE","GRC",5,10,"0","-","0","0","0"
1,"Ixi8k6",1,575,2007,68,"Gambia","GAM","GMB",76,"Greece","GRE","GRC","0",37,"0","-","0","0","0"
1,"Ixi8k6",1,576,2008,68,"Gambia","GAM","GMB",76,"Greece","GRE","GRC","0",34,"0","-","0","0","0"
1,"Ixi8k6",1,577,2010,68,"Gambia","GAM","GMB",76,"Greece","GRE","GRC","0",62,"0","-","0","0","0"
1,"Ixi8k6",1,578,2013,68,"Gambia","GAM","GMB",76,"Greece","GRE","GRC","0",101,"0","-","0","0","0"
1,"Ixi8k6",1,579,2014,68,"Gambia","GAM","GMB",76,"Greece","GRE","GRC",11,16,"0","-","0","0","0"
1,"Ixi8k6",1,580,2015,68,"Gambia","GAM","GMB",76,"Greece","GRE","GRC",12,17,"0","-","0","0","0"
1,"Ixi8k6",1,581,2016,68,"Gambia","GAM","GMB",76,"Greece","GRE","GRC",23,33,"0","-","0","0","0"
1,"Ixi8k6",1,582,2017,68,"Gambia","GAM","GMB",76,"Greece","GRE","GRC",25,22,"0","-","0","0","0"
1,"Ixi8k6",1,583,2018,68,"Gambia","GAM","GMB",76,"Greece","GRE","GRC",28,58,"0","-","0","0","0"
1,"Ixi8k6",1,584,2019,68,"Gambia","GAM","GMB",76,"Greece","GRE","GRC",33,143,"0","-","0","0","0"
1,"Ixi8k6",1,585,2020,68,"Gambia","GAM","GMB",76,"Greece","GRE","GRC",60,117,"0","-","0","0","0"
1,"Ixi8k6",1,586,2021,68,"Gambia","GAM","GMB",76,"Greece","GRE","GRC",99,77,"0","-","0","0","0"
1,"Ixi8k6",1,587,2022,68,"Gambia","GAM","GMB",76,"Greece","GRE","GRC",136,80,"0","-","0","0","0"
1,"Ixi8k6",1,588,2023,68,"Gambia","GAM","GMB",76,"Greece","GRE","GRC",158,72,"0","-","0","0","0"
1,"Ixi8k6",1,589,2024,68,"Gambia","GAM","GMB",76,"Greece","GRE","GRC",106,22,"0","-","0","0","0"
1,"Ixi8k6",1,590,2025,68,"Gambia","GAM","GMB",76,"Greece","GRE","GRC",106,28,"0","-","0","0","0"
1,"Ixi8k6",1,591,1989,69,"Palestinian","GAZ","PSE",76,"Greece","GRE","GRC",50,"0","0","-","0","0","0"
1,"Ixi8k6",1,592,1993,69,"Palestinian","GAZ","PSE",76,"Greece","GRE","GRC",76,"0","0","-","0","0","0"
1,"Ixi8k6",1,593,1994,69,"Palestinian","GAZ","PSE",76,"Greece","GRE","GRC",70,"0","0","-","0","0","0"
1,"Ixi8k6",1,594,2000,69,"Palestinian","GAZ","PSE",76,"Greece","GRE","GRC",29,36,"0","-","0","0","0"
1,"Ixi8k6",1,595,2001,69,"Palestinian","GAZ","PSE",76,"Greece","GRE","GRC",29,60,"0","-","0","0","0"
1,"Ixi8k6",1,596,2002,69,"Palestinian","GAZ","PSE",76,"Greece","GRE","GRC",30,25,"0","-","0","0","0"
1,"Ixi8k6",1,597,2003,69,"Palestinian","GAZ","PSE",76,"Greece","GRE","GRC",30,113,"0","-","0","0","0"
1,"Ixi8k6",1,598,2004,69,"Palestinian","GAZ","PSE",76,"Greece","GRE","GRC",30,"0","0","-","0","0","0"
1,"Ixi8k6",1,599,2005,69,"Palestinian","GAZ","PSE",76,"Greece","GRE","GRC",19,"0","0","-","0","0","0"
1,"Ixi8k6",1,600,2006,69,"Palestinian","GAZ","PSE",76,"Greece","GRE","GRC",18,"0","0","-","0","0","0"
1,"Ixi8k6",1,601,2007,69,"Palestinian","GAZ","PSE",76,"Greece","GRE","GRC",15,"0","0","-","0","0","0"
1,"Ixi8k6",1,602,2008,69,"Palestinian","GAZ","PSE",76,"Greece","GRE","GRC",9,"0","0","-","0","0","0"
1,"Ixi8k6",1,603,2009,69,"Palestinian","GAZ","PSE",76,"Greece","GRE","GRC",9,"0","0","-","0","0","0"
1,"Ixi8k6",1,604,2010,69,"Palestinian","GAZ","PSE",76,"Greece","GRE","GRC",5,"0","0","-","0","0","0"
1,"Ixi8k6",1,605,2011,69,"Palestinian","GAZ","PSE",76,"Greece","GRE","GRC",10,"0","0","-","0","0","0"
1,"Ixi8k6",1,606,2012,69,"Palestinian","GAZ","PSE",76,"Greece","GRE","GRC",6,"0","0","-","0","0","0"
1,"Ixi8k6",1,607,2013,69,"Palestinian","GAZ","PSE",76,"Greece","GRE","GRC",19,251,"0","-","0","0","0"
1,"Ixi8k6",1,608,2014,69,"Palestinian","GAZ","PSE",76,"Greece","GRE","GRC",42,35,"0","-","0","0","0"
1,"Ixi8k6",1,609,2015,69,"Palestinian","GAZ","PSE",76,"Greece","GRE","GRC",103,7,"0","-","0","0","0"
1,"Ixi8k6",1,610,2016,69,"Palestinian","GAZ","PSE",76,"Greece","GRE","GRC",155,524,"0","-","0","0","0"
1,"Ixi8k6",1,611,2017,69,"Palestinian","GAZ","PSE",76,"Greece","GRE","GRC",606,622,"0","-","0","0","0"
1,"Ixi8k6",1,612,2018,69,"Palestinian","GAZ","PSE",76,"Greece","GRE","GRC",1290,1242,"0","-","0","0","0"
1,"Ixi8k6",1,613,2019,69,"Palestinian","GAZ","PSE",76,"Greece","GRE","GRC",2756,1530,"0","-","0","0","0"
1,"Ixi8k6",1,614,2020,69,"Palestinian","GAZ","PSE",76,"Greece","GRE","GRC",4723,524,"0","-","0","0","0"
1,"Ixi8k6",1,615,2021,69,"Palestinian","GAZ","PSE",76,"Greece","GRE","GRC",5508,385,"0","-","0","0","0"
1,"Ixi8k6",1,616,2022,69,"Palestinian","GAZ","PSE",76,"Greece","GRE","GRC",7514,1114,"0","-","0","0","0"
1,"Ixi8k6",1,617,2023,69,"Palestinian","GAZ","PSE",76,"Greece","GRE","GRC",13988,1277,"0","-","0","0","0"
1,"Ixi8k6",1,618,2024,69,"Palestinian","GAZ","PSE",76,"Greece","GRE","GRC",11725,396,"0","-","0","0","0"
1,"Ixi8k6",1,619,2025,69,"Palestinian","GAZ","PSE",76,"Greece","GRE","GRC",11697,382,"0","-","0","0","0"
1,"Ixi8k6",1,620,2003,71,"Georgia","GEO","GEO",76,"Greece","GRE","GRC","0",37,"0","-","0","0","0"
1,"Ixi8k6",1,621,2004,71,"Georgia","GEO","GEO",76,"Greece","GRE","GRC","0",114,"0","-","0","0","0"
1,"Ixi8k6",1,622,2005,71,"Georgia","GEO","GEO",76,"Greece","GRE","GRC","0",86,"0","-","0","0","0"
1,"Ixi8k6",1,623,2007,71,"Georgia","GEO","GEO",76,"Greece","GRE","GRC","0",470,"0","-","0","0","0"
1,"Ixi8k6",1,624,2008,71,"Georgia","GEO","GEO",76,"Greece","GRE","GRC","0",758,"0","-","0","0","0"
1,"Ixi8k6",1,625,2010,71,"Georgia","GEO","GEO",76,"Greece","GRE","GRC","0",3594,"0","-","0","0","0"
1,"Ixi8k6",1,626,2011,71,"Georgia","GEO","GEO",76,"Greece","GRE","GRC",13,"0","0","-","0","0","0"
1,"Ixi8k6",1,627,2012,71,"Georgia","GEO","GEO",76,"Greece","GRE","GRC",31,"0","0","-","0","0","0"
1,"Ixi8k6",1,628,2013,71,"Georgia","GEO","GEO",76,"Greece","GRE","GRC",84,4764,"0","-","0","0","0"
1,"Ixi8k6",1,629,2014,71,"Georgia","GEO","GEO",76,"Greece","GRE","GRC",264,142,"0","-","0","0","0"
1,"Ixi8k6",1,630,2015,71,"Georgia","GEO","GEO",76,"Greece","GRE","GRC",266,199,"0","-","0","0","0"
1,"Ixi8k6",1,631,2016,71,"Georgia","GEO","GEO",76,"Greece","GRE","GRC",266,626,"0","-","0","0","0"
1,"Ixi8k6",1,632,2017,71,"Georgia","GEO","GEO",76,"Greece","GRE","GRC",266,985,"0","-","0","0","0"
1,"Ixi8k6",1,633,2018,71,"Georgia","GEO","GEO",76,"Greece","GRE","GRC",267,1700,"0","-","0","0","0"
1,"Ixi8k6",1,634,2019,71,"Georgia","GEO","GEO",76,"Greece","GRE","GRC",267,1435,"0","-","0","0","0"
1,"Ixi8k6",1,635,2020,71,"Georgia","GEO","GEO",76,"Greece","GRE","GRC",271,1387,"0","-","0","0","0"
1,"Ixi8k6",1,636,2021,71,"Georgia","GEO","GEO",76,"Greece","GRE","GRC",262,705,"0","-","0","0","0"
1,"Ixi8k6",1,637,2022,71,"Georgia","GEO","GEO",76,"Greece","GRE","GRC",258,412,"0","-","0","0","0"
1,"Ixi8k6",1,638,2023,71,"Georgia","GEO","GEO",76,"Greece","GRE","GRC",240,759,"0","-","0","0","0"
1,"Ixi8k6",1,639,2024,71,"Georgia","GEO","GEO",76,"Greece","GRE","GRC",31,313,"0","-","0","0","0"
1,"Ixi8k6",1,640,2025,71,"Georgia","GEO","GEO",76,"Greece","GRE","GRC",62,520,"0","-","0","0","0"
1,"Ixi8k6",1,641,1993,73,"Ghana","GHA","GHA",76,"Greece","GRE","GRC",15,"0","0","-","0","0","0"
1,"Ixi8k6",1,642,1994,73,"Ghana","GHA","GHA",76,"Greece","GRE","GRC",15,"0","0","-","0","0","0"
1,"Ixi8k6",1,643,2001,73,"Ghana","GHA","GHA",76,"Greece","GRE","GRC",5,8,"0","-","0","0","0"
1,"Ixi8k6",1,644,2002,73,"Ghana","GHA","GHA",76,"Greece","GRE","GRC",6,5,"0","-","0","0","0"
1,"Ixi8k6",1,645,2003,73,"Ghana","GHA","GHA",76,"Greece","GRE","GRC",6,20,"0","-","0","0","0"
1,"Ixi8k6",1,646,2004,73,"Ghana","GHA","GHA",76,"Greece","GRE","GRC",6,29,"0","-","0","0","0"
1,"Ixi8k6",1,647,2005,73,"Ghana","GHA","GHA",76,"Greece","GRE","GRC",5,24,"0","-","0","0","0"
1,"Ixi8k6",1,648,2006,73,"Ghana","GHA","GHA",76,"Greece","GRE","GRC",5,15,"0","-","0","0","0"
1,"Ixi8k6",1,649,2007,73,"Ghana","GHA","GHA",76,"Greece","GRE","GRC",5,18,"0","-","0","0","0"
1,"Ixi8k6",1,650,2008,73,"Ghana","GHA","GHA",76,"Greece","GRE","GRC",5,39,"0","-","0","0","0"
1,"Ixi8k6",1,651,2009,73,"Ghana","GHA","GHA",76,"Greece","GRE","GRC",5,"0","0","-","0","0","0"
1,"Ixi8k6",1,652,2010,73,"Ghana","GHA","GHA",76,"Greece","GRE","GRC","0",331,"0","-","0","0","0"
1,"Ixi8k6",1,653,2012,73,"Ghana","GHA","GHA",76,"Greece","GRE","GRC",7,"0","0","-","0","0","0"
1,"Ixi8k6",1,654,2013,73,"Ghana","GHA","GHA",76,"Greece","GRE","GRC",20,603,"0","-","0","0","0"
1,"Ixi8k6",1,655,2014,73,"Ghana","GHA","GHA",76,"Greece","GRE","GRC",42,32,"0","-","0","0","0"
1,"Ixi8k6",1,656,2015,73,"Ghana","GHA","GHA",76,"Greece","GRE","GRC",44,26,"0","-","0","0","0"
1,"Ixi8k6",1,657,2016,73,"Ghana","GHA","GHA",76,"Greece","GRE","GRC",44,81,"0","-","0","0","0"
1,"Ixi8k6",1,658,2017,73,"Ghana","GHA","GHA",76,"Greece","GRE","GRC",49,74,"0","-","0","0","0"
1,"Ixi8k6",1,659,2018,73,"Ghana","GHA","GHA",76,"Greece","GRE","GRC",52,200,"0","-","0","0","0"
1,"Ixi8k6",1,660,2019,73,"Ghana","GHA","GHA",76,"Greece","GRE","GRC",57,374,"0","-","0","0","0"
1,"Ixi8k6",1,661,2020,73,"Ghana","GHA","GHA",76,"Greece","GRE","GRC",76,368,"0","-","0","0","0"
1,"Ixi8k6",1,662,2021,73,"Ghana","GHA","GHA",76,"Greece","GRE","GRC",89,277,"0","-","0","0","0"
1,"Ixi8k6",1,663,2022,73,"Ghana","GHA","GHA",76,"Greece","GRE","GRC",102,142,"0","-","0","0","0"
1,"Ixi8k6",1,664,2023,73,"Ghana","GHA","GHA",76,"Greece","GRE","GRC",119,129,"0","-","0","0","0"
1,"Ixi8k6",1,665,2024,73,"Ghana","GHA","GHA",76,"Greece","GRE","GRC",84,71,"0","-","0","0","0"
1,"Ixi8k6",1,666,2025,73,"Ghana","GHA","GHA",76,"Greece","GRE","GRC",84,65,"0","-","0","0","0"
1,"Ixi8k6",1,667,2022,75,"Guinea-Bissau","GNB","GNB",76,"Greece","GRE","GRC","0",5,"0","-","0","0","0"
1,"Ixi8k6",1,668,1966,76,"Greece","GRE","GRC",76,"Greece","GRE","GRC",7090,"0","0","-","0","0","0"
1,"Ixi8k6",1,669,1967,76,"Greece","GRE","GRC",76,"Greece","GRE","GRC",4740,"0","0","-","0","0","0"
1,"Ixi8k6",1,670,1968,76,"Greece","GRE","GRC",76,"Greece","GRE","GRC",2940,"0","0","-","0","0","0"
1,"Ixi8k6",1,671,1969,76,"Greece","GRE","GRC",76,"Greece","GRE","GRC",2660,"0","0","-","0","0","0"
1,"Ixi8k6",1,672,1970,76,"Greece","GRE","GRC",76,"Greece","GRE","GRC",2360,"0","0","-","0","0","0"
1,"Ixi8k6",1,673,1971,76,"Greece","GRE","GRC",76,"Greece","GRE","GRC",1480,"0","0","-","0","0","0"
1,"Ixi8k6",1,674,1972,76,"Greece","GRE","GRC",76,"Greece","GRE","GRC",940,"0","0","-","0","0","0"
1,"Ixi8k6",1,675,1973,76,"Greece","GRE","GRC",76,"Greece","GRE","GRC",720,"0","0","-","0","0","0"
1,"Ixi8k6",1,676,1974,76,"Greece","GRE","GRC",76,"Greece","GRE","GRC",580,"0","0","-","0","0","0"
1,"Ixi8k6",1,677,1975,76,"Greece","GRE","GRC",76,"Greece","GRE","GRC",510,"0","0","-","0","0","0"
1,"Ixi8k6",1,678,1976,76,"Greece","GRE","GRC",76,"Greece","GRE","GRC",450,"0","0","-","0","0","0"
1,"Ixi8k6",1,679,1977,76,"Greece","GRE","GRC",76,"Greece","GRE","GRC",410,"0","0","-","0","0","0"
1,"Ixi8k6",1,680,1978,76,"Greece","GRE","GRC",76,"Greece","GRE","GRC",380,"0","0","-","0","0","0"
1,"Ixi8k6",1,681,1979,76,"Greece","GRE","GRC",76,"Greece","GRE","GRC",360,"0","0","-","0","0","0"
1,"Ixi8k6",1,682,1980,76,"Greece","GRE","GRC",76,"Greece","GRE","GRC",340,"0","0","-","0","0","0"
1,"Ixi8k6",1,683,1981,76,"Greece","GRE","GRC",76,"Greece","GRE","GRC",320,"0","0","-","0","0","0"
1,"Ixi8k6",1,684,1982,76,"Greece","GRE","GRC",76,"Greece","GRE","GRC",300,"0","0","-","0","0","0"
1,"Ixi8k6",1,685,1983,76,"Greece","GRE","GRC",76,"Greece","GRE","GRC",280,"0","0","-","0","0","0"
1,"Ixi8k6",1,686,1984,76,"Greece","GRE","GRC",76,"Greece","GRE","GRC",260,"0","0","-","0","0","0"
1,"Ixi8k6",1,687,2005,79,"Guinea","GUI","GIN",76,"Greece","GRE","GRC","0",5,"0","-","0","0","0"
1,"Ixi8k6",1,688,2006,79,"Guinea","GUI","GIN",76,"Greece","GRE","GRC","0",5,"0","-","0","0","0"
1,"Ixi8k6",1,689,2007,79,"Guinea","GUI","GIN",76,"Greece","GRE","GRC","0",15,"0","-","0","0","0"
1,"Ixi8k6",1,690,2008,79,"Guinea","GUI","GIN",76,"Greece","GRE","GRC","0",9,"0","-","0","0","0"
1,"Ixi8k6",1,691,2010,79,"Guinea","GUI","GIN",76,"Greece","GRE","GRC","0",249,"0","-","0","0","0"
1,"Ixi8k6",1,692,2011,79,"Guinea","GUI","GIN",76,"Greece","GRE","GRC",10,"0","0","-","0","0","0"
1,"Ixi8k6",1,693,2012,79,"Guinea","GUI","GIN",76,"Greece","GRE","GRC",11,"0","0","-","0","0","0"
1,"Ixi8k6",1,694,2013,79,"Guinea","GUI","GIN",76,"Greece","GRE","GRC",15,255,"0","-","0","0","0"
1,"Ixi8k6",1,695,2014,79,"Guinea","GUI","GIN",76,"Greece","GRE","GRC",38,20,"0","-","0","0","0"
1,"Ixi8k6",1,696,2015,79,"Guinea","GUI","GIN",76,"Greece","GRE","GRC",46,10,"0","-","0","0","0"
1,"Ixi8k6",1,697,2016,79,"Guinea","GUI","GIN",76,"Greece","GRE","GRC",48,37,"0","-","0","0","0"
1,"Ixi8k6",1,698,2017,79,"Guinea","GUI","GIN",76,"Greece","GRE","GRC",63,106,"0","-","0","0","0"
1,"Ixi8k6",1,699,2018,79,"Guinea","GUI","GIN",76,"Greece","GRE","GRC",87,216,"0","-","0","0","0"
1,"Ixi8k6",1,700,2019,79,"Guinea","GUI","GIN",76,"Greece","GRE","GRC",101,223,"0","-","0","0","0"
1,"Ixi8k6",1,701,2020,79,"Guinea","GUI","GIN",76,"Greece","GRE","GRC",150,197,"0","-","0","0","0"
1,"Ixi8k6",1,702,2021,79,"Guinea","GUI","GIN",76,"Greece","GRE","GRC",192,109,"0","-","0","0","0"
1,"Ixi8k6",1,703,2022,79,"Guinea","GUI","GIN",76,"Greece","GRE","GRC",250,111,"0","-","0","0","0"
1,"Ixi8k6",1,704,2023,79,"Guinea","GUI","GIN",76,"Greece","GRE","GRC",292,283,"0","-","0","0","0"
1,"Ixi8k6",1,705,2024,79,"Guinea","GUI","GIN",76,"Greece","GRE","GRC",225,225,"0","-","0","0","0"
1,"Ixi8k6",1,706,2025,79,"Guinea","GUI","GIN",76,"Greece","GRE","GRC",225,211,"0","-","0","0","0"
1,"Ixi8k6",1,707,2016,81,"Haiti","HAI","HTI",76,"Greece","GRE","GRC","0",10,"0","-","0","0","0"
1,"Ixi8k6",1,708,2017,81,"Haiti","HAI","HTI",76,"Greece","GRE","GRC",5,19,"0","-","0","0","0"
1,"Ixi8k6",1,709,2018,81,"Haiti","HAI","HTI",76,"Greece","GRE","GRC",8,16,"0","-","0","0","0"
1,"Ixi8k6",1,710,2019,81,"Haiti","HAI","HTI",76,"Greece","GRE","GRC",8,36,"0","-","0","0","0"
1,"Ixi8k6",1,711,2020,81,"Haiti","HAI","HTI",76,"Greece","GRE","GRC",23,37,"0","-","0","0","0"
1,"Ixi8k6",1,712,2021,81,"Haiti","HAI","HTI",76,"Greece","GRE","GRC",38,14,"0","-","0","0","0"
1,"Ixi8k6",1,713,2022,81,"Haiti","HAI","HTI",76,"Greece","GRE","GRC",60,19,"0","-","0","0","0"
1,"Ixi8k6",1,714,2023,81,"Haiti","HAI","HTI",76,"Greece","GRE","GRC",91,42,"0","-","0","0","0"
1,"Ixi8k6",1,715,2024,81,"Haiti","HAI","HTI",76,"Greece","GRE","GRC",56,15,"0","-","0","0","0"
1,"Ixi8k6",1,716,2025,81,"Haiti","HAI","HTI",76,"Greece","GRE","GRC",56,20,"0","-","0","0","0"
1,"Ixi8k6",1,717,2013,83,"Honduras","HON","HND",76,"Greece","GRE","GRC","0",5,"0","-","0","0","0"
1,"Ixi8k6",1,718,1993,85,"Hungary","HUN","HUN",76,"Greece","GRE","GRC",24,"0","0","-","0","0","0"
1,"Ixi8k6",1,719,1994,85,"Hungary","HUN","HUN",76,"Greece","GRE","GRC",24,"0","0","-","0","0","0"
1,"Ixi8k6",1,720,2001,85,"Hungary","HUN","HUN",76,"Greece","GRE","GRC",39,"0","0","-","0","0","0"
1,"Ixi8k6",1,721,2003,87,"Cote d'Ivoire","ICO","CIV",76,"Greece","GRE","GRC","0",9,"0","-","0","0","0"
1,"Ixi8k6",1,722,2004,87,"Cote d'Ivoire","ICO","CIV",76,"Greece","GRE","GRC","0",48,"0","-","0","0","0"
1,"Ixi8k6",1,723,2005,87,"Cote d'Ivoire","ICO","CIV",76,"Greece","GRE","GRC","0",28,"0","-","0","0","0"
1,"Ixi8k6",1,724,2006,87,"Cote d'Ivoire","ICO","CIV",76,"Greece","GRE","GRC",7,9,"0","-","0","0","0"
1,"Ixi8k6",1,725,2007,87,"Cote d'Ivoire","ICO","CIV",76,"Greece","GRE","GRC",7,12,"0","-","0","0","0"
1,"Ixi8k6",1,726,2008,87,"Cote d'Ivoire","ICO","CIV",76,"Greece","GRE","GRC",7,"0","0","-","0","0","0"
1,"Ixi8k6",1,727,2009,87,"Cote d'Ivoire","ICO","CIV",76,"Greece","GRE","GRC",7,"0","0","-","0","0","0"
1,"Ixi8k6",1,728,2010,87,"Cote d'Ivoire","ICO","CIV",76,"Greece","GRE","GRC",7,112,"0","-","0","0","0"
1,"Ixi8k6",1,729,2011,87,"Cote d'Ivoire","ICO","CIV",76,"Greece","GRE","GRC",9,"0","0","-","0","0","0"
1,"Ixi8k6",1,730,2012,87,"Cote d'Ivoire","ICO","CIV",76,"Greece","GRE","GRC",13,"0","0","-","0","0","0"
1,"Ixi8k6",1,731,2013,87,"Cote d'Ivoire","ICO","CIV",76,"Greece","GRE","GRC",27,245,"0","-","0","0","0"
1,"Ixi8k6",1,732,2014,87,"Cote d'Ivoire","ICO","CIV",76,"Greece","GRE","GRC",47,42,"0","-","0","0","0"
1,"Ixi8k6",1,733,2015,87,"Cote d'Ivoire","ICO","CIV",76,"Greece","GRE","GRC",57,23,"0","-","0","0","0"
1,"Ixi8k6",1,734,2016,87,"Cote d'Ivoire","ICO","CIV",76,"Greece","GRE","GRC",60,43,"0","-","0","0","0"
1,"Ixi8k6",1,735,2017,87,"Cote d'Ivoire","ICO","CIV",76,"Greece","GRE","GRC",68,53,"0","-","0","0","0"
1,"Ixi8k6",1,736,2018,87,"Cote d'Ivoire","ICO","CIV",76,"Greece","GRE","GRC",77,57,"0","-","0","0","0"
1,"Ixi8k6",1,737,2019,87,"Cote d'Ivoire","ICO","CIV",76,"Greece","GRE","GRC",79,50,"0","-","0","0","0"
1,"Ixi8k6",1,738,2020,87,"Cote d'Ivoire","ICO","CIV",76,"Greece","GRE","GRC",91,61,"0","-","0","0","0"
1,"Ixi8k6",1,739,2021,87,"Cote d'Ivoire","ICO","CIV",76,"Greece","GRE","GRC",105,38,"0","-","0","0","0"
1,"Ixi8k6",1,740,2022,87,"Cote d'Ivoire","ICO","CIV",76,"Greece","GRE","GRC",116,25,"0","-","0","0","0"
1,"Ixi8k6",1,741,2023,87,"Cote d'Ivoire","ICO","CIV",76,"Greece","GRE","GRC",106,51,"0","-","0","0","0"
1,"Ixi8k6",1,742,2024,87,"Cote d'Ivoire","ICO","CIV",76,"Greece","GRE","GRC",52,21,"0","-","0","0","0"
1,"Ixi8k6",1,743,2025,87,"Cote d'Ivoire","ICO","CIV",76,"Greece","GRE","GRC",52,30,"0","-","0","0","0"
1,"Ixi8k6",1,744,1993,88,"India","IND","IND",76,"Greece","GRE","GRC",5,"0","0","-","0","0","0"
1,"Ixi8k6",1,745,1994,88,"India","IND","IND",76,"Greece","GRE","GRC",5,"0","0","-","0","0","0"
1,"Ixi8k6",1,746,2000,88,"India","IND","IND",76,"Greece","GRE","GRC","0",5,"0","-","0","0","0"
1,"Ixi8k6",1,747,2001,88,"India","IND","IND",76,"Greece","GRE","GRC",6,35,"0","-","0","0","0"
1,"Ixi8k6",1,748,2002,88,"India","IND","IND",76,"Greece","GRE","GRC",6,"0","0","-","0","0","0"
1,"Ixi8k6",1,749,2003,88,"India","IND","IND",76,"Greece","GRE","GRC",6,23,"0","-","0","0","0"
1,"Ixi8k6",1,750,2004,88,"India","IND","IND",76,"Greece","GRE","GRC",6,42,"0","-","0","0","0"
1,"Ixi8k6",1,751,2005,88,"India","IND","IND",76,"Greece","GRE","GRC",6,15,"0","-","0","0","0"
1,"Ixi8k6",1,752,2006,88,"India","IND","IND",76,"Greece","GRE","GRC",6,"0","0","-","0","0","0"
1,"Ixi8k6",1,753,2007,88,"India","IND","IND",76,"Greece","GRE","GRC",6,31,"0","-","0","0","0"
1,"Ixi8k6",1,754,2008,88,"India","IND","IND",76,"Greece","GRE","GRC",6,12,"0","-","0","0","0"
1,"Ixi8k6",1,755,2009,88,"India","IND","IND",76,"Greece","GRE","GRC",6,"0","0","-","0","0","0"
1,"Ixi8k6",1,756,2010,88,"India","IND","IND",76,"Greece","GRE","GRC",5,397,"0","-","0","0","0"
1,"Ixi8k6",1,757,2013,88,"India","IND","IND",76,"Greece","GRE","GRC",5,559,"0","-","0","0","0"
1,"Ixi8k6",1,758,2014,88,"India","IND","IND",76,"Greece","GRE","GRC",21,46,"0","-","0","0","0"
1,"Ixi8k6",1,759,2015,88,"India","IND","IND",76,"Greece","GRE","GRC",25,41,"0","-","0","0","0"
1,"Ixi8k6",1,760,2016,88,"India","IND","IND",76,"Greece","GRE","GRC",27,82,"0","-","0","0","0"
1,"Ixi8k6",1,761,2017,88,"India","IND","IND",76,"Greece","GRE","GRC",27,158,"0","-","0","0","0"
1,"Ixi8k6",1,762,2018,88,"India","IND","IND",76,"Greece","GRE","GRC",29,296,"0","-","0","0","0"
1,"Ixi8k6",1,763,2019,88,"India","IND","IND",76,"Greece","GRE","GRC",29,439,"0","-","0","0","0"
1,"Ixi8k6",1,764,2020,88,"India","IND","IND",76,"Greece","GRE","GRC",36,399,"0","-","0","0","0"
1,"Ixi8k6",1,765,2021,88,"India","IND","IND",76,"Greece","GRE","GRC",40,333,"0","-","0","0","0"
1,"Ixi8k6",1,766,2022,88,"India","IND","IND",76,"Greece","GRE","GRC",56,439,"0","-","0","0","0"
1,"Ixi8k6",1,767,2023,88,"India","IND","IND",76,"Greece","GRE","GRC",62,320,"0","-","0","0","0"
1,"Ixi8k6",1,768,2024,88,"India","IND","IND",76,"Greece","GRE","GRC",36,88,"0","-","0","0","0"
1,"Ixi8k6",1,769,2025,88,"India","IND","IND",76,"Greece","GRE","GRC",42,88,"0","-","0","0","0"
1,"Ixi8k6",1,770,1993,89,"Indonesia","INS","IDN",76,"Greece","GRE","GRC",5,"0","0","-","0","0","0"
1,"Ixi8k6",1,771,1994,89,"Indonesia","INS","IDN",76,"Greece","GRE","GRC",5,"0","0","-","0","0","0"
1,"Ixi8k6",1,772,2001,89,"Indonesia","INS","IDN",76,"Greece","GRE","GRC",6,"0","0","-","0","0","0"
1,"Ixi8k6",1,773,2007,89,"Indonesia","INS","IDN",76,"Greece","GRE","GRC","0",5,"0","-","0","0","0"
1,"Ixi8k6",1,774,2008,89,"Indonesia","INS","IDN",76,"Greece","GRE","GRC","0",12,"0","-","0","0","0"
1,"Ixi8k6",1,775,2010,89,"Indonesia","INS","IDN",76,"Greece","GRE","GRC","0",163,"0","-","0","0","0"
1,"Ixi8k6",1,776,2013,89,"Indonesia","INS","IDN",76,"Greece","GRE","GRC","0",155,"0","-","0","0","0"
1,"Ixi8k6",1,777,2014,89,"Indonesia","INS","IDN",76,"Greece","GRE","GRC",11,5,"0","-","0","0","0"
1,"Ixi8k6",1,778,2015,89,"Indonesia","INS","IDN",76,"Greece","GRE","GRC",12,5,"0","-","0","0","0"
1,"Ixi8k6",1,779,2016,89,"Indonesia","INS","IDN",76,"Greece","GRE","GRC",12,19,"0","-","0","0","0"
1,"Ixi8k6",1,780,2017,89,"Indonesia","INS","IDN",76,"Greece","GRE","GRC",12,34,"0","-","0","0","0"
1,"Ixi8k6",1,781,2018,89,"Indonesia","INS","IDN",76,"Greece","GRE","GRC",15,32,"0","-","0","0","0"
1,"Ixi8k6",1,782,2019,89,"Indonesia","INS","IDN",76,"Greece","GRE","GRC",15,41,"0","-","0","0","0"
1,"Ixi8k6",1,783,2020,89,"Indonesia","INS","IDN",76,"Greece","GRE","GRC",15,50,"0","-","0","0","0"
1,"Ixi8k6",1,784,2021,89,"Indonesia","INS","IDN",76,"Greece","GRE","GRC",14,17,"0","-","0","0","0"
1,"Ixi8k6",1,785,2022,89,"Indonesia","INS","IDN",76,"Greece","GRE","GRC",14,12,"0","-","0","0","0"
1,"Ixi8k6",1,786,2023,89,"Indonesia","INS","IDN",76,"Greece","GRE","GRC",13,26,"0","-","0","0","0"
1,"Ixi8k6",1,787,2024,89,"Indonesia","INS","IDN",76,"Greece","GRE","GRC","0",36,"0","-","0","0","0"
1,"Ixi8k6",1,788,2025,89,"Indonesia","INS","IDN",76,"Greece","GRE","GRC","0",69,"0","-","0","0","0"
1,"Ixi8k6",1,789,1982,91,"Iran (Islamic Rep. of)","IRN","IRN",76,"Greece","GRE","GRC",320,"0","0","-","0","0","0"
1,"Ixi8k6",1,790,1983,91,"Iran (Islamic Rep. of)","IRN","IRN",76,"Greece","GRE","GRC",290,"0","0","-","0","0","0"
1,"Ixi8k6",1,791,1984,91,"Iran (Islamic Rep. of)","IRN","IRN",76,"Greece","GRE","GRC",180,"0","0","-","0","0","0"
1,"Ixi8k6",1,792,1985,91,"Iran (Islamic Rep. of)","IRN","IRN",76,"Greece","GRE","GRC",310,"0","0","-","0","0","0"
1,"Ixi8k6",1,793,1986,91,"Iran (Islamic Rep. of)","IRN","IRN",76,"Greece","GRE","GRC",550,"0","0","-","0","0","0"
1,"Ixi8k6",1,794,1987,91,"Iran (Islamic Rep. of)","IRN","IRN",76,"Greece","GRE","GRC",1050,"0","0","-","0","0","0"
1,"Ixi8k6",1,795,1988,91,"Iran (Islamic Rep. of)","IRN","IRN",76,"Greece","GRE","GRC",2180,"0","0","-","0","0","0"
1,"Ixi8k6",1,796,1989,91,"Iran (Islamic Rep. of)","IRN","IRN",76,"Greece","GRE","GRC",1560,"0","0","-","0","0","0"
1,"Ixi8k6",1,797,1993,91,"Iran (Islamic Rep. of)","IRN","IRN",76,"Greece","GRE","GRC",1462,"0","0","-","0","0","0"
1,"Ixi8k6",1,798,1994,91,"Iran (Islamic Rep. of)","IRN","IRN",76,"Greece","GRE","GRC",1447,"0","0","-","0","0","0"
1,"Ixi8k6",1,799,1995,91,"Iran (Islamic Rep. of)","IRN","IRN",76,"Greece","GRE","GRC",1077,"0","0","-","0","0","0"
1,"Ixi8k6",1,800,1996,91,"Iran (Islamic Rep. of)","IRN","IRN",76,"Greece","GRE","GRC",1217,"0","0","-","0","0","0"
1,"Ixi8k6",1,801,1997,91,"Iran (Islamic Rep. of)","IRN","IRN",76,"Greece","GRE","GRC",1170,"0","0","-","0","0","0"
1,"Ixi8k6",1,802,1998,91,"Iran (Islamic Rep. of)","IRN","IRN",76,"Greece","GRE","GRC",217,"0","0","-","0","0","0"
1,"Ixi8k6",1,803,1999,91,"Iran (Islamic Rep. of)","IRN","IRN",76,"Greece","GRE","GRC",217,"0","0","-","0","0","0"
1,"Ixi8k6",1,804,2000,91,"Iran (Islamic Rep. of)","IRN","IRN",76,"Greece","GRE","GRC",292,94,"0","-","0","0","0"
1,"Ixi8k6",1,805,2001,91,"Iran (Islamic Rep. of)","IRN","IRN",76,"Greece","GRE","GRC",342,205,"0","-","0","0","0"
1,"Ixi8k6",1,806,2002,91,"Iran (Islamic Rep. of)","IRN","IRN",76,"Greece","GRE","GRC",392,70,"0","-","0","0","0"
1,"Ixi8k6",1,807,2003,91,"Iran (Islamic Rep. of)","IRN","IRN",76,"Greece","GRE","GRC",392,258,"0","-","0","0","0"
1,"Ixi8k6",1,808,2004,91,"Iran (Islamic Rep. of)","IRN","IRN",76,"Greece","GRE","GRC",383,191,"0","-","0","0","0"
1,"Ixi8k6",1,809,2005,91,"Iran (Islamic Rep. of)","IRN","IRN",76,"Greece","GRE","GRC",351,122,"0","-","0","0","0"
1,"Ixi8k6",1,810,2006,91,"Iran (Islamic Rep. of)","IRN","IRN",76,"Greece","GRE","GRC",326,93,"0","-","0","0","0"
1,"Ixi8k6",1,811,2007,91,"Iran (Islamic Rep. of)","IRN","IRN",76,"Greece","GRE","GRC",313,105,"0","-","0","0","0"
1,"Ixi8k6",1,812,2008,91,"Iran (Islamic Rep. of)","IRN","IRN",76,"Greece","GRE","GRC",261,138,"0","-","0","0","0"
1,"Ixi8k6",1,813,2009,91,"Iran (Islamic Rep. of)","IRN","IRN",76,"Greece","GRE","GRC",182,"0","0","-","0","0","0"
1,"Ixi8k6",1,814,2010,91,"Iran (Islamic Rep. of)","IRN","IRN",76,"Greece","GRE","GRC",172,1164,"0","-","0","0","0"
1,"Ixi8k6",1,815,2011,91,"Iran (Islamic Rep. of)","IRN","IRN",76,"Greece","GRE","GRC",168,"0","0","-","0","0","0"
1,"Ixi8k6",1,816,2012,91,"Iran (Islamic Rep. of)","IRN","IRN",76,"Greece","GRE","GRC",254,"0","0","-","0","0","0"
1,"Ixi8k6",1,817,2013,91,"Iran (Islamic Rep. of)","IRN","IRN",76,"Greece","GRE","GRC",321,573,"0","-","0","0","0"
1,"Ixi8k6",1,818,2014,91,"Iran (Islamic Rep. of)","IRN","IRN",76,"Greece","GRE","GRC",479,177,"0","-","0","0","0"
1,"Ixi8k6",1,819,2015,91,"Iran (Islamic Rep. of)","IRN","IRN",76,"Greece","GRE","GRC",543,121,"0","-","0","0","0"
1,"Ixi8k6",1,820,2016,91,"Iran (Islamic Rep. of)","IRN","IRN",76,"Greece","GRE","GRC",693,779,"0","-","0","0","0"
1,"Ixi8k6",1,821,2017,91,"Iran (Islamic Rep. of)","IRN","IRN",76,"Greece","GRE","GRC",1059,1140,"0","-","0","0","0"
1,"Ixi8k6",1,822,2018,91,"Iran (Islamic Rep. of)","IRN","IRN",76,"Greece","GRE","GRC",1532,1935,"0","-","0","0","0"
1,"Ixi8k6",1,823,2019,91,"Iran (Islamic Rep. of)","IRN","IRN",76,"Greece","GRE","GRC",1916,2768,"0","-","0","0","0"
1,"Ixi8k6",1,824,2020,91,"Iran (Islamic Rep. of)","IRN","IRN",76,"Greece","GRE","GRC",2476,2250,"0","-","0","0","0"
1,"Ixi8k6",1,825,2021,91,"Iran (Islamic Rep. of)","IRN","IRN",76,"Greece","GRE","GRC",3201,971,"0","-","0","0","0"
1,"Ixi8k6",1,826,2022,91,"Iran (Islamic Rep. of)","IRN","IRN",76,"Greece","GRE","GRC",3581,450,"0","-","0","0","0"
1,"Ixi8k6",1,827,2023,91,"Iran (Islamic Rep. of)","IRN","IRN",76,"Greece","GRE","GRC",3677,602,"0","-","0","0","0"
1,"Ixi8k6",1,828,2024,91,"Iran (Islamic Rep. of)","IRN","IRN",76,"Greece","GRE","GRC",1234,446,"0","-","0","0","0"
1,"Ixi8k6",1,829,2025,91,"Iran (Islamic Rep. of)","IRN","IRN",76,"Greece","GRE","GRC",1234,349,"0","-","0","0","0"
1,"Ixi8k6",1,830,1982,92,"Iraq","IRQ","IRQ",76,"Greece","GRE","GRC",1960,"0","0","-","0","0","0"
1,"Ixi8k6",1,831,1983,92,"Iraq","IRQ","IRQ",76,"Greece","GRE","GRC",1780,"0","0","-","0","0","0"
1,"Ixi8k6",1,832,1984,92,"Iraq","IRQ","IRQ",76,"Greece","GRE","GRC",1330,"0","0","-","0","0","0"
1,"Ixi8k6",1,833,1985,92,"Iraq","IRQ","IRQ",76,"Greece","GRE","GRC",880,"0","0","-","0","0","0"
1,"Ixi8k6",1,834,1986,92,"Iraq","IRQ","IRQ",76,"Greece","GRE","GRC",390,"0","0","-","0","0","0"
1,"Ixi8k6",1,835,1987,92,"Iraq","IRQ","IRQ",76,"Greece","GRE","GRC",170,"0","0","-","0","0","0"
1,"Ixi8k6",1,836,1988,92,"Iraq","IRQ","IRQ",76,"Greece","GRE","GRC",600,"0","0","-","0","0","0"
1,"Ixi8k6",1,837,1989,92,"Iraq","IRQ","IRQ",76,"Greece","GRE","GRC",720,"0","0","-","0","0","0"
1,"Ixi8k6",1,838,1993,92,"Iraq","IRQ","IRQ",76,"Greece","GRE","GRC",2510,"0","0","-","0","0","0"
1,"Ixi8k6",1,839,1994,92,"Iraq","IRQ","IRQ",76,"Greece","GRE","GRC",2386,"0","0","-","0","0","0"
1,"Ixi8k6",1,840,1995,92,"Iraq","IRQ","IRQ",76,"Greece","GRE","GRC",1543,"0","0","-","0","0","0"
1,"Ixi8k6",1,841,1996,92,"Iraq","IRQ","IRQ",76,"Greece","GRE","GRC",2470,"0","0","-","0","0","0"
1,"Ixi8k6",1,842,1997,92,"Iraq","IRQ","IRQ",76,"Greece","GRE","GRC",2420,"0","0","-","0","0","0"
1,"Ixi8k6",1,843,1998,92,"Iraq","IRQ","IRQ",76,"Greece","GRE","GRC",400,"0","0","-","0","0","0"
1,"Ixi8k6",1,844,1999,92,"Iraq","IRQ","IRQ",76,"Greece","GRE","GRC",417,"0","0","-","0","0","0"
1,"Ixi8k6",1,845,2000,92,"Iraq","IRQ","IRQ",76,"Greece","GRE","GRC",511,1302,"0","-","0","0","0"
1,"Ixi8k6",1,846,2001,92,"Iraq","IRQ","IRQ",76,"Greece","GRE","GRC",621,2711,"0","-","0","0","0"
1,"Ixi8k6",1,847,2002,92,"Iraq","IRQ","IRQ",76,"Greece","GRE","GRC",950,868,"0","-","0","0","0"
1,"Ixi8k6",1,848,2003,92,"Iraq","IRQ","IRQ",76,"Greece","GRE","GRC",951,1808,"0","-","0","0","0"
1,"Ixi8k6",1,849,2004,92,"Iraq","IRQ","IRQ",76,"Greece","GRE","GRC",959,1794,"0","-","0","0",3000
1,"Ixi8k6",1,850,2005,92,"Iraq","IRQ","IRQ",76,"Greece","GRE","GRC",907,1151,"0","-","0","0",3000
1,"Ixi8k6",1,851,2006,92,"Iraq","IRQ","IRQ",76,"Greece","GRE","GRC",824,592,"0","-","0","0",3000
1,"Ixi8k6",1,852,2007,92,"Iraq","IRQ","IRQ",76,"Greece","GRE","GRC",828,2109,"0","-","0","0","0"
1,"Ixi8k6",1,853,2008,92,"Iraq","IRQ","IRQ",76,"Greece","GRE","GRC",942,1057,"0","-","0","0","0"
1,"Ixi8k6",1,854,2009,92,"Iraq","IRQ","IRQ",76,"Greece","GRE","GRC",713,"0","0","-","0","0","0"
1,"Ixi8k6",1,855,2010,92,"Iraq","IRQ","IRQ",76,"Greece","GRE","GRC",622,8578,"0","-","0","0","0"
1,"Ixi8k6",1,856,2011,92,"Iraq","IRQ","IRQ",76,"Greece","GRE","GRC",656,"0","0","-","0","0","0"
1,"Ixi8k6",1,857,2012,92,"Iraq","IRQ","IRQ",76,"Greece","GRE","GRC",838,"0","0","-","0","0","0"
1,"Ixi8k6",1,858,2013,92,"Iraq","IRQ","IRQ",76,"Greece","GRE","GRC",1019,2816,"0","-","0","0","0"
1,"Ixi8k6",1,859,2014,92,"Iraq","IRQ","IRQ",76,"Greece","GRE","GRC",1242,100,"0","-","0","0","0"
1,"Ixi8k6",1,860,2015,92,"Iraq","IRQ","IRQ",76,"Greece","GRE","GRC",4348,397,"0","-","0","0","0"
1,"Ixi8k6",1,861,2016,92,"Iraq","IRQ","IRQ",76,"Greece","GRE","GRC",8161,3135,"0","-","0","0","0"
1,"Ixi8k6",1,862,2017,92,"Iraq","IRQ","IRQ",76,"Greece","GRE","GRC",4473,5436,"0","-","0","0","0"
1,"Ixi8k6",1,863,2018,92,"Iraq","IRQ","IRQ",76,"Greece","GRE","GRC",8828,9066,"0","-","0","0","0"
1,"Ixi8k6",1,864,2019,92,"Iraq","IRQ","IRQ",76,"Greece","GRE","GRC",9614,7283,"0","-","0","0","0"
1,"Ixi8k6",1,865,2020,92,"Iraq","IRQ","IRQ",76,"Greece","GRE","GRC",11840,4229,"0","-","0","0","0"
1,"Ixi8k6",1,866,2021,92,"Iraq","IRQ","IRQ",76,"Greece","GRE","GRC",13634,1646,"0","-","0","0","0"
1,"Ixi8k6",1,867,2022,92,"Iraq","IRQ","IRQ",76,"Greece","GRE","GRC",15704,905,"0","-","0","0","0"
1,"Ixi8k6",1,868,2023,92,"Iraq","IRQ","IRQ",76,"Greece","GRE","GRC",20784,1254,"0","-","0","0","0"
1,"Ixi8k6",1,869,2024,92,"Iraq","IRQ","IRQ",76,"Greece","GRE","GRC",9127,925,"0","-","0","0","0"
1,"Ixi8k6",1,870,2025,92,"Iraq","IRQ","IRQ",76,"Greece","GRE","GRC",9118,899,"0","-","0","0","0"
1,"Ixi8k6",1,871,1993,93,"Israel","ISR","ISR",76,"Greece","GRE","GRC",7,"0","0","-","0","0","0"
1,"Ixi8k6",1,872,1994,93,"Israel","ISR","ISR",76,"Greece","GRE","GRC",7,"0","0","-","0","0","0"
1,"Ixi8k6",1,873,2003,93,"Israel","ISR","ISR",76,"Greece","GRE","GRC","0",5,"0","-","0","0","0"
1,"Ixi8k6",1,874,2004,93,"Israel","ISR","ISR",76,"Greece","GRE","GRC","0",10,"0","-","0","0","0"
1,"Ixi8k6",1,875,2005,93,"Israel","ISR","ISR",76,"Greece","GRE","GRC","0",10,"0","-","0","0","0"
1,"Ixi8k6",1,876,2006,93,"Israel","ISR","ISR",76,"Greece","GRE","GRC","0",11,"0","-","0","0","0"
1,"Ixi8k6",1,877,2007,93,"Israel","ISR","ISR",76,"Greece","GRE","GRC","0",12,"0","-","0","0","0"
1,"Ixi8k6",1,878,2008,93,"Israel","ISR","ISR",76,"Greece","GRE","GRC","0",12,"0","-","0","0","0"
1,"Ixi8k6",1,879,2023,93,"Israel","ISR","ISR",76,"Greece","GRE","GRC",5,"0","0","-","0","0","0"
1,"Ixi8k6",1,880,2024,93,"Israel","ISR","ISR",76,"Greece","GRE","GRC","0",17,"0","-","0","0","0"
1,"Ixi8k6",1,881,2025,93,"Israel","ISR","ISR",76,"Greece","GRE","GRC",7,11,"0","-","0","0","0"
1,"Ixi8k6",1,882,2013,96,"Jordan","JOR","JOR",76,"Greece","GRE","GRC","0",5,"0","-","0","0","0"
1,"Ixi8k6",1,883,2014,96,"Jordan","JOR","JOR",76,"Greece","GRE","GRC",5,"0","0","-","0","0","0"
1,"Ixi8k6",1,884,2015,96,"Jordan","JOR","JOR",76,"Greece","GRE","GRC",5,"0","0","-","0","0","0"
1,"Ixi8k6",1,885,2016,96,"Jordan","JOR","JOR",76,"Greece","GRE","GRC",5,10,"0","-","0","0","0"
1,"Ixi8k6",1,886,2017,96,"Jordan","JOR","JOR",76,"Greece","GRE","GRC",8,26,"0","-","0","0","0"
1,"Ixi8k6",1,887,2018,96,"Jordan","JOR","JOR",76,"Greece","GRE","GRC",19,37,"0","-","0","0","0"
1,"Ixi8k6",1,888,2019,96,"Jordan","JOR","JOR",76,"Greece","GRE","GRC",24,27,"0","-","0","0","0"
1,"Ixi8k6",1,889,2020,96,"Jordan","JOR","JOR",76,"Greece","GRE","GRC",38,11,"0","-","0","0","0"
1,"Ixi8k6",1,890,2021,96,"Jordan","JOR","JOR",76,"Greece","GRE","GRC",44,"0","0","-","0","0","0"
1,"Ixi8k6",1,891,2022,96,"Jordan","JOR","JOR",76,"Greece","GRE","GRC",45,5,"0","-","0","0","0"
1,"Ixi8k6",1,892,2023,96,"Jordan","JOR","JOR",76,"Greece","GRE","GRC",45,8,"0","-","0","0","0"
1,"Ixi8k6",1,893,2024,96,"Jordan","JOR","JOR",76,"Greece","GRE","GRC",6,5,"0","-","0","0","0"
1,"Ixi8k6",1,894,2025,96,"Jordan","JOR","JOR",76,"Greece","GRE","GRC",6,5,"0","-","0","0","0"
1,"Ixi8k6",1,895,2005,98,"Kazakhstan","KAZ","KAZ",76,"Greece","GRE","GRC","0",17,"0","-","0","0","0"
1,"Ixi8k6",1,896,2006,98,"Kazakhstan","KAZ","KAZ",76,"Greece","GRE","GRC","0",13,"0","-","0","0","0"
1,"Ixi8k6",1,897,2007,98,"Kazakhstan","KAZ","KAZ",76,"Greece","GRE","GRC","0",13,"0","-","0","0","0"
1,"Ixi8k6",1,898,2008,98,"Kazakhstan","KAZ","KAZ",76,"Greece","GRE","GRC","0",14,"0","-","0","0","0"
1,"Ixi8k6",1,899,2010,98,"Kazakhstan","KAZ","KAZ",76,"Greece","GRE","GRC","0",10,"0","-","0","0","0"
1,"Ixi8k6",1,900,2013,98,"Kazakhstan","KAZ","KAZ",76,"Greece","GRE","GRC","0",13,"0","-","0","0","0"
1,"Ixi8k6",1,901,2015,98,"Kazakhstan","KAZ","KAZ",76,"Greece","GRE","GRC",5,"0","0","-","0","0","0"
1,"Ixi8k6",1,902,2016,98,"Kazakhstan","KAZ","KAZ",76,"Greece","GRE","GRC",5,"0","0","-","0","0","0"
1,"Ixi8k6",1,903,2017,98,"Kazakhstan","KAZ","KAZ",76,"Greece","GRE","GRC",5,5,"0","-","0","0","0"
1,"Ixi8k6",1,904,2018,98,"Kazakhstan","KAZ","KAZ",76,"Greece","GRE","GRC",5,5,"0","-","0","0","0"
1,"Ixi8k6",1,905,2019,98,"Kazakhstan","KAZ","KAZ",76,"Greece","GRE","GRC",5,9,"0","-","0","0","0"
1,"Ixi8k6",1,906,2020,98,"Kazakhstan","KAZ","KAZ",76,"Greece","GRE","GRC",5,5,"0","-","0","0","0"
1,"Ixi8k6",1,907,2021,98,"Kazakhstan","KAZ","KAZ",76,"Greece","GRE","GRC",5,"0","0","-","0","0","0"
1,"Ixi8k6",1,908,2022,98,"Kazakhstan","KAZ","KAZ",76,"Greece","GRE","GRC",5,"0","0","-","0","0","0"
1,"Ixi8k6",1,909,2023,98,"Kazakhstan","KAZ","KAZ",76,"Greece","GRE","GRC",11,"0","0","-","0","0","0"
1,"Ixi8k6",1,910,2025,98,"Kazakhstan","KAZ","KAZ",76,"Greece","GRE","GRC",7,5,"0","-","0","0","0"
1,"Ixi8k6",1,911,2002,99,"Kenya","KEN","KEN",76,"Greece","GRE","GRC",5,"0","0","-","0","0","0"
1,"Ixi8k6",1,912,2003,99,"Kenya","KEN","KEN",76,"Greece","GRE","GRC",5,"0","0","-","0","0","0"
1,"Ixi8k6",1,913,2004,99,"Kenya","KEN","KEN",76,"Greece","GRE","GRC",5,"0","0","-","0","0","0"
1,"Ixi8k6",1,914,2005,99,"Kenya","KEN","KEN",76,"Greece","GRE","GRC",5,"0","0","-","0","0","0"
1,"Ixi8k6",1,915,2006,99,"Kenya","KEN","KEN",76,"Greece","GRE","GRC",5,"0","0","-","0","0","0"
1,"Ixi8k6",1,916,2007,99,"Kenya","KEN","KEN",76,"Greece","GRE","GRC",5,18,"0","-","0","0","0"
1,"Ixi8k6",1,917,2008,99,"Kenya","KEN","KEN",76,"Greece","GRE","GRC",5,26,"0","-","0","0","0"
1,"Ixi8k6",1,918,2010,99,"Kenya","KEN","KEN",76,"Greece","GRE","GRC","0",171,"0","-","0","0","0"
1,"Ixi8k6",1,919,2013,99,"Kenya","KEN","KEN",76,"Greece","GRE","GRC",6,190,"0","-","0","0","0"
1,"Ixi8k6",1,920,2014,99,"Kenya","KEN","KEN",76,"Greece","GRE","GRC",18,15,"0","-","0","0","0"
1,"Ixi8k6",1,921,2015,99,"Kenya","KEN","KEN",76,"Greece","GRE","GRC",26,14,"0","-","0","0","0"
1,"Ixi8k6",1,922,2016,99,"Kenya","KEN","KEN",76,"Greece","GRE","GRC",28,15,"0","-","0","0","0"
1,"Ixi8k6",1,923,2017,99,"Kenya","KEN","KEN",76,"Greece","GRE","GRC",28,8,"0","-","0","0","0"
1,"Ixi8k6",1,924,2018,99,"Kenya","KEN","KEN",76,"Greece","GRE","GRC",28,10,"0","-","0","0","0"
1,"Ixi8k6",1,925,2019,99,"Kenya","KEN","KEN",76,"Greece","GRE","GRC",29,12,"0","-","0","0","0"
1,"Ixi8k6",1,926,2020,99,"Kenya","KEN","KEN",76,"Greece","GRE","GRC",30,5,"0","-","0","0","0"
1,"Ixi8k6",1,927,2021,99,"Kenya","KEN","KEN",76,"Greece","GRE","GRC",30,10,"0","-","0","0","0"
1,"Ixi8k6",1,928,2022,99,"Kenya","KEN","KEN",76,"Greece","GRE","GRC",31,6,"0","-","0","0","0"
1,"Ixi8k6",1,929,2023,99,"Kenya","KEN","KEN",76,"Greece","GRE","GRC",27,15,"0","-","0","0","0"
1,"Ixi8k6",1,930,2024,99,"Kenya","KEN","KEN",76,"Greece","GRE","GRC",13,23,"0","-","0","0","0"
1,"Ixi8k6",1,931,2025,99,"Kenya","KEN","KEN",76,"Greece","GRE","GRC",13,33,"0","-","0","0","0"
1,"Ixi8k6",1,932,2019,100,"Kyrgyzstan","KGZ","KGZ",76,"Greece","GRE","GRC","0",5,"0","-","0","0","0"
1,"Ixi8k6",1,933,2021,100,"Kyrgyzstan","KGZ","KGZ",76,"Greece","GRE","GRC","0",5,"0","-","0","0","0"
1,"Ixi8k6",1,934,2022,100,"Kyrgyzstan","KGZ","KGZ",76,"Greece","GRE","GRC","0",5,"0","-","0","0","0"
1,"Ixi8k6",1,935,2023,100,"Kyrgyzstan","KGZ","KGZ",76,"Greece","GRE","GRC",5,"0","0","-","0","0","0"
1,"Ixi8k6",1,936,2008,102,"Rep. of Korea","KOR","KOR",76,"Greece","GRE","GRC","0",5,"0","-","0","0","0"
1,"Ixi8k6",1,937,2025,103,"Dem. People's Rep. of Korea","KRN","PRK",76,"Greece","GRE","GRC","0",5,"0","-","0","0","0"
1,"Ixi8k6",1,938,2007,104,"Kuwait","KUW","KWT",76,"Greece","GRE","GRC","0",5,"0","-","0","0","0"
1,"Ixi8k6",1,939,2008,104,"Kuwait","KUW","KWT",76,"Greece","GRE","GRC","0",5,"0","-","0","0","0"
1,"Ixi8k6",1,940,2016,104,"Kuwait","KUW","KWT",76,"Greece","GRE","GRC","0",10,"0","-","0","0","0"
1,"Ixi8k6",1,941,2017,104,"Kuwait","KUW","KWT",76,"Greece","GRE","GRC",42,210,"0","-","0","0","0"
1,"Ixi8k6",1,942,2018,104,"Kuwait","KUW","KWT",76,"Greece","GRE","GRC",85,60,"0","-","0","0","0"
1,"Ixi8k6",1,943,2019,104,"Kuwait","KUW","KWT",76,"Greece","GRE","GRC",104,97,"0","-","0","0","0"
1,"Ixi8k6",1,944,2020,104,"Kuwait","KUW","KWT",76,"Greece","GRE","GRC",133,45,"0","-","0","0","0"
1,"Ixi8k6",1,945,2021,104,"Kuwait","KUW","KWT",76,"Greece","GRE","GRC",153,21,"0","-","0","0","0"
1,"Ixi8k6",1,946,2022,104,"Kuwait","KUW","KWT",76,"Greece","GRE","GRC",168,14,"0","-","0","0","0"
1,"Ixi8k6",1,947,2023,104,"Kuwait","KUW","KWT",76,"Greece","GRE","GRC",186,7,"0","-","0","0","0"
1,"Ixi8k6",1,948,2024,104,"Kuwait","KUW","KWT",76,"Greece","GRE","GRC","0",18,"0","-","0","0","0"
1,"Ixi8k6",1,949,2025,104,"Kuwait","KUW","KWT",76,"Greece","GRE","GRC","0",16,"0","-","0","0","0"
1,"Ixi8k6",1,950,1993,106,"Liberia","LBR","LBR",76,"Greece","GRE","GRC",5,"0","0","-","0","0","0"
1,"Ixi8k6",1,951,1994,106,"Liberia","LBR","LBR",76,"Greece","GRE","GRC",5,"0","0","-","0","0","0"
1,"Ixi8k6",1,952,2001,106,"Liberia","LBR","LBR",76,"Greece","GRE","GRC",9,5,"0","-","0","0","0"
1,"Ixi8k6",1,953,2002,106,"Liberia","LBR","LBR",76,"Greece","GRE","GRC",6,10,"0","-","0","0","0"
1,"Ixi8k6",1,954,2003,106,"Liberia","LBR","LBR",76,"Greece","GRE","GRC",6,10,"0","-","0","0","0"
1,"Ixi8k6",1,955,2004,106,"Liberia","LBR","LBR",76,"Greece","GRE","GRC",6,9,"0","-","0","0","0"
1,"Ixi8k6",1,956,2005,106,"Liberia","LBR","LBR",76,"Greece","GRE","GRC",6,7,"0","-","0","0","0"
1,"Ixi8k6",1,957,2006,106,"Liberia","LBR","LBR",76,"Greece","GRE","GRC",6,5,"0","-","0","0","0"
1,"Ixi8k6",1,958,2007,106,"Liberia","LBR","LBR",76,"Greece","GRE","GRC",5,5,"0","-","0","0","0"
1,"Ixi8k6",1,959,2008,106,"Liberia","LBR","LBR",76,"Greece","GRE","GRC",5,8,"0","-","0","0","0"
1,"Ixi8k6",1,960,2009,106,"Liberia","LBR","LBR",76,"Greece","GRE","GRC",5,"0","0","-","0","0","0"
1,"Ixi8k6",1,961,2010,106,"Liberia","LBR","LBR",76,"Greece","GRE","GRC","0",13,"0","-","0","0","0"
1,"Ixi8k6",1,962,2013,106,"Liberia","LBR","LBR",76,"Greece","GRE","GRC","0",26,"0","-","0","0","0"
1,"Ixi8k6",1,963,2015,106,"Liberia","LBR","LBR",76,"Greece","GRE","GRC","0",5,"0","-","0","0","0"
1,"Ixi8k6",1,964,2016,106,"Liberia","LBR","LBR",76,"Greece","GRE","GRC","0",8,"0","-","0","0","0"
1,"Ixi8k6",1,965,2018,106,"Liberia","LBR","LBR",76,"Greece","GRE","GRC","0",5,"0","-","0","0","0"
1,"Ixi8k6",1,966,2020,106,"Liberia","LBR","LBR",76,"Greece","GRE","GRC",5,"0","0","-","0","0","0"
1,"Ixi8k6",1,967,2021,106,"Liberia","LBR","LBR",76,"Greece","GRE","GRC",5,"0","0","-","0","0","0"
1,"Ixi8k6",1,968,2022,106,"Liberia","LBR","LBR",76,"Greece","GRE","GRC",6,12,"0","-","0","0","0"
1,"Ixi8k6",1,969,2023,106,"Liberia","LBR","LBR",76,"Greece","GRE","GRC",9,28,"0","-","0","0","0"
1,"Ixi8k6",1,970,2024,106,"Liberia","LBR","LBR",76,"Greece","GRE","GRC",6,21,"0","-","0","0","0"
1,"Ixi8k6",1,971,2025,106,"Liberia","LBR","LBR",76,"Greece","GRE","GRC",6,24,"0","-","0","0","0"
1,"Ixi8k6",1,972,1993,107,"Libya","LBY","LBY",76,"Greece","GRE","GRC",12,"0","0","-","0","0","0"
1,"Ixi8k6",1,973,1994,107,"Libya","LBY","LBY",76,"Greece","GRE","GRC",12,"0","0","-","0","0","0"
1,"Ixi8k6",1,974,2001,107,"Libya","LBY","LBY",76,"Greece","GRE","GRC",8,"0","0","-","0","0","0"
1,"Ixi8k6",1,975,2003,107,"Libya","LBY","LBY",76,"Greece","GRE","GRC","0",19,"0","-","0","0","0"
1,"Ixi8k6",1,976,2004,107,"Libya","LBY","LBY",76,"Greece","GRE","GRC","0",15,"0","-","0","0","0"
1,"Ixi8k6",1,977,2005,107,"Libya","LBY","LBY",76,"Greece","GRE","GRC","0",14,"0","-","0","0","0"
1,"Ixi8k6",1,978,2006,107,"Libya","LBY","LBY",76,"Greece","GRE","GRC",7,7,"0","-","0","0","0"
1,"Ixi8k6",1,979,2007,107,"Libya","LBY","LBY",76,"Greece","GRE","GRC",7,12,"0","-","0","0","0"
1,"Ixi8k6",1,980,2008,107,"Libya","LBY","LBY",76,"Greece","GRE","GRC",7,12,"0","-","0","0","0"
1,"Ixi8k6",1,981,2009,107,"Libya","LBY","LBY",76,"Greece","GRE","GRC",7,"0","0","-","0","0","0"
1,"Ixi8k6",1,982,2010,107,"Libya","LBY","LBY",76,"Greece","GRE","GRC",8,5,"0","-","0","0","0"
1,"Ixi8k6",1,983,2011,107,"Libya","LBY","LBY",76,"Greece","GRE","GRC",9,"0","0","-","0","0","0"
1,"Ixi8k6",1,984,2012,107,"Libya","LBY","LBY",76,"Greece","GRE","GRC",9,"0","0","-","0","0","0"
1,"Ixi8k6",1,985,2013,107,"Libya","LBY","LBY",76,"Greece","GRE","GRC",10,14,"0","-","0","0","0"
1,"Ixi8k6",1,986,2014,107,"Libya","LBY","LBY",76,"Greece","GRE","GRC",13,10,"0","-","0","0","0"
1,"Ixi8k6",1,987,2015,107,"Libya","LBY","LBY",76,"Greece","GRE","GRC",26,6,"0","-","0","0","0"
1,"Ixi8k6",1,988,2016,107,"Libya","LBY","LBY",76,"Greece","GRE","GRC",24,11,"0","-","0","0","0"
1,"Ixi8k6",1,989,2017,107,"Libya","LBY","LBY",76,"Greece","GRE","GRC",29,13,"0","-","0","0","0"
1,"Ixi8k6",1,990,2018,107,"Libya","LBY","LBY",76,"Greece","GRE","GRC",39,48,"0","-","0","0","0"
1,"Ixi8k6",1,991,2019,107,"Libya","LBY","LBY",76,"Greece","GRE","GRC",40,38,"0","-","0","0","0"
1,"Ixi8k6",1,992,2020,107,"Libya","LBY","LBY",76,"Greece","GRE","GRC",61,50,"0","-","0","0","0"
1,"Ixi8k6",1,993,2021,107,"Libya","LBY","LBY",76,"Greece","GRE","GRC",65,19,"0","-","0","0","0"
1,"Ixi8k6",1,994,2022,107,"Libya","LBY","LBY",76,"Greece","GRE","GRC",71,5,"0","-","0","0","0"
1,"Ixi8k6",1,995,2023,107,"Libya","LBY","LBY",76,"Greece","GRE","GRC",70,5,"0","-","0","0","0"
1,"Ixi8k6",1,996,2024,107,"Libya","LBY","LBY",76,"Greece","GRE","GRC",14,10,"0","-","0","0","0"
1,"Ixi8k6",1,997,2025,107,"Libya","LBY","LBY",76,"Greece","GRE","GRC",14,10,"0","-","0","0","0"
1,"Ixi8k6",1,998,1982,109,"Lebanon","LEB","LBN",76,"Greece","GRE","GRC",90,"0","0","-","0","0","0"
1,"Ixi8k6",1,999,1983,109,"Lebanon","LEB","LBN",76,"Greece","GRE","GRC",90,"0","0","-","0","0","0"
1,"Ixi8k6",1,1000,1984,109,"Lebanon","LEB","LBN",76,"Greece","GRE","GRC",60,"0","0","-","0","0","0"
1,"Ixi8k6",1,1001,1985,109,"Lebanon","LEB","LBN",76,"Greece","GRE","GRC",60,"0","0","-","0","0","0"
1,"Ixi8k6",1,1002,1988,109,"Lebanon","LEB","LBN",76,"Greece","GRE","GRC",150,"0","0","-","0","0","0"
1,"Ixi8k6",1,1003,1989,109,"Lebanon","LEB","LBN",76,"Greece","GRE","GRC",230,"0","0","-","0","0","0"
1,"Ixi8k6",1,1004,1993,109,"Lebanon","LEB","LBN",76,"Greece","GRE","GRC",6,"0","0","-","0","0","0"
1,"Ixi8k6",1,1005,1994,109,"Lebanon","LEB","LBN",76,"Greece","GRE","GRC",21,"0","0","-","0","0","0"
1,"Ixi8k6",1,1006,2000,109,"Lebanon","LEB","LBN",76,"Greece","GRE","GRC",22,"0","0","-","0","0","0"
1,"Ixi8k6",1,1007,2001,109,"Lebanon","LEB","LBN",76,"Greece","GRE","GRC",23,5,"0","-","0","0","0"
1,"Ixi8k6",1,1008,2002,109,"Lebanon","LEB","LBN",76,"Greece","GRE","GRC",64,6,"0","-","0","0","0"
1,"Ixi8k6",1,1009,2003,109,"Lebanon","LEB","LBN",76,"Greece","GRE","GRC",62,9,"0","-","0","0","0"
1,"Ixi8k6",1,1010,2004,109,"Lebanon","LEB","LBN",76,"Greece","GRE","GRC",64,10,"0","-","0","0","0"
1,"Ixi8k6",1,1011,2005,109,"Lebanon","LEB","LBN",76,"Greece","GRE","GRC",57,14,"0","-","0","0","0"
1,"Ixi8k6",1,1012,2006,109,"Lebanon","LEB","LBN",76,"Greece","GRE","GRC",42,20,"0","-","0","0","0"
1,"Ixi8k6",1,1013,2007,109,"Lebanon","LEB","LBN",76,"Greece","GRE","GRC",40,53,"0","-","0","0","0"
1,"Ixi8k6",1,1014,2008,109,"Lebanon","LEB","LBN",76,"Greece","GRE","GRC",26,42,"0","-","0","0","0"
1,"Ixi8k6",1,1015,2010,109,"Lebanon","LEB","LBN",76,"Greece","GRE","GRC","0",76,"0","-","0","0","0"
1,"Ixi8k6",1,1016,2012,109,"Lebanon","LEB","LBN",76,"Greece","GRE","GRC",5,"0","0","-","0","0","0"
1,"Ixi8k6",1,1017,2013,109,"Lebanon","LEB","LBN",76,"Greece","GRE","GRC",5,64,"0","-","0","0","0"
1,"Ixi8k6",1,1018,2014,109,"Lebanon","LEB","LBN",76,"Greece","GRE","GRC",9,5,"0","-","0","0","0"
1,"Ixi8k6",1,1019,2015,109,"Lebanon","LEB","LBN",76,"Greece","GRE","GRC",9,10,"0","-","0","0","0"
1,"Ixi8k6",1,1020,2016,109,"Lebanon","LEB","LBN",76,"Greece","GRE","GRC",16,82,"0","-","0","0","0"
1,"Ixi8k6",1,1021,2017,109,"Lebanon","LEB","LBN",76,"Greece","GRE","GRC",30,80,"0","-","0","0","0"
1,"Ixi8k6",1,1022,2018,109,"Lebanon","LEB","LBN",76,"Greece","GRE","GRC",41,99,"0","-","0","0","0"
1,"Ixi8k6",1,1023,2019,109,"Lebanon","LEB","LBN",76,"Greece","GRE","GRC",55,55,"0","-","0","0","0"
1,"Ixi8k6",1,1024,2020,109,"Lebanon","LEB","LBN",76,"Greece","GRE","GRC",67,61,"0","-","0","0","0"
1,"Ixi8k6",1,1025,2021,109,"Lebanon","LEB","LBN",76,"Greece","GRE","GRC",84,26,"0","-","0","0","0"
1,"Ixi8k6",1,1026,2022,109,"Lebanon","LEB","LBN",76,"Greece","GRE","GRC",104,57,"0","-","0","0","0"
1,"Ixi8k6",1,1027,2023,109,"Lebanon","LEB","LBN",76,"Greece","GRE","GRC",119,35,"0","-","0","0","0"
1,"Ixi8k6",1,1028,2024,109,"Lebanon","LEB","LBN",76,"Greece","GRE","GRC",59,39,"0","-","0","0","0"
1,"Ixi8k6",1,1029,2025,109,"Lebanon","LEB","LBN",76,"Greece","GRE","GRC",61,26,"0","-","0","0","0"
1,"Ixi8k6",1,1030,1988,112,"Sri Lanka","LKA","LKA",76,"Greece","GRE","GRC",60,"0","0","-","0","0","0"
1,"Ixi8k6",1,1031,1989,112,"Sri Lanka","LKA","LKA",76,"Greece","GRE","GRC",100,"0","0","-","0","0","0"
1,"Ixi8k6",1,1032,1993,112,"Sri Lanka","LKA","LKA",76,"Greece","GRE","GRC",162,"0","0","-","0","0","0"
1,"Ixi8k6",1,1033,1994,112,"Sri Lanka","LKA","LKA",76,"Greece","GRE","GRC",158,"0","0","-","0","0","0"
1,"Ixi8k6",1,1034,1995,112,"Sri Lanka","LKA","LKA",76,"Greece","GRE","GRC",136,"0","0","-","0","0","0"
1,"Ixi8k6",1,1035,1996,112,"Sri Lanka","LKA","LKA",76,"Greece","GRE","GRC",151,"0","0","-","0","0","0"
1,"Ixi8k6",1,1036,1997,112,"Sri Lanka","LKA","LKA",76,"Greece","GRE","GRC",151,"0","0","-","0","0","0"
1,"Ixi8k6",1,1037,2000,112,"Sri Lanka","LKA","LKA",76,"Greece","GRE","GRC","0",9,"0","-","0","0","0"
1,"Ixi8k6",1,1038,2001,112,"Sri Lanka","LKA","LKA",76,"Greece","GRE","GRC",34,10,"0","-","0","0","0"
1,"Ixi8k6",1,1039,2002,112,"Sri Lanka","LKA","LKA",76,"Greece","GRE","GRC",44,"0","0","-","0","0","0"
1,"Ixi8k6",1,1040,2003,112,"Sri Lanka","LKA","LKA",76,"Greece","GRE","GRC",41,43,"0","-","0","0","0"
1,"Ixi8k6",1,1041,2004,112,"Sri Lanka","LKA","LKA",76,"Greece","GRE","GRC",45,64,"0","-","0","0","0"
1,"Ixi8k6",1,1042,2005,112,"Sri Lanka","LKA","LKA",76,"Greece","GRE","GRC",44,36,"0","-","0","0","0"
1,"Ixi8k6",1,1043,2006,112,"Sri Lanka","LKA","LKA",76,"Greece","GRE","GRC",36,28,"0","-","0","0","0"
1,"Ixi8k6",1,1044,2007,112,"Sri Lanka","LKA","LKA",76,"Greece","GRE","GRC",36,50,"0","-","0","0","0"
1,"Ixi8k6",1,1045,2008,112,"Sri Lanka","LKA","LKA",76,"Greece","GRE","GRC",31,34,"0","-","0","0","0"
1,"Ixi8k6",1,1046,2009,112,"Sri Lanka","LKA","LKA",76,"Greece","GRE","GRC",22,"0","0","-","0","0","0"
1,"Ixi8k6",1,1047,2010,112,"Sri Lanka","LKA","LKA",76,"Greece","GRE","GRC",15,324,"0","-","0","0","0"
1,"Ixi8k6",1,1048,2011,112,"Sri Lanka","LKA","LKA",76,"Greece","GRE","GRC",7,"0","0","-","0","0","0"
1,"Ixi8k6",1,1049,2012,112,"Sri Lanka","LKA","LKA",76,"Greece","GRE","GRC",7,"0","0","-","0","0","0"
1,"Ixi8k6",1,1050,2013,112,"Sri Lanka","LKA","LKA",76,"Greece","GRE","GRC",21,228,"0","-","0","0","0"
1,"Ixi8k6",1,1051,2014,112,"Sri Lanka","LKA","LKA",76,"Greece","GRE","GRC",36,18,"0","-","0","0","0"
1,"Ixi8k6",1,1052,2015,112,"Sri Lanka","LKA","LKA",76,"Greece","GRE","GRC",38,6,"0","-","0","0","0"
1,"Ixi8k6",1,1053,2016,112,"Sri Lanka","LKA","LKA",76,"Greece","GRE","GRC",39,21,"0","-","0","0","0"
1,"Ixi8k6",1,1054,2017,112,"Sri Lanka","LKA","LKA",76,"Greece","GRE","GRC",40,58,"0","-","0","0","0"
1,"Ixi8k6",1,1055,2018,112,"Sri Lanka","LKA","LKA",76,"Greece","GRE","GRC",44,75,"0","-","0","0","0"
1,"Ixi8k6",1,1056,2019,112,"Sri Lanka","LKA","LKA",76,"Greece","GRE","GRC",45,99,"0","-","0","0","0"
1,"Ixi8k6",1,1057,2020,112,"Sri Lanka","LKA","LKA",76,"Greece","GRE","GRC",51,132,"0","-","0","0","0"
1,"Ixi8k6",1,1058,2021,112,"Sri Lanka","LKA","LKA",76,"Greece","GRE","GRC",55,43,"0","-","0","0","0"
1,"Ixi8k6",1,1059,2022,112,"Sri Lanka","LKA","LKA",76,"Greece","GRE","GRC",55,20,"0","-","0","0","0"
1,"Ixi8k6",1,1060,2023,112,"Sri Lanka","LKA","LKA",76,"Greece","GRE","GRC",43,22,"0","-","0","0","0"
1,"Ixi8k6",1,1061,2024,112,"Sri Lanka","LKA","LKA",76,"Greece","GRE","GRC",20,57,"0","-","0","0","0"
1,"Ixi8k6",1,1062,2025,112,"Sri Lanka","LKA","LKA",76,"Greece","GRE","GRC",20,103,"0","-","0","0","0"
1,"Ixi8k6",1,1063,2016,117,"Madagascar","MAD","MDG",76,"Greece","GRE","GRC","0",5,"0","-","0","0","0"
1,"Ixi8k6",1,1064,2003,119,"Mauritania","MAU","MRT",76,"Greece","GRE","GRC","0",8,"0","-","0","0","0"
1,"Ixi8k6",1,1065,2004,119,"Mauritania","MAU","MRT",76,"Greece","GRE","GRC","0",20,"0","-","0","0","0"
1,"Ixi8k6",1,1066,2005,119,"Mauritania","MAU","MRT",76,"Greece","GRE","GRC","0",13,"0","-","0","0","0"
1,"Ixi8k6",1,1067,2006,119,"Mauritania","MAU","MRT",76,"Greece","GRE","GRC","0",25,"0","-","0","0","0"
1,"Ixi8k6",1,1068,2007,119,"Mauritania","MAU","MRT",76,"Greece","GRE","GRC","0",25,"0","-","0","0","0"
1,"Ixi8k6",1,1069,2008,119,"Mauritania","MAU","MRT",76,"Greece","GRE","GRC","0",17,"0","-","0","0","0"
1,"Ixi8k6",1,1070,2010,119,"Mauritania","MAU","MRT",76,"Greece","GRE","GRC","0",190,"0","-","0","0","0"
1,"Ixi8k6",1,1071,2013,119,"Mauritania","MAU","MRT",76,"Greece","GRE","GRC",8,142,"0","-","0","0","0"
1,"Ixi8k6",1,1072,2014,119,"Mauritania","MAU","MRT",76,"Greece","GRE","GRC",30,19,"0","-","0","0","0"
1,"Ixi8k6",1,1073,2015,119,"Mauritania","MAU","MRT",76,"Greece","GRE","GRC",39,10,"0","-","0","0","0"
1,"Ixi8k6",1,1074,2016,119,"Mauritania","MAU","MRT",76,"Greece","GRE","GRC",41,14,"0","-","0","0","0"
1,"Ixi8k6",1,1075,2017,119,"Mauritania","MAU","MRT",76,"Greece","GRE","GRC",49,8,"0","-","0","0","0"
1,"Ixi8k6",1,1076,2018,119,"Mauritania","MAU","MRT",76,"Greece","GRE","GRC",53,21,"0","-","0","0","0"
1,"Ixi8k6",1,1077,2019,119,"Mauritania","MAU","MRT",76,"Greece","GRE","GRC",55,18,"0","-","0","0","0"
1,"Ixi8k6",1,1078,2020,119,"Mauritania","MAU","MRT",76,"Greece","GRE","GRC",63,14,"0","-","0","0","0"
1,"Ixi8k6",1,1079,2021,119,"Mauritania","MAU","MRT",76,"Greece","GRE","GRC",68,"0","0","-","0","0","0"
1,"Ixi8k6",1,1080,2022,119,"Mauritania","MAU","MRT",76,"Greece","GRE","GRC",66,"0","0","-","0","0","0"
1,"Ixi8k6",1,1081,2023,119,"Mauritania","MAU","MRT",76,"Greece","GRE","GRC",61,6,"0","-","0","0","0"
1,"Ixi8k6",1,1082,2024,119,"Mauritania","MAU","MRT",76,"Greece","GRE","GRC",28,"0","0","-","0","0","0"
1,"Ixi8k6",1,1083,2025,119,"Mauritania","MAU","MRT",76,"Greece","GRE","GRC",28,"0","0","-","0","0","0"
1,"Ixi8k6",1,1084,2003,120,"North Macedonia","MCD","MKD",76,"Greece","GRE","GRC","0",5,"0","-","0","0","0"
1,"Ixi8k6",1,1085,2013,120,"North Macedonia","MCD","MKD",76,"Greece","GRE","GRC","0",5,"0","-","0","0","0"
1,"Ixi8k6",1,1086,2017,120,"North Macedonia","MCD","MKD",76,"Greece","GRE","GRC","0",5,"0","-","0","0","0"
1,"Ixi8k6",1,1087,2018,120,"North Macedonia","MCD","MKD",76,"Greece","GRE","GRC","0",5,"0","-","0","0","0"
1,"Ixi8k6",1,1088,2019,120,"North Macedonia","MCD","MKD",76,"Greece","GRE","GRC","0",5,"0","-","0","0","0"
1,"Ixi8k6",1,1089,2020,120,"North Macedonia","MCD","MKD",76,"Greece","GRE","GRC","0",5,"0","-","0","0","0"
1,"Ixi8k6",1,1090,2021,120,"North Macedonia","MCD","MKD",76,"Greece","GRE","GRC","0",5,"0","-","0","0","0"
1,"Ixi8k6",1,1091,2022,120,"North Macedonia","MCD","MKD",76,"Greece","GRE","GRC","0",131,"0","-","0","0","0"
1,"Ixi8k6",1,1092,2004,122,"Rep. of Moldova","MDA","MDA",76,"Greece","GRE","GRC","0",10,"0","-","0","0","0"
1,"Ixi8k6",1,1093,2005,122,"Rep. of Moldova","MDA","MDA",76,"Greece","GRE","GRC","0",16,"0","-","0","0","0"
1,"Ixi8k6",1,1094,2006,122,"Rep. of Moldova","MDA","MDA",76,"Greece","GRE","GRC","0",5,"0","-","0","0","0"
1,"Ixi8k6",1,1095,2007,122,"Rep. of Moldova","MDA","MDA",76,"Greece","GRE","GRC","0",32,"0","-","0","0","0"
1,"Ixi8k6",1,1096,2008,122,"Rep. of Moldova","MDA","MDA",76,"Greece","GRE","GRC","0",39,"0","-","0","0","0"
1,"Ixi8k6",1,1097,2010,122,"Rep. of Moldova","MDA","MDA",76,"Greece","GRE","GRC","0",150,"0","-","0","0","0"
1,"Ixi8k6",1,1098,2013,122,"Rep. of Moldova","MDA","MDA",76,"Greece","GRE","GRC","0",148,"0","-","0","0","0"
1,"Ixi8k6",1,1099,2014,122,"Rep. of Moldova","MDA","MDA",76,"Greece","GRE","GRC",11,"0","0","-","0","0","0"
1,"Ixi8k6",1,1100,2015,122,"Rep. of Moldova","MDA","MDA",76,"Greece","GRE","GRC",11,24,"0","-","0","0","0"
1,"Ixi8k6",1,1101,2016,122,"Rep. of Moldova","MDA","MDA",76,"Greece","GRE","GRC",11,43,"0","-","0","0","0"
1,"Ixi8k6",1,1102,2017,122,"Rep. of Moldova","MDA","MDA",76,"Greece","GRE","GRC",11,40,"0","-","0","0","0"
1,"Ixi8k6",1,1103,2018,122,"Rep. of Moldova","MDA","MDA",76,"Greece","GRE","GRC",13,41,"0","-","0","0","0"
1,"Ixi8k6",1,1104,2019,122,"Rep. of Moldova","MDA","MDA",76,"Greece","GRE","GRC",13,42,"0","-","0","0","0"
1,"Ixi8k6",1,1105,2020,122,"Rep. of Moldova","MDA","MDA",76,"Greece","GRE","GRC",13,40,"0","-","0","0","0"
1,"Ixi8k6",1,1106,2021,122,"Rep. of Moldova","MDA","MDA",76,"Greece","GRE","GRC",13,63,"0","-","0","0","0"
1,"Ixi8k6",1,1107,2022,122,"Rep. of Moldova","MDA","MDA",76,"Greece","GRE","GRC",14,37,"0","-","0","0","0"
1,"Ixi8k6",1,1108,2023,122,"Rep. of Moldova","MDA","MDA",76,"Greece","GRE","GRC",38,25,"0","-","0","0","0"
1,"Ixi8k6",1,1109,2024,122,"Rep. of Moldova","MDA","MDA",76,"Greece","GRE","GRC",5,14,"0","-","0","0","0"
1,"Ixi8k6",1,1110,2025,122,"Rep. of Moldova","MDA","MDA",76,"Greece","GRE","GRC",32,26,"0","-","0","0","0"
1,"Ixi8k6",1,1111,2019,124,"Mexico","MEX","MEX",76,"Greece","GRE","GRC","0",8,"0","-","0","0","0"
1,"Ixi8k6",1,1112,2007,126,"Mali","MLI","MLI",76,"Greece","GRE","GRC","0",5,"0","-","0","0","0"
1,"Ixi8k6",1,1113,2010,126,"Mali","MLI","MLI",76,"Greece","GRE","GRC","0",8,"0","-","0","0","0"
1,"Ixi8k6",1,1114,2013,126,"Mali","MLI","MLI",76,"Greece","GRE","GRC","0",48,"0","-","0","0","0"
1,"Ixi8k6",1,1115,2014,126,"Mali","MLI","MLI",76,"Greece","GRE","GRC",5,27,"0","-","0","0","0"
1,"Ixi8k6",1,1116,2015,126,"Mali","MLI","MLI",76,"Greece","GRE","GRC",11,6,"0","-","0","0","0"
1,"Ixi8k6",1,1117,2016,126,"Mali","MLI","MLI",76,"Greece","GRE","GRC",20,48,"0","-","0","0","0"
1,"Ixi8k6",1,1118,2017,126,"Mali","MLI","MLI",76,"Greece","GRE","GRC",39,61,"0","-","0","0","0"
1,"Ixi8k6",1,1119,2018,126,"Mali","MLI","MLI",76,"Greece","GRE","GRC",47,84,"0","-","0","0","0"
1,"Ixi8k6",1,1120,2019,126,"Mali","MLI","MLI",76,"Greece","GRE","GRC",57,97,"0","-","0","0","0"
1,"Ixi8k6",1,1121,2020,126,"Mali","MLI","MLI",76,"Greece","GRE","GRC",94,95,"0","-","0","0","0"
1,"Ixi8k6",1,1122,2021,126,"Mali","MLI","MLI",76,"Greece","GRE","GRC",145,59,"0","-","0","0","0"
1,"Ixi8k6",1,1123,2022,126,"Mali","MLI","MLI",76,"Greece","GRE","GRC",212,42,"0","-","0","0","0"
1,"Ixi8k6",1,1124,2023,126,"Mali","MLI","MLI",76,"Greece","GRE","GRC",285,91,"0","-","0","0","0"
1,"Ixi8k6",1,1125,2024,126,"Mali","MLI","MLI",76,"Greece","GRE","GRC",178,47,"0","-","0","0","0"
1,"Ixi8k6",1,1126,2025,126,"Mali","MLI","MLI",76,"Greece","GRE","GRC",178,47,"0","-","0","0","0"
1,"Ixi8k6",1,1127,2001,130,"Morocco","MOR","MAR",76,"Greece","GRE","GRC","0",10,"0","-","0","0","0"
1,"Ixi8k6",1,1128,2002,130,"Morocco","MOR","MAR",76,"Greece","GRE","GRC",5,"0","0","-","0","0","0"
1,"Ixi8k6",1,1129,2003,130,"Morocco","MOR","MAR",76,"Greece","GRE","GRC",5,5,"0","-","0","0","0"
1,"Ixi8k6",1,1130,2004,130,"Morocco","MOR","MAR",76,"Greece","GRE","GRC",5,"0","0","-","0","0","0"
1,"Ixi8k6",1,1131,2005,130,"Morocco","MOR","MAR",76,"Greece","GRE","GRC",5,"0","0","-","0","0","0"
1,"Ixi8k6",1,1132,2006,130,"Morocco","MOR","MAR",76,"Greece","GRE","GRC",5,"0","0","-","0","0","0"
1,"Ixi8k6",1,1133,2007,130,"Morocco","MOR","MAR",76,"Greece","GRE","GRC",5,5,"0","-","0","0","0"
1,"Ixi8k6",1,1134,2008,130,"Morocco","MOR","MAR",76,"Greece","GRE","GRC",5,5,"0","-","0","0","0"
1,"Ixi8k6",1,1135,2009,130,"Morocco","MOR","MAR",76,"Greece","GRE","GRC",5,"0","0","-","0","0","0"
1,"Ixi8k6",1,1136,2010,130,"Morocco","MOR","MAR",76,"Greece","GRE","GRC",5,84,"0","-","0","0","0"
1,"Ixi8k6",1,1137,2011,130,"Morocco","MOR","MAR",76,"Greece","GRE","GRC",5,"0","0","-","0","0","0"
1,"Ixi8k6",1,1138,2012,130,"Morocco","MOR","MAR",76,"Greece","GRE","GRC",5,"0","0","-","0","0","0"
1,"Ixi8k6",1,1139,2013,130,"Morocco","MOR","MAR",76,"Greece","GRE","GRC",11,285,"0","-","0","0","0"
1,"Ixi8k6",1,1140,2014,130,"Morocco","MOR","MAR",76,"Greece","GRE","GRC",35,71,"0","-","0","0","0"
1,"Ixi8k6",1,1141,2015,130,"Morocco","MOR","MAR",76,"Greece","GRE","GRC",42,57,"0","-","0","0","0"
1,"Ixi8k6",1,1142,2016,130,"Morocco","MOR","MAR",76,"Greece","GRE","GRC",61,224,"0","-","0","0","0"
1,"Ixi8k6",1,1143,2017,130,"Morocco","MOR","MAR",76,"Greece","GRE","GRC",107,275,"0","-","0","0","0"
1,"Ixi8k6",1,1144,2018,130,"Morocco","MOR","MAR",76,"Greece","GRE","GRC",150,345,"0","-","0","0","0"
1,"Ixi8k6",1,1145,2019,130,"Morocco","MOR","MAR",76,"Greece","GRE","GRC",175,265,"0","-","0","0","0"
1,"Ixi8k6",1,1146,2020,130,"Morocco","MOR","MAR",76,"Greece","GRE","GRC",202,207,"0","-","0","0","0"
1,"Ixi8k6",1,1147,2021,130,"Morocco","MOR","MAR",76,"Greece","GRE","GRC",230,117,"0","-","0","0","0"
1,"Ixi8k6",1,1148,2022,130,"Morocco","MOR","MAR",76,"Greece","GRE","GRC",241,118,"0","-","0","0","0"
1,"Ixi8k6",1,1149,2023,130,"Morocco","MOR","MAR",76,"Greece","GRE","GRC",247,75,"0","-","0","0","0"
1,"Ixi8k6",1,1150,2024,130,"Morocco","MOR","MAR",76,"Greece","GRE","GRC",123,54,"0","-","0","0","0"
1,"Ixi8k6",1,1151,2025,130,"Morocco","MOR","MAR",76,"Greece","GRE","GRC",124,42,"0","-","0","0","0"
1,"Ixi8k6",1,1152,2007,133,"Montenegro","MNE","MNE",76,"Greece","GRE","GRC","0",5,"0","-","0","0","0"
1,"Ixi8k6",1,1153,2008,133,"Montenegro","MNE","MNE",76,"Greece","GRE","GRC","0",5,"0","-","0","0","0"
1,"Ixi8k6",1,1154,2003,134,"Mauritius","MTS","MUS",76,"Greece","GRE","GRC","0",5,"0","-","0","0","0"
1,"Ixi8k6",1,1155,2000,135,"Myanmar","MYA","MMR",76,"Greece","GRE","GRC","0",7,"0","-","0","0","0"
1,"Ixi8k6",1,1156,2001,135,"Myanmar","MYA","MMR",76,"Greece","GRE","GRC","0",9,"0","-","0","0","0"
1,"Ixi8k6",1,1157,2002,135,"Myanmar","MYA","MMR",76,"Greece","GRE","GRC","0",7,"0","-","0","0","0"
1,"Ixi8k6",1,1158,2003,135,"Myanmar","MYA","MMR",76,"Greece","GRE","GRC","0",360,"0","-","0","0","0"
1,"Ixi8k6",1,1159,2004,135,"Myanmar","MYA","MMR",76,"Greece","GRE","GRC","0",278,"0","-","0","0","0"
1,"Ixi8k6",1,1160,2005,135,"Myanmar","MYA","MMR",76,"Greece","GRE","GRC",5,61,"0","-","0","0","0"
1,"Ixi8k6",1,1161,2006,135,"Myanmar","MYA","MMR",76,"Greece","GRE","GRC",8,36,"0","-","0","0","0"
1,"Ixi8k6",1,1162,2007,135,"Myanmar","MYA","MMR",76,"Greece","GRE","GRC",8,39,"0","-","0","0","0"
1,"Ixi8k6",1,1163,2008,135,"Myanmar","MYA","MMR",76,"Greece","GRE","GRC",8,39,"0","-","0","0","0"
1,"Ixi8k6",1,1164,2009,135,"Myanmar","MYA","MMR",76,"Greece","GRE","GRC",8,"0","0","-","0","0","0"
1,"Ixi8k6",1,1165,2010,135,"Myanmar","MYA","MMR",76,"Greece","GRE","GRC",8,21,"0","-","0","0","0"
1,"Ixi8k6",1,1166,2011,135,"Myanmar","MYA","MMR",76,"Greece","GRE","GRC",6,"0","0","-","0","0","0"
1,"Ixi8k6",1,1167,2012,135,"Myanmar","MYA","MMR",76,"Greece","GRE","GRC",6,"0","0","-","0","0","0"
1,"Ixi8k6",1,1168,2013,135,"Myanmar","MYA","MMR",76,"Greece","GRE","GRC",6,45,"0","-","0","0","0"
1,"Ixi8k6",1,1169,2014,135,"Myanmar","MYA","MMR",76,"Greece","GRE","GRC",10,5,"0","-","0","0","0"
1,"Ixi8k6",1,1170,2015,135,"Myanmar","MYA","MMR",76,"Greece","GRE","GRC",13,13,"0","-","0","0","0"
1,"Ixi8k6",1,1171,2016,135,"Myanmar","MYA","MMR",76,"Greece","GRE","GRC",15,22,"0","-","0","0","0"
1,"Ixi8k6",1,1172,2017,135,"Myanmar","MYA","MMR",76,"Greece","GRE","GRC",30,61,"0","-","0","0","0"
1,"Ixi8k6",1,1173,2018,135,"Myanmar","MYA","MMR",76,"Greece","GRE","GRC",50,65,"0","-","0","0","0"
1,"Ixi8k6",1,1174,2019,135,"Myanmar","MYA","MMR",76,"Greece","GRE","GRC",74,24,"0","-","0","0","0"
1,"Ixi8k6",1,1175,2020,135,"Myanmar","MYA","MMR",76,"Greece","GRE","GRC",101,16,"0","-","0","0","0"
1,"Ixi8k6",1,1176,2021,135,"Myanmar","MYA","MMR",76,"Greece","GRE","GRC",100,7,"0","-","0","0","0"
1,"Ixi8k6",1,1177,2022,135,"Myanmar","MYA","MMR",76,"Greece","GRE","GRC",108,5,"0","-","0","0","0"
1,"Ixi8k6",1,1178,2023,135,"Myanmar","MYA","MMR",76,"Greece","GRE","GRC",126,8,"0","-","0","0","0"
1,"Ixi8k6",1,1179,2024,135,"Myanmar","MYA","MMR",76,"Greece","GRE","GRC",26,5,"0","-","0","0","0"
1,"Ixi8k6",1,1180,2025,135,"Myanmar","MYA","MMR",76,"Greece","GRE","GRC",26,11,"0","-","0","0","0"
1,"Ixi8k6",1,1181,2010,137,"Nepal","NEP","NPL",76,"Greece","GRE","GRC","0",16,"0","-","0","0","0"
1,"Ixi8k6",1,1182,2013,137,"Nepal","NEP","NPL",76,"Greece","GRE","GRC","0",24,"0","-","0","0","0"
1,"Ixi8k6",1,1183,2014,137,"Nepal","NEP","NPL",76,"Greece","GRE","GRC","0",5,"0","-","0","0","0"
1,"Ixi8k6",1,1184,2016,137,"Nepal","NEP","NPL",76,"Greece","GRE","GRC","0",30,"0","-","0","0","0"
1,"Ixi8k6",1,1185,2017,137,"Nepal","NEP","NPL",76,"Greece","GRE","GRC",5,63,"0","-","0","0","0"
1,"Ixi8k6",1,1186,2018,137,"Nepal","NEP","NPL",76,"Greece","GRE","GRC",10,138,"0","-","0","0","0"
1,"Ixi8k6",1,1187,2019,137,"Nepal","NEP","NPL",76,"Greece","GRE","GRC",12,175,"0","-","0","0","0"
1,"Ixi8k6",1,1188,2020,137,"Nepal","NEP","NPL",76,"Greece","GRE","GRC",16,164,"0","-","0","0","0"
1,"Ixi8k6",1,1189,2021,137,"Nepal","NEP","NPL",76,"Greece","GRE","GRC",28,88,"0","-","0","0","0"
1,"Ixi8k6",1,1190,2022,137,"Nepal","NEP","NPL",76,"Greece","GRE","GRC",30,63,"0","-","0","0","0"
1,"Ixi8k6",1,1191,2023,137,"Nepal","NEP","NPL",76,"Greece","GRE","GRC",32,364,"0","-","0","0","0"
1,"Ixi8k6",1,1192,2024,137,"Nepal","NEP","NPL",76,"Greece","GRE","GRC",23,828,"0","-","0","0","0"
1,"Ixi8k6",1,1193,2025,137,"Nepal","NEP","NPL",76,"Greece","GRE","GRC",23,1533,"0","-","0","0","0"
1,"Ixi8k6",1,1194,2013,139,"Niger","NGR","NER",76,"Greece","GRE","GRC","0",8,"0","-","0","0","0"
1,"Ixi8k6",1,1195,2016,139,"Niger","NGR","NER",76,"Greece","GRE","GRC","0",13,"0","-","0","0","0"
1,"Ixi8k6",1,1196,2017,139,"Niger","NGR","NER",76,"Greece","GRE","GRC",5,5,"0","-","0","0","0"
1,"Ixi8k6",1,1197,2018,139,"Niger","NGR","NER",76,"Greece","GRE","GRC",5,5,"0","-","0","0","0"
1,"Ixi8k6",1,1198,2019,139,"Niger","NGR","NER",76,"Greece","GRE","GRC",7,18,"0","-","0","0","0"
1,"Ixi8k6",1,1199,2020,139,"Niger","NGR","NER",76,"Greece","GRE","GRC",12,25,"0","-","0","0","0"
1,"Ixi8k6",1,1200,2021,139,"Niger","NGR","NER",76,"Greece","GRE","GRC",19,6,"0","-","0","0","0"
1,"Ixi8k6",1,1201,2022,139,"Niger","NGR","NER",76,"Greece","GRE","GRC",19,6,"0","-","0","0","0"
1,"Ixi8k6",1,1202,2023,139,"Niger","NGR","NER",76,"Greece","GRE","GRC",20,5,"0","-","0","0","0"
1,"Ixi8k6",1,1203,2024,139,"Niger","NGR","NER",76,"Greece","GRE","GRC",7,7,"0","-","0","0","0"
1,"Ixi8k6",1,1204,2025,139,"Niger","NGR","NER",76,"Greece","GRE","GRC",7,6,"0","-","0","0","0"
1,"Ixi8k6",1,1205,2024,140,"Nicaragua","NIC","NIC",76,"Greece","GRE","GRC",5,"0","0","-","0","0","0"
1,"Ixi8k6",1,1206,2025,140,"Nicaragua","NIC","NIC",76,"Greece","GRE","GRC",5,"0","0","-","0","0","0"
1,"Ixi8k6",1,1207,2000,141,"Nigeria","NIG","NGA",76,"Greece","GRE","GRC",11,6,"0","-","0","0","0"
1,"Ixi8k6",1,1208,2001,141,"Nigeria","NIG","NGA",76,"Greece","GRE","GRC",13,27,"0","-","0","0","0"
1,"Ixi8k6",1,1209,2002,141,"Nigeria","NIG","NGA",76,"Greece","GRE","GRC",21,88,"0","-","0","0","0"
1,"Ixi8k6",1,1210,2003,141,"Nigeria","NIG","NGA",76,"Greece","GRE","GRC",20,256,"0","-","0","0","0"
1,"Ixi8k6",1,1211,2004,141,"Nigeria","NIG","NGA",76,"Greece","GRE","GRC",21,352,"0","-","0","0","0"
1,"Ixi8k6",1,1212,2005,141,"Nigeria","NIG","NGA",76,"Greece","GRE","GRC",26,172,"0","-","0","0","0"
1,"Ixi8k6",1,1213,2006,141,"Nigeria","NIG","NGA",76,"Greece","GRE","GRC",39,"0","0","-","0","0","0"
1,"Ixi8k6",1,1214,2007,141,"Nigeria","NIG","NGA",76,"Greece","GRE","GRC",43,157,"0","-","0","0","0"
1,"Ixi8k6",1,1215,2008,141,"Nigeria","NIG","NGA",76,"Greece","GRE","GRC",40,186,"0","-","0","0","0"
1,"Ixi8k6",1,1216,2009,141,"Nigeria","NIG","NGA",76,"Greece","GRE","GRC",35,"0","0","-","0","0","0"
1,"Ixi8k6",1,1217,2010,141,"Nigeria","NIG","NGA",76,"Greece","GRE","GRC",40,1768,"0","-","0","0","0"
1,"Ixi8k6",1,1218,2011,141,"Nigeria","NIG","NGA",76,"Greece","GRE","GRC",39,"0","0","-","0","0","0"
1,"Ixi8k6",1,1219,2012,141,"Nigeria","NIG","NGA",76,"Greece","GRE","GRC",49,"0","0","-","0","0","0"
1,"Ixi8k6",1,1220,2013,141,"Nigeria","NIG","NGA",76,"Greece","GRE","GRC",103,1838,"0","-","0","0","0"
1,"Ixi8k6",1,1221,2014,141,"Nigeria","NIG","NGA",76,"Greece","GRE","GRC",185,254,"0","-","0","0","0"
1,"Ixi8k6",1,1222,2015,141,"Nigeria","NIG","NGA",76,"Greece","GRE","GRC",231,232,"0","-","0","0","0"
1,"Ixi8k6",1,1223,2016,141,"Nigeria","NIG","NGA",76,"Greece","GRE","GRC",237,380,"0","-","0","0","0"
1,"Ixi8k6",1,1224,2017,141,"Nigeria","NIG","NGA",76,"Greece","GRE","GRC",265,238,"0","-","0","0","0"
1,"Ixi8k6",1,1225,2018,141,"Nigeria","NIG","NGA",76,"Greece","GRE","GRC",285,274,"0","-","0","0","0"
1,"Ixi8k6",1,1226,2019,141,"Nigeria","NIG","NGA",76,"Greece","GRE","GRC",297,200,"0","-","0","0","0"
1,"Ixi8k6",1,1227,2020,141,"Nigeria","NIG","NGA",76,"Greece","GRE","GRC",331,235,"0","-","0","0","0"
1,"Ixi8k6",1,1228,2021,141,"Nigeria","NIG","NGA",76,"Greece","GRE","GRC",374,158,"0","-","0","0","0"
1,"Ixi8k6",1,1229,2022,141,"Nigeria","NIG","NGA",76,"Greece","GRE","GRC",387,102,"0","-","0","0","0"
1,"Ixi8k6",1,1230,2023,141,"Nigeria","NIG","NGA",76,"Greece","GRE","GRC",354,144,"0","-","0","0","0"
1,"Ixi8k6",1,1231,2024,141,"Nigeria","NIG","NGA",76,"Greece","GRE","GRC",261,100,"0","-","0","0","0"
1,"Ixi8k6",1,1232,2025,141,"Nigeria","NIG","NGA",76,"Greece","GRE","GRC",261,115,"0","-","0","0","0"
1,"Ixi8k6",1,1233,1993,147,"Pakistan","PAK","PAK",76,"Greece","GRE","GRC",8,"0","0","-","0","0","0"
1,"Ixi8k6",1,1234,1994,147,"Pakistan","PAK","PAK",76,"Greece","GRE","GRC",8,"0","0","-","0","0","0"
1,"Ixi8k6",1,1235,2000,147,"Pakistan","PAK","PAK",76,"Greece","GRE","GRC","0",48,"0","-","0","0","0"
1,"Ixi8k6",1,1236,2001,147,"Pakistan","PAK","PAK",76,"Greece","GRE","GRC",5,277,"0","-","0","0","0"
1,"Ixi8k6",1,1237,2002,147,"Pakistan","PAK","PAK",76,"Greece","GRE","GRC",7,155,"0","-","0","0","0"
1,"Ixi8k6",1,1238,2003,147,"Pakistan","PAK","PAK",76,"Greece","GRE","GRC",7,503,"0","-","0","0","0"
1,"Ixi8k6",1,1239,2004,147,"Pakistan","PAK","PAK",76,"Greece","GRE","GRC",8,411,"0","-","0","0","0"
1,"Ixi8k6",1,1240,2005,147,"Pakistan","PAK","PAK",76,"Greece","GRE","GRC",10,288,"0","-","0","0","0"
1,"Ixi8k6",1,1241,2006,147,"Pakistan","PAK","PAK",76,"Greece","GRE","GRC",11,540,"0","-","0","0","0"
1,"Ixi8k6",1,1242,2007,147,"Pakistan","PAK","PAK",76,"Greece","GRE","GRC",13,1918,"0","-","0","0","0"
1,"Ixi8k6",1,1243,2008,147,"Pakistan","PAK","PAK",76,"Greece","GRE","GRC",13,17,"0","-","0","0","0"
1,"Ixi8k6",1,1244,2009,147,"Pakistan","PAK","PAK",76,"Greece","GRE","GRC",14,"0","0","-","0","0","0"
1,"Ixi8k6",1,1245,2010,147,"Pakistan","PAK","PAK",76,"Greece","GRE","GRC",12,13700,"0","-","0","0","0"
1,"Ixi8k6",1,1246,2011,147,"Pakistan","PAK","PAK",76,"Greece","GRE","GRC",20,"0","0","-","0","0","0"
1,"Ixi8k6",1,1247,2012,147,"Pakistan","PAK","PAK",76,"Greece","GRE","GRC",19,"0","0","-","0","0","0"
1,"Ixi8k6",1,1248,2013,147,"Pakistan","PAK","PAK",76,"Greece","GRE","GRC",84,16055,"0","-","0","0","0"
1,"Ixi8k6",1,1249,2014,147,"Pakistan","PAK","PAK",76,"Greece","GRE","GRC",441,994,"0","-","0","0","0"
1,"Ixi8k6",1,1250,2015,147,"Pakistan","PAK","PAK",76,"Greece","GRE","GRC",522,1060,"0","-","0","0","0"
1,"Ixi8k6",1,1251,2016,147,"Pakistan","PAK","PAK",76,"Greece","GRE","GRC",590,4067,"0","-","0","0","0"
1,"Ixi8k6",1,1252,2017,147,"Pakistan","PAK","PAK",76,"Greece","GRE","GRC",726,7705,"0","-","0","0","0"
1,"Ixi8k6",1,1253,2018,147,"Pakistan","PAK","PAK",76,"Greece","GRE","GRC",902,9868,"0","-","0","0","0"
1,"Ixi8k6",1,1254,2019,147,"Pakistan","PAK","PAK",76,"Greece","GRE","GRC",1019,6018,"0","-","0","0","0"
1,"Ixi8k6",1,1255,2020,147,"Pakistan","PAK","PAK",76,"Greece","GRE","GRC",1150,5423,"0","-","0","0","0"
1,"Ixi8k6",1,1256,2021,147,"Pakistan","PAK","PAK",76,"Greece","GRE","GRC",1279,3790,"0","-","0","0","0"
1,"Ixi8k6",1,1257,2022,147,"Pakistan","PAK","PAK",76,"Greece","GRE","GRC",1406,2524,"0","-","0","0","0"
1,"Ixi8k6",1,1258,2023,147,"Pakistan","PAK","PAK",76,"Greece","GRE","GRC",1422,1484,"0","-","0","0","0"
1,"Ixi8k6",1,1259,2024,147,"Pakistan","PAK","PAK",76,"Greece","GRE","GRC",504,684,"0","-","0","0","0"
1,"Ixi8k6",1,1260,2025,147,"Pakistan","PAK","PAK",76,"Greece","GRE","GRC",504,1143,"0","-","0","0","0"
1,"Ixi8k6",1,1261,2023,149,"Paraguay","PAR","PRY",76,"Greece","GRE","GRC","0",5,"0","-","0","0","0"
1,"Ixi8k6",1,1262,2019,150,"Peru","PER","PER",76,"Greece","GRE","GRC","0",5,"0","-","0","0","0"
1,"Ixi8k6",1,1263,2020,150,"Peru","PER","PER",76,"Greece","GRE","GRC","0",5,"0","-","0","0","0"
1,"Ixi8k6",1,1264,2024,150,"Peru","PER","PER",76,"Greece","GRE","GRC","0",5,"0","-","0","0","0"
1,"Ixi8k6",1,1265,2025,150,"Peru","PER","PER",76,"Greece","GRE","GRC","0",7,"0","-","0","0","0"
1,"Ixi8k6",1,1266,1993,151,"Philippines","PHI","PHL",76,"Greece","GRE","GRC",8,"0","0","-","0","0","0"
1,"Ixi8k6",1,1267,1994,151,"Philippines","PHI","PHL",76,"Greece","GRE","GRC",8,"0","0","-","0","0","0"
1,"Ixi8k6",1,1268,2001,151,"Philippines","PHI","PHL",76,"Greece","GRE","GRC",7,"0","0","-","0","0","0"
1,"Ixi8k6",1,1269,2003,151,"Philippines","PHI","PHL",76,"Greece","GRE","GRC","0",157,"0","-","0","0","0"
1,"Ixi8k6",1,1270,2004,151,"Philippines","PHI","PHL",76,"Greece","GRE","GRC","0",161,"0","-","0","0","0"
1,"Ixi8k6",1,1271,2005,151,"Philippines","PHI","PHL",76,"Greece","GRE","GRC","0",159,"0","-","0","0","0"
1,"Ixi8k6",1,1272,2006,151,"Philippines","PHI","PHL",76,"Greece","GRE","GRC","0",154,"0","-","0","0","0"
1,"Ixi8k6",1,1273,2007,151,"Philippines","PHI","PHL",76,"Greece","GRE","GRC","0",151,"0","-","0","0","0"
1,"Ixi8k6",1,1274,2008,151,"Philippines","PHI","PHL",76,"Greece","GRE","GRC","0",166,"0","-","0","0","0"
1,"Ixi8k6",1,1275,2010,151,"Philippines","PHI","PHL",76,"Greece","GRE","GRC","0",92,"0","-","0","0","0"
1,"Ixi8k6",1,1276,2013,151,"Philippines","PHI","PHL",76,"Greece","GRE","GRC","0",165,"0","-","0","0","0"
1,"Ixi8k6",1,1277,2014,151,"Philippines","PHI","PHL",76,"Greece","GRE","GRC",6,10,"0","-","0","0","0"
1,"Ixi8k6",1,1278,2015,151,"Philippines","PHI","PHL",76,"Greece","GRE","GRC",7,5,"0","-","0","0","0"
1,"Ixi8k6",1,1279,2016,151,"Philippines","PHI","PHL",76,"Greece","GRE","GRC",7,5,"0","-","0","0","0"
1,"Ixi8k6",1,1280,2017,151,"Philippines","PHI","PHL",76,"Greece","GRE","GRC",7,6,"0","-","0","0","0"
1,"Ixi8k6",1,1281,2018,151,"Philippines","PHI","PHL",76,"Greece","GRE","GRC",7,7,"0","-","0","0","0"
1,"Ixi8k6",1,1282,2019,151,"Philippines","PHI","PHL",76,"Greece","GRE","GRC",7,7,"0","-","0","0","0"
1,"Ixi8k6",1,1283,2020,151,"Philippines","PHI","PHL",76,"Greece","GRE","GRC",7,6,"0","-","0","0","0"
1,"Ixi8k6",1,1284,2021,151,"Philippines","PHI","PHL",76,"Greece","GRE","GRC",7,5,"0","-","0","0","0"
1,"Ixi8k6",1,1285,2022,151,"Philippines","PHI","PHL",76,"Greece","GRE","GRC",6,5,"0","-","0","0","0"
1,"Ixi8k6",1,1286,2023,151,"Philippines","PHI","PHL",76,"Greece","GRE","GRC",6,13,"0","-","0","0","0"
1,"Ixi8k6",1,1287,2024,151,"Philippines","PHI","PHL",76,"Greece","GRE","GRC","0",37,"0","-","0","0","0"
1,"Ixi8k6",1,1288,2025,151,"Philippines","PHI","PHL",76,"Greece","GRE","GRC",5,56,"0","-","0","0","0"
1,"Ixi8k6",1,1289,1982,154,"Poland","POL","POL",76,"Greece","GRE","GRC",80,"0","0","-","0","0","0"
1,"Ixi8k6",1,1290,1983,154,"Poland","POL","POL",76,"Greece","GRE","GRC",90,"0","0","-","0","0","0"
1,"Ixi8k6",1,1291,1984,154,"Poland","POL","POL",76,"Greece","GRE","GRC",350,"0","0","-","0","0","0"
1,"Ixi8k6",1,1292,1985,154,"Poland","POL","POL",76,"Greece","GRE","GRC",680,"0","0","-","0","0","0"
1,"Ixi8k6",1,1293,1986,154,"Poland","POL","POL",76,"Greece","GRE","GRC",310,"0","0","-","0","0","0"
1,"Ixi8k6",1,1294,1987,154,"Poland","POL","POL",76,"Greece","GRE","GRC",530,"0","0","-","0","0","0"
1,"Ixi8k6",1,1295,1988,154,"Poland","POL","POL",76,"Greece","GRE","GRC",710,"0","0","-","0","0","0"
1,"Ixi8k6",1,1296,1989,154,"Poland","POL","POL",76,"Greece","GRE","GRC",1270,"0","0","-","0","0","0"
1,"Ixi8k6",1,1297,1993,154,"Poland","POL","POL",76,"Greece","GRE","GRC",970,"0","0","-","0","0","0"
1,"Ixi8k6",1,1298,1994,154,"Poland","POL","POL",76,"Greece","GRE","GRC",970,"0","0","-","0","0","0"
1,"Ixi8k6",1,1299,2001,154,"Poland","POL","POL",76,"Greece","GRE","GRC",1655,"0","0","-","0","0","0"
1,"Ixi8k6",1,1300,2003,154,"Poland","POL","POL",76,"Greece","GRE","GRC","0",5,"0","-","0","0","0"
1,"Ixi8k6",1,1301,1970,158,"Romania","ROM","ROU",76,"Greece","GRE","GRC",50,"0","0","-","0","0","0"
1,"Ixi8k6",1,1302,1982,158,"Romania","ROM","ROU",76,"Greece","GRE","GRC",190,"0","0","-","0","0","0"
1,"Ixi8k6",1,1303,1983,158,"Romania","ROM","ROU",76,"Greece","GRE","GRC",200,"0","0","-","0","0","0"
1,"Ixi8k6",1,1304,1984,158,"Romania","ROM","ROU",76,"Greece","GRE","GRC",80,"0","0","-","0","0","0"
1,"Ixi8k6",1,1305,1985,158,"Romania","ROM","ROU",76,"Greece","GRE","GRC",150,"0","0","-","0","0","0"
1,"Ixi8k6",1,1306,1986,158,"Romania","ROM","ROU",76,"Greece","GRE","GRC",90,"0","0","-","0","0","0"
1,"Ixi8k6",1,1307,1987,158,"Romania","ROM","ROU",76,"Greece","GRE","GRC",310,"0","0","-","0","0","0"
1,"Ixi8k6",1,1308,1988,158,"Romania","ROM","ROU",76,"Greece","GRE","GRC",330,"0","0","-","0","0","0"
1,"Ixi8k6",1,1309,1989,158,"Romania","ROM","ROU",76,"Greece","GRE","GRC",470,"0","0","-","0","0","0"
1,"Ixi8k6",1,1310,1993,158,"Romania","ROM","ROU",76,"Greece","GRE","GRC",272,"0","0","-","0","0","0"
1,"Ixi8k6",1,1311,1994,158,"Romania","ROM","ROU",76,"Greece","GRE","GRC",272,"0","0","-","0","0","0"
1,"Ixi8k6",1,1312,2001,158,"Romania","ROM","ROU",76,"Greece","GRE","GRC",744,"0","0","-","0","0","0"
1,"Ixi8k6",1,1313,2004,158,"Romania","ROM","ROU",76,"Greece","GRE","GRC","0",29,"0","-","0","0","0"
1,"Ixi8k6",1,1314,2005,158,"Romania","ROM","ROU",76,"Greece","GRE","GRC","0",8,"0","-","0","0","0"
1,"Ixi8k6",1,1315,1994,159,"South Africa","RSA","ZAF",76,"Greece","GRE","GRC",5,"0","0","-","0","0","0"
1,"Ixi8k6",1,1316,2005,159,"South Africa","RSA","ZAF",76,"Greece","GRE","GRC","0",5,"0","-","0","0","0"
1,"Ixi8k6",1,1317,2006,159,"South Africa","RSA","ZAF",76,"Greece","GRE","GRC","0",5,"0","-","0","0","0"
1,"Ixi8k6",1,1318,2007,159,"South Africa","RSA","ZAF",76,"Greece","GRE","GRC","0",5,"0","-","0","0","0"
1,"Ixi8k6",1,1319,2008,159,"South Africa","RSA","ZAF",76,"Greece","GRE","GRC","0",6,"0","-","0","0","0"
1,"Ixi8k6",1,1320,2013,159,"South Africa","RSA","ZAF",76,"Greece","GRE","GRC","0",5,"0","-","0","0","0"
1,"Ixi8k6",1,1321,1993,160,"Russian Federation","RUS","RUS",76,"Greece","GRE","GRC",10,"0","0","-","0","0","0"
1,"Ixi8k6",1,1322,1994,160,"Russian Federation","RUS","RUS",76,"Greece","GRE","GRC",10,"0","0","-","0","0","0"
1,"Ixi8k6",1,1323,2000,160,"Russian Federation","RUS","RUS",76,"Greece","GRE","GRC","0",12,"0","-","0","0","0"
1,"Ixi8k6",1,1324,2001,160,"Russian Federation","RUS","RUS",76,"Greece","GRE","GRC",23,20,"0","-","0","0","0"
1,"Ixi8k6",1,1325,2002,160,"Russian Federation","RUS","RUS",76,"Greece","GRE","GRC",9,"0","0","-","0","0","0"
1,"Ixi8k6",1,1326,2003,160,"Russian Federation","RUS","RUS",76,"Greece","GRE","GRC",9,6,"0","-","0","0","0"
1,"Ixi8k6",1,1327,2004,160,"Russian Federation","RUS","RUS",76,"Greece","GRE","GRC",9,15,"0","-","0","0","0"
1,"Ixi8k6",1,1328,2005,160,"Russian Federation","RUS","RUS",76,"Greece","GRE","GRC",16,"0","0","-","0","0","0"
1,"Ixi8k6",1,1329,2006,160,"Russian Federation","RUS","RUS",76,"Greece","GRE","GRC",18,"0","0","-","0","0","0"
1,"Ixi8k6",1,1330,2007,160,"Russian Federation","RUS","RUS",76,"Greece","GRE","GRC",18,18,"0","-","0","0","0"
1,"Ixi8k6",1,1331,2008,160,"Russian Federation","RUS","RUS",76,"Greece","GRE","GRC",18,35,"0","-","0","0","0"
1,"Ixi8k6",1,1332,2009,160,"Russian Federation","RUS","RUS",76,"Greece","GRE","GRC",18,"0","0","-","0","0","0"
1,"Ixi8k6",1,1333,2010,160,"Russian Federation","RUS","RUS",76,"Greece","GRE","GRC",21,124,"0","-","0","0","0"
1,"Ixi8k6",1,1334,2011,160,"Russian Federation","RUS","RUS",76,"Greece","GRE","GRC",21,"0","0","-","0","0","0"
1,"Ixi8k6",1,1335,2012,160,"Russian Federation","RUS","RUS",76,"Greece","GRE","GRC",14,"0","0","-","0","0","0"
1,"Ixi8k6",1,1336,2013,160,"Russian Federation","RUS","RUS",76,"Greece","GRE","GRC",14,137,"0","-","0","0","0"
1,"Ixi8k6",1,1337,2014,160,"Russian Federation","RUS","RUS",76,"Greece","GRE","GRC",19,13,"0","-","0","0","0"
1,"Ixi8k6",1,1338,2015,160,"Russian Federation","RUS","RUS",76,"Greece","GRE","GRC",12,22,"0","-","0","0","0"
1,"Ixi8k6",1,1339,2016,160,"Russian Federation","RUS","RUS",76,"Greece","GRE","GRC",10,32,"0","-","0","0","0"
1,"Ixi8k6",1,1340,2017,160,"Russian Federation","RUS","RUS",76,"Greece","GRE","GRC",11,33,"0","-","0","0","0"
1,"Ixi8k6",1,1341,2018,160,"Russian Federation","RUS","RUS",76,"Greece","GRE","GRC",12,67,"0","-","0","0","0"
1,"Ixi8k6",1,1342,2019,160,"Russian Federation","RUS","RUS",76,"Greece","GRE","GRC",18,64,"0","-","0","0","0"
1,"Ixi8k6",1,1343,2020,160,"Russian Federation","RUS","RUS",76,"Greece","GRE","GRC",16,47,"0","-","0","0","0"
1,"Ixi8k6",1,1344,2021,160,"Russian Federation","RUS","RUS",76,"Greece","GRE","GRC",21,35,"0","-","0","0","0"
1,"Ixi8k6",1,1345,2022,160,"Russian Federation","RUS","RUS",76,"Greece","GRE","GRC",24,49,"0","-","0","0","0"
1,"Ixi8k6",1,1346,2023,160,"Russian Federation","RUS","RUS",76,"Greece","GRE","GRC",151,71,"0","-","0","0","0"
1,"Ixi8k6",1,1347,2024,160,"Russian Federation","RUS","RUS",76,"Greece","GRE","GRC",36,36,"0","-","0","0","0"
1,"Ixi8k6",1,1348,2025,160,"Russian Federation","RUS","RUS",76,"Greece","GRE","GRC",159,43,"0","-","0","0","0"
1,"Ixi8k6",1,1349,2000,161,"Rwanda","RWA","RWA",76,"Greece","GRE","GRC","0",5,"0","-","0","0","0"
1,"Ixi8k6",1,1350,2001,161,"Rwanda","RWA","RWA",76,"Greece","GRE","GRC",13,12,"0","-","0","0","0"
1,"Ixi8k6",1,1351,2002,161,"Rwanda","RWA","RWA",76,"Greece","GRE","GRC",17,16,"0","-","0","0","0"
1,"Ixi8k6",1,1352,2003,161,"Rwanda","RWA","RWA",76,"Greece","GRE","GRC",17,16,"0","-","0","0","0"
1,"Ixi8k6",1,1353,2004,161,"Rwanda","RWA","RWA",76,"Greece","GRE","GRC",18,10,"0","-","0","0","0"
1,"Ixi8k6",1,1354,2005,161,"Rwanda","RWA","RWA",76,"Greece","GRE","GRC",18,"0","0","-","0","0","0"
1,"Ixi8k6",1,1355,2006,161,"Rwanda","RWA","RWA",76,"Greece","GRE","GRC",20,"0","0","-","0","0","0"
1,"Ixi8k6",1,1356,2007,161,"Rwanda","RWA","RWA",76,"Greece","GRE","GRC",20,6,"0","-","0","0","0"
1,"Ixi8k6",1,1357,2008,161,"Rwanda","RWA","RWA",76,"Greece","GRE","GRC",17,"0","0","-","0","0","0"
1,"Ixi8k6",1,1358,2009,161,"Rwanda","RWA","RWA",76,"Greece","GRE","GRC",9,"0","0","-","0","0","0"
1,"Ixi8k6",1,1359,2010,161,"Rwanda","RWA","RWA",76,"Greece","GRE","GRC",5,27,"0","-","0","0","0"
1,"Ixi8k6",1,1360,2011,161,"Rwanda","RWA","RWA",76,"Greece","GRE","GRC",5,"0","0","-","0","0","0"
1,"Ixi8k6",1,1361,2012,161,"Rwanda","RWA","RWA",76,"Greece","GRE","GRC",5,"0","0","-","0","0","0"
1,"Ixi8k6",1,1362,2013,161,"Rwanda","RWA","RWA",76,"Greece","GRE","GRC",7,53,"0","-","0","0","0"
1,"Ixi8k6",1,1363,2014,161,"Rwanda","RWA","RWA",76,"Greece","GRE","GRC",11,5,"0","-","0","0","0"
1,"Ixi8k6",1,1364,2015,161,"Rwanda","RWA","RWA",76,"Greece","GRE","GRC",9,10,"0","-","0","0","0"
1,"Ixi8k6",1,1365,2016,161,"Rwanda","RWA","RWA",76,"Greece","GRE","GRC",7,6,"0","-","0","0","0"
1,"Ixi8k6",1,1366,2017,161,"Rwanda","RWA","RWA",76,"Greece","GRE","GRC",8,"0","0","-","0","0","0"
1,"Ixi8k6",1,1367,2018,161,"Rwanda","RWA","RWA",76,"Greece","GRE","GRC",10,10,"0","-","0","0","0"
1,"Ixi8k6",1,1368,2019,161,"Rwanda","RWA","RWA",76,"Greece","GRE","GRC",10,5,"0","-","0","0","0"
1,"Ixi8k6",1,1369,2020,161,"Rwanda","RWA","RWA",76,"Greece","GRE","GRC",10,"0","0","-","0","0","0"
1,"Ixi8k6",1,1370,2021,161,"Rwanda","RWA","RWA",76,"Greece","GRE","GRC",10,"0","0","-","0","0","0"
1,"Ixi8k6",1,1371,2022,161,"Rwanda","RWA","RWA",76,"Greece","GRE","GRC",9,"0","0","-","0","0","0"
1,"Ixi8k6",1,1372,2023,161,"Rwanda","RWA","RWA",76,"Greece","GRE","GRC",7,"0","0","-","0","0","0"
1,"Ixi8k6",1,1373,2013,162,"El Salvador","SAL","SLV",76,"Greece","GRE","GRC","0",5,"0","-","0","0","0"
1,"Ixi8k6",1,1374,2014,162,"El Salvador","SAL","SLV",76,"Greece","GRE","GRC",5,"0","0","-","0","0","0"
1,"Ixi8k6",1,1375,2015,162,"El Salvador","SAL","SLV",76,"Greece","GRE","GRC",6,5,"0","-","0","0","0"
1,"Ixi8k6",1,1376,2016,162,"El Salvador","SAL","SLV",76,"Greece","GRE","GRC",6,5,"0","-","0","0","0"
1,"Ixi8k6",1,1377,2017,162,"El Salvador","SAL","SLV",76,"Greece","GRE","GRC",7,6,"0","-","0","0","0"
1,"Ixi8k6",1,1378,2018,162,"El Salvador","SAL","SLV",76,"Greece","GRE","GRC",10,5,"0","-","0","0","0"
1,"Ixi8k6",1,1379,2019,162,"El Salvador","SAL","SLV",76,"Greece","GRE","GRC",12,"0","0","-","0","0","0"
1,"Ixi8k6",1,1380,2020,162,"El Salvador","SAL","SLV",76,"Greece","GRE","GRC",12,"0","0","-","0","0","0"
1,"Ixi8k6",1,1381,2021,162,"El Salvador","SAL","SLV",76,"Greece","GRE","GRC",12,"0","0","-","0","0","0"
1,"Ixi8k6",1,1382,2022,162,"El Salvador","SAL","SLV",76,"Greece","GRE","GRC",12,"0","0","-","0","0","0"
1,"Ixi8k6",1,1383,2023,162,"El Salvador","SAL","SLV",76,"Greece","GRE","GRC",11,5,"0","-","0","0","0"
1,"Ixi8k6",1,1384,2024,162,"El Salvador","SAL","SLV",76,"Greece","GRE","GRC",5,5,"0","-","0","0","0"
1,"Ixi8k6",1,1385,2025,162,"El Salvador","SAL","SLV",76,"Greece","GRE","GRC",5,5,"0","-","0","0","0"
1,"Ixi8k6",1,1386,2016,163,"Saudi Arabia","SAU","SAU",76,"Greece","GRE","GRC","0",5,"0","-","0","0","0"
1,"Ixi8k6",1,1387,2017,163,"Saudi Arabia","SAU","SAU",76,"Greece","GRE","GRC",5,5,"0","-","0","0","0"
1,"Ixi8k6",1,1388,2018,163,"Saudi Arabia","SAU","SAU",76,"Greece","GRE","GRC",7,"0","0","-","0","0","0"
1,"Ixi8k6",1,1389,2019,163,"Saudi Arabia","SAU","SAU",76,"Greece","GRE","GRC",7,"0","0","-","0","0","0"
1,"Ixi8k6",1,1390,2020,163,"Saudi Arabia","SAU","SAU",76,"Greece","GRE","GRC",7,5,"0","-","0","0","0"
1,"Ixi8k6",1,1391,2021,163,"Saudi Arabia","SAU","SAU",76,"Greece","GRE","GRC",8,"0","0","-","0","0","0"
1,"Ixi8k6",1,1392,2022,163,"Saudi Arabia","SAU","SAU",76,"Greece","GRE","GRC",8,"0","0","-","0","0","0"
1,"Ixi8k6",1,1393,2023,163,"Saudi Arabia","SAU","SAU",76,"Greece","GRE","GRC",8,"0","0","-","0","0","0"
1,"Ixi8k6",1,1394,1993,164,"Serbia and Kosovo: S/RES/1244 (1999)","SRB","SRB",76,"Greece","GRE","GRC",38,"0","0","-","0","0","0"
1,"Ixi8k6",1,1395,1994,164,"Serbia and Kosovo: S/RES/1244 (1999)","SRB","SRB",76,"Greece","GRE","GRC",38,"0","0","-","0","0","0"
1,"Ixi8k6",1,1396,1995,164,"Serbia and Kosovo: S/RES/1244 (1999)","SRB","SRB",76,"Greece","GRE","GRC",21,"0","0","-","0","0","0"
1,"Ixi8k6",1,1397,1996,164,"Serbia and Kosovo: S/RES/1244 (1999)","SRB","SRB",76,"Greece","GRE","GRC",13,"0","0","-","0","0","0"
1,"Ixi8k6",1,1398,1997,164,"Serbia and Kosovo: S/RES/1244 (1999)","SRB","SRB",76,"Greece","GRE","GRC",13,"0","0","-","0","0","0"
1,"Ixi8k6",1,1399,2000,164,"Serbia and Kosovo: S/RES/1244 (1999)","SRB","SRB",76,"Greece","GRE","GRC","0",11,"0","-","0","0","0"
1,"Ixi8k6",1,1400,2001,164,"Serbia and Kosovo: S/RES/1244 (1999)","SRB","SRB",76,"Greece","GRE","GRC",11,12,"0","-","0","0","0"
1,"Ixi8k6",1,1401,2002,164,"Serbia and Kosovo: S/RES/1244 (1999)","SRB","SRB",76,"Greece","GRE","GRC",35,"0","0","-","0","0","0"
1,"Ixi8k6",1,1402,2003,164,"Serbia and Kosovo: S/RES/1244 (1999)","SRB","SRB",76,"Greece","GRE","GRC",35,"0","0","-","0","0","0"
1,"Ixi8k6",1,1403,2004,164,"Serbia and Kosovo: S/RES/1244 (1999)","SRB","SRB",76,"Greece","GRE","GRC",32,"0","0","-","0","0","0"
1,"Ixi8k6",1,1404,2005,164,"Serbia and Kosovo: S/RES/1244 (1999)","SRB","SRB",76,"Greece","GRE","GRC",32,"0","0","-","0","0","0"
1,"Ixi8k6",1,1405,2006,164,"Serbia and Kosovo: S/RES/1244 (1999)","SRB","SRB",76,"Greece","GRE","GRC",30,6,"0","-","0","0","0"
1,"Ixi8k6",1,1406,2007,164,"Serbia and Kosovo: S/RES/1244 (1999)","SRB","SRB",76,"Greece","GRE","GRC",28,"0","0","-","0","0","0"
1,"Ixi8k6",1,1407,2008,164,"Serbia and Kosovo: S/RES/1244 (1999)","SRB","SRB",76,"Greece","GRE","GRC",12,"0","0","-","0","0","0"
1,"Ixi8k6",1,1408,2009,164,"Serbia and Kosovo: S/RES/1244 (1999)","SRB","SRB",76,"Greece","GRE","GRC",11,"0","0","-","0","0","0"
1,"Ixi8k6",1,1409,2010,164,"Serbia and Kosovo: S/RES/1244 (1999)","SRB","SRB",76,"Greece","GRE","GRC",8,9,"0","-","0","0","0"
1,"Ixi8k6",1,1410,2011,164,"Serbia and Kosovo: S/RES/1244 (1999)","SRB","SRB",76,"Greece","GRE","GRC",8,"0","0","-","0","0","0"
1,"Ixi8k6",1,1411,2012,164,"Serbia and Kosovo: S/RES/1244 (1999)","SRB","SRB",76,"Greece","GRE","GRC",5,"0","0","-","0","0","0"
1,"Ixi8k6",1,1412,2013,164,"Serbia and Kosovo: S/RES/1244 (1999)","SRB","SRB",76,"Greece","GRE","GRC",5,15,"0","-","0","0","0"
1,"Ixi8k6",1,1413,2014,164,"Serbia and Kosovo: S/RES/1244 (1999)","SRB","SRB",76,"Greece","GRE","GRC",24,"0","0","-","0","0","0"
1,"Ixi8k6",1,1414,2015,164,"Serbia and Kosovo: S/RES/1244 (1999)","SRB","SRB",76,"Greece","GRE","GRC",26,"0","0","-","0","0","0"
1,"Ixi8k6",1,1415,2016,164,"Serbia and Kosovo: S/RES/1244 (1999)","SRB","SRB",76,"Greece","GRE","GRC",26,5,"0","-","0","0","0"
1,"Ixi8k6",1,1416,2017,164,"Serbia and Kosovo: S/RES/1244 (1999)","SRB","SRB",76,"Greece","GRE","GRC",22,10,"0","-","0","0","0"
1,"Ixi8k6",1,1417,2018,164,"Serbia and Kosovo: S/RES/1244 (1999)","SRB","SRB",76,"Greece","GRE","GRC",22,7,"0","-","0","0","0"
1,"Ixi8k6",1,1418,2019,164,"Serbia and Kosovo: S/RES/1244 (1999)","SRB","SRB",76,"Greece","GRE","GRC",22,19,"0","-","0","0","0"
1,"Ixi8k6",1,1419,2020,164,"Serbia and Kosovo: S/RES/1244 (1999)","SRB","SRB",76,"Greece","GRE","GRC",23,13,"0","-","0","0","0"
1,"Ixi8k6",1,1420,2021,164,"Serbia and Kosovo: S/RES/1244 (1999)","SRB","SRB",76,"Greece","GRE","GRC",23,6,"0","-","0","0","0"
1,"Ixi8k6",1,1421,2022,164,"Serbia and Kosovo: S/RES/1244 (1999)","SRB","SRB",76,"Greece","GRE","GRC",23,"0","0","-","0","0","0"
1,"Ixi8k6",1,1422,2023,164,"Serbia and Kosovo: S/RES/1244 (1999)","SRB","SRB",76,"Greece","GRE","GRC",24,"0","0","-","0","0","0"
1,"Ixi8k6",1,1423,2024,164,"Serbia and Kosovo: S/RES/1244 (1999)","SRB","SRB",76,"Greece","GRE","GRC","0",6,"0","-","0","0","0"
1,"Ixi8k6",1,1424,2025,164,"Serbia and Kosovo: S/RES/1244 (1999)","SRB","SRB",76,"Greece","GRE","GRC","0",5,"0","-","0","0","0"
1,"Ixi8k6",1,1425,2006,165,"Senegal","SEN","SEN",76,"Greece","GRE","GRC","0",8,"0","-","0","0","0"
1,"Ixi8k6",1,1426,2007,165,"Senegal","SEN","SEN",76,"Greece","GRE","GRC","0",63,"0","-","0","0","0"
1,"Ixi8k6",1,1427,2008,165,"Senegal","SEN","SEN",76,"Greece","GRE","GRC","0",18,"0","-","0","0","0"
1,"Ixi8k6",1,1428,2010,165,"Senegal","SEN","SEN",76,"Greece","GRE","GRC","0",880,"0","-","0","0","0"
1,"Ixi8k6",1,1429,2013,165,"Senegal","SEN","SEN",76,"Greece","GRE","GRC",12,1035,"0","-","0","0","0"
1,"Ixi8k6",1,1430,2014,165,"Senegal","SEN","SEN",76,"Greece","GRE","GRC",44,80,"0","-","0","0","0"
1,"Ixi8k6",1,1431,2015,165,"Senegal","SEN","SEN",76,"Greece","GRE","GRC",46,59,"0","-","0","0","0"
1,"Ixi8k6",1,1432,2016,165,"Senegal","SEN","SEN",76,"Greece","GRE","GRC",46,87,"0","-","0","0","0"
1,"Ixi8k6",1,1433,2017,165,"Senegal","SEN","SEN",76,"Greece","GRE","GRC",49,49,"0","-","0","0","0"
1,"Ixi8k6",1,1434,2018,165,"Senegal","SEN","SEN",76,"Greece","GRE","GRC",52,50,"0","-","0","0","0"
1,"Ixi8k6",1,1435,2019,165,"Senegal","SEN","SEN",76,"Greece","GRE","GRC",52,68,"0","-","0","0","0"
1,"Ixi8k6",1,1436,2020,165,"Senegal","SEN","SEN",76,"Greece","GRE","GRC",59,56,"0","-","0","0","0"
1,"Ixi8k6",1,1437,2021,165,"Senegal","SEN","SEN",76,"Greece","GRE","GRC",63,41,"0","-","0","0","0"
1,"Ixi8k6",1,1438,2022,165,"Senegal","SEN","SEN",76,"Greece","GRE","GRC",71,55,"0","-","0","0","0"
1,"Ixi8k6",1,1439,2023,165,"Senegal","SEN","SEN",76,"Greece","GRE","GRC",69,44,"0","-","0","0","0"
1,"Ixi8k6",1,1440,2024,165,"Senegal","SEN","SEN",76,"Greece","GRE","GRC",25,32,"0","-","0","0","0"
1,"Ixi8k6",1,1441,2025,165,"Senegal","SEN","SEN",76,"Greece","GRE","GRC",25,95,"0","-","0","0","0"
1,"Ixi8k6",1,1442,2023,168,"Singapore","SIN","SGP",76,"Greece","GRE","GRC","0",7,"0","-","0","0","0"
1,"Ixi8k6",1,1443,2024,168,"Singapore","SIN","SGP",76,"Greece","GRE","GRC","0",5,"0","-","0","0","0"
1,"Ixi8k6",1,1444,2025,168,"Singapore","SIN","SGP",76,"Greece","GRE","GRC","0",5,"0","-","0","0","0"
1,"Ixi8k6",1,1445,2000,169,"Sierra Leone","SLE","SLE",76,"Greece","GRE","GRC",16,35,"0","-","0","0","0"
1,"Ixi8k6",1,1446,2001,169,"Sierra Leone","SLE","SLE",76,"Greece","GRE","GRC",22,172,"0","-","0","0","0"
1,"Ixi8k6",1,1447,2002,169,"Sierra Leone","SLE","SLE",76,"Greece","GRE","GRC",22,48,"0","-","0","0","0"
1,"Ixi8k6",1,1448,2003,169,"Sierra Leone","SLE","SLE",76,"Greece","GRE","GRC",23,48,"0","-","0","0","0"
1,"Ixi8k6",1,1449,2004,169,"Sierra Leone","SLE","SLE",76,"Greece","GRE","GRC",24,43,"0","-","0","0","0"
1,"Ixi8k6",1,1450,2005,169,"Sierra Leone","SLE","SLE",76,"Greece","GRE","GRC",24,24,"0","-","0","0","0"
1,"Ixi8k6",1,1451,2006,169,"Sierra Leone","SLE","SLE",76,"Greece","GRE","GRC",24,5,"0","-","0","0","0"
1,"Ixi8k6",1,1452,2007,169,"Sierra Leone","SLE","SLE",76,"Greece","GRE","GRC",24,10,"0","-","0","0","0"
1,"Ixi8k6",1,1453,2008,169,"Sierra Leone","SLE","SLE",76,"Greece","GRE","GRC",24,11,"0","-","0","0","0"
1,"Ixi8k6",1,1454,2009,169,"Sierra Leone","SLE","SLE",76,"Greece","GRE","GRC",23,"0","0","-","0","0","0"
1,"Ixi8k6",1,1455,2010,169,"Sierra Leone","SLE","SLE",76,"Greece","GRE","GRC",8,92,"0","-","0","0","0"
1,"Ixi8k6",1,1456,2012,169,"Sierra Leone","SLE","SLE",76,"Greece","GRE","GRC",5,"0","0","-","0","0","0"
1,"Ixi8k6",1,1457,2013,169,"Sierra Leone","SLE","SLE",76,"Greece","GRE","GRC",5,129,"0","-","0","0","0"
1,"Ixi8k6",1,1458,2014,169,"Sierra Leone","SLE","SLE",76,"Greece","GRE","GRC",20,21,"0","-","0","0","0"
1,"Ixi8k6",1,1459,2015,169,"Sierra Leone","SLE","SLE",76,"Greece","GRE","GRC",23,12,"0","-","0","0","0"
1,"Ixi8k6",1,1460,2016,169,"Sierra Leone","SLE","SLE",76,"Greece","GRE","GRC",28,33,"0","-","0","0","0"
1,"Ixi8k6",1,1461,2017,169,"Sierra Leone","SLE","SLE",76,"Greece","GRE","GRC",32,42,"0","-","0","0","0"
1,"Ixi8k6",1,1462,2018,169,"Sierra Leone","SLE","SLE",76,"Greece","GRE","GRC",40,108,"0","-","0","0","0"
1,"Ixi8k6",1,1463,2019,169,"Sierra Leone","SLE","SLE",76,"Greece","GRE","GRC",45,181,"0","-","0","0","0"
1,"Ixi8k6",1,1464,2020,169,"Sierra Leone","SLE","SLE",76,"Greece","GRE","GRC",117,150,"0","-","0","0","0"
1,"Ixi8k6",1,1465,2021,169,"Sierra Leone","SLE","SLE",76,"Greece","GRE","GRC",206,111,"0","-","0","0","0"
1,"Ixi8k6",1,1466,2022,169,"Sierra Leone","SLE","SLE",76,"Greece","GRE","GRC",415,475,"0","-","0","0","0"
1,"Ixi8k6",1,1467,2023,169,"Sierra Leone","SLE","SLE",76,"Greece","GRE","GRC",610,1079,"0","-","0","0","0"
1,"Ixi8k6",1,1468,2024,169,"Sierra Leone","SLE","SLE",76,"Greece","GRE","GRC",689,857,"0","-","0","0","0"
1,"Ixi8k6",1,1469,2025,169,"Sierra Leone","SLE","SLE",76,"Greece","GRE","GRC",689,1067,"0","-","0","0","0"
1,"Ixi8k6",1,1470,1993,172,"Somalia","SOM","SOM",76,"Greece","GRE","GRC",30,"0","0","-","0","0","0"
1,"Ixi8k6",1,1471,1994,172,"Somalia","SOM","SOM",76,"Greece","GRE","GRC",29,"0","0","-","0","0","0"
1,"Ixi8k6",1,1472,2000,172,"Somalia","SOM","SOM",76,"Greece","GRE","GRC","0",5,"0","-","0","0","0"
1,"Ixi8k6",1,1473,2001,172,"Somalia","SOM","SOM",76,"Greece","GRE","GRC",5,15,"0","-","0","0","0"
1,"Ixi8k6",1,1474,2002,172,"Somalia","SOM","SOM",76,"Greece","GRE","GRC","0",20,"0","-","0","0","0"
1,"Ixi8k6",1,1475,2003,172,"Somalia","SOM","SOM",76,"Greece","GRE","GRC","0",334,"0","-","0","0","0"
1,"Ixi8k6",1,1476,2004,172,"Somalia","SOM","SOM",76,"Greece","GRE","GRC","0",278,"0","-","0","0","0"
1,"Ixi8k6",1,1477,2005,172,"Somalia","SOM","SOM",76,"Greece","GRE","GRC",5,242,"0","-","0","0","0"
1,"Ixi8k6",1,1478,2006,172,"Somalia","SOM","SOM",76,"Greece","GRE","GRC",17,155,"0","-","0","0","0"
1,"Ixi8k6",1,1479,2007,172,"Somalia","SOM","SOM",76,"Greece","GRE","GRC",19,206,"0","-","0","0","0"
1,"Ixi8k6",1,1480,2008,172,"Somalia","SOM","SOM",76,"Greece","GRE","GRC",24,276,"0","-","0","0","0"
1,"Ixi8k6",1,1481,2009,172,"Somalia","SOM","SOM",76,"Greece","GRE","GRC",23,"0","0","-","0","0","0"
1,"Ixi8k6",1,1482,2010,172,"Somalia","SOM","SOM",76,"Greece","GRE","GRC",27,340,"0","-","0","0","0"
1,"Ixi8k6",1,1483,2011,172,"Somalia","SOM","SOM",76,"Greece","GRE","GRC",37,"0","0","-","0","0","0"
1,"Ixi8k6",1,1484,2012,172,"Somalia","SOM","SOM",76,"Greece","GRE","GRC",38,"0","0","-","0","0","0"
1,"Ixi8k6",1,1485,2013,172,"Somalia","SOM","SOM",76,"Greece","GRE","GRC",82,467,"0","-","0","0","0"
1,"Ixi8k6",1,1486,2014,172,"Somalia","SOM","SOM",76,"Greece","GRE","GRC",163,52,"0","-","0","0","0"
1,"Ixi8k6",1,1487,2015,172,"Somalia","SOM","SOM",76,"Greece","GRE","GRC",240,34,"0","-","0","0","0"
1,"Ixi8k6",1,1488,2016,172,"Somalia","SOM","SOM",76,"Greece","GRE","GRC",262,80,"0","-","0","0","0"
1,"Ixi8k6",1,1489,2017,172,"Somalia","SOM","SOM",76,"Greece","GRE","GRC",335,194,"0","-","0","0","0"
1,"Ixi8k6",1,1490,2018,172,"Somalia","SOM","SOM",76,"Greece","GRE","GRC",664,668,"0","-","0","0","0"
1,"Ixi8k6",1,1491,2019,172,"Somalia","SOM","SOM",76,"Greece","GRE","GRC",1499,2289,"0","-","0","0","0"
1,"Ixi8k6",1,1492,2020,172,"Somalia","SOM","SOM",76,"Greece","GRE","GRC",3113,1506,"0","-","0","0","0"
1,"Ixi8k6",1,1493,2021,172,"Somalia","SOM","SOM",76,"Greece","GRE","GRC",4131,1292,"0","-","0","0","0"
1,"Ixi8k6",1,1494,2022,172,"Somalia","SOM","SOM",76,"Greece","GRE","GRC",5259,1162,"0","-","0","0","0"
1,"Ixi8k6",1,1495,2023,172,"Somalia","SOM","SOM",76,"Greece","GRE","GRC",6138,1844,"0","-","0","0","0"
1,"Ixi8k6",1,1496,2024,172,"Somalia","SOM","SOM",76,"Greece","GRE","GRC",2566,1117,"0","-","0","0","0"
1,"Ixi8k6",1,1497,2025,172,"Somalia","SOM","SOM",76,"Greece","GRE","GRC",2566,981,"0","-","0","0","0"
1,"Ixi8k6",1,1498,1982,174,"Viet Nam","SRV","VNM",76,"Greece","GRE","GRC",120,"0","0","-","0","0","0"
1,"Ixi8k6",1,1499,1983,174,"Viet Nam","SRV","VNM",76,"Greece","GRE","GRC",130,"0","0","-","0","0","0"
1,"Ixi8k6",1,1500,1984,174,"Viet Nam","SRV","VNM",76,"Greece","GRE","GRC",160,"0","0","-","0","0","0"
1,"Ixi8k6",1,1501,1985,174,"Viet Nam","SRV","VNM",76,"Greece","GRE","GRC",160,"0","0","-","0","0","0"
1,"Ixi8k6",1,1502,1986,174,"Viet Nam","SRV","VNM",76,"Greece","GRE","GRC",200,"0","0","-","0","0","0"
1,"Ixi8k6",1,1503,1987,174,"Viet Nam","SRV","VNM",76,"Greece","GRE","GRC",210,"0","0","-","0","0","0"
1,"Ixi8k6",1,1504,1989,174,"Viet Nam","SRV","VNM",76,"Greece","GRE","GRC",290,"0","0","-","0","0","0"
1,"Ixi8k6",1,1505,1993,174,"Viet Nam","SRV","VNM",76,"Greece","GRE","GRC",500,"0","0","-","0","0","0"
1,"Ixi8k6",1,1506,1994,174,"Viet Nam","SRV","VNM",76,"Greece","GRE","GRC",500,"0","0","-","0","0","0"
1,"Ixi8k6",1,1507,2002,174,"Viet Nam","SRV","VNM",76,"Greece","GRE","GRC",5,"0","0","-","0","0","0"
1,"Ixi8k6",1,1508,2003,174,"Viet Nam","SRV","VNM",76,"Greece","GRE","GRC",5,"0","0","-","0","0","0"
1,"Ixi8k6",1,1509,2004,174,"Viet Nam","SRV","VNM",76,"Greece","GRE","GRC",5,"0","0","-","0","0","0"
1,"Ixi8k6",1,1510,2005,174,"Viet Nam","SRV","VNM",76,"Greece","GRE","GRC",5,"0","0","-","0","0","0"
1,"Ixi8k6",1,1511,2006,174,"Viet Nam","SRV","VNM",76,"Greece","GRE","GRC",5,"0","0","-","0","0","0"
1,"Ixi8k6",1,1512,2007,174,"Viet Nam","SRV","VNM",76,"Greece","GRE","GRC",5,"0","0","-","0","0","0"
1,"Ixi8k6",1,1513,2008,174,"Viet Nam","SRV","VNM",76,"Greece","GRE","GRC",5,"0","0","-","0","0","0"
1,"Ixi8k6",1,1514,2009,174,"Viet Nam","SRV","VNM",76,"Greece","GRE","GRC",5,"0","0","-","0","0","0"
1,"Ixi8k6",1,1515,2010,174,"Viet Nam","SRV","VNM",76,"Greece","GRE","GRC",5,5,"0","-","0","0","0"
1,"Ixi8k6",1,1516,2011,174,"Viet Nam","SRV","VNM",76,"Greece","GRE","GRC",5,"0","0","-","0","0","0"
1,"Ixi8k6",1,1517,2012,174,"Viet Nam","SRV","VNM",76,"Greece","GRE","GRC",5,"0","0","-","0","0","0"
1,"Ixi8k6",1,1518,2013,174,"Viet Nam","SRV","VNM",76,"Greece","GRE","GRC",5,12,"0","-","0","0","0"
1,"Ixi8k6",1,1519,2014,174,"Viet Nam","SRV","VNM",76,"Greece","GRE","GRC",7,"0","0","-","0","0","0"
1,"Ixi8k6",1,1520,2015,174,"Viet Nam","SRV","VNM",76,"Greece","GRE","GRC",7,"0","0","-","0","0","0"
1,"Ixi8k6",1,1521,2016,174,"Viet Nam","SRV","VNM",76,"Greece","GRE","GRC",7,5,"0","-","0","0","0"
1,"Ixi8k6",1,1522,2017,174,"Viet Nam","SRV","VNM",76,"Greece","GRE","GRC",7,14,"0","-","0","0","0"
1,"Ixi8k6",1,1523,2018,174,"Viet Nam","SRV","VNM",76,"Greece","GRE","GRC",5,22,"0","-","0","0","0"
1,"Ixi8k6",1,1524,2019,174,"Viet Nam","SRV","VNM",76,"Greece","GRE","GRC",5,10,"0","-","0","0","0"
1,"Ixi8k6",1,1525,2020,174,"Viet Nam","SRV","VNM",76,"Greece","GRE","GRC",5,12,"0","-","0","0","0"
1,"Ixi8k6",1,1526,2021,174,"Viet Nam","SRV","VNM",76,"Greece","GRE","GRC",5,5,"0","-","0","0","0"
1,"Ixi8k6",1,1527,2022,174,"Viet Nam","SRV","VNM",76,"Greece","GRE","GRC",5,"0","0","-","0","0","0"
1,"Ixi8k6",1,1528,2023,174,"Viet Nam","SRV","VNM",76,"Greece","GRE","GRC",5,"0","0","-","0","0","0"
1,"Ixi8k6",1,1529,2024,174,"Viet Nam","SRV","VNM",76,"Greece","GRE","GRC","0",6,"0","-","0","0","0"
1,"Ixi8k6",1,1530,2025,174,"Viet Nam","SRV","VNM",76,"Greece","GRE","GRC","0",5,"0","-","0","0","0"
1,"Ixi8k6",1,1531,1993,177,"Sudan","SUD","SDN",76,"Greece","GRE","GRC",54,"0","0","-","0","0","0"
1,"Ixi8k6",1,1532,1994,177,"Sudan","SUD","SDN",76,"Greece","GRE","GRC",54,"0","0","-","0","0","0"
1,"Ixi8k6",1,1533,2000,177,"Sudan","SUD","SDN",76,"Greece","GRE","GRC",33,8,"0","-","0","0","0"
1,"Ixi8k6",1,1534,2001,177,"Sudan","SUD","SDN",76,"Greece","GRE","GRC",41,15,"0","-","0","0","0"
1,"Ixi8k6",1,1535,2002,177,"Sudan","SUD","SDN",76,"Greece","GRE","GRC",47,5,"0","-","0","0","0"
1,"Ixi8k6",1,1536,2003,177,"Sudan","SUD","SDN",76,"Greece","GRE","GRC",45,93,"0","-","0","0","0"
1,"Ixi8k6",1,1537,2004,177,"Sudan","SUD","SDN",76,"Greece","GRE","GRC",48,86,"0","-","0","0","0"
1,"Ixi8k6",1,1538,2005,177,"Sudan","SUD","SDN",76,"Greece","GRE","GRC",58,61,"0","-","0","0","0"
1,"Ixi8k6",1,1539,2006,177,"Sudan","SUD","SDN",76,"Greece","GRE","GRC",64,"0","0","-","0","0","0"
1,"Ixi8k6",1,1540,2007,177,"Sudan","SUD","SDN",76,"Greece","GRE","GRC",66,"0","0","-","0","0","0"
1,"Ixi8k6",1,1541,2008,177,"Sudan","SUD","SDN",76,"Greece","GRE","GRC",53,22,"0","-","0","0","0"
1,"Ixi8k6",1,1542,2009,177,"Sudan","SUD","SDN",76,"Greece","GRE","GRC",39,"0","0","-","0","0","0"
1,"Ixi8k6",1,1543,2010,177,"Sudan","SUD","SDN",76,"Greece","GRE","GRC",31,489,"0","-","0","0","0"
1,"Ixi8k6",1,1544,2011,177,"Sudan","SUD","SDN",76,"Greece","GRE","GRC",28,"0","0","-","0","0","0"
1,"Ixi8k6",1,1545,2012,177,"Sudan","SUD","SDN",76,"Greece","GRE","GRC",44,"0","0","-","0","0","0"
1,"Ixi8k6",1,1546,2013,177,"Sudan","SUD","SDN",76,"Greece","GRE","GRC",98,387,"0","-","0","0","0"
1,"Ixi8k6",1,1547,2014,177,"Sudan","SUD","SDN",76,"Greece","GRE","GRC",274,126,"0","-","0","0","0"
1,"Ixi8k6",1,1548,2015,177,"Sudan","SUD","SDN",76,"Greece","GRE","GRC",362,26,"0","-","0","0","0"
1,"Ixi8k6",1,1549,2016,177,"Sudan","SUD","SDN",76,"Greece","GRE","GRC",372,53,"0","-","0","0","0"
1,"Ixi8k6",1,1550,2017,177,"Sudan","SUD","SDN",76,"Greece","GRE","GRC",398,72,"0","-","0","0","0"
1,"Ixi8k6",1,1551,2018,177,"Sudan","SUD","SDN",76,"Greece","GRE","GRC",443,87,"0","-","0","0","0"
1,"Ixi8k6",1,1552,2019,177,"Sudan","SUD","SDN",76,"Greece","GRE","GRC",465,114,"0","-","0","0","0"
1,"Ixi8k6",1,1553,2020,177,"Sudan","SUD","SDN",76,"Greece","GRE","GRC",519,77,"0","-","0","0","0"
1,"Ixi8k6",1,1554,2021,177,"Sudan","SUD","SDN",76,"Greece","GRE","GRC",561,53,"0","-","0","0","0"
1,"Ixi8k6",1,1555,2022,177,"Sudan","SUD","SDN",76,"Greece","GRE","GRC",787,236,"0","-","0","0","0"
1,"Ixi8k6",1,1556,2023,177,"Sudan","SUD","SDN",76,"Greece","GRE","GRC",1572,235,"0","-","0","0","0"
1,"Ixi8k6",1,1557,2024,177,"Sudan","SUD","SDN",76,"Greece","GRE","GRC",1662,332,"0","-","0","0","0"
1,"Ixi8k6",1,1558,2025,177,"Sudan","SUD","SDN",76,"Greece","GRE","GRC",1662,1231,"0","-","0","0","0"
1,"Ixi8k6",1,1559,2015,179,"South Sudan","SSD","SSD",76,"Greece","GRE","GRC",5,"0","0","-","0","0","0"
1,"Ixi8k6",1,1560,2016,179,"South Sudan","SSD","SSD",76,"Greece","GRE","GRC",7,"0","0","-","0","0","0"
1,"Ixi8k6",1,1561,2017,179,"South Sudan","SSD","SSD",76,"Greece","GRE","GRC",7,12,"0","-","0","0","0"
1,"Ixi8k6",1,1562,2018,179,"South Sudan","SSD","SSD",76,"Greece","GRE","GRC",13,13,"0","-","0","0","0"
1,"Ixi8k6",1,1563,2019,179,"South Sudan","SSD","SSD",76,"Greece","GRE","GRC",21,30,"0","-","0","0","0"
1,"Ixi8k6",1,1564,2020,179,"South Sudan","SSD","SSD",76,"Greece","GRE","GRC",45,15,"0","-","0","0","0"
1,"Ixi8k6",1,1565,2021,179,"South Sudan","SSD","SSD",76,"Greece","GRE","GRC",50,9,"0","-","0","0","0"
1,"Ixi8k6",1,1566,2022,179,"South Sudan","SSD","SSD",76,"Greece","GRE","GRC",61,14,"0","-","0","0","0"
1,"Ixi8k6",1,1567,2023,179,"South Sudan","SSD","SSD",76,"Greece","GRE","GRC",87,43,"0","-","0","0","0"
1,"Ixi8k6",1,1568,2024,179,"South Sudan","SSD","SSD",76,"Greece","GRE","GRC",41,26,"0","-","0","0","0"
1,"Ixi8k6",1,1569,2025,179,"South Sudan","SSD","SSD",76,"Greece","GRE","GRC",41,40,"0","-","0","0","0"
1,"Ixi8k6",1,1570,2003,180,"Slovakia","SVK","SVK",76,"Greece","GRE","GRC","0",48,"0","-","0","0","0"
1,"Ixi8k6",1,1571,2004,180,"Slovakia","SVK","SVK",76,"Greece","GRE","GRC","0",48,"0","-","0","0","0"
1,"Ixi8k6",1,1572,2005,180,"Slovakia","SVK","SVK",76,"Greece","GRE","GRC","0",48,"0","-","0","0","0"
1,"Ixi8k6",1,1573,2006,180,"Slovakia","SVK","SVK",76,"Greece","GRE","GRC","0",48,"0","-","0","0","0"
1,"Ixi8k6",1,1574,2007,180,"Slovakia","SVK","SVK",76,"Greece","GRE","GRC","0",48,"0","-","0","0","0"
1,"Ixi8k6",1,1575,2008,180,"Slovakia","SVK","SVK",76,"Greece","GRE","GRC","0",48,"0","-","0","0","0"
1,"Ixi8k6",1,1576,1988,185,"Syrian Arab Rep.","SYR","SYR",76,"Greece","GRE","GRC",60,"0","0","-","0","0","0"
1,"Ixi8k6",1,1577,1989,185,"Syrian Arab Rep.","SYR","SYR",76,"Greece","GRE","GRC",100,"0","0","-","0","0","0"
1,"Ixi8k6",1,1578,1993,185,"Syrian Arab Rep.","SYR","SYR",76,"Greece","GRE","GRC",125,"0","0","-","0","0","0"
1,"Ixi8k6",1,1579,1994,185,"Syrian Arab Rep.","SYR","SYR",76,"Greece","GRE","GRC",118,"0","0","-","0","0","0"
1,"Ixi8k6",1,1580,2000,185,"Syrian Arab Rep.","SYR","SYR",76,"Greece","GRE","GRC",30,5,"0","-","0","0","0"
1,"Ixi8k6",1,1581,2001,185,"Syrian Arab Rep.","SYR","SYR",76,"Greece","GRE","GRC",41,5,"0","-","0","0","0"
1,"Ixi8k6",1,1582,2002,185,"Syrian Arab Rep.","SYR","SYR",76,"Greece","GRE","GRC",55,5,"0","-","0","0","0"
1,"Ixi8k6",1,1583,2003,185,"Syrian Arab Rep.","SYR","SYR",76,"Greece","GRE","GRC",55,12,"0","-","0","0","0"
1,"Ixi8k6",1,1584,2004,185,"Syrian Arab Rep.","SYR","SYR",76,"Greece","GRE","GRC",50,28,"0","-","0","0","0"
1,"Ixi8k6",1,1585,2005,185,"Syrian Arab Rep.","SYR","SYR",76,"Greece","GRE","GRC",49,29,"0","-","0","0","0"
1,"Ixi8k6",1,1586,2006,185,"Syrian Arab Rep.","SYR","SYR",76,"Greece","GRE","GRC",50,11,"0","-","0","0","0"
1,"Ixi8k6",1,1587,2007,185,"Syrian Arab Rep.","SYR","SYR",76,"Greece","GRE","GRC",47,392,"0","-","0","0","0"
1,"Ixi8k6",1,1588,2008,185,"Syrian Arab Rep.","SYR","SYR",76,"Greece","GRE","GRC",39,127,"0","-","0","0","0"
1,"Ixi8k6",1,1589,2009,185,"Syrian Arab Rep.","SYR","SYR",76,"Greece","GRE","GRC",19,"0","0","-","0","0","0"
1,"Ixi8k6",1,1590,2010,185,"Syrian Arab Rep.","SYR","SYR",76,"Greece","GRE","GRC",16,2217,"0","-","0","0","0"
1,"Ixi8k6",1,1591,2011,185,"Syrian Arab Rep.","SYR","SYR",76,"Greece","GRE","GRC",10,"0","0","-","0","0","0"
1,"Ixi8k6",1,1592,2012,185,"Syrian Arab Rep.","SYR","SYR",76,"Greece","GRE","GRC",20,"0","0","-","0","0","0"
1,"Ixi8k6",1,1593,2013,185,"Syrian Arab Rep.","SYR","SYR",76,"Greece","GRE","GRC",195,1665,"0","-","0","0",8000
1,"Ixi8k6",1,1594,2014,185,"Syrian Arab Rep.","SYR","SYR",76,"Greece","GRE","GRC",3913,182,"0","-","0","0","0"
1,"Ixi8k6",1,1595,2015,185,"Syrian Arab Rep.","SYR","SYR",76,"Greece","GRE","GRC",9101,450,"0","-","0","0","0"
1,"Ixi8k6",1,1596,2016,185,"Syrian Arab Rep.","SYR","SYR",76,"Greece","GRE","GRC",14420,13997,"0","-","0","0","0"
1,"Ixi8k6",1,1597,2017,185,"Syrian Arab Rep.","SYR","SYR",76,"Greece","GRE","GRC",13714,9605,"0","-","0","0","0"
1,"Ixi8k6",1,1598,2018,185,"Syrian Arab Rep.","SYR","SYR",76,"Greece","GRE","GRC",23931,14104,"0","-","0","0","0"
1,"Ixi8k6",1,1599,2019,185,"Syrian Arab Rep.","SYR","SYR",76,"Greece","GRE","GRC",26696,16165,"0","-","0","0","0"
1,"Ixi8k6",1,1600,2020,185,"Syrian Arab Rep.","SYR","SYR",76,"Greece","GRE","GRC",36448,5965,"0","-","0","0","0"
1,"Ixi8k6",1,1601,2021,185,"Syrian Arab Rep.","SYR","SYR",76,"Greece","GRE","GRC",39372,3933,"0","-","0","0","0"
1,"Ixi8k6",1,1602,2022,185,"Syrian Arab Rep.","SYR","SYR",76,"Greece","GRE","GRC",42827,2520,"0","-","0","0","0"
1,"Ixi8k6",1,1603,2023,185,"Syrian Arab Rep.","SYR","SYR",76,"Greece","GRE","GRC",45878,9122,"0","-","0","0","0"
1,"Ixi8k6",1,1604,2024,185,"Syrian Arab Rep.","SYR","SYR",76,"Greece","GRE","GRC",18046,7563,"0","-","0","0","0"
1,"Ixi8k6",1,1605,2025,185,"Syrian Arab Rep.","SYR","SYR",76,"Greece","GRE","GRC",18017,6134,"0","-","0","0","0"
1,"Ixi8k6",1,1606,1993,186,"United Rep. of Tanzania","TAN","TZA",76,"Greece","GRE","GRC",5,"0","0","-","0","0","0"
1,"Ixi8k6",1,1607,1994,186,"United Rep. of Tanzania","TAN","TZA",76,"Greece","GRE","GRC",5,"0","0","-","0","0","0"
1,"Ixi8k6",1,1608,2003,186,"United Rep. of Tanzania","TAN","TZA",76,"Greece","GRE","GRC","0",6,"0","-","0","0","0"
1,"Ixi8k6",1,1609,2004,186,"United Rep. of Tanzania","TAN","TZA",76,"Greece","GRE","GRC","0",7,"0","-","0","0","0"
1,"Ixi8k6",1,1610,2005,186,"United Rep. of Tanzania","TAN","TZA",76,"Greece","GRE","GRC","0",6,"0","-","0","0","0"
1,"Ixi8k6",1,1611,2008,186,"United Rep. of Tanzania","TAN","TZA",76,"Greece","GRE","GRC","0",5,"0","-","0","0","0"
1,"Ixi8k6",1,1612,2010,186,"United Rep. of Tanzania","TAN","TZA",76,"Greece","GRE","GRC","0",34,"0","-","0","0","0"
1,"Ixi8k6",1,1613,2013,186,"United Rep. of Tanzania","TAN","TZA",76,"Greece","GRE","GRC",5,53,"0","-","0","0","0"
1,"Ixi8k6",1,1614,2014,186,"United Rep. of Tanzania","TAN","TZA",76,"Greece","GRE","GRC",6,5,"0","-","0","0","0"
1,"Ixi8k6",1,1615,2015,186,"United Rep. of Tanzania","TAN","TZA",76,"Greece","GRE","GRC",10,10,"0","-","0","0","0"
1,"Ixi8k6",1,1616,2016,186,"United Rep. of Tanzania","TAN","TZA",76,"Greece","GRE","GRC",10,11,"0","-","0","0","0"
1,"Ixi8k6",1,1617,2017,186,"United Rep. of Tanzania","TAN","TZA",76,"Greece","GRE","GRC",13,11,"0","-","0","0","0"
1,"Ixi8k6",1,1618,2018,186,"United Rep. of Tanzania","TAN","TZA",76,"Greece","GRE","GRC",13,11,"0","-","0","0","0"
1,"Ixi8k6",1,1619,2019,186,"United Rep. of Tanzania","TAN","TZA",76,"Greece","GRE","GRC",13,9,"0","-","0","0","0"
1,"Ixi8k6",1,1620,2020,186,"United Rep. of Tanzania","TAN","TZA",76,"Greece","GRE","GRC",13,5,"0","-","0","0","0"
1,"Ixi8k6",1,1621,2021,186,"United Rep. of Tanzania","TAN","TZA",76,"Greece","GRE","GRC",13,5,"0","-","0","0","0"
1,"Ixi8k6",1,1622,2022,186,"United Rep. of Tanzania","TAN","TZA",76,"Greece","GRE","GRC",13,7,"0","-","0","0","0"
1,"Ixi8k6",1,1623,2023,186,"United Rep. of Tanzania","TAN","TZA",76,"Greece","GRE","GRC",9,7,"0","-","0","0","0"
1,"Ixi8k6",1,1624,2024,186,"United Rep. of Tanzania","TAN","TZA",76,"Greece","GRE","GRC",5,"0","0","-","0","0","0"
1,"Ixi8k6",1,1625,2025,186,"United Rep. of Tanzania","TAN","TZA",76,"Greece","GRE","GRC",5,"0","0","-","0","0","0"
1,"Ixi8k6",1,1626,2023,188,"Thailand","THA","THA",76,"Greece","GRE","GRC","0",5,"0","-","0","0","0"
1,"Ixi8k6",1,1627,2025,188,"Thailand","THA","THA",76,"Greece","GRE","GRC","0",5,"0","-","0","0","0"
1,"Ixi8k6",1,1628,2018,189,"Tajikistan","TJK","TJK",76,"Greece","GRE","GRC",5,5,"0","-","0","0","0"
1,"Ixi8k6",1,1629,2019,189,"Tajikistan","TJK","TJK",76,"Greece","GRE","GRC",5,9,"0","-","0","0","0"
1,"Ixi8k6",1,1630,2020,189,"Tajikistan","TJK","TJK",76,"Greece","GRE","GRC",5,5,"0","-","0","0","0"
1,"Ixi8k6",1,1631,2021,189,"Tajikistan","TJK","TJK",76,"Greece","GRE","GRC",5,6,"0","-","0","0","0"
1,"Ixi8k6",1,1632,2022,189,"Tajikistan","TJK","TJK",76,"Greece","GRE","GRC",5,"0","0","-","0","0","0"
1,"Ixi8k6",1,1633,2023,189,"Tajikistan","TJK","TJK",76,"Greece","GRE","GRC",5,"0","0","-","0","0","0"
1,"Ixi8k6",1,1634,2024,189,"Tajikistan","TJK","TJK",76,"Greece","GRE","GRC",5,"0","0","-","0","0","0"
1,"Ixi8k6",1,1635,2025,189,"Tajikistan","TJK","TJK",76,"Greece","GRE","GRC",5,"0","0","-","0","0","0"
1,"Ixi8k6",1,1636,2003,190,"Turkmenistan","TKM","TKM",76,"Greece","GRE","GRC","0",6,"0","-","0","0","0"
1,"Ixi8k6",1,1637,2004,190,"Turkmenistan","TKM","TKM",76,"Greece","GRE","GRC","0",6,"0","-","0","0","0"
1,"Ixi8k6",1,1638,2005,190,"Turkmenistan","TKM","TKM",76,"Greece","GRE","GRC","0",7,"0","-","0","0","0"
1,"Ixi8k6",1,1639,2006,190,"Turkmenistan","TKM","TKM",76,"Greece","GRE","GRC","0",7,"0","-","0","0","0"
1,"Ixi8k6",1,1640,2007,190,"Turkmenistan","TKM","TKM",76,"Greece","GRE","GRC","0",7,"0","-","0","0","0"
1,"Ixi8k6",1,1641,2008,190,"Turkmenistan","TKM","TKM",76,"Greece","GRE","GRC","0",8,"0","-","0","0","0"
1,"Ixi8k6",1,1642,2018,190,"Turkmenistan","TKM","TKM",76,"Greece","GRE","GRC","0",11,"0","-","0","0","0"
1,"Ixi8k6",1,1643,2019,190,"Turkmenistan","TKM","TKM",76,"Greece","GRE","GRC",6,8,"0","-","0","0","0"
1,"Ixi8k6",1,1644,2020,190,"Turkmenistan","TKM","TKM",76,"Greece","GRE","GRC",6,8,"0","-","0","0","0"
1,"Ixi8k6",1,1645,2021,190,"Turkmenistan","TKM","TKM",76,"Greece","GRE","GRC",7,5,"0","-","0","0","0"
1,"Ixi8k6",1,1646,2022,190,"Turkmenistan","TKM","TKM",76,"Greece","GRE","GRC",7,5,"0","-","0","0","0"
1,"Ixi8k6",1,1647,2023,190,"Turkmenistan","TKM","TKM",76,"Greece","GRE","GRC",8,"0","0","-","0","0","0"
1,"Ixi8k6",1,1648,2024,190,"Turkmenistan","TKM","TKM",76,"Greece","GRE","GRC","0",8,"0","-","0","0","0"
1,"Ixi8k6",1,1649,2025,190,"Turkmenistan","TKM","TKM",76,"Greece","GRE","GRC",5,8,"0","-","0","0","0"
1,"Ixi8k6",1,1650,2004,192,"Togo","TOG","TGO",76,"Greece","GRE","GRC","0",5,"0","-","0","0","0"
1,"Ixi8k6",1,1651,2010,192,"Togo","TOG","TGO",76,"Greece","GRE","GRC","0",7,"0","-","0","0","0"
1,"Ixi8k6",1,1652,2013,192,"Togo","TOG","TGO",76,"Greece","GRE","GRC","0",17,"0","-","0","0","0"
1,"Ixi8k6",1,1653,2014,192,"Togo","TOG","TGO",76,"Greece","GRE","GRC","0",7,"0","-","0","0","0"
1,"Ixi8k6",1,1654,2015,192,"Togo","TOG","TGO",76,"Greece","GRE","GRC",5,5,"0","-","0","0","0"
1,"Ixi8k6",1,1655,2016,192,"Togo","TOG","TGO",76,"Greece","GRE","GRC",6,8,"0","-","0","0","0"
1,"Ixi8k6",1,1656,2017,192,"Togo","TOG","TGO",76,"Greece","GRE","GRC",6,16,"0","-","0","0","0"
1,"Ixi8k6",1,1657,2018,192,"Togo","TOG","TGO",76,"Greece","GRE","GRC",14,98,"0","-","0","0","0"
1,"Ixi8k6",1,1658,2019,192,"Togo","TOG","TGO",76,"Greece","GRE","GRC",32,179,"0","-","0","0","0"
1,"Ixi8k6",1,1659,2020,192,"Togo","TOG","TGO",76,"Greece","GRE","GRC",62,151,"0","-","0","0","0"
1,"Ixi8k6",1,1660,2021,192,"Togo","TOG","TGO",76,"Greece","GRE","GRC",88,87,"0","-","0","0","0"
1,"Ixi8k6",1,1661,2022,192,"Togo","TOG","TGO",76,"Greece","GRE","GRC",108,40,"0","-","0","0","0"
1,"Ixi8k6",1,1662,2023,192,"Togo","TOG","TGO",76,"Greece","GRE","GRC",118,27,"0","-","0","0","0"
1,"Ixi8k6",1,1663,2024,192,"Togo","TOG","TGO",76,"Greece","GRE","GRC",78,19,"0","-","0","0","0"
1,"Ixi8k6",1,1664,2025,192,"Togo","TOG","TGO",76,"Greece","GRE","GRC",78,14,"0","-","0","0","0"
1,"Ixi8k6",1,1665,2001,195,"Tunisia","TUN","TUN",76,"Greece","GRE","GRC","0",5,"0","-","0","0","0"
1,"Ixi8k6",1,1666,2002,195,"Tunisia","TUN","TUN",76,"Greece","GRE","GRC",5,5,"0","-","0","0","0"
1,"Ixi8k6",1,1667,2003,195,"Tunisia","TUN","TUN",76,"Greece","GRE","GRC",5,"0","0","-","0","0","0"
1,"Ixi8k6",1,1668,2010,195,"Tunisia","TUN","TUN",76,"Greece","GRE","GRC","0",9,"0","-","0","0","0"
1,"Ixi8k6",1,1669,2013,195,"Tunisia","TUN","TUN",76,"Greece","GRE","GRC",5,63,"0","-","0","0","0"
1,"Ixi8k6",1,1670,2014,195,"Tunisia","TUN","TUN",76,"Greece","GRE","GRC",5,30,"0","-","0","0","0"
1,"Ixi8k6",1,1671,2015,195,"Tunisia","TUN","TUN",76,"Greece","GRE","GRC",6,11,"0","-","0","0","0"
1,"Ixi8k6",1,1672,2016,195,"Tunisia","TUN","TUN",76,"Greece","GRE","GRC",6,32,"0","-","0","0","0"
1,"Ixi8k6",1,1673,2017,195,"Tunisia","TUN","TUN",76,"Greece","GRE","GRC",16,55,"0","-","0","0","0"
1,"Ixi8k6",1,1674,2018,195,"Tunisia","TUN","TUN",76,"Greece","GRE","GRC",19,53,"0","-","0","0","0"
1,"Ixi8k6",1,1675,2019,195,"Tunisia","TUN","TUN",76,"Greece","GRE","GRC",21,42,"0","-","0","0","0"
1,"Ixi8k6",1,1676,2020,195,"Tunisia","TUN","TUN",76,"Greece","GRE","GRC",22,35,"0","-","0","0","0"
1,"Ixi8k6",1,1677,2021,195,"Tunisia","TUN","TUN",76,"Greece","GRE","GRC",28,19,"0","-","0","0","0"
1,"Ixi8k6",1,1678,2022,195,"Tunisia","TUN","TUN",76,"Greece","GRE","GRC",32,5,"0","-","0","0","0"
1,"Ixi8k6",1,1679,2023,195,"Tunisia","TUN","TUN",76,"Greece","GRE","GRC",31,15,"0","-","0","0","0"
1,"Ixi8k6",1,1680,2024,195,"Tunisia","TUN","TUN",76,"Greece","GRE","GRC",17,14,"0","-","0","0","0"
1,"Ixi8k6",1,1681,2025,195,"Tunisia","TUN","TUN",76,"Greece","GRE","GRC",17,20,"0","-","0","0","0"
1,"Ixi8k6",1,1682,1982,196,"Türkiye","TUR","TUR",76,"Greece","GRE","GRC",300,"0","0","-","0","0","0"
1,"Ixi8k6",1,1683,1983,196,"Türkiye","TUR","TUR",76,"Greece","GRE","GRC",540,"0","0","-","0","0","0"
1,"Ixi8k6",1,1684,1984,196,"Türkiye","TUR","TUR",76,"Greece","GRE","GRC",1040,"0","0","-","0","0","0"
1,"Ixi8k6",1,1685,1985,196,"Türkiye","TUR","TUR",76,"Greece","GRE","GRC",700,"0","0","-","0","0","0"
1,"Ixi8k6",1,1686,1986,196,"Türkiye","TUR","TUR",76,"Greece","GRE","GRC",850,"0","0","-","0","0","0"
1,"Ixi8k6",1,1687,1987,196,"Türkiye","TUR","TUR",76,"Greece","GRE","GRC",1080,"0","0","-","0","0","0"
1,"Ixi8k6",1,1688,1989,196,"Türkiye","TUR","TUR",76,"Greece","GRE","GRC",1470,"0","0","-","0","0","0"
1,"Ixi8k6",1,1689,1993,196,"Türkiye","TUR","TUR",76,"Greece","GRE","GRC",1272,"0","0","-","0","0","0"
1,"Ixi8k6",1,1690,1994,196,"Türkiye","TUR","TUR",76,"Greece","GRE","GRC",1326,"0","0","-","0","0","0"
1,"Ixi8k6",1,1691,1995,196,"Türkiye","TUR","TUR",76,"Greece","GRE","GRC",1395,"0","0","-","0","0","0"
1,"Ixi8k6",1,1692,1996,196,"Türkiye","TUR","TUR",76,"Greece","GRE","GRC",1553,"0","0","-","0","0","0"
1,"Ixi8k6",1,1693,1997,196,"Türkiye","TUR","TUR",76,"Greece","GRE","GRC",1395,"0","0","-","0","0","0"
1,"Ixi8k6",1,1694,1998,196,"Türkiye","TUR","TUR",76,"Greece","GRE","GRC",2274,"0","0","-","0","0","0"
1,"Ixi8k6",1,1695,1999,196,"Türkiye","TUR","TUR",76,"Greece","GRE","GRC",2274,"0","0","-","0","0","0"
1,"Ixi8k6",1,1696,2000,196,"Türkiye","TUR","TUR",76,"Greece","GRE","GRC",2327,350,"0","-","0","0","0"
1,"Ixi8k6",1,1697,2001,196,"Türkiye","TUR","TUR",76,"Greece","GRE","GRC",2430,868,"0","-","0","0","0"
1,"Ixi8k6",1,1698,2002,196,"Türkiye","TUR","TUR",76,"Greece","GRE","GRC",629,6,"0","-","0","0","0"
1,"Ixi8k6",1,1699,2003,196,"Türkiye","TUR","TUR",76,"Greece","GRE","GRC",620,9,"0","-","0","0","0"
1,"Ixi8k6",1,1700,2004,196,"Türkiye","TUR","TUR",76,"Greece","GRE","GRC",464,"0","0","-","0","0","0"
1,"Ixi8k6",1,1701,2005,196,"Türkiye","TUR","TUR",76,"Greece","GRE","GRC",392,5,"0","-","0","0","0"
1,"Ixi8k6",1,1702,2006,196,"Türkiye","TUR","TUR",76,"Greece","GRE","GRC",328,"0","0","-","0","0","0"
1,"Ixi8k6",1,1703,2007,196,"Türkiye","TUR","TUR",76,"Greece","GRE","GRC",281,49,"0","-","0","0","0"
1,"Ixi8k6",1,1704,2008,196,"Türkiye","TUR","TUR",76,"Greece","GRE","GRC",225,46,"0","-","0","0","0"
1,"Ixi8k6",1,1705,2009,196,"Türkiye","TUR","TUR",76,"Greece","GRE","GRC",141,"0","0","-","0","0","0"
1,"Ixi8k6",1,1706,2010,196,"Türkiye","TUR","TUR",76,"Greece","GRE","GRC",96,279,"0","-","0","0","0"
1,"Ixi8k6",1,1707,2011,196,"Türkiye","TUR","TUR",76,"Greece","GRE","GRC",37,"0","0","-","0","0","0"
1,"Ixi8k6",1,1708,2012,196,"Türkiye","TUR","TUR",76,"Greece","GRE","GRC",71,"0","0","-","0","0","0"
1,"Ixi8k6",1,1709,2013,196,"Türkiye","TUR","TUR",76,"Greece","GRE","GRC",91,212,"0","-","0","0","0"
1,"Ixi8k6",1,1710,2014,196,"Türkiye","TUR","TUR",76,"Greece","GRE","GRC",125,31,"0","-","0","0","0"
1,"Ixi8k6",1,1711,2015,196,"Türkiye","TUR","TUR",76,"Greece","GRE","GRC",138,41,"0","-","0","0","0"
1,"Ixi8k6",1,1712,2016,196,"Türkiye","TUR","TUR",76,"Greece","GRE","GRC",146,181,"0","-","0","0","0"
1,"Ixi8k6",1,1713,2017,196,"Türkiye","TUR","TUR",76,"Greece","GRE","GRC",199,1670,"0","-","0","0","0"
1,"Ixi8k6",1,1714,2018,196,"Türkiye","TUR","TUR",76,"Greece","GRE","GRC",472,4913,"0","-","0","0","0"
1,"Ixi8k6",1,1715,2019,196,"Türkiye","TUR","TUR",76,"Greece","GRE","GRC",640,5185,"0","-","0","0","0"
1,"Ixi8k6",1,1716,2020,196,"Türkiye","TUR","TUR",76,"Greece","GRE","GRC",853,4195,"0","-","0","0","0"
1,"Ixi8k6",1,1717,2021,196,"Türkiye","TUR","TUR",76,"Greece","GRE","GRC",1219,2983,"0","-","0","0","0"
1,"Ixi8k6",1,1718,2022,196,"Türkiye","TUR","TUR",76,"Greece","GRE","GRC",1592,1230,"0","-","0","0","0"
1,"Ixi8k6",1,1719,2023,196,"Türkiye","TUR","TUR",76,"Greece","GRE","GRC",1762,2514,"0","-","0","0","0"
1,"Ixi8k6",1,1720,2024,196,"Türkiye","TUR","TUR",76,"Greece","GRE","GRC",981,2121,"0","-","0","0","0"
1,"Ixi8k6",1,1721,2025,196,"Türkiye","TUR","TUR",76,"Greece","GRE","GRC",991,1448,"0","-","0","0","0"
1,"Ixi8k6",1,1722,2005,199,"Uganda","UGA","UGA",76,"Greece","GRE","GRC","0",5,"0","-","0","0","0"
1,"Ixi8k6",1,1723,2010,199,"Uganda","UGA","UGA",76,"Greece","GRE","GRC","0",21,"0","-","0","0","0"
1,"Ixi8k6",1,1724,2011,199,"Uganda","UGA","UGA",76,"Greece","GRE","GRC",6,"0","0","-","0","0","0"
1,"Ixi8k6",1,1725,2012,199,"Uganda","UGA","UGA",76,"Greece","GRE","GRC",6,"0","0","-","0","0","0"
1,"Ixi8k6",1,1726,2013,199,"Uganda","UGA","UGA",76,"Greece","GRE","GRC",6,13,"0","-","0","0","0"
1,"Ixi8k6",1,1727,2014,199,"Uganda","UGA","UGA",76,"Greece","GRE","GRC",8,7,"0","-","0","0","0"
1,"Ixi8k6",1,1728,2015,199,"Uganda","UGA","UGA",76,"Greece","GRE","GRC",13,6,"0","-","0","0","0"
1,"Ixi8k6",1,1729,2016,199,"Uganda","UGA","UGA",76,"Greece","GRE","GRC",18,34,"0","-","0","0","0"
1,"Ixi8k6",1,1730,2017,199,"Uganda","UGA","UGA",76,"Greece","GRE","GRC",21,22,"0","-","0","0","0"
1,"Ixi8k6",1,1731,2018,199,"Uganda","UGA","UGA",76,"Greece","GRE","GRC",24,53,"0","-","0","0","0"
1,"Ixi8k6",1,1732,2019,199,"Uganda","UGA","UGA",76,"Greece","GRE","GRC",29,64,"0","-","0","0","0"
1,"Ixi8k6",1,1733,2020,199,"Uganda","UGA","UGA",76,"Greece","GRE","GRC",49,65,"0","-","0","0","0"
1,"Ixi8k6",1,1734,2021,199,"Uganda","UGA","UGA",76,"Greece","GRE","GRC",71,42,"0","-","0","0","0"
1,"Ixi8k6",1,1735,2022,199,"Uganda","UGA","UGA",76,"Greece","GRE","GRC",96,44,"0","-","0","0","0"
1,"Ixi8k6",1,1736,2023,199,"Uganda","UGA","UGA",76,"Greece","GRE","GRC",118,45,"0","-","0","0","0"
1,"Ixi8k6",1,1737,2024,199,"Uganda","UGA","UGA",76,"Greece","GRE","GRC",104,33,"0","-","0","0","0"
1,"Ixi8k6",1,1738,2025,199,"Uganda","UGA","UGA",76,"Greece","GRE","GRC",104,43,"0","-","0","0","0"
1,"Ixi8k6",1,1739,2004,200,"Ukraine","UKR","UKR",76,"Greece","GRE","GRC",5,8,"0","-","0","0","0"
1,"Ixi8k6",1,1740,2005,200,"Ukraine","UKR","UKR",76,"Greece","GRE","GRC",5,6,"0","-","0","0","0"
1,"Ixi8k6",1,1741,2006,200,"Ukraine","UKR","UKR",76,"Greece","GRE","GRC",5,"0","0","-","0","0","0"
1,"Ixi8k6",1,1742,2007,200,"Ukraine","UKR","UKR",76,"Greece","GRE","GRC",5,6,"0","-","0","0","0"
1,"Ixi8k6",1,1743,2008,200,"Ukraine","UKR","UKR",76,"Greece","GRE","GRC",5,9,"0","-","0","0","0"
1,"Ixi8k6",1,1744,2009,200,"Ukraine","UKR","UKR",76,"Greece","GRE","GRC",5,"0","0","-","0","0","0"
1,"Ixi8k6",1,1745,2010,200,"Ukraine","UKR","UKR",76,"Greece","GRE","GRC",5,78,"0","-","0","0","0"
1,"Ixi8k6",1,1746,2011,200,"Ukraine","UKR","UKR",76,"Greece","GRE","GRC",5,"0","0","-","0","0","0"
1,"Ixi8k6",1,1747,2012,200,"Ukraine","UKR","UKR",76,"Greece","GRE","GRC",5,"0","0","-","0","0","0"
1,"Ixi8k6",1,1748,2013,200,"Ukraine","UKR","UKR",76,"Greece","GRE","GRC",6,110,"0","-","0","0","0"
1,"Ixi8k6",1,1749,2014,200,"Ukraine","UKR","UKR",76,"Greece","GRE","GRC",10,48,"0","-","0","0","0"
1,"Ixi8k6",1,1750,2015,200,"Ukraine","UKR","UKR",76,"Greece","GRE","GRC",85,124,"0","-","0","0","0"
1,"Ixi8k6",1,1751,2016,200,"Ukraine","UKR","UKR",76,"Greece","GRE","GRC",112,144,"0","-","0","0","0"
1,"Ixi8k6",1,1752,2017,200,"Ukraine","UKR","UKR",76,"Greece","GRE","GRC",134,99,"0","-","0","0","0"
1,"Ixi8k6",1,1753,2018,200,"Ukraine","UKR","UKR",76,"Greece","GRE","GRC",145,117,"0","-","0","0","0"
1,"Ixi8k6",1,1754,2019,200,"Ukraine","UKR","UKR",76,"Greece","GRE","GRC",151,97,"0","-","0","0","0"
1,"Ixi8k6",1,1755,2020,200,"Ukraine","UKR","UKR",76,"Greece","GRE","GRC",158,63,"0","-","0","0","0"
1,"Ixi8k6",1,1756,2021,200,"Ukraine","UKR","UKR",76,"Greece","GRE","GRC",169,99,"0","-","0","0","0"
1,"Ixi8k6",1,1757,2022,200,"Ukraine","UKR","UKR",76,"Greece","GRE","GRC",21827,104,"0","-","0","0","0"
1,"Ixi8k6",1,1758,2023,200,"Ukraine","UKR","UKR",76,"Greece","GRE","GRC",27043,70,"0","-","0","0","0"
1,"Ixi8k6",1,1759,2024,200,"Ukraine","UKR","UKR",76,"Greece","GRE","GRC",32830,61,"0","-","0","0","0"
1,"Ixi8k6",1,1760,2025,200,"Ukraine","UKR","UKR",76,"Greece","GRE","GRC",36268,61,"0","-","0","0","0"
1,"Ixi8k6",1,1761,2013,202,"United States of America","USA","USA",76,"Greece","GRE","GRC","0",5,"0","-","0","0","0"
1,"Ixi8k6",1,1762,2017,202,"United States of America","USA","USA",76,"Greece","GRE","GRC","0",5,"0","-","0","0","0"
1,"Ixi8k6",1,1763,2018,202,"United States of America","USA","USA",76,"Greece","GRE","GRC","0",5,"0","-","0","0","0"
1,"Ixi8k6",1,1764,2019,202,"United States of America","USA","USA",76,"Greece","GRE","GRC","0",5,"0","-","0","0","0"
1,"Ixi8k6",1,1765,2023,202,"United States of America","USA","USA",76,"Greece","GRE","GRC",10,7,"0","-","0","0","0"
1,"Ixi8k6",1,1766,2024,202,"United States of America","USA","USA",76,"Greece","GRE","GRC",5,"0","0","-","0","0","0"
1,"Ixi8k6",1,1767,2025,202,"United States of America","USA","USA",76,"Greece","GRE","GRC",14,"0","0","-","0","0","0"
1,"Ixi8k6",1,1768,2002,203,"Uzbekistan","UZB","UZB",76,"Greece","GRE","GRC","0",13,"0","-","0","0","0"
1,"Ixi8k6",1,1769,2004,203,"Uzbekistan","UZB","UZB",76,"Greece","GRE","GRC","0",8,"0","-","0","0","0"
1,"Ixi8k6",1,1770,2005,203,"Uzbekistan","UZB","UZB",76,"Greece","GRE","GRC",11,"0","0","-","0","0","0"
1,"Ixi8k6",1,1771,2006,203,"Uzbekistan","UZB","UZB",76,"Greece","GRE","GRC",11,"0","0","-","0","0","0"
1,"Ixi8k6",1,1772,2007,203,"Uzbekistan","UZB","UZB",76,"Greece","GRE","GRC",11,"0","0","-","0","0","0"
1,"Ixi8k6",1,1773,2008,203,"Uzbekistan","UZB","UZB",76,"Greece","GRE","GRC",11,"0","0","-","0","0","0"
1,"Ixi8k6",1,1774,2009,203,"Uzbekistan","UZB","UZB",76,"Greece","GRE","GRC",11,"0","0","-","0","0","0"
1,"Ixi8k6",1,1775,2010,203,"Uzbekistan","UZB","UZB",76,"Greece","GRE","GRC",12,11,"0","-","0","0","0"
1,"Ixi8k6",1,1776,2011,203,"Uzbekistan","UZB","UZB",76,"Greece","GRE","GRC",17,"0","0","-","0","0","0"
1,"Ixi8k6",1,1777,2012,203,"Uzbekistan","UZB","UZB",76,"Greece","GRE","GRC",17,"0","0","-","0","0","0"
1,"Ixi8k6",1,1778,2013,203,"Uzbekistan","UZB","UZB",76,"Greece","GRE","GRC",22,19,"0","-","0","0","0"
1,"Ixi8k6",1,1779,2014,203,"Uzbekistan","UZB","UZB",76,"Greece","GRE","GRC",23,"0","0","-","0","0","0"
1,"Ixi8k6",1,1780,2015,203,"Uzbekistan","UZB","UZB",76,"Greece","GRE","GRC",13,7,"0","-","0","0","0"
1,"Ixi8k6",1,1781,2016,203,"Uzbekistan","UZB","UZB",76,"Greece","GRE","GRC",13,8,"0","-","0","0","0"
1,"Ixi8k6",1,1782,2017,203,"Uzbekistan","UZB","UZB",76,"Greece","GRE","GRC",14,"0","0","-","0","0","0"
1,"Ixi8k6",1,1783,2018,203,"Uzbekistan","UZB","UZB",76,"Greece","GRE","GRC",16,5,"0","-","0","0","0"
1,"Ixi8k6",1,1784,2019,203,"Uzbekistan","UZB","UZB",76,"Greece","GRE","GRC",18,9,"0","-","0","0","0"
1,"Ixi8k6",1,1785,2020,203,"Uzbekistan","UZB","UZB",76,"Greece","GRE","GRC",17,5,"0","-","0","0","0"
1,"Ixi8k6",1,1786,2021,203,"Uzbekistan","UZB","UZB",76,"Greece","GRE","GRC",12,"0","0","-","0","0","0"
1,"Ixi8k6",1,1787,2022,203,"Uzbekistan","UZB","UZB",76,"Greece","GRE","GRC",12,"0","0","-","0","0","0"
1,"Ixi8k6",1,1788,2023,203,"Uzbekistan","UZB","UZB",76,"Greece","GRE","GRC",13,"0","0","-","0","0","0"
1,"Ixi8k6",1,1789,2024,203,"Uzbekistan","UZB","UZB",76,"Greece","GRE","GRC",5,6,"0","-","0","0","0"
1,"Ixi8k6",1,1790,2025,203,"Uzbekistan","UZB","UZB",76,"Greece","GRE","GRC",9,5,"0","-","0","0","0"
1,"Ixi8k6",1,1791,2010,207,"Venezuela (Bolivarian Republic of)","VEN","VEN",76,"Greece","GRE","GRC","0",5,"0","-","0","0","0"
1,"Ixi8k6",1,1792,2013,207,"Venezuela (Bolivarian Republic of)","VEN","VEN",76,"Greece","GRE","GRC","0",5,"0","-","0","0","0"
1,"Ixi8k6",1,1793,2016,207,"Venezuela (Bolivarian Republic of)","VEN","VEN",76,"Greece","GRE","GRC","0",8,"0","-","0","0","0"
1,"Ixi8k6",1,1794,2017,207,"Venezuela (Bolivarian Republic of)","VEN","VEN",76,"Greece","GRE","GRC","0",27,"0","-","0","0","0"
1,"Ixi8k6",1,1795,2018,207,"Venezuela (Bolivarian Republic of)","VEN","VEN",76,"Greece","GRE","GRC",6,34,"0","-","0","0","0"
1,"Ixi8k6",1,1796,2019,207,"Venezuela (Bolivarian Republic of)","VEN","VEN",76,"Greece","GRE","GRC",6,34,"0","-","0","0","0"
1,"Ixi8k6",1,1797,2020,207,"Venezuela (Bolivarian Republic of)","VEN","VEN",76,"Greece","GRE","GRC",13,20,"0","-","0","0","0"
1,"Ixi8k6",1,1798,2021,207,"Venezuela (Bolivarian Republic of)","VEN","VEN",76,"Greece","GRE","GRC",14,5,"0","-","0","0","0"
1,"Ixi8k6",1,1799,2022,207,"Venezuela (Bolivarian Republic of)","VEN","VEN",76,"Greece","GRE","GRC",15,"0","0","-","0","0","0"
1,"Ixi8k6",1,1800,2023,207,"Venezuela (Bolivarian Republic of)","VEN","VEN",76,"Greece","GRE","GRC",15,11,"0","-","0","0","0"
1,"Ixi8k6",1,1801,2024,207,"Venezuela (Bolivarian Republic of)","VEN","VEN",76,"Greece","GRE","GRC",11,18,"0","-","0","0","0"
1,"Ixi8k6",1,1802,2025,207,"Venezuela (Bolivarian Republic of)","VEN","VEN",76,"Greece","GRE","GRC",11,19,"0","-","0","0","0"
1,"Ixi8k6",1,1803,2003,210,"Western Sahara","WSH","ESH",76,"Greece","GRE","GRC","0",13,"0","-","0","0","0"
1,"Ixi8k6",1,1804,2004,210,"Western Sahara","WSH","ESH",76,"Greece","GRE","GRC","0",13,"0","-","0","0","0"
1,"Ixi8k6",1,1805,2005,210,"Western Sahara","WSH","ESH",76,"Greece","GRE","GRC","0",13,"0","-","0","0","0"
1,"Ixi8k6",1,1806,2006,210,"Western Sahara","WSH","ESH",76,"Greece","GRE","GRC","0",13,"0","-","0","0","0"
1,"Ixi8k6",1,1807,2007,210,"Western Sahara","WSH","ESH",76,"Greece","GRE","GRC","0",13,"0","-","0","0","0"
1,"Ixi8k6",1,1808,2008,210,"Western Sahara","WSH","ESH",76,"Greece","GRE","GRC","0",13,"0","-","0","0","0"
1,"Ixi8k6",1,1809,2016,210,"Western Sahara","WSH","ESH",76,"Greece","GRE","GRC","0",5,"0","-","0","0","0"
1,"Ixi8k6",1,1810,2017,210,"Western Sahara","WSH","ESH",76,"Greece","GRE","GRC","0",6,"0","-","0","0","0"
1,"Ixi8k6",1,1811,2018,210,"Western Sahara","WSH","ESH",76,"Greece","GRE","GRC",7,5,"0","-","0","0","0"
1,"Ixi8k6",1,1812,2019,210,"Western Sahara","WSH","ESH",76,"Greece","GRE","GRC",9,11,"0","-","0","0","0"
1,"Ixi8k6",1,1813,2020,210,"Western Sahara","WSH","ESH",76,"Greece","GRE","GRC",10,6,"0","-","0","0","0"
1,"Ixi8k6",1,1814,2021,210,"Western Sahara","WSH","ESH",76,"Greece","GRE","GRC",10,"0","0","-","0","0","0"
1,"Ixi8k6",1,1815,2022,210,"Western Sahara","WSH","ESH",76,"Greece","GRE","GRC",10,"0","0","-","0","0","0"
1,"Ixi8k6",1,1816,2023,210,"Western Sahara","WSH","ESH",76,"Greece","GRE","GRC",10,"0","0","-","0","0","0"
1,"Ixi8k6",1,1817,2013,211,"Yemen","YEM","YEM",76,"Greece","GRE","GRC","0",5,"0","-","0","0","0"
1,"Ixi8k6",1,1818,2014,211,"Yemen","YEM","YEM",76,"Greece","GRE","GRC",5,5,"0","-","0","0","0"
1,"Ixi8k6",1,1819,2015,211,"Yemen","YEM","YEM",76,"Greece","GRE","GRC",6,25,"0","-","0","0","0"
1,"Ixi8k6",1,1820,2016,211,"Yemen","YEM","YEM",76,"Greece","GRE","GRC",57,32,"0","-","0","0","0"
1,"Ixi8k6",1,1821,2017,211,"Yemen","YEM","YEM",76,"Greece","GRE","GRC",158,108,"0","-","0","0","0"
1,"Ixi8k6",1,1822,2018,211,"Yemen","YEM","YEM",76,"Greece","GRE","GRC",369,178,"0","-","0","0","0"
1,"Ixi8k6",1,1823,2019,211,"Yemen","YEM","YEM",76,"Greece","GRE","GRC",574,213,"0","-","0","0","0"
1,"Ixi8k6",1,1824,2020,211,"Yemen","YEM","YEM",76,"Greece","GRE","GRC",853,47,"0","-","0","0","0"
1,"Ixi8k6",1,1825,2021,211,"Yemen","YEM","YEM",76,"Greece","GRE","GRC",933,26,"0","-","0","0","0"
1,"Ixi8k6",1,1826,2022,211,"Yemen","YEM","YEM",76,"Greece","GRE","GRC",1335,149,"0","-","0","0","0"
1,"Ixi8k6",1,1827,2023,211,"Yemen","YEM","YEM",76,"Greece","GRE","GRC",2300,91,"0","-","0","0","0"
1,"Ixi8k6",1,1828,2024,211,"Yemen","YEM","YEM",76,"Greece","GRE","GRC",2623,57,"0","-","0","0","0"
1,"Ixi8k6",1,1829,2025,211,"Yemen","YEM","YEM",76,"Greece","GRE","GRC",2623,120,"0","-","0","0","0"
1,"Ixi8k6",1,1830,2020,213,"Zambia","ZAM","ZMB",76,"Greece","GRE","GRC","0",5,"0","-","0","0","0"
1,"Ixi8k6",1,1831,2023,213,"Zambia","ZAM","ZMB",76,"Greece","GRE","GRC","0",5,"0","-","0","0","0"
1,"Ixi8k6",1,1832,2024,213,"Zambia","ZAM","ZMB",76,"Greece","GRE","GRC","0",6,"0","-","0","0","0"
1,"Ixi8k6",1,1833,2025,213,"Zambia","ZAM","ZMB",76,"Greece","GRE","GRC","0",5,"0","-","0","0","0"
1,"Ixi8k6",1,1834,2013,214,"Zimbabwe","ZIM","ZWE",76,"Greece","GRE","GRC","0",10,"0","-","0","0","0"
1,"Ixi8k6",1,1835,2014,214,"Zimbabwe","ZIM","ZWE",76,"Greece","GRE","GRC",5,"0","0","-","0","0","0"
1,"Ixi8k6",1,1836,2015,214,"Zimbabwe","ZIM","ZWE",76,"Greece","GRE","GRC",5,"0","0","-","0","0","0"
1,"Ixi8k6",1,1837,2016,214,"Zimbabwe","ZIM","ZWE",76,"Greece","GRE","GRC",5,"0","0","-","0","0","0"
1,"Ixi8k6",1,1838,2017,214,"Zimbabwe","ZIM","ZWE",76,"Greece","GRE","GRC",5,11,"0","-","0","0","0"
1,"Ixi8k6",1,1839,2018,214,"Zimbabwe","ZIM","ZWE",76,"Greece","GRE","GRC",6,15,"0","-","0","0","0"
1,"Ixi8k6",1,1840,2019,214,"Zimbabwe","ZIM","ZWE",76,"Greece","GRE","GRC",8,5,"0","-","0","0","0"
1,"Ixi8k6",1,1841,2020,214,"Zimbabwe","ZIM","ZWE",76,"Greece","GRE","GRC",12,5,"0","-","0","0","0"
1,"Ixi8k6",1,1842,2021,214,"Zimbabwe","ZIM","ZWE",76,"Greece","GRE","GRC",13,5,"0","-","0","0","0"
1,"Ixi8k6",1,1843,2022,214,"Zimbabwe","ZIM","ZWE",76,"Greece","GRE","GRC",15,5,"0","-","0","0","0"
1,"Ixi8k6",1,1844,2023,214,"Zimbabwe","ZIM","ZWE",76,"Greece","GRE","GRC",16,5,"0","-","0","0","0"
1,"Ixi8k6",1,1845,2024,214,"Zimbabwe","ZIM","ZWE",76,"Greece","GRE","GRC",16,13,"0","-","0","0","0"
1,"Ixi8k6",1,1846,2025,214,"Zimbabwe","ZIM","ZWE",76,"Greece","GRE","GRC",16,14,"0","-","0","0","0"
1,"Ixi8k6",1,1847,2006,216,"Stateless","STA","XXA",76,"Greece","GRE","GRC","0","0","0","-",108,"0","0"
1,"Ixi8k6",1,1848,2007,216,"Stateless","STA","XXA",76,"Greece","GRE","GRC","0","0","0","-",108,"0","0"
1,"Ixi8k6",1,1849,2008,216,"Stateless","STA","XXA",76,"Greece","GRE","GRC","0","0","0","-",258,"0","0"
1,"Ixi8k6",1,1850,2009,216,"Stateless","STA","XXA",76,"Greece","GRE","GRC","0","0","0","-",260,"0","0"
1,"Ixi8k6",1,1851,2010,216,"Stateless","STA","XXA",76,"Greece","GRE","GRC","0","0","0","-",260,"0","0"
1,"Ixi8k6",1,1852,2011,216,"Stateless","STA","XXA",76,"Greece","GRE","GRC","0","0","0","-",205,"0","0"
1,"Ixi8k6",1,1853,2012,216,"Stateless","STA","XXA",76,"Greece","GRE","GRC","0","0","0","-",154,"0","0"
1,"Ixi8k6",1,1854,2013,216,"Stateless","STA","XXA",76,"Greece","GRE","GRC","0","0","0","-",178,"0","0"
1,"Ixi8k6",1,1855,2014,216,"Stateless","STA","XXA",76,"Greece","GRE","GRC",13,23,"0","-",199,"0","0"
1,"Ixi8k6",1,1856,2015,216,"Stateless","STA","XXA",76,"Greece","GRE","GRC",172,32,"0","-",198,"0","0"
1,"Ixi8k6",1,1857,2016,216,"Stateless","STA","XXA",76,"Greece","GRE","GRC",207,129,"0","-",198,"0","0"
1,"Ixi8k6",1,1858,2017,216,"Stateless","STA","XXA",76,"Greece","GRE","GRC",335,242,"0","-",198,"0","0"
1,"Ixi8k6",1,1859,2018,216,"Stateless","STA","XXA",76,"Greece","GRE","GRC",471,269,"0","-",198,"0","0"
1,"Ixi8k6",1,1860,2019,216,"Stateless","STA","XXA",76,"Greece","GRE","GRC",558,315,"0","-",5607,"0",4734
1,"Ixi8k6",1,1861,2020,216,"Stateless","STA","XXA",76,"Greece","GRE","GRC",701,151,"0","-",5557,"0",4705
1,"Ixi8k6",1,1862,2021,216,"Stateless","STA","XXA",76,"Greece","GRE","GRC",785,50,"0","-",4488,"0",3653
1,"Ixi8k6",1,1863,2022,216,"Stateless","STA","XXA",76,"Greece","GRE","GRC",823,22,"0","-",4488,"0",3641
1,"Ixi8k6",1,1864,2023,216,"Stateless","STA","XXA",76,"Greece","GRE","GRC",849,176,"0","-",3743,"0",2722
1,"Ixi8k6",1,1865,2024,216,"Stateless","STA","XXA",76,"Greece","GRE","GRC",1292,345,"0","-",3743,"0",2106
1,"Ixi8k6",1,1866,2025,216,"Stateless","STA","XXA",76,"Greece","GRE","GRC",1292,188,"0","-",3743,"0",2263
1,"Ixi8k6",1,1867,1951,262,"Unknown ","UKN","UNK",76,"Greece","GRE","GRC",18000,"0","0","-","0","0","0"
1,"Ixi8k6",1,1868,1952,262,"Unknown ","UKN","UNK",76,"Greece","GRE","GRC",19000,"0","0","-","0","0","0"
1,"Ixi8k6",1,1869,1953,262,"Unknown ","UKN","UNK",76,"Greece","GRE","GRC",18500,"0","0","-","0","0","0"
1,"Ixi8k6",1,1870,1954,262,"Unknown ","UKN","UNK",76,"Greece","GRE","GRC",19000,"0","0","-","0","0","0"
1,"Ixi8k6",1,1871,1955,262,"Unknown ","UKN","UNK",76,"Greece","GRE","GRC",17400,"0","0","-","0","0","0"
1,"Ixi8k6",1,1872,1956,262,"Unknown ","UKN","UNK",76,"Greece","GRE","GRC",16000,"0","0","-","0","0","0"
1,"Ixi8k6",1,1873,1957,262,"Unknown ","UKN","UNK",76,"Greece","GRE","GRC",16000,"0","0","-","0","0","0"
1,"Ixi8k6",1,1874,1958,262,"Unknown ","UKN","UNK",76,"Greece","GRE","GRC",15700,"0","0","-","0","0","0"
1,"Ixi8k6",1,1875,1959,262,"Unknown ","UKN","UNK",76,"Greece","GRE","GRC",15500,"0","0","-","0","0","0"
1,"Ixi8k6",1,1876,1960,262,"Unknown ","UKN","UNK",76,"Greece","GRE","GRC",15500,"0","0","-","0","0","0"
1,"Ixi8k6",1,1877,1961,262,"Unknown ","UKN","UNK",76,"Greece","GRE","GRC",15200,"0","0","-","0","0","0"
1,"Ixi8k6",1,1878,1962,262,"Unknown ","UKN","UNK",76,"Greece","GRE","GRC",15700,"0","0","-","0","0","0"
1,"Ixi8k6",1,1879,1963,262,"Unknown ","UKN","UNK",76,"Greece","GRE","GRC",15400,"0","0","-","0","0","0"
1,"Ixi8k6",1,1880,1964,262,"Unknown ","UKN","UNK",76,"Greece","GRE","GRC",16000,"0","0","-","0","0","0"
1,"Ixi8k6",1,1881,1965,262,"Unknown ","UKN","UNK",76,"Greece","GRE","GRC",15560,"0","0","-","0","0","0"
1,"Ixi8k6",1,1882,1966,262,"Unknown ","UKN","UNK",76,"Greece","GRE","GRC",8210,"0","0","-","0","0","0"
1,"Ixi8k6",1,1883,1967,262,"Unknown ","UKN","UNK",76,"Greece","GRE","GRC",7530,"0","0","-","0","0","0"
1,"Ixi8k6",1,1884,1968,262,"Unknown ","UKN","UNK",76,"Greece","GRE","GRC",5320,"0","0","-","0","0","0"
1,"Ixi8k6",1,1885,1969,262,"Unknown ","UKN","UNK",76,"Greece","GRE","GRC",3670,"0","0","-","0","0","0"
1,"Ixi8k6",1,1886,1970,262,"Unknown ","UKN","UNK",76,"Greece","GRE","GRC",3300,"0","0","-","0","0","0"
1,"Ixi8k6",1,1887,1971,262,"Unknown ","UKN","UNK",76,"Greece","GRE","GRC",4300,"0","0","-","0","0","0"
1,"Ixi8k6",1,1888,1972,262,"Unknown ","UKN","UNK",76,"Greece","GRE","GRC",2410,"0","0","-","0","0","0"
1,"Ixi8k6",1,1889,1973,262,"Unknown ","UKN","UNK",76,"Greece","GRE","GRC",2220,"0","0","-","0","0","0"
1,"Ixi8k6",1,1890,1974,262,"Unknown ","UKN","UNK",76,"Greece","GRE","GRC",2130,"0","0","-","0","0","0"
1,"Ixi8k6",1,1891,1975,262,"Unknown ","UKN","UNK",76,"Greece","GRE","GRC",2090,"0","0","-","0","0","0"
1,"Ixi8k6",1,1892,1976,262,"Unknown ","UKN","UNK",76,"Greece","GRE","GRC",2110,"0","0","-","0","0","0"
1,"Ixi8k6",1,1893,1977,262,"Unknown ","UKN","UNK",76,"Greece","GRE","GRC",2200,"0","0","-","0","0","0"
1,"Ixi8k6",1,1894,1978,262,"Unknown ","UKN","UNK",76,"Greece","GRE","GRC",2140,"0","0","-","0","0","0"
1,"Ixi8k6",1,1895,1979,262,"Unknown ","UKN","UNK",76,"Greece","GRE","GRC",3410,"0","0","-","0","0","0"
1,"Ixi8k6",1,1896,1980,262,"Unknown ","UKN","UNK",76,"Greece","GRE","GRC",3410,"0","0","-","0","0","0"
1,"Ixi8k6",1,1897,1981,262,"Unknown ","UKN","UNK",76,"Greece","GRE","GRC",3670,"0","0","-","0","0","0"
1,"Ixi8k6",1,1898,1982,262,"Unknown ","UKN","UNK",76,"Greece","GRE","GRC",530,"0","0","-","0","0","0"
1,"Ixi8k6",1,1899,1983,262,"Unknown ","UKN","UNK",76,"Greece","GRE","GRC",620,"0","0","-","0","0","0"
1,"Ixi8k6",1,1900,1984,262,"Unknown ","UKN","UNK",76,"Greece","GRE","GRC",590,"0","0","-","0","0","0"
1,"Ixi8k6",1,1901,1985,262,"Unknown ","UKN","UNK",76,"Greece","GRE","GRC",880,"0","0","-","0","0","0"
1,"Ixi8k6",1,1902,1986,262,"Unknown ","UKN","UNK",76,"Greece","GRE","GRC",300,"0","0","-","0","0","0"
1,"Ixi8k6",1,1903,1987,262,"Unknown ","UKN","UNK",76,"Greece","GRE","GRC",750,"0","0","-","0","0","0"
1,"Ixi8k6",1,1904,1988,262,"Unknown ","UKN","UNK",76,"Greece","GRE","GRC",3222,"0","0","-","0","0","0"
1,"Ixi8k6",1,1905,1989,262,"Unknown ","UKN","UNK",76,"Greece","GRE","GRC",290,"0","0","-","0","0","0"
1,"Ixi8k6",1,1906,1990,262,"Unknown ","UKN","UNK",76,"Greece","GRE","GRC",8488,"0","0","-","0","0","0"
1,"Ixi8k6",1,1907,1991,262,"Unknown ","UKN","UNK",76,"Greece","GRE","GRC",8989,"0","0","-","0","0","0"
1,"Ixi8k6",1,1908,1992,262,"Unknown ","UKN","UNK",76,"Greece","GRE","GRC",8456,"0","0","-","0","0","0"
1,"Ixi8k6",1,1909,1993,262,"Unknown ","UKN","UNK",76,"Greece","GRE","GRC",40,"0","0","-","0","0","0"
1,"Ixi8k6",1,1910,1994,262,"Unknown ","UKN","UNK",76,"Greece","GRE","GRC",40,"0","0","-","0","0","0"
1,"Ixi8k6",1,1911,1995,262,"Unknown ","UKN","UNK",76,"Greece","GRE","GRC",256,"0","0","-","0","0","0"
1,"Ixi8k6",1,1912,1996,262,"Unknown ","UKN","UNK",76,"Greece","GRE","GRC",376,"0","0","-","0","0","0"
1,"Ixi8k6",1,1913,1997,262,"Unknown ","UKN","UNK",76,"Greece","GRE","GRC",371,"0","0","-","0","0","0"
1,"Ixi8k6",1,1914,1998,262,"Unknown ","UKN","UNK",76,"Greece","GRE","GRC",3028,"0","0","-","0","0","0"
1,"Ixi8k6",1,1915,1999,262,"Unknown ","UKN","UNK",76,"Greece","GRE","GRC",3090,"0","0","-","0","0","0"
1,"Ixi8k6",1,1916,2000,262,"Unknown ","UKN","UNK",76,"Greece","GRE","GRC",3000,"0","0","-","0","0","0"
1,"Ixi8k6",1,1917,2002,262,"Unknown ","UKN","UNK",76,"Greece","GRE","GRC",150,"0","0","-","0","0","0"
1,"Ixi8k6",1,1918,2003,262,"Unknown ","UKN","UNK",76,"Greece","GRE","GRC",150,2025,"0","-","0","0","0"
1,"Ixi8k6",1,1919,2004,262,"Unknown ","UKN","UNK",76,"Greece","GRE","GRC",12,2154,"0","-","0","0","0"
1,"Ixi8k6",1,1920,2005,262,"Unknown ","UKN","UNK",76,"Greece","GRE","GRC",27,5149,"0","-","0","0","0"
1,"Ixi8k6",1,1921,2006,262,"Unknown ","UKN","UNK",76,"Greece","GRE","GRC",28,10261,"0","-","0","0","0"
1,"Ixi8k6",1,1922,2007,262,"Unknown ","UKN","UNK",76,"Greece","GRE","GRC",29,20899,"0","-","0","0","0"
1,"Ixi8k6",1,1923,2008,262,"Unknown ","UKN","UNK",76,"Greece","GRE","GRC",33,32851,"0","-","0","0","0"
1,"Ixi8k6",1,1924,2009,262,"Unknown ","UKN","UNK",76,"Greece","GRE","GRC",99,48201,"0","-","0","0","0"
1,"Ixi8k6",1,1925,2010,262,"Unknown ","UKN","UNK",76,"Greece","GRE","GRC",99,8889,"0","-","0","0","0"
1,"Ixi8k6",1,1926,2011,262,"Unknown ","UKN","UNK",76,"Greece","GRE","GRC",112,43942,"0","-","0","0","0"
1,"Ixi8k6",1,1927,2012,262,"Unknown ","UKN","UNK",76,"Greece","GRE","GRC",116,36183,"0","-","0","0","0"
1,"Ixi8k6",1,1928,2013,262,"Unknown ","UKN","UNK",76,"Greece","GRE","GRC",132,105,"0","-","0","0",11534
1,"Ixi8k6",1,1929,2014,262,"Unknown ","UKN","UNK",76,"Greece","GRE","GRC",136,27012,"0","-","0","0","0"
1,"Ixi8k6",1,1930,2015,262,"Unknown ","UKN","UNK",76,"Greece","GRE","GRC",1539,20620,"0","-","0","0","0"
1,"Ixi8k6",1,1931,2016,262,"Unknown ","UKN","UNK",76,"Greece","GRE","GRC",7066,5766,"0","-","0","0","0"
1,"Ixi8k6",1,1932,2017,262,"Unknown ","UKN","UNK",76,"Greece","GRE","GRC",8204,483,"0","-","0","0","0"
1,"Ixi8k6",1,1933,2018,262,"Unknown ","UKN","UNK",76,"Greece","GRE","GRC",8205,3565,"0","-","0","0","0"
1,"Ixi8k6",1,1934,2019,262,"Unknown ","UKN","UNK",76,"Greece","GRE","GRC",11063,18242,"0","-","0","0","0"
1,"Ixi8k6",1,1935,2020,262,"Unknown ","UKN","UNK",76,"Greece","GRE","GRC",11063,5,"0","-","0","0","0"
1,"Ixi8k6",1,1936,2021,262,"Unknown ","UKN","UNK",76,"Greece","GRE","GRC",11050,"0","0","-","0","0","0"
1,"Ixi8k6",1,1937,2022,262,"Unknown ","UKN","UNK",76,"Greece","GRE","GRC",11049,"0","0","-","0","0","0"
1,"Ixi8k6",1,1938,2023,262,"Unknown ","UKN","UNK",76,"Greece","GRE","GRC",11034,"0","0","-","0","0","0"
1,"Ixi8k6",1,1939,2025,262,"Unknown ","UKN","UNK",76,"Greece","GRE","GRC",1695,"0","0","-","0","0","0"
