"page","short-url","maxPages","items","year","coo_id","coo_name","coo","coo_iso","coa_id","coa_name","coa","coa_iso","refugees","asylum_seekers","idps","oip","stateless","hst","ooc"
1,"q5rX4C",1,1,2000,2,"Afghanistan","AFG","AFG",72,"Germany","GFR","DEU","0",9229,"0","-","0","0","0"
1,"q5rX4C",1,2,2001,2,"Afghanistan","AFG","AFG",72,"Germany","GFR","DEU","0",10057,"0","-","0","0","0"
1,"q5rX4C",1,3,2002,2,"Afghanistan","AFG","AFG",72,"Germany","GFR","DEU",52289,12074,"0","-","0","0","0"
1,"q5rX4C",1,4,2003,2,"Afghanistan","AFG","AFG",72,"Germany","GFR","DEU",46975,2529,"0","-","0","0","0"
1,"q5rX4C",1,5,2004,2,"Afghanistan","AFG","AFG",72,"Germany","GFR","DEU",38576,505,"0","-","0","0","0"
1,"q5rX4C",1,6,2005,2,"Afghanistan","AFG","AFG",72,"Germany","GFR","DEU",31055,5081,"0","-","0","0","0"
1,"q5rX4C",1,7,2006,2,"Afghanistan","AFG","AFG",72,"Germany","GFR","DEU",21879,3999,"0","-","0","0","0"
1,"q5rX4C",1,8,2007,2,"Afghanistan","AFG","AFG",72,"Germany","GFR","DEU",24236,2223,"0","-","0","0","0"
1,"q5rX4C",1,9,2008,2,"Afghanistan","AFG","AFG",72,"Germany","GFR","DEU",25108,1729,"0","-","0","0",1632
1,"q5rX4C",1,10,2009,2,"Afghanistan","AFG","AFG",72,"Germany","GFR","DEU",30320,3891,"0","-","0","0",971
1,"q5rX4C",1,11,2010,2,"Afghanistan","AFG","AFG",72,"Germany","GFR","DEU",30404,7024,"0","-","0","0",1073
1,"q5rX4C",1,12,2011,2,"Afghanistan","AFG","AFG",72,"Germany","GFR","DEU",30425,11087,"0","-","0","0",1358
1,"q5rX4C",1,13,2012,2,"Afghanistan","AFG","AFG",72,"Germany","GFR","DEU",31746,14357,"0","-","0","0","0"
1,"q5rX4C",1,14,2013,2,"Afghanistan","AFG","AFG",72,"Germany","GFR","DEU",24203,16148,"0","-","0","0","0"
1,"q5rX4C",1,15,2014,2,"Afghanistan","AFG","AFG",72,"Germany","GFR","DEU",27814,19023,"0","-","0","0","0"
1,"q5rX4C",1,16,2015,2,"Afghanistan","AFG","AFG",72,"Germany","GFR","DEU",30026,42602,"0","-","0","0","0"
1,"q5rX4C",1,17,2016,2,"Afghanistan","AFG","AFG",72,"Germany","GFR","DEU",46292,126522,"0","-","0","0","0"
1,"q5rX4C",1,18,2017,2,"Afghanistan","AFG","AFG",72,"Germany","GFR","DEU",104385,87321,"0","-","0","0","0"
1,"q5rX4C",1,19,2018,2,"Afghanistan","AFG","AFG",72,"Germany","GFR","DEU",126018,65838,"0","-","0","0","0"
1,"q5rX4C",1,20,2019,2,"Afghanistan","AFG","AFG",72,"Germany","GFR","DEU",140366,47343,"0","-","0","0","0"
1,"q5rX4C",1,21,2020,2,"Afghanistan","AFG","AFG",72,"Germany","GFR","DEU",147994,33103,"0","-","0","0","0"
1,"q5rX4C",1,22,2021,2,"Afghanistan","AFG","AFG",72,"Germany","GFR","DEU",159409,43964,"0","-","0","0","0"
1,"q5rX4C",1,23,2022,2,"Afghanistan","AFG","AFG",72,"Germany","GFR","DEU",180810,34867,"0","-","0","0","0"
1,"q5rX4C",1,24,2023,2,"Afghanistan","AFG","AFG",72,"Germany","GFR","DEU",255077,44781,"0","-","0","0","0"
1,"q5rX4C",1,25,2024,2,"Afghanistan","AFG","AFG",72,"Germany","GFR","DEU",279737,44659,"0","-","0","0","0"
1,"q5rX4C",1,26,2025,2,"Afghanistan","AFG","AFG",72,"Germany","GFR","DEU",280341,44349,"0","-","0","0","0"
1,"q5rX4C",1,27,2000,3,"Albania","ALB","ALB",72,"Germany","GFR","DEU","0",122,"0","-","0","0","0"
1,"q5rX4C",1,28,2001,3,"Albania","ALB","ALB",72,"Germany","GFR","DEU","0",159,"0","-","0","0","0"
1,"q5rX4C",1,29,2002,3,"Albania","ALB","ALB",72,"Germany","GFR","DEU",2073,163,"0","-","0","0","0"
1,"q5rX4C",1,30,2003,3,"Albania","ALB","ALB",72,"Germany","GFR","DEU",1929,106,"0","-","0","0","0"
1,"q5rX4C",1,31,2004,3,"Albania","ALB","ALB",72,"Germany","GFR","DEU",1604,50,"0","-","0","0","0"
1,"q5rX4C",1,32,2005,3,"Albania","ALB","ALB",72,"Germany","GFR","DEU",3036,187,"0","-","0","0","0"
1,"q5rX4C",1,33,2006,3,"Albania","ALB","ALB",72,"Germany","GFR","DEU",963,160,"0","-","0","0","0"
1,"q5rX4C",1,34,2007,3,"Albania","ALB","ALB",72,"Germany","GFR","DEU",1011,88,"0","-","0","0","0"
1,"q5rX4C",1,35,2008,3,"Albania","ALB","ALB",72,"Germany","GFR","DEU",1076,95,"0","-","0","0","0"
1,"q5rX4C",1,36,2009,3,"Albania","ALB","ALB",72,"Germany","GFR","DEU",2310,76,"0","-","0","0","0"
1,"q5rX4C",1,37,2010,3,"Albania","ALB","ALB",72,"Germany","GFR","DEU",2275,66,"0","-","0","0","0"
1,"q5rX4C",1,38,2011,3,"Albania","ALB","ALB",72,"Germany","GFR","DEU",2207,82,"0","-","0","0","0"
1,"q5rX4C",1,39,2012,3,"Albania","ALB","ALB",72,"Germany","GFR","DEU",2201,231,"0","-","0","0","0"
1,"q5rX4C",1,40,2013,3,"Albania","ALB","ALB",72,"Germany","GFR","DEU",296,1266,"0","-","0","0","0"
1,"q5rX4C",1,41,2014,3,"Albania","ALB","ALB",72,"Germany","GFR","DEU",366,6985,"0","-","0","0","0"
1,"q5rX4C",1,42,2015,3,"Albania","ALB","ALB",72,"Germany","GFR","DEU",472,32295,"0","-","0","0","0"
1,"q5rX4C",1,43,2016,3,"Albania","ALB","ALB",72,"Germany","GFR","DEU",699,11258,"0","-","0","0","0"
1,"q5rX4C",1,44,2017,3,"Albania","ALB","ALB",72,"Germany","GFR","DEU",983,4838,"0","-","0","0","0"
1,"q5rX4C",1,45,2018,3,"Albania","ALB","ALB",72,"Germany","GFR","DEU",1170,3146,"0","-","0","0","0"
1,"q5rX4C",1,46,2019,3,"Albania","ALB","ALB",72,"Germany","GFR","DEU",1278,2375,"0","-","0","0","0"
1,"q5rX4C",1,47,2020,3,"Albania","ALB","ALB",72,"Germany","GFR","DEU",1272,1460,"0","-","0","0","0"
1,"q5rX4C",1,48,2021,3,"Albania","ALB","ALB",72,"Germany","GFR","DEU",1274,1676,"0","-","0","0","0"
1,"q5rX4C",1,49,2022,3,"Albania","ALB","ALB",72,"Germany","GFR","DEU",1267,1741,"0","-","0","0","0"
1,"q5rX4C",1,50,2023,3,"Albania","ALB","ALB",72,"Germany","GFR","DEU",1345,1505,"0","-","0","0","0"
1,"q5rX4C",1,51,2024,3,"Albania","ALB","ALB",72,"Germany","GFR","DEU",1261,728,"0","-","0","0","0"
1,"q5rX4C",1,52,2025,3,"Albania","ALB","ALB",72,"Germany","GFR","DEU",1231,402,"0","-","0","0","0"
1,"q5rX4C",1,53,2000,4,"Algeria","ALG","DZA",72,"Germany","GFR","DEU","0",403,"0","-","0","0","0"
1,"q5rX4C",1,54,2001,4,"Algeria","ALG","DZA",72,"Germany","GFR","DEU","0",702,"0","-","0","0","0"
1,"q5rX4C",1,55,2002,4,"Algeria","ALG","DZA",72,"Germany","GFR","DEU",3794,571,"0","-","0","0","0"
1,"q5rX4C",1,56,2003,4,"Algeria","ALG","DZA",72,"Germany","GFR","DEU",3727,292,"0","-","0","0","0"
1,"q5rX4C",1,57,2004,4,"Algeria","ALG","DZA",72,"Germany","GFR","DEU",3339,153,"0","-","0","0","0"
1,"q5rX4C",1,58,2005,4,"Algeria","ALG","DZA",72,"Germany","GFR","DEU",5385,541,"0","-","0","0","0"
1,"q5rX4C",1,59,2006,4,"Algeria","ALG","DZA",72,"Germany","GFR","DEU",1248,419,"0","-","0","0","0"
1,"q5rX4C",1,60,2007,4,"Algeria","ALG","DZA",72,"Germany","GFR","DEU",1299,328,"0","-","0","0","0"
1,"q5rX4C",1,61,2008,4,"Algeria","ALG","DZA",72,"Germany","GFR","DEU",1336,387,"0","-","0","0","0"
1,"q5rX4C",1,62,2009,4,"Algeria","ALG","DZA",72,"Germany","GFR","DEU",2317,458,"0","-","0","0","0"
1,"q5rX4C",1,63,2010,4,"Algeria","ALG","DZA",72,"Germany","GFR","DEU",2283,426,"0","-","0","0","0"
1,"q5rX4C",1,64,2011,4,"Algeria","ALG","DZA",72,"Germany","GFR","DEU",2165,451,"0","-","0","0","0"
1,"q5rX4C",1,65,2012,4,"Algeria","ALG","DZA",72,"Germany","GFR","DEU",2198,538,"0","-","0","0","0"
1,"q5rX4C",1,66,2013,4,"Algeria","ALG","DZA",72,"Germany","GFR","DEU",307,1150,"0","-","0","0","0"
1,"q5rX4C",1,67,2014,4,"Algeria","ALG","DZA",72,"Germany","GFR","DEU",301,2263,"0","-","0","0","0"
1,"q5rX4C",1,68,2015,4,"Algeria","ALG","DZA",72,"Germany","GFR","DEU",289,3661,"0","-","0","0","0"
1,"q5rX4C",1,69,2016,4,"Algeria","ALG","DZA",72,"Germany","GFR","DEU",397,2744,"0","-","0","0","0"
1,"q5rX4C",1,70,2017,4,"Algeria","ALG","DZA",72,"Germany","GFR","DEU",524,1748,"0","-","0","0","0"
1,"q5rX4C",1,71,2018,4,"Algeria","ALG","DZA",72,"Germany","GFR","DEU",589,1295,"0","-","0","0","0"
1,"q5rX4C",1,72,2019,4,"Algeria","ALG","DZA",72,"Germany","GFR","DEU",613,1087,"0","-","0","0","0"
1,"q5rX4C",1,73,2020,4,"Algeria","ALG","DZA",72,"Germany","GFR","DEU",600,1269,"0","-","0","0","0"
1,"q5rX4C",1,74,2021,4,"Algeria","ALG","DZA",72,"Germany","GFR","DEU",630,1223,"0","-","0","0","0"
1,"q5rX4C",1,75,2022,4,"Algeria","ALG","DZA",72,"Germany","GFR","DEU",937,1125,"0","-","0","0","0"
1,"q5rX4C",1,76,2023,4,"Algeria","ALG","DZA",72,"Germany","GFR","DEU",1079,1653,"0","-","0","0","0"
1,"q5rX4C",1,77,2024,4,"Algeria","ALG","DZA",72,"Germany","GFR","DEU",1180,1089,"0","-","0","0","0"
1,"q5rX4C",1,78,2025,4,"Algeria","ALG","DZA",72,"Germany","GFR","DEU",1181,788,"0","-","0","0","0"
1,"q5rX4C",1,79,2002,5,"Andorra","AND","AND",72,"Germany","GFR","DEU",9,"0","0","-","0","0","0"
1,"q5rX4C",1,80,2003,5,"Andorra","AND","AND",72,"Germany","GFR","DEU",7,"0","0","-","0","0","0"
1,"q5rX4C",1,81,2005,5,"Andorra","AND","AND",72,"Germany","GFR","DEU",5,"0","0","-","0","0","0"
1,"q5rX4C",1,82,2006,5,"Andorra","AND","AND",72,"Germany","GFR","DEU",5,"0","0","-","0","0","0"
1,"q5rX4C",1,83,2007,5,"Andorra","AND","AND",72,"Germany","GFR","DEU",5,"0","0","-","0","0","0"
1,"q5rX4C",1,84,2000,6,"Angola","ANG","AGO",72,"Germany","GFR","DEU","0",187,"0","-","0","0","0"
1,"q5rX4C",1,85,2001,6,"Angola","ANG","AGO",72,"Germany","GFR","DEU","0",424,"0","-","0","0","0"
1,"q5rX4C",1,86,2002,6,"Angola","ANG","AGO",72,"Germany","GFR","DEU",3334,466,"0","-","0","0","0"
1,"q5rX4C",1,87,2003,6,"Angola","ANG","AGO",72,"Germany","GFR","DEU",3288,136,"0","-","0","0","0"
1,"q5rX4C",1,88,2004,6,"Angola","ANG","AGO",72,"Germany","GFR","DEU",3272,79,"0","-","0","0","0"
1,"q5rX4C",1,89,2005,6,"Angola","ANG","AGO",72,"Germany","GFR","DEU",3753,623,"0","-","0","0","0"
1,"q5rX4C",1,90,2006,6,"Angola","ANG","AGO",72,"Germany","GFR","DEU",2006,381,"0","-","0","0","0"
1,"q5rX4C",1,91,2007,6,"Angola","ANG","AGO",72,"Germany","GFR","DEU",2408,191,"0","-","0","0","0"
1,"q5rX4C",1,92,2008,6,"Angola","ANG","AGO",72,"Germany","GFR","DEU",2463,175,"0","-","0","0","0"
1,"q5rX4C",1,93,2009,6,"Angola","ANG","AGO",72,"Germany","GFR","DEU",3433,143,"0","-","0","0","0"
1,"q5rX4C",1,94,2010,6,"Angola","ANG","AGO",72,"Germany","GFR","DEU",3321,176,"0","-","0","0","0"
1,"q5rX4C",1,95,2011,6,"Angola","ANG","AGO",72,"Germany","GFR","DEU",3118,169,"0","-","0","0","0"
1,"q5rX4C",1,96,2012,6,"Angola","ANG","AGO",72,"Germany","GFR","DEU",3041,190,"0","-","0","0","0"
1,"q5rX4C",1,97,2013,6,"Angola","ANG","AGO",72,"Germany","GFR","DEU",850,214,"0","-","0","0","0"
1,"q5rX4C",1,98,2014,6,"Angola","ANG","AGO",72,"Germany","GFR","DEU",800,236,"0","-","0","0","0"
1,"q5rX4C",1,99,2015,6,"Angola","ANG","AGO",72,"Germany","GFR","DEU",796,187,"0","-","0","0","0"
1,"q5rX4C",1,100,2016,6,"Angola","ANG","AGO",72,"Germany","GFR","DEU",748,296,"0","-","0","0","0"
1,"q5rX4C",1,101,2017,6,"Angola","ANG","AGO",72,"Germany","GFR","DEU",803,318,"0","-","0","0","0"
1,"q5rX4C",1,102,2018,6,"Angola","ANG","AGO",72,"Germany","GFR","DEU",846,370,"0","-","0","0","0"
1,"q5rX4C",1,103,2019,6,"Angola","ANG","AGO",72,"Germany","GFR","DEU",862,476,"0","-","0","0","0"
1,"q5rX4C",1,104,2020,6,"Angola","ANG","AGO",72,"Germany","GFR","DEU",822,511,"0","-","0","0","0"
1,"q5rX4C",1,105,2021,6,"Angola","ANG","AGO",72,"Germany","GFR","DEU",835,401,"0","-","0","0","0"
1,"q5rX4C",1,106,2022,6,"Angola","ANG","AGO",72,"Germany","GFR","DEU",798,367,"0","-","0","0","0"
1,"q5rX4C",1,107,2023,6,"Angola","ANG","AGO",72,"Germany","GFR","DEU",900,639,"0","-","0","0","0"
1,"q5rX4C",1,108,2024,6,"Angola","ANG","AGO",72,"Germany","GFR","DEU",892,948,"0","-","0","0","0"
1,"q5rX4C",1,109,2025,6,"Angola","ANG","AGO",72,"Germany","GFR","DEU",918,1087,"0","-","0","0","0"
1,"q5rX4C",1,110,2004,7,"Antigua and Barbuda","ANT","ATG",72,"Germany","GFR","DEU",6,"0","0","-","0","0","0"
1,"q5rX4C",1,111,2000,8,"Egypt","ARE","EGY",72,"Germany","GFR","DEU","0",35,"0","-","0","0","0"
1,"q5rX4C",1,112,2001,8,"Egypt","ARE","EGY",72,"Germany","GFR","DEU","0",47,"0","-","0","0","0"
1,"q5rX4C",1,113,2002,8,"Egypt","ARE","EGY",72,"Germany","GFR","DEU",1410,65,"0","-","0","0","0"
1,"q5rX4C",1,114,2003,8,"Egypt","ARE","EGY",72,"Germany","GFR","DEU",1314,38,"0","-","0","0","0"
1,"q5rX4C",1,115,2004,8,"Egypt","ARE","EGY",72,"Germany","GFR","DEU",844,21,"0","-","0","0","0"
1,"q5rX4C",1,116,2005,8,"Egypt","ARE","EGY",72,"Germany","GFR","DEU",1277,75,"0","-","0","0","0"
1,"q5rX4C",1,117,2006,8,"Egypt","ARE","EGY",72,"Germany","GFR","DEU",617,64,"0","-","0","0","0"
1,"q5rX4C",1,118,2007,8,"Egypt","ARE","EGY",72,"Germany","GFR","DEU",616,41,"0","-","0","0","0"
1,"q5rX4C",1,119,2008,8,"Egypt","ARE","EGY",72,"Germany","GFR","DEU",607,63,"0","-","0","0","0"
1,"q5rX4C",1,120,2009,8,"Egypt","ARE","EGY",72,"Germany","GFR","DEU",832,83,"0","-","0","0","0"
1,"q5rX4C",1,121,2010,8,"Egypt","ARE","EGY",72,"Germany","GFR","DEU",875,117,"0","-","0","0","0"
1,"q5rX4C",1,122,2011,8,"Egypt","ARE","EGY",72,"Germany","GFR","DEU",877,206,"0","-","0","0","0"
1,"q5rX4C",1,123,2012,8,"Egypt","ARE","EGY",72,"Germany","GFR","DEU",860,373,"0","-","0","0","0"
1,"q5rX4C",1,124,2013,8,"Egypt","ARE","EGY",72,"Germany","GFR","DEU",266,2259,"0","-","0","0","0"
1,"q5rX4C",1,125,2014,8,"Egypt","ARE","EGY",72,"Germany","GFR","DEU",355,2842,"0","-","0","0","0"
1,"q5rX4C",1,126,2015,8,"Egypt","ARE","EGY",72,"Germany","GFR","DEU",636,3109,"0","-","0","0","0"
1,"q5rX4C",1,127,2016,8,"Egypt","ARE","EGY",72,"Germany","GFR","DEU",1079,3231,"0","-","0","0","0"
1,"q5rX4C",1,128,2017,8,"Egypt","ARE","EGY",72,"Germany","GFR","DEU",1798,3038,"0","-","0","0","0"
1,"q5rX4C",1,129,2018,8,"Egypt","ARE","EGY",72,"Germany","GFR","DEU",2122,2589,"0","-","0","0","0"
1,"q5rX4C",1,130,2019,8,"Egypt","ARE","EGY",72,"Germany","GFR","DEU",2310,2187,"0","-","0","0","0"
1,"q5rX4C",1,131,2020,8,"Egypt","ARE","EGY",72,"Germany","GFR","DEU",2298,1481,"0","-","0","0","0"
1,"q5rX4C",1,132,2021,8,"Egypt","ARE","EGY",72,"Germany","GFR","DEU",2259,1179,"0","-","0","0","0"
1,"q5rX4C",1,133,2022,8,"Egypt","ARE","EGY",72,"Germany","GFR","DEU",1840,1167,"0","-","0","0","0"
1,"q5rX4C",1,134,2023,8,"Egypt","ARE","EGY",72,"Germany","GFR","DEU",2593,1670,"0","-","0","0","0"
1,"q5rX4C",1,135,2024,8,"Egypt","ARE","EGY",72,"Germany","GFR","DEU",2676,1958,"0","-","0","0","0"
1,"q5rX4C",1,136,2025,8,"Egypt","ARE","EGY",72,"Germany","GFR","DEU",2668,1831,"0","-","0","0","0"
1,"q5rX4C",1,137,2002,9,"Argentina","ARG","ARG",72,"Germany","GFR","DEU",53,"0","0","-","0","0","0"
1,"q5rX4C",1,138,2003,9,"Argentina","ARG","ARG",72,"Germany","GFR","DEU",53,"0","0","-","0","0","0"
1,"q5rX4C",1,139,2004,9,"Argentina","ARG","ARG",72,"Germany","GFR","DEU",29,"0","0","-","0","0","0"
1,"q5rX4C",1,140,2005,9,"Argentina","ARG","ARG",72,"Germany","GFR","DEU",12,"0","0","-","0","0","0"
1,"q5rX4C",1,141,2006,9,"Argentina","ARG","ARG",72,"Germany","GFR","DEU",28,"0","0","-","0","0","0"
1,"q5rX4C",1,142,2007,9,"Argentina","ARG","ARG",72,"Germany","GFR","DEU",145,5,"0","-","0","0","0"
1,"q5rX4C",1,143,2008,9,"Argentina","ARG","ARG",72,"Germany","GFR","DEU",24,"0","0","-","0","0","0"
1,"q5rX4C",1,144,2009,9,"Argentina","ARG","ARG",72,"Germany","GFR","DEU",31,"0","0","-","0","0","0"
1,"q5rX4C",1,145,2010,9,"Argentina","ARG","ARG",72,"Germany","GFR","DEU",32,"0","0","-","0","0","0"
1,"q5rX4C",1,146,2011,9,"Argentina","ARG","ARG",72,"Germany","GFR","DEU",36,"0","0","-","0","0","0"
1,"q5rX4C",1,147,2012,9,"Argentina","ARG","ARG",72,"Germany","GFR","DEU",38,"0","0","-","0","0","0"
1,"q5rX4C",1,148,2013,9,"Argentina","ARG","ARG",72,"Germany","GFR","DEU",16,"0","0","-","0","0","0"
1,"q5rX4C",1,149,2014,9,"Argentina","ARG","ARG",72,"Germany","GFR","DEU",14,5,"0","-","0","0","0"
1,"q5rX4C",1,150,2015,9,"Argentina","ARG","ARG",72,"Germany","GFR","DEU",12,5,"0","-","0","0","0"
1,"q5rX4C",1,151,2016,9,"Argentina","ARG","ARG",72,"Germany","GFR","DEU",13,5,"0","-","0","0","0"
1,"q5rX4C",1,152,2017,9,"Argentina","ARG","ARG",72,"Germany","GFR","DEU",14,"0","0","-","0","0","0"
1,"q5rX4C",1,153,2018,9,"Argentina","ARG","ARG",72,"Germany","GFR","DEU",14,11,"0","-","0","0","0"
1,"q5rX4C",1,154,2019,9,"Argentina","ARG","ARG",72,"Germany","GFR","DEU",15,24,"0","-","0","0","0"
1,"q5rX4C",1,155,2020,9,"Argentina","ARG","ARG",72,"Germany","GFR","DEU",15,27,"0","-","0","0","0"
1,"q5rX4C",1,156,2021,9,"Argentina","ARG","ARG",72,"Germany","GFR","DEU",14,19,"0","-","0","0","0"
1,"q5rX4C",1,157,2022,9,"Argentina","ARG","ARG",72,"Germany","GFR","DEU",18,16,"0","-","0","0","0"
1,"q5rX4C",1,158,2023,9,"Argentina","ARG","ARG",72,"Germany","GFR","DEU",20,18,"0","-","0","0","0"
1,"q5rX4C",1,159,2024,9,"Argentina","ARG","ARG",72,"Germany","GFR","DEU",21,18,"0","-","0","0","0"
1,"q5rX4C",1,160,2025,9,"Argentina","ARG","ARG",72,"Germany","GFR","DEU",21,17,"0","-","0","0","0"
1,"q5rX4C",1,161,2000,10,"Armenia","ARM","ARM",72,"Germany","GFR","DEU","0",344,"0","-","0","0","0"
1,"q5rX4C",1,162,2001,10,"Armenia","ARM","ARM",72,"Germany","GFR","DEU","0",422,"0","-","0","0","0"
1,"q5rX4C",1,163,2002,10,"Armenia","ARM","ARM",72,"Germany","GFR","DEU",4718,360,"0","-","0","0","0"
1,"q5rX4C",1,164,2003,10,"Armenia","ARM","ARM",72,"Germany","GFR","DEU",4893,405,"0","-","0","0","0"
1,"q5rX4C",1,165,2004,10,"Armenia","ARM","ARM",72,"Germany","GFR","DEU",4856,202,"0","-","0","0","0"
1,"q5rX4C",1,166,2005,10,"Armenia","ARM","ARM",72,"Germany","GFR","DEU",3943,1085,"0","-","0","0","0"
1,"q5rX4C",1,167,2006,10,"Armenia","ARM","ARM",72,"Germany","GFR","DEU",1874,667,"0","-","0","0","0"
1,"q5rX4C",1,168,2007,10,"Armenia","ARM","ARM",72,"Germany","GFR","DEU",2178,489,"0","-","0","0","0"
1,"q5rX4C",1,169,2008,10,"Armenia","ARM","ARM",72,"Germany","GFR","DEU",2527,459,"0","-","0","0","0"
1,"q5rX4C",1,170,2009,10,"Armenia","ARM","ARM",72,"Germany","GFR","DEU",3691,600,"0","-","0","0","0"
1,"q5rX4C",1,171,2010,10,"Armenia","ARM","ARM",72,"Germany","GFR","DEU",3918,658,"0","-","0","0","0"
1,"q5rX4C",1,172,2011,10,"Armenia","ARM","ARM",72,"Germany","GFR","DEU",3963,663,"0","-","0","0","0"
1,"q5rX4C",1,173,2012,10,"Armenia","ARM","ARM",72,"Germany","GFR","DEU",4419,957,"0","-","0","0","0"
1,"q5rX4C",1,174,2013,10,"Armenia","ARM","ARM",72,"Germany","GFR","DEU",1022,1832,"0","-","0","0","0"
1,"q5rX4C",1,175,2014,10,"Armenia","ARM","ARM",72,"Germany","GFR","DEU",1127,3338,"0","-","0","0","0"
1,"q5rX4C",1,176,2015,10,"Armenia","ARM","ARM",72,"Germany","GFR","DEU",1191,4675,"0","-","0","0","0"
1,"q5rX4C",1,177,2016,10,"Armenia","ARM","ARM",72,"Germany","GFR","DEU",1336,8555,"0","-","0","0","0"
1,"q5rX4C",1,178,2017,10,"Armenia","ARM","ARM",72,"Germany","GFR","DEU",2038,9030,"0","-","0","0","0"
1,"q5rX4C",1,179,2018,10,"Armenia","ARM","ARM",72,"Germany","GFR","DEU",2474,7262,"0","-","0","0","0"
1,"q5rX4C",1,180,2019,10,"Armenia","ARM","ARM",72,"Germany","GFR","DEU",2645,4926,"0","-","0","0","0"
1,"q5rX4C",1,181,2020,10,"Armenia","ARM","ARM",72,"Germany","GFR","DEU",2681,2902,"0","-","0","0","0"
1,"q5rX4C",1,182,2021,10,"Armenia","ARM","ARM",72,"Germany","GFR","DEU",2744,1896,"0","-","0","0","0"
1,"q5rX4C",1,183,2022,10,"Armenia","ARM","ARM",72,"Germany","GFR","DEU",4272,2010,"0","-","0","0","0"
1,"q5rX4C",1,184,2023,10,"Armenia","ARM","ARM",72,"Germany","GFR","DEU",4666,2851,"0","-","0","0","0"
1,"q5rX4C",1,185,2024,10,"Armenia","ARM","ARM",72,"Germany","GFR","DEU",4834,3342,"0","-","0","0","0"
1,"q5rX4C",1,186,2025,10,"Armenia","ARM","ARM",72,"Germany","GFR","DEU",4753,2933,"0","-","0","0","0"
1,"q5rX4C",1,187,2002,11,"Australia","AUL","AUS",72,"Germany","GFR","DEU",9,"0","0","-","0","0","0"
1,"q5rX4C",1,188,2003,11,"Australia","AUL","AUS",72,"Germany","GFR","DEU",12,"0","0","-","0","0","0"
1,"q5rX4C",1,189,2004,11,"Australia","AUL","AUS",72,"Germany","GFR","DEU",11,"0","0","-","0","0","0"
1,"q5rX4C",1,190,2005,11,"Australia","AUL","AUS",72,"Germany","GFR","DEU",41,"0","0","-","0","0","0"
1,"q5rX4C",1,191,2006,11,"Australia","AUL","AUS",72,"Germany","GFR","DEU",24,"0","0","-","0","0","0"
1,"q5rX4C",1,192,2007,11,"Australia","AUL","AUS",72,"Germany","GFR","DEU",57,"0","0","-","0","0","0"
1,"q5rX4C",1,193,2008,11,"Australia","AUL","AUS",72,"Germany","GFR","DEU",37,"0","0","-","0","0","0"
1,"q5rX4C",1,194,2009,11,"Australia","AUL","AUS",72,"Germany","GFR","DEU",23,"0","0","-","0","0","0"
1,"q5rX4C",1,195,2010,11,"Australia","AUL","AUS",72,"Germany","GFR","DEU",33,"0","0","-","0","0","0"
1,"q5rX4C",1,196,2011,11,"Australia","AUL","AUS",72,"Germany","GFR","DEU",33,"0","0","-","0","0","0"
1,"q5rX4C",1,197,2012,11,"Australia","AUL","AUS",72,"Germany","GFR","DEU",36,"0","0","-","0","0","0"
1,"q5rX4C",1,198,2013,11,"Australia","AUL","AUS",72,"Germany","GFR","DEU",16,"0","0","-","0","0","0"
1,"q5rX4C",1,199,2014,11,"Australia","AUL","AUS",72,"Germany","GFR","DEU",11,"0","0","-","0","0","0"
1,"q5rX4C",1,200,2015,11,"Australia","AUL","AUS",72,"Germany","GFR","DEU",5,"0","0","-","0","0","0"
1,"q5rX4C",1,201,2016,11,"Australia","AUL","AUS",72,"Germany","GFR","DEU",5,"0","0","-","0","0","0"
1,"q5rX4C",1,202,2017,11,"Australia","AUL","AUS",72,"Germany","GFR","DEU",5,"0","0","-","0","0","0"
1,"q5rX4C",1,203,2018,11,"Australia","AUL","AUS",72,"Germany","GFR","DEU",5,"0","0","-","0","0","0"
1,"q5rX4C",1,204,2019,11,"Australia","AUL","AUS",72,"Germany","GFR","DEU",5,"0","0","-","0","0","0"
1,"q5rX4C",1,205,2020,11,"Australia","AUL","AUS",72,"Germany","GFR","DEU",5,"0","0","-","0","0","0"
1,"q5rX4C",1,206,2021,11,"Australia","AUL","AUS",72,"Germany","GFR","DEU",6,"0","0","-","0","0","0"
1,"q5rX4C",1,207,2022,11,"Australia","AUL","AUS",72,"Germany","GFR","DEU",11,"0","0","-","0","0","0"
1,"q5rX4C",1,208,2023,11,"Australia","AUL","AUS",72,"Germany","GFR","DEU",9,"0","0","-","0","0","0"
1,"q5rX4C",1,209,2024,11,"Australia","AUL","AUS",72,"Germany","GFR","DEU",8,"0","0","-","0","0","0"
1,"q5rX4C",1,210,2025,11,"Australia","AUL","AUS",72,"Germany","GFR","DEU",9,"0","0","-","0","0","0"
1,"q5rX4C",1,211,2002,12,"Austria","AUS","AUT",72,"Germany","GFR","DEU",54,"0","0","-","0","0","0"
1,"q5rX4C",1,212,2003,12,"Austria","AUS","AUT",72,"Germany","GFR","DEU",53,"0","0","-","0","0","0"
1,"q5rX4C",1,213,2004,12,"Austria","AUS","AUT",72,"Germany","GFR","DEU",44,"0","0","-","0","0","0"
1,"q5rX4C",1,214,2005,12,"Austria","AUS","AUT",72,"Germany","GFR","DEU",62,"0","0","-","0","0","0"
1,"q5rX4C",1,215,2006,12,"Austria","AUS","AUT",72,"Germany","GFR","DEU",25,"0","0","-","0","0","0"
1,"q5rX4C",1,216,2007,12,"Austria","AUS","AUT",72,"Germany","GFR","DEU",14,"0","0","-","0","0","0"
1,"q5rX4C",1,217,2008,12,"Austria","AUS","AUT",72,"Germany","GFR","DEU",5,"0","0","-","0","0","0"
1,"q5rX4C",1,218,2009,12,"Austria","AUS","AUT",72,"Germany","GFR","DEU",5,"0","0","-","0","0","0"
1,"q5rX4C",1,219,2011,12,"Austria","AUS","AUT",72,"Germany","GFR","DEU",5,"0","0","-","0","0","0"
1,"q5rX4C",1,220,2012,12,"Austria","AUS","AUT",72,"Germany","GFR","DEU",5,"0","0","-","0","0","0"
1,"q5rX4C",1,221,2017,12,"Austria","AUS","AUT",72,"Germany","GFR","DEU",5,"0","0","-","0","0","0"
1,"q5rX4C",1,222,2018,12,"Austria","AUS","AUT",72,"Germany","GFR","DEU",5,"0","0","-","0","0","0"
1,"q5rX4C",1,223,2019,12,"Austria","AUS","AUT",72,"Germany","GFR","DEU",5,"0","0","-","0","0","0"
1,"q5rX4C",1,224,2020,12,"Austria","AUS","AUT",72,"Germany","GFR","DEU",5,"0","0","-","0","0","0"
1,"q5rX4C",1,225,2021,12,"Austria","AUS","AUT",72,"Germany","GFR","DEU",5,"0","0","-","0","0","0"
1,"q5rX4C",1,226,2022,12,"Austria","AUS","AUT",72,"Germany","GFR","DEU",5,"0","0","-","0","0","0"
1,"q5rX4C",1,227,2023,12,"Austria","AUS","AUT",72,"Germany","GFR","DEU",5,"0","0","-","0","0","0"
1,"q5rX4C",1,228,2024,12,"Austria","AUS","AUT",72,"Germany","GFR","DEU",5,"0","0","-","0","0","0"
1,"q5rX4C",1,229,2025,12,"Austria","AUS","AUT",72,"Germany","GFR","DEU",5,"0","0","-","0","0","0"
1,"q5rX4C",1,230,2000,13,"Azerbaijan","AZE","AZE",72,"Germany","GFR","DEU","0",780,"0","-","0","0","0"
1,"q5rX4C",1,231,2001,13,"Azerbaijan","AZE","AZE",72,"Germany","GFR","DEU","0",923,"0","-","0","0","0"
1,"q5rX4C",1,232,2002,13,"Azerbaijan","AZE","AZE",72,"Germany","GFR","DEU",7405,896,"0","-","0","0","0"
1,"q5rX4C",1,233,2003,13,"Azerbaijan","AZE","AZE",72,"Germany","GFR","DEU",8330,620,"0","-","0","0","0"
1,"q5rX4C",1,234,2004,13,"Azerbaijan","AZE","AZE",72,"Germany","GFR","DEU",9150,493,"0","-","0","0","0"
1,"q5rX4C",1,235,2005,13,"Azerbaijan","AZE","AZE",72,"Germany","GFR","DEU",6668,2541,"0","-","0","0","0"
1,"q5rX4C",1,236,2006,13,"Azerbaijan","AZE","AZE",72,"Germany","GFR","DEU",3627,1576,"0","-","0","0","0"
1,"q5rX4C",1,237,2007,13,"Azerbaijan","AZE","AZE",72,"Germany","GFR","DEU",4507,946,"0","-","0","0","0"
1,"q5rX4C",1,238,2008,13,"Azerbaijan","AZE","AZE",72,"Germany","GFR","DEU",5315,920,"0","-","0","0","0"
1,"q5rX4C",1,239,2009,13,"Azerbaijan","AZE","AZE",72,"Germany","GFR","DEU",6063,1241,"0","-","0","0","0"
1,"q5rX4C",1,240,2010,13,"Azerbaijan","AZE","AZE",72,"Germany","GFR","DEU",6326,1116,"0","-","0","0","0"
1,"q5rX4C",1,241,2011,13,"Azerbaijan","AZE","AZE",72,"Germany","GFR","DEU",6368,1287,"0","-","0","0","0"
1,"q5rX4C",1,242,2012,13,"Azerbaijan","AZE","AZE",72,"Germany","GFR","DEU",6575,1337,"0","-","0","0","0"
1,"q5rX4C",1,243,2013,13,"Azerbaijan","AZE","AZE",72,"Germany","GFR","DEU",2082,1814,"0","-","0","0","0"
1,"q5rX4C",1,244,2014,13,"Azerbaijan","AZE","AZE",72,"Germany","GFR","DEU",2167,2379,"0","-","0","0","0"
1,"q5rX4C",1,245,2015,13,"Azerbaijan","AZE","AZE",72,"Germany","GFR","DEU",2171,3190,"0","-","0","0","0"
1,"q5rX4C",1,246,2016,13,"Azerbaijan","AZE","AZE",72,"Germany","GFR","DEU",2312,6242,"0","-","0","0","0"
1,"q5rX4C",1,247,2017,13,"Azerbaijan","AZE","AZE",72,"Germany","GFR","DEU",3313,6788,"0","-","0","0","0"
1,"q5rX4C",1,248,2018,13,"Azerbaijan","AZE","AZE",72,"Germany","GFR","DEU",3643,6195,"0","-","0","0","0"
1,"q5rX4C",1,249,2019,13,"Azerbaijan","AZE","AZE",72,"Germany","GFR","DEU",3784,5017,"0","-","0","0","0"
1,"q5rX4C",1,250,2020,13,"Azerbaijan","AZE","AZE",72,"Germany","GFR","DEU",3850,3585,"0","-","0","0","0"
1,"q5rX4C",1,251,2021,13,"Azerbaijan","AZE","AZE",72,"Germany","GFR","DEU",3878,2468,"0","-","0","0","0"
1,"q5rX4C",1,252,2022,13,"Azerbaijan","AZE","AZE",72,"Germany","GFR","DEU",5315,2281,"0","-","0","0","0"
1,"q5rX4C",1,253,2023,13,"Azerbaijan","AZE","AZE",72,"Germany","GFR","DEU",6939,2521,"0","-","0","0","0"
1,"q5rX4C",1,254,2024,13,"Azerbaijan","AZE","AZE",72,"Germany","GFR","DEU",7275,2595,"0","-","0","0","0"
1,"q5rX4C",1,255,2025,13,"Azerbaijan","AZE","AZE",72,"Germany","GFR","DEU",7124,2362,"0","-","0","0","0"
1,"q5rX4C",1,256,2002,14,"Bahrain","BAH","BHR",72,"Germany","GFR","DEU",5,"0","0","-","0","0","0"
1,"q5rX4C",1,257,2003,14,"Bahrain","BAH","BHR",72,"Germany","GFR","DEU",6,"0","0","-","0","0","0"
1,"q5rX4C",1,258,2004,14,"Bahrain","BAH","BHR",72,"Germany","GFR","DEU",6,"0","0","-","0","0","0"
1,"q5rX4C",1,259,2006,14,"Bahrain","BAH","BHR",72,"Germany","GFR","DEU",6,"0","0","-","0","0","0"
1,"q5rX4C",1,260,2007,14,"Bahrain","BAH","BHR",72,"Germany","GFR","DEU",9,"0","0","-","0","0","0"
1,"q5rX4C",1,261,2008,14,"Bahrain","BAH","BHR",72,"Germany","GFR","DEU",15,"0","0","-","0","0","0"
1,"q5rX4C",1,262,2009,14,"Bahrain","BAH","BHR",72,"Germany","GFR","DEU",18,"0","0","-","0","0","0"
1,"q5rX4C",1,263,2010,14,"Bahrain","BAH","BHR",72,"Germany","GFR","DEU",37,"0","0","-","0","0","0"
1,"q5rX4C",1,264,2011,14,"Bahrain","BAH","BHR",72,"Germany","GFR","DEU",31,"0","0","-","0","0","0"
1,"q5rX4C",1,265,2012,14,"Bahrain","BAH","BHR",72,"Germany","GFR","DEU",49,"0","0","-","0","0","0"
1,"q5rX4C",1,266,2013,14,"Bahrain","BAH","BHR",72,"Germany","GFR","DEU",5,13,"0","-","0","0","0"
1,"q5rX4C",1,267,2014,14,"Bahrain","BAH","BHR",72,"Germany","GFR","DEU",23,28,"0","-","0","0","0"
1,"q5rX4C",1,268,2015,14,"Bahrain","BAH","BHR",72,"Germany","GFR","DEU",55,9,"0","-","0","0","0"
1,"q5rX4C",1,269,2016,14,"Bahrain","BAH","BHR",72,"Germany","GFR","DEU",58,21,"0","-","0","0","0"
1,"q5rX4C",1,270,2017,14,"Bahrain","BAH","BHR",72,"Germany","GFR","DEU",73,18,"0","-","0","0","0"
1,"q5rX4C",1,271,2018,14,"Bahrain","BAH","BHR",72,"Germany","GFR","DEU",79,14,"0","-","0","0","0"
1,"q5rX4C",1,272,2019,14,"Bahrain","BAH","BHR",72,"Germany","GFR","DEU",89,5,"0","-","0","0","0"
1,"q5rX4C",1,273,2020,14,"Bahrain","BAH","BHR",72,"Germany","GFR","DEU",80,5,"0","-","0","0","0"
1,"q5rX4C",1,274,2021,14,"Bahrain","BAH","BHR",72,"Germany","GFR","DEU",74,5,"0","-","0","0","0"
1,"q5rX4C",1,275,2022,14,"Bahrain","BAH","BHR",72,"Germany","GFR","DEU",45,"0","0","-","0","0","0"
1,"q5rX4C",1,276,2023,14,"Bahrain","BAH","BHR",72,"Germany","GFR","DEU",68,11,"0","-","0","0","0"
1,"q5rX4C",1,277,2024,14,"Bahrain","BAH","BHR",72,"Germany","GFR","DEU",43,12,"0","-","0","0","0"
1,"q5rX4C",1,278,2025,14,"Bahrain","BAH","BHR",72,"Germany","GFR","DEU",41,12,"0","-","0","0","0"
1,"q5rX4C",1,279,2004,15,"Barbados","BAR","BRB",72,"Germany","GFR","DEU",5,"0","0","-","0","0","0"
1,"q5rX4C",1,280,2006,15,"Barbados","BAR","BRB",72,"Germany","GFR","DEU",10,"0","0","-","0","0","0"
1,"q5rX4C",1,281,2007,15,"Barbados","BAR","BRB",72,"Germany","GFR","DEU",9,"0","0","-","0","0","0"
1,"q5rX4C",1,282,2008,15,"Barbados","BAR","BRB",72,"Germany","GFR","DEU",6,"0","0","-","0","0","0"
1,"q5rX4C",1,283,2000,16,"Burundi","BDI","BDI",72,"Germany","GFR","DEU","0",12,"0","-","0","0","0"
1,"q5rX4C",1,284,2001,16,"Burundi","BDI","BDI",72,"Germany","GFR","DEU","0",25,"0","-","0","0","0"
1,"q5rX4C",1,285,2002,16,"Burundi","BDI","BDI",72,"Germany","GFR","DEU",246,36,"0","-","0","0","0"
1,"q5rX4C",1,286,2003,16,"Burundi","BDI","BDI",72,"Germany","GFR","DEU",283,17,"0","-","0","0","0"
1,"q5rX4C",1,287,2004,16,"Burundi","BDI","BDI",72,"Germany","GFR","DEU",283,11,"0","-","0","0","0"
1,"q5rX4C",1,288,2005,16,"Burundi","BDI","BDI",72,"Germany","GFR","DEU",178,66,"0","-","0","0","0"
1,"q5rX4C",1,289,2006,16,"Burundi","BDI","BDI",72,"Germany","GFR","DEU",134,35,"0","-","0","0","0"
1,"q5rX4C",1,290,2007,16,"Burundi","BDI","BDI",72,"Germany","GFR","DEU",120,25,"0","-","0","0","0"
1,"q5rX4C",1,291,2008,16,"Burundi","BDI","BDI",72,"Germany","GFR","DEU",123,19,"0","-","0","0","0"
1,"q5rX4C",1,292,2009,16,"Burundi","BDI","BDI",72,"Germany","GFR","DEU",145,21,"0","-","0","0","0"
1,"q5rX4C",1,293,2010,16,"Burundi","BDI","BDI",72,"Germany","GFR","DEU",138,19,"0","-","0","0","0"
1,"q5rX4C",1,294,2011,16,"Burundi","BDI","BDI",72,"Germany","GFR","DEU",112,21,"0","-","0","0","0"
1,"q5rX4C",1,295,2012,16,"Burundi","BDI","BDI",72,"Germany","GFR","DEU",105,16,"0","-","0","0","0"
1,"q5rX4C",1,296,2013,16,"Burundi","BDI","BDI",72,"Germany","GFR","DEU",72,19,"0","-","0","0","0"
1,"q5rX4C",1,297,2014,16,"Burundi","BDI","BDI",72,"Germany","GFR","DEU",71,22,"0","-","0","0","0"
1,"q5rX4C",1,298,2015,16,"Burundi","BDI","BDI",72,"Germany","GFR","DEU",71,13,"0","-","0","0","0"
1,"q5rX4C",1,299,2016,16,"Burundi","BDI","BDI",72,"Germany","GFR","DEU",69,61,"0","-","0","0","0"
1,"q5rX4C",1,300,2017,16,"Burundi","BDI","BDI",72,"Germany","GFR","DEU",90,44,"0","-","0","0","0"
1,"q5rX4C",1,301,2018,16,"Burundi","BDI","BDI",72,"Germany","GFR","DEU",106,55,"0","-","0","0","0"
1,"q5rX4C",1,302,2019,16,"Burundi","BDI","BDI",72,"Germany","GFR","DEU",118,49,"0","-","0","0","0"
1,"q5rX4C",1,303,2020,16,"Burundi","BDI","BDI",72,"Germany","GFR","DEU",114,55,"0","-","0","0","0"
1,"q5rX4C",1,304,2021,16,"Burundi","BDI","BDI",72,"Germany","GFR","DEU",145,54,"0","-","0","0","0"
1,"q5rX4C",1,305,2022,16,"Burundi","BDI","BDI",72,"Germany","GFR","DEU",104,544,"0","-","0","0","0"
1,"q5rX4C",1,306,2023,16,"Burundi","BDI","BDI",72,"Germany","GFR","DEU",163,1529,"0","-","0","0","0"
1,"q5rX4C",1,307,2024,16,"Burundi","BDI","BDI",72,"Germany","GFR","DEU",189,1507,"0","-","0","0","0"
1,"q5rX4C",1,308,2025,16,"Burundi","BDI","BDI",72,"Germany","GFR","DEU",229,1413,"0","-","0","0","0"
1,"q5rX4C",1,309,2002,17,"Belgium","BEL","BEL",72,"Germany","GFR","DEU",16,"0","0","-","0","0","0"
1,"q5rX4C",1,310,2003,17,"Belgium","BEL","BEL",72,"Germany","GFR","DEU",16,"0","0","-","0","0","0"
1,"q5rX4C",1,311,2004,17,"Belgium","BEL","BEL",72,"Germany","GFR","DEU",20,"0","0","-","0","0","0"
1,"q5rX4C",1,312,2005,17,"Belgium","BEL","BEL",72,"Germany","GFR","DEU",54,"0","0","-","0","0","0"
1,"q5rX4C",1,313,2006,17,"Belgium","BEL","BEL",72,"Germany","GFR","DEU",9,"0","0","-","0","0","0"
1,"q5rX4C",1,314,2007,17,"Belgium","BEL","BEL",72,"Germany","GFR","DEU",7,"0","0","-","0","0","0"
1,"q5rX4C",1,315,2008,17,"Belgium","BEL","BEL",72,"Germany","GFR","DEU",5,"0","0","-","0","0","0"
1,"q5rX4C",1,316,2010,17,"Belgium","BEL","BEL",72,"Germany","GFR","DEU",6,"0","0","-","0","0","0"
1,"q5rX4C",1,317,2011,17,"Belgium","BEL","BEL",72,"Germany","GFR","DEU",6,"0","0","-","0","0","0"
1,"q5rX4C",1,318,2012,17,"Belgium","BEL","BEL",72,"Germany","GFR","DEU",7,"0","0","-","0","0","0"
1,"q5rX4C",1,319,2013,17,"Belgium","BEL","BEL",72,"Germany","GFR","DEU",5,"0","0","-","0","0","0"
1,"q5rX4C",1,320,2014,17,"Belgium","BEL","BEL",72,"Germany","GFR","DEU",5,"0","0","-","0","0","0"
1,"q5rX4C",1,321,2015,17,"Belgium","BEL","BEL",72,"Germany","GFR","DEU",5,5,"0","-","0","0","0"
1,"q5rX4C",1,322,2016,17,"Belgium","BEL","BEL",72,"Germany","GFR","DEU",5,"0","0","-","0","0","0"
1,"q5rX4C",1,323,2017,17,"Belgium","BEL","BEL",72,"Germany","GFR","DEU",6,"0","0","-","0","0","0"
1,"q5rX4C",1,324,2018,17,"Belgium","BEL","BEL",72,"Germany","GFR","DEU",5,"0","0","-","0","0","0"
1,"q5rX4C",1,325,2019,17,"Belgium","BEL","BEL",72,"Germany","GFR","DEU",6,"0","0","-","0","0","0"
1,"q5rX4C",1,326,2020,17,"Belgium","BEL","BEL",72,"Germany","GFR","DEU",6,5,"0","-","0","0","0"
1,"q5rX4C",1,327,2021,17,"Belgium","BEL","BEL",72,"Germany","GFR","DEU",7,"0","0","-","0","0","0"
1,"q5rX4C",1,328,2022,17,"Belgium","BEL","BEL",72,"Germany","GFR","DEU",7,"0","0","-","0","0","0"
1,"q5rX4C",1,329,2023,17,"Belgium","BEL","BEL",72,"Germany","GFR","DEU",6,"0","0","-","0","0","0"
1,"q5rX4C",1,330,2024,17,"Belgium","BEL","BEL",72,"Germany","GFR","DEU",7,"0","0","-","0","0","0"
1,"q5rX4C",1,331,2025,17,"Belgium","BEL","BEL",72,"Germany","GFR","DEU",7,"0","0","-","0","0","0"
1,"q5rX4C",1,332,2000,18,"Benin","BEN","BEN",72,"Germany","GFR","DEU","0",10,"0","-","0","0","0"
1,"q5rX4C",1,333,2001,18,"Benin","BEN","BEN",72,"Germany","GFR","DEU","0",19,"0","-","0","0","0"
1,"q5rX4C",1,334,2002,18,"Benin","BEN","BEN",72,"Germany","GFR","DEU",175,8,"0","-","0","0","0"
1,"q5rX4C",1,335,2003,18,"Benin","BEN","BEN",72,"Germany","GFR","DEU",215,7,"0","-","0","0","0"
1,"q5rX4C",1,336,2004,18,"Benin","BEN","BEN",72,"Germany","GFR","DEU",228,7,"0","-","0","0","0"
1,"q5rX4C",1,337,2005,18,"Benin","BEN","BEN",72,"Germany","GFR","DEU",298,69,"0","-","0","0","0"
1,"q5rX4C",1,338,2006,18,"Benin","BEN","BEN",72,"Germany","GFR","DEU",84,30,"0","-","0","0","0"
1,"q5rX4C",1,339,2007,18,"Benin","BEN","BEN",72,"Germany","GFR","DEU",97,38,"0","-","0","0","0"
1,"q5rX4C",1,340,2008,18,"Benin","BEN","BEN",72,"Germany","GFR","DEU",105,56,"0","-","0","0","0"
1,"q5rX4C",1,341,2009,18,"Benin","BEN","BEN",72,"Germany","GFR","DEU",167,81,"0","-","0","0","0"
1,"q5rX4C",1,342,2010,18,"Benin","BEN","BEN",72,"Germany","GFR","DEU",181,117,"0","-","0","0","0"
1,"q5rX4C",1,343,2011,18,"Benin","BEN","BEN",72,"Germany","GFR","DEU",180,79,"0","-","0","0","0"
1,"q5rX4C",1,344,2012,18,"Benin","BEN","BEN",72,"Germany","GFR","DEU",183,144,"0","-","0","0","0"
1,"q5rX4C",1,345,2013,18,"Benin","BEN","BEN",72,"Germany","GFR","DEU",24,209,"0","-","0","0","0"
1,"q5rX4C",1,346,2014,18,"Benin","BEN","BEN",72,"Germany","GFR","DEU",30,325,"0","-","0","0","0"
1,"q5rX4C",1,347,2015,18,"Benin","BEN","BEN",72,"Germany","GFR","DEU",34,570,"0","-","0","0","0"
1,"q5rX4C",1,348,2016,18,"Benin","BEN","BEN",72,"Germany","GFR","DEU",34,538,"0","-","0","0","0"
1,"q5rX4C",1,349,2017,18,"Benin","BEN","BEN",72,"Germany","GFR","DEU",73,270,"0","-","0","0","0"
1,"q5rX4C",1,350,2018,18,"Benin","BEN","BEN",72,"Germany","GFR","DEU",82,238,"0","-","0","0","0"
1,"q5rX4C",1,351,2019,18,"Benin","BEN","BEN",72,"Germany","GFR","DEU",92,184,"0","-","0","0","0"
1,"q5rX4C",1,352,2020,18,"Benin","BEN","BEN",72,"Germany","GFR","DEU",96,133,"0","-","0","0","0"
1,"q5rX4C",1,353,2021,18,"Benin","BEN","BEN",72,"Germany","GFR","DEU",107,125,"0","-","0","0","0"
1,"q5rX4C",1,354,2022,18,"Benin","BEN","BEN",72,"Germany","GFR","DEU",101,150,"0","-","0","0","0"
1,"q5rX4C",1,355,2023,18,"Benin","BEN","BEN",72,"Germany","GFR","DEU",125,762,"0","-","0","0","0"
1,"q5rX4C",1,356,2024,18,"Benin","BEN","BEN",72,"Germany","GFR","DEU",148,852,"0","-","0","0","0"
1,"q5rX4C",1,357,2025,18,"Benin","BEN","BEN",72,"Germany","GFR","DEU",176,766,"0","-","0","0","0"
1,"q5rX4C",1,358,2000,20,"Bangladesh","BGD","BGD",72,"Germany","GFR","DEU","0",125,"0","-","0","0","0"
1,"q5rX4C",1,359,2001,20,"Bangladesh","BGD","BGD",72,"Germany","GFR","DEU","0",126,"0","-","0","0","0"
1,"q5rX4C",1,360,2002,20,"Bangladesh","BGD","BGD",72,"Germany","GFR","DEU",579,103,"0","-","0","0","0"
1,"q5rX4C",1,361,2003,20,"Bangladesh","BGD","BGD",72,"Germany","GFR","DEU",577,54,"0","-","0","0","0"
1,"q5rX4C",1,362,2004,20,"Bangladesh","BGD","BGD",72,"Germany","GFR","DEU",540,18,"0","-","0","0","0"
1,"q5rX4C",1,363,2005,20,"Bangladesh","BGD","BGD",72,"Germany","GFR","DEU",1438,169,"0","-","0","0","0"
1,"q5rX4C",1,364,2006,20,"Bangladesh","BGD","BGD",72,"Germany","GFR","DEU",384,185,"0","-","0","0","0"
1,"q5rX4C",1,365,2007,20,"Bangladesh","BGD","BGD",72,"Germany","GFR","DEU",456,84,"0","-","0","0","0"
1,"q5rX4C",1,366,2008,20,"Bangladesh","BGD","BGD",72,"Germany","GFR","DEU",475,86,"0","-","0","0","0"
1,"q5rX4C",1,367,2009,20,"Bangladesh","BGD","BGD",72,"Germany","GFR","DEU",942,98,"0","-","0","0","0"
1,"q5rX4C",1,368,2010,20,"Bangladesh","BGD","BGD",72,"Germany","GFR","DEU",935,129,"0","-","0","0","0"
1,"q5rX4C",1,369,2011,20,"Bangladesh","BGD","BGD",72,"Germany","GFR","DEU",896,208,"0","-","0","0","0"
1,"q5rX4C",1,370,2012,20,"Bangladesh","BGD","BGD",72,"Germany","GFR","DEU",913,346,"0","-","0","0","0"
1,"q5rX4C",1,371,2013,20,"Bangladesh","BGD","BGD",72,"Germany","GFR","DEU",118,839,"0","-","0","0","0"
1,"q5rX4C",1,372,2014,20,"Bangladesh","BGD","BGD",72,"Germany","GFR","DEU",153,1282,"0","-","0","0","0"
1,"q5rX4C",1,373,2015,20,"Bangladesh","BGD","BGD",72,"Germany","GFR","DEU",186,1487,"0","-","0","0","0"
1,"q5rX4C",1,374,2016,20,"Bangladesh","BGD","BGD",72,"Germany","GFR","DEU",284,3275,"0","-","0","0","0"
1,"q5rX4C",1,375,2017,20,"Bangladesh","BGD","BGD",72,"Germany","GFR","DEU",589,2393,"0","-","0","0","0"
1,"q5rX4C",1,376,2018,20,"Bangladesh","BGD","BGD",72,"Germany","GFR","DEU",706,1341,"0","-","0","0","0"
1,"q5rX4C",1,377,2019,20,"Bangladesh","BGD","BGD",72,"Germany","GFR","DEU",766,850,"0","-","0","0","0"
1,"q5rX4C",1,378,2020,20,"Bangladesh","BGD","BGD",72,"Germany","GFR","DEU",796,589,"0","-","0","0","0"
1,"q5rX4C",1,379,2021,20,"Bangladesh","BGD","BGD",72,"Germany","GFR","DEU",816,361,"0","-","0","0","0"
1,"q5rX4C",1,380,2022,20,"Bangladesh","BGD","BGD",72,"Germany","GFR","DEU",551,239,"0","-","0","0","0"
1,"q5rX4C",1,381,2023,20,"Bangladesh","BGD","BGD",72,"Germany","GFR","DEU",810,245,"0","-","0","0","0"
1,"q5rX4C",1,382,2024,20,"Bangladesh","BGD","BGD",72,"Germany","GFR","DEU",754,268,"0","-","0","0","0"
1,"q5rX4C",1,383,2025,20,"Bangladesh","BGD","BGD",72,"Germany","GFR","DEU",720,228,"0","-","0","0","0"
1,"q5rX4C",1,384,2006,21,"Bahamas","BHS","BHS",72,"Germany","GFR","DEU",5,"0","0","-","0","0","0"
1,"q5rX4C",1,385,2007,21,"Bahamas","BHS","BHS",72,"Germany","GFR","DEU",5,"0","0","-","0","0","0"
1,"q5rX4C",1,386,2000,22,"Bhutan","BHU","BTN",72,"Germany","GFR","DEU","0",20,"0","-","0","0","0"
1,"q5rX4C",1,387,2001,22,"Bhutan","BHU","BTN",72,"Germany","GFR","DEU","0",28,"0","-","0","0","0"
1,"q5rX4C",1,388,2002,22,"Bhutan","BHU","BTN",72,"Germany","GFR","DEU",190,28,"0","-","0","0","0"
1,"q5rX4C",1,389,2003,22,"Bhutan","BHU","BTN",72,"Germany","GFR","DEU",204,16,"0","-","0","0","0"
1,"q5rX4C",1,390,2004,22,"Bhutan","BHU","BTN",72,"Germany","GFR","DEU",202,5,"0","-","0","0","0"
1,"q5rX4C",1,391,2005,22,"Bhutan","BHU","BTN",72,"Germany","GFR","DEU",123,22,"0","-","0","0","0"
1,"q5rX4C",1,392,2006,22,"Bhutan","BHU","BTN",72,"Germany","GFR","DEU",72,23,"0","-","0","0","0"
1,"q5rX4C",1,393,2007,22,"Bhutan","BHU","BTN",72,"Germany","GFR","DEU",82,17,"0","-","0","0","0"
1,"q5rX4C",1,394,2008,22,"Bhutan","BHU","BTN",72,"Germany","GFR","DEU",98,19,"0","-","0","0","0"
1,"q5rX4C",1,395,2009,22,"Bhutan","BHU","BTN",72,"Germany","GFR","DEU",98,11,"0","-","0","0","0"
1,"q5rX4C",1,396,2010,22,"Bhutan","BHU","BTN",72,"Germany","GFR","DEU",83,9,"0","-","0","0","0"
1,"q5rX4C",1,397,2011,22,"Bhutan","BHU","BTN",72,"Germany","GFR","DEU",77,12,"0","-","0","0","0"
1,"q5rX4C",1,398,2012,22,"Bhutan","BHU","BTN",72,"Germany","GFR","DEU",74,11,"0","-","0","0","0"
1,"q5rX4C",1,399,2013,22,"Bhutan","BHU","BTN",72,"Germany","GFR","DEU",31,17,"0","-","0","0","0"
1,"q5rX4C",1,400,2014,22,"Bhutan","BHU","BTN",72,"Germany","GFR","DEU",28,21,"0","-","0","0","0"
1,"q5rX4C",1,401,2015,22,"Bhutan","BHU","BTN",72,"Germany","GFR","DEU",27,17,"0","-","0","0","0"
1,"q5rX4C",1,402,2016,22,"Bhutan","BHU","BTN",72,"Germany","GFR","DEU",23,14,"0","-","0","0","0"
1,"q5rX4C",1,403,2017,22,"Bhutan","BHU","BTN",72,"Germany","GFR","DEU",21,15,"0","-","0","0","0"
1,"q5rX4C",1,404,2018,22,"Bhutan","BHU","BTN",72,"Germany","GFR","DEU",22,5,"0","-","0","0","0"
1,"q5rX4C",1,405,2019,22,"Bhutan","BHU","BTN",72,"Germany","GFR","DEU",20,5,"0","-","0","0","0"
1,"q5rX4C",1,406,2020,22,"Bhutan","BHU","BTN",72,"Germany","GFR","DEU",20,"0","0","-","0","0","0"
1,"q5rX4C",1,407,2021,22,"Bhutan","BHU","BTN",72,"Germany","GFR","DEU",21,"0","0","-","0","0","0"
1,"q5rX4C",1,408,2022,22,"Bhutan","BHU","BTN",72,"Germany","GFR","DEU",19,"0","0","-","0","0","0"
1,"q5rX4C",1,409,2023,22,"Bhutan","BHU","BTN",72,"Germany","GFR","DEU",20,"0","0","-","0","0","0"
1,"q5rX4C",1,410,2024,22,"Bhutan","BHU","BTN",72,"Germany","GFR","DEU",18,"0","0","-","0","0","0"
1,"q5rX4C",1,411,2025,22,"Bhutan","BHU","BTN",72,"Germany","GFR","DEU",17,"0","0","-","0","0","0"
1,"q5rX4C",1,412,2000,23,"Burkina Faso","BKF","BFA",72,"Germany","GFR","DEU","0",161,"0","-","0","0","0"
1,"q5rX4C",1,413,2001,23,"Burkina Faso","BKF","BFA",72,"Germany","GFR","DEU","0",113,"0","-","0","0","0"
1,"q5rX4C",1,414,2002,23,"Burkina Faso","BKF","BFA",72,"Germany","GFR","DEU",880,32,"0","-","0","0","0"
1,"q5rX4C",1,415,2003,23,"Burkina Faso","BKF","BFA",72,"Germany","GFR","DEU",710,33,"0","-","0","0","0"
1,"q5rX4C",1,416,2004,23,"Burkina Faso","BKF","BFA",72,"Germany","GFR","DEU",409,22,"0","-","0","0","0"
1,"q5rX4C",1,417,2005,23,"Burkina Faso","BKF","BFA",72,"Germany","GFR","DEU",401,80,"0","-","0","0","0"
1,"q5rX4C",1,418,2006,23,"Burkina Faso","BKF","BFA",72,"Germany","GFR","DEU",91,58,"0","-","0","0","0"
1,"q5rX4C",1,419,2007,23,"Burkina Faso","BKF","BFA",72,"Germany","GFR","DEU",110,48,"0","-","0","0","0"
1,"q5rX4C",1,420,2008,23,"Burkina Faso","BKF","BFA",72,"Germany","GFR","DEU",116,54,"0","-","0","0","0"
1,"q5rX4C",1,421,2009,23,"Burkina Faso","BKF","BFA",72,"Germany","GFR","DEU",189,70,"0","-","0","0","0"
1,"q5rX4C",1,422,2010,23,"Burkina Faso","BKF","BFA",72,"Germany","GFR","DEU",208,79,"0","-","0","0","0"
1,"q5rX4C",1,423,2011,23,"Burkina Faso","BKF","BFA",72,"Germany","GFR","DEU",195,107,"0","-","0","0","0"
1,"q5rX4C",1,424,2012,23,"Burkina Faso","BKF","BFA",72,"Germany","GFR","DEU",197,135,"0","-","0","0","0"
1,"q5rX4C",1,425,2013,23,"Burkina Faso","BKF","BFA",72,"Germany","GFR","DEU",38,244,"0","-","0","0","0"
1,"q5rX4C",1,426,2014,23,"Burkina Faso","BKF","BFA",72,"Germany","GFR","DEU",37,262,"0","-","0","0","0"
1,"q5rX4C",1,427,2015,23,"Burkina Faso","BKF","BFA",72,"Germany","GFR","DEU",36,336,"0","-","0","0","0"
1,"q5rX4C",1,428,2016,23,"Burkina Faso","BKF","BFA",72,"Germany","GFR","DEU",41,373,"0","-","0","0","0"
1,"q5rX4C",1,429,2017,23,"Burkina Faso","BKF","BFA",72,"Germany","GFR","DEU",72,223,"0","-","0","0","0"
1,"q5rX4C",1,430,2018,23,"Burkina Faso","BKF","BFA",72,"Germany","GFR","DEU",82,192,"0","-","0","0","0"
1,"q5rX4C",1,431,2019,23,"Burkina Faso","BKF","BFA",72,"Germany","GFR","DEU",93,176,"0","-","0","0","0"
1,"q5rX4C",1,432,2020,23,"Burkina Faso","BKF","BFA",72,"Germany","GFR","DEU",104,146,"0","-","0","0","0"
1,"q5rX4C",1,433,2021,23,"Burkina Faso","BKF","BFA",72,"Germany","GFR","DEU",106,158,"0","-","0","0","0"
1,"q5rX4C",1,434,2022,23,"Burkina Faso","BKF","BFA",72,"Germany","GFR","DEU",99,152,"0","-","0","0","0"
1,"q5rX4C",1,435,2023,23,"Burkina Faso","BKF","BFA",72,"Germany","GFR","DEU",167,225,"0","-","0","0","0"
1,"q5rX4C",1,436,2024,23,"Burkina Faso","BKF","BFA",72,"Germany","GFR","DEU",201,287,"0","-","0","0","0"
1,"q5rX4C",1,437,2025,23,"Burkina Faso","BKF","BFA",72,"Germany","GFR","DEU",214,270,"0","-","0","0","0"
1,"q5rX4C",1,438,2000,24,"Belarus","BLR","BLR",72,"Germany","GFR","DEU","0",166,"0","-","0","0","0"
1,"q5rX4C",1,439,2001,24,"Belarus","BLR","BLR",72,"Germany","GFR","DEU","0",284,"0","-","0","0","0"
1,"q5rX4C",1,440,2002,24,"Belarus","BLR","BLR",72,"Germany","GFR","DEU",2449,356,"0","-","0","0","0"
1,"q5rX4C",1,441,2003,24,"Belarus","BLR","BLR",72,"Germany","GFR","DEU",2973,168,"0","-","0","0","0"
1,"q5rX4C",1,442,2004,24,"Belarus","BLR","BLR",72,"Germany","GFR","DEU",3281,75,"0","-","0","0","0"
1,"q5rX4C",1,443,2005,24,"Belarus","BLR","BLR",72,"Germany","GFR","DEU",3218,184,"0","-","0","0","0"
1,"q5rX4C",1,444,2006,24,"Belarus","BLR","BLR",72,"Germany","GFR","DEU",1524,144,"0","-","0","0","0"
1,"q5rX4C",1,445,2007,24,"Belarus","BLR","BLR",72,"Germany","GFR","DEU",1669,63,"0","-","0","0","0"
1,"q5rX4C",1,446,2008,24,"Belarus","BLR","BLR",72,"Germany","GFR","DEU",1842,59,"0","-","0","0","0"
1,"q5rX4C",1,447,2009,24,"Belarus","BLR","BLR",72,"Germany","GFR","DEU",1694,79,"0","-","0","0","0"
1,"q5rX4C",1,448,2010,24,"Belarus","BLR","BLR",72,"Germany","GFR","DEU",1842,64,"0","-","0","0","0"
1,"q5rX4C",1,449,2011,24,"Belarus","BLR","BLR",72,"Germany","GFR","DEU",1904,93,"0","-","0","0","0"
1,"q5rX4C",1,450,2012,24,"Belarus","BLR","BLR",72,"Germany","GFR","DEU",1989,103,"0","-","0","0","0"
1,"q5rX4C",1,451,2013,24,"Belarus","BLR","BLR",72,"Germany","GFR","DEU",155,114,"0","-","0","0","0"
1,"q5rX4C",1,452,2014,24,"Belarus","BLR","BLR",72,"Germany","GFR","DEU",155,142,"0","-","0","0","0"
1,"q5rX4C",1,453,2015,24,"Belarus","BLR","BLR",72,"Germany","GFR","DEU",154,371,"0","-","0","0","0"
1,"q5rX4C",1,454,2016,24,"Belarus","BLR","BLR",72,"Germany","GFR","DEU",152,483,"0","-","0","0","0"
1,"q5rX4C",1,455,2017,24,"Belarus","BLR","BLR",72,"Germany","GFR","DEU",179,359,"0","-","0","0","0"
1,"q5rX4C",1,456,2018,24,"Belarus","BLR","BLR",72,"Germany","GFR","DEU",186,283,"0","-","0","0","0"
1,"q5rX4C",1,457,2019,24,"Belarus","BLR","BLR",72,"Germany","GFR","DEU",193,331,"0","-","0","0","0"
1,"q5rX4C",1,458,2020,24,"Belarus","BLR","BLR",72,"Germany","GFR","DEU",187,290,"0","-","0","0","0"
1,"q5rX4C",1,459,2021,24,"Belarus","BLR","BLR",72,"Germany","GFR","DEU",195,312,"0","-","0","0","0"
1,"q5rX4C",1,460,2022,24,"Belarus","BLR","BLR",72,"Germany","GFR","DEU",1070,437,"0","-","0","0","0"
1,"q5rX4C",1,461,2023,24,"Belarus","BLR","BLR",72,"Germany","GFR","DEU",1260,629,"0","-","0","0","0"
1,"q5rX4C",1,462,2024,24,"Belarus","BLR","BLR",72,"Germany","GFR","DEU",1327,463,"0","-","0","0","0"
1,"q5rX4C",1,463,2025,24,"Belarus","BLR","BLR",72,"Germany","GFR","DEU",1326,334,"0","-","0","0","0"
1,"q5rX4C",1,464,2002,25,"Bolivia (Plurinational State of)","BOL","BOL",72,"Germany","GFR","DEU",64,"0","0","-","0","0","0"
1,"q5rX4C",1,465,2003,25,"Bolivia (Plurinational State of)","BOL","BOL",72,"Germany","GFR","DEU",62,"0","0","-","0","0","0"
1,"q5rX4C",1,466,2004,25,"Bolivia (Plurinational State of)","BOL","BOL",72,"Germany","GFR","DEU",58,"0","0","-","0","0","0"
1,"q5rX4C",1,467,2005,25,"Bolivia (Plurinational State of)","BOL","BOL",72,"Germany","GFR","DEU",22,"0","0","-","0","0","0"
1,"q5rX4C",1,468,2006,25,"Bolivia (Plurinational State of)","BOL","BOL",72,"Germany","GFR","DEU",76,"0","0","-","0","0","0"
1,"q5rX4C",1,469,2007,25,"Bolivia (Plurinational State of)","BOL","BOL",72,"Germany","GFR","DEU",62,"0","0","-","0","0","0"
1,"q5rX4C",1,470,2008,25,"Bolivia (Plurinational State of)","BOL","BOL",72,"Germany","GFR","DEU",54,"0","0","-","0","0","0"
1,"q5rX4C",1,471,2009,25,"Bolivia (Plurinational State of)","BOL","BOL",72,"Germany","GFR","DEU",25,"0","0","-","0","0","0"
1,"q5rX4C",1,472,2010,25,"Bolivia (Plurinational State of)","BOL","BOL",72,"Germany","GFR","DEU",28,"0","0","-","0","0","0"
1,"q5rX4C",1,473,2011,25,"Bolivia (Plurinational State of)","BOL","BOL",72,"Germany","GFR","DEU",27,"0","0","-","0","0","0"
1,"q5rX4C",1,474,2012,25,"Bolivia (Plurinational State of)","BOL","BOL",72,"Germany","GFR","DEU",26,"0","0","-","0","0","0"
1,"q5rX4C",1,475,2013,25,"Bolivia (Plurinational State of)","BOL","BOL",72,"Germany","GFR","DEU",7,"0","0","-","0","0","0"
1,"q5rX4C",1,476,2014,25,"Bolivia (Plurinational State of)","BOL","BOL",72,"Germany","GFR","DEU",7,"0","0","-","0","0","0"
1,"q5rX4C",1,477,2015,25,"Bolivia (Plurinational State of)","BOL","BOL",72,"Germany","GFR","DEU",7,"0","0","-","0","0","0"
1,"q5rX4C",1,478,2016,25,"Bolivia (Plurinational State of)","BOL","BOL",72,"Germany","GFR","DEU",8,"0","0","-","0","0","0"
1,"q5rX4C",1,479,2017,25,"Bolivia (Plurinational State of)","BOL","BOL",72,"Germany","GFR","DEU",8,"0","0","-","0","0","0"
1,"q5rX4C",1,480,2018,25,"Bolivia (Plurinational State of)","BOL","BOL",72,"Germany","GFR","DEU",6,"0","0","-","0","0","0"
1,"q5rX4C",1,481,2019,25,"Bolivia (Plurinational State of)","BOL","BOL",72,"Germany","GFR","DEU",7,"0","0","-","0","0","0"
1,"q5rX4C",1,482,2020,25,"Bolivia (Plurinational State of)","BOL","BOL",72,"Germany","GFR","DEU",7,"0","0","-","0","0","0"
1,"q5rX4C",1,483,2021,25,"Bolivia (Plurinational State of)","BOL","BOL",72,"Germany","GFR","DEU",6,6,"0","-","0","0","0"
1,"q5rX4C",1,484,2022,25,"Bolivia (Plurinational State of)","BOL","BOL",72,"Germany","GFR","DEU",8,14,"0","-","0","0","0"
1,"q5rX4C",1,485,2023,25,"Bolivia (Plurinational State of)","BOL","BOL",72,"Germany","GFR","DEU",6,14,"0","-","0","0","0"
1,"q5rX4C",1,486,2024,25,"Bolivia (Plurinational State of)","BOL","BOL",72,"Germany","GFR","DEU",7,5,"0","-","0","0","0"
1,"q5rX4C",1,487,2025,25,"Bolivia (Plurinational State of)","BOL","BOL",72,"Germany","GFR","DEU",7,5,"0","-","0","0","0"
1,"q5rX4C",1,488,2002,26,"Botswana","BOT","BWA",72,"Germany","GFR","DEU",5,"0","0","-","0","0","0"
1,"q5rX4C",1,489,2003,26,"Botswana","BOT","BWA",72,"Germany","GFR","DEU",5,"0","0","-","0","0","0"
1,"q5rX4C",1,490,2004,26,"Botswana","BOT","BWA",72,"Germany","GFR","DEU",5,"0","0","-","0","0","0"
1,"q5rX4C",1,491,2006,26,"Botswana","BOT","BWA",72,"Germany","GFR","DEU",5,"0","0","-","0","0","0"
1,"q5rX4C",1,492,2007,26,"Botswana","BOT","BWA",72,"Germany","GFR","DEU",5,"0","0","-","0","0","0"
1,"q5rX4C",1,493,2008,26,"Botswana","BOT","BWA",72,"Germany","GFR","DEU",5,"0","0","-","0","0","0"
1,"q5rX4C",1,494,2010,26,"Botswana","BOT","BWA",72,"Germany","GFR","DEU",5,"0","0","-","0","0","0"
1,"q5rX4C",1,495,2011,26,"Botswana","BOT","BWA",72,"Germany","GFR","DEU",5,"0","0","-","0","0","0"
1,"q5rX4C",1,496,2012,26,"Botswana","BOT","BWA",72,"Germany","GFR","DEU","0",5,"0","-","0","0","0"
1,"q5rX4C",1,497,2013,26,"Botswana","BOT","BWA",72,"Germany","GFR","DEU","0",5,"0","-","0","0","0"
1,"q5rX4C",1,498,2014,26,"Botswana","BOT","BWA",72,"Germany","GFR","DEU","0",8,"0","-","0","0","0"
1,"q5rX4C",1,499,2015,26,"Botswana","BOT","BWA",72,"Germany","GFR","DEU","0",10,"0","-","0","0","0"
1,"q5rX4C",1,500,2016,26,"Botswana","BOT","BWA",72,"Germany","GFR","DEU","0",11,"0","-","0","0","0"
1,"q5rX4C",1,501,2017,26,"Botswana","BOT","BWA",72,"Germany","GFR","DEU",5,"0","0","-","0","0","0"
1,"q5rX4C",1,502,2018,26,"Botswana","BOT","BWA",72,"Germany","GFR","DEU",5,5,"0","-","0","0","0"
1,"q5rX4C",1,503,2019,26,"Botswana","BOT","BWA",72,"Germany","GFR","DEU",5,5,"0","-","0","0","0"
1,"q5rX4C",1,504,2020,26,"Botswana","BOT","BWA",72,"Germany","GFR","DEU",5,"0","0","-","0","0","0"
1,"q5rX4C",1,505,2021,26,"Botswana","BOT","BWA",72,"Germany","GFR","DEU",7,"0","0","-","0","0","0"
1,"q5rX4C",1,506,2022,26,"Botswana","BOT","BWA",72,"Germany","GFR","DEU",5,"0","0","-","0","0","0"
1,"q5rX4C",1,507,2023,26,"Botswana","BOT","BWA",72,"Germany","GFR","DEU",5,"0","0","-","0","0","0"
1,"q5rX4C",1,508,2024,26,"Botswana","BOT","BWA",72,"Germany","GFR","DEU",5,8,"0","-","0","0","0"
1,"q5rX4C",1,509,2025,26,"Botswana","BOT","BWA",72,"Germany","GFR","DEU",5,6,"0","-","0","0","0"
1,"q5rX4C",1,510,2002,27,"Brazil","BRA","BRA",72,"Germany","GFR","DEU",150,"0","0","-","0","0","0"
1,"q5rX4C",1,511,2003,27,"Brazil","BRA","BRA",72,"Germany","GFR","DEU",164,"0","0","-","0","0","0"
1,"q5rX4C",1,512,2004,27,"Brazil","BRA","BRA",72,"Germany","GFR","DEU",154,"0","0","-","0","0","0"
1,"q5rX4C",1,513,2005,27,"Brazil","BRA","BRA",72,"Germany","GFR","DEU",12,"0","0","-","0","0","0"
1,"q5rX4C",1,514,2006,27,"Brazil","BRA","BRA",72,"Germany","GFR","DEU",135,5,"0","-","0","0","0"
1,"q5rX4C",1,515,2007,27,"Brazil","BRA","BRA",72,"Germany","GFR","DEU",913,"0","0","-","0","0","0"
1,"q5rX4C",1,516,2008,27,"Brazil","BRA","BRA",72,"Germany","GFR","DEU",658,"0","0","-","0","0","0"
1,"q5rX4C",1,517,2009,27,"Brazil","BRA","BRA",72,"Germany","GFR","DEU",163,"0","0","-","0","0","0"
1,"q5rX4C",1,518,2010,27,"Brazil","BRA","BRA",72,"Germany","GFR","DEU",143,"0","0","-","0","0","0"
1,"q5rX4C",1,519,2011,27,"Brazil","BRA","BRA",72,"Germany","GFR","DEU",159,5,"0","-","0","0","0"
1,"q5rX4C",1,520,2012,27,"Brazil","BRA","BRA",72,"Germany","GFR","DEU",163,5,"0","-","0","0","0"
1,"q5rX4C",1,521,2013,27,"Brazil","BRA","BRA",72,"Germany","GFR","DEU",66,9,"0","-","0","0","0"
1,"q5rX4C",1,522,2014,27,"Brazil","BRA","BRA",72,"Germany","GFR","DEU",58,16,"0","-","0","0","0"
1,"q5rX4C",1,523,2015,27,"Brazil","BRA","BRA",72,"Germany","GFR","DEU",35,10,"0","-","0","0","0"
1,"q5rX4C",1,524,2016,27,"Brazil","BRA","BRA",72,"Germany","GFR","DEU",29,26,"0","-","0","0","0"
1,"q5rX4C",1,525,2017,27,"Brazil","BRA","BRA",72,"Germany","GFR","DEU",32,14,"0","-","0","0","0"
1,"q5rX4C",1,526,2018,27,"Brazil","BRA","BRA",72,"Germany","GFR","DEU",32,29,"0","-","0","0","0"
1,"q5rX4C",1,527,2019,27,"Brazil","BRA","BRA",72,"Germany","GFR","DEU",33,46,"0","-","0","0","0"
1,"q5rX4C",1,528,2020,27,"Brazil","BRA","BRA",72,"Germany","GFR","DEU",32,50,"0","-","0","0","0"
1,"q5rX4C",1,529,2021,27,"Brazil","BRA","BRA",72,"Germany","GFR","DEU",36,46,"0","-","0","0","0"
1,"q5rX4C",1,530,2022,27,"Brazil","BRA","BRA",72,"Germany","GFR","DEU",36,45,"0","-","0","0","0"
1,"q5rX4C",1,531,2023,27,"Brazil","BRA","BRA",72,"Germany","GFR","DEU",38,77,"0","-","0","0","0"
1,"q5rX4C",1,532,2024,27,"Brazil","BRA","BRA",72,"Germany","GFR","DEU",40,106,"0","-","0","0","0"
1,"q5rX4C",1,533,2025,27,"Brazil","BRA","BRA",72,"Germany","GFR","DEU",38,83,"0","-","0","0","0"
1,"q5rX4C",1,534,1994,29,"Bosnia and Herzegovina","BSN","BIH",72,"Germany","GFR","DEU",350000,"0","0","-","0","0","0"
1,"q5rX4C",1,535,1995,29,"Bosnia and Herzegovina","BSN","BIH",72,"Germany","GFR","DEU",320000,"0","0","-","0","0","0"
1,"q5rX4C",1,536,1996,29,"Bosnia and Herzegovina","BSN","BIH",72,"Germany","GFR","DEU",330000,"0","0","-","0","0","0"
1,"q5rX4C",1,537,1997,29,"Bosnia and Herzegovina","BSN","BIH",72,"Germany","GFR","DEU",245000,"0","0","-","0","0","0"
1,"q5rX4C",1,538,1998,29,"Bosnia and Herzegovina","BSN","BIH",72,"Germany","GFR","DEU",100000,"0","0","-","0","0","0"
1,"q5rX4C",1,539,1999,29,"Bosnia and Herzegovina","BSN","BIH",72,"Germany","GFR","DEU",50000,"0","0","-","0","0","0"
1,"q5rX4C",1,540,2000,29,"Bosnia and Herzegovina","BSN","BIH",72,"Germany","GFR","DEU",30000,726,"0","-","0","0","0"
1,"q5rX4C",1,541,2001,29,"Bosnia and Herzegovina","BSN","BIH",72,"Germany","GFR","DEU",24000,1000,"0","-","0","0","0"
1,"q5rX4C",1,542,2002,29,"Bosnia and Herzegovina","BSN","BIH",72,"Germany","GFR","DEU",40531,592,"0","-","0","0","0"
1,"q5rX4C",1,543,2003,29,"Bosnia and Herzegovina","BSN","BIH",72,"Germany","GFR","DEU",38688,318,"0","-","0","0","0"
1,"q5rX4C",1,544,2004,29,"Bosnia and Herzegovina","BSN","BIH",72,"Germany","GFR","DEU",30083,168,"0","-","0","0","0"
1,"q5rX4C",1,545,2005,29,"Bosnia and Herzegovina","BSN","BIH",72,"Germany","GFR","DEU",9223,888,"0","-","0","0","0"
1,"q5rX4C",1,546,2006,29,"Bosnia and Herzegovina","BSN","BIH",72,"Germany","GFR","DEU",28098,567,"0","-","0","0","0"
1,"q5rX4C",1,547,2007,29,"Bosnia and Herzegovina","BSN","BIH",72,"Germany","GFR","DEU",26261,319,"0","-","0","0","0"
1,"q5rX4C",1,548,2008,29,"Bosnia and Herzegovina","BSN","BIH",72,"Germany","GFR","DEU",24697,317,"0","-","0","0","0"
1,"q5rX4C",1,549,2009,29,"Bosnia and Herzegovina","BSN","BIH",72,"Germany","GFR","DEU",24947,329,"0","-","0","0","0"
1,"q5rX4C",1,550,2010,29,"Bosnia and Herzegovina","BSN","BIH",72,"Germany","GFR","DEU",24622,397,"0","-","0","0","0"
1,"q5rX4C",1,551,2011,29,"Bosnia and Herzegovina","BSN","BIH",72,"Germany","GFR","DEU",24016,406,"0","-","0","0","0"
1,"q5rX4C",1,552,2012,29,"Bosnia and Herzegovina","BSN","BIH",72,"Germany","GFR","DEU",23460,1671,"0","-","0","0","0"
1,"q5rX4C",1,553,2013,29,"Bosnia and Herzegovina","BSN","BIH",72,"Germany","GFR","DEU",1344,3147,"0","-","0","0","0"
1,"q5rX4C",1,554,2014,29,"Bosnia and Herzegovina","BSN","BIH",72,"Germany","GFR","DEU",1381,5541,"0","-","0","0","0"
1,"q5rX4C",1,555,2015,29,"Bosnia and Herzegovina","BSN","BIH",72,"Germany","GFR","DEU",1412,6032,"0","-","0","0","0"
1,"q5rX4C",1,556,2016,29,"Bosnia and Herzegovina","BSN","BIH",72,"Germany","GFR","DEU",1450,2244,"0","-","0","0","0"
1,"q5rX4C",1,557,2017,29,"Bosnia and Herzegovina","BSN","BIH",72,"Germany","GFR","DEU",1478,963,"0","-","0","0","0"
1,"q5rX4C",1,558,2018,29,"Bosnia and Herzegovina","BSN","BIH",72,"Germany","GFR","DEU",1473,665,"0","-","0","0","0"
1,"q5rX4C",1,559,2019,29,"Bosnia and Herzegovina","BSN","BIH",72,"Germany","GFR","DEU",1432,526,"0","-","0","0","0"
1,"q5rX4C",1,560,2020,29,"Bosnia and Herzegovina","BSN","BIH",72,"Germany","GFR","DEU",1358,358,"0","-","0","0","0"
1,"q5rX4C",1,561,2021,29,"Bosnia and Herzegovina","BSN","BIH",72,"Germany","GFR","DEU",1316,1000,"0","-","0","0","0"
1,"q5rX4C",1,562,2022,29,"Bosnia and Herzegovina","BSN","BIH",72,"Germany","GFR","DEU",1339,870,"0","-","0","0","0"
1,"q5rX4C",1,563,2023,29,"Bosnia and Herzegovina","BSN","BIH",72,"Germany","GFR","DEU",1315,727,"0","-","0","0","0"
1,"q5rX4C",1,564,2024,29,"Bosnia and Herzegovina","BSN","BIH",72,"Germany","GFR","DEU",1202,384,"0","-","0","0","0"
1,"q5rX4C",1,565,2025,29,"Bosnia and Herzegovina","BSN","BIH",72,"Germany","GFR","DEU",1112,311,"0","-","0","0","0"
1,"q5rX4C",1,566,2000,30,"Bulgaria","BUL","BGR",72,"Germany","GFR","DEU","0",12,"0","-","0","0","0"
1,"q5rX4C",1,567,2001,30,"Bulgaria","BUL","BGR",72,"Germany","GFR","DEU","0",25,"0","-","0","0","0"
1,"q5rX4C",1,568,2002,30,"Bulgaria","BUL","BGR",72,"Germany","GFR","DEU",998,145,"0","-","0","0","0"
1,"q5rX4C",1,569,2003,30,"Bulgaria","BUL","BGR",72,"Germany","GFR","DEU",993,88,"0","-","0","0","0"
1,"q5rX4C",1,570,2004,30,"Bulgaria","BUL","BGR",72,"Germany","GFR","DEU",792,64,"0","-","0","0","0"
1,"q5rX4C",1,571,2005,30,"Bulgaria","BUL","BGR",72,"Germany","GFR","DEU",2651,159,"0","-","0","0","0"
1,"q5rX4C",1,572,2006,30,"Bulgaria","BUL","BGR",72,"Germany","GFR","DEU",1168,87,"0","-","0","0","0"
1,"q5rX4C",1,573,2007,30,"Bulgaria","BUL","BGR",72,"Germany","GFR","DEU",281,23,"0","-","0","0","0"
1,"q5rX4C",1,574,2008,30,"Bulgaria","BUL","BGR",72,"Germany","GFR","DEU",206,16,"0","-","0","0","0"
1,"q5rX4C",1,575,2009,30,"Bulgaria","BUL","BGR",72,"Germany","GFR","DEU",191,17,"0","-","0","0","0"
1,"q5rX4C",1,576,2010,30,"Bulgaria","BUL","BGR",72,"Germany","GFR","DEU",192,11,"0","-","0","0","0"
1,"q5rX4C",1,577,2011,30,"Bulgaria","BUL","BGR",72,"Germany","GFR","DEU",167,35,"0","-","0","0","0"
1,"q5rX4C",1,578,2012,30,"Bulgaria","BUL","BGR",72,"Germany","GFR","DEU",181,24,"0","-","0","0","0"
1,"q5rX4C",1,579,2013,30,"Bulgaria","BUL","BGR",72,"Germany","GFR","DEU",94,27,"0","-","0","0","0"
1,"q5rX4C",1,580,2014,30,"Bulgaria","BUL","BGR",72,"Germany","GFR","DEU",91,36,"0","-","0","0","0"
1,"q5rX4C",1,581,2015,30,"Bulgaria","BUL","BGR",72,"Germany","GFR","DEU",85,22,"0","-","0","0","0"
1,"q5rX4C",1,582,2016,30,"Bulgaria","BUL","BGR",72,"Germany","GFR","DEU",85,17,"0","-","0","0","0"
1,"q5rX4C",1,583,2017,30,"Bulgaria","BUL","BGR",72,"Germany","GFR","DEU",82,15,"0","-","0","0","0"
1,"q5rX4C",1,584,2018,30,"Bulgaria","BUL","BGR",72,"Germany","GFR","DEU",78,15,"0","-","0","0","0"
1,"q5rX4C",1,585,2019,30,"Bulgaria","BUL","BGR",72,"Germany","GFR","DEU",75,5,"0","-","0","0","0"
1,"q5rX4C",1,586,2020,30,"Bulgaria","BUL","BGR",72,"Germany","GFR","DEU",74,5,"0","-","0","0","0"
1,"q5rX4C",1,587,2021,30,"Bulgaria","BUL","BGR",72,"Germany","GFR","DEU",70,5,"0","-","0","0","0"
1,"q5rX4C",1,588,2022,30,"Bulgaria","BUL","BGR",72,"Germany","GFR","DEU",91,5,"0","-","0","0","0"
1,"q5rX4C",1,589,2023,30,"Bulgaria","BUL","BGR",72,"Germany","GFR","DEU",88,"0","0","-","0","0","0"
1,"q5rX4C",1,590,2024,30,"Bulgaria","BUL","BGR",72,"Germany","GFR","DEU",109,"0","0","-","0","0","0"
1,"q5rX4C",1,591,2025,30,"Bulgaria","BUL","BGR",72,"Germany","GFR","DEU",107,"0","0","-","0","0","0"
1,"q5rX4C",1,592,2000,32,"Cambodia","CAM","KHM",72,"Germany","GFR","DEU","0",5,"0","-","0","0","0"
1,"q5rX4C",1,593,2002,32,"Cambodia","CAM","KHM",72,"Germany","GFR","DEU",252,7,"0","-","0","0","0"
1,"q5rX4C",1,594,2003,32,"Cambodia","CAM","KHM",72,"Germany","GFR","DEU",248,8,"0","-","0","0","0"
1,"q5rX4C",1,595,2004,32,"Cambodia","CAM","KHM",72,"Germany","GFR","DEU",185,5,"0","-","0","0","0"
1,"q5rX4C",1,596,2005,32,"Cambodia","CAM","KHM",72,"Germany","GFR","DEU",181,13,"0","-","0","0","0"
1,"q5rX4C",1,597,2006,32,"Cambodia","CAM","KHM",72,"Germany","GFR","DEU",82,25,"0","-","0","0","0"
1,"q5rX4C",1,598,2007,32,"Cambodia","CAM","KHM",72,"Germany","GFR","DEU",113,20,"0","-","0","0","0"
1,"q5rX4C",1,599,2008,32,"Cambodia","CAM","KHM",72,"Germany","GFR","DEU",130,19,"0","-","0","0","0"
1,"q5rX4C",1,600,2009,32,"Cambodia","CAM","KHM",72,"Germany","GFR","DEU",156,18,"0","-","0","0","0"
1,"q5rX4C",1,601,2010,32,"Cambodia","CAM","KHM",72,"Germany","GFR","DEU",157,17,"0","-","0","0","0"
1,"q5rX4C",1,602,2011,32,"Cambodia","CAM","KHM",72,"Germany","GFR","DEU",161,27,"0","-","0","0","0"
1,"q5rX4C",1,603,2012,32,"Cambodia","CAM","KHM",72,"Germany","GFR","DEU",164,20,"0","-","0","0","0"
1,"q5rX4C",1,604,2013,32,"Cambodia","CAM","KHM",72,"Germany","GFR","DEU",26,23,"0","-","0","0","0"
1,"q5rX4C",1,605,2014,32,"Cambodia","CAM","KHM",72,"Germany","GFR","DEU",26,28,"0","-","0","0","0"
1,"q5rX4C",1,606,2015,32,"Cambodia","CAM","KHM",72,"Germany","GFR","DEU",26,20,"0","-","0","0","0"
1,"q5rX4C",1,607,2016,32,"Cambodia","CAM","KHM",72,"Germany","GFR","DEU",26,18,"0","-","0","0","0"
1,"q5rX4C",1,608,2017,32,"Cambodia","CAM","KHM",72,"Germany","GFR","DEU",27,25,"0","-","0","0","0"
1,"q5rX4C",1,609,2018,32,"Cambodia","CAM","KHM",72,"Germany","GFR","DEU",30,47,"0","-","0","0","0"
1,"q5rX4C",1,610,2019,32,"Cambodia","CAM","KHM",72,"Germany","GFR","DEU",33,51,"0","-","0","0","0"
1,"q5rX4C",1,611,2020,32,"Cambodia","CAM","KHM",72,"Germany","GFR","DEU",34,56,"0","-","0","0","0"
1,"q5rX4C",1,612,2021,32,"Cambodia","CAM","KHM",72,"Germany","GFR","DEU",30,46,"0","-","0","0","0"
1,"q5rX4C",1,613,2022,32,"Cambodia","CAM","KHM",72,"Germany","GFR","DEU",37,30,"0","-","0","0","0"
1,"q5rX4C",1,614,2023,32,"Cambodia","CAM","KHM",72,"Germany","GFR","DEU",34,22,"0","-","0","0","0"
1,"q5rX4C",1,615,2024,32,"Cambodia","CAM","KHM",72,"Germany","GFR","DEU",33,69,"0","-","0","0","0"
1,"q5rX4C",1,616,2025,32,"Cambodia","CAM","KHM",72,"Germany","GFR","DEU",32,101,"0","-","0","0","0"
1,"q5rX4C",1,617,2002,33,"Canada","CAN","CAN",72,"Germany","GFR","DEU",47,"0","0","-","0","0","0"
1,"q5rX4C",1,618,2003,33,"Canada","CAN","CAN",72,"Germany","GFR","DEU",43,"0","0","-","0","0","0"
1,"q5rX4C",1,619,2004,33,"Canada","CAN","CAN",72,"Germany","GFR","DEU",35,"0","0","-","0","0","0"
1,"q5rX4C",1,620,2005,33,"Canada","CAN","CAN",72,"Germany","GFR","DEU",109,"0","0","-","0","0","0"
1,"q5rX4C",1,621,2006,33,"Canada","CAN","CAN",72,"Germany","GFR","DEU",57,"0","0","-","0","0","0"
1,"q5rX4C",1,622,2007,33,"Canada","CAN","CAN",72,"Germany","GFR","DEU",487,"0","0","-","0","0","0"
1,"q5rX4C",1,623,2008,33,"Canada","CAN","CAN",72,"Germany","GFR","DEU",63,"0","0","-","0","0","0"
1,"q5rX4C",1,624,2009,33,"Canada","CAN","CAN",72,"Germany","GFR","DEU",52,"0","0","-","0","0","0"
1,"q5rX4C",1,625,2010,33,"Canada","CAN","CAN",72,"Germany","GFR","DEU",46,"0","0","-","0","0","0"
1,"q5rX4C",1,626,2011,33,"Canada","CAN","CAN",72,"Germany","GFR","DEU",48,"0","0","-","0","0","0"
1,"q5rX4C",1,627,2012,33,"Canada","CAN","CAN",72,"Germany","GFR","DEU",53,"0","0","-","0","0","0"
1,"q5rX4C",1,628,2013,33,"Canada","CAN","CAN",72,"Germany","GFR","DEU",34,"0","0","-","0","0","0"
1,"q5rX4C",1,629,2014,33,"Canada","CAN","CAN",72,"Germany","GFR","DEU",34,"0","0","-","0","0","0"
1,"q5rX4C",1,630,2015,33,"Canada","CAN","CAN",72,"Germany","GFR","DEU",20,"0","0","-","0","0","0"
1,"q5rX4C",1,631,2016,33,"Canada","CAN","CAN",72,"Germany","GFR","DEU",23,"0","0","-","0","0","0"
1,"q5rX4C",1,632,2017,33,"Canada","CAN","CAN",72,"Germany","GFR","DEU",24,5,"0","-","0","0","0"
1,"q5rX4C",1,633,2018,33,"Canada","CAN","CAN",72,"Germany","GFR","DEU",24,5,"0","-","0","0","0"
1,"q5rX4C",1,634,2019,33,"Canada","CAN","CAN",72,"Germany","GFR","DEU",24,"0","0","-","0","0","0"
1,"q5rX4C",1,635,2020,33,"Canada","CAN","CAN",72,"Germany","GFR","DEU",23,"0","0","-","0","0","0"
1,"q5rX4C",1,636,2021,33,"Canada","CAN","CAN",72,"Germany","GFR","DEU",24,"0","0","-","0","0","0"
1,"q5rX4C",1,637,2022,33,"Canada","CAN","CAN",72,"Germany","GFR","DEU",44,"0","0","-","0","0","0"
1,"q5rX4C",1,638,2023,33,"Canada","CAN","CAN",72,"Germany","GFR","DEU",54,5,"0","-","0","0","0"
1,"q5rX4C",1,639,2024,33,"Canada","CAN","CAN",72,"Germany","GFR","DEU",65,"0","0","-","0","0","0"
1,"q5rX4C",1,640,2025,33,"Canada","CAN","CAN",72,"Germany","GFR","DEU",63,"0","0","-","0","0","0"
1,"q5rX4C",1,641,2000,34,"Central African Rep.","CAR","CAF",72,"Germany","GFR","DEU","0",8,"0","-","0","0","0"
1,"q5rX4C",1,642,2001,34,"Central African Rep.","CAR","CAF",72,"Germany","GFR","DEU","0",14,"0","-","0","0","0"
1,"q5rX4C",1,643,2002,34,"Central African Rep.","CAR","CAF",72,"Germany","GFR","DEU",20,"0","0","-","0","0","0"
1,"q5rX4C",1,644,2003,34,"Central African Rep.","CAR","CAF",72,"Germany","GFR","DEU",20,"0","0","-","0","0","0"
1,"q5rX4C",1,645,2004,34,"Central African Rep.","CAR","CAF",72,"Germany","GFR","DEU",22,"0","0","-","0","0","0"
1,"q5rX4C",1,646,2005,34,"Central African Rep.","CAR","CAF",72,"Germany","GFR","DEU",18,5,"0","-","0","0","0"
1,"q5rX4C",1,647,2006,34,"Central African Rep.","CAR","CAF",72,"Germany","GFR","DEU",12,5,"0","-","0","0","0"
1,"q5rX4C",1,648,2007,34,"Central African Rep.","CAR","CAF",72,"Germany","GFR","DEU",15,"0","0","-","0","0","0"
1,"q5rX4C",1,649,2008,34,"Central African Rep.","CAR","CAF",72,"Germany","GFR","DEU",12,"0","0","-","0","0","0"
1,"q5rX4C",1,650,2009,34,"Central African Rep.","CAR","CAF",72,"Germany","GFR","DEU",15,"0","0","-","0","0","0"
1,"q5rX4C",1,651,2010,34,"Central African Rep.","CAR","CAF",72,"Germany","GFR","DEU",14,"0","0","-","0","0","0"
1,"q5rX4C",1,652,2011,34,"Central African Rep.","CAR","CAF",72,"Germany","GFR","DEU",12,"0","0","-","0","0","0"
1,"q5rX4C",1,653,2012,34,"Central African Rep.","CAR","CAF",72,"Germany","GFR","DEU",12,"0","0","-","0","0","0"
1,"q5rX4C",1,654,2013,34,"Central African Rep.","CAR","CAF",72,"Germany","GFR","DEU","0",8,"0","-","0","0","0"
1,"q5rX4C",1,655,2014,34,"Central African Rep.","CAR","CAF",72,"Germany","GFR","DEU","0",37,"0","-","0","0","0"
1,"q5rX4C",1,656,2015,34,"Central African Rep.","CAR","CAF",72,"Germany","GFR","DEU",5,62,"0","-","0","0","0"
1,"q5rX4C",1,657,2016,34,"Central African Rep.","CAR","CAF",72,"Germany","GFR","DEU",6,92,"0","-","0","0","0"
1,"q5rX4C",1,658,2017,34,"Central African Rep.","CAR","CAF",72,"Germany","GFR","DEU",32,79,"0","-","0","0","0"
1,"q5rX4C",1,659,2018,34,"Central African Rep.","CAR","CAF",72,"Germany","GFR","DEU",37,54,"0","-","0","0","0"
1,"q5rX4C",1,660,2019,34,"Central African Rep.","CAR","CAF",72,"Germany","GFR","DEU",40,24,"0","-","0","0","0"
1,"q5rX4C",1,661,2020,34,"Central African Rep.","CAR","CAF",72,"Germany","GFR","DEU",48,17,"0","-","0","0","0"
1,"q5rX4C",1,662,2021,34,"Central African Rep.","CAR","CAF",72,"Germany","GFR","DEU",51,15,"0","-","0","0","0"
1,"q5rX4C",1,663,2022,34,"Central African Rep.","CAR","CAF",72,"Germany","GFR","DEU",38,"0","0","-","0","0","0"
1,"q5rX4C",1,664,2023,34,"Central African Rep.","CAR","CAF",72,"Germany","GFR","DEU",52,10,"0","-","0","0","0"
1,"q5rX4C",1,665,2024,34,"Central African Rep.","CAR","CAF",72,"Germany","GFR","DEU",48,14,"0","-","0","0","0"
1,"q5rX4C",1,666,2025,34,"Central African Rep.","CAR","CAF",72,"Germany","GFR","DEU",47,6,"0","-","0","0","0"
1,"q5rX4C",1,667,2000,36,"Chad","CHD","TCD",72,"Germany","GFR","DEU","0",9,"0","-","0","0","0"
1,"q5rX4C",1,668,2001,36,"Chad","CHD","TCD",72,"Germany","GFR","DEU","0",16,"0","-","0","0","0"
1,"q5rX4C",1,669,2002,36,"Chad","CHD","TCD",72,"Germany","GFR","DEU",47,11,"0","-","0","0","0"
1,"q5rX4C",1,670,2003,36,"Chad","CHD","TCD",72,"Germany","GFR","DEU",49,11,"0","-","0","0","0"
1,"q5rX4C",1,671,2004,36,"Chad","CHD","TCD",72,"Germany","GFR","DEU",37,"0","0","-","0","0","0"
1,"q5rX4C",1,672,2005,36,"Chad","CHD","TCD",72,"Germany","GFR","DEU",46,17,"0","-","0","0","0"
1,"q5rX4C",1,673,2006,36,"Chad","CHD","TCD",72,"Germany","GFR","DEU",28,15,"0","-","0","0","0"
1,"q5rX4C",1,674,2007,36,"Chad","CHD","TCD",72,"Germany","GFR","DEU",33,10,"0","-","0","0","0"
1,"q5rX4C",1,675,2008,36,"Chad","CHD","TCD",72,"Germany","GFR","DEU",34,8,"0","-","0","0","0"
1,"q5rX4C",1,676,2009,36,"Chad","CHD","TCD",72,"Germany","GFR","DEU",39,10,"0","-","0","0","0"
1,"q5rX4C",1,677,2010,36,"Chad","CHD","TCD",72,"Germany","GFR","DEU",53,5,"0","-","0","0","0"
1,"q5rX4C",1,678,2011,36,"Chad","CHD","TCD",72,"Germany","GFR","DEU",51,5,"0","-","0","0","0"
1,"q5rX4C",1,679,2012,36,"Chad","CHD","TCD",72,"Germany","GFR","DEU",44,62,"0","-","0","0","0"
1,"q5rX4C",1,680,2013,36,"Chad","CHD","TCD",72,"Germany","GFR","DEU",18,259,"0","-","0","0","0"
1,"q5rX4C",1,681,2014,36,"Chad","CHD","TCD",72,"Germany","GFR","DEU",16,269,"0","-","0","0","0"
1,"q5rX4C",1,682,2015,36,"Chad","CHD","TCD",72,"Germany","GFR","DEU",24,230,"0","-","0","0","0"
1,"q5rX4C",1,683,2016,36,"Chad","CHD","TCD",72,"Germany","GFR","DEU",46,311,"0","-","0","0","0"
1,"q5rX4C",1,684,2017,36,"Chad","CHD","TCD",72,"Germany","GFR","DEU",83,295,"0","-","0","0","0"
1,"q5rX4C",1,685,2018,36,"Chad","CHD","TCD",72,"Germany","GFR","DEU",91,292,"0","-","0","0","0"
1,"q5rX4C",1,686,2019,36,"Chad","CHD","TCD",72,"Germany","GFR","DEU",100,281,"0","-","0","0","0"
1,"q5rX4C",1,687,2020,36,"Chad","CHD","TCD",72,"Germany","GFR","DEU",95,267,"0","-","0","0","0"
1,"q5rX4C",1,688,2021,36,"Chad","CHD","TCD",72,"Germany","GFR","DEU",123,202,"0","-","0","0","0"
1,"q5rX4C",1,689,2022,36,"Chad","CHD","TCD",72,"Germany","GFR","DEU",113,157,"0","-","0","0","0"
1,"q5rX4C",1,690,2023,36,"Chad","CHD","TCD",72,"Germany","GFR","DEU",158,131,"0","-","0","0","0"
1,"q5rX4C",1,691,2024,36,"Chad","CHD","TCD",72,"Germany","GFR","DEU",172,76,"0","-","0","0","0"
1,"q5rX4C",1,692,2025,36,"Chad","CHD","TCD",72,"Germany","GFR","DEU",178,85,"0","-","0","0","0"
1,"q5rX4C",1,693,2000,37,"China","CHI","CHN",72,"Germany","GFR","DEU","0",470,"0","-","0","0","0"
1,"q5rX4C",1,694,2001,37,"China","CHI","CHN",72,"Germany","GFR","DEU","0",707,"0","-","0","0","0"
1,"q5rX4C",1,695,2002,37,"China","CHI","CHN",72,"Germany","GFR","DEU",6280,954,"0","-","0","0","0"
1,"q5rX4C",1,696,2003,37,"China","CHI","CHN",72,"Germany","GFR","DEU",6940,431,"0","-","0","0","0"
1,"q5rX4C",1,697,2004,37,"China","CHI","CHN",72,"Germany","GFR","DEU",6914,221,"0","-","0","0","0"
1,"q5rX4C",1,698,2005,37,"China","CHI","CHN",72,"Germany","GFR","DEU",3892,976,"0","-","0","0","0"
1,"q5rX4C",1,699,2006,37,"China","CHI","CHN",72,"Germany","GFR","DEU",3577,677,"0","-","0","0","0"
1,"q5rX4C",1,700,2007,37,"China","CHI","CHN",72,"Germany","GFR","DEU",3483,353,"0","-","0","0","0"
1,"q5rX4C",1,701,2008,37,"China","CHI","CHN",72,"Germany","GFR","DEU",3613,425,"0","-","0","0","0"
1,"q5rX4C",1,702,2009,37,"China","CHI","CHN",72,"Germany","GFR","DEU",3654,595,"0","-","0","0","0"
1,"q5rX4C",1,703,2010,37,"China","CHI","CHN",72,"Germany","GFR","DEU",3752,547,"0","-","0","0","0"
1,"q5rX4C",1,704,2011,37,"China","CHI","CHN",72,"Germany","GFR","DEU",3639,494,"0","-","0","0","0"
1,"q5rX4C",1,705,2012,37,"China","CHI","CHN",72,"Germany","GFR","DEU",3815,526,"0","-","0","0","0"
1,"q5rX4C",1,706,2013,37,"China","CHI","CHN",72,"Germany","GFR","DEU",1490,663,"0","-","0","0","0"
1,"q5rX4C",1,707,2014,37,"China","CHI","CHN",72,"Germany","GFR","DEU",1530,886,"0","-","0","0","0"
1,"q5rX4C",1,708,2015,37,"China","CHI","CHN",72,"Germany","GFR","DEU",1406,1273,"0","-","0","0","0"
1,"q5rX4C",1,709,2016,37,"China","CHI","CHN",72,"Germany","GFR","DEU",1385,1673,"0","-","0","0","0"
1,"q5rX4C",1,710,2017,37,"China","CHI","CHN",72,"Germany","GFR","DEU",1588,1186,"0","-","0","0","0"
1,"q5rX4C",1,711,2018,37,"China","CHI","CHN",72,"Germany","GFR","DEU",1620,972,"0","-","0","0","0"
1,"q5rX4C",1,712,2019,37,"China","CHI","CHN",72,"Germany","GFR","DEU",1760,943,"0","-","0","0","0"
1,"q5rX4C",1,713,2020,37,"China","CHI","CHN",72,"Germany","GFR","DEU",1986,544,"0","-","0","0","0"
1,"q5rX4C",1,714,2021,37,"China","CHI","CHN",72,"Germany","GFR","DEU",2019,379,"0","-","0","0","0"
1,"q5rX4C",1,715,2022,37,"China","CHI","CHN",72,"Germany","GFR","DEU",1667,317,"0","-","0","0","0"
1,"q5rX4C",1,716,2023,37,"China","CHI","CHN",72,"Germany","GFR","DEU",2333,709,"0","-","0","0","0"
1,"q5rX4C",1,717,2024,37,"China","CHI","CHN",72,"Germany","GFR","DEU",2325,1238,"0","-","0","0","0"
1,"q5rX4C",1,718,2025,37,"China","CHI","CHN",72,"Germany","GFR","DEU",2358,1353,"0","-","0","0","0"
1,"q5rX4C",1,719,2002,38,"Chile","CHL","CHL",72,"Germany","GFR","DEU",1056,"0","0","-","0","0","0"
1,"q5rX4C",1,720,2003,38,"Chile","CHL","CHL",72,"Germany","GFR","DEU",984,"0","0","-","0","0","0"
1,"q5rX4C",1,721,2004,38,"Chile","CHL","CHL",72,"Germany","GFR","DEU",718,"0","0","-","0","0","0"
1,"q5rX4C",1,722,2005,38,"Chile","CHL","CHL",72,"Germany","GFR","DEU",488,"0","0","-","0","0","0"
1,"q5rX4C",1,723,2006,38,"Chile","CHL","CHL",72,"Germany","GFR","DEU",331,"0","0","-","0","0","0"
1,"q5rX4C",1,724,2007,38,"Chile","CHL","CHL",72,"Germany","GFR","DEU",296,5,"0","-","0","0","0"
1,"q5rX4C",1,725,2008,38,"Chile","CHL","CHL",72,"Germany","GFR","DEU",278,5,"0","-","0","0","0"
1,"q5rX4C",1,726,2009,38,"Chile","CHL","CHL",72,"Germany","GFR","DEU",430,6,"0","-","0","0","0"
1,"q5rX4C",1,727,2010,38,"Chile","CHL","CHL",72,"Germany","GFR","DEU",423,5,"0","-","0","0","0"
1,"q5rX4C",1,728,2011,38,"Chile","CHL","CHL",72,"Germany","GFR","DEU",416,"0","0","-","0","0","0"
1,"q5rX4C",1,729,2012,38,"Chile","CHL","CHL",72,"Germany","GFR","DEU",396,"0","0","-","0","0","0"
1,"q5rX4C",1,730,2013,38,"Chile","CHL","CHL",72,"Germany","GFR","DEU",196,"0","0","-","0","0","0"
1,"q5rX4C",1,731,2014,38,"Chile","CHL","CHL",72,"Germany","GFR","DEU",194,"0","0","-","0","0","0"
1,"q5rX4C",1,732,2015,38,"Chile","CHL","CHL",72,"Germany","GFR","DEU",184,"0","0","-","0","0","0"
1,"q5rX4C",1,733,2016,38,"Chile","CHL","CHL",72,"Germany","GFR","DEU",180,"0","0","-","0","0","0"
1,"q5rX4C",1,734,2017,38,"Chile","CHL","CHL",72,"Germany","GFR","DEU",178,"0","0","-","0","0","0"
1,"q5rX4C",1,735,2018,38,"Chile","CHL","CHL",72,"Germany","GFR","DEU",170,"0","0","-","0","0","0"
1,"q5rX4C",1,736,2019,38,"Chile","CHL","CHL",72,"Germany","GFR","DEU",167,5,"0","-","0","0","0"
1,"q5rX4C",1,737,2020,38,"Chile","CHL","CHL",72,"Germany","GFR","DEU",160,5,"0","-","0","0","0"
1,"q5rX4C",1,738,2021,38,"Chile","CHL","CHL",72,"Germany","GFR","DEU",156,5,"0","-","0","0","0"
1,"q5rX4C",1,739,2022,38,"Chile","CHL","CHL",72,"Germany","GFR","DEU",154,21,"0","-","0","0","0"
1,"q5rX4C",1,740,2023,38,"Chile","CHL","CHL",72,"Germany","GFR","DEU",148,49,"0","-","0","0","0"
1,"q5rX4C",1,741,2024,38,"Chile","CHL","CHL",72,"Germany","GFR","DEU",147,34,"0","-","0","0","0"
1,"q5rX4C",1,742,2025,38,"Chile","CHL","CHL",72,"Germany","GFR","DEU",142,36,"0","-","0","0","0"
1,"q5rX4C",1,743,2000,39,"Cameroon","CMR","CMR",72,"Germany","GFR","DEU","0",234,"0","-","0","0","0"
1,"q5rX4C",1,744,2001,39,"Cameroon","CMR","CMR",72,"Germany","GFR","DEU","0",535,"0","-","0","0","0"
1,"q5rX4C",1,745,2002,39,"Cameroon","CMR","CMR",72,"Germany","GFR","DEU",1223,675,"0","-","0","0","0"
1,"q5rX4C",1,746,2003,39,"Cameroon","CMR","CMR",72,"Germany","GFR","DEU",1742,238,"0","-","0","0","0"
1,"q5rX4C",1,747,2004,39,"Cameroon","CMR","CMR",72,"Germany","GFR","DEU",2138,252,"0","-","0","0","0"
1,"q5rX4C",1,748,2005,39,"Cameroon","CMR","CMR",72,"Germany","GFR","DEU",1841,948,"0","-","0","0","0"
1,"q5rX4C",1,749,2006,39,"Cameroon","CMR","CMR",72,"Germany","GFR","DEU",760,589,"0","-","0","0","0"
1,"q5rX4C",1,750,2007,39,"Cameroon","CMR","CMR",72,"Germany","GFR","DEU",813,366,"0","-","0","0","0"
1,"q5rX4C",1,751,2008,39,"Cameroon","CMR","CMR",72,"Germany","GFR","DEU",912,360,"0","-","0","0","0"
1,"q5rX4C",1,752,2009,39,"Cameroon","CMR","CMR",72,"Germany","GFR","DEU",1180,417,"0","-","0","0","0"
1,"q5rX4C",1,753,2010,39,"Cameroon","CMR","CMR",72,"Germany","GFR","DEU",1236,406,"0","-","0","0","0"
1,"q5rX4C",1,754,2011,39,"Cameroon","CMR","CMR",72,"Germany","GFR","DEU",1210,397,"0","-","0","0","0"
1,"q5rX4C",1,755,2012,39,"Cameroon","CMR","CMR",72,"Germany","GFR","DEU",1244,385,"0","-","0","0","0"
1,"q5rX4C",1,756,2013,39,"Cameroon","CMR","CMR",72,"Germany","GFR","DEU",528,623,"0","-","0","0","0"
1,"q5rX4C",1,757,2014,39,"Cameroon","CMR","CMR",72,"Germany","GFR","DEU",538,1030,"0","-","0","0","0"
1,"q5rX4C",1,758,2015,39,"Cameroon","CMR","CMR",72,"Germany","GFR","DEU",515,1506,"0","-","0","0","0"
1,"q5rX4C",1,759,2016,39,"Cameroon","CMR","CMR",72,"Germany","GFR","DEU",503,2510,"0","-","0","0","0"
1,"q5rX4C",1,760,2017,39,"Cameroon","CMR","CMR",72,"Germany","GFR","DEU",594,2667,"0","-","0","0","0"
1,"q5rX4C",1,761,2018,39,"Cameroon","CMR","CMR",72,"Germany","GFR","DEU",698,2990,"0","-","0","0","0"
1,"q5rX4C",1,762,2019,39,"Cameroon","CMR","CMR",72,"Germany","GFR","DEU",778,2840,"0","-","0","0","0"
1,"q5rX4C",1,763,2020,39,"Cameroon","CMR","CMR",72,"Germany","GFR","DEU",824,2427,"0","-","0","0","0"
1,"q5rX4C",1,764,2021,39,"Cameroon","CMR","CMR",72,"Germany","GFR","DEU",927,1642,"0","-","0","0","0"
1,"q5rX4C",1,765,2022,39,"Cameroon","CMR","CMR",72,"Germany","GFR","DEU",1151,1334,"0","-","0","0","0"
1,"q5rX4C",1,766,2023,39,"Cameroon","CMR","CMR",72,"Germany","GFR","DEU",1399,2360,"0","-","0","0","0"
1,"q5rX4C",1,767,2024,39,"Cameroon","CMR","CMR",72,"Germany","GFR","DEU",1635,2736,"0","-","0","0","0"
1,"q5rX4C",1,768,2025,39,"Cameroon","CMR","CMR",72,"Germany","GFR","DEU",1715,2631,"0","-","0","0","0"
1,"q5rX4C",1,769,2000,40,"Congo","COB","COG",72,"Germany","GFR","DEU","0",68,"0","-","0","0","0"
1,"q5rX4C",1,770,2001,40,"Congo","COB","COG",72,"Germany","GFR","DEU","0",93,"0","-","0","0","0"
1,"q5rX4C",1,771,2002,40,"Congo","COB","COG",72,"Germany","GFR","DEU",796,111,"0","-","0","0","0"
1,"q5rX4C",1,772,2003,40,"Congo","COB","COG",72,"Germany","GFR","DEU",901,19,"0","-","0","0","0"
1,"q5rX4C",1,773,2004,40,"Congo","COB","COG",72,"Germany","GFR","DEU",858,20,"0","-","0","0","0"
1,"q5rX4C",1,774,2005,40,"Congo","COB","COG",72,"Germany","GFR","DEU",697,202,"0","-","0","0","0"
1,"q5rX4C",1,775,2006,40,"Congo","COB","COG",72,"Germany","GFR","DEU",446,128,"0","-","0","0","0"
1,"q5rX4C",1,776,2007,40,"Congo","COB","COG",72,"Germany","GFR","DEU",511,89,"0","-","0","0","0"
1,"q5rX4C",1,777,2008,40,"Congo","COB","COG",72,"Germany","GFR","DEU",534,81,"0","-","0","0","0"
1,"q5rX4C",1,778,2009,40,"Congo","COB","COG",72,"Germany","GFR","DEU",684,73,"0","-","0","0","0"
1,"q5rX4C",1,779,2010,40,"Congo","COB","COG",72,"Germany","GFR","DEU",608,55,"0","-","0","0","0"
1,"q5rX4C",1,780,2011,40,"Congo","COB","COG",72,"Germany","GFR","DEU",535,54,"0","-","0","0","0"
1,"q5rX4C",1,781,2012,40,"Congo","COB","COG",72,"Germany","GFR","DEU",518,59,"0","-","0","0","0"
1,"q5rX4C",1,782,2013,40,"Congo","COB","COG",72,"Germany","GFR","DEU",194,96,"0","-","0","0","0"
1,"q5rX4C",1,783,2014,40,"Congo","COB","COG",72,"Germany","GFR","DEU",194,120,"0","-","0","0","0"
1,"q5rX4C",1,784,2015,40,"Congo","COB","COG",72,"Germany","GFR","DEU",178,125,"0","-","0","0","0"
1,"q5rX4C",1,785,2016,40,"Congo","COB","COG",72,"Germany","GFR","DEU",173,246,"0","-","0","0","0"
1,"q5rX4C",1,786,2017,40,"Congo","COB","COG",72,"Germany","GFR","DEU",249,119,"0","-","0","0","0"
1,"q5rX4C",1,787,2018,40,"Congo","COB","COG",72,"Germany","GFR","DEU",276,104,"0","-","0","0","0"
1,"q5rX4C",1,788,2019,40,"Congo","COB","COG",72,"Germany","GFR","DEU",282,73,"0","-","0","0","0"
1,"q5rX4C",1,789,2020,40,"Congo","COB","COG",72,"Germany","GFR","DEU",278,66,"0","-","0","0","0"
1,"q5rX4C",1,790,2021,40,"Congo","COB","COG",72,"Germany","GFR","DEU",285,57,"0","-","0","0","0"
1,"q5rX4C",1,791,2022,40,"Congo","COB","COG",72,"Germany","GFR","DEU",251,65,"0","-","0","0","0"
1,"q5rX4C",1,792,2023,40,"Congo","COB","COG",72,"Germany","GFR","DEU",296,103,"0","-","0","0","0"
1,"q5rX4C",1,793,2024,40,"Congo","COB","COG",72,"Germany","GFR","DEU",330,116,"0","-","0","0","0"
1,"q5rX4C",1,794,2025,40,"Congo","COB","COG",72,"Germany","GFR","DEU",325,99,"0","-","0","0","0"
1,"q5rX4C",1,795,2000,41,"Dem. Rep. of the Congo","COD","COD",72,"Germany","GFR","DEU","0",489,"0","-","0","0","0"
1,"q5rX4C",1,796,2001,41,"Dem. Rep. of the Congo","COD","COD",72,"Germany","GFR","DEU","0",964,"0","-","0","0","0"
1,"q5rX4C",1,797,2002,41,"Dem. Rep. of the Congo","COD","COD",72,"Germany","GFR","DEU",7370,1204,"0","-","0","0","0"
1,"q5rX4C",1,798,2003,41,"Dem. Rep. of the Congo","COD","COD",72,"Germany","GFR","DEU",7096,482,"0","-","0","0","0"
1,"q5rX4C",1,799,2004,41,"Dem. Rep. of the Congo","COD","COD",72,"Germany","GFR","DEU",6668,210,"0","-","0","0","0"
1,"q5rX4C",1,800,2005,41,"Dem. Rep. of the Congo","COD","COD",72,"Germany","GFR","DEU",6280,1210,"0","-","0","0","0"
1,"q5rX4C",1,801,2006,41,"Dem. Rep. of the Congo","COD","COD",72,"Germany","GFR","DEU",3563,750,"0","-","0","0","0"
1,"q5rX4C",1,802,2007,41,"Dem. Rep. of the Congo","COD","COD",72,"Germany","GFR","DEU",4202,518,"0","-","0","0","0"
1,"q5rX4C",1,803,2008,41,"Dem. Rep. of the Congo","COD","COD",72,"Germany","GFR","DEU",4418,476,"0","-","0","0","0"
1,"q5rX4C",1,804,2009,41,"Dem. Rep. of the Congo","COD","COD",72,"Germany","GFR","DEU",6093,508,"0","-","0","0","0"
1,"q5rX4C",1,805,2010,41,"Dem. Rep. of the Congo","COD","COD",72,"Germany","GFR","DEU",5587,465,"0","-","0","0","0"
1,"q5rX4C",1,806,2011,41,"Dem. Rep. of the Congo","COD","COD",72,"Germany","GFR","DEU",5146,425,"0","-","0","0","0"
1,"q5rX4C",1,807,2012,41,"Dem. Rep. of the Congo","COD","COD",72,"Germany","GFR","DEU",5206,473,"0","-","0","0","0"
1,"q5rX4C",1,808,2013,41,"Dem. Rep. of the Congo","COD","COD",72,"Germany","GFR","DEU",1672,584,"0","-","0","0","0"
1,"q5rX4C",1,809,2014,41,"Dem. Rep. of the Congo","COD","COD",72,"Germany","GFR","DEU",1646,665,"0","-","0","0","0"
1,"q5rX4C",1,810,2015,41,"Dem. Rep. of the Congo","COD","COD",72,"Germany","GFR","DEU",1537,654,"0","-","0","0","0"
1,"q5rX4C",1,811,2016,41,"Dem. Rep. of the Congo","COD","COD",72,"Germany","GFR","DEU",1452,784,"0","-","0","0","0"
1,"q5rX4C",1,812,2017,41,"Dem. Rep. of the Congo","COD","COD",72,"Germany","GFR","DEU",1594,718,"0","-","0","0","0"
1,"q5rX4C",1,813,2018,41,"Dem. Rep. of the Congo","COD","COD",72,"Germany","GFR","DEU",1650,655,"0","-","0","0","0"
1,"q5rX4C",1,814,2019,41,"Dem. Rep. of the Congo","COD","COD",72,"Germany","GFR","DEU",1650,655,"0","-","0","0","0"
1,"q5rX4C",1,815,2020,41,"Dem. Rep. of the Congo","COD","COD",72,"Germany","GFR","DEU",1539,632,"0","-","0","0","0"
1,"q5rX4C",1,816,2021,41,"Dem. Rep. of the Congo","COD","COD",72,"Germany","GFR","DEU",1761,541,"0","-","0","0","0"
1,"q5rX4C",1,817,2022,41,"Dem. Rep. of the Congo","COD","COD",72,"Germany","GFR","DEU",1371,696,"0","-","0","0","0"
1,"q5rX4C",1,818,2023,41,"Dem. Rep. of the Congo","COD","COD",72,"Germany","GFR","DEU",1567,1068,"0","-","0","0","0"
1,"q5rX4C",1,819,2024,41,"Dem. Rep. of the Congo","COD","COD",72,"Germany","GFR","DEU",1538,1149,"0","-","0","0","0"
1,"q5rX4C",1,820,2025,41,"Dem. Rep. of the Congo","COD","COD",72,"Germany","GFR","DEU",1534,1235,"0","-","0","0","0"
1,"q5rX4C",1,821,2002,42,"Comoros","COI","COM",72,"Germany","GFR","DEU",5,"0","0","-","0","0","0"
1,"q5rX4C",1,822,2003,42,"Comoros","COI","COM",72,"Germany","GFR","DEU",6,"0","0","-","0","0","0"
1,"q5rX4C",1,823,2004,42,"Comoros","COI","COM",72,"Germany","GFR","DEU",6,"0","0","-","0","0","0"
1,"q5rX4C",1,824,2007,42,"Comoros","COI","COM",72,"Germany","GFR","DEU",5,"0","0","-","0","0","0"
1,"q5rX4C",1,825,2008,42,"Comoros","COI","COM",72,"Germany","GFR","DEU",5,"0","0","-","0","0","0"
1,"q5rX4C",1,826,2009,42,"Comoros","COI","COM",72,"Germany","GFR","DEU",5,"0","0","-","0","0","0"
1,"q5rX4C",1,827,2010,42,"Comoros","COI","COM",72,"Germany","GFR","DEU",11,"0","0","-","0","0","0"
1,"q5rX4C",1,828,2011,42,"Comoros","COI","COM",72,"Germany","GFR","DEU",11,"0","0","-","0","0","0"
1,"q5rX4C",1,829,2012,42,"Comoros","COI","COM",72,"Germany","GFR","DEU",11,"0","0","-","0","0","0"
1,"q5rX4C",1,830,2014,42,"Comoros","COI","COM",72,"Germany","GFR","DEU","0",5,"0","-","0","0","0"
1,"q5rX4C",1,831,2015,42,"Comoros","COI","COM",72,"Germany","GFR","DEU","0",11,"0","-","0","0","0"
1,"q5rX4C",1,832,2016,42,"Comoros","COI","COM",72,"Germany","GFR","DEU","0",18,"0","-","0","0","0"
1,"q5rX4C",1,833,2017,42,"Comoros","COI","COM",72,"Germany","GFR","DEU","0",18,"0","-","0","0","0"
1,"q5rX4C",1,834,2018,42,"Comoros","COI","COM",72,"Germany","GFR","DEU","0",16,"0","-","0","0","0"
1,"q5rX4C",1,835,2019,42,"Comoros","COI","COM",72,"Germany","GFR","DEU","0",13,"0","-","0","0","0"
1,"q5rX4C",1,836,2020,42,"Comoros","COI","COM",72,"Germany","GFR","DEU","0",13,"0","-","0","0","0"
1,"q5rX4C",1,837,2021,42,"Comoros","COI","COM",72,"Germany","GFR","DEU","0",13,"0","-","0","0","0"
1,"q5rX4C",1,838,2022,42,"Comoros","COI","COM",72,"Germany","GFR","DEU","0",5,"0","-","0","0","0"
1,"q5rX4C",1,839,2023,42,"Comoros","COI","COM",72,"Germany","GFR","DEU",13,10,"0","-","0","0","0"
1,"q5rX4C",1,840,2024,42,"Comoros","COI","COM",72,"Germany","GFR","DEU",9,"0","0","-","0","0","0"
1,"q5rX4C",1,841,2025,42,"Comoros","COI","COM",72,"Germany","GFR","DEU",10,5,"0","-","0","0","0"
1,"q5rX4C",1,842,2000,44,"Colombia","COL","COL",72,"Germany","GFR","DEU","0",81,"0","-","0","0","0"
1,"q5rX4C",1,843,2001,44,"Colombia","COL","COL",72,"Germany","GFR","DEU","0",86,"0","-","0","0","0"
1,"q5rX4C",1,844,2002,44,"Colombia","COL","COL",72,"Germany","GFR","DEU",236,73,"0","-","0","0","0"
1,"q5rX4C",1,845,2003,44,"Colombia","COL","COL",72,"Germany","GFR","DEU",214,8,"0","-","0","0","0"
1,"q5rX4C",1,846,2004,44,"Colombia","COL","COL",72,"Germany","GFR","DEU",199,10,"0","-","0","0","0"
1,"q5rX4C",1,847,2005,44,"Colombia","COL","COL",72,"Germany","GFR","DEU",227,117,"0","-","0","0","0"
1,"q5rX4C",1,848,2006,44,"Colombia","COL","COL",72,"Germany","GFR","DEU",431,463,"0","-","0","0","0"
1,"q5rX4C",1,849,2007,44,"Colombia","COL","COL",72,"Germany","GFR","DEU",374,73,"0","-","0","0","0"
1,"q5rX4C",1,850,2008,44,"Colombia","COL","COL",72,"Germany","GFR","DEU",334,36,"0","-","0","0","0"
1,"q5rX4C",1,851,2009,44,"Colombia","COL","COL",72,"Germany","GFR","DEU",229,31,"0","-","0","0","0"
1,"q5rX4C",1,852,2010,44,"Colombia","COL","COL",72,"Germany","GFR","DEU",253,18,"0","-","0","0","0"
1,"q5rX4C",1,853,2011,44,"Colombia","COL","COL",72,"Germany","GFR","DEU",242,51,"0","-","0","0","0"
1,"q5rX4C",1,854,2012,44,"Colombia","COL","COL",72,"Germany","GFR","DEU",241,59,"0","-","0","0","0"
1,"q5rX4C",1,855,2013,44,"Colombia","COL","COL",72,"Germany","GFR","DEU",70,54,"0","-","0","0","0"
1,"q5rX4C",1,856,2014,44,"Colombia","COL","COL",72,"Germany","GFR","DEU",63,52,"0","-","0","0","0"
1,"q5rX4C",1,857,2015,44,"Colombia","COL","COL",72,"Germany","GFR","DEU",61,43,"0","-","0","0","0"
1,"q5rX4C",1,858,2016,44,"Colombia","COL","COL",72,"Germany","GFR","DEU",65,84,"0","-","0","0","0"
1,"q5rX4C",1,859,2017,44,"Colombia","COL","COL",72,"Germany","GFR","DEU",67,103,"0","-","0","0","0"
1,"q5rX4C",1,860,2018,44,"Colombia","COL","COL",72,"Germany","GFR","DEU",66,196,"0","-","0","0","0"
1,"q5rX4C",1,861,2019,44,"Colombia","COL","COL",72,"Germany","GFR","DEU",69,579,"0","-","0","0","0"
1,"q5rX4C",1,862,2020,44,"Colombia","COL","COL",72,"Germany","GFR","DEU",69,845,"0","-","0","0","0"
1,"q5rX4C",1,863,2021,44,"Colombia","COL","COL",72,"Germany","GFR","DEU",79,880,"0","-","0","0","0"
1,"q5rX4C",1,864,2022,44,"Colombia","COL","COL",72,"Germany","GFR","DEU",132,1766,"0","-","0","0","0"
1,"q5rX4C",1,865,2023,44,"Colombia","COL","COL",72,"Germany","GFR","DEU",199,4322,"0","-","0","0","0"
1,"q5rX4C",1,866,2024,44,"Colombia","COL","COL",72,"Germany","GFR","DEU",198,6237,"0","-","0","0","0"
1,"q5rX4C",1,867,2025,44,"Colombia","COL","COL",72,"Germany","GFR","DEU",221,5922,"0","-","0","0","0"
1,"q5rX4C",1,868,2002,45,"Costa Rica","COS","CRI",72,"Germany","GFR","DEU",7,"0","0","-","0","0","0"
1,"q5rX4C",1,869,2003,45,"Costa Rica","COS","CRI",72,"Germany","GFR","DEU",5,"0","0","-","0","0","0"
1,"q5rX4C",1,870,2004,45,"Costa Rica","COS","CRI",72,"Germany","GFR","DEU",8,"0","0","-","0","0","0"
1,"q5rX4C",1,871,2006,45,"Costa Rica","COS","CRI",72,"Germany","GFR","DEU",31,"0","0","-","0","0","0"
1,"q5rX4C",1,872,2007,45,"Costa Rica","COS","CRI",72,"Germany","GFR","DEU",26,"0","0","-","0","0","0"
1,"q5rX4C",1,873,2008,45,"Costa Rica","COS","CRI",72,"Germany","GFR","DEU",23,"0","0","-","0","0","0"
1,"q5rX4C",1,874,2009,45,"Costa Rica","COS","CRI",72,"Germany","GFR","DEU",8,"0","0","-","0","0","0"
1,"q5rX4C",1,875,2010,45,"Costa Rica","COS","CRI",72,"Germany","GFR","DEU",9,"0","0","-","0","0","0"
1,"q5rX4C",1,876,2011,45,"Costa Rica","COS","CRI",72,"Germany","GFR","DEU",13,"0","0","-","0","0","0"
1,"q5rX4C",1,877,2012,45,"Costa Rica","COS","CRI",72,"Germany","GFR","DEU",12,"0","0","-","0","0","0"
1,"q5rX4C",1,878,2013,45,"Costa Rica","COS","CRI",72,"Germany","GFR","DEU",5,"0","0","-","0","0","0"
1,"q5rX4C",1,879,2020,45,"Costa Rica","COS","CRI",72,"Germany","GFR","DEU","0",5,"0","-","0","0","0"
1,"q5rX4C",1,880,2022,45,"Costa Rica","COS","CRI",72,"Germany","GFR","DEU","0",5,"0","-","0","0","0"
1,"q5rX4C",1,881,2023,45,"Costa Rica","COS","CRI",72,"Germany","GFR","DEU","0",10,"0","-","0","0","0"
1,"q5rX4C",1,882,2025,45,"Costa Rica","COS","CRI",72,"Germany","GFR","DEU","0",10,"0","-","0","0","0"
1,"q5rX4C",1,883,2000,46,"Cuba","CUB","CUB",72,"Germany","GFR","DEU","0",32,"0","-","0","0","0"
1,"q5rX4C",1,884,2001,46,"Cuba","CUB","CUB",72,"Germany","GFR","DEU","0",39,"0","-","0","0","0"
1,"q5rX4C",1,885,2002,46,"Cuba","CUB","CUB",72,"Germany","GFR","DEU",469,9,"0","-","0","0","0"
1,"q5rX4C",1,886,2003,46,"Cuba","CUB","CUB",72,"Germany","GFR","DEU",449,10,"0","-","0","0","0"
1,"q5rX4C",1,887,2004,46,"Cuba","CUB","CUB",72,"Germany","GFR","DEU",393,7,"0","-","0","0","0"
1,"q5rX4C",1,888,2005,46,"Cuba","CUB","CUB",72,"Germany","GFR","DEU",513,66,"0","-","0","0","0"
1,"q5rX4C",1,889,2006,46,"Cuba","CUB","CUB",72,"Germany","GFR","DEU",619,80,"0","-","0","0","0"
1,"q5rX4C",1,890,2007,46,"Cuba","CUB","CUB",72,"Germany","GFR","DEU",514,40,"0","-","0","0","0"
1,"q5rX4C",1,891,2008,46,"Cuba","CUB","CUB",72,"Germany","GFR","DEU",463,30,"0","-","0","0","0"
1,"q5rX4C",1,892,2009,46,"Cuba","CUB","CUB",72,"Germany","GFR","DEU",381,23,"0","-","0","0","0"
1,"q5rX4C",1,893,2010,46,"Cuba","CUB","CUB",72,"Germany","GFR","DEU",383,22,"0","-","0","0","0"
1,"q5rX4C",1,894,2011,46,"Cuba","CUB","CUB",72,"Germany","GFR","DEU",369,24,"0","-","0","0","0"
1,"q5rX4C",1,895,2012,46,"Cuba","CUB","CUB",72,"Germany","GFR","DEU",364,36,"0","-","0","0","0"
1,"q5rX4C",1,896,2013,46,"Cuba","CUB","CUB",72,"Germany","GFR","DEU",126,76,"0","-","0","0","0"
1,"q5rX4C",1,897,2014,46,"Cuba","CUB","CUB",72,"Germany","GFR","DEU",113,102,"0","-","0","0","0"
1,"q5rX4C",1,898,2015,46,"Cuba","CUB","CUB",72,"Germany","GFR","DEU",102,160,"0","-","0","0","0"
1,"q5rX4C",1,899,2016,46,"Cuba","CUB","CUB",72,"Germany","GFR","DEU",95,186,"0","-","0","0","0"
1,"q5rX4C",1,900,2017,46,"Cuba","CUB","CUB",72,"Germany","GFR","DEU",97,113,"0","-","0","0","0"
1,"q5rX4C",1,901,2018,46,"Cuba","CUB","CUB",72,"Germany","GFR","DEU",93,68,"0","-","0","0","0"
1,"q5rX4C",1,902,2019,46,"Cuba","CUB","CUB",72,"Germany","GFR","DEU",86,66,"0","-","0","0","0"
1,"q5rX4C",1,903,2020,46,"Cuba","CUB","CUB",72,"Germany","GFR","DEU",78,49,"0","-","0","0","0"
1,"q5rX4C",1,904,2021,46,"Cuba","CUB","CUB",72,"Germany","GFR","DEU",84,46,"0","-","0","0","0"
1,"q5rX4C",1,905,2022,46,"Cuba","CUB","CUB",72,"Germany","GFR","DEU",100,158,"0","-","0","0","0"
1,"q5rX4C",1,906,2023,46,"Cuba","CUB","CUB",72,"Germany","GFR","DEU",132,434,"0","-","0","0","0"
1,"q5rX4C",1,907,2024,46,"Cuba","CUB","CUB",72,"Germany","GFR","DEU",150,353,"0","-","0","0","0"
1,"q5rX4C",1,908,2025,46,"Cuba","CUB","CUB",72,"Germany","GFR","DEU",146,307,"0","-","0","0","0"
1,"q5rX4C",1,909,2002,47,"Cabo Verde","CVI","CPV",72,"Germany","GFR","DEU",5,"0","0","-","0","0","0"
1,"q5rX4C",1,910,2003,47,"Cabo Verde","CVI","CPV",72,"Germany","GFR","DEU",7,"0","0","-","0","0","0"
1,"q5rX4C",1,911,2004,47,"Cabo Verde","CVI","CPV",72,"Germany","GFR","DEU",5,"0","0","-","0","0","0"
1,"q5rX4C",1,912,2006,47,"Cabo Verde","CVI","CPV",72,"Germany","GFR","DEU",17,"0","0","-","0","0","0"
1,"q5rX4C",1,913,2007,47,"Cabo Verde","CVI","CPV",72,"Germany","GFR","DEU",11,"0","0","-","0","0","0"
1,"q5rX4C",1,914,2008,47,"Cabo Verde","CVI","CPV",72,"Germany","GFR","DEU",10,"0","0","-","0","0","0"
1,"q5rX4C",1,915,2009,47,"Cabo Verde","CVI","CPV",72,"Germany","GFR","DEU",5,"0","0","-","0","0","0"
1,"q5rX4C",1,916,2010,47,"Cabo Verde","CVI","CPV",72,"Germany","GFR","DEU",5,"0","0","-","0","0","0"
1,"q5rX4C",1,917,2011,47,"Cabo Verde","CVI","CPV",72,"Germany","GFR","DEU",5,"0","0","-","0","0","0"
1,"q5rX4C",1,918,2012,47,"Cabo Verde","CVI","CPV",72,"Germany","GFR","DEU",5,"0","0","-","0","0","0"
1,"q5rX4C",1,919,2014,47,"Cabo Verde","CVI","CPV",72,"Germany","GFR","DEU",5,"0","0","-","0","0","0"
1,"q5rX4C",1,920,2015,47,"Cabo Verde","CVI","CPV",72,"Germany","GFR","DEU",5,"0","0","-","0","0","0"
1,"q5rX4C",1,921,2016,47,"Cabo Verde","CVI","CPV",72,"Germany","GFR","DEU",5,"0","0","-","0","0","0"
1,"q5rX4C",1,922,2019,47,"Cabo Verde","CVI","CPV",72,"Germany","GFR","DEU","0",5,"0","-","0","0","0"
1,"q5rX4C",1,923,2020,47,"Cabo Verde","CVI","CPV",72,"Germany","GFR","DEU","0",5,"0","-","0","0","0"
1,"q5rX4C",1,924,2021,47,"Cabo Verde","CVI","CPV",72,"Germany","GFR","DEU","0",5,"0","-","0","0","0"
1,"q5rX4C",1,925,2023,47,"Cabo Verde","CVI","CPV",72,"Germany","GFR","DEU",5,"0","0","-","0","0","0"
1,"q5rX4C",1,926,2024,47,"Cabo Verde","CVI","CPV",72,"Germany","GFR","DEU",5,"0","0","-","0","0","0"
1,"q5rX4C",1,927,2025,47,"Cabo Verde","CVI","CPV",72,"Germany","GFR","DEU",5,"0","0","-","0","0","0"
1,"q5rX4C",1,928,2003,48,"Cyprus","CYP","CYP",72,"Germany","GFR","DEU",5,"0","0","-","0","0","0"
1,"q5rX4C",1,929,2000,49,"Czechia","CZE","CZE",72,"Germany","GFR","DEU","0",22,"0","-","0","0","0"
1,"q5rX4C",1,930,2001,49,"Czechia","CZE","CZE",72,"Germany","GFR","DEU","0",14,"0","-","0","0","0"
1,"q5rX4C",1,931,2002,49,"Czechia","CZE","CZE",72,"Germany","GFR","DEU",5935,7,"0","-","0","0","0"
1,"q5rX4C",1,932,2003,49,"Czechia","CZE","CZE",72,"Germany","GFR","DEU",5640,"0","0","-","0","0","0"
1,"q5rX4C",1,933,2004,49,"Czechia","CZE","CZE",72,"Germany","GFR","DEU",3743,"0","0","-","0","0","0"
1,"q5rX4C",1,934,2005,49,"Czechia","CZE","CZE",72,"Germany","GFR","DEU",3016,14,"0","-","0","0","0"
1,"q5rX4C",1,935,2006,49,"Czechia","CZE","CZE",72,"Germany","GFR","DEU",1605,44,"0","-","0","0","0"
1,"q5rX4C",1,936,2007,49,"Czechia","CZE","CZE",72,"Germany","GFR","DEU",164,5,"0","-","0","0","0"
1,"q5rX4C",1,937,2008,49,"Czechia","CZE","CZE",72,"Germany","GFR","DEU",159,5,"0","-","0","0","0"
1,"q5rX4C",1,938,2009,49,"Czechia","CZE","CZE",72,"Germany","GFR","DEU",160,5,"0","-","0","0","0"
1,"q5rX4C",1,939,2010,49,"Czechia","CZE","CZE",72,"Germany","GFR","DEU",169,5,"0","-","0","0","0"
1,"q5rX4C",1,940,2011,49,"Czechia","CZE","CZE",72,"Germany","GFR","DEU",167,"0","0","-","0","0","0"
1,"q5rX4C",1,941,2012,49,"Czechia","CZE","CZE",72,"Germany","GFR","DEU",165,"0","0","-","0","0","0"
1,"q5rX4C",1,942,2013,49,"Czechia","CZE","CZE",72,"Germany","GFR","DEU",510,5,"0","-","0","0","0"
1,"q5rX4C",1,943,2014,49,"Czechia","CZE","CZE",72,"Germany","GFR","DEU",859,15,"0","-","0","0","0"
1,"q5rX4C",1,944,2015,49,"Czechia","CZE","CZE",72,"Germany","GFR","DEU",837,5,"0","-","0","0","0"
1,"q5rX4C",1,945,2016,49,"Czechia","CZE","CZE",72,"Germany","GFR","DEU",811,11,"0","-","0","0","0"
1,"q5rX4C",1,946,2017,49,"Czechia","CZE","CZE",72,"Germany","GFR","DEU",777,"0","0","-","0","0","0"
1,"q5rX4C",1,947,2018,49,"Czechia","CZE","CZE",72,"Germany","GFR","DEU",752,"0","0","-","0","0","0"
1,"q5rX4C",1,948,2019,49,"Czechia","CZE","CZE",72,"Germany","GFR","DEU",726,"0","0","-","0","0","0"
1,"q5rX4C",1,949,2020,49,"Czechia","CZE","CZE",72,"Germany","GFR","DEU",706,"0","0","-","0","0","0"
1,"q5rX4C",1,950,2021,49,"Czechia","CZE","CZE",72,"Germany","GFR","DEU",404,5,"0","-","0","0","0"
1,"q5rX4C",1,951,2022,49,"Czechia","CZE","CZE",72,"Germany","GFR","DEU",392,5,"0","-","0","0","0"
1,"q5rX4C",1,952,2023,49,"Czechia","CZE","CZE",72,"Germany","GFR","DEU",376,"0","0","-","0","0","0"
1,"q5rX4C",1,953,2024,49,"Czechia","CZE","CZE",72,"Germany","GFR","DEU",576,"0","0","-","0","0","0"
1,"q5rX4C",1,954,2025,49,"Czechia","CZE","CZE",72,"Germany","GFR","DEU",365,"0","0","-","0","0","0"
1,"q5rX4C",1,955,2002,50,"Denmark","DEN","DNK",72,"Germany","GFR","DEU",6,"0","0","-","0","0","0"
1,"q5rX4C",1,956,2003,50,"Denmark","DEN","DNK",72,"Germany","GFR","DEU",5,"0","0","-","0","0","0"
1,"q5rX4C",1,957,2004,50,"Denmark","DEN","DNK",72,"Germany","GFR","DEU",5,"0","0","-","0","0","0"
1,"q5rX4C",1,958,2005,50,"Denmark","DEN","DNK",72,"Germany","GFR","DEU",10,"0","0","-","0","0","0"
1,"q5rX4C",1,959,2006,50,"Denmark","DEN","DNK",72,"Germany","GFR","DEU",5,"0","0","-","0","0","0"
1,"q5rX4C",1,960,2007,50,"Denmark","DEN","DNK",72,"Germany","GFR","DEU",5,"0","0","-","0","0","0"
1,"q5rX4C",1,961,2002,51,"Djibouti","DJB","DJI",72,"Germany","GFR","DEU",7,5,"0","-","0","0","0"
1,"q5rX4C",1,962,2003,51,"Djibouti","DJB","DJI",72,"Germany","GFR","DEU",9,"0","0","-","0","0","0"
1,"q5rX4C",1,963,2004,51,"Djibouti","DJB","DJI",72,"Germany","GFR","DEU",6,"0","0","-","0","0","0"
1,"q5rX4C",1,964,2006,51,"Djibouti","DJB","DJI",72,"Germany","GFR","DEU",5,"0","0","-","0","0","0"
1,"q5rX4C",1,965,2007,51,"Djibouti","DJB","DJI",72,"Germany","GFR","DEU",5,"0","0","-","0","0","0"
1,"q5rX4C",1,966,2008,51,"Djibouti","DJB","DJI",72,"Germany","GFR","DEU",6,"0","0","-","0","0","0"
1,"q5rX4C",1,967,2009,51,"Djibouti","DJB","DJI",72,"Germany","GFR","DEU",6,"0","0","-","0","0","0"
1,"q5rX4C",1,968,2010,51,"Djibouti","DJB","DJI",72,"Germany","GFR","DEU",5,"0","0","-","0","0","0"
1,"q5rX4C",1,969,2011,51,"Djibouti","DJB","DJI",72,"Germany","GFR","DEU",5,"0","0","-","0","0","0"
1,"q5rX4C",1,970,2012,51,"Djibouti","DJB","DJI",72,"Germany","GFR","DEU",5,"0","0","-","0","0","0"
1,"q5rX4C",1,971,2013,51,"Djibouti","DJB","DJI",72,"Germany","GFR","DEU","0",7,"0","-","0","0","0"
1,"q5rX4C",1,972,2014,51,"Djibouti","DJB","DJI",72,"Germany","GFR","DEU","0",13,"0","-","0","0","0"
1,"q5rX4C",1,973,2015,51,"Djibouti","DJB","DJI",72,"Germany","GFR","DEU","0",29,"0","-","0","0","0"
1,"q5rX4C",1,974,2016,51,"Djibouti","DJB","DJI",72,"Germany","GFR","DEU",5,38,"0","-","0","0","0"
1,"q5rX4C",1,975,2017,51,"Djibouti","DJB","DJI",72,"Germany","GFR","DEU",24,18,"0","-","0","0","0"
1,"q5rX4C",1,976,2018,51,"Djibouti","DJB","DJI",72,"Germany","GFR","DEU",33,20,"0","-","0","0","0"
1,"q5rX4C",1,977,2019,51,"Djibouti","DJB","DJI",72,"Germany","GFR","DEU",33,13,"0","-","0","0","0"
1,"q5rX4C",1,978,2020,51,"Djibouti","DJB","DJI",72,"Germany","GFR","DEU",33,8,"0","-","0","0","0"
1,"q5rX4C",1,979,2021,51,"Djibouti","DJB","DJI",72,"Germany","GFR","DEU",38,14,"0","-","0","0","0"
1,"q5rX4C",1,980,2022,51,"Djibouti","DJB","DJI",72,"Germany","GFR","DEU",29,36,"0","-","0","0","0"
1,"q5rX4C",1,981,2023,51,"Djibouti","DJB","DJI",72,"Germany","GFR","DEU",54,52,"0","-","0","0","0"
1,"q5rX4C",1,982,2024,51,"Djibouti","DJB","DJI",72,"Germany","GFR","DEU",54,100,"0","-","0","0","0"
1,"q5rX4C",1,983,2025,51,"Djibouti","DJB","DJI",72,"Germany","GFR","DEU",54,92,"0","-","0","0","0"
1,"q5rX4C",1,984,2006,52,"Dominica","DMA","DMA",72,"Germany","GFR","DEU",9,"0","0","-","0","0","0"
1,"q5rX4C",1,985,2007,52,"Dominica","DMA","DMA",72,"Germany","GFR","DEU",8,"0","0","-","0","0","0"
1,"q5rX4C",1,986,2008,52,"Dominica","DMA","DMA",72,"Germany","GFR","DEU",5,"0","0","-","0","0","0"
1,"q5rX4C",1,987,2020,52,"Dominica","DMA","DMA",72,"Germany","GFR","DEU",5,"0","0","-","0","0","0"
1,"q5rX4C",1,988,2021,52,"Dominica","DMA","DMA",72,"Germany","GFR","DEU",5,"0","0","-","0","0","0"
1,"q5rX4C",1,989,2022,52,"Dominica","DMA","DMA",72,"Germany","GFR","DEU",5,"0","0","-","0","0","0"
1,"q5rX4C",1,990,2023,52,"Dominica","DMA","DMA",72,"Germany","GFR","DEU",5,"0","0","-","0","0","0"
1,"q5rX4C",1,991,2024,52,"Dominica","DMA","DMA",72,"Germany","GFR","DEU",5,5,"0","-","0","0","0"
1,"q5rX4C",1,992,2025,52,"Dominica","DMA","DMA",72,"Germany","GFR","DEU",5,"0","0","-","0","0","0"
1,"q5rX4C",1,993,2002,53,"Dominican Rep.","DOM","DOM",72,"Germany","GFR","DEU",46,"0","0","-","0","0","0"
1,"q5rX4C",1,994,2003,53,"Dominican Rep.","DOM","DOM",72,"Germany","GFR","DEU",45,"0","0","-","0","0","0"
1,"q5rX4C",1,995,2004,53,"Dominican Rep.","DOM","DOM",72,"Germany","GFR","DEU",44,"0","0","-","0","0","0"
1,"q5rX4C",1,996,2005,53,"Dominican Rep.","DOM","DOM",72,"Germany","GFR","DEU",7,"0","0","-","0","0","0"
1,"q5rX4C",1,997,2006,53,"Dominican Rep.","DOM","DOM",72,"Germany","GFR","DEU",56,"0","0","-","0","0","0"
1,"q5rX4C",1,998,2007,53,"Dominican Rep.","DOM","DOM",72,"Germany","GFR","DEU",198,"0","0","-","0","0","0"
1,"q5rX4C",1,999,2008,53,"Dominican Rep.","DOM","DOM",72,"Germany","GFR","DEU",148,"0","0","-","0","0","0"
1,"q5rX4C",1,1000,2009,53,"Dominican Rep.","DOM","DOM",72,"Germany","GFR","DEU",46,"0","0","-","0","0","0"
1,"q5rX4C",1,1001,2010,53,"Dominican Rep.","DOM","DOM",72,"Germany","GFR","DEU",49,"0","0","-","0","0","0"
1,"q5rX4C",1,1002,2011,53,"Dominican Rep.","DOM","DOM",72,"Germany","GFR","DEU",45,"0","0","-","0","0","0"
1,"q5rX4C",1,1003,2012,53,"Dominican Rep.","DOM","DOM",72,"Germany","GFR","DEU",42,"0","0","-","0","0","0"
1,"q5rX4C",1,1004,2013,53,"Dominican Rep.","DOM","DOM",72,"Germany","GFR","DEU",19,5,"0","-","0","0","0"
1,"q5rX4C",1,1005,2014,53,"Dominican Rep.","DOM","DOM",72,"Germany","GFR","DEU",21,5,"0","-","0","0","0"
1,"q5rX4C",1,1006,2015,53,"Dominican Rep.","DOM","DOM",72,"Germany","GFR","DEU",15,5,"0","-","0","0","0"
1,"q5rX4C",1,1007,2016,53,"Dominican Rep.","DOM","DOM",72,"Germany","GFR","DEU",7,8,"0","-","0","0","0"
1,"q5rX4C",1,1008,2017,53,"Dominican Rep.","DOM","DOM",72,"Germany","GFR","DEU",9,5,"0","-","0","0","0"
1,"q5rX4C",1,1009,2018,53,"Dominican Rep.","DOM","DOM",72,"Germany","GFR","DEU",8,6,"0","-","0","0","0"
1,"q5rX4C",1,1010,2019,53,"Dominican Rep.","DOM","DOM",72,"Germany","GFR","DEU",9,10,"0","-","0","0","0"
1,"q5rX4C",1,1011,2020,53,"Dominican Rep.","DOM","DOM",72,"Germany","GFR","DEU",10,8,"0","-","0","0","0"
1,"q5rX4C",1,1012,2021,53,"Dominican Rep.","DOM","DOM",72,"Germany","GFR","DEU",8,5,"0","-","0","0","0"
1,"q5rX4C",1,1013,2022,53,"Dominican Rep.","DOM","DOM",72,"Germany","GFR","DEU",11,5,"0","-","0","0","0"
1,"q5rX4C",1,1014,2023,53,"Dominican Rep.","DOM","DOM",72,"Germany","GFR","DEU",6,10,"0","-","0","0","0"
1,"q5rX4C",1,1015,2024,53,"Dominican Rep.","DOM","DOM",72,"Germany","GFR","DEU",6,11,"0","-","0","0","0"
1,"q5rX4C",1,1016,2025,53,"Dominican Rep.","DOM","DOM",72,"Germany","GFR","DEU",5,5,"0","-","0","0","0"
1,"q5rX4C",1,1017,2000,54,"Ecuador","ECU","ECU",72,"Germany","GFR","DEU","0",5,"0","-","0","0","0"
1,"q5rX4C",1,1018,2001,54,"Ecuador","ECU","ECU",72,"Germany","GFR","DEU","0",8,"0","-","0","0","0"
1,"q5rX4C",1,1019,2002,54,"Ecuador","ECU","ECU",72,"Germany","GFR","DEU",86,5,"0","-","0","0","0"
1,"q5rX4C",1,1020,2003,54,"Ecuador","ECU","ECU",72,"Germany","GFR","DEU",100,"0","0","-","0","0","0"
1,"q5rX4C",1,1021,2004,54,"Ecuador","ECU","ECU",72,"Germany","GFR","DEU",98,"0","0","-","0","0","0"
1,"q5rX4C",1,1022,2005,54,"Ecuador","ECU","ECU",72,"Germany","GFR","DEU",91,7,"0","-","0","0","0"
1,"q5rX4C",1,1023,2006,54,"Ecuador","ECU","ECU",72,"Germany","GFR","DEU",73,5,"0","-","0","0","0"
1,"q5rX4C",1,1024,2007,54,"Ecuador","ECU","ECU",72,"Germany","GFR","DEU",160,"0","0","-","0","0","0"
1,"q5rX4C",1,1025,2008,54,"Ecuador","ECU","ECU",72,"Germany","GFR","DEU",154,5,"0","-","0","0","0"
1,"q5rX4C",1,1026,2009,54,"Ecuador","ECU","ECU",72,"Germany","GFR","DEU",127,"0","0","-","0","0","0"
1,"q5rX4C",1,1027,2010,54,"Ecuador","ECU","ECU",72,"Germany","GFR","DEU",124,"0","0","-","0","0","0"
1,"q5rX4C",1,1028,2011,54,"Ecuador","ECU","ECU",72,"Germany","GFR","DEU",130,"0","0","-","0","0","0"
1,"q5rX4C",1,1029,2012,54,"Ecuador","ECU","ECU",72,"Germany","GFR","DEU",133,"0","0","-","0","0","0"
1,"q5rX4C",1,1030,2013,54,"Ecuador","ECU","ECU",72,"Germany","GFR","DEU",22,"0","0","-","0","0","0"
1,"q5rX4C",1,1031,2014,54,"Ecuador","ECU","ECU",72,"Germany","GFR","DEU",22,"0","0","-","0","0","0"
1,"q5rX4C",1,1032,2015,54,"Ecuador","ECU","ECU",72,"Germany","GFR","DEU",18,"0","0","-","0","0","0"
1,"q5rX4C",1,1033,2016,54,"Ecuador","ECU","ECU",72,"Germany","GFR","DEU",13,"0","0","-","0","0","0"
1,"q5rX4C",1,1034,2017,54,"Ecuador","ECU","ECU",72,"Germany","GFR","DEU",12,5,"0","-","0","0","0"
1,"q5rX4C",1,1035,2018,54,"Ecuador","ECU","ECU",72,"Germany","GFR","DEU",13,5,"0","-","0","0","0"
1,"q5rX4C",1,1036,2019,54,"Ecuador","ECU","ECU",72,"Germany","GFR","DEU",13,"0","0","-","0","0","0"
1,"q5rX4C",1,1037,2020,54,"Ecuador","ECU","ECU",72,"Germany","GFR","DEU",11,6,"0","-","0","0","0"
1,"q5rX4C",1,1038,2021,54,"Ecuador","ECU","ECU",72,"Germany","GFR","DEU",12,5,"0","-","0","0","0"
1,"q5rX4C",1,1039,2022,54,"Ecuador","ECU","ECU",72,"Germany","GFR","DEU",24,16,"0","-","0","0","0"
1,"q5rX4C",1,1040,2023,54,"Ecuador","ECU","ECU",72,"Germany","GFR","DEU",21,36,"0","-","0","0","0"
1,"q5rX4C",1,1041,2024,54,"Ecuador","ECU","ECU",72,"Germany","GFR","DEU",30,65,"0","-","0","0","0"
1,"q5rX4C",1,1042,2025,54,"Ecuador","ECU","ECU",72,"Germany","GFR","DEU",30,58,"0","-","0","0","0"
1,"q5rX4C",1,1043,2002,55,"Equatorial Guinea","EGU","GNQ",72,"Germany","GFR","DEU",65,"0","0","-","0","0","0"
1,"q5rX4C",1,1044,2003,55,"Equatorial Guinea","EGU","GNQ",72,"Germany","GFR","DEU",57,"0","0","-","0","0","0"
1,"q5rX4C",1,1045,2004,55,"Equatorial Guinea","EGU","GNQ",72,"Germany","GFR","DEU",43,"0","0","-","0","0","0"
1,"q5rX4C",1,1046,2005,55,"Equatorial Guinea","EGU","GNQ",72,"Germany","GFR","DEU",35,"0","0","-","0","0","0"
1,"q5rX4C",1,1047,2006,55,"Equatorial Guinea","EGU","GNQ",72,"Germany","GFR","DEU",14,"0","0","-","0","0","0"
1,"q5rX4C",1,1048,2007,55,"Equatorial Guinea","EGU","GNQ",72,"Germany","GFR","DEU",14,"0","0","-","0","0","0"
1,"q5rX4C",1,1049,2008,55,"Equatorial Guinea","EGU","GNQ",72,"Germany","GFR","DEU",15,"0","0","-","0","0","0"
1,"q5rX4C",1,1050,2009,55,"Equatorial Guinea","EGU","GNQ",72,"Germany","GFR","DEU",23,5,"0","-","0","0","0"
1,"q5rX4C",1,1051,2010,55,"Equatorial Guinea","EGU","GNQ",72,"Germany","GFR","DEU",23,8,"0","-","0","0","0"
1,"q5rX4C",1,1052,2011,55,"Equatorial Guinea","EGU","GNQ",72,"Germany","GFR","DEU",24,8,"0","-","0","0","0"
1,"q5rX4C",1,1053,2012,55,"Equatorial Guinea","EGU","GNQ",72,"Germany","GFR","DEU",26,10,"0","-","0","0","0"
1,"q5rX4C",1,1054,2013,55,"Equatorial Guinea","EGU","GNQ",72,"Germany","GFR","DEU",15,"0","0","-","0","0","0"
1,"q5rX4C",1,1055,2014,55,"Equatorial Guinea","EGU","GNQ",72,"Germany","GFR","DEU",14,8,"0","-","0","0","0"
1,"q5rX4C",1,1056,2015,55,"Equatorial Guinea","EGU","GNQ",72,"Germany","GFR","DEU",15,11,"0","-","0","0","0"
1,"q5rX4C",1,1057,2016,55,"Equatorial Guinea","EGU","GNQ",72,"Germany","GFR","DEU",16,16,"0","-","0","0","0"
1,"q5rX4C",1,1058,2017,55,"Equatorial Guinea","EGU","GNQ",72,"Germany","GFR","DEU",22,8,"0","-","0","0","0"
1,"q5rX4C",1,1059,2018,55,"Equatorial Guinea","EGU","GNQ",72,"Germany","GFR","DEU",23,8,"0","-","0","0","0"
1,"q5rX4C",1,1060,2019,55,"Equatorial Guinea","EGU","GNQ",72,"Germany","GFR","DEU",24,11,"0","-","0","0","0"
1,"q5rX4C",1,1061,2020,55,"Equatorial Guinea","EGU","GNQ",72,"Germany","GFR","DEU",23,7,"0","-","0","0","0"
1,"q5rX4C",1,1062,2021,55,"Equatorial Guinea","EGU","GNQ",72,"Germany","GFR","DEU",27,5,"0","-","0","0","0"
1,"q5rX4C",1,1063,2022,55,"Equatorial Guinea","EGU","GNQ",72,"Germany","GFR","DEU",21,6,"0","-","0","0","0"
1,"q5rX4C",1,1064,2023,55,"Equatorial Guinea","EGU","GNQ",72,"Germany","GFR","DEU",29,8,"0","-","0","0","0"
1,"q5rX4C",1,1065,2024,55,"Equatorial Guinea","EGU","GNQ",72,"Germany","GFR","DEU",28,21,"0","-","0","0","0"
1,"q5rX4C",1,1066,2025,55,"Equatorial Guinea","EGU","GNQ",72,"Germany","GFR","DEU",25,18,"0","-","0","0","0"
1,"q5rX4C",1,1067,2000,56,"Eritrea","ERT","ERI",72,"Germany","GFR","DEU","0",125,"0","-","0","0","0"
1,"q5rX4C",1,1068,2001,56,"Eritrea","ERT","ERI",72,"Germany","GFR","DEU","0",210,"0","-","0","0","0"
1,"q5rX4C",1,1069,2002,56,"Eritrea","ERT","ERI",72,"Germany","GFR","DEU",2553,291,"0","-","0","0","0"
1,"q5rX4C",1,1070,2003,56,"Eritrea","ERT","ERI",72,"Germany","GFR","DEU",2754,320,"0","-","0","0","0"
1,"q5rX4C",1,1071,2004,56,"Eritrea","ERT","ERI",72,"Germany","GFR","DEU",2974,234,"0","-","0","0","0"
1,"q5rX4C",1,1072,2005,56,"Eritrea","ERT","ERI",72,"Germany","GFR","DEU",2746,1135,"0","-","0","0","0"
1,"q5rX4C",1,1073,2006,56,"Eritrea","ERT","ERI",72,"Germany","GFR","DEU",2276,860,"0","-","0","0","0"
1,"q5rX4C",1,1074,2007,56,"Eritrea","ERT","ERI",72,"Germany","GFR","DEU",2993,436,"0","-","0","0","0"
1,"q5rX4C",1,1075,2008,56,"Eritrea","ERT","ERI",72,"Germany","GFR","DEU",3480,351,"0","-","0","0","0"
1,"q5rX4C",1,1076,2009,56,"Eritrea","ERT","ERI",72,"Germany","GFR","DEU",4293,299,"0","-","0","0","0"
1,"q5rX4C",1,1077,2010,56,"Eritrea","ERT","ERI",72,"Germany","GFR","DEU",4519,536,"0","-","0","0","0"
1,"q5rX4C",1,1078,2011,56,"Eritrea","ERT","ERI",72,"Germany","GFR","DEU",4606,762,"0","-","0","0","0"
1,"q5rX4C",1,1079,2012,56,"Eritrea","ERT","ERI",72,"Germany","GFR","DEU",4836,1018,"0","-","0","0","0"
1,"q5rX4C",1,1080,2013,56,"Eritrea","ERT","ERI",72,"Germany","GFR","DEU",3984,4101,"0","-","0","0","0"
1,"q5rX4C",1,1081,2014,56,"Eritrea","ERT","ERI",72,"Germany","GFR","DEU",4716,15819,"0","-","0","0","0"
1,"q5rX4C",1,1082,2015,56,"Eritrea","ERT","ERI",72,"Germany","GFR","DEU",10980,16716,"0","-","0","0","0"
1,"q5rX4C",1,1083,2016,56,"Eritrea","ERT","ERI",72,"Germany","GFR","DEU",30020,15400,"0","-","0","0","0"
1,"q5rX4C",1,1084,2017,56,"Eritrea","ERT","ERI",72,"Germany","GFR","DEU",49253,6905,"0","-","0","0","0"
1,"q5rX4C",1,1085,2018,56,"Eritrea","ERT","ERI",72,"Germany","GFR","DEU",55334,5914,"0","-","0","0","0"
1,"q5rX4C",1,1086,2019,56,"Eritrea","ERT","ERI",72,"Germany","GFR","DEU",58569,4757,"0","-","0","0","0"
1,"q5rX4C",1,1087,2020,56,"Eritrea","ERT","ERI",72,"Germany","GFR","DEU",61226,3292,"0","-","0","0","0"
1,"q5rX4C",1,1088,2021,56,"Eritrea","ERT","ERI",72,"Germany","GFR","DEU",63128,3038,"0","-","0","0","0"
1,"q5rX4C",1,1089,2022,56,"Eritrea","ERT","ERI",72,"Germany","GFR","DEU",44437,3247,"0","-","0","0","0"
1,"q5rX4C",1,1090,2023,56,"Eritrea","ERT","ERI",72,"Germany","GFR","DEU",67087,3848,"0","-","0","0","0"
1,"q5rX4C",1,1091,2024,56,"Eritrea","ERT","ERI",72,"Germany","GFR","DEU",67843,3508,"0","-","0","0","0"
1,"q5rX4C",1,1092,2025,56,"Eritrea","ERT","ERI",72,"Germany","GFR","DEU",67485,2805,"0","-","0","0","0"
1,"q5rX4C",1,1093,2000,57,"Estonia","EST","EST",72,"Germany","GFR","DEU","0",10,"0","-","0","0","0"
1,"q5rX4C",1,1094,2002,57,"Estonia","EST","EST",72,"Germany","GFR","DEU",648,"0","0","-","0","0","0"
1,"q5rX4C",1,1095,2003,57,"Estonia","EST","EST",72,"Germany","GFR","DEU",637,"0","0","-","0","0","0"
1,"q5rX4C",1,1096,2004,57,"Estonia","EST","EST",72,"Germany","GFR","DEU",533,"0","0","-","0","0","0"
1,"q5rX4C",1,1097,2005,57,"Estonia","EST","EST",72,"Germany","GFR","DEU",437,5,"0","-","0","0","0"
1,"q5rX4C",1,1098,2006,57,"Estonia","EST","EST",72,"Germany","GFR","DEU",171,"0","0","-","0","0","0"
1,"q5rX4C",1,1099,2007,57,"Estonia","EST","EST",72,"Germany","GFR","DEU",81,"0","0","-","0","0","0"
1,"q5rX4C",1,1100,2008,57,"Estonia","EST","EST",72,"Germany","GFR","DEU",77,"0","0","-","0","0","0"
1,"q5rX4C",1,1101,2009,57,"Estonia","EST","EST",72,"Germany","GFR","DEU",79,"0","0","-","0","0","0"
1,"q5rX4C",1,1102,2010,57,"Estonia","EST","EST",72,"Germany","GFR","DEU",84,"0","0","-","0","0","0"
1,"q5rX4C",1,1103,2011,57,"Estonia","EST","EST",72,"Germany","GFR","DEU",77,9,"0","-","0","0","0"
1,"q5rX4C",1,1104,2012,57,"Estonia","EST","EST",72,"Germany","GFR","DEU",78,"0","0","-","0","0","0"
1,"q5rX4C",1,1105,2014,57,"Estonia","EST","EST",72,"Germany","GFR","DEU","0",5,"0","-","0","0","0"
1,"q5rX4C",1,1106,2017,57,"Estonia","EST","EST",72,"Germany","GFR","DEU",5,"0","0","-","0","0","0"
1,"q5rX4C",1,1107,2018,57,"Estonia","EST","EST",72,"Germany","GFR","DEU",5,"0","0","-","0","0","0"
1,"q5rX4C",1,1108,2019,57,"Estonia","EST","EST",72,"Germany","GFR","DEU",5,"0","0","-","0","0","0"
1,"q5rX4C",1,1109,2020,57,"Estonia","EST","EST",72,"Germany","GFR","DEU",5,"0","0","-","0","0","0"
1,"q5rX4C",1,1110,2022,57,"Estonia","EST","EST",72,"Germany","GFR","DEU",5,"0","0","-","0","0","0"
1,"q5rX4C",1,1111,2023,57,"Estonia","EST","EST",72,"Germany","GFR","DEU",5,"0","0","-","0","0","0"
1,"q5rX4C",1,1112,2024,57,"Estonia","EST","EST",72,"Germany","GFR","DEU",5,"0","0","-","0","0","0"
1,"q5rX4C",1,1113,2025,57,"Estonia","EST","EST",72,"Germany","GFR","DEU",5,"0","0","-","0","0","0"
1,"q5rX4C",1,1114,2000,58,"Ethiopia","ETH","ETH",72,"Germany","GFR","DEU","0",187,"0","-","0","0","0"
1,"q5rX4C",1,1115,2001,58,"Ethiopia","ETH","ETH",72,"Germany","GFR","DEU","0",291,"0","-","0","0","0"
1,"q5rX4C",1,1116,2002,58,"Ethiopia","ETH","ETH",72,"Germany","GFR","DEU",8134,379,"0","-","0","0","0"
1,"q5rX4C",1,1117,2003,58,"Ethiopia","ETH","ETH",72,"Germany","GFR","DEU",7966,151,"0","-","0","0","0"
1,"q5rX4C",1,1118,2004,58,"Ethiopia","ETH","ETH",72,"Germany","GFR","DEU",6669,124,"0","-","0","0","0"
1,"q5rX4C",1,1119,2005,58,"Ethiopia","ETH","ETH",72,"Germany","GFR","DEU",5146,726,"0","-","0","0","0"
1,"q5rX4C",1,1120,2006,58,"Ethiopia","ETH","ETH",72,"Germany","GFR","DEU",2738,705,"0","-","0","0","0"
1,"q5rX4C",1,1121,2007,58,"Ethiopia","ETH","ETH",72,"Germany","GFR","DEU",3412,403,"0","-","0","0","0"
1,"q5rX4C",1,1122,2008,58,"Ethiopia","ETH","ETH",72,"Germany","GFR","DEU",3584,401,"0","-","0","0","0"
1,"q5rX4C",1,1123,2009,58,"Ethiopia","ETH","ETH",72,"Germany","GFR","DEU",4631,453,"0","-","0","0","0"
1,"q5rX4C",1,1124,2010,58,"Ethiopia","ETH","ETH",72,"Germany","GFR","DEU",4628,466,"0","-","0","0","0"
1,"q5rX4C",1,1125,2011,58,"Ethiopia","ETH","ETH",72,"Germany","GFR","DEU",4485,623,"0","-","0","0","0"
1,"q5rX4C",1,1126,2012,58,"Ethiopia","ETH","ETH",72,"Germany","GFR","DEU",4538,851,"0","-","0","0","0"
1,"q5rX4C",1,1127,2013,58,"Ethiopia","ETH","ETH",72,"Germany","GFR","DEU",2639,1290,"0","-","0","0","0"
1,"q5rX4C",1,1128,2014,58,"Ethiopia","ETH","ETH",72,"Germany","GFR","DEU",2695,2115,"0","-","0","0","0"
1,"q5rX4C",1,1129,2015,58,"Ethiopia","ETH","ETH",72,"Germany","GFR","DEU",2657,3740,"0","-","0","0","0"
1,"q5rX4C",1,1130,2016,58,"Ethiopia","ETH","ETH",72,"Germany","GFR","DEU",2823,7247,"0","-","0","0","0"
1,"q5rX4C",1,1131,2017,58,"Ethiopia","ETH","ETH",72,"Germany","GFR","DEU",4230,7192,"0","-","0","0","0"
1,"q5rX4C",1,1132,2018,58,"Ethiopia","ETH","ETH",72,"Germany","GFR","DEU",4780,6730,"0","-","0","0","0"
1,"q5rX4C",1,1133,2019,58,"Ethiopia","ETH","ETH",72,"Germany","GFR","DEU",4982,5447,"0","-","0","0","0"
1,"q5rX4C",1,1134,2020,58,"Ethiopia","ETH","ETH",72,"Germany","GFR","DEU",5385,3865,"0","-","0","0","0"
1,"q5rX4C",1,1135,2021,58,"Ethiopia","ETH","ETH",72,"Germany","GFR","DEU",6508,3388,"0","-","0","0","0"
1,"q5rX4C",1,1136,2022,58,"Ethiopia","ETH","ETH",72,"Germany","GFR","DEU",5378,2557,"0","-","0","0","0"
1,"q5rX4C",1,1137,2023,58,"Ethiopia","ETH","ETH",72,"Germany","GFR","DEU",7433,2246,"0","-","0","0","0"
1,"q5rX4C",1,1138,2024,58,"Ethiopia","ETH","ETH",72,"Germany","GFR","DEU",7555,2458,"0","-","0","0","0"
1,"q5rX4C",1,1139,2025,58,"Ethiopia","ETH","ETH",72,"Germany","GFR","DEU",7612,2160,"0","-","0","0","0"
1,"q5rX4C",1,1140,2001,60,"Fiji","FIJ","FJI",72,"Germany","GFR","DEU","0",7,"0","-","0","0","0"
1,"q5rX4C",1,1141,2003,60,"Fiji","FIJ","FJI",72,"Germany","GFR","DEU",5,"0","0","-","0","0","0"
1,"q5rX4C",1,1142,2002,61,"Finland","FIN","FIN",72,"Germany","GFR","DEU",8,"0","0","-","0","0","0"
1,"q5rX4C",1,1143,2003,61,"Finland","FIN","FIN",72,"Germany","GFR","DEU",6,"0","0","-","0","0","0"
1,"q5rX4C",1,1144,2005,61,"Finland","FIN","FIN",72,"Germany","GFR","DEU",5,"0","0","-","0","0","0"
1,"q5rX4C",1,1145,2006,61,"Finland","FIN","FIN",72,"Germany","GFR","DEU",5,"0","0","-","0","0","0"
1,"q5rX4C",1,1146,2002,64,"France","FRA","FRA",72,"Germany","GFR","DEU",59,"0","0","-","0","0","0"
1,"q5rX4C",1,1147,2003,64,"France","FRA","FRA",72,"Germany","GFR","DEU",59,"0","0","-","0","0","0"
1,"q5rX4C",1,1148,2004,64,"France","FRA","FRA",72,"Germany","GFR","DEU",58,"0","0","-","0","0","0"
1,"q5rX4C",1,1149,2005,64,"France","FRA","FRA",72,"Germany","GFR","DEU",241,5,"0","-","0","0","0"
1,"q5rX4C",1,1150,2006,64,"France","FRA","FRA",72,"Germany","GFR","DEU",23,"0","0","-","0","0","0"
1,"q5rX4C",1,1151,2007,64,"France","FRA","FRA",72,"Germany","GFR","DEU",15,"0","0","-","0","0","0"
1,"q5rX4C",1,1152,2008,64,"France","FRA","FRA",72,"Germany","GFR","DEU",12,"0","0","-","0","0","0"
1,"q5rX4C",1,1153,2010,64,"France","FRA","FRA",72,"Germany","GFR","DEU",6,"0","0","-","0","0","0"
1,"q5rX4C",1,1154,2011,64,"France","FRA","FRA",72,"Germany","GFR","DEU",9,"0","0","-","0","0","0"
1,"q5rX4C",1,1155,2012,64,"France","FRA","FRA",72,"Germany","GFR","DEU",7,"0","0","-","0","0","0"
1,"q5rX4C",1,1156,2013,64,"France","FRA","FRA",72,"Germany","GFR","DEU",15,"0","0","-","0","0","0"
1,"q5rX4C",1,1157,2014,64,"France","FRA","FRA",72,"Germany","GFR","DEU",14,"0","0","-","0","0","0"
1,"q5rX4C",1,1158,2015,64,"France","FRA","FRA",72,"Germany","GFR","DEU",14,"0","0","-","0","0","0"
1,"q5rX4C",1,1159,2016,64,"France","FRA","FRA",72,"Germany","GFR","DEU",14,"0","0","-","0","0","0"
1,"q5rX4C",1,1160,2017,64,"France","FRA","FRA",72,"Germany","GFR","DEU",15,"0","0","-","0","0","0"
1,"q5rX4C",1,1161,2018,64,"France","FRA","FRA",72,"Germany","GFR","DEU",15,"0","0","-","0","0","0"
1,"q5rX4C",1,1162,2019,64,"France","FRA","FRA",72,"Germany","GFR","DEU",15,5,"0","-","0","0","0"
1,"q5rX4C",1,1163,2020,64,"France","FRA","FRA",72,"Germany","GFR","DEU",16,5,"0","-","0","0","0"
1,"q5rX4C",1,1164,2021,64,"France","FRA","FRA",72,"Germany","GFR","DEU",13,"0","0","-","0","0","0"
1,"q5rX4C",1,1165,2022,64,"France","FRA","FRA",72,"Germany","GFR","DEU",12,"0","0","-","0","0","0"
1,"q5rX4C",1,1166,2023,64,"France","FRA","FRA",72,"Germany","GFR","DEU",12,"0","0","-","0","0","0"
1,"q5rX4C",1,1167,2024,64,"France","FRA","FRA",72,"Germany","GFR","DEU",12,"0","0","-","0","0","0"
1,"q5rX4C",1,1168,2025,64,"France","FRA","FRA",72,"Germany","GFR","DEU",11,"0","0","-","0","0","0"
1,"q5rX4C",1,1169,2000,67,"Gabon","GAB","GAB",72,"Germany","GFR","DEU","0",5,"0","-","0","0","0"
1,"q5rX4C",1,1170,2001,67,"Gabon","GAB","GAB",72,"Germany","GFR","DEU","0",5,"0","-","0","0","0"
1,"q5rX4C",1,1171,2002,67,"Gabon","GAB","GAB",72,"Germany","GFR","DEU",23,5,"0","-","0","0","0"
1,"q5rX4C",1,1172,2003,67,"Gabon","GAB","GAB",72,"Germany","GFR","DEU",22,"0","0","-","0","0","0"
1,"q5rX4C",1,1173,2004,67,"Gabon","GAB","GAB",72,"Germany","GFR","DEU",19,5,"0","-","0","0","0"
1,"q5rX4C",1,1174,2005,67,"Gabon","GAB","GAB",72,"Germany","GFR","DEU",16,10,"0","-","0","0","0"
1,"q5rX4C",1,1175,2006,67,"Gabon","GAB","GAB",72,"Germany","GFR","DEU",10,"0","0","-","0","0","0"
1,"q5rX4C",1,1176,2007,67,"Gabon","GAB","GAB",72,"Germany","GFR","DEU",9,5,"0","-","0","0","0"
1,"q5rX4C",1,1177,2008,67,"Gabon","GAB","GAB",72,"Germany","GFR","DEU",10,5,"0","-","0","0","0"
1,"q5rX4C",1,1178,2009,67,"Gabon","GAB","GAB",72,"Germany","GFR","DEU",10,"0","0","-","0","0","0"
1,"q5rX4C",1,1179,2010,67,"Gabon","GAB","GAB",72,"Germany","GFR","DEU",11,5,"0","-","0","0","0"
1,"q5rX4C",1,1180,2011,67,"Gabon","GAB","GAB",72,"Germany","GFR","DEU",13,"0","0","-","0","0","0"
1,"q5rX4C",1,1181,2012,67,"Gabon","GAB","GAB",72,"Germany","GFR","DEU",11,5,"0","-","0","0","0"
1,"q5rX4C",1,1182,2013,67,"Gabon","GAB","GAB",72,"Germany","GFR","DEU","0",7,"0","-","0","0","0"
1,"q5rX4C",1,1183,2014,67,"Gabon","GAB","GAB",72,"Germany","GFR","DEU",5,10,"0","-","0","0","0"
1,"q5rX4C",1,1184,2015,67,"Gabon","GAB","GAB",72,"Germany","GFR","DEU","0",10,"0","-","0","0","0"
1,"q5rX4C",1,1185,2016,67,"Gabon","GAB","GAB",72,"Germany","GFR","DEU",5,31,"0","-","0","0","0"
1,"q5rX4C",1,1186,2017,67,"Gabon","GAB","GAB",72,"Germany","GFR","DEU",8,33,"0","-","0","0","0"
1,"q5rX4C",1,1187,2018,67,"Gabon","GAB","GAB",72,"Germany","GFR","DEU",10,38,"0","-","0","0","0"
1,"q5rX4C",1,1188,2019,67,"Gabon","GAB","GAB",72,"Germany","GFR","DEU",14,44,"0","-","0","0","0"
1,"q5rX4C",1,1189,2020,67,"Gabon","GAB","GAB",72,"Germany","GFR","DEU",13,47,"0","-","0","0","0"
1,"q5rX4C",1,1190,2021,67,"Gabon","GAB","GAB",72,"Germany","GFR","DEU",15,28,"0","-","0","0","0"
1,"q5rX4C",1,1191,2022,67,"Gabon","GAB","GAB",72,"Germany","GFR","DEU",17,18,"0","-","0","0","0"
1,"q5rX4C",1,1192,2023,67,"Gabon","GAB","GAB",72,"Germany","GFR","DEU",24,23,"0","-","0","0","0"
1,"q5rX4C",1,1193,2024,67,"Gabon","GAB","GAB",72,"Germany","GFR","DEU",27,19,"0","-","0","0","0"
1,"q5rX4C",1,1194,2025,67,"Gabon","GAB","GAB",72,"Germany","GFR","DEU",31,18,"0","-","0","0","0"
1,"q5rX4C",1,1195,2000,68,"Gambia","GAM","GMB",72,"Germany","GFR","DEU","0",6,"0","-","0","0","0"
1,"q5rX4C",1,1196,2001,68,"Gambia","GAM","GMB",72,"Germany","GFR","DEU","0",10,"0","-","0","0","0"
1,"q5rX4C",1,1197,2002,68,"Gambia","GAM","GMB",72,"Germany","GFR","DEU",167,11,"0","-","0","0","0"
1,"q5rX4C",1,1198,2003,68,"Gambia","GAM","GMB",72,"Germany","GFR","DEU",180,22,"0","-","0","0","0"
1,"q5rX4C",1,1199,2004,68,"Gambia","GAM","GMB",72,"Germany","GFR","DEU",120,32,"0","-","0","0","0"
1,"q5rX4C",1,1200,2005,68,"Gambia","GAM","GMB",72,"Germany","GFR","DEU",1041,111,"0","-","0","0","0"
1,"q5rX4C",1,1201,2006,68,"Gambia","GAM","GMB",72,"Germany","GFR","DEU",136,138,"0","-","0","0","0"
1,"q5rX4C",1,1202,2007,68,"Gambia","GAM","GMB",72,"Germany","GFR","DEU",115,117,"0","-","0","0","0"
1,"q5rX4C",1,1203,2008,68,"Gambia","GAM","GMB",72,"Germany","GFR","DEU",114,189,"0","-","0","0","0"
1,"q5rX4C",1,1204,2009,68,"Gambia","GAM","GMB",72,"Germany","GFR","DEU",469,282,"0","-","0","0","0"
1,"q5rX4C",1,1205,2010,68,"Gambia","GAM","GMB",72,"Germany","GFR","DEU",469,327,"0","-","0","0","0"
1,"q5rX4C",1,1206,2011,68,"Gambia","GAM","GMB",72,"Germany","GFR","DEU",473,286,"0","-","0","0","0"
1,"q5rX4C",1,1207,2012,68,"Gambia","GAM","GMB",72,"Germany","GFR","DEU",502,350,"0","-","0","0","0"
1,"q5rX4C",1,1208,2013,68,"Gambia","GAM","GMB",72,"Germany","GFR","DEU",126,869,"0","-","0","0","0"
1,"q5rX4C",1,1209,2014,68,"Gambia","GAM","GMB",72,"Germany","GFR","DEU",144,2416,"0","-","0","0","0"
1,"q5rX4C",1,1210,2015,68,"Gambia","GAM","GMB",72,"Germany","GFR","DEU",172,5024,"0","-","0","0","0"
1,"q5rX4C",1,1211,2016,68,"Gambia","GAM","GMB",72,"Germany","GFR","DEU",227,9773,"0","-","0","0","0"
1,"q5rX4C",1,1212,2017,68,"Gambia","GAM","GMB",72,"Germany","GFR","DEU",558,8839,"0","-","0","0","0"
1,"q5rX4C",1,1213,2018,68,"Gambia","GAM","GMB",72,"Germany","GFR","DEU",899,7391,"0","-","0","0","0"
1,"q5rX4C",1,1214,2019,68,"Gambia","GAM","GMB",72,"Germany","GFR","DEU",1032,4940,"0","-","0","0","0"
1,"q5rX4C",1,1215,2020,68,"Gambia","GAM","GMB",72,"Germany","GFR","DEU",1189,2555,"0","-","0","0","0"
1,"q5rX4C",1,1216,2021,68,"Gambia","GAM","GMB",72,"Germany","GFR","DEU",1369,1300,"0","-","0","0","0"
1,"q5rX4C",1,1217,2022,68,"Gambia","GAM","GMB",72,"Germany","GFR","DEU",1134,988,"0","-","0","0","0"
1,"q5rX4C",1,1218,2023,68,"Gambia","GAM","GMB",72,"Germany","GFR","DEU",1645,954,"0","-","0","0","0"
1,"q5rX4C",1,1219,2024,68,"Gambia","GAM","GMB",72,"Germany","GFR","DEU",1682,1084,"0","-","0","0","0"
1,"q5rX4C",1,1220,2025,68,"Gambia","GAM","GMB",72,"Germany","GFR","DEU",1667,994,"0","-","0","0","0"
1,"q5rX4C",1,1221,2003,69,"Palestinian","GAZ","PSE",72,"Germany","GFR","DEU","0",12,"0","-","0","0","0"
1,"q5rX4C",1,1222,2010,69,"Palestinian","GAZ","PSE",72,"Germany","GFR","DEU",5,"0","0","-","0","0","0"
1,"q5rX4C",1,1223,2013,69,"Palestinian","GAZ","PSE",72,"Germany","GFR","DEU",32,243,"0","-","0","0","0"
1,"q5rX4C",1,1224,2014,69,"Palestinian","GAZ","PSE",72,"Germany","GFR","DEU",250,400,"0","-","0","0","0"
1,"q5rX4C",1,1225,2020,69,"Palestinian","GAZ","PSE",72,"Germany","GFR","DEU",2066,497,"0","-","0","0","0"
1,"q5rX4C",1,1226,2021,69,"Palestinian","GAZ","PSE",72,"Germany","GFR","DEU",2025,905,"0","-","0","0","0"
1,"q5rX4C",1,1227,2022,69,"Palestinian","GAZ","PSE",72,"Germany","GFR","DEU",1586,1410,"0","-","0","0","0"
1,"q5rX4C",1,1228,2023,69,"Palestinian","GAZ","PSE",72,"Germany","GFR","DEU",2142,1849,"0","-","0","0","0"
1,"q5rX4C",1,1229,2024,69,"Palestinian","GAZ","PSE",72,"Germany","GFR","DEU",2327,1903,"0","-","0","0","0"
1,"q5rX4C",1,1230,2025,69,"Palestinian","GAZ","PSE",72,"Germany","GFR","DEU",2436,1554,"0","-","0","0","0"
1,"q5rX4C",1,1231,2002,70,"United Kingdom of Great Britain and Northern Ireland","GBR","GBR",72,"Germany","GFR","DEU",42,"0","0","-","0","0","0"
1,"q5rX4C",1,1232,2003,70,"United Kingdom of Great Britain and Northern Ireland","GBR","GBR",72,"Germany","GFR","DEU",47,"0","0","-","0","0","0"
1,"q5rX4C",1,1233,2004,70,"United Kingdom of Great Britain and Northern Ireland","GBR","GBR",72,"Germany","GFR","DEU",52,"0","0","-","0","0","0"
1,"q5rX4C",1,1234,2005,70,"United Kingdom of Great Britain and Northern Ireland","GBR","GBR",72,"Germany","GFR","DEU",42,"0","0","-","0","0","0"
1,"q5rX4C",1,1235,2006,70,"United Kingdom of Great Britain and Northern Ireland","GBR","GBR",72,"Germany","GFR","DEU",18,"0","0","-","0","0","0"
1,"q5rX4C",1,1236,2007,70,"United Kingdom of Great Britain and Northern Ireland","GBR","GBR",72,"Germany","GFR","DEU",23,"0","0","-","0","0","0"
1,"q5rX4C",1,1237,2008,70,"United Kingdom of Great Britain and Northern Ireland","GBR","GBR",72,"Germany","GFR","DEU",16,"0","0","-","0","0","0"
1,"q5rX4C",1,1238,2009,70,"United Kingdom of Great Britain and Northern Ireland","GBR","GBR",72,"Germany","GFR","DEU",5,"0","0","-","0","0","0"
1,"q5rX4C",1,1239,2010,70,"United Kingdom of Great Britain and Northern Ireland","GBR","GBR",72,"Germany","GFR","DEU",9,"0","0","-","0","0","0"
1,"q5rX4C",1,1240,2011,70,"United Kingdom of Great Britain and Northern Ireland","GBR","GBR",72,"Germany","GFR","DEU",10,"0","0","-","0","0","0"
1,"q5rX4C",1,1241,2012,70,"United Kingdom of Great Britain and Northern Ireland","GBR","GBR",72,"Germany","GFR","DEU",7,"0","0","-","0","0","0"
1,"q5rX4C",1,1242,2013,70,"United Kingdom of Great Britain and Northern Ireland","GBR","GBR",72,"Germany","GFR","DEU",8,"0","0","-","0","0","0"
1,"q5rX4C",1,1243,2014,70,"United Kingdom of Great Britain and Northern Ireland","GBR","GBR",72,"Germany","GFR","DEU",11,"0","0","-","0","0","0"
1,"q5rX4C",1,1244,2015,70,"United Kingdom of Great Britain and Northern Ireland","GBR","GBR",72,"Germany","GFR","DEU",12,"0","0","-","0","0","0"
1,"q5rX4C",1,1245,2016,70,"United Kingdom of Great Britain and Northern Ireland","GBR","GBR",72,"Germany","GFR","DEU",13,7,"0","-","0","0","0"
1,"q5rX4C",1,1246,2017,70,"United Kingdom of Great Britain and Northern Ireland","GBR","GBR",72,"Germany","GFR","DEU",18,5,"0","-","0","0","0"
1,"q5rX4C",1,1247,2018,70,"United Kingdom of Great Britain and Northern Ireland","GBR","GBR",72,"Germany","GFR","DEU",15,"0","0","-","0","0","0"
1,"q5rX4C",1,1248,2019,70,"United Kingdom of Great Britain and Northern Ireland","GBR","GBR",72,"Germany","GFR","DEU",19,"0","0","-","0","0","0"
1,"q5rX4C",1,1249,2020,70,"United Kingdom of Great Britain and Northern Ireland","GBR","GBR",72,"Germany","GFR","DEU",16,5,"0","-","0","0","0"
1,"q5rX4C",1,1250,2021,70,"United Kingdom of Great Britain and Northern Ireland","GBR","GBR",72,"Germany","GFR","DEU",22,10,"0","-","0","0","0"
1,"q5rX4C",1,1251,2022,70,"United Kingdom of Great Britain and Northern Ireland","GBR","GBR",72,"Germany","GFR","DEU",34,5,"0","-","0","0","0"
1,"q5rX4C",1,1252,2023,70,"United Kingdom of Great Britain and Northern Ireland","GBR","GBR",72,"Germany","GFR","DEU",39,5,"0","-","0","0","0"
1,"q5rX4C",1,1253,2024,70,"United Kingdom of Great Britain and Northern Ireland","GBR","GBR",72,"Germany","GFR","DEU",33,5,"0","-","0","0","0"
1,"q5rX4C",1,1254,2025,70,"United Kingdom of Great Britain and Northern Ireland","GBR","GBR",72,"Germany","GFR","DEU",35,11,"0","-","0","0","0"
1,"q5rX4C",1,1255,2000,71,"Georgia","GEO","GEO",72,"Germany","GFR","DEU","0",224,"0","-","0","0","0"
1,"q5rX4C",1,1256,2001,71,"Georgia","GEO","GEO",72,"Germany","GFR","DEU","0",479,"0","-","0","0","0"
1,"q5rX4C",1,1257,2002,71,"Georgia","GEO","GEO",72,"Germany","GFR","DEU",2644,516,"0","-","0","0","0"
1,"q5rX4C",1,1258,2003,71,"Georgia","GEO","GEO",72,"Germany","GFR","DEU",2701,363,"0","-","0","0","0"
1,"q5rX4C",1,1259,2004,71,"Georgia","GEO","GEO",72,"Germany","GFR","DEU",2639,167,"0","-","0","0","0"
1,"q5rX4C",1,1260,2005,71,"Georgia","GEO","GEO",72,"Germany","GFR","DEU",2664,547,"0","-","0","0","0"
1,"q5rX4C",1,1261,2006,71,"Georgia","GEO","GEO",72,"Germany","GFR","DEU",1172,326,"0","-","0","0","0"
1,"q5rX4C",1,1262,2007,71,"Georgia","GEO","GEO",72,"Germany","GFR","DEU",1385,174,"0","-","0","0","0"
1,"q5rX4C",1,1263,2008,71,"Georgia","GEO","GEO",72,"Germany","GFR","DEU",1509,247,"0","-","0","0","0"
1,"q5rX4C",1,1264,2009,71,"Georgia","GEO","GEO",72,"Germany","GFR","DEU",1943,495,"0","-","0","0","0"
1,"q5rX4C",1,1265,2010,71,"Georgia","GEO","GEO",72,"Germany","GFR","DEU",2034,439,"0","-","0","0","0"
1,"q5rX4C",1,1266,2011,71,"Georgia","GEO","GEO",72,"Germany","GFR","DEU",2105,455,"0","-","0","0","0"
1,"q5rX4C",1,1267,2012,71,"Georgia","GEO","GEO",72,"Germany","GFR","DEU",2202,1163,"0","-","0","0","0"
1,"q5rX4C",1,1268,2013,71,"Georgia","GEO","GEO",72,"Germany","GFR","DEU",333,2449,"0","-","0","0","0"
1,"q5rX4C",1,1269,2014,71,"Georgia","GEO","GEO",72,"Germany","GFR","DEU",343,3476,"0","-","0","0","0"
1,"q5rX4C",1,1270,2015,71,"Georgia","GEO","GEO",72,"Germany","GFR","DEU",360,4593,"0","-","0","0","0"
1,"q5rX4C",1,1271,2016,71,"Georgia","GEO","GEO",72,"Germany","GFR","DEU",394,5298,"0","-","0","0","0"
1,"q5rX4C",1,1272,2017,71,"Georgia","GEO","GEO",72,"Germany","GFR","DEU",502,4673,"0","-","0","0","0"
1,"q5rX4C",1,1273,2018,71,"Georgia","GEO","GEO",72,"Germany","GFR","DEU",633,4717,"0","-","0","0","0"
1,"q5rX4C",1,1274,2019,71,"Georgia","GEO","GEO",72,"Germany","GFR","DEU",649,4445,"0","-","0","0","0"
1,"q5rX4C",1,1275,2020,71,"Georgia","GEO","GEO",72,"Germany","GFR","DEU",691,3356,"0","-","0","0","0"
1,"q5rX4C",1,1276,2021,71,"Georgia","GEO","GEO",72,"Germany","GFR","DEU",711,4285,"0","-","0","0","0"
1,"q5rX4C",1,1277,2022,71,"Georgia","GEO","GEO",72,"Germany","GFR","DEU",2459,8447,"0","-","0","0","0"
1,"q5rX4C",1,1278,2023,71,"Georgia","GEO","GEO",72,"Germany","GFR","DEU",2992,9284,"0","-","0","0","0"
1,"q5rX4C",1,1279,2024,71,"Georgia","GEO","GEO",72,"Germany","GFR","DEU",3338,4073,"0","-","0","0","0"
1,"q5rX4C",1,1280,2025,71,"Georgia","GEO","GEO",72,"Germany","GFR","DEU",3310,3170,"0","-","0","0","0"
1,"q5rX4C",1,1281,2000,73,"Ghana","GHA","GHA",72,"Germany","GFR","DEU","0",34,"0","-","0","0","0"
1,"q5rX4C",1,1282,2001,73,"Ghana","GHA","GHA",72,"Germany","GFR","DEU","0",59,"0","-","0","0","0"
1,"q5rX4C",1,1283,2002,73,"Ghana","GHA","GHA",72,"Germany","GFR","DEU",1308,67,"0","-","0","0","0"
1,"q5rX4C",1,1284,2003,73,"Ghana","GHA","GHA",72,"Germany","GFR","DEU",1435,72,"0","-","0","0","0"
1,"q5rX4C",1,1285,2004,73,"Ghana","GHA","GHA",72,"Germany","GFR","DEU",1491,47,"0","-","0","0","0"
1,"q5rX4C",1,1286,2005,73,"Ghana","GHA","GHA",72,"Germany","GFR","DEU",7136,385,"0","-","0","0","0"
1,"q5rX4C",1,1287,2006,73,"Ghana","GHA","GHA",72,"Germany","GFR","DEU",1491,305,"0","-","0","0","0"
1,"q5rX4C",1,1288,2007,73,"Ghana","GHA","GHA",72,"Germany","GFR","DEU",1309,252,"0","-","0","0","0"
1,"q5rX4C",1,1289,2008,73,"Ghana","GHA","GHA",72,"Germany","GFR","DEU",1339,263,"0","-","0","0","0"
1,"q5rX4C",1,1290,2009,73,"Ghana","GHA","GHA",72,"Germany","GFR","DEU",4270,289,"0","-","0","0","0"
1,"q5rX4C",1,1291,2010,73,"Ghana","GHA","GHA",72,"Germany","GFR","DEU",4294,290,"0","-","0","0","0"
1,"q5rX4C",1,1292,2011,73,"Ghana","GHA","GHA",72,"Germany","GFR","DEU",4280,329,"0","-","0","0","0"
1,"q5rX4C",1,1293,2012,73,"Ghana","GHA","GHA",72,"Germany","GFR","DEU",4323,591,"0","-","0","0","0"
1,"q5rX4C",1,1294,2013,73,"Ghana","GHA","GHA",72,"Germany","GFR","DEU",236,1038,"0","-","0","0","0"
1,"q5rX4C",1,1295,2014,73,"Ghana","GHA","GHA",72,"Germany","GFR","DEU",256,1695,"0","-","0","0","0"
1,"q5rX4C",1,1296,2015,73,"Ghana","GHA","GHA",72,"Germany","GFR","DEU",274,2149,"0","-","0","0","0"
1,"q5rX4C",1,1297,2016,73,"Ghana","GHA","GHA",72,"Germany","GFR","DEU",285,3267,"0","-","0","0","0"
1,"q5rX4C",1,1298,2017,73,"Ghana","GHA","GHA",72,"Germany","GFR","DEU",462,2218,"0","-","0","0","0"
1,"q5rX4C",1,1299,2018,73,"Ghana","GHA","GHA",72,"Germany","GFR","DEU",549,1742,"0","-","0","0","0"
1,"q5rX4C",1,1300,2019,73,"Ghana","GHA","GHA",72,"Germany","GFR","DEU",600,1345,"0","-","0","0","0"
1,"q5rX4C",1,1301,2020,73,"Ghana","GHA","GHA",72,"Germany","GFR","DEU",640,1097,"0","-","0","0","0"
1,"q5rX4C",1,1302,2021,73,"Ghana","GHA","GHA",72,"Germany","GFR","DEU",678,782,"0","-","0","0","0"
1,"q5rX4C",1,1303,2022,73,"Ghana","GHA","GHA",72,"Germany","GFR","DEU",908,670,"0","-","0","0","0"
1,"q5rX4C",1,1304,2023,73,"Ghana","GHA","GHA",72,"Germany","GFR","DEU",932,627,"0","-","0","0","0"
1,"q5rX4C",1,1305,2024,73,"Ghana","GHA","GHA",72,"Germany","GFR","DEU",1114,558,"0","-","0","0","0"
1,"q5rX4C",1,1306,2025,73,"Ghana","GHA","GHA",72,"Germany","GFR","DEU",1116,483,"0","-","0","0","0"
1,"q5rX4C",1,1307,2000,75,"Guinea-Bissau","GNB","GNB",72,"Germany","GFR","DEU","0",8,"0","-","0","0","0"
1,"q5rX4C",1,1308,2001,75,"Guinea-Bissau","GNB","GNB",72,"Germany","GFR","DEU","0",29,"0","-","0","0","0"
1,"q5rX4C",1,1309,2002,75,"Guinea-Bissau","GNB","GNB",72,"Germany","GFR","DEU",56,16,"0","-","0","0","0"
1,"q5rX4C",1,1310,2003,75,"Guinea-Bissau","GNB","GNB",72,"Germany","GFR","DEU",59,8,"0","-","0","0","0"
1,"q5rX4C",1,1311,2004,75,"Guinea-Bissau","GNB","GNB",72,"Germany","GFR","DEU",51,7,"0","-","0","0","0"
1,"q5rX4C",1,1312,2005,75,"Guinea-Bissau","GNB","GNB",72,"Germany","GFR","DEU",76,36,"0","-","0","0","0"
1,"q5rX4C",1,1313,2006,75,"Guinea-Bissau","GNB","GNB",72,"Germany","GFR","DEU",17,20,"0","-","0","0","0"
1,"q5rX4C",1,1314,2007,75,"Guinea-Bissau","GNB","GNB",72,"Germany","GFR","DEU",19,12,"0","-","0","0","0"
1,"q5rX4C",1,1315,2008,75,"Guinea-Bissau","GNB","GNB",72,"Germany","GFR","DEU",24,13,"0","-","0","0","0"
1,"q5rX4C",1,1316,2009,75,"Guinea-Bissau","GNB","GNB",72,"Germany","GFR","DEU",38,22,"0","-","0","0","0"
1,"q5rX4C",1,1317,2010,75,"Guinea-Bissau","GNB","GNB",72,"Germany","GFR","DEU",34,26,"0","-","0","0","0"
1,"q5rX4C",1,1318,2011,75,"Guinea-Bissau","GNB","GNB",72,"Germany","GFR","DEU",32,20,"0","-","0","0","0"
1,"q5rX4C",1,1319,2012,75,"Guinea-Bissau","GNB","GNB",72,"Germany","GFR","DEU",39,72,"0","-","0","0","0"
1,"q5rX4C",1,1320,2013,75,"Guinea-Bissau","GNB","GNB",72,"Germany","GFR","DEU",17,227,"0","-","0","0","0"
1,"q5rX4C",1,1321,2014,75,"Guinea-Bissau","GNB","GNB",72,"Germany","GFR","DEU",18,357,"0","-","0","0","0"
1,"q5rX4C",1,1322,2015,75,"Guinea-Bissau","GNB","GNB",72,"Germany","GFR","DEU",24,539,"0","-","0","0","0"
1,"q5rX4C",1,1323,2016,75,"Guinea-Bissau","GNB","GNB",72,"Germany","GFR","DEU",33,452,"0","-","0","0","0"
1,"q5rX4C",1,1324,2017,75,"Guinea-Bissau","GNB","GNB",72,"Germany","GFR","DEU",75,296,"0","-","0","0","0"
1,"q5rX4C",1,1325,2018,75,"Guinea-Bissau","GNB","GNB",72,"Germany","GFR","DEU",92,293,"0","-","0","0","0"
1,"q5rX4C",1,1326,2019,75,"Guinea-Bissau","GNB","GNB",72,"Germany","GFR","DEU",102,193,"0","-","0","0","0"
1,"q5rX4C",1,1327,2020,75,"Guinea-Bissau","GNB","GNB",72,"Germany","GFR","DEU",119,140,"0","-","0","0","0"
1,"q5rX4C",1,1328,2021,75,"Guinea-Bissau","GNB","GNB",72,"Germany","GFR","DEU",125,93,"0","-","0","0","0"
1,"q5rX4C",1,1329,2022,75,"Guinea-Bissau","GNB","GNB",72,"Germany","GFR","DEU",100,74,"0","-","0","0","0"
1,"q5rX4C",1,1330,2023,75,"Guinea-Bissau","GNB","GNB",72,"Germany","GFR","DEU",137,100,"0","-","0","0","0"
1,"q5rX4C",1,1331,2024,75,"Guinea-Bissau","GNB","GNB",72,"Germany","GFR","DEU",146,121,"0","-","0","0","0"
1,"q5rX4C",1,1332,2025,75,"Guinea-Bissau","GNB","GNB",72,"Germany","GFR","DEU",150,104,"0","-","0","0","0"
1,"q5rX4C",1,1333,2002,76,"Greece","GRE","GRC",72,"Germany","GFR","DEU",234,"0","0","-","0","0","0"
1,"q5rX4C",1,1334,2003,76,"Greece","GRE","GRC",72,"Germany","GFR","DEU",214,"0","0","-","0","0","0"
1,"q5rX4C",1,1335,2004,76,"Greece","GRE","GRC",72,"Germany","GFR","DEU",200,"0","0","-","0","0","0"
1,"q5rX4C",1,1336,2005,76,"Greece","GRE","GRC",72,"Germany","GFR","DEU",307,"0","0","-","0","0","0"
1,"q5rX4C",1,1337,2006,76,"Greece","GRE","GRC",72,"Germany","GFR","DEU",52,"0","0","-","0","0","0"
1,"q5rX4C",1,1338,2007,76,"Greece","GRE","GRC",72,"Germany","GFR","DEU",42,"0","0","-","0","0","0"
1,"q5rX4C",1,1339,2008,76,"Greece","GRE","GRC",72,"Germany","GFR","DEU",17,"0","0","-","0","0","0"
1,"q5rX4C",1,1340,2009,76,"Greece","GRE","GRC",72,"Germany","GFR","DEU",6,"0","0","-","0","0","0"
1,"q5rX4C",1,1341,2011,76,"Greece","GRE","GRC",72,"Germany","GFR","DEU",5,5,"0","-","0","0","0"
1,"q5rX4C",1,1342,2012,76,"Greece","GRE","GRC",72,"Germany","GFR","DEU",5,"0","0","-","0","0","0"
1,"q5rX4C",1,1343,2013,76,"Greece","GRE","GRC",72,"Germany","GFR","DEU",46,"0","0","-","0","0","0"
1,"q5rX4C",1,1344,2014,76,"Greece","GRE","GRC",72,"Germany","GFR","DEU",48,5,"0","-","0","0","0"
1,"q5rX4C",1,1345,2015,76,"Greece","GRE","GRC",72,"Germany","GFR","DEU",47,13,"0","-","0","0","0"
1,"q5rX4C",1,1346,2016,76,"Greece","GRE","GRC",72,"Germany","GFR","DEU",45,14,"0","-","0","0","0"
1,"q5rX4C",1,1347,2017,76,"Greece","GRE","GRC",72,"Germany","GFR","DEU",48,"0","0","-","0","0","0"
1,"q5rX4C",1,1348,2018,76,"Greece","GRE","GRC",72,"Germany","GFR","DEU",49,"0","0","-","0","0","0"
1,"q5rX4C",1,1349,2019,76,"Greece","GRE","GRC",72,"Germany","GFR","DEU",51,"0","0","-","0","0","0"
1,"q5rX4C",1,1350,2020,76,"Greece","GRE","GRC",72,"Germany","GFR","DEU",47,"0","0","-","0","0","0"
1,"q5rX4C",1,1351,2021,76,"Greece","GRE","GRC",72,"Germany","GFR","DEU",44,5,"0","-","0","0","0"
1,"q5rX4C",1,1352,2022,76,"Greece","GRE","GRC",72,"Germany","GFR","DEU",50,5,"0","-","0","0","0"
1,"q5rX4C",1,1353,2023,76,"Greece","GRE","GRC",72,"Germany","GFR","DEU",45,5,"0","-","0","0","0"
1,"q5rX4C",1,1354,2024,76,"Greece","GRE","GRC",72,"Germany","GFR","DEU",48,5,"0","-","0","0","0"
1,"q5rX4C",1,1355,2025,76,"Greece","GRE","GRC",72,"Germany","GFR","DEU",47,5,"0","-","0","0","0"
1,"q5rX4C",1,1356,2010,77,"Grenada","GRN","GRD",72,"Germany","GFR","DEU",5,"0","0","-","0","0","0"
1,"q5rX4C",1,1357,2002,78,"Guatemala","GUA","GTM",72,"Germany","GFR","DEU",6,"0","0","-","0","0","0"
1,"q5rX4C",1,1358,2003,78,"Guatemala","GUA","GTM",72,"Germany","GFR","DEU",5,"0","0","-","0","0","0"
1,"q5rX4C",1,1359,2006,78,"Guatemala","GUA","GTM",72,"Germany","GFR","DEU",24,"0","0","-","0","0","0"
1,"q5rX4C",1,1360,2007,78,"Guatemala","GUA","GTM",72,"Germany","GFR","DEU",18,"0","0","-","0","0","0"
1,"q5rX4C",1,1361,2008,78,"Guatemala","GUA","GTM",72,"Germany","GFR","DEU",18,"0","0","-","0","0","0"
1,"q5rX4C",1,1362,2009,78,"Guatemala","GUA","GTM",72,"Germany","GFR","DEU",6,"0","0","-","0","0","0"
1,"q5rX4C",1,1363,2010,78,"Guatemala","GUA","GTM",72,"Germany","GFR","DEU",5,"0","0","-","0","0","0"
1,"q5rX4C",1,1364,2011,78,"Guatemala","GUA","GTM",72,"Germany","GFR","DEU",5,"0","0","-","0","0","0"
1,"q5rX4C",1,1365,2012,78,"Guatemala","GUA","GTM",72,"Germany","GFR","DEU",6,9,"0","-","0","0","0"
1,"q5rX4C",1,1366,2013,78,"Guatemala","GUA","GTM",72,"Germany","GFR","DEU",5,8,"0","-","0","0","0"
1,"q5rX4C",1,1367,2014,78,"Guatemala","GUA","GTM",72,"Germany","GFR","DEU",5,14,"0","-","0","0","0"
1,"q5rX4C",1,1368,2015,78,"Guatemala","GUA","GTM",72,"Germany","GFR","DEU","0",5,"0","-","0","0","0"
1,"q5rX4C",1,1369,2016,78,"Guatemala","GUA","GTM",72,"Germany","GFR","DEU","0",6,"0","-","0","0","0"
1,"q5rX4C",1,1370,2017,78,"Guatemala","GUA","GTM",72,"Germany","GFR","DEU",5,5,"0","-","0","0","0"
1,"q5rX4C",1,1371,2018,78,"Guatemala","GUA","GTM",72,"Germany","GFR","DEU",5,10,"0","-","0","0","0"
1,"q5rX4C",1,1372,2019,78,"Guatemala","GUA","GTM",72,"Germany","GFR","DEU",5,7,"0","-","0","0","0"
1,"q5rX4C",1,1373,2020,78,"Guatemala","GUA","GTM",72,"Germany","GFR","DEU",5,10,"0","-","0","0","0"
1,"q5rX4C",1,1374,2021,78,"Guatemala","GUA","GTM",72,"Germany","GFR","DEU",5,9,"0","-","0","0","0"
1,"q5rX4C",1,1375,2022,78,"Guatemala","GUA","GTM",72,"Germany","GFR","DEU",5,12,"0","-","0","0","0"
1,"q5rX4C",1,1376,2023,78,"Guatemala","GUA","GTM",72,"Germany","GFR","DEU",8,13,"0","-","0","0","0"
1,"q5rX4C",1,1377,2024,78,"Guatemala","GUA","GTM",72,"Germany","GFR","DEU",10,11,"0","-","0","0","0"
1,"q5rX4C",1,1378,2025,78,"Guatemala","GUA","GTM",72,"Germany","GFR","DEU",11,10,"0","-","0","0","0"
1,"q5rX4C",1,1379,2000,79,"Guinea","GUI","GIN",72,"Germany","GFR","DEU","0",50,"0","-","0","0","0"
1,"q5rX4C",1,1380,2001,79,"Guinea","GUI","GIN",72,"Germany","GFR","DEU","0",132,"0","-","0","0","0"
1,"q5rX4C",1,1381,2002,79,"Guinea","GUI","GIN",72,"Germany","GFR","DEU",703,139,"0","-","0","0","0"
1,"q5rX4C",1,1382,2003,79,"Guinea","GUI","GIN",72,"Germany","GFR","DEU",814,113,"0","-","0","0","0"
1,"q5rX4C",1,1383,2004,79,"Guinea","GUI","GIN",72,"Germany","GFR","DEU",891,81,"0","-","0","0","0"
1,"q5rX4C",1,1384,2005,79,"Guinea","GUI","GIN",72,"Germany","GFR","DEU",723,424,"0","-","0","0","0"
1,"q5rX4C",1,1385,2006,79,"Guinea","GUI","GIN",72,"Germany","GFR","DEU",260,300,"0","-","0","0","0"
1,"q5rX4C",1,1386,2007,79,"Guinea","GUI","GIN",72,"Germany","GFR","DEU",317,203,"0","-","0","0","0"
1,"q5rX4C",1,1387,2008,79,"Guinea","GUI","GIN",72,"Germany","GFR","DEU",404,263,"0","-","0","0","0"
1,"q5rX4C",1,1388,2009,79,"Guinea","GUI","GIN",72,"Germany","GFR","DEU",572,383,"0","-","0","0","0"
1,"q5rX4C",1,1389,2010,79,"Guinea","GUI","GIN",72,"Germany","GFR","DEU",649,397,"0","-","0","0","0"
1,"q5rX4C",1,1390,2011,79,"Guinea","GUI","GIN",72,"Germany","GFR","DEU",672,482,"0","-","0","0","0"
1,"q5rX4C",1,1391,2012,79,"Guinea","GUI","GIN",72,"Germany","GFR","DEU",756,668,"0","-","0","0","0"
1,"q5rX4C",1,1392,2013,79,"Guinea","GUI","GIN",72,"Germany","GFR","DEU",472,1627,"0","-","0","0","0"
1,"q5rX4C",1,1393,2014,79,"Guinea","GUI","GIN",72,"Germany","GFR","DEU",569,2218,"0","-","0","0","0"
1,"q5rX4C",1,1394,2015,79,"Guinea","GUI","GIN",72,"Germany","GFR","DEU",641,2452,"0","-","0","0","0"
1,"q5rX4C",1,1395,2016,79,"Guinea","GUI","GIN",72,"Germany","GFR","DEU",756,5031,"0","-","0","0","0"
1,"q5rX4C",1,1396,2017,79,"Guinea","GUI","GIN",72,"Germany","GFR","DEU",1663,5783,"0","-","0","0","0"
1,"q5rX4C",1,1397,2018,79,"Guinea","GUI","GIN",72,"Germany","GFR","DEU",2393,6167,"0","-","0","0","0"
1,"q5rX4C",1,1398,2019,79,"Guinea","GUI","GIN",72,"Germany","GFR","DEU",2963,5557,"0","-","0","0","0"
1,"q5rX4C",1,1399,2020,79,"Guinea","GUI","GIN",72,"Germany","GFR","DEU",3488,4527,"0","-","0","0","0"
1,"q5rX4C",1,1400,2021,79,"Guinea","GUI","GIN",72,"Germany","GFR","DEU",4054,3160,"0","-","0","0","0"
1,"q5rX4C",1,1401,2022,79,"Guinea","GUI","GIN",72,"Germany","GFR","DEU",3288,2435,"0","-","0","0","0"
1,"q5rX4C",1,1402,2023,79,"Guinea","GUI","GIN",72,"Germany","GFR","DEU",5235,3940,"0","-","0","0","0"
1,"q5rX4C",1,1403,2024,79,"Guinea","GUI","GIN",72,"Germany","GFR","DEU",5709,5115,"0","-","0","0","0"
1,"q5rX4C",1,1404,2025,79,"Guinea","GUI","GIN",72,"Germany","GFR","DEU",6227,4687,"0","-","0","0","0"
1,"q5rX4C",1,1405,2002,80,"Guyana","GUY","GUY",72,"Germany","GFR","DEU",5,"0","0","-","0","0","0"
1,"q5rX4C",1,1406,2006,80,"Guyana","GUY","GUY",72,"Germany","GFR","DEU",8,"0","0","-","0","0","0"
1,"q5rX4C",1,1407,2007,80,"Guyana","GUY","GUY",72,"Germany","GFR","DEU",8,"0","0","-","0","0","0"
1,"q5rX4C",1,1408,2008,80,"Guyana","GUY","GUY",72,"Germany","GFR","DEU",6,"0","0","-","0","0","0"
1,"q5rX4C",1,1409,2025,80,"Guyana","GUY","GUY",72,"Germany","GFR","DEU",5,"0","0","-","0","0","0"
1,"q5rX4C",1,1410,2002,81,"Haiti","HAI","HTI",72,"Germany","GFR","DEU",16,"0","0","-","0","0","0"
1,"q5rX4C",1,1411,2003,81,"Haiti","HAI","HTI",72,"Germany","GFR","DEU",15,9,"0","-","0","0","0"
1,"q5rX4C",1,1412,2004,81,"Haiti","HAI","HTI",72,"Germany","GFR","DEU",17,7,"0","-","0","0","0"
1,"q5rX4C",1,1413,2005,81,"Haiti","HAI","HTI",72,"Germany","GFR","DEU",7,7,"0","-","0","0","0"
1,"q5rX4C",1,1414,2006,81,"Haiti","HAI","HTI",72,"Germany","GFR","DEU",41,"0","0","-","0","0","0"
1,"q5rX4C",1,1415,2007,81,"Haiti","HAI","HTI",72,"Germany","GFR","DEU",39,5,"0","-","0","0","0"
1,"q5rX4C",1,1416,2008,81,"Haiti","HAI","HTI",72,"Germany","GFR","DEU",41,5,"0","-","0","0","0"
1,"q5rX4C",1,1417,2009,81,"Haiti","HAI","HTI",72,"Germany","GFR","DEU",40,"0","0","-","0","0","0"
1,"q5rX4C",1,1418,2010,81,"Haiti","HAI","HTI",72,"Germany","GFR","DEU",49,"0","0","-","0","0","0"
1,"q5rX4C",1,1419,2011,81,"Haiti","HAI","HTI",72,"Germany","GFR","DEU",47,12,"0","-","0","0","0"
1,"q5rX4C",1,1420,2012,81,"Haiti","HAI","HTI",72,"Germany","GFR","DEU",45,17,"0","-","0","0","0"
1,"q5rX4C",1,1421,2013,81,"Haiti","HAI","HTI",72,"Germany","GFR","DEU",15,12,"0","-","0","0","0"
1,"q5rX4C",1,1422,2014,81,"Haiti","HAI","HTI",72,"Germany","GFR","DEU",15,7,"0","-","0","0","0"
1,"q5rX4C",1,1423,2015,81,"Haiti","HAI","HTI",72,"Germany","GFR","DEU",16,10,"0","-","0","0","0"
1,"q5rX4C",1,1424,2016,81,"Haiti","HAI","HTI",72,"Germany","GFR","DEU",16,11,"0","-","0","0","0"
1,"q5rX4C",1,1425,2017,81,"Haiti","HAI","HTI",72,"Germany","GFR","DEU",16,10,"0","-","0","0","0"
1,"q5rX4C",1,1426,2018,81,"Haiti","HAI","HTI",72,"Germany","GFR","DEU",17,9,"0","-","0","0","0"
1,"q5rX4C",1,1427,2019,81,"Haiti","HAI","HTI",72,"Germany","GFR","DEU",15,18,"0","-","0","0","0"
1,"q5rX4C",1,1428,2020,81,"Haiti","HAI","HTI",72,"Germany","GFR","DEU",14,20,"0","-","0","0","0"
1,"q5rX4C",1,1429,2021,81,"Haiti","HAI","HTI",72,"Germany","GFR","DEU",14,23,"0","-","0","0","0"
1,"q5rX4C",1,1430,2022,81,"Haiti","HAI","HTI",72,"Germany","GFR","DEU",13,39,"0","-","0","0","0"
1,"q5rX4C",1,1431,2023,81,"Haiti","HAI","HTI",72,"Germany","GFR","DEU",22,47,"0","-","0","0","0"
1,"q5rX4C",1,1432,2024,81,"Haiti","HAI","HTI",72,"Germany","GFR","DEU",35,51,"0","-","0","0","0"
1,"q5rX4C",1,1433,2025,81,"Haiti","HAI","HTI",72,"Germany","GFR","DEU",40,35,"0","-","0","0","0"
1,"q5rX4C",1,1434,2022,82,"China, Hong Kong SAR","HKG","HKG",72,"Germany","GFR","DEU",8,8,"0","-","0","0","0"
1,"q5rX4C",1,1435,2023,82,"China, Hong Kong SAR","HKG","HKG",72,"Germany","GFR","DEU",9,5,"0","-","0","0","0"
1,"q5rX4C",1,1436,2024,82,"China, Hong Kong SAR","HKG","HKG",72,"Germany","GFR","DEU",9,10,"0","-","0","0","0"
1,"q5rX4C",1,1437,2025,82,"China, Hong Kong SAR","HKG","HKG",72,"Germany","GFR","DEU",11,5,"0","-","0","0","0"
1,"q5rX4C",1,1438,2002,83,"Honduras","HON","HND",72,"Germany","GFR","DEU",14,"0","0","-","0","0","0"
1,"q5rX4C",1,1439,2003,83,"Honduras","HON","HND",72,"Germany","GFR","DEU",14,"0","0","-","0","0","0"
1,"q5rX4C",1,1440,2004,83,"Honduras","HON","HND",72,"Germany","GFR","DEU",13,"0","0","-","0","0","0"
1,"q5rX4C",1,1441,2006,83,"Honduras","HON","HND",72,"Germany","GFR","DEU",33,"0","0","-","0","0","0"
1,"q5rX4C",1,1442,2007,83,"Honduras","HON","HND",72,"Germany","GFR","DEU",31,"0","0","-","0","0","0"
1,"q5rX4C",1,1443,2008,83,"Honduras","HON","HND",72,"Germany","GFR","DEU",24,"0","0","-","0","0","0"
1,"q5rX4C",1,1444,2009,83,"Honduras","HON","HND",72,"Germany","GFR","DEU",10,"0","0","-","0","0","0"
1,"q5rX4C",1,1445,2010,83,"Honduras","HON","HND",72,"Germany","GFR","DEU",9,"0","0","-","0","0","0"
1,"q5rX4C",1,1446,2011,83,"Honduras","HON","HND",72,"Germany","GFR","DEU",14,15,"0","-","0","0","0"
1,"q5rX4C",1,1447,2012,83,"Honduras","HON","HND",72,"Germany","GFR","DEU",24,7,"0","-","0","0","0"
1,"q5rX4C",1,1448,2013,83,"Honduras","HON","HND",72,"Germany","GFR","DEU",8,6,"0","-","0","0","0"
1,"q5rX4C",1,1449,2014,83,"Honduras","HON","HND",72,"Germany","GFR","DEU",22,7,"0","-","0","0","0"
1,"q5rX4C",1,1450,2015,83,"Honduras","HON","HND",72,"Germany","GFR","DEU",27,17,"0","-","0","0","0"
1,"q5rX4C",1,1451,2016,83,"Honduras","HON","HND",72,"Germany","GFR","DEU",32,12,"0","-","0","0","0"
1,"q5rX4C",1,1452,2017,83,"Honduras","HON","HND",72,"Germany","GFR","DEU",49,9,"0","-","0","0","0"
1,"q5rX4C",1,1453,2018,83,"Honduras","HON","HND",72,"Germany","GFR","DEU",64,16,"0","-","0","0","0"
1,"q5rX4C",1,1454,2019,83,"Honduras","HON","HND",72,"Germany","GFR","DEU",68,64,"0","-","0","0","0"
1,"q5rX4C",1,1455,2020,83,"Honduras","HON","HND",72,"Germany","GFR","DEU",71,65,"0","-","0","0","0"
1,"q5rX4C",1,1456,2021,83,"Honduras","HON","HND",72,"Germany","GFR","DEU",80,75,"0","-","0","0","0"
1,"q5rX4C",1,1457,2022,83,"Honduras","HON","HND",72,"Germany","GFR","DEU",74,62,"0","-","0","0","0"
1,"q5rX4C",1,1458,2023,83,"Honduras","HON","HND",72,"Germany","GFR","DEU",106,83,"0","-","0","0","0"
1,"q5rX4C",1,1459,2024,83,"Honduras","HON","HND",72,"Germany","GFR","DEU",94,115,"0","-","0","0","0"
1,"q5rX4C",1,1460,2025,83,"Honduras","HON","HND",72,"Germany","GFR","DEU",95,111,"0","-","0","0","0"
1,"q5rX4C",1,1461,2000,84,"Croatia","HRV","HRV",72,"Germany","GFR","DEU","0",20,"0","-","0","0","0"
1,"q5rX4C",1,1462,2001,84,"Croatia","HRV","HRV",72,"Germany","GFR","DEU","0",44,"0","-","0","0","0"
1,"q5rX4C",1,1463,2002,84,"Croatia","HRV","HRV",72,"Germany","GFR","DEU",3845,52,"0","-","0","0","0"
1,"q5rX4C",1,1464,2003,84,"Croatia","HRV","HRV",72,"Germany","GFR","DEU",3812,5,"0","-","0","0","0"
1,"q5rX4C",1,1465,2004,84,"Croatia","HRV","HRV",72,"Germany","GFR","DEU",2900,5,"0","-","0","0","0"
1,"q5rX4C",1,1466,2005,84,"Croatia","HRV","HRV",72,"Germany","GFR","DEU",2784,42,"0","-","0","0","0"
1,"q5rX4C",1,1467,2006,84,"Croatia","HRV","HRV",72,"Germany","GFR","DEU",1574,31,"0","-","0","0","0"
1,"q5rX4C",1,1468,2007,84,"Croatia","HRV","HRV",72,"Germany","GFR","DEU",17747,20,"0","-","0","0","0"
1,"q5rX4C",1,1469,2008,84,"Croatia","HRV","HRV",72,"Germany","GFR","DEU",16241,20,"0","-","0","0","0"
1,"q5rX4C",1,1470,2009,84,"Croatia","HRV","HRV",72,"Germany","GFR","DEU",4100,22,"0","-","0","0","0"
1,"q5rX4C",1,1471,2010,84,"Croatia","HRV","HRV",72,"Germany","GFR","DEU",4209,20,"0","-","0","0","0"
1,"q5rX4C",1,1472,2011,84,"Croatia","HRV","HRV",72,"Germany","GFR","DEU",4280,24,"0","-","0","0","0"
1,"q5rX4C",1,1473,2012,84,"Croatia","HRV","HRV",72,"Germany","GFR","DEU",4614,42,"0","-","0","0","0"
1,"q5rX4C",1,1474,2013,84,"Croatia","HRV","HRV",72,"Germany","GFR","DEU",359,33,"0","-","0","0","0"
1,"q5rX4C",1,1475,2014,84,"Croatia","HRV","HRV",72,"Germany","GFR","DEU",345,34,"0","-","0","0","0"
1,"q5rX4C",1,1476,2015,84,"Croatia","HRV","HRV",72,"Germany","GFR","DEU",328,25,"0","-","0","0","0"
1,"q5rX4C",1,1477,2016,84,"Croatia","HRV","HRV",72,"Germany","GFR","DEU",327,22,"0","-","0","0","0"
1,"q5rX4C",1,1478,2017,84,"Croatia","HRV","HRV",72,"Germany","GFR","DEU",311,5,"0","-","0","0","0"
1,"q5rX4C",1,1479,2018,84,"Croatia","HRV","HRV",72,"Germany","GFR","DEU",299,5,"0","-","0","0","0"
1,"q5rX4C",1,1480,2019,84,"Croatia","HRV","HRV",72,"Germany","GFR","DEU",286,5,"0","-","0","0","0"
1,"q5rX4C",1,1481,2020,84,"Croatia","HRV","HRV",72,"Germany","GFR","DEU",280,5,"0","-","0","0","0"
1,"q5rX4C",1,1482,2021,84,"Croatia","HRV","HRV",72,"Germany","GFR","DEU",265,5,"0","-","0","0","0"
1,"q5rX4C",1,1483,2022,84,"Croatia","HRV","HRV",72,"Germany","GFR","DEU",258,5,"0","-","0","0","0"
1,"q5rX4C",1,1484,2023,84,"Croatia","HRV","HRV",72,"Germany","GFR","DEU",245,"0","0","-","0","0","0"
1,"q5rX4C",1,1485,2024,84,"Croatia","HRV","HRV",72,"Germany","GFR","DEU",231,"0","0","-","0","0","0"
1,"q5rX4C",1,1486,2025,84,"Croatia","HRV","HRV",72,"Germany","GFR","DEU",228,"0","0","-","0","0","0"
1,"q5rX4C",1,1487,2001,85,"Hungary","HUN","HUN",72,"Germany","GFR","DEU","0",5,"0","-","0","0","0"
1,"q5rX4C",1,1488,2002,85,"Hungary","HUN","HUN",72,"Germany","GFR","DEU",2540,9,"0","-","0","0","0"
1,"q5rX4C",1,1489,2003,85,"Hungary","HUN","HUN",72,"Germany","GFR","DEU",2349,31,"0","-","0","0","0"
1,"q5rX4C",1,1490,2004,85,"Hungary","HUN","HUN",72,"Germany","GFR","DEU",1640,5,"0","-","0","0","0"
1,"q5rX4C",1,1491,2005,85,"Hungary","HUN","HUN",72,"Germany","GFR","DEU",2398,10,"0","-","0","0","0"
1,"q5rX4C",1,1492,2006,85,"Hungary","HUN","HUN",72,"Germany","GFR","DEU",2160,15,"0","-","0","0","0"
1,"q5rX4C",1,1493,2007,85,"Hungary","HUN","HUN",72,"Germany","GFR","DEU",1975,5,"0","-","0","0","0"
1,"q5rX4C",1,1494,2008,85,"Hungary","HUN","HUN",72,"Germany","GFR","DEU",128,"0","0","-","0","0","0"
1,"q5rX4C",1,1495,2009,85,"Hungary","HUN","HUN",72,"Germany","GFR","DEU",133,"0","0","-","0","0","0"
1,"q5rX4C",1,1496,2010,85,"Hungary","HUN","HUN",72,"Germany","GFR","DEU",130,"0","0","-","0","0","0"
1,"q5rX4C",1,1497,2011,85,"Hungary","HUN","HUN",72,"Germany","GFR","DEU",127,"0","0","-","0","0","0"
1,"q5rX4C",1,1498,2012,85,"Hungary","HUN","HUN",72,"Germany","GFR","DEU",121,"0","0","-","0","0","0"
1,"q5rX4C",1,1499,2013,85,"Hungary","HUN","HUN",72,"Germany","GFR","DEU",308,11,"0","-","0","0","0"
1,"q5rX4C",1,1500,2014,85,"Hungary","HUN","HUN",72,"Germany","GFR","DEU",295,17,"0","-","0","0","0"
1,"q5rX4C",1,1501,2015,85,"Hungary","HUN","HUN",72,"Germany","GFR","DEU",291,5,"0","-","0","0","0"
1,"q5rX4C",1,1502,2016,85,"Hungary","HUN","HUN",72,"Germany","GFR","DEU",269,7,"0","-","0","0","0"
1,"q5rX4C",1,1503,2017,85,"Hungary","HUN","HUN",72,"Germany","GFR","DEU",259,5,"0","-","0","0","0"
1,"q5rX4C",1,1504,2018,85,"Hungary","HUN","HUN",72,"Germany","GFR","DEU",250,"0","0","-","0","0","0"
1,"q5rX4C",1,1505,2019,85,"Hungary","HUN","HUN",72,"Germany","GFR","DEU",241,"0","0","-","0","0","0"
1,"q5rX4C",1,1506,2020,85,"Hungary","HUN","HUN",72,"Germany","GFR","DEU",233,10,"0","-","0","0","0"
1,"q5rX4C",1,1507,2021,85,"Hungary","HUN","HUN",72,"Germany","GFR","DEU",223,5,"0","-","0","0","0"
1,"q5rX4C",1,1508,2022,85,"Hungary","HUN","HUN",72,"Germany","GFR","DEU",227,5,"0","-","0","0","0"
1,"q5rX4C",1,1509,2023,85,"Hungary","HUN","HUN",72,"Germany","GFR","DEU",250,10,"0","-","0","0","0"
1,"q5rX4C",1,1510,2024,85,"Hungary","HUN","HUN",72,"Germany","GFR","DEU",234,5,"0","-","0","0","0"
1,"q5rX4C",1,1511,2025,85,"Hungary","HUN","HUN",72,"Germany","GFR","DEU",219,"0","0","-","0","0","0"
1,"q5rX4C",1,1512,2002,86,"Iceland","ICE","ISL",72,"Germany","GFR","DEU",13,"0","0","-","0","0","0"
1,"q5rX4C",1,1513,2003,86,"Iceland","ICE","ISL",72,"Germany","GFR","DEU",11,"0","0","-","0","0","0"
1,"q5rX4C",1,1514,2004,86,"Iceland","ICE","ISL",72,"Germany","GFR","DEU",8,"0","0","-","0","0","0"
1,"q5rX4C",1,1515,2005,86,"Iceland","ICE","ISL",72,"Germany","GFR","DEU",5,"0","0","-","0","0","0"
1,"q5rX4C",1,1516,2006,86,"Iceland","ICE","ISL",72,"Germany","GFR","DEU",27,"0","0","-","0","0","0"
1,"q5rX4C",1,1517,2007,86,"Iceland","ICE","ISL",72,"Germany","GFR","DEU",5,"0","0","-","0","0","0"
1,"q5rX4C",1,1518,2008,86,"Iceland","ICE","ISL",72,"Germany","GFR","DEU",5,"0","0","-","0","0","0"
1,"q5rX4C",1,1519,2017,86,"Iceland","ICE","ISL",72,"Germany","GFR","DEU",5,"0","0","-","0","0","0"
1,"q5rX4C",1,1520,2018,86,"Iceland","ICE","ISL",72,"Germany","GFR","DEU",5,"0","0","-","0","0","0"
1,"q5rX4C",1,1521,2019,86,"Iceland","ICE","ISL",72,"Germany","GFR","DEU",5,"0","0","-","0","0","0"
1,"q5rX4C",1,1522,2020,86,"Iceland","ICE","ISL",72,"Germany","GFR","DEU",5,"0","0","-","0","0","0"
1,"q5rX4C",1,1523,2000,87,"Cote d'Ivoire","ICO","CIV",72,"Germany","GFR","DEU","0",91,"0","-","0","0","0"
1,"q5rX4C",1,1524,2001,87,"Cote d'Ivoire","ICO","CIV",72,"Germany","GFR","DEU","0",63,"0","-","0","0","0"
1,"q5rX4C",1,1525,2002,87,"Cote d'Ivoire","ICO","CIV",72,"Germany","GFR","DEU",658,159,"0","-","0","0","0"
1,"q5rX4C",1,1526,2003,87,"Cote d'Ivoire","ICO","CIV",72,"Germany","GFR","DEU",664,146,"0","-","0","0","0"
1,"q5rX4C",1,1527,2004,87,"Cote d'Ivoire","ICO","CIV",72,"Germany","GFR","DEU",627,73,"0","-","0","0","0"
1,"q5rX4C",1,1528,2005,87,"Cote d'Ivoire","ICO","CIV",72,"Germany","GFR","DEU",813,287,"0","-","0","0","0"
1,"q5rX4C",1,1529,2006,87,"Cote d'Ivoire","ICO","CIV",72,"Germany","GFR","DEU",239,183,"0","-","0","0","0"
1,"q5rX4C",1,1530,2007,87,"Cote d'Ivoire","ICO","CIV",72,"Germany","GFR","DEU",265,123,"0","-","0","0","0"
1,"q5rX4C",1,1531,2008,87,"Cote d'Ivoire","ICO","CIV",72,"Germany","GFR","DEU",307,108,"0","-","0","0","0"
1,"q5rX4C",1,1532,2009,87,"Cote d'Ivoire","ICO","CIV",72,"Germany","GFR","DEU",494,111,"0","-","0","0","0"
1,"q5rX4C",1,1533,2010,87,"Cote d'Ivoire","ICO","CIV",72,"Germany","GFR","DEU",493,111,"0","-","0","0","0"
1,"q5rX4C",1,1534,2011,87,"Cote d'Ivoire","ICO","CIV",72,"Germany","GFR","DEU",465,179,"0","-","0","0","0"
1,"q5rX4C",1,1535,2012,87,"Cote d'Ivoire","ICO","CIV",72,"Germany","GFR","DEU",491,198,"0","-","0","0","0"
1,"q5rX4C",1,1536,2013,87,"Cote d'Ivoire","ICO","CIV",72,"Germany","GFR","DEU",185,366,"0","-","0","0","0"
1,"q5rX4C",1,1537,2014,87,"Cote d'Ivoire","ICO","CIV",72,"Germany","GFR","DEU",171,443,"0","-","0","0","0"
1,"q5rX4C",1,1538,2015,87,"Cote d'Ivoire","ICO","CIV",72,"Germany","GFR","DEU",181,692,"0","-","0","0","0"
1,"q5rX4C",1,1539,2016,87,"Cote d'Ivoire","ICO","CIV",72,"Germany","GFR","DEU",182,2010,"0","-","0","0","0"
1,"q5rX4C",1,1540,2017,87,"Cote d'Ivoire","ICO","CIV",72,"Germany","GFR","DEU",339,2143,"0","-","0","0","0"
1,"q5rX4C",1,1541,2018,87,"Cote d'Ivoire","ICO","CIV",72,"Germany","GFR","DEU",520,2046,"0","-","0","0","0"
1,"q5rX4C",1,1542,2019,87,"Cote d'Ivoire","ICO","CIV",72,"Germany","GFR","DEU",610,1595,"0","-","0","0","0"
1,"q5rX4C",1,1543,2020,87,"Cote d'Ivoire","ICO","CIV",72,"Germany","GFR","DEU",658,1322,"0","-","0","0","0"
1,"q5rX4C",1,1544,2021,87,"Cote d'Ivoire","ICO","CIV",72,"Germany","GFR","DEU",760,1116,"0","-","0","0","0"
1,"q5rX4C",1,1545,2022,87,"Cote d'Ivoire","ICO","CIV",72,"Germany","GFR","DEU",686,821,"0","-","0","0","0"
1,"q5rX4C",1,1546,2023,87,"Cote d'Ivoire","ICO","CIV",72,"Germany","GFR","DEU",879,1686,"0","-","0","0","0"
1,"q5rX4C",1,1547,2024,87,"Cote d'Ivoire","ICO","CIV",72,"Germany","GFR","DEU",924,1621,"0","-","0","0","0"
1,"q5rX4C",1,1548,2025,87,"Cote d'Ivoire","ICO","CIV",72,"Germany","GFR","DEU",963,1463,"0","-","0","0","0"
1,"q5rX4C",1,1549,2000,88,"India","IND","IND",72,"Germany","GFR","DEU","0",523,"0","-","0","0","0"
1,"q5rX4C",1,1550,2001,88,"India","IND","IND",72,"Germany","GFR","DEU","0",714,"0","-","0","0","0"
1,"q5rX4C",1,1551,2002,88,"India","IND","IND",72,"Germany","GFR","DEU",2532,693,"0","-","0","0","0"
1,"q5rX4C",1,1552,2003,88,"India","IND","IND",72,"Germany","GFR","DEU",3158,358,"0","-","0","0","0"
1,"q5rX4C",1,1553,2004,88,"India","IND","IND",72,"Germany","GFR","DEU",3182,199,"0","-","0","0","0"
1,"q5rX4C",1,1554,2005,88,"India","IND","IND",72,"Germany","GFR","DEU",5947,704,"0","-","0","0","0"
1,"q5rX4C",1,1555,2006,88,"India","IND","IND",72,"Germany","GFR","DEU",2040,548,"0","-","0","0","0"
1,"q5rX4C",1,1556,2007,88,"India","IND","IND",72,"Germany","GFR","DEU",1849,349,"0","-","0","0","0"
1,"q5rX4C",1,1557,2008,88,"India","IND","IND",72,"Germany","GFR","DEU",1827,492,"0","-","0","0","0"
1,"q5rX4C",1,1558,2009,88,"India","IND","IND",72,"Germany","GFR","DEU",2879,705,"0","-","0","0","0"
1,"q5rX4C",1,1559,2010,88,"India","IND","IND",72,"Germany","GFR","DEU",2774,722,"0","-","0","0","0"
1,"q5rX4C",1,1560,2011,88,"India","IND","IND",72,"Germany","GFR","DEU",2769,644,"0","-","0","0","0"
1,"q5rX4C",1,1561,2012,88,"India","IND","IND",72,"Germany","GFR","DEU",2796,739,"0","-","0","0","0"
1,"q5rX4C",1,1562,2013,88,"India","IND","IND",72,"Germany","GFR","DEU",401,1349,"0","-","0","0","0"
1,"q5rX4C",1,1563,2014,88,"India","IND","IND",72,"Germany","GFR","DEU",417,2357,"0","-","0","0","0"
1,"q5rX4C",1,1564,2015,88,"India","IND","IND",72,"Germany","GFR","DEU",299,3658,"0","-","0","0","0"
1,"q5rX4C",1,1565,2016,88,"India","IND","IND",72,"Germany","GFR","DEU",266,3449,"0","-","0","0","0"
1,"q5rX4C",1,1566,2017,88,"India","IND","IND",72,"Germany","GFR","DEU",351,1711,"0","-","0","0","0"
1,"q5rX4C",1,1567,2018,88,"India","IND","IND",72,"Germany","GFR","DEU",370,1313,"0","-","0","0","0"
1,"q5rX4C",1,1568,2019,88,"India","IND","IND",72,"Germany","GFR","DEU",391,1000,"0","-","0","0","0"
1,"q5rX4C",1,1569,2020,88,"India","IND","IND",72,"Germany","GFR","DEU",415,757,"0","-","0","0","0"
1,"q5rX4C",1,1570,2021,88,"India","IND","IND",72,"Germany","GFR","DEU",414,566,"0","-","0","0","0"
1,"q5rX4C",1,1571,2022,88,"India","IND","IND",72,"Germany","GFR","DEU",652,826,"0","-","0","0","0"
1,"q5rX4C",1,1572,2023,88,"India","IND","IND",72,"Germany","GFR","DEU",732,1859,"0","-","0","0","0"
1,"q5rX4C",1,1573,2024,88,"India","IND","IND",72,"Germany","GFR","DEU",874,1701,"0","-","0","0","0"
1,"q5rX4C",1,1574,2025,88,"India","IND","IND",72,"Germany","GFR","DEU",855,1122,"0","-","0","0","0"
1,"q5rX4C",1,1575,2001,89,"Indonesia","INS","IDN",72,"Germany","GFR","DEU","0",5,"0","-","0","0","0"
1,"q5rX4C",1,1576,2002,89,"Indonesia","INS","IDN",72,"Germany","GFR","DEU",99,8,"0","-","0","0","0"
1,"q5rX4C",1,1577,2003,89,"Indonesia","INS","IDN",72,"Germany","GFR","DEU",83,12,"0","-","0","0","0"
1,"q5rX4C",1,1578,2004,89,"Indonesia","INS","IDN",72,"Germany","GFR","DEU",77,7,"0","-","0","0","0"
1,"q5rX4C",1,1579,2005,89,"Indonesia","INS","IDN",72,"Germany","GFR","DEU",26,8,"0","-","0","0","0"
1,"q5rX4C",1,1580,2006,89,"Indonesia","INS","IDN",72,"Germany","GFR","DEU",460,5,"0","-","0","0","0"
1,"q5rX4C",1,1581,2007,89,"Indonesia","INS","IDN",72,"Germany","GFR","DEU",354,5,"0","-","0","0","0"
1,"q5rX4C",1,1582,2008,89,"Indonesia","INS","IDN",72,"Germany","GFR","DEU",312,5,"0","-","0","0","0"
1,"q5rX4C",1,1583,2009,89,"Indonesia","INS","IDN",72,"Germany","GFR","DEU",108,5,"0","-","0","0","0"
1,"q5rX4C",1,1584,2010,89,"Indonesia","INS","IDN",72,"Germany","GFR","DEU",117,"0","0","-","0","0","0"
1,"q5rX4C",1,1585,2011,89,"Indonesia","INS","IDN",72,"Germany","GFR","DEU",127,"0","0","-","0","0","0"
1,"q5rX4C",1,1586,2012,89,"Indonesia","INS","IDN",72,"Germany","GFR","DEU",130,"0","0","-","0","0","0"
1,"q5rX4C",1,1587,2013,89,"Indonesia","INS","IDN",72,"Germany","GFR","DEU",28,5,"0","-","0","0","0"
1,"q5rX4C",1,1588,2014,89,"Indonesia","INS","IDN",72,"Germany","GFR","DEU",31,5,"0","-","0","0","0"
1,"q5rX4C",1,1589,2015,89,"Indonesia","INS","IDN",72,"Germany","GFR","DEU",20,7,"0","-","0","0","0"
1,"q5rX4C",1,1590,2016,89,"Indonesia","INS","IDN",72,"Germany","GFR","DEU",14,9,"0","-","0","0","0"
1,"q5rX4C",1,1591,2017,89,"Indonesia","INS","IDN",72,"Germany","GFR","DEU",12,17,"0","-","0","0","0"
1,"q5rX4C",1,1592,2018,89,"Indonesia","INS","IDN",72,"Germany","GFR","DEU",13,18,"0","-","0","0","0"
1,"q5rX4C",1,1593,2019,89,"Indonesia","INS","IDN",72,"Germany","GFR","DEU",16,20,"0","-","0","0","0"
1,"q5rX4C",1,1594,2020,89,"Indonesia","INS","IDN",72,"Germany","GFR","DEU",14,13,"0","-","0","0","0"
1,"q5rX4C",1,1595,2021,89,"Indonesia","INS","IDN",72,"Germany","GFR","DEU",16,7,"0","-","0","0","0"
1,"q5rX4C",1,1596,2022,89,"Indonesia","INS","IDN",72,"Germany","GFR","DEU",15,5,"0","-","0","0","0"
1,"q5rX4C",1,1597,2023,89,"Indonesia","INS","IDN",72,"Germany","GFR","DEU",15,15,"0","-","0","0","0"
1,"q5rX4C",1,1598,2024,89,"Indonesia","INS","IDN",72,"Germany","GFR","DEU",14,27,"0","-","0","0","0"
1,"q5rX4C",1,1599,2025,89,"Indonesia","INS","IDN",72,"Germany","GFR","DEU",19,25,"0","-","0","0","0"
1,"q5rX4C",1,1600,2002,90,"Ireland","IRE","IRL",72,"Germany","GFR","DEU",5,"0","0","-","0","0","0"
1,"q5rX4C",1,1601,2003,90,"Ireland","IRE","IRL",72,"Germany","GFR","DEU",6,"0","0","-","0","0","0"
1,"q5rX4C",1,1602,2004,90,"Ireland","IRE","IRL",72,"Germany","GFR","DEU",5,"0","0","-","0","0","0"
1,"q5rX4C",1,1603,2005,90,"Ireland","IRE","IRL",72,"Germany","GFR","DEU",18,"0","0","-","0","0","0"
1,"q5rX4C",1,1604,2000,91,"Iran (Islamic Rep. of)","IRN","IRN",72,"Germany","GFR","DEU","0",2622,"0","-","0","0","0"
1,"q5rX4C",1,1605,2001,91,"Iran (Islamic Rep. of)","IRN","IRN",72,"Germany","GFR","DEU","0",2462,"0","-","0","0","0"
1,"q5rX4C",1,1606,2002,91,"Iran (Islamic Rep. of)","IRN","IRN",72,"Germany","GFR","DEU",51538,2462,"0","-","0","0","0"
1,"q5rX4C",1,1607,2003,91,"Iran (Islamic Rep. of)","IRN","IRN",72,"Germany","GFR","DEU",47131,1509,"0","-","0","0","0"
1,"q5rX4C",1,1608,2004,91,"Iran (Islamic Rep. of)","IRN","IRN",72,"Germany","GFR","DEU",39904,861,"0","-","0","0","0"
1,"q5rX4C",1,1609,2005,91,"Iran (Islamic Rep. of)","IRN","IRN",72,"Germany","GFR","DEU",24016,4883,"0","-","0","0","0"
1,"q5rX4C",1,1610,2006,91,"Iran (Islamic Rep. of)","IRN","IRN",72,"Germany","GFR","DEU",13213,3924,"0","-","0","0","0"
1,"q5rX4C",1,1611,2007,91,"Iran (Islamic Rep. of)","IRN","IRN",72,"Germany","GFR","DEU",15123,2463,"0","-","0","0","0"
1,"q5rX4C",1,1612,2008,91,"Iran (Islamic Rep. of)","IRN","IRN",72,"Germany","GFR","DEU",15816,2388,"0","-","0","0","0"
1,"q5rX4C",1,1613,2009,91,"Iran (Islamic Rep. of)","IRN","IRN",72,"Germany","GFR","DEU",20226,2684,"0","-","0","0","0"
1,"q5rX4C",1,1614,2010,91,"Iran (Islamic Rep. of)","IRN","IRN",72,"Germany","GFR","DEU",20444,3436,"0","-","0","0","0"
1,"q5rX4C",1,1615,2011,91,"Iran (Islamic Rep. of)","IRN","IRN",72,"Germany","GFR","DEU",20462,4695,"0","-","0","0","0"
1,"q5rX4C",1,1616,2012,91,"Iran (Islamic Rep. of)","IRN","IRN",72,"Germany","GFR","DEU",21629,6618,"0","-","0","0","0"
1,"q5rX4C",1,1617,2013,91,"Iran (Islamic Rep. of)","IRN","IRN",72,"Germany","GFR","DEU",17150,7788,"0","-","0","0","0"
1,"q5rX4C",1,1618,2014,91,"Iran (Islamic Rep. of)","IRN","IRN",72,"Germany","GFR","DEU",18814,7632,"0","-","0","0","0"
1,"q5rX4C",1,1619,2015,91,"Iran (Islamic Rep. of)","IRN","IRN",72,"Germany","GFR","DEU",19763,9390,"0","-","0","0","0"
1,"q5rX4C",1,1620,2016,91,"Iran (Islamic Rep. of)","IRN","IRN",72,"Germany","GFR","DEU",22910,27254,"0","-","0","0","0"
1,"q5rX4C",1,1621,2017,91,"Iran (Islamic Rep. of)","IRN","IRN",72,"Germany","GFR","DEU",38262,17876,"0","-","0","0","0"
1,"q5rX4C",1,1622,2018,91,"Iran (Islamic Rep. of)","IRN","IRN",72,"Germany","GFR","DEU",41150,21407,"0","-","0","0","0"
1,"q5rX4C",1,1623,2019,91,"Iran (Islamic Rep. of)","IRN","IRN",72,"Germany","GFR","DEU",43244,22005,"0","-","0","0","0"
1,"q5rX4C",1,1624,2020,91,"Iran (Islamic Rep. of)","IRN","IRN",72,"Germany","GFR","DEU",44965,18355,"0","-","0","0","0"
1,"q5rX4C",1,1625,2021,91,"Iran (Islamic Rep. of)","IRN","IRN",72,"Germany","GFR","DEU",46223,14128,"0","-","0","0","0"
1,"q5rX4C",1,1626,2022,91,"Iran (Islamic Rep. of)","IRN","IRN",72,"Germany","GFR","DEU",25452,13513,"0","-","0","0","0"
1,"q5rX4C",1,1627,2023,91,"Iran (Islamic Rep. of)","IRN","IRN",72,"Germany","GFR","DEU",48224,15934,"0","-","0","0","0"
1,"q5rX4C",1,1628,2024,91,"Iran (Islamic Rep. of)","IRN","IRN",72,"Germany","GFR","DEU",47068,15293,"0","-","0","0","0"
1,"q5rX4C",1,1629,2025,91,"Iran (Islamic Rep. of)","IRN","IRN",72,"Germany","GFR","DEU",46517,13761,"0","-","0","0","0"
1,"q5rX4C",1,1630,2000,92,"Iraq","IRQ","IRQ",72,"Germany","GFR","DEU","0",3655,"0","-","0","0","0"
1,"q5rX4C",1,1631,2001,92,"Iraq","IRQ","IRQ",72,"Germany","GFR","DEU","0",5454,"0","-","0","0","0"
1,"q5rX4C",1,1632,2002,92,"Iraq","IRQ","IRQ",72,"Germany","GFR","DEU",72697,4187,"0","-","0","0","0"
1,"q5rX4C",1,1633,2003,92,"Iraq","IRQ","IRQ",72,"Germany","GFR","DEU",73489,2794,"0","-","0","0","0"
1,"q5rX4C",1,1634,2004,92,"Iraq","IRQ","IRQ",72,"Germany","GFR","DEU",68071,844,"0","-","0","0","0"
1,"q5rX4C",1,1635,2005,92,"Iraq","IRQ","IRQ",72,"Germany","GFR","DEU",52922,5690,"0","-","0","0","0"
1,"q5rX4C",1,1636,2006,92,"Iraq","IRQ","IRQ",72,"Germany","GFR","DEU",36204,5228,"0","-","0","0","0"
1,"q5rX4C",1,1637,2007,92,"Iraq","IRQ","IRQ",72,"Germany","GFR","DEU",34731,5153,"0","-","0","0","0"
1,"q5rX4C",1,1638,2008,92,"Iraq","IRQ","IRQ",72,"Germany","GFR","DEU",38854,5801,"0","-","0","0",7763
1,"q5rX4C",1,1639,2009,92,"Iraq","IRQ","IRQ",72,"Germany","GFR","DEU",49033,5403,"0","-","0","0",6704
1,"q5rX4C",1,1640,2010,92,"Iraq","IRQ","IRQ",72,"Germany","GFR","DEU",50432,5589,"0","-","0","0",6709
1,"q5rX4C",1,1641,2011,92,"Iraq","IRQ","IRQ",72,"Germany","GFR","DEU",48976,6074,"0","-","0","0",7213
1,"q5rX4C",1,1642,2012,92,"Iraq","IRQ","IRQ",72,"Germany","GFR","DEU",49829,6302,"0","-","0","0","0"
1,"q5rX4C",1,1643,2013,92,"Iraq","IRQ","IRQ",72,"Germany","GFR","DEU",40230,6093,"0","-","0","0","0"
1,"q5rX4C",1,1644,2014,92,"Iraq","IRQ","IRQ",72,"Germany","GFR","DEU",41167,10360,"0","-","0","0","0"
1,"q5rX4C",1,1645,2015,92,"Iraq","IRQ","IRQ",72,"Germany","GFR","DEU",51396,25278,"0","-","0","0","0"
1,"q5rX4C",1,1646,2016,92,"Iraq","IRQ","IRQ",72,"Germany","GFR","DEU",86045,65646,"0","-","0","0","0"
1,"q5rX4C",1,1647,2017,92,"Iraq","IRQ","IRQ",72,"Germany","GFR","DEU",130640,45672,"0","-","0","0","0"
1,"q5rX4C",1,1648,2018,92,"Iraq","IRQ","IRQ",72,"Germany","GFR","DEU",136463,41954,"0","-","0","0","0"
1,"q5rX4C",1,1649,2019,92,"Iraq","IRQ","IRQ",72,"Germany","GFR","DEU",141650,34890,"0","-","0","0","0"
1,"q5rX4C",1,1650,2020,92,"Iraq","IRQ","IRQ",72,"Germany","GFR","DEU",146009,27400,"0","-","0","0","0"
1,"q5rX4C",1,1651,2021,92,"Iraq","IRQ","IRQ",72,"Germany","GFR","DEU",147869,29206,"0","-","0","0","0"
1,"q5rX4C",1,1652,2022,92,"Iraq","IRQ","IRQ",72,"Germany","GFR","DEU",103374,29893,"0","-","0","0","0"
1,"q5rX4C",1,1653,2023,92,"Iraq","IRQ","IRQ",72,"Germany","GFR","DEU",146481,28738,"0","-","0","0","0"
1,"q5rX4C",1,1654,2024,92,"Iraq","IRQ","IRQ",72,"Germany","GFR","DEU",138535,25905,"0","-","0","0","0"
1,"q5rX4C",1,1655,2025,92,"Iraq","IRQ","IRQ",72,"Germany","GFR","DEU",133444,22553,"0","-","0","0","0"
1,"q5rX4C",1,1656,2000,93,"Israel","ISR","ISR",72,"Germany","GFR","DEU","0",7,"0","-","0","0","0"
1,"q5rX4C",1,1657,2001,93,"Israel","ISR","ISR",72,"Germany","GFR","DEU","0",7,"0","-","0","0","0"
1,"q5rX4C",1,1658,2002,93,"Israel","ISR","ISR",72,"Germany","GFR","DEU",337,57,"0","-","0","0","0"
1,"q5rX4C",1,1659,2003,93,"Israel","ISR","ISR",72,"Germany","GFR","DEU",388,38,"0","-","0","0","0"
1,"q5rX4C",1,1660,2004,93,"Israel","ISR","ISR",72,"Germany","GFR","DEU",373,17,"0","-","0","0","0"
1,"q5rX4C",1,1661,2005,93,"Israel","ISR","ISR",72,"Germany","GFR","DEU",160,59,"0","-","0","0","0"
1,"q5rX4C",1,1662,2006,93,"Israel","ISR","ISR",72,"Germany","GFR","DEU",199,109,"0","-","0","0","0"
1,"q5rX4C",1,1663,2007,93,"Israel","ISR","ISR",72,"Germany","GFR","DEU",612,29,"0","-","0","0","0"
1,"q5rX4C",1,1664,2008,93,"Israel","ISR","ISR",72,"Germany","GFR","DEU",574,10,"0","-","0","0","0"
1,"q5rX4C",1,1665,2009,93,"Israel","ISR","ISR",72,"Germany","GFR","DEU",350,18,"0","-","0","0","0"
1,"q5rX4C",1,1666,2010,93,"Israel","ISR","ISR",72,"Germany","GFR","DEU",339,16,"0","-","0","0","0"
1,"q5rX4C",1,1667,2011,93,"Israel","ISR","ISR",72,"Germany","GFR","DEU",343,14,"0","-","0","0","0"
1,"q5rX4C",1,1668,2012,93,"Israel","ISR","ISR",72,"Germany","GFR","DEU",325,30,"0","-","0","0","0"
1,"q5rX4C",1,1669,2013,93,"Israel","ISR","ISR",72,"Germany","GFR","DEU",43,40,"0","-","0","0","0"
1,"q5rX4C",1,1670,2014,93,"Israel","ISR","ISR",72,"Germany","GFR","DEU",39,47,"0","-","0","0","0"
1,"q5rX4C",1,1671,2015,93,"Israel","ISR","ISR",72,"Germany","GFR","DEU",26,60,"0","-","0","0","0"
1,"q5rX4C",1,1672,2016,93,"Israel","ISR","ISR",72,"Germany","GFR","DEU",26,59,"0","-","0","0","0"
1,"q5rX4C",1,1673,2017,93,"Israel","ISR","ISR",72,"Germany","GFR","DEU",33,38,"0","-","0","0","0"
1,"q5rX4C",1,1674,2018,93,"Israel","ISR","ISR",72,"Germany","GFR","DEU",41,36,"0","-","0","0","0"
1,"q5rX4C",1,1675,2019,93,"Israel","ISR","ISR",72,"Germany","GFR","DEU",39,41,"0","-","0","0","0"
1,"q5rX4C",1,1676,2020,93,"Israel","ISR","ISR",72,"Germany","GFR","DEU",40,26,"0","-","0","0","0"
1,"q5rX4C",1,1677,2021,93,"Israel","ISR","ISR",72,"Germany","GFR","DEU",31,19,"0","-","0","0","0"
1,"q5rX4C",1,1678,2022,93,"Israel","ISR","ISR",72,"Germany","GFR","DEU",117,27,"0","-","0","0","0"
1,"q5rX4C",1,1679,2023,93,"Israel","ISR","ISR",72,"Germany","GFR","DEU",163,77,"0","-","0","0","0"
1,"q5rX4C",1,1680,2024,93,"Israel","ISR","ISR",72,"Germany","GFR","DEU",171,96,"0","-","0","0","0"
1,"q5rX4C",1,1681,2025,93,"Israel","ISR","ISR",72,"Germany","GFR","DEU",166,83,"0","-","0","0","0"
1,"q5rX4C",1,1682,2002,94,"Italy","ITA","ITA",72,"Germany","GFR","DEU",191,"0","0","-","0","0","0"
1,"q5rX4C",1,1683,2003,94,"Italy","ITA","ITA",72,"Germany","GFR","DEU",179,"0","0","-","0","0","0"
1,"q5rX4C",1,1684,2004,94,"Italy","ITA","ITA",72,"Germany","GFR","DEU",180,"0","0","-","0","0","0"
1,"q5rX4C",1,1685,2005,94,"Italy","ITA","ITA",72,"Germany","GFR","DEU",204,"0","0","-","0","0","0"
1,"q5rX4C",1,1686,2006,94,"Italy","ITA","ITA",72,"Germany","GFR","DEU",82,"0","0","-","0","0","0"
1,"q5rX4C",1,1687,2007,94,"Italy","ITA","ITA",72,"Germany","GFR","DEU",62,"0","0","-","0","0","0"
1,"q5rX4C",1,1688,2008,94,"Italy","ITA","ITA",72,"Germany","GFR","DEU",32,"0","0","-","0","0","0"
1,"q5rX4C",1,1689,2009,94,"Italy","ITA","ITA",72,"Germany","GFR","DEU",10,5,"0","-","0","0","0"
1,"q5rX4C",1,1690,2010,94,"Italy","ITA","ITA",72,"Germany","GFR","DEU",11,"0","0","-","0","0","0"
1,"q5rX4C",1,1691,2011,94,"Italy","ITA","ITA",72,"Germany","GFR","DEU",9,"0","0","-","0","0","0"
1,"q5rX4C",1,1692,2012,94,"Italy","ITA","ITA",72,"Germany","GFR","DEU",11,"0","0","-","0","0","0"
1,"q5rX4C",1,1693,2013,94,"Italy","ITA","ITA",72,"Germany","GFR","DEU",10,15,"0","-","0","0","0"
1,"q5rX4C",1,1694,2014,94,"Italy","ITA","ITA",72,"Germany","GFR","DEU",11,22,"0","-","0","0","0"
1,"q5rX4C",1,1695,2015,94,"Italy","ITA","ITA",72,"Germany","GFR","DEU",13,21,"0","-","0","0","0"
1,"q5rX4C",1,1696,2016,94,"Italy","ITA","ITA",72,"Germany","GFR","DEU",14,21,"0","-","0","0","0"
1,"q5rX4C",1,1697,2017,94,"Italy","ITA","ITA",72,"Germany","GFR","DEU",17,33,"0","-","0","0","0"
1,"q5rX4C",1,1698,2018,94,"Italy","ITA","ITA",72,"Germany","GFR","DEU",27,25,"0","-","0","0","0"
1,"q5rX4C",1,1699,2019,94,"Italy","ITA","ITA",72,"Germany","GFR","DEU",34,10,"0","-","0","0","0"
1,"q5rX4C",1,1700,2020,94,"Italy","ITA","ITA",72,"Germany","GFR","DEU",30,6,"0","-","0","0","0"
1,"q5rX4C",1,1701,2021,94,"Italy","ITA","ITA",72,"Germany","GFR","DEU",31,"0","0","-","0","0","0"
1,"q5rX4C",1,1702,2022,94,"Italy","ITA","ITA",72,"Germany","GFR","DEU",44,"0","0","-","0","0","0"
1,"q5rX4C",1,1703,2023,94,"Italy","ITA","ITA",72,"Germany","GFR","DEU",48,10,"0","-","0","0","0"
1,"q5rX4C",1,1704,2024,94,"Italy","ITA","ITA",72,"Germany","GFR","DEU",53,13,"0","-","0","0","0"
1,"q5rX4C",1,1705,2025,94,"Italy","ITA","ITA",72,"Germany","GFR","DEU",54,12,"0","-","0","0","0"
1,"q5rX4C",1,1706,2002,95,"Jamaica","JAM","JAM",72,"Germany","GFR","DEU",14,"0","0","-","0","0","0"
1,"q5rX4C",1,1707,2003,95,"Jamaica","JAM","JAM",72,"Germany","GFR","DEU",13,"0","0","-","0","0","0"
1,"q5rX4C",1,1708,2004,95,"Jamaica","JAM","JAM",72,"Germany","GFR","DEU",15,"0","0","-","0","0","0"
1,"q5rX4C",1,1709,2005,95,"Jamaica","JAM","JAM",72,"Germany","GFR","DEU",5,"0","0","-","0","0","0"
1,"q5rX4C",1,1710,2006,95,"Jamaica","JAM","JAM",72,"Germany","GFR","DEU",75,"0","0","-","0","0","0"
1,"q5rX4C",1,1711,2007,95,"Jamaica","JAM","JAM",72,"Germany","GFR","DEU",64,"0","0","-","0","0","0"
1,"q5rX4C",1,1712,2008,95,"Jamaica","JAM","JAM",72,"Germany","GFR","DEU",59,5,"0","-","0","0","0"
1,"q5rX4C",1,1713,2009,95,"Jamaica","JAM","JAM",72,"Germany","GFR","DEU",16,"0","0","-","0","0","0"
1,"q5rX4C",1,1714,2010,95,"Jamaica","JAM","JAM",72,"Germany","GFR","DEU",15,"0","0","-","0","0","0"
1,"q5rX4C",1,1715,2011,95,"Jamaica","JAM","JAM",72,"Germany","GFR","DEU",15,6,"0","-","0","0","0"
1,"q5rX4C",1,1716,2012,95,"Jamaica","JAM","JAM",72,"Germany","GFR","DEU",13,17,"0","-","0","0","0"
1,"q5rX4C",1,1717,2013,95,"Jamaica","JAM","JAM",72,"Germany","GFR","DEU",5,24,"0","-","0","0","0"
1,"q5rX4C",1,1718,2014,95,"Jamaica","JAM","JAM",72,"Germany","GFR","DEU",6,20,"0","-","0","0","0"
1,"q5rX4C",1,1719,2015,95,"Jamaica","JAM","JAM",72,"Germany","GFR","DEU",6,28,"0","-","0","0","0"
1,"q5rX4C",1,1720,2016,95,"Jamaica","JAM","JAM",72,"Germany","GFR","DEU",7,43,"0","-","0","0","0"
1,"q5rX4C",1,1721,2017,95,"Jamaica","JAM","JAM",72,"Germany","GFR","DEU",46,63,"0","-","0","0","0"
1,"q5rX4C",1,1722,2018,95,"Jamaica","JAM","JAM",72,"Germany","GFR","DEU",55,38,"0","-","0","0","0"
1,"q5rX4C",1,1723,2019,95,"Jamaica","JAM","JAM",72,"Germany","GFR","DEU",66,62,"0","-","0","0","0"
1,"q5rX4C",1,1724,2020,95,"Jamaica","JAM","JAM",72,"Germany","GFR","DEU",68,40,"0","-","0","0","0"
1,"q5rX4C",1,1725,2021,95,"Jamaica","JAM","JAM",72,"Germany","GFR","DEU",72,42,"0","-","0","0","0"
1,"q5rX4C",1,1726,2022,95,"Jamaica","JAM","JAM",72,"Germany","GFR","DEU",26,35,"0","-","0","0","0"
1,"q5rX4C",1,1727,2023,95,"Jamaica","JAM","JAM",72,"Germany","GFR","DEU",90,32,"0","-","0","0","0"
1,"q5rX4C",1,1728,2024,95,"Jamaica","JAM","JAM",72,"Germany","GFR","DEU",99,46,"0","-","0","0","0"
1,"q5rX4C",1,1729,2025,95,"Jamaica","JAM","JAM",72,"Germany","GFR","DEU",105,35,"0","-","0","0","0"
1,"q5rX4C",1,1730,2000,96,"Jordan","JOR","JOR",72,"Germany","GFR","DEU","0",27,"0","-","0","0","0"
1,"q5rX4C",1,1731,2001,96,"Jordan","JOR","JOR",72,"Germany","GFR","DEU","0",28,"0","-","0","0","0"
1,"q5rX4C",1,1732,2002,96,"Jordan","JOR","JOR",72,"Germany","GFR","DEU",554,39,"0","-","0","0","0"
1,"q5rX4C",1,1733,2003,96,"Jordan","JOR","JOR",72,"Germany","GFR","DEU",575,23,"0","-","0","0","0"
1,"q5rX4C",1,1734,2004,96,"Jordan","JOR","JOR",72,"Germany","GFR","DEU",572,22,"0","-","0","0","0"
1,"q5rX4C",1,1735,2005,96,"Jordan","JOR","JOR",72,"Germany","GFR","DEU",1032,102,"0","-","0","0","0"
1,"q5rX4C",1,1736,2006,96,"Jordan","JOR","JOR",72,"Germany","GFR","DEU",596,73,"0","-","0","0","0"
1,"q5rX4C",1,1737,2007,96,"Jordan","JOR","JOR",72,"Germany","GFR","DEU",549,37,"0","-","0","0","0"
1,"q5rX4C",1,1738,2008,96,"Jordan","JOR","JOR",72,"Germany","GFR","DEU",538,42,"0","-","0","0","0"
1,"q5rX4C",1,1739,2009,96,"Jordan","JOR","JOR",72,"Germany","GFR","DEU",788,62,"0","-","0","0","0"
1,"q5rX4C",1,1740,2010,96,"Jordan","JOR","JOR",72,"Germany","GFR","DEU",828,60,"0","-","0","0","0"
1,"q5rX4C",1,1741,2011,96,"Jordan","JOR","JOR",72,"Germany","GFR","DEU",795,50,"0","-","0","0","0"
1,"q5rX4C",1,1742,2012,96,"Jordan","JOR","JOR",72,"Germany","GFR","DEU",847,46,"0","-","0","0","0"
1,"q5rX4C",1,1743,2013,96,"Jordan","JOR","JOR",72,"Germany","GFR","DEU",99,99,"0","-","0","0","0"
1,"q5rX4C",1,1744,2014,96,"Jordan","JOR","JOR",72,"Germany","GFR","DEU",107,175,"0","-","0","0","0"
1,"q5rX4C",1,1745,2015,96,"Jordan","JOR","JOR",72,"Germany","GFR","DEU",138,258,"0","-","0","0","0"
1,"q5rX4C",1,1746,2016,96,"Jordan","JOR","JOR",72,"Germany","GFR","DEU",182,344,"0","-","0","0","0"
1,"q5rX4C",1,1747,2017,96,"Jordan","JOR","JOR",72,"Germany","GFR","DEU",318,389,"0","-","0","0","0"
1,"q5rX4C",1,1748,2018,96,"Jordan","JOR","JOR",72,"Germany","GFR","DEU",382,387,"0","-","0","0","0"
1,"q5rX4C",1,1749,2019,96,"Jordan","JOR","JOR",72,"Germany","GFR","DEU",435,448,"0","-","0","0","0"
1,"q5rX4C",1,1750,2020,96,"Jordan","JOR","JOR",72,"Germany","GFR","DEU",485,426,"0","-","0","0","0"
1,"q5rX4C",1,1751,2021,96,"Jordan","JOR","JOR",72,"Germany","GFR","DEU",496,405,"0","-","0","0","0"
1,"q5rX4C",1,1752,2022,96,"Jordan","JOR","JOR",72,"Germany","GFR","DEU",747,391,"0","-","0","0","0"
1,"q5rX4C",1,1753,2023,96,"Jordan","JOR","JOR",72,"Germany","GFR","DEU",999,595,"0","-","0","0","0"
1,"q5rX4C",1,1754,2024,96,"Jordan","JOR","JOR",72,"Germany","GFR","DEU",1059,710,"0","-","0","0","0"
1,"q5rX4C",1,1755,2025,96,"Jordan","JOR","JOR",72,"Germany","GFR","DEU",1061,770,"0","-","0","0","0"
1,"q5rX4C",1,1756,2002,97,"Japan","JPN","JPN",72,"Germany","GFR","DEU",14,"0","0","-","0","0","0"
1,"q5rX4C",1,1757,2003,97,"Japan","JPN","JPN",72,"Germany","GFR","DEU",12,"0","0","-","0","0","0"
1,"q5rX4C",1,1758,2004,97,"Japan","JPN","JPN",72,"Germany","GFR","DEU",9,"0","0","-","0","0","0"
1,"q5rX4C",1,1759,2006,97,"Japan","JPN","JPN",72,"Germany","GFR","DEU",146,"0","0","-","0","0","0"
1,"q5rX4C",1,1760,2007,97,"Japan","JPN","JPN",72,"Germany","GFR","DEU",497,"0","0","-","0","0","0"
1,"q5rX4C",1,1761,2008,97,"Japan","JPN","JPN",72,"Germany","GFR","DEU",158,"0","0","-","0","0","0"
1,"q5rX4C",1,1762,2009,97,"Japan","JPN","JPN",72,"Germany","GFR","DEU",121,"0","0","-","0","0","0"
1,"q5rX4C",1,1763,2010,97,"Japan","JPN","JPN",72,"Germany","GFR","DEU",123,"0","0","-","0","0","0"
1,"q5rX4C",1,1764,2011,97,"Japan","JPN","JPN",72,"Germany","GFR","DEU",139,"0","0","-","0","0","0"
1,"q5rX4C",1,1765,2012,97,"Japan","JPN","JPN",72,"Germany","GFR","DEU",136,"0","0","-","0","0","0"
1,"q5rX4C",1,1766,2013,97,"Japan","JPN","JPN",72,"Germany","GFR","DEU",112,"0","0","-","0","0","0"
1,"q5rX4C",1,1767,2014,97,"Japan","JPN","JPN",72,"Germany","GFR","DEU",216,"0","0","-","0","0","0"
1,"q5rX4C",1,1768,2015,97,"Japan","JPN","JPN",72,"Germany","GFR","DEU",101,"0","0","-","0","0","0"
1,"q5rX4C",1,1769,2016,97,"Japan","JPN","JPN",72,"Germany","GFR","DEU",37,"0","0","-","0","0","0"
1,"q5rX4C",1,1770,2017,97,"Japan","JPN","JPN",72,"Germany","GFR","DEU",28,"0","0","-","0","0","0"
1,"q5rX4C",1,1771,2018,97,"Japan","JPN","JPN",72,"Germany","GFR","DEU",24,"0","0","-","0","0","0"
1,"q5rX4C",1,1772,2019,97,"Japan","JPN","JPN",72,"Germany","GFR","DEU",23,5,"0","-","0","0","0"
1,"q5rX4C",1,1773,2020,97,"Japan","JPN","JPN",72,"Germany","GFR","DEU",23,5,"0","-","0","0","0"
1,"q5rX4C",1,1774,2021,97,"Japan","JPN","JPN",72,"Germany","GFR","DEU",23,5,"0","-","0","0","0"
1,"q5rX4C",1,1775,2022,97,"Japan","JPN","JPN",72,"Germany","GFR","DEU",37,5,"0","-","0","0","0"
1,"q5rX4C",1,1776,2023,97,"Japan","JPN","JPN",72,"Germany","GFR","DEU",36,"0","0","-","0","0","0"
1,"q5rX4C",1,1777,2024,97,"Japan","JPN","JPN",72,"Germany","GFR","DEU",24,"0","0","-","0","0","0"
1,"q5rX4C",1,1778,2025,97,"Japan","JPN","JPN",72,"Germany","GFR","DEU",24,"0","0","-","0","0","0"
1,"q5rX4C",1,1779,2000,98,"Kazakhstan","KAZ","KAZ",72,"Germany","GFR","DEU","0",50,"0","-","0","0","0"
1,"q5rX4C",1,1780,2001,98,"Kazakhstan","KAZ","KAZ",72,"Germany","GFR","DEU","0",68,"0","-","0","0","0"
1,"q5rX4C",1,1781,2002,98,"Kazakhstan","KAZ","KAZ",72,"Germany","GFR","DEU",3464,56,"0","-","0","0","0"
1,"q5rX4C",1,1782,2003,98,"Kazakhstan","KAZ","KAZ",72,"Germany","GFR","DEU",3706,34,"0","-","0","0","0"
1,"q5rX4C",1,1783,2004,98,"Kazakhstan","KAZ","KAZ",72,"Germany","GFR","DEU",3524,12,"0","-","0","0","0"
1,"q5rX4C",1,1784,2005,98,"Kazakhstan","KAZ","KAZ",72,"Germany","GFR","DEU",1812,72,"0","-","0","0","0"
1,"q5rX4C",1,1785,2006,98,"Kazakhstan","KAZ","KAZ",72,"Germany","GFR","DEU",3799,29,"0","-","0","0","0"
1,"q5rX4C",1,1786,2007,98,"Kazakhstan","KAZ","KAZ",72,"Germany","GFR","DEU",2980,15,"0","-","0","0","0"
1,"q5rX4C",1,1787,2008,98,"Kazakhstan","KAZ","KAZ",72,"Germany","GFR","DEU",2755,17,"0","-","0","0","0"
1,"q5rX4C",1,1788,2009,98,"Kazakhstan","KAZ","KAZ",72,"Germany","GFR","DEU",1665,22,"0","-","0","0","0"
1,"q5rX4C",1,1789,2010,98,"Kazakhstan","KAZ","KAZ",72,"Germany","GFR","DEU",1675,30,"0","-","0","0","0"
1,"q5rX4C",1,1790,2011,98,"Kazakhstan","KAZ","KAZ",72,"Germany","GFR","DEU",1626,45,"0","-","0","0","0"
1,"q5rX4C",1,1791,2012,98,"Kazakhstan","KAZ","KAZ",72,"Germany","GFR","DEU",1627,73,"0","-","0","0","0"
1,"q5rX4C",1,1792,2013,98,"Kazakhstan","KAZ","KAZ",72,"Germany","GFR","DEU",84,157,"0","-","0","0","0"
1,"q5rX4C",1,1793,2014,98,"Kazakhstan","KAZ","KAZ",72,"Germany","GFR","DEU",89,188,"0","-","0","0","0"
1,"q5rX4C",1,1794,2015,98,"Kazakhstan","KAZ","KAZ",72,"Germany","GFR","DEU",87,181,"0","-","0","0","0"
1,"q5rX4C",1,1795,2016,98,"Kazakhstan","KAZ","KAZ",72,"Germany","GFR","DEU",91,238,"0","-","0","0","0"
1,"q5rX4C",1,1796,2017,98,"Kazakhstan","KAZ","KAZ",72,"Germany","GFR","DEU",95,217,"0","-","0","0","0"
1,"q5rX4C",1,1797,2018,98,"Kazakhstan","KAZ","KAZ",72,"Germany","GFR","DEU",99,191,"0","-","0","0","0"
1,"q5rX4C",1,1798,2019,98,"Kazakhstan","KAZ","KAZ",72,"Germany","GFR","DEU",114,168,"0","-","0","0","0"
1,"q5rX4C",1,1799,2020,98,"Kazakhstan","KAZ","KAZ",72,"Germany","GFR","DEU",117,205,"0","-","0","0","0"
1,"q5rX4C",1,1800,2021,98,"Kazakhstan","KAZ","KAZ",72,"Germany","GFR","DEU",112,157,"0","-","0","0","0"
1,"q5rX4C",1,1801,2022,98,"Kazakhstan","KAZ","KAZ",72,"Germany","GFR","DEU",350,157,"0","-","0","0","0"
1,"q5rX4C",1,1802,2023,98,"Kazakhstan","KAZ","KAZ",72,"Germany","GFR","DEU",363,192,"0","-","0","0","0"
1,"q5rX4C",1,1803,2024,98,"Kazakhstan","KAZ","KAZ",72,"Germany","GFR","DEU",409,148,"0","-","0","0","0"
1,"q5rX4C",1,1804,2025,98,"Kazakhstan","KAZ","KAZ",72,"Germany","GFR","DEU",408,157,"0","-","0","0","0"
1,"q5rX4C",1,1805,2000,99,"Kenya","KEN","KEN",72,"Germany","GFR","DEU","0",6,"0","-","0","0","0"
1,"q5rX4C",1,1806,2001,99,"Kenya","KEN","KEN",72,"Germany","GFR","DEU","0",25,"0","-","0","0","0"
1,"q5rX4C",1,1807,2002,99,"Kenya","KEN","KEN",72,"Germany","GFR","DEU",179,25,"0","-","0","0","0"
1,"q5rX4C",1,1808,2003,99,"Kenya","KEN","KEN",72,"Germany","GFR","DEU",227,6,"0","-","0","0","0"
1,"q5rX4C",1,1809,2004,99,"Kenya","KEN","KEN",72,"Germany","GFR","DEU",217,7,"0","-","0","0","0"
1,"q5rX4C",1,1810,2005,99,"Kenya","KEN","KEN",72,"Germany","GFR","DEU",290,120,"0","-","0","0","0"
1,"q5rX4C",1,1811,2006,99,"Kenya","KEN","KEN",72,"Germany","GFR","DEU",343,147,"0","-","0","0","0"
1,"q5rX4C",1,1812,2007,99,"Kenya","KEN","KEN",72,"Germany","GFR","DEU",284,128,"0","-","0","0","0"
1,"q5rX4C",1,1813,2008,99,"Kenya","KEN","KEN",72,"Germany","GFR","DEU",284,233,"0","-","0","0","0"
1,"q5rX4C",1,1814,2009,99,"Kenya","KEN","KEN",72,"Germany","GFR","DEU",253,280,"0","-","0","0","0"
1,"q5rX4C",1,1815,2010,99,"Kenya","KEN","KEN",72,"Germany","GFR","DEU",290,302,"0","-","0","0","0"
1,"q5rX4C",1,1816,2011,99,"Kenya","KEN","KEN",72,"Germany","GFR","DEU",313,324,"0","-","0","0","0"
1,"q5rX4C",1,1817,2012,99,"Kenya","KEN","KEN",72,"Germany","GFR","DEU",365,275,"0","-","0","0","0"
1,"q5rX4C",1,1818,2013,99,"Kenya","KEN","KEN",72,"Germany","GFR","DEU",158,279,"0","-","0","0","0"
1,"q5rX4C",1,1819,2014,99,"Kenya","KEN","KEN",72,"Germany","GFR","DEU",182,370,"0","-","0","0","0"
1,"q5rX4C",1,1820,2015,99,"Kenya","KEN","KEN",72,"Germany","GFR","DEU",180,276,"0","-","0","0","0"
1,"q5rX4C",1,1821,2016,99,"Kenya","KEN","KEN",72,"Germany","GFR","DEU",170,339,"0","-","0","0","0"
1,"q5rX4C",1,1822,2017,99,"Kenya","KEN","KEN",72,"Germany","GFR","DEU",180,470,"0","-","0","0","0"
1,"q5rX4C",1,1823,2018,99,"Kenya","KEN","KEN",72,"Germany","GFR","DEU",183,645,"0","-","0","0","0"
1,"q5rX4C",1,1824,2019,99,"Kenya","KEN","KEN",72,"Germany","GFR","DEU",190,702,"0","-","0","0","0"
1,"q5rX4C",1,1825,2020,99,"Kenya","KEN","KEN",72,"Germany","GFR","DEU",172,674,"0","-","0","0","0"
1,"q5rX4C",1,1826,2021,99,"Kenya","KEN","KEN",72,"Germany","GFR","DEU",163,543,"0","-","0","0","0"
1,"q5rX4C",1,1827,2022,99,"Kenya","KEN","KEN",72,"Germany","GFR","DEU",160,474,"0","-","0","0","0"
1,"q5rX4C",1,1828,2023,99,"Kenya","KEN","KEN",72,"Germany","GFR","DEU",182,614,"0","-","0","0","0"
1,"q5rX4C",1,1829,2024,99,"Kenya","KEN","KEN",72,"Germany","GFR","DEU",207,560,"0","-","0","0","0"
1,"q5rX4C",1,1830,2025,99,"Kenya","KEN","KEN",72,"Germany","GFR","DEU",214,525,"0","-","0","0","0"
1,"q5rX4C",1,1831,2000,100,"Kyrgyzstan","KGZ","KGZ",72,"Germany","GFR","DEU","0",18,"0","-","0","0","0"
1,"q5rX4C",1,1832,2001,100,"Kyrgyzstan","KGZ","KGZ",72,"Germany","GFR","DEU","0",44,"0","-","0","0","0"
1,"q5rX4C",1,1833,2002,100,"Kyrgyzstan","KGZ","KGZ",72,"Germany","GFR","DEU",2106,17,"0","-","0","0","0"
1,"q5rX4C",1,1834,2003,100,"Kyrgyzstan","KGZ","KGZ",72,"Germany","GFR","DEU",2242,5,"0","-","0","0","0"
1,"q5rX4C",1,1835,2004,100,"Kyrgyzstan","KGZ","KGZ",72,"Germany","GFR","DEU",2275,14,"0","-","0","0","0"
1,"q5rX4C",1,1836,2005,100,"Kyrgyzstan","KGZ","KGZ",72,"Germany","GFR","DEU",1961,48,"0","-","0","0","0"
1,"q5rX4C",1,1837,2006,100,"Kyrgyzstan","KGZ","KGZ",72,"Germany","GFR","DEU",867,19,"0","-","0","0","0"
1,"q5rX4C",1,1838,2007,100,"Kyrgyzstan","KGZ","KGZ",72,"Germany","GFR","DEU",1213,19,"0","-","0","0","0"
1,"q5rX4C",1,1839,2008,100,"Kyrgyzstan","KGZ","KGZ",72,"Germany","GFR","DEU",1370,22,"0","-","0","0","0"
1,"q5rX4C",1,1840,2009,100,"Kyrgyzstan","KGZ","KGZ",72,"Germany","GFR","DEU",1358,31,"0","-","0","0","0"
1,"q5rX4C",1,1841,2010,100,"Kyrgyzstan","KGZ","KGZ",72,"Germany","GFR","DEU",1412,76,"0","-","0","0","0"
1,"q5rX4C",1,1842,2011,100,"Kyrgyzstan","KGZ","KGZ",72,"Germany","GFR","DEU",1535,118,"0","-","0","0","0"
1,"q5rX4C",1,1843,2012,100,"Kyrgyzstan","KGZ","KGZ",72,"Germany","GFR","DEU",1509,110,"0","-","0","0","0"
1,"q5rX4C",1,1844,2013,100,"Kyrgyzstan","KGZ","KGZ",72,"Germany","GFR","DEU",60,170,"0","-","0","0","0"
1,"q5rX4C",1,1845,2014,100,"Kyrgyzstan","KGZ","KGZ",72,"Germany","GFR","DEU",95,171,"0","-","0","0","0"
1,"q5rX4C",1,1846,2015,100,"Kyrgyzstan","KGZ","KGZ",72,"Germany","GFR","DEU",104,161,"0","-","0","0","0"
1,"q5rX4C",1,1847,2016,100,"Kyrgyzstan","KGZ","KGZ",72,"Germany","GFR","DEU",119,254,"0","-","0","0","0"
1,"q5rX4C",1,1848,2017,100,"Kyrgyzstan","KGZ","KGZ",72,"Germany","GFR","DEU",165,273,"0","-","0","0","0"
1,"q5rX4C",1,1849,2018,100,"Kyrgyzstan","KGZ","KGZ",72,"Germany","GFR","DEU",167,310,"0","-","0","0","0"
1,"q5rX4C",1,1850,2019,100,"Kyrgyzstan","KGZ","KGZ",72,"Germany","GFR","DEU",198,313,"0","-","0","0","0"
1,"q5rX4C",1,1851,2020,100,"Kyrgyzstan","KGZ","KGZ",72,"Germany","GFR","DEU",238,194,"0","-","0","0","0"
1,"q5rX4C",1,1852,2021,100,"Kyrgyzstan","KGZ","KGZ",72,"Germany","GFR","DEU",248,130,"0","-","0","0","0"
1,"q5rX4C",1,1853,2022,100,"Kyrgyzstan","KGZ","KGZ",72,"Germany","GFR","DEU",427,113,"0","-","0","0","0"
1,"q5rX4C",1,1854,2023,100,"Kyrgyzstan","KGZ","KGZ",72,"Germany","GFR","DEU",505,118,"0","-","0","0","0"
1,"q5rX4C",1,1855,2024,100,"Kyrgyzstan","KGZ","KGZ",72,"Germany","GFR","DEU",491,116,"0","-","0","0","0"
1,"q5rX4C",1,1856,2025,100,"Kyrgyzstan","KGZ","KGZ",72,"Germany","GFR","DEU",479,132,"0","-","0","0","0"
1,"q5rX4C",1,1857,2006,101,"Kiribati","KIR","KIR",72,"Germany","GFR","DEU",8,"0","0","-","0","0","0"
1,"q5rX4C",1,1858,2007,101,"Kiribati","KIR","KIR",72,"Germany","GFR","DEU",5,"0","0","-","0","0","0"
1,"q5rX4C",1,1859,2008,101,"Kiribati","KIR","KIR",72,"Germany","GFR","DEU",5,"0","0","-","0","0","0"
1,"q5rX4C",1,1860,2002,102,"Rep. of Korea","KOR","KOR",72,"Germany","GFR","DEU",157,5,"0","-","0","0","0"
1,"q5rX4C",1,1861,2003,102,"Rep. of Korea","KOR","KOR",72,"Germany","GFR","DEU",144,"0","0","-","0","0","0"
1,"q5rX4C",1,1862,2004,102,"Rep. of Korea","KOR","KOR",72,"Germany","GFR","DEU",137,"0","0","-","0","0","0"
1,"q5rX4C",1,1863,2005,102,"Rep. of Korea","KOR","KOR",72,"Germany","GFR","DEU",66,5,"0","-","0","0","0"
1,"q5rX4C",1,1864,2006,102,"Rep. of Korea","KOR","KOR",72,"Germany","GFR","DEU",1109,"0","0","-","0","0","0"
1,"q5rX4C",1,1865,2007,102,"Rep. of Korea","KOR","KOR",72,"Germany","GFR","DEU",857,"0","0","-","0","0","0"
1,"q5rX4C",1,1866,2008,102,"Rep. of Korea","KOR","KOR",72,"Germany","GFR","DEU",771,"0","0","-","0","0","0"
1,"q5rX4C",1,1867,2009,102,"Rep. of Korea","KOR","KOR",72,"Germany","GFR","DEU",226,"0","0","-","0","0","0"
1,"q5rX4C",1,1868,2010,102,"Rep. of Korea","KOR","KOR",72,"Germany","GFR","DEU",218,"0","0","-","0","0","0"
1,"q5rX4C",1,1869,2011,102,"Rep. of Korea","KOR","KOR",72,"Germany","GFR","DEU",139,"0","0","-","0","0","0"
1,"q5rX4C",1,1870,2012,102,"Rep. of Korea","KOR","KOR",72,"Germany","GFR","DEU",187,"0","0","-","0","0","0"
1,"q5rX4C",1,1871,2013,102,"Rep. of Korea","KOR","KOR",72,"Germany","GFR","DEU",122,5,"0","-","0","0","0"
1,"q5rX4C",1,1872,2014,102,"Rep. of Korea","KOR","KOR",72,"Germany","GFR","DEU",141,8,"0","-","0","0","0"
1,"q5rX4C",1,1873,2015,102,"Rep. of Korea","KOR","KOR",72,"Germany","GFR","DEU",82,12,"0","-","0","0","0"
1,"q5rX4C",1,1874,2016,102,"Rep. of Korea","KOR","KOR",72,"Germany","GFR","DEU",56,20,"0","-","0","0","0"
1,"q5rX4C",1,1875,2017,102,"Rep. of Korea","KOR","KOR",72,"Germany","GFR","DEU",45,13,"0","-","0","0","0"
1,"q5rX4C",1,1876,2018,102,"Rep. of Korea","KOR","KOR",72,"Germany","GFR","DEU",86,9,"0","-","0","0","0"
1,"q5rX4C",1,1877,2019,102,"Rep. of Korea","KOR","KOR",72,"Germany","GFR","DEU",30,17,"0","-","0","0","0"
1,"q5rX4C",1,1878,2020,102,"Rep. of Korea","KOR","KOR",72,"Germany","GFR","DEU",26,11,"0","-","0","0","0"
1,"q5rX4C",1,1879,2021,102,"Rep. of Korea","KOR","KOR",72,"Germany","GFR","DEU",22,5,"0","-","0","0","0"
1,"q5rX4C",1,1880,2022,102,"Rep. of Korea","KOR","KOR",72,"Germany","GFR","DEU",37,5,"0","-","0","0","0"
1,"q5rX4C",1,1881,2023,102,"Rep. of Korea","KOR","KOR",72,"Germany","GFR","DEU",37,"0","0","-","0","0","0"
1,"q5rX4C",1,1882,2024,102,"Rep. of Korea","KOR","KOR",72,"Germany","GFR","DEU",32,10,"0","-","0","0","0"
1,"q5rX4C",1,1883,2025,102,"Rep. of Korea","KOR","KOR",72,"Germany","GFR","DEU",34,10,"0","-","0","0","0"
1,"q5rX4C",1,1884,2000,103,"Dem. People's Rep. of Korea","KRN","PRK",72,"Germany","GFR","DEU","0",22,"0","-","0","0","0"
1,"q5rX4C",1,1885,2001,103,"Dem. People's Rep. of Korea","KRN","PRK",72,"Germany","GFR","DEU","0",19,"0","-","0","0","0"
1,"q5rX4C",1,1886,2002,103,"Dem. People's Rep. of Korea","KRN","PRK",72,"Germany","GFR","DEU",225,40,"0","-","0","0","0"
1,"q5rX4C",1,1887,2003,103,"Dem. People's Rep. of Korea","KRN","PRK",72,"Germany","GFR","DEU",258,5,"0","-","0","0","0"
1,"q5rX4C",1,1888,2004,103,"Dem. People's Rep. of Korea","KRN","PRK",72,"Germany","GFR","DEU",276,26,"0","-","0","0","0"
1,"q5rX4C",1,1889,2005,103,"Dem. People's Rep. of Korea","KRN","PRK",72,"Germany","GFR","DEU",193,42,"0","-","0","0","0"
1,"q5rX4C",1,1890,2006,103,"Dem. People's Rep. of Korea","KRN","PRK",72,"Germany","GFR","DEU",238,21,"0","-","0","0","0"
1,"q5rX4C",1,1891,2007,103,"Dem. People's Rep. of Korea","KRN","PRK",72,"Germany","GFR","DEU",204,14,"0","-","0","0","0"
1,"q5rX4C",1,1892,2008,103,"Dem. People's Rep. of Korea","KRN","PRK",72,"Germany","GFR","DEU",180,13,"0","-","0","0","0"
1,"q5rX4C",1,1893,2009,103,"Dem. People's Rep. of Korea","KRN","PRK",72,"Germany","GFR","DEU",156,14,"0","-","0","0","0"
1,"q5rX4C",1,1894,2010,103,"Dem. People's Rep. of Korea","KRN","PRK",72,"Germany","GFR","DEU",146,14,"0","-","0","0","0"
1,"q5rX4C",1,1895,2011,103,"Dem. People's Rep. of Korea","KRN","PRK",72,"Germany","GFR","DEU",193,10,"0","-","0","0","0"
1,"q5rX4C",1,1896,2012,103,"Dem. People's Rep. of Korea","KRN","PRK",72,"Germany","GFR","DEU",138,10,"0","-","0","0","0"
1,"q5rX4C",1,1897,2013,103,"Dem. People's Rep. of Korea","KRN","PRK",72,"Germany","GFR","DEU",112,83,"0","-","0","0","0"
1,"q5rX4C",1,1898,2014,103,"Dem. People's Rep. of Korea","KRN","PRK",72,"Germany","GFR","DEU",104,84,"0","-","0","0","0"
1,"q5rX4C",1,1899,2015,103,"Dem. People's Rep. of Korea","KRN","PRK",72,"Germany","GFR","DEU",101,114,"0","-","0","0","0"
1,"q5rX4C",1,1900,2016,103,"Dem. People's Rep. of Korea","KRN","PRK",72,"Germany","GFR","DEU",95,135,"0","-","0","0","0"
1,"q5rX4C",1,1901,2017,103,"Dem. People's Rep. of Korea","KRN","PRK",72,"Germany","GFR","DEU",92,75,"0","-","0","0","0"
1,"q5rX4C",1,1902,2018,103,"Dem. People's Rep. of Korea","KRN","PRK",72,"Germany","GFR","DEU",34,57,"0","-","0","0","0"
1,"q5rX4C",1,1903,2019,103,"Dem. People's Rep. of Korea","KRN","PRK",72,"Germany","GFR","DEU",85,39,"0","-","0","0","0"
1,"q5rX4C",1,1904,2020,103,"Dem. People's Rep. of Korea","KRN","PRK",72,"Germany","GFR","DEU",85,12,"0","-","0","0","0"
1,"q5rX4C",1,1905,2021,103,"Dem. People's Rep. of Korea","KRN","PRK",72,"Germany","GFR","DEU",89,5,"0","-","0","0","0"
1,"q5rX4C",1,1906,2022,103,"Dem. People's Rep. of Korea","KRN","PRK",72,"Germany","GFR","DEU",91,5,"0","-","0","0","0"
1,"q5rX4C",1,1907,2023,103,"Dem. People's Rep. of Korea","KRN","PRK",72,"Germany","GFR","DEU",89,"0","0","-","0","0","0"
1,"q5rX4C",1,1908,2024,103,"Dem. People's Rep. of Korea","KRN","PRK",72,"Germany","GFR","DEU",93,"0","0","-","0","0","0"
1,"q5rX4C",1,1909,2025,103,"Dem. People's Rep. of Korea","KRN","PRK",72,"Germany","GFR","DEU",90,"0","0","-","0","0","0"
1,"q5rX4C",1,1910,2002,104,"Kuwait","KUW","KWT",72,"Germany","GFR","DEU",35,6,"0","-","0","0","0"
1,"q5rX4C",1,1911,2003,104,"Kuwait","KUW","KWT",72,"Germany","GFR","DEU",34,7,"0","-","0","0","0"
1,"q5rX4C",1,1912,2004,104,"Kuwait","KUW","KWT",72,"Germany","GFR","DEU",30,"0","0","-","0","0","0"
1,"q5rX4C",1,1913,2005,104,"Kuwait","KUW","KWT",72,"Germany","GFR","DEU",12,5,"0","-","0","0","0"
1,"q5rX4C",1,1914,2006,104,"Kuwait","KUW","KWT",72,"Germany","GFR","DEU",114,"0","0","-","0","0","0"
1,"q5rX4C",1,1915,2007,104,"Kuwait","KUW","KWT",72,"Germany","GFR","DEU",116,"0","0","-","0","0","0"
1,"q5rX4C",1,1916,2008,104,"Kuwait","KUW","KWT",72,"Germany","GFR","DEU",96,"0","0","-","0","0","0"
1,"q5rX4C",1,1917,2009,104,"Kuwait","KUW","KWT",72,"Germany","GFR","DEU",151,"0","0","-","0","0","0"
1,"q5rX4C",1,1918,2010,104,"Kuwait","KUW","KWT",72,"Germany","GFR","DEU",162,"0","0","-","0","0","0"
1,"q5rX4C",1,1919,2011,104,"Kuwait","KUW","KWT",72,"Germany","GFR","DEU",186,"0","0","-","0","0","0"
1,"q5rX4C",1,1920,2012,104,"Kuwait","KUW","KWT",72,"Germany","GFR","DEU",267,"0","0","-","0","0","0"
1,"q5rX4C",1,1921,2013,104,"Kuwait","KUW","KWT",72,"Germany","GFR","DEU",5,"0","0","-","0","0","0"
1,"q5rX4C",1,1922,2014,104,"Kuwait","KUW","KWT",72,"Germany","GFR","DEU",13,"0","0","-","0","0","0"
1,"q5rX4C",1,1923,2015,104,"Kuwait","KUW","KWT",72,"Germany","GFR","DEU",5,5,"0","-","0","0","0"
1,"q5rX4C",1,1924,2016,104,"Kuwait","KUW","KWT",72,"Germany","GFR","DEU",14,25,"0","-","0","0","0"
1,"q5rX4C",1,1925,2017,104,"Kuwait","KUW","KWT",72,"Germany","GFR","DEU",31,41,"0","-","0","0","0"
1,"q5rX4C",1,1926,2018,104,"Kuwait","KUW","KWT",72,"Germany","GFR","DEU",27,51,"0","-","0","0","0"
1,"q5rX4C",1,1927,2019,104,"Kuwait","KUW","KWT",72,"Germany","GFR","DEU",30,31,"0","-","0","0","0"
1,"q5rX4C",1,1928,2020,104,"Kuwait","KUW","KWT",72,"Germany","GFR","DEU",39,33,"0","-","0","0","0"
1,"q5rX4C",1,1929,2021,104,"Kuwait","KUW","KWT",72,"Germany","GFR","DEU",48,58,"0","-","0","0","0"
1,"q5rX4C",1,1930,2022,104,"Kuwait","KUW","KWT",72,"Germany","GFR","DEU",53,90,"0","-","0","0","0"
1,"q5rX4C",1,1931,2023,104,"Kuwait","KUW","KWT",72,"Germany","GFR","DEU",78,94,"0","-","0","0","0"
1,"q5rX4C",1,1932,2024,104,"Kuwait","KUW","KWT",72,"Germany","GFR","DEU",81,108,"0","-","0","0","0"
1,"q5rX4C",1,1933,2025,104,"Kuwait","KUW","KWT",72,"Germany","GFR","DEU",73,90,"0","-","0","0","0"
1,"q5rX4C",1,1934,2001,105,"Lao People's Dem. Rep.","LAO","LAO",72,"Germany","GFR","DEU","0",5,"0","-","0","0","0"
1,"q5rX4C",1,1935,2002,105,"Lao People's Dem. Rep.","LAO","LAO",72,"Germany","GFR","DEU",403,5,"0","-","0","0","0"
1,"q5rX4C",1,1936,2003,105,"Lao People's Dem. Rep.","LAO","LAO",72,"Germany","GFR","DEU",421,5,"0","-","0","0","0"
1,"q5rX4C",1,1937,2004,105,"Lao People's Dem. Rep.","LAO","LAO",72,"Germany","GFR","DEU",315,"0","0","-","0","0","0"
1,"q5rX4C",1,1938,2005,105,"Lao People's Dem. Rep.","LAO","LAO",72,"Germany","GFR","DEU",246,6,"0","-","0","0","0"
1,"q5rX4C",1,1939,2006,105,"Lao People's Dem. Rep.","LAO","LAO",72,"Germany","GFR","DEU",151,"0","0","-","0","0","0"
1,"q5rX4C",1,1940,2007,105,"Lao People's Dem. Rep.","LAO","LAO",72,"Germany","GFR","DEU",173,"0","0","-","0","0","0"
1,"q5rX4C",1,1941,2008,105,"Lao People's Dem. Rep.","LAO","LAO",72,"Germany","GFR","DEU",171,"0","0","-","0","0","0"
1,"q5rX4C",1,1942,2009,105,"Lao People's Dem. Rep.","LAO","LAO",72,"Germany","GFR","DEU",173,"0","0","-","0","0","0"
1,"q5rX4C",1,1943,2010,105,"Lao People's Dem. Rep.","LAO","LAO",72,"Germany","GFR","DEU",176,"0","0","-","0","0","0"
1,"q5rX4C",1,1944,2011,105,"Lao People's Dem. Rep.","LAO","LAO",72,"Germany","GFR","DEU",172,"0","0","-","0","0","0"
1,"q5rX4C",1,1945,2012,105,"Lao People's Dem. Rep.","LAO","LAO",72,"Germany","GFR","DEU",174,"0","0","-","0","0","0"
1,"q5rX4C",1,1946,2013,105,"Lao People's Dem. Rep.","LAO","LAO",72,"Germany","GFR","DEU",55,"0","0","-","0","0","0"
1,"q5rX4C",1,1947,2014,105,"Lao People's Dem. Rep.","LAO","LAO",72,"Germany","GFR","DEU",52,"0","0","-","0","0","0"
1,"q5rX4C",1,1948,2015,105,"Lao People's Dem. Rep.","LAO","LAO",72,"Germany","GFR","DEU",50,"0","0","-","0","0","0"
1,"q5rX4C",1,1949,2016,105,"Lao People's Dem. Rep.","LAO","LAO",72,"Germany","GFR","DEU",48,"0","0","-","0","0","0"
1,"q5rX4C",1,1950,2017,105,"Lao People's Dem. Rep.","LAO","LAO",72,"Germany","GFR","DEU",44,"0","0","-","0","0","0"
1,"q5rX4C",1,1951,2018,105,"Lao People's Dem. Rep.","LAO","LAO",72,"Germany","GFR","DEU",41,"0","0","-","0","0","0"
1,"q5rX4C",1,1952,2019,105,"Lao People's Dem. Rep.","LAO","LAO",72,"Germany","GFR","DEU",41,"0","0","-","0","0","0"
1,"q5rX4C",1,1953,2020,105,"Lao People's Dem. Rep.","LAO","LAO",72,"Germany","GFR","DEU",41,"0","0","-","0","0","0"
1,"q5rX4C",1,1954,2021,105,"Lao People's Dem. Rep.","LAO","LAO",72,"Germany","GFR","DEU",40,"0","0","-","0","0","0"
1,"q5rX4C",1,1955,2022,105,"Lao People's Dem. Rep.","LAO","LAO",72,"Germany","GFR","DEU",43,"0","0","-","0","0","0"
1,"q5rX4C",1,1956,2023,105,"Lao People's Dem. Rep.","LAO","LAO",72,"Germany","GFR","DEU",42,"0","0","-","0","0","0"
1,"q5rX4C",1,1957,2024,105,"Lao People's Dem. Rep.","LAO","LAO",72,"Germany","GFR","DEU",39,"0","0","-","0","0","0"
1,"q5rX4C",1,1958,2025,105,"Lao People's Dem. Rep.","LAO","LAO",72,"Germany","GFR","DEU",37,"0","0","-","0","0","0"
1,"q5rX4C",1,1959,2000,106,"Liberia","LBR","LBR",72,"Germany","GFR","DEU","0",26,"0","-","0","0","0"
1,"q5rX4C",1,1960,2001,106,"Liberia","LBR","LBR",72,"Germany","GFR","DEU","0",45,"0","-","0","0","0"
1,"q5rX4C",1,1961,2002,106,"Liberia","LBR","LBR",72,"Germany","GFR","DEU",810,126,"0","-","0","0","0"
1,"q5rX4C",1,1962,2003,106,"Liberia","LBR","LBR",72,"Germany","GFR","DEU",815,425,"0","-","0","0","0"
1,"q5rX4C",1,1963,2004,106,"Liberia","LBR","LBR",72,"Germany","GFR","DEU",788,205,"0","-","0","0","0"
1,"q5rX4C",1,1964,2005,106,"Liberia","LBR","LBR",72,"Germany","GFR","DEU",744,287,"0","-","0","0","0"
1,"q5rX4C",1,1965,2006,106,"Liberia","LBR","LBR",72,"Germany","GFR","DEU",226,75,"0","-","0","0","0"
1,"q5rX4C",1,1966,2007,106,"Liberia","LBR","LBR",72,"Germany","GFR","DEU",258,33,"0","-","0","0","0"
1,"q5rX4C",1,1967,2008,106,"Liberia","LBR","LBR",72,"Germany","GFR","DEU",252,31,"0","-","0","0","0"
1,"q5rX4C",1,1968,2009,106,"Liberia","LBR","LBR",72,"Germany","GFR","DEU",357,35,"0","-","0","0","0"
1,"q5rX4C",1,1969,2010,106,"Liberia","LBR","LBR",72,"Germany","GFR","DEU",324,35,"0","-","0","0","0"
1,"q5rX4C",1,1970,2011,106,"Liberia","LBR","LBR",72,"Germany","GFR","DEU",276,30,"0","-","0","0","0"
1,"q5rX4C",1,1971,2012,106,"Liberia","LBR","LBR",72,"Germany","GFR","DEU",284,52,"0","-","0","0","0"
1,"q5rX4C",1,1972,2013,106,"Liberia","LBR","LBR",72,"Germany","GFR","DEU",68,80,"0","-","0","0","0"
1,"q5rX4C",1,1973,2014,106,"Liberia","LBR","LBR",72,"Germany","GFR","DEU",64,109,"0","-","0","0","0"
1,"q5rX4C",1,1974,2015,106,"Liberia","LBR","LBR",72,"Germany","GFR","DEU",61,147,"0","-","0","0","0"
1,"q5rX4C",1,1975,2016,106,"Liberia","LBR","LBR",72,"Germany","GFR","DEU",60,258,"0","-","0","0","0"
1,"q5rX4C",1,1976,2017,106,"Liberia","LBR","LBR",72,"Germany","GFR","DEU",73,301,"0","-","0","0","0"
1,"q5rX4C",1,1977,2018,106,"Liberia","LBR","LBR",72,"Germany","GFR","DEU",100,363,"0","-","0","0","0"
1,"q5rX4C",1,1978,2019,106,"Liberia","LBR","LBR",72,"Germany","GFR","DEU",102,372,"0","-","0","0","0"
1,"q5rX4C",1,1979,2020,106,"Liberia","LBR","LBR",72,"Germany","GFR","DEU",123,347,"0","-","0","0","0"
1,"q5rX4C",1,1980,2021,106,"Liberia","LBR","LBR",72,"Germany","GFR","DEU",135,289,"0","-","0","0","0"
1,"q5rX4C",1,1981,2022,106,"Liberia","LBR","LBR",72,"Germany","GFR","DEU",146,259,"0","-","0","0","0"
1,"q5rX4C",1,1982,2023,106,"Liberia","LBR","LBR",72,"Germany","GFR","DEU",180,405,"0","-","0","0","0"
1,"q5rX4C",1,1983,2024,106,"Liberia","LBR","LBR",72,"Germany","GFR","DEU",207,450,"0","-","0","0","0"
1,"q5rX4C",1,1984,2025,106,"Liberia","LBR","LBR",72,"Germany","GFR","DEU",238,489,"0","-","0","0","0"
1,"q5rX4C",1,1985,2000,107,"Libya","LBY","LBY",72,"Germany","GFR","DEU","0",48,"0","-","0","0","0"
1,"q5rX4C",1,1986,2001,107,"Libya","LBY","LBY",72,"Germany","GFR","DEU","0",74,"0","-","0","0","0"
1,"q5rX4C",1,1987,2002,107,"Libya","LBY","LBY",72,"Germany","GFR","DEU",495,91,"0","-","0","0","0"
1,"q5rX4C",1,1988,2003,107,"Libya","LBY","LBY",72,"Germany","GFR","DEU",535,54,"0","-","0","0","0"
1,"q5rX4C",1,1989,2004,107,"Libya","LBY","LBY",72,"Germany","GFR","DEU",651,46,"0","-","0","0","0"
1,"q5rX4C",1,1990,2005,107,"Libya","LBY","LBY",72,"Germany","GFR","DEU",353,108,"0","-","0","0","0"
1,"q5rX4C",1,1991,2006,107,"Libya","LBY","LBY",72,"Germany","GFR","DEU",338,69,"0","-","0","0","0"
1,"q5rX4C",1,1992,2007,107,"Libya","LBY","LBY",72,"Germany","GFR","DEU",470,44,"0","-","0","0","0"
1,"q5rX4C",1,1993,2008,107,"Libya","LBY","LBY",72,"Germany","GFR","DEU",558,40,"0","-","0","0","0"
1,"q5rX4C",1,1994,2009,107,"Libya","LBY","LBY",72,"Germany","GFR","DEU",571,23,"0","-","0","0","0"
1,"q5rX4C",1,1995,2010,107,"Libya","LBY","LBY",72,"Germany","GFR","DEU",636,26,"0","-","0","0","0"
1,"q5rX4C",1,1996,2011,107,"Libya","LBY","LBY",72,"Germany","GFR","DEU",686,160,"0","-","0","0","0"
1,"q5rX4C",1,1997,2012,107,"Libya","LBY","LBY",72,"Germany","GFR","DEU",2280,249,"0","-","0","0","0"
1,"q5rX4C",1,1998,2013,107,"Libya","LBY","LBY",72,"Germany","GFR","DEU",141,453,"0","-","0","0","0"
1,"q5rX4C",1,1999,2014,107,"Libya","LBY","LBY",72,"Germany","GFR","DEU",267,786,"0","-","0","0","0"
1,"q5rX4C",1,2000,2015,107,"Libya","LBY","LBY",72,"Germany","GFR","DEU",334,1574,"0","-","0","0","0"
1,"q5rX4C",1,2001,2016,107,"Libya","LBY","LBY",72,"Germany","GFR","DEU",686,1829,"0","-","0","0","0"
1,"q5rX4C",1,2002,2017,107,"Libya","LBY","LBY",72,"Germany","GFR","DEU",1379,1692,"0","-","0","0","0"
1,"q5rX4C",1,2003,2018,107,"Libya","LBY","LBY",72,"Germany","GFR","DEU",1732,1345,"0","-","0","0","0"
1,"q5rX4C",1,2004,2019,107,"Libya","LBY","LBY",72,"Germany","GFR","DEU",1987,1179,"0","-","0","0","0"
1,"q5rX4C",1,2005,2020,107,"Libya","LBY","LBY",72,"Germany","GFR","DEU",2545,935,"0","-","0","0","0"
1,"q5rX4C",1,2006,2021,107,"Libya","LBY","LBY",72,"Germany","GFR","DEU",2687,983,"0","-","0","0","0"
1,"q5rX4C",1,2007,2022,107,"Libya","LBY","LBY",72,"Germany","GFR","DEU",2442,1161,"0","-","0","0","0"
1,"q5rX4C",1,2008,2023,107,"Libya","LBY","LBY",72,"Germany","GFR","DEU",3051,1367,"0","-","0","0","0"
1,"q5rX4C",1,2009,2024,107,"Libya","LBY","LBY",72,"Germany","GFR","DEU",3084,1617,"0","-","0","0","0"
1,"q5rX4C",1,2010,2025,107,"Libya","LBY","LBY",72,"Germany","GFR","DEU",3068,1347,"0","-","0","0","0"
1,"q5rX4C",1,2011,2006,108,"Saint Lucia","LCA","LCA",72,"Germany","GFR","DEU",7,"0","0","-","0","0","0"
1,"q5rX4C",1,2012,2007,108,"Saint Lucia","LCA","LCA",72,"Germany","GFR","DEU",6,"0","0","-","0","0","0"
1,"q5rX4C",1,2013,2008,108,"Saint Lucia","LCA","LCA",72,"Germany","GFR","DEU",5,"0","0","-","0","0","0"
1,"q5rX4C",1,2014,2000,109,"Lebanon","LEB","LBN",72,"Germany","GFR","DEU","0",213,"0","-","0","0","0"
1,"q5rX4C",1,2015,2001,109,"Lebanon","LEB","LBN",72,"Germany","GFR","DEU","0",344,"0","-","0","0","0"
1,"q5rX4C",1,2016,2002,109,"Lebanon","LEB","LBN",72,"Germany","GFR","DEU",19035,362,"0","-","0","0","0"
1,"q5rX4C",1,2017,2003,109,"Lebanon","LEB","LBN",72,"Germany","GFR","DEU",18410,211,"0","-","0","0","0"
1,"q5rX4C",1,2018,2004,109,"Lebanon","LEB","LBN",72,"Germany","GFR","DEU",17302,103,"0","-","0","0","0"
1,"q5rX4C",1,2019,2005,109,"Lebanon","LEB","LBN",72,"Germany","GFR","DEU",15619,775,"0","-","0","0","0"
1,"q5rX4C",1,2020,2006,109,"Lebanon","LEB","LBN",72,"Germany","GFR","DEU",9335,960,"0","-","0","0","0"
1,"q5rX4C",1,2021,2007,109,"Lebanon","LEB","LBN",72,"Germany","GFR","DEU",9485,591,"0","-","0","0","0"
1,"q5rX4C",1,2022,2008,109,"Lebanon","LEB","LBN",72,"Germany","GFR","DEU",9650,680,"0","-","0","0","0"
1,"q5rX4C",1,2023,2009,109,"Lebanon","LEB","LBN",72,"Germany","GFR","DEU",12950,624,"0","-","0","0","0"
1,"q5rX4C",1,2024,2010,109,"Lebanon","LEB","LBN",72,"Germany","GFR","DEU",12514,487,"0","-","0","0","0"
1,"q5rX4C",1,2025,2011,109,"Lebanon","LEB","LBN",72,"Germany","GFR","DEU",11697,513,"0","-","0","0","0"
1,"q5rX4C",1,2026,2012,109,"Lebanon","LEB","LBN",72,"Germany","GFR","DEU",11819,657,"0","-","0","0","0"
1,"q5rX4C",1,2027,2013,109,"Lebanon","LEB","LBN",72,"Germany","GFR","DEU",449,824,"0","-","0","0","0"
1,"q5rX4C",1,2028,2014,109,"Lebanon","LEB","LBN",72,"Germany","GFR","DEU",489,1176,"0","-","0","0","0"
1,"q5rX4C",1,2029,2015,109,"Lebanon","LEB","LBN",72,"Germany","GFR","DEU",521,2068,"0","-","0","0","0"
1,"q5rX4C",1,2030,2016,109,"Lebanon","LEB","LBN",72,"Germany","GFR","DEU",804,4452,"0","-","0","0","0"
1,"q5rX4C",1,2031,2017,109,"Lebanon","LEB","LBN",72,"Germany","GFR","DEU",1390,4148,"0","-","0","0","0"
1,"q5rX4C",1,2032,2018,109,"Lebanon","LEB","LBN",72,"Germany","GFR","DEU",1557,2820,"0","-","0","0","0"
1,"q5rX4C",1,2033,2019,109,"Lebanon","LEB","LBN",72,"Germany","GFR","DEU",1656,2245,"0","-","0","0","0"
1,"q5rX4C",1,2034,2020,109,"Lebanon","LEB","LBN",72,"Germany","GFR","DEU",1775,1888,"0","-","0","0","0"
1,"q5rX4C",1,2035,2021,109,"Lebanon","LEB","LBN",72,"Germany","GFR","DEU",1872,1836,"0","-","0","0","0"
1,"q5rX4C",1,2036,2022,109,"Lebanon","LEB","LBN",72,"Germany","GFR","DEU",2401,2411,"0","-","0","0","0"
1,"q5rX4C",1,2037,2023,109,"Lebanon","LEB","LBN",72,"Germany","GFR","DEU",2917,2603,"0","-","0","0","0"
1,"q5rX4C",1,2038,2024,109,"Lebanon","LEB","LBN",72,"Germany","GFR","DEU",3157,2758,"0","-","0","0","0"
1,"q5rX4C",1,2039,2025,109,"Lebanon","LEB","LBN",72,"Germany","GFR","DEU",3187,2544,"0","-","0","0","0"
1,"q5rX4C",1,2040,2002,110,"Lesotho","LES","LSO",72,"Germany","GFR","DEU",5,"0","0","-","0","0","0"
1,"q5rX4C",1,2041,2003,110,"Lesotho","LES","LSO",72,"Germany","GFR","DEU",5,"0","0","-","0","0","0"
1,"q5rX4C",1,2042,2004,110,"Lesotho","LES","LSO",72,"Germany","GFR","DEU",5,"0","0","-","0","0","0"
1,"q5rX4C",1,2043,2006,110,"Lesotho","LES","LSO",72,"Germany","GFR","DEU",5,"0","0","-","0","0","0"
1,"q5rX4C",1,2044,2007,110,"Lesotho","LES","LSO",72,"Germany","GFR","DEU",5,"0","0","-","0","0","0"
1,"q5rX4C",1,2045,2008,110,"Lesotho","LES","LSO",72,"Germany","GFR","DEU",5,"0","0","-","0","0","0"
1,"q5rX4C",1,2046,2000,112,"Sri Lanka","LKA","LKA",72,"Germany","GFR","DEU","0",514,"0","-","0","0","0"
1,"q5rX4C",1,2047,2001,112,"Sri Lanka","LKA","LKA",72,"Germany","GFR","DEU","0",547,"0","-","0","0","0"
1,"q5rX4C",1,2048,2002,112,"Sri Lanka","LKA","LKA",72,"Germany","GFR","DEU",17403,368,"0","-","0","0","0"
1,"q5rX4C",1,2049,2003,112,"Sri Lanka","LKA","LKA",72,"Germany","GFR","DEU",15121,140,"0","-","0","0","0"
1,"q5rX4C",1,2050,2004,112,"Sri Lanka","LKA","LKA",72,"Germany","GFR","DEU",12850,110,"0","-","0","0","0"
1,"q5rX4C",1,2051,2005,112,"Sri Lanka","LKA","LKA",72,"Germany","GFR","DEU",15304,542,"0","-","0","0","0"
1,"q5rX4C",1,2052,2006,112,"Sri Lanka","LKA","LKA",72,"Germany","GFR","DEU",5831,446,"0","-","0","0","0"
1,"q5rX4C",1,2053,2007,112,"Sri Lanka","LKA","LKA",72,"Germany","GFR","DEU",6388,562,"0","-","0","0","0"
1,"q5rX4C",1,2054,2008,112,"Sri Lanka","LKA","LKA",72,"Germany","GFR","DEU",6594,738,"0","-","0","0","0"
1,"q5rX4C",1,2055,2009,112,"Sri Lanka","LKA","LKA",72,"Germany","GFR","DEU",12248,748,"0","-","0","0","0"
1,"q5rX4C",1,2056,2010,112,"Sri Lanka","LKA","LKA",72,"Germany","GFR","DEU",12057,687,"0","-","0","0","0"
1,"q5rX4C",1,2057,2011,112,"Sri Lanka","LKA","LKA",72,"Germany","GFR","DEU",11724,875,"0","-","0","0","0"
1,"q5rX4C",1,2058,2012,112,"Sri Lanka","LKA","LKA",72,"Germany","GFR","DEU",11672,994,"0","-","0","0","0"
1,"q5rX4C",1,2059,2013,112,"Sri Lanka","LKA","LKA",72,"Germany","GFR","DEU",4077,1243,"0","-","0","0","0"
1,"q5rX4C",1,2060,2014,112,"Sri Lanka","LKA","LKA",72,"Germany","GFR","DEU",4046,1308,"0","-","0","0","0"
1,"q5rX4C",1,2061,2015,112,"Sri Lanka","LKA","LKA",72,"Germany","GFR","DEU",3920,1271,"0","-","0","0","0"
1,"q5rX4C",1,2062,2016,112,"Sri Lanka","LKA","LKA",72,"Germany","GFR","DEU",3829,1523,"0","-","0","0","0"
1,"q5rX4C",1,2063,2017,112,"Sri Lanka","LKA","LKA",72,"Germany","GFR","DEU",3863,1608,"0","-","0","0","0"
1,"q5rX4C",1,2064,2018,112,"Sri Lanka","LKA","LKA",72,"Germany","GFR","DEU",3820,1494,"0","-","0","0","0"
1,"q5rX4C",1,2065,2019,112,"Sri Lanka","LKA","LKA",72,"Germany","GFR","DEU",3699,1375,"0","-","0","0","0"
1,"q5rX4C",1,2066,2020,112,"Sri Lanka","LKA","LKA",72,"Germany","GFR","DEU",3626,801,"0","-","0","0","0"
1,"q5rX4C",1,2067,2021,112,"Sri Lanka","LKA","LKA",72,"Germany","GFR","DEU",3591,487,"0","-","0","0","0"
1,"q5rX4C",1,2068,2022,112,"Sri Lanka","LKA","LKA",72,"Germany","GFR","DEU",3232,392,"0","-","0","0","0"
1,"q5rX4C",1,2069,2023,112,"Sri Lanka","LKA","LKA",72,"Germany","GFR","DEU",3459,766,"0","-","0","0","0"
1,"q5rX4C",1,2070,2024,112,"Sri Lanka","LKA","LKA",72,"Germany","GFR","DEU",3330,1108,"0","-","0","0","0"
1,"q5rX4C",1,2071,2025,112,"Sri Lanka","LKA","LKA",72,"Germany","GFR","DEU",3278,1121,"0","-","0","0","0"
1,"q5rX4C",1,2072,2000,113,"Lithuania","LTU","LTU",72,"Germany","GFR","DEU","0",18,"0","-","0","0","0"
1,"q5rX4C",1,2073,2001,113,"Lithuania","LTU","LTU",72,"Germany","GFR","DEU","0",23,"0","-","0","0","0"
1,"q5rX4C",1,2074,2002,113,"Lithuania","LTU","LTU",72,"Germany","GFR","DEU",1150,25,"0","-","0","0","0"
1,"q5rX4C",1,2075,2003,113,"Lithuania","LTU","LTU",72,"Germany","GFR","DEU",1282,12,"0","-","0","0","0"
1,"q5rX4C",1,2076,2004,113,"Lithuania","LTU","LTU",72,"Germany","GFR","DEU",1204,"0","0","-","0","0","0"
1,"q5rX4C",1,2077,2005,113,"Lithuania","LTU","LTU",72,"Germany","GFR","DEU",1129,9,"0","-","0","0","0"
1,"q5rX4C",1,2078,2006,113,"Lithuania","LTU","LTU",72,"Germany","GFR","DEU",564,"0","0","-","0","0","0"
1,"q5rX4C",1,2079,2007,113,"Lithuania","LTU","LTU",72,"Germany","GFR","DEU",159,6,"0","-","0","0","0"
1,"q5rX4C",1,2080,2008,113,"Lithuania","LTU","LTU",72,"Germany","GFR","DEU",186,"0","0","-","0","0","0"
1,"q5rX4C",1,2081,2009,113,"Lithuania","LTU","LTU",72,"Germany","GFR","DEU",208,5,"0","-","0","0","0"
1,"q5rX4C",1,2082,2010,113,"Lithuania","LTU","LTU",72,"Germany","GFR","DEU",236,"0","0","-","0","0","0"
1,"q5rX4C",1,2083,2011,113,"Lithuania","LTU","LTU",72,"Germany","GFR","DEU",246,"0","0","-","0","0","0"
1,"q5rX4C",1,2084,2012,113,"Lithuania","LTU","LTU",72,"Germany","GFR","DEU",244,5,"0","-","0","0","0"
1,"q5rX4C",1,2085,2013,113,"Lithuania","LTU","LTU",72,"Germany","GFR","DEU",7,5,"0","-","0","0","0"
1,"q5rX4C",1,2086,2014,113,"Lithuania","LTU","LTU",72,"Germany","GFR","DEU",6,5,"0","-","0","0","0"
1,"q5rX4C",1,2087,2015,113,"Lithuania","LTU","LTU",72,"Germany","GFR","DEU",5,"0","0","-","0","0","0"
1,"q5rX4C",1,2088,2016,113,"Lithuania","LTU","LTU",72,"Germany","GFR","DEU",5,"0","0","-","0","0","0"
1,"q5rX4C",1,2089,2017,113,"Lithuania","LTU","LTU",72,"Germany","GFR","DEU",5,"0","0","-","0","0","0"
1,"q5rX4C",1,2090,2018,113,"Lithuania","LTU","LTU",72,"Germany","GFR","DEU",5,"0","0","-","0","0","0"
1,"q5rX4C",1,2091,2019,113,"Lithuania","LTU","LTU",72,"Germany","GFR","DEU",5,"0","0","-","0","0","0"
1,"q5rX4C",1,2092,2020,113,"Lithuania","LTU","LTU",72,"Germany","GFR","DEU",5,"0","0","-","0","0","0"
1,"q5rX4C",1,2093,2021,113,"Lithuania","LTU","LTU",72,"Germany","GFR","DEU",5,"0","0","-","0","0","0"
1,"q5rX4C",1,2094,2022,113,"Lithuania","LTU","LTU",72,"Germany","GFR","DEU",18,"0","0","-","0","0","0"
1,"q5rX4C",1,2095,2023,113,"Lithuania","LTU","LTU",72,"Germany","GFR","DEU",18,"0","0","-","0","0","0"
1,"q5rX4C",1,2096,2024,113,"Lithuania","LTU","LTU",72,"Germany","GFR","DEU",15,"0","0","-","0","0","0"
1,"q5rX4C",1,2097,2025,113,"Lithuania","LTU","LTU",72,"Germany","GFR","DEU",15,"0","0","-","0","0","0"
1,"q5rX4C",1,2098,2019,114,"Luxembourg","LUX","LUX",72,"Germany","GFR","DEU",5,"0","0","-","0","0","0"
1,"q5rX4C",1,2099,2020,114,"Luxembourg","LUX","LUX",72,"Germany","GFR","DEU",5,"0","0","-","0","0","0"
1,"q5rX4C",1,2100,2022,114,"Luxembourg","LUX","LUX",72,"Germany","GFR","DEU",5,"0","0","-","0","0","0"
1,"q5rX4C",1,2101,2023,114,"Luxembourg","LUX","LUX",72,"Germany","GFR","DEU",5,"0","0","-","0","0","0"
1,"q5rX4C",1,2102,2024,114,"Luxembourg","LUX","LUX",72,"Germany","GFR","DEU",5,"0","0","-","0","0","0"
1,"q5rX4C",1,2103,2025,114,"Luxembourg","LUX","LUX",72,"Germany","GFR","DEU",5,"0","0","-","0","0","0"
1,"q5rX4C",1,2104,2001,115,"Latvia","LVA","LVA",72,"Germany","GFR","DEU","0",5,"0","-","0","0","0"
1,"q5rX4C",1,2105,2002,115,"Latvia","LVA","LVA",72,"Germany","GFR","DEU",2415,6,"0","-","0","0","0"
1,"q5rX4C",1,2106,2003,115,"Latvia","LVA","LVA",72,"Germany","GFR","DEU",2451,5,"0","-","0","0","0"
1,"q5rX4C",1,2107,2004,115,"Latvia","LVA","LVA",72,"Germany","GFR","DEU",2202,5,"0","-","0","0","0"
1,"q5rX4C",1,2108,2005,115,"Latvia","LVA","LVA",72,"Germany","GFR","DEU",1869,5,"0","-","0","0","0"
1,"q5rX4C",1,2109,2006,115,"Latvia","LVA","LVA",72,"Germany","GFR","DEU",537,7,"0","-","0","0","0"
1,"q5rX4C",1,2110,2007,115,"Latvia","LVA","LVA",72,"Germany","GFR","DEU",314,5,"0","-","0","0","0"
1,"q5rX4C",1,2111,2008,115,"Latvia","LVA","LVA",72,"Germany","GFR","DEU",431,"0","0","-","0","0","0"
1,"q5rX4C",1,2112,2009,115,"Latvia","LVA","LVA",72,"Germany","GFR","DEU",468,10,"0","-","0","0","0"
1,"q5rX4C",1,2113,2010,115,"Latvia","LVA","LVA",72,"Germany","GFR","DEU",457,5,"0","-","0","0","0"
1,"q5rX4C",1,2114,2011,115,"Latvia","LVA","LVA",72,"Germany","GFR","DEU",435,9,"0","-","0","0","0"
1,"q5rX4C",1,2115,2012,115,"Latvia","LVA","LVA",72,"Germany","GFR","DEU",414,5,"0","-","0","0","0"
1,"q5rX4C",1,2116,2013,115,"Latvia","LVA","LVA",72,"Germany","GFR","DEU",12,5,"0","-","0","0","0"
1,"q5rX4C",1,2117,2014,115,"Latvia","LVA","LVA",72,"Germany","GFR","DEU",10,5,"0","-","0","0","0"
1,"q5rX4C",1,2118,2015,115,"Latvia","LVA","LVA",72,"Germany","GFR","DEU",11,6,"0","-","0","0","0"
1,"q5rX4C",1,2119,2016,115,"Latvia","LVA","LVA",72,"Germany","GFR","DEU",9,10,"0","-","0","0","0"
1,"q5rX4C",1,2120,2017,115,"Latvia","LVA","LVA",72,"Germany","GFR","DEU",12,11,"0","-","0","0","0"
1,"q5rX4C",1,2121,2018,115,"Latvia","LVA","LVA",72,"Germany","GFR","DEU",8,5,"0","-","0","0","0"
1,"q5rX4C",1,2122,2019,115,"Latvia","LVA","LVA",72,"Germany","GFR","DEU",8,5,"0","-","0","0","0"
1,"q5rX4C",1,2123,2020,115,"Latvia","LVA","LVA",72,"Germany","GFR","DEU",7,5,"0","-","0","0","0"
1,"q5rX4C",1,2124,2021,115,"Latvia","LVA","LVA",72,"Germany","GFR","DEU",6,"0","0","-","0","0","0"
1,"q5rX4C",1,2125,2022,115,"Latvia","LVA","LVA",72,"Germany","GFR","DEU",9,"0","0","-","0","0","0"
1,"q5rX4C",1,2126,2023,115,"Latvia","LVA","LVA",72,"Germany","GFR","DEU",8,"0","0","-","0","0","0"
1,"q5rX4C",1,2127,2024,115,"Latvia","LVA","LVA",72,"Germany","GFR","DEU",10,"0","0","-","0","0","0"
1,"q5rX4C",1,2128,2025,115,"Latvia","LVA","LVA",72,"Germany","GFR","DEU",10,5,"0","-","0","0","0"
1,"q5rX4C",1,2129,2002,117,"Madagascar","MAD","MDG",72,"Germany","GFR","DEU",8,"0","0","-","0","0","0"
1,"q5rX4C",1,2130,2003,117,"Madagascar","MAD","MDG",72,"Germany","GFR","DEU",7,"0","0","-","0","0","0"
1,"q5rX4C",1,2131,2004,117,"Madagascar","MAD","MDG",72,"Germany","GFR","DEU",7,"0","0","-","0","0","0"
1,"q5rX4C",1,2132,2005,117,"Madagascar","MAD","MDG",72,"Germany","GFR","DEU",5,"0","0","-","0","0","0"
1,"q5rX4C",1,2133,2006,117,"Madagascar","MAD","MDG",72,"Germany","GFR","DEU",22,"0","0","-","0","0","0"
1,"q5rX4C",1,2134,2007,117,"Madagascar","MAD","MDG",72,"Germany","GFR","DEU",21,"0","0","-","0","0","0"
1,"q5rX4C",1,2135,2008,117,"Madagascar","MAD","MDG",72,"Germany","GFR","DEU",21,"0","0","-","0","0","0"
1,"q5rX4C",1,2136,2009,117,"Madagascar","MAD","MDG",72,"Germany","GFR","DEU",15,"0","0","-","0","0","0"
1,"q5rX4C",1,2137,2010,117,"Madagascar","MAD","MDG",72,"Germany","GFR","DEU",9,"0","0","-","0","0","0"
1,"q5rX4C",1,2138,2011,117,"Madagascar","MAD","MDG",72,"Germany","GFR","DEU",12,"0","0","-","0","0","0"
1,"q5rX4C",1,2139,2012,117,"Madagascar","MAD","MDG",72,"Germany","GFR","DEU",13,"0","0","-","0","0","0"
1,"q5rX4C",1,2140,2013,117,"Madagascar","MAD","MDG",72,"Germany","GFR","DEU",5,"0","0","-","0","0","0"
1,"q5rX4C",1,2141,2017,117,"Madagascar","MAD","MDG",72,"Germany","GFR","DEU","0",5,"0","-","0","0","0"
1,"q5rX4C",1,2142,2018,117,"Madagascar","MAD","MDG",72,"Germany","GFR","DEU",5,18,"0","-","0","0","0"
1,"q5rX4C",1,2143,2019,117,"Madagascar","MAD","MDG",72,"Germany","GFR","DEU","0",18,"0","-","0","0","0"
1,"q5rX4C",1,2144,2020,117,"Madagascar","MAD","MDG",72,"Germany","GFR","DEU","0",16,"0","-","0","0","0"
1,"q5rX4C",1,2145,2021,117,"Madagascar","MAD","MDG",72,"Germany","GFR","DEU",5,9,"0","-","0","0","0"
1,"q5rX4C",1,2146,2022,117,"Madagascar","MAD","MDG",72,"Germany","GFR","DEU",5,11,"0","-","0","0","0"
1,"q5rX4C",1,2147,2023,117,"Madagascar","MAD","MDG",72,"Germany","GFR","DEU",5,10,"0","-","0","0","0"
1,"q5rX4C",1,2148,2024,117,"Madagascar","MAD","MDG",72,"Germany","GFR","DEU",5,5,"0","-","0","0","0"
1,"q5rX4C",1,2149,2025,117,"Madagascar","MAD","MDG",72,"Germany","GFR","DEU",5,10,"0","-","0","0","0"
1,"q5rX4C",1,2150,2000,119,"Mauritania","MAU","MRT",72,"Germany","GFR","DEU","0",32,"0","-","0","0","0"
1,"q5rX4C",1,2151,2001,119,"Mauritania","MAU","MRT",72,"Germany","GFR","DEU","0",35,"0","-","0","0","0"
1,"q5rX4C",1,2152,2002,119,"Mauritania","MAU","MRT",72,"Germany","GFR","DEU",72,37,"0","-","0","0","0"
1,"q5rX4C",1,2153,2003,119,"Mauritania","MAU","MRT",72,"Germany","GFR","DEU",67,22,"0","-","0","0","0"
1,"q5rX4C",1,2154,2004,119,"Mauritania","MAU","MRT",72,"Germany","GFR","DEU",68,5,"0","-","0","0","0"
1,"q5rX4C",1,2155,2005,119,"Mauritania","MAU","MRT",72,"Germany","GFR","DEU",57,10,"0","-","0","0","0"
1,"q5rX4C",1,2156,2006,119,"Mauritania","MAU","MRT",72,"Germany","GFR","DEU",32,"0","0","-","0","0","0"
1,"q5rX4C",1,2157,2007,119,"Mauritania","MAU","MRT",72,"Germany","GFR","DEU",32,"0","0","-","0","0","0"
1,"q5rX4C",1,2158,2008,119,"Mauritania","MAU","MRT",72,"Germany","GFR","DEU",36,5,"0","-","0","0","0"
1,"q5rX4C",1,2159,2009,119,"Mauritania","MAU","MRT",72,"Germany","GFR","DEU",47,"0","0","-","0","0","0"
1,"q5rX4C",1,2160,2010,119,"Mauritania","MAU","MRT",72,"Germany","GFR","DEU",49,10,"0","-","0","0","0"
1,"q5rX4C",1,2161,2011,119,"Mauritania","MAU","MRT",72,"Germany","GFR","DEU",49,11,"0","-","0","0","0"
1,"q5rX4C",1,2162,2012,119,"Mauritania","MAU","MRT",72,"Germany","GFR","DEU",49,20,"0","-","0","0","0"
1,"q5rX4C",1,2163,2013,119,"Mauritania","MAU","MRT",72,"Germany","GFR","DEU",15,106,"0","-","0","0","0"
1,"q5rX4C",1,2164,2014,119,"Mauritania","MAU","MRT",72,"Germany","GFR","DEU",14,114,"0","-","0","0","0"
1,"q5rX4C",1,2165,2015,119,"Mauritania","MAU","MRT",72,"Germany","GFR","DEU",15,160,"0","-","0","0","0"
1,"q5rX4C",1,2166,2016,119,"Mauritania","MAU","MRT",72,"Germany","GFR","DEU",17,174,"0","-","0","0","0"
1,"q5rX4C",1,2167,2017,119,"Mauritania","MAU","MRT",72,"Germany","GFR","DEU",33,120,"0","-","0","0","0"
1,"q5rX4C",1,2168,2018,119,"Mauritania","MAU","MRT",72,"Germany","GFR","DEU",34,87,"0","-","0","0","0"
1,"q5rX4C",1,2169,2019,119,"Mauritania","MAU","MRT",72,"Germany","GFR","DEU",41,97,"0","-","0","0","0"
1,"q5rX4C",1,2170,2020,119,"Mauritania","MAU","MRT",72,"Germany","GFR","DEU",58,82,"0","-","0","0","0"
1,"q5rX4C",1,2171,2021,119,"Mauritania","MAU","MRT",72,"Germany","GFR","DEU",65,74,"0","-","0","0","0"
1,"q5rX4C",1,2172,2022,119,"Mauritania","MAU","MRT",72,"Germany","GFR","DEU",44,88,"0","-","0","0","0"
1,"q5rX4C",1,2173,2023,119,"Mauritania","MAU","MRT",72,"Germany","GFR","DEU",75,76,"0","-","0","0","0"
1,"q5rX4C",1,2174,2024,119,"Mauritania","MAU","MRT",72,"Germany","GFR","DEU",76,59,"0","-","0","0","0"
1,"q5rX4C",1,2175,2025,119,"Mauritania","MAU","MRT",72,"Germany","GFR","DEU",86,63,"0","-","0","0","0"
1,"q5rX4C",1,2176,2000,120,"North Macedonia","MCD","MKD",72,"Germany","GFR","DEU","0",113,"0","-","0","0","0"
1,"q5rX4C",1,2177,2001,120,"North Macedonia","MCD","MKD",72,"Germany","GFR","DEU","0",517,"0","-","0","0","0"
1,"q5rX4C",1,2178,2002,120,"North Macedonia","MCD","MKD",72,"Germany","GFR","DEU",3186,258,"0","-","0","0","0"
1,"q5rX4C",1,2179,2003,120,"North Macedonia","MCD","MKD",72,"Germany","GFR","DEU",3198,165,"0","-","0","0","0"
1,"q5rX4C",1,2180,2004,120,"North Macedonia","MCD","MKD",72,"Germany","GFR","DEU",2971,81,"0","-","0","0","0"
1,"q5rX4C",1,2181,2005,120,"North Macedonia","MCD","MKD",72,"Germany","GFR","DEU",6539,293,"0","-","0","0","0"
1,"q5rX4C",1,2182,2006,120,"North Macedonia","MCD","MKD",72,"Germany","GFR","DEU",6013,253,"0","-","0","0","0"
1,"q5rX4C",1,2183,2007,120,"North Macedonia","MCD","MKD",72,"Germany","GFR","DEU",5926,108,"0","-","0","0","0"
1,"q5rX4C",1,2184,2008,120,"North Macedonia","MCD","MKD",72,"Germany","GFR","DEU",5729,108,"0","-","0","0","0"
1,"q5rX4C",1,2185,2009,120,"North Macedonia","MCD","MKD",72,"Germany","GFR","DEU",6081,167,"0","-","0","0","0"
1,"q5rX4C",1,2186,2010,120,"North Macedonia","MCD","MKD",72,"Germany","GFR","DEU",6035,1877,"0","-","0","0","0"
1,"q5rX4C",1,2187,2011,120,"North Macedonia","MCD","MKD",72,"Germany","GFR","DEU",5982,1079,"0","-","0","0","0"
1,"q5rX4C",1,2188,2012,120,"North Macedonia","MCD","MKD",72,"Germany","GFR","DEU",6175,3800,"0","-","0","0","0"
1,"q5rX4C",1,2189,2013,120,"North Macedonia","MCD","MKD",72,"Germany","GFR","DEU",341,5951,"0","-","0","0","0"
1,"q5rX4C",1,2190,2014,120,"North Macedonia","MCD","MKD",72,"Germany","GFR","DEU",390,7087,"0","-","0","0","0"
1,"q5rX4C",1,2191,2015,120,"North Macedonia","MCD","MKD",72,"Germany","GFR","DEU",459,13627,"0","-","0","0","0"
1,"q5rX4C",1,2192,2016,120,"North Macedonia","MCD","MKD",72,"Germany","GFR","DEU",498,6057,"0","-","0","0","0"
1,"q5rX4C",1,2193,2017,120,"North Macedonia","MCD","MKD",72,"Germany","GFR","DEU",605,2872,"0","-","0","0","0"
1,"q5rX4C",1,2194,2018,120,"North Macedonia","MCD","MKD",72,"Germany","GFR","DEU",669,1982,"0","-","0","0","0"
1,"q5rX4C",1,2195,2019,120,"North Macedonia","MCD","MKD",72,"Germany","GFR","DEU",722,1422,"0","-","0","0","0"
1,"q5rX4C",1,2196,2020,120,"North Macedonia","MCD","MKD",72,"Germany","GFR","DEU",655,921,"0","-","0","0","0"
1,"q5rX4C",1,2197,2021,120,"North Macedonia","MCD","MKD",72,"Germany","GFR","DEU",607,3007,"0","-","0","0","0"
1,"q5rX4C",1,2198,2022,120,"North Macedonia","MCD","MKD",72,"Germany","GFR","DEU",621,4032,"0","-","0","0","0"
1,"q5rX4C",1,2199,2023,120,"North Macedonia","MCD","MKD",72,"Germany","GFR","DEU",631,3633,"0","-","0","0","0"
1,"q5rX4C",1,2200,2024,120,"North Macedonia","MCD","MKD",72,"Germany","GFR","DEU",636,1480,"0","-","0","0","0"
1,"q5rX4C",1,2201,2025,120,"North Macedonia","MCD","MKD",72,"Germany","GFR","DEU",595,780,"0","-","0","0","0"
1,"q5rX4C",1,2202,2000,122,"Rep. of Moldova","MDA","MDA",72,"Germany","GFR","DEU","0",47,"0","-","0","0","0"
1,"q5rX4C",1,2203,2001,122,"Rep. of Moldova","MDA","MDA",72,"Germany","GFR","DEU","0",94,"0","-","0","0","0"
1,"q5rX4C",1,2204,2002,122,"Rep. of Moldova","MDA","MDA",72,"Germany","GFR","DEU",5370,68,"0","-","0","0","0"
1,"q5rX4C",1,2205,2003,122,"Rep. of Moldova","MDA","MDA",72,"Germany","GFR","DEU",5641,43,"0","-","0","0","0"
1,"q5rX4C",1,2206,2004,122,"Rep. of Moldova","MDA","MDA",72,"Germany","GFR","DEU",5509,15,"0","-","0","0","0"
1,"q5rX4C",1,2207,2005,122,"Rep. of Moldova","MDA","MDA",72,"Germany","GFR","DEU",5466,75,"0","-","0","0","0"
1,"q5rX4C",1,2208,2006,122,"Rep. of Moldova","MDA","MDA",72,"Germany","GFR","DEU",2170,56,"0","-","0","0","0"
1,"q5rX4C",1,2209,2007,122,"Rep. of Moldova","MDA","MDA",72,"Germany","GFR","DEU",3275,29,"0","-","0","0","0"
1,"q5rX4C",1,2210,2008,122,"Rep. of Moldova","MDA","MDA",72,"Germany","GFR","DEU",3823,22,"0","-","0","0","0"
1,"q5rX4C",1,2211,2009,122,"Rep. of Moldova","MDA","MDA",72,"Germany","GFR","DEU",4041,35,"0","-","0","0","0"
1,"q5rX4C",1,2212,2010,122,"Rep. of Moldova","MDA","MDA",72,"Germany","GFR","DEU",4229,42,"0","-","0","0","0"
1,"q5rX4C",1,2213,2011,122,"Rep. of Moldova","MDA","MDA",72,"Germany","GFR","DEU",4139,29,"0","-","0","0","0"
1,"q5rX4C",1,2214,2012,122,"Rep. of Moldova","MDA","MDA",72,"Germany","GFR","DEU",3988,33,"0","-","0","0","0"
1,"q5rX4C",1,2215,2013,122,"Rep. of Moldova","MDA","MDA",72,"Germany","GFR","DEU",31,68,"0","-","0","0","0"
1,"q5rX4C",1,2216,2014,122,"Rep. of Moldova","MDA","MDA",72,"Germany","GFR","DEU",40,299,"0","-","0","0","0"
1,"q5rX4C",1,2217,2015,122,"Rep. of Moldova","MDA","MDA",72,"Germany","GFR","DEU",44,1825,"0","-","0","0","0"
1,"q5rX4C",1,2218,2016,122,"Rep. of Moldova","MDA","MDA",72,"Germany","GFR","DEU",52,2112,"0","-","0","0","0"
1,"q5rX4C",1,2219,2017,122,"Rep. of Moldova","MDA","MDA",72,"Germany","GFR","DEU",86,445,"0","-","0","0","0"
1,"q5rX4C",1,2220,2018,122,"Rep. of Moldova","MDA","MDA",72,"Germany","GFR","DEU",106,979,"0","-","0","0","0"
1,"q5rX4C",1,2221,2019,122,"Rep. of Moldova","MDA","MDA",72,"Germany","GFR","DEU",128,1363,"0","-","0","0","0"
1,"q5rX4C",1,2222,2020,122,"Rep. of Moldova","MDA","MDA",72,"Germany","GFR","DEU",126,1139,"0","-","0","0","0"
1,"q5rX4C",1,2223,2021,122,"Rep. of Moldova","MDA","MDA",72,"Germany","GFR","DEU",129,2364,"0","-","0","0","0"
1,"q5rX4C",1,2224,2022,122,"Rep. of Moldova","MDA","MDA",72,"Germany","GFR","DEU",1454,2140,"0","-","0","0","0"
1,"q5rX4C",1,2225,2023,122,"Rep. of Moldova","MDA","MDA",72,"Germany","GFR","DEU",1875,1135,"0","-","0","0","0"
1,"q5rX4C",1,2226,2024,122,"Rep. of Moldova","MDA","MDA",72,"Germany","GFR","DEU",2166,543,"0","-","0","0","0"
1,"q5rX4C",1,2227,2025,122,"Rep. of Moldova","MDA","MDA",72,"Germany","GFR","DEU",2123,518,"0","-","0","0","0"
1,"q5rX4C",1,2228,2025,123,"Maldives","MDV","MDV",72,"Germany","GFR","DEU","0",9,"0","-","0","0","0"
1,"q5rX4C",1,2229,2002,124,"Mexico","MEX","MEX",72,"Germany","GFR","DEU",13,"0","0","-","0","0","0"
1,"q5rX4C",1,2230,2003,124,"Mexico","MEX","MEX",72,"Germany","GFR","DEU",11,"0","0","-","0","0","0"
1,"q5rX4C",1,2231,2004,124,"Mexico","MEX","MEX",72,"Germany","GFR","DEU",9,"0","0","-","0","0","0"
1,"q5rX4C",1,2232,2005,124,"Mexico","MEX","MEX",72,"Germany","GFR","DEU","0",5,"0","-","0","0","0"
1,"q5rX4C",1,2233,2006,124,"Mexico","MEX","MEX",72,"Germany","GFR","DEU",24,5,"0","-","0","0","0"
1,"q5rX4C",1,2234,2007,124,"Mexico","MEX","MEX",72,"Germany","GFR","DEU",193,"0","0","-","0","0","0"
1,"q5rX4C",1,2235,2008,124,"Mexico","MEX","MEX",72,"Germany","GFR","DEU",159,"0","0","-","0","0","0"
1,"q5rX4C",1,2236,2009,124,"Mexico","MEX","MEX",72,"Germany","GFR","DEU",32,"0","0","-","0","0","0"
1,"q5rX4C",1,2237,2010,124,"Mexico","MEX","MEX",72,"Germany","GFR","DEU",31,"0","0","-","0","0","0"
1,"q5rX4C",1,2238,2011,124,"Mexico","MEX","MEX",72,"Germany","GFR","DEU",36,"0","0","-","0","0","0"
1,"q5rX4C",1,2239,2012,124,"Mexico","MEX","MEX",72,"Germany","GFR","DEU",42,8,"0","-","0","0","0"
1,"q5rX4C",1,2240,2013,124,"Mexico","MEX","MEX",72,"Germany","GFR","DEU",28,5,"0","-","0","0","0"
1,"q5rX4C",1,2241,2014,124,"Mexico","MEX","MEX",72,"Germany","GFR","DEU",26,10,"0","-","0","0","0"
1,"q5rX4C",1,2242,2015,124,"Mexico","MEX","MEX",72,"Germany","GFR","DEU",20,10,"0","-","0","0","0"
1,"q5rX4C",1,2243,2016,124,"Mexico","MEX","MEX",72,"Germany","GFR","DEU",16,10,"0","-","0","0","0"
1,"q5rX4C",1,2244,2017,124,"Mexico","MEX","MEX",72,"Germany","GFR","DEU",13,5,"0","-","0","0","0"
1,"q5rX4C",1,2245,2018,124,"Mexico","MEX","MEX",72,"Germany","GFR","DEU",22,154,"0","-","0","0","0"
1,"q5rX4C",1,2246,2019,124,"Mexico","MEX","MEX",72,"Germany","GFR","DEU",24,6,"0","-","0","0","0"
1,"q5rX4C",1,2247,2020,124,"Mexico","MEX","MEX",72,"Germany","GFR","DEU",23,17,"0","-","0","0","0"
1,"q5rX4C",1,2248,2021,124,"Mexico","MEX","MEX",72,"Germany","GFR","DEU",24,7,"0","-","0","0","0"
1,"q5rX4C",1,2249,2022,124,"Mexico","MEX","MEX",72,"Germany","GFR","DEU",31,14,"0","-","0","0","0"
1,"q5rX4C",1,2250,2023,124,"Mexico","MEX","MEX",72,"Germany","GFR","DEU",32,46,"0","-","0","0","0"
1,"q5rX4C",1,2251,2024,124,"Mexico","MEX","MEX",72,"Germany","GFR","DEU",34,62,"0","-","0","0","0"
1,"q5rX4C",1,2252,2025,124,"Mexico","MEX","MEX",72,"Germany","GFR","DEU",35,41,"0","-","0","0","0"
1,"q5rX4C",1,2253,2000,126,"Mali","MLI","MLI",72,"Germany","GFR","DEU","0",5,"0","-","0","0","0"
1,"q5rX4C",1,2254,2001,126,"Mali","MLI","MLI",72,"Germany","GFR","DEU","0",11,"0","-","0","0","0"
1,"q5rX4C",1,2255,2002,126,"Mali","MLI","MLI",72,"Germany","GFR","DEU",151,9,"0","-","0","0","0"
1,"q5rX4C",1,2256,2003,126,"Mali","MLI","MLI",72,"Germany","GFR","DEU",164,7,"0","-","0","0","0"
1,"q5rX4C",1,2257,2004,126,"Mali","MLI","MLI",72,"Germany","GFR","DEU",180,5,"0","-","0","0","0"
1,"q5rX4C",1,2258,2005,126,"Mali","MLI","MLI",72,"Germany","GFR","DEU",134,28,"0","-","0","0","0"
1,"q5rX4C",1,2259,2006,126,"Mali","MLI","MLI",72,"Germany","GFR","DEU",42,18,"0","-","0","0","0"
1,"q5rX4C",1,2260,2007,126,"Mali","MLI","MLI",72,"Germany","GFR","DEU",42,11,"0","-","0","0","0"
1,"q5rX4C",1,2261,2008,126,"Mali","MLI","MLI",72,"Germany","GFR","DEU",43,11,"0","-","0","0","0"
1,"q5rX4C",1,2262,2009,126,"Mali","MLI","MLI",72,"Germany","GFR","DEU",72,16,"0","-","0","0","0"
1,"q5rX4C",1,2263,2010,126,"Mali","MLI","MLI",72,"Germany","GFR","DEU",75,27,"0","-","0","0","0"
1,"q5rX4C",1,2264,2011,126,"Mali","MLI","MLI",72,"Germany","GFR","DEU",66,34,"0","-","0","0","0"
1,"q5rX4C",1,2265,2012,126,"Mali","MLI","MLI",72,"Germany","GFR","DEU",86,200,"0","-","0","0","0"
1,"q5rX4C",1,2266,2013,126,"Mali","MLI","MLI",72,"Germany","GFR","DEU",21,697,"0","-","0","0","0"
1,"q5rX4C",1,2267,2014,126,"Mali","MLI","MLI",72,"Germany","GFR","DEU",34,802,"0","-","0","0","0"
1,"q5rX4C",1,2268,2015,126,"Mali","MLI","MLI",72,"Germany","GFR","DEU",49,1038,"0","-","0","0","0"
1,"q5rX4C",1,2269,2016,126,"Mali","MLI","MLI",72,"Germany","GFR","DEU",78,1703,"0","-","0","0","0"
1,"q5rX4C",1,2270,2017,126,"Mali","MLI","MLI",72,"Germany","GFR","DEU",216,1258,"0","-","0","0","0"
1,"q5rX4C",1,2271,2018,126,"Mali","MLI","MLI",72,"Germany","GFR","DEU",272,933,"0","-","0","0","0"
1,"q5rX4C",1,2272,2019,126,"Mali","MLI","MLI",72,"Germany","GFR","DEU",320,717,"0","-","0","0","0"
1,"q5rX4C",1,2273,2020,126,"Mali","MLI","MLI",72,"Germany","GFR","DEU",358,476,"0","-","0","0","0"
1,"q5rX4C",1,2274,2021,126,"Mali","MLI","MLI",72,"Germany","GFR","DEU",392,364,"0","-","0","0","0"
1,"q5rX4C",1,2275,2022,126,"Mali","MLI","MLI",72,"Germany","GFR","DEU",289,285,"0","-","0","0","0"
1,"q5rX4C",1,2276,2023,126,"Mali","MLI","MLI",72,"Germany","GFR","DEU",447,379,"0","-","0","0","0"
1,"q5rX4C",1,2277,2024,126,"Mali","MLI","MLI",72,"Germany","GFR","DEU",467,433,"0","-","0","0","0"
1,"q5rX4C",1,2278,2025,126,"Mali","MLI","MLI",72,"Germany","GFR","DEU",481,391,"0","-","0","0","0"
1,"q5rX4C",1,2279,2002,127,"Malaysia","MLS","MYS",72,"Germany","GFR","DEU",23,"0","0","-","0","0","0"
1,"q5rX4C",1,2280,2003,127,"Malaysia","MLS","MYS",72,"Germany","GFR","DEU",23,"0","0","-","0","0","0"
1,"q5rX4C",1,2281,2004,127,"Malaysia","MLS","MYS",72,"Germany","GFR","DEU",25,5,"0","-","0","0","0"
1,"q5rX4C",1,2282,2005,127,"Malaysia","MLS","MYS",72,"Germany","GFR","DEU",21,5,"0","-","0","0","0"
1,"q5rX4C",1,2283,2006,127,"Malaysia","MLS","MYS",72,"Germany","GFR","DEU",192,"0","0","-","0","0","0"
1,"q5rX4C",1,2284,2007,127,"Malaysia","MLS","MYS",72,"Germany","GFR","DEU",139,"0","0","-","0","0","0"
1,"q5rX4C",1,2285,2008,127,"Malaysia","MLS","MYS",72,"Germany","GFR","DEU",110,"0","0","-","0","0","0"
1,"q5rX4C",1,2286,2009,127,"Malaysia","MLS","MYS",72,"Germany","GFR","DEU",27,5,"0","-","0","0","0"
1,"q5rX4C",1,2287,2010,127,"Malaysia","MLS","MYS",72,"Germany","GFR","DEU",30,"0","0","-","0","0","0"
1,"q5rX4C",1,2288,2011,127,"Malaysia","MLS","MYS",72,"Germany","GFR","DEU",32,"0","0","-","0","0","0"
1,"q5rX4C",1,2289,2012,127,"Malaysia","MLS","MYS",72,"Germany","GFR","DEU",33,"0","0","-","0","0","0"
1,"q5rX4C",1,2290,2013,127,"Malaysia","MLS","MYS",72,"Germany","GFR","DEU",11,"0","0","-","0","0","0"
1,"q5rX4C",1,2291,2014,127,"Malaysia","MLS","MYS",72,"Germany","GFR","DEU",7,"0","0","-","0","0","0"
1,"q5rX4C",1,2292,2015,127,"Malaysia","MLS","MYS",72,"Germany","GFR","DEU",6,"0","0","-","0","0","0"
1,"q5rX4C",1,2293,2016,127,"Malaysia","MLS","MYS",72,"Germany","GFR","DEU",7,5,"0","-","0","0","0"
1,"q5rX4C",1,2294,2017,127,"Malaysia","MLS","MYS",72,"Germany","GFR","DEU",10,21,"0","-","0","0","0"
1,"q5rX4C",1,2295,2018,127,"Malaysia","MLS","MYS",72,"Germany","GFR","DEU",14,17,"0","-","0","0","0"
1,"q5rX4C",1,2296,2019,127,"Malaysia","MLS","MYS",72,"Germany","GFR","DEU",14,8,"0","-","0","0","0"
1,"q5rX4C",1,2297,2020,127,"Malaysia","MLS","MYS",72,"Germany","GFR","DEU",12,10,"0","-","0","0","0"
1,"q5rX4C",1,2298,2021,127,"Malaysia","MLS","MYS",72,"Germany","GFR","DEU",19,10,"0","-","0","0","0"
1,"q5rX4C",1,2299,2022,127,"Malaysia","MLS","MYS",72,"Germany","GFR","DEU",12,"0","0","-","0","0","0"
1,"q5rX4C",1,2300,2023,127,"Malaysia","MLS","MYS",72,"Germany","GFR","DEU",20,18,"0","-","0","0","0"
1,"q5rX4C",1,2301,2024,127,"Malaysia","MLS","MYS",72,"Germany","GFR","DEU",24,25,"0","-","0","0","0"
1,"q5rX4C",1,2302,2025,127,"Malaysia","MLS","MYS",72,"Germany","GFR","DEU",25,22,"0","-","0","0","0"
1,"q5rX4C",1,2303,2002,128,"Malawi","MLW","MWI",72,"Germany","GFR","DEU",11,"0","0","-","0","0","0"
1,"q5rX4C",1,2304,2003,128,"Malawi","MLW","MWI",72,"Germany","GFR","DEU",11,"0","0","-","0","0","0"
1,"q5rX4C",1,2305,2004,128,"Malawi","MLW","MWI",72,"Germany","GFR","DEU",11,"0","0","-","0","0","0"
1,"q5rX4C",1,2306,2006,128,"Malawi","MLW","MWI",72,"Germany","GFR","DEU",5,"0","0","-","0","0","0"
1,"q5rX4C",1,2307,2007,128,"Malawi","MLW","MWI",72,"Germany","GFR","DEU",5,"0","0","-","0","0","0"
1,"q5rX4C",1,2308,2008,128,"Malawi","MLW","MWI",72,"Germany","GFR","DEU",5,"0","0","-","0","0","0"
1,"q5rX4C",1,2309,2011,128,"Malawi","MLW","MWI",72,"Germany","GFR","DEU","0",5,"0","-","0","0","0"
1,"q5rX4C",1,2310,2012,128,"Malawi","MLW","MWI",72,"Germany","GFR","DEU",5,5,"0","-","0","0","0"
1,"q5rX4C",1,2311,2015,128,"Malawi","MLW","MWI",72,"Germany","GFR","DEU",5,"0","0","-","0","0","0"
1,"q5rX4C",1,2312,2016,128,"Malawi","MLW","MWI",72,"Germany","GFR","DEU",5,5,"0","-","0","0","0"
1,"q5rX4C",1,2313,2017,128,"Malawi","MLW","MWI",72,"Germany","GFR","DEU",5,5,"0","-","0","0","0"
1,"q5rX4C",1,2314,2018,128,"Malawi","MLW","MWI",72,"Germany","GFR","DEU",5,13,"0","-","0","0","0"
1,"q5rX4C",1,2315,2019,128,"Malawi","MLW","MWI",72,"Germany","GFR","DEU",7,5,"0","-","0","0","0"
1,"q5rX4C",1,2316,2020,128,"Malawi","MLW","MWI",72,"Germany","GFR","DEU",7,6,"0","-","0","0","0"
1,"q5rX4C",1,2317,2021,128,"Malawi","MLW","MWI",72,"Germany","GFR","DEU",7,5,"0","-","0","0","0"
1,"q5rX4C",1,2318,2022,128,"Malawi","MLW","MWI",72,"Germany","GFR","DEU",6,23,"0","-","0","0","0"
1,"q5rX4C",1,2319,2023,128,"Malawi","MLW","MWI",72,"Germany","GFR","DEU",9,62,"0","-","0","0","0"
1,"q5rX4C",1,2320,2024,128,"Malawi","MLW","MWI",72,"Germany","GFR","DEU",8,56,"0","-","0","0","0"
1,"q5rX4C",1,2321,2025,128,"Malawi","MLW","MWI",72,"Germany","GFR","DEU",16,50,"0","-","0","0","0"
1,"q5rX4C",1,2322,2000,129,"Mongolia","MNG","MNG",72,"Germany","GFR","DEU","0",22,"0","-","0","0","0"
1,"q5rX4C",1,2323,2001,129,"Mongolia","MNG","MNG",72,"Germany","GFR","DEU","0",64,"0","-","0","0","0"
1,"q5rX4C",1,2324,2002,129,"Mongolia","MNG","MNG",72,"Germany","GFR","DEU",196,36,"0","-","0","0","0"
1,"q5rX4C",1,2325,2003,129,"Mongolia","MNG","MNG",72,"Germany","GFR","DEU",171,28,"0","-","0","0","0"
1,"q5rX4C",1,2326,2004,129,"Mongolia","MNG","MNG",72,"Germany","GFR","DEU",167,15,"0","-","0","0","0"
1,"q5rX4C",1,2327,2005,129,"Mongolia","MNG","MNG",72,"Germany","GFR","DEU",193,43,"0","-","0","0","0"
1,"q5rX4C",1,2328,2006,129,"Mongolia","MNG","MNG",72,"Germany","GFR","DEU",202,44,"0","-","0","0","0"
1,"q5rX4C",1,2329,2007,129,"Mongolia","MNG","MNG",72,"Germany","GFR","DEU",178,23,"0","-","0","0","0"
1,"q5rX4C",1,2330,2008,129,"Mongolia","MNG","MNG",72,"Germany","GFR","DEU",186,22,"0","-","0","0","0"
1,"q5rX4C",1,2331,2009,129,"Mongolia","MNG","MNG",72,"Germany","GFR","DEU",178,30,"0","-","0","0","0"
1,"q5rX4C",1,2332,2010,129,"Mongolia","MNG","MNG",72,"Germany","GFR","DEU",196,53,"0","-","0","0","0"
1,"q5rX4C",1,2333,2011,129,"Mongolia","MNG","MNG",72,"Germany","GFR","DEU",202,51,"0","-","0","0","0"
1,"q5rX4C",1,2334,2012,129,"Mongolia","MNG","MNG",72,"Germany","GFR","DEU",215,59,"0","-","0","0","0"
1,"q5rX4C",1,2335,2013,129,"Mongolia","MNG","MNG",72,"Germany","GFR","DEU",39,185,"0","-","0","0","0"
1,"q5rX4C",1,2336,2014,129,"Mongolia","MNG","MNG",72,"Germany","GFR","DEU",35,511,"0","-","0","0","0"
1,"q5rX4C",1,2337,2015,129,"Mongolia","MNG","MNG",72,"Germany","GFR","DEU",36,701,"0","-","0","0","0"
1,"q5rX4C",1,2338,2016,129,"Mongolia","MNG","MNG",72,"Germany","GFR","DEU",46,1093,"0","-","0","0","0"
1,"q5rX4C",1,2339,2017,129,"Mongolia","MNG","MNG",72,"Germany","GFR","DEU",103,990,"0","-","0","0","0"
1,"q5rX4C",1,2340,2018,129,"Mongolia","MNG","MNG",72,"Germany","GFR","DEU",130,717,"0","-","0","0","0"
1,"q5rX4C",1,2341,2019,129,"Mongolia","MNG","MNG",72,"Germany","GFR","DEU",199,418,"0","-","0","0","0"
1,"q5rX4C",1,2342,2020,129,"Mongolia","MNG","MNG",72,"Germany","GFR","DEU",213,293,"0","-","0","0","0"
1,"q5rX4C",1,2343,2021,129,"Mongolia","MNG","MNG",72,"Germany","GFR","DEU",235,204,"0","-","0","0","0"
1,"q5rX4C",1,2344,2022,129,"Mongolia","MNG","MNG",72,"Germany","GFR","DEU",214,232,"0","-","0","0","0"
1,"q5rX4C",1,2345,2023,129,"Mongolia","MNG","MNG",72,"Germany","GFR","DEU",249,353,"0","-","0","0","0"
1,"q5rX4C",1,2346,2024,129,"Mongolia","MNG","MNG",72,"Germany","GFR","DEU",257,469,"0","-","0","0","0"
1,"q5rX4C",1,2347,2025,129,"Mongolia","MNG","MNG",72,"Germany","GFR","DEU",243,453,"0","-","0","0","0"
1,"q5rX4C",1,2348,2000,130,"Morocco","MOR","MAR",72,"Germany","GFR","DEU","0",60,"0","-","0","0","0"
1,"q5rX4C",1,2349,2001,130,"Morocco","MOR","MAR",72,"Germany","GFR","DEU","0",108,"0","-","0","0","0"
1,"q5rX4C",1,2350,2002,130,"Morocco","MOR","MAR",72,"Germany","GFR","DEU",888,77,"0","-","0","0","0"
1,"q5rX4C",1,2351,2003,130,"Morocco","MOR","MAR",72,"Germany","GFR","DEU",927,55,"0","-","0","0","0"
1,"q5rX4C",1,2352,2004,130,"Morocco","MOR","MAR",72,"Germany","GFR","DEU",925,44,"0","-","0","0","0"
1,"q5rX4C",1,2353,2005,130,"Morocco","MOR","MAR",72,"Germany","GFR","DEU",2491,174,"0","-","0","0","0"
1,"q5rX4C",1,2354,2006,130,"Morocco","MOR","MAR",72,"Germany","GFR","DEU",4186,180,"0","-","0","0","0"
1,"q5rX4C",1,2355,2007,130,"Morocco","MOR","MAR",72,"Germany","GFR","DEU",3405,133,"0","-","0","0","0"
1,"q5rX4C",1,2356,2008,130,"Morocco","MOR","MAR",72,"Germany","GFR","DEU",2866,149,"0","-","0","0","0"
1,"q5rX4C",1,2357,2009,130,"Morocco","MOR","MAR",72,"Germany","GFR","DEU",1530,208,"0","-","0","0","0"
1,"q5rX4C",1,2358,2010,130,"Morocco","MOR","MAR",72,"Germany","GFR","DEU",1500,191,"0","-","0","0","0"
1,"q5rX4C",1,2359,2011,130,"Morocco","MOR","MAR",72,"Germany","GFR","DEU",1433,254,"0","-","0","0","0"
1,"q5rX4C",1,2360,2012,130,"Morocco","MOR","MAR",72,"Germany","GFR","DEU",1454,421,"0","-","0","0","0"
1,"q5rX4C",1,2361,2013,130,"Morocco","MOR","MAR",72,"Germany","GFR","DEU",144,1085,"0","-","0","0","0"
1,"q5rX4C",1,2362,2014,130,"Morocco","MOR","MAR",72,"Germany","GFR","DEU",154,1557,"0","-","0","0","0"
1,"q5rX4C",1,2363,2015,130,"Morocco","MOR","MAR",72,"Germany","GFR","DEU",161,2441,"0","-","0","0","0"
1,"q5rX4C",1,2364,2016,130,"Morocco","MOR","MAR",72,"Germany","GFR","DEU",298,2440,"0","-","0","0","0"
1,"q5rX4C",1,2365,2017,130,"Morocco","MOR","MAR",72,"Germany","GFR","DEU",576,1691,"0","-","0","0","0"
1,"q5rX4C",1,2366,2018,130,"Morocco","MOR","MAR",72,"Germany","GFR","DEU",712,1310,"0","-","0","0","0"
1,"q5rX4C",1,2367,2019,130,"Morocco","MOR","MAR",72,"Germany","GFR","DEU",800,1147,"0","-","0","0","0"
1,"q5rX4C",1,2368,2020,130,"Morocco","MOR","MAR",72,"Germany","GFR","DEU",835,1170,"0","-","0","0","0"
1,"q5rX4C",1,2369,2021,130,"Morocco","MOR","MAR",72,"Germany","GFR","DEU",866,1156,"0","-","0","0","0"
1,"q5rX4C",1,2370,2022,130,"Morocco","MOR","MAR",72,"Germany","GFR","DEU",2219,1058,"0","-","0","0","0"
1,"q5rX4C",1,2371,2023,130,"Morocco","MOR","MAR",72,"Germany","GFR","DEU",2244,1474,"0","-","0","0","0"
1,"q5rX4C",1,2372,2024,130,"Morocco","MOR","MAR",72,"Germany","GFR","DEU",2997,1024,"0","-","0","0","0"
1,"q5rX4C",1,2373,2025,130,"Morocco","MOR","MAR",72,"Germany","GFR","DEU",2987,704,"0","-","0","0","0"
1,"q5rX4C",1,2374,2002,131,"Mozambique","MOZ","MOZ",72,"Germany","GFR","DEU",87,5,"0","-","0","0","0"
1,"q5rX4C",1,2375,2003,131,"Mozambique","MOZ","MOZ",72,"Germany","GFR","DEU",74,"0","0","-","0","0","0"
1,"q5rX4C",1,2376,2004,131,"Mozambique","MOZ","MOZ",72,"Germany","GFR","DEU",62,"0","0","-","0","0","0"
1,"q5rX4C",1,2377,2005,131,"Mozambique","MOZ","MOZ",72,"Germany","GFR","DEU",70,5,"0","-","0","0","0"
1,"q5rX4C",1,2378,2006,131,"Mozambique","MOZ","MOZ",72,"Germany","GFR","DEU",193,"0","0","-","0","0","0"
1,"q5rX4C",1,2379,2007,131,"Mozambique","MOZ","MOZ",72,"Germany","GFR","DEU",174,5,"0","-","0","0","0"
1,"q5rX4C",1,2380,2008,131,"Mozambique","MOZ","MOZ",72,"Germany","GFR","DEU",158,"0","0","-","0","0","0"
1,"q5rX4C",1,2381,2009,131,"Mozambique","MOZ","MOZ",72,"Germany","GFR","DEU",92,"0","0","-","0","0","0"
1,"q5rX4C",1,2382,2010,131,"Mozambique","MOZ","MOZ",72,"Germany","GFR","DEU",94,5,"0","-","0","0","0"
1,"q5rX4C",1,2383,2011,131,"Mozambique","MOZ","MOZ",72,"Germany","GFR","DEU",102,5,"0","-","0","0","0"
1,"q5rX4C",1,2384,2012,131,"Mozambique","MOZ","MOZ",72,"Germany","GFR","DEU",109,5,"0","-","0","0","0"
1,"q5rX4C",1,2385,2013,131,"Mozambique","MOZ","MOZ",72,"Germany","GFR","DEU",11,"0","0","-","0","0","0"
1,"q5rX4C",1,2386,2014,131,"Mozambique","MOZ","MOZ",72,"Germany","GFR","DEU",12,10,"0","-","0","0","0"
1,"q5rX4C",1,2387,2015,131,"Mozambique","MOZ","MOZ",72,"Germany","GFR","DEU",12,"0","0","-","0","0","0"
1,"q5rX4C",1,2388,2016,131,"Mozambique","MOZ","MOZ",72,"Germany","GFR","DEU",12,10,"0","-","0","0","0"
1,"q5rX4C",1,2389,2017,131,"Mozambique","MOZ","MOZ",72,"Germany","GFR","DEU",11,27,"0","-","0","0","0"
1,"q5rX4C",1,2390,2018,131,"Mozambique","MOZ","MOZ",72,"Germany","GFR","DEU",14,23,"0","-","0","0","0"
1,"q5rX4C",1,2391,2019,131,"Mozambique","MOZ","MOZ",72,"Germany","GFR","DEU",15,26,"0","-","0","0","0"
1,"q5rX4C",1,2392,2020,131,"Mozambique","MOZ","MOZ",72,"Germany","GFR","DEU",15,35,"0","-","0","0","0"
1,"q5rX4C",1,2393,2021,131,"Mozambique","MOZ","MOZ",72,"Germany","GFR","DEU",13,32,"0","-","0","0","0"
1,"q5rX4C",1,2394,2022,131,"Mozambique","MOZ","MOZ",72,"Germany","GFR","DEU",14,23,"0","-","0","0","0"
1,"q5rX4C",1,2395,2023,131,"Mozambique","MOZ","MOZ",72,"Germany","GFR","DEU",15,39,"0","-","0","0","0"
1,"q5rX4C",1,2396,2024,131,"Mozambique","MOZ","MOZ",72,"Germany","GFR","DEU",13,82,"0","-","0","0","0"
1,"q5rX4C",1,2397,2025,131,"Mozambique","MOZ","MOZ",72,"Germany","GFR","DEU",14,103,"0","-","0","0","0"
1,"q5rX4C",1,2398,2006,132,"Malta","MTA","MLT",72,"Germany","GFR","DEU",20,"0","0","-","0","0","0"
1,"q5rX4C",1,2399,2006,133,"Montenegro","MNE","MNE",72,"Germany","GFR","DEU",131,98,"0","-","0","0","0"
1,"q5rX4C",1,2400,2007,133,"Montenegro","MNE","MNE",72,"Germany","GFR","DEU",523,70,"0","-","0","0","0"
1,"q5rX4C",1,2401,2008,133,"Montenegro","MNE","MNE",72,"Germany","GFR","DEU",1203,79,"0","-","0","0","0"
1,"q5rX4C",1,2402,2009,133,"Montenegro","MNE","MNE",72,"Germany","GFR","DEU",2425,93,"0","-","0","0","0"
1,"q5rX4C",1,2403,2010,133,"Montenegro","MNE","MNE",72,"Germany","GFR","DEU",3061,92,"0","-","0","0","0"
1,"q5rX4C",1,2404,2011,133,"Montenegro","MNE","MNE",72,"Germany","GFR","DEU",3487,142,"0","-","0","0","0"
1,"q5rX4C",1,2405,2012,133,"Montenegro","MNE","MNE",72,"Germany","GFR","DEU",3762,267,"0","-","0","0","0"
1,"q5rX4C",1,2406,2013,133,"Montenegro","MNE","MNE",72,"Germany","GFR","DEU",218,314,"0","-","0","0","0"
1,"q5rX4C",1,2407,2014,133,"Montenegro","MNE","MNE",72,"Germany","GFR","DEU",220,1008,"0","-","0","0","0"
1,"q5rX4C",1,2408,2015,133,"Montenegro","MNE","MNE",72,"Germany","GFR","DEU",237,2717,"0","-","0","0","0"
1,"q5rX4C",1,2409,2016,133,"Montenegro","MNE","MNE",72,"Germany","GFR","DEU",254,915,"0","-","0","0","0"
1,"q5rX4C",1,2410,2017,133,"Montenegro","MNE","MNE",72,"Germany","GFR","DEU",283,436,"0","-","0","0","0"
1,"q5rX4C",1,2411,2018,133,"Montenegro","MNE","MNE",72,"Germany","GFR","DEU",288,272,"0","-","0","0","0"
1,"q5rX4C",1,2412,2019,133,"Montenegro","MNE","MNE",72,"Germany","GFR","DEU",253,229,"0","-","0","0","0"
1,"q5rX4C",1,2413,2020,133,"Montenegro","MNE","MNE",72,"Germany","GFR","DEU",228,149,"0","-","0","0","0"
1,"q5rX4C",1,2414,2021,133,"Montenegro","MNE","MNE",72,"Germany","GFR","DEU",212,207,"0","-","0","0","0"
1,"q5rX4C",1,2415,2022,133,"Montenegro","MNE","MNE",72,"Germany","GFR","DEU",213,253,"0","-","0","0","0"
1,"q5rX4C",1,2416,2023,133,"Montenegro","MNE","MNE",72,"Germany","GFR","DEU",214,227,"0","-","0","0","0"
1,"q5rX4C",1,2417,2024,133,"Montenegro","MNE","MNE",72,"Germany","GFR","DEU",203,136,"0","-","0","0","0"
1,"q5rX4C",1,2418,2025,133,"Montenegro","MNE","MNE",72,"Germany","GFR","DEU",200,87,"0","-","0","0","0"
1,"q5rX4C",1,2419,2002,134,"Mauritius","MTS","MUS",72,"Germany","GFR","DEU",5,"0","0","-","0","0","0"
1,"q5rX4C",1,2420,2003,134,"Mauritius","MTS","MUS",72,"Germany","GFR","DEU",7,"0","0","-","0","0","0"
1,"q5rX4C",1,2421,2004,134,"Mauritius","MTS","MUS",72,"Germany","GFR","DEU",5,"0","0","-","0","0","0"
1,"q5rX4C",1,2422,2005,134,"Mauritius","MTS","MUS",72,"Germany","GFR","DEU",5,"0","0","-","0","0","0"
1,"q5rX4C",1,2423,2006,134,"Mauritius","MTS","MUS",72,"Germany","GFR","DEU",50,"0","0","-","0","0","0"
1,"q5rX4C",1,2424,2007,134,"Mauritius","MTS","MUS",72,"Germany","GFR","DEU",40,"0","0","-","0","0","0"
1,"q5rX4C",1,2425,2008,134,"Mauritius","MTS","MUS",72,"Germany","GFR","DEU",5,"0","0","-","0","0","0"
1,"q5rX4C",1,2426,2015,134,"Mauritius","MTS","MUS",72,"Germany","GFR","DEU",5,"0","0","-","0","0","0"
1,"q5rX4C",1,2427,2016,134,"Mauritius","MTS","MUS",72,"Germany","GFR","DEU",5,5,"0","-","0","0","0"
1,"q5rX4C",1,2428,2017,134,"Mauritius","MTS","MUS",72,"Germany","GFR","DEU",5,5,"0","-","0","0","0"
1,"q5rX4C",1,2429,2018,134,"Mauritius","MTS","MUS",72,"Germany","GFR","DEU",5,5,"0","-","0","0","0"
1,"q5rX4C",1,2430,2019,134,"Mauritius","MTS","MUS",72,"Germany","GFR","DEU",5,5,"0","-","0","0","0"
1,"q5rX4C",1,2431,2020,134,"Mauritius","MTS","MUS",72,"Germany","GFR","DEU",5,"0","0","-","0","0","0"
1,"q5rX4C",1,2432,2021,134,"Mauritius","MTS","MUS",72,"Germany","GFR","DEU",5,5,"0","-","0","0","0"
1,"q5rX4C",1,2433,2023,134,"Mauritius","MTS","MUS",72,"Germany","GFR","DEU","0",5,"0","-","0","0","0"
1,"q5rX4C",1,2434,2024,134,"Mauritius","MTS","MUS",72,"Germany","GFR","DEU","0",5,"0","-","0","0","0"
1,"q5rX4C",1,2435,2000,135,"Myanmar","MYA","MMR",72,"Germany","GFR","DEU","0",71,"0","-","0","0","0"
1,"q5rX4C",1,2436,2001,135,"Myanmar","MYA","MMR",72,"Germany","GFR","DEU","0",40,"0","-","0","0","0"
1,"q5rX4C",1,2437,2002,135,"Myanmar","MYA","MMR",72,"Germany","GFR","DEU",368,54,"0","-","0","0","0"
1,"q5rX4C",1,2438,2003,135,"Myanmar","MYA","MMR",72,"Germany","GFR","DEU",420,66,"0","-","0","0","0"
1,"q5rX4C",1,2439,2004,135,"Myanmar","MYA","MMR",72,"Germany","GFR","DEU",453,29,"0","-","0","0","0"
1,"q5rX4C",1,2440,2005,135,"Myanmar","MYA","MMR",72,"Germany","GFR","DEU",331,227,"0","-","0","0","0"
1,"q5rX4C",1,2441,2006,135,"Myanmar","MYA","MMR",72,"Germany","GFR","DEU",486,121,"0","-","0","0","0"
1,"q5rX4C",1,2442,2007,135,"Myanmar","MYA","MMR",72,"Germany","GFR","DEU",607,78,"0","-","0","0","0"
1,"q5rX4C",1,2443,2008,135,"Myanmar","MYA","MMR",72,"Germany","GFR","DEU",729,66,"0","-","0","0","0"
1,"q5rX4C",1,2444,2009,135,"Myanmar","MYA","MMR",72,"Germany","GFR","DEU",756,69,"0","-","0","0","0"
1,"q5rX4C",1,2445,2010,135,"Myanmar","MYA","MMR",72,"Germany","GFR","DEU",799,95,"0","-","0","0","0"
1,"q5rX4C",1,2446,2011,135,"Myanmar","MYA","MMR",72,"Germany","GFR","DEU",819,97,"0","-","0","0","0"
1,"q5rX4C",1,2447,2012,135,"Myanmar","MYA","MMR",72,"Germany","GFR","DEU",813,109,"0","-","0","0","0"
1,"q5rX4C",1,2448,2013,135,"Myanmar","MYA","MMR",72,"Germany","GFR","DEU",825,116,"0","-","0","0","0"
1,"q5rX4C",1,2449,2014,135,"Myanmar","MYA","MMR",72,"Germany","GFR","DEU",769,147,"0","-","0","0","0"
1,"q5rX4C",1,2450,2015,135,"Myanmar","MYA","MMR",72,"Germany","GFR","DEU",708,170,"0","-","0","0","0"
1,"q5rX4C",1,2451,2016,135,"Myanmar","MYA","MMR",72,"Germany","GFR","DEU",677,251,"0","-","0","0","0"
1,"q5rX4C",1,2452,2017,135,"Myanmar","MYA","MMR",72,"Germany","GFR","DEU",831,134,"0","-","0","0","0"
1,"q5rX4C",1,2453,2018,135,"Myanmar","MYA","MMR",72,"Germany","GFR","DEU",854,150,"0","-","0","0","0"
1,"q5rX4C",1,2454,2019,135,"Myanmar","MYA","MMR",72,"Germany","GFR","DEU",851,294,"0","-","0","0","0"
1,"q5rX4C",1,2455,2020,135,"Myanmar","MYA","MMR",72,"Germany","GFR","DEU",869,443,"0","-","0","0","0"
1,"q5rX4C",1,2456,2021,135,"Myanmar","MYA","MMR",72,"Germany","GFR","DEU",890,472,"0","-","0","0","0"
1,"q5rX4C",1,2457,2022,135,"Myanmar","MYA","MMR",72,"Germany","GFR","DEU",760,395,"0","-","0","0","0"
1,"q5rX4C",1,2458,2023,135,"Myanmar","MYA","MMR",72,"Germany","GFR","DEU",1080,465,"0","-","0","0","0"
1,"q5rX4C",1,2459,2024,135,"Myanmar","MYA","MMR",72,"Germany","GFR","DEU",1305,371,"0","-","0","0","0"
1,"q5rX4C",1,2460,2025,135,"Myanmar","MYA","MMR",72,"Germany","GFR","DEU",1519,290,"0","-","0","0","0"
1,"q5rX4C",1,2461,2002,136,"Namibia","NAM","NAM",72,"Germany","GFR","DEU",13,"0","0","-","0","0","0"
1,"q5rX4C",1,2462,2003,136,"Namibia","NAM","NAM",72,"Germany","GFR","DEU",11,"0","0","-","0","0","0"
1,"q5rX4C",1,2463,2004,136,"Namibia","NAM","NAM",72,"Germany","GFR","DEU",9,"0","0","-","0","0","0"
1,"q5rX4C",1,2464,2005,136,"Namibia","NAM","NAM",72,"Germany","GFR","DEU",8,"0","0","-","0","0","0"
1,"q5rX4C",1,2465,2006,136,"Namibia","NAM","NAM",72,"Germany","GFR","DEU",21,"0","0","-","0","0","0"
1,"q5rX4C",1,2466,2007,136,"Namibia","NAM","NAM",72,"Germany","GFR","DEU",16,"0","0","-","0","0","0"
1,"q5rX4C",1,2467,2008,136,"Namibia","NAM","NAM",72,"Germany","GFR","DEU",19,"0","0","-","0","0","0"
1,"q5rX4C",1,2468,2009,136,"Namibia","NAM","NAM",72,"Germany","GFR","DEU",7,"0","0","-","0","0","0"
1,"q5rX4C",1,2469,2010,136,"Namibia","NAM","NAM",72,"Germany","GFR","DEU",10,"0","0","-","0","0","0"
1,"q5rX4C",1,2470,2011,136,"Namibia","NAM","NAM",72,"Germany","GFR","DEU",7,"0","0","-","0","0","0"
1,"q5rX4C",1,2471,2012,136,"Namibia","NAM","NAM",72,"Germany","GFR","DEU",10,"0","0","-","0","0","0"
1,"q5rX4C",1,2472,2014,136,"Namibia","NAM","NAM",72,"Germany","GFR","DEU",5,"0","0","-","0","0","0"
1,"q5rX4C",1,2473,2017,136,"Namibia","NAM","NAM",72,"Germany","GFR","DEU","0",5,"0","-","0","0","0"
1,"q5rX4C",1,2474,2018,136,"Namibia","NAM","NAM",72,"Germany","GFR","DEU","0",16,"0","-","0","0","0"
1,"q5rX4C",1,2475,2019,136,"Namibia","NAM","NAM",72,"Germany","GFR","DEU","0",28,"0","-","0","0","0"
1,"q5rX4C",1,2476,2020,136,"Namibia","NAM","NAM",72,"Germany","GFR","DEU","0",40,"0","-","0","0","0"
1,"q5rX4C",1,2477,2021,136,"Namibia","NAM","NAM",72,"Germany","GFR","DEU","0",47,"0","-","0","0","0"
1,"q5rX4C",1,2478,2022,136,"Namibia","NAM","NAM",72,"Germany","GFR","DEU",8,50,"0","-","0","0","0"
1,"q5rX4C",1,2479,2023,136,"Namibia","NAM","NAM",72,"Germany","GFR","DEU",8,57,"0","-","0","0","0"
1,"q5rX4C",1,2480,2024,136,"Namibia","NAM","NAM",72,"Germany","GFR","DEU",10,64,"0","-","0","0","0"
1,"q5rX4C",1,2481,2025,136,"Namibia","NAM","NAM",72,"Germany","GFR","DEU",13,57,"0","-","0","0","0"
1,"q5rX4C",1,2482,2000,137,"Nepal","NEP","NPL",72,"Germany","GFR","DEU","0",64,"0","-","0","0","0"
1,"q5rX4C",1,2483,2001,137,"Nepal","NEP","NPL",72,"Germany","GFR","DEU","0",107,"0","-","0","0","0"
1,"q5rX4C",1,2484,2002,137,"Nepal","NEP","NPL",72,"Germany","GFR","DEU",390,165,"0","-","0","0","0"
1,"q5rX4C",1,2485,2003,137,"Nepal","NEP","NPL",72,"Germany","GFR","DEU",483,81,"0","-","0","0","0"
1,"q5rX4C",1,2486,2004,137,"Nepal","NEP","NPL",72,"Germany","GFR","DEU",483,65,"0","-","0","0","0"
1,"q5rX4C",1,2487,2005,137,"Nepal","NEP","NPL",72,"Germany","GFR","DEU",530,242,"0","-","0","0","0"
1,"q5rX4C",1,2488,2006,137,"Nepal","NEP","NPL",72,"Germany","GFR","DEU",224,147,"0","-","0","0","0"
1,"q5rX4C",1,2489,2007,137,"Nepal","NEP","NPL",72,"Germany","GFR","DEU",248,55,"0","-","0","0","0"
1,"q5rX4C",1,2490,2008,137,"Nepal","NEP","NPL",72,"Germany","GFR","DEU",259,36,"0","-","0","0","0"
1,"q5rX4C",1,2491,2009,137,"Nepal","NEP","NPL",72,"Germany","GFR","DEU",350,38,"0","-","0","0","0"
1,"q5rX4C",1,2492,2010,137,"Nepal","NEP","NPL",72,"Germany","GFR","DEU",349,31,"0","-","0","0","0"
1,"q5rX4C",1,2493,2011,137,"Nepal","NEP","NPL",72,"Germany","GFR","DEU",331,39,"0","-","0","0","0"
1,"q5rX4C",1,2494,2012,137,"Nepal","NEP","NPL",72,"Germany","GFR","DEU",349,49,"0","-","0","0","0"
1,"q5rX4C",1,2495,2013,137,"Nepal","NEP","NPL",72,"Germany","GFR","DEU",55,50,"0","-","0","0","0"
1,"q5rX4C",1,2496,2014,137,"Nepal","NEP","NPL",72,"Germany","GFR","DEU",51,56,"0","-","0","0","0"
1,"q5rX4C",1,2497,2015,137,"Nepal","NEP","NPL",72,"Germany","GFR","DEU",45,40,"0","-","0","0","0"
1,"q5rX4C",1,2498,2016,137,"Nepal","NEP","NPL",72,"Germany","GFR","DEU",42,160,"0","-","0","0","0"
1,"q5rX4C",1,2499,2017,137,"Nepal","NEP","NPL",72,"Germany","GFR","DEU",50,142,"0","-","0","0","0"
1,"q5rX4C",1,2500,2018,137,"Nepal","NEP","NPL",72,"Germany","GFR","DEU",56,129,"0","-","0","0","0"
1,"q5rX4C",1,2501,2019,137,"Nepal","NEP","NPL",72,"Germany","GFR","DEU",61,81,"0","-","0","0","0"
1,"q5rX4C",1,2502,2020,137,"Nepal","NEP","NPL",72,"Germany","GFR","DEU",60,36,"0","-","0","0","0"
1,"q5rX4C",1,2503,2021,137,"Nepal","NEP","NPL",72,"Germany","GFR","DEU",61,23,"0","-","0","0","0"
1,"q5rX4C",1,2504,2022,137,"Nepal","NEP","NPL",72,"Germany","GFR","DEU",60,33,"0","-","0","0","0"
1,"q5rX4C",1,2505,2023,137,"Nepal","NEP","NPL",72,"Germany","GFR","DEU",69,48,"0","-","0","0","0"
1,"q5rX4C",1,2506,2024,137,"Nepal","NEP","NPL",72,"Germany","GFR","DEU",73,106,"0","-","0","0","0"
1,"q5rX4C",1,2507,2025,137,"Nepal","NEP","NPL",72,"Germany","GFR","DEU",66,96,"0","-","0","0","0"
1,"q5rX4C",1,2508,2002,138,"Netherlands (Kingdom of the)","NET","NLD",72,"Germany","GFR","DEU",27,"0","0","-","0","0","0"
1,"q5rX4C",1,2509,2003,138,"Netherlands (Kingdom of the)","NET","NLD",72,"Germany","GFR","DEU",38,"0","0","-","0","0","0"
1,"q5rX4C",1,2510,2004,138,"Netherlands (Kingdom of the)","NET","NLD",72,"Germany","GFR","DEU",40,"0","0","-","0","0","0"
1,"q5rX4C",1,2511,2005,138,"Netherlands (Kingdom of the)","NET","NLD",72,"Germany","GFR","DEU",150,5,"0","-","0","0","0"
1,"q5rX4C",1,2512,2006,138,"Netherlands (Kingdom of the)","NET","NLD",72,"Germany","GFR","DEU",26,"0","0","-","0","0","0"
1,"q5rX4C",1,2513,2007,138,"Netherlands (Kingdom of the)","NET","NLD",72,"Germany","GFR","DEU",22,5,"0","-","0","0","0"
1,"q5rX4C",1,2514,2008,138,"Netherlands (Kingdom of the)","NET","NLD",72,"Germany","GFR","DEU",13,6,"0","-","0","0","0"
1,"q5rX4C",1,2515,2009,138,"Netherlands (Kingdom of the)","NET","NLD",72,"Germany","GFR","DEU",7,7,"0","-","0","0","0"
1,"q5rX4C",1,2516,2010,138,"Netherlands (Kingdom of the)","NET","NLD",72,"Germany","GFR","DEU",9,5,"0","-","0","0","0"
1,"q5rX4C",1,2517,2011,138,"Netherlands (Kingdom of the)","NET","NLD",72,"Germany","GFR","DEU",11,5,"0","-","0","0","0"
1,"q5rX4C",1,2518,2012,138,"Netherlands (Kingdom of the)","NET","NLD",72,"Germany","GFR","DEU",13,"0","0","-","0","0","0"
1,"q5rX4C",1,2519,2013,138,"Netherlands (Kingdom of the)","NET","NLD",72,"Germany","GFR","DEU",9,"0","0","-","0","0","0"
1,"q5rX4C",1,2520,2014,138,"Netherlands (Kingdom of the)","NET","NLD",72,"Germany","GFR","DEU",10,10,"0","-","0","0","0"
1,"q5rX4C",1,2521,2015,138,"Netherlands (Kingdom of the)","NET","NLD",72,"Germany","GFR","DEU",12,5,"0","-","0","0","0"
1,"q5rX4C",1,2522,2016,138,"Netherlands (Kingdom of the)","NET","NLD",72,"Germany","GFR","DEU",14,5,"0","-","0","0","0"
1,"q5rX4C",1,2523,2017,138,"Netherlands (Kingdom of the)","NET","NLD",72,"Germany","GFR","DEU",21,5,"0","-","0","0","0"
1,"q5rX4C",1,2524,2018,138,"Netherlands (Kingdom of the)","NET","NLD",72,"Germany","GFR","DEU",25,"0","0","-","0","0","0"
1,"q5rX4C",1,2525,2019,138,"Netherlands (Kingdom of the)","NET","NLD",72,"Germany","GFR","DEU",31,5,"0","-","0","0","0"
1,"q5rX4C",1,2526,2020,138,"Netherlands (Kingdom of the)","NET","NLD",72,"Germany","GFR","DEU",31,5,"0","-","0","0","0"
1,"q5rX4C",1,2527,2021,138,"Netherlands (Kingdom of the)","NET","NLD",72,"Germany","GFR","DEU",31,5,"0","-","0","0","0"
1,"q5rX4C",1,2528,2022,138,"Netherlands (Kingdom of the)","NET","NLD",72,"Germany","GFR","DEU",39,5,"0","-","0","0","0"
1,"q5rX4C",1,2529,2023,138,"Netherlands (Kingdom of the)","NET","NLD",72,"Germany","GFR","DEU",43,"0","0","-","0","0","0"
1,"q5rX4C",1,2530,2024,138,"Netherlands (Kingdom of the)","NET","NLD",72,"Germany","GFR","DEU",45,5,"0","-","0","0","0"
1,"q5rX4C",1,2531,2025,138,"Netherlands (Kingdom of the)","NET","NLD",72,"Germany","GFR","DEU",46,5,"0","-","0","0","0"
1,"q5rX4C",1,2532,2000,139,"Niger","NGR","NER",72,"Germany","GFR","DEU","0",12,"0","-","0","0","0"
1,"q5rX4C",1,2533,2001,139,"Niger","NGR","NER",72,"Germany","GFR","DEU","0",25,"0","-","0","0","0"
1,"q5rX4C",1,2534,2002,139,"Niger","NGR","NER",72,"Germany","GFR","DEU",307,47,"0","-","0","0","0"
1,"q5rX4C",1,2535,2003,139,"Niger","NGR","NER",72,"Germany","GFR","DEU",396,14,"0","-","0","0","0"
1,"q5rX4C",1,2536,2004,139,"Niger","NGR","NER",72,"Germany","GFR","DEU",402,10,"0","-","0","0","0"
1,"q5rX4C",1,2537,2005,139,"Niger","NGR","NER",72,"Germany","GFR","DEU",326,88,"0","-","0","0","0"
1,"q5rX4C",1,2538,2006,139,"Niger","NGR","NER",72,"Germany","GFR","DEU",92,49,"0","-","0","0","0"
1,"q5rX4C",1,2539,2007,139,"Niger","NGR","NER",72,"Germany","GFR","DEU",117,32,"0","-","0","0","0"
1,"q5rX4C",1,2540,2008,139,"Niger","NGR","NER",72,"Germany","GFR","DEU",135,25,"0","-","0","0","0"
1,"q5rX4C",1,2541,2009,139,"Niger","NGR","NER",72,"Germany","GFR","DEU",192,27,"0","-","0","0","0"
1,"q5rX4C",1,2542,2010,139,"Niger","NGR","NER",72,"Germany","GFR","DEU",210,45,"0","-","0","0","0"
1,"q5rX4C",1,2543,2011,139,"Niger","NGR","NER",72,"Germany","GFR","DEU",198,33,"0","-","0","0","0"
1,"q5rX4C",1,2544,2012,139,"Niger","NGR","NER",72,"Germany","GFR","DEU",212,54,"0","-","0","0","0"
1,"q5rX4C",1,2545,2013,139,"Niger","NGR","NER",72,"Germany","GFR","DEU",36,126,"0","-","0","0","0"
1,"q5rX4C",1,2546,2014,139,"Niger","NGR","NER",72,"Germany","GFR","DEU",41,159,"0","-","0","0","0"
1,"q5rX4C",1,2547,2015,139,"Niger","NGR","NER",72,"Germany","GFR","DEU",45,233,"0","-","0","0","0"
1,"q5rX4C",1,2548,2016,139,"Niger","NGR","NER",72,"Germany","GFR","DEU",43,236,"0","-","0","0","0"
1,"q5rX4C",1,2549,2017,139,"Niger","NGR","NER",72,"Germany","GFR","DEU",44,194,"0","-","0","0","0"
1,"q5rX4C",1,2550,2018,139,"Niger","NGR","NER",72,"Germany","GFR","DEU",55,169,"0","-","0","0","0"
1,"q5rX4C",1,2551,2019,139,"Niger","NGR","NER",72,"Germany","GFR","DEU",56,143,"0","-","0","0","0"
1,"q5rX4C",1,2552,2020,139,"Niger","NGR","NER",72,"Germany","GFR","DEU",57,126,"0","-","0","0","0"
1,"q5rX4C",1,2553,2021,139,"Niger","NGR","NER",72,"Germany","GFR","DEU",60,93,"0","-","0","0","0"
1,"q5rX4C",1,2554,2022,139,"Niger","NGR","NER",72,"Germany","GFR","DEU",62,83,"0","-","0","0","0"
1,"q5rX4C",1,2555,2023,139,"Niger","NGR","NER",72,"Germany","GFR","DEU",81,138,"0","-","0","0","0"
1,"q5rX4C",1,2556,2024,139,"Niger","NGR","NER",72,"Germany","GFR","DEU",83,185,"0","-","0","0","0"
1,"q5rX4C",1,2557,2025,139,"Niger","NGR","NER",72,"Germany","GFR","DEU",85,166,"0","-","0","0","0"
1,"q5rX4C",1,2558,2002,140,"Nicaragua","NIC","NIC",72,"Germany","GFR","DEU",12,"0","0","-","0","0","0"
1,"q5rX4C",1,2559,2003,140,"Nicaragua","NIC","NIC",72,"Germany","GFR","DEU",8,"0","0","-","0","0","0"
1,"q5rX4C",1,2560,2004,140,"Nicaragua","NIC","NIC",72,"Germany","GFR","DEU",6,"0","0","-","0","0","0"
1,"q5rX4C",1,2561,2005,140,"Nicaragua","NIC","NIC",72,"Germany","GFR","DEU",6,"0","0","-","0","0","0"
1,"q5rX4C",1,2562,2006,140,"Nicaragua","NIC","NIC",72,"Germany","GFR","DEU",25,"0","0","-","0","0","0"
1,"q5rX4C",1,2563,2007,140,"Nicaragua","NIC","NIC",72,"Germany","GFR","DEU",19,"0","0","-","0","0","0"
1,"q5rX4C",1,2564,2008,140,"Nicaragua","NIC","NIC",72,"Germany","GFR","DEU",18,"0","0","-","0","0","0"
1,"q5rX4C",1,2565,2009,140,"Nicaragua","NIC","NIC",72,"Germany","GFR","DEU",7,"0","0","-","0","0","0"
1,"q5rX4C",1,2566,2010,140,"Nicaragua","NIC","NIC",72,"Germany","GFR","DEU",5,"0","0","-","0","0","0"
1,"q5rX4C",1,2567,2011,140,"Nicaragua","NIC","NIC",72,"Germany","GFR","DEU",7,"0","0","-","0","0","0"
1,"q5rX4C",1,2568,2012,140,"Nicaragua","NIC","NIC",72,"Germany","GFR","DEU",5,"0","0","-","0","0","0"
1,"q5rX4C",1,2569,2016,140,"Nicaragua","NIC","NIC",72,"Germany","GFR","DEU","0",5,"0","-","0","0","0"
1,"q5rX4C",1,2570,2018,140,"Nicaragua","NIC","NIC",72,"Germany","GFR","DEU",5,27,"0","-","0","0","0"
1,"q5rX4C",1,2571,2019,140,"Nicaragua","NIC","NIC",72,"Germany","GFR","DEU",5,127,"0","-","0","0","0"
1,"q5rX4C",1,2572,2020,140,"Nicaragua","NIC","NIC",72,"Germany","GFR","DEU",5,180,"0","-","0","0","0"
1,"q5rX4C",1,2573,2021,140,"Nicaragua","NIC","NIC",72,"Germany","GFR","DEU",5,202,"0","-","0","0","0"
1,"q5rX4C",1,2574,2022,140,"Nicaragua","NIC","NIC",72,"Germany","GFR","DEU",8,383,"0","-","0","0","0"
1,"q5rX4C",1,2575,2023,140,"Nicaragua","NIC","NIC",72,"Germany","GFR","DEU",29,443,"0","-","0","0","0"
1,"q5rX4C",1,2576,2024,140,"Nicaragua","NIC","NIC",72,"Germany","GFR","DEU",84,387,"0","-","0","0","0"
1,"q5rX4C",1,2577,2025,140,"Nicaragua","NIC","NIC",72,"Germany","GFR","DEU",105,319,"0","-","0","0","0"
1,"q5rX4C",1,2578,2000,141,"Nigeria","NIG","NGA",72,"Germany","GFR","DEU","0",99,"0","-","0","0","0"
1,"q5rX4C",1,2579,2001,141,"Nigeria","NIG","NGA",72,"Germany","GFR","DEU","0",255,"0","-","0","0","0"
1,"q5rX4C",1,2580,2002,141,"Nigeria","NIG","NGA",72,"Germany","GFR","DEU",1306,377,"0","-","0","0","0"
1,"q5rX4C",1,2581,2003,141,"Nigeria","NIG","NGA",72,"Germany","GFR","DEU",1509,256,"0","-","0","0","0"
1,"q5rX4C",1,2582,2004,141,"Nigeria","NIG","NGA",72,"Germany","GFR","DEU",1607,195,"0","-","0","0","0"
1,"q5rX4C",1,2583,2005,141,"Nigeria","NIG","NGA",72,"Germany","GFR","DEU",5984,1170,"0","-","0","0","0"
1,"q5rX4C",1,2584,2006,141,"Nigeria","NIG","NGA",72,"Germany","GFR","DEU",1096,858,"0","-","0","0","0"
1,"q5rX4C",1,2585,2007,141,"Nigeria","NIG","NGA",72,"Germany","GFR","DEU",1143,632,"0","-","0","0","0"
1,"q5rX4C",1,2586,2008,141,"Nigeria","NIG","NGA",72,"Germany","GFR","DEU",1237,715,"0","-","0","0","0"
1,"q5rX4C",1,2587,2009,141,"Nigeria","NIG","NGA",72,"Germany","GFR","DEU",2640,1119,"0","-","0","0","0"
1,"q5rX4C",1,2588,2010,141,"Nigeria","NIG","NGA",72,"Germany","GFR","DEU",2601,1241,"0","-","0","0","0"
1,"q5rX4C",1,2589,2011,141,"Nigeria","NIG","NGA",72,"Germany","GFR","DEU",2667,1243,"0","-","0","0","0"
1,"q5rX4C",1,2590,2012,141,"Nigeria","NIG","NGA",72,"Germany","GFR","DEU",2833,1542,"0","-","0","0","0"
1,"q5rX4C",1,2591,2013,141,"Nigeria","NIG","NGA",72,"Germany","GFR","DEU",720,2893,"0","-","0","0","0"
1,"q5rX4C",1,2592,2014,141,"Nigeria","NIG","NGA",72,"Germany","GFR","DEU",867,5978,"0","-","0","0","0"
1,"q5rX4C",1,2593,2015,141,"Nigeria","NIG","NGA",72,"Germany","GFR","DEU",981,9996,"0","-","0","0","0"
1,"q5rX4C",1,2594,2016,141,"Nigeria","NIG","NGA",72,"Germany","GFR","DEU",1121,20460,"0","-","0","0","0"
1,"q5rX4C",1,2595,2017,141,"Nigeria","NIG","NGA",72,"Germany","GFR","DEU",3971,19817,"0","-","0","0","0"
1,"q5rX4C",1,2596,2018,141,"Nigeria","NIG","NGA",72,"Germany","GFR","DEU",6435,21477,"0","-","0","0","0"
1,"q5rX4C",1,2597,2019,141,"Nigeria","NIG","NGA",72,"Germany","GFR","DEU",7828,21814,"0","-","0","0","0"
1,"q5rX4C",1,2598,2020,141,"Nigeria","NIG","NGA",72,"Germany","GFR","DEU",8813,16486,"0","-","0","0","0"
1,"q5rX4C",1,2599,2021,141,"Nigeria","NIG","NGA",72,"Germany","GFR","DEU",10023,11392,"0","-","0","0","0"
1,"q5rX4C",1,2600,2022,141,"Nigeria","NIG","NGA",72,"Germany","GFR","DEU",9440,7736,"0","-","0","0","0"
1,"q5rX4C",1,2601,2023,141,"Nigeria","NIG","NGA",72,"Germany","GFR","DEU",13083,6255,"0","-","0","0","0"
1,"q5rX4C",1,2602,2024,141,"Nigeria","NIG","NGA",72,"Germany","GFR","DEU",14083,5289,"0","-","0","0","0"
1,"q5rX4C",1,2603,2025,141,"Nigeria","NIG","NGA",72,"Germany","GFR","DEU",14184,4612,"0","-","0","0","0"
1,"q5rX4C",1,2604,2002,143,"Norway","NOR","NOR",72,"Germany","GFR","DEU",5,"0","0","-","0","0","0"
1,"q5rX4C",1,2605,2003,143,"Norway","NOR","NOR",72,"Germany","GFR","DEU",5,"0","0","-","0","0","0"
1,"q5rX4C",1,2606,2004,143,"Norway","NOR","NOR",72,"Germany","GFR","DEU",5,"0","0","-","0","0","0"
1,"q5rX4C",1,2607,2005,143,"Norway","NOR","NOR",72,"Germany","GFR","DEU",12,"0","0","-","0","0","0"
1,"q5rX4C",1,2608,2013,143,"Norway","NOR","NOR",72,"Germany","GFR","DEU",5,"0","0","-","0","0","0"
1,"q5rX4C",1,2609,2017,143,"Norway","NOR","NOR",72,"Germany","GFR","DEU",5,"0","0","-","0","0","0"
1,"q5rX4C",1,2610,2020,143,"Norway","NOR","NOR",72,"Germany","GFR","DEU","0",9,"0","-","0","0","0"
1,"q5rX4C",1,2611,2021,143,"Norway","NOR","NOR",72,"Germany","GFR","DEU","0",10,"0","-","0","0","0"
1,"q5rX4C",1,2612,2023,143,"Norway","NOR","NOR",72,"Germany","GFR","DEU",5,"0","0","-","0","0","0"
1,"q5rX4C",1,2613,2024,143,"Norway","NOR","NOR",72,"Germany","GFR","DEU",5,"0","0","-","0","0","0"
1,"q5rX4C",1,2614,2025,143,"Norway","NOR","NOR",72,"Germany","GFR","DEU",5,"0","0","-","0","0","0"
1,"q5rX4C",1,2615,2005,145,"New Zealand","NZL","NZL",72,"Germany","GFR","DEU",5,"0","0","-","0","0","0"
1,"q5rX4C",1,2616,2006,145,"New Zealand","NZL","NZL",72,"Germany","GFR","DEU",7,"0","0","-","0","0","0"
1,"q5rX4C",1,2617,2007,145,"New Zealand","NZL","NZL",72,"Germany","GFR","DEU",12,"0","0","-","0","0","0"
1,"q5rX4C",1,2618,2008,145,"New Zealand","NZL","NZL",72,"Germany","GFR","DEU",8,"0","0","-","0","0","0"
1,"q5rX4C",1,2619,2009,145,"New Zealand","NZL","NZL",72,"Germany","GFR","DEU",9,"0","0","-","0","0","0"
1,"q5rX4C",1,2620,2010,145,"New Zealand","NZL","NZL",72,"Germany","GFR","DEU",11,"0","0","-","0","0","0"
1,"q5rX4C",1,2621,2011,145,"New Zealand","NZL","NZL",72,"Germany","GFR","DEU",13,"0","0","-","0","0","0"
1,"q5rX4C",1,2622,2012,145,"New Zealand","NZL","NZL",72,"Germany","GFR","DEU",14,"0","0","-","0","0","0"
1,"q5rX4C",1,2623,2013,145,"New Zealand","NZL","NZL",72,"Germany","GFR","DEU",10,"0","0","-","0","0","0"
1,"q5rX4C",1,2624,2014,145,"New Zealand","NZL","NZL",72,"Germany","GFR","DEU",9,"0","0","-","0","0","0"
1,"q5rX4C",1,2625,2015,145,"New Zealand","NZL","NZL",72,"Germany","GFR","DEU",8,"0","0","-","0","0","0"
1,"q5rX4C",1,2626,2016,145,"New Zealand","NZL","NZL",72,"Germany","GFR","DEU",8,"0","0","-","0","0","0"
1,"q5rX4C",1,2627,2017,145,"New Zealand","NZL","NZL",72,"Germany","GFR","DEU",8,"0","0","-","0","0","0"
1,"q5rX4C",1,2628,2018,145,"New Zealand","NZL","NZL",72,"Germany","GFR","DEU",8,"0","0","-","0","0","0"
1,"q5rX4C",1,2629,2019,145,"New Zealand","NZL","NZL",72,"Germany","GFR","DEU",8,"0","0","-","0","0","0"
1,"q5rX4C",1,2630,2020,145,"New Zealand","NZL","NZL",72,"Germany","GFR","DEU",8,"0","0","-","0","0","0"
1,"q5rX4C",1,2631,2021,145,"New Zealand","NZL","NZL",72,"Germany","GFR","DEU",7,"0","0","-","0","0","0"
1,"q5rX4C",1,2632,2022,145,"New Zealand","NZL","NZL",72,"Germany","GFR","DEU",9,"0","0","-","0","0","0"
1,"q5rX4C",1,2633,2023,145,"New Zealand","NZL","NZL",72,"Germany","GFR","DEU",9,"0","0","-","0","0","0"
1,"q5rX4C",1,2634,2024,145,"New Zealand","NZL","NZL",72,"Germany","GFR","DEU",9,"0","0","-","0","0","0"
1,"q5rX4C",1,2635,2025,145,"New Zealand","NZL","NZL",72,"Germany","GFR","DEU",8,"0","0","-","0","0","0"
1,"q5rX4C",1,2636,2002,146,"Oman","OMN","OMN",72,"Germany","GFR","DEU",7,"0","0","-","0","0","0"
1,"q5rX4C",1,2637,2004,146,"Oman","OMN","OMN",72,"Germany","GFR","DEU",5,"0","0","-","0","0","0"
1,"q5rX4C",1,2638,2006,146,"Oman","OMN","OMN",72,"Germany","GFR","DEU",26,"0","0","-","0","0","0"
1,"q5rX4C",1,2639,2007,146,"Oman","OMN","OMN",72,"Germany","GFR","DEU",25,"0","0","-","0","0","0"
1,"q5rX4C",1,2640,2008,146,"Oman","OMN","OMN",72,"Germany","GFR","DEU",36,"0","0","-","0","0","0"
1,"q5rX4C",1,2641,2009,146,"Oman","OMN","OMN",72,"Germany","GFR","DEU",42,"0","0","-","0","0","0"
1,"q5rX4C",1,2642,2010,146,"Oman","OMN","OMN",72,"Germany","GFR","DEU",42,"0","0","-","0","0","0"
1,"q5rX4C",1,2643,2011,146,"Oman","OMN","OMN",72,"Germany","GFR","DEU",42,"0","0","-","0","0","0"
1,"q5rX4C",1,2644,2012,146,"Oman","OMN","OMN",72,"Germany","GFR","DEU",45,"0","0","-","0","0","0"
1,"q5rX4C",1,2645,2015,146,"Oman","OMN","OMN",72,"Germany","GFR","DEU",5,5,"0","-","0","0","0"
1,"q5rX4C",1,2646,2016,146,"Oman","OMN","OMN",72,"Germany","GFR","DEU",5,5,"0","-","0","0","0"
1,"q5rX4C",1,2647,2017,146,"Oman","OMN","OMN",72,"Germany","GFR","DEU",9,6,"0","-","0","0","0"
1,"q5rX4C",1,2648,2018,146,"Oman","OMN","OMN",72,"Germany","GFR","DEU",9,6,"0","-","0","0","0"
1,"q5rX4C",1,2649,2019,146,"Oman","OMN","OMN",72,"Germany","GFR","DEU",9,11,"0","-","0","0","0"
1,"q5rX4C",1,2650,2020,146,"Oman","OMN","OMN",72,"Germany","GFR","DEU",8,10,"0","-","0","0","0"
1,"q5rX4C",1,2651,2021,146,"Oman","OMN","OMN",72,"Germany","GFR","DEU",8,10,"0","-","0","0","0"
1,"q5rX4C",1,2652,2022,146,"Oman","OMN","OMN",72,"Germany","GFR","DEU",7,10,"0","-","0","0","0"
1,"q5rX4C",1,2653,2023,146,"Oman","OMN","OMN",72,"Germany","GFR","DEU",15,"0","0","-","0","0","0"
1,"q5rX4C",1,2654,2024,146,"Oman","OMN","OMN",72,"Germany","GFR","DEU",17,"0","0","-","0","0","0"
1,"q5rX4C",1,2655,2025,146,"Oman","OMN","OMN",72,"Germany","GFR","DEU",16,"0","0","-","0","0","0"
1,"q5rX4C",1,2656,2000,147,"Pakistan","PAK","PAK",72,"Germany","GFR","DEU","0",584,"0","-","0","0","0"
1,"q5rX4C",1,2657,2001,147,"Pakistan","PAK","PAK",72,"Germany","GFR","DEU","0",592,"0","-","0","0","0"
1,"q5rX4C",1,2658,2002,147,"Pakistan","PAK","PAK",72,"Germany","GFR","DEU",9254,615,"0","-","0","0","0"
1,"q5rX4C",1,2659,2003,147,"Pakistan","PAK","PAK",72,"Germany","GFR","DEU",9161,467,"0","-","0","0","0"
1,"q5rX4C",1,2660,2004,147,"Pakistan","PAK","PAK",72,"Germany","GFR","DEU",8656,244,"0","-","0","0","0"
1,"q5rX4C",1,2661,2005,147,"Pakistan","PAK","PAK",72,"Germany","GFR","DEU",10815,1153,"0","-","0","0","0"
1,"q5rX4C",1,2662,2006,147,"Pakistan","PAK","PAK",72,"Germany","GFR","DEU",3580,974,"0","-","0","0","0"
1,"q5rX4C",1,2663,2007,147,"Pakistan","PAK","PAK",72,"Germany","GFR","DEU",4298,628,"0","-","0","0","0"
1,"q5rX4C",1,2664,2008,147,"Pakistan","PAK","PAK",72,"Germany","GFR","DEU",4607,655,"0","-","0","0","0"
1,"q5rX4C",1,2665,2009,147,"Pakistan","PAK","PAK",72,"Germany","GFR","DEU",7383,829,"0","-","0","0","0"
1,"q5rX4C",1,2666,2010,147,"Pakistan","PAK","PAK",72,"Germany","GFR","DEU",7078,1275,"0","-","0","0","0"
1,"q5rX4C",1,2667,2011,147,"Pakistan","PAK","PAK",72,"Germany","GFR","DEU",6629,3073,"0","-","0","0","0"
1,"q5rX4C",1,2668,2012,147,"Pakistan","PAK","PAK",72,"Germany","GFR","DEU",6943,5436,"0","-","0","0","0"
1,"q5rX4C",1,2669,2013,147,"Pakistan","PAK","PAK",72,"Germany","GFR","DEU",3387,7534,"0","-","0","0","0"
1,"q5rX4C",1,2670,2014,147,"Pakistan","PAK","PAK",72,"Germany","GFR","DEU",4331,9125,"0","-","0","0","0"
1,"q5rX4C",1,2671,2015,147,"Pakistan","PAK","PAK",72,"Germany","GFR","DEU",4702,14966,"0","-","0","0","0"
1,"q5rX4C",1,2672,2016,147,"Pakistan","PAK","PAK",72,"Germany","GFR","DEU",5169,22748,"0","-","0","0","0"
1,"q5rX4C",1,2673,2017,147,"Pakistan","PAK","PAK",72,"Germany","GFR","DEU",6572,17952,"0","-","0","0","0"
1,"q5rX4C",1,2674,2018,147,"Pakistan","PAK","PAK",72,"Germany","GFR","DEU",7454,13645,"0","-","0","0","0"
1,"q5rX4C",1,2675,2019,147,"Pakistan","PAK","PAK",72,"Germany","GFR","DEU",8125,10081,"0","-","0","0","0"
1,"q5rX4C",1,2676,2020,147,"Pakistan","PAK","PAK",72,"Germany","GFR","DEU",8475,6453,"0","-","0","0","0"
1,"q5rX4C",1,2677,2021,147,"Pakistan","PAK","PAK",72,"Germany","GFR","DEU",8788,4457,"0","-","0","0","0"
1,"q5rX4C",1,2678,2022,147,"Pakistan","PAK","PAK",72,"Germany","GFR","DEU",5973,3334,"0","-","0","0","0"
1,"q5rX4C",1,2679,2023,147,"Pakistan","PAK","PAK",72,"Germany","GFR","DEU",9416,4114,"0","-","0","0","0"
1,"q5rX4C",1,2680,2024,147,"Pakistan","PAK","PAK",72,"Germany","GFR","DEU",9249,3684,"0","-","0","0","0"
1,"q5rX4C",1,2681,2025,147,"Pakistan","PAK","PAK",72,"Germany","GFR","DEU",9103,3338,"0","-","0","0","0"
1,"q5rX4C",1,2682,2002,148,"Panama","PAN","PAN",72,"Germany","GFR","DEU",6,"0","0","-","0","0","0"
1,"q5rX4C",1,2683,2003,148,"Panama","PAN","PAN",72,"Germany","GFR","DEU",5,"0","0","-","0","0","0"
1,"q5rX4C",1,2684,2004,148,"Panama","PAN","PAN",72,"Germany","GFR","DEU",5,"0","0","-","0","0","0"
1,"q5rX4C",1,2685,2005,148,"Panama","PAN","PAN",72,"Germany","GFR","DEU",5,"0","0","-","0","0","0"
1,"q5rX4C",1,2686,2006,148,"Panama","PAN","PAN",72,"Germany","GFR","DEU",14,"0","0","-","0","0","0"
1,"q5rX4C",1,2687,2007,148,"Panama","PAN","PAN",72,"Germany","GFR","DEU",11,"0","0","-","0","0","0"
1,"q5rX4C",1,2688,2008,148,"Panama","PAN","PAN",72,"Germany","GFR","DEU",9,"0","0","-","0","0","0"
1,"q5rX4C",1,2689,2009,148,"Panama","PAN","PAN",72,"Germany","GFR","DEU",5,"0","0","-","0","0","0"
1,"q5rX4C",1,2690,2012,148,"Panama","PAN","PAN",72,"Germany","GFR","DEU",5,"0","0","-","0","0","0"
1,"q5rX4C",1,2691,2021,148,"Panama","PAN","PAN",72,"Germany","GFR","DEU","0",5,"0","-","0","0","0"
1,"q5rX4C",1,2692,2022,148,"Panama","PAN","PAN",72,"Germany","GFR","DEU","0",15,"0","-","0","0","0"
1,"q5rX4C",1,2693,2023,148,"Panama","PAN","PAN",72,"Germany","GFR","DEU",5,18,"0","-","0","0","0"
1,"q5rX4C",1,2694,2024,148,"Panama","PAN","PAN",72,"Germany","GFR","DEU",7,16,"0","-","0","0","0"
1,"q5rX4C",1,2695,2025,148,"Panama","PAN","PAN",72,"Germany","GFR","DEU",9,9,"0","-","0","0","0"
1,"q5rX4C",1,2696,2002,149,"Paraguay","PAR","PRY",72,"Germany","GFR","DEU",15,"0","0","-","0","0","0"
1,"q5rX4C",1,2697,2003,149,"Paraguay","PAR","PRY",72,"Germany","GFR","DEU",15,"0","0","-","0","0","0"
1,"q5rX4C",1,2698,2004,149,"Paraguay","PAR","PRY",72,"Germany","GFR","DEU",11,"0","0","-","0","0","0"
1,"q5rX4C",1,2699,2005,149,"Paraguay","PAR","PRY",72,"Germany","GFR","DEU",9,"0","0","-","0","0","0"
1,"q5rX4C",1,2700,2006,149,"Paraguay","PAR","PRY",72,"Germany","GFR","DEU",52,"0","0","-","0","0","0"
1,"q5rX4C",1,2701,2007,149,"Paraguay","PAR","PRY",72,"Germany","GFR","DEU",43,"0","0","-","0","0","0"
1,"q5rX4C",1,2702,2008,149,"Paraguay","PAR","PRY",72,"Germany","GFR","DEU",40,"0","0","-","0","0","0"
1,"q5rX4C",1,2703,2009,149,"Paraguay","PAR","PRY",72,"Germany","GFR","DEU",7,"0","0","-","0","0","0"
1,"q5rX4C",1,2704,2010,149,"Paraguay","PAR","PRY",72,"Germany","GFR","DEU",7,"0","0","-","0","0","0"
1,"q5rX4C",1,2705,2011,149,"Paraguay","PAR","PRY",72,"Germany","GFR","DEU",7,"0","0","-","0","0","0"
1,"q5rX4C",1,2706,2012,149,"Paraguay","PAR","PRY",72,"Germany","GFR","DEU",8,"0","0","-","0","0","0"
1,"q5rX4C",1,2707,2015,149,"Paraguay","PAR","PRY",72,"Germany","GFR","DEU","0",5,"0","-","0","0","0"
1,"q5rX4C",1,2708,2016,149,"Paraguay","PAR","PRY",72,"Germany","GFR","DEU","0",5,"0","-","0","0","0"
1,"q5rX4C",1,2709,2019,149,"Paraguay","PAR","PRY",72,"Germany","GFR","DEU","0",6,"0","-","0","0","0"
1,"q5rX4C",1,2710,2020,149,"Paraguay","PAR","PRY",72,"Germany","GFR","DEU",5,8,"0","-","0","0","0"
1,"q5rX4C",1,2711,2021,149,"Paraguay","PAR","PRY",72,"Germany","GFR","DEU",5,9,"0","-","0","0","0"
1,"q5rX4C",1,2712,2022,149,"Paraguay","PAR","PRY",72,"Germany","GFR","DEU",5,10,"0","-","0","0","0"
1,"q5rX4C",1,2713,2023,149,"Paraguay","PAR","PRY",72,"Germany","GFR","DEU",6,6,"0","-","0","0","0"
1,"q5rX4C",1,2714,2024,149,"Paraguay","PAR","PRY",72,"Germany","GFR","DEU",6,10,"0","-","0","0","0"
1,"q5rX4C",1,2715,2025,149,"Paraguay","PAR","PRY",72,"Germany","GFR","DEU",7,11,"0","-","0","0","0"
1,"q5rX4C",1,2716,2000,150,"Peru","PER","PER",72,"Germany","GFR","DEU","0",5,"0","-","0","0","0"
1,"q5rX4C",1,2717,2002,150,"Peru","PER","PER",72,"Germany","GFR","DEU",371,"0","0","-","0","0","0"
1,"q5rX4C",1,2718,2003,150,"Peru","PER","PER",72,"Germany","GFR","DEU",312,"0","0","-","0","0","0"
1,"q5rX4C",1,2719,2004,150,"Peru","PER","PER",72,"Germany","GFR","DEU",283,"0","0","-","0","0","0"
1,"q5rX4C",1,2720,2005,150,"Peru","PER","PER",72,"Germany","GFR","DEU",272,6,"0","-","0","0","0"
1,"q5rX4C",1,2721,2006,150,"Peru","PER","PER",72,"Germany","GFR","DEU",465,5,"0","-","0","0","0"
1,"q5rX4C",1,2722,2007,150,"Peru","PER","PER",72,"Germany","GFR","DEU",385,"0","0","-","0","0","0"
1,"q5rX4C",1,2723,2008,150,"Peru","PER","PER",72,"Germany","GFR","DEU",353,10,"0","-","0","0","0"
1,"q5rX4C",1,2724,2009,150,"Peru","PER","PER",72,"Germany","GFR","DEU",221,"0","0","-","0","0","0"
1,"q5rX4C",1,2725,2010,150,"Peru","PER","PER",72,"Germany","GFR","DEU",208,"0","0","-","0","0","0"
1,"q5rX4C",1,2726,2011,150,"Peru","PER","PER",72,"Germany","GFR","DEU",204,"0","0","-","0","0","0"
1,"q5rX4C",1,2727,2012,150,"Peru","PER","PER",72,"Germany","GFR","DEU",195,5,"0","-","0","0","0"
1,"q5rX4C",1,2728,2013,150,"Peru","PER","PER",72,"Germany","GFR","DEU",48,6,"0","-","0","0","0"
1,"q5rX4C",1,2729,2014,150,"Peru","PER","PER",72,"Germany","GFR","DEU",46,8,"0","-","0","0","0"
1,"q5rX4C",1,2730,2015,150,"Peru","PER","PER",72,"Germany","GFR","DEU",42,8,"0","-","0","0","0"
1,"q5rX4C",1,2731,2016,150,"Peru","PER","PER",72,"Germany","GFR","DEU",39,13,"0","-","0","0","0"
1,"q5rX4C",1,2732,2017,150,"Peru","PER","PER",72,"Germany","GFR","DEU",38,"0","0","-","0","0","0"
1,"q5rX4C",1,2733,2018,150,"Peru","PER","PER",72,"Germany","GFR","DEU",39,"0","0","-","0","0","0"
1,"q5rX4C",1,2734,2019,150,"Peru","PER","PER",72,"Germany","GFR","DEU",40,5,"0","-","0","0","0"
1,"q5rX4C",1,2735,2020,150,"Peru","PER","PER",72,"Germany","GFR","DEU",39,18,"0","-","0","0","0"
1,"q5rX4C",1,2736,2021,150,"Peru","PER","PER",72,"Germany","GFR","DEU",31,12,"0","-","0","0","0"
1,"q5rX4C",1,2737,2022,150,"Peru","PER","PER",72,"Germany","GFR","DEU",47,67,"0","-","0","0","0"
1,"q5rX4C",1,2738,2023,150,"Peru","PER","PER",72,"Germany","GFR","DEU",50,288,"0","-","0","0","0"
1,"q5rX4C",1,2739,2024,150,"Peru","PER","PER",72,"Germany","GFR","DEU",60,329,"0","-","0","0","0"
1,"q5rX4C",1,2740,2025,150,"Peru","PER","PER",72,"Germany","GFR","DEU",64,346,"0","-","0","0","0"
1,"q5rX4C",1,2741,2002,151,"Philippines","PHI","PHL",72,"Germany","GFR","DEU",141,"0","0","-","0","0","0"
1,"q5rX4C",1,2742,2003,151,"Philippines","PHI","PHL",72,"Germany","GFR","DEU",125,"0","0","-","0","0","0"
1,"q5rX4C",1,2743,2004,151,"Philippines","PHI","PHL",72,"Germany","GFR","DEU",100,"0","0","-","0","0","0"
1,"q5rX4C",1,2744,2005,151,"Philippines","PHI","PHL",72,"Germany","GFR","DEU",70,5,"0","-","0","0","0"
1,"q5rX4C",1,2745,2006,151,"Philippines","PHI","PHL",72,"Germany","GFR","DEU",134,"0","0","-","0","0","0"
1,"q5rX4C",1,2746,2007,151,"Philippines","PHI","PHL",72,"Germany","GFR","DEU",810,5,"0","-","0","0","0"
1,"q5rX4C",1,2747,2008,151,"Philippines","PHI","PHL",72,"Germany","GFR","DEU",605,5,"0","-","0","0","0"
1,"q5rX4C",1,2748,2009,151,"Philippines","PHI","PHL",72,"Germany","GFR","DEU",216,5,"0","-","0","0","0"
1,"q5rX4C",1,2749,2010,151,"Philippines","PHI","PHL",72,"Germany","GFR","DEU",228,"0","0","-","0","0","0"
1,"q5rX4C",1,2750,2011,151,"Philippines","PHI","PHL",72,"Germany","GFR","DEU",217,5,"0","-","0","0","0"
1,"q5rX4C",1,2751,2012,151,"Philippines","PHI","PHL",72,"Germany","GFR","DEU",249,5,"0","-","0","0","0"
1,"q5rX4C",1,2752,2013,151,"Philippines","PHI","PHL",72,"Germany","GFR","DEU",28,11,"0","-","0","0","0"
1,"q5rX4C",1,2753,2014,151,"Philippines","PHI","PHL",72,"Germany","GFR","DEU",31,18,"0","-","0","0","0"
1,"q5rX4C",1,2754,2015,151,"Philippines","PHI","PHL",72,"Germany","GFR","DEU",28,26,"0","-","0","0","0"
1,"q5rX4C",1,2755,2016,151,"Philippines","PHI","PHL",72,"Germany","GFR","DEU",25,42,"0","-","0","0","0"
1,"q5rX4C",1,2756,2017,151,"Philippines","PHI","PHL",72,"Germany","GFR","DEU",28,41,"0","-","0","0","0"
1,"q5rX4C",1,2757,2018,151,"Philippines","PHI","PHL",72,"Germany","GFR","DEU",33,37,"0","-","0","0","0"
1,"q5rX4C",1,2758,2019,151,"Philippines","PHI","PHL",72,"Germany","GFR","DEU",40,36,"0","-","0","0","0"
1,"q5rX4C",1,2759,2020,151,"Philippines","PHI","PHL",72,"Germany","GFR","DEU",40,29,"0","-","0","0","0"
1,"q5rX4C",1,2760,2021,151,"Philippines","PHI","PHL",72,"Germany","GFR","DEU",37,24,"0","-","0","0","0"
1,"q5rX4C",1,2761,2022,151,"Philippines","PHI","PHL",72,"Germany","GFR","DEU",55,31,"0","-","0","0","0"
1,"q5rX4C",1,2762,2023,151,"Philippines","PHI","PHL",72,"Germany","GFR","DEU",62,20,"0","-","0","0","0"
1,"q5rX4C",1,2763,2024,151,"Philippines","PHI","PHL",72,"Germany","GFR","DEU",76,27,"0","-","0","0","0"
1,"q5rX4C",1,2764,2025,151,"Philippines","PHI","PHL",72,"Germany","GFR","DEU",72,24,"0","-","0","0","0"
1,"q5rX4C",1,2765,2022,152,"Palau","PLW","PLW",72,"Germany","GFR","DEU",5,"0","0","-","0","0","0"
1,"q5rX4C",1,2766,2023,152,"Palau","PLW","PLW",72,"Germany","GFR","DEU",5,"0","0","-","0","0","0"
1,"q5rX4C",1,2767,2000,154,"Poland","POL","POL",72,"Germany","GFR","DEU","0",73,"0","-","0","0","0"
1,"q5rX4C",1,2768,2001,154,"Poland","POL","POL",72,"Germany","GFR","DEU","0",12,"0","-","0","0","0"
1,"q5rX4C",1,2769,2002,154,"Poland","POL","POL",72,"Germany","GFR","DEU",15182,10,"0","-","0","0","0"
1,"q5rX4C",1,2770,2003,154,"Poland","POL","POL",72,"Germany","GFR","DEU",13769,13,"0","-","0","0","0"
1,"q5rX4C",1,2771,2004,154,"Poland","POL","POL",72,"Germany","GFR","DEU",9292,5,"0","-","0","0","0"
1,"q5rX4C",1,2772,2005,154,"Poland","POL","POL",72,"Germany","GFR","DEU",18265,8,"0","-","0","0","0"
1,"q5rX4C",1,2773,2006,154,"Poland","POL","POL",72,"Germany","GFR","DEU",12182,11,"0","-","0","0","0"
1,"q5rX4C",1,2774,2007,154,"Poland","POL","POL",72,"Germany","GFR","DEU",1438,7,"0","-","0","0","0"
1,"q5rX4C",1,2775,2008,154,"Poland","POL","POL",72,"Germany","GFR","DEU",993,10,"0","-","0","0","0"
1,"q5rX4C",1,2776,2009,154,"Poland","POL","POL",72,"Germany","GFR","DEU",743,10,"0","-","0","0","0"
1,"q5rX4C",1,2777,2010,154,"Poland","POL","POL",72,"Germany","GFR","DEU",753,5,"0","-","0","0","0"
1,"q5rX4C",1,2778,2011,154,"Poland","POL","POL",72,"Germany","GFR","DEU",746,5,"0","-","0","0","0"
1,"q5rX4C",1,2779,2012,154,"Poland","POL","POL",72,"Germany","GFR","DEU",737,5,"0","-","0","0","0"
1,"q5rX4C",1,2780,2013,154,"Poland","POL","POL",72,"Germany","GFR","DEU",742,5,"0","-","0","0","0"
1,"q5rX4C",1,2781,2014,154,"Poland","POL","POL",72,"Germany","GFR","DEU",718,20,"0","-","0","0","0"
1,"q5rX4C",1,2782,2015,154,"Poland","POL","POL",72,"Germany","GFR","DEU",703,27,"0","-","0","0","0"
1,"q5rX4C",1,2783,2016,154,"Poland","POL","POL",72,"Germany","GFR","DEU",691,14,"0","-","0","0","0"
1,"q5rX4C",1,2784,2017,154,"Poland","POL","POL",72,"Germany","GFR","DEU",666,"0","0","-","0","0","0"
1,"q5rX4C",1,2785,2018,154,"Poland","POL","POL",72,"Germany","GFR","DEU",636,5,"0","-","0","0","0"
1,"q5rX4C",1,2786,2019,154,"Poland","POL","POL",72,"Germany","GFR","DEU",619,"0","0","-","0","0","0"
1,"q5rX4C",1,2787,2020,154,"Poland","POL","POL",72,"Germany","GFR","DEU",597,5,"0","-","0","0","0"
1,"q5rX4C",1,2788,2021,154,"Poland","POL","POL",72,"Germany","GFR","DEU",573,"0","0","-","0","0","0"
1,"q5rX4C",1,2789,2022,154,"Poland","POL","POL",72,"Germany","GFR","DEU",572,"0","0","-","0","0","0"
1,"q5rX4C",1,2790,2023,154,"Poland","POL","POL",72,"Germany","GFR","DEU",554,5,"0","-","0","0","0"
1,"q5rX4C",1,2791,2024,154,"Poland","POL","POL",72,"Germany","GFR","DEU",513,5,"0","-","0","0","0"
1,"q5rX4C",1,2792,2025,154,"Poland","POL","POL",72,"Germany","GFR","DEU",499,"0","0","-","0","0","0"
1,"q5rX4C",1,2793,2002,155,"Portugal","POR","PRT",72,"Germany","GFR","DEU",50,"0","0","-","0","0","0"
1,"q5rX4C",1,2794,2003,155,"Portugal","POR","PRT",72,"Germany","GFR","DEU",44,"0","0","-","0","0","0"
1,"q5rX4C",1,2795,2004,155,"Portugal","POR","PRT",72,"Germany","GFR","DEU",36,"0","0","-","0","0","0"
1,"q5rX4C",1,2796,2005,155,"Portugal","POR","PRT",72,"Germany","GFR","DEU",63,"0","0","-","0","0","0"
1,"q5rX4C",1,2797,2006,155,"Portugal","POR","PRT",72,"Germany","GFR","DEU",7,"0","0","-","0","0","0"
1,"q5rX4C",1,2798,2007,155,"Portugal","POR","PRT",72,"Germany","GFR","DEU",7,"0","0","-","0","0","0"
1,"q5rX4C",1,2799,2008,155,"Portugal","POR","PRT",72,"Germany","GFR","DEU",8,"0","0","-","0","0","0"
1,"q5rX4C",1,2800,2009,155,"Portugal","POR","PRT",72,"Germany","GFR","DEU",5,"0","0","-","0","0","0"
1,"q5rX4C",1,2801,2010,155,"Portugal","POR","PRT",72,"Germany","GFR","DEU",5,"0","0","-","0","0","0"
1,"q5rX4C",1,2802,2011,155,"Portugal","POR","PRT",72,"Germany","GFR","DEU",5,"0","0","-","0","0","0"
1,"q5rX4C",1,2803,2012,155,"Portugal","POR","PRT",72,"Germany","GFR","DEU",5,"0","0","-","0","0","0"
1,"q5rX4C",1,2804,2014,155,"Portugal","POR","PRT",72,"Germany","GFR","DEU",5,"0","0","-","0","0","0"
1,"q5rX4C",1,2805,2015,155,"Portugal","POR","PRT",72,"Germany","GFR","DEU",5,5,"0","-","0","0","0"
1,"q5rX4C",1,2806,2016,155,"Portugal","POR","PRT",72,"Germany","GFR","DEU",5,5,"0","-","0","0","0"
1,"q5rX4C",1,2807,2017,155,"Portugal","POR","PRT",72,"Germany","GFR","DEU",6,"0","0","-","0","0","0"
1,"q5rX4C",1,2808,2018,155,"Portugal","POR","PRT",72,"Germany","GFR","DEU",5,"0","0","-","0","0","0"
1,"q5rX4C",1,2809,2019,155,"Portugal","POR","PRT",72,"Germany","GFR","DEU",5,5,"0","-","0","0","0"
1,"q5rX4C",1,2810,2020,155,"Portugal","POR","PRT",72,"Germany","GFR","DEU",7,"0","0","-","0","0","0"
1,"q5rX4C",1,2811,2021,155,"Portugal","POR","PRT",72,"Germany","GFR","DEU",6,"0","0","-","0","0","0"
1,"q5rX4C",1,2812,2022,155,"Portugal","POR","PRT",72,"Germany","GFR","DEU",8,"0","0","-","0","0","0"
1,"q5rX4C",1,2813,2023,155,"Portugal","POR","PRT",72,"Germany","GFR","DEU",9,5,"0","-","0","0","0"
1,"q5rX4C",1,2814,2024,155,"Portugal","POR","PRT",72,"Germany","GFR","DEU",9,"0","0","-","0","0","0"
1,"q5rX4C",1,2815,2025,155,"Portugal","POR","PRT",72,"Germany","GFR","DEU",9,"0","0","-","0","0","0"
1,"q5rX4C",1,2816,2002,157,"Qatar","QAT","QAT",72,"Germany","GFR","DEU",5,"0","0","-","0","0","0"
1,"q5rX4C",1,2817,2003,157,"Qatar","QAT","QAT",72,"Germany","GFR","DEU",9,"0","0","-","0","0","0"
1,"q5rX4C",1,2818,2004,157,"Qatar","QAT","QAT",72,"Germany","GFR","DEU",5,"0","0","-","0","0","0"
1,"q5rX4C",1,2819,2006,157,"Qatar","QAT","QAT",72,"Germany","GFR","DEU",41,"0","0","-","0","0","0"
1,"q5rX4C",1,2820,2007,157,"Qatar","QAT","QAT",72,"Germany","GFR","DEU",50,"0","0","-","0","0","0"
1,"q5rX4C",1,2821,2008,157,"Qatar","QAT","QAT",72,"Germany","GFR","DEU",58,"0","0","-","0","0","0"
1,"q5rX4C",1,2822,2009,157,"Qatar","QAT","QAT",72,"Germany","GFR","DEU",55,"0","0","-","0","0","0"
1,"q5rX4C",1,2823,2010,157,"Qatar","QAT","QAT",72,"Germany","GFR","DEU",97,"0","0","-","0","0","0"
1,"q5rX4C",1,2824,2011,157,"Qatar","QAT","QAT",72,"Germany","GFR","DEU",82,"0","0","-","0","0","0"
1,"q5rX4C",1,2825,2012,157,"Qatar","QAT","QAT",72,"Germany","GFR","DEU",109,"0","0","-","0","0","0"
1,"q5rX4C",1,2826,2019,157,"Qatar","QAT","QAT",72,"Germany","GFR","DEU",5,"0","0","-","0","0","0"
1,"q5rX4C",1,2827,2020,157,"Qatar","QAT","QAT",72,"Germany","GFR","DEU",5,"0","0","-","0","0","0"
1,"q5rX4C",1,2828,2021,157,"Qatar","QAT","QAT",72,"Germany","GFR","DEU",5,"0","0","-","0","0","0"
1,"q5rX4C",1,2829,2023,157,"Qatar","QAT","QAT",72,"Germany","GFR","DEU",5,"0","0","-","0","0","0"
1,"q5rX4C",1,2830,2024,157,"Qatar","QAT","QAT",72,"Germany","GFR","DEU",5,"0","0","-","0","0","0"
1,"q5rX4C",1,2831,2025,157,"Qatar","QAT","QAT",72,"Germany","GFR","DEU",5,"0","0","-","0","0","0"
1,"q5rX4C",1,2832,2000,158,"Romania","ROM","ROU",72,"Germany","GFR","DEU","0",32,"0","-","0","0","0"
1,"q5rX4C",1,2833,2001,158,"Romania","ROM","ROU",72,"Germany","GFR","DEU","0",43,"0","-","0","0","0"
1,"q5rX4C",1,2834,2002,158,"Romania","ROM","ROU",72,"Germany","GFR","DEU",4251,46,"0","-","0","0","0"
1,"q5rX4C",1,2835,2003,158,"Romania","ROM","ROU",72,"Germany","GFR","DEU",4053,12,"0","-","0","0","0"
1,"q5rX4C",1,2836,2004,158,"Romania","ROM","ROU",72,"Germany","GFR","DEU",3139,24,"0","-","0","0","0"
1,"q5rX4C",1,2837,2005,158,"Romania","ROM","ROU",72,"Germany","GFR","DEU",8496,44,"0","-","0","0","0"
1,"q5rX4C",1,2838,2006,158,"Romania","ROM","ROU",72,"Germany","GFR","DEU",3897,27,"0","-","0","0","0"
1,"q5rX4C",1,2839,2007,158,"Romania","ROM","ROU",72,"Germany","GFR","DEU",1262,7,"0","-","0","0","0"
1,"q5rX4C",1,2840,2008,158,"Romania","ROM","ROU",72,"Germany","GFR","DEU",812,5,"0","-","0","0","0"
1,"q5rX4C",1,2841,2009,158,"Romania","ROM","ROU",72,"Germany","GFR","DEU",674,10,"0","-","0","0","0"
1,"q5rX4C",1,2842,2010,158,"Romania","ROM","ROU",72,"Germany","GFR","DEU",554,16,"0","-","0","0","0"
1,"q5rX4C",1,2843,2011,158,"Romania","ROM","ROU",72,"Germany","GFR","DEU",517,11,"0","-","0","0","0"
1,"q5rX4C",1,2844,2012,158,"Romania","ROM","ROU",72,"Germany","GFR","DEU",492,10,"0","-","0","0","0"
1,"q5rX4C",1,2845,2013,158,"Romania","ROM","ROU",72,"Germany","GFR","DEU",182,18,"0","-","0","0","0"
1,"q5rX4C",1,2846,2014,158,"Romania","ROM","ROU",72,"Germany","GFR","DEU",177,23,"0","-","0","0","0"
1,"q5rX4C",1,2847,2015,158,"Romania","ROM","ROU",72,"Germany","GFR","DEU",170,14,"0","-","0","0","0"
1,"q5rX4C",1,2848,2016,158,"Romania","ROM","ROU",72,"Germany","GFR","DEU",166,17,"0","-","0","0","0"
1,"q5rX4C",1,2849,2017,158,"Romania","ROM","ROU",72,"Germany","GFR","DEU",163,5,"0","-","0","0","0"
1,"q5rX4C",1,2850,2018,158,"Romania","ROM","ROU",72,"Germany","GFR","DEU",155,11,"0","-","0","0","0"
1,"q5rX4C",1,2851,2019,158,"Romania","ROM","ROU",72,"Germany","GFR","DEU",146,13,"0","-","0","0","0"
1,"q5rX4C",1,2852,2020,158,"Romania","ROM","ROU",72,"Germany","GFR","DEU",137,5,"0","-","0","0","0"
1,"q5rX4C",1,2853,2021,158,"Romania","ROM","ROU",72,"Germany","GFR","DEU",129,10,"0","-","0","0","0"
1,"q5rX4C",1,2854,2022,158,"Romania","ROM","ROU",72,"Germany","GFR","DEU",174,5,"0","-","0","0","0"
1,"q5rX4C",1,2855,2023,158,"Romania","ROM","ROU",72,"Germany","GFR","DEU",203,10,"0","-","0","0","0"
1,"q5rX4C",1,2856,2024,158,"Romania","ROM","ROU",72,"Germany","GFR","DEU",250,5,"0","-","0","0","0"
1,"q5rX4C",1,2857,2025,158,"Romania","ROM","ROU",72,"Germany","GFR","DEU",252,5,"0","-","0","0","0"
1,"q5rX4C",1,2858,2002,159,"South Africa","RSA","ZAF",72,"Germany","GFR","DEU",91,"0","0","-","0","0","0"
1,"q5rX4C",1,2859,2003,159,"South Africa","RSA","ZAF",72,"Germany","GFR","DEU",97,"0","0","-","0","0","0"
1,"q5rX4C",1,2860,2004,159,"South Africa","RSA","ZAF",72,"Germany","GFR","DEU",71,"0","0","-","0","0","0"
1,"q5rX4C",1,2861,2005,159,"South Africa","RSA","ZAF",72,"Germany","GFR","DEU",64,5,"0","-","0","0","0"
1,"q5rX4C",1,2862,2006,159,"South Africa","RSA","ZAF",72,"Germany","GFR","DEU",270,5,"0","-","0","0","0"
1,"q5rX4C",1,2863,2007,159,"South Africa","RSA","ZAF",72,"Germany","GFR","DEU",210,"0","0","-","0","0","0"
1,"q5rX4C",1,2864,2008,159,"South Africa","RSA","ZAF",72,"Germany","GFR","DEU",170,"0","0","-","0","0","0"
1,"q5rX4C",1,2865,2009,159,"South Africa","RSA","ZAF",72,"Germany","GFR","DEU",51,5,"0","-","0","0","0"
1,"q5rX4C",1,2866,2010,159,"South Africa","RSA","ZAF",72,"Germany","GFR","DEU",47,5,"0","-","0","0","0"
1,"q5rX4C",1,2867,2011,159,"South Africa","RSA","ZAF",72,"Germany","GFR","DEU",46,5,"0","-","0","0","0"
1,"q5rX4C",1,2868,2012,159,"South Africa","RSA","ZAF",72,"Germany","GFR","DEU",49,"0","0","-","0","0","0"
1,"q5rX4C",1,2869,2013,159,"South Africa","RSA","ZAF",72,"Germany","GFR","DEU",32,"0","0","-","0","0","0"
1,"q5rX4C",1,2870,2014,159,"South Africa","RSA","ZAF",72,"Germany","GFR","DEU",30,8,"0","-","0","0","0"
1,"q5rX4C",1,2871,2015,159,"South Africa","RSA","ZAF",72,"Germany","GFR","DEU",24,19,"0","-","0","0","0"
1,"q5rX4C",1,2872,2016,159,"South Africa","RSA","ZAF",72,"Germany","GFR","DEU",18,21,"0","-","0","0","0"
1,"q5rX4C",1,2873,2017,159,"South Africa","RSA","ZAF",72,"Germany","GFR","DEU",17,34,"0","-","0","0","0"
1,"q5rX4C",1,2874,2018,159,"South Africa","RSA","ZAF",72,"Germany","GFR","DEU",17,50,"0","-","0","0","0"
1,"q5rX4C",1,2875,2019,159,"South Africa","RSA","ZAF",72,"Germany","GFR","DEU",19,73,"0","-","0","0","0"
1,"q5rX4C",1,2876,2020,159,"South Africa","RSA","ZAF",72,"Germany","GFR","DEU",21,65,"0","-","0","0","0"
1,"q5rX4C",1,2877,2021,159,"South Africa","RSA","ZAF",72,"Germany","GFR","DEU",20,54,"0","-","0","0","0"
1,"q5rX4C",1,2878,2022,159,"South Africa","RSA","ZAF",72,"Germany","GFR","DEU",30,42,"0","-","0","0","0"
1,"q5rX4C",1,2879,2023,159,"South Africa","RSA","ZAF",72,"Germany","GFR","DEU",31,74,"0","-","0","0","0"
1,"q5rX4C",1,2880,2024,159,"South Africa","RSA","ZAF",72,"Germany","GFR","DEU",30,62,"0","-","0","0","0"
1,"q5rX4C",1,2881,2025,159,"South Africa","RSA","ZAF",72,"Germany","GFR","DEU",31,50,"0","-","0","0","0"
1,"q5rX4C",1,2882,2000,160,"Russian Federation","RUS","RUS",72,"Germany","GFR","DEU","0",1969,"0","-","0","0","0"
1,"q5rX4C",1,2883,2001,160,"Russian Federation","RUS","RUS",72,"Germany","GFR","DEU","0",2323,"0","-","0","0","0"
1,"q5rX4C",1,2884,2002,160,"Russian Federation","RUS","RUS",72,"Germany","GFR","DEU",44284,2351,"0","-","0","0","0"
1,"q5rX4C",1,2885,2003,160,"Russian Federation","RUS","RUS",72,"Germany","GFR","DEU",45568,2440,"0","-","0","0","0"
1,"q5rX4C",1,2886,2004,160,"Russian Federation","RUS","RUS",72,"Germany","GFR","DEU",45030,2125,"0","-","0","0","0"
1,"q5rX4C",1,2887,2005,160,"Russian Federation","RUS","RUS",72,"Germany","GFR","DEU",41732,4900,"0","-","0","0","0"
1,"q5rX4C",1,2888,2006,160,"Russian Federation","RUS","RUS",72,"Germany","GFR","DEU",25346,3521,"0","-","0","0","0"
1,"q5rX4C",1,2889,2007,160,"Russian Federation","RUS","RUS",72,"Germany","GFR","DEU",30424,2295,"0","-","0","0","0"
1,"q5rX4C",1,2890,2008,160,"Russian Federation","RUS","RUS",72,"Germany","GFR","DEU",35505,1812,"0","-","0","0","0"
1,"q5rX4C",1,2891,2009,160,"Russian Federation","RUS","RUS",72,"Germany","GFR","DEU",37642,1948,"0","-","0","0","0"
1,"q5rX4C",1,2892,2010,160,"Russian Federation","RUS","RUS",72,"Germany","GFR","DEU",39460,2020,"0","-","0","0","0"
1,"q5rX4C",1,2893,2011,160,"Russian Federation","RUS","RUS",72,"Germany","GFR","DEU",39816,2593,"0","-","0","0","0"
1,"q5rX4C",1,2894,2012,160,"Russian Federation","RUS","RUS",72,"Germany","GFR","DEU",40204,4668,"0","-","0","0","0"
1,"q5rX4C",1,2895,2013,160,"Russian Federation","RUS","RUS",72,"Germany","GFR","DEU",4358,12890,"0","-","0","0","0"
1,"q5rX4C",1,2896,2014,160,"Russian Federation","RUS","RUS",72,"Germany","GFR","DEU",4608,12677,"0","-","0","0","0"
1,"q5rX4C",1,2897,2015,160,"Russian Federation","RUS","RUS",72,"Germany","GFR","DEU",4856,12725,"0","-","0","0","0"
1,"q5rX4C",1,2898,2016,160,"Russian Federation","RUS","RUS",72,"Germany","GFR","DEU",5255,19467,"0","-","0","0","0"
1,"q5rX4C",1,2899,2017,160,"Russian Federation","RUS","RUS",72,"Germany","GFR","DEU",6960,19253,"0","-","0","0","0"
1,"q5rX4C",1,2900,2018,160,"Russian Federation","RUS","RUS",72,"Germany","GFR","DEU",8119,18059,"0","-","0","0","0"
1,"q5rX4C",1,2901,2019,160,"Russian Federation","RUS","RUS",72,"Germany","GFR","DEU",8722,15409,"0","-","0","0","0"
1,"q5rX4C",1,2902,2020,160,"Russian Federation","RUS","RUS",72,"Germany","GFR","DEU",9172,13111,"0","-","0","0","0"
1,"q5rX4C",1,2903,2021,160,"Russian Federation","RUS","RUS",72,"Germany","GFR","DEU",9584,10362,"0","-","0","0","0"
1,"q5rX4C",1,2904,2022,160,"Russian Federation","RUS","RUS",72,"Germany","GFR","DEU",12637,9210,"0","-","0","0","0"
1,"q5rX4C",1,2905,2023,160,"Russian Federation","RUS","RUS",72,"Germany","GFR","DEU",17437,11052,"0","-","0","0","0"
1,"q5rX4C",1,2906,2024,160,"Russian Federation","RUS","RUS",72,"Germany","GFR","DEU",18700,10647,"0","-","0","0","0"
1,"q5rX4C",1,2907,2025,160,"Russian Federation","RUS","RUS",72,"Germany","GFR","DEU",18659,10432,"0","-","0","0","0"
1,"q5rX4C",1,2908,2000,161,"Rwanda","RWA","RWA",72,"Germany","GFR","DEU","0",28,"0","-","0","0","0"
1,"q5rX4C",1,2909,2001,161,"Rwanda","RWA","RWA",72,"Germany","GFR","DEU","0",20,"0","-","0","0","0"
1,"q5rX4C",1,2910,2002,161,"Rwanda","RWA","RWA",72,"Germany","GFR","DEU",562,17,"0","-","0","0","0"
1,"q5rX4C",1,2911,2003,161,"Rwanda","RWA","RWA",72,"Germany","GFR","DEU",529,23,"0","-","0","0","0"
1,"q5rX4C",1,2912,2004,161,"Rwanda","RWA","RWA",72,"Germany","GFR","DEU",496,23,"0","-","0","0","0"
1,"q5rX4C",1,2913,2005,161,"Rwanda","RWA","RWA",72,"Germany","GFR","DEU",272,82,"0","-","0","0","0"
1,"q5rX4C",1,2914,2006,161,"Rwanda","RWA","RWA",72,"Germany","GFR","DEU",173,76,"0","-","0","0","0"
1,"q5rX4C",1,2915,2007,161,"Rwanda","RWA","RWA",72,"Germany","GFR","DEU",186,40,"0","-","0","0","0"
1,"q5rX4C",1,2916,2008,161,"Rwanda","RWA","RWA",72,"Germany","GFR","DEU",194,34,"0","-","0","0","0"
1,"q5rX4C",1,2917,2009,161,"Rwanda","RWA","RWA",72,"Germany","GFR","DEU",224,47,"0","-","0","0","0"
1,"q5rX4C",1,2918,2010,161,"Rwanda","RWA","RWA",72,"Germany","GFR","DEU",218,47,"0","-","0","0","0"
1,"q5rX4C",1,2919,2011,161,"Rwanda","RWA","RWA",72,"Germany","GFR","DEU",217,58,"0","-","0","0","0"
1,"q5rX4C",1,2920,2012,161,"Rwanda","RWA","RWA",72,"Germany","GFR","DEU",217,62,"0","-","0","0","0"
1,"q5rX4C",1,2921,2013,161,"Rwanda","RWA","RWA",72,"Germany","GFR","DEU",170,53,"0","-","0","0","0"
1,"q5rX4C",1,2922,2014,161,"Rwanda","RWA","RWA",72,"Germany","GFR","DEU",173,67,"0","-","0","0","0"
1,"q5rX4C",1,2923,2015,161,"Rwanda","RWA","RWA",72,"Germany","GFR","DEU",188,67,"0","-","0","0","0"
1,"q5rX4C",1,2924,2016,161,"Rwanda","RWA","RWA",72,"Germany","GFR","DEU",197,113,"0","-","0","0","0"
1,"q5rX4C",1,2925,2017,161,"Rwanda","RWA","RWA",72,"Germany","GFR","DEU",207,119,"0","-","0","0","0"
1,"q5rX4C",1,2926,2018,161,"Rwanda","RWA","RWA",72,"Germany","GFR","DEU",239,159,"0","-","0","0","0"
1,"q5rX4C",1,2927,2019,161,"Rwanda","RWA","RWA",72,"Germany","GFR","DEU",270,193,"0","-","0","0","0"
1,"q5rX4C",1,2928,2020,161,"Rwanda","RWA","RWA",72,"Germany","GFR","DEU",297,259,"0","-","0","0","0"
1,"q5rX4C",1,2929,2021,161,"Rwanda","RWA","RWA",72,"Germany","GFR","DEU",324,447,"0","-","0","0","0"
1,"q5rX4C",1,2930,2022,161,"Rwanda","RWA","RWA",72,"Germany","GFR","DEU",296,674,"0","-","0","0","0"
1,"q5rX4C",1,2931,2023,161,"Rwanda","RWA","RWA",72,"Germany","GFR","DEU",465,1100,"0","-","0","0","0"
1,"q5rX4C",1,2932,2024,161,"Rwanda","RWA","RWA",72,"Germany","GFR","DEU",508,1470,"0","-","0","0","0"
1,"q5rX4C",1,2933,2025,161,"Rwanda","RWA","RWA",72,"Germany","GFR","DEU",572,1508,"0","-","0","0","0"
1,"q5rX4C",1,2934,2002,162,"El Salvador","SAL","SLV",72,"Germany","GFR","DEU",43,"0","0","-","0","0","0"
1,"q5rX4C",1,2935,2003,162,"El Salvador","SAL","SLV",72,"Germany","GFR","DEU",35,"0","0","-","0","0","0"
1,"q5rX4C",1,2936,2004,162,"El Salvador","SAL","SLV",72,"Germany","GFR","DEU",29,"0","0","-","0","0","0"
1,"q5rX4C",1,2937,2005,162,"El Salvador","SAL","SLV",72,"Germany","GFR","DEU",18,"0","0","-","0","0","0"
1,"q5rX4C",1,2938,2006,162,"El Salvador","SAL","SLV",72,"Germany","GFR","DEU",24,"0","0","-","0","0","0"
1,"q5rX4C",1,2939,2007,162,"El Salvador","SAL","SLV",72,"Germany","GFR","DEU",22,"0","0","-","0","0","0"
1,"q5rX4C",1,2940,2008,162,"El Salvador","SAL","SLV",72,"Germany","GFR","DEU",23,"0","0","-","0","0","0"
1,"q5rX4C",1,2941,2009,162,"El Salvador","SAL","SLV",72,"Germany","GFR","DEU",12,"0","0","-","0","0","0"
1,"q5rX4C",1,2942,2010,162,"El Salvador","SAL","SLV",72,"Germany","GFR","DEU",14,"0","0","-","0","0","0"
1,"q5rX4C",1,2943,2011,162,"El Salvador","SAL","SLV",72,"Germany","GFR","DEU",15,5,"0","-","0","0","0"
1,"q5rX4C",1,2944,2012,162,"El Salvador","SAL","SLV",72,"Germany","GFR","DEU",19,"0","0","-","0","0","0"
1,"q5rX4C",1,2945,2013,162,"El Salvador","SAL","SLV",72,"Germany","GFR","DEU",7,"0","0","-","0","0","0"
1,"q5rX4C",1,2946,2014,162,"El Salvador","SAL","SLV",72,"Germany","GFR","DEU",6,13,"0","-","0","0","0"
1,"q5rX4C",1,2947,2015,162,"El Salvador","SAL","SLV",72,"Germany","GFR","DEU",8,9,"0","-","0","0","0"
1,"q5rX4C",1,2948,2016,162,"El Salvador","SAL","SLV",72,"Germany","GFR","DEU",7,20,"0","-","0","0","0"
1,"q5rX4C",1,2949,2017,162,"El Salvador","SAL","SLV",72,"Germany","GFR","DEU",11,40,"0","-","0","0","0"
1,"q5rX4C",1,2950,2018,162,"El Salvador","SAL","SLV",72,"Germany","GFR","DEU",42,5,"0","-","0","0","0"
1,"q5rX4C",1,2951,2019,162,"El Salvador","SAL","SLV",72,"Germany","GFR","DEU",85,41,"0","-","0","0","0"
1,"q5rX4C",1,2952,2020,162,"El Salvador","SAL","SLV",72,"Germany","GFR","DEU",121,43,"0","-","0","0","0"
1,"q5rX4C",1,2953,2021,162,"El Salvador","SAL","SLV",72,"Germany","GFR","DEU",143,65,"0","-","0","0","0"
1,"q5rX4C",1,2954,2022,162,"El Salvador","SAL","SLV",72,"Germany","GFR","DEU",210,153,"0","-","0","0","0"
1,"q5rX4C",1,2955,2023,162,"El Salvador","SAL","SLV",72,"Germany","GFR","DEU",266,249,"0","-","0","0","0"
1,"q5rX4C",1,2956,2024,162,"El Salvador","SAL","SLV",72,"Germany","GFR","DEU",272,200,"0","-","0","0","0"
1,"q5rX4C",1,2957,2025,162,"El Salvador","SAL","SLV",72,"Germany","GFR","DEU",272,152,"0","-","0","0","0"
1,"q5rX4C",1,2958,2002,163,"Saudi Arabia","SAU","SAU",72,"Germany","GFR","DEU",31,"0","0","-","0","0","0"
1,"q5rX4C",1,2959,2003,163,"Saudi Arabia","SAU","SAU",72,"Germany","GFR","DEU",70,"0","0","-","0","0","0"
1,"q5rX4C",1,2960,2004,163,"Saudi Arabia","SAU","SAU",72,"Germany","GFR","DEU",120,"0","0","-","0","0","0"
1,"q5rX4C",1,2961,2005,163,"Saudi Arabia","SAU","SAU",72,"Germany","GFR","DEU",5,5,"0","-","0","0","0"
1,"q5rX4C",1,2962,2006,163,"Saudi Arabia","SAU","SAU",72,"Germany","GFR","DEU",410,"0","0","-","0","0","0"
1,"q5rX4C",1,2963,2007,163,"Saudi Arabia","SAU","SAU",72,"Germany","GFR","DEU",532,6,"0","-","0","0","0"
1,"q5rX4C",1,2964,2008,163,"Saudi Arabia","SAU","SAU",72,"Germany","GFR","DEU",458,"0","0","-","0","0","0"
1,"q5rX4C",1,2965,2009,163,"Saudi Arabia","SAU","SAU",72,"Germany","GFR","DEU",364,"0","0","-","0","0","0"
1,"q5rX4C",1,2966,2010,163,"Saudi Arabia","SAU","SAU",72,"Germany","GFR","DEU",359,"0","0","-","0","0","0"
1,"q5rX4C",1,2967,2011,163,"Saudi Arabia","SAU","SAU",72,"Germany","GFR","DEU",384,"0","0","-","0","0","0"
1,"q5rX4C",1,2968,2012,163,"Saudi Arabia","SAU","SAU",72,"Germany","GFR","DEU",394,5,"0","-","0","0","0"
1,"q5rX4C",1,2969,2013,163,"Saudi Arabia","SAU","SAU",72,"Germany","GFR","DEU",11,6,"0","-","0","0","0"
1,"q5rX4C",1,2970,2014,163,"Saudi Arabia","SAU","SAU",72,"Germany","GFR","DEU",15,"0","0","-","0","0","0"
1,"q5rX4C",1,2971,2015,163,"Saudi Arabia","SAU","SAU",72,"Germany","GFR","DEU",15,16,"0","-","0","0","0"
1,"q5rX4C",1,2972,2016,163,"Saudi Arabia","SAU","SAU",72,"Germany","GFR","DEU",62,41,"0","-","0","0","0"
1,"q5rX4C",1,2973,2017,163,"Saudi Arabia","SAU","SAU",72,"Germany","GFR","DEU",105,42,"0","-","0","0","0"
1,"q5rX4C",1,2974,2018,163,"Saudi Arabia","SAU","SAU",72,"Germany","GFR","DEU",130,36,"0","-","0","0","0"
1,"q5rX4C",1,2975,2019,163,"Saudi Arabia","SAU","SAU",72,"Germany","GFR","DEU",145,39,"0","-","0","0","0"
1,"q5rX4C",1,2976,2020,163,"Saudi Arabia","SAU","SAU",72,"Germany","GFR","DEU",178,12,"0","-","0","0","0"
1,"q5rX4C",1,2977,2021,163,"Saudi Arabia","SAU","SAU",72,"Germany","GFR","DEU",175,23,"0","-","0","0","0"
1,"q5rX4C",1,2978,2022,163,"Saudi Arabia","SAU","SAU",72,"Germany","GFR","DEU",127,24,"0","-","0","0","0"
1,"q5rX4C",1,2979,2023,163,"Saudi Arabia","SAU","SAU",72,"Germany","GFR","DEU",222,29,"0","-","0","0","0"
1,"q5rX4C",1,2980,2024,163,"Saudi Arabia","SAU","SAU",72,"Germany","GFR","DEU",216,21,"0","-","0","0","0"
1,"q5rX4C",1,2981,2025,163,"Saudi Arabia","SAU","SAU",72,"Germany","GFR","DEU",208,17,"0","-","0","0","0"
1,"q5rX4C",1,2982,2000,164,"Serbia and Kosovo: S/RES/1244 (1999)","SRB","SRB",72,"Germany","GFR","DEU","0",36608,"0","-","0","0","0"
1,"q5rX4C",1,2983,2001,164,"Serbia and Kosovo: S/RES/1244 (1999)","SRB","SRB",72,"Germany","GFR","DEU","0",42284,"0","-","0","0","0"
1,"q5rX4C",1,2984,2002,164,"Serbia and Kosovo: S/RES/1244 (1999)","SRB","SRB",72,"Germany","GFR","DEU",183170,5580,"0","-","0","0","0"
1,"q5rX4C",1,2985,2003,164,"Serbia and Kosovo: S/RES/1244 (1999)","SRB","SRB",72,"Germany","GFR","DEU",168980,2585,"0","-","0","0","0"
1,"q5rX4C",1,2986,2004,164,"Serbia and Kosovo: S/RES/1244 (1999)","SRB","SRB",72,"Germany","GFR","DEU",142681,1601,"0","-","0","0","0"
1,"q5rX4C",1,2987,2005,164,"Serbia and Kosovo: S/RES/1244 (1999)","SRB","SRB",72,"Germany","GFR","DEU",99789,11968,"0","-","0","0","0"
1,"q5rX4C",1,2988,2006,164,"Serbia and Kosovo: S/RES/1244 (1999)","SRB","SRB",72,"Germany","GFR","DEU",75210,7685,"0","-","0","0","0"
1,"q5rX4C",1,2989,2007,164,"Serbia and Kosovo: S/RES/1244 (1999)","SRB","SRB",72,"Germany","GFR","DEU",91616,3975,"0","-","0","0","0"
1,"q5rX4C",1,2990,2008,164,"Serbia and Kosovo: S/RES/1244 (1999)","SRB","SRB",72,"Germany","GFR","DEU",98787,3460,"0","-","0","0",11500
1,"q5rX4C",1,2991,2009,164,"Serbia and Kosovo: S/RES/1244 (1999)","SRB","SRB",72,"Germany","GFR","DEU",123700,3756,"0","-","0","0",10000
1,"q5rX4C",1,2992,2010,164,"Serbia and Kosovo: S/RES/1244 (1999)","SRB","SRB",72,"Germany","GFR","DEU",122340,7789,"0","-","0","0",8500
1,"q5rX4C",1,2993,2011,164,"Serbia and Kosovo: S/RES/1244 (1999)","SRB","SRB",72,"Germany","GFR","DEU",110455,7635,"0","-","0","0",7838
1,"q5rX4C",1,2994,2012,164,"Serbia and Kosovo: S/RES/1244 (1999)","SRB","SRB",72,"Germany","GFR","DEU",113809,10620,"0","-","0","0","0"
1,"q5rX4C",1,2995,2013,164,"Serbia and Kosovo: S/RES/1244 (1999)","SRB","SRB",72,"Germany","GFR","DEU",8410,14515,"0","-","0","0","0"
1,"q5rX4C",1,2996,2014,164,"Serbia and Kosovo: S/RES/1244 (1999)","SRB","SRB",72,"Germany","GFR","DEU",9294,27788,"0","-","0","0","0"
1,"q5rX4C",1,2997,2015,164,"Serbia and Kosovo: S/RES/1244 (1999)","SRB","SRB",72,"Germany","GFR","DEU",9157,45121,"0","-","0","0","0"
1,"q5rX4C",1,2998,2016,164,"Serbia and Kosovo: S/RES/1244 (1999)","SRB","SRB",72,"Germany","GFR","DEU",9189,16541,"0","-","0","0","0"
1,"q5rX4C",1,2999,2017,164,"Serbia and Kosovo: S/RES/1244 (1999)","SRB","SRB",72,"Germany","GFR","DEU",9232,6947,"0","-","0","0","0"
1,"q5rX4C",1,3000,2018,164,"Serbia and Kosovo: S/RES/1244 (1999)","SRB","SRB",72,"Germany","GFR","DEU",9155,4404,"0","-","0","0","0"
1,"q5rX4C",1,3001,2019,164,"Serbia and Kosovo: S/RES/1244 (1999)","SRB","SRB",72,"Germany","GFR","DEU",8639,3138,"0","-","0","0","0"
1,"q5rX4C",1,3002,2020,164,"Serbia and Kosovo: S/RES/1244 (1999)","SRB","SRB",72,"Germany","GFR","DEU",7926,2042,"0","-","0","0","0"
1,"q5rX4C",1,3003,2021,164,"Serbia and Kosovo: S/RES/1244 (1999)","SRB","SRB",72,"Germany","GFR","DEU",6387,2182,"0","-","0","0","0"
1,"q5rX4C",1,3004,2022,164,"Serbia and Kosovo: S/RES/1244 (1999)","SRB","SRB",72,"Germany","GFR","DEU",5895,2564,"0","-","0","0","0"
1,"q5rX4C",1,3005,2023,164,"Serbia and Kosovo: S/RES/1244 (1999)","SRB","SRB",72,"Germany","GFR","DEU",5758,2494,"0","-","0","0","0"
1,"q5rX4C",1,3006,2024,164,"Serbia and Kosovo: S/RES/1244 (1999)","SRB","SRB",72,"Germany","GFR","DEU",5643,1669,"0","-","0","0","0"
1,"q5rX4C",1,3007,2025,164,"Serbia and Kosovo: S/RES/1244 (1999)","SRB","SRB",72,"Germany","GFR","DEU",5312,1069,"0","-","0","0","0"
1,"q5rX4C",1,3008,2001,165,"Senegal","SEN","SEN",72,"Germany","GFR","DEU","0",10,"0","-","0","0","0"
1,"q5rX4C",1,3009,2002,165,"Senegal","SEN","SEN",72,"Germany","GFR","DEU",140,12,"0","-","0","0","0"
1,"q5rX4C",1,3010,2003,165,"Senegal","SEN","SEN",72,"Germany","GFR","DEU",148,"0","0","-","0","0","0"
1,"q5rX4C",1,3011,2004,165,"Senegal","SEN","SEN",72,"Germany","GFR","DEU",61,5,"0","-","0","0","0"
1,"q5rX4C",1,3012,2005,165,"Senegal","SEN","SEN",72,"Germany","GFR","DEU",311,21,"0","-","0","0","0"
1,"q5rX4C",1,3013,2006,165,"Senegal","SEN","SEN",72,"Germany","GFR","DEU",121,23,"0","-","0","0","0"
1,"q5rX4C",1,3014,2007,165,"Senegal","SEN","SEN",72,"Germany","GFR","DEU",103,13,"0","-","0","0","0"
1,"q5rX4C",1,3015,2008,165,"Senegal","SEN","SEN",72,"Germany","GFR","DEU",91,17,"0","-","0","0","0"
1,"q5rX4C",1,3016,2009,165,"Senegal","SEN","SEN",72,"Germany","GFR","DEU",152,37,"0","-","0","0","0"
1,"q5rX4C",1,3017,2010,165,"Senegal","SEN","SEN",72,"Germany","GFR","DEU",145,40,"0","-","0","0","0"
1,"q5rX4C",1,3018,2011,165,"Senegal","SEN","SEN",72,"Germany","GFR","DEU",151,52,"0","-","0","0","0"
1,"q5rX4C",1,3019,2012,165,"Senegal","SEN","SEN",72,"Germany","GFR","DEU",154,128,"0","-","0","0","0"
1,"q5rX4C",1,3020,2013,165,"Senegal","SEN","SEN",72,"Germany","GFR","DEU",31,627,"0","-","0","0","0"
1,"q5rX4C",1,3021,2014,165,"Senegal","SEN","SEN",72,"Germany","GFR","DEU",36,1173,"0","-","0","0","0"
1,"q5rX4C",1,3022,2015,165,"Senegal","SEN","SEN",72,"Germany","GFR","DEU",41,2274,"0","-","0","0","0"
1,"q5rX4C",1,3023,2016,165,"Senegal","SEN","SEN",72,"Germany","GFR","DEU",54,1741,"0","-","0","0","0"
1,"q5rX4C",1,3024,2017,165,"Senegal","SEN","SEN",72,"Germany","GFR","DEU",130,704,"0","-","0","0","0"
1,"q5rX4C",1,3025,2018,165,"Senegal","SEN","SEN",72,"Germany","GFR","DEU",157,575,"0","-","0","0","0"
1,"q5rX4C",1,3026,2019,165,"Senegal","SEN","SEN",72,"Germany","GFR","DEU",183,487,"0","-","0","0","0"
1,"q5rX4C",1,3027,2020,165,"Senegal","SEN","SEN",72,"Germany","GFR","DEU",203,415,"0","-","0","0","0"
1,"q5rX4C",1,3028,2021,165,"Senegal","SEN","SEN",72,"Germany","GFR","DEU",202,318,"0","-","0","0","0"
1,"q5rX4C",1,3029,2022,165,"Senegal","SEN","SEN",72,"Germany","GFR","DEU",165,250,"0","-","0","0","0"
1,"q5rX4C",1,3030,2023,165,"Senegal","SEN","SEN",72,"Germany","GFR","DEU",238,231,"0","-","0","0","0"
1,"q5rX4C",1,3031,2024,165,"Senegal","SEN","SEN",72,"Germany","GFR","DEU",251,238,"0","-","0","0","0"
1,"q5rX4C",1,3032,2025,165,"Senegal","SEN","SEN",72,"Germany","GFR","DEU",250,228,"0","-","0","0","0"
1,"q5rX4C",1,3033,2004,166,"Seychelles","SEY","SYC",72,"Germany","GFR","DEU",5,"0","0","-","0","0","0"
1,"q5rX4C",1,3034,2006,166,"Seychelles","SEY","SYC",72,"Germany","GFR","DEU",11,"0","0","-","0","0","0"
1,"q5rX4C",1,3035,2007,166,"Seychelles","SEY","SYC",72,"Germany","GFR","DEU",6,"0","0","-","0","0","0"
1,"q5rX4C",1,3036,2008,166,"Seychelles","SEY","SYC",72,"Germany","GFR","DEU",5,"0","0","-","0","0","0"
1,"q5rX4C",1,3037,2012,166,"Seychelles","SEY","SYC",72,"Germany","GFR","DEU",5,"0","0","-","0","0","0"
1,"q5rX4C",1,3038,2002,168,"Singapore","SIN","SGP",72,"Germany","GFR","DEU",5,"0","0","-","0","0","0"
1,"q5rX4C",1,3039,2003,168,"Singapore","SIN","SGP",72,"Germany","GFR","DEU",5,"0","0","-","0","0","0"
1,"q5rX4C",1,3040,2004,168,"Singapore","SIN","SGP",72,"Germany","GFR","DEU",5,"0","0","-","0","0","0"
1,"q5rX4C",1,3041,2006,168,"Singapore","SIN","SGP",72,"Germany","GFR","DEU",63,"0","0","-","0","0","0"
1,"q5rX4C",1,3042,2007,168,"Singapore","SIN","SGP",72,"Germany","GFR","DEU",48,"0","0","-","0","0","0"
1,"q5rX4C",1,3043,2008,168,"Singapore","SIN","SGP",72,"Germany","GFR","DEU",42,"0","0","-","0","0","0"
1,"q5rX4C",1,3044,2009,168,"Singapore","SIN","SGP",72,"Germany","GFR","DEU",9,"0","0","-","0","0","0"
1,"q5rX4C",1,3045,2010,168,"Singapore","SIN","SGP",72,"Germany","GFR","DEU",8,"0","0","-","0","0","0"
1,"q5rX4C",1,3046,2011,168,"Singapore","SIN","SGP",72,"Germany","GFR","DEU",8,"0","0","-","0","0","0"
1,"q5rX4C",1,3047,2012,168,"Singapore","SIN","SGP",72,"Germany","GFR","DEU",9,"0","0","-","0","0","0"
1,"q5rX4C",1,3048,2013,168,"Singapore","SIN","SGP",72,"Germany","GFR","DEU",7,"0","0","-","0","0","0"
1,"q5rX4C",1,3049,2014,168,"Singapore","SIN","SGP",72,"Germany","GFR","DEU",7,"0","0","-","0","0","0"
1,"q5rX4C",1,3050,2015,168,"Singapore","SIN","SGP",72,"Germany","GFR","DEU",6,"0","0","-","0","0","0"
1,"q5rX4C",1,3051,2016,168,"Singapore","SIN","SGP",72,"Germany","GFR","DEU",5,"0","0","-","0","0","0"
1,"q5rX4C",1,3052,2017,168,"Singapore","SIN","SGP",72,"Germany","GFR","DEU",7,"0","0","-","0","0","0"
1,"q5rX4C",1,3053,2018,168,"Singapore","SIN","SGP",72,"Germany","GFR","DEU",8,"0","0","-","0","0","0"
1,"q5rX4C",1,3054,2019,168,"Singapore","SIN","SGP",72,"Germany","GFR","DEU",8,"0","0","-","0","0","0"
1,"q5rX4C",1,3055,2020,168,"Singapore","SIN","SGP",72,"Germany","GFR","DEU",8,"0","0","-","0","0","0"
1,"q5rX4C",1,3056,2021,168,"Singapore","SIN","SGP",72,"Germany","GFR","DEU",7,5,"0","-","0","0","0"
1,"q5rX4C",1,3057,2022,168,"Singapore","SIN","SGP",72,"Germany","GFR","DEU",10,"0","0","-","0","0","0"
1,"q5rX4C",1,3058,2023,168,"Singapore","SIN","SGP",72,"Germany","GFR","DEU",10,5,"0","-","0","0","0"
1,"q5rX4C",1,3059,2024,168,"Singapore","SIN","SGP",72,"Germany","GFR","DEU",13,"0","0","-","0","0","0"
1,"q5rX4C",1,3060,2025,168,"Singapore","SIN","SGP",72,"Germany","GFR","DEU",12,"0","0","-","0","0","0"
1,"q5rX4C",1,3061,2000,169,"Sierra Leone","SLE","SLE",72,"Germany","GFR","DEU","0",874,"0","-","0","0","0"
1,"q5rX4C",1,3062,2001,169,"Sierra Leone","SLE","SLE",72,"Germany","GFR","DEU","0",420,"0","-","0","0","0"
1,"q5rX4C",1,3063,2002,169,"Sierra Leone","SLE","SLE",72,"Germany","GFR","DEU",2191,177,"0","-","0","0","0"
1,"q5rX4C",1,3064,2003,169,"Sierra Leone","SLE","SLE",72,"Germany","GFR","DEU",1836,108,"0","-","0","0","0"
1,"q5rX4C",1,3065,2004,169,"Sierra Leone","SLE","SLE",72,"Germany","GFR","DEU",1426,58,"0","-","0","0","0"
1,"q5rX4C",1,3066,2005,169,"Sierra Leone","SLE","SLE",72,"Germany","GFR","DEU",1166,331,"0","-","0","0","0"
1,"q5rX4C",1,3067,2006,169,"Sierra Leone","SLE","SLE",72,"Germany","GFR","DEU",356,286,"0","-","0","0","0"
1,"q5rX4C",1,3068,2007,169,"Sierra Leone","SLE","SLE",72,"Germany","GFR","DEU",414,182,"0","-","0","0","0"
1,"q5rX4C",1,3069,2008,169,"Sierra Leone","SLE","SLE",72,"Germany","GFR","DEU",466,201,"0","-","0","0","0"
1,"q5rX4C",1,3070,2009,169,"Sierra Leone","SLE","SLE",72,"Germany","GFR","DEU",686,209,"0","-","0","0","0"
1,"q5rX4C",1,3071,2010,169,"Sierra Leone","SLE","SLE",72,"Germany","GFR","DEU",737,170,"0","-","0","0","0"
1,"q5rX4C",1,3072,2011,169,"Sierra Leone","SLE","SLE",72,"Germany","GFR","DEU",748,159,"0","-","0","0","0"
1,"q5rX4C",1,3073,2012,169,"Sierra Leone","SLE","SLE",72,"Germany","GFR","DEU",749,200,"0","-","0","0","0"
1,"q5rX4C",1,3074,2013,169,"Sierra Leone","SLE","SLE",72,"Germany","GFR","DEU",323,328,"0","-","0","0","0"
1,"q5rX4C",1,3075,2014,169,"Sierra Leone","SLE","SLE",72,"Germany","GFR","DEU",324,477,"0","-","0","0","0"
1,"q5rX4C",1,3076,2015,169,"Sierra Leone","SLE","SLE",72,"Germany","GFR","DEU",341,682,"0","-","0","0","0"
1,"q5rX4C",1,3077,2016,169,"Sierra Leone","SLE","SLE",72,"Germany","GFR","DEU",338,1439,"0","-","0","0","0"
1,"q5rX4C",1,3078,2017,169,"Sierra Leone","SLE","SLE",72,"Germany","GFR","DEU",563,1592,"0","-","0","0","0"
1,"q5rX4C",1,3079,2018,169,"Sierra Leone","SLE","SLE",72,"Germany","GFR","DEU",730,1582,"0","-","0","0","0"
1,"q5rX4C",1,3080,2019,169,"Sierra Leone","SLE","SLE",72,"Germany","GFR","DEU",769,1208,"0","-","0","0","0"
1,"q5rX4C",1,3081,2020,169,"Sierra Leone","SLE","SLE",72,"Germany","GFR","DEU",788,962,"0","-","0","0","0"
1,"q5rX4C",1,3082,2021,169,"Sierra Leone","SLE","SLE",72,"Germany","GFR","DEU",825,622,"0","-","0","0","0"
1,"q5rX4C",1,3083,2022,169,"Sierra Leone","SLE","SLE",72,"Germany","GFR","DEU",619,513,"0","-","0","0","0"
1,"q5rX4C",1,3084,2023,169,"Sierra Leone","SLE","SLE",72,"Germany","GFR","DEU",906,908,"0","-","0","0","0"
1,"q5rX4C",1,3085,2024,169,"Sierra Leone","SLE","SLE",72,"Germany","GFR","DEU",994,872,"0","-","0","0","0"
1,"q5rX4C",1,3086,2025,169,"Sierra Leone","SLE","SLE",72,"Germany","GFR","DEU",1053,800,"0","-","0","0","0"
1,"q5rX4C",1,3087,2016,171,"Solomon Islands","SOL","SLB",72,"Germany","GFR","DEU",5,"0","0","-","0","0","0"
1,"q5rX4C",1,3088,2017,171,"Solomon Islands","SOL","SLB",72,"Germany","GFR","DEU",8,"0","0","-","0","0","0"
1,"q5rX4C",1,3089,2018,171,"Solomon Islands","SOL","SLB",72,"Germany","GFR","DEU",6,"0","0","-","0","0","0"
1,"q5rX4C",1,3090,2019,171,"Solomon Islands","SOL","SLB",72,"Germany","GFR","DEU",6,"0","0","-","0","0","0"
1,"q5rX4C",1,3091,2020,171,"Solomon Islands","SOL","SLB",72,"Germany","GFR","DEU",6,"0","0","-","0","0","0"
1,"q5rX4C",1,3092,2021,171,"Solomon Islands","SOL","SLB",72,"Germany","GFR","DEU",6,"0","0","-","0","0","0"
1,"q5rX4C",1,3093,2022,171,"Solomon Islands","SOL","SLB",72,"Germany","GFR","DEU",5,"0","0","-","0","0","0"
1,"q5rX4C",1,3094,2023,171,"Solomon Islands","SOL","SLB",72,"Germany","GFR","DEU",7,"0","0","-","0","0","0"
1,"q5rX4C",1,3095,2024,171,"Solomon Islands","SOL","SLB",72,"Germany","GFR","DEU",5,"0","0","-","0","0","0"
1,"q5rX4C",1,3096,2025,171,"Solomon Islands","SOL","SLB",72,"Germany","GFR","DEU",5,"0","0","-","0","0","0"
1,"q5rX4C",1,3097,2000,172,"Somalia","SOM","SOM",72,"Germany","GFR","DEU","0",117,"0","-","0","0","0"
1,"q5rX4C",1,3098,2001,172,"Somalia","SOM","SOM",72,"Germany","GFR","DEU","0",85,"0","-","0","0","0"
1,"q5rX4C",1,3099,2002,172,"Somalia","SOM","SOM",72,"Germany","GFR","DEU",3881,111,"0","-","0","0","0"
1,"q5rX4C",1,3100,2003,172,"Somalia","SOM","SOM",72,"Germany","GFR","DEU",3693,125,"0","-","0","0","0"
1,"q5rX4C",1,3101,2004,172,"Somalia","SOM","SOM",72,"Germany","GFR","DEU",3423,116,"0","-","0","0","0"
1,"q5rX4C",1,3102,2005,172,"Somalia","SOM","SOM",72,"Germany","GFR","DEU",2903,284,"0","-","0","0","0"
1,"q5rX4C",1,3103,2006,172,"Somalia","SOM","SOM",72,"Germany","GFR","DEU",2165,269,"0","-","0","0","0"
1,"q5rX4C",1,3104,2007,172,"Somalia","SOM","SOM",72,"Germany","GFR","DEU",2227,155,"0","-","0","0","0"
1,"q5rX4C",1,3105,2008,172,"Somalia","SOM","SOM",72,"Germany","GFR","DEU",2190,165,"0","-","0","0","0"
1,"q5rX4C",1,3106,2009,172,"Somalia","SOM","SOM",72,"Germany","GFR","DEU",2407,326,"0","-","0","0","0"
1,"q5rX4C",1,3107,2010,172,"Somalia","SOM","SOM",72,"Germany","GFR","DEU",2620,1921,"0","-","0","0","0"
1,"q5rX4C",1,3108,2011,172,"Somalia","SOM","SOM",72,"Germany","GFR","DEU",3139,1582,"0","-","0","0","0"
1,"q5rX4C",1,3109,2012,172,"Somalia","SOM","SOM",72,"Germany","GFR","DEU",3634,1972,"0","-","0","0","0"
1,"q5rX4C",1,3110,2013,172,"Somalia","SOM","SOM",72,"Germany","GFR","DEU",3512,4803,"0","-","0","0","0"
1,"q5rX4C",1,3111,2014,172,"Somalia","SOM","SOM",72,"Germany","GFR","DEU",4205,8386,"0","-","0","0","0"
1,"q5rX4C",1,3112,2015,172,"Somalia","SOM","SOM",72,"Germany","GFR","DEU",4860,11422,"0","-","0","0","0"
1,"q5rX4C",1,3113,2016,172,"Somalia","SOM","SOM",72,"Germany","GFR","DEU",7879,15973,"0","-","0","0","0"
1,"q5rX4C",1,3114,2017,172,"Somalia","SOM","SOM",72,"Germany","GFR","DEU",19508,10344,"0","-","0","0","0"
1,"q5rX4C",1,3115,2018,172,"Somalia","SOM","SOM",72,"Germany","GFR","DEU",23581,9853,"0","-","0","0","0"
1,"q5rX4C",1,3116,2019,172,"Somalia","SOM","SOM",72,"Germany","GFR","DEU",26015,8438,"0","-","0","0","0"
1,"q5rX4C",1,3117,2020,172,"Somalia","SOM","SOM",72,"Germany","GFR","DEU",28061,6579,"0","-","0","0","0"
1,"q5rX4C",1,3118,2021,172,"Somalia","SOM","SOM",72,"Germany","GFR","DEU",30283,5913,"0","-","0","0","0"
1,"q5rX4C",1,3119,2022,172,"Somalia","SOM","SOM",72,"Germany","GFR","DEU",23812,5248,"0","-","0","0","0"
1,"q5rX4C",1,3120,2023,172,"Somalia","SOM","SOM",72,"Germany","GFR","DEU",36252,6719,"0","-","0","0","0"
1,"q5rX4C",1,3121,2024,172,"Somalia","SOM","SOM",72,"Germany","GFR","DEU",38179,9220,"0","-","0","0","0"
1,"q5rX4C",1,3122,2025,172,"Somalia","SOM","SOM",72,"Germany","GFR","DEU",39369,7209,"0","-","0","0","0"
1,"q5rX4C",1,3123,2002,173,"Spain","SPA","ESP",72,"Germany","GFR","DEU",40,"0","0","-","0","0","0"
1,"q5rX4C",1,3124,2003,173,"Spain","SPA","ESP",72,"Germany","GFR","DEU",40,"0","0","-","0","0","0"
1,"q5rX4C",1,3125,2004,173,"Spain","SPA","ESP",72,"Germany","GFR","DEU",38,"0","0","-","0","0","0"
1,"q5rX4C",1,3126,2005,173,"Spain","SPA","ESP",72,"Germany","GFR","DEU",39,"0","0","-","0","0","0"
1,"q5rX4C",1,3127,2006,173,"Spain","SPA","ESP",72,"Germany","GFR","DEU",2431,"0","0","-","0","0","0"
1,"q5rX4C",1,3128,2007,173,"Spain","SPA","ESP",72,"Germany","GFR","DEU",18,"0","0","-","0","0","0"
1,"q5rX4C",1,3129,2008,173,"Spain","SPA","ESP",72,"Germany","GFR","DEU",6,"0","0","-","0","0","0"
1,"q5rX4C",1,3130,2009,173,"Spain","SPA","ESP",72,"Germany","GFR","DEU",5,"0","0","-","0","0","0"
1,"q5rX4C",1,3131,2010,173,"Spain","SPA","ESP",72,"Germany","GFR","DEU",8,"0","0","-","0","0","0"
1,"q5rX4C",1,3132,2011,173,"Spain","SPA","ESP",72,"Germany","GFR","DEU",8,"0","0","-","0","0","0"
1,"q5rX4C",1,3133,2012,173,"Spain","SPA","ESP",72,"Germany","GFR","DEU",10,5,"0","-","0","0","0"
1,"q5rX4C",1,3134,2013,173,"Spain","SPA","ESP",72,"Germany","GFR","DEU",12,15,"0","-","0","0","0"
1,"q5rX4C",1,3135,2014,173,"Spain","SPA","ESP",72,"Germany","GFR","DEU",15,23,"0","-","0","0","0"
1,"q5rX4C",1,3136,2015,173,"Spain","SPA","ESP",72,"Germany","GFR","DEU",14,20,"0","-","0","0","0"
1,"q5rX4C",1,3137,2016,173,"Spain","SPA","ESP",72,"Germany","GFR","DEU",13,29,"0","-","0","0","0"
1,"q5rX4C",1,3138,2017,173,"Spain","SPA","ESP",72,"Germany","GFR","DEU",17,39,"0","-","0","0","0"
1,"q5rX4C",1,3139,2018,173,"Spain","SPA","ESP",72,"Germany","GFR","DEU",17,25,"0","-","0","0","0"
1,"q5rX4C",1,3140,2019,173,"Spain","SPA","ESP",72,"Germany","GFR","DEU",20,24,"0","-","0","0","0"
1,"q5rX4C",1,3141,2020,173,"Spain","SPA","ESP",72,"Germany","GFR","DEU",22,12,"0","-","0","0","0"
1,"q5rX4C",1,3142,2021,173,"Spain","SPA","ESP",72,"Germany","GFR","DEU",21,12,"0","-","0","0","0"
1,"q5rX4C",1,3143,2022,173,"Spain","SPA","ESP",72,"Germany","GFR","DEU",21,8,"0","-","0","0","0"
1,"q5rX4C",1,3144,2023,173,"Spain","SPA","ESP",72,"Germany","GFR","DEU",24,14,"0","-","0","0","0"
1,"q5rX4C",1,3145,2024,173,"Spain","SPA","ESP",72,"Germany","GFR","DEU",29,13,"0","-","0","0","0"
1,"q5rX4C",1,3146,2025,173,"Spain","SPA","ESP",72,"Germany","GFR","DEU",32,10,"0","-","0","0","0"
1,"q5rX4C",1,3147,2000,174,"Viet Nam","SRV","VNM",72,"Germany","GFR","DEU","0",469,"0","-","0","0","0"
1,"q5rX4C",1,3148,2001,174,"Viet Nam","SRV","VNM",72,"Germany","GFR","DEU","0",676,"0","-","0","0","0"
1,"q5rX4C",1,3149,2002,174,"Viet Nam","SRV","VNM",72,"Germany","GFR","DEU",26888,659,"0","-","0","0","0"
1,"q5rX4C",1,3150,2003,174,"Viet Nam","SRV","VNM",72,"Germany","GFR","DEU",25357,456,"0","-","0","0","0"
1,"q5rX4C",1,3151,2004,174,"Viet Nam","SRV","VNM",72,"Germany","GFR","DEU",21006,255,"0","-","0","0","0"
1,"q5rX4C",1,3152,2005,174,"Viet Nam","SRV","VNM",72,"Germany","GFR","DEU",30786,1146,"0","-","0","0","0"
1,"q5rX4C",1,3153,2006,174,"Viet Nam","SRV","VNM",72,"Germany","GFR","DEU",11678,880,"0","-","0","0","0"
1,"q5rX4C",1,3154,2007,174,"Viet Nam","SRV","VNM",72,"Germany","GFR","DEU",13222,602,"0","-","0","0","0"
1,"q5rX4C",1,3155,2008,174,"Viet Nam","SRV","VNM",72,"Germany","GFR","DEU",14043,716,"0","-","0","0","0"
1,"q5rX4C",1,3156,2009,174,"Viet Nam","SRV","VNM",72,"Germany","GFR","DEU",25215,624,"0","-","0","0","0"
1,"q5rX4C",1,3157,2010,174,"Viet Nam","SRV","VNM",72,"Germany","GFR","DEU",24918,574,"0","-","0","0","0"
1,"q5rX4C",1,3158,2011,174,"Viet Nam","SRV","VNM",72,"Germany","GFR","DEU",24261,570,"0","-","0","0","0"
1,"q5rX4C",1,3159,2012,174,"Viet Nam","SRV","VNM",72,"Germany","GFR","DEU",23799,586,"0","-","0","0","0"
1,"q5rX4C",1,3160,2013,174,"Viet Nam","SRV","VNM",72,"Germany","GFR","DEU",1495,568,"0","-","0","0","0"
1,"q5rX4C",1,3161,2014,174,"Viet Nam","SRV","VNM",72,"Germany","GFR","DEU",1449,825,"0","-","0","0","0"
1,"q5rX4C",1,3162,2015,174,"Viet Nam","SRV","VNM",72,"Germany","GFR","DEU",1357,1086,"0","-","0","0","0"
1,"q5rX4C",1,3163,2016,174,"Viet Nam","SRV","VNM",72,"Germany","GFR","DEU",1311,559,"0","-","0","0","0"
1,"q5rX4C",1,3164,2017,174,"Viet Nam","SRV","VNM",72,"Germany","GFR","DEU",1279,252,"0","-","0","0","0"
1,"q5rX4C",1,3165,2018,174,"Viet Nam","SRV","VNM",72,"Germany","GFR","DEU",1236,246,"0","-","0","0","0"
1,"q5rX4C",1,3166,2019,174,"Viet Nam","SRV","VNM",72,"Germany","GFR","DEU",1191,265,"0","-","0","0","0"
1,"q5rX4C",1,3167,2020,174,"Viet Nam","SRV","VNM",72,"Germany","GFR","DEU",1138,248,"0","-","0","0","0"
1,"q5rX4C",1,3168,2021,174,"Viet Nam","SRV","VNM",72,"Germany","GFR","DEU",1096,276,"0","-","0","0","0"
1,"q5rX4C",1,3169,2022,174,"Viet Nam","SRV","VNM",72,"Germany","GFR","DEU",2858,283,"0","-","0","0","0"
1,"q5rX4C",1,3170,2023,174,"Viet Nam","SRV","VNM",72,"Germany","GFR","DEU",3217,336,"0","-","0","0","0"
1,"q5rX4C",1,3171,2024,174,"Viet Nam","SRV","VNM",72,"Germany","GFR","DEU",3619,206,"0","-","0","0","0"
1,"q5rX4C",1,3172,2025,174,"Viet Nam","SRV","VNM",72,"Germany","GFR","DEU",3539,211,"0","-","0","0","0"
1,"q5rX4C",1,3173,2024,175,"Saint Kitts and Nevis","STK","KNA",72,"Germany","GFR","DEU",5,5,"0","-","0","0","0"
1,"q5rX4C",1,3174,2025,175,"Saint Kitts and Nevis","STK","KNA",72,"Germany","GFR","DEU",5,7,"0","-","0","0","0"
1,"q5rX4C",1,3175,2002,176,"Sao Tome and Principe","STP","STP",72,"Germany","GFR","DEU",5,"0","0","-","0","0","0"
1,"q5rX4C",1,3176,2003,176,"Sao Tome and Principe","STP","STP",72,"Germany","GFR","DEU",5,"0","0","-","0","0","0"
1,"q5rX4C",1,3177,2023,176,"Sao Tome and Principe","STP","STP",72,"Germany","GFR","DEU","0",6,"0","-","0","0","0"
1,"q5rX4C",1,3178,2024,176,"Sao Tome and Principe","STP","STP",72,"Germany","GFR","DEU","0",10,"0","-","0","0","0"
1,"q5rX4C",1,3179,2000,177,"Sudan","SUD","SDN",72,"Germany","GFR","DEU","0",88,"0","-","0","0","0"
1,"q5rX4C",1,3180,2001,177,"Sudan","SUD","SDN",72,"Germany","GFR","DEU","0",136,"0","-","0","0","0"
1,"q5rX4C",1,3181,2002,177,"Sudan","SUD","SDN",72,"Germany","GFR","DEU",1362,160,"0","-","0","0","0"
1,"q5rX4C",1,3182,2003,177,"Sudan","SUD","SDN",72,"Germany","GFR","DEU",1312,119,"0","-","0","0","0"
1,"q5rX4C",1,3183,2004,177,"Sudan","SUD","SDN",72,"Germany","GFR","DEU",1115,253,"0","-","0","0","0"
1,"q5rX4C",1,3184,2005,177,"Sudan","SUD","SDN",72,"Germany","GFR","DEU",851,373,"0","-","0","0","0"
1,"q5rX4C",1,3185,2006,177,"Sudan","SUD","SDN",72,"Germany","GFR","DEU",392,216,"0","-","0","0","0"
1,"q5rX4C",1,3186,2007,177,"Sudan","SUD","SDN",72,"Germany","GFR","DEU",433,106,"0","-","0","0","0"
1,"q5rX4C",1,3187,2008,177,"Sudan","SUD","SDN",72,"Germany","GFR","DEU",458,131,"0","-","0","0","0"
1,"q5rX4C",1,3188,2009,177,"Sudan","SUD","SDN",72,"Germany","GFR","DEU",546,133,"0","-","0","0","0"
1,"q5rX4C",1,3189,2010,177,"Sudan","SUD","SDN",72,"Germany","GFR","DEU",531,147,"0","-","0","0","0"
1,"q5rX4C",1,3190,2011,177,"Sudan","SUD","SDN",72,"Germany","GFR","DEU",509,169,"0","-","0","0","0"
1,"q5rX4C",1,3191,2012,177,"Sudan","SUD","SDN",72,"Germany","GFR","DEU",575,267,"0","-","0","0","0"
1,"q5rX4C",1,3192,2013,177,"Sudan","SUD","SDN",72,"Germany","GFR","DEU",296,555,"0","-","0","0","0"
1,"q5rX4C",1,3193,2014,177,"Sudan","SUD","SDN",72,"Germany","GFR","DEU",330,1022,"0","-","0","0","0"
1,"q5rX4C",1,3194,2015,177,"Sudan","SUD","SDN",72,"Germany","GFR","DEU",457,1587,"0","-","0","0","0"
1,"q5rX4C",1,3195,2016,177,"Sudan","SUD","SDN",72,"Germany","GFR","DEU",693,3308,"0","-","0","0","0"
1,"q5rX4C",1,3196,2017,177,"Sudan","SUD","SDN",72,"Germany","GFR","DEU",1974,2290,"0","-","0","0","0"
1,"q5rX4C",1,3197,2018,177,"Sudan","SUD","SDN",72,"Germany","GFR","DEU",2436,1843,"0","-","0","0","0"
1,"q5rX4C",1,3198,2019,177,"Sudan","SUD","SDN",72,"Germany","GFR","DEU",2606,1823,"0","-","0","0","0"
1,"q5rX4C",1,3199,2020,177,"Sudan","SUD","SDN",72,"Germany","GFR","DEU",2774,1224,"0","-","0","0","0"
1,"q5rX4C",1,3200,2021,177,"Sudan","SUD","SDN",72,"Germany","GFR","DEU",2909,941,"0","-","0","0","0"
1,"q5rX4C",1,3201,2022,177,"Sudan","SUD","SDN",72,"Germany","GFR","DEU",2108,862,"0","-","0","0","0"
1,"q5rX4C",1,3202,2023,177,"Sudan","SUD","SDN",72,"Germany","GFR","DEU",3527,1198,"0","-","0","0","0"
1,"q5rX4C",1,3203,2024,177,"Sudan","SUD","SDN",72,"Germany","GFR","DEU",4525,960,"0","-","0","0","0"
1,"q5rX4C",1,3204,2025,177,"Sudan","SUD","SDN",72,"Germany","GFR","DEU",4889,594,"0","-","0","0","0"
1,"q5rX4C",1,3205,2011,178,"Suriname","SUR","SUR",72,"Germany","GFR","DEU",5,"0","0","-","0","0","0"
1,"q5rX4C",1,3206,2011,179,"South Sudan","SSD","SSD",72,"Germany","GFR","DEU","0",5,"0","-","0","0","0"
1,"q5rX4C",1,3207,2012,179,"South Sudan","SSD","SSD",72,"Germany","GFR","DEU",6,20,"0","-","0","0","0"
1,"q5rX4C",1,3208,2013,179,"South Sudan","SSD","SSD",72,"Germany","GFR","DEU",7,32,"0","-","0","0","0"
1,"q5rX4C",1,3209,2014,179,"South Sudan","SSD","SSD",72,"Germany","GFR","DEU",11,50,"0","-","0","0","0"
1,"q5rX4C",1,3210,2015,179,"South Sudan","SSD","SSD",72,"Germany","GFR","DEU",19,72,"0","-","0","0","0"
1,"q5rX4C",1,3211,2016,179,"South Sudan","SSD","SSD",72,"Germany","GFR","DEU",21,155,"0","-","0","0","0"
1,"q5rX4C",1,3212,2017,179,"South Sudan","SSD","SSD",72,"Germany","GFR","DEU",59,106,"0","-","0","0","0"
1,"q5rX4C",1,3213,2018,179,"South Sudan","SSD","SSD",72,"Germany","GFR","DEU",76,79,"0","-","0","0","0"
1,"q5rX4C",1,3214,2019,179,"South Sudan","SSD","SSD",72,"Germany","GFR","DEU",86,92,"0","-","0","0","0"
1,"q5rX4C",1,3215,2020,179,"South Sudan","SSD","SSD",72,"Germany","GFR","DEU",101,64,"0","-","0","0","0"
1,"q5rX4C",1,3216,2021,179,"South Sudan","SSD","SSD",72,"Germany","GFR","DEU",249,72,"0","-","0","0","0"
1,"q5rX4C",1,3217,2022,179,"South Sudan","SSD","SSD",72,"Germany","GFR","DEU",111,57,"0","-","0","0","0"
1,"q5rX4C",1,3218,2023,179,"South Sudan","SSD","SSD",72,"Germany","GFR","DEU",156,115,"0","-","0","0","0"
1,"q5rX4C",1,3219,2024,179,"South Sudan","SSD","SSD",72,"Germany","GFR","DEU",175,134,"0","-","0","0","0"
1,"q5rX4C",1,3220,2025,179,"South Sudan","SSD","SSD",72,"Germany","GFR","DEU",195,101,"0","-","0","0","0"
1,"q5rX4C",1,3221,2000,180,"Slovakia","SVK","SVK",72,"Germany","GFR","DEU","0",53,"0","-","0","0","0"
1,"q5rX4C",1,3222,2001,180,"Slovakia","SVK","SVK",72,"Germany","GFR","DEU","0",67,"0","-","0","0","0"
1,"q5rX4C",1,3223,2002,180,"Slovakia","SVK","SVK",72,"Germany","GFR","DEU",334,118,"0","-","0","0","0"
1,"q5rX4C",1,3224,2003,180,"Slovakia","SVK","SVK",72,"Germany","GFR","DEU",386,58,"0","-","0","0","0"
1,"q5rX4C",1,3225,2004,180,"Slovakia","SVK","SVK",72,"Germany","GFR","DEU",336,17,"0","-","0","0","0"
1,"q5rX4C",1,3226,2005,180,"Slovakia","SVK","SVK",72,"Germany","GFR","DEU",511,54,"0","-","0","0","0"
1,"q5rX4C",1,3227,2006,180,"Slovakia","SVK","SVK",72,"Germany","GFR","DEU",459,126,"0","-","0","0","0"
1,"q5rX4C",1,3228,2007,180,"Slovakia","SVK","SVK",72,"Germany","GFR","DEU",38,12,"0","-","0","0","0"
1,"q5rX4C",1,3229,2008,180,"Slovakia","SVK","SVK",72,"Germany","GFR","DEU",27,5,"0","-","0","0","0"
1,"q5rX4C",1,3230,2009,180,"Slovakia","SVK","SVK",72,"Germany","GFR","DEU",32,"0","0","-","0","0","0"
1,"q5rX4C",1,3231,2010,180,"Slovakia","SVK","SVK",72,"Germany","GFR","DEU",26,"0","0","-","0","0","0"
1,"q5rX4C",1,3232,2011,180,"Slovakia","SVK","SVK",72,"Germany","GFR","DEU",27,"0","0","-","0","0","0"
1,"q5rX4C",1,3233,2012,180,"Slovakia","SVK","SVK",72,"Germany","GFR","DEU",27,5,"0","-","0","0","0"
1,"q5rX4C",1,3234,2013,180,"Slovakia","SVK","SVK",72,"Germany","GFR","DEU",99,6,"0","-","0","0","0"
1,"q5rX4C",1,3235,2014,180,"Slovakia","SVK","SVK",72,"Germany","GFR","DEU",99,5,"0","-","0","0","0"
1,"q5rX4C",1,3236,2015,180,"Slovakia","SVK","SVK",72,"Germany","GFR","DEU",95,7,"0","-","0","0","0"
1,"q5rX4C",1,3237,2016,180,"Slovakia","SVK","SVK",72,"Germany","GFR","DEU",87,"0","0","-","0","0","0"
1,"q5rX4C",1,3238,2017,180,"Slovakia","SVK","SVK",72,"Germany","GFR","DEU",85,"0","0","-","0","0","0"
1,"q5rX4C",1,3239,2018,180,"Slovakia","SVK","SVK",72,"Germany","GFR","DEU",87,"0","0","-","0","0","0"
1,"q5rX4C",1,3240,2019,180,"Slovakia","SVK","SVK",72,"Germany","GFR","DEU",78,"0","0","-","0","0","0"
1,"q5rX4C",1,3241,2020,180,"Slovakia","SVK","SVK",72,"Germany","GFR","DEU",76,"0","0","-","0","0","0"
1,"q5rX4C",1,3242,2021,180,"Slovakia","SVK","SVK",72,"Germany","GFR","DEU",72,"0","0","-","0","0","0"
1,"q5rX4C",1,3243,2022,180,"Slovakia","SVK","SVK",72,"Germany","GFR","DEU",68,"0","0","-","0","0","0"
1,"q5rX4C",1,3244,2023,180,"Slovakia","SVK","SVK",72,"Germany","GFR","DEU",67,"0","0","-","0","0","0"
1,"q5rX4C",1,3245,2024,180,"Slovakia","SVK","SVK",72,"Germany","GFR","DEU",65,"0","0","-","0","0","0"
1,"q5rX4C",1,3246,2025,180,"Slovakia","SVK","SVK",72,"Germany","GFR","DEU",65,"0","0","-","0","0","0"
1,"q5rX4C",1,3247,2000,181,"Slovenia","SVN","SVN",72,"Germany","GFR","DEU","0",5,"0","-","0","0","0"
1,"q5rX4C",1,3248,2002,181,"Slovenia","SVN","SVN",72,"Germany","GFR","DEU",140,"0","0","-","0","0","0"
1,"q5rX4C",1,3249,2003,181,"Slovenia","SVN","SVN",72,"Germany","GFR","DEU",123,"0","0","-","0","0","0"
1,"q5rX4C",1,3250,2004,181,"Slovenia","SVN","SVN",72,"Germany","GFR","DEU",94,"0","0","-","0","0","0"
1,"q5rX4C",1,3251,2005,181,"Slovenia","SVN","SVN",72,"Germany","GFR","DEU",125,"0","0","-","0","0","0"
1,"q5rX4C",1,3252,2006,181,"Slovenia","SVN","SVN",72,"Germany","GFR","DEU",1734,"0","0","-","0","0","0"
1,"q5rX4C",1,3253,2007,181,"Slovenia","SVN","SVN",72,"Germany","GFR","DEU",25,"0","0","-","0","0","0"
1,"q5rX4C",1,3254,2008,181,"Slovenia","SVN","SVN",72,"Germany","GFR","DEU",23,"0","0","-","0","0","0"
1,"q5rX4C",1,3255,2009,181,"Slovenia","SVN","SVN",72,"Germany","GFR","DEU",15,"0","0","-","0","0","0"
1,"q5rX4C",1,3256,2010,181,"Slovenia","SVN","SVN",72,"Germany","GFR","DEU",14,"0","0","-","0","0","0"
1,"q5rX4C",1,3257,2011,181,"Slovenia","SVN","SVN",72,"Germany","GFR","DEU",10,"0","0","-","0","0","0"
1,"q5rX4C",1,3258,2012,181,"Slovenia","SVN","SVN",72,"Germany","GFR","DEU",12,"0","0","-","0","0","0"
1,"q5rX4C",1,3259,2013,181,"Slovenia","SVN","SVN",72,"Germany","GFR","DEU",11,"0","0","-","0","0","0"
1,"q5rX4C",1,3260,2014,181,"Slovenia","SVN","SVN",72,"Germany","GFR","DEU",9,5,"0","-","0","0","0"
1,"q5rX4C",1,3261,2015,181,"Slovenia","SVN","SVN",72,"Germany","GFR","DEU",7,5,"0","-","0","0","0"
1,"q5rX4C",1,3262,2016,181,"Slovenia","SVN","SVN",72,"Germany","GFR","DEU",7,"0","0","-","0","0","0"
1,"q5rX4C",1,3263,2017,181,"Slovenia","SVN","SVN",72,"Germany","GFR","DEU",7,"0","0","-","0","0","0"
1,"q5rX4C",1,3264,2018,181,"Slovenia","SVN","SVN",72,"Germany","GFR","DEU",6,"0","0","-","0","0","0"
1,"q5rX4C",1,3265,2019,181,"Slovenia","SVN","SVN",72,"Germany","GFR","DEU",6,"0","0","-","0","0","0"
1,"q5rX4C",1,3266,2020,181,"Slovenia","SVN","SVN",72,"Germany","GFR","DEU",6,"0","0","-","0","0","0"
1,"q5rX4C",1,3267,2021,181,"Slovenia","SVN","SVN",72,"Germany","GFR","DEU",6,"0","0","-","0","0","0"
1,"q5rX4C",1,3268,2022,181,"Slovenia","SVN","SVN",72,"Germany","GFR","DEU",7,"0","0","-","0","0","0"
1,"q5rX4C",1,3269,2023,181,"Slovenia","SVN","SVN",72,"Germany","GFR","DEU",7,"0","0","-","0","0","0"
1,"q5rX4C",1,3270,2024,181,"Slovenia","SVN","SVN",72,"Germany","GFR","DEU",7,"0","0","-","0","0","0"
1,"q5rX4C",1,3271,2025,181,"Slovenia","SVN","SVN",72,"Germany","GFR","DEU",7,"0","0","-","0","0","0"
1,"q5rX4C",1,3272,2002,182,"Eswatini","SWA","SWZ",72,"Germany","GFR","DEU",5,"0","0","-","0","0","0"
1,"q5rX4C",1,3273,2016,182,"Eswatini","SWA","SWZ",72,"Germany","GFR","DEU",5,"0","0","-","0","0","0"
1,"q5rX4C",1,3274,2017,182,"Eswatini","SWA","SWZ",72,"Germany","GFR","DEU",5,"0","0","-","0","0","0"
1,"q5rX4C",1,3275,2018,182,"Eswatini","SWA","SWZ",72,"Germany","GFR","DEU",5,"0","0","-","0","0","0"
1,"q5rX4C",1,3276,2019,182,"Eswatini","SWA","SWZ",72,"Germany","GFR","DEU",5,5,"0","-","0","0","0"
1,"q5rX4C",1,3277,2020,182,"Eswatini","SWA","SWZ",72,"Germany","GFR","DEU",5,5,"0","-","0","0","0"
1,"q5rX4C",1,3278,2021,182,"Eswatini","SWA","SWZ",72,"Germany","GFR","DEU",5,5,"0","-","0","0","0"
1,"q5rX4C",1,3279,2022,182,"Eswatini","SWA","SWZ",72,"Germany","GFR","DEU",5,5,"0","-","0","0","0"
1,"q5rX4C",1,3280,2023,182,"Eswatini","SWA","SWZ",72,"Germany","GFR","DEU","0",5,"0","-","0","0","0"
1,"q5rX4C",1,3281,2024,182,"Eswatini","SWA","SWZ",72,"Germany","GFR","DEU","0",11,"0","-","0","0","0"
1,"q5rX4C",1,3282,2025,182,"Eswatini","SWA","SWZ",72,"Germany","GFR","DEU","0",13,"0","-","0","0","0"
1,"q5rX4C",1,3283,2002,183,"Sweden","SWE","SWE",72,"Germany","GFR","DEU",20,"0","0","-","0","0","0"
1,"q5rX4C",1,3284,2003,183,"Sweden","SWE","SWE",72,"Germany","GFR","DEU",19,"0","0","-","0","0","0"
1,"q5rX4C",1,3285,2004,183,"Sweden","SWE","SWE",72,"Germany","GFR","DEU",20,"0","0","-","0","0","0"
1,"q5rX4C",1,3286,2005,183,"Sweden","SWE","SWE",72,"Germany","GFR","DEU",64,"0","0","-","0","0","0"
1,"q5rX4C",1,3287,2006,183,"Sweden","SWE","SWE",72,"Germany","GFR","DEU",5,"0","0","-","0","0","0"
1,"q5rX4C",1,3288,2007,183,"Sweden","SWE","SWE",72,"Germany","GFR","DEU",5,"0","0","-","0","0","0"
1,"q5rX4C",1,3289,2008,183,"Sweden","SWE","SWE",72,"Germany","GFR","DEU",5,"0","0","-","0","0","0"
1,"q5rX4C",1,3290,2010,183,"Sweden","SWE","SWE",72,"Germany","GFR","DEU",5,"0","0","-","0","0","0"
1,"q5rX4C",1,3291,2011,183,"Sweden","SWE","SWE",72,"Germany","GFR","DEU",5,"0","0","-","0","0","0"
1,"q5rX4C",1,3292,2012,183,"Sweden","SWE","SWE",72,"Germany","GFR","DEU",5,"0","0","-","0","0","0"
1,"q5rX4C",1,3293,2013,183,"Sweden","SWE","SWE",72,"Germany","GFR","DEU",5,"0","0","-","0","0","0"
1,"q5rX4C",1,3294,2014,183,"Sweden","SWE","SWE",72,"Germany","GFR","DEU",5,5,"0","-","0","0","0"
1,"q5rX4C",1,3295,2015,183,"Sweden","SWE","SWE",72,"Germany","GFR","DEU",5,"0","0","-","0","0","0"
1,"q5rX4C",1,3296,2016,183,"Sweden","SWE","SWE",72,"Germany","GFR","DEU",5,"0","0","-","0","0","0"
1,"q5rX4C",1,3297,2017,183,"Sweden","SWE","SWE",72,"Germany","GFR","DEU",6,"0","0","-","0","0","0"
1,"q5rX4C",1,3298,2018,183,"Sweden","SWE","SWE",72,"Germany","GFR","DEU",8,"0","0","-","0","0","0"
1,"q5rX4C",1,3299,2019,183,"Sweden","SWE","SWE",72,"Germany","GFR","DEU",8,"0","0","-","0","0","0"
1,"q5rX4C",1,3300,2020,183,"Sweden","SWE","SWE",72,"Germany","GFR","DEU",8,"0","0","-","0","0","0"
1,"q5rX4C",1,3301,2021,183,"Sweden","SWE","SWE",72,"Germany","GFR","DEU",9,"0","0","-","0","0","0"
1,"q5rX4C",1,3302,2022,183,"Sweden","SWE","SWE",72,"Germany","GFR","DEU",13,5,"0","-","0","0","0"
1,"q5rX4C",1,3303,2023,183,"Sweden","SWE","SWE",72,"Germany","GFR","DEU",23,8,"0","-","0","0","0"
1,"q5rX4C",1,3304,2024,183,"Sweden","SWE","SWE",72,"Germany","GFR","DEU",23,10,"0","-","0","0","0"
1,"q5rX4C",1,3305,2025,183,"Sweden","SWE","SWE",72,"Germany","GFR","DEU",28,10,"0","-","0","0","0"
1,"q5rX4C",1,3306,2002,184,"Switzerland","SWI","CHE",72,"Germany","GFR","DEU",12,"0","0","-","0","0","0"
1,"q5rX4C",1,3307,2003,184,"Switzerland","SWI","CHE",72,"Germany","GFR","DEU",12,"0","0","-","0","0","0"
1,"q5rX4C",1,3308,2004,184,"Switzerland","SWI","CHE",72,"Germany","GFR","DEU",6,"0","0","-","0","0","0"
1,"q5rX4C",1,3309,2005,184,"Switzerland","SWI","CHE",72,"Germany","GFR","DEU",9,"0","0","-","0","0","0"
1,"q5rX4C",1,3310,2006,184,"Switzerland","SWI","CHE",72,"Germany","GFR","DEU",28,"0","0","-","0","0","0"
1,"q5rX4C",1,3311,2007,184,"Switzerland","SWI","CHE",72,"Germany","GFR","DEU",23,"0","0","-","0","0","0"
1,"q5rX4C",1,3312,2008,184,"Switzerland","SWI","CHE",72,"Germany","GFR","DEU",18,"0","0","-","0","0","0"
1,"q5rX4C",1,3313,2009,184,"Switzerland","SWI","CHE",72,"Germany","GFR","DEU",5,"0","0","-","0","0","0"
1,"q5rX4C",1,3314,2010,184,"Switzerland","SWI","CHE",72,"Germany","GFR","DEU",5,"0","0","-","0","0","0"
1,"q5rX4C",1,3315,2011,184,"Switzerland","SWI","CHE",72,"Germany","GFR","DEU",5,"0","0","-","0","0","0"
1,"q5rX4C",1,3316,2012,184,"Switzerland","SWI","CHE",72,"Germany","GFR","DEU",5,"0","0","-","0","0","0"
1,"q5rX4C",1,3317,2025,184,"Switzerland","SWI","CHE",72,"Germany","GFR","DEU",5,"0","0","-","0","0","0"
1,"q5rX4C",1,3318,2000,185,"Syrian Arab Rep.","SYR","SYR",72,"Germany","GFR","DEU","0",1046,"0","-","0","0","0"
1,"q5rX4C",1,3319,2001,185,"Syrian Arab Rep.","SYR","SYR",72,"Germany","GFR","DEU","0",1152,"0","-","0","0","0"
1,"q5rX4C",1,3320,2002,185,"Syrian Arab Rep.","SYR","SYR",72,"Germany","GFR","DEU",14398,1279,"0","-","0","0","0"
1,"q5rX4C",1,3321,2003,185,"Syrian Arab Rep.","SYR","SYR",72,"Germany","GFR","DEU",15745,703,"0","-","0","0","0"
1,"q5rX4C",1,3322,2004,185,"Syrian Arab Rep.","SYR","SYR",72,"Germany","GFR","DEU",16184,475,"0","-","0","0","0"
1,"q5rX4C",1,3323,2005,185,"Syrian Arab Rep.","SYR","SYR",72,"Germany","GFR","DEU",10469,2888,"0","-","0","0","0"
1,"q5rX4C",1,3324,2006,185,"Syrian Arab Rep.","SYR","SYR",72,"Germany","GFR","DEU",5844,2117,"0","-","0","0","0"
1,"q5rX4C",1,3325,2007,185,"Syrian Arab Rep.","SYR","SYR",72,"Germany","GFR","DEU",6996,1414,"0","-","0","0","0"
1,"q5rX4C",1,3326,2008,185,"Syrian Arab Rep.","SYR","SYR",72,"Germany","GFR","DEU",8205,1418,"0","-","0","0","0"
1,"q5rX4C",1,3327,2009,185,"Syrian Arab Rep.","SYR","SYR",72,"Germany","GFR","DEU",10217,1811,"0","-","0","0","0"
1,"q5rX4C",1,3328,2010,185,"Syrian Arab Rep.","SYR","SYR",72,"Germany","GFR","DEU",10518,2690,"0","-","0","0","0"
1,"q5rX4C",1,3329,2011,185,"Syrian Arab Rep.","SYR","SYR",72,"Germany","GFR","DEU",10155,4713,"0","-","0","0","0"
1,"q5rX4C",1,3330,2012,185,"Syrian Arab Rep.","SYR","SYR",72,"Germany","GFR","DEU",18165,5986,"0","-","0","0","0"
1,"q5rX4C",1,3331,2013,185,"Syrian Arab Rep.","SYR","SYR",72,"Germany","GFR","DEU",21253,10566,"0","-","0","0","0"
1,"q5rX4C",1,3332,2014,185,"Syrian Arab Rep.","SYR","SYR",72,"Germany","GFR","DEU",40994,29591,"0","-","0","0","0"
1,"q5rX4C",1,3333,2015,185,"Syrian Arab Rep.","SYR","SYR",72,"Germany","GFR","DEU",115604,81582,"0","-","0","0","0"
1,"q5rX4C",1,3334,2016,185,"Syrian Arab Rep.","SYR","SYR",72,"Germany","GFR","DEU",375122,100527,"0","-","0","0","0"
1,"q5rX4C",1,3335,2017,185,"Syrian Arab Rep.","SYR","SYR",72,"Germany","GFR","DEU",496674,70833,"0","-","0","0","0"
1,"q5rX4C",1,3336,2018,185,"Syrian Arab Rep.","SYR","SYR",72,"Germany","GFR","DEU",532065,52396,"0","-","0","0","0"
1,"q5rX4C",1,3337,2019,185,"Syrian Arab Rep.","SYR","SYR",72,"Germany","GFR","DEU",572818,41280,"0","-","0","0","0"
1,"q5rX4C",1,3338,2020,185,"Syrian Arab Rep.","SYR","SYR",72,"Germany","GFR","DEU",605338,37219,"0","-","0","0","0"
1,"q5rX4C",1,3339,2021,185,"Syrian Arab Rep.","SYR","SYR",72,"Germany","GFR","DEU",621740,53750,"0","-","0","0","0"
1,"q5rX4C",1,3340,2022,185,"Syrian Arab Rep.","SYR","SYR",72,"Germany","GFR","DEU",522575,54218,"0","-","0","0","0"
1,"q5rX4C",1,3341,2023,185,"Syrian Arab Rep.","SYR","SYR",72,"Germany","GFR","DEU",705812,72642,"0","-","0","0","0"
1,"q5rX4C",1,3342,2024,185,"Syrian Arab Rep.","SYR","SYR",72,"Germany","GFR","DEU",725102,62959,"0","-","0","0","0"
1,"q5rX4C",1,3343,2025,185,"Syrian Arab Rep.","SYR","SYR",72,"Germany","GFR","DEU",695428,64696,"0","-","0","0","0"
1,"q5rX4C",1,3344,2002,186,"United Rep. of Tanzania","TAN","TZA",72,"Germany","GFR","DEU",28,13,"0","-","0","0","0"
1,"q5rX4C",1,3345,2003,186,"United Rep. of Tanzania","TAN","TZA",72,"Germany","GFR","DEU",37,11,"0","-","0","0","0"
1,"q5rX4C",1,3346,2004,186,"United Rep. of Tanzania","TAN","TZA",72,"Germany","GFR","DEU",41,"0","0","-","0","0","0"
1,"q5rX4C",1,3347,2005,186,"United Rep. of Tanzania","TAN","TZA",72,"Germany","GFR","DEU",28,15,"0","-","0","0","0"
1,"q5rX4C",1,3348,2006,186,"United Rep. of Tanzania","TAN","TZA",72,"Germany","GFR","DEU",44,"0","0","-","0","0","0"
1,"q5rX4C",1,3349,2007,186,"United Rep. of Tanzania","TAN","TZA",72,"Germany","GFR","DEU",38,5,"0","-","0","0","0"
1,"q5rX4C",1,3350,2008,186,"United Rep. of Tanzania","TAN","TZA",72,"Germany","GFR","DEU",36,11,"0","-","0","0","0"
1,"q5rX4C",1,3351,2009,186,"United Rep. of Tanzania","TAN","TZA",72,"Germany","GFR","DEU",30,5,"0","-","0","0","0"
1,"q5rX4C",1,3352,2010,186,"United Rep. of Tanzania","TAN","TZA",72,"Germany","GFR","DEU",25,"0","0","-","0","0","0"
1,"q5rX4C",1,3353,2011,186,"United Rep. of Tanzania","TAN","TZA",72,"Germany","GFR","DEU",30,10,"0","-","0","0","0"
1,"q5rX4C",1,3354,2012,186,"United Rep. of Tanzania","TAN","TZA",72,"Germany","GFR","DEU",33,5,"0","-","0","0","0"
1,"q5rX4C",1,3355,2013,186,"United Rep. of Tanzania","TAN","TZA",72,"Germany","GFR","DEU",18,31,"0","-","0","0","0"
1,"q5rX4C",1,3356,2014,186,"United Rep. of Tanzania","TAN","TZA",72,"Germany","GFR","DEU",12,66,"0","-","0","0","0"
1,"q5rX4C",1,3357,2015,186,"United Rep. of Tanzania","TAN","TZA",72,"Germany","GFR","DEU",13,95,"0","-","0","0","0"
1,"q5rX4C",1,3358,2016,186,"United Rep. of Tanzania","TAN","TZA",72,"Germany","GFR","DEU",10,170,"0","-","0","0","0"
1,"q5rX4C",1,3359,2017,186,"United Rep. of Tanzania","TAN","TZA",72,"Germany","GFR","DEU",34,151,"0","-","0","0","0"
1,"q5rX4C",1,3360,2018,186,"United Rep. of Tanzania","TAN","TZA",72,"Germany","GFR","DEU",60,210,"0","-","0","0","0"
1,"q5rX4C",1,3361,2019,186,"United Rep. of Tanzania","TAN","TZA",72,"Germany","GFR","DEU",64,360,"0","-","0","0","0"
1,"q5rX4C",1,3362,2020,186,"United Rep. of Tanzania","TAN","TZA",72,"Germany","GFR","DEU",61,324,"0","-","0","0","0"
1,"q5rX4C",1,3363,2021,186,"United Rep. of Tanzania","TAN","TZA",72,"Germany","GFR","DEU",79,286,"0","-","0","0","0"
1,"q5rX4C",1,3364,2022,186,"United Rep. of Tanzania","TAN","TZA",72,"Germany","GFR","DEU",65,286,"0","-","0","0","0"
1,"q5rX4C",1,3365,2023,186,"United Rep. of Tanzania","TAN","TZA",72,"Germany","GFR","DEU",120,352,"0","-","0","0","0"
1,"q5rX4C",1,3366,2024,186,"United Rep. of Tanzania","TAN","TZA",72,"Germany","GFR","DEU",148,278,"0","-","0","0","0"
1,"q5rX4C",1,3367,2025,186,"United Rep. of Tanzania","TAN","TZA",72,"Germany","GFR","DEU",157,252,"0","-","0","0","0"
1,"q5rX4C",1,3368,2002,188,"Thailand","THA","THA",72,"Germany","GFR","DEU",242,"0","0","-","0","0","0"
1,"q5rX4C",1,3369,2003,188,"Thailand","THA","THA",72,"Germany","GFR","DEU",220,"0","0","-","0","0","0"
1,"q5rX4C",1,3370,2004,188,"Thailand","THA","THA",72,"Germany","GFR","DEU",194,"0","0","-","0","0","0"
1,"q5rX4C",1,3371,2005,188,"Thailand","THA","THA",72,"Germany","GFR","DEU",67,5,"0","-","0","0","0"
1,"q5rX4C",1,3372,2006,188,"Thailand","THA","THA",72,"Germany","GFR","DEU",2867,"0","0","-","0","0","0"
1,"q5rX4C",1,3373,2007,188,"Thailand","THA","THA",72,"Germany","GFR","DEU",2051,"0","0","-","0","0","0"
1,"q5rX4C",1,3374,2008,188,"Thailand","THA","THA",72,"Germany","GFR","DEU",1559,"0","0","-","0","0","0"
1,"q5rX4C",1,3375,2009,188,"Thailand","THA","THA",72,"Germany","GFR","DEU",235,"0","0","-","0","0","0"
1,"q5rX4C",1,3376,2010,188,"Thailand","THA","THA",72,"Germany","GFR","DEU",210,"0","0","-","0","0","0"
1,"q5rX4C",1,3377,2011,188,"Thailand","THA","THA",72,"Germany","GFR","DEU",212,"0","0","-","0","0","0"
1,"q5rX4C",1,3378,2012,188,"Thailand","THA","THA",72,"Germany","GFR","DEU",210,"0","0","-","0","0","0"
1,"q5rX4C",1,3379,2013,188,"Thailand","THA","THA",72,"Germany","GFR","DEU",58,"0","0","-","0","0","0"
1,"q5rX4C",1,3380,2014,188,"Thailand","THA","THA",72,"Germany","GFR","DEU",67,"0","0","-","0","0","0"
1,"q5rX4C",1,3381,2015,188,"Thailand","THA","THA",72,"Germany","GFR","DEU",46,5,"0","-","0","0","0"
1,"q5rX4C",1,3382,2016,188,"Thailand","THA","THA",72,"Germany","GFR","DEU",29,5,"0","-","0","0","0"
1,"q5rX4C",1,3383,2017,188,"Thailand","THA","THA",72,"Germany","GFR","DEU",26,10,"0","-","0","0","0"
1,"q5rX4C",1,3384,2018,188,"Thailand","THA","THA",72,"Germany","GFR","DEU",25,5,"0","-","0","0","0"
1,"q5rX4C",1,3385,2019,188,"Thailand","THA","THA",72,"Germany","GFR","DEU",23,10,"0","-","0","0","0"
1,"q5rX4C",1,3386,2020,188,"Thailand","THA","THA",72,"Germany","GFR","DEU",25,18,"0","-","0","0","0"
1,"q5rX4C",1,3387,2021,188,"Thailand","THA","THA",72,"Germany","GFR","DEU",27,14,"0","-","0","0","0"
1,"q5rX4C",1,3388,2022,188,"Thailand","THA","THA",72,"Germany","GFR","DEU",36,23,"0","-","0","0","0"
1,"q5rX4C",1,3389,2023,188,"Thailand","THA","THA",72,"Germany","GFR","DEU",38,29,"0","-","0","0","0"
1,"q5rX4C",1,3390,2024,188,"Thailand","THA","THA",72,"Germany","GFR","DEU",37,34,"0","-","0","0","0"
1,"q5rX4C",1,3391,2025,188,"Thailand","THA","THA",72,"Germany","GFR","DEU",36,35,"0","-","0","0","0"
1,"q5rX4C",1,3392,2000,189,"Tajikistan","TJK","TJK",72,"Germany","GFR","DEU","0",21,"0","-","0","0","0"
1,"q5rX4C",1,3393,2001,189,"Tajikistan","TJK","TJK",72,"Germany","GFR","DEU","0",16,"0","-","0","0","0"
1,"q5rX4C",1,3394,2002,189,"Tajikistan","TJK","TJK",72,"Germany","GFR","DEU",291,12,"0","-","0","0","0"
1,"q5rX4C",1,3395,2003,189,"Tajikistan","TJK","TJK",72,"Germany","GFR","DEU",248,7,"0","-","0","0","0"
1,"q5rX4C",1,3396,2004,189,"Tajikistan","TJK","TJK",72,"Germany","GFR","DEU",190,"0","0","-","0","0","0"
1,"q5rX4C",1,3397,2005,189,"Tajikistan","TJK","TJK",72,"Germany","GFR","DEU",152,22,"0","-","0","0","0"
1,"q5rX4C",1,3398,2006,189,"Tajikistan","TJK","TJK",72,"Germany","GFR","DEU",97,15,"0","-","0","0","0"
1,"q5rX4C",1,3399,2007,189,"Tajikistan","TJK","TJK",72,"Germany","GFR","DEU",125,8,"0","-","0","0","0"
1,"q5rX4C",1,3400,2008,189,"Tajikistan","TJK","TJK",72,"Germany","GFR","DEU",129,24,"0","-","0","0","0"
1,"q5rX4C",1,3401,2009,189,"Tajikistan","TJK","TJK",72,"Germany","GFR","DEU",129,62,"0","-","0","0","0"
1,"q5rX4C",1,3402,2010,189,"Tajikistan","TJK","TJK",72,"Germany","GFR","DEU",128,98,"0","-","0","0","0"
1,"q5rX4C",1,3403,2011,189,"Tajikistan","TJK","TJK",72,"Germany","GFR","DEU",146,135,"0","-","0","0","0"
1,"q5rX4C",1,3404,2012,189,"Tajikistan","TJK","TJK",72,"Germany","GFR","DEU",146,126,"0","-","0","0","0"
1,"q5rX4C",1,3405,2013,189,"Tajikistan","TJK","TJK",72,"Germany","GFR","DEU",73,201,"0","-","0","0","0"
1,"q5rX4C",1,3406,2014,189,"Tajikistan","TJK","TJK",72,"Germany","GFR","DEU",95,424,"0","-","0","0","0"
1,"q5rX4C",1,3407,2015,189,"Tajikistan","TJK","TJK",72,"Germany","GFR","DEU",103,574,"0","-","0","0","0"
1,"q5rX4C",1,3408,2016,189,"Tajikistan","TJK","TJK",72,"Germany","GFR","DEU",148,2112,"0","-","0","0","0"
1,"q5rX4C",1,3409,2017,189,"Tajikistan","TJK","TJK",72,"Germany","GFR","DEU",490,2443,"0","-","0","0","0"
1,"q5rX4C",1,3410,2018,189,"Tajikistan","TJK","TJK",72,"Germany","GFR","DEU",666,1901,"0","-","0","0","0"
1,"q5rX4C",1,3411,2019,189,"Tajikistan","TJK","TJK",72,"Germany","GFR","DEU",871,1296,"0","-","0","0","0"
1,"q5rX4C",1,3412,2020,189,"Tajikistan","TJK","TJK",72,"Germany","GFR","DEU",1064,1232,"0","-","0","0","0"
1,"q5rX4C",1,3413,2021,189,"Tajikistan","TJK","TJK",72,"Germany","GFR","DEU",1178,809,"0","-","0","0","0"
1,"q5rX4C",1,3414,2022,189,"Tajikistan","TJK","TJK",72,"Germany","GFR","DEU",1424,1256,"0","-","0","0","0"
1,"q5rX4C",1,3415,2023,189,"Tajikistan","TJK","TJK",72,"Germany","GFR","DEU",2060,1033,"0","-","0","0","0"
1,"q5rX4C",1,3416,2024,189,"Tajikistan","TJK","TJK",72,"Germany","GFR","DEU",2118,1019,"0","-","0","0","0"
1,"q5rX4C",1,3417,2025,189,"Tajikistan","TJK","TJK",72,"Germany","GFR","DEU",2116,868,"0","-","0","0","0"
1,"q5rX4C",1,3418,2000,190,"Turkmenistan","TKM","TKM",72,"Germany","GFR","DEU","0",5,"0","-","0","0","0"
1,"q5rX4C",1,3419,2001,190,"Turkmenistan","TKM","TKM",72,"Germany","GFR","DEU","0",12,"0","-","0","0","0"
1,"q5rX4C",1,3420,2002,190,"Turkmenistan","TKM","TKM",72,"Germany","GFR","DEU",519,19,"0","-","0","0","0"
1,"q5rX4C",1,3421,2003,190,"Turkmenistan","TKM","TKM",72,"Germany","GFR","DEU",551,23,"0","-","0","0","0"
1,"q5rX4C",1,3422,2004,190,"Turkmenistan","TKM","TKM",72,"Germany","GFR","DEU",520,5,"0","-","0","0","0"
1,"q5rX4C",1,3423,2005,190,"Turkmenistan","TKM","TKM",72,"Germany","GFR","DEU",460,32,"0","-","0","0","0"
1,"q5rX4C",1,3424,2006,190,"Turkmenistan","TKM","TKM",72,"Germany","GFR","DEU",181,31,"0","-","0","0","0"
1,"q5rX4C",1,3425,2007,190,"Turkmenistan","TKM","TKM",72,"Germany","GFR","DEU",216,30,"0","-","0","0","0"
1,"q5rX4C",1,3426,2008,190,"Turkmenistan","TKM","TKM",72,"Germany","GFR","DEU",242,21,"0","-","0","0","0"
1,"q5rX4C",1,3427,2009,190,"Turkmenistan","TKM","TKM",72,"Germany","GFR","DEU",210,5,"0","-","0","0","0"
1,"q5rX4C",1,3428,2010,190,"Turkmenistan","TKM","TKM",72,"Germany","GFR","DEU",215,10,"0","-","0","0","0"
1,"q5rX4C",1,3429,2011,190,"Turkmenistan","TKM","TKM",72,"Germany","GFR","DEU",200,15,"0","-","0","0","0"
1,"q5rX4C",1,3430,2012,190,"Turkmenistan","TKM","TKM",72,"Germany","GFR","DEU",195,29,"0","-","0","0","0"
1,"q5rX4C",1,3431,2013,190,"Turkmenistan","TKM","TKM",72,"Germany","GFR","DEU",21,139,"0","-","0","0","0"
1,"q5rX4C",1,3432,2014,190,"Turkmenistan","TKM","TKM",72,"Germany","GFR","DEU",26,425,"0","-","0","0","0"
1,"q5rX4C",1,3433,2015,190,"Turkmenistan","TKM","TKM",72,"Germany","GFR","DEU",29,718,"0","-","0","0","0"
1,"q5rX4C",1,3434,2016,190,"Turkmenistan","TKM","TKM",72,"Germany","GFR","DEU",34,471,"0","-","0","0","0"
1,"q5rX4C",1,3435,2017,190,"Turkmenistan","TKM","TKM",72,"Germany","GFR","DEU",50,243,"0","-","0","0","0"
1,"q5rX4C",1,3436,2018,190,"Turkmenistan","TKM","TKM",72,"Germany","GFR","DEU",84,199,"0","-","0","0","0"
1,"q5rX4C",1,3437,2019,190,"Turkmenistan","TKM","TKM",72,"Germany","GFR","DEU",83,206,"0","-","0","0","0"
1,"q5rX4C",1,3438,2020,190,"Turkmenistan","TKM","TKM",72,"Germany","GFR","DEU",95,160,"0","-","0","0","0"
1,"q5rX4C",1,3439,2021,190,"Turkmenistan","TKM","TKM",72,"Germany","GFR","DEU",90,119,"0","-","0","0","0"
1,"q5rX4C",1,3440,2022,190,"Turkmenistan","TKM","TKM",72,"Germany","GFR","DEU",1084,128,"0","-","0","0","0"
1,"q5rX4C",1,3441,2023,190,"Turkmenistan","TKM","TKM",72,"Germany","GFR","DEU",1009,174,"0","-","0","0","0"
1,"q5rX4C",1,3442,2024,190,"Turkmenistan","TKM","TKM",72,"Germany","GFR","DEU",1593,219,"0","-","0","0","0"
1,"q5rX4C",1,3443,2025,190,"Turkmenistan","TKM","TKM",72,"Germany","GFR","DEU",1715,233,"0","-","0","0","0"
1,"q5rX4C",1,3444,2022,191,"Timor-Leste","TMP","TLS",72,"Germany","GFR","DEU","0",14,"0","-","0","0","0"
1,"q5rX4C",1,3445,2023,191,"Timor-Leste","TMP","TLS",72,"Germany","GFR","DEU","0",13,"0","-","0","0","0"
1,"q5rX4C",1,3446,2024,191,"Timor-Leste","TMP","TLS",72,"Germany","GFR","DEU","0",10,"0","-","0","0","0"
1,"q5rX4C",1,3447,2000,192,"Togo","TOG","TGO",72,"Germany","GFR","DEU","0",378,"0","-","0","0","0"
1,"q5rX4C",1,3448,2001,192,"Togo","TOG","TGO",72,"Germany","GFR","DEU","0",613,"0","-","0","0","0"
1,"q5rX4C",1,3449,2002,192,"Togo","TOG","TGO",72,"Germany","GFR","DEU",5743,841,"0","-","0","0","0"
1,"q5rX4C",1,3450,2003,192,"Togo","TOG","TGO",72,"Germany","GFR","DEU",5778,276,"0","-","0","0","0"
1,"q5rX4C",1,3451,2004,192,"Togo","TOG","TGO",72,"Germany","GFR","DEU",5579,168,"0","-","0","0","0"
1,"q5rX4C",1,3452,2005,192,"Togo","TOG","TGO",72,"Germany","GFR","DEU",5988,1290,"0","-","0","0","0"
1,"q5rX4C",1,3453,2006,192,"Togo","TOG","TGO",72,"Germany","GFR","DEU",3008,645,"0","-","0","0","0"
1,"q5rX4C",1,3454,2007,192,"Togo","TOG","TGO",72,"Germany","GFR","DEU",3246,318,"0","-","0","0","0"
1,"q5rX4C",1,3455,2008,192,"Togo","TOG","TGO",72,"Germany","GFR","DEU",3340,231,"0","-","0","0","0"
1,"q5rX4C",1,3456,2009,192,"Togo","TOG","TGO",72,"Germany","GFR","DEU",4592,204,"0","-","0","0","0"
1,"q5rX4C",1,3457,2010,192,"Togo","TOG","TGO",72,"Germany","GFR","DEU",4382,201,"0","-","0","0","0"
1,"q5rX4C",1,3458,2011,192,"Togo","TOG","TGO",72,"Germany","GFR","DEU",4007,160,"0","-","0","0","0"
1,"q5rX4C",1,3459,2012,192,"Togo","TOG","TGO",72,"Germany","GFR","DEU",3905,162,"0","-","0","0","0"
1,"q5rX4C",1,3460,2013,192,"Togo","TOG","TGO",72,"Germany","GFR","DEU",1404,232,"0","-","0","0","0"
1,"q5rX4C",1,3461,2014,192,"Togo","TOG","TGO",72,"Germany","GFR","DEU",1293,332,"0","-","0","0","0"
1,"q5rX4C",1,3462,2015,192,"Togo","TOG","TGO",72,"Germany","GFR","DEU",1188,483,"0","-","0","0","0"
1,"q5rX4C",1,3463,2016,192,"Togo","TOG","TGO",72,"Germany","GFR","DEU",1118,827,"0","-","0","0","0"
1,"q5rX4C",1,3464,2017,192,"Togo","TOG","TGO",72,"Germany","GFR","DEU",1081,947,"0","-","0","0","0"
1,"q5rX4C",1,3465,2018,192,"Togo","TOG","TGO",72,"Germany","GFR","DEU",1074,1086,"0","-","0","0","0"
1,"q5rX4C",1,3466,2019,192,"Togo","TOG","TGO",72,"Germany","GFR","DEU",1060,1048,"0","-","0","0","0"
1,"q5rX4C",1,3467,2020,192,"Togo","TOG","TGO",72,"Germany","GFR","DEU",996,704,"0","-","0","0","0"
1,"q5rX4C",1,3468,2021,192,"Togo","TOG","TGO",72,"Germany","GFR","DEU",986,400,"0","-","0","0","0"
1,"q5rX4C",1,3469,2022,192,"Togo","TOG","TGO",72,"Germany","GFR","DEU",914,352,"0","-","0","0","0"
1,"q5rX4C",1,3470,2023,192,"Togo","TOG","TGO",72,"Germany","GFR","DEU",961,484,"0","-","0","0","0"
1,"q5rX4C",1,3471,2024,192,"Togo","TOG","TGO",72,"Germany","GFR","DEU",915,535,"0","-","0","0","0"
1,"q5rX4C",1,3472,2025,192,"Togo","TOG","TGO",72,"Germany","GFR","DEU",888,553,"0","-","0","0","0"
1,"q5rX4C",1,3473,2002,193,"Tonga","TON","TON",72,"Germany","GFR","DEU",7,"0","0","-","0","0","0"
1,"q5rX4C",1,3474,2003,193,"Tonga","TON","TON",72,"Germany","GFR","DEU",11,"0","0","-","0","0","0"
1,"q5rX4C",1,3475,2004,193,"Tonga","TON","TON",72,"Germany","GFR","DEU",5,"0","0","-","0","0","0"
1,"q5rX4C",1,3476,2006,193,"Tonga","TON","TON",72,"Germany","GFR","DEU",5,"0","0","-","0","0","0"
1,"q5rX4C",1,3477,2002,194,"Trinidad and Tobago","TRT","TTO",72,"Germany","GFR","DEU",5,"0","0","-","0","0","0"
1,"q5rX4C",1,3478,2003,194,"Trinidad and Tobago","TRT","TTO",72,"Germany","GFR","DEU",5,"0","0","-","0","0","0"
1,"q5rX4C",1,3479,2006,194,"Trinidad and Tobago","TRT","TTO",72,"Germany","GFR","DEU",27,"0","0","-","0","0","0"
1,"q5rX4C",1,3480,2007,194,"Trinidad and Tobago","TRT","TTO",72,"Germany","GFR","DEU",23,"0","0","-","0","0","0"
1,"q5rX4C",1,3481,2008,194,"Trinidad and Tobago","TRT","TTO",72,"Germany","GFR","DEU",19,"0","0","-","0","0","0"
1,"q5rX4C",1,3482,2012,194,"Trinidad and Tobago","TRT","TTO",72,"Germany","GFR","DEU",5,"0","0","-","0","0","0"
1,"q5rX4C",1,3483,2016,194,"Trinidad and Tobago","TRT","TTO",72,"Germany","GFR","DEU","0",5,"0","-","0","0","0"
1,"q5rX4C",1,3484,2018,194,"Trinidad and Tobago","TRT","TTO",72,"Germany","GFR","DEU",5,"0","0","-","0","0","0"
1,"q5rX4C",1,3485,2019,194,"Trinidad and Tobago","TRT","TTO",72,"Germany","GFR","DEU",5,5,"0","-","0","0","0"
1,"q5rX4C",1,3486,2020,194,"Trinidad and Tobago","TRT","TTO",72,"Germany","GFR","DEU",5,10,"0","-","0","0","0"
1,"q5rX4C",1,3487,2021,194,"Trinidad and Tobago","TRT","TTO",72,"Germany","GFR","DEU",7,5,"0","-","0","0","0"
1,"q5rX4C",1,3488,2022,194,"Trinidad and Tobago","TRT","TTO",72,"Germany","GFR","DEU",5,"0","0","-","0","0","0"
1,"q5rX4C",1,3489,2023,194,"Trinidad and Tobago","TRT","TTO",72,"Germany","GFR","DEU",9,7,"0","-","0","0","0"
1,"q5rX4C",1,3490,2024,194,"Trinidad and Tobago","TRT","TTO",72,"Germany","GFR","DEU",9,11,"0","-","0","0","0"
1,"q5rX4C",1,3491,2025,194,"Trinidad and Tobago","TRT","TTO",72,"Germany","GFR","DEU",9,8,"0","-","0","0","0"
1,"q5rX4C",1,3492,2000,195,"Tunisia","TUN","TUN",72,"Germany","GFR","DEU","0",57,"0","-","0","0","0"
1,"q5rX4C",1,3493,2001,195,"Tunisia","TUN","TUN",72,"Germany","GFR","DEU","0",63,"0","-","0","0","0"
1,"q5rX4C",1,3494,2002,195,"Tunisia","TUN","TUN",72,"Germany","GFR","DEU",1047,67,"0","-","0","0","0"
1,"q5rX4C",1,3495,2003,195,"Tunisia","TUN","TUN",72,"Germany","GFR","DEU",1033,31,"0","-","0","0","0"
1,"q5rX4C",1,3496,2004,195,"Tunisia","TUN","TUN",72,"Germany","GFR","DEU",982,48,"0","-","0","0","0"
1,"q5rX4C",1,3497,2005,195,"Tunisia","TUN","TUN",72,"Germany","GFR","DEU",1537,130,"0","-","0","0","0"
1,"q5rX4C",1,3498,2006,195,"Tunisia","TUN","TUN",72,"Germany","GFR","DEU",1207,129,"0","-","0","0","0"
1,"q5rX4C",1,3499,2007,195,"Tunisia","TUN","TUN",72,"Germany","GFR","DEU",874,94,"0","-","0","0","0"
1,"q5rX4C",1,3500,2008,195,"Tunisia","TUN","TUN",72,"Germany","GFR","DEU",770,88,"0","-","0","0","0"
1,"q5rX4C",1,3501,2009,195,"Tunisia","TUN","TUN",72,"Germany","GFR","DEU",772,120,"0","-","0","0","0"
1,"q5rX4C",1,3502,2010,195,"Tunisia","TUN","TUN",72,"Germany","GFR","DEU",789,78,"0","-","0","0","0"
1,"q5rX4C",1,3503,2011,195,"Tunisia","TUN","TUN",72,"Germany","GFR","DEU",752,286,"0","-","0","0","0"
1,"q5rX4C",1,3504,2012,195,"Tunisia","TUN","TUN",72,"Germany","GFR","DEU",747,329,"0","-","0","0","0"
1,"q5rX4C",1,3505,2013,195,"Tunisia","TUN","TUN",72,"Germany","GFR","DEU",94,652,"0","-","0","0","0"
1,"q5rX4C",1,3506,2014,195,"Tunisia","TUN","TUN",72,"Germany","GFR","DEU",90,664,"0","-","0","0","0"
1,"q5rX4C",1,3507,2015,195,"Tunisia","TUN","TUN",72,"Germany","GFR","DEU",90,1129,"0","-","0","0","0"
1,"q5rX4C",1,3508,2016,195,"Tunisia","TUN","TUN",72,"Germany","GFR","DEU",106,856,"0","-","0","0","0"
1,"q5rX4C",1,3509,2017,195,"Tunisia","TUN","TUN",72,"Germany","GFR","DEU",160,592,"0","-","0","0","0"
1,"q5rX4C",1,3510,2018,195,"Tunisia","TUN","TUN",72,"Germany","GFR","DEU",197,599,"0","-","0","0","0"
1,"q5rX4C",1,3511,2019,195,"Tunisia","TUN","TUN",72,"Germany","GFR","DEU",218,574,"0","-","0","0","0"
1,"q5rX4C",1,3512,2020,195,"Tunisia","TUN","TUN",72,"Germany","GFR","DEU",234,606,"0","-","0","0","0"
1,"q5rX4C",1,3513,2021,195,"Tunisia","TUN","TUN",72,"Germany","GFR","DEU",251,784,"0","-","0","0","0"
1,"q5rX4C",1,3514,2022,195,"Tunisia","TUN","TUN",72,"Germany","GFR","DEU",495,1265,"0","-","0","0","0"
1,"q5rX4C",1,3515,2023,195,"Tunisia","TUN","TUN",72,"Germany","GFR","DEU",598,2193,"0","-","0","0","0"
1,"q5rX4C",1,3516,2024,195,"Tunisia","TUN","TUN",72,"Germany","GFR","DEU",721,1656,"0","-","0","0","0"
1,"q5rX4C",1,3517,2025,195,"Tunisia","TUN","TUN",72,"Germany","GFR","DEU",716,1219,"0","-","0","0","0"
1,"q5rX4C",1,3518,2000,196,"Türkiye","TUR","TUR",72,"Germany","GFR","DEU","0",3871,"0","-","0","0","0"
1,"q5rX4C",1,3519,2001,196,"Türkiye","TUR","TUR",72,"Germany","GFR","DEU","0",5985,"0","-","0","0","0"
1,"q5rX4C",1,3520,2002,196,"Türkiye","TUR","TUR",72,"Germany","GFR","DEU",148983,5744,"0","-","0","0","0"
1,"q5rX4C",1,3521,2003,196,"Türkiye","TUR","TUR",72,"Germany","GFR","DEU",140702,3096,"0","-","0","0","0"
1,"q5rX4C",1,3522,2004,196,"Türkiye","TUR","TUR",72,"Germany","GFR","DEU",128419,1917,"0","-","0","0","0"
1,"q5rX4C",1,3523,2005,196,"Türkiye","TUR","TUR",72,"Germany","GFR","DEU",122891,8367,"0","-","0","0","0"
1,"q5rX4C",1,3524,2006,196,"Türkiye","TUR","TUR",72,"Germany","GFR","DEU",175579,5765,"0","-","0","0","0"
1,"q5rX4C",1,3525,2007,196,"Türkiye","TUR","TUR",72,"Germany","GFR","DEU",169616,3709,"0","-","0","0","0"
1,"q5rX4C",1,3526,2008,196,"Türkiye","TUR","TUR",72,"Germany","GFR","DEU",161919,3212,"0","-","0","0","0"
1,"q5rX4C",1,3527,2009,196,"Türkiye","TUR","TUR",72,"Germany","GFR","DEU",101068,3141,"0","-","0","0","0"
1,"q5rX4C",1,3528,2010,196,"Türkiye","TUR","TUR",72,"Germany","GFR","DEU",97908,2860,"0","-","0","0","0"
1,"q5rX4C",1,3529,2011,196,"Türkiye","TUR","TUR",72,"Germany","GFR","DEU",92968,2806,"0","-","0","0","0"
1,"q5rX4C",1,3530,2012,196,"Türkiye","TUR","TUR",72,"Germany","GFR","DEU",90773,2723,"0","-","0","0","0"
1,"q5rX4C",1,3531,2013,196,"Türkiye","TUR","TUR",72,"Germany","GFR","DEU",24449,3165,"0","-","0","0","0"
1,"q5rX4C",1,3532,2014,196,"Türkiye","TUR","TUR",72,"Germany","GFR","DEU",22242,3815,"0","-","0","0","0"
1,"q5rX4C",1,3533,2015,196,"Türkiye","TUR","TUR",72,"Germany","GFR","DEU",20281,3941,"0","-","0","0","0"
1,"q5rX4C",1,3534,2016,196,"Türkiye","TUR","TUR",72,"Germany","GFR","DEU",19136,8198,"0","-","0","0","0"
1,"q5rX4C",1,3535,2017,196,"Türkiye","TUR","TUR",72,"Germany","GFR","DEU",21120,10761,"0","-","0","0","0"
1,"q5rX4C",1,3536,2018,196,"Türkiye","TUR","TUR",72,"Germany","GFR","DEU",24036,14704,"0","-","0","0","0"
1,"q5rX4C",1,3537,2019,196,"Türkiye","TUR","TUR",72,"Germany","GFR","DEU",28470,16830,"0","-","0","0","0"
1,"q5rX4C",1,3538,2020,196,"Türkiye","TUR","TUR",72,"Germany","GFR","DEU",33345,14782,"0","-","0","0","0"
1,"q5rX4C",1,3539,2021,196,"Türkiye","TUR","TUR",72,"Germany","GFR","DEU",35953,14831,"0","-","0","0","0"
1,"q5rX4C",1,3540,2022,196,"Türkiye","TUR","TUR",72,"Germany","GFR","DEU",26527,30479,"0","-","0","0","0"
1,"q5rX4C",1,3541,2023,196,"Türkiye","TUR","TUR",72,"Germany","GFR","DEU",44263,77959,"0","-","0","0","0"
1,"q5rX4C",1,3542,2024,196,"Türkiye","TUR","TUR",72,"Germany","GFR","DEU",47201,80664,"0","-","0","0","0"
1,"q5rX4C",1,3543,2025,196,"Türkiye","TUR","TUR",72,"Germany","GFR","DEU",48805,69282,"0","-","0","0","0"
1,"q5rX4C",1,3544,2006,197,"Tuvalu","TUV","TUV",72,"Germany","GFR","DEU",5,"0","0","-","0","0","0"
1,"q5rX4C",1,3545,2002,198,"United Arab Emirates","UAE","ARE",72,"Germany","GFR","DEU",15,"0","0","-","0","0","0"
1,"q5rX4C",1,3546,2003,198,"United Arab Emirates","UAE","ARE",72,"Germany","GFR","DEU",6,"0","0","-","0","0","0"
1,"q5rX4C",1,3547,2004,198,"United Arab Emirates","UAE","ARE",72,"Germany","GFR","DEU",45,"0","0","-","0","0","0"
1,"q5rX4C",1,3548,2005,198,"United Arab Emirates","UAE","ARE",72,"Germany","GFR","DEU",5,"0","0","-","0","0","0"
1,"q5rX4C",1,3549,2006,198,"United Arab Emirates","UAE","ARE",72,"Germany","GFR","DEU",232,"0","0","-","0","0","0"
1,"q5rX4C",1,3550,2007,198,"United Arab Emirates","UAE","ARE",72,"Germany","GFR","DEU",269,"0","0","-","0","0","0"
1,"q5rX4C",1,3551,2008,198,"United Arab Emirates","UAE","ARE",72,"Germany","GFR","DEU",204,"0","0","-","0","0","0"
1,"q5rX4C",1,3552,2009,198,"United Arab Emirates","UAE","ARE",72,"Germany","GFR","DEU",357,"0","0","-","0","0","0"
1,"q5rX4C",1,3553,2010,198,"United Arab Emirates","UAE","ARE",72,"Germany","GFR","DEU",367,5,"0","-","0","0","0"
1,"q5rX4C",1,3554,2011,198,"United Arab Emirates","UAE","ARE",72,"Germany","GFR","DEU",417,"0","0","-","0","0","0"
1,"q5rX4C",1,3555,2012,198,"United Arab Emirates","UAE","ARE",72,"Germany","GFR","DEU",510,"0","0","-","0","0","0"
1,"q5rX4C",1,3556,2015,198,"United Arab Emirates","UAE","ARE",72,"Germany","GFR","DEU","0",6,"0","-","0","0","0"
1,"q5rX4C",1,3557,2016,198,"United Arab Emirates","UAE","ARE",72,"Germany","GFR","DEU",10,10,"0","-","0","0","0"
1,"q5rX4C",1,3558,2017,198,"United Arab Emirates","UAE","ARE",72,"Germany","GFR","DEU",27,5,"0","-","0","0","0"
1,"q5rX4C",1,3559,2018,198,"United Arab Emirates","UAE","ARE",72,"Germany","GFR","DEU",33,5,"0","-","0","0","0"
1,"q5rX4C",1,3560,2019,198,"United Arab Emirates","UAE","ARE",72,"Germany","GFR","DEU",39,"0","0","-","0","0","0"
1,"q5rX4C",1,3561,2020,198,"United Arab Emirates","UAE","ARE",72,"Germany","GFR","DEU",38,"0","0","-","0","0","0"
1,"q5rX4C",1,3562,2021,198,"United Arab Emirates","UAE","ARE",72,"Germany","GFR","DEU",33,"0","0","-","0","0","0"
1,"q5rX4C",1,3563,2022,198,"United Arab Emirates","UAE","ARE",72,"Germany","GFR","DEU",20,5,"0","-","0","0","0"
1,"q5rX4C",1,3564,2023,198,"United Arab Emirates","UAE","ARE",72,"Germany","GFR","DEU",31,5,"0","-","0","0","0"
1,"q5rX4C",1,3565,2024,198,"United Arab Emirates","UAE","ARE",72,"Germany","GFR","DEU",22,"0","0","-","0","0","0"
1,"q5rX4C",1,3566,2025,198,"United Arab Emirates","UAE","ARE",72,"Germany","GFR","DEU",22,"0","0","-","0","0","0"
1,"q5rX4C",1,3567,2000,199,"Uganda","UGA","UGA",72,"Germany","GFR","DEU","0",22,"0","-","0","0","0"
1,"q5rX4C",1,3568,2001,199,"Uganda","UGA","UGA",72,"Germany","GFR","DEU","0",47,"0","-","0","0","0"
1,"q5rX4C",1,3569,2002,199,"Uganda","UGA","UGA",72,"Germany","GFR","DEU",336,46,"0","-","0","0","0"
1,"q5rX4C",1,3570,2003,199,"Uganda","UGA","UGA",72,"Germany","GFR","DEU",365,49,"0","-","0","0","0"
1,"q5rX4C",1,3571,2004,199,"Uganda","UGA","UGA",72,"Germany","GFR","DEU",354,25,"0","-","0","0","0"
1,"q5rX4C",1,3572,2005,199,"Uganda","UGA","UGA",72,"Germany","GFR","DEU",363,116,"0","-","0","0","0"
1,"q5rX4C",1,3573,2006,199,"Uganda","UGA","UGA",72,"Germany","GFR","DEU",173,101,"0","-","0","0","0"
1,"q5rX4C",1,3574,2007,199,"Uganda","UGA","UGA",72,"Germany","GFR","DEU",178,60,"0","-","0","0","0"
1,"q5rX4C",1,3575,2008,199,"Uganda","UGA","UGA",72,"Germany","GFR","DEU",183,56,"0","-","0","0","0"
1,"q5rX4C",1,3576,2009,199,"Uganda","UGA","UGA",72,"Germany","GFR","DEU",260,70,"0","-","0","0","0"
1,"q5rX4C",1,3577,2010,199,"Uganda","UGA","UGA",72,"Germany","GFR","DEU",286,82,"0","-","0","0","0"
1,"q5rX4C",1,3578,2011,199,"Uganda","UGA","UGA",72,"Germany","GFR","DEU",258,88,"0","-","0","0","0"
1,"q5rX4C",1,3579,2012,199,"Uganda","UGA","UGA",72,"Germany","GFR","DEU",272,108,"0","-","0","0","0"
1,"q5rX4C",1,3580,2013,199,"Uganda","UGA","UGA",72,"Germany","GFR","DEU",120,123,"0","-","0","0","0"
1,"q5rX4C",1,3581,2014,199,"Uganda","UGA","UGA",72,"Germany","GFR","DEU",120,152,"0","-","0","0","0"
1,"q5rX4C",1,3582,2015,199,"Uganda","UGA","UGA",72,"Germany","GFR","DEU",112,205,"0","-","0","0","0"
1,"q5rX4C",1,3583,2016,199,"Uganda","UGA","UGA",72,"Germany","GFR","DEU",115,294,"0","-","0","0","0"
1,"q5rX4C",1,3584,2017,199,"Uganda","UGA","UGA",72,"Germany","GFR","DEU",160,292,"0","-","0","0","0"
1,"q5rX4C",1,3585,2018,199,"Uganda","UGA","UGA",72,"Germany","GFR","DEU",197,333,"0","-","0","0","0"
1,"q5rX4C",1,3586,2019,199,"Uganda","UGA","UGA",72,"Germany","GFR","DEU",217,363,"0","-","0","0","0"
1,"q5rX4C",1,3587,2020,199,"Uganda","UGA","UGA",72,"Germany","GFR","DEU",228,352,"0","-","0","0","0"
1,"q5rX4C",1,3588,2021,199,"Uganda","UGA","UGA",72,"Germany","GFR","DEU",247,337,"0","-","0","0","0"
1,"q5rX4C",1,3589,2022,199,"Uganda","UGA","UGA",72,"Germany","GFR","DEU",190,397,"0","-","0","0","0"
1,"q5rX4C",1,3590,2023,199,"Uganda","UGA","UGA",72,"Germany","GFR","DEU",359,513,"0","-","0","0","0"
1,"q5rX4C",1,3591,2024,199,"Uganda","UGA","UGA",72,"Germany","GFR","DEU",395,656,"0","-","0","0","0"
1,"q5rX4C",1,3592,2025,199,"Uganda","UGA","UGA",72,"Germany","GFR","DEU",430,644,"0","-","0","0","0"
1,"q5rX4C",1,3593,2000,200,"Ukraine","UKR","UKR",72,"Germany","GFR","DEU","0",131,"0","-","0","0","0"
1,"q5rX4C",1,3594,2001,200,"Ukraine","UKR","UKR",72,"Germany","GFR","DEU","0",211,"0","-","0","0","0"
1,"q5rX4C",1,3595,2002,200,"Ukraine","UKR","UKR",72,"Germany","GFR","DEU",53502,245,"0","-","0","0","0"
1,"q5rX4C",1,3596,2003,200,"Ukraine","UKR","UKR",72,"Germany","GFR","DEU",57309,82,"0","-","0","0","0"
1,"q5rX4C",1,3597,2004,200,"Ukraine","UKR","UKR",72,"Germany","GFR","DEU",57693,84,"0","-","0","0","0"
1,"q5rX4C",1,3598,2005,200,"Ukraine","UKR","UKR",72,"Germany","GFR","DEU",56276,195,"0","-","0","0","0"
1,"q5rX4C",1,3599,2006,200,"Ukraine","UKR","UKR",72,"Germany","GFR","DEU",16446,126,"0","-","0","0","0"
1,"q5rX4C",1,3600,2007,200,"Ukraine","UKR","UKR",72,"Germany","GFR","DEU",19573,76,"0","-","0","0","0"
1,"q5rX4C",1,3601,2008,200,"Ukraine","UKR","UKR",72,"Germany","GFR","DEU",22156,48,"0","-","0","0","0"
1,"q5rX4C",1,3602,2009,200,"Ukraine","UKR","UKR",72,"Germany","GFR","DEU",18412,73,"0","-","0","0","0"
1,"q5rX4C",1,3603,2010,200,"Ukraine","UKR","UKR",72,"Germany","GFR","DEU",19398,94,"0","-","0","0","0"
1,"q5rX4C",1,3604,2011,200,"Ukraine","UKR","UKR",72,"Germany","GFR","DEU",19922,70,"0","-","0","0","0"
1,"q5rX4C",1,3605,2012,200,"Ukraine","UKR","UKR",72,"Germany","GFR","DEU",20059,158,"0","-","0","0","0"
1,"q5rX4C",1,3606,2013,200,"Ukraine","UKR","UKR",72,"Germany","GFR","DEU",261,259,"0","-","0","0","0"
1,"q5rX4C",1,3607,2014,200,"Ukraine","UKR","UKR",72,"Germany","GFR","DEU",299,2772,"0","-","0","0","0"
1,"q5rX4C",1,3608,2015,200,"Ukraine","UKR","UKR",72,"Germany","GFR","DEU",320,6628,"0","-","0","0","0"
1,"q5rX4C",1,3609,2016,200,"Ukraine","UKR","UKR",72,"Germany","GFR","DEU",355,6346,"0","-","0","0","0"
1,"q5rX4C",1,3610,2017,200,"Ukraine","UKR","UKR",72,"Germany","GFR","DEU",631,3963,"0","-","0","0","0"
1,"q5rX4C",1,3611,2018,200,"Ukraine","UKR","UKR",72,"Germany","GFR","DEU",741,3149,"0","-","0","0","0"
1,"q5rX4C",1,3612,2019,200,"Ukraine","UKR","UKR",72,"Germany","GFR","DEU",847,2312,"0","-","0","0","0"
1,"q5rX4C",1,3613,2020,200,"Ukraine","UKR","UKR",72,"Germany","GFR","DEU",895,1519,"0","-","0","0","0"
1,"q5rX4C",1,3614,2021,200,"Ukraine","UKR","UKR",72,"Germany","GFR","DEU",918,1328,"0","-","0","0","0"
1,"q5rX4C",1,3615,2022,200,"Ukraine","UKR","UKR",72,"Germany","GFR","DEU",1002999,1383,"0","-","0","0","0"
1,"q5rX4C",1,3616,2023,200,"Ukraine","UKR","UKR",72,"Germany","GFR","DEU",1097503,1640,"0","-","0","0","0"
1,"q5rX4C",1,3617,2024,200,"Ukraine","UKR","UKR",72,"Germany","GFR","DEU",1205729,1830,"0","-","0","0","0"
1,"q5rX4C",1,3618,2025,200,"Ukraine","UKR","UKR",72,"Germany","GFR","DEU",1193063,1654,"0","-","0","0","0"
1,"q5rX4C",1,3619,2002,201,"Uruguay","URU","URY",72,"Germany","GFR","DEU",9,"0","0","-","0","0","0"
1,"q5rX4C",1,3620,2003,201,"Uruguay","URU","URY",72,"Germany","GFR","DEU",9,"0","0","-","0","0","0"
1,"q5rX4C",1,3621,2004,201,"Uruguay","URU","URY",72,"Germany","GFR","DEU",11,"0","0","-","0","0","0"
1,"q5rX4C",1,3622,2005,201,"Uruguay","URU","URY",72,"Germany","GFR","DEU",9,"0","0","-","0","0","0"
1,"q5rX4C",1,3623,2006,201,"Uruguay","URU","URY",72,"Germany","GFR","DEU",28,"0","0","-","0","0","0"
1,"q5rX4C",1,3624,2007,201,"Uruguay","URU","URY",72,"Germany","GFR","DEU",22,"0","0","-","0","0","0"
1,"q5rX4C",1,3625,2008,201,"Uruguay","URU","URY",72,"Germany","GFR","DEU",21,"0","0","-","0","0","0"
1,"q5rX4C",1,3626,2009,201,"Uruguay","URU","URY",72,"Germany","GFR","DEU",10,"0","0","-","0","0","0"
1,"q5rX4C",1,3627,2010,201,"Uruguay","URU","URY",72,"Germany","GFR","DEU",10,"0","0","-","0","0","0"
1,"q5rX4C",1,3628,2011,201,"Uruguay","URU","URY",72,"Germany","GFR","DEU",9,"0","0","-","0","0","0"
1,"q5rX4C",1,3629,2012,201,"Uruguay","URU","URY",72,"Germany","GFR","DEU",9,"0","0","-","0","0","0"
1,"q5rX4C",1,3630,2016,201,"Uruguay","URU","URY",72,"Germany","GFR","DEU","0",5,"0","-","0","0","0"
1,"q5rX4C",1,3631,2022,201,"Uruguay","URU","URY",72,"Germany","GFR","DEU",9,"0","0","-","0","0","0"
1,"q5rX4C",1,3632,2023,201,"Uruguay","URU","URY",72,"Germany","GFR","DEU",8,"0","0","-","0","0","0"
1,"q5rX4C",1,3633,2024,201,"Uruguay","URU","URY",72,"Germany","GFR","DEU",7,"0","0","-","0","0","0"
1,"q5rX4C",1,3634,2025,201,"Uruguay","URU","URY",72,"Germany","GFR","DEU",6,"0","0","-","0","0","0"
1,"q5rX4C",1,3635,2002,202,"United States of America","USA","USA",72,"Germany","GFR","DEU",182,"0","0","-","0","0","0"
1,"q5rX4C",1,3636,2003,202,"United States of America","USA","USA",72,"Germany","GFR","DEU",204,"0","0","-","0","0","0"
1,"q5rX4C",1,3637,2004,202,"United States of America","USA","USA",72,"Germany","GFR","DEU",192,"0","0","-","0","0","0"
1,"q5rX4C",1,3638,2005,202,"United States of America","USA","USA",72,"Germany","GFR","DEU",87,"0","0","-","0","0","0"
1,"q5rX4C",1,3639,2006,202,"United States of America","USA","USA",72,"Germany","GFR","DEU",349,"0","0","-","0","0","0"
1,"q5rX4C",1,3640,2007,202,"United States of America","USA","USA",72,"Germany","GFR","DEU",604,5,"0","-","0","0","0"
1,"q5rX4C",1,3641,2008,202,"United States of America","USA","USA",72,"Germany","GFR","DEU",344,"0","0","-","0","0","0"
1,"q5rX4C",1,3642,2009,202,"United States of America","USA","USA",72,"Germany","GFR","DEU",298,5,"0","-","0","0","0"
1,"q5rX4C",1,3643,2010,202,"United States of America","USA","USA",72,"Germany","GFR","DEU",343,"0","0","-","0","0","0"
1,"q5rX4C",1,3644,2011,202,"United States of America","USA","USA",72,"Germany","GFR","DEU",346,5,"0","-","0","0","0"
1,"q5rX4C",1,3645,2012,202,"United States of America","USA","USA",72,"Germany","GFR","DEU",350,5,"0","-","0","0","0"
1,"q5rX4C",1,3646,2013,202,"United States of America","USA","USA",72,"Germany","GFR","DEU",238,11,"0","-","0","0","0"
1,"q5rX4C",1,3647,2014,202,"United States of America","USA","USA",72,"Germany","GFR","DEU",216,17,"0","-","0","0","0"
1,"q5rX4C",1,3648,2015,202,"United States of America","USA","USA",72,"Germany","GFR","DEU",159,14,"0","-","0","0","0"
1,"q5rX4C",1,3649,2016,202,"United States of America","USA","USA",72,"Germany","GFR","DEU",145,24,"0","-","0","0","0"
1,"q5rX4C",1,3650,2017,202,"United States of America","USA","USA",72,"Germany","GFR","DEU",141,22,"0","-","0","0","0"
1,"q5rX4C",1,3651,2018,202,"United States of America","USA","USA",72,"Germany","GFR","DEU",133,26,"0","-","0","0","0"
1,"q5rX4C",1,3652,2019,202,"United States of America","USA","USA",72,"Germany","GFR","DEU",133,23,"0","-","0","0","0"
1,"q5rX4C",1,3653,2020,202,"United States of America","USA","USA",72,"Germany","GFR","DEU",134,25,"0","-","0","0","0"
1,"q5rX4C",1,3654,2021,202,"United States of America","USA","USA",72,"Germany","GFR","DEU",125,23,"0","-","0","0","0"
1,"q5rX4C",1,3655,2022,202,"United States of America","USA","USA",72,"Germany","GFR","DEU",227,32,"0","-","0","0","0"
1,"q5rX4C",1,3656,2023,202,"United States of America","USA","USA",72,"Germany","GFR","DEU",232,33,"0","-","0","0","0"
1,"q5rX4C",1,3657,2024,202,"United States of America","USA","USA",72,"Germany","GFR","DEU",228,48,"0","-","0","0","0"
1,"q5rX4C",1,3658,2025,202,"United States of America","USA","USA",72,"Germany","GFR","DEU",229,43,"0","-","0","0","0"
1,"q5rX4C",1,3659,2000,203,"Uzbekistan","UZB","UZB",72,"Germany","GFR","DEU","0",15,"0","-","0","0","0"
1,"q5rX4C",1,3660,2001,203,"Uzbekistan","UZB","UZB",72,"Germany","GFR","DEU","0",32,"0","-","0","0","0"
1,"q5rX4C",1,3661,2002,203,"Uzbekistan","UZB","UZB",72,"Germany","GFR","DEU",2940,38,"0","-","0","0","0"
1,"q5rX4C",1,3662,2003,203,"Uzbekistan","UZB","UZB",72,"Germany","GFR","DEU",3229,27,"0","-","0","0","0"
1,"q5rX4C",1,3663,2004,203,"Uzbekistan","UZB","UZB",72,"Germany","GFR","DEU",3432,24,"0","-","0","0","0"
1,"q5rX4C",1,3664,2005,203,"Uzbekistan","UZB","UZB",72,"Germany","GFR","DEU",3353,70,"0","-","0","0","0"
1,"q5rX4C",1,3665,2006,203,"Uzbekistan","UZB","UZB",72,"Germany","GFR","DEU",1294,45,"0","-","0","0","0"
1,"q5rX4C",1,3666,2007,203,"Uzbekistan","UZB","UZB",72,"Germany","GFR","DEU",1654,32,"0","-","0","0","0"
1,"q5rX4C",1,3667,2008,203,"Uzbekistan","UZB","UZB",72,"Germany","GFR","DEU",1918,29,"0","-","0","0","0"
1,"q5rX4C",1,3668,2009,203,"Uzbekistan","UZB","UZB",72,"Germany","GFR","DEU",1933,21,"0","-","0","0","0"
1,"q5rX4C",1,3669,2010,203,"Uzbekistan","UZB","UZB",72,"Germany","GFR","DEU",2082,35,"0","-","0","0","0"
1,"q5rX4C",1,3670,2011,203,"Uzbekistan","UZB","UZB",72,"Germany","GFR","DEU",2191,43,"0","-","0","0","0"
1,"q5rX4C",1,3671,2012,203,"Uzbekistan","UZB","UZB",72,"Germany","GFR","DEU",2200,59,"0","-","0","0","0"
1,"q5rX4C",1,3672,2013,203,"Uzbekistan","UZB","UZB",72,"Germany","GFR","DEU",88,56,"0","-","0","0","0"
1,"q5rX4C",1,3673,2014,203,"Uzbekistan","UZB","UZB",72,"Germany","GFR","DEU",85,52,"0","-","0","0","0"
1,"q5rX4C",1,3674,2015,203,"Uzbekistan","UZB","UZB",72,"Germany","GFR","DEU",78,47,"0","-","0","0","0"
1,"q5rX4C",1,3675,2016,203,"Uzbekistan","UZB","UZB",72,"Germany","GFR","DEU",80,125,"0","-","0","0","0"
1,"q5rX4C",1,3676,2017,203,"Uzbekistan","UZB","UZB",72,"Germany","GFR","DEU",101,132,"0","-","0","0","0"
1,"q5rX4C",1,3677,2018,203,"Uzbekistan","UZB","UZB",72,"Germany","GFR","DEU",107,124,"0","-","0","0","0"
1,"q5rX4C",1,3678,2019,203,"Uzbekistan","UZB","UZB",72,"Germany","GFR","DEU",123,129,"0","-","0","0","0"
1,"q5rX4C",1,3679,2020,203,"Uzbekistan","UZB","UZB",72,"Germany","GFR","DEU",139,85,"0","-","0","0","0"
1,"q5rX4C",1,3680,2021,203,"Uzbekistan","UZB","UZB",72,"Germany","GFR","DEU",154,69,"0","-","0","0","0"
1,"q5rX4C",1,3681,2022,203,"Uzbekistan","UZB","UZB",72,"Germany","GFR","DEU",814,108,"0","-","0","0","0"
1,"q5rX4C",1,3682,2023,203,"Uzbekistan","UZB","UZB",72,"Germany","GFR","DEU",936,133,"0","-","0","0","0"
1,"q5rX4C",1,3683,2024,203,"Uzbekistan","UZB","UZB",72,"Germany","GFR","DEU",1047,137,"0","-","0","0","0"
1,"q5rX4C",1,3684,2025,203,"Uzbekistan","UZB","UZB",72,"Germany","GFR","DEU",1046,127,"0","-","0","0","0"
1,"q5rX4C",1,3685,2016,206,"Saint Vincent and the Grenadines","VCT","VCT",72,"Germany","GFR","DEU",5,"0","0","-","0","0","0"
1,"q5rX4C",1,3686,2017,206,"Saint Vincent and the Grenadines","VCT","VCT",72,"Germany","GFR","DEU",5,"0","0","-","0","0","0"
1,"q5rX4C",1,3687,2018,206,"Saint Vincent and the Grenadines","VCT","VCT",72,"Germany","GFR","DEU",5,"0","0","-","0","0","0"
1,"q5rX4C",1,3688,2019,206,"Saint Vincent and the Grenadines","VCT","VCT",72,"Germany","GFR","DEU",5,"0","0","-","0","0","0"
1,"q5rX4C",1,3689,2020,206,"Saint Vincent and the Grenadines","VCT","VCT",72,"Germany","GFR","DEU",5,"0","0","-","0","0","0"
1,"q5rX4C",1,3690,2021,206,"Saint Vincent and the Grenadines","VCT","VCT",72,"Germany","GFR","DEU",5,"0","0","-","0","0","0"
1,"q5rX4C",1,3691,2022,206,"Saint Vincent and the Grenadines","VCT","VCT",72,"Germany","GFR","DEU",5,"0","0","-","0","0","0"
1,"q5rX4C",1,3692,2023,206,"Saint Vincent and the Grenadines","VCT","VCT",72,"Germany","GFR","DEU",5,"0","0","-","0","0","0"
1,"q5rX4C",1,3693,2024,206,"Saint Vincent and the Grenadines","VCT","VCT",72,"Germany","GFR","DEU",5,"0","0","-","0","0","0"
1,"q5rX4C",1,3694,2002,207,"Venezuela (Bolivarian Republic of)","VEN","VEN",72,"Germany","GFR","DEU",24,"0","0","-","0","0","0"
1,"q5rX4C",1,3695,2003,207,"Venezuela (Bolivarian Republic of)","VEN","VEN",72,"Germany","GFR","DEU",31,"0","0","-","0","0","0"
1,"q5rX4C",1,3696,2004,207,"Venezuela (Bolivarian Republic of)","VEN","VEN",72,"Germany","GFR","DEU",29,"0","0","-","0","0","0"
1,"q5rX4C",1,3697,2005,207,"Venezuela (Bolivarian Republic of)","VEN","VEN",72,"Germany","GFR","DEU",6,"0","0","-","0","0","0"
1,"q5rX4C",1,3698,2006,207,"Venezuela (Bolivarian Republic of)","VEN","VEN",72,"Germany","GFR","DEU",134,5,"0","-","0","0","0"
1,"q5rX4C",1,3699,2007,207,"Venezuela (Bolivarian Republic of)","VEN","VEN",72,"Germany","GFR","DEU",95,5,"0","-","0","0","0"
1,"q5rX4C",1,3700,2008,207,"Venezuela (Bolivarian Republic of)","VEN","VEN",72,"Germany","GFR","DEU",86,5,"0","-","0","0","0"
1,"q5rX4C",1,3701,2009,207,"Venezuela (Bolivarian Republic of)","VEN","VEN",72,"Germany","GFR","DEU",35,5,"0","-","0","0","0"
1,"q5rX4C",1,3702,2010,207,"Venezuela (Bolivarian Republic of)","VEN","VEN",72,"Germany","GFR","DEU",24,10,"0","-","0","0","0"
1,"q5rX4C",1,3703,2011,207,"Venezuela (Bolivarian Republic of)","VEN","VEN",72,"Germany","GFR","DEU",24,5,"0","-","0","0","0"
1,"q5rX4C",1,3704,2012,207,"Venezuela (Bolivarian Republic of)","VEN","VEN",72,"Germany","GFR","DEU",30,10,"0","-","0","0","0"
1,"q5rX4C",1,3705,2013,207,"Venezuela (Bolivarian Republic of)","VEN","VEN",72,"Germany","GFR","DEU",5,13,"0","-","0","0","0"
1,"q5rX4C",1,3706,2014,207,"Venezuela (Bolivarian Republic of)","VEN","VEN",72,"Germany","GFR","DEU",5,18,"0","-","0","0","0"
1,"q5rX4C",1,3707,2015,207,"Venezuela (Bolivarian Republic of)","VEN","VEN",72,"Germany","GFR","DEU",6,37,"0","-","0","0","0"
1,"q5rX4C",1,3708,2016,207,"Venezuela (Bolivarian Republic of)","VEN","VEN",72,"Germany","GFR","DEU",16,103,"0","-","0","0","0"
1,"q5rX4C",1,3709,2017,207,"Venezuela (Bolivarian Republic of)","VEN","VEN",72,"Germany","GFR","DEU",80,207,"0","-","0","0","0"
1,"q5rX4C",1,3710,2018,207,"Venezuela (Bolivarian Republic of)","VEN","VEN",72,"Germany","GFR","DEU",183,468,"0","-","0","0","0"
1,"q5rX4C",1,3711,2019,207,"Venezuela (Bolivarian Republic of)","VEN","VEN",72,"Germany","GFR","DEU",320,923,"0","-","0","0","0"
1,"q5rX4C",1,3712,2020,207,"Venezuela (Bolivarian Republic of)","VEN","VEN",72,"Germany","GFR","DEU",757,748,"0","-","0","0","0"
1,"q5rX4C",1,3713,2021,207,"Venezuela (Bolivarian Republic of)","VEN","VEN",72,"Germany","GFR","DEU",1113,728,"0","-","0","0","0"
1,"q5rX4C",1,3714,2022,207,"Venezuela (Bolivarian Republic of)","VEN","VEN",72,"Germany","GFR","DEU",1221,1952,"0","-","0","0","0"
1,"q5rX4C",1,3715,2023,207,"Venezuela (Bolivarian Republic of)","VEN","VEN",72,"Germany","GFR","DEU",1968,4710,"0","-","0","0","0"
1,"q5rX4C",1,3716,2024,207,"Venezuela (Bolivarian Republic of)","VEN","VEN",72,"Germany","GFR","DEU",2741,5639,"0","-","0","0","0"
1,"q5rX4C",1,3717,2025,207,"Venezuela (Bolivarian Republic of)","VEN","VEN",72,"Germany","GFR","DEU",3098,5506,"0","-","0","0","0"
1,"q5rX4C",1,3718,2008,208,"Samoa","WES","WSM",72,"Germany","GFR","DEU",5,"0","0","-","0","0","0"
1,"q5rX4C",1,3719,2000,211,"Yemen","YEM","YEM",72,"Germany","GFR","DEU","0",35,"0","-","0","0","0"
1,"q5rX4C",1,3720,2001,211,"Yemen","YEM","YEM",72,"Germany","GFR","DEU","0",69,"0","-","0","0","0"
1,"q5rX4C",1,3721,2002,211,"Yemen","YEM","YEM",72,"Germany","GFR","DEU",358,28,"0","-","0","0","0"
1,"q5rX4C",1,3722,2003,211,"Yemen","YEM","YEM",72,"Germany","GFR","DEU",494,23,"0","-","0","0","0"
1,"q5rX4C",1,3723,2004,211,"Yemen","YEM","YEM",72,"Germany","GFR","DEU",542,18,"0","-","0","0","0"
1,"q5rX4C",1,3724,2005,211,"Yemen","YEM","YEM",72,"Germany","GFR","DEU",296,126,"0","-","0","0","0"
1,"q5rX4C",1,3725,2006,211,"Yemen","YEM","YEM",72,"Germany","GFR","DEU",161,88,"0","-","0","0","0"
1,"q5rX4C",1,3726,2007,211,"Yemen","YEM","YEM",72,"Germany","GFR","DEU",242,43,"0","-","0","0","0"
1,"q5rX4C",1,3727,2008,211,"Yemen","YEM","YEM",72,"Germany","GFR","DEU",358,37,"0","-","0","0","0"
1,"q5rX4C",1,3728,2009,211,"Yemen","YEM","YEM",72,"Germany","GFR","DEU",396,56,"0","-","0","0","0"
1,"q5rX4C",1,3729,2010,211,"Yemen","YEM","YEM",72,"Germany","GFR","DEU",408,50,"0","-","0","0","0"
1,"q5rX4C",1,3730,2011,211,"Yemen","YEM","YEM",72,"Germany","GFR","DEU",402,67,"0","-","0","0","0"
1,"q5rX4C",1,3731,2012,211,"Yemen","YEM","YEM",72,"Germany","GFR","DEU",481,69,"0","-","0","0","0"
1,"q5rX4C",1,3732,2013,211,"Yemen","YEM","YEM",72,"Germany","GFR","DEU",112,155,"0","-","0","0","0"
1,"q5rX4C",1,3733,2014,211,"Yemen","YEM","YEM",72,"Germany","GFR","DEU",109,266,"0","-","0","0","0"
1,"q5rX4C",1,3734,2015,211,"Yemen","YEM","YEM",72,"Germany","GFR","DEU",140,538,"0","-","0","0","0"
1,"q5rX4C",1,3735,2016,211,"Yemen","YEM","YEM",72,"Germany","GFR","DEU",291,787,"0","-","0","0","0"
1,"q5rX4C",1,3736,2017,211,"Yemen","YEM","YEM",72,"Germany","GFR","DEU",1171,682,"0","-","0","0","0"
1,"q5rX4C",1,3737,2018,211,"Yemen","YEM","YEM",72,"Germany","GFR","DEU",1809,873,"0","-","0","0","0"
1,"q5rX4C",1,3738,2019,211,"Yemen","YEM","YEM",72,"Germany","GFR","DEU",2629,890,"0","-","0","0","0"
1,"q5rX4C",1,3739,2020,211,"Yemen","YEM","YEM",72,"Germany","GFR","DEU",3039,840,"0","-","0","0","0"
1,"q5rX4C",1,3740,2021,211,"Yemen","YEM","YEM",72,"Germany","GFR","DEU",3082,1173,"0","-","0","0","0"
1,"q5rX4C",1,3741,2022,211,"Yemen","YEM","YEM",72,"Germany","GFR","DEU",3757,1172,"0","-","0","0","0"
1,"q5rX4C",1,3742,2023,211,"Yemen","YEM","YEM",72,"Germany","GFR","DEU",4794,2077,"0","-","0","0","0"
1,"q5rX4C",1,3743,2024,211,"Yemen","YEM","YEM",72,"Germany","GFR","DEU",5043,2194,"0","-","0","0","0"
1,"q5rX4C",1,3744,2025,211,"Yemen","YEM","YEM",72,"Germany","GFR","DEU",5110,1580,"0","-","0","0","0"
1,"q5rX4C",1,3745,2002,213,"Zambia","ZAM","ZMB",72,"Germany","GFR","DEU",11,"0","0","-","0","0","0"
1,"q5rX4C",1,3746,2003,213,"Zambia","ZAM","ZMB",72,"Germany","GFR","DEU",11,"0","0","-","0","0","0"
1,"q5rX4C",1,3747,2004,213,"Zambia","ZAM","ZMB",72,"Germany","GFR","DEU",13,"0","0","-","0","0","0"
1,"q5rX4C",1,3748,2005,213,"Zambia","ZAM","ZMB",72,"Germany","GFR","DEU",9,"0","0","-","0","0","0"
1,"q5rX4C",1,3749,2006,213,"Zambia","ZAM","ZMB",72,"Germany","GFR","DEU",22,"0","0","-","0","0","0"
1,"q5rX4C",1,3750,2007,213,"Zambia","ZAM","ZMB",72,"Germany","GFR","DEU",18,"0","0","-","0","0","0"
1,"q5rX4C",1,3751,2008,213,"Zambia","ZAM","ZMB",72,"Germany","GFR","DEU",17,"0","0","-","0","0","0"
1,"q5rX4C",1,3752,2009,213,"Zambia","ZAM","ZMB",72,"Germany","GFR","DEU",12,"0","0","-","0","0","0"
1,"q5rX4C",1,3753,2010,213,"Zambia","ZAM","ZMB",72,"Germany","GFR","DEU",14,"0","0","-","0","0","0"
1,"q5rX4C",1,3754,2011,213,"Zambia","ZAM","ZMB",72,"Germany","GFR","DEU",13,"0","0","-","0","0","0"
1,"q5rX4C",1,3755,2012,213,"Zambia","ZAM","ZMB",72,"Germany","GFR","DEU",16,"0","0","-","0","0","0"
1,"q5rX4C",1,3756,2013,213,"Zambia","ZAM","ZMB",72,"Germany","GFR","DEU",5,"0","0","-","0","0","0"
1,"q5rX4C",1,3757,2014,213,"Zambia","ZAM","ZMB",72,"Germany","GFR","DEU",6,10,"0","-","0","0","0"
1,"q5rX4C",1,3758,2015,213,"Zambia","ZAM","ZMB",72,"Germany","GFR","DEU",6,5,"0","-","0","0","0"
1,"q5rX4C",1,3759,2016,213,"Zambia","ZAM","ZMB",72,"Germany","GFR","DEU",5,10,"0","-","0","0","0"
1,"q5rX4C",1,3760,2017,213,"Zambia","ZAM","ZMB",72,"Germany","GFR","DEU",7,14,"0","-","0","0","0"
1,"q5rX4C",1,3761,2018,213,"Zambia","ZAM","ZMB",72,"Germany","GFR","DEU",8,12,"0","-","0","0","0"
1,"q5rX4C",1,3762,2019,213,"Zambia","ZAM","ZMB",72,"Germany","GFR","DEU",6,16,"0","-","0","0","0"
1,"q5rX4C",1,3763,2020,213,"Zambia","ZAM","ZMB",72,"Germany","GFR","DEU",5,8,"0","-","0","0","0"
1,"q5rX4C",1,3764,2021,213,"Zambia","ZAM","ZMB",72,"Germany","GFR","DEU",5,9,"0","-","0","0","0"
1,"q5rX4C",1,3765,2022,213,"Zambia","ZAM","ZMB",72,"Germany","GFR","DEU",15,5,"0","-","0","0","0"
1,"q5rX4C",1,3766,2023,213,"Zambia","ZAM","ZMB",72,"Germany","GFR","DEU",22,11,"0","-","0","0","0"
1,"q5rX4C",1,3767,2024,213,"Zambia","ZAM","ZMB",72,"Germany","GFR","DEU",32,12,"0","-","0","0","0"
1,"q5rX4C",1,3768,2025,213,"Zambia","ZAM","ZMB",72,"Germany","GFR","DEU",35,19,"0","-","0","0","0"
1,"q5rX4C",1,3769,2002,214,"Zimbabwe","ZIM","ZWE",72,"Germany","GFR","DEU",27,19,"0","-","0","0","0"
1,"q5rX4C",1,3770,2003,214,"Zimbabwe","ZIM","ZWE",72,"Germany","GFR","DEU",38,47,"0","-","0","0","0"
1,"q5rX4C",1,3771,2004,214,"Zimbabwe","ZIM","ZWE",72,"Germany","GFR","DEU",58,88,"0","-","0","0","0"
1,"q5rX4C",1,3772,2005,214,"Zimbabwe","ZIM","ZWE",72,"Germany","GFR","DEU",28,120,"0","-","0","0","0"
1,"q5rX4C",1,3773,2006,214,"Zimbabwe","ZIM","ZWE",72,"Germany","GFR","DEU",37,59,"0","-","0","0","0"
1,"q5rX4C",1,3774,2007,214,"Zimbabwe","ZIM","ZWE",72,"Germany","GFR","DEU",36,20,"0","-","0","0","0"
1,"q5rX4C",1,3775,2008,214,"Zimbabwe","ZIM","ZWE",72,"Germany","GFR","DEU",42,67,"0","-","0","0","0"
1,"q5rX4C",1,3776,2009,214,"Zimbabwe","ZIM","ZWE",72,"Germany","GFR","DEU",42,71,"0","-","0","0","0"
1,"q5rX4C",1,3777,2010,214,"Zimbabwe","ZIM","ZWE",72,"Germany","GFR","DEU",56,61,"0","-","0","0","0"
1,"q5rX4C",1,3778,2011,214,"Zimbabwe","ZIM","ZWE",72,"Germany","GFR","DEU",56,45,"0","-","0","0","0"
1,"q5rX4C",1,3779,2012,214,"Zimbabwe","ZIM","ZWE",72,"Germany","GFR","DEU",59,37,"0","-","0","0","0"
1,"q5rX4C",1,3780,2013,214,"Zimbabwe","ZIM","ZWE",72,"Germany","GFR","DEU",48,41,"0","-","0","0","0"
1,"q5rX4C",1,3781,2014,214,"Zimbabwe","ZIM","ZWE",72,"Germany","GFR","DEU",47,38,"0","-","0","0","0"
1,"q5rX4C",1,3782,2015,214,"Zimbabwe","ZIM","ZWE",72,"Germany","GFR","DEU",46,35,"0","-","0","0","0"
1,"q5rX4C",1,3783,2016,214,"Zimbabwe","ZIM","ZWE",72,"Germany","GFR","DEU",52,240,"0","-","0","0","0"
1,"q5rX4C",1,3784,2017,214,"Zimbabwe","ZIM","ZWE",72,"Germany","GFR","DEU",154,267,"0","-","0","0","0"
1,"q5rX4C",1,3785,2018,214,"Zimbabwe","ZIM","ZWE",72,"Germany","GFR","DEU",204,288,"0","-","0","0","0"
1,"q5rX4C",1,3786,2019,214,"Zimbabwe","ZIM","ZWE",72,"Germany","GFR","DEU",238,298,"0","-","0","0","0"
1,"q5rX4C",1,3787,2020,214,"Zimbabwe","ZIM","ZWE",72,"Germany","GFR","DEU",282,254,"0","-","0","0","0"
1,"q5rX4C",1,3788,2021,214,"Zimbabwe","ZIM","ZWE",72,"Germany","GFR","DEU",312,211,"0","-","0","0","0"
1,"q5rX4C",1,3789,2022,214,"Zimbabwe","ZIM","ZWE",72,"Germany","GFR","DEU",166,182,"0","-","0","0","0"
1,"q5rX4C",1,3790,2023,214,"Zimbabwe","ZIM","ZWE",72,"Germany","GFR","DEU",364,315,"0","-","0","0","0"
1,"q5rX4C",1,3791,2024,214,"Zimbabwe","ZIM","ZWE",72,"Germany","GFR","DEU",375,388,"0","-","0","0","0"
1,"q5rX4C",1,3792,2025,214,"Zimbabwe","ZIM","ZWE",72,"Germany","GFR","DEU",357,428,"0","-","0","0","0"
1,"q5rX4C",1,3793,1985,216,"Stateless","STA","XXA",72,"Germany","GFR","DEU",42000,"0","0","-","0","0","0"
1,"q5rX4C",1,3794,1986,216,"Stateless","STA","XXA",72,"Germany","GFR","DEU",39300,"0","0","-","0","0","0"
1,"q5rX4C",1,3795,1987,216,"Stateless","STA","XXA",72,"Germany","GFR","DEU",37000,"0","0","-","0","0","0"
1,"q5rX4C",1,3796,1988,216,"Stateless","STA","XXA",72,"Germany","GFR","DEU",36400,"0","0","-","0","0","0"
1,"q5rX4C",1,3797,1989,216,"Stateless","STA","XXA",72,"Germany","GFR","DEU",32700,"0","0","-","0","0","0"
1,"q5rX4C",1,3798,1990,216,"Stateless","STA","XXA",72,"Germany","GFR","DEU",32000,"0","0","-","0","0","0"
1,"q5rX4C",1,3799,1991,216,"Stateless","STA","XXA",72,"Germany","GFR","DEU",28500,"0","0","-","0","0","0"
1,"q5rX4C",1,3800,1992,216,"Stateless","STA","XXA",72,"Germany","GFR","DEU",28000,"0","0","-","0","0","0"
1,"q5rX4C",1,3801,1993,216,"Stateless","STA","XXA",72,"Germany","GFR","DEU",22000,"0","0","-","0","0","0"
1,"q5rX4C",1,3802,1994,216,"Stateless","STA","XXA",72,"Germany","GFR","DEU",20600,"0","0","-","0","0","0"
1,"q5rX4C",1,3803,1995,216,"Stateless","STA","XXA",72,"Germany","GFR","DEU",18800,"0","0","-","0","0","0"
1,"q5rX4C",1,3804,1996,216,"Stateless","STA","XXA",72,"Germany","GFR","DEU",17000,"0","0","-","0","0","0"
1,"q5rX4C",1,3805,1997,216,"Stateless","STA","XXA",72,"Germany","GFR","DEU",16000,"0","0","-","0","0","0"
1,"q5rX4C",1,3806,2000,216,"Stateless","STA","XXA",72,"Germany","GFR","DEU","0",499,"0","-","0","0","0"
1,"q5rX4C",1,3807,2001,216,"Stateless","STA","XXA",72,"Germany","GFR","DEU","0",138,"0","-","0","0","0"
1,"q5rX4C",1,3808,2002,216,"Stateless","STA","XXA",72,"Germany","GFR","DEU",6533,83,"0","-","0","0","0"
1,"q5rX4C",1,3809,2003,216,"Stateless","STA","XXA",72,"Germany","GFR","DEU",6461,48,"0","-","0","0","0"
1,"q5rX4C",1,3810,2004,216,"Stateless","STA","XXA",72,"Germany","GFR","DEU",5848,31,"0","-",10619,"0","0"
1,"q5rX4C",1,3811,2005,216,"Stateless","STA","XXA",72,"Germany","GFR","DEU",4090,196,"0","-",9476,"0","0"
1,"q5rX4C",1,3812,2006,216,"Stateless","STA","XXA",72,"Germany","GFR","DEU",3429,144,"0","-",10013,"0","0"
1,"q5rX4C",1,3813,2007,216,"Stateless","STA","XXA",72,"Germany","GFR","DEU",3717,115,"0","-",9091,"0","0"
1,"q5rX4C",1,3814,2008,216,"Stateless","STA","XXA",72,"Germany","GFR","DEU",4202,106,"0","-",9322,"0","0"
1,"q5rX4C",1,3815,2009,216,"Stateless","STA","XXA",72,"Germany","GFR","DEU",5097,172,"0","-",8226,"0","0"
1,"q5rX4C",1,3816,2010,216,"Stateless","STA","XXA",72,"Germany","GFR","DEU",5103,294,"0","-",7920,"0","0"
1,"q5rX4C",1,3817,2011,216,"Stateless","STA","XXA",72,"Germany","GFR","DEU",5010,391,"0","-",8044,"0","0"
1,"q5rX4C",1,3818,2012,216,"Stateless","STA","XXA",72,"Germany","GFR","DEU",5359,324,"0","-",5683,"0","0"
1,"q5rX4C",1,3819,2013,216,"Stateless","STA","XXA",72,"Germany","GFR","DEU",920,589,"0","-",11709,"0","0"
1,"q5rX4C",1,3820,2014,216,"Stateless","STA","XXA",72,"Germany","GFR","DEU",1559,1173,"0","-",11917,"0","0"
1,"q5rX4C",1,3821,2015,216,"Stateless","STA","XXA",72,"Germany","GFR","DEU",2935,3104,"0","-",12569,"0","0"
1,"q5rX4C",1,3822,2016,216,"Stateless","STA","XXA",72,"Germany","GFR","DEU",6479,3765,"0","-",12017,"0","0"
1,"q5rX4C",1,3823,2017,216,"Stateless","STA","XXA",72,"Germany","GFR","DEU",8574,2616,"0","-",13458,"0","0"
1,"q5rX4C",1,3824,2018,216,"Stateless","STA","XXA",72,"Germany","GFR","DEU",9250,1967,"0","-",14779,"0","0"
1,"q5rX4C",1,3825,2019,216,"Stateless","STA","XXA",72,"Germany","GFR","DEU",10013,1409,"0","-",26369,"0","0"
1,"q5rX4C",1,3826,2020,216,"Stateless","STA","XXA",72,"Germany","GFR","DEU",10661,926,"0","-",26674,"0","0"
1,"q5rX4C",1,3827,2021,216,"Stateless","STA","XXA",72,"Germany","GFR","DEU",11901,841,"0","-",27939,"0","0"
1,"q5rX4C",1,3828,2022,216,"Stateless","STA","XXA",72,"Germany","GFR","DEU",9162,530,"0","-",29455,"0","0"
1,"q5rX4C",1,3829,2023,216,"Stateless","STA","XXA",72,"Germany","GFR","DEU",13757,540,"0","-",28964,"0","0"
1,"q5rX4C",1,3830,2024,216,"Stateless","STA","XXA",72,"Germany","GFR","DEU",13455,453,"0","-",28813,"0","0"
1,"q5rX4C",1,3831,2025,216,"Stateless","STA","XXA",72,"Germany","GFR","DEU",13155,359,"0","-",28132,"0","0"
1,"q5rX4C",1,3832,1951,262,"Unknown ","UKN","UNK",72,"Germany","GFR","DEU",265000,"0","0","-","0","0","0"
1,"q5rX4C",1,3833,1952,262,"Unknown ","UKN","UNK",72,"Germany","GFR","DEU",240000,"0","0","-","0","0","0"
1,"q5rX4C",1,3834,1953,262,"Unknown ","UKN","UNK",72,"Germany","GFR","DEU",228000,"0","0","-","0","0","0"
1,"q5rX4C",1,3835,1954,262,"Unknown ","UKN","UNK",72,"Germany","GFR","DEU",225000,"0","0","-","0","0","0"
1,"q5rX4C",1,3836,1955,262,"Unknown ","UKN","UNK",72,"Germany","GFR","DEU",219000,"0","0","-","0","0","0"
1,"q5rX4C",1,3837,1956,262,"Unknown ","UKN","UNK",72,"Germany","GFR","DEU",221000,"0","0","-","0","0","0"
1,"q5rX4C",1,3838,1957,262,"Unknown ","UKN","UNK",72,"Germany","GFR","DEU",217000,"0","0","-","0","0","0"
1,"q5rX4C",1,3839,1958,262,"Unknown ","UKN","UNK",72,"Germany","GFR","DEU",212000,"0","0","-","0","0","0"
1,"q5rX4C",1,3840,1959,262,"Unknown ","UKN","UNK",72,"Germany","GFR","DEU",205000,"0","0","-","0","0","0"
1,"q5rX4C",1,3841,1960,262,"Unknown ","UKN","UNK",72,"Germany","GFR","DEU",197000,"0","0","-","0","0","0"
1,"q5rX4C",1,3842,1961,262,"Unknown ","UKN","UNK",72,"Germany","GFR","DEU",190000,"0","0","-","0","0","0"
1,"q5rX4C",1,3843,1962,262,"Unknown ","UKN","UNK",72,"Germany","GFR","DEU",185000,"0","0","-","0","0","0"
1,"q5rX4C",1,3844,1963,262,"Unknown ","UKN","UNK",72,"Germany","GFR","DEU",182000,"0","0","-","0","0","0"
1,"q5rX4C",1,3845,1964,262,"Unknown ","UKN","UNK",72,"Germany","GFR","DEU",180000,"0","0","-","0","0","0"
1,"q5rX4C",1,3846,1965,262,"Unknown ","UKN","UNK",72,"Germany","GFR","DEU",180000,"0","0","-","0","0","0"
1,"q5rX4C",1,3847,1966,262,"Unknown ","UKN","UNK",72,"Germany","GFR","DEU",140000,"0","0","-","0","0","0"
1,"q5rX4C",1,3848,1967,262,"Unknown ","UKN","UNK",72,"Germany","GFR","DEU",112000,"0","0","-","0","0","0"
1,"q5rX4C",1,3849,1968,262,"Unknown ","UKN","UNK",72,"Germany","GFR","DEU",110000,"0","0","-","0","0","0"
1,"q5rX4C",1,3850,1969,262,"Unknown ","UKN","UNK",72,"Germany","GFR","DEU",113000,"0","0","-","0","0","0"
1,"q5rX4C",1,3851,1970,262,"Unknown ","UKN","UNK",72,"Germany","GFR","DEU",115000,"0","0","-","0","0","0"
1,"q5rX4C",1,3852,1971,262,"Unknown ","UKN","UNK",72,"Germany","GFR","DEU",125000,"0","0","-","0","0","0"
1,"q5rX4C",1,3853,1972,262,"Unknown ","UKN","UNK",72,"Germany","GFR","DEU",125000,"0","0","-","0","0","0"
1,"q5rX4C",1,3854,1973,262,"Unknown ","UKN","UNK",72,"Germany","GFR","DEU",125000,"0","0","-","0","0","0"
1,"q5rX4C",1,3855,1974,262,"Unknown ","UKN","UNK",72,"Germany","GFR","DEU",123000,"0","0","-","0","0","0"
1,"q5rX4C",1,3856,1975,262,"Unknown ","UKN","UNK",72,"Germany","GFR","DEU",122000,"0","0","-","0","0","0"
1,"q5rX4C",1,3857,1976,262,"Unknown ","UKN","UNK",72,"Germany","GFR","DEU",122000,"0","0","-","0","0","0"
1,"q5rX4C",1,3858,1977,262,"Unknown ","UKN","UNK",72,"Germany","GFR","DEU",120000,"0","0","-","0","0","0"
1,"q5rX4C",1,3859,1978,262,"Unknown ","UKN","UNK",72,"Germany","GFR","DEU",83500,"0","0","-","0","0","0"
1,"q5rX4C",1,3860,1979,262,"Unknown ","UKN","UNK",72,"Germany","GFR","DEU",87000,"0","0","-","0","0","0"
1,"q5rX4C",1,3861,1980,262,"Unknown ","UKN","UNK",72,"Germany","GFR","DEU",94000,"0","0","-","0","0","0"
1,"q5rX4C",1,3862,1981,262,"Unknown ","UKN","UNK",72,"Germany","GFR","DEU",100000,"0","0","-","0","0","0"
1,"q5rX4C",1,3863,1982,262,"Unknown ","UKN","UNK",72,"Germany","GFR","DEU",100000,"0","0","-","0","0","0"
1,"q5rX4C",1,3864,1983,262,"Unknown ","UKN","UNK",72,"Germany","GFR","DEU",115000,"0","0","-","0","0","0"
1,"q5rX4C",1,3865,1984,262,"Unknown ","UKN","UNK",72,"Germany","GFR","DEU",126600,"0","0","-","0","0","0"
1,"q5rX4C",1,3866,1985,262,"Unknown ","UKN","UNK",72,"Germany","GFR","DEU",433000,"0","0","-","0","0","0"
1,"q5rX4C",1,3867,1986,262,"Unknown ","UKN","UNK",72,"Germany","GFR","DEU",508600,"0","0","-","0","0","0"
1,"q5rX4C",1,3868,1987,262,"Unknown ","UKN","UNK",72,"Germany","GFR","DEU",559200,"0","0","-","0","0","0"
1,"q5rX4C",1,3869,1988,262,"Unknown ","UKN","UNK",72,"Germany","GFR","DEU",573800,"0","0","-","0","0","0"
1,"q5rX4C",1,3870,1989,262,"Unknown ","UKN","UNK",72,"Germany","GFR","DEU",595800,"0","0","-","0","0","0"
1,"q5rX4C",1,3871,1990,262,"Unknown ","UKN","UNK",72,"Germany","GFR","DEU",784000,"0","0","-","0","0","0"
1,"q5rX4C",1,3872,1991,262,"Unknown ","UKN","UNK",72,"Germany","GFR","DEU",793000,"0","0","-","0","0","0"
1,"q5rX4C",1,3873,1992,262,"Unknown ","UKN","UNK",72,"Germany","GFR","DEU",1208000,"0","0","-","0","0","0"
1,"q5rX4C",1,3874,1993,262,"Unknown ","UKN","UNK",72,"Germany","GFR","DEU",1396000,"0","0","-","0","0","0"
1,"q5rX4C",1,3875,1994,262,"Unknown ","UKN","UNK",72,"Germany","GFR","DEU",984000,"0","0","-","0","0","0"
1,"q5rX4C",1,3876,1995,262,"Unknown ","UKN","UNK",72,"Germany","GFR","DEU",929100,"0","0","-","0","0","0"
1,"q5rX4C",1,3877,1996,262,"Unknown ","UKN","UNK",72,"Germany","GFR","DEU",919000,"0","0","-","0","0","0"
1,"q5rX4C",1,3878,1997,262,"Unknown ","UKN","UNK",72,"Germany","GFR","DEU",788000,"0","0","-","0","0","0"
1,"q5rX4C",1,3879,1998,262,"Unknown ","UKN","UNK",72,"Germany","GFR","DEU",849200,"0","0","-","0","0","0"
1,"q5rX4C",1,3880,1999,262,"Unknown ","UKN","UNK",72,"Germany","GFR","DEU",925500,"0","0","-","0","0","0"
1,"q5rX4C",1,3881,2000,262,"Unknown ","UKN","UNK",72,"Germany","GFR","DEU",876000,460,"0","-","0","0","0"
1,"q5rX4C",1,3882,2001,262,"Unknown ","UKN","UNK",72,"Germany","GFR","DEU",879000,1198,"0","-","0","0","0"
1,"q5rX4C",1,3883,2002,262,"Unknown ","UKN","UNK",72,"Germany","GFR","DEU",94944,115374,"0","-","0","0","0"
1,"q5rX4C",1,3884,2003,262,"Unknown ","UKN","UNK",72,"Germany","GFR","DEU",104531,103547,"0","-","0","0","0"
1,"q5rX4C",1,3885,2004,262,"Unknown ","UKN","UNK",72,"Germany","GFR","DEU",110857,72183,"0","-","0","0","0"
1,"q5rX4C",1,3886,2005,262,"Unknown ","UKN","UNK",72,"Germany","GFR","DEU",14088,2726,"0","-","0","0","0"
1,"q5rX4C",1,3887,2006,262,"Unknown ","UKN","UNK",72,"Germany","GFR","DEU",72847,1858,"0","-","0","0","0"
1,"q5rX4C",1,3888,2007,262,"Unknown ","UKN","UNK",72,"Germany","GFR","DEU",20690,1251,"0","-","0","0","0"
1,"q5rX4C",1,3889,2008,262,"Unknown ","UKN","UNK",72,"Germany","GFR","DEU",13112,1154,"0","-","0","0",1605
1,"q5rX4C",1,3890,2009,262,"Unknown ","UKN","UNK",72,"Germany","GFR","DEU",14447,1382,"0","-","0","0","0"
1,"q5rX4C",1,3891,2010,262,"Unknown ","UKN","UNK",72,"Germany","GFR","DEU",14432,1576,"0","-","0","0","0"
1,"q5rX4C",1,3892,2011,262,"Unknown ","UKN","UNK",72,"Germany","GFR","DEU",12934,1697,"0","-","0","0","0"
1,"q5rX4C",1,3893,2012,262,"Unknown ","UKN","UNK",72,"Germany","GFR","DEU",13338,1560,"0","-","0","0","0"
1,"q5rX4C",1,3894,2013,262,"Unknown ","UKN","UNK",72,"Germany","GFR","DEU",4523,2981,"0","-","0","0","0"
1,"q5rX4C",1,3895,2014,262,"Unknown ","UKN","UNK",72,"Germany","GFR","DEU",4526,5011,"0","-","0","0","0"
1,"q5rX4C",1,3896,2015,262,"Unknown ","UKN","UNK",72,"Germany","GFR","DEU",9089,15048,"0","-","0","0","0"
1,"q5rX4C",1,3897,2016,262,"Unknown ","UKN","UNK",72,"Germany","GFR","DEU",20910,18117,"0","-","0","0","0"
1,"q5rX4C",1,3898,2017,262,"Unknown ","UKN","UNK",72,"Germany","GFR","DEU",28278,11614,"0","-","0","0","0"
1,"q5rX4C",1,3899,2018,262,"Unknown ","UKN","UNK",72,"Germany","GFR","DEU",31203,9264,"0","-","0","0","0"
1,"q5rX4C",1,3900,2019,262,"Unknown ","UKN","UNK",72,"Germany","GFR","DEU",34397,7379,"0","-","0","0","0"
1,"q5rX4C",1,3901,2020,262,"Unknown ","UKN","UNK",72,"Germany","GFR","DEU",35285,6252,"0","-","0","0","0"
1,"q5rX4C",1,3902,2021,262,"Unknown ","UKN","UNK",72,"Germany","GFR","DEU",37702,6777,"0","-","0","0","0"
1,"q5rX4C",1,3903,2022,262,"Unknown ","UKN","UNK",72,"Germany","GFR","DEU",27539,5796,"0","-","0","0","0"
1,"q5rX4C",1,3904,2023,262,"Unknown ","UKN","UNK",72,"Germany","GFR","DEU",38438,5418,"0","-","0","0","0"
1,"q5rX4C",1,3905,2024,262,"Unknown ","UKN","UNK",72,"Germany","GFR","DEU",36583,6770,"0","-","0","0","0"
1,"q5rX4C",1,3906,2025,262,"Unknown ","UKN","UNK",72,"Germany","GFR","DEU",35455,6151,"0","-","0","0","0"
