"page","short-url","maxPages","items","year","coo_id","coo_name","coo","coo_iso","coa_id","coa_name","coa","coa_iso","refugees","asylum_seekers","returned_refugees","idps","returned_idps","stateless","ooc","oip","hst"
1,"lR2oMJ",1,1,1993,2,"Afghanistan","AFG","AFG",85,"Hungary","HUN","HUN",15,"0","0","0","0","0","0","-","0"
1,"lR2oMJ",1,2,1994,2,"Afghanistan","AFG","AFG",85,"Hungary","HUN","HUN",30,"0","0","0","0","0","0","-","0"
1,"lR2oMJ",1,3,1999,2,"Afghanistan","AFG","AFG",85,"Hungary","HUN","HUN",601,"0","0","0","0","0","0","-","0"
1,"lR2oMJ",1,4,2000,2,"Afghanistan","AFG","AFG",85,"Hungary","HUN","HUN",694,448,"0","0","0","0","0","-","0"
1,"lR2oMJ",1,5,2001,2,"Afghanistan","AFG","AFG",85,"Hungary","HUN","HUN",581,1105,"0","0","0","0","0","-","0"
1,"lR2oMJ",1,6,2002,2,"Afghanistan","AFG","AFG",85,"Hungary","HUN","HUN",1319,252,"0","0","0","0","0","-","0"
1,"lR2oMJ",1,7,2003,2,"Afghanistan","AFG","AFG",85,"Hungary","HUN","HUN",1705,86,"0","0","0","0","0","-","0"
1,"lR2oMJ",1,8,2004,2,"Afghanistan","AFG","AFG",85,"Hungary","HUN","HUN",2497,5,"0","0","0","0","0","-","0"
1,"lR2oMJ",1,9,2005,2,"Afghanistan","AFG","AFG",85,"Hungary","HUN","HUN",2376,9,"0","0","0","0","0","-","0"
1,"lR2oMJ",1,10,2006,2,"Afghanistan","AFG","AFG",85,"Hungary","HUN","HUN",2357,5,"0","0","0","0","0","-","0"
1,"lR2oMJ",1,11,2007,2,"Afghanistan","AFG","AFG",85,"Hungary","HUN","HUN",2293,19,5,"0","0","0","0","-","0"
1,"lR2oMJ",1,12,2008,2,"Afghanistan","AFG","AFG",85,"Hungary","HUN","HUN",2110,54,"0","0","0","0","0","-","0"
1,"lR2oMJ",1,13,2009,2,"Afghanistan","AFG","AFG",85,"Hungary","HUN","HUN",1907,198,"0","0","0","0","0","-","0"
1,"lR2oMJ",1,14,2010,2,"Afghanistan","AFG","AFG",85,"Hungary","HUN","HUN",1767,54,"0","0","0","0","0","-","0"
1,"lR2oMJ",1,15,2011,2,"Afghanistan","AFG","AFG",85,"Hungary","HUN","HUN",1697,"0","0","0","0","0","0","-","0"
1,"lR2oMJ",1,16,2012,2,"Afghanistan","AFG","AFG",85,"Hungary","HUN","HUN",1131,"0","0","0","0","0","0","-","0"
1,"lR2oMJ",1,17,2013,2,"Afghanistan","AFG","AFG",85,"Hungary","HUN","HUN",749,697,"0","0","0","0","0","-","0"
1,"lR2oMJ",1,18,2014,2,"Afghanistan","AFG","AFG",85,"Hungary","HUN","HUN",819,2623,"0","0","0","0","0","-","0"
1,"lR2oMJ",1,19,2015,2,"Afghanistan","AFG","AFG",85,"Hungary","HUN","HUN",942,8469,"0","0","0","0","0","-","0"
1,"lR2oMJ",1,20,2016,2,"Afghanistan","AFG","AFG",85,"Hungary","HUN","HUN",1008,1392,"0","0","0","0","0","-","0"
1,"lR2oMJ",1,21,2017,2,"Afghanistan","AFG","AFG",85,"Hungary","HUN","HUN",1412,241,"0","0","0","0","0","-","0"
1,"lR2oMJ",1,22,2018,2,"Afghanistan","AFG","AFG",85,"Hungary","HUN","HUN",1552,68,"0","0","0","0","0","-","0"
1,"lR2oMJ",1,23,2019,2,"Afghanistan","AFG","AFG",85,"Hungary","HUN","HUN",1487,92,"0","0","0","0","0","-","0"
1,"lR2oMJ",1,24,2020,2,"Afghanistan","AFG","AFG",85,"Hungary","HUN","HUN",1503,17,"0","0","0","0","0","-","0"
1,"lR2oMJ",1,25,2021,2,"Afghanistan","AFG","AFG",85,"Hungary","HUN","HUN",1467,"0","0","0","0","0","0","-","0"
1,"lR2oMJ",1,26,2022,2,"Afghanistan","AFG","AFG",85,"Hungary","HUN","HUN",1452,5,"0","0","0","0","0","-","0"
1,"lR2oMJ",1,27,2023,2,"Afghanistan","AFG","AFG",85,"Hungary","HUN","HUN",1443,"0","0","0","0","0","0","-","0"
1,"lR2oMJ",1,28,2024,2,"Afghanistan","AFG","AFG",85,"Hungary","HUN","HUN",1437,"0","0","0","0","0","0","-","0"
1,"lR2oMJ",1,29,2025,2,"Afghanistan","AFG","AFG",85,"Hungary","HUN","HUN",1386,5,"0","0","0","0","0","-","0"
1,"lR2oMJ",1,30,1990,3,"Albania","ALB","ALB",85,"Hungary","HUN","HUN",180,"0","0","0","0","0","0","-","0"
1,"lR2oMJ",1,31,1999,3,"Albania","ALB","ALB",85,"Hungary","HUN","HUN",9,"0","0","0","0","0","0","-","0"
1,"lR2oMJ",1,32,2000,3,"Albania","ALB","ALB",85,"Hungary","HUN","HUN",9,"0","0","0","0","0","0","-","0"
1,"lR2oMJ",1,33,2001,3,"Albania","ALB","ALB",85,"Hungary","HUN","HUN",9,"0","0","0","0","0","0","-","0"
1,"lR2oMJ",1,34,2002,3,"Albania","ALB","ALB",85,"Hungary","HUN","HUN",9,"0","0","0","0","0","0","-","0"
1,"lR2oMJ",1,35,2003,3,"Albania","ALB","ALB",85,"Hungary","HUN","HUN",9,"0","0","0","0","0","0","-","0"
1,"lR2oMJ",1,36,2005,3,"Albania","ALB","ALB",85,"Hungary","HUN","HUN",5,"0","0","0","0","0","0","-","0"
1,"lR2oMJ",1,37,2006,3,"Albania","ALB","ALB",85,"Hungary","HUN","HUN",5,5,"0","0","0","0","0","-","0"
1,"lR2oMJ",1,38,2007,3,"Albania","ALB","ALB",85,"Hungary","HUN","HUN","0",5,"0","0","0","0","0","-","0"
1,"lR2oMJ",1,39,2008,3,"Albania","ALB","ALB",85,"Hungary","HUN","HUN",5,5,"0","0","0","0","0","-","0"
1,"lR2oMJ",1,40,2009,3,"Albania","ALB","ALB",85,"Hungary","HUN","HUN",5,"0","0","0","0","0","0","-","0"
1,"lR2oMJ",1,41,2010,3,"Albania","ALB","ALB",85,"Hungary","HUN","HUN",5,"0","0","0","0","0","0","-","0"
1,"lR2oMJ",1,42,2011,3,"Albania","ALB","ALB",85,"Hungary","HUN","HUN",5,"0","0","0","0","0","0","-","0"
1,"lR2oMJ",1,43,2012,3,"Albania","ALB","ALB",85,"Hungary","HUN","HUN",5,"0","0","0","0","0","0","-","0"
1,"lR2oMJ",1,44,2013,3,"Albania","ALB","ALB",85,"Hungary","HUN","HUN",5,"0","0","0","0","0","0","-","0"
1,"lR2oMJ",1,45,2014,3,"Albania","ALB","ALB",85,"Hungary","HUN","HUN","0",23,"0","0","0","0","0","-","0"
1,"lR2oMJ",1,46,2015,3,"Albania","ALB","ALB",85,"Hungary","HUN","HUN","0",31,"0","0","0","0","0","-","0"
1,"lR2oMJ",1,47,2020,3,"Albania","ALB","ALB",85,"Hungary","HUN","HUN",5,"0","0","0","0","0","0","-","0"
1,"lR2oMJ",1,48,1999,4,"Algeria","ALG","DZA",85,"Hungary","HUN","HUN",14,"0","0","0","0","0","0","-","0"
1,"lR2oMJ",1,49,2000,4,"Algeria","ALG","DZA",85,"Hungary","HUN","HUN",18,30,"0","0","0","0","0","-","0"
1,"lR2oMJ",1,50,2001,4,"Algeria","ALG","DZA",85,"Hungary","HUN","HUN",25,10,"0","0","0","0","0","-","0"
1,"lR2oMJ",1,51,2002,4,"Algeria","ALG","DZA",85,"Hungary","HUN","HUN",27,10,"0","0","0","0","0","-","0"
1,"lR2oMJ",1,52,2003,4,"Algeria","ALG","DZA",85,"Hungary","HUN","HUN",42,31,"0","0","0","0","0","-","0"
1,"lR2oMJ",1,53,2004,4,"Algeria","ALG","DZA",85,"Hungary","HUN","HUN",70,7,"0","0","0","0","0","-","0"
1,"lR2oMJ",1,54,2005,4,"Algeria","ALG","DZA",85,"Hungary","HUN","HUN",77,6,"0","0","0","0","0","-","0"
1,"lR2oMJ",1,55,2006,4,"Algeria","ALG","DZA",85,"Hungary","HUN","HUN",76,7,"0","0","0","0","0","-","0"
1,"lR2oMJ",1,56,2007,4,"Algeria","ALG","DZA",85,"Hungary","HUN","HUN",70,13,"0","0","0","0","0","-","0"
1,"lR2oMJ",1,57,2008,4,"Algeria","ALG","DZA",85,"Hungary","HUN","HUN",49,24,"0","0","0","0","0","-","0"
1,"lR2oMJ",1,58,2009,4,"Algeria","ALG","DZA",85,"Hungary","HUN","HUN",45,"0","0","0","0","0","0","-","0"
1,"lR2oMJ",1,59,2010,4,"Algeria","ALG","DZA",85,"Hungary","HUN","HUN",37,"0","0","0","0","0","0","-","0"
1,"lR2oMJ",1,60,2011,4,"Algeria","ALG","DZA",85,"Hungary","HUN","HUN",28,"0","0","0","0","0","0","-","0"
1,"lR2oMJ",1,61,2012,4,"Algeria","ALG","DZA",85,"Hungary","HUN","HUN",26,"0","0","0","0","0","0","-","0"
1,"lR2oMJ",1,62,2013,4,"Algeria","ALG","DZA",85,"Hungary","HUN","HUN",7,17,"0","0","0","0","0","-","0"
1,"lR2oMJ",1,63,2014,4,"Algeria","ALG","DZA",85,"Hungary","HUN","HUN",10,11,"0","0","0","0","0","-","0"
1,"lR2oMJ",1,64,2015,4,"Algeria","ALG","DZA",85,"Hungary","HUN","HUN",16,52,"0","0","0","0","0","-","0"
1,"lR2oMJ",1,65,2016,4,"Algeria","ALG","DZA",85,"Hungary","HUN","HUN",15,78,"0","0","0","0","0","-","0"
1,"lR2oMJ",1,66,2017,4,"Algeria","ALG","DZA",85,"Hungary","HUN","HUN",15,5,"0","0","0","0","0","-","0"
1,"lR2oMJ",1,67,2018,4,"Algeria","ALG","DZA",85,"Hungary","HUN","HUN",15,"0","0","0","0","0","0","-","0"
1,"lR2oMJ",1,68,2019,4,"Algeria","ALG","DZA",85,"Hungary","HUN","HUN",15,"0","0","0","0","0","0","-","0"
1,"lR2oMJ",1,69,2020,4,"Algeria","ALG","DZA",85,"Hungary","HUN","HUN",14,"0","0","0","0","0","0","-","0"
1,"lR2oMJ",1,70,2021,4,"Algeria","ALG","DZA",85,"Hungary","HUN","HUN",14,"0","0","0","0","0","0","-","0"
1,"lR2oMJ",1,71,2022,4,"Algeria","ALG","DZA",85,"Hungary","HUN","HUN",14,"0","0","0","0","0","0","-","0"
1,"lR2oMJ",1,72,2023,4,"Algeria","ALG","DZA",85,"Hungary","HUN","HUN",12,"0","0","0","0","0","0","-","0"
1,"lR2oMJ",1,73,2024,4,"Algeria","ALG","DZA",85,"Hungary","HUN","HUN",14,"0","0","0","0","0","0","-","0"
1,"lR2oMJ",1,74,2025,4,"Algeria","ALG","DZA",85,"Hungary","HUN","HUN",14,"0","0","0","0","0","0","-","0"
1,"lR2oMJ",1,75,1999,6,"Angola","ANG","AGO",85,"Hungary","HUN","HUN",5,"0","0","0","0","0","0","-","0"
1,"lR2oMJ",1,76,2000,6,"Angola","ANG","AGO",85,"Hungary","HUN","HUN",8,"0","0","0","0","0","0","-","0"
1,"lR2oMJ",1,77,2001,6,"Angola","ANG","AGO",85,"Hungary","HUN","HUN",8,6,"0","0","0","0","0","-","0"
1,"lR2oMJ",1,78,2002,6,"Angola","ANG","AGO",85,"Hungary","HUN","HUN",11,"0","0","0","0","0","0","-","0"
1,"lR2oMJ",1,79,2003,6,"Angola","ANG","AGO",85,"Hungary","HUN","HUN",15,"0","0","0","0","0","0","-","0"
1,"lR2oMJ",1,80,2004,6,"Angola","ANG","AGO",85,"Hungary","HUN","HUN",17,"0","0","0","0","0","0","-","0"
1,"lR2oMJ",1,81,2005,6,"Angola","ANG","AGO",85,"Hungary","HUN","HUN",22,"0","0","0","0","0","0","-","0"
1,"lR2oMJ",1,82,2006,6,"Angola","ANG","AGO",85,"Hungary","HUN","HUN",22,"0","0","0","0","0","0","-","0"
1,"lR2oMJ",1,83,2007,6,"Angola","ANG","AGO",85,"Hungary","HUN","HUN",24,"0","0","0","0","0","0","-","0"
1,"lR2oMJ",1,84,2008,6,"Angola","ANG","AGO",85,"Hungary","HUN","HUN",24,"0","0","0","0","0","0","-","0"
1,"lR2oMJ",1,85,2009,6,"Angola","ANG","AGO",85,"Hungary","HUN","HUN",19,"0","0","0","0","0","0","-","0"
1,"lR2oMJ",1,86,2010,6,"Angola","ANG","AGO",85,"Hungary","HUN","HUN",17,"0","0","0","0","0","0","-","0"
1,"lR2oMJ",1,87,2011,6,"Angola","ANG","AGO",85,"Hungary","HUN","HUN",17,"0","0","0","0","0","0","-","0"
1,"lR2oMJ",1,88,2012,6,"Angola","ANG","AGO",85,"Hungary","HUN","HUN",14,"0","0","0","0","0","0","-","0"
1,"lR2oMJ",1,89,2013,6,"Angola","ANG","AGO",85,"Hungary","HUN","HUN",5,"0","0","0","0","0","0","-","0"
1,"lR2oMJ",1,90,2014,6,"Angola","ANG","AGO",85,"Hungary","HUN","HUN",5,"0","0","0","0","0","0","-","0"
1,"lR2oMJ",1,91,2015,6,"Angola","ANG","AGO",85,"Hungary","HUN","HUN",5,"0","0","0","0","0","0","-","0"
1,"lR2oMJ",1,92,2016,6,"Angola","ANG","AGO",85,"Hungary","HUN","HUN",5,"0","0","0","0","0","0","-","0"
1,"lR2oMJ",1,93,2017,6,"Angola","ANG","AGO",85,"Hungary","HUN","HUN",5,"0","0","0","0","0","0","-","0"
1,"lR2oMJ",1,94,2018,6,"Angola","ANG","AGO",85,"Hungary","HUN","HUN",5,"0","0","0","0","0","0","-","0"
1,"lR2oMJ",1,95,2019,6,"Angola","ANG","AGO",85,"Hungary","HUN","HUN",5,"0","0","0","0","0","0","-","0"
1,"lR2oMJ",1,96,2020,6,"Angola","ANG","AGO",85,"Hungary","HUN","HUN",5,"0","0","0","0","0","0","-","0"
1,"lR2oMJ",1,97,2021,6,"Angola","ANG","AGO",85,"Hungary","HUN","HUN",5,"0","0","0","0","0","0","-","0"
1,"lR2oMJ",1,98,2022,6,"Angola","ANG","AGO",85,"Hungary","HUN","HUN",5,"0","0","0","0","0","0","-","0"
1,"lR2oMJ",1,99,2023,6,"Angola","ANG","AGO",85,"Hungary","HUN","HUN",5,"0","0","0","0","0","0","-","0"
1,"lR2oMJ",1,100,2024,6,"Angola","ANG","AGO",85,"Hungary","HUN","HUN",5,"0","0","0","0","0","0","-","0"
1,"lR2oMJ",1,101,2025,6,"Angola","ANG","AGO",85,"Hungary","HUN","HUN",5,"0","0","0","0","0","0","-","0"
1,"lR2oMJ",1,102,2000,8,"Egypt","ARE","EGY",85,"Hungary","HUN","HUN","0",5,"0","0","0","0","0","-","0"
1,"lR2oMJ",1,103,2005,8,"Egypt","ARE","EGY",85,"Hungary","HUN","HUN","0",6,"0","0","0","0","0","-","0"
1,"lR2oMJ",1,104,2006,8,"Egypt","ARE","EGY",85,"Hungary","HUN","HUN",5,"0","0","0","0","0","0","-","0"
1,"lR2oMJ",1,105,2007,8,"Egypt","ARE","EGY",85,"Hungary","HUN","HUN",5,27,"0","0","0","0","0","-","0"
1,"lR2oMJ",1,106,2008,8,"Egypt","ARE","EGY",85,"Hungary","HUN","HUN",5,35,"0","0","0","0","0","-","0"
1,"lR2oMJ",1,107,2009,8,"Egypt","ARE","EGY",85,"Hungary","HUN","HUN",5,"0","0","0","0","0","0","-","0"
1,"lR2oMJ",1,108,2010,8,"Egypt","ARE","EGY",85,"Hungary","HUN","HUN",12,"0","0","0","0","0","0","-","0"
1,"lR2oMJ",1,109,2011,8,"Egypt","ARE","EGY",85,"Hungary","HUN","HUN",15,"0","0","0","0","0","0","-","0"
1,"lR2oMJ",1,110,2012,8,"Egypt","ARE","EGY",85,"Hungary","HUN","HUN",16,"0","0","0","0","0","0","-","0"
1,"lR2oMJ",1,111,2013,8,"Egypt","ARE","EGY",85,"Hungary","HUN","HUN",5,8,"0","0","0","0","0","-","0"
1,"lR2oMJ",1,112,2014,8,"Egypt","ARE","EGY",85,"Hungary","HUN","HUN",10,"0","0","0","0","0","0","-","0"
1,"lR2oMJ",1,113,2015,8,"Egypt","ARE","EGY",85,"Hungary","HUN","HUN",12,24,"0","0","0","0","0","-","0"
1,"lR2oMJ",1,114,2016,8,"Egypt","ARE","EGY",85,"Hungary","HUN","HUN",14,20,"0","0","0","0","0","-","0"
1,"lR2oMJ",1,115,2017,8,"Egypt","ARE","EGY",85,"Hungary","HUN","HUN",13,"0","0","0","0","0","0","-","0"
1,"lR2oMJ",1,116,2018,8,"Egypt","ARE","EGY",85,"Hungary","HUN","HUN",13,"0","0","0","0","0","0","-","0"
1,"lR2oMJ",1,117,2019,8,"Egypt","ARE","EGY",85,"Hungary","HUN","HUN",11,"0","0","0","0","0","0","-","0"
1,"lR2oMJ",1,118,2020,8,"Egypt","ARE","EGY",85,"Hungary","HUN","HUN",11,"0","0","0","0","0","0","-","0"
1,"lR2oMJ",1,119,2021,8,"Egypt","ARE","EGY",85,"Hungary","HUN","HUN",11,"0","0","0","0","0","0","-","0"
1,"lR2oMJ",1,120,2022,8,"Egypt","ARE","EGY",85,"Hungary","HUN","HUN",12,5,"0","0","0","0","0","-","0"
1,"lR2oMJ",1,121,2023,8,"Egypt","ARE","EGY",85,"Hungary","HUN","HUN",12,"0","0","0","0","0","0","-","0"
1,"lR2oMJ",1,122,2024,8,"Egypt","ARE","EGY",85,"Hungary","HUN","HUN",13,"0","0","0","0","0","0","-","0"
1,"lR2oMJ",1,123,2025,8,"Egypt","ARE","EGY",85,"Hungary","HUN","HUN",13,"0","0","0","0","0","0","-","0"
1,"lR2oMJ",1,124,1999,10,"Armenia","ARM","ARM",85,"Hungary","HUN","HUN",10,"0","0","0","0","0","0","-","0"
1,"lR2oMJ",1,125,2000,10,"Armenia","ARM","ARM",85,"Hungary","HUN","HUN",37,27,"0","0","0","0","0","-","0"
1,"lR2oMJ",1,126,2001,10,"Armenia","ARM","ARM",85,"Hungary","HUN","HUN",49,8,"0","0","0","0","0","-","0"
1,"lR2oMJ",1,127,2002,10,"Armenia","ARM","ARM",85,"Hungary","HUN","HUN",57,10,"0","0","0","0","0","-","0"
1,"lR2oMJ",1,128,2003,10,"Armenia","ARM","ARM",85,"Hungary","HUN","HUN",70,28,"0","0","0","0","0","-","0"
1,"lR2oMJ",1,129,2004,10,"Armenia","ARM","ARM",85,"Hungary","HUN","HUN",77,5,"0","0","0","0","0","-","0"
1,"lR2oMJ",1,130,2005,10,"Armenia","ARM","ARM",85,"Hungary","HUN","HUN",137,7,"0","0","0","0","0","-","0"
1,"lR2oMJ",1,131,2006,10,"Armenia","ARM","ARM",85,"Hungary","HUN","HUN",145,10,"0","0","0","0","0","-","0"
1,"lR2oMJ",1,132,2007,10,"Armenia","ARM","ARM",85,"Hungary","HUN","HUN",145,5,"0","0","0","0","0","-","0"
1,"lR2oMJ",1,133,2008,10,"Armenia","ARM","ARM",85,"Hungary","HUN","HUN",146,9,"0","0","0","0","0","-","0"
1,"lR2oMJ",1,134,2009,10,"Armenia","ARM","ARM",85,"Hungary","HUN","HUN",143,"0","0","0","0","0","0","-","0"
1,"lR2oMJ",1,135,2010,10,"Armenia","ARM","ARM",85,"Hungary","HUN","HUN",109,"0","0","0","0","0","0","-","0"
1,"lR2oMJ",1,136,2011,10,"Armenia","ARM","ARM",85,"Hungary","HUN","HUN",96,"0","0","0","0","0","0","-","0"
1,"lR2oMJ",1,137,2012,10,"Armenia","ARM","ARM",85,"Hungary","HUN","HUN",88,"0","0","0","0","0","0","-","0"
1,"lR2oMJ",1,138,2013,10,"Armenia","ARM","ARM",85,"Hungary","HUN","HUN",31,"0","0","0","0","0","0","-","0"
1,"lR2oMJ",1,139,2014,10,"Armenia","ARM","ARM",85,"Hungary","HUN","HUN",30,"0","0","0","0","0","0","-","0"
1,"lR2oMJ",1,140,2015,10,"Armenia","ARM","ARM",85,"Hungary","HUN","HUN",45,"0","0","0","0","0","0","-","0"
1,"lR2oMJ",1,141,2016,10,"Armenia","ARM","ARM",85,"Hungary","HUN","HUN",47,27,"0","0","0","0","0","-","0"
1,"lR2oMJ",1,142,2017,10,"Armenia","ARM","ARM",85,"Hungary","HUN","HUN",47,"0","0","0","0","0","0","-","0"
1,"lR2oMJ",1,143,2018,10,"Armenia","ARM","ARM",85,"Hungary","HUN","HUN",48,"0","0","0","0","0","0","-","0"
1,"lR2oMJ",1,144,2019,10,"Armenia","ARM","ARM",85,"Hungary","HUN","HUN",43,"0","0","0","0","0","0","-","0"
1,"lR2oMJ",1,145,2020,10,"Armenia","ARM","ARM",85,"Hungary","HUN","HUN",43,"0","0","0","0","0","0","-","0"
1,"lR2oMJ",1,146,2021,10,"Armenia","ARM","ARM",85,"Hungary","HUN","HUN",39,"0","0","0","0","0","0","-","0"
1,"lR2oMJ",1,147,2022,10,"Armenia","ARM","ARM",85,"Hungary","HUN","HUN",46,"0","0","0","0","0","0","-","0"
1,"lR2oMJ",1,148,2023,10,"Armenia","ARM","ARM",85,"Hungary","HUN","HUN",46,"0","0","0","0","0","0","-","0"
1,"lR2oMJ",1,149,2024,10,"Armenia","ARM","ARM",85,"Hungary","HUN","HUN",46,"0","0","0","0","0","0","-","0"
1,"lR2oMJ",1,150,2025,10,"Armenia","ARM","ARM",85,"Hungary","HUN","HUN",47,"0","0","0","0","0","0","-","0"
1,"lR2oMJ",1,151,2003,13,"Azerbaijan","AZE","AZE",85,"Hungary","HUN","HUN","0",6,"0","0","0","0","0","-","0"
1,"lR2oMJ",1,152,2005,13,"Azerbaijan","AZE","AZE",85,"Hungary","HUN","HUN",5,"0","0","0","0","0","0","-","0"
1,"lR2oMJ",1,153,2006,13,"Azerbaijan","AZE","AZE",85,"Hungary","HUN","HUN",5,"0","0","0","0","0","0","-","0"
1,"lR2oMJ",1,154,2007,13,"Azerbaijan","AZE","AZE",85,"Hungary","HUN","HUN",5,8,"0","0","0","0","0","-","0"
1,"lR2oMJ",1,155,2008,13,"Azerbaijan","AZE","AZE",85,"Hungary","HUN","HUN",5,8,"0","0","0","0","0","-","0"
1,"lR2oMJ",1,156,2009,13,"Azerbaijan","AZE","AZE",85,"Hungary","HUN","HUN",5,8,"0","0","0","0","0","-","0"
1,"lR2oMJ",1,157,2010,13,"Azerbaijan","AZE","AZE",85,"Hungary","HUN","HUN",5,15,"0","0","0","0","0","-","0"
1,"lR2oMJ",1,158,2011,13,"Azerbaijan","AZE","AZE",85,"Hungary","HUN","HUN",5,"0","0","0","0","0","0","-","0"
1,"lR2oMJ",1,159,2012,13,"Azerbaijan","AZE","AZE",85,"Hungary","HUN","HUN",5,"0","0","0","0","0","0","-","0"
1,"lR2oMJ",1,160,2013,13,"Azerbaijan","AZE","AZE",85,"Hungary","HUN","HUN",10,"0","0","0","0","0","0","-","0"
1,"lR2oMJ",1,161,2014,13,"Azerbaijan","AZE","AZE",85,"Hungary","HUN","HUN",12,"0","0","0","0","0","0","-","0"
1,"lR2oMJ",1,162,2015,13,"Azerbaijan","AZE","AZE",85,"Hungary","HUN","HUN",13,"0","0","0","0","0","0","-","0"
1,"lR2oMJ",1,163,2016,13,"Azerbaijan","AZE","AZE",85,"Hungary","HUN","HUN",13,"0","0","0","0","0","0","-","0"
1,"lR2oMJ",1,164,2017,13,"Azerbaijan","AZE","AZE",85,"Hungary","HUN","HUN",16,"0","0","0","0","0","0","-","0"
1,"lR2oMJ",1,165,2018,13,"Azerbaijan","AZE","AZE",85,"Hungary","HUN","HUN",16,"0","0","0","0","0","0","-","0"
1,"lR2oMJ",1,166,2019,13,"Azerbaijan","AZE","AZE",85,"Hungary","HUN","HUN",13,"0","0","0","0","0","0","-","0"
1,"lR2oMJ",1,167,2020,13,"Azerbaijan","AZE","AZE",85,"Hungary","HUN","HUN",13,"0","0","0","0","0","0","-","0"
1,"lR2oMJ",1,168,2021,13,"Azerbaijan","AZE","AZE",85,"Hungary","HUN","HUN",12,"0","0","0","0","0","0","-","0"
1,"lR2oMJ",1,169,2022,13,"Azerbaijan","AZE","AZE",85,"Hungary","HUN","HUN",18,"0","0","0","0","0","0","-","0"
1,"lR2oMJ",1,170,2023,13,"Azerbaijan","AZE","AZE",85,"Hungary","HUN","HUN",18,"0","0","0","0","0","0","-","0"
1,"lR2oMJ",1,171,2024,13,"Azerbaijan","AZE","AZE",85,"Hungary","HUN","HUN",19,"0","0","0","0","0","0","-","0"
1,"lR2oMJ",1,172,2025,13,"Azerbaijan","AZE","AZE",85,"Hungary","HUN","HUN",19,"0","0","0","0","0","0","-","0"
1,"lR2oMJ",1,173,2004,16,"Burundi","BDI","BDI",85,"Hungary","HUN","HUN",5,"0","0","0","0","0","0","-","0"
1,"lR2oMJ",1,174,2005,16,"Burundi","BDI","BDI",85,"Hungary","HUN","HUN",5,"0","0","0","0","0","0","-","0"
1,"lR2oMJ",1,175,2006,16,"Burundi","BDI","BDI",85,"Hungary","HUN","HUN",5,"0","0","0","0","0","0","-","0"
1,"lR2oMJ",1,176,2007,16,"Burundi","BDI","BDI",85,"Hungary","HUN","HUN",5,"0","0","0","0","0","0","-","0"
1,"lR2oMJ",1,177,2019,16,"Burundi","BDI","BDI",85,"Hungary","HUN","HUN","0",5,"0","0","0","0","0","-","0"
1,"lR2oMJ",1,178,1999,20,"Bangladesh","BGD","BGD",85,"Hungary","HUN","HUN",5,"0","0","0","0","0","0","-","0"
1,"lR2oMJ",1,179,2000,20,"Bangladesh","BGD","BGD",85,"Hungary","HUN","HUN",5,239,"0","0","0","0","0","-","0"
1,"lR2oMJ",1,180,2001,20,"Bangladesh","BGD","BGD",85,"Hungary","HUN","HUN",5,313,"0","0","0","0","0","-","0"
1,"lR2oMJ",1,181,2002,20,"Bangladesh","BGD","BGD",85,"Hungary","HUN","HUN",5,28,"0","0","0","0","0","-","0"
1,"lR2oMJ",1,182,2003,20,"Bangladesh","BGD","BGD",85,"Hungary","HUN","HUN",5,27,"0","0","0","0","0","-","0"
1,"lR2oMJ",1,183,2004,20,"Bangladesh","BGD","BGD",85,"Hungary","HUN","HUN",5,12,"0","0","0","0","0","-","0"
1,"lR2oMJ",1,184,2005,20,"Bangladesh","BGD","BGD",85,"Hungary","HUN","HUN",5,5,"0","0","0","0","0","-","0"
1,"lR2oMJ",1,185,2006,20,"Bangladesh","BGD","BGD",85,"Hungary","HUN","HUN",5,5,"0","0","0","0","0","-","0"
1,"lR2oMJ",1,186,2007,20,"Bangladesh","BGD","BGD",85,"Hungary","HUN","HUN",5,5,"0","0","0","0","0","-","0"
1,"lR2oMJ",1,187,2008,20,"Bangladesh","BGD","BGD",85,"Hungary","HUN","HUN",5,6,"0","0","0","0","0","-","0"
1,"lR2oMJ",1,188,2009,20,"Bangladesh","BGD","BGD",85,"Hungary","HUN","HUN","0",6,"0","0","0","0","0","-","0"
1,"lR2oMJ",1,189,2010,20,"Bangladesh","BGD","BGD",85,"Hungary","HUN","HUN","0",5,"0","0","0","0","0","-","0"
1,"lR2oMJ",1,190,2013,20,"Bangladesh","BGD","BGD",85,"Hungary","HUN","HUN",5,45,"0","0","0","0","0","-","0"
1,"lR2oMJ",1,191,2014,20,"Bangladesh","BGD","BGD",85,"Hungary","HUN","HUN",6,72,"0","0","0","0","0","-","0"
1,"lR2oMJ",1,192,2015,20,"Bangladesh","BGD","BGD",85,"Hungary","HUN","HUN",7,953,"0","0","0","0","0","-","0"
1,"lR2oMJ",1,193,2016,20,"Bangladesh","BGD","BGD",85,"Hungary","HUN","HUN",8,16,"0","0","0","0","0","-","0"
1,"lR2oMJ",1,194,2017,20,"Bangladesh","BGD","BGD",85,"Hungary","HUN","HUN",9,"0","0","0","0","0","0","-","0"
1,"lR2oMJ",1,195,2018,20,"Bangladesh","BGD","BGD",85,"Hungary","HUN","HUN",9,"0","0","0","0","0","0","-","0"
1,"lR2oMJ",1,196,2019,20,"Bangladesh","BGD","BGD",85,"Hungary","HUN","HUN",8,"0","0","0","0","0","0","-","0"
1,"lR2oMJ",1,197,2020,20,"Bangladesh","BGD","BGD",85,"Hungary","HUN","HUN",11,"0","0","0","0","0","0","-","0"
1,"lR2oMJ",1,198,2021,20,"Bangladesh","BGD","BGD",85,"Hungary","HUN","HUN",11,"0","0","0","0","0","0","-","0"
1,"lR2oMJ",1,199,2022,20,"Bangladesh","BGD","BGD",85,"Hungary","HUN","HUN",11,"0","0","0","0","0","0","-","0"
1,"lR2oMJ",1,200,2023,20,"Bangladesh","BGD","BGD",85,"Hungary","HUN","HUN",11,"0","0","0","0","0","0","-","0"
1,"lR2oMJ",1,201,2024,20,"Bangladesh","BGD","BGD",85,"Hungary","HUN","HUN",11,"0","0","0","0","0","0","-","0"
1,"lR2oMJ",1,202,2025,20,"Bangladesh","BGD","BGD",85,"Hungary","HUN","HUN",11,"0","0","0","0","0","0","-","0"
1,"lR2oMJ",1,203,2013,23,"Burkina Faso","BKF","BFA",85,"Hungary","HUN","HUN","0",5,"0","0","0","0","0","-","0"
1,"lR2oMJ",1,204,2015,23,"Burkina Faso","BKF","BFA",85,"Hungary","HUN","HUN","0",9,"0","0","0","0","0","-","0"
1,"lR2oMJ",1,205,2003,24,"Belarus","BLR","BLR",85,"Hungary","HUN","HUN","0",5,"0","0","0","0","0","-","0"
1,"lR2oMJ",1,206,2006,24,"Belarus","BLR","BLR",85,"Hungary","HUN","HUN",5,"0","0","0","0","0","0","-","0"
1,"lR2oMJ",1,207,2007,24,"Belarus","BLR","BLR",85,"Hungary","HUN","HUN",5,5,"0","0","0","0","0","-","0"
1,"lR2oMJ",1,208,2008,24,"Belarus","BLR","BLR",85,"Hungary","HUN","HUN",5,5,"0","0","0","0","0","-","0"
1,"lR2oMJ",1,209,2009,24,"Belarus","BLR","BLR",85,"Hungary","HUN","HUN",5,5,"0","0","0","0","0","-","0"
1,"lR2oMJ",1,210,2010,24,"Belarus","BLR","BLR",85,"Hungary","HUN","HUN","0",5,"0","0","0","0","0","-","0"
1,"lR2oMJ",1,211,2022,24,"Belarus","BLR","BLR",85,"Hungary","HUN","HUN",7,"0","0","0","0","0","0","-","0"
1,"lR2oMJ",1,212,2023,24,"Belarus","BLR","BLR",85,"Hungary","HUN","HUN",8,"0","0","0","0","0","0","-","0"
1,"lR2oMJ",1,213,2024,24,"Belarus","BLR","BLR",85,"Hungary","HUN","HUN",9,"0","0","0","0","0","0","-","0"
1,"lR2oMJ",1,214,2025,24,"Belarus","BLR","BLR",85,"Hungary","HUN","HUN",10,"0","0","0","0","0","0","-","0"
1,"lR2oMJ",1,215,1993,29,"Bosnia and Herzegovina","BSN","BIH",85,"Hungary","HUN","HUN",16,"0","0","0","0","0","0","-","0"
1,"lR2oMJ",1,216,1994,29,"Bosnia and Herzegovina","BSN","BIH",85,"Hungary","HUN","HUN",5,"0","0","0","0","0","0","-","0"
1,"lR2oMJ",1,217,1996,29,"Bosnia and Herzegovina","BSN","BIH",85,"Hungary","HUN","HUN","0","0",727,"0","0","0","0","-","0"
1,"lR2oMJ",1,218,1997,29,"Bosnia and Herzegovina","BSN","BIH",85,"Hungary","HUN","HUN","0","0",229,"0","0","0","0","-","0"
1,"lR2oMJ",1,219,1998,29,"Bosnia and Herzegovina","BSN","BIH",85,"Hungary","HUN","HUN","0","0",5,"0","0","0","0","-","0"
1,"lR2oMJ",1,220,1999,29,"Bosnia and Herzegovina","BSN","BIH",85,"Hungary","HUN","HUN",7,"0",51,"0","0","0","0","-","0"
1,"lR2oMJ",1,221,2000,29,"Bosnia and Herzegovina","BSN","BIH",85,"Hungary","HUN","HUN",8,16,14,"0","0","0","0","-","0"
1,"lR2oMJ",1,222,2001,29,"Bosnia and Herzegovina","BSN","BIH",85,"Hungary","HUN","HUN",5,"0","0","0","0","0","0","-","0"
1,"lR2oMJ",1,223,2002,29,"Bosnia and Herzegovina","BSN","BIH",85,"Hungary","HUN","HUN",5,"0",125,"0","0","0","0","-","0"
1,"lR2oMJ",1,224,2003,29,"Bosnia and Herzegovina","BSN","BIH",85,"Hungary","HUN","HUN",5,"0",17,"0","0","0","0","-","0"
1,"lR2oMJ",1,225,2004,29,"Bosnia and Herzegovina","BSN","BIH",85,"Hungary","HUN","HUN",16,"0","0","0","0","0","0","-","0"
1,"lR2oMJ",1,226,2005,29,"Bosnia and Herzegovina","BSN","BIH",85,"Hungary","HUN","HUN",17,"0","0","0","0","0","0","-","0"
1,"lR2oMJ",1,227,2006,29,"Bosnia and Herzegovina","BSN","BIH",85,"Hungary","HUN","HUN",18,"0","0","0","0","0","0","-","0"
1,"lR2oMJ",1,228,2007,29,"Bosnia and Herzegovina","BSN","BIH",85,"Hungary","HUN","HUN",15,"0","0","0","0","0","0","-","0"
1,"lR2oMJ",1,229,2008,29,"Bosnia and Herzegovina","BSN","BIH",85,"Hungary","HUN","HUN",14,"0","0","0","0","0","0","-","0"
1,"lR2oMJ",1,230,2009,29,"Bosnia and Herzegovina","BSN","BIH",85,"Hungary","HUN","HUN",8,"0","0","0","0","0","0","-","0"
1,"lR2oMJ",1,231,2010,29,"Bosnia and Herzegovina","BSN","BIH",85,"Hungary","HUN","HUN",5,"0","0","0","0","0","0","-","0"
1,"lR2oMJ",1,232,2011,29,"Bosnia and Herzegovina","BSN","BIH",85,"Hungary","HUN","HUN",5,"0","0","0","0","0","0","-","0"
1,"lR2oMJ",1,233,1990,30,"Bulgaria","BUL","BGR",85,"Hungary","HUN","HUN",60,"0","0","0","0","0","0","-","0"
1,"lR2oMJ",1,234,2008,30,"Bulgaria","BUL","BGR",85,"Hungary","HUN","HUN","0",5,"0","0","0","0","0","-","0"
1,"lR2oMJ",1,235,2009,30,"Bulgaria","BUL","BGR",85,"Hungary","HUN","HUN","0",5,"0","0","0","0","0","-","0"
1,"lR2oMJ",1,236,2010,30,"Bulgaria","BUL","BGR",85,"Hungary","HUN","HUN","0",5,"0","0","0","0","0","-","0"
1,"lR2oMJ",1,237,2022,33,"Canada","CAN","CAN",85,"Hungary","HUN","HUN",5,"0","0","0","0","0","0","-","0"
1,"lR2oMJ",1,238,2023,33,"Canada","CAN","CAN",85,"Hungary","HUN","HUN",6,"0","0","0","0","0","0","-","0"
1,"lR2oMJ",1,239,2024,33,"Canada","CAN","CAN",85,"Hungary","HUN","HUN",8,"0","0","0","0","0","0","-","0"
1,"lR2oMJ",1,240,2025,33,"Canada","CAN","CAN",85,"Hungary","HUN","HUN",8,"0","0","0","0","0","0","-","0"
1,"lR2oMJ",1,241,1993,37,"China","CHI","CHN",85,"Hungary","HUN","HUN",5,"0","0","0","0","0","0","-","0"
1,"lR2oMJ",1,242,1994,37,"China","CHI","CHN",85,"Hungary","HUN","HUN",5,"0","0","0","0","0","0","-","0"
1,"lR2oMJ",1,243,2000,37,"China","CHI","CHN",85,"Hungary","HUN","HUN","0",21,"0","0","0","0","0","-","0"
1,"lR2oMJ",1,244,2001,37,"China","CHI","CHN",85,"Hungary","HUN","HUN","0",9,"0","0","0","0","0","-","0"
1,"lR2oMJ",1,245,2002,37,"China","CHI","CHN",85,"Hungary","HUN","HUN","0",21,"0","0","0","0","0","-","0"
1,"lR2oMJ",1,246,2003,37,"China","CHI","CHN",85,"Hungary","HUN","HUN",5,48,"0","0","0","0","0","-","0"
1,"lR2oMJ",1,247,2004,37,"China","CHI","CHN",85,"Hungary","HUN","HUN",5,35,"0","0","0","0","0","-","0"
1,"lR2oMJ",1,248,2005,37,"China","CHI","CHN",85,"Hungary","HUN","HUN",11,43,"0","0","0","0","0","-","0"
1,"lR2oMJ",1,249,2006,37,"China","CHI","CHN",85,"Hungary","HUN","HUN",19,66,"0","0","0","0","0","-","0"
1,"lR2oMJ",1,250,2007,37,"China","CHI","CHN",85,"Hungary","HUN","HUN",20,211,"0","0","0","0","0","-","0"
1,"lR2oMJ",1,251,2008,37,"China","CHI","CHN",85,"Hungary","HUN","HUN",18,237,"0","0","0","0","0","-","0"
1,"lR2oMJ",1,252,2009,37,"China","CHI","CHN",85,"Hungary","HUN","HUN",19,32,"0","0","0","0","0","-","0"
1,"lR2oMJ",1,253,2010,37,"China","CHI","CHN",85,"Hungary","HUN","HUN",20,26,"0","0","0","0","0","-","0"
1,"lR2oMJ",1,254,2011,37,"China","CHI","CHN",85,"Hungary","HUN","HUN",21,"0","0","0","0","0","0","-","0"
1,"lR2oMJ",1,255,2012,37,"China","CHI","CHN",85,"Hungary","HUN","HUN",22,"0","0","0","0","0","0","-","0"
1,"lR2oMJ",1,256,2013,37,"China","CHI","CHN",85,"Hungary","HUN","HUN",5,"0","0","0","0","0","0","-","0"
1,"lR2oMJ",1,257,2014,37,"China","CHI","CHN",85,"Hungary","HUN","HUN",6,"0","0","0","0","0","0","-","0"
1,"lR2oMJ",1,258,2015,37,"China","CHI","CHN",85,"Hungary","HUN","HUN",6,"0","0","0","0","0","0","-","0"
1,"lR2oMJ",1,259,2016,37,"China","CHI","CHN",85,"Hungary","HUN","HUN",7,5,"0","0","0","0","0","-","0"
1,"lR2oMJ",1,260,2017,37,"China","CHI","CHN",85,"Hungary","HUN","HUN",5,"0","0","0","0","0","0","-","0"
1,"lR2oMJ",1,261,2018,37,"China","CHI","CHN",85,"Hungary","HUN","HUN",5,"0","0","0","0","0","0","-","0"
1,"lR2oMJ",1,262,2019,37,"China","CHI","CHN",85,"Hungary","HUN","HUN",5,"0","0","0","0","0","0","-","0"
1,"lR2oMJ",1,263,2020,37,"China","CHI","CHN",85,"Hungary","HUN","HUN",5,"0","0","0","0","0","0","-","0"
1,"lR2oMJ",1,264,2021,37,"China","CHI","CHN",85,"Hungary","HUN","HUN",5,"0","0","0","0","0","0","-","0"
1,"lR2oMJ",1,265,2022,37,"China","CHI","CHN",85,"Hungary","HUN","HUN",15,"0","0","0","0","0","0","-","0"
1,"lR2oMJ",1,266,2023,37,"China","CHI","CHN",85,"Hungary","HUN","HUN",16,"0","0","0","0","0","0","-","0"
1,"lR2oMJ",1,267,2024,37,"China","CHI","CHN",85,"Hungary","HUN","HUN",18,"0","0","0","0","0","0","-","0"
1,"lR2oMJ",1,268,2025,37,"China","CHI","CHN",85,"Hungary","HUN","HUN",18,"0","0","0","0","0","0","-","0"
1,"lR2oMJ",1,269,1993,38,"Chile","CHL","CHL",85,"Hungary","HUN","HUN","0","0",10,"0","0","0","0","-","0"
1,"lR2oMJ",1,270,1995,38,"Chile","CHL","CHL",85,"Hungary","HUN","HUN","0","0",5,"0","0","0","0","-","0"
1,"lR2oMJ",1,271,1999,39,"Cameroon","CMR","CMR",85,"Hungary","HUN","HUN",48,"0","0","0","0","0","0","-","0"
1,"lR2oMJ",1,272,2000,39,"Cameroon","CMR","CMR",85,"Hungary","HUN","HUN",57,24,"0","0","0","0","0","-","0"
1,"lR2oMJ",1,273,2001,39,"Cameroon","CMR","CMR",85,"Hungary","HUN","HUN",64,9,"0","0","0","0","0","-","0"
1,"lR2oMJ",1,274,2002,39,"Cameroon","CMR","CMR",85,"Hungary","HUN","HUN",74,5,"0","0","0","0","0","-","0"
1,"lR2oMJ",1,275,2003,39,"Cameroon","CMR","CMR",85,"Hungary","HUN","HUN",78,5,"0","0","0","0","0","-","0"
1,"lR2oMJ",1,276,2004,39,"Cameroon","CMR","CMR",85,"Hungary","HUN","HUN",84,"0","0","0","0","0","0","-","0"
1,"lR2oMJ",1,277,2005,39,"Cameroon","CMR","CMR",85,"Hungary","HUN","HUN",102,5,"0","0","0","0","0","-","0"
1,"lR2oMJ",1,278,2006,39,"Cameroon","CMR","CMR",85,"Hungary","HUN","HUN",105,11,"0","0","0","0","0","-","0"
1,"lR2oMJ",1,279,2007,39,"Cameroon","CMR","CMR",85,"Hungary","HUN","HUN",106,"0","0","0","0","0","0","-","0"
1,"lR2oMJ",1,280,2008,39,"Cameroon","CMR","CMR",85,"Hungary","HUN","HUN",82,"0","0","0","0","0","0","-","0"
1,"lR2oMJ",1,281,2009,39,"Cameroon","CMR","CMR",85,"Hungary","HUN","HUN",57,"0","0","0","0","0","0","-","0"
1,"lR2oMJ",1,282,2010,39,"Cameroon","CMR","CMR",85,"Hungary","HUN","HUN",46,"0","0","0","0","0","0","-","0"
1,"lR2oMJ",1,283,2011,39,"Cameroon","CMR","CMR",85,"Hungary","HUN","HUN",41,"0","0","0","0","0","0","-","0"
1,"lR2oMJ",1,284,2012,39,"Cameroon","CMR","CMR",85,"Hungary","HUN","HUN",31,"0","0","0","0","0","0","-","0"
1,"lR2oMJ",1,285,2013,39,"Cameroon","CMR","CMR",85,"Hungary","HUN","HUN",23,10,"0","0","0","0","0","-","0"
1,"lR2oMJ",1,286,2014,39,"Cameroon","CMR","CMR",85,"Hungary","HUN","HUN","0",12,"0","0","0","0","0","-","0"
1,"lR2oMJ",1,287,2015,39,"Cameroon","CMR","CMR",85,"Hungary","HUN","HUN",30,91,"0","0","0","0","0","-","0"
1,"lR2oMJ",1,288,2016,39,"Cameroon","CMR","CMR",85,"Hungary","HUN","HUN",34,7,"0","0","0","0","0","-","0"
1,"lR2oMJ",1,289,2017,39,"Cameroon","CMR","CMR",85,"Hungary","HUN","HUN",35,9,"0","0","0","0","0","-","0"
1,"lR2oMJ",1,290,2018,39,"Cameroon","CMR","CMR",85,"Hungary","HUN","HUN",42,"0","0","0","0","0","0","-","0"
1,"lR2oMJ",1,291,2019,39,"Cameroon","CMR","CMR",85,"Hungary","HUN","HUN",40,"0","0","0","0","0","0","-","0"
1,"lR2oMJ",1,292,2020,39,"Cameroon","CMR","CMR",85,"Hungary","HUN","HUN",40,"0","0","0","0","0","0","-","0"
1,"lR2oMJ",1,293,2021,39,"Cameroon","CMR","CMR",85,"Hungary","HUN","HUN",43,"0","0","0","0","0","0","-","0"
1,"lR2oMJ",1,294,2022,39,"Cameroon","CMR","CMR",85,"Hungary","HUN","HUN",43,"0","0","0","0","0","0","-","0"
1,"lR2oMJ",1,295,2023,39,"Cameroon","CMR","CMR",85,"Hungary","HUN","HUN",42,"0","0","0","0","0","0","-","0"
1,"lR2oMJ",1,296,2024,39,"Cameroon","CMR","CMR",85,"Hungary","HUN","HUN",42,"0","0","0","0","0","0","-","0"
1,"lR2oMJ",1,297,2025,39,"Cameroon","CMR","CMR",85,"Hungary","HUN","HUN",42,"0","0","0","0","0","0","-","0"
1,"lR2oMJ",1,298,1999,40,"Congo","COB","COG",85,"Hungary","HUN","HUN",12,"0","0","0","0","0","0","-","0"
1,"lR2oMJ",1,299,2000,40,"Congo","COB","COG",85,"Hungary","HUN","HUN",13,"0","0","0","0","0","0","-","0"
1,"lR2oMJ",1,300,2001,40,"Congo","COB","COG",85,"Hungary","HUN","HUN",12,"0","0","0","0","0","0","-","0"
1,"lR2oMJ",1,301,2002,40,"Congo","COB","COG",85,"Hungary","HUN","HUN",12,"0","0","0","0","0","0","-","0"
1,"lR2oMJ",1,302,2003,40,"Congo","COB","COG",85,"Hungary","HUN","HUN",13,"0","0","0","0","0","0","-","0"
1,"lR2oMJ",1,303,2004,40,"Congo","COB","COG",85,"Hungary","HUN","HUN",15,"0","0","0","0","0","0","-","0"
1,"lR2oMJ",1,304,2005,40,"Congo","COB","COG",85,"Hungary","HUN","HUN",30,"0","0","0","0","0","0","-","0"
1,"lR2oMJ",1,305,2006,40,"Congo","COB","COG",85,"Hungary","HUN","HUN",30,"0","0","0","0","0","0","-","0"
1,"lR2oMJ",1,306,2007,40,"Congo","COB","COG",85,"Hungary","HUN","HUN",30,"0","0","0","0","0","0","-","0"
1,"lR2oMJ",1,307,2008,40,"Congo","COB","COG",85,"Hungary","HUN","HUN",15,"0","0","0","0","0","0","-","0"
1,"lR2oMJ",1,308,2009,40,"Congo","COB","COG",85,"Hungary","HUN","HUN",15,"0","0","0","0","0","0","-","0"
1,"lR2oMJ",1,309,2010,40,"Congo","COB","COG",85,"Hungary","HUN","HUN",14,"0","0","0","0","0","0","-","0"
1,"lR2oMJ",1,310,2011,40,"Congo","COB","COG",85,"Hungary","HUN","HUN",14,"0","0","0","0","0","0","-","0"
1,"lR2oMJ",1,311,2012,40,"Congo","COB","COG",85,"Hungary","HUN","HUN",14,"0","0","0","0","0","0","-","0"
1,"lR2oMJ",1,312,2013,40,"Congo","COB","COG",85,"Hungary","HUN","HUN",8,22,"0","0","0","0","0","-","0"
1,"lR2oMJ",1,313,2014,40,"Congo","COB","COG",85,"Hungary","HUN","HUN",7,"0","0","0","0","0","0","-","0"
1,"lR2oMJ",1,314,2015,40,"Congo","COB","COG",85,"Hungary","HUN","HUN",10,110,"0","0","0","0","0","-","0"
1,"lR2oMJ",1,315,2016,40,"Congo","COB","COG",85,"Hungary","HUN","HUN",11,"0","0","0","0","0","0","-","0"
1,"lR2oMJ",1,316,2017,40,"Congo","COB","COG",85,"Hungary","HUN","HUN",13,"0","0","0","0","0","0","-","0"
1,"lR2oMJ",1,317,2018,40,"Congo","COB","COG",85,"Hungary","HUN","HUN",14,"0","0","0","0","0","0","-","0"
1,"lR2oMJ",1,318,2019,40,"Congo","COB","COG",85,"Hungary","HUN","HUN",13,"0","0","0","0","0","0","-","0"
1,"lR2oMJ",1,319,2020,40,"Congo","COB","COG",85,"Hungary","HUN","HUN",13,"0","0","0","0","0","0","-","0"
1,"lR2oMJ",1,320,2021,40,"Congo","COB","COG",85,"Hungary","HUN","HUN",15,"0","0","0","0","0","0","-","0"
1,"lR2oMJ",1,321,2022,40,"Congo","COB","COG",85,"Hungary","HUN","HUN",12,"0","0","0","0","0","0","-","0"
1,"lR2oMJ",1,322,2023,40,"Congo","COB","COG",85,"Hungary","HUN","HUN",12,"0","0","0","0","0","0","-","0"
1,"lR2oMJ",1,323,2024,40,"Congo","COB","COG",85,"Hungary","HUN","HUN",10,"0","0","0","0","0","0","-","0"
1,"lR2oMJ",1,324,2025,40,"Congo","COB","COG",85,"Hungary","HUN","HUN",10,"0","0","0","0","0","0","-","0"
1,"lR2oMJ",1,325,1999,41,"Dem. Rep. of the Congo","COD","COD",85,"Hungary","HUN","HUN",14,"0","0","0","0","0","0","-","0"
1,"lR2oMJ",1,326,2000,41,"Dem. Rep. of the Congo","COD","COD",85,"Hungary","HUN","HUN",16,6,"0","0","0","0","0","-","0"
1,"lR2oMJ",1,327,2001,41,"Dem. Rep. of the Congo","COD","COD",85,"Hungary","HUN","HUN",20,"0","0","0","0","0","0","-","0"
1,"lR2oMJ",1,328,2002,41,"Dem. Rep. of the Congo","COD","COD",85,"Hungary","HUN","HUN",21,"0","0","0","0","0","0","-","0"
1,"lR2oMJ",1,329,2003,41,"Dem. Rep. of the Congo","COD","COD",85,"Hungary","HUN","HUN",21,"0","0","0","0","0","0","-","0"
1,"lR2oMJ",1,330,2004,41,"Dem. Rep. of the Congo","COD","COD",85,"Hungary","HUN","HUN",35,"0","0","0","0","0","0","-","0"
1,"lR2oMJ",1,331,2005,41,"Dem. Rep. of the Congo","COD","COD",85,"Hungary","HUN","HUN",41,"0","0","0","0","0","0","-","0"
1,"lR2oMJ",1,332,2006,41,"Dem. Rep. of the Congo","COD","COD",85,"Hungary","HUN","HUN",37,"0","0","0","0","0","0","-","0"
1,"lR2oMJ",1,333,2007,41,"Dem. Rep. of the Congo","COD","COD",85,"Hungary","HUN","HUN",36,"0","0","0","0","0","0","-","0"
1,"lR2oMJ",1,334,2008,41,"Dem. Rep. of the Congo","COD","COD",85,"Hungary","HUN","HUN",30,"0","0","0","0","0","0","-","0"
1,"lR2oMJ",1,335,2009,41,"Dem. Rep. of the Congo","COD","COD",85,"Hungary","HUN","HUN",27,"0","0","0","0","0","0","-","0"
1,"lR2oMJ",1,336,2010,41,"Dem. Rep. of the Congo","COD","COD",85,"Hungary","HUN","HUN",21,"0","0","0","0","0","0","-","0"
1,"lR2oMJ",1,337,2011,41,"Dem. Rep. of the Congo","COD","COD",85,"Hungary","HUN","HUN",17,"0","0","0","0","0","0","-","0"
1,"lR2oMJ",1,338,2012,41,"Dem. Rep. of the Congo","COD","COD",85,"Hungary","HUN","HUN",15,"0","0","0","0","0","0","-","0"
1,"lR2oMJ",1,339,2013,41,"Dem. Rep. of the Congo","COD","COD",85,"Hungary","HUN","HUN",12,"0","0","0","0","0","0","-","0"
1,"lR2oMJ",1,340,2014,41,"Dem. Rep. of the Congo","COD","COD",85,"Hungary","HUN","HUN",13,6,"0","0","0","0","0","-","0"
1,"lR2oMJ",1,341,2015,41,"Dem. Rep. of the Congo","COD","COD",85,"Hungary","HUN","HUN",16,80,"0","0","0","0","0","-","0"
1,"lR2oMJ",1,342,2016,41,"Dem. Rep. of the Congo","COD","COD",85,"Hungary","HUN","HUN",22,5,"0","0","0","0","0","-","0"
1,"lR2oMJ",1,343,2017,41,"Dem. Rep. of the Congo","COD","COD",85,"Hungary","HUN","HUN",21,"0","0","0","0","0","0","-","0"
1,"lR2oMJ",1,344,2018,41,"Dem. Rep. of the Congo","COD","COD",85,"Hungary","HUN","HUN",22,"0","0","0","0","0","0","-","0"
1,"lR2oMJ",1,345,2019,41,"Dem. Rep. of the Congo","COD","COD",85,"Hungary","HUN","HUN",24,"0","0","0","0","0","0","-","0"
1,"lR2oMJ",1,346,2020,41,"Dem. Rep. of the Congo","COD","COD",85,"Hungary","HUN","HUN",24,"0","0","0","0","0","0","-","0"
1,"lR2oMJ",1,347,2021,41,"Dem. Rep. of the Congo","COD","COD",85,"Hungary","HUN","HUN",25,"0","0","0","0","0","0","-","0"
1,"lR2oMJ",1,348,2022,41,"Dem. Rep. of the Congo","COD","COD",85,"Hungary","HUN","HUN",24,"0","0","0","0","0","0","-","0"
1,"lR2oMJ",1,349,2023,41,"Dem. Rep. of the Congo","COD","COD",85,"Hungary","HUN","HUN",22,"0","0","0","0","0","0","-","0"
1,"lR2oMJ",1,350,2024,41,"Dem. Rep. of the Congo","COD","COD",85,"Hungary","HUN","HUN",25,"0","0","0","0","0","0","-","0"
1,"lR2oMJ",1,351,2025,41,"Dem. Rep. of the Congo","COD","COD",85,"Hungary","HUN","HUN",26,"0","0","0","0","0","0","-","0"
1,"lR2oMJ",1,352,2005,42,"Comoros","COI","COM",85,"Hungary","HUN","HUN",5,"0","0","0","0","0","0","-","0"
1,"lR2oMJ",1,353,2006,42,"Comoros","COI","COM",85,"Hungary","HUN","HUN",5,"0","0","0","0","0","0","-","0"
1,"lR2oMJ",1,354,2013,42,"Comoros","COI","COM",85,"Hungary","HUN","HUN","0",9,"0","0","0","0","0","-","0"
1,"lR2oMJ",1,355,2014,42,"Comoros","COI","COM",85,"Hungary","HUN","HUN",22,27,"0","0","0","0","0","-","0"
1,"lR2oMJ",1,356,2015,42,"Comoros","COI","COM",85,"Hungary","HUN","HUN","0",5,"0","0","0","0","0","-","0"
1,"lR2oMJ",1,357,2003,46,"Cuba","CUB","CUB",85,"Hungary","HUN","HUN",5,"0","0","0","0","0","0","-","0"
1,"lR2oMJ",1,358,2004,46,"Cuba","CUB","CUB",85,"Hungary","HUN","HUN",7,"0","0","0","0","0","0","-","0"
1,"lR2oMJ",1,359,2005,46,"Cuba","CUB","CUB",85,"Hungary","HUN","HUN",15,"0","0","0","0","0","0","-","0"
1,"lR2oMJ",1,360,2006,46,"Cuba","CUB","CUB",85,"Hungary","HUN","HUN",20,"0","0","0","0","0","0","-","0"
1,"lR2oMJ",1,361,2007,46,"Cuba","CUB","CUB",85,"Hungary","HUN","HUN",47,"0","0","0","0","0","0","-","0"
1,"lR2oMJ",1,362,2008,46,"Cuba","CUB","CUB",85,"Hungary","HUN","HUN",57,5,"0","0","0","0","0","-","0"
1,"lR2oMJ",1,363,2009,46,"Cuba","CUB","CUB",85,"Hungary","HUN","HUN",60,5,"0","0","0","0","0","-","0"
1,"lR2oMJ",1,364,2010,46,"Cuba","CUB","CUB",85,"Hungary","HUN","HUN",61,"0","0","0","0","0","0","-","0"
1,"lR2oMJ",1,365,2011,46,"Cuba","CUB","CUB",85,"Hungary","HUN","HUN",61,"0","0","0","0","0","0","-","0"
1,"lR2oMJ",1,366,2012,46,"Cuba","CUB","CUB",85,"Hungary","HUN","HUN",61,"0","0","0","0","0","0","-","0"
1,"lR2oMJ",1,367,2013,46,"Cuba","CUB","CUB",85,"Hungary","HUN","HUN",35,19,"0","0","0","0","0","-","0"
1,"lR2oMJ",1,368,2014,46,"Cuba","CUB","CUB",85,"Hungary","HUN","HUN",48,92,"0","0","0","0","0","-","0"
1,"lR2oMJ",1,369,2015,46,"Cuba","CUB","CUB",85,"Hungary","HUN","HUN",68,17,"0","0","0","0","0","-","0"
1,"lR2oMJ",1,370,2016,46,"Cuba","CUB","CUB",85,"Hungary","HUN","HUN",75,9,"0","0","0","0","0","-","0"
1,"lR2oMJ",1,371,2017,46,"Cuba","CUB","CUB",85,"Hungary","HUN","HUN",80,"0","0","0","0","0","0","-","0"
1,"lR2oMJ",1,372,2018,46,"Cuba","CUB","CUB",85,"Hungary","HUN","HUN",82,"0","0","0","0","0","0","-","0"
1,"lR2oMJ",1,373,2019,46,"Cuba","CUB","CUB",85,"Hungary","HUN","HUN",79,"0","0","0","0","0","0","-","0"
1,"lR2oMJ",1,374,2020,46,"Cuba","CUB","CUB",85,"Hungary","HUN","HUN",78,"0","0","0","0","0","0","-","0"
1,"lR2oMJ",1,375,2021,46,"Cuba","CUB","CUB",85,"Hungary","HUN","HUN",76,"0","0","0","0","0","0","-","0"
1,"lR2oMJ",1,376,2022,46,"Cuba","CUB","CUB",85,"Hungary","HUN","HUN",74,"0","0","0","0","0","0","-","0"
1,"lR2oMJ",1,377,2023,46,"Cuba","CUB","CUB",85,"Hungary","HUN","HUN",74,"0","0","0","0","0","0","-","0"
1,"lR2oMJ",1,378,2024,46,"Cuba","CUB","CUB",85,"Hungary","HUN","HUN",73,"0","0","0","0","0","0","-","0"
1,"lR2oMJ",1,379,2025,46,"Cuba","CUB","CUB",85,"Hungary","HUN","HUN",72,"0","0","0","0","0","0","-","0"
1,"lR2oMJ",1,380,1990,49,"Czechia","CZE","CZE",85,"Hungary","HUN","HUN",70,"0","0","0","0","0","0","-","0"
1,"lR2oMJ",1,381,2015,53,"Dominican Rep.","DOM","DOM",85,"Hungary","HUN","HUN","0",5,"0","0","0","0","0","-","0"
1,"lR2oMJ",1,382,2022,54,"Ecuador","ECU","ECU",85,"Hungary","HUN","HUN",5,"0","0","0","0","0","0","-","0"
1,"lR2oMJ",1,383,2023,54,"Ecuador","ECU","ECU",85,"Hungary","HUN","HUN",5,"0","0","0","0","0","0","-","0"
1,"lR2oMJ",1,384,2024,54,"Ecuador","ECU","ECU",85,"Hungary","HUN","HUN",5,"0","0","0","0","0","0","-","0"
1,"lR2oMJ",1,385,2025,54,"Ecuador","ECU","ECU",85,"Hungary","HUN","HUN",5,"0","0","0","0","0","0","-","0"
1,"lR2oMJ",1,386,2000,56,"Eritrea","ERT","ERI",85,"Hungary","HUN","HUN","0",6,"0","0","0","0","0","-","0"
1,"lR2oMJ",1,387,2004,56,"Eritrea","ERT","ERI",85,"Hungary","HUN","HUN",5,"0","0","0","0","0","0","-","0"
1,"lR2oMJ",1,388,2005,56,"Eritrea","ERT","ERI",85,"Hungary","HUN","HUN",5,"0","0","0","0","0","0","-","0"
1,"lR2oMJ",1,389,2006,56,"Eritrea","ERT","ERI",85,"Hungary","HUN","HUN",5,"0","0","0","0","0","0","-","0"
1,"lR2oMJ",1,390,2007,56,"Eritrea","ERT","ERI",85,"Hungary","HUN","HUN",5,"0","0","0","0","0","0","-","0"
1,"lR2oMJ",1,391,2008,56,"Eritrea","ERT","ERI",85,"Hungary","HUN","HUN",5,"0","0","0","0","0","0","-","0"
1,"lR2oMJ",1,392,2009,56,"Eritrea","ERT","ERI",85,"Hungary","HUN","HUN",5,"0","0","0","0","0","0","-","0"
1,"lR2oMJ",1,393,2012,56,"Eritrea","ERT","ERI",85,"Hungary","HUN","HUN",5,"0","0","0","0","0","0","-","0"
1,"lR2oMJ",1,394,2013,56,"Eritrea","ERT","ERI",85,"Hungary","HUN","HUN",6,18,"0","0","0","0","0","-","0"
1,"lR2oMJ",1,395,2014,56,"Eritrea","ERT","ERI",85,"Hungary","HUN","HUN",40,11,"0","0","0","0","0","-","0"
1,"lR2oMJ",1,396,2015,56,"Eritrea","ERT","ERI",85,"Hungary","HUN","HUN",47,96,"0","0","0","0","0","-","0"
1,"lR2oMJ",1,397,2016,56,"Eritrea","ERT","ERI",85,"Hungary","HUN","HUN",49,7,"0","0","0","0","0","-","0"
1,"lR2oMJ",1,398,2017,56,"Eritrea","ERT","ERI",85,"Hungary","HUN","HUN",48,5,"0","0","0","0","0","-","0"
1,"lR2oMJ",1,399,2018,56,"Eritrea","ERT","ERI",85,"Hungary","HUN","HUN",48,"0","0","0","0","0","0","-","0"
1,"lR2oMJ",1,400,2019,56,"Eritrea","ERT","ERI",85,"Hungary","HUN","HUN",45,"0","0","0","0","0","0","-","0"
1,"lR2oMJ",1,401,2020,56,"Eritrea","ERT","ERI",85,"Hungary","HUN","HUN",47,"0","0","0","0","0","0","-","0"
1,"lR2oMJ",1,402,2021,56,"Eritrea","ERT","ERI",85,"Hungary","HUN","HUN",47,"0","0","0","0","0","0","-","0"
1,"lR2oMJ",1,403,2022,56,"Eritrea","ERT","ERI",85,"Hungary","HUN","HUN",47,"0","0","0","0","0","0","-","0"
1,"lR2oMJ",1,404,2023,56,"Eritrea","ERT","ERI",85,"Hungary","HUN","HUN",47,"0","0","0","0","0","0","-","0"
1,"lR2oMJ",1,405,2024,56,"Eritrea","ERT","ERI",85,"Hungary","HUN","HUN",47,"0","0","0","0","0","0","-","0"
1,"lR2oMJ",1,406,2025,56,"Eritrea","ERT","ERI",85,"Hungary","HUN","HUN",47,"0","0","0","0","0","0","-","0"
1,"lR2oMJ",1,407,1999,58,"Ethiopia","ETH","ETH",85,"Hungary","HUN","HUN",9,"0","0","0","0","0","0","-","0"
1,"lR2oMJ",1,408,2000,58,"Ethiopia","ETH","ETH",85,"Hungary","HUN","HUN",17,11,"0","0","0","0","0","-","0"
1,"lR2oMJ",1,409,2001,58,"Ethiopia","ETH","ETH",85,"Hungary","HUN","HUN",28,5,"0","0","0","0","0","-","0"
1,"lR2oMJ",1,410,2002,58,"Ethiopia","ETH","ETH",85,"Hungary","HUN","HUN",29,5,"0","0","0","0","0","-","0"
1,"lR2oMJ",1,411,2003,58,"Ethiopia","ETH","ETH",85,"Hungary","HUN","HUN",32,6,"0","0","0","0","0","-","0"
1,"lR2oMJ",1,412,2004,58,"Ethiopia","ETH","ETH",85,"Hungary","HUN","HUN",45,"0","0","0","0","0","0","-","0"
1,"lR2oMJ",1,413,2005,58,"Ethiopia","ETH","ETH",85,"Hungary","HUN","HUN",50,5,"0","0","0","0","0","-","0"
1,"lR2oMJ",1,414,2006,58,"Ethiopia","ETH","ETH",85,"Hungary","HUN","HUN",55,"0","0","0","0","0","0","-","0"
1,"lR2oMJ",1,415,2007,58,"Ethiopia","ETH","ETH",85,"Hungary","HUN","HUN",60,"0","0","0","0","0","0","-","0"
1,"lR2oMJ",1,416,2008,58,"Ethiopia","ETH","ETH",85,"Hungary","HUN","HUN",60,"0","0","0","0","0","0","-","0"
1,"lR2oMJ",1,417,2009,58,"Ethiopia","ETH","ETH",85,"Hungary","HUN","HUN",53,5,"0","0","0","0","0","-","0"
1,"lR2oMJ",1,418,2010,58,"Ethiopia","ETH","ETH",85,"Hungary","HUN","HUN",45,5,"0","0","0","0","0","-","0"
1,"lR2oMJ",1,419,2011,58,"Ethiopia","ETH","ETH",85,"Hungary","HUN","HUN",32,"0","0","0","0","0","0","-","0"
1,"lR2oMJ",1,420,2012,58,"Ethiopia","ETH","ETH",85,"Hungary","HUN","HUN",33,"0","0","0","0","0","0","-","0"
1,"lR2oMJ",1,421,2013,58,"Ethiopia","ETH","ETH",85,"Hungary","HUN","HUN",25,"0","0","0","0","0","0","-","0"
1,"lR2oMJ",1,422,2014,58,"Ethiopia","ETH","ETH",85,"Hungary","HUN","HUN",26,5,"0","0","0","0","0","-","0"
1,"lR2oMJ",1,423,2015,58,"Ethiopia","ETH","ETH",85,"Hungary","HUN","HUN",28,8,"0","0","0","0","0","-","0"
1,"lR2oMJ",1,424,2016,58,"Ethiopia","ETH","ETH",85,"Hungary","HUN","HUN",31,"0","0","0","0","0","0","-","0"
1,"lR2oMJ",1,425,2017,58,"Ethiopia","ETH","ETH",85,"Hungary","HUN","HUN",33,6,"0","0","0","0","0","-","0"
1,"lR2oMJ",1,426,2018,58,"Ethiopia","ETH","ETH",85,"Hungary","HUN","HUN",37,5,"0","0","0","0","0","-","0"
1,"lR2oMJ",1,427,2019,58,"Ethiopia","ETH","ETH",85,"Hungary","HUN","HUN",39,"0","0","0","0","0","0","-","0"
1,"lR2oMJ",1,428,2020,58,"Ethiopia","ETH","ETH",85,"Hungary","HUN","HUN",39,"0","0","0","0","0","0","-","0"
1,"lR2oMJ",1,429,2021,58,"Ethiopia","ETH","ETH",85,"Hungary","HUN","HUN",43,"0","0","0","0","0","0","-","0"
1,"lR2oMJ",1,430,2022,58,"Ethiopia","ETH","ETH",85,"Hungary","HUN","HUN",41,"0","0","0","0","0","0","-","0"
1,"lR2oMJ",1,431,2023,58,"Ethiopia","ETH","ETH",85,"Hungary","HUN","HUN",39,"0","0","0","0","0","0","-","0"
1,"lR2oMJ",1,432,2024,58,"Ethiopia","ETH","ETH",85,"Hungary","HUN","HUN",39,"0","0","0","0","0","0","-","0"
1,"lR2oMJ",1,433,2025,58,"Ethiopia","ETH","ETH",85,"Hungary","HUN","HUN",39,"0","0","0","0","0","0","-","0"
1,"lR2oMJ",1,434,2013,68,"Gambia","GAM","GMB",85,"Hungary","HUN","HUN","0",5,"0","0","0","0","0","-","0"
1,"lR2oMJ",1,435,2014,68,"Gambia","GAM","GMB",85,"Hungary","HUN","HUN","0",14,"0","0","0","0","0","-","0"
1,"lR2oMJ",1,436,2015,68,"Gambia","GAM","GMB",85,"Hungary","HUN","HUN","0",24,"0","0","0","0","0","-","0"
1,"lR2oMJ",1,437,2000,69,"Palestinian","GAZ","PSE",85,"Hungary","HUN","HUN","0",12,"0","0","0","0","0","-","0"
1,"lR2oMJ",1,438,2001,69,"Palestinian","GAZ","PSE",85,"Hungary","HUN","HUN",13,39,"0","0","0","0","0","-","0"
1,"lR2oMJ",1,439,2002,69,"Palestinian","GAZ","PSE",85,"Hungary","HUN","HUN",24,10,"0","0","0","0","0","-","0"
1,"lR2oMJ",1,440,2003,69,"Palestinian","GAZ","PSE",85,"Hungary","HUN","HUN",31,5,"0","0","0","0","0","-","0"
1,"lR2oMJ",1,441,2004,69,"Palestinian","GAZ","PSE",85,"Hungary","HUN","HUN",64,11,"0","0","0","0","0","-","0"
1,"lR2oMJ",1,442,2005,69,"Palestinian","GAZ","PSE",85,"Hungary","HUN","HUN",101,7,"0","0","0","0","0","-","0"
1,"lR2oMJ",1,443,2006,69,"Palestinian","GAZ","PSE",85,"Hungary","HUN","HUN",96,5,"0","0","0","0","0","-","0"
1,"lR2oMJ",1,444,2007,69,"Palestinian","GAZ","PSE",85,"Hungary","HUN","HUN",96,30,"0","0","0","0","0","-","0"
1,"lR2oMJ",1,445,2008,69,"Palestinian","GAZ","PSE",85,"Hungary","HUN","HUN",95,31,"0","0","0","0","0","-","0"
1,"lR2oMJ",1,446,2009,69,"Palestinian","GAZ","PSE",85,"Hungary","HUN","HUN",110,23,"0","0","0","0","0","-","0"
1,"lR2oMJ",1,447,2010,69,"Palestinian","GAZ","PSE",85,"Hungary","HUN","HUN",128,10,"0","0","0","0","0","-","0"
1,"lR2oMJ",1,448,2011,69,"Palestinian","GAZ","PSE",85,"Hungary","HUN","HUN",119,"0","0","0","0","0","0","-","0"
1,"lR2oMJ",1,449,2012,69,"Palestinian","GAZ","PSE",85,"Hungary","HUN","HUN",117,"0","0","0","0","0","0","-","0"
1,"lR2oMJ",1,450,2013,69,"Palestinian","GAZ","PSE",85,"Hungary","HUN","HUN",48,77,"0","0","0","0","0","-","0"
1,"lR2oMJ",1,451,2014,69,"Palestinian","GAZ","PSE",85,"Hungary","HUN","HUN",62,84,"0","0","0","0","0","-","0"
1,"lR2oMJ",1,452,2015,69,"Palestinian","GAZ","PSE",85,"Hungary","HUN","HUN",78,115,"0","0","0","0","0","-","0"
1,"lR2oMJ",1,453,2016,69,"Palestinian","GAZ","PSE",85,"Hungary","HUN","HUN",82,34,"0","0","0","0","0","-","0"
1,"lR2oMJ",1,454,2017,69,"Palestinian","GAZ","PSE",85,"Hungary","HUN","HUN",87,7,"0","0","0","0","0","-","0"
1,"lR2oMJ",1,455,2018,69,"Palestinian","GAZ","PSE",85,"Hungary","HUN","HUN",93,"0","0","0","0","0","0","-","0"
1,"lR2oMJ",1,456,2019,69,"Palestinian","GAZ","PSE",85,"Hungary","HUN","HUN",90,6,"0","0","0","0","0","-","0"
1,"lR2oMJ",1,457,2020,69,"Palestinian","GAZ","PSE",85,"Hungary","HUN","HUN",90,"0","0","0","0","0","0","-","0"
1,"lR2oMJ",1,458,2021,69,"Palestinian","GAZ","PSE",85,"Hungary","HUN","HUN",87,"0","0","0","0","0","0","-","0"
1,"lR2oMJ",1,459,2022,69,"Palestinian","GAZ","PSE",85,"Hungary","HUN","HUN",86,"0","0","0","0","0","0","-","0"
1,"lR2oMJ",1,460,2023,69,"Palestinian","GAZ","PSE",85,"Hungary","HUN","HUN",83,"0","0","0","0","0","0","-","0"
1,"lR2oMJ",1,461,2024,69,"Palestinian","GAZ","PSE",85,"Hungary","HUN","HUN",82,"0","0","0","0","0","0","-","0"
1,"lR2oMJ",1,462,2025,69,"Palestinian","GAZ","PSE",85,"Hungary","HUN","HUN",79,"0","0","0","0","0","0","-","0"
1,"lR2oMJ",1,463,2022,70,"United Kingdom of Great Britain and Northern Ireland","GBR","GBR",85,"Hungary","HUN","HUN",5,"0","0","0","0","0","0","-","0"
1,"lR2oMJ",1,464,2023,70,"United Kingdom of Great Britain and Northern Ireland","GBR","GBR",85,"Hungary","HUN","HUN",5,"0","0","0","0","0","0","-","0"
1,"lR2oMJ",1,465,2024,70,"United Kingdom of Great Britain and Northern Ireland","GBR","GBR",85,"Hungary","HUN","HUN",5,"0","0","0","0","0","0","-","0"
1,"lR2oMJ",1,466,2025,70,"United Kingdom of Great Britain and Northern Ireland","GBR","GBR",85,"Hungary","HUN","HUN",5,"0","0","0","0","0","0","-","0"
1,"lR2oMJ",1,467,1999,71,"Georgia","GEO","GEO",85,"Hungary","HUN","HUN",33,"0","0","0","0","0","0","-","0"
1,"lR2oMJ",1,468,2000,71,"Georgia","GEO","GEO",85,"Hungary","HUN","HUN",47,12,"0","0","0","0","0","-","0"
1,"lR2oMJ",1,469,2001,71,"Georgia","GEO","GEO",85,"Hungary","HUN","HUN",52,7,"0","0","0","0","0","-","0"
1,"lR2oMJ",1,470,2002,71,"Georgia","GEO","GEO",85,"Hungary","HUN","HUN",52,34,"0","0","0","0","0","-","0"
1,"lR2oMJ",1,471,2003,71,"Georgia","GEO","GEO",85,"Hungary","HUN","HUN",83,34,"0","0","0","0","0","-","0"
1,"lR2oMJ",1,472,2004,71,"Georgia","GEO","GEO",85,"Hungary","HUN","HUN",68,65,"0","0","0","0","0","-","0"
1,"lR2oMJ",1,473,2005,71,"Georgia","GEO","GEO",85,"Hungary","HUN","HUN",92,15,"0","0","0","0","0","-","0"
1,"lR2oMJ",1,474,2006,71,"Georgia","GEO","GEO",85,"Hungary","HUN","HUN",92,52,"0","0","0","0","0","-","0"
1,"lR2oMJ",1,475,2007,71,"Georgia","GEO","GEO",85,"Hungary","HUN","HUN",86,18,"0","0","0","0","0","-","0"
1,"lR2oMJ",1,476,2008,71,"Georgia","GEO","GEO",85,"Hungary","HUN","HUN",93,67,"0","0","0","0","0","-","0"
1,"lR2oMJ",1,477,2009,71,"Georgia","GEO","GEO",85,"Hungary","HUN","HUN",104,21,"0","0","0","0","0","-","0"
1,"lR2oMJ",1,478,2010,71,"Georgia","GEO","GEO",85,"Hungary","HUN","HUN",92,16,"0","0","0","0","0","-","0"
1,"lR2oMJ",1,479,2011,71,"Georgia","GEO","GEO",85,"Hungary","HUN","HUN",87,"0","0","0","0","0","0","-","0"
1,"lR2oMJ",1,480,2012,71,"Georgia","GEO","GEO",85,"Hungary","HUN","HUN",88,"0","0","0","0","0","0","-","0"
1,"lR2oMJ",1,481,2013,71,"Georgia","GEO","GEO",85,"Hungary","HUN","HUN",45,5,"0","0","0","0","0","-","0"
1,"lR2oMJ",1,482,2014,71,"Georgia","GEO","GEO",85,"Hungary","HUN","HUN",45,9,"0","0","0","0","0","-","0"
1,"lR2oMJ",1,483,2015,71,"Georgia","GEO","GEO",85,"Hungary","HUN","HUN",56,8,"0","0","0","0","0","-","0"
1,"lR2oMJ",1,484,2016,71,"Georgia","GEO","GEO",85,"Hungary","HUN","HUN",61,7,"0","0","0","0","0","-","0"
1,"lR2oMJ",1,485,2017,71,"Georgia","GEO","GEO",85,"Hungary","HUN","HUN",62,5,"0","0","0","0","0","-","0"
1,"lR2oMJ",1,486,2018,71,"Georgia","GEO","GEO",85,"Hungary","HUN","HUN",62,"0","0","0","0","0","0","-","0"
1,"lR2oMJ",1,487,2019,71,"Georgia","GEO","GEO",85,"Hungary","HUN","HUN",61,"0","0","0","0","0","0","-","0"
1,"lR2oMJ",1,488,2020,71,"Georgia","GEO","GEO",85,"Hungary","HUN","HUN",59,"0","0","0","0","0","0","-","0"
1,"lR2oMJ",1,489,2021,71,"Georgia","GEO","GEO",85,"Hungary","HUN","HUN",59,"0","0","0","0","0","0","-","0"
1,"lR2oMJ",1,490,2022,71,"Georgia","GEO","GEO",85,"Hungary","HUN","HUN",63,"0","0","0","0","0","0","-","0"
1,"lR2oMJ",1,491,2023,71,"Georgia","GEO","GEO",85,"Hungary","HUN","HUN",64,"0","0","0","0","0","0","-","0"
1,"lR2oMJ",1,492,2024,71,"Georgia","GEO","GEO",85,"Hungary","HUN","HUN",64,"0","0","0","0","0","0","-","0"
1,"lR2oMJ",1,493,2025,71,"Georgia","GEO","GEO",85,"Hungary","HUN","HUN",64,"0","0","0","0","0","0","-","0"
1,"lR2oMJ",1,494,2017,72,"Germany","GFR","DEU",85,"Hungary","HUN","HUN","0",5,"0","0","0","0","0","-","0"
1,"lR2oMJ",1,495,1999,73,"Ghana","GHA","GHA",85,"Hungary","HUN","HUN",8,"0","0","0","0","0","0","-","0"
1,"lR2oMJ",1,496,2000,73,"Ghana","GHA","GHA",85,"Hungary","HUN","HUN",5,6,"0","0","0","0","0","-","0"
1,"lR2oMJ",1,497,2001,73,"Ghana","GHA","GHA",85,"Hungary","HUN","HUN",5,7,"0","0","0","0","0","-","0"
1,"lR2oMJ",1,498,2002,73,"Ghana","GHA","GHA",85,"Hungary","HUN","HUN",5,5,"0","0","0","0","0","-","0"
1,"lR2oMJ",1,499,2003,73,"Ghana","GHA","GHA",85,"Hungary","HUN","HUN",5,5,"0","0","0","0","0","-","0"
1,"lR2oMJ",1,500,2004,73,"Ghana","GHA","GHA",85,"Hungary","HUN","HUN",12,"0","0","0","0","0","0","-","0"
1,"lR2oMJ",1,501,2005,73,"Ghana","GHA","GHA",85,"Hungary","HUN","HUN",10,5,"0","0","0","0","0","-","0"
1,"lR2oMJ",1,502,2006,73,"Ghana","GHA","GHA",85,"Hungary","HUN","HUN",10,"0","0","0","0","0","0","-","0"
1,"lR2oMJ",1,503,2007,73,"Ghana","GHA","GHA",85,"Hungary","HUN","HUN",11,"0","0","0","0","0","0","-","0"
1,"lR2oMJ",1,504,2008,73,"Ghana","GHA","GHA",85,"Hungary","HUN","HUN",11,5,"0","0","0","0","0","-","0"
1,"lR2oMJ",1,505,2009,73,"Ghana","GHA","GHA",85,"Hungary","HUN","HUN",5,"0","0","0","0","0","0","-","0"
1,"lR2oMJ",1,506,2013,73,"Ghana","GHA","GHA",85,"Hungary","HUN","HUN","0",56,"0","0","0","0","0","-","0"
1,"lR2oMJ",1,507,2014,73,"Ghana","GHA","GHA",85,"Hungary","HUN","HUN",5,32,"0","0","0","0","0","-","0"
1,"lR2oMJ",1,508,2015,73,"Ghana","GHA","GHA",85,"Hungary","HUN","HUN",5,46,"0","0","0","0","0","-","0"
1,"lR2oMJ",1,509,2016,73,"Ghana","GHA","GHA",85,"Hungary","HUN","HUN",5,"0","0","0","0","0","0","-","0"
1,"lR2oMJ",1,510,2017,73,"Ghana","GHA","GHA",85,"Hungary","HUN","HUN",7,"0","0","0","0","0","0","-","0"
1,"lR2oMJ",1,511,2018,73,"Ghana","GHA","GHA",85,"Hungary","HUN","HUN",7,"0","0","0","0","0","0","-","0"
1,"lR2oMJ",1,512,2019,73,"Ghana","GHA","GHA",85,"Hungary","HUN","HUN",5,"0","0","0","0","0","0","-","0"
1,"lR2oMJ",1,513,2020,73,"Ghana","GHA","GHA",85,"Hungary","HUN","HUN",5,"0","0","0","0","0","0","-","0"
1,"lR2oMJ",1,514,2021,73,"Ghana","GHA","GHA",85,"Hungary","HUN","HUN",5,"0","0","0","0","0","0","-","0"
1,"lR2oMJ",1,515,2022,73,"Ghana","GHA","GHA",85,"Hungary","HUN","HUN",12,"0","0","0","0","0","0","-","0"
1,"lR2oMJ",1,516,2023,73,"Ghana","GHA","GHA",85,"Hungary","HUN","HUN",11,"0","0","0","0","0","0","-","0"
1,"lR2oMJ",1,517,2024,73,"Ghana","GHA","GHA",85,"Hungary","HUN","HUN",11,"0","0","0","0","0","0","-","0"
1,"lR2oMJ",1,518,2025,73,"Ghana","GHA","GHA",85,"Hungary","HUN","HUN",11,"0","0","0","0","0","0","-","0"
1,"lR2oMJ",1,519,1999,79,"Guinea","GUI","GIN",85,"Hungary","HUN","HUN",5,"0","0","0","0","0","0","-","0"
1,"lR2oMJ",1,520,2000,79,"Guinea","GUI","GIN",85,"Hungary","HUN","HUN",5,"0","0","0","0","0","0","-","0"
1,"lR2oMJ",1,521,2001,79,"Guinea","GUI","GIN",85,"Hungary","HUN","HUN",5,"0","0","0","0","0","0","-","0"
1,"lR2oMJ",1,522,2002,79,"Guinea","GUI","GIN",85,"Hungary","HUN","HUN",5,"0","0","0","0","0","0","-","0"
1,"lR2oMJ",1,523,2003,79,"Guinea","GUI","GIN",85,"Hungary","HUN","HUN",5,"0","0","0","0","0","0","-","0"
1,"lR2oMJ",1,524,2005,79,"Guinea","GUI","GIN",85,"Hungary","HUN","HUN",5,"0","0","0","0","0","0","-","0"
1,"lR2oMJ",1,525,2006,79,"Guinea","GUI","GIN",85,"Hungary","HUN","HUN",7,"0","0","0","0","0","0","-","0"
1,"lR2oMJ",1,526,2007,79,"Guinea","GUI","GIN",85,"Hungary","HUN","HUN",8,"0","0","0","0","0","0","-","0"
1,"lR2oMJ",1,527,2008,79,"Guinea","GUI","GIN",85,"Hungary","HUN","HUN",7,"0","0","0","0","0","0","-","0"
1,"lR2oMJ",1,528,2009,79,"Guinea","GUI","GIN",85,"Hungary","HUN","HUN",7,"0","0","0","0","0","0","-","0"
1,"lR2oMJ",1,529,2010,79,"Guinea","GUI","GIN",85,"Hungary","HUN","HUN",9,"0","0","0","0","0","0","-","0"
1,"lR2oMJ",1,530,2011,79,"Guinea","GUI","GIN",85,"Hungary","HUN","HUN",9,"0","0","0","0","0","0","-","0"
1,"lR2oMJ",1,531,2012,79,"Guinea","GUI","GIN",85,"Hungary","HUN","HUN",9,"0","0","0","0","0","0","-","0"
1,"lR2oMJ",1,532,2013,79,"Guinea","GUI","GIN",85,"Hungary","HUN","HUN",6,13,"0","0","0","0","0","-","0"
1,"lR2oMJ",1,533,2014,79,"Guinea","GUI","GIN",85,"Hungary","HUN","HUN",6,8,"0","0","0","0","0","-","0"
1,"lR2oMJ",1,534,2015,79,"Guinea","GUI","GIN",85,"Hungary","HUN","HUN",5,21,"0","0","0","0","0","-","0"
1,"lR2oMJ",1,535,2016,79,"Guinea","GUI","GIN",85,"Hungary","HUN","HUN",6,"0","0","0","0","0","0","-","0"
1,"lR2oMJ",1,536,2017,79,"Guinea","GUI","GIN",85,"Hungary","HUN","HUN",5,"0","0","0","0","0","0","-","0"
1,"lR2oMJ",1,537,2018,79,"Guinea","GUI","GIN",85,"Hungary","HUN","HUN",5,"0","0","0","0","0","0","-","0"
1,"lR2oMJ",1,538,2019,79,"Guinea","GUI","GIN",85,"Hungary","HUN","HUN",5,"0","0","0","0","0","0","-","0"
1,"lR2oMJ",1,539,2020,79,"Guinea","GUI","GIN",85,"Hungary","HUN","HUN",5,"0","0","0","0","0","0","-","0"
1,"lR2oMJ",1,540,2021,79,"Guinea","GUI","GIN",85,"Hungary","HUN","HUN",5,"0","0","0","0","0","0","-","0"
1,"lR2oMJ",1,541,2022,79,"Guinea","GUI","GIN",85,"Hungary","HUN","HUN",5,"0","0","0","0","0","0","-","0"
1,"lR2oMJ",1,542,2023,79,"Guinea","GUI","GIN",85,"Hungary","HUN","HUN",5,"0","0","0","0","0","0","-","0"
1,"lR2oMJ",1,543,2024,79,"Guinea","GUI","GIN",85,"Hungary","HUN","HUN",5,"0","0","0","0","0","0","-","0"
1,"lR2oMJ",1,544,2025,79,"Guinea","GUI","GIN",85,"Hungary","HUN","HUN",5,"0","0","0","0","0","0","-","0"
1,"lR2oMJ",1,545,2009,80,"Guyana","GUY","GUY",85,"Hungary","HUN","HUN","0",5,"0","0","0","0","0","-","0"
1,"lR2oMJ",1,546,2010,80,"Guyana","GUY","GUY",85,"Hungary","HUN","HUN","0",5,"0","0","0","0","0","-","0"
1,"lR2oMJ",1,547,1993,84,"Croatia","HRV","HRV",85,"Hungary","HUN","HUN",129,"0","0","0","0","0","0","-","0"
1,"lR2oMJ",1,548,1994,84,"Croatia","HRV","HRV",85,"Hungary","HUN","HUN",17,"0","0","0","0","0","0","-","0"
1,"lR2oMJ",1,549,1999,84,"Croatia","HRV","HRV",85,"Hungary","HUN","HUN",34,"0","0","0","0","0","0","-","0"
1,"lR2oMJ",1,550,2000,84,"Croatia","HRV","HRV",85,"Hungary","HUN","HUN",33,"0","0","0","0","0","0","-","0"
1,"lR2oMJ",1,551,2001,84,"Croatia","HRV","HRV",85,"Hungary","HUN","HUN",33,"0","0","0","0","0","0","-","0"
1,"lR2oMJ",1,552,2002,84,"Croatia","HRV","HRV",85,"Hungary","HUN","HUN",33,"0","0","0","0","0","0","-","0"
1,"lR2oMJ",1,553,2003,84,"Croatia","HRV","HRV",85,"Hungary","HUN","HUN",33,"0","0","0","0","0","0","-","0"
1,"lR2oMJ",1,554,2005,84,"Croatia","HRV","HRV",85,"Hungary","HUN","HUN",5,"0","0","0","0","0","0","-","0"
1,"lR2oMJ",1,555,2013,84,"Croatia","HRV","HRV",85,"Hungary","HUN","HUN",7,"0","0","0","0","0","0","-","0"
1,"lR2oMJ",1,556,2014,84,"Croatia","HRV","HRV",85,"Hungary","HUN","HUN",7,"0","0","0","0","0","0","-","0"
1,"lR2oMJ",1,557,2015,84,"Croatia","HRV","HRV",85,"Hungary","HUN","HUN",5,"0","0","0","0","0","0","-","0"
1,"lR2oMJ",1,558,2016,84,"Croatia","HRV","HRV",85,"Hungary","HUN","HUN",5,"0","0","0","0","0","0","-","0"
1,"lR2oMJ",1,559,2005,87,"Cote d'Ivoire","ICO","CIV",85,"Hungary","HUN","HUN",5,"0","0","0","0","0","0","-","0"
1,"lR2oMJ",1,560,2006,87,"Cote d'Ivoire","ICO","CIV",85,"Hungary","HUN","HUN",6,7,"0","0","0","0","0","-","0"
1,"lR2oMJ",1,561,2007,87,"Cote d'Ivoire","ICO","CIV",85,"Hungary","HUN","HUN",16,"0","0","0","0","0","0","-","0"
1,"lR2oMJ",1,562,2008,87,"Cote d'Ivoire","ICO","CIV",85,"Hungary","HUN","HUN",14,"0","0","0","0","0","0","-","0"
1,"lR2oMJ",1,563,2009,87,"Cote d'Ivoire","ICO","CIV",85,"Hungary","HUN","HUN",18,"0","0","0","0","0","0","-","0"
1,"lR2oMJ",1,564,2010,87,"Cote d'Ivoire","ICO","CIV",85,"Hungary","HUN","HUN",18,"0","0","0","0","0","0","-","0"
1,"lR2oMJ",1,565,2011,87,"Cote d'Ivoire","ICO","CIV",85,"Hungary","HUN","HUN",18,"0","0","0","0","0","0","-","0"
1,"lR2oMJ",1,566,2012,87,"Cote d'Ivoire","ICO","CIV",85,"Hungary","HUN","HUN",18,"0","0","0","0","0","0","-","0"
1,"lR2oMJ",1,567,2013,87,"Cote d'Ivoire","ICO","CIV",85,"Hungary","HUN","HUN",5,29,"0","0","0","0","0","-","0"
1,"lR2oMJ",1,568,2014,87,"Cote d'Ivoire","ICO","CIV",85,"Hungary","HUN","HUN",11,13,"0","0","0","0","0","-","0"
1,"lR2oMJ",1,569,2015,87,"Cote d'Ivoire","ICO","CIV",85,"Hungary","HUN","HUN",21,29,"0","0","0","0","0","-","0"
1,"lR2oMJ",1,570,2016,87,"Cote d'Ivoire","ICO","CIV",85,"Hungary","HUN","HUN",15,"0","0","0","0","0","0","-","0"
1,"lR2oMJ",1,571,2017,87,"Cote d'Ivoire","ICO","CIV",85,"Hungary","HUN","HUN",15,"0","0","0","0","0","0","-","0"
1,"lR2oMJ",1,572,2018,87,"Cote d'Ivoire","ICO","CIV",85,"Hungary","HUN","HUN",15,"0","0","0","0","0","0","-","0"
1,"lR2oMJ",1,573,2019,87,"Cote d'Ivoire","ICO","CIV",85,"Hungary","HUN","HUN",15,"0","0","0","0","0","0","-","0"
1,"lR2oMJ",1,574,2020,87,"Cote d'Ivoire","ICO","CIV",85,"Hungary","HUN","HUN",15,"0","0","0","0","0","0","-","0"
1,"lR2oMJ",1,575,2021,87,"Cote d'Ivoire","ICO","CIV",85,"Hungary","HUN","HUN",15,"0","0","0","0","0","0","-","0"
1,"lR2oMJ",1,576,2022,87,"Cote d'Ivoire","ICO","CIV",85,"Hungary","HUN","HUN",15,"0","0","0","0","0","0","-","0"
1,"lR2oMJ",1,577,2023,87,"Cote d'Ivoire","ICO","CIV",85,"Hungary","HUN","HUN",15,"0","0","0","0","0","0","-","0"
1,"lR2oMJ",1,578,2024,87,"Cote d'Ivoire","ICO","CIV",85,"Hungary","HUN","HUN",15,"0","0","0","0","0","0","-","0"
1,"lR2oMJ",1,579,2025,87,"Cote d'Ivoire","ICO","CIV",85,"Hungary","HUN","HUN",15,"0","0","0","0","0","0","-","0"
1,"lR2oMJ",1,580,2000,88,"India","IND","IND",85,"Hungary","HUN","HUN","0",27,"0","0","0","0","0","-","0"
1,"lR2oMJ",1,581,2001,88,"India","IND","IND",85,"Hungary","HUN","HUN","0",73,"0","0","0","0","0","-","0"
1,"lR2oMJ",1,582,2002,88,"India","IND","IND",85,"Hungary","HUN","HUN","0",26,"0","0","0","0","0","-","0"
1,"lR2oMJ",1,583,2003,88,"India","IND","IND",85,"Hungary","HUN","HUN","0",30,"0","0","0","0","0","-","0"
1,"lR2oMJ",1,584,2004,88,"India","IND","IND",85,"Hungary","HUN","HUN","0",5,"0","0","0","0","0","-","0"
1,"lR2oMJ",1,585,2007,88,"India","IND","IND",85,"Hungary","HUN","HUN","0",5,"0","0","0","0","0","-","0"
1,"lR2oMJ",1,586,2013,88,"India","IND","IND",85,"Hungary","HUN","HUN",5,10,"0","0","0","0","0","-","0"
1,"lR2oMJ",1,587,2014,88,"India","IND","IND",85,"Hungary","HUN","HUN",5,"0","0","0","0","0","0","-","0"
1,"lR2oMJ",1,588,2015,88,"India","IND","IND",85,"Hungary","HUN","HUN",5,93,"0","0","0","0","0","-","0"
1,"lR2oMJ",1,589,2016,88,"India","IND","IND",85,"Hungary","HUN","HUN",5,8,"0","0","0","0","0","-","0"
1,"lR2oMJ",1,590,2017,88,"India","IND","IND",85,"Hungary","HUN","HUN",5,"0","0","0","0","0","0","-","0"
1,"lR2oMJ",1,591,2018,88,"India","IND","IND",85,"Hungary","HUN","HUN",5,"0","0","0","0","0","0","-","0"
1,"lR2oMJ",1,592,2022,88,"India","IND","IND",85,"Hungary","HUN","HUN",6,"0","0","0","0","0","0","-","0"
1,"lR2oMJ",1,593,2023,88,"India","IND","IND",85,"Hungary","HUN","HUN",5,"0","0","0","0","0","0","-","0"
1,"lR2oMJ",1,594,2024,88,"India","IND","IND",85,"Hungary","HUN","HUN",6,"0","0","0","0","0","0","-","0"
1,"lR2oMJ",1,595,2025,88,"India","IND","IND",85,"Hungary","HUN","HUN",6,"0","0","0","0","0","0","-","0"
1,"lR2oMJ",1,596,1999,91,"Iran (Islamic Rep. of)","IRN","IRN",85,"Hungary","HUN","HUN",11,"0","0","0","0","0","0","-","0"
1,"lR2oMJ",1,597,2000,91,"Iran (Islamic Rep. of)","IRN","IRN",85,"Hungary","HUN","HUN",14,19,"0","0","0","0","0","-","0"
1,"lR2oMJ",1,598,2001,91,"Iran (Islamic Rep. of)","IRN","IRN",85,"Hungary","HUN","HUN",14,40,"0","0","0","0","0","-","0"
1,"lR2oMJ",1,599,2002,91,"Iran (Islamic Rep. of)","IRN","IRN",85,"Hungary","HUN","HUN",38,41,"0","0","0","0","0","-","0"
1,"lR2oMJ",1,600,2003,91,"Iran (Islamic Rep. of)","IRN","IRN",85,"Hungary","HUN","HUN",94,52,"0","0","0","0","0","-","0"
1,"lR2oMJ",1,601,2004,91,"Iran (Islamic Rep. of)","IRN","IRN",85,"Hungary","HUN","HUN",146,16,"0","0","0","0","0","-","0"
1,"lR2oMJ",1,602,2005,91,"Iran (Islamic Rep. of)","IRN","IRN",85,"Hungary","HUN","HUN",153,6,"0","0","0","0","0","-","0"
1,"lR2oMJ",1,603,2006,91,"Iran (Islamic Rep. of)","IRN","IRN",85,"Hungary","HUN","HUN",160,7,"0","0","0","0","0","-","0"
1,"lR2oMJ",1,604,2007,91,"Iran (Islamic Rep. of)","IRN","IRN",85,"Hungary","HUN","HUN",164,5,"0","0","0","0","0","-","0"
1,"lR2oMJ",1,605,2008,91,"Iran (Islamic Rep. of)","IRN","IRN",85,"Hungary","HUN","HUN",161,6,"0","0","0","0","0","-","0"
1,"lR2oMJ",1,606,2009,91,"Iran (Islamic Rep. of)","IRN","IRN",85,"Hungary","HUN","HUN",164,36,"0","0","0","0","0","-","0"
1,"lR2oMJ",1,607,2010,91,"Iran (Islamic Rep. of)","IRN","IRN",85,"Hungary","HUN","HUN",164,13,"0","0","0","0","0","-","0"
1,"lR2oMJ",1,608,2011,91,"Iran (Islamic Rep. of)","IRN","IRN",85,"Hungary","HUN","HUN",167,"0","0","0","0","0","0","-","0"
1,"lR2oMJ",1,609,2012,91,"Iran (Islamic Rep. of)","IRN","IRN",85,"Hungary","HUN","HUN",145,"0","0","0","0","0","0","-","0"
1,"lR2oMJ",1,610,2013,91,"Iran (Islamic Rep. of)","IRN","IRN",85,"Hungary","HUN","HUN",69,10,"0","0","0","0","0","-","0"
1,"lR2oMJ",1,611,2014,91,"Iran (Islamic Rep. of)","IRN","IRN",85,"Hungary","HUN","HUN",68,83,"0","0","0","0","0","-","0"
1,"lR2oMJ",1,612,2015,91,"Iran (Islamic Rep. of)","IRN","IRN",85,"Hungary","HUN","HUN",104,354,"0","0","0","0","0","-","0"
1,"lR2oMJ",1,613,2016,91,"Iran (Islamic Rep. of)","IRN","IRN",85,"Hungary","HUN","HUN",112,129,"0","0","0","0","0","-","0"
1,"lR2oMJ",1,614,2017,91,"Iran (Islamic Rep. of)","IRN","IRN",85,"Hungary","HUN","HUN",142,46,"0","0","0","0","0","-","0"
1,"lR2oMJ",1,615,2018,91,"Iran (Islamic Rep. of)","IRN","IRN",85,"Hungary","HUN","HUN",176,8,"0","0","0","0","0","-","0"
1,"lR2oMJ",1,616,2019,91,"Iran (Islamic Rep. of)","IRN","IRN",85,"Hungary","HUN","HUN",178,7,"0","0","0","0","0","-","0"
1,"lR2oMJ",1,617,2020,91,"Iran (Islamic Rep. of)","IRN","IRN",85,"Hungary","HUN","HUN",184,5,"0","0","0","0","0","-","0"
1,"lR2oMJ",1,618,2021,91,"Iran (Islamic Rep. of)","IRN","IRN",85,"Hungary","HUN","HUN",193,5,"0","0","0","0","0","-","0"
1,"lR2oMJ",1,619,2022,91,"Iran (Islamic Rep. of)","IRN","IRN",85,"Hungary","HUN","HUN",197,"0","0","0","0","0","0","-","0"
1,"lR2oMJ",1,620,2023,91,"Iran (Islamic Rep. of)","IRN","IRN",85,"Hungary","HUN","HUN",194,"0","0","0","0","0","0","-","0"
1,"lR2oMJ",1,621,2024,91,"Iran (Islamic Rep. of)","IRN","IRN",85,"Hungary","HUN","HUN",193,"0","0","0","0","0","0","-","0"
1,"lR2oMJ",1,622,2025,91,"Iran (Islamic Rep. of)","IRN","IRN",85,"Hungary","HUN","HUN",193,5,"0","0","0","0","0","-","0"
1,"lR2oMJ",1,623,1993,92,"Iraq","IRQ","IRQ",85,"Hungary","HUN","HUN",11,"0","0","0","0","0","0","-","0"
1,"lR2oMJ",1,624,1994,92,"Iraq","IRQ","IRQ",85,"Hungary","HUN","HUN",17,"0","0","0","0","0","0","-","0"
1,"lR2oMJ",1,625,1999,92,"Iraq","IRQ","IRQ",85,"Hungary","HUN","HUN",159,"0","0","0","0","0","0","-","0"
1,"lR2oMJ",1,626,2000,92,"Iraq","IRQ","IRQ",85,"Hungary","HUN","HUN",201,281,"0","0","0","0","0","-","0"
1,"lR2oMJ",1,627,2001,92,"Iraq","IRQ","IRQ",85,"Hungary","HUN","HUN",258,293,"0","0","0","0","0","-","0"
1,"lR2oMJ",1,628,2002,92,"Iraq","IRQ","IRQ",85,"Hungary","HUN","HUN",700,369,"0","0","0","0","0","-","0"
1,"lR2oMJ",1,629,2003,92,"Iraq","IRQ","IRQ",85,"Hungary","HUN","HUN",938,73,5,"0","0","0","0","-","0"
1,"lR2oMJ",1,630,2004,92,"Iraq","IRQ","IRQ",85,"Hungary","HUN","HUN",1294,5,"0","0","0","0","0","-","0"
1,"lR2oMJ",1,631,2005,92,"Iraq","IRQ","IRQ",85,"Hungary","HUN","HUN",1252,5,"0","0","0","0","0","-","0"
1,"lR2oMJ",1,632,2006,92,"Iraq","IRQ","IRQ",85,"Hungary","HUN","HUN",1235,17,"0","0","0","0","0","-","0"
1,"lR2oMJ",1,633,2007,92,"Iraq","IRQ","IRQ",85,"Hungary","HUN","HUN",1272,33,"0","0","0","0","0","-","0"
1,"lR2oMJ",1,634,2008,92,"Iraq","IRQ","IRQ",85,"Hungary","HUN","HUN",1243,53,"0","0","0","0","0","-","0"
1,"lR2oMJ",1,635,2009,92,"Iraq","IRQ","IRQ",85,"Hungary","HUN","HUN",1166,8,"0","0","0","0","0","-","0"
1,"lR2oMJ",1,636,2010,92,"Iraq","IRQ","IRQ",85,"Hungary","HUN","HUN",1091,10,"0","0","0","0","0","-","0"
1,"lR2oMJ",1,637,2011,92,"Iraq","IRQ","IRQ",85,"Hungary","HUN","HUN",998,"0","0","0","0","0","0","-","0"
1,"lR2oMJ",1,638,2012,92,"Iraq","IRQ","IRQ",85,"Hungary","HUN","HUN",563,"0","0","0","0","0","0","-","0"
1,"lR2oMJ",1,639,2013,92,"Iraq","IRQ","IRQ",85,"Hungary","HUN","HUN",223,12,"0","0","0","0","0","-","0"
1,"lR2oMJ",1,640,2014,92,"Iraq","IRQ","IRQ",85,"Hungary","HUN","HUN",220,172,"0","0","0","0","0","-","0"
1,"lR2oMJ",1,641,2015,92,"Iraq","IRQ","IRQ",85,"Hungary","HUN","HUN",396,2265,"0","0","0","0","0","-","0"
1,"lR2oMJ",1,642,2016,92,"Iraq","IRQ","IRQ",85,"Hungary","HUN","HUN",466,396,"0","0","0","0","0","-","0"
1,"lR2oMJ",1,643,2017,92,"Iraq","IRQ","IRQ",85,"Hungary","HUN","HUN",598,121,"0","0","0","0","0","-","0"
1,"lR2oMJ",1,644,2018,92,"Iraq","IRQ","IRQ",85,"Hungary","HUN","HUN",672,22,"0","0","0","0","0","-","0"
1,"lR2oMJ",1,645,2019,92,"Iraq","IRQ","IRQ",85,"Hungary","HUN","HUN",621,68,"0","0","0","0","0","-","0"
1,"lR2oMJ",1,646,2020,92,"Iraq","IRQ","IRQ",85,"Hungary","HUN","HUN",635,6,"0","0","0","0","0","-","0"
1,"lR2oMJ",1,647,2021,92,"Iraq","IRQ","IRQ",85,"Hungary","HUN","HUN",608,"0","0","0","0","0","0","-","0"
1,"lR2oMJ",1,648,2022,92,"Iraq","IRQ","IRQ",85,"Hungary","HUN","HUN",592,"0","0","0","0","0","0","-","0"
1,"lR2oMJ",1,649,2023,92,"Iraq","IRQ","IRQ",85,"Hungary","HUN","HUN",586,"0","0","0","0","0","0","-","0"
1,"lR2oMJ",1,650,2024,92,"Iraq","IRQ","IRQ",85,"Hungary","HUN","HUN",581,"0","0","0","0","0","0","-","0"
1,"lR2oMJ",1,651,2025,92,"Iraq","IRQ","IRQ",85,"Hungary","HUN","HUN",569,"0","0","0","0","0","0","-","0"
1,"lR2oMJ",1,652,2022,93,"Israel","ISR","ISR",85,"Hungary","HUN","HUN",9,"0","0","0","0","0","0","-","0"
1,"lR2oMJ",1,653,2023,93,"Israel","ISR","ISR",85,"Hungary","HUN","HUN",16,"0","0","0","0","0","0","-","0"
1,"lR2oMJ",1,654,2024,93,"Israel","ISR","ISR",85,"Hungary","HUN","HUN",19,"0","0","0","0","0","0","-","0"
1,"lR2oMJ",1,655,2025,93,"Israel","ISR","ISR",85,"Hungary","HUN","HUN",20,"0","0","0","0","0","0","-","0"
1,"lR2oMJ",1,656,2015,96,"Jordan","JOR","JOR",85,"Hungary","HUN","HUN","0",6,"0","0","0","0","0","-","0"
1,"lR2oMJ",1,657,2016,96,"Jordan","JOR","JOR",85,"Hungary","HUN","HUN",5,"0","0","0","0","0","0","-","0"
1,"lR2oMJ",1,658,2022,96,"Jordan","JOR","JOR",85,"Hungary","HUN","HUN",5,"0","0","0","0","0","0","-","0"
1,"lR2oMJ",1,659,2023,96,"Jordan","JOR","JOR",85,"Hungary","HUN","HUN",5,"0","0","0","0","0","0","-","0"
1,"lR2oMJ",1,660,2024,96,"Jordan","JOR","JOR",85,"Hungary","HUN","HUN",6,"0","0","0","0","0","0","-","0"
1,"lR2oMJ",1,661,2025,96,"Jordan","JOR","JOR",85,"Hungary","HUN","HUN",6,"0","0","0","0","0","0","-","0"
1,"lR2oMJ",1,662,2000,98,"Kazakhstan","KAZ","KAZ",85,"Hungary","HUN","HUN","0",5,"0","0","0","0","0","-","0"
1,"lR2oMJ",1,663,2005,99,"Kenya","KEN","KEN",85,"Hungary","HUN","HUN",5,"0","0","0","0","0","0","-","0"
1,"lR2oMJ",1,664,2006,99,"Kenya","KEN","KEN",85,"Hungary","HUN","HUN",5,"0","0","0","0","0","0","-","0"
1,"lR2oMJ",1,665,2007,99,"Kenya","KEN","KEN",85,"Hungary","HUN","HUN",5,"0","0","0","0","0","0","-","0"
1,"lR2oMJ",1,666,2008,99,"Kenya","KEN","KEN",85,"Hungary","HUN","HUN",5,5,"0","0","0","0","0","-","0"
1,"lR2oMJ",1,667,2009,99,"Kenya","KEN","KEN",85,"Hungary","HUN","HUN",5,5,"0","0","0","0","0","-","0"
1,"lR2oMJ",1,668,2010,99,"Kenya","KEN","KEN",85,"Hungary","HUN","HUN",5,5,"0","0","0","0","0","-","0"
1,"lR2oMJ",1,669,2011,99,"Kenya","KEN","KEN",85,"Hungary","HUN","HUN",5,"0","0","0","0","0","0","-","0"
1,"lR2oMJ",1,670,2012,99,"Kenya","KEN","KEN",85,"Hungary","HUN","HUN",5,"0","0","0","0","0","0","-","0"
1,"lR2oMJ",1,671,2016,100,"Kyrgyzstan","KGZ","KGZ",85,"Hungary","HUN","HUN","0",5,"0","0","0","0","0","-","0"
1,"lR2oMJ",1,672,1999,106,"Liberia","LBR","LBR",85,"Hungary","HUN","HUN",7,"0","0","0","0","0","0","-","0"
1,"lR2oMJ",1,673,2000,106,"Liberia","LBR","LBR",85,"Hungary","HUN","HUN",7,"0","0","0","0","0","0","-","0"
1,"lR2oMJ",1,674,2001,106,"Liberia","LBR","LBR",85,"Hungary","HUN","HUN",7,"0","0","0","0","0","0","-","0"
1,"lR2oMJ",1,675,2002,106,"Liberia","LBR","LBR",85,"Hungary","HUN","HUN",8,5,"0","0","0","0","0","-","0"
1,"lR2oMJ",1,676,2003,106,"Liberia","LBR","LBR",85,"Hungary","HUN","HUN",10,"0","0","0","0","0","0","-","0"
1,"lR2oMJ",1,677,2004,106,"Liberia","LBR","LBR",85,"Hungary","HUN","HUN",18,"0","0","0","0","0","0","-","0"
1,"lR2oMJ",1,678,2005,106,"Liberia","LBR","LBR",85,"Hungary","HUN","HUN",26,"0","0","0","0","0","0","-","0"
1,"lR2oMJ",1,679,2006,106,"Liberia","LBR","LBR",85,"Hungary","HUN","HUN",28,"0","0","0","0","0","0","-","0"
1,"lR2oMJ",1,680,2007,106,"Liberia","LBR","LBR",85,"Hungary","HUN","HUN",22,5,"0","0","0","0","0","-","0"
1,"lR2oMJ",1,681,2008,106,"Liberia","LBR","LBR",85,"Hungary","HUN","HUN",17,6,"0","0","0","0","0","-","0"
1,"lR2oMJ",1,682,2009,106,"Liberia","LBR","LBR",85,"Hungary","HUN","HUN",17,5,"0","0","0","0","0","-","0"
1,"lR2oMJ",1,683,2010,106,"Liberia","LBR","LBR",85,"Hungary","HUN","HUN",17,5,"0","0","0","0","0","-","0"
1,"lR2oMJ",1,684,2011,106,"Liberia","LBR","LBR",85,"Hungary","HUN","HUN",17,"0","0","0","0","0","0","-","0"
1,"lR2oMJ",1,685,2012,106,"Liberia","LBR","LBR",85,"Hungary","HUN","HUN",16,"0","0","0","0","0","0","-","0"
1,"lR2oMJ",1,686,2014,106,"Liberia","LBR","LBR",85,"Hungary","HUN","HUN","0",5,"0","0","0","0","0","-","0"
1,"lR2oMJ",1,687,2015,106,"Liberia","LBR","LBR",85,"Hungary","HUN","HUN","0",5,"0","0","0","0","0","-","0"
1,"lR2oMJ",1,688,2001,107,"Libya","LBY","LBY",85,"Hungary","HUN","HUN","0",5,"0","0","0","0","0","-","0"
1,"lR2oMJ",1,689,2002,107,"Libya","LBY","LBY",85,"Hungary","HUN","HUN","0",5,"0","0","0","0","0","-","0"
1,"lR2oMJ",1,690,2005,107,"Libya","LBY","LBY",85,"Hungary","HUN","HUN",8,"0","0","0","0","0","0","-","0"
1,"lR2oMJ",1,691,2006,107,"Libya","LBY","LBY",85,"Hungary","HUN","HUN",8,"0","0","0","0","0","0","-","0"
1,"lR2oMJ",1,692,2007,107,"Libya","LBY","LBY",85,"Hungary","HUN","HUN",8,"0","0","0","0","0","0","-","0"
1,"lR2oMJ",1,693,2008,107,"Libya","LBY","LBY",85,"Hungary","HUN","HUN",8,"0","0","0","0","0","0","-","0"
1,"lR2oMJ",1,694,2009,107,"Libya","LBY","LBY",85,"Hungary","HUN","HUN",9,"0","0","0","0","0","0","-","0"
1,"lR2oMJ",1,695,2010,107,"Libya","LBY","LBY",85,"Hungary","HUN","HUN",9,"0","0","0","0","0","0","-","0"
1,"lR2oMJ",1,696,2011,107,"Libya","LBY","LBY",85,"Hungary","HUN","HUN",13,"0","0","0","0","0","0","-","0"
1,"lR2oMJ",1,697,2012,107,"Libya","LBY","LBY",85,"Hungary","HUN","HUN",14,"0","0","0","0","0","0","-","0"
1,"lR2oMJ",1,698,2014,107,"Libya","LBY","LBY",85,"Hungary","HUN","HUN","0",5,"0","0","0","0","0","-","0"
1,"lR2oMJ",1,699,2015,107,"Libya","LBY","LBY",85,"Hungary","HUN","HUN",5,5,"0","0","0","0","0","-","0"
1,"lR2oMJ",1,700,2016,107,"Libya","LBY","LBY",85,"Hungary","HUN","HUN",5,9,"0","0","0","0","0","-","0"
1,"lR2oMJ",1,701,2017,107,"Libya","LBY","LBY",85,"Hungary","HUN","HUN",6,"0","0","0","0","0","0","-","0"
1,"lR2oMJ",1,702,2018,107,"Libya","LBY","LBY",85,"Hungary","HUN","HUN",7,"0","0","0","0","0","0","-","0"
1,"lR2oMJ",1,703,2019,107,"Libya","LBY","LBY",85,"Hungary","HUN","HUN",7,"0","0","0","0","0","0","-","0"
1,"lR2oMJ",1,704,2020,107,"Libya","LBY","LBY",85,"Hungary","HUN","HUN",7,"0","0","0","0","0","0","-","0"
1,"lR2oMJ",1,705,2021,107,"Libya","LBY","LBY",85,"Hungary","HUN","HUN",7,"0","0","0","0","0","0","-","0"
1,"lR2oMJ",1,706,2022,107,"Libya","LBY","LBY",85,"Hungary","HUN","HUN",7,"0","0","0","0","0","0","-","0"
1,"lR2oMJ",1,707,2023,107,"Libya","LBY","LBY",85,"Hungary","HUN","HUN",8,"0","0","0","0","0","0","-","0"
1,"lR2oMJ",1,708,2024,107,"Libya","LBY","LBY",85,"Hungary","HUN","HUN",6,"0","0","0","0","0","0","-","0"
1,"lR2oMJ",1,709,2025,107,"Libya","LBY","LBY",85,"Hungary","HUN","HUN",6,"0","0","0","0","0","0","-","0"
1,"lR2oMJ",1,710,2000,109,"Lebanon","LEB","LBN",85,"Hungary","HUN","HUN","0",6,"0","0","0","0","0","-","0"
1,"lR2oMJ",1,711,2001,109,"Lebanon","LEB","LBN",85,"Hungary","HUN","HUN",5,"0","0","0","0","0","0","-","0"
1,"lR2oMJ",1,712,2002,109,"Lebanon","LEB","LBN",85,"Hungary","HUN","HUN",5,"0","0","0","0","0","0","-","0"
1,"lR2oMJ",1,713,2003,109,"Lebanon","LEB","LBN",85,"Hungary","HUN","HUN",5,"0","0","0","0","0","0","-","0"
1,"lR2oMJ",1,714,2004,109,"Lebanon","LEB","LBN",85,"Hungary","HUN","HUN",5,"0","0","0","0","0","0","-","0"
1,"lR2oMJ",1,715,2005,109,"Lebanon","LEB","LBN",85,"Hungary","HUN","HUN",6,"0","0","0","0","0","0","-","0"
1,"lR2oMJ",1,716,2006,109,"Lebanon","LEB","LBN",85,"Hungary","HUN","HUN",5,"0","0","0","0","0","0","-","0"
1,"lR2oMJ",1,717,2007,109,"Lebanon","LEB","LBN",85,"Hungary","HUN","HUN",7,"0","0","0","0","0","0","-","0"
1,"lR2oMJ",1,718,2008,109,"Lebanon","LEB","LBN",85,"Hungary","HUN","HUN",6,9,"0","0","0","0","0","-","0"
1,"lR2oMJ",1,719,2009,109,"Lebanon","LEB","LBN",85,"Hungary","HUN","HUN",6,7,"0","0","0","0","0","-","0"
1,"lR2oMJ",1,720,2010,109,"Lebanon","LEB","LBN",85,"Hungary","HUN","HUN",13,5,"0","0","0","0","0","-","0"
1,"lR2oMJ",1,721,2011,109,"Lebanon","LEB","LBN",85,"Hungary","HUN","HUN",12,"0","0","0","0","0","0","-","0"
1,"lR2oMJ",1,722,2012,109,"Lebanon","LEB","LBN",85,"Hungary","HUN","HUN",12,"0","0","0","0","0","0","-","0"
1,"lR2oMJ",1,723,2013,109,"Lebanon","LEB","LBN",85,"Hungary","HUN","HUN",11,"0","0","0","0","0","0","-","0"
1,"lR2oMJ",1,724,2014,109,"Lebanon","LEB","LBN",85,"Hungary","HUN","HUN",13,"0","0","0","0","0","0","-","0"
1,"lR2oMJ",1,725,2015,109,"Lebanon","LEB","LBN",85,"Hungary","HUN","HUN",13,13,"0","0","0","0","0","-","0"
1,"lR2oMJ",1,726,2016,109,"Lebanon","LEB","LBN",85,"Hungary","HUN","HUN",7,8,"0","0","0","0","0","-","0"
1,"lR2oMJ",1,727,2017,109,"Lebanon","LEB","LBN",85,"Hungary","HUN","HUN",7,"0","0","0","0","0","0","-","0"
1,"lR2oMJ",1,728,2018,109,"Lebanon","LEB","LBN",85,"Hungary","HUN","HUN",7,"0","0","0","0","0","0","-","0"
1,"lR2oMJ",1,729,2019,109,"Lebanon","LEB","LBN",85,"Hungary","HUN","HUN",5,"0","0","0","0","0","0","-","0"
1,"lR2oMJ",1,730,2020,109,"Lebanon","LEB","LBN",85,"Hungary","HUN","HUN",5,"0","0","0","0","0","0","-","0"
1,"lR2oMJ",1,731,2021,109,"Lebanon","LEB","LBN",85,"Hungary","HUN","HUN",5,"0","0","0","0","0","0","-","0"
1,"lR2oMJ",1,732,2022,109,"Lebanon","LEB","LBN",85,"Hungary","HUN","HUN",5,"0","0","0","0","0","0","-","0"
1,"lR2oMJ",1,733,2023,109,"Lebanon","LEB","LBN",85,"Hungary","HUN","HUN",5,"0","0","0","0","0","0","-","0"
1,"lR2oMJ",1,734,2024,109,"Lebanon","LEB","LBN",85,"Hungary","HUN","HUN",5,"0","0","0","0","0","0","-","0"
1,"lR2oMJ",1,735,2025,109,"Lebanon","LEB","LBN",85,"Hungary","HUN","HUN",5,"0","0","0","0","0","0","-","0"
1,"lR2oMJ",1,736,2000,112,"Sri Lanka","LKA","LKA",85,"Hungary","HUN","HUN","0",17,"0","0","0","0","0","-","0"
1,"lR2oMJ",1,737,2001,112,"Sri Lanka","LKA","LKA",85,"Hungary","HUN","HUN","0",11,"0","0","0","0","0","-","0"
1,"lR2oMJ",1,738,2002,112,"Sri Lanka","LKA","LKA",85,"Hungary","HUN","HUN","0",11,"0","0","0","0","0","-","0"
1,"lR2oMJ",1,739,2003,112,"Sri Lanka","LKA","LKA",85,"Hungary","HUN","HUN",5,5,"0","0","0","0","0","-","0"
1,"lR2oMJ",1,740,2004,112,"Sri Lanka","LKA","LKA",85,"Hungary","HUN","HUN",5,"0","0","0","0","0","0","-","0"
1,"lR2oMJ",1,741,2005,112,"Sri Lanka","LKA","LKA",85,"Hungary","HUN","HUN",5,"0","0","0","0","0","0","-","0"
1,"lR2oMJ",1,742,2006,112,"Sri Lanka","LKA","LKA",85,"Hungary","HUN","HUN",5,"0","0","0","0","0","0","-","0"
1,"lR2oMJ",1,743,2007,112,"Sri Lanka","LKA","LKA",85,"Hungary","HUN","HUN",5,5,"0","0","0","0","0","-","0"
1,"lR2oMJ",1,744,2008,112,"Sri Lanka","LKA","LKA",85,"Hungary","HUN","HUN",7,5,"0","0","0","0","0","-","0"
1,"lR2oMJ",1,745,2009,112,"Sri Lanka","LKA","LKA",85,"Hungary","HUN","HUN",10,7,"0","0","0","0","0","-","0"
1,"lR2oMJ",1,746,2010,112,"Sri Lanka","LKA","LKA",85,"Hungary","HUN","HUN",18,"0","0","0","0","0","0","-","0"
1,"lR2oMJ",1,747,2011,112,"Sri Lanka","LKA","LKA",85,"Hungary","HUN","HUN",21,"0","0","0","0","0","0","-","0"
1,"lR2oMJ",1,748,2012,112,"Sri Lanka","LKA","LKA",85,"Hungary","HUN","HUN",21,"0","0","0","0","0","0","-","0"
1,"lR2oMJ",1,749,2013,112,"Sri Lanka","LKA","LKA",85,"Hungary","HUN","HUN",17,"0","0","0","0","0","0","-","0"
1,"lR2oMJ",1,750,2014,112,"Sri Lanka","LKA","LKA",85,"Hungary","HUN","HUN",11,7,"0","0","0","0","0","-","0"
1,"lR2oMJ",1,751,2015,112,"Sri Lanka","LKA","LKA",85,"Hungary","HUN","HUN",12,35,"0","0","0","0","0","-","0"
1,"lR2oMJ",1,752,2016,112,"Sri Lanka","LKA","LKA",85,"Hungary","HUN","HUN",12,8,"0","0","0","0","0","-","0"
1,"lR2oMJ",1,753,2017,112,"Sri Lanka","LKA","LKA",85,"Hungary","HUN","HUN",12,"0","0","0","0","0","0","-","0"
1,"lR2oMJ",1,754,2018,112,"Sri Lanka","LKA","LKA",85,"Hungary","HUN","HUN",12,"0","0","0","0","0","0","-","0"
1,"lR2oMJ",1,755,2019,112,"Sri Lanka","LKA","LKA",85,"Hungary","HUN","HUN",12,"0","0","0","0","0","0","-","0"
1,"lR2oMJ",1,756,2020,112,"Sri Lanka","LKA","LKA",85,"Hungary","HUN","HUN",11,"0","0","0","0","0","0","-","0"
1,"lR2oMJ",1,757,2021,112,"Sri Lanka","LKA","LKA",85,"Hungary","HUN","HUN",11,"0","0","0","0","0","0","-","0"
1,"lR2oMJ",1,758,2022,112,"Sri Lanka","LKA","LKA",85,"Hungary","HUN","HUN",11,"0","0","0","0","0","0","-","0"
1,"lR2oMJ",1,759,2023,112,"Sri Lanka","LKA","LKA",85,"Hungary","HUN","HUN",11,"0","0","0","0","0","0","-","0"
1,"lR2oMJ",1,760,2024,112,"Sri Lanka","LKA","LKA",85,"Hungary","HUN","HUN",11,"0","0","0","0","0","0","-","0"
1,"lR2oMJ",1,761,2025,112,"Sri Lanka","LKA","LKA",85,"Hungary","HUN","HUN",11,"0","0","0","0","0","0","-","0"
1,"lR2oMJ",1,762,2013,119,"Mauritania","MAU","MRT",85,"Hungary","HUN","HUN","0",14,"0","0","0","0","0","-","0"
1,"lR2oMJ",1,763,2014,119,"Mauritania","MAU","MRT",85,"Hungary","HUN","HUN",5,"0","0","0","0","0","0","-","0"
1,"lR2oMJ",1,764,2015,119,"Mauritania","MAU","MRT",85,"Hungary","HUN","HUN",5,28,"0","0","0","0","0","-","0"
1,"lR2oMJ",1,765,2016,119,"Mauritania","MAU","MRT",85,"Hungary","HUN","HUN",5,"0","0","0","0","0","0","-","0"
1,"lR2oMJ",1,766,1999,120,"North Macedonia","MCD","MKD",85,"Hungary","HUN","HUN",5,"0","0","0","0","0","0","-","0"
1,"lR2oMJ",1,767,2000,120,"North Macedonia","MCD","MKD",85,"Hungary","HUN","HUN",5,"0","0","0","0","0","0","-","0"
1,"lR2oMJ",1,768,2001,120,"North Macedonia","MCD","MKD",85,"Hungary","HUN","HUN","0",19,"0","0","0","0","0","-","0"
1,"lR2oMJ",1,769,2002,120,"North Macedonia","MCD","MKD",85,"Hungary","HUN","HUN","0",12,"0","0","0","0","0","-","0"
1,"lR2oMJ",1,770,2003,120,"North Macedonia","MCD","MKD",85,"Hungary","HUN","HUN","0",5,"0","0","0","0","0","-","0"
1,"lR2oMJ",1,771,2004,120,"North Macedonia","MCD","MKD",85,"Hungary","HUN","HUN",5,"0","0","0","0","0","0","-","0"
1,"lR2oMJ",1,772,2005,120,"North Macedonia","MCD","MKD",85,"Hungary","HUN","HUN",7,"0","0","0","0","0","0","-","0"
1,"lR2oMJ",1,773,2006,120,"North Macedonia","MCD","MKD",85,"Hungary","HUN","HUN",7,5,"0","0","0","0","0","-","0"
1,"lR2oMJ",1,774,2007,120,"North Macedonia","MCD","MKD",85,"Hungary","HUN","HUN",6,"0","0","0","0","0","0","-","0"
1,"lR2oMJ",1,775,2008,120,"North Macedonia","MCD","MKD",85,"Hungary","HUN","HUN",5,12,"0","0","0","0","0","-","0"
1,"lR2oMJ",1,776,2009,120,"North Macedonia","MCD","MKD",85,"Hungary","HUN","HUN",5,"0","0","0","0","0","0","-","0"
1,"lR2oMJ",1,777,2010,120,"North Macedonia","MCD","MKD",85,"Hungary","HUN","HUN",5,"0","0","0","0","0","0","-","0"
1,"lR2oMJ",1,778,2011,120,"North Macedonia","MCD","MKD",85,"Hungary","HUN","HUN",5,"0","0","0","0","0","0","-","0"
1,"lR2oMJ",1,779,2012,120,"North Macedonia","MCD","MKD",85,"Hungary","HUN","HUN",5,"0","0","0","0","0","0","-","0"
1,"lR2oMJ",1,780,2001,122,"Rep. of Moldova","MDA","MDA",85,"Hungary","HUN","HUN","0",6,"0","0","0","0","0","-","0"
1,"lR2oMJ",1,781,2003,122,"Rep. of Moldova","MDA","MDA",85,"Hungary","HUN","HUN","0",5,"0","0","0","0","0","-","0"
1,"lR2oMJ",1,782,2004,122,"Rep. of Moldova","MDA","MDA",85,"Hungary","HUN","HUN",5,5,"0","0","0","0","0","-","0"
1,"lR2oMJ",1,783,2005,122,"Rep. of Moldova","MDA","MDA",85,"Hungary","HUN","HUN",5,"0","0","0","0","0","0","-","0"
1,"lR2oMJ",1,784,2006,122,"Rep. of Moldova","MDA","MDA",85,"Hungary","HUN","HUN",5,11,"0","0","0","0","0","-","0"
1,"lR2oMJ",1,785,2007,122,"Rep. of Moldova","MDA","MDA",85,"Hungary","HUN","HUN",5,6,"0","0","0","0","0","-","0"
1,"lR2oMJ",1,786,2008,122,"Rep. of Moldova","MDA","MDA",85,"Hungary","HUN","HUN",5,5,"0","0","0","0","0","-","0"
1,"lR2oMJ",1,787,2009,122,"Rep. of Moldova","MDA","MDA",85,"Hungary","HUN","HUN",5,6,"0","0","0","0","0","-","0"
1,"lR2oMJ",1,788,2010,122,"Rep. of Moldova","MDA","MDA",85,"Hungary","HUN","HUN",5,5,"0","0","0","0","0","-","0"
1,"lR2oMJ",1,789,2011,122,"Rep. of Moldova","MDA","MDA",85,"Hungary","HUN","HUN",5,"0","0","0","0","0","0","-","0"
1,"lR2oMJ",1,790,2012,122,"Rep. of Moldova","MDA","MDA",85,"Hungary","HUN","HUN",5,"0","0","0","0","0","0","-","0"
1,"lR2oMJ",1,791,2013,122,"Rep. of Moldova","MDA","MDA",85,"Hungary","HUN","HUN",5,5,"0","0","0","0","0","-","0"
1,"lR2oMJ",1,792,2014,122,"Rep. of Moldova","MDA","MDA",85,"Hungary","HUN","HUN",5,"0","0","0","0","0","0","-","0"
1,"lR2oMJ",1,793,2015,122,"Rep. of Moldova","MDA","MDA",85,"Hungary","HUN","HUN",5,"0","0","0","0","0","0","-","0"
1,"lR2oMJ",1,794,2016,122,"Rep. of Moldova","MDA","MDA",85,"Hungary","HUN","HUN",5,"0","0","0","0","0","0","-","0"
1,"lR2oMJ",1,795,2017,122,"Rep. of Moldova","MDA","MDA",85,"Hungary","HUN","HUN",5,"0","0","0","0","0","0","-","0"
1,"lR2oMJ",1,796,2018,122,"Rep. of Moldova","MDA","MDA",85,"Hungary","HUN","HUN",5,"0","0","0","0","0","0","-","0"
1,"lR2oMJ",1,797,2019,122,"Rep. of Moldova","MDA","MDA",85,"Hungary","HUN","HUN",5,"0","0","0","0","0","0","-","0"
1,"lR2oMJ",1,798,2020,122,"Rep. of Moldova","MDA","MDA",85,"Hungary","HUN","HUN",5,"0","0","0","0","0","0","-","0"
1,"lR2oMJ",1,799,2021,122,"Rep. of Moldova","MDA","MDA",85,"Hungary","HUN","HUN",5,"0","0","0","0","0","0","-","0"
1,"lR2oMJ",1,800,2022,122,"Rep. of Moldova","MDA","MDA",85,"Hungary","HUN","HUN",11,"0","0","0","0","0","0","-","0"
1,"lR2oMJ",1,801,2023,122,"Rep. of Moldova","MDA","MDA",85,"Hungary","HUN","HUN",10,"0","0","0","0","0","0","-","0"
1,"lR2oMJ",1,802,2024,122,"Rep. of Moldova","MDA","MDA",85,"Hungary","HUN","HUN",11,"0","0","0","0","0","0","-","0"
1,"lR2oMJ",1,803,2025,122,"Rep. of Moldova","MDA","MDA",85,"Hungary","HUN","HUN",13,"0","0","0","0","0","0","-","0"
1,"lR2oMJ",1,804,2013,126,"Mali","MLI","MLI",85,"Hungary","HUN","HUN","0",19,"0","0","0","0","0","-","0"
1,"lR2oMJ",1,805,2014,126,"Mali","MLI","MLI",85,"Hungary","HUN","HUN","0",17,"0","0","0","0","0","-","0"
1,"lR2oMJ",1,806,2015,126,"Mali","MLI","MLI",85,"Hungary","HUN","HUN",5,47,"0","0","0","0","0","-","0"
1,"lR2oMJ",1,807,2016,126,"Mali","MLI","MLI",85,"Hungary","HUN","HUN",5,5,"0","0","0","0","0","-","0"
1,"lR2oMJ",1,808,2017,126,"Mali","MLI","MLI",85,"Hungary","HUN","HUN",5,5,"0","0","0","0","0","-","0"
1,"lR2oMJ",1,809,2018,126,"Mali","MLI","MLI",85,"Hungary","HUN","HUN",5,"0","0","0","0","0","0","-","0"
1,"lR2oMJ",1,810,2001,129,"Mongolia","MNG","MNG",85,"Hungary","HUN","HUN","0",5,"0","0","0","0","0","-","0"
1,"lR2oMJ",1,811,2004,129,"Mongolia","MNG","MNG",85,"Hungary","HUN","HUN","0",5,"0","0","0","0","0","-","0"
1,"lR2oMJ",1,812,2006,129,"Mongolia","MNG","MNG",85,"Hungary","HUN","HUN","0",16,"0","0","0","0","0","-","0"
1,"lR2oMJ",1,813,2007,129,"Mongolia","MNG","MNG",85,"Hungary","HUN","HUN","0",29,"0","0","0","0","0","-","0"
1,"lR2oMJ",1,814,2008,129,"Mongolia","MNG","MNG",85,"Hungary","HUN","HUN","0",33,"0","0","0","0","0","-","0"
1,"lR2oMJ",1,815,2009,129,"Mongolia","MNG","MNG",85,"Hungary","HUN","HUN","0",5,"0","0","0","0","0","-","0"
1,"lR2oMJ",1,816,2000,130,"Morocco","MOR","MAR",85,"Hungary","HUN","HUN","0",5,"0","0","0","0","0","-","0"
1,"lR2oMJ",1,817,2007,130,"Morocco","MOR","MAR",85,"Hungary","HUN","HUN",5,"0","0","0","0","0","0","-","0"
1,"lR2oMJ",1,818,2009,130,"Morocco","MOR","MAR",85,"Hungary","HUN","HUN","0",5,"0","0","0","0","0","-","0"
1,"lR2oMJ",1,819,2013,130,"Morocco","MOR","MAR",85,"Hungary","HUN","HUN","0",7,"0","0","0","0","0","-","0"
1,"lR2oMJ",1,820,2014,130,"Morocco","MOR","MAR",85,"Hungary","HUN","HUN","0",5,"0","0","0","0","0","-","0"
1,"lR2oMJ",1,821,2015,130,"Morocco","MOR","MAR",85,"Hungary","HUN","HUN","0",24,"0","0","0","0","0","-","0"
1,"lR2oMJ",1,822,2016,130,"Morocco","MOR","MAR",85,"Hungary","HUN","HUN","0",43,"0","0","0","0","0","-","0"
1,"lR2oMJ",1,823,2022,130,"Morocco","MOR","MAR",85,"Hungary","HUN","HUN",5,"0","0","0","0","0","0","-","0"
1,"lR2oMJ",1,824,2023,130,"Morocco","MOR","MAR",85,"Hungary","HUN","HUN",5,"0","0","0","0","0","0","-","0"
1,"lR2oMJ",1,825,2024,130,"Morocco","MOR","MAR",85,"Hungary","HUN","HUN",5,"0","0","0","0","0","0","-","0"
1,"lR2oMJ",1,826,2025,130,"Morocco","MOR","MAR",85,"Hungary","HUN","HUN",5,"0","0","0","0","0","0","-","0"
1,"lR2oMJ",1,827,2008,133,"Montenegro","MNE","MNE",85,"Hungary","HUN","HUN","0",6,"0","0","0","0","0","-","0"
1,"lR2oMJ",1,828,2007,135,"Myanmar","MYA","MMR",85,"Hungary","HUN","HUN",5,"0","0","0","0","0","0","-","0"
1,"lR2oMJ",1,829,2008,135,"Myanmar","MYA","MMR",85,"Hungary","HUN","HUN",5,"0","0","0","0","0","0","-","0"
1,"lR2oMJ",1,830,2009,135,"Myanmar","MYA","MMR",85,"Hungary","HUN","HUN",5,"0","0","0","0","0","0","-","0"
1,"lR2oMJ",1,831,2010,135,"Myanmar","MYA","MMR",85,"Hungary","HUN","HUN",5,"0","0","0","0","0","0","-","0"
1,"lR2oMJ",1,832,2011,135,"Myanmar","MYA","MMR",85,"Hungary","HUN","HUN",5,"0","0","0","0","0","0","-","0"
1,"lR2oMJ",1,833,2012,135,"Myanmar","MYA","MMR",85,"Hungary","HUN","HUN",5,"0","0","0","0","0","0","-","0"
1,"lR2oMJ",1,834,2013,135,"Myanmar","MYA","MMR",85,"Hungary","HUN","HUN","0",5,"0","0","0","0","0","-","0"
1,"lR2oMJ",1,835,2014,135,"Myanmar","MYA","MMR",85,"Hungary","HUN","HUN",5,"0","0","0","0","0","0","-","0"
1,"lR2oMJ",1,836,2015,135,"Myanmar","MYA","MMR",85,"Hungary","HUN","HUN",5,25,"0","0","0","0","0","-","0"
1,"lR2oMJ",1,837,2016,135,"Myanmar","MYA","MMR",85,"Hungary","HUN","HUN",5,"0","0","0","0","0","0","-","0"
1,"lR2oMJ",1,838,2017,135,"Myanmar","MYA","MMR",85,"Hungary","HUN","HUN",5,"0","0","0","0","0","0","-","0"
1,"lR2oMJ",1,839,2018,135,"Myanmar","MYA","MMR",85,"Hungary","HUN","HUN",5,"0","0","0","0","0","0","-","0"
1,"lR2oMJ",1,840,2019,135,"Myanmar","MYA","MMR",85,"Hungary","HUN","HUN",5,"0","0","0","0","0","0","-","0"
1,"lR2oMJ",1,841,2020,135,"Myanmar","MYA","MMR",85,"Hungary","HUN","HUN",5,"0","0","0","0","0","0","-","0"
1,"lR2oMJ",1,842,2023,135,"Myanmar","MYA","MMR",85,"Hungary","HUN","HUN",5,"0","0","0","0","0","0","-","0"
1,"lR2oMJ",1,843,2024,135,"Myanmar","MYA","MMR",85,"Hungary","HUN","HUN",5,"0","0","0","0","0","0","-","0"
1,"lR2oMJ",1,844,2025,135,"Myanmar","MYA","MMR",85,"Hungary","HUN","HUN",5,"0","0","0","0","0","0","-","0"
1,"lR2oMJ",1,845,2004,137,"Nepal","NEP","NPL",85,"Hungary","HUN","HUN",5,"0","0","0","0","0","0","-","0"
1,"lR2oMJ",1,846,2005,137,"Nepal","NEP","NPL",85,"Hungary","HUN","HUN",8,"0","0","0","0","0","0","-","0"
1,"lR2oMJ",1,847,2006,137,"Nepal","NEP","NPL",85,"Hungary","HUN","HUN",14,"0","0","0","0","0","0","-","0"
1,"lR2oMJ",1,848,2007,137,"Nepal","NEP","NPL",85,"Hungary","HUN","HUN",15,"0","0","0","0","0","0","-","0"
1,"lR2oMJ",1,849,2008,137,"Nepal","NEP","NPL",85,"Hungary","HUN","HUN",15,"0","0","0","0","0","0","-","0"
1,"lR2oMJ",1,850,2009,137,"Nepal","NEP","NPL",85,"Hungary","HUN","HUN",15,"0","0","0","0","0","0","-","0"
1,"lR2oMJ",1,851,2010,137,"Nepal","NEP","NPL",85,"Hungary","HUN","HUN",15,"0","0","0","0","0","0","-","0"
1,"lR2oMJ",1,852,2011,137,"Nepal","NEP","NPL",85,"Hungary","HUN","HUN",15,"0","0","0","0","0","0","-","0"
1,"lR2oMJ",1,853,2012,137,"Nepal","NEP","NPL",85,"Hungary","HUN","HUN",15,"0","0","0","0","0","0","-","0"
1,"lR2oMJ",1,854,2013,137,"Nepal","NEP","NPL",85,"Hungary","HUN","HUN",7,"0","0","0","0","0","0","-","0"
1,"lR2oMJ",1,855,2014,137,"Nepal","NEP","NPL",85,"Hungary","HUN","HUN",7,"0","0","0","0","0","0","-","0"
1,"lR2oMJ",1,856,2015,137,"Nepal","NEP","NPL",85,"Hungary","HUN","HUN",9,9,"0","0","0","0","0","-","0"
1,"lR2oMJ",1,857,2016,137,"Nepal","NEP","NPL",85,"Hungary","HUN","HUN",11,"0","0","0","0","0","0","-","0"
1,"lR2oMJ",1,858,2017,137,"Nepal","NEP","NPL",85,"Hungary","HUN","HUN",11,"0","0","0","0","0","0","-","0"
1,"lR2oMJ",1,859,2018,137,"Nepal","NEP","NPL",85,"Hungary","HUN","HUN",11,"0","0","0","0","0","0","-","0"
1,"lR2oMJ",1,860,2019,137,"Nepal","NEP","NPL",85,"Hungary","HUN","HUN",11,"0","0","0","0","0","0","-","0"
1,"lR2oMJ",1,861,2020,137,"Nepal","NEP","NPL",85,"Hungary","HUN","HUN",11,"0","0","0","0","0","0","-","0"
1,"lR2oMJ",1,862,2021,137,"Nepal","NEP","NPL",85,"Hungary","HUN","HUN",10,"0","0","0","0","0","0","-","0"
1,"lR2oMJ",1,863,2022,137,"Nepal","NEP","NPL",85,"Hungary","HUN","HUN",9,"0","0","0","0","0","0","-","0"
1,"lR2oMJ",1,864,2023,137,"Nepal","NEP","NPL",85,"Hungary","HUN","HUN",10,"0","0","0","0","0","0","-","0"
1,"lR2oMJ",1,865,2024,137,"Nepal","NEP","NPL",85,"Hungary","HUN","HUN",10,"0","0","0","0","0","0","-","0"
1,"lR2oMJ",1,866,2025,137,"Nepal","NEP","NPL",85,"Hungary","HUN","HUN",10,"0","0","0","0","0","0","-","0"
1,"lR2oMJ",1,867,1993,139,"Niger","NGR","NER",85,"Hungary","HUN","HUN",5,"0","0","0","0","0","0","-","0"
1,"lR2oMJ",1,868,1994,139,"Niger","NGR","NER",85,"Hungary","HUN","HUN",5,"0","0","0","0","0","0","-","0"
1,"lR2oMJ",1,869,2015,139,"Niger","NGR","NER",85,"Hungary","HUN","HUN","0",6,"0","0","0","0","0","-","0"
1,"lR2oMJ",1,870,1999,141,"Nigeria","NIG","NGA",85,"Hungary","HUN","HUN",29,"0","0","0","0","0","0","-","0"
1,"lR2oMJ",1,871,2000,141,"Nigeria","NIG","NGA",85,"Hungary","HUN","HUN",30,21,"0","0","0","0","0","-","0"
1,"lR2oMJ",1,872,2001,141,"Nigeria","NIG","NGA",85,"Hungary","HUN","HUN",32,44,"0","0","0","0","0","-","0"
1,"lR2oMJ",1,873,2002,141,"Nigeria","NIG","NGA",85,"Hungary","HUN","HUN",58,12,"0","0","0","0","0","-","0"
1,"lR2oMJ",1,874,2003,141,"Nigeria","NIG","NGA",85,"Hungary","HUN","HUN",64,54,"0","0","0","0","0","-","0"
1,"lR2oMJ",1,875,2004,141,"Nigeria","NIG","NGA",85,"Hungary","HUN","HUN",87,17,"0","0","0","0","0","-","0"
1,"lR2oMJ",1,876,2005,141,"Nigeria","NIG","NGA",85,"Hungary","HUN","HUN",112,27,"0","0","0","0","0","-","0"
1,"lR2oMJ",1,877,2006,141,"Nigeria","NIG","NGA",85,"Hungary","HUN","HUN",116,20,"0","0","0","0","0","-","0"
1,"lR2oMJ",1,878,2007,141,"Nigeria","NIG","NGA",85,"Hungary","HUN","HUN",119,25,"0","0","0","0","0","-","0"
1,"lR2oMJ",1,879,2008,141,"Nigeria","NIG","NGA",85,"Hungary","HUN","HUN",104,47,"0","0","0","0","0","-","0"
1,"lR2oMJ",1,880,2009,141,"Nigeria","NIG","NGA",85,"Hungary","HUN","HUN",94,19,"0","0","0","0","0","-","0"
1,"lR2oMJ",1,881,2010,141,"Nigeria","NIG","NGA",85,"Hungary","HUN","HUN",91,6,"0","0","0","0","0","-","0"
1,"lR2oMJ",1,882,2011,141,"Nigeria","NIG","NGA",85,"Hungary","HUN","HUN",86,"0","0","0","0","0","0","-","0"
1,"lR2oMJ",1,883,2012,141,"Nigeria","NIG","NGA",85,"Hungary","HUN","HUN",60,"0","0","0","0","0","0","-","0"
1,"lR2oMJ",1,884,2013,141,"Nigeria","NIG","NGA",85,"Hungary","HUN","HUN",24,78,"0","0","0","0","0","-","0"
1,"lR2oMJ",1,885,2014,141,"Nigeria","NIG","NGA",85,"Hungary","HUN","HUN",27,58,"0","0","0","0","0","-","0"
1,"lR2oMJ",1,886,2015,141,"Nigeria","NIG","NGA",85,"Hungary","HUN","HUN",39,206,"0","0","0","0","0","-","0"
1,"lR2oMJ",1,887,2016,141,"Nigeria","NIG","NGA",85,"Hungary","HUN","HUN",52,11,"0","0","0","0","0","-","0"
1,"lR2oMJ",1,888,2017,141,"Nigeria","NIG","NGA",85,"Hungary","HUN","HUN",54,5,"0","0","0","0","0","-","0"
1,"lR2oMJ",1,889,2018,141,"Nigeria","NIG","NGA",85,"Hungary","HUN","HUN",57,"0","0","0","0","0","0","-","0"
1,"lR2oMJ",1,890,2019,141,"Nigeria","NIG","NGA",85,"Hungary","HUN","HUN",56,"0","0","0","0","0","0","-","0"
1,"lR2oMJ",1,891,2020,141,"Nigeria","NIG","NGA",85,"Hungary","HUN","HUN",52,"0","0","0","0","0","0","-","0"
1,"lR2oMJ",1,892,2021,141,"Nigeria","NIG","NGA",85,"Hungary","HUN","HUN",53,"0","0","0","0","0","0","-","0"
1,"lR2oMJ",1,893,2022,141,"Nigeria","NIG","NGA",85,"Hungary","HUN","HUN",78,"0","0","0","0","0","0","-","0"
1,"lR2oMJ",1,894,2023,141,"Nigeria","NIG","NGA",85,"Hungary","HUN","HUN",88,"0","0","0","0","0","0","-","0"
1,"lR2oMJ",1,895,2024,141,"Nigeria","NIG","NGA",85,"Hungary","HUN","HUN",96,"0","0","0","0","0","0","-","0"
1,"lR2oMJ",1,896,2025,141,"Nigeria","NIG","NGA",85,"Hungary","HUN","HUN",96,"0","0","0","0","0","0","-","0"
1,"lR2oMJ",1,897,1999,147,"Pakistan","PAK","PAK",85,"Hungary","HUN","HUN",5,"0","0","0","0","0","0","-","0"
1,"lR2oMJ",1,898,2000,147,"Pakistan","PAK","PAK",85,"Hungary","HUN","HUN",5,34,"0","0","0","0","0","-","0"
1,"lR2oMJ",1,899,2001,147,"Pakistan","PAK","PAK",85,"Hungary","HUN","HUN",5,41,"0","0","0","0","0","-","0"
1,"lR2oMJ",1,900,2002,147,"Pakistan","PAK","PAK",85,"Hungary","HUN","HUN",8,11,"0","0","0","0","0","-","0"
1,"lR2oMJ",1,901,2003,147,"Pakistan","PAK","PAK",85,"Hungary","HUN","HUN",10,21,"0","0","0","0","0","-","0"
1,"lR2oMJ",1,902,2004,147,"Pakistan","PAK","PAK",85,"Hungary","HUN","HUN",17,18,"0","0","0","0","0","-","0"
1,"lR2oMJ",1,903,2005,147,"Pakistan","PAK","PAK",85,"Hungary","HUN","HUN",62,"0","0","0","0","0","0","-","0"
1,"lR2oMJ",1,904,2006,147,"Pakistan","PAK","PAK",85,"Hungary","HUN","HUN",63,5,"0","0","0","0","0","-","0"
1,"lR2oMJ",1,905,2007,147,"Pakistan","PAK","PAK",85,"Hungary","HUN","HUN",65,19,"0","0","0","0","0","-","0"
1,"lR2oMJ",1,906,2008,147,"Pakistan","PAK","PAK",85,"Hungary","HUN","HUN",66,42,"0","0","0","0","0","-","0"
1,"lR2oMJ",1,907,2009,147,"Pakistan","PAK","PAK",85,"Hungary","HUN","HUN",66,19,"0","0","0","0","0","-","0"
1,"lR2oMJ",1,908,2010,147,"Pakistan","PAK","PAK",85,"Hungary","HUN","HUN",66,10,"0","0","0","0","0","-","0"
1,"lR2oMJ",1,909,2011,147,"Pakistan","PAK","PAK",85,"Hungary","HUN","HUN",68,"0","0","0","0","0","0","-","0"
1,"lR2oMJ",1,910,2012,147,"Pakistan","PAK","PAK",85,"Hungary","HUN","HUN",77,"0","0","0","0","0","0","-","0"
1,"lR2oMJ",1,911,2013,147,"Pakistan","PAK","PAK",85,"Hungary","HUN","HUN",34,167,"0","0","0","0","0","-","0"
1,"lR2oMJ",1,912,2014,147,"Pakistan","PAK","PAK",85,"Hungary","HUN","HUN",35,109,"0","0","0","0","0","-","0"
1,"lR2oMJ",1,913,2015,147,"Pakistan","PAK","PAK",85,"Hungary","HUN","HUN",47,3630,"0","0","0","0","0","-","0"
1,"lR2oMJ",1,914,2016,147,"Pakistan","PAK","PAK",85,"Hungary","HUN","HUN",55,191,"0","0","0","0","0","-","0"
1,"lR2oMJ",1,915,2017,147,"Pakistan","PAK","PAK",85,"Hungary","HUN","HUN",55,32,"0","0","0","0","0","-","0"
1,"lR2oMJ",1,916,2018,147,"Pakistan","PAK","PAK",85,"Hungary","HUN","HUN",60,7,"0","0","0","0","0","-","0"
1,"lR2oMJ",1,917,2019,147,"Pakistan","PAK","PAK",85,"Hungary","HUN","HUN",58,27,"0","0","0","0","0","-","0"
1,"lR2oMJ",1,918,2020,147,"Pakistan","PAK","PAK",85,"Hungary","HUN","HUN",106,5,"0","0","0","0","0","-","0"
1,"lR2oMJ",1,919,2021,147,"Pakistan","PAK","PAK",85,"Hungary","HUN","HUN",92,"0","0","0","0","0","0","-","0"
1,"lR2oMJ",1,920,2022,147,"Pakistan","PAK","PAK",85,"Hungary","HUN","HUN",91,"0","0","0","0","0","0","-","0"
1,"lR2oMJ",1,921,2023,147,"Pakistan","PAK","PAK",85,"Hungary","HUN","HUN",89,"0","0","0","0","0","0","-","0"
1,"lR2oMJ",1,922,2024,147,"Pakistan","PAK","PAK",85,"Hungary","HUN","HUN",85,"0","0","0","0","0","0","-","0"
1,"lR2oMJ",1,923,2025,147,"Pakistan","PAK","PAK",85,"Hungary","HUN","HUN",85,"0","0","0","0","0","0","-","0"
1,"lR2oMJ",1,924,2003,154,"Poland","POL","POL",85,"Hungary","HUN","HUN","0",5,"0","0","0","0","0","-","0"
1,"lR2oMJ",1,925,1989,158,"Romania","ROM","ROU",85,"Hungary","HUN","HUN",27000,"0","0","0","0","0","0","-","0"
1,"lR2oMJ",1,926,1990,158,"Romania","ROM","ROU",85,"Hungary","HUN","HUN",29480,"0","0","0","0","0","0","-","0"
1,"lR2oMJ",1,927,1991,158,"Romania","ROM","ROU",85,"Hungary","HUN","HUN",3110,"0",150,"0","0","0","0","-","0"
1,"lR2oMJ",1,928,1992,158,"Romania","ROM","ROU",85,"Hungary","HUN","HUN",2370,"0","0","0","0","0","0","-","0"
1,"lR2oMJ",1,929,1993,158,"Romania","ROM","ROU",85,"Hungary","HUN","HUN",2138,"0","0","0","0","0","0","-","0"
1,"lR2oMJ",1,930,1994,158,"Romania","ROM","ROU",85,"Hungary","HUN","HUN",1822,"0","0","0","0","0","0","-","0"
1,"lR2oMJ",1,931,1999,158,"Romania","ROM","ROU",85,"Hungary","HUN","HUN",1316,"0","0","0","0","0","0","-","0"
1,"lR2oMJ",1,932,2000,158,"Romania","ROM","ROU",85,"Hungary","HUN","HUN",1318,15,"0","0","0","0","0","-","0"
1,"lR2oMJ",1,933,2001,158,"Romania","ROM","ROU",85,"Hungary","HUN","HUN",1316,5,"0","0","0","0","0","-","0"
1,"lR2oMJ",1,934,2002,158,"Romania","ROM","ROU",85,"Hungary","HUN","HUN",1316,"0","0","0","0","0","0","-","0"
1,"lR2oMJ",1,935,2003,158,"Romania","ROM","ROU",85,"Hungary","HUN","HUN",1318,11,"0","0","0","0","0","-","0"
1,"lR2oMJ",1,936,2004,158,"Romania","ROM","ROU",85,"Hungary","HUN","HUN",20,12,"0","0","0","0","0","-","0"
1,"lR2oMJ",1,937,2005,158,"Romania","ROM","ROU",85,"Hungary","HUN","HUN",26,7,"0","0","0","0","0","-","0"
1,"lR2oMJ",1,938,2006,158,"Romania","ROM","ROU",85,"Hungary","HUN","HUN",24,9,"0","0","0","0","0","-","0"
1,"lR2oMJ",1,939,2007,158,"Romania","ROM","ROU",85,"Hungary","HUN","HUN",28,"0","0","0","0","0","0","-","0"
1,"lR2oMJ",1,940,2008,158,"Romania","ROM","ROU",85,"Hungary","HUN","HUN",27,"0","0","0","0","0","0","-","0"
1,"lR2oMJ",1,941,2009,158,"Romania","ROM","ROU",85,"Hungary","HUN","HUN",27,"0","0","0","0","0","0","-","0"
1,"lR2oMJ",1,942,2010,158,"Romania","ROM","ROU",85,"Hungary","HUN","HUN",25,"0","0","0","0","0","0","-","0"
1,"lR2oMJ",1,943,2011,158,"Romania","ROM","ROU",85,"Hungary","HUN","HUN",14,"0","0","0","0","0","0","-","0"
1,"lR2oMJ",1,944,2012,158,"Romania","ROM","ROU",85,"Hungary","HUN","HUN",14,"0","0","0","0","0","0","-","0"
1,"lR2oMJ",1,945,2013,158,"Romania","ROM","ROU",85,"Hungary","HUN","HUN",27,"0","0","0","0","0","0","-","0"
1,"lR2oMJ",1,946,2014,158,"Romania","ROM","ROU",85,"Hungary","HUN","HUN",26,"0","0","0","0","0","0","-","0"
1,"lR2oMJ",1,947,2015,158,"Romania","ROM","ROU",85,"Hungary","HUN","HUN",34,"0","0","0","0","0","0","-","0"
1,"lR2oMJ",1,948,2016,158,"Romania","ROM","ROU",85,"Hungary","HUN","HUN",30,"0","0","0","0","0","0","-","0"
1,"lR2oMJ",1,949,2022,158,"Romania","ROM","ROU",85,"Hungary","HUN","HUN",27,"0","0","0","0","0","0","-","0"
1,"lR2oMJ",1,950,2023,158,"Romania","ROM","ROU",85,"Hungary","HUN","HUN",23,"0","0","0","0","0","0","-","0"
1,"lR2oMJ",1,951,2024,158,"Romania","ROM","ROU",85,"Hungary","HUN","HUN",23,"0","0","0","0","0","0","-","0"
1,"lR2oMJ",1,952,2025,158,"Romania","ROM","ROU",85,"Hungary","HUN","HUN",20,"0","0","0","0","0","0","-","0"
1,"lR2oMJ",1,953,1990,160,"Russian Federation","RUS","RUS",85,"Hungary","HUN","HUN",540,"0","0","0","0","0","0","-","0"
1,"lR2oMJ",1,954,1991,160,"Russian Federation","RUS","RUS",85,"Hungary","HUN","HUN",520,"0","0","0","0","0","0","-","0"
1,"lR2oMJ",1,955,1992,160,"Russian Federation","RUS","RUS",85,"Hungary","HUN","HUN",60,"0","0","0","0","0","0","-","0"
1,"lR2oMJ",1,956,1993,160,"Russian Federation","RUS","RUS",85,"Hungary","HUN","HUN",52,"0","0","0","0","0","0","-","0"
1,"lR2oMJ",1,957,1994,160,"Russian Federation","RUS","RUS",85,"Hungary","HUN","HUN",80,"0","0","0","0","0","0","-","0"
1,"lR2oMJ",1,958,1999,160,"Russian Federation","RUS","RUS",85,"Hungary","HUN","HUN",12,"0","0","0","0","0","0","-","0"
1,"lR2oMJ",1,959,2000,160,"Russian Federation","RUS","RUS",85,"Hungary","HUN","HUN",21,16,"0","0","0","0","0","-","0"
1,"lR2oMJ",1,960,2001,160,"Russian Federation","RUS","RUS",85,"Hungary","HUN","HUN",25,8,"0","0","0","0","0","-","0"
1,"lR2oMJ",1,961,2002,160,"Russian Federation","RUS","RUS",85,"Hungary","HUN","HUN",38,18,"0","0","0","0","0","-","0"
1,"lR2oMJ",1,962,2003,160,"Russian Federation","RUS","RUS",85,"Hungary","HUN","HUN",90,35,"0","0","0","0","0","-","0"
1,"lR2oMJ",1,963,2004,160,"Russian Federation","RUS","RUS",85,"Hungary","HUN","HUN",94,14,"0","0","0","0","0","-","0"
1,"lR2oMJ",1,964,2005,160,"Russian Federation","RUS","RUS",85,"Hungary","HUN","HUN",129,10,"0","0","0","0","0","-","0"
1,"lR2oMJ",1,965,2006,160,"Russian Federation","RUS","RUS",85,"Hungary","HUN","HUN",134,9,"0","0","0","0","0","-","0"
1,"lR2oMJ",1,966,2007,160,"Russian Federation","RUS","RUS",85,"Hungary","HUN","HUN",137,8,"0","0","0","0","0","-","0"
1,"lR2oMJ",1,967,2008,160,"Russian Federation","RUS","RUS",85,"Hungary","HUN","HUN",137,9,"0","0","0","0","0","-","0"
1,"lR2oMJ",1,968,2009,160,"Russian Federation","RUS","RUS",85,"Hungary","HUN","HUN",133,12,"0","0","0","0","0","-","0"
1,"lR2oMJ",1,969,2010,160,"Russian Federation","RUS","RUS",85,"Hungary","HUN","HUN",123,10,"0","0","0","0","0","-","0"
1,"lR2oMJ",1,970,2011,160,"Russian Federation","RUS","RUS",85,"Hungary","HUN","HUN",115,"0","0","0","0","0","0","-","0"
1,"lR2oMJ",1,971,2012,160,"Russian Federation","RUS","RUS",85,"Hungary","HUN","HUN",103,"0","0","0","0","0","0","-","0"
1,"lR2oMJ",1,972,2013,160,"Russian Federation","RUS","RUS",85,"Hungary","HUN","HUN",24,"0","0","0","0","0","0","-","0"
1,"lR2oMJ",1,973,2014,160,"Russian Federation","RUS","RUS",85,"Hungary","HUN","HUN",25,"0","0","0","0","0","0","-","0"
1,"lR2oMJ",1,974,2015,160,"Russian Federation","RUS","RUS",85,"Hungary","HUN","HUN",36,"0","0","0","0","0","0","-","0"
1,"lR2oMJ",1,975,2016,160,"Russian Federation","RUS","RUS",85,"Hungary","HUN","HUN",36,"0","0","0","0","0","0","-","0"
1,"lR2oMJ",1,976,2017,160,"Russian Federation","RUS","RUS",85,"Hungary","HUN","HUN",36,5,"0","0","0","0","0","-","0"
1,"lR2oMJ",1,977,2018,160,"Russian Federation","RUS","RUS",85,"Hungary","HUN","HUN",36,"0","0","0","0","0","0","-","0"
1,"lR2oMJ",1,978,2019,160,"Russian Federation","RUS","RUS",85,"Hungary","HUN","HUN",36,"0","0","0","0","0","0","-","0"
1,"lR2oMJ",1,979,2020,160,"Russian Federation","RUS","RUS",85,"Hungary","HUN","HUN",36,"0","0","0","0","0","0","-","0"
1,"lR2oMJ",1,980,2021,160,"Russian Federation","RUS","RUS",85,"Hungary","HUN","HUN",37,"0","0","0","0","0","0","-","0"
1,"lR2oMJ",1,981,2022,160,"Russian Federation","RUS","RUS",85,"Hungary","HUN","HUN",105,"0","0","0","0","0","0","-","0"
1,"lR2oMJ",1,982,2023,160,"Russian Federation","RUS","RUS",85,"Hungary","HUN","HUN",126,5,"0","0","0","0","0","-","0"
1,"lR2oMJ",1,983,2024,160,"Russian Federation","RUS","RUS",85,"Hungary","HUN","HUN",149,"0","0","0","0","0","0","-","0"
1,"lR2oMJ",1,984,2025,160,"Russian Federation","RUS","RUS",85,"Hungary","HUN","HUN",155,5,"0","0","0","0","0","-","0"
1,"lR2oMJ",1,985,2004,161,"Rwanda","RWA","RWA",85,"Hungary","HUN","HUN",11,"0","0","0","0","0","0","-","0"
1,"lR2oMJ",1,986,2013,161,"Rwanda","RWA","RWA",85,"Hungary","HUN","HUN","0",6,"0","0","0","0","0","-","0"
1,"lR2oMJ",1,987,1991,164,"Serbia and Kosovo: S/RES/1244 (1999)","SRB","SRB",85,"Hungary","HUN","HUN",43000,"0",7500,"0","0","0","0","-","0"
1,"lR2oMJ",1,988,1992,164,"Serbia and Kosovo: S/RES/1244 (1999)","SRB","SRB",85,"Hungary","HUN","HUN",29500,"0","0","0","0","0","0","-","0"
1,"lR2oMJ",1,989,1993,164,"Serbia and Kosovo: S/RES/1244 (1999)","SRB","SRB",85,"Hungary","HUN","HUN",643,"0","0","0","0","0","0","-","0"
1,"lR2oMJ",1,990,1994,164,"Serbia and Kosovo: S/RES/1244 (1999)","SRB","SRB",85,"Hungary","HUN","HUN",912,"0","0","0","0","0","0","-","0"
1,"lR2oMJ",1,991,1995,164,"Serbia and Kosovo: S/RES/1244 (1999)","SRB","SRB",85,"Hungary","HUN","HUN",8553,"0","0","0","0","0","0","-","0"
1,"lR2oMJ",1,992,1996,164,"Serbia and Kosovo: S/RES/1244 (1999)","SRB","SRB",85,"Hungary","HUN","HUN",4706,"0",3566,"0","0","0","0","-","0"
1,"lR2oMJ",1,993,1997,164,"Serbia and Kosovo: S/RES/1244 (1999)","SRB","SRB",85,"Hungary","HUN","HUN",3243,"0",1200,"0","0","0","0","-","0"
1,"lR2oMJ",1,994,1998,164,"Serbia and Kosovo: S/RES/1244 (1999)","SRB","SRB",85,"Hungary","HUN","HUN",486,"0","0","0","0","0","0","-","0"
1,"lR2oMJ",1,995,1999,164,"Serbia and Kosovo: S/RES/1244 (1999)","SRB","SRB",85,"Hungary","HUN","HUN",2520,"0",404,"0","0","0","0","-","0"
1,"lR2oMJ",1,996,2000,164,"Serbia and Kosovo: S/RES/1244 (1999)","SRB","SRB",85,"Hungary","HUN","HUN",2344,117,67,"0","0","0","0","-","0"
1,"lR2oMJ",1,997,2001,164,"Serbia and Kosovo: S/RES/1244 (1999)","SRB","SRB",85,"Hungary","HUN","HUN",1982,41,20,"0","0","0","0","-","0"
1,"lR2oMJ",1,998,2002,164,"Serbia and Kosovo: S/RES/1244 (1999)","SRB","SRB",85,"Hungary","HUN","HUN",1976,29,42,"0","0","0","0","-","0"
1,"lR2oMJ",1,999,2003,164,"Serbia and Kosovo: S/RES/1244 (1999)","SRB","SRB",85,"Hungary","HUN","HUN",1989,54,38,"0","0","0","0","-","0"
1,"lR2oMJ",1,1000,2004,164,"Serbia and Kosovo: S/RES/1244 (1999)","SRB","SRB",85,"Hungary","HUN","HUN",2251,46,21,"0","0","0","0","-","0"
1,"lR2oMJ",1,1001,2005,164,"Serbia and Kosovo: S/RES/1244 (1999)","SRB","SRB",85,"Hungary","HUN","HUN",2388,56,143,"0","0","0","0","-","0"
1,"lR2oMJ",1,1002,2006,164,"Serbia and Kosovo: S/RES/1244 (1999)","SRB","SRB",85,"Hungary","HUN","HUN",2359,88,109,"0","0","0","0","-","0"
1,"lR2oMJ",1,1003,2007,164,"Serbia and Kosovo: S/RES/1244 (1999)","SRB","SRB",85,"Hungary","HUN","HUN",2329,500,27,"0","0","0","0","-","0"
1,"lR2oMJ",1,1004,2008,164,"Serbia and Kosovo: S/RES/1244 (1999)","SRB","SRB",85,"Hungary","HUN","HUN",2143,1082,19,"0","0","0","0","-","0"
1,"lR2oMJ",1,1005,2009,164,"Serbia and Kosovo: S/RES/1244 (1999)","SRB","SRB",85,"Hungary","HUN","HUN",702,128,266,"0","0","0","0","-","0"
1,"lR2oMJ",1,1006,2010,164,"Serbia and Kosovo: S/RES/1244 (1999)","SRB","SRB",85,"Hungary","HUN","HUN",337,71,"0","0","0","0","0","-","0"
1,"lR2oMJ",1,1007,2011,164,"Serbia and Kosovo: S/RES/1244 (1999)","SRB","SRB",85,"Hungary","HUN","HUN",272,"0","0","0","0","0","0","-","0"
1,"lR2oMJ",1,1008,2012,164,"Serbia and Kosovo: S/RES/1244 (1999)","SRB","SRB",85,"Hungary","HUN","HUN",266,"0","0","0","0","0","0","-","0"
1,"lR2oMJ",1,1009,2013,164,"Serbia and Kosovo: S/RES/1244 (1999)","SRB","SRB",85,"Hungary","HUN","HUN",76,125,"0","0","0","0","0","-","0"
1,"lR2oMJ",1,1010,2014,164,"Serbia and Kosovo: S/RES/1244 (1999)","SRB","SRB",85,"Hungary","HUN","HUN",65,10928,"0","0","0","0","0","-","0"
1,"lR2oMJ",1,1011,2015,164,"Serbia and Kosovo: S/RES/1244 (1999)","SRB","SRB",85,"Hungary","HUN","HUN",45,423,"0","0","0","0","0","-","0"
1,"lR2oMJ",1,1012,2016,164,"Serbia and Kosovo: S/RES/1244 (1999)","SRB","SRB",85,"Hungary","HUN","HUN",37,57,"0","0","0","0","0","-","0"
1,"lR2oMJ",1,1013,2017,164,"Serbia and Kosovo: S/RES/1244 (1999)","SRB","SRB",85,"Hungary","HUN","HUN",56,47,"0","0","0","0","0","-","0"
1,"lR2oMJ",1,1014,2018,164,"Serbia and Kosovo: S/RES/1244 (1999)","SRB","SRB",85,"Hungary","HUN","HUN",56,"0","0","0","0","0","0","-","0"
1,"lR2oMJ",1,1015,2019,164,"Serbia and Kosovo: S/RES/1244 (1999)","SRB","SRB",85,"Hungary","HUN","HUN",52,"0","0","0","0","0","0","-","0"
1,"lR2oMJ",1,1016,2020,164,"Serbia and Kosovo: S/RES/1244 (1999)","SRB","SRB",85,"Hungary","HUN","HUN",48,"0","0","0","0","0","0","-","0"
1,"lR2oMJ",1,1017,2021,164,"Serbia and Kosovo: S/RES/1244 (1999)","SRB","SRB",85,"Hungary","HUN","HUN",41,"0","0","0","0","0","0","-","0"
1,"lR2oMJ",1,1018,2022,164,"Serbia and Kosovo: S/RES/1244 (1999)","SRB","SRB",85,"Hungary","HUN","HUN",37,"0","0","0","0","0","0","-","0"
1,"lR2oMJ",1,1019,2023,164,"Serbia and Kosovo: S/RES/1244 (1999)","SRB","SRB",85,"Hungary","HUN","HUN",33,"0","0","0","0","0","0","-","0"
1,"lR2oMJ",1,1020,2024,164,"Serbia and Kosovo: S/RES/1244 (1999)","SRB","SRB",85,"Hungary","HUN","HUN",33,"0","0","0","0","0","0","-","0"
1,"lR2oMJ",1,1021,2025,164,"Serbia and Kosovo: S/RES/1244 (1999)","SRB","SRB",85,"Hungary","HUN","HUN",33,"0","0","0","0","0","0","-","0"
1,"lR2oMJ",1,1022,2000,165,"Senegal","SEN","SEN",85,"Hungary","HUN","HUN","0",5,"0","0","0","0","0","-","0"
1,"lR2oMJ",1,1023,2003,165,"Senegal","SEN","SEN",85,"Hungary","HUN","HUN","0",10,"0","0","0","0","0","-","0"
1,"lR2oMJ",1,1024,2004,165,"Senegal","SEN","SEN",85,"Hungary","HUN","HUN",5,"0","0","0","0","0","0","-","0"
1,"lR2oMJ",1,1025,2005,165,"Senegal","SEN","SEN",85,"Hungary","HUN","HUN",9,"0","0","0","0","0","0","-","0"
1,"lR2oMJ",1,1026,2006,165,"Senegal","SEN","SEN",85,"Hungary","HUN","HUN",9,"0","0","0","0","0","0","-","0"
1,"lR2oMJ",1,1027,2007,165,"Senegal","SEN","SEN",85,"Hungary","HUN","HUN",9,5,"0","0","0","0","0","-","0"
1,"lR2oMJ",1,1028,2008,165,"Senegal","SEN","SEN",85,"Hungary","HUN","HUN",7,5,"0","0","0","0","0","-","0"
1,"lR2oMJ",1,1029,2009,165,"Senegal","SEN","SEN",85,"Hungary","HUN","HUN",6,5,"0","0","0","0","0","-","0"
1,"lR2oMJ",1,1030,2010,165,"Senegal","SEN","SEN",85,"Hungary","HUN","HUN",6,5,"0","0","0","0","0","-","0"
1,"lR2oMJ",1,1031,2011,165,"Senegal","SEN","SEN",85,"Hungary","HUN","HUN",5,"0","0","0","0","0","0","-","0"
1,"lR2oMJ",1,1032,2012,165,"Senegal","SEN","SEN",85,"Hungary","HUN","HUN",5,"0","0","0","0","0","0","-","0"
1,"lR2oMJ",1,1033,2013,165,"Senegal","SEN","SEN",85,"Hungary","HUN","HUN","0",39,"0","0","0","0","0","-","0"
1,"lR2oMJ",1,1034,2014,165,"Senegal","SEN","SEN",85,"Hungary","HUN","HUN","0",8,"0","0","0","0","0","-","0"
1,"lR2oMJ",1,1035,2015,165,"Senegal","SEN","SEN",85,"Hungary","HUN","HUN","0",136,"0","0","0","0","0","-","0"
1,"lR2oMJ",1,1036,1999,169,"Sierra Leone","SLE","SLE",85,"Hungary","HUN","HUN",24,"0","0","0","0","0","0","-","0"
1,"lR2oMJ",1,1037,2000,169,"Sierra Leone","SLE","SLE",85,"Hungary","HUN","HUN",33,40,"0","0","0","0","0","-","0"
1,"lR2oMJ",1,1038,2001,169,"Sierra Leone","SLE","SLE",85,"Hungary","HUN","HUN",34,80,"0","0","0","0","0","-","0"
1,"lR2oMJ",1,1039,2002,169,"Sierra Leone","SLE","SLE",85,"Hungary","HUN","HUN",36,6,"0","0","0","0","0","-","0"
1,"lR2oMJ",1,1040,2003,169,"Sierra Leone","SLE","SLE",85,"Hungary","HUN","HUN",36,5,"0","0","0","0","0","-","0"
1,"lR2oMJ",1,1041,2004,169,"Sierra Leone","SLE","SLE",85,"Hungary","HUN","HUN",50,"0","0","0","0","0","0","-","0"
1,"lR2oMJ",1,1042,2005,169,"Sierra Leone","SLE","SLE",85,"Hungary","HUN","HUN",80,"0","0","0","0","0","0","-","0"
1,"lR2oMJ",1,1043,2006,169,"Sierra Leone","SLE","SLE",85,"Hungary","HUN","HUN",80,"0","0","0","0","0","0","-","0"
1,"lR2oMJ",1,1044,2007,169,"Sierra Leone","SLE","SLE",85,"Hungary","HUN","HUN",79,"0","0","0","0","0","0","-","0"
1,"lR2oMJ",1,1045,2008,169,"Sierra Leone","SLE","SLE",85,"Hungary","HUN","HUN",74,5,"0","0","0","0","0","-","0"
1,"lR2oMJ",1,1046,2009,169,"Sierra Leone","SLE","SLE",85,"Hungary","HUN","HUN",56,5,"0","0","0","0","0","-","0"
1,"lR2oMJ",1,1047,2010,169,"Sierra Leone","SLE","SLE",85,"Hungary","HUN","HUN",44,8,"0","0","0","0","0","-","0"
1,"lR2oMJ",1,1048,2011,169,"Sierra Leone","SLE","SLE",85,"Hungary","HUN","HUN",35,"0","0","0","0","0","0","-","0"
1,"lR2oMJ",1,1049,2012,169,"Sierra Leone","SLE","SLE",85,"Hungary","HUN","HUN",31,"0","0","0","0","0","0","-","0"
1,"lR2oMJ",1,1050,2013,169,"Sierra Leone","SLE","SLE",85,"Hungary","HUN","HUN","0",5,"0","0","0","0","0","-","0"
1,"lR2oMJ",1,1051,2014,169,"Sierra Leone","SLE","SLE",85,"Hungary","HUN","HUN","0",14,"0","0","0","0","0","-","0"
1,"lR2oMJ",1,1052,2015,169,"Sierra Leone","SLE","SLE",85,"Hungary","HUN","HUN",5,12,"0","0","0","0","0","-","0"
1,"lR2oMJ",1,1053,2016,169,"Sierra Leone","SLE","SLE",85,"Hungary","HUN","HUN",5,"0","0","0","0","0","0","-","0"
1,"lR2oMJ",1,1054,2017,169,"Sierra Leone","SLE","SLE",85,"Hungary","HUN","HUN",5,"0","0","0","0","0","0","-","0"
1,"lR2oMJ",1,1055,2018,169,"Sierra Leone","SLE","SLE",85,"Hungary","HUN","HUN",5,"0","0","0","0","0","0","-","0"
1,"lR2oMJ",1,1056,2019,169,"Sierra Leone","SLE","SLE",85,"Hungary","HUN","HUN",5,"0","0","0","0","0","0","-","0"
1,"lR2oMJ",1,1057,2020,169,"Sierra Leone","SLE","SLE",85,"Hungary","HUN","HUN",5,"0","0","0","0","0","0","-","0"
1,"lR2oMJ",1,1058,2021,169,"Sierra Leone","SLE","SLE",85,"Hungary","HUN","HUN",5,"0","0","0","0","0","0","-","0"
1,"lR2oMJ",1,1059,2022,169,"Sierra Leone","SLE","SLE",85,"Hungary","HUN","HUN",5,"0","0","0","0","0","0","-","0"
1,"lR2oMJ",1,1060,2023,169,"Sierra Leone","SLE","SLE",85,"Hungary","HUN","HUN",5,"0","0","0","0","0","0","-","0"
1,"lR2oMJ",1,1061,2024,169,"Sierra Leone","SLE","SLE",85,"Hungary","HUN","HUN",5,"0","0","0","0","0","0","-","0"
1,"lR2oMJ",1,1062,2025,169,"Sierra Leone","SLE","SLE",85,"Hungary","HUN","HUN",5,"0","0","0","0","0","0","-","0"
1,"lR2oMJ",1,1063,1993,172,"Somalia","SOM","SOM",85,"Hungary","HUN","HUN",5,"0","0","0","0","0","0","-","0"
1,"lR2oMJ",1,1064,1999,172,"Somalia","SOM","SOM",85,"Hungary","HUN","HUN",30,"0","0","0","0","0","0","-","0"
1,"lR2oMJ",1,1065,2000,172,"Somalia","SOM","SOM",85,"Hungary","HUN","HUN",33,48,"0","0","0","0","0","-","0"
1,"lR2oMJ",1,1066,2001,172,"Somalia","SOM","SOM",85,"Hungary","HUN","HUN",40,81,"0","0","0","0","0","-","0"
1,"lR2oMJ",1,1067,2002,172,"Somalia","SOM","SOM",85,"Hungary","HUN","HUN",73,34,"0","0","0","0","0","-","0"
1,"lR2oMJ",1,1068,2003,172,"Somalia","SOM","SOM",85,"Hungary","HUN","HUN",98,12,"0","0","0","0","0","-","0"
1,"lR2oMJ",1,1069,2004,172,"Somalia","SOM","SOM",85,"Hungary","HUN","HUN",148,5,"0","0","0","0","0","-","0"
1,"lR2oMJ",1,1070,2005,172,"Somalia","SOM","SOM",85,"Hungary","HUN","HUN",155,"0","0","0","0","0","0","-","0"
1,"lR2oMJ",1,1071,2006,172,"Somalia","SOM","SOM",85,"Hungary","HUN","HUN",181,5,"0","0","0","0","0","-","0"
1,"lR2oMJ",1,1072,2007,172,"Somalia","SOM","SOM",85,"Hungary","HUN","HUN",210,63,"0","0","0","0","0","-","0"
1,"lR2oMJ",1,1073,2008,172,"Somalia","SOM","SOM",85,"Hungary","HUN","HUN",313,131,"0","0","0","0","0","-","0"
1,"lR2oMJ",1,1074,2009,172,"Somalia","SOM","SOM",85,"Hungary","HUN","HUN",397,19,"0","0","0","0","0","-","0"
1,"lR2oMJ",1,1075,2010,172,"Somalia","SOM","SOM",85,"Hungary","HUN","HUN",421,11,"0","0","0","0","0","-","0"
1,"lR2oMJ",1,1076,2011,172,"Somalia","SOM","SOM",85,"Hungary","HUN","HUN",406,"0","0","0","0","0","0","-","0"
1,"lR2oMJ",1,1077,2012,172,"Somalia","SOM","SOM",85,"Hungary","HUN","HUN",431,"0","0","0","0","0","0","-","0"
1,"lR2oMJ",1,1078,2013,172,"Somalia","SOM","SOM",85,"Hungary","HUN","HUN",446,42,"0","0","0","0","0","-","0"
1,"lR2oMJ",1,1079,2014,172,"Somalia","SOM","SOM",85,"Hungary","HUN","HUN",496,33,"0","0","0","0","0","-","0"
1,"lR2oMJ",1,1080,2015,172,"Somalia","SOM","SOM",85,"Hungary","HUN","HUN",611,73,"0","0","0","0","0","-","0"
1,"lR2oMJ",1,1081,2016,172,"Somalia","SOM","SOM",85,"Hungary","HUN","HUN",644,18,"0","0","0","0","0","-","0"
1,"lR2oMJ",1,1082,2017,172,"Somalia","SOM","SOM",85,"Hungary","HUN","HUN",651,"0","0","0","0","0","0","-","0"
1,"lR2oMJ",1,1083,2018,172,"Somalia","SOM","SOM",85,"Hungary","HUN","HUN",655,"0","0","0","0","0","0","-","0"
1,"lR2oMJ",1,1084,2019,172,"Somalia","SOM","SOM",85,"Hungary","HUN","HUN",615,"0","0","0","0","0","0","-","0"
1,"lR2oMJ",1,1085,2020,172,"Somalia","SOM","SOM",85,"Hungary","HUN","HUN",614,"0","0","0","0","0","0","-","0"
1,"lR2oMJ",1,1086,2021,172,"Somalia","SOM","SOM",85,"Hungary","HUN","HUN",606,"0","0","0","0","0","0","-","0"
1,"lR2oMJ",1,1087,2022,172,"Somalia","SOM","SOM",85,"Hungary","HUN","HUN",595,"0","0","0","0","0","0","-","0"
1,"lR2oMJ",1,1088,2023,172,"Somalia","SOM","SOM",85,"Hungary","HUN","HUN",593,"0","0","0","0","0","0","-","0"
1,"lR2oMJ",1,1089,2024,172,"Somalia","SOM","SOM",85,"Hungary","HUN","HUN",592,"0","0","0","0","0","0","-","0"
1,"lR2oMJ",1,1090,2025,172,"Somalia","SOM","SOM",85,"Hungary","HUN","HUN",589,"0","0","0","0","0","0","-","0"
1,"lR2oMJ",1,1091,2000,174,"Viet Nam","SRV","VNM",85,"Hungary","HUN","HUN","0",15,"0","0","0","0","0","-","0"
1,"lR2oMJ",1,1092,2001,174,"Viet Nam","SRV","VNM",85,"Hungary","HUN","HUN","0",6,"0","0","0","0","0","-","0"
1,"lR2oMJ",1,1093,2002,174,"Viet Nam","SRV","VNM",85,"Hungary","HUN","HUN","0",8,"0","0","0","0","0","-","0"
1,"lR2oMJ",1,1094,2003,174,"Viet Nam","SRV","VNM",85,"Hungary","HUN","HUN","0",28,"0","0","0","0","0","-","0"
1,"lR2oMJ",1,1095,2004,174,"Viet Nam","SRV","VNM",85,"Hungary","HUN","HUN","0",13,"0","0","0","0","0","-","0"
1,"lR2oMJ",1,1096,2005,174,"Viet Nam","SRV","VNM",85,"Hungary","HUN","HUN","0",60,"0","0","0","0","0","-","0"
1,"lR2oMJ",1,1097,2006,174,"Viet Nam","SRV","VNM",85,"Hungary","HUN","HUN","0",107,"0","0","0","0","0","-","0"
1,"lR2oMJ",1,1098,2007,174,"Viet Nam","SRV","VNM",85,"Hungary","HUN","HUN","0",455,"0","0","0","0","0","-","0"
1,"lR2oMJ",1,1099,2008,174,"Viet Nam","SRV","VNM",85,"Hungary","HUN","HUN","0",470,"0","0","0","0","0","-","0"
1,"lR2oMJ",1,1100,2009,174,"Viet Nam","SRV","VNM",85,"Hungary","HUN","HUN",5,5,"0","0","0","0","0","-","0"
1,"lR2oMJ",1,1101,2010,174,"Viet Nam","SRV","VNM",85,"Hungary","HUN","HUN",5,5,"0","0","0","0","0","-","0"
1,"lR2oMJ",1,1102,2014,174,"Viet Nam","SRV","VNM",85,"Hungary","HUN","HUN","0",5,"0","0","0","0","0","-","0"
1,"lR2oMJ",1,1103,2015,174,"Viet Nam","SRV","VNM",85,"Hungary","HUN","HUN",8,"0","0","0","0","0","0","-","0"
1,"lR2oMJ",1,1104,1999,177,"Sudan","SUD","SDN",85,"Hungary","HUN","HUN",18,"0","0","0","0","0","0","-","0"
1,"lR2oMJ",1,1105,2000,177,"Sudan","SUD","SDN",85,"Hungary","HUN","HUN",26,35,"0","0","0","0","0","-","0"
1,"lR2oMJ",1,1106,2001,177,"Sudan","SUD","SDN",85,"Hungary","HUN","HUN",28,15,"0","0","0","0","0","-","0"
1,"lR2oMJ",1,1107,2002,177,"Sudan","SUD","SDN",85,"Hungary","HUN","HUN",73,46,"0","0","0","0","0","-","0"
1,"lR2oMJ",1,1108,2003,177,"Sudan","SUD","SDN",85,"Hungary","HUN","HUN",94,7,"0","0","0","0","0","-","0"
1,"lR2oMJ",1,1109,2004,177,"Sudan","SUD","SDN",85,"Hungary","HUN","HUN",127,5,"0","0","0","0","0","-","0"
1,"lR2oMJ",1,1110,2005,177,"Sudan","SUD","SDN",85,"Hungary","HUN","HUN",142,"0","0","0","0","0","0","-","0"
1,"lR2oMJ",1,1111,2006,177,"Sudan","SUD","SDN",85,"Hungary","HUN","HUN",139,"0","0","0","0","0","0","-","0"
1,"lR2oMJ",1,1112,2007,177,"Sudan","SUD","SDN",85,"Hungary","HUN","HUN",142,"0","0","0","0","0","0","-","0"
1,"lR2oMJ",1,1113,2008,177,"Sudan","SUD","SDN",85,"Hungary","HUN","HUN",132,"0","0","0","0","0","0","-","0"
1,"lR2oMJ",1,1114,2009,177,"Sudan","SUD","SDN",85,"Hungary","HUN","HUN",124,"0","0","0","0","0","0","-","0"
1,"lR2oMJ",1,1115,2010,177,"Sudan","SUD","SDN",85,"Hungary","HUN","HUN",117,"0","0","0","0","0","0","-","0"
1,"lR2oMJ",1,1116,2011,177,"Sudan","SUD","SDN",85,"Hungary","HUN","HUN",113,"0","0","0","0","0","0","-","0"
1,"lR2oMJ",1,1117,2012,177,"Sudan","SUD","SDN",85,"Hungary","HUN","HUN",64,"0","0","0","0","0","0","-","0"
1,"lR2oMJ",1,1118,2013,177,"Sudan","SUD","SDN",85,"Hungary","HUN","HUN",32,42,"0","0","0","0","0","-","0"
1,"lR2oMJ",1,1119,2014,177,"Sudan","SUD","SDN",85,"Hungary","HUN","HUN",35,11,"0","0","0","0","0","-","0"
1,"lR2oMJ",1,1120,2015,177,"Sudan","SUD","SDN",85,"Hungary","HUN","HUN",66,54,"0","0","0","0","0","-","0"
1,"lR2oMJ",1,1121,2016,177,"Sudan","SUD","SDN",85,"Hungary","HUN","HUN",69,"0","0","0","0","0","0","-","0"
1,"lR2oMJ",1,1122,2017,177,"Sudan","SUD","SDN",85,"Hungary","HUN","HUN",68,"0","0","0","0","0","0","-","0"
1,"lR2oMJ",1,1123,2018,177,"Sudan","SUD","SDN",85,"Hungary","HUN","HUN",68,"0","0","0","0","0","0","-","0"
1,"lR2oMJ",1,1124,2019,177,"Sudan","SUD","SDN",85,"Hungary","HUN","HUN",67,"0","0","0","0","0","0","-","0"
1,"lR2oMJ",1,1125,2020,177,"Sudan","SUD","SDN",85,"Hungary","HUN","HUN",67,"0","0","0","0","0","0","-","0"
1,"lR2oMJ",1,1126,2021,177,"Sudan","SUD","SDN",85,"Hungary","HUN","HUN",65,"0","0","0","0","0","0","-","0"
1,"lR2oMJ",1,1127,2022,177,"Sudan","SUD","SDN",85,"Hungary","HUN","HUN",62,"0","0","0","0","0","0","-","0"
1,"lR2oMJ",1,1128,2023,177,"Sudan","SUD","SDN",85,"Hungary","HUN","HUN",61,"0","0","0","0","0","0","-","0"
1,"lR2oMJ",1,1129,2024,177,"Sudan","SUD","SDN",85,"Hungary","HUN","HUN",61,"0","0","0","0","0","0","-","0"
1,"lR2oMJ",1,1130,2025,177,"Sudan","SUD","SDN",85,"Hungary","HUN","HUN",61,"0","0","0","0","0","0","-","0"
1,"lR2oMJ",1,1131,2015,179,"South Sudan","SSD","SSD",85,"Hungary","HUN","HUN","0",15,"0","0","0","0","0","-","0"
1,"lR2oMJ",1,1132,2001,180,"Slovakia","SVK","SVK",85,"Hungary","HUN","HUN","0",5,"0","0","0","0","0","-","0"
1,"lR2oMJ",1,1133,2002,180,"Slovakia","SVK","SVK",85,"Hungary","HUN","HUN","0",5,"0","0","0","0","0","-","0"
1,"lR2oMJ",1,1134,2003,180,"Slovakia","SVK","SVK",85,"Hungary","HUN","HUN","0",5,"0","0","0","0","0","-","0"
1,"lR2oMJ",1,1135,2007,180,"Slovakia","SVK","SVK",85,"Hungary","HUN","HUN","0",6,"0","0","0","0","0","-","0"
1,"lR2oMJ",1,1136,2008,180,"Slovakia","SVK","SVK",85,"Hungary","HUN","HUN","0",11,"0","0","0","0","0","-","0"
1,"lR2oMJ",1,1137,2000,185,"Syrian Arab Rep.","SYR","SYR",85,"Hungary","HUN","HUN",8,8,"0","0","0","0","0","-","0"
1,"lR2oMJ",1,1138,2001,185,"Syrian Arab Rep.","SYR","SYR",85,"Hungary","HUN","HUN",9,"0","0","0","0","0","0","-","0"
1,"lR2oMJ",1,1139,2002,185,"Syrian Arab Rep.","SYR","SYR",85,"Hungary","HUN","HUN",10,10,"0","0","0","0","0","-","0"
1,"lR2oMJ",1,1140,2003,185,"Syrian Arab Rep.","SYR","SYR",85,"Hungary","HUN","HUN",17,12,"0","0","0","0","0","-","0"
1,"lR2oMJ",1,1141,2004,185,"Syrian Arab Rep.","SYR","SYR",85,"Hungary","HUN","HUN",29,5,"0","0","0","0","0","-","0"
1,"lR2oMJ",1,1142,2005,185,"Syrian Arab Rep.","SYR","SYR",85,"Hungary","HUN","HUN",44,5,"0","0","0","0","0","-","0"
1,"lR2oMJ",1,1143,2006,185,"Syrian Arab Rep.","SYR","SYR",85,"Hungary","HUN","HUN",46,14,"0","0","0","0","0","-","0"
1,"lR2oMJ",1,1144,2007,185,"Syrian Arab Rep.","SYR","SYR",85,"Hungary","HUN","HUN",42,26,"0","0","0","0","0","-","0"
1,"lR2oMJ",1,1145,2008,185,"Syrian Arab Rep.","SYR","SYR",85,"Hungary","HUN","HUN",44,31,"0","0","0","0","0","-","0"
1,"lR2oMJ",1,1146,2009,185,"Syrian Arab Rep.","SYR","SYR",85,"Hungary","HUN","HUN",43,5,"0","0","0","0","0","-","0"
1,"lR2oMJ",1,1147,2010,185,"Syrian Arab Rep.","SYR","SYR",85,"Hungary","HUN","HUN",39,8,"0","0","0","0","0","-","0"
1,"lR2oMJ",1,1148,2011,185,"Syrian Arab Rep.","SYR","SYR",85,"Hungary","HUN","HUN",42,"0","0","0","0","0","0","-","0"
1,"lR2oMJ",1,1149,2012,185,"Syrian Arab Rep.","SYR","SYR",85,"Hungary","HUN","HUN",86,"0","0","0","0","0","0","-","0"
1,"lR2oMJ",1,1150,2013,185,"Syrian Arab Rep.","SYR","SYR",85,"Hungary","HUN","HUN",141,184,"0","0","0","0","0","-","0"
1,"lR2oMJ",1,1151,2014,185,"Syrian Arab Rep.","SYR","SYR",85,"Hungary","HUN","HUN",334,823,"0","0","0","0","0","-","0"
1,"lR2oMJ",1,1152,2015,185,"Syrian Arab Rep.","SYR","SYR",85,"Hungary","HUN","HUN",476,18607,"0","0","0","0","0","-","0"
1,"lR2oMJ",1,1153,2016,185,"Syrian Arab Rep.","SYR","SYR",85,"Hungary","HUN","HUN",584,864,"0","0","0","0","0","-","0"
1,"lR2oMJ",1,1154,2017,185,"Syrian Arab Rep.","SYR","SYR",85,"Hungary","HUN","HUN",925,108,"0","0","0","0","0","-","0"
1,"lR2oMJ",1,1155,2018,185,"Syrian Arab Rep.","SYR","SYR",85,"Hungary","HUN","HUN",971,5,"0","0","0","0","0","-","0"
1,"lR2oMJ",1,1156,2019,185,"Syrian Arab Rep.","SYR","SYR",85,"Hungary","HUN","HUN",934,7,"0","0","0","0","0","-","0"
1,"lR2oMJ",1,1157,2020,185,"Syrian Arab Rep.","SYR","SYR",85,"Hungary","HUN","HUN",923,"0","0","0","0","0","0","-","0"
1,"lR2oMJ",1,1158,2021,185,"Syrian Arab Rep.","SYR","SYR",85,"Hungary","HUN","HUN",869,"0","0","0","0","0","0","-","0"
1,"lR2oMJ",1,1159,2022,185,"Syrian Arab Rep.","SYR","SYR",85,"Hungary","HUN","HUN",819,"0","0","0","0","0","0","-","0"
1,"lR2oMJ",1,1160,2023,185,"Syrian Arab Rep.","SYR","SYR",85,"Hungary","HUN","HUN",805,"0","0","0","0","0","0","-","0"
1,"lR2oMJ",1,1161,2024,185,"Syrian Arab Rep.","SYR","SYR",85,"Hungary","HUN","HUN",800,"0","0","0","0","0","0","-","0"
1,"lR2oMJ",1,1162,2025,185,"Syrian Arab Rep.","SYR","SYR",85,"Hungary","HUN","HUN",772,6,"0","0","0","0","0","-","0"
1,"lR2oMJ",1,1163,2004,186,"United Rep. of Tanzania","TAN","TZA",85,"Hungary","HUN","HUN",5,"0","0","0","0","0","0","-","0"
1,"lR2oMJ",1,1164,2005,186,"United Rep. of Tanzania","TAN","TZA",85,"Hungary","HUN","HUN",5,"0","0","0","0","0","0","-","0"
1,"lR2oMJ",1,1165,2006,186,"United Rep. of Tanzania","TAN","TZA",85,"Hungary","HUN","HUN",5,"0","0","0","0","0","0","-","0"
1,"lR2oMJ",1,1166,2007,186,"United Rep. of Tanzania","TAN","TZA",85,"Hungary","HUN","HUN",5,"0","0","0","0","0","0","-","0"
1,"lR2oMJ",1,1167,2008,186,"United Rep. of Tanzania","TAN","TZA",85,"Hungary","HUN","HUN",5,"0","0","0","0","0","0","-","0"
1,"lR2oMJ",1,1168,2009,186,"United Rep. of Tanzania","TAN","TZA",85,"Hungary","HUN","HUN",5,"0","0","0","0","0","0","-","0"
1,"lR2oMJ",1,1169,2010,186,"United Rep. of Tanzania","TAN","TZA",85,"Hungary","HUN","HUN",5,"0","0","0","0","0","0","-","0"
1,"lR2oMJ",1,1170,2015,189,"Tajikistan","TJK","TJK",85,"Hungary","HUN","HUN","0",6,"0","0","0","0","0","-","0"
1,"lR2oMJ",1,1171,2016,189,"Tajikistan","TJK","TJK",85,"Hungary","HUN","HUN","0",8,"0","0","0","0","0","-","0"
1,"lR2oMJ",1,1172,2000,192,"Togo","TOG","TGO",85,"Hungary","HUN","HUN","0",5,"0","0","0","0","0","-","0"
1,"lR2oMJ",1,1173,2004,192,"Togo","TOG","TGO",85,"Hungary","HUN","HUN",5,"0","0","0","0","0","0","-","0"
1,"lR2oMJ",1,1174,2005,192,"Togo","TOG","TGO",85,"Hungary","HUN","HUN",9,"0","0","0","0","0","0","-","0"
1,"lR2oMJ",1,1175,2006,192,"Togo","TOG","TGO",85,"Hungary","HUN","HUN",9,"0","0","0","0","0","0","-","0"
1,"lR2oMJ",1,1176,2007,192,"Togo","TOG","TGO",85,"Hungary","HUN","HUN",10,"0","0","0","0","0","0","-","0"
1,"lR2oMJ",1,1177,2008,192,"Togo","TOG","TGO",85,"Hungary","HUN","HUN",10,"0","0","0","0","0","0","-","0"
1,"lR2oMJ",1,1178,2009,192,"Togo","TOG","TGO",85,"Hungary","HUN","HUN",9,"0","0","0","0","0","0","-","0"
1,"lR2oMJ",1,1179,2010,192,"Togo","TOG","TGO",85,"Hungary","HUN","HUN",9,"0","0","0","0","0","0","-","0"
1,"lR2oMJ",1,1180,2011,192,"Togo","TOG","TGO",85,"Hungary","HUN","HUN",8,"0","0","0","0","0","0","-","0"
1,"lR2oMJ",1,1181,2012,192,"Togo","TOG","TGO",85,"Hungary","HUN","HUN",8,"0","0","0","0","0","0","-","0"
1,"lR2oMJ",1,1182,2014,192,"Togo","TOG","TGO",85,"Hungary","HUN","HUN",5,8,"0","0","0","0","0","-","0"
1,"lR2oMJ",1,1183,2015,192,"Togo","TOG","TGO",85,"Hungary","HUN","HUN",5,5,"0","0","0","0","0","-","0"
1,"lR2oMJ",1,1184,2000,195,"Tunisia","TUN","TUN",85,"Hungary","HUN","HUN","0",5,"0","0","0","0","0","-","0"
1,"lR2oMJ",1,1185,2009,195,"Tunisia","TUN","TUN",85,"Hungary","HUN","HUN",5,"0","0","0","0","0","0","-","0"
1,"lR2oMJ",1,1186,2010,195,"Tunisia","TUN","TUN",85,"Hungary","HUN","HUN",5,"0","0","0","0","0","0","-","0"
1,"lR2oMJ",1,1187,2011,195,"Tunisia","TUN","TUN",85,"Hungary","HUN","HUN",5,"0","0","0","0","0","0","-","0"
1,"lR2oMJ",1,1188,2012,195,"Tunisia","TUN","TUN",85,"Hungary","HUN","HUN",6,"0","0","0","0","0","0","-","0"
1,"lR2oMJ",1,1189,2013,195,"Tunisia","TUN","TUN",85,"Hungary","HUN","HUN",6,10,"0","0","0","0","0","-","0"
1,"lR2oMJ",1,1190,2014,195,"Tunisia","TUN","TUN",85,"Hungary","HUN","HUN",7,5,"0","0","0","0","0","-","0"
1,"lR2oMJ",1,1191,2015,195,"Tunisia","TUN","TUN",85,"Hungary","HUN","HUN",7,5,"0","0","0","0","0","-","0"
1,"lR2oMJ",1,1192,2016,195,"Tunisia","TUN","TUN",85,"Hungary","HUN","HUN",7,5,"0","0","0","0","0","-","0"
1,"lR2oMJ",1,1193,2017,195,"Tunisia","TUN","TUN",85,"Hungary","HUN","HUN",8,"0","0","0","0","0","0","-","0"
1,"lR2oMJ",1,1194,2018,195,"Tunisia","TUN","TUN",85,"Hungary","HUN","HUN",8,"0","0","0","0","0","0","-","0"
1,"lR2oMJ",1,1195,2019,195,"Tunisia","TUN","TUN",85,"Hungary","HUN","HUN",8,5,"0","0","0","0","0","-","0"
1,"lR2oMJ",1,1196,2020,195,"Tunisia","TUN","TUN",85,"Hungary","HUN","HUN",8,"0","0","0","0","0","0","-","0"
1,"lR2oMJ",1,1197,2021,195,"Tunisia","TUN","TUN",85,"Hungary","HUN","HUN",7,"0","0","0","0","0","0","-","0"
1,"lR2oMJ",1,1198,2022,195,"Tunisia","TUN","TUN",85,"Hungary","HUN","HUN",7,"0","0","0","0","0","0","-","0"
1,"lR2oMJ",1,1199,2023,195,"Tunisia","TUN","TUN",85,"Hungary","HUN","HUN",7,"0","0","0","0","0","0","-","0"
1,"lR2oMJ",1,1200,2024,195,"Tunisia","TUN","TUN",85,"Hungary","HUN","HUN",7,"0","0","0","0","0","0","-","0"
1,"lR2oMJ",1,1201,2025,195,"Tunisia","TUN","TUN",85,"Hungary","HUN","HUN",7,"0","0","0","0","0","0","-","0"
1,"lR2oMJ",1,1202,1999,196,"Türkiye","TUR","TUR",85,"Hungary","HUN","HUN",5,"0","0","0","0","0","0","-","0"
1,"lR2oMJ",1,1203,2000,196,"Türkiye","TUR","TUR",85,"Hungary","HUN","HUN",7,30,"0","0","0","0","0","-","0"
1,"lR2oMJ",1,1204,2001,196,"Türkiye","TUR","TUR",85,"Hungary","HUN","HUN",5,74,"0","0","0","0","0","-","0"
1,"lR2oMJ",1,1205,2002,196,"Türkiye","TUR","TUR",85,"Hungary","HUN","HUN",17,5,"0","0","0","0","0","-","0"
1,"lR2oMJ",1,1206,2003,196,"Türkiye","TUR","TUR",85,"Hungary","HUN","HUN",30,19,"0","0","0","0","0","-","0"
1,"lR2oMJ",1,1207,2004,196,"Türkiye","TUR","TUR",85,"Hungary","HUN","HUN",50,9,"0","0","0","0","0","-","0"
1,"lR2oMJ",1,1208,2005,196,"Türkiye","TUR","TUR",85,"Hungary","HUN","HUN",60,12,"0","0","0","0","0","-","0"
1,"lR2oMJ",1,1209,2006,196,"Türkiye","TUR","TUR",85,"Hungary","HUN","HUN",69,13,"0","0","0","0","0","-","0"
1,"lR2oMJ",1,1210,2007,196,"Türkiye","TUR","TUR",85,"Hungary","HUN","HUN",78,13,"0","0","0","0","0","-","0"
1,"lR2oMJ",1,1211,2008,196,"Türkiye","TUR","TUR",85,"Hungary","HUN","HUN",78,34,"0","0","0","0","0","-","0"
1,"lR2oMJ",1,1212,2009,196,"Türkiye","TUR","TUR",85,"Hungary","HUN","HUN",76,9,"0","0","0","0","0","-","0"
1,"lR2oMJ",1,1213,2010,196,"Türkiye","TUR","TUR",85,"Hungary","HUN","HUN",74,13,"0","0","0","0","0","-","0"
1,"lR2oMJ",1,1214,2011,196,"Türkiye","TUR","TUR",85,"Hungary","HUN","HUN",73,"0","0","0","0","0","0","-","0"
1,"lR2oMJ",1,1215,2012,196,"Türkiye","TUR","TUR",85,"Hungary","HUN","HUN",64,"0","0","0","0","0","0","-","0"
1,"lR2oMJ",1,1216,2013,196,"Türkiye","TUR","TUR",85,"Hungary","HUN","HUN",35,14,"0","0","0","0","0","-","0"
1,"lR2oMJ",1,1217,2014,196,"Türkiye","TUR","TUR",85,"Hungary","HUN","HUN",27,28,"0","0","0","0","0","-","0"
1,"lR2oMJ",1,1218,2015,196,"Türkiye","TUR","TUR",85,"Hungary","HUN","HUN",37,24,"0","0","0","0","0","-","0"
1,"lR2oMJ",1,1219,2016,196,"Türkiye","TUR","TUR",85,"Hungary","HUN","HUN",36,10,"0","0","0","0","0","-","0"
1,"lR2oMJ",1,1220,2017,196,"Türkiye","TUR","TUR",85,"Hungary","HUN","HUN",34,5,"0","0","0","0","0","-","0"
1,"lR2oMJ",1,1221,2018,196,"Türkiye","TUR","TUR",85,"Hungary","HUN","HUN",34,5,"0","0","0","0","0","-","0"
1,"lR2oMJ",1,1222,2019,196,"Türkiye","TUR","TUR",85,"Hungary","HUN","HUN",33,5,"0","0","0","0","0","-","0"
1,"lR2oMJ",1,1223,2020,196,"Türkiye","TUR","TUR",85,"Hungary","HUN","HUN",33,5,"0","0","0","0","0","-","0"
1,"lR2oMJ",1,1224,2021,196,"Türkiye","TUR","TUR",85,"Hungary","HUN","HUN",33,"0","0","0","0","0","0","-","0"
1,"lR2oMJ",1,1225,2022,196,"Türkiye","TUR","TUR",85,"Hungary","HUN","HUN",37,"0","0","0","0","0","0","-","0"
1,"lR2oMJ",1,1226,2023,196,"Türkiye","TUR","TUR",85,"Hungary","HUN","HUN",37,"0","0","0","0","0","0","-","0"
1,"lR2oMJ",1,1227,2024,196,"Türkiye","TUR","TUR",85,"Hungary","HUN","HUN",37,"0","0","0","0","0","0","-","0"
1,"lR2oMJ",1,1228,2025,196,"Türkiye","TUR","TUR",85,"Hungary","HUN","HUN",37,"0","0","0","0","0","0","-","0"
1,"lR2oMJ",1,1229,2015,198,"United Arab Emirates","UAE","ARE",85,"Hungary","HUN","HUN","0",5,"0","0","0","0","0","-","0"
1,"lR2oMJ",1,1230,2004,199,"Uganda","UGA","UGA",85,"Hungary","HUN","HUN",5,5,"0","0","0","0","0","-","0"
1,"lR2oMJ",1,1231,2005,199,"Uganda","UGA","UGA",85,"Hungary","HUN","HUN",8,"0","0","0","0","0","0","-","0"
1,"lR2oMJ",1,1232,2006,199,"Uganda","UGA","UGA",85,"Hungary","HUN","HUN",8,"0","0","0","0","0","0","-","0"
1,"lR2oMJ",1,1233,2007,199,"Uganda","UGA","UGA",85,"Hungary","HUN","HUN",7,"0","0","0","0","0","0","-","0"
1,"lR2oMJ",1,1234,2008,199,"Uganda","UGA","UGA",85,"Hungary","HUN","HUN",7,"0","0","0","0","0","0","-","0"
1,"lR2oMJ",1,1235,2009,199,"Uganda","UGA","UGA",85,"Hungary","HUN","HUN",7,"0","0","0","0","0","0","-","0"
1,"lR2oMJ",1,1236,2010,199,"Uganda","UGA","UGA",85,"Hungary","HUN","HUN",7,"0","0","0","0","0","0","-","0"
1,"lR2oMJ",1,1237,2011,199,"Uganda","UGA","UGA",85,"Hungary","HUN","HUN",7,"0","0","0","0","0","0","-","0"
1,"lR2oMJ",1,1238,2012,199,"Uganda","UGA","UGA",85,"Hungary","HUN","HUN",7,"0","0","0","0","0","0","-","0"
1,"lR2oMJ",1,1239,2013,199,"Uganda","UGA","UGA",85,"Hungary","HUN","HUN",5,5,"0","0","0","0","0","-","0"
1,"lR2oMJ",1,1240,2014,199,"Uganda","UGA","UGA",85,"Hungary","HUN","HUN",5,5,"0","0","0","0","0","-","0"
1,"lR2oMJ",1,1241,2015,199,"Uganda","UGA","UGA",85,"Hungary","HUN","HUN",6,16,"0","0","0","0","0","-","0"
1,"lR2oMJ",1,1242,2016,199,"Uganda","UGA","UGA",85,"Hungary","HUN","HUN",6,"0","0","0","0","0","0","-","0"
1,"lR2oMJ",1,1243,2017,199,"Uganda","UGA","UGA",85,"Hungary","HUN","HUN",6,"0","0","0","0","0","0","-","0"
1,"lR2oMJ",1,1244,2018,199,"Uganda","UGA","UGA",85,"Hungary","HUN","HUN",7,"0","0","0","0","0","0","-","0"
1,"lR2oMJ",1,1245,2019,199,"Uganda","UGA","UGA",85,"Hungary","HUN","HUN",7,"0","0","0","0","0","0","-","0"
1,"lR2oMJ",1,1246,2020,199,"Uganda","UGA","UGA",85,"Hungary","HUN","HUN",7,"0","0","0","0","0","0","-","0"
1,"lR2oMJ",1,1247,2021,199,"Uganda","UGA","UGA",85,"Hungary","HUN","HUN",7,"0","0","0","0","0","0","-","0"
1,"lR2oMJ",1,1248,2022,199,"Uganda","UGA","UGA",85,"Hungary","HUN","HUN",8,"0","0","0","0","0","0","-","0"
1,"lR2oMJ",1,1249,2023,199,"Uganda","UGA","UGA",85,"Hungary","HUN","HUN",8,"0","0","0","0","0","0","-","0"
1,"lR2oMJ",1,1250,2024,199,"Uganda","UGA","UGA",85,"Hungary","HUN","HUN",8,"0","0","0","0","0","0","-","0"
1,"lR2oMJ",1,1251,2025,199,"Uganda","UGA","UGA",85,"Hungary","HUN","HUN",10,"0","0","0","0","0","0","-","0"
1,"lR2oMJ",1,1252,1999,200,"Ukraine","UKR","UKR",85,"Hungary","HUN","HUN",7,"0","0","0","0","0","0","-","0"
1,"lR2oMJ",1,1253,2000,200,"Ukraine","UKR","UKR",85,"Hungary","HUN","HUN",10,5,"0","0","0","0","0","-","0"
1,"lR2oMJ",1,1254,2001,200,"Ukraine","UKR","UKR",85,"Hungary","HUN","HUN",10,12,"0","0","0","0","0","-","0"
1,"lR2oMJ",1,1255,2002,200,"Ukraine","UKR","UKR",85,"Hungary","HUN","HUN",13,5,"0","0","0","0","0","-","0"
1,"lR2oMJ",1,1256,2003,200,"Ukraine","UKR","UKR",85,"Hungary","HUN","HUN",15,5,"0","0","0","0","0","-","0"
1,"lR2oMJ",1,1257,2004,200,"Ukraine","UKR","UKR",85,"Hungary","HUN","HUN",27,10,"0","0","0","0","0","-","0"
1,"lR2oMJ",1,1258,2005,200,"Ukraine","UKR","UKR",85,"Hungary","HUN","HUN",52,5,"0","0","0","0","0","-","0"
1,"lR2oMJ",1,1259,2006,200,"Ukraine","UKR","UKR",85,"Hungary","HUN","HUN",48,9,"0","0","0","0","0","-","0"
1,"lR2oMJ",1,1260,2007,200,"Ukraine","UKR","UKR",85,"Hungary","HUN","HUN",49,"0","0","0","0","0","0","-","0"
1,"lR2oMJ",1,1261,2008,200,"Ukraine","UKR","UKR",85,"Hungary","HUN","HUN",49,5,"0","0","0","0","0","-","0"
1,"lR2oMJ",1,1262,2009,200,"Ukraine","UKR","UKR",85,"Hungary","HUN","HUN",47,7,"0","0","0","0","0","-","0"
1,"lR2oMJ",1,1263,2010,200,"Ukraine","UKR","UKR",85,"Hungary","HUN","HUN",44,7,"0","0","0","0","0","-","0"
1,"lR2oMJ",1,1264,2011,200,"Ukraine","UKR","UKR",85,"Hungary","HUN","HUN",44,"0","0","0","0","0","0","-","0"
1,"lR2oMJ",1,1265,2012,200,"Ukraine","UKR","UKR",85,"Hungary","HUN","HUN",41,"0","0","0","0","0","0","-","0"
1,"lR2oMJ",1,1266,2013,200,"Ukraine","UKR","UKR",85,"Hungary","HUN","HUN",9,5,"0","0","0","0","0","-","0"
1,"lR2oMJ",1,1267,2014,200,"Ukraine","UKR","UKR",85,"Hungary","HUN","HUN",10,7,"0","0","0","0","0","-","0"
1,"lR2oMJ",1,1268,2015,200,"Ukraine","UKR","UKR",85,"Hungary","HUN","HUN",17,11,"0","0","0","0","0","-","0"
1,"lR2oMJ",1,1269,2016,200,"Ukraine","UKR","UKR",85,"Hungary","HUN","HUN",19,5,"0","0","0","0","0","-","0"
1,"lR2oMJ",1,1270,2017,200,"Ukraine","UKR","UKR",85,"Hungary","HUN","HUN",19,"0","0","0","0","0","0","-","0"
1,"lR2oMJ",1,1271,2018,200,"Ukraine","UKR","UKR",85,"Hungary","HUN","HUN",19,"0","0","0","0","0","0","-","0"
1,"lR2oMJ",1,1272,2019,200,"Ukraine","UKR","UKR",85,"Hungary","HUN","HUN",15,"0","0","0","0","0","0","-","0"
1,"lR2oMJ",1,1273,2020,200,"Ukraine","UKR","UKR",85,"Hungary","HUN","HUN",14,"0","0","0","0","0","0","-","0"
1,"lR2oMJ",1,1274,2021,200,"Ukraine","UKR","UKR",85,"Hungary","HUN","HUN",13,"0","0","0","0","0","0","-","0"
1,"lR2oMJ",1,1275,2022,200,"Ukraine","UKR","UKR",85,"Hungary","HUN","HUN",29632,5,14000,"0","0","0","0","-","0"
1,"lR2oMJ",1,1276,2023,200,"Ukraine","UKR","UKR",85,"Hungary","HUN","HUN",57401,"0",1000,"0","0","0","0","-","0"
1,"lR2oMJ",1,1277,2024,200,"Ukraine","UKR","UKR",85,"Hungary","HUN","HUN",62987,"0",6000,"0","0","0","0","-","0"
1,"lR2oMJ",1,1278,2025,200,"Ukraine","UKR","UKR",85,"Hungary","HUN","HUN",63326,"0",3000,"0","0","0","0","-","0"
1,"lR2oMJ",1,1279,2022,202,"United States of America","USA","USA",85,"Hungary","HUN","HUN",7,"0","0","0","0","0","0","-","0"
1,"lR2oMJ",1,1280,2023,202,"United States of America","USA","USA",85,"Hungary","HUN","HUN",9,"0","0","0","0","0","0","-","0"
1,"lR2oMJ",1,1281,2024,202,"United States of America","USA","USA",85,"Hungary","HUN","HUN",14,"0","0","0","0","0","0","-","0"
1,"lR2oMJ",1,1282,2025,202,"United States of America","USA","USA",85,"Hungary","HUN","HUN",14,"0","0","0","0","0","0","-","0"
1,"lR2oMJ",1,1283,2000,203,"Uzbekistan","UZB","UZB",85,"Hungary","HUN","HUN","0",5,"0","0","0","0","0","-","0"
1,"lR2oMJ",1,1284,2001,203,"Uzbekistan","UZB","UZB",85,"Hungary","HUN","HUN","0",5,"0","0","0","0","0","-","0"
1,"lR2oMJ",1,1285,2002,203,"Uzbekistan","UZB","UZB",85,"Hungary","HUN","HUN","0",5,"0","0","0","0","0","-","0"
1,"lR2oMJ",1,1286,2003,203,"Uzbekistan","UZB","UZB",85,"Hungary","HUN","HUN",5,"0","0","0","0","0","0","-","0"
1,"lR2oMJ",1,1287,2004,203,"Uzbekistan","UZB","UZB",85,"Hungary","HUN","HUN",5,"0","0","0","0","0","0","-","0"
1,"lR2oMJ",1,1288,2005,203,"Uzbekistan","UZB","UZB",85,"Hungary","HUN","HUN",5,"0","0","0","0","0","0","-","0"
1,"lR2oMJ",1,1289,2006,203,"Uzbekistan","UZB","UZB",85,"Hungary","HUN","HUN",5,"0","0","0","0","0","0","-","0"
1,"lR2oMJ",1,1290,2007,203,"Uzbekistan","UZB","UZB",85,"Hungary","HUN","HUN",7,"0","0","0","0","0","0","-","0"
1,"lR2oMJ",1,1291,2008,203,"Uzbekistan","UZB","UZB",85,"Hungary","HUN","HUN",10,"0","0","0","0","0","0","-","0"
1,"lR2oMJ",1,1292,2009,203,"Uzbekistan","UZB","UZB",85,"Hungary","HUN","HUN",10,"0","0","0","0","0","0","-","0"
1,"lR2oMJ",1,1293,2010,203,"Uzbekistan","UZB","UZB",85,"Hungary","HUN","HUN",10,"0","0","0","0","0","0","-","0"
1,"lR2oMJ",1,1294,2011,203,"Uzbekistan","UZB","UZB",85,"Hungary","HUN","HUN",10,"0","0","0","0","0","0","-","0"
1,"lR2oMJ",1,1295,2012,203,"Uzbekistan","UZB","UZB",85,"Hungary","HUN","HUN",10,"0","0","0","0","0","0","-","0"
1,"lR2oMJ",1,1296,2013,203,"Uzbekistan","UZB","UZB",85,"Hungary","HUN","HUN",6,"0","0","0","0","0","0","-","0"
1,"lR2oMJ",1,1297,2014,203,"Uzbekistan","UZB","UZB",85,"Hungary","HUN","HUN",7,"0","0","0","0","0","0","-","0"
1,"lR2oMJ",1,1298,2015,203,"Uzbekistan","UZB","UZB",85,"Hungary","HUN","HUN",7,"0","0","0","0","0","0","-","0"
1,"lR2oMJ",1,1299,2016,203,"Uzbekistan","UZB","UZB",85,"Hungary","HUN","HUN",8,"0","0","0","0","0","0","-","0"
1,"lR2oMJ",1,1300,2017,203,"Uzbekistan","UZB","UZB",85,"Hungary","HUN","HUN",7,"0","0","0","0","0","0","-","0"
1,"lR2oMJ",1,1301,2018,203,"Uzbekistan","UZB","UZB",85,"Hungary","HUN","HUN",7,"0","0","0","0","0","0","-","0"
1,"lR2oMJ",1,1302,2019,203,"Uzbekistan","UZB","UZB",85,"Hungary","HUN","HUN",6,"0","0","0","0","0","0","-","0"
1,"lR2oMJ",1,1303,2020,203,"Uzbekistan","UZB","UZB",85,"Hungary","HUN","HUN",6,"0","0","0","0","0","0","-","0"
1,"lR2oMJ",1,1304,2021,203,"Uzbekistan","UZB","UZB",85,"Hungary","HUN","HUN",6,"0","0","0","0","0","0","-","0"
1,"lR2oMJ",1,1305,2022,203,"Uzbekistan","UZB","UZB",85,"Hungary","HUN","HUN",12,"0","0","0","0","0","0","-","0"
1,"lR2oMJ",1,1306,2023,203,"Uzbekistan","UZB","UZB",85,"Hungary","HUN","HUN",11,"0","0","0","0","0","0","-","0"
1,"lR2oMJ",1,1307,2024,203,"Uzbekistan","UZB","UZB",85,"Hungary","HUN","HUN",12,"0","0","0","0","0","0","-","0"
1,"lR2oMJ",1,1308,2025,203,"Uzbekistan","UZB","UZB",85,"Hungary","HUN","HUN",12,"0","0","0","0","0","0","-","0"
1,"lR2oMJ",1,1309,2024,207,"Venezuela (Bolivarian Republic of)","VEN","VEN",85,"Hungary","HUN","HUN",5,"0","0","0","0","0","0","-","0"
1,"lR2oMJ",1,1310,2025,207,"Venezuela (Bolivarian Republic of)","VEN","VEN",85,"Hungary","HUN","HUN",5,"0","0","0","0","0","0","-","0"
1,"lR2oMJ",1,1311,2015,210,"Western Sahara","WSH","ESH",85,"Hungary","HUN","HUN","0",8,"0","0","0","0","0","-","0"
1,"lR2oMJ",1,1312,2004,211,"Yemen","YEM","YEM",85,"Hungary","HUN","HUN",5,"0","0","0","0","0","0","-","0"
1,"lR2oMJ",1,1313,2015,211,"Yemen","YEM","YEM",85,"Hungary","HUN","HUN",10,6,"0","0","0","0","0","-","0"
1,"lR2oMJ",1,1314,2016,211,"Yemen","YEM","YEM",85,"Hungary","HUN","HUN",14,"0","0","0","0","0","0","-","0"
1,"lR2oMJ",1,1315,2017,211,"Yemen","YEM","YEM",85,"Hungary","HUN","HUN",17,"0","0","0","0","0","0","-","0"
1,"lR2oMJ",1,1316,2018,211,"Yemen","YEM","YEM",85,"Hungary","HUN","HUN",18,"0","0","0","0","0","0","-","0"
1,"lR2oMJ",1,1317,2019,211,"Yemen","YEM","YEM",85,"Hungary","HUN","HUN",18,"0","0","0","0","0","0","-","0"
1,"lR2oMJ",1,1318,2020,211,"Yemen","YEM","YEM",85,"Hungary","HUN","HUN",16,"0","0","0","0","0","0","-","0"
1,"lR2oMJ",1,1319,2021,211,"Yemen","YEM","YEM",85,"Hungary","HUN","HUN",16,"0","0","0","0","0","0","-","0"
1,"lR2oMJ",1,1320,2022,211,"Yemen","YEM","YEM",85,"Hungary","HUN","HUN",17,"0","0","0","0","0","0","-","0"
1,"lR2oMJ",1,1321,2023,211,"Yemen","YEM","YEM",85,"Hungary","HUN","HUN",17,"0","0","0","0","0","0","-","0"
1,"lR2oMJ",1,1322,2024,211,"Yemen","YEM","YEM",85,"Hungary","HUN","HUN",17,"0","0","0","0","0","0","-","0"
1,"lR2oMJ",1,1323,2025,211,"Yemen","YEM","YEM",85,"Hungary","HUN","HUN",17,"0","0","0","0","0","0","-","0"
1,"lR2oMJ",1,1324,2009,213,"Zambia","ZAM","ZMB",85,"Hungary","HUN","HUN","0",6,"0","0","0","0","0","-","0"
1,"lR2oMJ",1,1325,2010,213,"Zambia","ZAM","ZMB",85,"Hungary","HUN","HUN","0",6,"0","0","0","0","0","-","0"
1,"lR2oMJ",1,1326,2005,214,"Zimbabwe","ZIM","ZWE",85,"Hungary","HUN","HUN",5,"0","0","0","0","0","0","-","0"
1,"lR2oMJ",1,1327,2006,214,"Zimbabwe","ZIM","ZWE",85,"Hungary","HUN","HUN",6,"0","0","0","0","0","0","-","0"
1,"lR2oMJ",1,1328,2007,214,"Zimbabwe","ZIM","ZWE",85,"Hungary","HUN","HUN",7,"0","0","0","0","0","0","-","0"
1,"lR2oMJ",1,1329,2008,214,"Zimbabwe","ZIM","ZWE",85,"Hungary","HUN","HUN",6,"0","0","0","0","0","0","-","0"
1,"lR2oMJ",1,1330,2009,214,"Zimbabwe","ZIM","ZWE",85,"Hungary","HUN","HUN",6,"0","0","0","0","0","0","-","0"
1,"lR2oMJ",1,1331,2010,214,"Zimbabwe","ZIM","ZWE",85,"Hungary","HUN","HUN",6,"0","0","0","0","0","0","-","0"
1,"lR2oMJ",1,1332,2011,214,"Zimbabwe","ZIM","ZWE",85,"Hungary","HUN","HUN",6,"0","0","0","0","0","0","-","0"
1,"lR2oMJ",1,1333,2012,214,"Zimbabwe","ZIM","ZWE",85,"Hungary","HUN","HUN",6,"0","0","0","0","0","0","-","0"
1,"lR2oMJ",1,1334,2013,214,"Zimbabwe","ZIM","ZWE",85,"Hungary","HUN","HUN",5,"0","0","0","0","0","0","-","0"
1,"lR2oMJ",1,1335,2014,214,"Zimbabwe","ZIM","ZWE",85,"Hungary","HUN","HUN",5,"0","0","0","0","0","0","-","0"
1,"lR2oMJ",1,1336,2015,214,"Zimbabwe","ZIM","ZWE",85,"Hungary","HUN","HUN",5,"0","0","0","0","0","0","-","0"
1,"lR2oMJ",1,1337,2016,214,"Zimbabwe","ZIM","ZWE",85,"Hungary","HUN","HUN",5,"0","0","0","0","0","0","-","0"
1,"lR2oMJ",1,1338,2017,214,"Zimbabwe","ZIM","ZWE",85,"Hungary","HUN","HUN",5,"0","0","0","0","0","0","-","0"
1,"lR2oMJ",1,1339,2018,214,"Zimbabwe","ZIM","ZWE",85,"Hungary","HUN","HUN",5,"0","0","0","0","0","0","-","0"
1,"lR2oMJ",1,1340,2019,214,"Zimbabwe","ZIM","ZWE",85,"Hungary","HUN","HUN",5,"0","0","0","0","0","0","-","0"
1,"lR2oMJ",1,1341,2020,214,"Zimbabwe","ZIM","ZWE",85,"Hungary","HUN","HUN",5,"0","0","0","0","0","0","-","0"
1,"lR2oMJ",1,1342,2021,214,"Zimbabwe","ZIM","ZWE",85,"Hungary","HUN","HUN",5,"0","0","0","0","0","0","-","0"
1,"lR2oMJ",1,1343,2022,214,"Zimbabwe","ZIM","ZWE",85,"Hungary","HUN","HUN",5,"0","0","0","0","0","0","-","0"
1,"lR2oMJ",1,1344,2023,214,"Zimbabwe","ZIM","ZWE",85,"Hungary","HUN","HUN",5,"0","0","0","0","0","0","-","0"
1,"lR2oMJ",1,1345,2024,214,"Zimbabwe","ZIM","ZWE",85,"Hungary","HUN","HUN",5,"0","0","0","0","0","0","-","0"
1,"lR2oMJ",1,1346,2025,214,"Zimbabwe","ZIM","ZWE",85,"Hungary","HUN","HUN",5,"0","0","0","0","0","0","-","0"
1,"lR2oMJ",1,1347,1999,216,"Stateless","STA","XXA",85,"Hungary","HUN","HUN",11,"0","0","0","0","0","0","-","0"
1,"lR2oMJ",1,1348,2000,216,"Stateless","STA","XXA",85,"Hungary","HUN","HUN",10,"0","0","0","0","0","0","-","0"
1,"lR2oMJ",1,1349,2001,216,"Stateless","STA","XXA",85,"Hungary","HUN","HUN",10,"0","0","0","0","0","0","-","0"
1,"lR2oMJ",1,1350,2002,216,"Stateless","STA","XXA",85,"Hungary","HUN","HUN",12,6,"0","0","0","0","0","-","0"
1,"lR2oMJ",1,1351,2003,216,"Stateless","STA","XXA",85,"Hungary","HUN","HUN",23,5,"0","0","0","0","0","-","0"
1,"lR2oMJ",1,1352,2004,216,"Stateless","STA","XXA",85,"Hungary","HUN","HUN",18,"0","0","0","0","0","0","-","0"
1,"lR2oMJ",1,1353,2005,216,"Stateless","STA","XXA",85,"Hungary","HUN","HUN",31,"0","0","0","0",49,"0","-","0"
1,"lR2oMJ",1,1354,2006,216,"Stateless","STA","XXA",85,"Hungary","HUN","HUN",33,"0","0","0","0",53,"0","-","0"
1,"lR2oMJ",1,1355,2007,216,"Stateless","STA","XXA",85,"Hungary","HUN","HUN",36,"0","0","0","0",241,"0","-","0"
1,"lR2oMJ",1,1356,2008,216,"Stateless","STA","XXA",85,"Hungary","HUN","HUN",37,"0","0","0","0",241,"0","-","0"
1,"lR2oMJ",1,1357,2009,216,"Stateless","STA","XXA",85,"Hungary","HUN","HUN",38,"0","0","0","0",49,"0","-","0"
1,"lR2oMJ",1,1358,2010,216,"Stateless","STA","XXA",85,"Hungary","HUN","HUN",38,"0","0","0","0",62,"0","-","0"
1,"lR2oMJ",1,1359,2011,216,"Stateless","STA","XXA",85,"Hungary","HUN","HUN",38,"0","0","0","0",89,"0","-","0"
1,"lR2oMJ",1,1360,2012,216,"Stateless","STA","XXA",85,"Hungary","HUN","HUN",36,"0","0","0","0",111,"0","-","0"
1,"lR2oMJ",1,1361,2013,216,"Stateless","STA","XXA",85,"Hungary","HUN","HUN",45,"0","0","0","0",113,"0","-","0"
1,"lR2oMJ",1,1362,2014,216,"Stateless","STA","XXA",85,"Hungary","HUN","HUN",51,"0","0","0","0",124,"0","-","0"
1,"lR2oMJ",1,1363,2015,216,"Stateless","STA","XXA",85,"Hungary","HUN","HUN",78,5,"0","0","0",132,"0","-","0"
1,"lR2oMJ",1,1364,2016,216,"Stateless","STA","XXA",85,"Hungary","HUN","HUN",76,"0","0","0","0",135,"0","-","0"
1,"lR2oMJ",1,1365,2017,216,"Stateless","STA","XXA",85,"Hungary","HUN","HUN",76,"0","0","0","0",139,"0","-","0"
1,"lR2oMJ",1,1366,2018,216,"Stateless","STA","XXA",85,"Hungary","HUN","HUN",76,"0","0","0","0",144,"0","-","0"
1,"lR2oMJ",1,1367,2019,216,"Stateless","STA","XXA",85,"Hungary","HUN","HUN",71,"0","0","0","0",147,"0","-","0"
1,"lR2oMJ",1,1368,2020,216,"Stateless","STA","XXA",85,"Hungary","HUN","HUN",69,"0","0","0","0",145,"0","-","0"
1,"lR2oMJ",1,1369,2021,216,"Stateless","STA","XXA",85,"Hungary","HUN","HUN",64,"0","0","0","0",135,"0","-","0"
1,"lR2oMJ",1,1370,2022,216,"Stateless","STA","XXA",85,"Hungary","HUN","HUN",61,"0","0","0","0",137,"0","-","0"
1,"lR2oMJ",1,1371,2023,216,"Stateless","STA","XXA",85,"Hungary","HUN","HUN",62,"0","0","0","0",137,"0","-","0"
1,"lR2oMJ",1,1372,2024,216,"Stateless","STA","XXA",85,"Hungary","HUN","HUN",62,"0","0","0","0",101,24,"-","0"
1,"lR2oMJ",1,1373,2025,216,"Stateless","STA","XXA",85,"Hungary","HUN","HUN",61,"0","0","0","0",97,23,"-","0"
1,"lR2oMJ",1,1374,2005,218,"Tibetan","TIB","TIB",85,"Hungary","HUN","HUN","0",8,"0","0","0","0","0","-","0"
1,"lR2oMJ",1,1375,1990,262,"Unknown ","UKN","UNK",85,"Hungary","HUN","HUN",14793,"0","0","0","0","0","0","-","0"
1,"lR2oMJ",1,1376,1991,262,"Unknown ","UKN","UNK",85,"Hungary","HUN","HUN",27208,"0","0","0","0","0","0","-","0"
1,"lR2oMJ",1,1377,1992,262,"Unknown ","UKN","UNK",85,"Hungary","HUN","HUN",482,"0","0","0","0","0","0","-","0"
1,"lR2oMJ",1,1378,1994,262,"Unknown ","UKN","UNK",85,"Hungary","HUN","HUN",11,"0","0","0","0","0","0","-","0"
1,"lR2oMJ",1,1379,1995,262,"Unknown ","UKN","UNK",85,"Hungary","HUN","HUN",2841,"0","0","0","0","0","0","-","0"
1,"lR2oMJ",1,1380,1996,262,"Unknown ","UKN","UNK",85,"Hungary","HUN","HUN",2831,"0",81,"0","0","0","0","-","0"
1,"lR2oMJ",1,1381,1997,262,"Unknown ","UKN","UNK",85,"Hungary","HUN","HUN",2647,"0","0","0","0","0","0","-","0"
1,"lR2oMJ",1,1382,1998,262,"Unknown ","UKN","UNK",85,"Hungary","HUN","HUN",3018,"0","0","0","0","0","0","-","0"
1,"lR2oMJ",1,1383,1999,262,"Unknown ","UKN","UNK",85,"Hungary","HUN","HUN",7,"0",17,"0","0","0","0","-","0"
1,"lR2oMJ",1,1384,2000,262,"Unknown ","UKN","UNK",85,"Hungary","HUN","HUN",9,"0","0","0","0","0","0","-","0"
1,"lR2oMJ",1,1385,2001,262,"Unknown ","UKN","UNK",85,"Hungary","HUN","HUN",6,"0","0","0","0","0","0","-","0"
1,"lR2oMJ",1,1386,2002,262,"Unknown ","UKN","UNK",85,"Hungary","HUN","HUN",6,"0","0","0","0","0","0","-","0"
1,"lR2oMJ",1,1387,2003,262,"Unknown ","UKN","UNK",85,"Hungary","HUN","HUN",10,14,"0","0","0","0","0","-","0"
1,"lR2oMJ",1,1388,2004,262,"Unknown ","UKN","UNK",85,"Hungary","HUN","HUN",233,5,"0","0","0","0","0","-","0"
1,"lR2oMJ",1,1389,2005,262,"Unknown ","UKN","UNK",85,"Hungary","HUN","HUN",117,351,"0","0","0","0","0","-","0"
1,"lR2oMJ",1,1390,2006,262,"Unknown ","UKN","UNK",85,"Hungary","HUN","HUN",127,5,"0","0","0","0","0","-","0"
1,"lR2oMJ",1,1391,2007,262,"Unknown ","UKN","UNK",85,"Hungary","HUN","HUN",153,5,"0","0","0","0","0","-","0"
1,"lR2oMJ",1,1392,2008,262,"Unknown ","UKN","UNK",85,"Hungary","HUN","HUN",159,6,"0","0","0","0","0","-","0"
1,"lR2oMJ",1,1393,2009,262,"Unknown ","UKN","UNK",85,"Hungary","HUN","HUN",156,5,"0","0","0","0","0","-","0"
1,"lR2oMJ",1,1394,2010,262,"Unknown ","UKN","UNK",85,"Hungary","HUN","HUN",170,5,"0","0","0","0","0","-","0"
1,"lR2oMJ",1,1395,2011,262,"Unknown ","UKN","UNK",85,"Hungary","HUN","HUN",188,360,"0","0","0","0","0","-","0"
1,"lR2oMJ",1,1396,2012,262,"Unknown ","UKN","UNK",85,"Hungary","HUN","HUN",215,386,"0","0","0","0","0","-","0"
1,"lR2oMJ",1,1397,2013,262,"Unknown ","UKN","UNK",85,"Hungary","HUN","HUN",128,37,"0","0","0","0","0","-","0"
1,"lR2oMJ",1,1398,2014,262,"Unknown ","UKN","UNK",85,"Hungary","HUN","HUN",165,286,"0","0","0","0","0","-","0"
1,"lR2oMJ",1,1399,2015,262,"Unknown ","UKN","UNK",85,"Hungary","HUN","HUN",865,316,"0","0","0","0","0","-","0"
1,"lR2oMJ",1,1400,2016,262,"Unknown ","UKN","UNK",85,"Hungary","HUN","HUN",897,9,"0","0","0","0","0","-","0"
1,"lR2oMJ",1,1401,2017,262,"Unknown ","UKN","UNK",85,"Hungary","HUN","HUN",925,9,"0","0","0","0","0","-","0"
1,"lR2oMJ",1,1402,2018,262,"Unknown ","UKN","UNK",85,"Hungary","HUN","HUN",942,"0","0","0","0","0","0","-","0"
1,"lR2oMJ",1,1403,2019,262,"Unknown ","UKN","UNK",85,"Hungary","HUN","HUN",917,"0","0","0","0","0","0","-","0"
1,"lR2oMJ",1,1404,2020,262,"Unknown ","UKN","UNK",85,"Hungary","HUN","HUN",941,"0","0","0","0","0","0","-","0"
1,"lR2oMJ",1,1405,2021,262,"Unknown ","UKN","UNK",85,"Hungary","HUN","HUN",934,"0","0","0","0","0","0","-","0"
1,"lR2oMJ",1,1406,2022,262,"Unknown ","UKN","UNK",85,"Hungary","HUN","HUN",891,5,"0","0","0","0","0","-","0"
1,"lR2oMJ",1,1407,2023,262,"Unknown ","UKN","UNK",85,"Hungary","HUN","HUN",939,"0","0","0","0","0",6,"-","0"
1,"lR2oMJ",1,1408,2024,262,"Unknown ","UKN","UNK",85,"Hungary","HUN","HUN",4500,"0","0","0","0","0",15,"-","0"
1,"lR2oMJ",1,1409,2025,262,"Unknown ","UKN","UNK",85,"Hungary","HUN","HUN",4553,8,"0","0","0","0",13,"-","0"
