"page","short-url","maxPages","items","year","coo_id","coo_name","coo","coo_iso","coa_id","coa_name","coa","coa_iso","refugees","asylum_seekers","returned_refugees","idps","returned_idps","stateless","ooc","oip","hst"
1,"4zFxD0",1,1,1999,2,"Afghanistan","AFG","AFG",90,"Ireland","IRE","IRL",5,"0","0","0","0","0","0","-","0"
1,"4zFxD0",1,2,2000,2,"Afghanistan","AFG","AFG",90,"Ireland","IRE","IRL",30,"0","0","0","0","0","0","-","0"
1,"4zFxD0",1,3,2001,2,"Afghanistan","AFG","AFG",90,"Ireland","IRE","IRL",41,"0","0","0","0","0","0","-","0"
1,"4zFxD0",1,4,2002,2,"Afghanistan","AFG","AFG",90,"Ireland","IRE","IRL",41,"0","0","0","0","0","0","-","0"
1,"4zFxD0",1,5,2003,2,"Afghanistan","AFG","AFG",90,"Ireland","IRE","IRL",38,20,"0","0","0","0","0","-","0"
1,"4zFxD0",1,6,2004,2,"Afghanistan","AFG","AFG",90,"Ireland","IRE","IRL",58,95,"0","0","0","0","0","-","0"
1,"4zFxD0",1,7,2005,2,"Afghanistan","AFG","AFG",90,"Ireland","IRE","IRL",77,"0","0","0","0","0","0","-","0"
1,"4zFxD0",1,8,2006,2,"Afghanistan","AFG","AFG",90,"Ireland","IRE","IRL",99,112,"0","0","0","0","0","-","0"
1,"4zFxD0",1,9,2007,2,"Afghanistan","AFG","AFG",90,"Ireland","IRE","IRL",106,118,"0","0","0","0","0","-","0"
1,"4zFxD0",1,10,2008,2,"Afghanistan","AFG","AFG",90,"Ireland","IRE","IRL",127,122,"0","0","0","0","0","-","0"
1,"4zFxD0",1,11,2009,2,"Afghanistan","AFG","AFG",90,"Ireland","IRE","IRL",149,55,"0","0","0","0","0","-","0"
1,"4zFxD0",1,12,2010,2,"Afghanistan","AFG","AFG",90,"Ireland","IRE","IRL",157,181,"0","0","0","0","0","-","0"
1,"4zFxD0",1,13,2011,2,"Afghanistan","AFG","AFG",90,"Ireland","IRE","IRL",170,209,"0","0","0","0","0","-","0"
1,"4zFxD0",1,14,2012,2,"Afghanistan","AFG","AFG",90,"Ireland","IRE","IRL",181,210,"0","0","0","0","0","-","0"
1,"4zFxD0",1,15,2013,2,"Afghanistan","AFG","AFG",90,"Ireland","IRE","IRL",129,173,"0","0","0","0","0","-","0"
1,"4zFxD0",1,16,2014,2,"Afghanistan","AFG","AFG",90,"Ireland","IRE","IRL",158,129,"0","0","0","0","0","-","0"
1,"4zFxD0",1,17,2015,2,"Afghanistan","AFG","AFG",90,"Ireland","IRE","IRL",182,162,"0","0","0","0","0","-","0"
1,"4zFxD0",1,18,2016,2,"Afghanistan","AFG","AFG",90,"Ireland","IRE","IRL",222,116,"0","0","0","0","0","-","0"
1,"4zFxD0",1,19,2017,2,"Afghanistan","AFG","AFG",90,"Ireland","IRE","IRL",230,180,"0","0","0","0","0","-","0"
1,"4zFxD0",1,20,2018,2,"Afghanistan","AFG","AFG",90,"Ireland","IRE","IRL",289,148,"0","0","0","0","0","-","0"
1,"4zFxD0",1,21,2019,2,"Afghanistan","AFG","AFG",90,"Ireland","IRE","IRL",366,127,"0","0","0","0","0","-","0"
1,"4zFxD0",1,22,2020,2,"Afghanistan","AFG","AFG",90,"Ireland","IRE","IRL",420,159,"0","0","0","0","0","-","0"
1,"4zFxD0",1,23,2021,2,"Afghanistan","AFG","AFG",90,"Ireland","IRE","IRL",549,170,"0","0","0","0","0","-","0"
1,"4zFxD0",1,24,2022,2,"Afghanistan","AFG","AFG",90,"Ireland","IRE","IRL",1324,746,"0","0","0","0","0","-","0"
1,"4zFxD0",1,25,2023,2,"Afghanistan","AFG","AFG",90,"Ireland","IRE","IRL",1939,1273,"0","0","0","0","0","-","0"
1,"4zFxD0",1,26,2024,2,"Afghanistan","AFG","AFG",90,"Ireland","IRE","IRL",2705,1260,"0","0","0","0","0","-","0"
1,"4zFxD0",1,27,2025,2,"Afghanistan","AFG","AFG",90,"Ireland","IRE","IRL",2848,1679,"0","0","0","0","0","-","0"
1,"4zFxD0",1,28,1999,3,"Albania","ALB","ALB",90,"Ireland","IRE","IRL",5,"0","0","0","0","0","0","-","0"
1,"4zFxD0",1,29,2001,3,"Albania","ALB","ALB",90,"Ireland","IRE","IRL",14,"0","0","0","0","0","0","-","0"
1,"4zFxD0",1,30,2002,3,"Albania","ALB","ALB",90,"Ireland","IRE","IRL",45,"0","0","0","0","0","0","-","0"
1,"4zFxD0",1,31,2003,3,"Albania","ALB","ALB",90,"Ireland","IRE","IRL",70,139,"0","0","0","0","0","-","0"
1,"4zFxD0",1,32,2004,3,"Albania","ALB","ALB",90,"Ireland","IRE","IRL",114,66,"0","0","0","0","0","-","0"
1,"4zFxD0",1,33,2005,3,"Albania","ALB","ALB",90,"Ireland","IRE","IRL",141,"0","0","0","0","0","0","-","0"
1,"4zFxD0",1,34,2006,3,"Albania","ALB","ALB",90,"Ireland","IRE","IRL",153,45,"0","0","0","0","0","-","0"
1,"4zFxD0",1,35,2007,3,"Albania","ALB","ALB",90,"Ireland","IRE","IRL",170,95,"0","0","0","0","0","-","0"
1,"4zFxD0",1,36,2008,3,"Albania","ALB","ALB",90,"Ireland","IRE","IRL",175,101,"0","0","0","0","0","-","0"
1,"4zFxD0",1,37,2009,3,"Albania","ALB","ALB",90,"Ireland","IRE","IRL",175,49,"0","0","0","0","0","-","0"
1,"4zFxD0",1,38,2010,3,"Albania","ALB","ALB",90,"Ireland","IRE","IRL",180,79,"0","0","0","0","0","-","0"
1,"4zFxD0",1,39,2011,3,"Albania","ALB","ALB",90,"Ireland","IRE","IRL",168,72,"0","0","0","0","0","-","0"
1,"4zFxD0",1,40,2012,3,"Albania","ALB","ALB",90,"Ireland","IRE","IRL",139,91,"0","0","0","0","0","-","0"
1,"4zFxD0",1,41,2013,3,"Albania","ALB","ALB",90,"Ireland","IRE","IRL",70,127,"0","0","0","0","0","-","0"
1,"4zFxD0",1,42,2014,3,"Albania","ALB","ALB",90,"Ireland","IRE","IRL",68,187,"0","0","0","0","0","-","0"
1,"4zFxD0",1,43,2015,3,"Albania","ALB","ALB",90,"Ireland","IRE","IRL",75,275,"0","0","0","0","0","-","0"
1,"4zFxD0",1,44,2016,3,"Albania","ALB","ALB",90,"Ireland","IRE","IRL",74,382,"0","0","0","0","0","-","0"
1,"4zFxD0",1,45,2017,3,"Albania","ALB","ALB",90,"Ireland","IRE","IRL",78,635,"0","0","0","0","0","-","0"
1,"4zFxD0",1,46,2018,3,"Albania","ALB","ALB",90,"Ireland","IRE","IRL",91,886,"0","0","0","0","0","-","0"
1,"4zFxD0",1,47,2019,3,"Albania","ALB","ALB",90,"Ireland","IRE","IRL",145,783,"0","0","0","0","0","-","0"
1,"4zFxD0",1,48,2020,3,"Albania","ALB","ALB",90,"Ireland","IRE","IRL",190,516,"0","0","0","0","0","-","0"
1,"4zFxD0",1,49,2021,3,"Albania","ALB","ALB",90,"Ireland","IRE","IRL",206,413,"0","0","0","0","0","-","0"
1,"4zFxD0",1,50,2022,3,"Albania","ALB","ALB",90,"Ireland","IRE","IRL",221,386,"0","0","0","0","0","-","0"
1,"4zFxD0",1,51,2023,3,"Albania","ALB","ALB",90,"Ireland","IRE","IRL",201,311,"0","0","0","0","0","-","0"
1,"4zFxD0",1,52,2024,3,"Albania","ALB","ALB",90,"Ireland","IRE","IRL",165,295,"0","0","0","0","0","-","0"
1,"4zFxD0",1,53,2025,3,"Albania","ALB","ALB",90,"Ireland","IRE","IRL",177,292,"0","0","0","0","0","-","0"
1,"4zFxD0",1,54,1999,4,"Algeria","ALG","DZA",90,"Ireland","IRE","IRL",78,"0","0","0","0","0","0","-","0"
1,"4zFxD0",1,55,2000,4,"Algeria","ALG","DZA",90,"Ireland","IRE","IRL",25,"0","0","0","0","0","0","-","0"
1,"4zFxD0",1,56,2001,4,"Algeria","ALG","DZA",90,"Ireland","IRE","IRL",64,"0","0","0","0","0","0","-","0"
1,"4zFxD0",1,57,2002,4,"Algeria","ALG","DZA",90,"Ireland","IRE","IRL",101,"0","0","0","0","0","0","-","0"
1,"4zFxD0",1,58,2003,4,"Algeria","ALG","DZA",90,"Ireland","IRE","IRL",75,88,"0","0","0","0","0","-","0"
1,"4zFxD0",1,59,2004,4,"Algeria","ALG","DZA",90,"Ireland","IRE","IRL",83,69,"0","0","0","0","0","-","0"
1,"4zFxD0",1,60,2005,4,"Algeria","ALG","DZA",90,"Ireland","IRE","IRL",90,"0","0","0","0","0","0","-","0"
1,"4zFxD0",1,61,2006,4,"Algeria","ALG","DZA",90,"Ireland","IRE","IRL",90,43,"0","0","0","0","0","-","0"
1,"4zFxD0",1,62,2007,4,"Algeria","ALG","DZA",90,"Ireland","IRE","IRL",242,45,"0","0","0","0","0","-","0"
1,"4zFxD0",1,63,2008,4,"Algeria","ALG","DZA",90,"Ireland","IRE","IRL",241,70,"0","0","0","0","0","-","0"
1,"4zFxD0",1,64,2009,4,"Algeria","ALG","DZA",90,"Ireland","IRE","IRL",167,47,"0","0","0","0","0","-","0"
1,"4zFxD0",1,65,2010,4,"Algeria","ALG","DZA",90,"Ireland","IRE","IRL",164,109,"0","0","0","0","0","-","0"
1,"4zFxD0",1,66,2011,4,"Algeria","ALG","DZA",90,"Ireland","IRE","IRL",125,127,"0","0","0","0","0","-","0"
1,"4zFxD0",1,67,2012,4,"Algeria","ALG","DZA",90,"Ireland","IRE","IRL",54,143,"0","0","0","0","0","-","0"
1,"4zFxD0",1,68,2013,4,"Algeria","ALG","DZA",90,"Ireland","IRE","IRL",194,146,"0","0","0","0","0","-","0"
1,"4zFxD0",1,69,2014,4,"Algeria","ALG","DZA",90,"Ireland","IRE","IRL",184,152,"0","0","0","0","0","-","0"
1,"4zFxD0",1,70,2015,4,"Algeria","ALG","DZA",90,"Ireland","IRE","IRL",188,153,"0","0","0","0","0","-","0"
1,"4zFxD0",1,71,2016,4,"Algeria","ALG","DZA",90,"Ireland","IRE","IRL",186,142,"0","0","0","0","0","-","0"
1,"4zFxD0",1,72,2017,4,"Algeria","ALG","DZA",90,"Ireland","IRE","IRL",189,197,"0","0","0","0","0","-","0"
1,"4zFxD0",1,73,2018,4,"Algeria","ALG","DZA",90,"Ireland","IRE","IRL",43,220,"0","0","0","0","0","-","0"
1,"4zFxD0",1,74,2019,4,"Algeria","ALG","DZA",90,"Ireland","IRE","IRL",54,202,"0","0","0","0","0","-","0"
1,"4zFxD0",1,75,2020,4,"Algeria","ALG","DZA",90,"Ireland","IRE","IRL",64,221,"0","0","0","0","0","-","0"
1,"4zFxD0",1,76,2021,4,"Algeria","ALG","DZA",90,"Ireland","IRE","IRL",68,301,"0","0","0","0","0","-","0"
1,"4zFxD0",1,77,2022,4,"Algeria","ALG","DZA",90,"Ireland","IRE","IRL",74,1925,"0","0","0","0","0","-","0"
1,"4zFxD0",1,78,2023,4,"Algeria","ALG","DZA",90,"Ireland","IRE","IRL",130,3059,"0","0","0","0","0","-","0"
1,"4zFxD0",1,79,2024,4,"Algeria","ALG","DZA",90,"Ireland","IRE","IRL",233,2726,"0","0","0","0","0","-","0"
1,"4zFxD0",1,80,2025,4,"Algeria","ALG","DZA",90,"Ireland","IRE","IRL",301,2438,"0","0","0","0","0","-","0"
1,"4zFxD0",1,81,1999,6,"Angola","ANG","AGO",90,"Ireland","IRE","IRL",18,"0","0","0","0","0","0","-","0"
1,"4zFxD0",1,82,2000,6,"Angola","ANG","AGO",90,"Ireland","IRE","IRL",22,"0","0","0","0","0","0","-","0"
1,"4zFxD0",1,83,2001,6,"Angola","ANG","AGO",90,"Ireland","IRE","IRL",111,"0","0","0","0","0","0","-","0"
1,"4zFxD0",1,84,2002,6,"Angola","ANG","AGO",90,"Ireland","IRE","IRL",225,"0","0","0","0","0","0","-","0"
1,"4zFxD0",1,85,2003,6,"Angola","ANG","AGO",90,"Ireland","IRE","IRL",230,134,"0","0","0","0","0","-","0"
1,"4zFxD0",1,86,2004,6,"Angola","ANG","AGO",90,"Ireland","IRE","IRL",254,103,"0","0","0","0","0","-","0"
1,"4zFxD0",1,87,2005,6,"Angola","ANG","AGO",90,"Ireland","IRE","IRL",279,"0","0","0","0","0","0","-","0"
1,"4zFxD0",1,88,2006,6,"Angola","ANG","AGO",90,"Ireland","IRE","IRL",281,48,"0","0","0","0","0","-","0"
1,"4zFxD0",1,89,2007,6,"Angola","ANG","AGO",90,"Ireland","IRE","IRL",365,68,"0","0","0","0","0","-","0"
1,"4zFxD0",1,90,2008,6,"Angola","ANG","AGO",90,"Ireland","IRE","IRL",363,78,"0","0","0","0","0","-","0"
1,"4zFxD0",1,91,2009,6,"Angola","ANG","AGO",90,"Ireland","IRE","IRL",361,45,"0","0","0","0","0","-","0"
1,"4zFxD0",1,92,2010,6,"Angola","ANG","AGO",90,"Ireland","IRE","IRL",355,67,"0","0","0","0","0","-","0"
1,"4zFxD0",1,93,2011,6,"Angola","ANG","AGO",90,"Ireland","IRE","IRL",268,49,"0","0","0","0","0","-","0"
1,"4zFxD0",1,94,2012,6,"Angola","ANG","AGO",90,"Ireland","IRE","IRL",139,48,"0","0","0","0","0","-","0"
1,"4zFxD0",1,95,2013,6,"Angola","ANG","AGO",90,"Ireland","IRE","IRL",265,39,"0","0","0","0","0","-","0"
1,"4zFxD0",1,96,2014,6,"Angola","ANG","AGO",90,"Ireland","IRE","IRL",244,14,"0","0","0","0","0","-","0"
1,"4zFxD0",1,97,2015,6,"Angola","ANG","AGO",90,"Ireland","IRE","IRL",249,15,"0","0","0","0","0","-","0"
1,"4zFxD0",1,98,2016,6,"Angola","ANG","AGO",90,"Ireland","IRE","IRL",237,11,"0","0","0","0","0","-","0"
1,"4zFxD0",1,99,2017,6,"Angola","ANG","AGO",90,"Ireland","IRE","IRL",236,20,"0","0","0","0","0","-","0"
1,"4zFxD0",1,100,2018,6,"Angola","ANG","AGO",90,"Ireland","IRE","IRL",50,25,"0","0","0","0","0","-","0"
1,"4zFxD0",1,101,2019,6,"Angola","ANG","AGO",90,"Ireland","IRE","IRL",50,32,"0","0","0","0","0","-","0"
1,"4zFxD0",1,102,2020,6,"Angola","ANG","AGO",90,"Ireland","IRE","IRL",53,26,"0","0","0","0","0","-","0"
1,"4zFxD0",1,103,2021,6,"Angola","ANG","AGO",90,"Ireland","IRE","IRL",52,25,"0","0","0","0","0","-","0"
1,"4zFxD0",1,104,2022,6,"Angola","ANG","AGO",90,"Ireland","IRE","IRL",47,39,"0","0","0","0","0","-","0"
1,"4zFxD0",1,105,2023,6,"Angola","ANG","AGO",90,"Ireland","IRE","IRL",53,54,"0","0","0","0","0","-","0"
1,"4zFxD0",1,106,2024,6,"Angola","ANG","AGO",90,"Ireland","IRE","IRL",53,67,"0","0","0","0","0","-","0"
1,"4zFxD0",1,107,2025,6,"Angola","ANG","AGO",90,"Ireland","IRE","IRL",61,81,"0","0","0","0","0","-","0"
1,"4zFxD0",1,108,2024,7,"Antigua and Barbuda","ANT","ATG",90,"Ireland","IRE","IRL","0",6,"0","0","0","0","0","-","0"
1,"4zFxD0",1,109,2025,7,"Antigua and Barbuda","ANT","ATG",90,"Ireland","IRE","IRL","0",6,"0","0","0","0","0","-","0"
1,"4zFxD0",1,110,2000,8,"Egypt","ARE","EGY",90,"Ireland","IRE","IRL",6,"0","0","0","0","0","0","-","0"
1,"4zFxD0",1,111,2001,8,"Egypt","ARE","EGY",90,"Ireland","IRE","IRL",9,"0","0","0","0","0","0","-","0"
1,"4zFxD0",1,112,2002,8,"Egypt","ARE","EGY",90,"Ireland","IRE","IRL",21,"0","0","0","0","0","0","-","0"
1,"4zFxD0",1,113,2003,8,"Egypt","ARE","EGY",90,"Ireland","IRE","IRL",19,15,"0","0","0","0","0","-","0"
1,"4zFxD0",1,114,2004,8,"Egypt","ARE","EGY",90,"Ireland","IRE","IRL",20,"0","0","0","0","0","0","-","0"
1,"4zFxD0",1,115,2005,8,"Egypt","ARE","EGY",90,"Ireland","IRE","IRL",21,"0","0","0","0","0","0","-","0"
1,"4zFxD0",1,116,2006,8,"Egypt","ARE","EGY",90,"Ireland","IRE","IRL",24,5,"0","0","0","0","0","-","0"
1,"4zFxD0",1,117,2007,8,"Egypt","ARE","EGY",90,"Ireland","IRE","IRL",33,6,"0","0","0","0","0","-","0"
1,"4zFxD0",1,118,2008,8,"Egypt","ARE","EGY",90,"Ireland","IRE","IRL",34,21,"0","0","0","0","0","-","0"
1,"4zFxD0",1,119,2009,8,"Egypt","ARE","EGY",90,"Ireland","IRE","IRL",34,15,"0","0","0","0","0","-","0"
1,"4zFxD0",1,120,2010,8,"Egypt","ARE","EGY",90,"Ireland","IRE","IRL",28,22,"0","0","0","0","0","-","0"
1,"4zFxD0",1,121,2011,8,"Egypt","ARE","EGY",90,"Ireland","IRE","IRL",25,30,"0","0","0","0","0","-","0"
1,"4zFxD0",1,122,2012,8,"Egypt","ARE","EGY",90,"Ireland","IRE","IRL",21,30,"0","0","0","0","0","-","0"
1,"4zFxD0",1,123,2013,8,"Egypt","ARE","EGY",90,"Ireland","IRE","IRL",38,30,"0","0","0","0","0","-","0"
1,"4zFxD0",1,124,2014,8,"Egypt","ARE","EGY",90,"Ireland","IRE","IRL",41,20,"0","0","0","0","0","-","0"
1,"4zFxD0",1,125,2015,8,"Egypt","ARE","EGY",90,"Ireland","IRE","IRL",36,27,"0","0","0","0","0","-","0"
1,"4zFxD0",1,126,2016,8,"Egypt","ARE","EGY",90,"Ireland","IRE","IRL",30,13,"0","0","0","0","0","-","0"
1,"4zFxD0",1,127,2017,8,"Egypt","ARE","EGY",90,"Ireland","IRE","IRL",29,39,"0","0","0","0","0","-","0"
1,"4zFxD0",1,128,2018,8,"Egypt","ARE","EGY",90,"Ireland","IRE","IRL",19,68,"0","0","0","0","0","-","0"
1,"4zFxD0",1,129,2019,8,"Egypt","ARE","EGY",90,"Ireland","IRE","IRL",30,68,"0","0","0","0","0","-","0"
1,"4zFxD0",1,130,2020,8,"Egypt","ARE","EGY",90,"Ireland","IRE","IRL",43,68,"0","0","0","0","0","-","0"
1,"4zFxD0",1,131,2021,8,"Egypt","ARE","EGY",90,"Ireland","IRE","IRL",51,64,"0","0","0","0","0","-","0"
1,"4zFxD0",1,132,2022,8,"Egypt","ARE","EGY",90,"Ireland","IRE","IRL",54,359,"0","0","0","0","0","-","0"
1,"4zFxD0",1,133,2023,8,"Egypt","ARE","EGY",90,"Ireland","IRE","IRL",77,571,"0","0","0","0","0","-","0"
1,"4zFxD0",1,134,2024,8,"Egypt","ARE","EGY",90,"Ireland","IRE","IRL",85,642,"0","0","0","0","0","-","0"
1,"4zFxD0",1,135,2025,8,"Egypt","ARE","EGY",90,"Ireland","IRE","IRL",96,604,"0","0","0","0","0","-","0"
1,"4zFxD0",1,136,2004,9,"Argentina","ARG","ARG",90,"Ireland","IRE","IRL","0",5,"0","0","0","0","0","-","0"
1,"4zFxD0",1,137,2023,9,"Argentina","ARG","ARG",90,"Ireland","IRE","IRL","0",9,"0","0","0","0","0","-","0"
1,"4zFxD0",1,138,2024,9,"Argentina","ARG","ARG",90,"Ireland","IRE","IRL","0",20,"0","0","0","0","0","-","0"
1,"4zFxD0",1,139,2025,9,"Argentina","ARG","ARG",90,"Ireland","IRE","IRL","0",22,"0","0","0","0","0","-","0"
1,"4zFxD0",1,140,2001,10,"Armenia","ARM","ARM",90,"Ireland","IRE","IRL",5,"0","0","0","0","0","0","-","0"
1,"4zFxD0",1,141,2002,10,"Armenia","ARM","ARM",90,"Ireland","IRE","IRL",16,"0","0","0","0","0","0","-","0"
1,"4zFxD0",1,142,2003,10,"Armenia","ARM","ARM",90,"Ireland","IRE","IRL",11,20,"0","0","0","0","0","-","0"
1,"4zFxD0",1,143,2004,10,"Armenia","ARM","ARM",90,"Ireland","IRE","IRL",17,11,"0","0","0","0","0","-","0"
1,"4zFxD0",1,144,2005,10,"Armenia","ARM","ARM",90,"Ireland","IRE","IRL",28,"0","0","0","0","0","0","-","0"
1,"4zFxD0",1,145,2006,10,"Armenia","ARM","ARM",90,"Ireland","IRE","IRL",32,11,"0","0","0","0","0","-","0"
1,"4zFxD0",1,146,2007,10,"Armenia","ARM","ARM",90,"Ireland","IRE","IRL",40,21,"0","0","0","0","0","-","0"
1,"4zFxD0",1,147,2008,10,"Armenia","ARM","ARM",90,"Ireland","IRE","IRL",42,13,"0","0","0","0","0","-","0"
1,"4zFxD0",1,148,2009,10,"Armenia","ARM","ARM",90,"Ireland","IRE","IRL",43,16,"0","0","0","0","0","-","0"
1,"4zFxD0",1,149,2010,10,"Armenia","ARM","ARM",90,"Ireland","IRE","IRL",43,22,"0","0","0","0","0","-","0"
1,"4zFxD0",1,150,2011,10,"Armenia","ARM","ARM",90,"Ireland","IRE","IRL",41,15,"0","0","0","0","0","-","0"
1,"4zFxD0",1,151,2012,10,"Armenia","ARM","ARM",90,"Ireland","IRE","IRL",30,13,"0","0","0","0","0","-","0"
1,"4zFxD0",1,152,2013,10,"Armenia","ARM","ARM",90,"Ireland","IRE","IRL",22,14,"0","0","0","0","0","-","0"
1,"4zFxD0",1,153,2014,10,"Armenia","ARM","ARM",90,"Ireland","IRE","IRL",10,10,"0","0","0","0","0","-","0"
1,"4zFxD0",1,154,2015,10,"Armenia","ARM","ARM",90,"Ireland","IRE","IRL",10,7,"0","0","0","0","0","-","0"
1,"4zFxD0",1,155,2016,10,"Armenia","ARM","ARM",90,"Ireland","IRE","IRL",11,"0","0","0","0","0","0","-","0"
1,"4zFxD0",1,156,2017,10,"Armenia","ARM","ARM",90,"Ireland","IRE","IRL",11,9,"0","0","0","0","0","-","0"
1,"4zFxD0",1,157,2018,10,"Armenia","ARM","ARM",90,"Ireland","IRE","IRL",9,6,"0","0","0","0","0","-","0"
1,"4zFxD0",1,158,2019,10,"Armenia","ARM","ARM",90,"Ireland","IRE","IRL",14,5,"0","0","0","0","0","-","0"
1,"4zFxD0",1,159,2020,10,"Armenia","ARM","ARM",90,"Ireland","IRE","IRL",14,5,"0","0","0","0","0","-","0"
1,"4zFxD0",1,160,2021,10,"Armenia","ARM","ARM",90,"Ireland","IRE","IRL",14,"0","0","0","0","0","0","-","0"
1,"4zFxD0",1,161,2022,10,"Armenia","ARM","ARM",90,"Ireland","IRE","IRL",11,"0","0","0","0","0","0","-","0"
1,"4zFxD0",1,162,2023,10,"Armenia","ARM","ARM",90,"Ireland","IRE","IRL",24,"0","0","0","0","0","0","-","0"
1,"4zFxD0",1,163,2024,10,"Armenia","ARM","ARM",90,"Ireland","IRE","IRL",24,"0","0","0","0","0","0","-","0"
1,"4zFxD0",1,164,2025,10,"Armenia","ARM","ARM",90,"Ireland","IRE","IRL",24,"0","0","0","0","0","0","-","0"
1,"4zFxD0",1,165,1999,13,"Azerbaijan","AZE","AZE",90,"Ireland","IRE","IRL",5,"0","0","0","0","0","0","-","0"
1,"4zFxD0",1,166,2000,13,"Azerbaijan","AZE","AZE",90,"Ireland","IRE","IRL",8,"0","0","0","0","0","0","-","0"
1,"4zFxD0",1,167,2001,13,"Azerbaijan","AZE","AZE",90,"Ireland","IRE","IRL",9,"0","0","0","0","0","0","-","0"
1,"4zFxD0",1,168,2002,13,"Azerbaijan","AZE","AZE",90,"Ireland","IRE","IRL",14,"0","0","0","0","0","0","-","0"
1,"4zFxD0",1,169,2003,13,"Azerbaijan","AZE","AZE",90,"Ireland","IRE","IRL",14,12,"0","0","0","0","0","-","0"
1,"4zFxD0",1,170,2004,13,"Azerbaijan","AZE","AZE",90,"Ireland","IRE","IRL",22,11,"0","0","0","0","0","-","0"
1,"4zFxD0",1,171,2005,13,"Azerbaijan","AZE","AZE",90,"Ireland","IRE","IRL",23,"0","0","0","0","0","0","-","0"
1,"4zFxD0",1,172,2006,13,"Azerbaijan","AZE","AZE",90,"Ireland","IRE","IRL",26,5,"0","0","0","0","0","-","0"
1,"4zFxD0",1,173,2007,13,"Azerbaijan","AZE","AZE",90,"Ireland","IRE","IRL",29,6,"0","0","0","0","0","-","0"
1,"4zFxD0",1,174,2008,13,"Azerbaijan","AZE","AZE",90,"Ireland","IRE","IRL",33,5,"0","0","0","0","0","-","0"
1,"4zFxD0",1,175,2009,13,"Azerbaijan","AZE","AZE",90,"Ireland","IRE","IRL",31,"0","0","0","0","0","0","-","0"
1,"4zFxD0",1,176,2010,13,"Azerbaijan","AZE","AZE",90,"Ireland","IRE","IRL",26,5,"0","0","0","0","0","-","0"
1,"4zFxD0",1,177,2011,13,"Azerbaijan","AZE","AZE",90,"Ireland","IRE","IRL",25,5,"0","0","0","0","0","-","0"
1,"4zFxD0",1,178,2012,13,"Azerbaijan","AZE","AZE",90,"Ireland","IRE","IRL",19,5,"0","0","0","0","0","-","0"
1,"4zFxD0",1,179,2013,13,"Azerbaijan","AZE","AZE",90,"Ireland","IRE","IRL",19,10,"0","0","0","0","0","-","0"
1,"4zFxD0",1,180,2014,13,"Azerbaijan","AZE","AZE",90,"Ireland","IRE","IRL",12,"0","0","0","0","0","0","-","0"
1,"4zFxD0",1,181,2015,13,"Azerbaijan","AZE","AZE",90,"Ireland","IRE","IRL",14,"0","0","0","0","0","0","-","0"
1,"4zFxD0",1,182,2016,13,"Azerbaijan","AZE","AZE",90,"Ireland","IRE","IRL",15,"0","0","0","0","0","0","-","0"
1,"4zFxD0",1,183,2017,13,"Azerbaijan","AZE","AZE",90,"Ireland","IRE","IRL",15,"0","0","0","0","0","0","-","0"
1,"4zFxD0",1,184,2018,13,"Azerbaijan","AZE","AZE",90,"Ireland","IRE","IRL",6,"0","0","0","0","0","0","-","0"
1,"4zFxD0",1,185,2019,13,"Azerbaijan","AZE","AZE",90,"Ireland","IRE","IRL",5,"0","0","0","0","0","0","-","0"
1,"4zFxD0",1,186,2020,13,"Azerbaijan","AZE","AZE",90,"Ireland","IRE","IRL",5,"0","0","0","0","0","0","-","0"
1,"4zFxD0",1,187,2021,13,"Azerbaijan","AZE","AZE",90,"Ireland","IRE","IRL",5,"0","0","0","0","0","0","-","0"
1,"4zFxD0",1,188,2022,13,"Azerbaijan","AZE","AZE",90,"Ireland","IRE","IRL",5,7,"0","0","0","0","0","-","0"
1,"4zFxD0",1,189,2023,13,"Azerbaijan","AZE","AZE",90,"Ireland","IRE","IRL",20,13,"0","0","0","0","0","-","0"
1,"4zFxD0",1,190,2024,13,"Azerbaijan","AZE","AZE",90,"Ireland","IRE","IRL",20,21,"0","0","0","0","0","-","0"
1,"4zFxD0",1,191,2025,13,"Azerbaijan","AZE","AZE",90,"Ireland","IRE","IRL",21,22,"0","0","0","0","0","-","0"
1,"4zFxD0",1,192,2006,14,"Bahrain","BAH","BHR",90,"Ireland","IRE","IRL","0",5,"0","0","0","0","0","-","0"
1,"4zFxD0",1,193,2007,14,"Bahrain","BAH","BHR",90,"Ireland","IRE","IRL","0",5,"0","0","0","0","0","-","0"
1,"4zFxD0",1,194,2008,14,"Bahrain","BAH","BHR",90,"Ireland","IRE","IRL","0",5,"0","0","0","0","0","-","0"
1,"4zFxD0",1,195,2010,14,"Bahrain","BAH","BHR",90,"Ireland","IRE","IRL","0",5,"0","0","0","0","0","-","0"
1,"4zFxD0",1,196,2011,14,"Bahrain","BAH","BHR",90,"Ireland","IRE","IRL","0",5,"0","0","0","0","0","-","0"
1,"4zFxD0",1,197,2012,14,"Bahrain","BAH","BHR",90,"Ireland","IRE","IRL","0",5,"0","0","0","0","0","-","0"
1,"4zFxD0",1,198,2017,14,"Bahrain","BAH","BHR",90,"Ireland","IRE","IRL","0",6,"0","0","0","0","0","-","0"
1,"4zFxD0",1,199,2019,14,"Bahrain","BAH","BHR",90,"Ireland","IRE","IRL",5,5,"0","0","0","0","0","-","0"
1,"4zFxD0",1,200,2020,14,"Bahrain","BAH","BHR",90,"Ireland","IRE","IRL",6,10,"0","0","0","0","0","-","0"
1,"4zFxD0",1,201,2021,14,"Bahrain","BAH","BHR",90,"Ireland","IRE","IRL",5,6,"0","0","0","0","0","-","0"
1,"4zFxD0",1,202,2022,14,"Bahrain","BAH","BHR",90,"Ireland","IRE","IRL",12,"0","0","0","0","0","0","-","0"
1,"4zFxD0",1,203,2023,14,"Bahrain","BAH","BHR",90,"Ireland","IRE","IRL",11,5,"0","0","0","0","0","-","0"
1,"4zFxD0",1,204,2024,14,"Bahrain","BAH","BHR",90,"Ireland","IRE","IRL",11,"0","0","0","0","0","0","-","0"
1,"4zFxD0",1,205,2025,14,"Bahrain","BAH","BHR",90,"Ireland","IRE","IRL",11,"0","0","0","0","0","0","-","0"
1,"4zFxD0",1,206,1999,16,"Burundi","BDI","BDI",90,"Ireland","IRE","IRL",9,"0","0","0","0","0","0","-","0"
1,"4zFxD0",1,207,2001,16,"Burundi","BDI","BDI",90,"Ireland","IRE","IRL",8,"0","0","0","0","0","0","-","0"
1,"4zFxD0",1,208,2002,16,"Burundi","BDI","BDI",90,"Ireland","IRE","IRL",10,"0","0","0","0","0","0","-","0"
1,"4zFxD0",1,209,2003,16,"Burundi","BDI","BDI",90,"Ireland","IRE","IRL",14,29,"0","0","0","0","0","-","0"
1,"4zFxD0",1,210,2004,16,"Burundi","BDI","BDI",90,"Ireland","IRE","IRL",20,39,"0","0","0","0","0","-","0"
1,"4zFxD0",1,211,2005,16,"Burundi","BDI","BDI",90,"Ireland","IRE","IRL",31,"0","0","0","0","0","0","-","0"
1,"4zFxD0",1,212,2006,16,"Burundi","BDI","BDI",90,"Ireland","IRE","IRL",36,19,"0","0","0","0","0","-","0"
1,"4zFxD0",1,213,2007,16,"Burundi","BDI","BDI",90,"Ireland","IRE","IRL",51,23,"0","0","0","0","0","-","0"
1,"4zFxD0",1,214,2008,16,"Burundi","BDI","BDI",90,"Ireland","IRE","IRL",51,23,"0","0","0","0","0","-","0"
1,"4zFxD0",1,215,2009,16,"Burundi","BDI","BDI",90,"Ireland","IRE","IRL",42,5,"0","0","0","0","0","-","0"
1,"4zFxD0",1,216,2010,16,"Burundi","BDI","BDI",90,"Ireland","IRE","IRL",42,33,"0","0","0","0","0","-","0"
1,"4zFxD0",1,217,2011,16,"Burundi","BDI","BDI",90,"Ireland","IRE","IRL",37,17,"0","0","0","0","0","-","0"
1,"4zFxD0",1,218,2012,16,"Burundi","BDI","BDI",90,"Ireland","IRE","IRL",33,26,"0","0","0","0","0","-","0"
1,"4zFxD0",1,219,2013,16,"Burundi","BDI","BDI",90,"Ireland","IRE","IRL",25,17,"0","0","0","0","0","-","0"
1,"4zFxD0",1,220,2014,16,"Burundi","BDI","BDI",90,"Ireland","IRE","IRL",20,11,"0","0","0","0","0","-","0"
1,"4zFxD0",1,221,2015,16,"Burundi","BDI","BDI",90,"Ireland","IRE","IRL",22,5,"0","0","0","0","0","-","0"
1,"4zFxD0",1,222,2016,16,"Burundi","BDI","BDI",90,"Ireland","IRE","IRL",23,10,"0","0","0","0","0","-","0"
1,"4zFxD0",1,223,2017,16,"Burundi","BDI","BDI",90,"Ireland","IRE","IRL",25,11,"0","0","0","0","0","-","0"
1,"4zFxD0",1,224,2018,16,"Burundi","BDI","BDI",90,"Ireland","IRE","IRL",16,6,"0","0","0","0","0","-","0"
1,"4zFxD0",1,225,2019,16,"Burundi","BDI","BDI",90,"Ireland","IRE","IRL",21,7,"0","0","0","0","0","-","0"
1,"4zFxD0",1,226,2020,16,"Burundi","BDI","BDI",90,"Ireland","IRE","IRL",22,8,"0","0","0","0","0","-","0"
1,"4zFxD0",1,227,2021,16,"Burundi","BDI","BDI",90,"Ireland","IRE","IRL",29,5,"0","0","0","0","0","-","0"
1,"4zFxD0",1,228,2022,16,"Burundi","BDI","BDI",90,"Ireland","IRE","IRL",26,12,"0","0","0","0","0","-","0"
1,"4zFxD0",1,229,2023,16,"Burundi","BDI","BDI",90,"Ireland","IRE","IRL",26,13,"0","0","0","0","0","-","0"
1,"4zFxD0",1,230,2024,16,"Burundi","BDI","BDI",90,"Ireland","IRE","IRL",21,30,"0","0","0","0","0","-","0"
1,"4zFxD0",1,231,2025,16,"Burundi","BDI","BDI",90,"Ireland","IRE","IRL",27,24,"0","0","0","0","0","-","0"
1,"4zFxD0",1,232,2000,17,"Belgium","BEL","BEL",90,"Ireland","IRE","IRL",5,"0","0","0","0","0","0","-","0"
1,"4zFxD0",1,233,2001,17,"Belgium","BEL","BEL",90,"Ireland","IRE","IRL",5,"0","0","0","0","0","0","-","0"
1,"4zFxD0",1,234,2002,17,"Belgium","BEL","BEL",90,"Ireland","IRE","IRL",5,"0","0","0","0","0","0","-","0"
1,"4zFxD0",1,235,2003,17,"Belgium","BEL","BEL",90,"Ireland","IRE","IRL",5,"0","0","0","0","0","0","-","0"
1,"4zFxD0",1,236,2004,17,"Belgium","BEL","BEL",90,"Ireland","IRE","IRL",6,"0","0","0","0","0","0","-","0"
1,"4zFxD0",1,237,2005,17,"Belgium","BEL","BEL",90,"Ireland","IRE","IRL",16,"0","0","0","0","0","0","-","0"
1,"4zFxD0",1,238,2006,17,"Belgium","BEL","BEL",90,"Ireland","IRE","IRL",16,"0","0","0","0","0","0","-","0"
1,"4zFxD0",1,239,2007,17,"Belgium","BEL","BEL",90,"Ireland","IRE","IRL",13,"0","0","0","0","0","0","-","0"
1,"4zFxD0",1,240,2008,17,"Belgium","BEL","BEL",90,"Ireland","IRE","IRL",13,"0","0","0","0","0","0","-","0"
1,"4zFxD0",1,241,2009,17,"Belgium","BEL","BEL",90,"Ireland","IRE","IRL",13,"0","0","0","0","0","0","-","0"
1,"4zFxD0",1,242,2010,17,"Belgium","BEL","BEL",90,"Ireland","IRE","IRL",11,"0","0","0","0","0","0","-","0"
1,"4zFxD0",1,243,2011,17,"Belgium","BEL","BEL",90,"Ireland","IRE","IRL",16,"0","0","0","0","0","0","-","0"
1,"4zFxD0",1,244,2012,17,"Belgium","BEL","BEL",90,"Ireland","IRE","IRL",16,"0","0","0","0","0","0","-","0"
1,"4zFxD0",1,245,2003,18,"Benin","BEN","BEN",90,"Ireland","IRE","IRL","0",5,"0","0","0","0","0","-","0"
1,"4zFxD0",1,246,2004,18,"Benin","BEN","BEN",90,"Ireland","IRE","IRL","0",5,"0","0","0","0","0","-","0"
1,"4zFxD0",1,247,2006,18,"Benin","BEN","BEN",90,"Ireland","IRE","IRL","0",5,"0","0","0","0","0","-","0"
1,"4zFxD0",1,248,2007,18,"Benin","BEN","BEN",90,"Ireland","IRE","IRL","0",7,"0","0","0","0","0","-","0"
1,"4zFxD0",1,249,2008,18,"Benin","BEN","BEN",90,"Ireland","IRE","IRL",5,5,"0","0","0","0","0","-","0"
1,"4zFxD0",1,250,2009,18,"Benin","BEN","BEN",90,"Ireland","IRE","IRL",5,14,"0","0","0","0","0","-","0"
1,"4zFxD0",1,251,2010,18,"Benin","BEN","BEN",90,"Ireland","IRE","IRL",5,11,"0","0","0","0","0","-","0"
1,"4zFxD0",1,252,2011,18,"Benin","BEN","BEN",90,"Ireland","IRE","IRL",5,15,"0","0","0","0","0","-","0"
1,"4zFxD0",1,253,2012,18,"Benin","BEN","BEN",90,"Ireland","IRE","IRL","0",22,"0","0","0","0","0","-","0"
1,"4zFxD0",1,254,2013,18,"Benin","BEN","BEN",90,"Ireland","IRE","IRL","0",25,"0","0","0","0","0","-","0"
1,"4zFxD0",1,255,2014,18,"Benin","BEN","BEN",90,"Ireland","IRE","IRL","0",21,"0","0","0","0","0","-","0"
1,"4zFxD0",1,256,2015,18,"Benin","BEN","BEN",90,"Ireland","IRE","IRL","0",5,"0","0","0","0","0","-","0"
1,"4zFxD0",1,257,2016,18,"Benin","BEN","BEN",90,"Ireland","IRE","IRL",5,"0","0","0","0","0","0","-","0"
1,"4zFxD0",1,258,2017,18,"Benin","BEN","BEN",90,"Ireland","IRE","IRL",5,"0","0","0","0","0","0","-","0"
1,"4zFxD0",1,259,2018,18,"Benin","BEN","BEN",90,"Ireland","IRE","IRL",5,"0","0","0","0","0","0","-","0"
1,"4zFxD0",1,260,2019,18,"Benin","BEN","BEN",90,"Ireland","IRE","IRL",5,"0","0","0","0","0","0","-","0"
1,"4zFxD0",1,261,2020,18,"Benin","BEN","BEN",90,"Ireland","IRE","IRL",5,"0","0","0","0","0","0","-","0"
1,"4zFxD0",1,262,2021,18,"Benin","BEN","BEN",90,"Ireland","IRE","IRL",5,"0","0","0","0","0","0","-","0"
1,"4zFxD0",1,263,2022,18,"Benin","BEN","BEN",90,"Ireland","IRE","IRL","0",5,"0","0","0","0","0","-","0"
1,"4zFxD0",1,264,2023,18,"Benin","BEN","BEN",90,"Ireland","IRE","IRL",5,5,"0","0","0","0","0","-","0"
1,"4zFxD0",1,265,2024,18,"Benin","BEN","BEN",90,"Ireland","IRE","IRL",5,"0","0","0","0","0","0","-","0"
1,"4zFxD0",1,266,2025,18,"Benin","BEN","BEN",90,"Ireland","IRE","IRL",5,"0","0","0","0","0","0","-","0"
1,"4zFxD0",1,267,2002,20,"Bangladesh","BGD","BGD",90,"Ireland","IRE","IRL",5,"0","0","0","0","0","0","-","0"
1,"4zFxD0",1,268,2003,20,"Bangladesh","BGD","BGD",90,"Ireland","IRE","IRL",5,10,"0","0","0","0","0","-","0"
1,"4zFxD0",1,269,2004,20,"Bangladesh","BGD","BGD",90,"Ireland","IRE","IRL",6,7,"0","0","0","0","0","-","0"
1,"4zFxD0",1,270,2005,20,"Bangladesh","BGD","BGD",90,"Ireland","IRE","IRL",12,"0","0","0","0","0","0","-","0"
1,"4zFxD0",1,271,2006,20,"Bangladesh","BGD","BGD",90,"Ireland","IRE","IRL",18,"0","0","0","0","0","0","-","0"
1,"4zFxD0",1,272,2007,20,"Bangladesh","BGD","BGD",90,"Ireland","IRE","IRL",19,27,"0","0","0","0","0","-","0"
1,"4zFxD0",1,273,2008,20,"Bangladesh","BGD","BGD",90,"Ireland","IRE","IRL",23,58,"0","0","0","0","0","-","0"
1,"4zFxD0",1,274,2009,20,"Bangladesh","BGD","BGD",90,"Ireland","IRE","IRL",23,36,"0","0","0","0","0","-","0"
1,"4zFxD0",1,275,2010,20,"Bangladesh","BGD","BGD",90,"Ireland","IRE","IRL",23,96,"0","0","0","0","0","-","0"
1,"4zFxD0",1,276,2011,20,"Bangladesh","BGD","BGD",90,"Ireland","IRE","IRL",22,73,"0","0","0","0","0","-","0"
1,"4zFxD0",1,277,2012,20,"Bangladesh","BGD","BGD",90,"Ireland","IRE","IRL",20,62,"0","0","0","0","0","-","0"
1,"4zFxD0",1,278,2013,20,"Bangladesh","BGD","BGD",90,"Ireland","IRE","IRL",5,95,"0","0","0","0","0","-","0"
1,"4zFxD0",1,279,2014,20,"Bangladesh","BGD","BGD",90,"Ireland","IRE","IRL",7,145,"0","0","0","0","0","-","0"
1,"4zFxD0",1,280,2015,20,"Bangladesh","BGD","BGD",90,"Ireland","IRE","IRL",13,335,"0","0","0","0","0","-","0"
1,"4zFxD0",1,281,2016,20,"Bangladesh","BGD","BGD",90,"Ireland","IRE","IRL",25,221,"0","0","0","0","0","-","0"
1,"4zFxD0",1,282,2017,20,"Bangladesh","BGD","BGD",90,"Ireland","IRE","IRL",30,280,"0","0","0","0","0","-","0"
1,"4zFxD0",1,283,2018,20,"Bangladesh","BGD","BGD",90,"Ireland","IRE","IRL",34,298,"0","0","0","0","0","-","0"
1,"4zFxD0",1,284,2019,20,"Bangladesh","BGD","BGD",90,"Ireland","IRE","IRL",57,216,"0","0","0","0","0","-","0"
1,"4zFxD0",1,285,2020,20,"Bangladesh","BGD","BGD",90,"Ireland","IRE","IRL",96,204,"0","0","0","0","0","-","0"
1,"4zFxD0",1,286,2021,20,"Bangladesh","BGD","BGD",90,"Ireland","IRE","IRL",101,192,"0","0","0","0","0","-","0"
1,"4zFxD0",1,287,2022,20,"Bangladesh","BGD","BGD",90,"Ireland","IRE","IRL",99,203,"0","0","0","0","0","-","0"
1,"4zFxD0",1,288,2023,20,"Bangladesh","BGD","BGD",90,"Ireland","IRE","IRL",87,584,"0","0","0","0","0","-","0"
1,"4zFxD0",1,289,2024,20,"Bangladesh","BGD","BGD",90,"Ireland","IRE","IRL",103,1506,"0","0","0","0","0","-","0"
1,"4zFxD0",1,290,2025,20,"Bangladesh","BGD","BGD",90,"Ireland","IRE","IRL",127,1741,"0","0","0","0","0","-","0"
1,"4zFxD0",1,291,2002,22,"Bhutan","BHU","BTN",90,"Ireland","IRE","IRL",5,"0","0","0","0","0","0","-","0"
1,"4zFxD0",1,292,2003,22,"Bhutan","BHU","BTN",90,"Ireland","IRE","IRL",5,"0","0","0","0","0","0","-","0"
1,"4zFxD0",1,293,2004,22,"Bhutan","BHU","BTN",90,"Ireland","IRE","IRL",5,7,"0","0","0","0","0","-","0"
1,"4zFxD0",1,294,2005,22,"Bhutan","BHU","BTN",90,"Ireland","IRE","IRL",5,"0","0","0","0","0","0","-","0"
1,"4zFxD0",1,295,2006,22,"Bhutan","BHU","BTN",90,"Ireland","IRE","IRL",8,13,"0","0","0","0","0","-","0"
1,"4zFxD0",1,296,2007,22,"Bhutan","BHU","BTN",90,"Ireland","IRE","IRL",10,28,"0","0","0","0","0","-","0"
1,"4zFxD0",1,297,2008,22,"Bhutan","BHU","BTN",90,"Ireland","IRE","IRL",12,43,"0","0","0","0","0","-","0"
1,"4zFxD0",1,298,2009,22,"Bhutan","BHU","BTN",90,"Ireland","IRE","IRL",12,10,"0","0","0","0","0","-","0"
1,"4zFxD0",1,299,2010,22,"Bhutan","BHU","BTN",90,"Ireland","IRE","IRL",12,57,"0","0","0","0","0","-","0"
1,"4zFxD0",1,300,2011,22,"Bhutan","BHU","BTN",90,"Ireland","IRE","IRL",12,48,"0","0","0","0","0","-","0"
1,"4zFxD0",1,301,2012,22,"Bhutan","BHU","BTN",90,"Ireland","IRE","IRL",9,45,"0","0","0","0","0","-","0"
1,"4zFxD0",1,302,2013,22,"Bhutan","BHU","BTN",90,"Ireland","IRE","IRL","0",43,"0","0","0","0","0","-","0"
1,"4zFxD0",1,303,2014,22,"Bhutan","BHU","BTN",90,"Ireland","IRE","IRL",5,21,"0","0","0","0","0","-","0"
1,"4zFxD0",1,304,2015,22,"Bhutan","BHU","BTN",90,"Ireland","IRE","IRL",6,10,"0","0","0","0","0","-","0"
1,"4zFxD0",1,305,2016,22,"Bhutan","BHU","BTN",90,"Ireland","IRE","IRL",9,"0","0","0","0","0","0","-","0"
1,"4zFxD0",1,306,2017,22,"Bhutan","BHU","BTN",90,"Ireland","IRE","IRL",10,"0","0","0","0","0","0","-","0"
1,"4zFxD0",1,307,2018,22,"Bhutan","BHU","BTN",90,"Ireland","IRE","IRL",10,"0","0","0","0","0","0","-","0"
1,"4zFxD0",1,308,2019,22,"Bhutan","BHU","BTN",90,"Ireland","IRE","IRL",10,"0","0","0","0","0","0","-","0"
1,"4zFxD0",1,309,2020,22,"Bhutan","BHU","BTN",90,"Ireland","IRE","IRL",11,"0","0","0","0","0","0","-","0"
1,"4zFxD0",1,310,2021,22,"Bhutan","BHU","BTN",90,"Ireland","IRE","IRL",10,"0","0","0","0","0","0","-","0"
1,"4zFxD0",1,311,2022,22,"Bhutan","BHU","BTN",90,"Ireland","IRE","IRL",8,"0","0","0","0","0","0","-","0"
1,"4zFxD0",1,312,2023,22,"Bhutan","BHU","BTN",90,"Ireland","IRE","IRL",7,"0","0","0","0","0","0","-","0"
1,"4zFxD0",1,313,2001,24,"Belarus","BLR","BLR",90,"Ireland","IRE","IRL",6,"0","0","0","0","0","0","-","0"
1,"4zFxD0",1,314,2002,24,"Belarus","BLR","BLR",90,"Ireland","IRE","IRL",28,"0","0","0","0","0","0","-","0"
1,"4zFxD0",1,315,2003,24,"Belarus","BLR","BLR",90,"Ireland","IRE","IRL",32,42,"0","0","0","0","0","-","0"
1,"4zFxD0",1,316,2004,24,"Belarus","BLR","BLR",90,"Ireland","IRE","IRL",39,27,"0","0","0","0","0","-","0"
1,"4zFxD0",1,317,2005,24,"Belarus","BLR","BLR",90,"Ireland","IRE","IRL",39,"0","0","0","0","0","0","-","0"
1,"4zFxD0",1,318,2006,24,"Belarus","BLR","BLR",90,"Ireland","IRE","IRL",39,33,"0","0","0","0","0","-","0"
1,"4zFxD0",1,319,2007,24,"Belarus","BLR","BLR",90,"Ireland","IRE","IRL",51,30,"0","0","0","0","0","-","0"
1,"4zFxD0",1,320,2008,24,"Belarus","BLR","BLR",90,"Ireland","IRE","IRL",55,30,"0","0","0","0","0","-","0"
1,"4zFxD0",1,321,2009,24,"Belarus","BLR","BLR",90,"Ireland","IRE","IRL",61,11,"0","0","0","0","0","-","0"
1,"4zFxD0",1,322,2010,24,"Belarus","BLR","BLR",90,"Ireland","IRE","IRL",60,24,"0","0","0","0","0","-","0"
1,"4zFxD0",1,323,2011,24,"Belarus","BLR","BLR",90,"Ireland","IRE","IRL",55,18,"0","0","0","0","0","-","0"
1,"4zFxD0",1,324,2012,24,"Belarus","BLR","BLR",90,"Ireland","IRE","IRL",33,27,"0","0","0","0","0","-","0"
1,"4zFxD0",1,325,2013,24,"Belarus","BLR","BLR",90,"Ireland","IRE","IRL",53,17,"0","0","0","0","0","-","0"
1,"4zFxD0",1,326,2014,24,"Belarus","BLR","BLR",90,"Ireland","IRE","IRL",49,5,"0","0","0","0","0","-","0"
1,"4zFxD0",1,327,2015,24,"Belarus","BLR","BLR",90,"Ireland","IRE","IRL",51,"0","0","0","0","0","0","-","0"
1,"4zFxD0",1,328,2016,24,"Belarus","BLR","BLR",90,"Ireland","IRE","IRL",44,"0","0","0","0","0","0","-","0"
1,"4zFxD0",1,329,2017,24,"Belarus","BLR","BLR",90,"Ireland","IRE","IRL",43,7,"0","0","0","0","0","-","0"
1,"4zFxD0",1,330,2018,24,"Belarus","BLR","BLR",90,"Ireland","IRE","IRL",22,5,"0","0","0","0","0","-","0"
1,"4zFxD0",1,331,2019,24,"Belarus","BLR","BLR",90,"Ireland","IRE","IRL",22,"0","0","0","0","0","0","-","0"
1,"4zFxD0",1,332,2020,24,"Belarus","BLR","BLR",90,"Ireland","IRE","IRL",19,5,"0","0","0","0","0","-","0"
1,"4zFxD0",1,333,2021,24,"Belarus","BLR","BLR",90,"Ireland","IRE","IRL",18,8,"0","0","0","0","0","-","0"
1,"4zFxD0",1,334,2022,24,"Belarus","BLR","BLR",90,"Ireland","IRE","IRL",22,21,"0","0","0","0","0","-","0"
1,"4zFxD0",1,335,2023,24,"Belarus","BLR","BLR",90,"Ireland","IRE","IRL",46,17,"0","0","0","0","0","-","0"
1,"4zFxD0",1,336,2024,24,"Belarus","BLR","BLR",90,"Ireland","IRE","IRL",44,26,"0","0","0","0","0","-","0"
1,"4zFxD0",1,337,2025,24,"Belarus","BLR","BLR",90,"Ireland","IRE","IRL",52,17,"0","0","0","0","0","-","0"
1,"4zFxD0",1,338,2010,25,"Bolivia (Plurinational State of)","BOL","BOL",90,"Ireland","IRE","IRL","0",10,"0","0","0","0","0","-","0"
1,"4zFxD0",1,339,2011,25,"Bolivia (Plurinational State of)","BOL","BOL",90,"Ireland","IRE","IRL","0",5,"0","0","0","0","0","-","0"
1,"4zFxD0",1,340,2012,25,"Bolivia (Plurinational State of)","BOL","BOL",90,"Ireland","IRE","IRL","0",8,"0","0","0","0","0","-","0"
1,"4zFxD0",1,341,2013,25,"Bolivia (Plurinational State of)","BOL","BOL",90,"Ireland","IRE","IRL","0",10,"0","0","0","0","0","-","0"
1,"4zFxD0",1,342,2014,25,"Bolivia (Plurinational State of)","BOL","BOL",90,"Ireland","IRE","IRL",6,5,"0","0","0","0","0","-","0"
1,"4zFxD0",1,343,2015,25,"Bolivia (Plurinational State of)","BOL","BOL",90,"Ireland","IRE","IRL",6,5,"0","0","0","0","0","-","0"
1,"4zFxD0",1,344,2016,25,"Bolivia (Plurinational State of)","BOL","BOL",90,"Ireland","IRE","IRL",8,5,"0","0","0","0","0","-","0"
1,"4zFxD0",1,345,2017,25,"Bolivia (Plurinational State of)","BOL","BOL",90,"Ireland","IRE","IRL",7,11,"0","0","0","0","0","-","0"
1,"4zFxD0",1,346,2018,25,"Bolivia (Plurinational State of)","BOL","BOL",90,"Ireland","IRE","IRL",7,34,"0","0","0","0","0","-","0"
1,"4zFxD0",1,347,2019,25,"Bolivia (Plurinational State of)","BOL","BOL",90,"Ireland","IRE","IRL",12,41,"0","0","0","0","0","-","0"
1,"4zFxD0",1,348,2020,25,"Bolivia (Plurinational State of)","BOL","BOL",90,"Ireland","IRE","IRL",21,47,"0","0","0","0","0","-","0"
1,"4zFxD0",1,349,2021,25,"Bolivia (Plurinational State of)","BOL","BOL",90,"Ireland","IRE","IRL",23,41,"0","0","0","0","0","-","0"
1,"4zFxD0",1,350,2022,25,"Bolivia (Plurinational State of)","BOL","BOL",90,"Ireland","IRE","IRL",31,53,"0","0","0","0","0","-","0"
1,"4zFxD0",1,351,2023,25,"Bolivia (Plurinational State of)","BOL","BOL",90,"Ireland","IRE","IRL",41,148,"0","0","0","0","0","-","0"
1,"4zFxD0",1,352,2024,25,"Bolivia (Plurinational State of)","BOL","BOL",90,"Ireland","IRE","IRL",53,139,"0","0","0","0","0","-","0"
1,"4zFxD0",1,353,2025,25,"Bolivia (Plurinational State of)","BOL","BOL",90,"Ireland","IRE","IRL",59,158,"0","0","0","0","0","-","0"
1,"4zFxD0",1,354,2007,26,"Botswana","BOT","BWA",90,"Ireland","IRE","IRL","0",5,"0","0","0","0","0","-","0"
1,"4zFxD0",1,355,2010,26,"Botswana","BOT","BWA",90,"Ireland","IRE","IRL","0",5,"0","0","0","0","0","-","0"
1,"4zFxD0",1,356,2011,26,"Botswana","BOT","BWA",90,"Ireland","IRE","IRL","0",5,"0","0","0","0","0","-","0"
1,"4zFxD0",1,357,2012,26,"Botswana","BOT","BWA",90,"Ireland","IRE","IRL","0",5,"0","0","0","0","0","-","0"
1,"4zFxD0",1,358,2013,26,"Botswana","BOT","BWA",90,"Ireland","IRE","IRL","0",5,"0","0","0","0","0","-","0"
1,"4zFxD0",1,359,2014,26,"Botswana","BOT","BWA",90,"Ireland","IRE","IRL","0",5,"0","0","0","0","0","-","0"
1,"4zFxD0",1,360,2015,26,"Botswana","BOT","BWA",90,"Ireland","IRE","IRL","0",10,"0","0","0","0","0","-","0"
1,"4zFxD0",1,361,2016,26,"Botswana","BOT","BWA",90,"Ireland","IRE","IRL","0",10,"0","0","0","0","0","-","0"
1,"4zFxD0",1,362,2017,26,"Botswana","BOT","BWA",90,"Ireland","IRE","IRL","0",18,"0","0","0","0","0","-","0"
1,"4zFxD0",1,363,2018,26,"Botswana","BOT","BWA",90,"Ireland","IRE","IRL","0",26,"0","0","0","0","0","-","0"
1,"4zFxD0",1,364,2019,26,"Botswana","BOT","BWA",90,"Ireland","IRE","IRL",10,35,"0","0","0","0","0","-","0"
1,"4zFxD0",1,365,2020,26,"Botswana","BOT","BWA",90,"Ireland","IRE","IRL",12,38,"0","0","0","0","0","-","0"
1,"4zFxD0",1,366,2021,26,"Botswana","BOT","BWA",90,"Ireland","IRE","IRL",11,88,"0","0","0","0","0","-","0"
1,"4zFxD0",1,367,2022,26,"Botswana","BOT","BWA",90,"Ireland","IRE","IRL",32,393,"0","0","0","0","0","-","0"
1,"4zFxD0",1,368,2023,26,"Botswana","BOT","BWA",90,"Ireland","IRE","IRL",78,619,"0","0","0","0","0","-","0"
1,"4zFxD0",1,369,2024,26,"Botswana","BOT","BWA",90,"Ireland","IRE","IRL",144,662,"0","0","0","0","0","-","0"
1,"4zFxD0",1,370,2025,26,"Botswana","BOT","BWA",90,"Ireland","IRE","IRL",193,589,"0","0","0","0","0","-","0"
1,"4zFxD0",1,371,2003,27,"Brazil","BRA","BRA",90,"Ireland","IRE","IRL","0",11,"0","0","0","0","0","-","0"
1,"4zFxD0",1,372,2004,27,"Brazil","BRA","BRA",90,"Ireland","IRE","IRL","0",5,"0","0","0","0","0","-","0"
1,"4zFxD0",1,373,2006,27,"Brazil","BRA","BRA",90,"Ireland","IRE","IRL","0",5,"0","0","0","0","0","-","0"
1,"4zFxD0",1,374,2007,27,"Brazil","BRA","BRA",90,"Ireland","IRE","IRL",5,5,"0","0","0","0","0","-","0"
1,"4zFxD0",1,375,2008,27,"Brazil","BRA","BRA",90,"Ireland","IRE","IRL",5,13,"0","0","0","0","0","-","0"
1,"4zFxD0",1,376,2009,27,"Brazil","BRA","BRA",90,"Ireland","IRE","IRL",5,"0","0","0","0","0","0","-","0"
1,"4zFxD0",1,377,2010,27,"Brazil","BRA","BRA",90,"Ireland","IRE","IRL",5,10,"0","0","0","0","0","-","0"
1,"4zFxD0",1,378,2011,27,"Brazil","BRA","BRA",90,"Ireland","IRE","IRL",5,12,"0","0","0","0","0","-","0"
1,"4zFxD0",1,379,2012,27,"Brazil","BRA","BRA",90,"Ireland","IRE","IRL",5,13,"0","0","0","0","0","-","0"
1,"4zFxD0",1,380,2013,27,"Brazil","BRA","BRA",90,"Ireland","IRE","IRL",5,14,"0","0","0","0","0","-","0"
1,"4zFxD0",1,381,2014,27,"Brazil","BRA","BRA",90,"Ireland","IRE","IRL",5,10,"0","0","0","0","0","-","0"
1,"4zFxD0",1,382,2015,27,"Brazil","BRA","BRA",90,"Ireland","IRE","IRL",5,5,"0","0","0","0","0","-","0"
1,"4zFxD0",1,383,2016,27,"Brazil","BRA","BRA",90,"Ireland","IRE","IRL","0",35,"0","0","0","0","0","-","0"
1,"4zFxD0",1,384,2017,27,"Brazil","BRA","BRA",90,"Ireland","IRE","IRL","0",57,"0","0","0","0","0","-","0"
1,"4zFxD0",1,385,2018,27,"Brazil","BRA","BRA",90,"Ireland","IRE","IRL","0",146,"0","0","0","0","0","-","0"
1,"4zFxD0",1,386,2019,27,"Brazil","BRA","BRA",90,"Ireland","IRE","IRL",5,178,"0","0","0","0","0","-","0"
1,"4zFxD0",1,387,2020,27,"Brazil","BRA","BRA",90,"Ireland","IRE","IRL",20,211,"0","0","0","0","0","-","0"
1,"4zFxD0",1,388,2021,27,"Brazil","BRA","BRA",90,"Ireland","IRE","IRL",22,148,"0","0","0","0","0","-","0"
1,"4zFxD0",1,389,2022,27,"Brazil","BRA","BRA",90,"Ireland","IRE","IRL",46,126,"0","0","0","0","0","-","0"
1,"4zFxD0",1,390,2023,27,"Brazil","BRA","BRA",90,"Ireland","IRE","IRL",46,237,"0","0","0","0","0","-","0"
1,"4zFxD0",1,391,2024,27,"Brazil","BRA","BRA",90,"Ireland","IRE","IRL",60,355,"0","0","0","0","0","-","0"
1,"4zFxD0",1,392,2025,27,"Brazil","BRA","BRA",90,"Ireland","IRE","IRL",70,337,"0","0","0","0","0","-","0"
1,"4zFxD0",1,393,1994,29,"Bosnia and Herzegovina","BSN","BIH",90,"Ireland","IRE","IRL",375,"0","0","0","0","0","0","-","0"
1,"4zFxD0",1,394,1996,29,"Bosnia and Herzegovina","BSN","BIH",90,"Ireland","IRE","IRL","0","0",86,"0","0","0","0","-","0"
1,"4zFxD0",1,395,1998,29,"Bosnia and Herzegovina","BSN","BIH",90,"Ireland","IRE","IRL","0","0",8,"0","0","0","0","-","0"
1,"4zFxD0",1,396,1999,29,"Bosnia and Herzegovina","BSN","BIH",90,"Ireland","IRE","IRL",650,"0",9,"0","0","0","0","-","0"
1,"4zFxD0",1,397,2000,29,"Bosnia and Herzegovina","BSN","BIH",90,"Ireland","IRE","IRL",650,"0","0","0","0","0","0","-","0"
1,"4zFxD0",1,398,2001,29,"Bosnia and Herzegovina","BSN","BIH",90,"Ireland","IRE","IRL",652,"0","0","0","0","0","0","-","0"
1,"4zFxD0",1,399,2002,29,"Bosnia and Herzegovina","BSN","BIH",90,"Ireland","IRE","IRL",655,"0",24,"0","0","0","0","-","0"
1,"4zFxD0",1,400,2003,29,"Bosnia and Herzegovina","BSN","BIH",90,"Ireland","IRE","IRL",507,12,10,"0","0","0","0","-","0"
1,"4zFxD0",1,401,2004,29,"Bosnia and Herzegovina","BSN","BIH",90,"Ireland","IRE","IRL","0",6,"0","0","0","0","0","-","0"
1,"4zFxD0",1,402,2005,29,"Bosnia and Herzegovina","BSN","BIH",90,"Ireland","IRE","IRL",5,"0",5,"0","0","0","0","-","0"
1,"4zFxD0",1,403,2006,29,"Bosnia and Herzegovina","BSN","BIH",90,"Ireland","IRE","IRL",5,"0",5,"0","0","0","0","-","0"
1,"4zFxD0",1,404,2007,29,"Bosnia and Herzegovina","BSN","BIH",90,"Ireland","IRE","IRL",11,"0","0","0","0","0","0","-","0"
1,"4zFxD0",1,405,2008,29,"Bosnia and Herzegovina","BSN","BIH",90,"Ireland","IRE","IRL",11,"0","0","0","0","0","0","-","0"
1,"4zFxD0",1,406,2009,29,"Bosnia and Herzegovina","BSN","BIH",90,"Ireland","IRE","IRL",13,"0","0","0","0","0","0","-","0"
1,"4zFxD0",1,407,2010,29,"Bosnia and Herzegovina","BSN","BIH",90,"Ireland","IRE","IRL",13,5,"0","0","0","0","0","-","0"
1,"4zFxD0",1,408,2011,29,"Bosnia and Herzegovina","BSN","BIH",90,"Ireland","IRE","IRL",11,5,"0","0","0","0","0","-","0"
1,"4zFxD0",1,409,2012,29,"Bosnia and Herzegovina","BSN","BIH",90,"Ireland","IRE","IRL",8,5,"0","0","0","0","0","-","0"
1,"4zFxD0",1,410,2013,29,"Bosnia and Herzegovina","BSN","BIH",90,"Ireland","IRE","IRL",14,"0","0","0","0","0","0","-","0"
1,"4zFxD0",1,411,2014,29,"Bosnia and Herzegovina","BSN","BIH",90,"Ireland","IRE","IRL",14,"0","0","0","0","0","0","-","0"
1,"4zFxD0",1,412,2015,29,"Bosnia and Herzegovina","BSN","BIH",90,"Ireland","IRE","IRL",14,"0","0","0","0","0","0","-","0"
1,"4zFxD0",1,413,2016,29,"Bosnia and Herzegovina","BSN","BIH",90,"Ireland","IRE","IRL",14,"0","0","0","0","0","0","-","0"
1,"4zFxD0",1,414,2017,29,"Bosnia and Herzegovina","BSN","BIH",90,"Ireland","IRE","IRL",14,"0","0","0","0","0","0","-","0"
1,"4zFxD0",1,415,2019,29,"Bosnia and Herzegovina","BSN","BIH",90,"Ireland","IRE","IRL",5,"0","0","0","0","0","0","-","0"
1,"4zFxD0",1,416,2020,29,"Bosnia and Herzegovina","BSN","BIH",90,"Ireland","IRE","IRL",5,"0","0","0","0","0","0","-","0"
1,"4zFxD0",1,417,2021,29,"Bosnia and Herzegovina","BSN","BIH",90,"Ireland","IRE","IRL",5,"0","0","0","0","0","0","-","0"
1,"4zFxD0",1,418,2001,30,"Bulgaria","BUL","BGR",90,"Ireland","IRE","IRL",22,"0","0","0","0","0","0","-","0"
1,"4zFxD0",1,419,2002,30,"Bulgaria","BUL","BGR",90,"Ireland","IRE","IRL",40,"0","0","0","0","0","0","-","0"
1,"4zFxD0",1,420,2003,30,"Bulgaria","BUL","BGR",90,"Ireland","IRE","IRL",38,9,"0","0","0","0","0","-","0"
1,"4zFxD0",1,421,2004,30,"Bulgaria","BUL","BGR",90,"Ireland","IRE","IRL",38,"0","0","0","0","0","0","-","0"
1,"4zFxD0",1,422,2005,30,"Bulgaria","BUL","BGR",90,"Ireland","IRE","IRL",38,"0","0","0","0","0","0","-","0"
1,"4zFxD0",1,423,2006,30,"Bulgaria","BUL","BGR",90,"Ireland","IRE","IRL",38,"0","0","0","0","0","0","-","0"
1,"4zFxD0",1,424,2007,30,"Bulgaria","BUL","BGR",90,"Ireland","IRE","IRL",45,"0","0","0","0","0","0","-","0"
1,"4zFxD0",1,425,2008,30,"Bulgaria","BUL","BGR",90,"Ireland","IRE","IRL",45,"0","0","0","0","0","0","-","0"
1,"4zFxD0",1,426,2009,30,"Bulgaria","BUL","BGR",90,"Ireland","IRE","IRL",44,"0","0","0","0","0","0","-","0"
1,"4zFxD0",1,427,2010,30,"Bulgaria","BUL","BGR",90,"Ireland","IRE","IRL",44,"0","0","0","0","0","0","-","0"
1,"4zFxD0",1,428,2011,30,"Bulgaria","BUL","BGR",90,"Ireland","IRE","IRL",23,"0","0","0","0","0","0","-","0"
1,"4zFxD0",1,429,2012,30,"Bulgaria","BUL","BGR",90,"Ireland","IRE","IRL",5,"0","0","0","0","0","0","-","0"
1,"4zFxD0",1,430,2013,30,"Bulgaria","BUL","BGR",90,"Ireland","IRE","IRL",39,"0","0","0","0","0","0","-","0"
1,"4zFxD0",1,431,2014,30,"Bulgaria","BUL","BGR",90,"Ireland","IRE","IRL",35,"0","0","0","0","0","0","-","0"
1,"4zFxD0",1,432,2015,30,"Bulgaria","BUL","BGR",90,"Ireland","IRE","IRL",35,"0","0","0","0","0","0","-","0"
1,"4zFxD0",1,433,2019,31,"Belize","BZE","BLZ",90,"Ireland","IRE","IRL","0",5,"0","0","0","0","0","-","0"
1,"4zFxD0",1,434,2024,31,"Belize","BZE","BLZ",90,"Ireland","IRE","IRL","0",5,"0","0","0","0","0","-","0"
1,"4zFxD0",1,435,2025,31,"Belize","BZE","BLZ",90,"Ireland","IRE","IRL","0",5,"0","0","0","0","0","-","0"
1,"4zFxD0",1,436,2002,32,"Cambodia","CAM","KHM",90,"Ireland","IRE","IRL",13,"0","0","0","0","0","0","-","0"
1,"4zFxD0",1,437,2007,32,"Cambodia","CAM","KHM",90,"Ireland","IRE","IRL",14,"0","0","0","0","0","0","-","0"
1,"4zFxD0",1,438,2008,32,"Cambodia","CAM","KHM",90,"Ireland","IRE","IRL",14,"0","0","0","0","0","0","-","0"
1,"4zFxD0",1,439,2009,32,"Cambodia","CAM","KHM",90,"Ireland","IRE","IRL",14,"0","0","0","0","0","0","-","0"
1,"4zFxD0",1,440,2010,32,"Cambodia","CAM","KHM",90,"Ireland","IRE","IRL",14,"0","0","0","0","0","0","-","0"
1,"4zFxD0",1,441,2011,32,"Cambodia","CAM","KHM",90,"Ireland","IRE","IRL",15,"0","0","0","0","0","0","-","0"
1,"4zFxD0",1,442,2023,33,"Canada","CAN","CAN",90,"Ireland","IRE","IRL",5,"0","0","0","0","0","0","-","0"
1,"4zFxD0",1,443,2024,33,"Canada","CAN","CAN",90,"Ireland","IRE","IRL",5,"0","0","0","0","0","0","-","0"
1,"4zFxD0",1,444,2025,33,"Canada","CAN","CAN",90,"Ireland","IRE","IRL",5,5,"0","0","0","0","0","-","0"
1,"4zFxD0",1,445,2001,34,"Central African Rep.","CAR","CAF",90,"Ireland","IRE","IRL",7,"0","0","0","0","0","0","-","0"
1,"4zFxD0",1,446,2002,34,"Central African Rep.","CAR","CAF",90,"Ireland","IRE","IRL",19,"0","0","0","0","0","0","-","0"
1,"4zFxD0",1,447,2003,34,"Central African Rep.","CAR","CAF",90,"Ireland","IRE","IRL",19,"0","0","0","0","0","0","-","0"
1,"4zFxD0",1,448,2004,34,"Central African Rep.","CAR","CAF",90,"Ireland","IRE","IRL",19,"0","0","0","0","0","0","-","0"
1,"4zFxD0",1,449,2005,34,"Central African Rep.","CAR","CAF",90,"Ireland","IRE","IRL",19,"0","0","0","0","0","0","-","0"
1,"4zFxD0",1,450,2006,34,"Central African Rep.","CAR","CAF",90,"Ireland","IRE","IRL",19,"0","0","0","0","0","0","-","0"
1,"4zFxD0",1,451,2007,34,"Central African Rep.","CAR","CAF",90,"Ireland","IRE","IRL",7,5,"0","0","0","0","0","-","0"
1,"4zFxD0",1,452,2008,34,"Central African Rep.","CAR","CAF",90,"Ireland","IRE","IRL",9,"0","0","0","0","0","0","-","0"
1,"4zFxD0",1,453,2009,34,"Central African Rep.","CAR","CAF",90,"Ireland","IRE","IRL",9,"0","0","0","0","0","0","-","0"
1,"4zFxD0",1,454,2010,34,"Central African Rep.","CAR","CAF",90,"Ireland","IRE","IRL",9,"0","0","0","0","0","0","-","0"
1,"4zFxD0",1,455,2013,34,"Central African Rep.","CAR","CAF",90,"Ireland","IRE","IRL",9,"0","0","0","0","0","0","-","0"
1,"4zFxD0",1,456,2014,34,"Central African Rep.","CAR","CAF",90,"Ireland","IRE","IRL",10,"0","0","0","0","0","0","-","0"
1,"4zFxD0",1,457,2015,34,"Central African Rep.","CAR","CAF",90,"Ireland","IRE","IRL",10,"0","0","0","0","0","0","-","0"
1,"4zFxD0",1,458,2016,34,"Central African Rep.","CAR","CAF",90,"Ireland","IRE","IRL",9,"0","0","0","0","0","0","-","0"
1,"4zFxD0",1,459,2017,34,"Central African Rep.","CAR","CAF",90,"Ireland","IRE","IRL",9,"0","0","0","0","0","0","-","0"
1,"4zFxD0",1,460,2003,36,"Chad","CHD","TCD",90,"Ireland","IRE","IRL","0",5,"0","0","0","0","0","-","0"
1,"4zFxD0",1,461,2004,36,"Chad","CHD","TCD",90,"Ireland","IRE","IRL","0",5,"0","0","0","0","0","-","0"
1,"4zFxD0",1,462,2005,36,"Chad","CHD","TCD",90,"Ireland","IRE","IRL",7,"0","0","0","0","0","0","-","0"
1,"4zFxD0",1,463,2006,36,"Chad","CHD","TCD",90,"Ireland","IRE","IRL",8,5,"0","0","0","0","0","-","0"
1,"4zFxD0",1,464,2007,36,"Chad","CHD","TCD",90,"Ireland","IRE","IRL",9,"0","0","0","0","0","0","-","0"
1,"4zFxD0",1,465,2008,36,"Chad","CHD","TCD",90,"Ireland","IRE","IRL",12,"0","0","0","0","0","0","-","0"
1,"4zFxD0",1,466,2009,36,"Chad","CHD","TCD",90,"Ireland","IRE","IRL",12,5,"0","0","0","0","0","-","0"
1,"4zFxD0",1,467,2010,36,"Chad","CHD","TCD",90,"Ireland","IRE","IRL",12,5,"0","0","0","0","0","-","0"
1,"4zFxD0",1,468,2011,36,"Chad","CHD","TCD",90,"Ireland","IRE","IRL",12,"0","0","0","0","0","0","-","0"
1,"4zFxD0",1,469,2012,36,"Chad","CHD","TCD",90,"Ireland","IRE","IRL",12,"0","0","0","0","0","0","-","0"
1,"4zFxD0",1,470,2013,36,"Chad","CHD","TCD",90,"Ireland","IRE","IRL","0",5,"0","0","0","0","0","-","0"
1,"4zFxD0",1,471,2017,36,"Chad","CHD","TCD",90,"Ireland","IRE","IRL",5,"0","0","0","0","0","0","-","0"
1,"4zFxD0",1,472,2018,36,"Chad","CHD","TCD",90,"Ireland","IRE","IRL",5,"0","0","0","0","0","0","-","0"
1,"4zFxD0",1,473,2019,36,"Chad","CHD","TCD",90,"Ireland","IRE","IRL",5,"0","0","0","0","0","0","-","0"
1,"4zFxD0",1,474,2020,36,"Chad","CHD","TCD",90,"Ireland","IRE","IRL",5,"0","0","0","0","0","0","-","0"
1,"4zFxD0",1,475,2021,36,"Chad","CHD","TCD",90,"Ireland","IRE","IRL",5,"0","0","0","0","0","0","-","0"
1,"4zFxD0",1,476,2022,36,"Chad","CHD","TCD",90,"Ireland","IRE","IRL",5,"0","0","0","0","0","0","-","0"
1,"4zFxD0",1,477,2023,36,"Chad","CHD","TCD",90,"Ireland","IRE","IRL",5,"0","0","0","0","0","0","-","0"
1,"4zFxD0",1,478,2024,36,"Chad","CHD","TCD",90,"Ireland","IRE","IRL",5,5,"0","0","0","0","0","-","0"
1,"4zFxD0",1,479,2025,36,"Chad","CHD","TCD",90,"Ireland","IRE","IRL",5,5,"0","0","0","0","0","-","0"
1,"4zFxD0",1,480,2001,37,"China","CHI","CHN",90,"Ireland","IRE","IRL",5,"0","0","0","0","0","0","-","0"
1,"4zFxD0",1,481,2002,37,"China","CHI","CHN",90,"Ireland","IRE","IRL",6,"0","0","0","0","0","0","-","0"
1,"4zFxD0",1,482,2003,37,"China","CHI","CHN",90,"Ireland","IRE","IRL",18,123,"0","0","0","0","0","-","0"
1,"4zFxD0",1,483,2004,37,"China","CHI","CHN",90,"Ireland","IRE","IRL",45,32,"0","0","0","0","0","-","0"
1,"4zFxD0",1,484,2005,37,"China","CHI","CHN",90,"Ireland","IRE","IRL",67,"0","0","0","0","0","0","-","0"
1,"4zFxD0",1,485,2006,37,"China","CHI","CHN",90,"Ireland","IRE","IRL",75,49,"0","0","0","0","0","-","0"
1,"4zFxD0",1,486,2007,37,"China","CHI","CHN",90,"Ireland","IRE","IRL",88,110,"0","0","0","0","0","-","0"
1,"4zFxD0",1,487,2008,37,"China","CHI","CHN",90,"Ireland","IRE","IRL",93,79,"0","0","0","0","0","-","0"
1,"4zFxD0",1,488,2009,37,"China","CHI","CHN",90,"Ireland","IRE","IRL",95,48,"0","0","0","0","0","-","0"
1,"4zFxD0",1,489,2010,37,"China","CHI","CHN",90,"Ireland","IRE","IRL",100,94,"0","0","0","0","0","-","0"
1,"4zFxD0",1,490,2011,37,"China","CHI","CHN",90,"Ireland","IRE","IRL",101,77,"0","0","0","0","0","-","0"
1,"4zFxD0",1,491,2012,37,"China","CHI","CHN",90,"Ireland","IRE","IRL",93,82,"0","0","0","0","0","-","0"
1,"4zFxD0",1,492,2013,37,"China","CHI","CHN",90,"Ireland","IRE","IRL",53,88,"0","0","0","0","0","-","0"
1,"4zFxD0",1,493,2014,37,"China","CHI","CHN",90,"Ireland","IRE","IRL",45,49,"0","0","0","0","0","-","0"
1,"4zFxD0",1,494,2015,37,"China","CHI","CHN",90,"Ireland","IRE","IRL",53,39,"0","0","0","0","0","-","0"
1,"4zFxD0",1,495,2016,37,"China","CHI","CHN",90,"Ireland","IRE","IRL",52,16,"0","0","0","0","0","-","0"
1,"4zFxD0",1,496,2017,37,"China","CHI","CHN",90,"Ireland","IRE","IRL",54,65,"0","0","0","0","0","-","0"
1,"4zFxD0",1,497,2018,37,"China","CHI","CHN",90,"Ireland","IRE","IRL",54,86,"0","0","0","0","0","-","0"
1,"4zFxD0",1,498,2019,37,"China","CHI","CHN",90,"Ireland","IRE","IRL",63,91,"0","0","0","0","0","-","0"
1,"4zFxD0",1,499,2020,37,"China","CHI","CHN",90,"Ireland","IRE","IRL",68,88,"0","0","0","0","0","-","0"
1,"4zFxD0",1,500,2021,37,"China","CHI","CHN",90,"Ireland","IRE","IRL",71,60,"0","0","0","0","0","-","0"
1,"4zFxD0",1,501,2022,37,"China","CHI","CHN",90,"Ireland","IRE","IRL",63,28,"0","0","0","0","0","-","0"
1,"4zFxD0",1,502,2023,37,"China","CHI","CHN",90,"Ireland","IRE","IRL",66,73,"0","0","0","0","0","-","0"
1,"4zFxD0",1,503,2024,37,"China","CHI","CHN",90,"Ireland","IRE","IRL",64,92,"0","0","0","0","0","-","0"
1,"4zFxD0",1,504,2025,37,"China","CHI","CHN",90,"Ireland","IRE","IRL",74,112,"0","0","0","0","0","-","0"
1,"4zFxD0",1,505,1984,38,"Chile","CHL","CHL",90,"Ireland","IRE","IRL",60,"0","0","0","0","0","0","-","0"
1,"4zFxD0",1,506,2011,38,"Chile","CHL","CHL",90,"Ireland","IRE","IRL","0",5,"0","0","0","0","0","-","0"
1,"4zFxD0",1,507,2018,38,"Chile","CHL","CHL",90,"Ireland","IRE","IRL","0",5,"0","0","0","0","0","-","0"
1,"4zFxD0",1,508,2019,38,"Chile","CHL","CHL",90,"Ireland","IRE","IRL","0",5,"0","0","0","0","0","-","0"
1,"4zFxD0",1,509,2020,38,"Chile","CHL","CHL",90,"Ireland","IRE","IRL","0",5,"0","0","0","0","0","-","0"
1,"4zFxD0",1,510,2022,38,"Chile","CHL","CHL",90,"Ireland","IRE","IRL","0",5,"0","0","0","0","0","-","0"
1,"4zFxD0",1,511,2023,38,"Chile","CHL","CHL",90,"Ireland","IRE","IRL","0",13,"0","0","0","0","0","-","0"
1,"4zFxD0",1,512,2024,38,"Chile","CHL","CHL",90,"Ireland","IRE","IRL",5,24,"0","0","0","0","0","-","0"
1,"4zFxD0",1,513,2025,38,"Chile","CHL","CHL",90,"Ireland","IRE","IRL",5,23,"0","0","0","0","0","-","0"
1,"4zFxD0",1,514,2001,39,"Cameroon","CMR","CMR",90,"Ireland","IRE","IRL",19,"0","0","0","0","0","0","-","0"
1,"4zFxD0",1,515,2002,39,"Cameroon","CMR","CMR",90,"Ireland","IRE","IRL",38,"0","0","0","0","0","0","-","0"
1,"4zFxD0",1,516,2003,39,"Cameroon","CMR","CMR",90,"Ireland","IRE","IRL",72,151,"0","0","0","0","0","-","0"
1,"4zFxD0",1,517,2004,39,"Cameroon","CMR","CMR",90,"Ireland","IRE","IRL",101,106,"0","0","0","0","0","-","0"
1,"4zFxD0",1,518,2005,39,"Cameroon","CMR","CMR",90,"Ireland","IRE","IRL",125,"0","0","0","0","0","0","-","0"
1,"4zFxD0",1,519,2006,39,"Cameroon","CMR","CMR",90,"Ireland","IRE","IRL",129,77,"0","0","0","0","0","-","0"
1,"4zFxD0",1,520,2007,39,"Cameroon","CMR","CMR",90,"Ireland","IRE","IRL",156,80,"0","0","0","0","0","-","0"
1,"4zFxD0",1,521,2008,39,"Cameroon","CMR","CMR",90,"Ireland","IRE","IRL",160,79,"0","0","0","0","0","-","0"
1,"4zFxD0",1,522,2009,39,"Cameroon","CMR","CMR",90,"Ireland","IRE","IRL",167,65,"0","0","0","0","0","-","0"
1,"4zFxD0",1,523,2010,39,"Cameroon","CMR","CMR",90,"Ireland","IRE","IRL",171,125,"0","0","0","0","0","-","0"
1,"4zFxD0",1,524,2011,39,"Cameroon","CMR","CMR",90,"Ireland","IRE","IRL",154,108,"0","0","0","0","0","-","0"
1,"4zFxD0",1,525,2012,39,"Cameroon","CMR","CMR",90,"Ireland","IRE","IRL",123,109,"0","0","0","0","0","-","0"
1,"4zFxD0",1,526,2013,39,"Cameroon","CMR","CMR",90,"Ireland","IRE","IRL",74,100,"0","0","0","0","0","-","0"
1,"4zFxD0",1,527,2014,39,"Cameroon","CMR","CMR",90,"Ireland","IRE","IRL",66,63,"0","0","0","0","0","-","0"
1,"4zFxD0",1,528,2015,39,"Cameroon","CMR","CMR",90,"Ireland","IRE","IRL",79,42,"0","0","0","0","0","-","0"
1,"4zFxD0",1,529,2016,39,"Cameroon","CMR","CMR",90,"Ireland","IRE","IRL",84,24,"0","0","0","0","0","-","0"
1,"4zFxD0",1,530,2017,39,"Cameroon","CMR","CMR",90,"Ireland","IRE","IRL",85,33,"0","0","0","0","0","-","0"
1,"4zFxD0",1,531,2018,39,"Cameroon","CMR","CMR",90,"Ireland","IRE","IRL",73,53,"0","0","0","0","0","-","0"
1,"4zFxD0",1,532,2019,39,"Cameroon","CMR","CMR",90,"Ireland","IRE","IRL",72,61,"0","0","0","0","0","-","0"
1,"4zFxD0",1,533,2020,39,"Cameroon","CMR","CMR",90,"Ireland","IRE","IRL",94,46,"0","0","0","0","0","-","0"
1,"4zFxD0",1,534,2021,39,"Cameroon","CMR","CMR",90,"Ireland","IRE","IRL",104,31,"0","0","0","0","0","-","0"
1,"4zFxD0",1,535,2022,39,"Cameroon","CMR","CMR",90,"Ireland","IRE","IRL",110,30,"0","0","0","0","0","-","0"
1,"4zFxD0",1,536,2023,39,"Cameroon","CMR","CMR",90,"Ireland","IRE","IRL",103,55,"0","0","0","0","0","-","0"
1,"4zFxD0",1,537,2024,39,"Cameroon","CMR","CMR",90,"Ireland","IRE","IRL",104,70,"0","0","0","0","0","-","0"
1,"4zFxD0",1,538,2025,39,"Cameroon","CMR","CMR",90,"Ireland","IRE","IRL",119,82,"0","0","0","0","0","-","0"
1,"4zFxD0",1,539,2001,40,"Congo","COB","COG",90,"Ireland","IRE","IRL",21,"0","0","0","0","0","0","-","0"
1,"4zFxD0",1,540,2002,40,"Congo","COB","COG",90,"Ireland","IRE","IRL",8,"0","0","0","0","0","0","-","0"
1,"4zFxD0",1,541,2003,40,"Congo","COB","COG",90,"Ireland","IRE","IRL",11,22,"0","0","0","0","0","-","0"
1,"4zFxD0",1,542,2004,40,"Congo","COB","COG",90,"Ireland","IRE","IRL",12,32,"0","0","0","0","0","-","0"
1,"4zFxD0",1,543,2005,40,"Congo","COB","COG",90,"Ireland","IRE","IRL",15,"0","0","0","0","0","0","-","0"
1,"4zFxD0",1,544,2006,40,"Congo","COB","COG",90,"Ireland","IRE","IRL",18,20,"0","0","0","0","0","-","0"
1,"4zFxD0",1,545,2007,40,"Congo","COB","COG",90,"Ireland","IRE","IRL",45,30,"0","0","0","0","0","-","0"
1,"4zFxD0",1,546,2008,40,"Congo","COB","COG",90,"Ireland","IRE","IRL",46,25,"0","0","0","0","0","-","0"
1,"4zFxD0",1,547,2009,40,"Congo","COB","COG",90,"Ireland","IRE","IRL",47,15,"0","0","0","0","0","-","0"
1,"4zFxD0",1,548,2010,40,"Congo","COB","COG",90,"Ireland","IRE","IRL",47,58,"0","0","0","0","0","-","0"
1,"4zFxD0",1,549,2011,40,"Congo","COB","COG",90,"Ireland","IRE","IRL",29,52,"0","0","0","0","0","-","0"
1,"4zFxD0",1,550,2012,40,"Congo","COB","COG",90,"Ireland","IRE","IRL",18,50,"0","0","0","0","0","-","0"
1,"4zFxD0",1,551,2013,40,"Congo","COB","COG",90,"Ireland","IRE","IRL",232,43,"0","0","0","0","0","-","0"
1,"4zFxD0",1,552,2014,40,"Congo","COB","COG",90,"Ireland","IRE","IRL",201,23,"0","0","0","0","0","-","0"
1,"4zFxD0",1,553,2015,40,"Congo","COB","COG",90,"Ireland","IRE","IRL",204,15,"0","0","0","0","0","-","0"
1,"4zFxD0",1,554,2016,40,"Congo","COB","COG",90,"Ireland","IRE","IRL",188,5,"0","0","0","0","0","-","0"
1,"4zFxD0",1,555,2017,40,"Congo","COB","COG",90,"Ireland","IRE","IRL",186,5,"0","0","0","0","0","-","0"
1,"4zFxD0",1,556,2018,40,"Congo","COB","COG",90,"Ireland","IRE","IRL",16,10,"0","0","0","0","0","-","0"
1,"4zFxD0",1,557,2019,40,"Congo","COB","COG",90,"Ireland","IRE","IRL",14,5,"0","0","0","0","0","-","0"
1,"4zFxD0",1,558,2020,40,"Congo","COB","COG",90,"Ireland","IRE","IRL",14,5,"0","0","0","0","0","-","0"
1,"4zFxD0",1,559,2021,40,"Congo","COB","COG",90,"Ireland","IRE","IRL",15,5,"0","0","0","0","0","-","0"
1,"4zFxD0",1,560,2022,40,"Congo","COB","COG",90,"Ireland","IRE","IRL",13,5,"0","0","0","0","0","-","0"
1,"4zFxD0",1,561,2023,40,"Congo","COB","COG",90,"Ireland","IRE","IRL",11,9,"0","0","0","0","0","-","0"
1,"4zFxD0",1,562,2024,40,"Congo","COB","COG",90,"Ireland","IRE","IRL",9,9,"0","0","0","0","0","-","0"
1,"4zFxD0",1,563,2025,40,"Congo","COB","COG",90,"Ireland","IRE","IRL",9,7,"0","0","0","0","0","-","0"
1,"4zFxD0",1,564,1999,41,"Dem. Rep. of the Congo","COD","COD",90,"Ireland","IRE","IRL",83,"0","0","0","0","0","0","-","0"
1,"4zFxD0",1,565,2000,41,"Dem. Rep. of the Congo","COD","COD",90,"Ireland","IRE","IRL",56,"0","0","0","0","0","0","-","0"
1,"4zFxD0",1,566,2001,41,"Dem. Rep. of the Congo","COD","COD",90,"Ireland","IRE","IRL",170,"0","0","0","0","0","0","-","0"
1,"4zFxD0",1,567,2002,41,"Dem. Rep. of the Congo","COD","COD",90,"Ireland","IRE","IRL",352,"0","0","0","0","0","0","-","0"
1,"4zFxD0",1,568,2003,41,"Dem. Rep. of the Congo","COD","COD",90,"Ireland","IRE","IRL",356,364,"0","0","0","0","0","-","0"
1,"4zFxD0",1,569,2004,41,"Dem. Rep. of the Congo","COD","COD",90,"Ireland","IRE","IRL",410,258,"0","0","0","0","0","-","0"
1,"4zFxD0",1,570,2005,41,"Dem. Rep. of the Congo","COD","COD",90,"Ireland","IRE","IRL",443,"0","0","0","0","0","0","-","0"
1,"4zFxD0",1,571,2006,41,"Dem. Rep. of the Congo","COD","COD",90,"Ireland","IRE","IRL",470,158,"0","0","0","0","0","-","0"
1,"4zFxD0",1,572,2007,41,"Dem. Rep. of the Congo","COD","COD",90,"Ireland","IRE","IRL",603,207,"0","0","0","0","0","-","0"
1,"4zFxD0",1,573,2008,41,"Dem. Rep. of the Congo","COD","COD",90,"Ireland","IRE","IRL",601,251,"0","0","0","0","0","-","0"
1,"4zFxD0",1,574,2009,41,"Dem. Rep. of the Congo","COD","COD",90,"Ireland","IRE","IRL",541,173,"0","0","0","0","0","-","0"
1,"4zFxD0",1,575,2010,41,"Dem. Rep. of the Congo","COD","COD",90,"Ireland","IRE","IRL",511,363,"0","0","0","0","0","-","0"
1,"4zFxD0",1,576,2011,41,"Dem. Rep. of the Congo","COD","COD",90,"Ireland","IRE","IRL",412,243,"0","0","0","0","0","-","0"
1,"4zFxD0",1,577,2012,41,"Dem. Rep. of the Congo","COD","COD",90,"Ireland","IRE","IRL",227,268,"0","0","0","0","0","-","0"
1,"4zFxD0",1,578,2013,41,"Dem. Rep. of the Congo","COD","COD",90,"Ireland","IRE","IRL",260,269,"0","0","0","0","0","-","0"
1,"4zFxD0",1,579,2014,41,"Dem. Rep. of the Congo","COD","COD",90,"Ireland","IRE","IRL",345,253,"0","0","0","0","0","-","0"
1,"4zFxD0",1,580,2015,41,"Dem. Rep. of the Congo","COD","COD",90,"Ireland","IRE","IRL",351,195,"0","0","0","0","0","-","0"
1,"4zFxD0",1,581,2016,41,"Dem. Rep. of the Congo","COD","COD",90,"Ireland","IRE","IRL",385,174,"0","0","0","0","0","-","0"
1,"4zFxD0",1,582,2017,41,"Dem. Rep. of the Congo","COD","COD",90,"Ireland","IRE","IRL",396,244,"0","0","0","0","0","-","0"
1,"4zFxD0",1,583,2018,41,"Dem. Rep. of the Congo","COD","COD",90,"Ireland","IRE","IRL",302,278,"0","0","0","0","0","-","0"
1,"4zFxD0",1,584,2019,41,"Dem. Rep. of the Congo","COD","COD",90,"Ireland","IRE","IRL",376,222,"0","0","0","0","0","-","0"
1,"4zFxD0",1,585,2020,41,"Dem. Rep. of the Congo","COD","COD",90,"Ireland","IRE","IRL",435,178,"0","0","0","0","0","-","0"
1,"4zFxD0",1,586,2021,41,"Dem. Rep. of the Congo","COD","COD",90,"Ireland","IRE","IRL",458,132,"0","0","0","0","0","-","0"
1,"4zFxD0",1,587,2022,41,"Dem. Rep. of the Congo","COD","COD",90,"Ireland","IRE","IRL",427,215,"0","0","0","0","0","-","0"
1,"4zFxD0",1,588,2023,41,"Dem. Rep. of the Congo","COD","COD",90,"Ireland","IRE","IRL",416,322,"0","0","0","0","0","-","0"
1,"4zFxD0",1,589,2024,41,"Dem. Rep. of the Congo","COD","COD",90,"Ireland","IRE","IRL",395,396,"0","0","0","0","0","-","0"
1,"4zFxD0",1,590,2025,41,"Dem. Rep. of the Congo","COD","COD",90,"Ireland","IRE","IRL",422,390,"0","0","0","0","0","-","0"
1,"4zFxD0",1,591,2021,44,"Colombia","COL","COL",90,"Ireland","IRE","IRL","0",5,"0","0","0","0","0","-","0"
1,"4zFxD0",1,592,2023,44,"Colombia","COL","COL",90,"Ireland","IRE","IRL",5,12,"0","0","0","0","0","-","0"
1,"4zFxD0",1,593,2024,44,"Colombia","COL","COL",90,"Ireland","IRE","IRL",8,11,"0","0","0","0","0","-","0"
1,"4zFxD0",1,594,2025,44,"Colombia","COL","COL",90,"Ireland","IRE","IRL",8,17,"0","0","0","0","0","-","0"
1,"4zFxD0",1,595,2023,45,"Costa Rica","COS","CRI",90,"Ireland","IRE","IRL",5,5,"0","0","0","0","0","-","0"
1,"4zFxD0",1,596,2024,45,"Costa Rica","COS","CRI",90,"Ireland","IRE","IRL",5,5,"0","0","0","0","0","-","0"
1,"4zFxD0",1,597,2025,45,"Costa Rica","COS","CRI",90,"Ireland","IRE","IRL",5,11,"0","0","0","0","0","-","0"
1,"4zFxD0",1,598,1999,46,"Cuba","CUB","CUB",90,"Ireland","IRE","IRL",5,"0","0","0","0","0","0","-","0"
1,"4zFxD0",1,599,2000,46,"Cuba","CUB","CUB",90,"Ireland","IRE","IRL",5,"0","0","0","0","0","0","-","0"
1,"4zFxD0",1,600,2001,46,"Cuba","CUB","CUB",90,"Ireland","IRE","IRL",5,"0","0","0","0","0","0","-","0"
1,"4zFxD0",1,601,2002,46,"Cuba","CUB","CUB",90,"Ireland","IRE","IRL",5,"0","0","0","0","0","0","-","0"
1,"4zFxD0",1,602,2003,46,"Cuba","CUB","CUB",90,"Ireland","IRE","IRL",5,"0","0","0","0","0","0","-","0"
1,"4zFxD0",1,603,2004,46,"Cuba","CUB","CUB",90,"Ireland","IRE","IRL",5,"0","0","0","0","0","0","-","0"
1,"4zFxD0",1,604,2005,46,"Cuba","CUB","CUB",90,"Ireland","IRE","IRL",8,"0","0","0","0","0","0","-","0"
1,"4zFxD0",1,605,2006,46,"Cuba","CUB","CUB",90,"Ireland","IRE","IRL",8,"0","0","0","0","0","0","-","0"
1,"4zFxD0",1,606,2007,46,"Cuba","CUB","CUB",90,"Ireland","IRE","IRL",11,"0","0","0","0","0","0","-","0"
1,"4zFxD0",1,607,2008,46,"Cuba","CUB","CUB",90,"Ireland","IRE","IRL",10,"0","0","0","0","0","0","-","0"
1,"4zFxD0",1,608,2009,46,"Cuba","CUB","CUB",90,"Ireland","IRE","IRL",8,"0","0","0","0","0","0","-","0"
1,"4zFxD0",1,609,2010,46,"Cuba","CUB","CUB",90,"Ireland","IRE","IRL",7,"0","0","0","0","0","0","-","0"
1,"4zFxD0",1,610,2011,46,"Cuba","CUB","CUB",90,"Ireland","IRE","IRL",7,"0","0","0","0","0","0","-","0"
1,"4zFxD0",1,611,2012,46,"Cuba","CUB","CUB",90,"Ireland","IRE","IRL",7,"0","0","0","0","0","0","-","0"
1,"4zFxD0",1,612,2013,46,"Cuba","CUB","CUB",90,"Ireland","IRE","IRL",22,"0","0","0","0","0","0","-","0"
1,"4zFxD0",1,613,2014,46,"Cuba","CUB","CUB",90,"Ireland","IRE","IRL",22,"0","0","0","0","0","0","-","0"
1,"4zFxD0",1,614,2015,46,"Cuba","CUB","CUB",90,"Ireland","IRE","IRL",22,"0","0","0","0","0","0","-","0"
1,"4zFxD0",1,615,2016,46,"Cuba","CUB","CUB",90,"Ireland","IRE","IRL",22,"0","0","0","0","0","0","-","0"
1,"4zFxD0",1,616,2017,46,"Cuba","CUB","CUB",90,"Ireland","IRE","IRL",22,5,"0","0","0","0","0","-","0"
1,"4zFxD0",1,617,2018,46,"Cuba","CUB","CUB",90,"Ireland","IRE","IRL",5,"0","0","0","0","0","0","-","0"
1,"4zFxD0",1,618,2019,46,"Cuba","CUB","CUB",90,"Ireland","IRE","IRL",5,"0","0","0","0","0","0","-","0"
1,"4zFxD0",1,619,2020,46,"Cuba","CUB","CUB",90,"Ireland","IRE","IRL",5,"0","0","0","0","0","0","-","0"
1,"4zFxD0",1,620,2021,46,"Cuba","CUB","CUB",90,"Ireland","IRE","IRL",5,"0","0","0","0","0","0","-","0"
1,"4zFxD0",1,621,2022,46,"Cuba","CUB","CUB",90,"Ireland","IRE","IRL",6,"0","0","0","0","0","0","-","0"
1,"4zFxD0",1,622,2023,46,"Cuba","CUB","CUB",90,"Ireland","IRE","IRL",8,"0","0","0","0","0","0","-","0"
1,"4zFxD0",1,623,2024,46,"Cuba","CUB","CUB",90,"Ireland","IRE","IRL",6,"0","0","0","0","0","0","-","0"
1,"4zFxD0",1,624,2025,46,"Cuba","CUB","CUB",90,"Ireland","IRE","IRL",6,5,"0","0","0","0","0","-","0"
1,"4zFxD0",1,625,2013,47,"Cabo Verde","CVI","CPV",90,"Ireland","IRE","IRL","0",5,"0","0","0","0","0","-","0"
1,"4zFxD0",1,626,2014,47,"Cabo Verde","CVI","CPV",90,"Ireland","IRE","IRL","0",5,"0","0","0","0","0","-","0"
1,"4zFxD0",1,627,2000,49,"Czechia","CZE","CZE",90,"Ireland","IRE","IRL",5,"0","0","0","0","0","0","-","0"
1,"4zFxD0",1,628,2001,49,"Czechia","CZE","CZE",90,"Ireland","IRE","IRL",31,"0","0","0","0","0","0","-","0"
1,"4zFxD0",1,629,2002,49,"Czechia","CZE","CZE",90,"Ireland","IRE","IRL",80,"0","0","0","0","0","0","-","0"
1,"4zFxD0",1,630,2003,49,"Czechia","CZE","CZE",90,"Ireland","IRE","IRL",102,125,"0","0","0","0","0","-","0"
1,"4zFxD0",1,631,2004,49,"Czechia","CZE","CZE",90,"Ireland","IRE","IRL",125,"0","0","0","0","0","0","-","0"
1,"4zFxD0",1,632,2005,49,"Czechia","CZE","CZE",90,"Ireland","IRE","IRL",125,"0","0","0","0","0","0","-","0"
1,"4zFxD0",1,633,2006,49,"Czechia","CZE","CZE",90,"Ireland","IRE","IRL",125,"0","0","0","0","0","0","-","0"
1,"4zFxD0",1,634,2007,49,"Czechia","CZE","CZE",90,"Ireland","IRE","IRL",125,"0","0","0","0","0","0","-","0"
1,"4zFxD0",1,635,2008,49,"Czechia","CZE","CZE",90,"Ireland","IRE","IRL",125,"0","0","0","0","0","0","-","0"
1,"4zFxD0",1,636,2009,49,"Czechia","CZE","CZE",90,"Ireland","IRE","IRL",125,"0","0","0","0","0","0","-","0"
1,"4zFxD0",1,637,2010,49,"Czechia","CZE","CZE",90,"Ireland","IRE","IRL",120,"0","0","0","0","0","0","-","0"
1,"4zFxD0",1,638,2011,49,"Czechia","CZE","CZE",90,"Ireland","IRE","IRL",94,"0","0","0","0","0","0","-","0"
1,"4zFxD0",1,639,2012,49,"Czechia","CZE","CZE",90,"Ireland","IRE","IRL",45,"0","0","0","0","0","0","-","0"
1,"4zFxD0",1,640,2013,49,"Czechia","CZE","CZE",90,"Ireland","IRE","IRL",102,"0","0","0","0","0","0","-","0"
1,"4zFxD0",1,641,2014,49,"Czechia","CZE","CZE",90,"Ireland","IRE","IRL",100,"0","0","0","0","0","0","-","0"
1,"4zFxD0",1,642,2015,49,"Czechia","CZE","CZE",90,"Ireland","IRE","IRL",100,"0","0","0","0","0","0","-","0"
1,"4zFxD0",1,643,2023,51,"Djibouti","DJB","DJI",90,"Ireland","IRE","IRL","0",6,"0","0","0","0","0","-","0"
1,"4zFxD0",1,644,2024,51,"Djibouti","DJB","DJI",90,"Ireland","IRE","IRL","0",7,"0","0","0","0","0","-","0"
1,"4zFxD0",1,645,2025,51,"Djibouti","DJB","DJI",90,"Ireland","IRE","IRL","0",6,"0","0","0","0","0","-","0"
1,"4zFxD0",1,646,2022,52,"Dominica","DMA","DMA",90,"Ireland","IRE","IRL","0",5,"0","0","0","0","0","-","0"
1,"4zFxD0",1,647,2024,52,"Dominica","DMA","DMA",90,"Ireland","IRE","IRL","0",5,"0","0","0","0","0","-","0"
1,"4zFxD0",1,648,2025,52,"Dominica","DMA","DMA",90,"Ireland","IRE","IRL",5,"0","0","0","0","0","0","-","0"
1,"4zFxD0",1,649,2019,53,"Dominican Rep.","DOM","DOM",90,"Ireland","IRE","IRL","0",5,"0","0","0","0","0","-","0"
1,"4zFxD0",1,650,2022,53,"Dominican Rep.","DOM","DOM",90,"Ireland","IRE","IRL","0",5,"0","0","0","0","0","-","0"
1,"4zFxD0",1,651,2023,53,"Dominican Rep.","DOM","DOM",90,"Ireland","IRE","IRL","0",5,"0","0","0","0","0","-","0"
1,"4zFxD0",1,652,2024,54,"Ecuador","ECU","ECU",90,"Ireland","IRE","IRL","0",7,"0","0","0","0","0","-","0"
1,"4zFxD0",1,653,2025,54,"Ecuador","ECU","ECU",90,"Ireland","IRE","IRL",9,"0","0","0","0","0","0","-","0"
1,"4zFxD0",1,654,2000,56,"Eritrea","ERT","ERI",90,"Ireland","IRE","IRL",5,"0","0","0","0","0","0","-","0"
1,"4zFxD0",1,655,2001,56,"Eritrea","ERT","ERI",90,"Ireland","IRE","IRL",7,"0","0","0","0","0","0","-","0"
1,"4zFxD0",1,656,2002,56,"Eritrea","ERT","ERI",90,"Ireland","IRE","IRL",7,"0","0","0","0","0","0","-","0"
1,"4zFxD0",1,657,2003,56,"Eritrea","ERT","ERI",90,"Ireland","IRE","IRL",8,21,"0","0","0","0","0","-","0"
1,"4zFxD0",1,658,2004,56,"Eritrea","ERT","ERI",90,"Ireland","IRE","IRL",21,29,"0","0","0","0","0","-","0"
1,"4zFxD0",1,659,2005,56,"Eritrea","ERT","ERI",90,"Ireland","IRE","IRL",48,"0","0","0","0","0","0","-","0"
1,"4zFxD0",1,660,2006,56,"Eritrea","ERT","ERI",90,"Ireland","IRE","IRL",55,35,"0","0","0","0","0","-","0"
1,"4zFxD0",1,661,2007,56,"Eritrea","ERT","ERI",90,"Ireland","IRE","IRL",85,51,"0","0","0","0","0","-","0"
1,"4zFxD0",1,662,2008,56,"Eritrea","ERT","ERI",90,"Ireland","IRE","IRL",105,53,"0","0","0","0","0","-","0"
1,"4zFxD0",1,663,2009,56,"Eritrea","ERT","ERI",90,"Ireland","IRE","IRL",118,23,"0","0","0","0","0","-","0"
1,"4zFxD0",1,664,2010,56,"Eritrea","ERT","ERI",90,"Ireland","IRE","IRL",121,44,"0","0","0","0","0","-","0"
1,"4zFxD0",1,665,2011,56,"Eritrea","ERT","ERI",90,"Ireland","IRE","IRL",119,39,"0","0","0","0","0","-","0"
1,"4zFxD0",1,666,2012,56,"Eritrea","ERT","ERI",90,"Ireland","IRE","IRL",119,38,"0","0","0","0","0","-","0"
1,"4zFxD0",1,667,2013,56,"Eritrea","ERT","ERI",90,"Ireland","IRE","IRL",39,48,"0","0","0","0","0","-","0"
1,"4zFxD0",1,668,2014,56,"Eritrea","ERT","ERI",90,"Ireland","IRE","IRL",42,28,"0","0","0","0","0","-","0"
1,"4zFxD0",1,669,2015,56,"Eritrea","ERT","ERI",90,"Ireland","IRE","IRL",45,11,"0","0","0","0","0","-","0"
1,"4zFxD0",1,670,2016,56,"Eritrea","ERT","ERI",90,"Ireland","IRE","IRL",47,5,"0","0","0","0","0","-","0"
1,"4zFxD0",1,671,2017,56,"Eritrea","ERT","ERI",90,"Ireland","IRE","IRL",48,8,"0","0","0","0","0","-","0"
1,"4zFxD0",1,672,2018,56,"Eritrea","ERT","ERI",90,"Ireland","IRE","IRL",47,32,"0","0","0","0","0","-","0"
1,"4zFxD0",1,673,2019,56,"Eritrea","ERT","ERI",90,"Ireland","IRE","IRL",69,13,"0","0","0","0","0","-","0"
1,"4zFxD0",1,674,2020,56,"Eritrea","ERT","ERI",90,"Ireland","IRE","IRL",84,10,"0","0","0","0","0","-","0"
1,"4zFxD0",1,675,2021,56,"Eritrea","ERT","ERI",90,"Ireland","IRE","IRL",96,15,"0","0","0","0","0","-","0"
1,"4zFxD0",1,676,2022,56,"Eritrea","ERT","ERI",90,"Ireland","IRE","IRL",104,30,"0","0","0","0","0","-","0"
1,"4zFxD0",1,677,2023,56,"Eritrea","ERT","ERI",90,"Ireland","IRE","IRL",101,38,"0","0","0","0","0","-","0"
1,"4zFxD0",1,678,2024,56,"Eritrea","ERT","ERI",90,"Ireland","IRE","IRL",82,33,"0","0","0","0","0","-","0"
1,"4zFxD0",1,679,2025,56,"Eritrea","ERT","ERI",90,"Ireland","IRE","IRL",85,32,"0","0","0","0","0","-","0"
1,"4zFxD0",1,680,2003,57,"Estonia","EST","EST",90,"Ireland","IRE","IRL",10,22,"0","0","0","0","0","-","0"
1,"4zFxD0",1,681,2004,57,"Estonia","EST","EST",90,"Ireland","IRE","IRL",12,"0","0","0","0","0","0","-","0"
1,"4zFxD0",1,682,2005,57,"Estonia","EST","EST",90,"Ireland","IRE","IRL",12,"0","0","0","0","0","0","-","0"
1,"4zFxD0",1,683,2006,57,"Estonia","EST","EST",90,"Ireland","IRE","IRL",12,"0","0","0","0","0","0","-","0"
1,"4zFxD0",1,684,2007,57,"Estonia","EST","EST",90,"Ireland","IRE","IRL",12,"0","0","0","0","0","0","-","0"
1,"4zFxD0",1,685,2008,57,"Estonia","EST","EST",90,"Ireland","IRE","IRL",12,"0","0","0","0","0","0","-","0"
1,"4zFxD0",1,686,2009,57,"Estonia","EST","EST",90,"Ireland","IRE","IRL",12,"0","0","0","0","0","0","-","0"
1,"4zFxD0",1,687,2010,57,"Estonia","EST","EST",90,"Ireland","IRE","IRL",12,"0","0","0","0","0","0","-","0"
1,"4zFxD0",1,688,2011,57,"Estonia","EST","EST",90,"Ireland","IRE","IRL",12,"0","0","0","0","0","0","-","0"
1,"4zFxD0",1,689,2012,57,"Estonia","EST","EST",90,"Ireland","IRE","IRL",12,"0","0","0","0","0","0","-","0"
1,"4zFxD0",1,690,2013,57,"Estonia","EST","EST",90,"Ireland","IRE","IRL",7,"0","0","0","0","0","0","-","0"
1,"4zFxD0",1,691,2014,57,"Estonia","EST","EST",90,"Ireland","IRE","IRL",7,"0","0","0","0","0","0","-","0"
1,"4zFxD0",1,692,2015,57,"Estonia","EST","EST",90,"Ireland","IRE","IRL",7,"0","0","0","0","0","0","-","0"
1,"4zFxD0",1,693,1999,58,"Ethiopia","ETH","ETH",90,"Ireland","IRE","IRL",5,"0","0","0","0","0","0","-","0"
1,"4zFxD0",1,694,2000,58,"Ethiopia","ETH","ETH",90,"Ireland","IRE","IRL",6,"0","0","0","0","0","0","-","0"
1,"4zFxD0",1,695,2001,58,"Ethiopia","ETH","ETH",90,"Ireland","IRE","IRL",7,"0","0","0","0","0","0","-","0"
1,"4zFxD0",1,696,2002,58,"Ethiopia","ETH","ETH",90,"Ireland","IRE","IRL",10,"0","0","0","0","0","0","-","0"
1,"4zFxD0",1,697,2003,58,"Ethiopia","ETH","ETH",90,"Ireland","IRE","IRL",27,12,"0","0","0","0","0","-","0"
1,"4zFxD0",1,698,2004,58,"Ethiopia","ETH","ETH",90,"Ireland","IRE","IRL",31,31,"0","0","0","0","0","-","0"
1,"4zFxD0",1,699,2005,58,"Ethiopia","ETH","ETH",90,"Ireland","IRE","IRL",42,"0","0","0","0","0","0","-","0"
1,"4zFxD0",1,700,2006,58,"Ethiopia","ETH","ETH",90,"Ireland","IRE","IRL",53,29,"0","0","0","0","0","-","0"
1,"4zFxD0",1,701,2007,58,"Ethiopia","ETH","ETH",90,"Ireland","IRE","IRL",52,33,"0","0","0","0","0","-","0"
1,"4zFxD0",1,702,2008,58,"Ethiopia","ETH","ETH",90,"Ireland","IRE","IRL",58,17,"0","0","0","0","0","-","0"
1,"4zFxD0",1,703,2009,58,"Ethiopia","ETH","ETH",90,"Ireland","IRE","IRL",65,13,"0","0","0","0","0","-","0"
1,"4zFxD0",1,704,2010,58,"Ethiopia","ETH","ETH",90,"Ireland","IRE","IRL",64,33,"0","0","0","0","0","-","0"
1,"4zFxD0",1,705,2011,58,"Ethiopia","ETH","ETH",90,"Ireland","IRE","IRL",64,32,"0","0","0","0","0","-","0"
1,"4zFxD0",1,706,2012,58,"Ethiopia","ETH","ETH",90,"Ireland","IRE","IRL",58,34,"0","0","0","0","0","-","0"
1,"4zFxD0",1,707,2013,58,"Ethiopia","ETH","ETH",90,"Ireland","IRE","IRL",29,27,"0","0","0","0","0","-","0"
1,"4zFxD0",1,708,2014,58,"Ethiopia","ETH","ETH",90,"Ireland","IRE","IRL",41,16,"0","0","0","0","0","-","0"
1,"4zFxD0",1,709,2015,58,"Ethiopia","ETH","ETH",90,"Ireland","IRE","IRL",38,18,"0","0","0","0","0","-","0"
1,"4zFxD0",1,710,2016,58,"Ethiopia","ETH","ETH",90,"Ireland","IRE","IRL",42,"0","0","0","0","0","0","-","0"
1,"4zFxD0",1,711,2017,58,"Ethiopia","ETH","ETH",90,"Ireland","IRE","IRL",42,10,"0","0","0","0","0","-","0"
1,"4zFxD0",1,712,2018,58,"Ethiopia","ETH","ETH",90,"Ireland","IRE","IRL",32,18,"0","0","0","0","0","-","0"
1,"4zFxD0",1,713,2019,58,"Ethiopia","ETH","ETH",90,"Ireland","IRE","IRL",34,16,"0","0","0","0","0","-","0"
1,"4zFxD0",1,714,2020,58,"Ethiopia","ETH","ETH",90,"Ireland","IRE","IRL",36,19,"0","0","0","0","0","-","0"
1,"4zFxD0",1,715,2021,58,"Ethiopia","ETH","ETH",90,"Ireland","IRE","IRL",58,23,"0","0","0","0","0","-","0"
1,"4zFxD0",1,716,2022,58,"Ethiopia","ETH","ETH",90,"Ireland","IRE","IRL",90,63,"0","0","0","0","0","-","0"
1,"4zFxD0",1,717,2023,58,"Ethiopia","ETH","ETH",90,"Ireland","IRE","IRL",124,65,"0","0","0","0","0","-","0"
1,"4zFxD0",1,718,2024,58,"Ethiopia","ETH","ETH",90,"Ireland","IRE","IRL",131,67,"0","0","0","0","0","-","0"
1,"4zFxD0",1,719,2025,58,"Ethiopia","ETH","ETH",90,"Ireland","IRE","IRL",144,59,"0","0","0","0","0","-","0"
1,"4zFxD0",1,720,2003,68,"Gambia","GAM","GMB",90,"Ireland","IRE","IRL",5,9,"0","0","0","0","0","-","0"
1,"4zFxD0",1,721,2004,68,"Gambia","GAM","GMB",90,"Ireland","IRE","IRL",5,5,"0","0","0","0","0","-","0"
1,"4zFxD0",1,722,2005,68,"Gambia","GAM","GMB",90,"Ireland","IRE","IRL",5,"0","0","0","0","0","0","-","0"
1,"4zFxD0",1,723,2006,68,"Gambia","GAM","GMB",90,"Ireland","IRE","IRL",6,5,"0","0","0","0","0","-","0"
1,"4zFxD0",1,724,2007,68,"Gambia","GAM","GMB",90,"Ireland","IRE","IRL",7,10,"0","0","0","0","0","-","0"
1,"4zFxD0",1,725,2008,68,"Gambia","GAM","GMB",90,"Ireland","IRE","IRL",7,5,"0","0","0","0","0","-","0"
1,"4zFxD0",1,726,2009,68,"Gambia","GAM","GMB",90,"Ireland","IRE","IRL",7,"0","0","0","0","0","0","-","0"
1,"4zFxD0",1,727,2010,68,"Gambia","GAM","GMB",90,"Ireland","IRE","IRL",7,9,"0","0","0","0","0","-","0"
1,"4zFxD0",1,728,2011,68,"Gambia","GAM","GMB",90,"Ireland","IRE","IRL",5,9,"0","0","0","0","0","-","0"
1,"4zFxD0",1,729,2012,68,"Gambia","GAM","GMB",90,"Ireland","IRE","IRL",5,9,"0","0","0","0","0","-","0"
1,"4zFxD0",1,730,2013,68,"Gambia","GAM","GMB",90,"Ireland","IRE","IRL","0",5,"0","0","0","0","0","-","0"
1,"4zFxD0",1,731,2014,68,"Gambia","GAM","GMB",90,"Ireland","IRE","IRL","0",5,"0","0","0","0","0","-","0"
1,"4zFxD0",1,732,2015,68,"Gambia","GAM","GMB",90,"Ireland","IRE","IRL","0",5,"0","0","0","0","0","-","0"
1,"4zFxD0",1,733,2016,68,"Gambia","GAM","GMB",90,"Ireland","IRE","IRL",5,"0","0","0","0","0","0","-","0"
1,"4zFxD0",1,734,2017,68,"Gambia","GAM","GMB",90,"Ireland","IRE","IRL",5,5,"0","0","0","0","0","-","0"
1,"4zFxD0",1,735,2018,68,"Gambia","GAM","GMB",90,"Ireland","IRE","IRL","0",10,"0","0","0","0","0","-","0"
1,"4zFxD0",1,736,2019,68,"Gambia","GAM","GMB",90,"Ireland","IRE","IRL","0",5,"0","0","0","0","0","-","0"
1,"4zFxD0",1,737,2020,68,"Gambia","GAM","GMB",90,"Ireland","IRE","IRL","0",10,"0","0","0","0","0","-","0"
1,"4zFxD0",1,738,2021,68,"Gambia","GAM","GMB",90,"Ireland","IRE","IRL","0",6,"0","0","0","0","0","-","0"
1,"4zFxD0",1,739,2022,68,"Gambia","GAM","GMB",90,"Ireland","IRE","IRL",5,5,"0","0","0","0","0","-","0"
1,"4zFxD0",1,740,2023,68,"Gambia","GAM","GMB",90,"Ireland","IRE","IRL",5,17,"0","0","0","0","0","-","0"
1,"4zFxD0",1,741,2024,68,"Gambia","GAM","GMB",90,"Ireland","IRE","IRL",9,11,"0","0","0","0","0","-","0"
1,"4zFxD0",1,742,2025,68,"Gambia","GAM","GMB",90,"Ireland","IRE","IRL",10,13,"0","0","0","0","0","-","0"
1,"4zFxD0",1,743,1999,69,"Palestinian","GAZ","PSE",90,"Ireland","IRE","IRL",5,"0","0","0","0","0","0","-","0"
1,"4zFxD0",1,744,2000,69,"Palestinian","GAZ","PSE",90,"Ireland","IRE","IRL",8,"0","0","0","0","0","0","-","0"
1,"4zFxD0",1,745,2001,69,"Palestinian","GAZ","PSE",90,"Ireland","IRE","IRL",9,"0","0","0","0","0","0","-","0"
1,"4zFxD0",1,746,2002,69,"Palestinian","GAZ","PSE",90,"Ireland","IRE","IRL",23,"0","0","0","0","0","0","-","0"
1,"4zFxD0",1,747,2003,69,"Palestinian","GAZ","PSE",90,"Ireland","IRE","IRL",32,33,"0","0","0","0","0","-","0"
1,"4zFxD0",1,748,2004,69,"Palestinian","GAZ","PSE",90,"Ireland","IRE","IRL",59,32,"0","0","0","0","0","-","0"
1,"4zFxD0",1,749,2005,69,"Palestinian","GAZ","PSE",90,"Ireland","IRE","IRL",73,"0","0","0","0","0","0","-","0"
1,"4zFxD0",1,750,2006,69,"Palestinian","GAZ","PSE",90,"Ireland","IRE","IRL",81,34,"0","0","0","0","0","-","0"
1,"4zFxD0",1,751,2007,69,"Palestinian","GAZ","PSE",90,"Ireland","IRE","IRL",95,47,"0","0","0","0","0","-","0"
1,"4zFxD0",1,752,2008,69,"Palestinian","GAZ","PSE",90,"Ireland","IRE","IRL",112,39,"0","0","0","0","0","-","0"
1,"4zFxD0",1,753,2009,69,"Palestinian","GAZ","PSE",90,"Ireland","IRE","IRL",116,24,"0","0","0","0","0","-","0"
1,"4zFxD0",1,754,2010,69,"Palestinian","GAZ","PSE",90,"Ireland","IRE","IRL",120,31,"0","0","0","0","0","-","0"
1,"4zFxD0",1,755,2011,69,"Palestinian","GAZ","PSE",90,"Ireland","IRE","IRL",127,23,"0","0","0","0","0","-","0"
1,"4zFxD0",1,756,2012,69,"Palestinian","GAZ","PSE",90,"Ireland","IRE","IRL",119,29,"0","0","0","0","0","-","0"
1,"4zFxD0",1,757,2013,69,"Palestinian","GAZ","PSE",90,"Ireland","IRE","IRL",82,16,"0","0","0","0","0","-","0"
1,"4zFxD0",1,758,2014,69,"Palestinian","GAZ","PSE",90,"Ireland","IRE","IRL",84,10,"0","0","0","0","0","-","0"
1,"4zFxD0",1,759,2015,69,"Palestinian","GAZ","PSE",90,"Ireland","IRE","IRL",89,10,"0","0","0","0","0","-","0"
1,"4zFxD0",1,760,2016,69,"Palestinian","GAZ","PSE",90,"Ireland","IRE","IRL",90,12,"0","0","0","0","0","-","0"
1,"4zFxD0",1,761,2017,69,"Palestinian","GAZ","PSE",90,"Ireland","IRE","IRL",94,26,"0","0","0","0","0","-","0"
1,"4zFxD0",1,762,2018,69,"Palestinian","GAZ","PSE",90,"Ireland","IRE","IRL",78,46,"0","0","0","0","0","-","0"
1,"4zFxD0",1,763,2019,69,"Palestinian","GAZ","PSE",90,"Ireland","IRE","IRL",117,52,"0","0","0","0","0","-","0"
1,"4zFxD0",1,764,2020,69,"Palestinian","GAZ","PSE",90,"Ireland","IRE","IRL",138,32,"0","0","0","0","0","-","0"
1,"4zFxD0",1,765,2021,69,"Palestinian","GAZ","PSE",90,"Ireland","IRE","IRL",130,24,"0","0","0","0","0","-","0"
1,"4zFxD0",1,766,2022,69,"Palestinian","GAZ","PSE",90,"Ireland","IRE","IRL",130,38,"0","0","0","0","0","-","0"
1,"4zFxD0",1,767,2023,69,"Palestinian","GAZ","PSE",90,"Ireland","IRE","IRL",125,124,"0","0","0","0","0","-","0"
1,"4zFxD0",1,768,2024,69,"Palestinian","GAZ","PSE",90,"Ireland","IRE","IRL",148,961,"0","0","0","0","0","-","0"
1,"4zFxD0",1,769,2025,69,"Palestinian","GAZ","PSE",90,"Ireland","IRE","IRL",321,746,"0","0","0","0","0","-","0"
1,"4zFxD0",1,770,2003,70,"United Kingdom of Great Britain and Northern Ireland","GBR","GBR",90,"Ireland","IRE","IRL",8,"0","0","0","0","0","0","-","0"
1,"4zFxD0",1,771,2004,70,"United Kingdom of Great Britain and Northern Ireland","GBR","GBR",90,"Ireland","IRE","IRL",8,"0","0","0","0","0","0","-","0"
1,"4zFxD0",1,772,2005,70,"United Kingdom of Great Britain and Northern Ireland","GBR","GBR",90,"Ireland","IRE","IRL",8,"0","0","0","0","0","0","-","0"
1,"4zFxD0",1,773,2006,70,"United Kingdom of Great Britain and Northern Ireland","GBR","GBR",90,"Ireland","IRE","IRL",8,"0","0","0","0","0","0","-","0"
1,"4zFxD0",1,774,2007,70,"United Kingdom of Great Britain and Northern Ireland","GBR","GBR",90,"Ireland","IRE","IRL",8,"0","0","0","0","0","0","-","0"
1,"4zFxD0",1,775,2008,70,"United Kingdom of Great Britain and Northern Ireland","GBR","GBR",90,"Ireland","IRE","IRL",8,"0","0","0","0","0","0","-","0"
1,"4zFxD0",1,776,2009,70,"United Kingdom of Great Britain and Northern Ireland","GBR","GBR",90,"Ireland","IRE","IRL",8,"0","0","0","0","0","0","-","0"
1,"4zFxD0",1,777,2010,70,"United Kingdom of Great Britain and Northern Ireland","GBR","GBR",90,"Ireland","IRE","IRL",8,"0","0","0","0","0","0","-","0"
1,"4zFxD0",1,778,2011,70,"United Kingdom of Great Britain and Northern Ireland","GBR","GBR",90,"Ireland","IRE","IRL",8,"0","0","0","0","0","0","-","0"
1,"4zFxD0",1,779,2012,70,"United Kingdom of Great Britain and Northern Ireland","GBR","GBR",90,"Ireland","IRE","IRL",8,"0","0","0","0","0","0","-","0"
1,"4zFxD0",1,780,2019,70,"United Kingdom of Great Britain and Northern Ireland","GBR","GBR",90,"Ireland","IRE","IRL","0",5,"0","0","0","0","0","-","0"
1,"4zFxD0",1,781,2022,70,"United Kingdom of Great Britain and Northern Ireland","GBR","GBR",90,"Ireland","IRE","IRL","0",6,"0","0","0","0","0","-","0"
1,"4zFxD0",1,782,2023,70,"United Kingdom of Great Britain and Northern Ireland","GBR","GBR",90,"Ireland","IRE","IRL","0",13,"0","0","0","0","0","-","0"
1,"4zFxD0",1,783,2024,70,"United Kingdom of Great Britain and Northern Ireland","GBR","GBR",90,"Ireland","IRE","IRL",5,13,"0","0","0","0","0","-","0"
1,"4zFxD0",1,784,2025,70,"United Kingdom of Great Britain and Northern Ireland","GBR","GBR",90,"Ireland","IRE","IRL",5,17,"0","0","0","0","0","-","0"
1,"4zFxD0",1,785,2001,71,"Georgia","GEO","GEO",90,"Ireland","IRE","IRL",7,"0","0","0","0","0","0","-","0"
1,"4zFxD0",1,786,2002,71,"Georgia","GEO","GEO",90,"Ireland","IRE","IRL",30,"0","0","0","0","0","0","-","0"
1,"4zFxD0",1,787,2003,71,"Georgia","GEO","GEO",90,"Ireland","IRE","IRL",51,160,"0","0","0","0","0","-","0"
1,"4zFxD0",1,788,2004,71,"Georgia","GEO","GEO",90,"Ireland","IRE","IRL",74,146,"0","0","0","0","0","-","0"
1,"4zFxD0",1,789,2005,71,"Georgia","GEO","GEO",90,"Ireland","IRE","IRL",119,"0","0","0","0","0","0","-","0"
1,"4zFxD0",1,790,2006,71,"Georgia","GEO","GEO",90,"Ireland","IRE","IRL",145,135,"0","0","0","0","0","-","0"
1,"4zFxD0",1,791,2007,71,"Georgia","GEO","GEO",90,"Ireland","IRE","IRL",159,179,"0","0","0","0","0","-","0"
1,"4zFxD0",1,792,2008,71,"Georgia","GEO","GEO",90,"Ireland","IRE","IRL",165,214,"0","0","0","0","0","-","0"
1,"4zFxD0",1,793,2009,71,"Georgia","GEO","GEO",90,"Ireland","IRE","IRL",169,52,"0","0","0","0","0","-","0"
1,"4zFxD0",1,794,2010,71,"Georgia","GEO","GEO",90,"Ireland","IRE","IRL",172,199,"0","0","0","0","0","-","0"
1,"4zFxD0",1,795,2011,71,"Georgia","GEO","GEO",90,"Ireland","IRE","IRL",168,179,"0","0","0","0","0","-","0"
1,"4zFxD0",1,796,2012,71,"Georgia","GEO","GEO",90,"Ireland","IRE","IRL",150,172,"0","0","0","0","0","-","0"
1,"4zFxD0",1,797,2013,71,"Georgia","GEO","GEO",90,"Ireland","IRE","IRL",72,157,"0","0","0","0","0","-","0"
1,"4zFxD0",1,798,2014,71,"Georgia","GEO","GEO",90,"Ireland","IRE","IRL",70,76,"0","0","0","0","0","-","0"
1,"4zFxD0",1,799,2015,71,"Georgia","GEO","GEO",90,"Ireland","IRE","IRL",75,75,"0","0","0","0","0","-","0"
1,"4zFxD0",1,800,2016,71,"Georgia","GEO","GEO",90,"Ireland","IRE","IRL",70,89,"0","0","0","0","0","-","0"
1,"4zFxD0",1,801,2017,71,"Georgia","GEO","GEO",90,"Ireland","IRE","IRL",70,367,"0","0","0","0","0","-","0"
1,"4zFxD0",1,802,2018,71,"Georgia","GEO","GEO",90,"Ireland","IRE","IRL",66,648,"0","0","0","0","0","-","0"
1,"4zFxD0",1,803,2019,71,"Georgia","GEO","GEO",90,"Ireland","IRE","IRL",92,828,"0","0","0","0","0","-","0"
1,"4zFxD0",1,804,2020,71,"Georgia","GEO","GEO",90,"Ireland","IRE","IRL",132,646,"0","0","0","0","0","-","0"
1,"4zFxD0",1,805,2021,71,"Georgia","GEO","GEO",90,"Ireland","IRE","IRL",152,801,"0","0","0","0","0","-","0"
1,"4zFxD0",1,806,2022,71,"Georgia","GEO","GEO",90,"Ireland","IRE","IRL",214,3016,"0","0","0","0","0","-","0"
1,"4zFxD0",1,807,2023,71,"Georgia","GEO","GEO",90,"Ireland","IRE","IRL",475,3081,"0","0","0","0","0","-","0"
1,"4zFxD0",1,808,2024,71,"Georgia","GEO","GEO",90,"Ireland","IRE","IRL",687,2337,"0","0","0","0","0","-","0"
1,"4zFxD0",1,809,2025,71,"Georgia","GEO","GEO",90,"Ireland","IRE","IRL",853,1857,"0","0","0","0","0","-","0"
1,"4zFxD0",1,810,2001,73,"Ghana","GHA","GHA",90,"Ireland","IRE","IRL",5,"0","0","0","0","0","0","-","0"
1,"4zFxD0",1,811,2002,73,"Ghana","GHA","GHA",90,"Ireland","IRE","IRL",13,"0","0","0","0","0","0","-","0"
1,"4zFxD0",1,812,2003,73,"Ghana","GHA","GHA",90,"Ireland","IRE","IRL",25,156,"0","0","0","0","0","-","0"
1,"4zFxD0",1,813,2004,73,"Ghana","GHA","GHA",90,"Ireland","IRE","IRL",39,47,"0","0","0","0","0","-","0"
1,"4zFxD0",1,814,2005,73,"Ghana","GHA","GHA",90,"Ireland","IRE","IRL",44,"0","0","0","0","0","0","-","0"
1,"4zFxD0",1,815,2006,73,"Ghana","GHA","GHA",90,"Ireland","IRE","IRL",46,72,"0","0","0","0","0","-","0"
1,"4zFxD0",1,816,2007,73,"Ghana","GHA","GHA",90,"Ireland","IRE","IRL",49,96,"0","0","0","0","0","-","0"
1,"4zFxD0",1,817,2008,73,"Ghana","GHA","GHA",90,"Ireland","IRE","IRL",52,102,"0","0","0","0","0","-","0"
1,"4zFxD0",1,818,2009,73,"Ghana","GHA","GHA",90,"Ireland","IRE","IRL",56,82,"0","0","0","0","0","-","0"
1,"4zFxD0",1,819,2010,73,"Ghana","GHA","GHA",90,"Ireland","IRE","IRL",59,197,"0","0","0","0","0","-","0"
1,"4zFxD0",1,820,2011,73,"Ghana","GHA","GHA",90,"Ireland","IRE","IRL",54,162,"0","0","0","0","0","-","0"
1,"4zFxD0",1,821,2012,73,"Ghana","GHA","GHA",90,"Ireland","IRE","IRL",46,127,"0","0","0","0","0","-","0"
1,"4zFxD0",1,822,2013,73,"Ghana","GHA","GHA",90,"Ireland","IRE","IRL",25,119,"0","0","0","0","0","-","0"
1,"4zFxD0",1,823,2014,73,"Ghana","GHA","GHA",90,"Ireland","IRE","IRL",18,62,"0","0","0","0","0","-","0"
1,"4zFxD0",1,824,2015,73,"Ghana","GHA","GHA",90,"Ireland","IRE","IRL",20,48,"0","0","0","0","0","-","0"
1,"4zFxD0",1,825,2016,73,"Ghana","GHA","GHA",90,"Ireland","IRE","IRL",26,33,"0","0","0","0","0","-","0"
1,"4zFxD0",1,826,2017,73,"Ghana","GHA","GHA",90,"Ireland","IRE","IRL",26,47,"0","0","0","0","0","-","0"
1,"4zFxD0",1,827,2018,73,"Ghana","GHA","GHA",90,"Ireland","IRE","IRL",22,64,"0","0","0","0","0","-","0"
1,"4zFxD0",1,828,2019,73,"Ghana","GHA","GHA",90,"Ireland","IRE","IRL",24,74,"0","0","0","0","0","-","0"
1,"4zFxD0",1,829,2020,73,"Ghana","GHA","GHA",90,"Ireland","IRE","IRL",31,77,"0","0","0","0","0","-","0"
1,"4zFxD0",1,830,2021,73,"Ghana","GHA","GHA",90,"Ireland","IRE","IRL",36,70,"0","0","0","0","0","-","0"
1,"4zFxD0",1,831,2022,73,"Ghana","GHA","GHA",90,"Ireland","IRE","IRL",35,87,"0","0","0","0","0","-","0"
1,"4zFxD0",1,832,2023,73,"Ghana","GHA","GHA",90,"Ireland","IRE","IRL",44,149,"0","0","0","0","0","-","0"
1,"4zFxD0",1,833,2024,73,"Ghana","GHA","GHA",90,"Ireland","IRE","IRL",56,202,"0","0","0","0","0","-","0"
1,"4zFxD0",1,834,2025,73,"Ghana","GHA","GHA",90,"Ireland","IRE","IRL",71,205,"0","0","0","0","0","-","0"
1,"4zFxD0",1,835,2007,75,"Guinea-Bissau","GNB","GNB",90,"Ireland","IRE","IRL",5,"0","0","0","0","0","0","-","0"
1,"4zFxD0",1,836,2008,75,"Guinea-Bissau","GNB","GNB",90,"Ireland","IRE","IRL",5,5,"0","0","0","0","0","-","0"
1,"4zFxD0",1,837,2009,75,"Guinea-Bissau","GNB","GNB",90,"Ireland","IRE","IRL",5,"0","0","0","0","0","0","-","0"
1,"4zFxD0",1,838,2010,75,"Guinea-Bissau","GNB","GNB",90,"Ireland","IRE","IRL",5,5,"0","0","0","0","0","-","0"
1,"4zFxD0",1,839,2011,75,"Guinea-Bissau","GNB","GNB",90,"Ireland","IRE","IRL",5,5,"0","0","0","0","0","-","0"
1,"4zFxD0",1,840,2012,75,"Guinea-Bissau","GNB","GNB",90,"Ireland","IRE","IRL","0",5,"0","0","0","0","0","-","0"
1,"4zFxD0",1,841,2017,78,"Guatemala","GUA","GTM",90,"Ireland","IRE","IRL","0",5,"0","0","0","0","0","-","0"
1,"4zFxD0",1,842,2018,78,"Guatemala","GUA","GTM",90,"Ireland","IRE","IRL","0",5,"0","0","0","0","0","-","0"
1,"4zFxD0",1,843,2019,78,"Guatemala","GUA","GTM",90,"Ireland","IRE","IRL","0",11,"0","0","0","0","0","-","0"
1,"4zFxD0",1,844,2020,78,"Guatemala","GUA","GTM",90,"Ireland","IRE","IRL",5,15,"0","0","0","0","0","-","0"
1,"4zFxD0",1,845,2021,78,"Guatemala","GUA","GTM",90,"Ireland","IRE","IRL",5,10,"0","0","0","0","0","-","0"
1,"4zFxD0",1,846,2022,78,"Guatemala","GUA","GTM",90,"Ireland","IRE","IRL",11,20,"0","0","0","0","0","-","0"
1,"4zFxD0",1,847,2023,78,"Guatemala","GUA","GTM",90,"Ireland","IRE","IRL",19,42,"0","0","0","0","0","-","0"
1,"4zFxD0",1,848,2024,78,"Guatemala","GUA","GTM",90,"Ireland","IRE","IRL",29,58,"0","0","0","0","0","-","0"
1,"4zFxD0",1,849,2025,78,"Guatemala","GUA","GTM",90,"Ireland","IRE","IRL",42,58,"0","0","0","0","0","-","0"
1,"4zFxD0",1,850,2002,79,"Guinea","GUI","GIN",90,"Ireland","IRE","IRL",8,"0","0","0","0","0","0","-","0"
1,"4zFxD0",1,851,2003,79,"Guinea","GUI","GIN",90,"Ireland","IRE","IRL",10,18,"0","0","0","0","0","-","0"
1,"4zFxD0",1,852,2004,79,"Guinea","GUI","GIN",90,"Ireland","IRE","IRL",21,30,"0","0","0","0","0","-","0"
1,"4zFxD0",1,853,2005,79,"Guinea","GUI","GIN",90,"Ireland","IRE","IRL",42,"0","0","0","0","0","0","-","0"
1,"4zFxD0",1,854,2006,79,"Guinea","GUI","GIN",90,"Ireland","IRE","IRL",46,33,"0","0","0","0","0","-","0"
1,"4zFxD0",1,855,2007,79,"Guinea","GUI","GIN",90,"Ireland","IRE","IRL",55,34,"0","0","0","0","0","-","0"
1,"4zFxD0",1,856,2008,79,"Guinea","GUI","GIN",90,"Ireland","IRE","IRL",59,33,"0","0","0","0","0","-","0"
1,"4zFxD0",1,857,2009,79,"Guinea","GUI","GIN",90,"Ireland","IRE","IRL",63,27,"0","0","0","0","0","-","0"
1,"4zFxD0",1,858,2010,79,"Guinea","GUI","GIN",90,"Ireland","IRE","IRL",65,43,"0","0","0","0","0","-","0"
1,"4zFxD0",1,859,2011,79,"Guinea","GUI","GIN",90,"Ireland","IRE","IRL",64,38,"0","0","0","0","0","-","0"
1,"4zFxD0",1,860,2012,79,"Guinea","GUI","GIN",90,"Ireland","IRE","IRL",58,38,"0","0","0","0","0","-","0"
1,"4zFxD0",1,861,2013,79,"Guinea","GUI","GIN",90,"Ireland","IRE","IRL",17,33,"0","0","0","0","0","-","0"
1,"4zFxD0",1,862,2014,79,"Guinea","GUI","GIN",90,"Ireland","IRE","IRL",20,12,"0","0","0","0","0","-","0"
1,"4zFxD0",1,863,2015,79,"Guinea","GUI","GIN",90,"Ireland","IRE","IRL",22,10,"0","0","0","0","0","-","0"
1,"4zFxD0",1,864,2016,79,"Guinea","GUI","GIN",90,"Ireland","IRE","IRL",18,"0","0","0","0","0","0","-","0"
1,"4zFxD0",1,865,2017,79,"Guinea","GUI","GIN",90,"Ireland","IRE","IRL",17,"0","0","0","0","0","0","-","0"
1,"4zFxD0",1,866,2018,79,"Guinea","GUI","GIN",90,"Ireland","IRE","IRL",14,"0","0","0","0","0","0","-","0"
1,"4zFxD0",1,867,2019,79,"Guinea","GUI","GIN",90,"Ireland","IRE","IRL",16,"0","0","0","0","0","0","-","0"
1,"4zFxD0",1,868,2020,79,"Guinea","GUI","GIN",90,"Ireland","IRE","IRL",16,9,"0","0","0","0","0","-","0"
1,"4zFxD0",1,869,2021,79,"Guinea","GUI","GIN",90,"Ireland","IRE","IRL",17,12,"0","0","0","0","0","-","0"
1,"4zFxD0",1,870,2022,79,"Guinea","GUI","GIN",90,"Ireland","IRE","IRL",14,5,"0","0","0","0","0","-","0"
1,"4zFxD0",1,871,2023,79,"Guinea","GUI","GIN",90,"Ireland","IRE","IRL",19,5,"0","0","0","0","0","-","0"
1,"4zFxD0",1,872,2024,79,"Guinea","GUI","GIN",90,"Ireland","IRE","IRL",17,9,"0","0","0","0","0","-","0"
1,"4zFxD0",1,873,2025,79,"Guinea","GUI","GIN",90,"Ireland","IRE","IRL",20,12,"0","0","0","0","0","-","0"
1,"4zFxD0",1,874,2006,80,"Guyana","GUY","GUY",90,"Ireland","IRE","IRL","0",5,"0","0","0","0","0","-","0"
1,"4zFxD0",1,875,2007,80,"Guyana","GUY","GUY",90,"Ireland","IRE","IRL","0",5,"0","0","0","0","0","-","0"
1,"4zFxD0",1,876,2010,80,"Guyana","GUY","GUY",90,"Ireland","IRE","IRL","0",5,"0","0","0","0","0","-","0"
1,"4zFxD0",1,877,2011,80,"Guyana","GUY","GUY",90,"Ireland","IRE","IRL","0",5,"0","0","0","0","0","-","0"
1,"4zFxD0",1,878,2012,80,"Guyana","GUY","GUY",90,"Ireland","IRE","IRL","0",5,"0","0","0","0","0","-","0"
1,"4zFxD0",1,879,2013,80,"Guyana","GUY","GUY",90,"Ireland","IRE","IRL","0",6,"0","0","0","0","0","-","0"
1,"4zFxD0",1,880,2014,80,"Guyana","GUY","GUY",90,"Ireland","IRE","IRL","0",5,"0","0","0","0","0","-","0"
1,"4zFxD0",1,881,2016,80,"Guyana","GUY","GUY",90,"Ireland","IRE","IRL","0",5,"0","0","0","0","0","-","0"
1,"4zFxD0",1,882,2017,80,"Guyana","GUY","GUY",90,"Ireland","IRE","IRL","0",5,"0","0","0","0","0","-","0"
1,"4zFxD0",1,883,2018,80,"Guyana","GUY","GUY",90,"Ireland","IRE","IRL","0",6,"0","0","0","0","0","-","0"
1,"4zFxD0",1,884,2019,80,"Guyana","GUY","GUY",90,"Ireland","IRE","IRL","0",5,"0","0","0","0","0","-","0"
1,"4zFxD0",1,885,2022,80,"Guyana","GUY","GUY",90,"Ireland","IRE","IRL","0",5,"0","0","0","0","0","-","0"
1,"4zFxD0",1,886,2023,80,"Guyana","GUY","GUY",90,"Ireland","IRE","IRL","0",8,"0","0","0","0","0","-","0"
1,"4zFxD0",1,887,2024,80,"Guyana","GUY","GUY",90,"Ireland","IRE","IRL","0",19,"0","0","0","0","0","-","0"
1,"4zFxD0",1,888,2025,80,"Guyana","GUY","GUY",90,"Ireland","IRE","IRL","0",19,"0","0","0","0","0","-","0"
1,"4zFxD0",1,889,2016,82,"China, Hong Kong SAR","HKG","HKG",90,"Ireland","IRE","IRL","0",29,"0","0","0","0","0","-","0"
1,"4zFxD0",1,890,2015,83,"Honduras","HON","HND",90,"Ireland","IRE","IRL",5,"0","0","0","0","0","0","-","0"
1,"4zFxD0",1,891,2016,83,"Honduras","HON","HND",90,"Ireland","IRE","IRL",5,"0","0","0","0","0","0","-","0"
1,"4zFxD0",1,892,2017,83,"Honduras","HON","HND",90,"Ireland","IRE","IRL",5,"0","0","0","0","0","0","-","0"
1,"4zFxD0",1,893,2018,83,"Honduras","HON","HND",90,"Ireland","IRE","IRL",5,"0","0","0","0","0","0","-","0"
1,"4zFxD0",1,894,2020,83,"Honduras","HON","HND",90,"Ireland","IRE","IRL","0",5,"0","0","0","0","0","-","0"
1,"4zFxD0",1,895,2021,83,"Honduras","HON","HND",90,"Ireland","IRE","IRL","0",6,"0","0","0","0","0","-","0"
1,"4zFxD0",1,896,2022,83,"Honduras","HON","HND",90,"Ireland","IRE","IRL",5,12,"0","0","0","0","0","-","0"
1,"4zFxD0",1,897,2023,83,"Honduras","HON","HND",90,"Ireland","IRE","IRL",10,17,"0","0","0","0","0","-","0"
1,"4zFxD0",1,898,2024,83,"Honduras","HON","HND",90,"Ireland","IRE","IRL",17,24,"0","0","0","0","0","-","0"
1,"4zFxD0",1,899,2025,83,"Honduras","HON","HND",90,"Ireland","IRE","IRL",17,22,"0","0","0","0","0","-","0"
1,"4zFxD0",1,900,2001,84,"Croatia","HRV","HRV",90,"Ireland","IRE","IRL",18,"0","0","0","0","0","0","-","0"
1,"4zFxD0",1,901,2002,84,"Croatia","HRV","HRV",90,"Ireland","IRE","IRL",97,"0","0","0","0","0","0","-","0"
1,"4zFxD0",1,902,2003,84,"Croatia","HRV","HRV",90,"Ireland","IRE","IRL",151,195,"0","0","0","0","0","-","0"
1,"4zFxD0",1,903,2004,84,"Croatia","HRV","HRV",90,"Ireland","IRE","IRL",218,163,"0","0","0","0","0","-","0"
1,"4zFxD0",1,904,2005,84,"Croatia","HRV","HRV",90,"Ireland","IRE","IRL",289,"0","0","0","0","0","0","-","0"
1,"4zFxD0",1,905,2006,84,"Croatia","HRV","HRV",90,"Ireland","IRE","IRL",295,32,"0","0","0","0","0","-","0"
1,"4zFxD0",1,906,2007,84,"Croatia","HRV","HRV",90,"Ireland","IRE","IRL",302,27,"0","0","0","0","0","-","0"
1,"4zFxD0",1,907,2008,84,"Croatia","HRV","HRV",90,"Ireland","IRE","IRL",310,25,"0","0","0","0","0","-","0"
1,"4zFxD0",1,908,2009,84,"Croatia","HRV","HRV",90,"Ireland","IRE","IRL",317,10,"0","0","0","0","0","-","0"
1,"4zFxD0",1,909,2010,84,"Croatia","HRV","HRV",90,"Ireland","IRE","IRL",317,15,"0","0","0","0","0","-","0"
1,"4zFxD0",1,910,2011,84,"Croatia","HRV","HRV",90,"Ireland","IRE","IRL",300,14,"0","0","0","0","0","-","0"
1,"4zFxD0",1,911,2012,84,"Croatia","HRV","HRV",90,"Ireland","IRE","IRL",221,14,"0","0","0","0","0","-","0"
1,"4zFxD0",1,912,2013,84,"Croatia","HRV","HRV",90,"Ireland","IRE","IRL",77,"0","0","0","0","0","0","-","0"
1,"4zFxD0",1,913,2014,84,"Croatia","HRV","HRV",90,"Ireland","IRE","IRL",69,"0","0","0","0","0","0","-","0"
1,"4zFxD0",1,914,2015,84,"Croatia","HRV","HRV",90,"Ireland","IRE","IRL",69,"0","0","0","0","0","0","-","0"
1,"4zFxD0",1,915,2003,85,"Hungary","HUN","HUN",90,"Ireland","IRE","IRL",5,"0","0","0","0","0","0","-","0"
1,"4zFxD0",1,916,2004,85,"Hungary","HUN","HUN",90,"Ireland","IRE","IRL",5,"0","0","0","0","0","0","-","0"
1,"4zFxD0",1,917,2005,85,"Hungary","HUN","HUN",90,"Ireland","IRE","IRL",5,"0","0","0","0","0","0","-","0"
1,"4zFxD0",1,918,2006,85,"Hungary","HUN","HUN",90,"Ireland","IRE","IRL",5,"0","0","0","0","0","0","-","0"
1,"4zFxD0",1,919,2007,85,"Hungary","HUN","HUN",90,"Ireland","IRE","IRL",5,"0","0","0","0","0","0","-","0"
1,"4zFxD0",1,920,2008,85,"Hungary","HUN","HUN",90,"Ireland","IRE","IRL",5,"0","0","0","0","0","0","-","0"
1,"4zFxD0",1,921,2009,85,"Hungary","HUN","HUN",90,"Ireland","IRE","IRL",5,"0","0","0","0","0","0","-","0"
1,"4zFxD0",1,922,2010,85,"Hungary","HUN","HUN",90,"Ireland","IRE","IRL",5,"0","0","0","0","0","0","-","0"
1,"4zFxD0",1,923,2011,85,"Hungary","HUN","HUN",90,"Ireland","IRE","IRL",5,"0","0","0","0","0","0","-","0"
1,"4zFxD0",1,924,2012,85,"Hungary","HUN","HUN",90,"Ireland","IRE","IRL",5,"0","0","0","0","0","0","-","0"
1,"4zFxD0",1,925,2013,85,"Hungary","HUN","HUN",90,"Ireland","IRE","IRL",5,"0","0","0","0","0","0","-","0"
1,"4zFxD0",1,926,2014,85,"Hungary","HUN","HUN",90,"Ireland","IRE","IRL",5,"0","0","0","0","0","0","-","0"
1,"4zFxD0",1,927,2015,85,"Hungary","HUN","HUN",90,"Ireland","IRE","IRL",5,"0","0","0","0","0","0","-","0"
1,"4zFxD0",1,928,2001,87,"Cote d'Ivoire","ICO","CIV",90,"Ireland","IRE","IRL",5,"0","0","0","0","0","0","-","0"
1,"4zFxD0",1,929,2002,87,"Cote d'Ivoire","ICO","CIV",90,"Ireland","IRE","IRL",48,"0","0","0","0","0","0","-","0"
1,"4zFxD0",1,930,2003,87,"Cote d'Ivoire","ICO","CIV",90,"Ireland","IRE","IRL",59,68,"0","0","0","0","0","-","0"
1,"4zFxD0",1,931,2004,87,"Cote d'Ivoire","ICO","CIV",90,"Ireland","IRE","IRL",70,31,"0","0","0","0","0","-","0"
1,"4zFxD0",1,932,2005,87,"Cote d'Ivoire","ICO","CIV",90,"Ireland","IRE","IRL",78,"0","0","0","0","0","0","-","0"
1,"4zFxD0",1,933,2006,87,"Cote d'Ivoire","ICO","CIV",90,"Ireland","IRE","IRL",80,21,"0","0","0","0","0","-","0"
1,"4zFxD0",1,934,2007,87,"Cote d'Ivoire","ICO","CIV",90,"Ireland","IRE","IRL",53,32,"0","0","0","0","0","-","0"
1,"4zFxD0",1,935,2008,87,"Cote d'Ivoire","ICO","CIV",90,"Ireland","IRE","IRL",58,42,"0","0","0","0","0","-","0"
1,"4zFxD0",1,936,2009,87,"Cote d'Ivoire","ICO","CIV",90,"Ireland","IRE","IRL",63,17,"0","0","0","0","0","-","0"
1,"4zFxD0",1,937,2010,87,"Cote d'Ivoire","ICO","CIV",90,"Ireland","IRE","IRL",63,41,"0","0","0","0","0","-","0"
1,"4zFxD0",1,938,2011,87,"Cote d'Ivoire","ICO","CIV",90,"Ireland","IRE","IRL",62,37,"0","0","0","0","0","-","0"
1,"4zFxD0",1,939,2012,87,"Cote d'Ivoire","ICO","CIV",90,"Ireland","IRE","IRL",48,42,"0","0","0","0","0","-","0"
1,"4zFxD0",1,940,2013,87,"Cote d'Ivoire","ICO","CIV",90,"Ireland","IRE","IRL",25,31,"0","0","0","0","0","-","0"
1,"4zFxD0",1,941,2014,87,"Cote d'Ivoire","ICO","CIV",90,"Ireland","IRE","IRL",21,18,"0","0","0","0","0","-","0"
1,"4zFxD0",1,942,2015,87,"Cote d'Ivoire","ICO","CIV",90,"Ireland","IRE","IRL",21,7,"0","0","0","0","0","-","0"
1,"4zFxD0",1,943,2016,87,"Cote d'Ivoire","ICO","CIV",90,"Ireland","IRE","IRL",18,5,"0","0","0","0","0","-","0"
1,"4zFxD0",1,944,2017,87,"Cote d'Ivoire","ICO","CIV",90,"Ireland","IRE","IRL",19,5,"0","0","0","0","0","-","0"
1,"4zFxD0",1,945,2018,87,"Cote d'Ivoire","ICO","CIV",90,"Ireland","IRE","IRL",14,11,"0","0","0","0","0","-","0"
1,"4zFxD0",1,946,2019,87,"Cote d'Ivoire","ICO","CIV",90,"Ireland","IRE","IRL",14,14,"0","0","0","0","0","-","0"
1,"4zFxD0",1,947,2020,87,"Cote d'Ivoire","ICO","CIV",90,"Ireland","IRE","IRL",15,8,"0","0","0","0","0","-","0"
1,"4zFxD0",1,948,2021,87,"Cote d'Ivoire","ICO","CIV",90,"Ireland","IRE","IRL",15,9,"0","0","0","0","0","-","0"
1,"4zFxD0",1,949,2022,87,"Cote d'Ivoire","ICO","CIV",90,"Ireland","IRE","IRL",15,10,"0","0","0","0","0","-","0"
1,"4zFxD0",1,950,2023,87,"Cote d'Ivoire","ICO","CIV",90,"Ireland","IRE","IRL",20,5,"0","0","0","0","0","-","0"
1,"4zFxD0",1,951,2024,87,"Cote d'Ivoire","ICO","CIV",90,"Ireland","IRE","IRL",18,5,"0","0","0","0","0","-","0"
1,"4zFxD0",1,952,2025,87,"Cote d'Ivoire","ICO","CIV",90,"Ireland","IRE","IRL",19,6,"0","0","0","0","0","-","0"
1,"4zFxD0",1,953,2002,88,"India","IND","IND",90,"Ireland","IRE","IRL",5,"0","0","0","0","0","0","-","0"
1,"4zFxD0",1,954,2003,88,"India","IND","IND",90,"Ireland","IRE","IRL",5,10,"0","0","0","0","0","-","0"
1,"4zFxD0",1,955,2004,88,"India","IND","IND",90,"Ireland","IRE","IRL",5,"0","0","0","0","0","0","-","0"
1,"4zFxD0",1,956,2005,88,"India","IND","IND",90,"Ireland","IRE","IRL",5,"0","0","0","0","0","0","-","0"
1,"4zFxD0",1,957,2006,88,"India","IND","IND",90,"Ireland","IRE","IRL",6,10,"0","0","0","0","0","-","0"
1,"4zFxD0",1,958,2007,88,"India","IND","IND",90,"Ireland","IRE","IRL",5,21,"0","0","0","0","0","-","0"
1,"4zFxD0",1,959,2008,88,"India","IND","IND",90,"Ireland","IRE","IRL",5,18,"0","0","0","0","0","-","0"
1,"4zFxD0",1,960,2009,88,"India","IND","IND",90,"Ireland","IRE","IRL",5,16,"0","0","0","0","0","-","0"
1,"4zFxD0",1,961,2010,88,"India","IND","IND",90,"Ireland","IRE","IRL",5,31,"0","0","0","0","0","-","0"
1,"4zFxD0",1,962,2011,88,"India","IND","IND",90,"Ireland","IRE","IRL",5,23,"0","0","0","0","0","-","0"
1,"4zFxD0",1,963,2012,88,"India","IND","IND",90,"Ireland","IRE","IRL",5,25,"0","0","0","0","0","-","0"
1,"4zFxD0",1,964,2013,88,"India","IND","IND",90,"Ireland","IRE","IRL",5,34,"0","0","0","0","0","-","0"
1,"4zFxD0",1,965,2014,88,"India","IND","IND",90,"Ireland","IRE","IRL",5,19,"0","0","0","0","0","-","0"
1,"4zFxD0",1,966,2015,88,"India","IND","IND",90,"Ireland","IRE","IRL",5,135,"0","0","0","0","0","-","0"
1,"4zFxD0",1,967,2016,88,"India","IND","IND",90,"Ireland","IRE","IRL",5,80,"0","0","0","0","0","-","0"
1,"4zFxD0",1,968,2017,88,"India","IND","IND",90,"Ireland","IRE","IRL",5,98,"0","0","0","0","0","-","0"
1,"4zFxD0",1,969,2018,88,"India","IND","IND",90,"Ireland","IRE","IRL","0",116,"0","0","0","0","0","-","0"
1,"4zFxD0",1,970,2019,88,"India","IND","IND",90,"Ireland","IRE","IRL",10,116,"0","0","0","0","0","-","0"
1,"4zFxD0",1,971,2020,88,"India","IND","IND",90,"Ireland","IRE","IRL",14,105,"0","0","0","0","0","-","0"
1,"4zFxD0",1,972,2021,88,"India","IND","IND",90,"Ireland","IRE","IRL",16,68,"0","0","0","0","0","-","0"
1,"4zFxD0",1,973,2022,88,"India","IND","IND",90,"Ireland","IRE","IRL",21,73,"0","0","0","0","0","-","0"
1,"4zFxD0",1,974,2023,88,"India","IND","IND",90,"Ireland","IRE","IRL",41,191,"0","0","0","0","0","-","0"
1,"4zFxD0",1,975,2024,88,"India","IND","IND",90,"Ireland","IRE","IRL",45,284,"0","0","0","0","0","-","0"
1,"4zFxD0",1,976,2025,88,"India","IND","IND",90,"Ireland","IRE","IRL",49,363,"0","0","0","0","0","-","0"
1,"4zFxD0",1,977,2020,89,"Indonesia","INS","IDN",90,"Ireland","IRE","IRL",5,"0","0","0","0","0","0","-","0"
1,"4zFxD0",1,978,2021,89,"Indonesia","INS","IDN",90,"Ireland","IRE","IRL",5,"0","0","0","0","0","0","-","0"
1,"4zFxD0",1,979,2022,89,"Indonesia","INS","IDN",90,"Ireland","IRE","IRL",5,5,"0","0","0","0","0","-","0"
1,"4zFxD0",1,980,2023,89,"Indonesia","INS","IDN",90,"Ireland","IRE","IRL",5,5,"0","0","0","0","0","-","0"
1,"4zFxD0",1,981,2024,89,"Indonesia","INS","IDN",90,"Ireland","IRE","IRL",6,5,"0","0","0","0","0","-","0"
1,"4zFxD0",1,982,2025,89,"Indonesia","INS","IDN",90,"Ireland","IRE","IRL",8,5,"0","0","0","0","0","-","0"
1,"4zFxD0",1,983,1999,91,"Iran (Islamic Rep. of)","IRN","IRN",90,"Ireland","IRE","IRL",5,"0","0","0","0","0","0","-","0"
1,"4zFxD0",1,984,2000,91,"Iran (Islamic Rep. of)","IRN","IRN",90,"Ireland","IRE","IRL",11,"0","0","0","0","0","0","-","0"
1,"4zFxD0",1,985,2001,91,"Iran (Islamic Rep. of)","IRN","IRN",90,"Ireland","IRE","IRL",33,"0","0","0","0","0","0","-","0"
1,"4zFxD0",1,986,2002,91,"Iran (Islamic Rep. of)","IRN","IRN",90,"Ireland","IRE","IRL",19,"0","0","0","0","0","0","-","0"
1,"4zFxD0",1,987,2003,91,"Iran (Islamic Rep. of)","IRN","IRN",90,"Ireland","IRE","IRL",40,36,"0","0","0","0","0","-","0"
1,"4zFxD0",1,988,2004,91,"Iran (Islamic Rep. of)","IRN","IRN",90,"Ireland","IRE","IRL",85,72,"0","0","0","0","0","-","0"
1,"4zFxD0",1,989,2005,91,"Iran (Islamic Rep. of)","IRN","IRN",90,"Ireland","IRE","IRL",162,"0","0","0","0","0","0","-","0"
1,"4zFxD0",1,990,2006,91,"Iran (Islamic Rep. of)","IRN","IRN",90,"Ireland","IRE","IRL",365,137,"0","0","0","0","0","-","0"
1,"4zFxD0",1,991,2007,91,"Iran (Islamic Rep. of)","IRN","IRN",90,"Ireland","IRE","IRL",151,114,"0","0","0","0","0","-","0"
1,"4zFxD0",1,992,2008,91,"Iran (Islamic Rep. of)","IRN","IRN",90,"Ireland","IRE","IRL",173,113,"0","0","0","0","0","-","0"
1,"4zFxD0",1,993,2009,91,"Iran (Islamic Rep. of)","IRN","IRN",90,"Ireland","IRE","IRL",197,47,"0","0","0","0","0","-","0"
1,"4zFxD0",1,994,2010,91,"Iran (Islamic Rep. of)","IRN","IRN",90,"Ireland","IRE","IRL",205,109,"0","0","0","0","0","-","0"
1,"4zFxD0",1,995,2011,91,"Iran (Islamic Rep. of)","IRN","IRN",90,"Ireland","IRE","IRL",215,79,"0","0","0","0","0","-","0"
1,"4zFxD0",1,996,2012,91,"Iran (Islamic Rep. of)","IRN","IRN",90,"Ireland","IRE","IRL",206,93,"0","0","0","0","0","-","0"
1,"4zFxD0",1,997,2013,91,"Iran (Islamic Rep. of)","IRN","IRN",90,"Ireland","IRE","IRL",118,78,"0","0","0","0","0","-","0"
1,"4zFxD0",1,998,2014,91,"Iran (Islamic Rep. of)","IRN","IRN",90,"Ireland","IRE","IRL",118,53,"0","0","0","0","0","-","0"
1,"4zFxD0",1,999,2015,91,"Iran (Islamic Rep. of)","IRN","IRN",90,"Ireland","IRE","IRL",144,37,"0","0","0","0","0","-","0"
1,"4zFxD0",1,1000,2016,91,"Iran (Islamic Rep. of)","IRN","IRN",90,"Ireland","IRE","IRL",131,14,"0","0","0","0","0","-","0"
1,"4zFxD0",1,1001,2017,91,"Iran (Islamic Rep. of)","IRN","IRN",90,"Ireland","IRE","IRL",135,26,"0","0","0","0","0","-","0"
1,"4zFxD0",1,1002,2018,91,"Iran (Islamic Rep. of)","IRN","IRN",90,"Ireland","IRE","IRL",126,39,"0","0","0","0","0","-","0"
1,"4zFxD0",1,1003,2019,91,"Iran (Islamic Rep. of)","IRN","IRN",90,"Ireland","IRE","IRL",141,46,"0","0","0","0","0","-","0"
1,"4zFxD0",1,1004,2020,91,"Iran (Islamic Rep. of)","IRN","IRN",90,"Ireland","IRE","IRL",155,33,"0","0","0","0","0","-","0"
1,"4zFxD0",1,1005,2021,91,"Iran (Islamic Rep. of)","IRN","IRN",90,"Ireland","IRE","IRL",155,15,"0","0","0","0","0","-","0"
1,"4zFxD0",1,1006,2022,91,"Iran (Islamic Rep. of)","IRN","IRN",90,"Ireland","IRE","IRL",137,53,"0","0","0","0","0","-","0"
1,"4zFxD0",1,1007,2023,91,"Iran (Islamic Rep. of)","IRN","IRN",90,"Ireland","IRE","IRL",139,87,"0","0","0","0","0","-","0"
1,"4zFxD0",1,1008,2024,91,"Iran (Islamic Rep. of)","IRN","IRN",90,"Ireland","IRE","IRL",157,87,"0","0","0","0","0","-","0"
1,"4zFxD0",1,1009,2025,91,"Iran (Islamic Rep. of)","IRN","IRN",90,"Ireland","IRE","IRL",166,97,"0","0","0","0","0","-","0"
1,"4zFxD0",1,1010,1999,92,"Iraq","IRQ","IRQ",90,"Ireland","IRE","IRL",59,"0","0","0","0","0","0","-","0"
1,"4zFxD0",1,1011,2000,92,"Iraq","IRQ","IRQ",90,"Ireland","IRE","IRL",74,"0","0","0","0","0","0","-","0"
1,"4zFxD0",1,1012,2001,92,"Iraq","IRQ","IRQ",90,"Ireland","IRE","IRL",134,"0","0","0","0","0","0","-","0"
1,"4zFxD0",1,1013,2002,92,"Iraq","IRQ","IRQ",90,"Ireland","IRE","IRL",185,"0","0","0","0","0","0","-","0"
1,"4zFxD0",1,1014,2003,92,"Iraq","IRQ","IRQ",90,"Ireland","IRE","IRL",178,197,"0","0","0","0","0","-","0"
1,"4zFxD0",1,1015,2004,92,"Iraq","IRQ","IRQ",90,"Ireland","IRE","IRL",232,35,"0","0","0","0","0","-","0"
1,"4zFxD0",1,1016,2005,92,"Iraq","IRQ","IRQ",90,"Ireland","IRE","IRL",257,"0","0","0","0","0","0","-","0"
1,"4zFxD0",1,1017,2006,92,"Iraq","IRQ","IRQ",90,"Ireland","IRE","IRL",338,119,"0","0","0","0","0","-","0"
1,"4zFxD0",1,1018,2007,92,"Iraq","IRQ","IRQ",90,"Ireland","IRE","IRL",532,206,"0","0","0","0","0","-","0"
1,"4zFxD0",1,1019,2008,92,"Iraq","IRQ","IRQ",90,"Ireland","IRE","IRL",642,165,"0","0","0","0","0","-","0"
1,"4zFxD0",1,1020,2009,92,"Iraq","IRQ","IRQ",90,"Ireland","IRE","IRL",688,76,"0","0","0","0","0","-","0"
1,"4zFxD0",1,1021,2010,92,"Iraq","IRQ","IRQ",90,"Ireland","IRE","IRL",650,123,"0","0","0","0","0","-","0"
1,"4zFxD0",1,1022,2011,92,"Iraq","IRQ","IRQ",90,"Ireland","IRE","IRL",595,112,"0","0","0","0","0","-","0"
1,"4zFxD0",1,1023,2012,92,"Iraq","IRQ","IRQ",90,"Ireland","IRE","IRL",534,120,"0","0","0","0","0","-","0"
1,"4zFxD0",1,1024,2013,92,"Iraq","IRQ","IRQ",90,"Ireland","IRE","IRL",380,104,"0","0","0","0","0","-","0"
1,"4zFxD0",1,1025,2014,92,"Iraq","IRQ","IRQ",90,"Ireland","IRE","IRL",379,54,"0","0","0","0","0","-","0"
1,"4zFxD0",1,1026,2015,92,"Iraq","IRQ","IRQ",90,"Ireland","IRE","IRL",409,39,"0","0","0","0","0","-","0"
1,"4zFxD0",1,1027,2016,92,"Iraq","IRQ","IRQ",90,"Ireland","IRE","IRL",420,80,"0","0","0","0","0","-","0"
1,"4zFxD0",1,1028,2017,92,"Iraq","IRQ","IRQ",90,"Ireland","IRE","IRL",491,96,"0","0","0","0","0","-","0"
1,"4zFxD0",1,1029,2018,92,"Iraq","IRQ","IRQ",90,"Ireland","IRE","IRL",342,103,"0","0","0","0","0","-","0"
1,"4zFxD0",1,1030,2019,92,"Iraq","IRQ","IRQ",90,"Ireland","IRE","IRL",398,81,"0","0","0","0","0","-","0"
1,"4zFxD0",1,1031,2020,92,"Iraq","IRQ","IRQ",90,"Ireland","IRE","IRL",425,65,"0","0","0","0","0","-","0"
1,"4zFxD0",1,1032,2021,92,"Iraq","IRQ","IRQ",90,"Ireland","IRE","IRL",398,59,"0","0","0","0","0","-","0"
1,"4zFxD0",1,1033,2022,92,"Iraq","IRQ","IRQ",90,"Ireland","IRE","IRL",356,89,5,"0","0","0","0","-","0"
1,"4zFxD0",1,1034,2023,92,"Iraq","IRQ","IRQ",90,"Ireland","IRE","IRL",309,173,"0","0","0","0","0","-","0"
1,"4zFxD0",1,1035,2024,92,"Iraq","IRQ","IRQ",90,"Ireland","IRE","IRL",286,144,"0","0","0","0","0","-","0"
1,"4zFxD0",1,1036,2025,92,"Iraq","IRQ","IRQ",90,"Ireland","IRE","IRL",299,160,"0","0","0","0","0","-","0"
1,"4zFxD0",1,1037,2003,93,"Israel","ISR","ISR",90,"Ireland","IRE","IRL","0",57,"0","0","0","0","0","-","0"
1,"4zFxD0",1,1038,2004,93,"Israel","ISR","ISR",90,"Ireland","IRE","IRL",5,19,"0","0","0","0","0","-","0"
1,"4zFxD0",1,1039,2005,93,"Israel","ISR","ISR",90,"Ireland","IRE","IRL",25,"0","0","0","0","0","0","-","0"
1,"4zFxD0",1,1040,2006,93,"Israel","ISR","ISR",90,"Ireland","IRE","IRL",25,44,"0","0","0","0","0","-","0"
1,"4zFxD0",1,1041,2007,93,"Israel","ISR","ISR",90,"Ireland","IRE","IRL",26,27,"0","0","0","0","0","-","0"
1,"4zFxD0",1,1042,2008,93,"Israel","ISR","ISR",90,"Ireland","IRE","IRL",26,21,"0","0","0","0","0","-","0"
1,"4zFxD0",1,1043,2009,93,"Israel","ISR","ISR",90,"Ireland","IRE","IRL",26,7,"0","0","0","0","0","-","0"
1,"4zFxD0",1,1044,2010,93,"Israel","ISR","ISR",90,"Ireland","IRE","IRL",29,38,"0","0","0","0","0","-","0"
1,"4zFxD0",1,1045,2011,93,"Israel","ISR","ISR",90,"Ireland","IRE","IRL",29,34,"0","0","0","0","0","-","0"
1,"4zFxD0",1,1046,2012,93,"Israel","ISR","ISR",90,"Ireland","IRE","IRL",28,18,"0","0","0","0","0","-","0"
1,"4zFxD0",1,1047,2013,93,"Israel","ISR","ISR",90,"Ireland","IRE","IRL","0",7,"0","0","0","0","0","-","0"
1,"4zFxD0",1,1048,2014,93,"Israel","ISR","ISR",90,"Ireland","IRE","IRL","0",10,"0","0","0","0","0","-","0"
1,"4zFxD0",1,1049,2015,93,"Israel","ISR","ISR",90,"Ireland","IRE","IRL","0",10,"0","0","0","0","0","-","0"
1,"4zFxD0",1,1050,2016,93,"Israel","ISR","ISR",90,"Ireland","IRE","IRL",5,"0","0","0","0","0","0","-","0"
1,"4zFxD0",1,1051,2017,93,"Israel","ISR","ISR",90,"Ireland","IRE","IRL",5,5,"0","0","0","0","0","-","0"
1,"4zFxD0",1,1052,2018,93,"Israel","ISR","ISR",90,"Ireland","IRE","IRL",5,5,"0","0","0","0","0","-","0"
1,"4zFxD0",1,1053,2019,93,"Israel","ISR","ISR",90,"Ireland","IRE","IRL",5,"0","0","0","0","0","0","-","0"
1,"4zFxD0",1,1054,2020,93,"Israel","ISR","ISR",90,"Ireland","IRE","IRL",12,"0","0","0","0","0","0","-","0"
1,"4zFxD0",1,1055,2021,93,"Israel","ISR","ISR",90,"Ireland","IRE","IRL",12,9,"0","0","0","0","0","-","0"
1,"4zFxD0",1,1056,2022,93,"Israel","ISR","ISR",90,"Ireland","IRE","IRL",11,7,"0","0","0","0","0","-","0"
1,"4zFxD0",1,1057,2023,93,"Israel","ISR","ISR",90,"Ireland","IRE","IRL",18,15,"0","0","0","0","0","-","0"
1,"4zFxD0",1,1058,2024,93,"Israel","ISR","ISR",90,"Ireland","IRE","IRL",17,21,"0","0","0","0","0","-","0"
1,"4zFxD0",1,1059,2025,93,"Israel","ISR","ISR",90,"Ireland","IRE","IRL",17,19,"0","0","0","0","0","-","0"
1,"4zFxD0",1,1060,2003,95,"Jamaica","JAM","JAM",90,"Ireland","IRE","IRL",5,7,"0","0","0","0","0","-","0"
1,"4zFxD0",1,1061,2004,95,"Jamaica","JAM","JAM",90,"Ireland","IRE","IRL",5,5,"0","0","0","0","0","-","0"
1,"4zFxD0",1,1062,2005,95,"Jamaica","JAM","JAM",90,"Ireland","IRE","IRL",7,"0","0","0","0","0","0","-","0"
1,"4zFxD0",1,1063,2006,95,"Jamaica","JAM","JAM",90,"Ireland","IRE","IRL",8,5,"0","0","0","0","0","-","0"
1,"4zFxD0",1,1064,2007,95,"Jamaica","JAM","JAM",90,"Ireland","IRE","IRL",9,"0","0","0","0","0","0","-","0"
1,"4zFxD0",1,1065,2008,95,"Jamaica","JAM","JAM",90,"Ireland","IRE","IRL",9,"0","0","0","0","0","0","-","0"
1,"4zFxD0",1,1066,2009,95,"Jamaica","JAM","JAM",90,"Ireland","IRE","IRL",9,"0","0","0","0","0","0","-","0"
1,"4zFxD0",1,1067,2010,95,"Jamaica","JAM","JAM",90,"Ireland","IRE","IRL",9,"0","0","0","0","0","0","-","0"
1,"4zFxD0",1,1068,2011,95,"Jamaica","JAM","JAM",90,"Ireland","IRE","IRL",8,"0","0","0","0","0","0","-","0"
1,"4zFxD0",1,1069,2012,95,"Jamaica","JAM","JAM",90,"Ireland","IRE","IRL",9,"0","0","0","0","0","0","-","0"
1,"4zFxD0",1,1070,2013,95,"Jamaica","JAM","JAM",90,"Ireland","IRE","IRL",5,"0","0","0","0","0","0","-","0"
1,"4zFxD0",1,1071,2025,95,"Jamaica","JAM","JAM",90,"Ireland","IRE","IRL",5,5,"0","0","0","0","0","-","0"
1,"4zFxD0",1,1072,2001,96,"Jordan","JOR","JOR",90,"Ireland","IRE","IRL",5,"0","0","0","0","0","0","-","0"
1,"4zFxD0",1,1073,2007,96,"Jordan","JOR","JOR",90,"Ireland","IRE","IRL",5,5,"0","0","0","0","0","-","0"
1,"4zFxD0",1,1074,2008,96,"Jordan","JOR","JOR",90,"Ireland","IRE","IRL",5,5,"0","0","0","0","0","-","0"
1,"4zFxD0",1,1075,2009,96,"Jordan","JOR","JOR",90,"Ireland","IRE","IRL",5,"0","0","0","0","0","0","-","0"
1,"4zFxD0",1,1076,2010,96,"Jordan","JOR","JOR",90,"Ireland","IRE","IRL",5,5,"0","0","0","0","0","-","0"
1,"4zFxD0",1,1077,2011,96,"Jordan","JOR","JOR",90,"Ireland","IRE","IRL",5,5,"0","0","0","0","0","-","0"
1,"4zFxD0",1,1078,2012,96,"Jordan","JOR","JOR",90,"Ireland","IRE","IRL",5,5,"0","0","0","0","0","-","0"
1,"4zFxD0",1,1079,2013,96,"Jordan","JOR","JOR",90,"Ireland","IRE","IRL",8,5,"0","0","0","0","0","-","0"
1,"4zFxD0",1,1080,2014,96,"Jordan","JOR","JOR",90,"Ireland","IRE","IRL",6,5,"0","0","0","0","0","-","0"
1,"4zFxD0",1,1081,2015,96,"Jordan","JOR","JOR",90,"Ireland","IRE","IRL",6,"0","0","0","0","0","0","-","0"
1,"4zFxD0",1,1082,2016,96,"Jordan","JOR","JOR",90,"Ireland","IRE","IRL",6,"0","0","0","0","0","0","-","0"
1,"4zFxD0",1,1083,2017,96,"Jordan","JOR","JOR",90,"Ireland","IRE","IRL",7,5,"0","0","0","0","0","-","0"
1,"4zFxD0",1,1084,2019,96,"Jordan","JOR","JOR",90,"Ireland","IRE","IRL",6,10,"0","0","0","0","0","-","0"
1,"4zFxD0",1,1085,2020,96,"Jordan","JOR","JOR",90,"Ireland","IRE","IRL",6,15,"0","0","0","0","0","-","0"
1,"4zFxD0",1,1086,2021,96,"Jordan","JOR","JOR",90,"Ireland","IRE","IRL",7,16,"0","0","0","0","0","-","0"
1,"4zFxD0",1,1087,2022,96,"Jordan","JOR","JOR",90,"Ireland","IRE","IRL",18,28,"0","0","0","0","0","-","0"
1,"4zFxD0",1,1088,2023,96,"Jordan","JOR","JOR",90,"Ireland","IRE","IRL",28,97,"0","0","0","0","0","-","0"
1,"4zFxD0",1,1089,2024,96,"Jordan","JOR","JOR",90,"Ireland","IRE","IRL",64,2614,"0","0","0","0","0","-","0"
1,"4zFxD0",1,1090,2025,96,"Jordan","JOR","JOR",90,"Ireland","IRE","IRL",104,2423,"0","0","0","0","0","-","0"
1,"4zFxD0",1,1091,1999,98,"Kazakhstan","KAZ","KAZ",90,"Ireland","IRE","IRL",5,"0","0","0","0","0","0","-","0"
1,"4zFxD0",1,1092,2000,98,"Kazakhstan","KAZ","KAZ",90,"Ireland","IRE","IRL",5,"0","0","0","0","0","0","-","0"
1,"4zFxD0",1,1093,2001,98,"Kazakhstan","KAZ","KAZ",90,"Ireland","IRE","IRL",15,"0","0","0","0","0","0","-","0"
1,"4zFxD0",1,1094,2002,98,"Kazakhstan","KAZ","KAZ",90,"Ireland","IRE","IRL",25,"0","0","0","0","0","0","-","0"
1,"4zFxD0",1,1095,2003,98,"Kazakhstan","KAZ","KAZ",90,"Ireland","IRE","IRL",51,52,"0","0","0","0","0","-","0"
1,"4zFxD0",1,1096,2004,98,"Kazakhstan","KAZ","KAZ",90,"Ireland","IRE","IRL",61,23,"0","0","0","0","0","-","0"
1,"4zFxD0",1,1097,2005,98,"Kazakhstan","KAZ","KAZ",90,"Ireland","IRE","IRL",65,"0","0","0","0","0","0","-","0"
1,"4zFxD0",1,1098,2006,98,"Kazakhstan","KAZ","KAZ",90,"Ireland","IRE","IRL",69,7,"0","0","0","0","0","-","0"
1,"4zFxD0",1,1099,2007,98,"Kazakhstan","KAZ","KAZ",90,"Ireland","IRE","IRL",77,"0","0","0","0","0","0","-","0"
1,"4zFxD0",1,1100,2008,98,"Kazakhstan","KAZ","KAZ",90,"Ireland","IRE","IRL",77,"0","0","0","0","0","0","-","0"
1,"4zFxD0",1,1101,2009,98,"Kazakhstan","KAZ","KAZ",90,"Ireland","IRE","IRL",74,"0","0","0","0","0","0","-","0"
1,"4zFxD0",1,1102,2010,98,"Kazakhstan","KAZ","KAZ",90,"Ireland","IRE","IRL",74,5,"0","0","0","0","0","-","0"
1,"4zFxD0",1,1103,2011,98,"Kazakhstan","KAZ","KAZ",90,"Ireland","IRE","IRL",62,6,"0","0","0","0","0","-","0"
1,"4zFxD0",1,1104,2012,98,"Kazakhstan","KAZ","KAZ",90,"Ireland","IRE","IRL",49,5,"0","0","0","0","0","-","0"
1,"4zFxD0",1,1105,2013,98,"Kazakhstan","KAZ","KAZ",90,"Ireland","IRE","IRL",46,5,"0","0","0","0","0","-","0"
1,"4zFxD0",1,1106,2014,98,"Kazakhstan","KAZ","KAZ",90,"Ireland","IRE","IRL",37,"0","0","0","0","0","0","-","0"
1,"4zFxD0",1,1107,2015,98,"Kazakhstan","KAZ","KAZ",90,"Ireland","IRE","IRL",37,"0","0","0","0","0","0","-","0"
1,"4zFxD0",1,1108,2016,98,"Kazakhstan","KAZ","KAZ",90,"Ireland","IRE","IRL",35,"0","0","0","0","0","0","-","0"
1,"4zFxD0",1,1109,2017,98,"Kazakhstan","KAZ","KAZ",90,"Ireland","IRE","IRL",35,"0","0","0","0","0","0","-","0"
1,"4zFxD0",1,1110,2018,98,"Kazakhstan","KAZ","KAZ",90,"Ireland","IRE","IRL",19,"0","0","0","0","0","0","-","0"
1,"4zFxD0",1,1111,2019,98,"Kazakhstan","KAZ","KAZ",90,"Ireland","IRE","IRL",19,"0","0","0","0","0","0","-","0"
1,"4zFxD0",1,1112,2020,98,"Kazakhstan","KAZ","KAZ",90,"Ireland","IRE","IRL",18,"0","0","0","0","0","0","-","0"
1,"4zFxD0",1,1113,2021,98,"Kazakhstan","KAZ","KAZ",90,"Ireland","IRE","IRL",18,"0","0","0","0","0","0","-","0"
1,"4zFxD0",1,1114,2022,98,"Kazakhstan","KAZ","KAZ",90,"Ireland","IRE","IRL",11,5,"0","0","0","0","0","-","0"
1,"4zFxD0",1,1115,2023,98,"Kazakhstan","KAZ","KAZ",90,"Ireland","IRE","IRL",22,5,"0","0","0","0","0","-","0"
1,"4zFxD0",1,1116,2024,98,"Kazakhstan","KAZ","KAZ",90,"Ireland","IRE","IRL",27,5,"0","0","0","0","0","-","0"
1,"4zFxD0",1,1117,2025,98,"Kazakhstan","KAZ","KAZ",90,"Ireland","IRE","IRL",28,5,"0","0","0","0","0","-","0"
1,"4zFxD0",1,1118,2000,99,"Kenya","KEN","KEN",90,"Ireland","IRE","IRL",5,"0","0","0","0","0","0","-","0"
1,"4zFxD0",1,1119,2001,99,"Kenya","KEN","KEN",90,"Ireland","IRE","IRL",14,"0","0","0","0","0","0","-","0"
1,"4zFxD0",1,1120,2002,99,"Kenya","KEN","KEN",90,"Ireland","IRE","IRL",32,"0","0","0","0","0","0","-","0"
1,"4zFxD0",1,1121,2003,99,"Kenya","KEN","KEN",90,"Ireland","IRE","IRL",53,78,"0","0","0","0","0","-","0"
1,"4zFxD0",1,1122,2004,99,"Kenya","KEN","KEN",90,"Ireland","IRE","IRL",74,53,"0","0","0","0","0","-","0"
1,"4zFxD0",1,1123,2005,99,"Kenya","KEN","KEN",90,"Ireland","IRE","IRL",91,"0","0","0","0","0","0","-","0"
1,"4zFxD0",1,1124,2006,99,"Kenya","KEN","KEN",90,"Ireland","IRE","IRL",100,44,"0","0","0","0","0","-","0"
1,"4zFxD0",1,1125,2007,99,"Kenya","KEN","KEN",90,"Ireland","IRE","IRL",105,58,"0","0","0","0","0","-","0"
1,"4zFxD0",1,1126,2008,99,"Kenya","KEN","KEN",90,"Ireland","IRE","IRL",107,55,"0","0","0","0","0","-","0"
1,"4zFxD0",1,1127,2009,99,"Kenya","KEN","KEN",90,"Ireland","IRE","IRL",110,28,"0","0","0","0","0","-","0"
1,"4zFxD0",1,1128,2010,99,"Kenya","KEN","KEN",90,"Ireland","IRE","IRL",105,72,"0","0","0","0","0","-","0"
1,"4zFxD0",1,1129,2011,99,"Kenya","KEN","KEN",90,"Ireland","IRE","IRL",96,62,"0","0","0","0","0","-","0"
1,"4zFxD0",1,1130,2012,99,"Kenya","KEN","KEN",90,"Ireland","IRE","IRL",78,62,"0","0","0","0","0","-","0"
1,"4zFxD0",1,1131,2013,99,"Kenya","KEN","KEN",90,"Ireland","IRE","IRL",52,35,"0","0","0","0","0","-","0"
1,"4zFxD0",1,1132,2014,99,"Kenya","KEN","KEN",90,"Ireland","IRE","IRL",51,24,"0","0","0","0","0","-","0"
1,"4zFxD0",1,1133,2015,99,"Kenya","KEN","KEN",90,"Ireland","IRE","IRL",59,10,"0","0","0","0","0","-","0"
1,"4zFxD0",1,1134,2016,99,"Kenya","KEN","KEN",90,"Ireland","IRE","IRL",56,"0","0","0","0","0","0","-","0"
1,"4zFxD0",1,1135,2017,99,"Kenya","KEN","KEN",90,"Ireland","IRE","IRL",56,6,"0","0","0","0","0","-","0"
1,"4zFxD0",1,1136,2018,99,"Kenya","KEN","KEN",90,"Ireland","IRE","IRL",44,14,"0","0","0","0","0","-","0"
1,"4zFxD0",1,1137,2019,99,"Kenya","KEN","KEN",90,"Ireland","IRE","IRL",51,29,"0","0","0","0","0","-","0"
1,"4zFxD0",1,1138,2020,99,"Kenya","KEN","KEN",90,"Ireland","IRE","IRL",49,27,"0","0","0","0","0","-","0"
1,"4zFxD0",1,1139,2021,99,"Kenya","KEN","KEN",90,"Ireland","IRE","IRL",53,27,"0","0","0","0","0","-","0"
1,"4zFxD0",1,1140,2022,99,"Kenya","KEN","KEN",90,"Ireland","IRE","IRL",51,49,"0","0","0","0","0","-","0"
1,"4zFxD0",1,1141,2023,99,"Kenya","KEN","KEN",90,"Ireland","IRE","IRL",80,67,"0","0","0","0","0","-","0"
1,"4zFxD0",1,1142,2024,99,"Kenya","KEN","KEN",90,"Ireland","IRE","IRL",86,103,"0","0","0","0","0","-","0"
1,"4zFxD0",1,1143,2025,99,"Kenya","KEN","KEN",90,"Ireland","IRE","IRL",98,123,"0","0","0","0","0","-","0"
1,"4zFxD0",1,1144,2003,100,"Kyrgyzstan","KGZ","KGZ",90,"Ireland","IRE","IRL","0",14,"0","0","0","0","0","-","0"
1,"4zFxD0",1,1145,2004,100,"Kyrgyzstan","KGZ","KGZ",90,"Ireland","IRE","IRL",9,7,"0","0","0","0","0","-","0"
1,"4zFxD0",1,1146,2005,100,"Kyrgyzstan","KGZ","KGZ",90,"Ireland","IRE","IRL",11,"0","0","0","0","0","0","-","0"
1,"4zFxD0",1,1147,2006,100,"Kyrgyzstan","KGZ","KGZ",90,"Ireland","IRE","IRL",14,"0","0","0","0","0","0","-","0"
1,"4zFxD0",1,1148,2007,100,"Kyrgyzstan","KGZ","KGZ",90,"Ireland","IRE","IRL",16,5,"0","0","0","0","0","-","0"
1,"4zFxD0",1,1149,2008,100,"Kyrgyzstan","KGZ","KGZ",90,"Ireland","IRE","IRL",17,5,"0","0","0","0","0","-","0"
1,"4zFxD0",1,1150,2009,100,"Kyrgyzstan","KGZ","KGZ",90,"Ireland","IRE","IRL",18,"0","0","0","0","0","0","-","0"
1,"4zFxD0",1,1151,2010,100,"Kyrgyzstan","KGZ","KGZ",90,"Ireland","IRE","IRL",18,5,"0","0","0","0","0","-","0"
1,"4zFxD0",1,1152,2011,100,"Kyrgyzstan","KGZ","KGZ",90,"Ireland","IRE","IRL",22,5,"0","0","0","0","0","-","0"
1,"4zFxD0",1,1153,2012,100,"Kyrgyzstan","KGZ","KGZ",90,"Ireland","IRE","IRL",21,5,"0","0","0","0","0","-","0"
1,"4zFxD0",1,1154,2013,100,"Kyrgyzstan","KGZ","KGZ",90,"Ireland","IRE","IRL",8,"0","0","0","0","0","0","-","0"
1,"4zFxD0",1,1155,2016,100,"Kyrgyzstan","KGZ","KGZ",90,"Ireland","IRE","IRL",5,6,"0","0","0","0","0","-","0"
1,"4zFxD0",1,1156,2017,100,"Kyrgyzstan","KGZ","KGZ",90,"Ireland","IRE","IRL",5,9,"0","0","0","0","0","-","0"
1,"4zFxD0",1,1157,2018,100,"Kyrgyzstan","KGZ","KGZ",90,"Ireland","IRE","IRL",5,7,"0","0","0","0","0","-","0"
1,"4zFxD0",1,1158,2019,100,"Kyrgyzstan","KGZ","KGZ",90,"Ireland","IRE","IRL",5,5,"0","0","0","0","0","-","0"
1,"4zFxD0",1,1159,2020,100,"Kyrgyzstan","KGZ","KGZ",90,"Ireland","IRE","IRL",5,5,"0","0","0","0","0","-","0"
1,"4zFxD0",1,1160,2021,100,"Kyrgyzstan","KGZ","KGZ",90,"Ireland","IRE","IRL",5,"0","0","0","0","0","0","-","0"
1,"4zFxD0",1,1161,2023,100,"Kyrgyzstan","KGZ","KGZ",90,"Ireland","IRE","IRL",5,"0","0","0","0","0","0","-","0"
1,"4zFxD0",1,1162,2024,100,"Kyrgyzstan","KGZ","KGZ",90,"Ireland","IRE","IRL",5,"0","0","0","0","0","0","-","0"
1,"4zFxD0",1,1163,2025,100,"Kyrgyzstan","KGZ","KGZ",90,"Ireland","IRE","IRL",5,"0","0","0","0","0","0","-","0"
1,"4zFxD0",1,1164,2002,103,"Dem. People's Rep. of Korea","KRN","PRK",90,"Ireland","IRE","IRL",5,"0","0","0","0","0","0","-","0"
1,"4zFxD0",1,1165,2003,103,"Dem. People's Rep. of Korea","KRN","PRK",90,"Ireland","IRE","IRL",5,"0","0","0","0","0","0","-","0"
1,"4zFxD0",1,1166,2004,103,"Dem. People's Rep. of Korea","KRN","PRK",90,"Ireland","IRE","IRL",5,"0","0","0","0","0","0","-","0"
1,"4zFxD0",1,1167,2005,103,"Dem. People's Rep. of Korea","KRN","PRK",90,"Ireland","IRE","IRL",5,"0","0","0","0","0","0","-","0"
1,"4zFxD0",1,1168,2006,103,"Dem. People's Rep. of Korea","KRN","PRK",90,"Ireland","IRE","IRL",5,"0","0","0","0","0","0","-","0"
1,"4zFxD0",1,1169,2007,103,"Dem. People's Rep. of Korea","KRN","PRK",90,"Ireland","IRE","IRL",6,"0","0","0","0","0","0","-","0"
1,"4zFxD0",1,1170,2008,103,"Dem. People's Rep. of Korea","KRN","PRK",90,"Ireland","IRE","IRL",6,"0","0","0","0","0","0","-","0"
1,"4zFxD0",1,1171,2009,103,"Dem. People's Rep. of Korea","KRN","PRK",90,"Ireland","IRE","IRL",6,"0","0","0","0","0","0","-","0"
1,"4zFxD0",1,1172,2010,103,"Dem. People's Rep. of Korea","KRN","PRK",90,"Ireland","IRE","IRL",6,"0","0","0","0","0","0","-","0"
1,"4zFxD0",1,1173,2011,103,"Dem. People's Rep. of Korea","KRN","PRK",90,"Ireland","IRE","IRL",5,"0","0","0","0","0","0","-","0"
1,"4zFxD0",1,1174,2016,103,"Dem. People's Rep. of Korea","KRN","PRK",90,"Ireland","IRE","IRL",5,"0","0","0","0","0","0","-","0"
1,"4zFxD0",1,1175,2017,103,"Dem. People's Rep. of Korea","KRN","PRK",90,"Ireland","IRE","IRL",5,5,"0","0","0","0","0","-","0"
1,"4zFxD0",1,1176,2018,103,"Dem. People's Rep. of Korea","KRN","PRK",90,"Ireland","IRE","IRL",7,"0","0","0","0","0","0","-","0"
1,"4zFxD0",1,1177,2019,103,"Dem. People's Rep. of Korea","KRN","PRK",90,"Ireland","IRE","IRL",7,6,"0","0","0","0","0","-","0"
1,"4zFxD0",1,1178,2020,103,"Dem. People's Rep. of Korea","KRN","PRK",90,"Ireland","IRE","IRL",7,5,"0","0","0","0","0","-","0"
1,"4zFxD0",1,1179,2021,103,"Dem. People's Rep. of Korea","KRN","PRK",90,"Ireland","IRE","IRL",9,"0","0","0","0","0","0","-","0"
1,"4zFxD0",1,1180,2022,103,"Dem. People's Rep. of Korea","KRN","PRK",90,"Ireland","IRE","IRL",8,5,"0","0","0","0","0","-","0"
1,"4zFxD0",1,1181,2023,103,"Dem. People's Rep. of Korea","KRN","PRK",90,"Ireland","IRE","IRL",11,9,"0","0","0","0","0","-","0"
1,"4zFxD0",1,1182,2024,103,"Dem. People's Rep. of Korea","KRN","PRK",90,"Ireland","IRE","IRL",9,6,"0","0","0","0","0","-","0"
1,"4zFxD0",1,1183,2025,103,"Dem. People's Rep. of Korea","KRN","PRK",90,"Ireland","IRE","IRL",14,"0","0","0","0","0","0","-","0"
1,"4zFxD0",1,1184,2004,104,"Kuwait","KUW","KWT",90,"Ireland","IRE","IRL","0",11,"0","0","0","0","0","-","0"
1,"4zFxD0",1,1185,2005,104,"Kuwait","KUW","KWT",90,"Ireland","IRE","IRL",9,"0","0","0","0","0","0","-","0"
1,"4zFxD0",1,1186,2006,104,"Kuwait","KUW","KWT",90,"Ireland","IRE","IRL",27,38,"0","0","0","0","0","-","0"
1,"4zFxD0",1,1187,2007,104,"Kuwait","KUW","KWT",90,"Ireland","IRE","IRL",47,34,"0","0","0","0","0","-","0"
1,"4zFxD0",1,1188,2008,104,"Kuwait","KUW","KWT",90,"Ireland","IRE","IRL",57,15,"0","0","0","0","0","-","0"
1,"4zFxD0",1,1189,2009,104,"Kuwait","KUW","KWT",90,"Ireland","IRE","IRL",59,10,"0","0","0","0","0","-","0"
1,"4zFxD0",1,1190,2010,104,"Kuwait","KUW","KWT",90,"Ireland","IRE","IRL",60,17,"0","0","0","0","0","-","0"
1,"4zFxD0",1,1191,2011,104,"Kuwait","KUW","KWT",90,"Ireland","IRE","IRL",61,23,"0","0","0","0","0","-","0"
1,"4zFxD0",1,1192,2012,104,"Kuwait","KUW","KWT",90,"Ireland","IRE","IRL",63,24,"0","0","0","0","0","-","0"
1,"4zFxD0",1,1193,2013,104,"Kuwait","KUW","KWT",90,"Ireland","IRE","IRL",28,20,"0","0","0","0","0","-","0"
1,"4zFxD0",1,1194,2014,104,"Kuwait","KUW","KWT",90,"Ireland","IRE","IRL",30,17,"0","0","0","0","0","-","0"
1,"4zFxD0",1,1195,2015,104,"Kuwait","KUW","KWT",90,"Ireland","IRE","IRL",40,17,"0","0","0","0","0","-","0"
1,"4zFxD0",1,1196,2016,104,"Kuwait","KUW","KWT",90,"Ireland","IRE","IRL",46,5,"0","0","0","0","0","-","0"
1,"4zFxD0",1,1197,2017,104,"Kuwait","KUW","KWT",90,"Ireland","IRE","IRL",46,26,"0","0","0","0","0","-","0"
1,"4zFxD0",1,1198,2018,104,"Kuwait","KUW","KWT",90,"Ireland","IRE","IRL",47,19,"0","0","0","0","0","-","0"
1,"4zFxD0",1,1199,2019,104,"Kuwait","KUW","KWT",90,"Ireland","IRE","IRL",50,24,"0","0","0","0","0","-","0"
1,"4zFxD0",1,1200,2020,104,"Kuwait","KUW","KWT",90,"Ireland","IRE","IRL",52,18,"0","0","0","0","0","-","0"
1,"4zFxD0",1,1201,2021,104,"Kuwait","KUW","KWT",90,"Ireland","IRE","IRL",51,11,"0","0","0","0","0","-","0"
1,"4zFxD0",1,1202,2022,104,"Kuwait","KUW","KWT",90,"Ireland","IRE","IRL",44,18,"0","0","0","0","0","-","0"
1,"4zFxD0",1,1203,2023,104,"Kuwait","KUW","KWT",90,"Ireland","IRE","IRL",37,42,"0","0","0","0","0","-","0"
1,"4zFxD0",1,1204,2024,104,"Kuwait","KUW","KWT",90,"Ireland","IRE","IRL",34,30,"0","0","0","0","0","-","0"
1,"4zFxD0",1,1205,2025,104,"Kuwait","KUW","KWT",90,"Ireland","IRE","IRL",36,28,"0","0","0","0","0","-","0"
1,"4zFxD0",1,1206,1999,106,"Liberia","LBR","LBR",90,"Ireland","IRE","IRL",5,"0","0","0","0","0","0","-","0"
1,"4zFxD0",1,1207,2000,106,"Liberia","LBR","LBR",90,"Ireland","IRE","IRL",7,"0","0","0","0","0","0","-","0"
1,"4zFxD0",1,1208,2001,106,"Liberia","LBR","LBR",90,"Ireland","IRE","IRL",9,"0","0","0","0","0","0","-","0"
1,"4zFxD0",1,1209,2002,106,"Liberia","LBR","LBR",90,"Ireland","IRE","IRL",15,"0","0","0","0","0","0","-","0"
1,"4zFxD0",1,1210,2003,106,"Liberia","LBR","LBR",90,"Ireland","IRE","IRL",26,83,"0","0","0","0","0","-","0"
1,"4zFxD0",1,1211,2004,106,"Liberia","LBR","LBR",90,"Ireland","IRE","IRL",39,49,"0","0","0","0","0","-","0"
1,"4zFxD0",1,1212,2005,106,"Liberia","LBR","LBR",90,"Ireland","IRE","IRL",40,"0","0","0","0","0","0","-","0"
1,"4zFxD0",1,1213,2006,106,"Liberia","LBR","LBR",90,"Ireland","IRE","IRL",40,33,"0","0","0","0","0","-","0"
1,"4zFxD0",1,1214,2007,106,"Liberia","LBR","LBR",90,"Ireland","IRE","IRL",44,25,"0","0","0","0","0","-","0"
1,"4zFxD0",1,1215,2008,106,"Liberia","LBR","LBR",90,"Ireland","IRE","IRL",46,24,"0","0","0","0","0","-","0"
1,"4zFxD0",1,1216,2009,106,"Liberia","LBR","LBR",90,"Ireland","IRE","IRL",42,12,"0","0","0","0","0","-","0"
1,"4zFxD0",1,1217,2010,106,"Liberia","LBR","LBR",90,"Ireland","IRE","IRL",42,62,"0","0","0","0","0","-","0"
1,"4zFxD0",1,1218,2011,106,"Liberia","LBR","LBR",90,"Ireland","IRE","IRL",40,66,"0","0","0","0","0","-","0"
1,"4zFxD0",1,1219,2012,106,"Liberia","LBR","LBR",90,"Ireland","IRE","IRL",29,62,"0","0","0","0","0","-","0"
1,"4zFxD0",1,1220,2013,106,"Liberia","LBR","LBR",90,"Ireland","IRE","IRL",26,53,"0","0","0","0","0","-","0"
1,"4zFxD0",1,1221,2014,106,"Liberia","LBR","LBR",90,"Ireland","IRE","IRL",29,23,"0","0","0","0","0","-","0"
1,"4zFxD0",1,1222,2015,106,"Liberia","LBR","LBR",90,"Ireland","IRE","IRL",25,16,"0","0","0","0","0","-","0"
1,"4zFxD0",1,1223,2016,106,"Liberia","LBR","LBR",90,"Ireland","IRE","IRL",23,5,"0","0","0","0","0","-","0"
1,"4zFxD0",1,1224,2017,106,"Liberia","LBR","LBR",90,"Ireland","IRE","IRL",23,5,"0","0","0","0","0","-","0"
1,"4zFxD0",1,1225,2018,106,"Liberia","LBR","LBR",90,"Ireland","IRE","IRL",13,"0","0","0","0","0","0","-","0"
1,"4zFxD0",1,1226,2019,106,"Liberia","LBR","LBR",90,"Ireland","IRE","IRL",13,"0","0","0","0","0","0","-","0"
1,"4zFxD0",1,1227,2020,106,"Liberia","LBR","LBR",90,"Ireland","IRE","IRL",13,"0","0","0","0","0","0","-","0"
1,"4zFxD0",1,1228,2021,106,"Liberia","LBR","LBR",90,"Ireland","IRE","IRL",12,"0","0","0","0","0","0","-","0"
1,"4zFxD0",1,1229,2022,106,"Liberia","LBR","LBR",90,"Ireland","IRE","IRL",7,5,"0","0","0","0","0","-","0"
1,"4zFxD0",1,1230,2023,106,"Liberia","LBR","LBR",90,"Ireland","IRE","IRL",10,5,"0","0","0","0","0","-","0"
1,"4zFxD0",1,1231,2024,106,"Liberia","LBR","LBR",90,"Ireland","IRE","IRL",9,"0","0","0","0","0","0","-","0"
1,"4zFxD0",1,1232,2025,106,"Liberia","LBR","LBR",90,"Ireland","IRE","IRL",11,10,"0","0","0","0","0","-","0"
1,"4zFxD0",1,1233,1999,107,"Libya","LBY","LBY",90,"Ireland","IRE","IRL",50,"0","0","0","0","0","0","-","0"
1,"4zFxD0",1,1234,2000,107,"Libya","LBY","LBY",90,"Ireland","IRE","IRL",48,"0","0","0","0","0","0","-","0"
1,"4zFxD0",1,1235,2001,107,"Libya","LBY","LBY",90,"Ireland","IRE","IRL",86,"0","0","0","0","0","0","-","0"
1,"4zFxD0",1,1236,2002,107,"Libya","LBY","LBY",90,"Ireland","IRE","IRL",93,"0","0","0","0","0","0","-","0"
1,"4zFxD0",1,1237,2003,107,"Libya","LBY","LBY",90,"Ireland","IRE","IRL",62,5,"0","0","0","0","0","-","0"
1,"4zFxD0",1,1238,2004,107,"Libya","LBY","LBY",90,"Ireland","IRE","IRL",62,6,"0","0","0","0","0","-","0"
1,"4zFxD0",1,1239,2005,107,"Libya","LBY","LBY",90,"Ireland","IRE","IRL",64,"0","0","0","0","0","0","-","0"
1,"4zFxD0",1,1240,2006,107,"Libya","LBY","LBY",90,"Ireland","IRE","IRL",64,10,"0","0","0","0","0","-","0"
1,"4zFxD0",1,1241,2007,107,"Libya","LBY","LBY",90,"Ireland","IRE","IRL",129,5,"0","0","0","0","0","-","0"
1,"4zFxD0",1,1242,2008,107,"Libya","LBY","LBY",90,"Ireland","IRE","IRL",127,8,"0","0","0","0","0","-","0"
1,"4zFxD0",1,1243,2009,107,"Libya","LBY","LBY",90,"Ireland","IRE","IRL",79,5,"0","0","0","0","0","-","0"
1,"4zFxD0",1,1244,2010,107,"Libya","LBY","LBY",90,"Ireland","IRE","IRL",67,10,"0","0","0","0","0","-","0"
1,"4zFxD0",1,1245,2011,107,"Libya","LBY","LBY",90,"Ireland","IRE","IRL",29,12,"0","0","0","0","0","-","0"
1,"4zFxD0",1,1246,2012,107,"Libya","LBY","LBY",90,"Ireland","IRE","IRL",12,17,"0","0","0","0","0","-","0"
1,"4zFxD0",1,1247,2013,107,"Libya","LBY","LBY",90,"Ireland","IRE","IRL",174,11,"0","0","0","0","0","-","0"
1,"4zFxD0",1,1248,2014,107,"Libya","LBY","LBY",90,"Ireland","IRE","IRL",161,12,"0","0","0","0","0","-","0"
1,"4zFxD0",1,1249,2015,107,"Libya","LBY","LBY",90,"Ireland","IRE","IRL",174,42,"0","0","0","0","0","-","0"
1,"4zFxD0",1,1250,2016,107,"Libya","LBY","LBY",90,"Ireland","IRE","IRL",226,48,"0","0","0","0","0","-","0"
1,"4zFxD0",1,1251,2017,107,"Libya","LBY","LBY",90,"Ireland","IRE","IRL",255,74,"0","0","0","0","0","-","0"
1,"4zFxD0",1,1252,2018,107,"Libya","LBY","LBY",90,"Ireland","IRE","IRL",150,67,"0","0","0","0","0","-","0"
1,"4zFxD0",1,1253,2019,107,"Libya","LBY","LBY",90,"Ireland","IRE","IRL",220,16,"0","0","0","0","0","-","0"
1,"4zFxD0",1,1254,2020,107,"Libya","LBY","LBY",90,"Ireland","IRE","IRL",241,22,"0","0","0","0","0","-","0"
1,"4zFxD0",1,1255,2021,107,"Libya","LBY","LBY",90,"Ireland","IRE","IRL",236,8,"0","0","0","0","0","-","0"
1,"4zFxD0",1,1256,2022,107,"Libya","LBY","LBY",90,"Ireland","IRE","IRL",202,14,"0","0","0","0","0","-","0"
1,"4zFxD0",1,1257,2023,107,"Libya","LBY","LBY",90,"Ireland","IRE","IRL",159,21,"0","0","0","0","0","-","0"
1,"4zFxD0",1,1258,2024,107,"Libya","LBY","LBY",90,"Ireland","IRE","IRL",136,24,"0","0","0","0","0","-","0"
1,"4zFxD0",1,1259,2025,107,"Libya","LBY","LBY",90,"Ireland","IRE","IRL",139,22,"0","0","0","0","0","-","0"
1,"4zFxD0",1,1260,2003,109,"Lebanon","LEB","LBN",90,"Ireland","IRE","IRL",8,8,"0","0","0","0","0","-","0"
1,"4zFxD0",1,1261,2004,109,"Lebanon","LEB","LBN",90,"Ireland","IRE","IRL",10,8,"0","0","0","0","0","-","0"
1,"4zFxD0",1,1262,2005,109,"Lebanon","LEB","LBN",90,"Ireland","IRE","IRL",10,"0","0","0","0","0","0","-","0"
1,"4zFxD0",1,1263,2006,109,"Lebanon","LEB","LBN",90,"Ireland","IRE","IRL",12,7,"0","0","0","0","0","-","0"
1,"4zFxD0",1,1264,2007,109,"Lebanon","LEB","LBN",90,"Ireland","IRE","IRL",18,8,"0","0","0","0","0","-","0"
1,"4zFxD0",1,1265,2008,109,"Lebanon","LEB","LBN",90,"Ireland","IRE","IRL",19,6,"0","0","0","0","0","-","0"
1,"4zFxD0",1,1266,2009,109,"Lebanon","LEB","LBN",90,"Ireland","IRE","IRL",19,5,"0","0","0","0","0","-","0"
1,"4zFxD0",1,1267,2010,109,"Lebanon","LEB","LBN",90,"Ireland","IRE","IRL",21,19,"0","0","0","0","0","-","0"
1,"4zFxD0",1,1268,2011,109,"Lebanon","LEB","LBN",90,"Ireland","IRE","IRL",19,10,"0","0","0","0","0","-","0"
1,"4zFxD0",1,1269,2012,109,"Lebanon","LEB","LBN",90,"Ireland","IRE","IRL",17,15,"0","0","0","0","0","-","0"
1,"4zFxD0",1,1270,2013,109,"Lebanon","LEB","LBN",90,"Ireland","IRE","IRL",15,5,"0","0","0","0","0","-","0"
1,"4zFxD0",1,1271,2014,109,"Lebanon","LEB","LBN",90,"Ireland","IRE","IRL",13,"0","0","0","0","0","0","-","0"
1,"4zFxD0",1,1272,2015,109,"Lebanon","LEB","LBN",90,"Ireland","IRE","IRL",13,"0","0","0","0","0","0","-","0"
1,"4zFxD0",1,1273,2016,109,"Lebanon","LEB","LBN",90,"Ireland","IRE","IRL",13,5,"0","0","0","0","0","-","0"
1,"4zFxD0",1,1274,2017,109,"Lebanon","LEB","LBN",90,"Ireland","IRE","IRL",13,5,"0","0","0","0","0","-","0"
1,"4zFxD0",1,1275,2018,109,"Lebanon","LEB","LBN",90,"Ireland","IRE","IRL",5,8,"0","0","0","0","0","-","0"
1,"4zFxD0",1,1276,2019,109,"Lebanon","LEB","LBN",90,"Ireland","IRE","IRL",5,10,"0","0","0","0","0","-","0"
1,"4zFxD0",1,1277,2020,109,"Lebanon","LEB","LBN",90,"Ireland","IRE","IRL",9,9,"0","0","0","0","0","-","0"
1,"4zFxD0",1,1278,2021,109,"Lebanon","LEB","LBN",90,"Ireland","IRE","IRL",9,13,"0","0","0","0","0","-","0"
1,"4zFxD0",1,1279,2022,109,"Lebanon","LEB","LBN",90,"Ireland","IRE","IRL",10,22,"0","0","0","0","0","-","0"
1,"4zFxD0",1,1280,2023,109,"Lebanon","LEB","LBN",90,"Ireland","IRE","IRL",18,18,"0","0","0","0","0","-","0"
1,"4zFxD0",1,1281,2024,109,"Lebanon","LEB","LBN",90,"Ireland","IRE","IRL",18,20,"0","0","0","0","0","-","0"
1,"4zFxD0",1,1282,2025,109,"Lebanon","LEB","LBN",90,"Ireland","IRE","IRL",24,14,"0","0","0","0","0","-","0"
1,"4zFxD0",1,1283,2004,110,"Lesotho","LES","LSO",90,"Ireland","IRE","IRL","0",5,"0","0","0","0","0","-","0"
1,"4zFxD0",1,1284,2008,110,"Lesotho","LES","LSO",90,"Ireland","IRE","IRL","0",5,"0","0","0","0","0","-","0"
1,"4zFxD0",1,1285,2014,110,"Lesotho","LES","LSO",90,"Ireland","IRE","IRL","0",10,"0","0","0","0","0","-","0"
1,"4zFxD0",1,1286,2015,110,"Lesotho","LES","LSO",90,"Ireland","IRE","IRL","0",5,"0","0","0","0","0","-","0"
1,"4zFxD0",1,1287,2016,110,"Lesotho","LES","LSO",90,"Ireland","IRE","IRL","0",5,"0","0","0","0","0","-","0"
1,"4zFxD0",1,1288,2018,110,"Lesotho","LES","LSO",90,"Ireland","IRE","IRL","0",5,"0","0","0","0","0","-","0"
1,"4zFxD0",1,1289,2019,110,"Lesotho","LES","LSO",90,"Ireland","IRE","IRL","0",5,"0","0","0","0","0","-","0"
1,"4zFxD0",1,1290,2020,110,"Lesotho","LES","LSO",90,"Ireland","IRE","IRL","0",6,"0","0","0","0","0","-","0"
1,"4zFxD0",1,1291,2021,110,"Lesotho","LES","LSO",90,"Ireland","IRE","IRL","0",7,"0","0","0","0","0","-","0"
1,"4zFxD0",1,1292,2022,110,"Lesotho","LES","LSO",90,"Ireland","IRE","IRL",5,7,"0","0","0","0","0","-","0"
1,"4zFxD0",1,1293,2023,110,"Lesotho","LES","LSO",90,"Ireland","IRE","IRL",5,15,"0","0","0","0","0","-","0"
1,"4zFxD0",1,1294,2024,110,"Lesotho","LES","LSO",90,"Ireland","IRE","IRL",9,19,"0","0","0","0","0","-","0"
1,"4zFxD0",1,1295,2025,110,"Lesotho","LES","LSO",90,"Ireland","IRE","IRL",10,26,"0","0","0","0","0","-","0"
1,"4zFxD0",1,1296,2000,112,"Sri Lanka","LKA","LKA",90,"Ireland","IRE","IRL",5,"0","0","0","0","0","0","-","0"
1,"4zFxD0",1,1297,2001,112,"Sri Lanka","LKA","LKA",90,"Ireland","IRE","IRL",5,"0","0","0","0","0","0","-","0"
1,"4zFxD0",1,1298,2002,112,"Sri Lanka","LKA","LKA",90,"Ireland","IRE","IRL",9,"0","0","0","0","0","0","-","0"
1,"4zFxD0",1,1299,2003,112,"Sri Lanka","LKA","LKA",90,"Ireland","IRE","IRL",13,5,"0","0","0","0","0","-","0"
1,"4zFxD0",1,1300,2004,112,"Sri Lanka","LKA","LKA",90,"Ireland","IRE","IRL",16,6,"0","0","0","0","0","-","0"
1,"4zFxD0",1,1301,2005,112,"Sri Lanka","LKA","LKA",90,"Ireland","IRE","IRL",20,"0","0","0","0","0","0","-","0"
1,"4zFxD0",1,1302,2006,112,"Sri Lanka","LKA","LKA",90,"Ireland","IRE","IRL",25,9,"0","0","0","0","0","-","0"
1,"4zFxD0",1,1303,2007,112,"Sri Lanka","LKA","LKA",90,"Ireland","IRE","IRL",21,16,"0","0","0","0","0","-","0"
1,"4zFxD0",1,1304,2008,112,"Sri Lanka","LKA","LKA",90,"Ireland","IRE","IRL",29,17,"0","0","0","0","0","-","0"
1,"4zFxD0",1,1305,2009,112,"Sri Lanka","LKA","LKA",90,"Ireland","IRE","IRL",31,14,"0","0","0","0","0","-","0"
1,"4zFxD0",1,1306,2010,112,"Sri Lanka","LKA","LKA",90,"Ireland","IRE","IRL",30,21,"0","0","0","0","0","-","0"
1,"4zFxD0",1,1307,2011,112,"Sri Lanka","LKA","LKA",90,"Ireland","IRE","IRL",29,14,"0","0","0","0","0","-","0"
1,"4zFxD0",1,1308,2012,112,"Sri Lanka","LKA","LKA",90,"Ireland","IRE","IRL",27,16,"0","0","0","0","0","-","0"
1,"4zFxD0",1,1309,2013,112,"Sri Lanka","LKA","LKA",90,"Ireland","IRE","IRL",21,15,"0","0","0","0","0","-","0"
1,"4zFxD0",1,1310,2014,112,"Sri Lanka","LKA","LKA",90,"Ireland","IRE","IRL",18,10,"0","0","0","0","0","-","0"
1,"4zFxD0",1,1311,2015,112,"Sri Lanka","LKA","LKA",90,"Ireland","IRE","IRL",20,12,"0","0","0","0","0","-","0"
1,"4zFxD0",1,1312,2016,112,"Sri Lanka","LKA","LKA",90,"Ireland","IRE","IRL",19,7,"0","0","0","0","0","-","0"
1,"4zFxD0",1,1313,2017,112,"Sri Lanka","LKA","LKA",90,"Ireland","IRE","IRL",20,11,"0","0","0","0","0","-","0"
1,"4zFxD0",1,1314,2018,112,"Sri Lanka","LKA","LKA",90,"Ireland","IRE","IRL",21,17,"0","0","0","0","0","-","0"
1,"4zFxD0",1,1315,2019,112,"Sri Lanka","LKA","LKA",90,"Ireland","IRE","IRL",21,12,"0","0","0","0","0","-","0"
1,"4zFxD0",1,1316,2020,112,"Sri Lanka","LKA","LKA",90,"Ireland","IRE","IRL",21,16,"0","0","0","0","0","-","0"
1,"4zFxD0",1,1317,2021,112,"Sri Lanka","LKA","LKA",90,"Ireland","IRE","IRL",25,7,"0","0","0","0","0","-","0"
1,"4zFxD0",1,1318,2022,112,"Sri Lanka","LKA","LKA",90,"Ireland","IRE","IRL",18,10,"0","0","0","0","0","-","0"
1,"4zFxD0",1,1319,2023,112,"Sri Lanka","LKA","LKA",90,"Ireland","IRE","IRL",17,20,"0","0","0","0","0","-","0"
1,"4zFxD0",1,1320,2024,112,"Sri Lanka","LKA","LKA",90,"Ireland","IRE","IRL",19,44,"0","0","0","0","0","-","0"
1,"4zFxD0",1,1321,2025,112,"Sri Lanka","LKA","LKA",90,"Ireland","IRE","IRL",19,56,"0","0","0","0","0","-","0"
1,"4zFxD0",1,1322,2002,113,"Lithuania","LTU","LTU",90,"Ireland","IRE","IRL",6,"0","0","0","0","0","0","-","0"
1,"4zFxD0",1,1323,2003,113,"Lithuania","LTU","LTU",90,"Ireland","IRE","IRL",14,65,"0","0","0","0","0","-","0"
1,"4zFxD0",1,1324,2004,113,"Lithuania","LTU","LTU",90,"Ireland","IRE","IRL",22,"0","0","0","0","0","0","-","0"
1,"4zFxD0",1,1325,2005,113,"Lithuania","LTU","LTU",90,"Ireland","IRE","IRL",22,"0","0","0","0","0","0","-","0"
1,"4zFxD0",1,1326,2006,113,"Lithuania","LTU","LTU",90,"Ireland","IRE","IRL",22,"0","0","0","0","0","0","-","0"
1,"4zFxD0",1,1327,2007,113,"Lithuania","LTU","LTU",90,"Ireland","IRE","IRL",22,"0","0","0","0","0","0","-","0"
1,"4zFxD0",1,1328,2008,113,"Lithuania","LTU","LTU",90,"Ireland","IRE","IRL",22,"0","0","0","0","0","0","-","0"
1,"4zFxD0",1,1329,2009,113,"Lithuania","LTU","LTU",90,"Ireland","IRE","IRL",22,"0","0","0","0","0","0","-","0"
1,"4zFxD0",1,1330,2010,113,"Lithuania","LTU","LTU",90,"Ireland","IRE","IRL",22,"0","0","0","0","0","0","-","0"
1,"4zFxD0",1,1331,2011,113,"Lithuania","LTU","LTU",90,"Ireland","IRE","IRL",22,"0","0","0","0","0","0","-","0"
1,"4zFxD0",1,1332,2012,113,"Lithuania","LTU","LTU",90,"Ireland","IRE","IRL",16,"0","0","0","0","0","0","-","0"
1,"4zFxD0",1,1333,2013,113,"Lithuania","LTU","LTU",90,"Ireland","IRE","IRL",14,"0","0","0","0","0","0","-","0"
1,"4zFxD0",1,1334,2014,113,"Lithuania","LTU","LTU",90,"Ireland","IRE","IRL",14,"0","0","0","0","0","0","-","0"
1,"4zFxD0",1,1335,2015,113,"Lithuania","LTU","LTU",90,"Ireland","IRE","IRL",14,"0","0","0","0","0","0","-","0"
1,"4zFxD0",1,1336,2001,115,"Latvia","LVA","LVA",90,"Ireland","IRE","IRL",6,"0","0","0","0","0","0","-","0"
1,"4zFxD0",1,1337,2002,115,"Latvia","LVA","LVA",90,"Ireland","IRE","IRL",12,"0","0","0","0","0","0","-","0"
1,"4zFxD0",1,1338,2003,115,"Latvia","LVA","LVA",90,"Ireland","IRE","IRL",23,12,"0","0","0","0","0","-","0"
1,"4zFxD0",1,1339,2004,115,"Latvia","LVA","LVA",90,"Ireland","IRE","IRL",23,"0","0","0","0","0","0","-","0"
1,"4zFxD0",1,1340,2005,115,"Latvia","LVA","LVA",90,"Ireland","IRE","IRL",23,"0","0","0","0","0","0","-","0"
1,"4zFxD0",1,1341,2006,115,"Latvia","LVA","LVA",90,"Ireland","IRE","IRL",23,"0","0","0","0","0","0","-","0"
1,"4zFxD0",1,1342,2007,115,"Latvia","LVA","LVA",90,"Ireland","IRE","IRL",23,"0","0","0","0","0","0","-","0"
1,"4zFxD0",1,1343,2008,115,"Latvia","LVA","LVA",90,"Ireland","IRE","IRL",23,"0","0","0","0","0","0","-","0"
1,"4zFxD0",1,1344,2009,115,"Latvia","LVA","LVA",90,"Ireland","IRE","IRL",23,"0","0","0","0","0","0","-","0"
1,"4zFxD0",1,1345,2010,115,"Latvia","LVA","LVA",90,"Ireland","IRE","IRL",23,"0","0","0","0","0","0","-","0"
1,"4zFxD0",1,1346,2011,115,"Latvia","LVA","LVA",90,"Ireland","IRE","IRL",17,"0","0","0","0","0","0","-","0"
1,"4zFxD0",1,1347,2012,115,"Latvia","LVA","LVA",90,"Ireland","IRE","IRL",11,"0","0","0","0","0","0","-","0"
1,"4zFxD0",1,1348,2013,115,"Latvia","LVA","LVA",90,"Ireland","IRE","IRL",6,"0","0","0","0","0","0","-","0"
1,"4zFxD0",1,1349,2014,115,"Latvia","LVA","LVA",90,"Ireland","IRE","IRL",6,"0","0","0","0","0","0","-","0"
1,"4zFxD0",1,1350,2015,115,"Latvia","LVA","LVA",90,"Ireland","IRE","IRL",6,"0","0","0","0","0","0","-","0"
1,"4zFxD0",1,1351,2003,119,"Mauritania","MAU","MRT",90,"Ireland","IRE","IRL","0",5,"0","0","0","0","0","-","0"
1,"4zFxD0",1,1352,2004,119,"Mauritania","MAU","MRT",90,"Ireland","IRE","IRL",5,"0","0","0","0","0","0","-","0"
1,"4zFxD0",1,1353,2005,119,"Mauritania","MAU","MRT",90,"Ireland","IRE","IRL",5,"0","0","0","0","0","0","-","0"
1,"4zFxD0",1,1354,2006,119,"Mauritania","MAU","MRT",90,"Ireland","IRE","IRL",5,"0","0","0","0","0","0","-","0"
1,"4zFxD0",1,1355,2007,119,"Mauritania","MAU","MRT",90,"Ireland","IRE","IRL",6,"0","0","0","0","0","0","-","0"
1,"4zFxD0",1,1356,2008,119,"Mauritania","MAU","MRT",90,"Ireland","IRE","IRL",6,"0","0","0","0","0","0","-","0"
1,"4zFxD0",1,1357,2009,119,"Mauritania","MAU","MRT",90,"Ireland","IRE","IRL",6,"0","0","0","0","0","0","-","0"
1,"4zFxD0",1,1358,2010,119,"Mauritania","MAU","MRT",90,"Ireland","IRE","IRL",5,"0","0","0","0","0","0","-","0"
1,"4zFxD0",1,1359,2011,119,"Mauritania","MAU","MRT",90,"Ireland","IRE","IRL",5,"0","0","0","0","0","0","-","0"
1,"4zFxD0",1,1360,2012,119,"Mauritania","MAU","MRT",90,"Ireland","IRE","IRL",5,5,"0","0","0","0","0","-","0"
1,"4zFxD0",1,1361,2013,119,"Mauritania","MAU","MRT",90,"Ireland","IRE","IRL",5,"0","0","0","0","0","0","-","0"
1,"4zFxD0",1,1362,2014,119,"Mauritania","MAU","MRT",90,"Ireland","IRE","IRL",5,"0","0","0","0","0","0","-","0"
1,"4zFxD0",1,1363,2015,119,"Mauritania","MAU","MRT",90,"Ireland","IRE","IRL",5,"0","0","0","0","0","0","-","0"
1,"4zFxD0",1,1364,2016,119,"Mauritania","MAU","MRT",90,"Ireland","IRE","IRL",5,"0","0","0","0","0","0","-","0"
1,"4zFxD0",1,1365,2017,119,"Mauritania","MAU","MRT",90,"Ireland","IRE","IRL",5,"0","0","0","0","0","0","-","0"
1,"4zFxD0",1,1366,2023,119,"Mauritania","MAU","MRT",90,"Ireland","IRE","IRL","0",5,"0","0","0","0","0","-","0"
1,"4zFxD0",1,1367,2003,120,"North Macedonia","MCD","MKD",90,"Ireland","IRE","IRL",5,12,"0","0","0","0","0","-","0"
1,"4zFxD0",1,1368,2004,120,"North Macedonia","MCD","MKD",90,"Ireland","IRE","IRL",6,5,"0","0","0","0","0","-","0"
1,"4zFxD0",1,1369,2005,120,"North Macedonia","MCD","MKD",90,"Ireland","IRE","IRL",15,"0","0","0","0","0","0","-","0"
1,"4zFxD0",1,1370,2006,120,"North Macedonia","MCD","MKD",90,"Ireland","IRE","IRL",15,5,"0","0","0","0","0","-","0"
1,"4zFxD0",1,1371,2007,120,"North Macedonia","MCD","MKD",90,"Ireland","IRE","IRL",15,"0","0","0","0","0","0","-","0"
1,"4zFxD0",1,1372,2008,120,"North Macedonia","MCD","MKD",90,"Ireland","IRE","IRL",15,"0","0","0","0","0","0","-","0"
1,"4zFxD0",1,1373,2009,120,"North Macedonia","MCD","MKD",90,"Ireland","IRE","IRL",15,"0","0","0","0","0","0","-","0"
1,"4zFxD0",1,1374,2010,120,"North Macedonia","MCD","MKD",90,"Ireland","IRE","IRL",15,"0","0","0","0","0","0","-","0"
1,"4zFxD0",1,1375,2011,120,"North Macedonia","MCD","MKD",90,"Ireland","IRE","IRL",15,"0","0","0","0","0","0","-","0"
1,"4zFxD0",1,1376,2012,120,"North Macedonia","MCD","MKD",90,"Ireland","IRE","IRL",15,"0","0","0","0","0","0","-","0"
1,"4zFxD0",1,1377,2013,120,"North Macedonia","MCD","MKD",90,"Ireland","IRE","IRL",5,"0","0","0","0","0","0","-","0"
1,"4zFxD0",1,1378,2014,120,"North Macedonia","MCD","MKD",90,"Ireland","IRE","IRL",10,"0","0","0","0","0","0","-","0"
1,"4zFxD0",1,1379,2021,120,"North Macedonia","MCD","MKD",90,"Ireland","IRE","IRL",6,"0","0","0","0","0","0","-","0"
1,"4zFxD0",1,1380,2022,120,"North Macedonia","MCD","MKD",90,"Ireland","IRE","IRL",6,"0","0","0","0","0","0","-","0"
1,"4zFxD0",1,1381,2023,120,"North Macedonia","MCD","MKD",90,"Ireland","IRE","IRL",7,"0","0","0","0","0","0","-","0"
1,"4zFxD0",1,1382,2024,120,"North Macedonia","MCD","MKD",90,"Ireland","IRE","IRL",7,"0","0","0","0","0","0","-","0"
1,"4zFxD0",1,1383,2025,120,"North Macedonia","MCD","MKD",90,"Ireland","IRE","IRL",7,"0","0","0","0","0","0","-","0"
1,"4zFxD0",1,1384,2001,122,"Rep. of Moldova","MDA","MDA",90,"Ireland","IRE","IRL",18,"0","0","0","0","0","0","-","0"
1,"4zFxD0",1,1385,2002,122,"Rep. of Moldova","MDA","MDA",90,"Ireland","IRE","IRL",79,"0","0","0","0","0","0","-","0"
1,"4zFxD0",1,1386,2003,122,"Rep. of Moldova","MDA","MDA",90,"Ireland","IRE","IRL",139,209,"0","0","0","0","0","-","0"
1,"4zFxD0",1,1387,2004,122,"Rep. of Moldova","MDA","MDA",90,"Ireland","IRE","IRL",177,79,"0","0","0","0","0","-","0"
1,"4zFxD0",1,1388,2005,122,"Rep. of Moldova","MDA","MDA",90,"Ireland","IRE","IRL",190,"0","0","0","0","0","0","-","0"
1,"4zFxD0",1,1389,2006,122,"Rep. of Moldova","MDA","MDA",90,"Ireland","IRE","IRL",199,69,"0","0","0","0","0","-","0"
1,"4zFxD0",1,1390,2007,122,"Rep. of Moldova","MDA","MDA",90,"Ireland","IRE","IRL",212,105,"0","0","0","0","0","-","0"
1,"4zFxD0",1,1391,2008,122,"Rep. of Moldova","MDA","MDA",90,"Ireland","IRE","IRL",221,85,"0","0","0","0","0","-","0"
1,"4zFxD0",1,1392,2009,122,"Rep. of Moldova","MDA","MDA",90,"Ireland","IRE","IRL",227,30,"0","0","0","0","0","-","0"
1,"4zFxD0",1,1393,2010,122,"Rep. of Moldova","MDA","MDA",90,"Ireland","IRE","IRL",232,92,"0","0","0","0","0","-","0"
1,"4zFxD0",1,1394,2011,122,"Rep. of Moldova","MDA","MDA",90,"Ireland","IRE","IRL",215,103,"0","0","0","0","0","-","0"
1,"4zFxD0",1,1395,2012,122,"Rep. of Moldova","MDA","MDA",90,"Ireland","IRE","IRL",158,108,"0","0","0","0","0","-","0"
1,"4zFxD0",1,1396,2013,122,"Rep. of Moldova","MDA","MDA",90,"Ireland","IRE","IRL",126,75,"0","0","0","0","0","-","0"
1,"4zFxD0",1,1397,2014,122,"Rep. of Moldova","MDA","MDA",90,"Ireland","IRE","IRL",106,39,"0","0","0","0","0","-","0"
1,"4zFxD0",1,1398,2015,122,"Rep. of Moldova","MDA","MDA",90,"Ireland","IRE","IRL",106,24,"0","0","0","0","0","-","0"
1,"4zFxD0",1,1399,2016,122,"Rep. of Moldova","MDA","MDA",90,"Ireland","IRE","IRL",105,5,"0","0","0","0","0","-","0"
1,"4zFxD0",1,1400,2017,122,"Rep. of Moldova","MDA","MDA",90,"Ireland","IRE","IRL",105,8,"0","0","0","0","0","-","0"
1,"4zFxD0",1,1401,2018,122,"Rep. of Moldova","MDA","MDA",90,"Ireland","IRE","IRL",55,7,"0","0","0","0","0","-","0"
1,"4zFxD0",1,1402,2019,122,"Rep. of Moldova","MDA","MDA",90,"Ireland","IRE","IRL",54,8,"0","0","0","0","0","-","0"
1,"4zFxD0",1,1403,2020,122,"Rep. of Moldova","MDA","MDA",90,"Ireland","IRE","IRL",54,5,"0","0","0","0","0","-","0"
1,"4zFxD0",1,1404,2021,122,"Rep. of Moldova","MDA","MDA",90,"Ireland","IRE","IRL",51,"0","0","0","0","0","0","-","0"
1,"4zFxD0",1,1405,2022,122,"Rep. of Moldova","MDA","MDA",90,"Ireland","IRE","IRL",42,"0","0","0","0","0","0","-","0"
1,"4zFxD0",1,1406,2023,122,"Rep. of Moldova","MDA","MDA",90,"Ireland","IRE","IRL",80,5,"0","0","0","0","0","-","0"
1,"4zFxD0",1,1407,2024,122,"Rep. of Moldova","MDA","MDA",90,"Ireland","IRE","IRL",80,"0","0","0","0","0","0","-","0"
1,"4zFxD0",1,1408,2025,122,"Rep. of Moldova","MDA","MDA",90,"Ireland","IRE","IRL",81,5,"0","0","0","0","0","-","0"
1,"4zFxD0",1,1409,2017,124,"Mexico","MEX","MEX",90,"Ireland","IRE","IRL","0",6,"0","0","0","0","0","-","0"
1,"4zFxD0",1,1410,2018,124,"Mexico","MEX","MEX",90,"Ireland","IRE","IRL","0",12,"0","0","0","0","0","-","0"
1,"4zFxD0",1,1411,2019,124,"Mexico","MEX","MEX",90,"Ireland","IRE","IRL",5,7,"0","0","0","0","0","-","0"
1,"4zFxD0",1,1412,2020,124,"Mexico","MEX","MEX",90,"Ireland","IRE","IRL",9,5,"0","0","0","0","0","-","0"
1,"4zFxD0",1,1413,2021,124,"Mexico","MEX","MEX",90,"Ireland","IRE","IRL",9,10,"0","0","0","0","0","-","0"
1,"4zFxD0",1,1414,2022,124,"Mexico","MEX","MEX",90,"Ireland","IRE","IRL",10,5,"0","0","0","0","0","-","0"
1,"4zFxD0",1,1415,2023,124,"Mexico","MEX","MEX",90,"Ireland","IRE","IRL",13,28,"0","0","0","0","0","-","0"
1,"4zFxD0",1,1416,2024,124,"Mexico","MEX","MEX",90,"Ireland","IRE","IRL",18,22,"0","0","0","0","0","-","0"
1,"4zFxD0",1,1417,2025,124,"Mexico","MEX","MEX",90,"Ireland","IRE","IRL",21,28,"0","0","0","0","0","-","0"
1,"4zFxD0",1,1418,2007,126,"Mali","MLI","MLI",90,"Ireland","IRE","IRL","0",5,"0","0","0","0","0","-","0"
1,"4zFxD0",1,1419,2008,126,"Mali","MLI","MLI",90,"Ireland","IRE","IRL","0",5,"0","0","0","0","0","-","0"
1,"4zFxD0",1,1420,2013,126,"Mali","MLI","MLI",90,"Ireland","IRE","IRL",7,"0","0","0","0","0","0","-","0"
1,"4zFxD0",1,1421,2014,126,"Mali","MLI","MLI",90,"Ireland","IRE","IRL",7,"0","0","0","0","0","0","-","0"
1,"4zFxD0",1,1422,2015,126,"Mali","MLI","MLI",90,"Ireland","IRE","IRL",9,"0","0","0","0","0","0","-","0"
1,"4zFxD0",1,1423,2016,126,"Mali","MLI","MLI",90,"Ireland","IRE","IRL",8,"0","0","0","0","0","0","-","0"
1,"4zFxD0",1,1424,2017,126,"Mali","MLI","MLI",90,"Ireland","IRE","IRL",8,"0","0","0","0","0","0","-","0"
1,"4zFxD0",1,1425,2018,126,"Mali","MLI","MLI",90,"Ireland","IRE","IRL",8,"0","0","0","0","0","0","-","0"
1,"4zFxD0",1,1426,2019,126,"Mali","MLI","MLI",90,"Ireland","IRE","IRL",8,"0","0","0","0","0","0","-","0"
1,"4zFxD0",1,1427,2020,126,"Mali","MLI","MLI",90,"Ireland","IRE","IRL",7,"0","0","0","0","0","0","-","0"
1,"4zFxD0",1,1428,2021,126,"Mali","MLI","MLI",90,"Ireland","IRE","IRL",5,"0","0","0","0","0","0","-","0"
1,"4zFxD0",1,1429,2006,127,"Malaysia","MLS","MYS",90,"Ireland","IRE","IRL","0",10,"0","0","0","0","0","-","0"
1,"4zFxD0",1,1430,2007,127,"Malaysia","MLS","MYS",90,"Ireland","IRE","IRL","0",10,"0","0","0","0","0","-","0"
1,"4zFxD0",1,1431,2008,127,"Malaysia","MLS","MYS",90,"Ireland","IRE","IRL","0",9,"0","0","0","0","0","-","0"
1,"4zFxD0",1,1432,2009,127,"Malaysia","MLS","MYS",90,"Ireland","IRE","IRL","0",5,"0","0","0","0","0","-","0"
1,"4zFxD0",1,1433,2014,127,"Malaysia","MLS","MYS",90,"Ireland","IRE","IRL","0",5,"0","0","0","0","0","-","0"
1,"4zFxD0",1,1434,2015,127,"Malaysia","MLS","MYS",90,"Ireland","IRE","IRL",5,5,"0","0","0","0","0","-","0"
1,"4zFxD0",1,1435,2016,127,"Malaysia","MLS","MYS",90,"Ireland","IRE","IRL",5,16,"0","0","0","0","0","-","0"
1,"4zFxD0",1,1436,2017,127,"Malaysia","MLS","MYS",90,"Ireland","IRE","IRL",5,16,"0","0","0","0","0","-","0"
1,"4zFxD0",1,1437,2018,127,"Malaysia","MLS","MYS",90,"Ireland","IRE","IRL","0",25,"0","0","0","0","0","-","0"
1,"4zFxD0",1,1438,2019,127,"Malaysia","MLS","MYS",90,"Ireland","IRE","IRL",5,31,"0","0","0","0","0","-","0"
1,"4zFxD0",1,1439,2020,127,"Malaysia","MLS","MYS",90,"Ireland","IRE","IRL",5,29,"0","0","0","0","0","-","0"
1,"4zFxD0",1,1440,2021,127,"Malaysia","MLS","MYS",90,"Ireland","IRE","IRL",9,18,"0","0","0","0","0","-","0"
1,"4zFxD0",1,1441,2022,127,"Malaysia","MLS","MYS",90,"Ireland","IRE","IRL",10,29,"0","0","0","0","0","-","0"
1,"4zFxD0",1,1442,2023,127,"Malaysia","MLS","MYS",90,"Ireland","IRE","IRL",18,23,"0","0","0","0","0","-","0"
1,"4zFxD0",1,1443,2024,127,"Malaysia","MLS","MYS",90,"Ireland","IRE","IRL",26,26,"0","0","0","0","0","-","0"
1,"4zFxD0",1,1444,2025,127,"Malaysia","MLS","MYS",90,"Ireland","IRE","IRL",26,26,"0","0","0","0","0","-","0"
1,"4zFxD0",1,1445,2003,128,"Malawi","MLW","MWI",90,"Ireland","IRE","IRL","0",11,"0","0","0","0","0","-","0"
1,"4zFxD0",1,1446,2004,128,"Malawi","MLW","MWI",90,"Ireland","IRE","IRL",5,5,"0","0","0","0","0","-","0"
1,"4zFxD0",1,1447,2005,128,"Malawi","MLW","MWI",90,"Ireland","IRE","IRL",5,"0","0","0","0","0","0","-","0"
1,"4zFxD0",1,1448,2006,128,"Malawi","MLW","MWI",90,"Ireland","IRE","IRL",5,10,"0","0","0","0","0","-","0"
1,"4zFxD0",1,1449,2007,128,"Malawi","MLW","MWI",90,"Ireland","IRE","IRL",5,13,"0","0","0","0","0","-","0"
1,"4zFxD0",1,1450,2008,128,"Malawi","MLW","MWI",90,"Ireland","IRE","IRL",5,23,"0","0","0","0","0","-","0"
1,"4zFxD0",1,1451,2009,128,"Malawi","MLW","MWI",90,"Ireland","IRE","IRL",5,20,"0","0","0","0","0","-","0"
1,"4zFxD0",1,1452,2010,128,"Malawi","MLW","MWI",90,"Ireland","IRE","IRL",6,46,"0","0","0","0","0","-","0"
1,"4zFxD0",1,1453,2011,128,"Malawi","MLW","MWI",90,"Ireland","IRE","IRL",9,57,"0","0","0","0","0","-","0"
1,"4zFxD0",1,1454,2012,128,"Malawi","MLW","MWI",90,"Ireland","IRE","IRL",10,61,"0","0","0","0","0","-","0"
1,"4zFxD0",1,1455,2013,128,"Malawi","MLW","MWI",90,"Ireland","IRE","IRL",17,81,"0","0","0","0","0","-","0"
1,"4zFxD0",1,1456,2014,128,"Malawi","MLW","MWI",90,"Ireland","IRE","IRL",28,117,"0","0","0","0","0","-","0"
1,"4zFxD0",1,1457,2015,128,"Malawi","MLW","MWI",90,"Ireland","IRE","IRL",38,165,"0","0","0","0","0","-","0"
1,"4zFxD0",1,1458,2016,128,"Malawi","MLW","MWI",90,"Ireland","IRE","IRL",43,184,"0","0","0","0","0","-","0"
1,"4zFxD0",1,1459,2017,128,"Malawi","MLW","MWI",90,"Ireland","IRE","IRL",51,177,"0","0","0","0","0","-","0"
1,"4zFxD0",1,1460,2018,128,"Malawi","MLW","MWI",90,"Ireland","IRE","IRL",75,176,"0","0","0","0","0","-","0"
1,"4zFxD0",1,1461,2019,128,"Malawi","MLW","MWI",90,"Ireland","IRE","IRL",95,180,"0","0","0","0","0","-","0"
1,"4zFxD0",1,1462,2020,128,"Malawi","MLW","MWI",90,"Ireland","IRE","IRL",126,183,"0","0","0","0","0","-","0"
1,"4zFxD0",1,1463,2021,128,"Malawi","MLW","MWI",90,"Ireland","IRE","IRL",142,125,"0","0","0","0","0","-","0"
1,"4zFxD0",1,1464,2022,128,"Malawi","MLW","MWI",90,"Ireland","IRE","IRL",161,115,"0","0","0","0","0","-","0"
1,"4zFxD0",1,1465,2023,128,"Malawi","MLW","MWI",90,"Ireland","IRE","IRL",189,133,"0","0","0","0","0","-","0"
1,"4zFxD0",1,1466,2024,128,"Malawi","MLW","MWI",90,"Ireland","IRE","IRL",185,189,"0","0","0","0","0","-","0"
1,"4zFxD0",1,1467,2025,128,"Malawi","MLW","MWI",90,"Ireland","IRE","IRL",197,198,"0","0","0","0","0","-","0"
1,"4zFxD0",1,1468,2003,129,"Mongolia","MNG","MNG",90,"Ireland","IRE","IRL","0",5,"0","0","0","0","0","-","0"
1,"4zFxD0",1,1469,2004,129,"Mongolia","MNG","MNG",90,"Ireland","IRE","IRL","0",5,"0","0","0","0","0","-","0"
1,"4zFxD0",1,1470,2006,129,"Mongolia","MNG","MNG",90,"Ireland","IRE","IRL","0",5,"0","0","0","0","0","-","0"
1,"4zFxD0",1,1471,2007,129,"Mongolia","MNG","MNG",90,"Ireland","IRE","IRL","0",10,"0","0","0","0","0","-","0"
1,"4zFxD0",1,1472,2008,129,"Mongolia","MNG","MNG",90,"Ireland","IRE","IRL","0",8,"0","0","0","0","0","-","0"
1,"4zFxD0",1,1473,2009,129,"Mongolia","MNG","MNG",90,"Ireland","IRE","IRL","0",5,"0","0","0","0","0","-","0"
1,"4zFxD0",1,1474,2010,129,"Mongolia","MNG","MNG",90,"Ireland","IRE","IRL","0",15,"0","0","0","0","0","-","0"
1,"4zFxD0",1,1475,2011,129,"Mongolia","MNG","MNG",90,"Ireland","IRE","IRL",5,11,"0","0","0","0","0","-","0"
1,"4zFxD0",1,1476,2012,129,"Mongolia","MNG","MNG",90,"Ireland","IRE","IRL",5,11,"0","0","0","0","0","-","0"
1,"4zFxD0",1,1477,2013,129,"Mongolia","MNG","MNG",90,"Ireland","IRE","IRL",5,6,"0","0","0","0","0","-","0"
1,"4zFxD0",1,1478,2014,129,"Mongolia","MNG","MNG",90,"Ireland","IRE","IRL",5,"0","0","0","0","0","0","-","0"
1,"4zFxD0",1,1479,2015,129,"Mongolia","MNG","MNG",90,"Ireland","IRE","IRL",5,"0","0","0","0","0","0","-","0"
1,"4zFxD0",1,1480,2016,129,"Mongolia","MNG","MNG",90,"Ireland","IRE","IRL",5,"0","0","0","0","0","0","-","0"
1,"4zFxD0",1,1481,2017,129,"Mongolia","MNG","MNG",90,"Ireland","IRE","IRL",5,11,"0","0","0","0","0","-","0"
1,"4zFxD0",1,1482,2018,129,"Mongolia","MNG","MNG",90,"Ireland","IRE","IRL",5,16,"0","0","0","0","0","-","0"
1,"4zFxD0",1,1483,2019,129,"Mongolia","MNG","MNG",90,"Ireland","IRE","IRL",5,14,"0","0","0","0","0","-","0"
1,"4zFxD0",1,1484,2020,129,"Mongolia","MNG","MNG",90,"Ireland","IRE","IRL",5,11,"0","0","0","0","0","-","0"
1,"4zFxD0",1,1485,2021,129,"Mongolia","MNG","MNG",90,"Ireland","IRE","IRL",8,5,"0","0","0","0","0","-","0"
1,"4zFxD0",1,1486,2022,129,"Mongolia","MNG","MNG",90,"Ireland","IRE","IRL",9,"0","0","0","0","0","0","-","0"
1,"4zFxD0",1,1487,2023,129,"Mongolia","MNG","MNG",90,"Ireland","IRE","IRL",9,9,"0","0","0","0","0","-","0"
1,"4zFxD0",1,1488,2024,129,"Mongolia","MNG","MNG",90,"Ireland","IRE","IRL",9,14,"0","0","0","0","0","-","0"
1,"4zFxD0",1,1489,2025,129,"Mongolia","MNG","MNG",90,"Ireland","IRE","IRL",9,18,"0","0","0","0","0","-","0"
1,"4zFxD0",1,1490,2003,130,"Morocco","MOR","MAR",90,"Ireland","IRE","IRL",5,10,"0","0","0","0","0","-","0"
1,"4zFxD0",1,1491,2004,130,"Morocco","MOR","MAR",90,"Ireland","IRE","IRL",5,7,"0","0","0","0","0","-","0"
1,"4zFxD0",1,1492,2005,130,"Morocco","MOR","MAR",90,"Ireland","IRE","IRL",5,"0","0","0","0","0","0","-","0"
1,"4zFxD0",1,1493,2006,130,"Morocco","MOR","MAR",90,"Ireland","IRE","IRL",5,10,"0","0","0","0","0","-","0"
1,"4zFxD0",1,1494,2007,130,"Morocco","MOR","MAR",90,"Ireland","IRE","IRL",5,15,"0","0","0","0","0","-","0"
1,"4zFxD0",1,1495,2008,130,"Morocco","MOR","MAR",90,"Ireland","IRE","IRL",5,19,"0","0","0","0","0","-","0"
1,"4zFxD0",1,1496,2009,130,"Morocco","MOR","MAR",90,"Ireland","IRE","IRL",9,6,"0","0","0","0","0","-","0"
1,"4zFxD0",1,1497,2010,130,"Morocco","MOR","MAR",90,"Ireland","IRE","IRL",9,10,"0","0","0","0","0","-","0"
1,"4zFxD0",1,1498,2011,130,"Morocco","MOR","MAR",90,"Ireland","IRE","IRL",8,11,"0","0","0","0","0","-","0"
1,"4zFxD0",1,1499,2012,130,"Morocco","MOR","MAR",90,"Ireland","IRE","IRL",7,16,"0","0","0","0","0","-","0"
1,"4zFxD0",1,1500,2013,130,"Morocco","MOR","MAR",90,"Ireland","IRE","IRL",6,18,"0","0","0","0","0","-","0"
1,"4zFxD0",1,1501,2014,130,"Morocco","MOR","MAR",90,"Ireland","IRE","IRL",10,15,"0","0","0","0","0","-","0"
1,"4zFxD0",1,1502,2015,130,"Morocco","MOR","MAR",90,"Ireland","IRE","IRL",10,"0","0","0","0","0","0","-","0"
1,"4zFxD0",1,1503,2016,130,"Morocco","MOR","MAR",90,"Ireland","IRE","IRL",8,11,"0","0","0","0","0","-","0"
1,"4zFxD0",1,1504,2017,130,"Morocco","MOR","MAR",90,"Ireland","IRE","IRL",8,25,"0","0","0","0","0","-","0"
1,"4zFxD0",1,1505,2018,130,"Morocco","MOR","MAR",90,"Ireland","IRE","IRL",6,35,"0","0","0","0","0","-","0"
1,"4zFxD0",1,1506,2019,130,"Morocco","MOR","MAR",90,"Ireland","IRE","IRL",10,46,"0","0","0","0","0","-","0"
1,"4zFxD0",1,1507,2020,130,"Morocco","MOR","MAR",90,"Ireland","IRE","IRL",12,58,"0","0","0","0","0","-","0"
1,"4zFxD0",1,1508,2021,130,"Morocco","MOR","MAR",90,"Ireland","IRE","IRL",14,70,"0","0","0","0","0","-","0"
1,"4zFxD0",1,1509,2022,130,"Morocco","MOR","MAR",90,"Ireland","IRE","IRL",31,201,"0","0","0","0","0","-","0"
1,"4zFxD0",1,1510,2023,130,"Morocco","MOR","MAR",90,"Ireland","IRE","IRL",44,330,"0","0","0","0","0","-","0"
1,"4zFxD0",1,1511,2024,130,"Morocco","MOR","MAR",90,"Ireland","IRE","IRL",56,352,"0","0","0","0","0","-","0"
1,"4zFxD0",1,1512,2025,130,"Morocco","MOR","MAR",90,"Ireland","IRE","IRL",63,341,"0","0","0","0","0","-","0"
1,"4zFxD0",1,1513,2003,131,"Mozambique","MOZ","MOZ",90,"Ireland","IRE","IRL","0",5,"0","0","0","0","0","-","0"
1,"4zFxD0",1,1514,2004,131,"Mozambique","MOZ","MOZ",90,"Ireland","IRE","IRL","0",5,"0","0","0","0","0","-","0"
1,"4zFxD0",1,1515,2005,131,"Mozambique","MOZ","MOZ",90,"Ireland","IRE","IRL",5,"0","0","0","0","0","0","-","0"
1,"4zFxD0",1,1516,2006,131,"Mozambique","MOZ","MOZ",90,"Ireland","IRE","IRL",5,"0","0","0","0","0","0","-","0"
1,"4zFxD0",1,1517,2007,131,"Mozambique","MOZ","MOZ",90,"Ireland","IRE","IRL",7,"0","0","0","0","0","0","-","0"
1,"4zFxD0",1,1518,2008,131,"Mozambique","MOZ","MOZ",90,"Ireland","IRE","IRL",7,"0","0","0","0","0","0","-","0"
1,"4zFxD0",1,1519,2009,131,"Mozambique","MOZ","MOZ",90,"Ireland","IRE","IRL",7,"0","0","0","0","0","0","-","0"
1,"4zFxD0",1,1520,2010,131,"Mozambique","MOZ","MOZ",90,"Ireland","IRE","IRL",7,"0","0","0","0","0","0","-","0"
1,"4zFxD0",1,1521,2011,131,"Mozambique","MOZ","MOZ",90,"Ireland","IRE","IRL",7,"0","0","0","0","0","0","-","0"
1,"4zFxD0",1,1522,2012,131,"Mozambique","MOZ","MOZ",90,"Ireland","IRE","IRL",8,"0","0","0","0","0","0","-","0"
1,"4zFxD0",1,1523,2013,131,"Mozambique","MOZ","MOZ",90,"Ireland","IRE","IRL",7,"0","0","0","0","0","0","-","0"
1,"4zFxD0",1,1524,2014,131,"Mozambique","MOZ","MOZ",90,"Ireland","IRE","IRL",7,"0","0","0","0","0","0","-","0"
1,"4zFxD0",1,1525,2015,131,"Mozambique","MOZ","MOZ",90,"Ireland","IRE","IRL",7,"0","0","0","0","0","0","-","0"
1,"4zFxD0",1,1526,2016,131,"Mozambique","MOZ","MOZ",90,"Ireland","IRE","IRL",7,"0","0","0","0","0","0","-","0"
1,"4zFxD0",1,1527,2017,131,"Mozambique","MOZ","MOZ",90,"Ireland","IRE","IRL",6,"0","0","0","0","0","0","-","0"
1,"4zFxD0",1,1528,2018,131,"Mozambique","MOZ","MOZ",90,"Ireland","IRE","IRL",5,5,"0","0","0","0","0","-","0"
1,"4zFxD0",1,1529,2019,131,"Mozambique","MOZ","MOZ",90,"Ireland","IRE","IRL",5,5,"0","0","0","0","0","-","0"
1,"4zFxD0",1,1530,2020,131,"Mozambique","MOZ","MOZ",90,"Ireland","IRE","IRL",5,"0","0","0","0","0","0","-","0"
1,"4zFxD0",1,1531,2021,131,"Mozambique","MOZ","MOZ",90,"Ireland","IRE","IRL",5,"0","0","0","0","0","0","-","0"
1,"4zFxD0",1,1532,2022,131,"Mozambique","MOZ","MOZ",90,"Ireland","IRE","IRL",5,6,"0","0","0","0","0","-","0"
1,"4zFxD0",1,1533,2023,131,"Mozambique","MOZ","MOZ",90,"Ireland","IRE","IRL",5,5,"0","0","0","0","0","-","0"
1,"4zFxD0",1,1534,2024,131,"Mozambique","MOZ","MOZ",90,"Ireland","IRE","IRL",5,6,"0","0","0","0","0","-","0"
1,"4zFxD0",1,1535,2025,131,"Mozambique","MOZ","MOZ",90,"Ireland","IRE","IRL",5,9,"0","0","0","0","0","-","0"
1,"4zFxD0",1,1536,2013,133,"Montenegro","MNE","MNE",90,"Ireland","IRE","IRL",6,"0","0","0","0","0","0","-","0"
1,"4zFxD0",1,1537,2014,133,"Montenegro","MNE","MNE",90,"Ireland","IRE","IRL",6,"0","0","0","0","0","0","-","0"
1,"4zFxD0",1,1538,2015,133,"Montenegro","MNE","MNE",90,"Ireland","IRE","IRL",6,"0","0","0","0","0","0","-","0"
1,"4zFxD0",1,1539,2016,133,"Montenegro","MNE","MNE",90,"Ireland","IRE","IRL",6,"0","0","0","0","0","0","-","0"
1,"4zFxD0",1,1540,2017,133,"Montenegro","MNE","MNE",90,"Ireland","IRE","IRL",6,"0","0","0","0","0","0","-","0"
1,"4zFxD0",1,1541,2018,133,"Montenegro","MNE","MNE",90,"Ireland","IRE","IRL",5,"0","0","0","0","0","0","-","0"
1,"4zFxD0",1,1542,2019,133,"Montenegro","MNE","MNE",90,"Ireland","IRE","IRL",5,"0","0","0","0","0","0","-","0"
1,"4zFxD0",1,1543,2020,133,"Montenegro","MNE","MNE",90,"Ireland","IRE","IRL",5,"0","0","0","0","0","0","-","0"
1,"4zFxD0",1,1544,2021,133,"Montenegro","MNE","MNE",90,"Ireland","IRE","IRL",5,"0","0","0","0","0","0","-","0"
1,"4zFxD0",1,1545,2022,133,"Montenegro","MNE","MNE",90,"Ireland","IRE","IRL",5,"0","0","0","0","0","0","-","0"
1,"4zFxD0",1,1546,2023,133,"Montenegro","MNE","MNE",90,"Ireland","IRE","IRL",5,"0","0","0","0","0","0","-","0"
1,"4zFxD0",1,1547,2024,133,"Montenegro","MNE","MNE",90,"Ireland","IRE","IRL",5,"0","0","0","0","0","0","-","0"
1,"4zFxD0",1,1548,2025,133,"Montenegro","MNE","MNE",90,"Ireland","IRE","IRL",5,"0","0","0","0","0","0","-","0"
1,"4zFxD0",1,1549,2007,134,"Mauritius","MTS","MUS",90,"Ireland","IRE","IRL","0",10,"0","0","0","0","0","-","0"
1,"4zFxD0",1,1550,2008,134,"Mauritius","MTS","MUS",90,"Ireland","IRE","IRL","0",16,"0","0","0","0","0","-","0"
1,"4zFxD0",1,1551,2009,134,"Mauritius","MTS","MUS",90,"Ireland","IRE","IRL","0",11,"0","0","0","0","0","-","0"
1,"4zFxD0",1,1552,2010,134,"Mauritius","MTS","MUS",90,"Ireland","IRE","IRL","0",26,"0","0","0","0","0","-","0"
1,"4zFxD0",1,1553,2011,134,"Mauritius","MTS","MUS",90,"Ireland","IRE","IRL","0",28,"0","0","0","0","0","-","0"
1,"4zFxD0",1,1554,2012,134,"Mauritius","MTS","MUS",90,"Ireland","IRE","IRL",5,31,"0","0","0","0","0","-","0"
1,"4zFxD0",1,1555,2013,134,"Mauritius","MTS","MUS",90,"Ireland","IRE","IRL",6,27,"0","0","0","0","0","-","0"
1,"4zFxD0",1,1556,2014,134,"Mauritius","MTS","MUS",90,"Ireland","IRE","IRL",6,35,"0","0","0","0","0","-","0"
1,"4zFxD0",1,1557,2015,134,"Mauritius","MTS","MUS",90,"Ireland","IRE","IRL",6,49,"0","0","0","0","0","-","0"
1,"4zFxD0",1,1558,2016,134,"Mauritius","MTS","MUS",90,"Ireland","IRE","IRL",6,35,"0","0","0","0","0","-","0"
1,"4zFxD0",1,1559,2017,134,"Mauritius","MTS","MUS",90,"Ireland","IRE","IRL",7,39,"0","0","0","0","0","-","0"
1,"4zFxD0",1,1560,2018,134,"Mauritius","MTS","MUS",90,"Ireland","IRE","IRL",8,50,"0","0","0","0","0","-","0"
1,"4zFxD0",1,1561,2019,134,"Mauritius","MTS","MUS",90,"Ireland","IRE","IRL",13,32,"0","0","0","0","0","-","0"
1,"4zFxD0",1,1562,2020,134,"Mauritius","MTS","MUS",90,"Ireland","IRE","IRL",19,26,"0","0","0","0","0","-","0"
1,"4zFxD0",1,1563,2021,134,"Mauritius","MTS","MUS",90,"Ireland","IRE","IRL",21,24,"0","0","0","0","0","-","0"
1,"4zFxD0",1,1564,2022,134,"Mauritius","MTS","MUS",90,"Ireland","IRE","IRL",20,32,"0","0","0","0","0","-","0"
1,"4zFxD0",1,1565,2023,134,"Mauritius","MTS","MUS",90,"Ireland","IRE","IRL",18,66,"0","0","0","0","0","-","0"
1,"4zFxD0",1,1566,2024,134,"Mauritius","MTS","MUS",90,"Ireland","IRE","IRL",16,89,"0","0","0","0","0","-","0"
1,"4zFxD0",1,1567,2025,134,"Mauritius","MTS","MUS",90,"Ireland","IRE","IRL",16,94,"0","0","0","0","0","-","0"
1,"4zFxD0",1,1568,2004,135,"Myanmar","MYA","MMR",90,"Ireland","IRE","IRL","0",5,"0","0","0","0","0","-","0"
1,"4zFxD0",1,1569,2006,135,"Myanmar","MYA","MMR",90,"Ireland","IRE","IRL",5,"0","0","0","0","0","0","-","0"
1,"4zFxD0",1,1570,2007,135,"Myanmar","MYA","MMR",90,"Ireland","IRE","IRL",5,"0","0","0","0","0","0","-","0"
1,"4zFxD0",1,1571,2008,135,"Myanmar","MYA","MMR",90,"Ireland","IRE","IRL",5,10,"0","0","0","0","0","-","0"
1,"4zFxD0",1,1572,2009,135,"Myanmar","MYA","MMR",90,"Ireland","IRE","IRL",8,"0","0","0","0","0","0","-","0"
1,"4zFxD0",1,1573,2010,135,"Myanmar","MYA","MMR",90,"Ireland","IRE","IRL",8,11,"0","0","0","0","0","-","0"
1,"4zFxD0",1,1574,2011,135,"Myanmar","MYA","MMR",90,"Ireland","IRE","IRL",9,12,"0","0","0","0","0","-","0"
1,"4zFxD0",1,1575,2012,135,"Myanmar","MYA","MMR",90,"Ireland","IRE","IRL",9,22,"0","0","0","0","0","-","0"
1,"4zFxD0",1,1576,2013,135,"Myanmar","MYA","MMR",90,"Ireland","IRE","IRL",5,8,"0","0","0","0","0","-","0"
1,"4zFxD0",1,1577,2014,135,"Myanmar","MYA","MMR",90,"Ireland","IRE","IRL",8,"0","0","0","0","0","0","-","0"
1,"4zFxD0",1,1578,2015,135,"Myanmar","MYA","MMR",90,"Ireland","IRE","IRL",13,5,"0","0","0","0","0","-","0"
1,"4zFxD0",1,1579,2016,135,"Myanmar","MYA","MMR",90,"Ireland","IRE","IRL",10,"0","0","0","0","0","0","-","0"
1,"4zFxD0",1,1580,2017,135,"Myanmar","MYA","MMR",90,"Ireland","IRE","IRL",9,10,"0","0","0","0","0","-","0"
1,"4zFxD0",1,1581,2018,135,"Myanmar","MYA","MMR",90,"Ireland","IRE","IRL",8,8,"0","0","0","0","0","-","0"
1,"4zFxD0",1,1582,2019,135,"Myanmar","MYA","MMR",90,"Ireland","IRE","IRL",13,5,"0","0","0","0","0","-","0"
1,"4zFxD0",1,1583,2020,135,"Myanmar","MYA","MMR",90,"Ireland","IRE","IRL",13,5,"0","0","0","0","0","-","0"
1,"4zFxD0",1,1584,2021,135,"Myanmar","MYA","MMR",90,"Ireland","IRE","IRL",13,5,"0","0","0","0","0","-","0"
1,"4zFxD0",1,1585,2022,135,"Myanmar","MYA","MMR",90,"Ireland","IRE","IRL",14,9,"0","0","0","0","0","-","0"
1,"4zFxD0",1,1586,2023,135,"Myanmar","MYA","MMR",90,"Ireland","IRE","IRL",18,9,"0","0","0","0","0","-","0"
1,"4zFxD0",1,1587,2024,135,"Myanmar","MYA","MMR",90,"Ireland","IRE","IRL",21,29,"0","0","0","0","0","-","0"
1,"4zFxD0",1,1588,2025,135,"Myanmar","MYA","MMR",90,"Ireland","IRE","IRL",29,30,"0","0","0","0","0","-","0"
1,"4zFxD0",1,1589,2023,136,"Namibia","NAM","NAM",90,"Ireland","IRE","IRL","0",15,"0","0","0","0","0","-","0"
1,"4zFxD0",1,1590,2024,136,"Namibia","NAM","NAM",90,"Ireland","IRE","IRL","0",16,"0","0","0","0","0","-","0"
1,"4zFxD0",1,1591,2025,136,"Namibia","NAM","NAM",90,"Ireland","IRE","IRL","0",20,"0","0","0","0","0","-","0"
1,"4zFxD0",1,1592,2004,137,"Nepal","NEP","NPL",90,"Ireland","IRE","IRL","0",12,"0","0","0","0","0","-","0"
1,"4zFxD0",1,1593,2005,137,"Nepal","NEP","NPL",90,"Ireland","IRE","IRL",5,"0","0","0","0","0","0","-","0"
1,"4zFxD0",1,1594,2006,137,"Nepal","NEP","NPL",90,"Ireland","IRE","IRL",5,9,"0","0","0","0","0","-","0"
1,"4zFxD0",1,1595,2007,137,"Nepal","NEP","NPL",90,"Ireland","IRE","IRL",5,8,"0","0","0","0","0","-","0"
1,"4zFxD0",1,1596,2008,137,"Nepal","NEP","NPL",90,"Ireland","IRE","IRL",5,8,"0","0","0","0","0","-","0"
1,"4zFxD0",1,1597,2009,137,"Nepal","NEP","NPL",90,"Ireland","IRE","IRL",5,5,"0","0","0","0","0","-","0"
1,"4zFxD0",1,1598,2010,137,"Nepal","NEP","NPL",90,"Ireland","IRE","IRL",5,26,"0","0","0","0","0","-","0"
1,"4zFxD0",1,1599,2011,137,"Nepal","NEP","NPL",90,"Ireland","IRE","IRL",5,27,"0","0","0","0","0","-","0"
1,"4zFxD0",1,1600,2012,137,"Nepal","NEP","NPL",90,"Ireland","IRE","IRL",5,31,"0","0","0","0","0","-","0"
1,"4zFxD0",1,1601,2013,137,"Nepal","NEP","NPL",90,"Ireland","IRE","IRL","0",24,"0","0","0","0","0","-","0"
1,"4zFxD0",1,1602,2014,137,"Nepal","NEP","NPL",90,"Ireland","IRE","IRL","0",13,"0","0","0","0","0","-","0"
1,"4zFxD0",1,1603,2015,137,"Nepal","NEP","NPL",90,"Ireland","IRE","IRL","0",21,"0","0","0","0","0","-","0"
1,"4zFxD0",1,1604,2016,137,"Nepal","NEP","NPL",90,"Ireland","IRE","IRL","0",11,"0","0","0","0","0","-","0"
1,"4zFxD0",1,1605,2017,137,"Nepal","NEP","NPL",90,"Ireland","IRE","IRL","0",17,"0","0","0","0","0","-","0"
1,"4zFxD0",1,1606,2018,137,"Nepal","NEP","NPL",90,"Ireland","IRE","IRL",5,21,"0","0","0","0","0","-","0"
1,"4zFxD0",1,1607,2019,137,"Nepal","NEP","NPL",90,"Ireland","IRE","IRL",6,26,"0","0","0","0","0","-","0"
1,"4zFxD0",1,1608,2020,137,"Nepal","NEP","NPL",90,"Ireland","IRE","IRL",9,23,"0","0","0","0","0","-","0"
1,"4zFxD0",1,1609,2021,137,"Nepal","NEP","NPL",90,"Ireland","IRE","IRL",9,20,"0","0","0","0","0","-","0"
1,"4zFxD0",1,1610,2022,137,"Nepal","NEP","NPL",90,"Ireland","IRE","IRL",13,33,"0","0","0","0","0","-","0"
1,"4zFxD0",1,1611,2023,137,"Nepal","NEP","NPL",90,"Ireland","IRE","IRL",10,49,"0","0","0","0","0","-","0"
1,"4zFxD0",1,1612,2024,137,"Nepal","NEP","NPL",90,"Ireland","IRE","IRL",10,62,"0","0","0","0","0","-","0"
1,"4zFxD0",1,1613,2025,137,"Nepal","NEP","NPL",90,"Ireland","IRE","IRL",12,69,"0","0","0","0","0","-","0"
1,"4zFxD0",1,1614,2002,139,"Niger","NGR","NER",90,"Ireland","IRE","IRL",5,"0","0","0","0","0","0","-","0"
1,"4zFxD0",1,1615,2006,139,"Niger","NGR","NER",90,"Ireland","IRE","IRL",5,"0","0","0","0","0","0","-","0"
1,"4zFxD0",1,1616,2007,139,"Niger","NGR","NER",90,"Ireland","IRE","IRL",7,6,"0","0","0","0","0","-","0"
1,"4zFxD0",1,1617,2008,139,"Niger","NGR","NER",90,"Ireland","IRE","IRL",8,14,"0","0","0","0","0","-","0"
1,"4zFxD0",1,1618,2009,139,"Niger","NGR","NER",90,"Ireland","IRE","IRL",8,7,"0","0","0","0","0","-","0"
1,"4zFxD0",1,1619,2010,139,"Niger","NGR","NER",90,"Ireland","IRE","IRL",8,16,"0","0","0","0","0","-","0"
1,"4zFxD0",1,1620,2011,139,"Niger","NGR","NER",90,"Ireland","IRE","IRL",8,16,"0","0","0","0","0","-","0"
1,"4zFxD0",1,1621,2012,139,"Niger","NGR","NER",90,"Ireland","IRE","IRL",5,15,"0","0","0","0","0","-","0"
1,"4zFxD0",1,1622,2013,139,"Niger","NGR","NER",90,"Ireland","IRE","IRL",5,11,"0","0","0","0","0","-","0"
1,"4zFxD0",1,1623,2014,139,"Niger","NGR","NER",90,"Ireland","IRE","IRL","0",10,"0","0","0","0","0","-","0"
1,"4zFxD0",1,1624,2015,139,"Niger","NGR","NER",90,"Ireland","IRE","IRL",5,"0","0","0","0","0","0","-","0"
1,"4zFxD0",1,1625,2016,139,"Niger","NGR","NER",90,"Ireland","IRE","IRL",5,"0","0","0","0","0","0","-","0"
1,"4zFxD0",1,1626,2017,139,"Niger","NGR","NER",90,"Ireland","IRE","IRL",5,"0","0","0","0","0","0","-","0"
1,"4zFxD0",1,1627,2018,139,"Niger","NGR","NER",90,"Ireland","IRE","IRL",5,"0","0","0","0","0","0","-","0"
1,"4zFxD0",1,1628,2019,139,"Niger","NGR","NER",90,"Ireland","IRE","IRL",5,"0","0","0","0","0","0","-","0"
1,"4zFxD0",1,1629,2020,139,"Niger","NGR","NER",90,"Ireland","IRE","IRL",5,"0","0","0","0","0","0","-","0"
1,"4zFxD0",1,1630,2021,139,"Niger","NGR","NER",90,"Ireland","IRE","IRL",5,"0","0","0","0","0","0","-","0"
1,"4zFxD0",1,1631,2024,139,"Niger","NGR","NER",90,"Ireland","IRE","IRL",5,"0","0","0","0","0","0","-","0"
1,"4zFxD0",1,1632,2025,139,"Niger","NGR","NER",90,"Ireland","IRE","IRL",5,"0","0","0","0","0","0","-","0"
1,"4zFxD0",1,1633,2018,140,"Nicaragua","NIC","NIC",90,"Ireland","IRE","IRL","0",8,"0","0","0","0","0","-","0"
1,"4zFxD0",1,1634,2019,140,"Nicaragua","NIC","NIC",90,"Ireland","IRE","IRL","0",7,"0","0","0","0","0","-","0"
1,"4zFxD0",1,1635,2020,140,"Nicaragua","NIC","NIC",90,"Ireland","IRE","IRL",9,5,"0","0","0","0","0","-","0"
1,"4zFxD0",1,1636,2021,140,"Nicaragua","NIC","NIC",90,"Ireland","IRE","IRL",11,15,"0","0","0","0","0","-","0"
1,"4zFxD0",1,1637,2022,140,"Nicaragua","NIC","NIC",90,"Ireland","IRE","IRL",34,54,"0","0","0","0","0","-","0"
1,"4zFxD0",1,1638,2023,140,"Nicaragua","NIC","NIC",90,"Ireland","IRE","IRL",57,96,"0","0","0","0","0","-","0"
1,"4zFxD0",1,1639,2024,140,"Nicaragua","NIC","NIC",90,"Ireland","IRE","IRL",98,73,"0","0","0","0","0","-","0"
1,"4zFxD0",1,1640,2025,140,"Nicaragua","NIC","NIC",90,"Ireland","IRE","IRL",115,89,"0","0","0","0","0","-","0"
1,"4zFxD0",1,1641,1999,141,"Nigeria","NIG","NGA",90,"Ireland","IRE","IRL",17,"0","0","0","0","0","0","-","0"
1,"4zFxD0",1,1642,2000,141,"Nigeria","NIG","NGA",90,"Ireland","IRE","IRL",12,"0","0","0","0","0","0","-","0"
1,"4zFxD0",1,1643,2001,141,"Nigeria","NIG","NGA",90,"Ireland","IRE","IRL",90,"0","0","0","0","0","0","-","0"
1,"4zFxD0",1,1644,2002,141,"Nigeria","NIG","NGA",90,"Ireland","IRE","IRL",250,"0","0","0","0","0","0","-","0"
1,"4zFxD0",1,1645,2003,141,"Nigeria","NIG","NGA",90,"Ireland","IRE","IRL",366,2592,"0","0","0","0","0","-","0"
1,"4zFxD0",1,1646,2004,141,"Nigeria","NIG","NGA",90,"Ireland","IRE","IRL",478,737,"0","0","0","0","0","-","0"
1,"4zFxD0",1,1647,2005,141,"Nigeria","NIG","NGA",90,"Ireland","IRE","IRL",589,"0","0","0","0","0","0","-","0"
1,"4zFxD0",1,1648,2006,141,"Nigeria","NIG","NGA",90,"Ireland","IRE","IRL",619,858,"0","0","0","0","0","-","0"
1,"4zFxD0",1,1649,2007,141,"Nigeria","NIG","NGA",90,"Ireland","IRE","IRL",691,1182,"0","0","0","0","0","-","0"
1,"4zFxD0",1,1650,2008,141,"Nigeria","NIG","NGA",90,"Ireland","IRE","IRL",750,1215,"0","0","0","0","0","-","0"
1,"4zFxD0",1,1651,2009,141,"Nigeria","NIG","NGA",90,"Ireland","IRE","IRL",766,801,"0","0","0","0","0","-","0"
1,"4zFxD0",1,1652,2010,141,"Nigeria","NIG","NGA",90,"Ireland","IRE","IRL",777,924,"0","0","0","0","0","-","0"
1,"4zFxD0",1,1653,2011,141,"Nigeria","NIG","NGA",90,"Ireland","IRE","IRL",706,692,"0","0","0","0","0","-","0"
1,"4zFxD0",1,1654,2012,141,"Nigeria","NIG","NGA",90,"Ireland","IRE","IRL",540,705,"0","0","0","0","0","-","0"
1,"4zFxD0",1,1655,2013,141,"Nigeria","NIG","NGA",90,"Ireland","IRE","IRL",477,845,"0","0","0","0","0","-","0"
1,"4zFxD0",1,1656,2014,141,"Nigeria","NIG","NGA",90,"Ireland","IRE","IRL",426,614,"0","0","0","0","0","-","0"
1,"4zFxD0",1,1657,2015,141,"Nigeria","NIG","NGA",90,"Ireland","IRE","IRL",438,507,"0","0","0","0","0","-","0"
1,"4zFxD0",1,1658,2016,141,"Nigeria","NIG","NGA",90,"Ireland","IRE","IRL",423,411,"0","0","0","0","0","-","0"
1,"4zFxD0",1,1659,2017,141,"Nigeria","NIG","NGA",90,"Ireland","IRE","IRL",421,504,"0","0","0","0","0","-","0"
1,"4zFxD0",1,1660,2018,141,"Nigeria","NIG","NGA",90,"Ireland","IRE","IRL",255,556,"0","0","0","0","0","-","0"
1,"4zFxD0",1,1661,2019,141,"Nigeria","NIG","NGA",90,"Ireland","IRE","IRL",293,703,"0","0","0","0","0","-","0"
1,"4zFxD0",1,1662,2020,141,"Nigeria","NIG","NGA",90,"Ireland","IRE","IRL",339,818,"0","0","0","0","0","-","0"
1,"4zFxD0",1,1663,2021,141,"Nigeria","NIG","NGA",90,"Ireland","IRE","IRL",396,1021,"0","0","0","0","0","-","0"
1,"4zFxD0",1,1664,2022,141,"Nigeria","NIG","NGA",90,"Ireland","IRE","IRL",506,1404,"0","0","0","0","0","-","0"
1,"4zFxD0",1,1665,2023,141,"Nigeria","NIG","NGA",90,"Ireland","IRE","IRL",912,2963,"0","0","0","0","0","-","0"
1,"4zFxD0",1,1666,2024,141,"Nigeria","NIG","NGA",90,"Ireland","IRE","IRL",1168,6296,"0","0","0","0","0","-","0"
1,"4zFxD0",1,1667,2025,141,"Nigeria","NIG","NGA",90,"Ireland","IRE","IRL",1393,6558,"0","0","0","0","0","-","0"
1,"4zFxD0",1,1668,2001,147,"Pakistan","PAK","PAK",90,"Ireland","IRE","IRL",7,"0","0","0","0","0","0","-","0"
1,"4zFxD0",1,1669,2002,147,"Pakistan","PAK","PAK",90,"Ireland","IRE","IRL",55,"0","0","0","0","0","0","-","0"
1,"4zFxD0",1,1670,2003,147,"Pakistan","PAK","PAK",90,"Ireland","IRE","IRL",79,71,"0","0","0","0","0","-","0"
1,"4zFxD0",1,1671,2004,147,"Pakistan","PAK","PAK",90,"Ireland","IRE","IRL",98,59,"0","0","0","0","0","-","0"
1,"4zFxD0",1,1672,2005,147,"Pakistan","PAK","PAK",90,"Ireland","IRE","IRL",124,"0","0","0","0","0","0","-","0"
1,"4zFxD0",1,1673,2006,147,"Pakistan","PAK","PAK",90,"Ireland","IRE","IRL",142,142,"0","0","0","0","0","-","0"
1,"4zFxD0",1,1674,2007,147,"Pakistan","PAK","PAK",90,"Ireland","IRE","IRL",176,223,"0","0","0","0","0","-","0"
1,"4zFxD0",1,1675,2008,147,"Pakistan","PAK","PAK",90,"Ireland","IRE","IRL",206,297,"0","0","0","0","0","-","0"
1,"4zFxD0",1,1676,2009,147,"Pakistan","PAK","PAK",90,"Ireland","IRE","IRL",221,179,"0","0","0","0","0","-","0"
1,"4zFxD0",1,1677,2010,147,"Pakistan","PAK","PAK",90,"Ireland","IRE","IRL",225,398,"0","0","0","0","0","-","0"
1,"4zFxD0",1,1678,2011,147,"Pakistan","PAK","PAK",90,"Ireland","IRE","IRL",236,368,"0","0","0","0","0","-","0"
1,"4zFxD0",1,1679,2012,147,"Pakistan","PAK","PAK",90,"Ireland","IRE","IRL",205,320,"0","0","0","0","0","-","0"
1,"4zFxD0",1,1680,2013,147,"Pakistan","PAK","PAK",90,"Ireland","IRE","IRL",143,358,"0","0","0","0","0","-","0"
1,"4zFxD0",1,1681,2014,147,"Pakistan","PAK","PAK",90,"Ireland","IRE","IRL",117,459,"0","0","0","0","0","-","0"
1,"4zFxD0",1,1682,2015,147,"Pakistan","PAK","PAK",90,"Ireland","IRE","IRL",167,1329,"0","0","0","0","0","-","0"
1,"4zFxD0",1,1683,2016,147,"Pakistan","PAK","PAK",90,"Ireland","IRE","IRL",168,758,"0","0","0","0","0","-","0"
1,"4zFxD0",1,1684,2017,147,"Pakistan","PAK","PAK",90,"Ireland","IRE","IRL",172,940,"0","0","0","0","0","-","0"
1,"4zFxD0",1,1685,2018,147,"Pakistan","PAK","PAK",90,"Ireland","IRE","IRL",185,1000,"0","0","0","0","0","-","0"
1,"4zFxD0",1,1686,2019,147,"Pakistan","PAK","PAK",90,"Ireland","IRE","IRL",297,786,"0","0","0","0","0","-","0"
1,"4zFxD0",1,1687,2020,147,"Pakistan","PAK","PAK",90,"Ireland","IRE","IRL",365,654,"0","0","0","0","0","-","0"
1,"4zFxD0",1,1688,2021,147,"Pakistan","PAK","PAK",90,"Ireland","IRE","IRL",391,479,"0","0","0","0","0","-","0"
1,"4zFxD0",1,1689,2022,147,"Pakistan","PAK","PAK",90,"Ireland","IRE","IRL",409,363,"0","0","0","0","0","-","0"
1,"4zFxD0",1,1690,2023,147,"Pakistan","PAK","PAK",90,"Ireland","IRE","IRL",397,843,"0","0","0","0","0","-","0"
1,"4zFxD0",1,1691,2024,147,"Pakistan","PAK","PAK",90,"Ireland","IRE","IRL",427,2041,"0","0","0","0","0","-","0"
1,"4zFxD0",1,1692,2025,147,"Pakistan","PAK","PAK",90,"Ireland","IRE","IRL",512,2632,"0","0","0","0","0","-","0"
1,"4zFxD0",1,1693,2022,148,"Panama","PAN","PAN",90,"Ireland","IRE","IRL","0",7,"0","0","0","0","0","-","0"
1,"4zFxD0",1,1694,2023,148,"Panama","PAN","PAN",90,"Ireland","IRE","IRL","0",11,"0","0","0","0","0","-","0"
1,"4zFxD0",1,1695,2024,148,"Panama","PAN","PAN",90,"Ireland","IRE","IRL",5,22,"0","0","0","0","0","-","0"
1,"4zFxD0",1,1696,2025,148,"Panama","PAN","PAN",90,"Ireland","IRE","IRL",5,22,"0","0","0","0","0","-","0"
1,"4zFxD0",1,1697,2023,149,"Paraguay","PAR","PRY",90,"Ireland","IRE","IRL","0",5,"0","0","0","0","0","-","0"
1,"4zFxD0",1,1698,2024,149,"Paraguay","PAR","PRY",90,"Ireland","IRE","IRL","0",5,"0","0","0","0","0","-","0"
1,"4zFxD0",1,1699,2025,149,"Paraguay","PAR","PRY",90,"Ireland","IRE","IRL","0",5,"0","0","0","0","0","-","0"
1,"4zFxD0",1,1700,2005,151,"Philippines","PHI","PHL",90,"Ireland","IRE","IRL",5,"0","0","0","0","0","0","-","0"
1,"4zFxD0",1,1701,2006,151,"Philippines","PHI","PHL",90,"Ireland","IRE","IRL",5,"0","0","0","0","0","0","-","0"
1,"4zFxD0",1,1702,2007,151,"Philippines","PHI","PHL",90,"Ireland","IRE","IRL",5,"0","0","0","0","0","0","-","0"
1,"4zFxD0",1,1703,2008,151,"Philippines","PHI","PHL",90,"Ireland","IRE","IRL",5,"0","0","0","0","0","0","-","0"
1,"4zFxD0",1,1704,2009,151,"Philippines","PHI","PHL",90,"Ireland","IRE","IRL",5,"0","0","0","0","0","0","-","0"
1,"4zFxD0",1,1705,2010,151,"Philippines","PHI","PHL",90,"Ireland","IRE","IRL",5,"0","0","0","0","0","0","-","0"
1,"4zFxD0",1,1706,2011,151,"Philippines","PHI","PHL",90,"Ireland","IRE","IRL",5,"0","0","0","0","0","0","-","0"
1,"4zFxD0",1,1707,2012,151,"Philippines","PHI","PHL",90,"Ireland","IRE","IRL",5,"0","0","0","0","0","0","-","0"
1,"4zFxD0",1,1708,2013,151,"Philippines","PHI","PHL",90,"Ireland","IRE","IRL","0",5,"0","0","0","0","0","-","0"
1,"4zFxD0",1,1709,2014,151,"Philippines","PHI","PHL",90,"Ireland","IRE","IRL","0",5,"0","0","0","0","0","-","0"
1,"4zFxD0",1,1710,2017,151,"Philippines","PHI","PHL",90,"Ireland","IRE","IRL","0",5,"0","0","0","0","0","-","0"
1,"4zFxD0",1,1711,2018,151,"Philippines","PHI","PHL",90,"Ireland","IRE","IRL","0",5,"0","0","0","0","0","-","0"
1,"4zFxD0",1,1712,2020,151,"Philippines","PHI","PHL",90,"Ireland","IRE","IRL","0",5,"0","0","0","0","0","-","0"
1,"4zFxD0",1,1713,2022,151,"Philippines","PHI","PHL",90,"Ireland","IRE","IRL",5,5,"0","0","0","0","0","-","0"
1,"4zFxD0",1,1714,2023,151,"Philippines","PHI","PHL",90,"Ireland","IRE","IRL",5,7,"0","0","0","0","0","-","0"
1,"4zFxD0",1,1715,2024,151,"Philippines","PHI","PHL",90,"Ireland","IRE","IRL",5,5,"0","0","0","0","0","-","0"
1,"4zFxD0",1,1716,2025,151,"Philippines","PHI","PHL",90,"Ireland","IRE","IRL",5,11,"0","0","0","0","0","-","0"
1,"4zFxD0",1,1717,2001,154,"Poland","POL","POL",90,"Ireland","IRE","IRL",11,"0","0","0","0","0","0","-","0"
1,"4zFxD0",1,1718,2002,154,"Poland","POL","POL",90,"Ireland","IRE","IRL",41,"0","0","0","0","0","0","-","0"
1,"4zFxD0",1,1719,2003,154,"Poland","POL","POL",90,"Ireland","IRE","IRL",52,95,"0","0","0","0","0","-","0"
1,"4zFxD0",1,1720,2004,154,"Poland","POL","POL",90,"Ireland","IRE","IRL",54,"0","0","0","0","0","0","-","0"
1,"4zFxD0",1,1721,2005,154,"Poland","POL","POL",90,"Ireland","IRE","IRL",54,"0","0","0","0","0","0","-","0"
1,"4zFxD0",1,1722,2006,154,"Poland","POL","POL",90,"Ireland","IRE","IRL",54,"0","0","0","0","0","0","-","0"
1,"4zFxD0",1,1723,2007,154,"Poland","POL","POL",90,"Ireland","IRE","IRL",54,"0","0","0","0","0","0","-","0"
1,"4zFxD0",1,1724,2008,154,"Poland","POL","POL",90,"Ireland","IRE","IRL",54,"0","0","0","0","0","0","-","0"
1,"4zFxD0",1,1725,2009,154,"Poland","POL","POL",90,"Ireland","IRE","IRL",52,"0","0","0","0","0","0","-","0"
1,"4zFxD0",1,1726,2010,154,"Poland","POL","POL",90,"Ireland","IRE","IRL",52,"0","0","0","0","0","0","-","0"
1,"4zFxD0",1,1727,2011,154,"Poland","POL","POL",90,"Ireland","IRE","IRL",43,"0","0","0","0","0","0","-","0"
1,"4zFxD0",1,1728,2012,154,"Poland","POL","POL",90,"Ireland","IRE","IRL",13,"0","0","0","0","0","0","-","0"
1,"4zFxD0",1,1729,2013,154,"Poland","POL","POL",90,"Ireland","IRE","IRL",52,"0","0","0","0","0","0","-","0"
1,"4zFxD0",1,1730,2014,154,"Poland","POL","POL",90,"Ireland","IRE","IRL",50,"0","0","0","0","0","0","-","0"
1,"4zFxD0",1,1731,2015,154,"Poland","POL","POL",90,"Ireland","IRE","IRL",50,"0","0","0","0","0","0","-","0"
1,"4zFxD0",1,1732,1999,158,"Romania","ROM","ROU",90,"Ireland","IRE","IRL",81,"0","0","0","0","0","0","-","0"
1,"4zFxD0",1,1733,2000,158,"Romania","ROM","ROU",90,"Ireland","IRE","IRL",8,"0","0","0","0","0","0","-","0"
1,"4zFxD0",1,1734,2001,158,"Romania","ROM","ROU",90,"Ireland","IRE","IRL",76,"0","0","0","0","0","0","-","0"
1,"4zFxD0",1,1735,2002,158,"Romania","ROM","ROU",90,"Ireland","IRE","IRL",211,"0","0","0","0","0","0","-","0"
1,"4zFxD0",1,1736,2003,158,"Romania","ROM","ROU",90,"Ireland","IRE","IRL",255,477,"0","0","0","0","0","-","0"
1,"4zFxD0",1,1737,2004,158,"Romania","ROM","ROU",90,"Ireland","IRE","IRL",303,95,"0","0","0","0","0","-","0"
1,"4zFxD0",1,1738,2005,158,"Romania","ROM","ROU",90,"Ireland","IRE","IRL",321,"0","0","0","0","0","0","-","0"
1,"4zFxD0",1,1739,2006,158,"Romania","ROM","ROU",90,"Ireland","IRE","IRL",328,50,"0","0","0","0","0","-","0"
1,"4zFxD0",1,1740,2007,158,"Romania","ROM","ROU",90,"Ireland","IRE","IRL",450,13,"0","0","0","0","0","-","0"
1,"4zFxD0",1,1741,2008,158,"Romania","ROM","ROU",90,"Ireland","IRE","IRL",445,6,"0","0","0","0","0","-","0"
1,"4zFxD0",1,1742,2009,158,"Romania","ROM","ROU",90,"Ireland","IRE","IRL",369,"0","0","0","0","0","0","-","0"
1,"4zFxD0",1,1743,2010,158,"Romania","ROM","ROU",90,"Ireland","IRE","IRL",368,"0","0","0","0","0","0","-","0"
1,"4zFxD0",1,1744,2011,158,"Romania","ROM","ROU",90,"Ireland","IRE","IRL",300,"0","0","0","0","0","0","-","0"
1,"4zFxD0",1,1745,2012,158,"Romania","ROM","ROU",90,"Ireland","IRE","IRL",151,"0","0","0","0","0","0","-","0"
1,"4zFxD0",1,1746,2013,158,"Romania","ROM","ROU",90,"Ireland","IRE","IRL",347,"0","0","0","0","0","0","-","0"
1,"4zFxD0",1,1747,2014,158,"Romania","ROM","ROU",90,"Ireland","IRE","IRL",323,"0","0","0","0","0","0","-","0"
1,"4zFxD0",1,1748,2015,158,"Romania","ROM","ROU",90,"Ireland","IRE","IRL",323,"0","0","0","0","0","0","-","0"
1,"4zFxD0",1,1749,2002,159,"South Africa","RSA","ZAF",90,"Ireland","IRE","IRL",17,"0","0","0","0","0","0","-","0"
1,"4zFxD0",1,1750,2003,159,"South Africa","RSA","ZAF",90,"Ireland","IRE","IRL",30,95,"0","0","0","0","0","-","0"
1,"4zFxD0",1,1751,2004,159,"South Africa","RSA","ZAF",90,"Ireland","IRE","IRL",39,29,"0","0","0","0","0","-","0"
1,"4zFxD0",1,1752,2005,159,"South Africa","RSA","ZAF",90,"Ireland","IRE","IRL",41,"0","0","0","0","0","0","-","0"
1,"4zFxD0",1,1753,2006,159,"South Africa","RSA","ZAF",90,"Ireland","IRE","IRL",42,33,"0","0","0","0","0","-","0"
1,"4zFxD0",1,1754,2007,159,"South Africa","RSA","ZAF",90,"Ireland","IRE","IRL",42,27,"0","0","0","0","0","-","0"
1,"4zFxD0",1,1755,2008,159,"South Africa","RSA","ZAF",90,"Ireland","IRE","IRL",46,40,"0","0","0","0","0","-","0"
1,"4zFxD0",1,1756,2009,159,"South Africa","RSA","ZAF",90,"Ireland","IRE","IRL",49,25,"0","0","0","0","0","-","0"
1,"4zFxD0",1,1757,2010,159,"South Africa","RSA","ZAF",90,"Ireland","IRE","IRL",49,56,"0","0","0","0","0","-","0"
1,"4zFxD0",1,1758,2011,159,"South Africa","RSA","ZAF",90,"Ireland","IRE","IRL",52,64,"0","0","0","0","0","-","0"
1,"4zFxD0",1,1759,2012,159,"South Africa","RSA","ZAF",90,"Ireland","IRE","IRL",35,55,"0","0","0","0","0","-","0"
1,"4zFxD0",1,1760,2013,159,"South Africa","RSA","ZAF",90,"Ireland","IRE","IRL",44,86,"0","0","0","0","0","-","0"
1,"4zFxD0",1,1761,2014,159,"South Africa","RSA","ZAF",90,"Ireland","IRE","IRL",41,108,"0","0","0","0","0","-","0"
1,"4zFxD0",1,1762,2015,159,"South Africa","RSA","ZAF",90,"Ireland","IRE","IRL",47,118,"0","0","0","0","0","-","0"
1,"4zFxD0",1,1763,2016,159,"South Africa","RSA","ZAF",90,"Ireland","IRE","IRL",51,168,"0","0","0","0","0","-","0"
1,"4zFxD0",1,1764,2017,159,"South Africa","RSA","ZAF",90,"Ireland","IRE","IRL",51,228,"0","0","0","0","0","-","0"
1,"4zFxD0",1,1765,2018,159,"South Africa","RSA","ZAF",90,"Ireland","IRE","IRL",55,347,"0","0","0","0","0","-","0"
1,"4zFxD0",1,1766,2019,159,"South Africa","RSA","ZAF",90,"Ireland","IRE","IRL",77,519,"0","0","0","0","0","-","0"
1,"4zFxD0",1,1767,2020,159,"South Africa","RSA","ZAF",90,"Ireland","IRE","IRL",116,468,"0","0","0","0","0","-","0"
1,"4zFxD0",1,1768,2021,159,"South Africa","RSA","ZAF",90,"Ireland","IRE","IRL",163,475,"0","0","0","0","0","-","0"
1,"4zFxD0",1,1769,2022,159,"South Africa","RSA","ZAF",90,"Ireland","IRE","IRL",194,532,"0","0","0","0","0","-","0"
1,"4zFxD0",1,1770,2023,159,"South Africa","RSA","ZAF",90,"Ireland","IRE","IRL",268,748,"0","0","0","0","0","-","0"
1,"4zFxD0",1,1771,2024,159,"South Africa","RSA","ZAF",90,"Ireland","IRE","IRL",360,796,"0","0","0","0","0","-","0"
1,"4zFxD0",1,1772,2025,159,"South Africa","RSA","ZAF",90,"Ireland","IRE","IRL",426,614,"0","0","0","0","0","-","0"
1,"4zFxD0",1,1773,1999,160,"Russian Federation","RUS","RUS",90,"Ireland","IRE","IRL",19,"0","0","0","0","0","0","-","0"
1,"4zFxD0",1,1774,2000,160,"Russian Federation","RUS","RUS",90,"Ireland","IRE","IRL",17,"0","0","0","0","0","0","-","0"
1,"4zFxD0",1,1775,2001,160,"Russian Federation","RUS","RUS",90,"Ireland","IRE","IRL",48,"0","0","0","0","0","0","-","0"
1,"4zFxD0",1,1776,2002,160,"Russian Federation","RUS","RUS",90,"Ireland","IRE","IRL",135,"0","0","0","0","0","0","-","0"
1,"4zFxD0",1,1777,2003,160,"Russian Federation","RUS","RUS",90,"Ireland","IRE","IRL",167,148,"0","0","0","0","0","-","0"
1,"4zFxD0",1,1778,2004,160,"Russian Federation","RUS","RUS",90,"Ireland","IRE","IRL",224,79,"0","0","0","0","0","-","0"
1,"4zFxD0",1,1779,2005,160,"Russian Federation","RUS","RUS",90,"Ireland","IRE","IRL",287,"0","0","0","0","0","0","-","0"
1,"4zFxD0",1,1780,2006,160,"Russian Federation","RUS","RUS",90,"Ireland","IRE","IRL",292,56,"0","0","0","0","0","-","0"
1,"4zFxD0",1,1781,2007,160,"Russian Federation","RUS","RUS",90,"Ireland","IRE","IRL",265,64,"0","0","0","0","0","-","0"
1,"4zFxD0",1,1782,2008,160,"Russian Federation","RUS","RUS",90,"Ireland","IRE","IRL",276,45,"0","0","0","0","0","-","0"
1,"4zFxD0",1,1783,2009,160,"Russian Federation","RUS","RUS",90,"Ireland","IRE","IRL",271,31,"0","0","0","0","0","-","0"
1,"4zFxD0",1,1784,2010,160,"Russian Federation","RUS","RUS",90,"Ireland","IRE","IRL",267,53,"0","0","0","0","0","-","0"
1,"4zFxD0",1,1785,2011,160,"Russian Federation","RUS","RUS",90,"Ireland","IRE","IRL",242,56,"0","0","0","0","0","-","0"
1,"4zFxD0",1,1786,2012,160,"Russian Federation","RUS","RUS",90,"Ireland","IRE","IRL",148,53,"0","0","0","0","0","-","0"
1,"4zFxD0",1,1787,2013,160,"Russian Federation","RUS","RUS",90,"Ireland","IRE","IRL",188,54,"0","0","0","0","0","-","0"
1,"4zFxD0",1,1788,2014,160,"Russian Federation","RUS","RUS",90,"Ireland","IRE","IRL",167,15,"0","0","0","0","0","-","0"
1,"4zFxD0",1,1789,2015,160,"Russian Federation","RUS","RUS",90,"Ireland","IRE","IRL",170,17,"0","0","0","0","0","-","0"
1,"4zFxD0",1,1790,2016,160,"Russian Federation","RUS","RUS",90,"Ireland","IRE","IRL",154,21,"0","0","0","0","0","-","0"
1,"4zFxD0",1,1791,2017,160,"Russian Federation","RUS","RUS",90,"Ireland","IRE","IRL",159,31,"0","0","0","0","0","-","0"
1,"4zFxD0",1,1792,2018,160,"Russian Federation","RUS","RUS",90,"Ireland","IRE","IRL",70,35,"0","0","0","0","0","-","0"
1,"4zFxD0",1,1793,2019,160,"Russian Federation","RUS","RUS",90,"Ireland","IRE","IRL",74,31,"0","0","0","0","0","-","0"
1,"4zFxD0",1,1794,2020,160,"Russian Federation","RUS","RUS",90,"Ireland","IRE","IRL",82,24,"0","0","0","0","0","-","0"
1,"4zFxD0",1,1795,2021,160,"Russian Federation","RUS","RUS",90,"Ireland","IRE","IRL",83,15,"0","0","0","0","0","-","0"
1,"4zFxD0",1,1796,2022,160,"Russian Federation","RUS","RUS",90,"Ireland","IRE","IRL",77,58,"0","0","0","0","0","-","0"
1,"4zFxD0",1,1797,2023,160,"Russian Federation","RUS","RUS",90,"Ireland","IRE","IRL",261,68,"0","0","0","0","0","-","0"
1,"4zFxD0",1,1798,2024,160,"Russian Federation","RUS","RUS",90,"Ireland","IRE","IRL",266,67,"0","0","0","0","0","-","0"
1,"4zFxD0",1,1799,2025,160,"Russian Federation","RUS","RUS",90,"Ireland","IRE","IRL",282,48,"0","0","0","0","0","-","0"
1,"4zFxD0",1,1800,1999,161,"Rwanda","RWA","RWA",90,"Ireland","IRE","IRL",7,"0","0","0","0","0","0","-","0"
1,"4zFxD0",1,1801,2000,161,"Rwanda","RWA","RWA",90,"Ireland","IRE","IRL",11,"0","0","0","0","0","0","-","0"
1,"4zFxD0",1,1802,2001,161,"Rwanda","RWA","RWA",90,"Ireland","IRE","IRL",21,"0","0","0","0","0","0","-","0"
1,"4zFxD0",1,1803,2002,161,"Rwanda","RWA","RWA",90,"Ireland","IRE","IRL",35,"0","0","0","0","0","0","-","0"
1,"4zFxD0",1,1804,2003,161,"Rwanda","RWA","RWA",90,"Ireland","IRE","IRL",33,33,"0","0","0","0","0","-","0"
1,"4zFxD0",1,1805,2004,161,"Rwanda","RWA","RWA",90,"Ireland","IRE","IRL",36,37,"0","0","0","0","0","-","0"
1,"4zFxD0",1,1806,2005,161,"Rwanda","RWA","RWA",90,"Ireland","IRE","IRL",76,"0","0","0","0","0","0","-","0"
1,"4zFxD0",1,1807,2006,161,"Rwanda","RWA","RWA",90,"Ireland","IRE","IRL",82,13,"0","0","0","0","0","-","0"
1,"4zFxD0",1,1808,2007,161,"Rwanda","RWA","RWA",90,"Ireland","IRE","IRL",88,20,"0","0","0","0","0","-","0"
1,"4zFxD0",1,1809,2008,161,"Rwanda","RWA","RWA",90,"Ireland","IRE","IRL",88,14,"0","0","0","0","0","-","0"
1,"4zFxD0",1,1810,2009,161,"Rwanda","RWA","RWA",90,"Ireland","IRE","IRL",82,7,"0","0","0","0","0","-","0"
1,"4zFxD0",1,1811,2010,161,"Rwanda","RWA","RWA",90,"Ireland","IRE","IRL",81,21,"0","0","0","0","0","-","0"
1,"4zFxD0",1,1812,2011,161,"Rwanda","RWA","RWA",90,"Ireland","IRE","IRL",72,27,"0","0","0","0","0","-","0"
1,"4zFxD0",1,1813,2012,161,"Rwanda","RWA","RWA",90,"Ireland","IRE","IRL",54,18,"0","0","0","0","0","-","0"
1,"4zFxD0",1,1814,2013,161,"Rwanda","RWA","RWA",90,"Ireland","IRE","IRL",70,27,"0","0","0","0","0","-","0"
1,"4zFxD0",1,1815,2014,161,"Rwanda","RWA","RWA",90,"Ireland","IRE","IRL",59,18,"0","0","0","0","0","-","0"
1,"4zFxD0",1,1816,2015,161,"Rwanda","RWA","RWA",90,"Ireland","IRE","IRL",62,17,"0","0","0","0","0","-","0"
1,"4zFxD0",1,1817,2016,161,"Rwanda","RWA","RWA",90,"Ireland","IRE","IRL",65,10,"0","0","0","0","0","-","0"
1,"4zFxD0",1,1818,2017,161,"Rwanda","RWA","RWA",90,"Ireland","IRE","IRL",66,"0","0","0","0","0","0","-","0"
1,"4zFxD0",1,1819,2018,161,"Rwanda","RWA","RWA",90,"Ireland","IRE","IRL",37,5,"0","0","0","0","0","-","0"
1,"4zFxD0",1,1820,2019,161,"Rwanda","RWA","RWA",90,"Ireland","IRE","IRL",36,"0","0","0","0","0","0","-","0"
1,"4zFxD0",1,1821,2020,161,"Rwanda","RWA","RWA",90,"Ireland","IRE","IRL",39,"0","0","0","0","0","0","-","0"
1,"4zFxD0",1,1822,2021,161,"Rwanda","RWA","RWA",90,"Ireland","IRE","IRL",35,"0","0","0","0","0","0","-","0"
1,"4zFxD0",1,1823,2022,161,"Rwanda","RWA","RWA",90,"Ireland","IRE","IRL",28,5,"0","0","0","0","0","-","0"
1,"4zFxD0",1,1824,2023,161,"Rwanda","RWA","RWA",90,"Ireland","IRE","IRL",29,6,"0","0","0","0","0","-","0"
1,"4zFxD0",1,1825,2024,161,"Rwanda","RWA","RWA",90,"Ireland","IRE","IRL",27,16,"0","0","0","0","0","-","0"
1,"4zFxD0",1,1826,2025,161,"Rwanda","RWA","RWA",90,"Ireland","IRE","IRL",27,16,"0","0","0","0","0","-","0"
1,"4zFxD0",1,1827,2018,162,"El Salvador","SAL","SLV",90,"Ireland","IRE","IRL","0",5,"0","0","0","0","0","-","0"
1,"4zFxD0",1,1828,2019,162,"El Salvador","SAL","SLV",90,"Ireland","IRE","IRL",5,18,"0","0","0","0","0","-","0"
1,"4zFxD0",1,1829,2020,162,"El Salvador","SAL","SLV",90,"Ireland","IRE","IRL",13,28,"0","0","0","0","0","-","0"
1,"4zFxD0",1,1830,2021,162,"El Salvador","SAL","SLV",90,"Ireland","IRE","IRL",34,42,"0","0","0","0","0","-","0"
1,"4zFxD0",1,1831,2022,162,"El Salvador","SAL","SLV",90,"Ireland","IRE","IRL",121,129,"0","0","0","0","0","-","0"
1,"4zFxD0",1,1832,2023,162,"El Salvador","SAL","SLV",90,"Ireland","IRE","IRL",150,238,"0","0","0","0","0","-","0"
1,"4zFxD0",1,1833,2024,162,"El Salvador","SAL","SLV",90,"Ireland","IRE","IRL",210,273,"0","0","0","0","0","-","0"
1,"4zFxD0",1,1834,2025,162,"El Salvador","SAL","SLV",90,"Ireland","IRE","IRL",241,277,"0","0","0","0","0","-","0"
1,"4zFxD0",1,1835,2014,163,"Saudi Arabia","SAU","SAU",90,"Ireland","IRE","IRL",7,"0","0","0","0","0","0","-","0"
1,"4zFxD0",1,1836,2015,163,"Saudi Arabia","SAU","SAU",90,"Ireland","IRE","IRL",7,"0","0","0","0","0","0","-","0"
1,"4zFxD0",1,1837,2016,163,"Saudi Arabia","SAU","SAU",90,"Ireland","IRE","IRL",9,"0","0","0","0","0","0","-","0"
1,"4zFxD0",1,1838,2017,163,"Saudi Arabia","SAU","SAU",90,"Ireland","IRE","IRL",10,6,"0","0","0","0","0","-","0"
1,"4zFxD0",1,1839,2018,163,"Saudi Arabia","SAU","SAU",90,"Ireland","IRE","IRL",9,7,"0","0","0","0","0","-","0"
1,"4zFxD0",1,1840,2019,163,"Saudi Arabia","SAU","SAU",90,"Ireland","IRE","IRL",13,8,"0","0","0","0","0","-","0"
1,"4zFxD0",1,1841,2020,163,"Saudi Arabia","SAU","SAU",90,"Ireland","IRE","IRL",16,7,"0","0","0","0","0","-","0"
1,"4zFxD0",1,1842,2021,163,"Saudi Arabia","SAU","SAU",90,"Ireland","IRE","IRL",20,"0","0","0","0","0","0","-","0"
1,"4zFxD0",1,1843,2022,163,"Saudi Arabia","SAU","SAU",90,"Ireland","IRE","IRL",22,11,"0","0","0","0","0","-","0"
1,"4zFxD0",1,1844,2023,163,"Saudi Arabia","SAU","SAU",90,"Ireland","IRE","IRL",26,12,"0","0","0","0","0","-","0"
1,"4zFxD0",1,1845,2024,163,"Saudi Arabia","SAU","SAU",90,"Ireland","IRE","IRL",32,"0","0","0","0","0","0","-","0"
1,"4zFxD0",1,1846,2025,163,"Saudi Arabia","SAU","SAU",90,"Ireland","IRE","IRL",32,5,"0","0","0","0","0","-","0"
1,"4zFxD0",1,1847,1999,164,"Serbia and Kosovo: S/RES/1244 (1999)","SRB","SRB",90,"Ireland","IRE","IRL",1069,"0",202,"0","0","0","0","-","0"
1,"4zFxD0",1,1848,2000,164,"Serbia and Kosovo: S/RES/1244 (1999)","SRB","SRB",90,"Ireland","IRE","IRL",111,"0",956,"0","0","0","0","-","0"
1,"4zFxD0",1,1849,2001,164,"Serbia and Kosovo: S/RES/1244 (1999)","SRB","SRB",90,"Ireland","IRE","IRL",200,"0",5,"0","0","0","0","-","0"
1,"4zFxD0",1,1850,2002,164,"Serbia and Kosovo: S/RES/1244 (1999)","SRB","SRB",90,"Ireland","IRE","IRL",273,"0",7,"0","0","0","0","-","0"
1,"4zFxD0",1,1851,2003,164,"Serbia and Kosovo: S/RES/1244 (1999)","SRB","SRB",90,"Ireland","IRE","IRL",295,139,5,"0","0","0","0","-","0"
1,"4zFxD0",1,1852,2004,164,"Serbia and Kosovo: S/RES/1244 (1999)","SRB","SRB",90,"Ireland","IRE","IRL",336,71,5,"0","0","0","0","-","0"
1,"4zFxD0",1,1853,2005,164,"Serbia and Kosovo: S/RES/1244 (1999)","SRB","SRB",90,"Ireland","IRE","IRL",368,"0","0","0","0","0","0","-","0"
1,"4zFxD0",1,1854,2006,164,"Serbia and Kosovo: S/RES/1244 (1999)","SRB","SRB",90,"Ireland","IRE","IRL",376,42,"0","0","0","0","0","-","0"
1,"4zFxD0",1,1855,2007,164,"Serbia and Kosovo: S/RES/1244 (1999)","SRB","SRB",90,"Ireland","IRE","IRL",352,50,"0","0","0","0","0","-","0"
1,"4zFxD0",1,1856,2008,164,"Serbia and Kosovo: S/RES/1244 (1999)","SRB","SRB",90,"Ireland","IRE","IRL",355,45,"0","0","0","0","0","-","0"
1,"4zFxD0",1,1857,2009,164,"Serbia and Kosovo: S/RES/1244 (1999)","SRB","SRB",90,"Ireland","IRE","IRL",324,23,"0","0","0","0","0","-","0"
1,"4zFxD0",1,1858,2010,164,"Serbia and Kosovo: S/RES/1244 (1999)","SRB","SRB",90,"Ireland","IRE","IRL",313,45,"0","0","0","0","0","-","0"
1,"4zFxD0",1,1859,2011,164,"Serbia and Kosovo: S/RES/1244 (1999)","SRB","SRB",90,"Ireland","IRE","IRL",225,60,"0","0","0","0","0","-","0"
1,"4zFxD0",1,1860,2012,164,"Serbia and Kosovo: S/RES/1244 (1999)","SRB","SRB",90,"Ireland","IRE","IRL",143,61,"0","0","0","0","0","-","0"
1,"4zFxD0",1,1861,2013,164,"Serbia and Kosovo: S/RES/1244 (1999)","SRB","SRB",90,"Ireland","IRE","IRL",214,50,"0","0","0","0","0","-","0"
1,"4zFxD0",1,1862,2014,164,"Serbia and Kosovo: S/RES/1244 (1999)","SRB","SRB",90,"Ireland","IRE","IRL",191,19,"0","0","0","0","0","-","0"
1,"4zFxD0",1,1863,2015,164,"Serbia and Kosovo: S/RES/1244 (1999)","SRB","SRB",90,"Ireland","IRE","IRL",200,34,"0","0","0","0","0","-","0"
1,"4zFxD0",1,1864,2016,164,"Serbia and Kosovo: S/RES/1244 (1999)","SRB","SRB",90,"Ireland","IRE","IRL",201,20,"0","0","0","0","0","-","0"
1,"4zFxD0",1,1865,2017,164,"Serbia and Kosovo: S/RES/1244 (1999)","SRB","SRB",90,"Ireland","IRE","IRL",200,24,"0","0","0","0","0","-","0"
1,"4zFxD0",1,1866,2018,164,"Serbia and Kosovo: S/RES/1244 (1999)","SRB","SRB",90,"Ireland","IRE","IRL",58,27,"0","0","0","0","0","-","0"
1,"4zFxD0",1,1867,2019,164,"Serbia and Kosovo: S/RES/1244 (1999)","SRB","SRB",90,"Ireland","IRE","IRL",60,32,"0","0","0","0","0","-","0"
1,"4zFxD0",1,1868,2020,164,"Serbia and Kosovo: S/RES/1244 (1999)","SRB","SRB",90,"Ireland","IRE","IRL",61,38,"0","0","0","0","0","-","0"
1,"4zFxD0",1,1869,2021,164,"Serbia and Kosovo: S/RES/1244 (1999)","SRB","SRB",90,"Ireland","IRE","IRL",55,31,"0","0","0","0","0","-","0"
1,"4zFxD0",1,1870,2022,164,"Serbia and Kosovo: S/RES/1244 (1999)","SRB","SRB",90,"Ireland","IRE","IRL",43,23,"0","0","0","0","0","-","0"
1,"4zFxD0",1,1871,2023,164,"Serbia and Kosovo: S/RES/1244 (1999)","SRB","SRB",90,"Ireland","IRE","IRL",54,30,"0","0","0","0","0","-","0"
1,"4zFxD0",1,1872,2024,164,"Serbia and Kosovo: S/RES/1244 (1999)","SRB","SRB",90,"Ireland","IRE","IRL",55,28,"0","0","0","0","0","-","0"
1,"4zFxD0",1,1873,2025,164,"Serbia and Kosovo: S/RES/1244 (1999)","SRB","SRB",90,"Ireland","IRE","IRL",59,20,"0","0","0","0","0","-","0"
1,"4zFxD0",1,1874,2015,165,"Senegal","SEN","SEN",90,"Ireland","IRE","IRL","0",5,"0","0","0","0","0","-","0"
1,"4zFxD0",1,1875,2016,165,"Senegal","SEN","SEN",90,"Ireland","IRE","IRL","0",5,"0","0","0","0","0","-","0"
1,"4zFxD0",1,1876,2017,165,"Senegal","SEN","SEN",90,"Ireland","IRE","IRL","0",7,"0","0","0","0","0","-","0"
1,"4zFxD0",1,1877,2019,165,"Senegal","SEN","SEN",90,"Ireland","IRE","IRL","0",5,"0","0","0","0","0","-","0"
1,"4zFxD0",1,1878,2020,165,"Senegal","SEN","SEN",90,"Ireland","IRE","IRL","0",5,"0","0","0","0","0","-","0"
1,"4zFxD0",1,1879,2021,165,"Senegal","SEN","SEN",90,"Ireland","IRE","IRL",5,5,"0","0","0","0","0","-","0"
1,"4zFxD0",1,1880,2022,165,"Senegal","SEN","SEN",90,"Ireland","IRE","IRL",6,5,"0","0","0","0","0","-","0"
1,"4zFxD0",1,1881,2023,165,"Senegal","SEN","SEN",90,"Ireland","IRE","IRL",8,10,"0","0","0","0","0","-","0"
1,"4zFxD0",1,1882,2024,165,"Senegal","SEN","SEN",90,"Ireland","IRE","IRL",7,5,"0","0","0","0","0","-","0"
1,"4zFxD0",1,1883,2025,165,"Senegal","SEN","SEN",90,"Ireland","IRE","IRL",7,5,"0","0","0","0","0","-","0"
1,"4zFxD0",1,1884,1999,169,"Sierra Leone","SLE","SLE",90,"Ireland","IRE","IRL",5,"0","0","0","0","0","0","-","0"
1,"4zFxD0",1,1885,2000,169,"Sierra Leone","SLE","SLE",90,"Ireland","IRE","IRL",5,"0","0","0","0","0","0","-","0"
1,"4zFxD0",1,1886,2001,169,"Sierra Leone","SLE","SLE",90,"Ireland","IRE","IRL",33,"0","0","0","0","0","0","-","0"
1,"4zFxD0",1,1887,2002,169,"Sierra Leone","SLE","SLE",90,"Ireland","IRE","IRL",65,"0","0","0","0","0","0","-","0"
1,"4zFxD0",1,1888,2003,169,"Sierra Leone","SLE","SLE",90,"Ireland","IRE","IRL",63,51,"0","0","0","0","0","-","0"
1,"4zFxD0",1,1889,2004,169,"Sierra Leone","SLE","SLE",90,"Ireland","IRE","IRL",67,28,"0","0","0","0","0","-","0"
1,"4zFxD0",1,1890,2005,169,"Sierra Leone","SLE","SLE",90,"Ireland","IRE","IRL",74,"0","0","0","0","0","0","-","0"
1,"4zFxD0",1,1891,2006,169,"Sierra Leone","SLE","SLE",90,"Ireland","IRE","IRL",77,20,"0","0","0","0","0","-","0"
1,"4zFxD0",1,1892,2007,169,"Sierra Leone","SLE","SLE",90,"Ireland","IRE","IRL",90,37,"0","0","0","0","0","-","0"
1,"4zFxD0",1,1893,2008,169,"Sierra Leone","SLE","SLE",90,"Ireland","IRE","IRL",91,36,"0","0","0","0","0","-","0"
1,"4zFxD0",1,1894,2009,169,"Sierra Leone","SLE","SLE",90,"Ireland","IRE","IRL",89,34,"0","0","0","0","0","-","0"
1,"4zFxD0",1,1895,2010,169,"Sierra Leone","SLE","SLE",90,"Ireland","IRE","IRL",86,48,"0","0","0","0","0","-","0"
1,"4zFxD0",1,1896,2011,169,"Sierra Leone","SLE","SLE",90,"Ireland","IRE","IRL",58,32,"0","0","0","0","0","-","0"
1,"4zFxD0",1,1897,2012,169,"Sierra Leone","SLE","SLE",90,"Ireland","IRE","IRL",30,35,"0","0","0","0","0","-","0"
1,"4zFxD0",1,1898,2013,169,"Sierra Leone","SLE","SLE",90,"Ireland","IRE","IRL",56,35,"0","0","0","0","0","-","0"
1,"4zFxD0",1,1899,2014,169,"Sierra Leone","SLE","SLE",90,"Ireland","IRE","IRL",52,19,"0","0","0","0","0","-","0"
1,"4zFxD0",1,1900,2015,169,"Sierra Leone","SLE","SLE",90,"Ireland","IRE","IRL",54,15,"0","0","0","0","0","-","0"
1,"4zFxD0",1,1901,2016,169,"Sierra Leone","SLE","SLE",90,"Ireland","IRE","IRL",53,23,"0","0","0","0","0","-","0"
1,"4zFxD0",1,1902,2017,169,"Sierra Leone","SLE","SLE",90,"Ireland","IRE","IRL",53,34,"0","0","0","0","0","-","0"
1,"4zFxD0",1,1903,2018,169,"Sierra Leone","SLE","SLE",90,"Ireland","IRE","IRL",22,41,"0","0","0","0","0","-","0"
1,"4zFxD0",1,1904,2019,169,"Sierra Leone","SLE","SLE",90,"Ireland","IRE","IRL",34,52,"0","0","0","0","0","-","0"
1,"4zFxD0",1,1905,2020,169,"Sierra Leone","SLE","SLE",90,"Ireland","IRE","IRL",51,52,"0","0","0","0","0","-","0"
1,"4zFxD0",1,1906,2021,169,"Sierra Leone","SLE","SLE",90,"Ireland","IRE","IRL",63,32,"0","0","0","0","0","-","0"
1,"4zFxD0",1,1907,2022,169,"Sierra Leone","SLE","SLE",90,"Ireland","IRE","IRL",73,85,"0","0","0","0","0","-","0"
1,"4zFxD0",1,1908,2023,169,"Sierra Leone","SLE","SLE",90,"Ireland","IRE","IRL",92,78,"0","0","0","0","0","-","0"
1,"4zFxD0",1,1909,2024,169,"Sierra Leone","SLE","SLE",90,"Ireland","IRE","IRL",96,88,"0","0","0","0","0","-","0"
1,"4zFxD0",1,1910,2025,169,"Sierra Leone","SLE","SLE",90,"Ireland","IRE","IRL",115,93,"0","0","0","0","0","-","0"
1,"4zFxD0",1,1911,1999,172,"Somalia","SOM","SOM",90,"Ireland","IRE","IRL",141,"0","0","0","0","0","0","-","0"
1,"4zFxD0",1,1912,2000,172,"Somalia","SOM","SOM",90,"Ireland","IRE","IRL",85,"0","0","0","0","0","0","-","0"
1,"4zFxD0",1,1913,2001,172,"Somalia","SOM","SOM",90,"Ireland","IRE","IRL",144,"0","0","0","0","0","0","-","0"
1,"4zFxD0",1,1914,2002,172,"Somalia","SOM","SOM",90,"Ireland","IRE","IRL",116,"0","0","0","0","0","0","-","0"
1,"4zFxD0",1,1915,2003,172,"Somalia","SOM","SOM",90,"Ireland","IRE","IRL",75,188,"0","0","0","0","0","-","0"
1,"4zFxD0",1,1916,2004,172,"Somalia","SOM","SOM",90,"Ireland","IRE","IRL",176,230,"0","0","0","0","0","-","0"
1,"4zFxD0",1,1917,2005,172,"Somalia","SOM","SOM",90,"Ireland","IRE","IRL",309,"0","0","0","0","0","0","-","0"
1,"4zFxD0",1,1918,2006,172,"Somalia","SOM","SOM",90,"Ireland","IRE","IRL",408,161,"0","0","0","0","0","-","0"
1,"4zFxD0",1,1919,2007,172,"Somalia","SOM","SOM",90,"Ireland","IRE","IRL",672,161,"0","0","0","0","0","-","0"
1,"4zFxD0",1,1920,2008,172,"Somalia","SOM","SOM",90,"Ireland","IRE","IRL",653,181,"0","0","0","0","0","-","0"
1,"4zFxD0",1,1921,2009,172,"Somalia","SOM","SOM",90,"Ireland","IRE","IRL",590,155,"0","0","0","0","0","-","0"
1,"4zFxD0",1,1922,2010,172,"Somalia","SOM","SOM",90,"Ireland","IRE","IRL",589,206,"0","0","0","0","0","-","0"
1,"4zFxD0",1,1923,2011,172,"Somalia","SOM","SOM",90,"Ireland","IRE","IRL",542,190,"0","0","0","0","0","-","0"
1,"4zFxD0",1,1924,2012,172,"Somalia","SOM","SOM",90,"Ireland","IRE","IRL",505,172,"0","0","0","0","0","-","0"
1,"4zFxD0",1,1925,2013,172,"Somalia","SOM","SOM",90,"Ireland","IRE","IRL",559,97,"0","0","0","0","0","-","0"
1,"4zFxD0",1,1926,2014,172,"Somalia","SOM","SOM",90,"Ireland","IRE","IRL",503,59,"0","0","0","0","0","-","0"
1,"4zFxD0",1,1927,2015,172,"Somalia","SOM","SOM",90,"Ireland","IRE","IRL",501,29,"0","0","0","0","0","-","0"
1,"4zFxD0",1,1928,2016,172,"Somalia","SOM","SOM",90,"Ireland","IRE","IRL",480,32,"0","0","0","0","0","-","0"
1,"4zFxD0",1,1929,2017,172,"Somalia","SOM","SOM",90,"Ireland","IRE","IRL",480,41,"0","0","0","0","0","-","0"
1,"4zFxD0",1,1930,2018,172,"Somalia","SOM","SOM",90,"Ireland","IRE","IRL",205,68,"0","0","0","0","0","-","0"
1,"4zFxD0",1,1931,2019,172,"Somalia","SOM","SOM",90,"Ireland","IRE","IRL",231,136,"0","0","0","0","0","-","0"
1,"4zFxD0",1,1932,2020,172,"Somalia","SOM","SOM",90,"Ireland","IRE","IRL",275,250,"0","0","0","0","0","-","0"
1,"4zFxD0",1,1933,2021,172,"Somalia","SOM","SOM",90,"Ireland","IRE","IRL",493,338,"0","0","0","0","0","-","0"
1,"4zFxD0",1,1934,2022,172,"Somalia","SOM","SOM",90,"Ireland","IRE","IRL",674,1637,"0","0","0","0","0","-","0"
1,"4zFxD0",1,1935,2023,172,"Somalia","SOM","SOM",90,"Ireland","IRE","IRL",1515,1684,"0","0","0","0","0","-","0"
1,"4zFxD0",1,1936,2024,172,"Somalia","SOM","SOM",90,"Ireland","IRE","IRL",2472,1587,"0","0","0","0","0","-","0"
1,"4zFxD0",1,1937,2025,172,"Somalia","SOM","SOM",90,"Ireland","IRE","IRL",2873,1758,"0","0","0","0","0","-","0"
1,"4zFxD0",1,1938,1999,174,"Viet Nam","SRV","VNM",90,"Ireland","IRE","IRL",5,"0","0","0","0","0","0","-","0"
1,"4zFxD0",1,1939,2007,174,"Viet Nam","SRV","VNM",90,"Ireland","IRE","IRL",7,5,"0","0","0","0","0","-","0"
1,"4zFxD0",1,1940,2008,174,"Viet Nam","SRV","VNM",90,"Ireland","IRE","IRL",8,"0","0","0","0","0","0","-","0"
1,"4zFxD0",1,1941,2009,174,"Viet Nam","SRV","VNM",90,"Ireland","IRE","IRL",5,"0","0","0","0","0","0","-","0"
1,"4zFxD0",1,1942,2010,174,"Viet Nam","SRV","VNM",90,"Ireland","IRE","IRL",5,7,"0","0","0","0","0","-","0"
1,"4zFxD0",1,1943,2011,174,"Viet Nam","SRV","VNM",90,"Ireland","IRE","IRL","0",6,"0","0","0","0","0","-","0"
1,"4zFxD0",1,1944,2012,174,"Viet Nam","SRV","VNM",90,"Ireland","IRE","IRL","0",6,"0","0","0","0","0","-","0"
1,"4zFxD0",1,1945,2013,174,"Viet Nam","SRV","VNM",90,"Ireland","IRE","IRL",5,9,"0","0","0","0","0","-","0"
1,"4zFxD0",1,1946,2014,174,"Viet Nam","SRV","VNM",90,"Ireland","IRE","IRL",5,8,"0","0","0","0","0","-","0"
1,"4zFxD0",1,1947,2015,174,"Viet Nam","SRV","VNM",90,"Ireland","IRE","IRL",7,5,"0","0","0","0","0","-","0"
1,"4zFxD0",1,1948,2016,174,"Viet Nam","SRV","VNM",90,"Ireland","IRE","IRL",7,10,"0","0","0","0","0","-","0"
1,"4zFxD0",1,1949,2017,174,"Viet Nam","SRV","VNM",90,"Ireland","IRE","IRL",7,5,"0","0","0","0","0","-","0"
1,"4zFxD0",1,1950,2018,174,"Viet Nam","SRV","VNM",90,"Ireland","IRE","IRL","0",21,"0","0","0","0","0","-","0"
1,"4zFxD0",1,1951,2019,174,"Viet Nam","SRV","VNM",90,"Ireland","IRE","IRL",5,36,"0","0","0","0","0","-","0"
1,"4zFxD0",1,1952,2020,174,"Viet Nam","SRV","VNM",90,"Ireland","IRE","IRL",6,39,"0","0","0","0","0","-","0"
1,"4zFxD0",1,1953,2021,174,"Viet Nam","SRV","VNM",90,"Ireland","IRE","IRL",10,33,"0","0","0","0","0","-","0"
1,"4zFxD0",1,1954,2022,174,"Viet Nam","SRV","VNM",90,"Ireland","IRE","IRL",15,27,"0","0","0","0","0","-","0"
1,"4zFxD0",1,1955,2023,174,"Viet Nam","SRV","VNM",90,"Ireland","IRE","IRL",18,56,"0","0","0","0","0","-","0"
1,"4zFxD0",1,1956,2024,174,"Viet Nam","SRV","VNM",90,"Ireland","IRE","IRL",23,289,"0","0","0","0","0","-","0"
1,"4zFxD0",1,1957,2025,174,"Viet Nam","SRV","VNM",90,"Ireland","IRE","IRL",34,565,"0","0","0","0","0","-","0"
1,"4zFxD0",1,1958,1999,177,"Sudan","SUD","SDN",90,"Ireland","IRE","IRL",13,"0","0","0","0","0","0","-","0"
1,"4zFxD0",1,1959,2000,177,"Sudan","SUD","SDN",90,"Ireland","IRE","IRL",15,"0","0","0","0","0","0","-","0"
1,"4zFxD0",1,1960,2001,177,"Sudan","SUD","SDN",90,"Ireland","IRE","IRL",25,"0","0","0","0","0","0","-","0"
1,"4zFxD0",1,1961,2002,177,"Sudan","SUD","SDN",90,"Ireland","IRE","IRL",31,"0","0","0","0","0","0","-","0"
1,"4zFxD0",1,1962,2003,177,"Sudan","SUD","SDN",90,"Ireland","IRE","IRL",54,72,"0","0","0","0","0","-","0"
1,"4zFxD0",1,1963,2004,177,"Sudan","SUD","SDN",90,"Ireland","IRE","IRL",101,148,"0","0","0","0","0","-","0"
1,"4zFxD0",1,1964,2005,177,"Sudan","SUD","SDN",90,"Ireland","IRE","IRL",182,"0","0","0","0","0","0","-","0"
1,"4zFxD0",1,1965,2006,177,"Sudan","SUD","SDN",90,"Ireland","IRE","IRL",298,208,"0","0","0","0","0","-","0"
1,"4zFxD0",1,1966,2007,177,"Sudan","SUD","SDN",90,"Ireland","IRE","IRL",390,188,"0","0","0","0","0","-","0"
1,"4zFxD0",1,1967,2008,177,"Sudan","SUD","SDN",90,"Ireland","IRE","IRL",435,167,"0","0","0","0","0","-","0"
1,"4zFxD0",1,1968,2009,177,"Sudan","SUD","SDN",90,"Ireland","IRE","IRL",445,103,"0","0","0","0","0","-","0"
1,"4zFxD0",1,1969,2010,177,"Sudan","SUD","SDN",90,"Ireland","IRE","IRL",445,195,"0","0","0","0","0","-","0"
1,"4zFxD0",1,1970,2011,177,"Sudan","SUD","SDN",90,"Ireland","IRE","IRL",439,183,"0","0","0","0","0","-","0"
1,"4zFxD0",1,1971,2012,177,"Sudan","SUD","SDN",90,"Ireland","IRE","IRL",432,179,"0","0","0","0","0","-","0"
1,"4zFxD0",1,1972,2013,177,"Sudan","SUD","SDN",90,"Ireland","IRE","IRL",186,157,"0","0","0","0","0","-","0"
1,"4zFxD0",1,1973,2014,177,"Sudan","SUD","SDN",90,"Ireland","IRE","IRL",201,75,"0","0","0","0","0","-","0"
1,"4zFxD0",1,1974,2015,177,"Sudan","SUD","SDN",90,"Ireland","IRE","IRL",201,47,"0","0","0","0","0","-","0"
1,"4zFxD0",1,1975,2016,177,"Sudan","SUD","SDN",90,"Ireland","IRE","IRL",183,22,"0","0","0","0","0","-","0"
1,"4zFxD0",1,1976,2017,177,"Sudan","SUD","SDN",90,"Ireland","IRE","IRL",188,32,"0","0","0","0","0","-","0"
1,"4zFxD0",1,1977,2018,177,"Sudan","SUD","SDN",90,"Ireland","IRE","IRL",159,62,"0","0","0","0","0","-","0"
1,"4zFxD0",1,1978,2019,177,"Sudan","SUD","SDN",90,"Ireland","IRE","IRL",202,34,"0","0","0","0","0","-","0"
1,"4zFxD0",1,1979,2020,177,"Sudan","SUD","SDN",90,"Ireland","IRE","IRL",212,31,"0","0","0","0","0","-","0"
1,"4zFxD0",1,1980,2021,177,"Sudan","SUD","SDN",90,"Ireland","IRE","IRL",229,14,"0","0","0","0","0","-","0"
1,"4zFxD0",1,1981,2022,177,"Sudan","SUD","SDN",90,"Ireland","IRE","IRL",220,80,"0","0","0","0","0","-","0"
1,"4zFxD0",1,1982,2023,177,"Sudan","SUD","SDN",90,"Ireland","IRE","IRL",246,184,"0","0","0","0","0","-","0"
1,"4zFxD0",1,1983,2024,177,"Sudan","SUD","SDN",90,"Ireland","IRE","IRL",343,171,"0","0","0","0","0","-","0"
1,"4zFxD0",1,1984,2025,177,"Sudan","SUD","SDN",90,"Ireland","IRE","IRL",394,164,"0","0","0","0","0","-","0"
1,"4zFxD0",1,1985,2021,179,"South Sudan","SSD","SSD",90,"Ireland","IRE","IRL",5,"0","0","0","0","0","0","-","0"
1,"4zFxD0",1,1986,2022,179,"South Sudan","SSD","SSD",90,"Ireland","IRE","IRL",6,"0","0","0","0","0","0","-","0"
1,"4zFxD0",1,1987,2023,179,"South Sudan","SSD","SSD",90,"Ireland","IRE","IRL",6,5,"0","0","0","0","0","-","0"
1,"4zFxD0",1,1988,2024,179,"South Sudan","SSD","SSD",90,"Ireland","IRE","IRL",6,5,"0","0","0","0","0","-","0"
1,"4zFxD0",1,1989,2025,179,"South Sudan","SSD","SSD",90,"Ireland","IRE","IRL",6,5,"0","0","0","0","0","-","0"
1,"4zFxD0",1,1990,2002,180,"Slovakia","SVK","SVK",90,"Ireland","IRE","IRL",18,"0","0","0","0","0","0","-","0"
1,"4zFxD0",1,1991,2003,180,"Slovakia","SVK","SVK",90,"Ireland","IRE","IRL",24,18,"0","0","0","0","0","-","0"
1,"4zFxD0",1,1992,2004,180,"Slovakia","SVK","SVK",90,"Ireland","IRE","IRL",24,5,"0","0","0","0","0","-","0"
1,"4zFxD0",1,1993,2005,180,"Slovakia","SVK","SVK",90,"Ireland","IRE","IRL",27,"0","0","0","0","0","0","-","0"
1,"4zFxD0",1,1994,2006,180,"Slovakia","SVK","SVK",90,"Ireland","IRE","IRL",27,"0","0","0","0","0","0","-","0"
1,"4zFxD0",1,1995,2007,180,"Slovakia","SVK","SVK",90,"Ireland","IRE","IRL",28,"0","0","0","0","0","0","-","0"
1,"4zFxD0",1,1996,2008,180,"Slovakia","SVK","SVK",90,"Ireland","IRE","IRL",28,"0","0","0","0","0","0","-","0"
1,"4zFxD0",1,1997,2009,180,"Slovakia","SVK","SVK",90,"Ireland","IRE","IRL",28,"0","0","0","0","0","0","-","0"
1,"4zFxD0",1,1998,2010,180,"Slovakia","SVK","SVK",90,"Ireland","IRE","IRL",28,"0","0","0","0","0","0","-","0"
1,"4zFxD0",1,1999,2011,180,"Slovakia","SVK","SVK",90,"Ireland","IRE","IRL",28,"0","0","0","0","0","0","-","0"
1,"4zFxD0",1,2000,2012,180,"Slovakia","SVK","SVK",90,"Ireland","IRE","IRL",10,"0","0","0","0","0","0","-","0"
1,"4zFxD0",1,2001,2013,180,"Slovakia","SVK","SVK",90,"Ireland","IRE","IRL",27,"0","0","0","0","0","0","-","0"
1,"4zFxD0",1,2002,2014,180,"Slovakia","SVK","SVK",90,"Ireland","IRE","IRL",23,"0","0","0","0","0","0","-","0"
1,"4zFxD0",1,2003,2015,180,"Slovakia","SVK","SVK",90,"Ireland","IRE","IRL",23,"0","0","0","0","0","0","-","0"
1,"4zFxD0",1,2004,2010,182,"Eswatini","SWA","SWZ",90,"Ireland","IRE","IRL","0",5,"0","0","0","0","0","-","0"
1,"4zFxD0",1,2005,2011,182,"Eswatini","SWA","SWZ",90,"Ireland","IRE","IRL","0",6,"0","0","0","0","0","-","0"
1,"4zFxD0",1,2006,2012,182,"Eswatini","SWA","SWZ",90,"Ireland","IRE","IRL","0",6,"0","0","0","0","0","-","0"
1,"4zFxD0",1,2007,2013,182,"Eswatini","SWA","SWZ",90,"Ireland","IRE","IRL",8,5,"0","0","0","0","0","-","0"
1,"4zFxD0",1,2008,2014,182,"Eswatini","SWA","SWZ",90,"Ireland","IRE","IRL",11,9,"0","0","0","0","0","-","0"
1,"4zFxD0",1,2009,2015,182,"Eswatini","SWA","SWZ",90,"Ireland","IRE","IRL",11,9,"0","0","0","0","0","-","0"
1,"4zFxD0",1,2010,2016,182,"Eswatini","SWA","SWZ",90,"Ireland","IRE","IRL",15,"0","0","0","0","0","0","-","0"
1,"4zFxD0",1,2011,2017,182,"Eswatini","SWA","SWZ",90,"Ireland","IRE","IRL",15,13,"0","0","0","0","0","-","0"
1,"4zFxD0",1,2012,2018,182,"Eswatini","SWA","SWZ",90,"Ireland","IRE","IRL",13,17,"0","0","0","0","0","-","0"
1,"4zFxD0",1,2013,2019,182,"Eswatini","SWA","SWZ",90,"Ireland","IRE","IRL",15,26,"0","0","0","0","0","-","0"
1,"4zFxD0",1,2014,2020,182,"Eswatini","SWA","SWZ",90,"Ireland","IRE","IRL",19,17,"0","0","0","0","0","-","0"
1,"4zFxD0",1,2015,2021,182,"Eswatini","SWA","SWZ",90,"Ireland","IRE","IRL",18,21,"0","0","0","0","0","-","0"
1,"4zFxD0",1,2016,2022,182,"Eswatini","SWA","SWZ",90,"Ireland","IRE","IRL",22,64,"0","0","0","0","0","-","0"
1,"4zFxD0",1,2017,2023,182,"Eswatini","SWA","SWZ",90,"Ireland","IRE","IRL",29,149,"0","0","0","0","0","-","0"
1,"4zFxD0",1,2018,2024,182,"Eswatini","SWA","SWZ",90,"Ireland","IRE","IRL",56,359,"0","0","0","0","0","-","0"
1,"4zFxD0",1,2019,2025,182,"Eswatini","SWA","SWZ",90,"Ireland","IRE","IRL",93,404,"0","0","0","0","0","-","0"
1,"4zFxD0",1,2020,2002,184,"Switzerland","SWI","CHE",90,"Ireland","IRE","IRL",5,"0","0","0","0","0","0","-","0"
1,"4zFxD0",1,2021,2003,184,"Switzerland","SWI","CHE",90,"Ireland","IRE","IRL",5,"0","0","0","0","0","0","-","0"
1,"4zFxD0",1,2022,2004,184,"Switzerland","SWI","CHE",90,"Ireland","IRE","IRL",5,"0","0","0","0","0","0","-","0"
1,"4zFxD0",1,2023,2005,184,"Switzerland","SWI","CHE",90,"Ireland","IRE","IRL",5,"0","0","0","0","0","0","-","0"
1,"4zFxD0",1,2024,2006,184,"Switzerland","SWI","CHE",90,"Ireland","IRE","IRL",5,"0","0","0","0","0","0","-","0"
1,"4zFxD0",1,2025,2007,184,"Switzerland","SWI","CHE",90,"Ireland","IRE","IRL",5,"0","0","0","0","0","0","-","0"
1,"4zFxD0",1,2026,2008,184,"Switzerland","SWI","CHE",90,"Ireland","IRE","IRL",5,"0","0","0","0","0","0","-","0"
1,"4zFxD0",1,2027,2009,184,"Switzerland","SWI","CHE",90,"Ireland","IRE","IRL",5,"0","0","0","0","0","0","-","0"
1,"4zFxD0",1,2028,2010,184,"Switzerland","SWI","CHE",90,"Ireland","IRE","IRL",5,"0","0","0","0","0","0","-","0"
1,"4zFxD0",1,2029,2011,184,"Switzerland","SWI","CHE",90,"Ireland","IRE","IRL",5,"0","0","0","0","0","0","-","0"
1,"4zFxD0",1,2030,2001,185,"Syrian Arab Rep.","SYR","SYR",90,"Ireland","IRE","IRL",9,"0","0","0","0","0","0","-","0"
1,"4zFxD0",1,2031,2002,185,"Syrian Arab Rep.","SYR","SYR",90,"Ireland","IRE","IRL",13,"0","0","0","0","0","0","-","0"
1,"4zFxD0",1,2032,2003,185,"Syrian Arab Rep.","SYR","SYR",90,"Ireland","IRE","IRL",15,18,"0","0","0","0","0","-","0"
1,"4zFxD0",1,2033,2004,185,"Syrian Arab Rep.","SYR","SYR",90,"Ireland","IRE","IRL",21,16,"0","0","0","0","0","-","0"
1,"4zFxD0",1,2034,2005,185,"Syrian Arab Rep.","SYR","SYR",90,"Ireland","IRE","IRL",27,"0","0","0","0","0","0","-","0"
1,"4zFxD0",1,2035,2006,185,"Syrian Arab Rep.","SYR","SYR",90,"Ireland","IRE","IRL",29,10,"0","0","0","0","0","-","0"
1,"4zFxD0",1,2036,2007,185,"Syrian Arab Rep.","SYR","SYR",90,"Ireland","IRE","IRL",34,13,"0","0","0","0","0","-","0"
1,"4zFxD0",1,2037,2008,185,"Syrian Arab Rep.","SYR","SYR",90,"Ireland","IRE","IRL",36,17,"0","0","0","0","0","-","0"
1,"4zFxD0",1,2038,2009,185,"Syrian Arab Rep.","SYR","SYR",90,"Ireland","IRE","IRL",34,5,"0","0","0","0","0","-","0"
1,"4zFxD0",1,2039,2010,185,"Syrian Arab Rep.","SYR","SYR",90,"Ireland","IRE","IRL",34,10,"0","0","0","0","0","-","0"
1,"4zFxD0",1,2040,2011,185,"Syrian Arab Rep.","SYR","SYR",90,"Ireland","IRE","IRL",27,17,"0","0","0","0","0","-","0"
1,"4zFxD0",1,2041,2012,185,"Syrian Arab Rep.","SYR","SYR",90,"Ireland","IRE","IRL",38,11,"0","0","0","0","0","-","0"
1,"4zFxD0",1,2042,2013,185,"Syrian Arab Rep.","SYR","SYR",90,"Ireland","IRE","IRL",71,13,"0","0","0","0","0","-","0"
1,"4zFxD0",1,2043,2014,185,"Syrian Arab Rep.","SYR","SYR",90,"Ireland","IRE","IRL",176,12,"0","0","0","0","0","-","0"
1,"4zFxD0",1,2044,2015,185,"Syrian Arab Rep.","SYR","SYR",90,"Ireland","IRE","IRL",109,50,"0","0","0","0","0","-","0"
1,"4zFxD0",1,2045,2016,185,"Syrian Arab Rep.","SYR","SYR",90,"Ireland","IRE","IRL",243,135,"0","0","0","0","0","-","0"
1,"4zFxD0",1,2046,2017,185,"Syrian Arab Rep.","SYR","SYR",90,"Ireland","IRE","IRL",718,138,"0","0","0","0","0","-","0"
1,"4zFxD0",1,2047,2018,185,"Syrian Arab Rep.","SYR","SYR",90,"Ireland","IRE","IRL",2126,66,"0","0","0","0","0","-","0"
1,"4zFxD0",1,2048,2019,185,"Syrian Arab Rep.","SYR","SYR",90,"Ireland","IRE","IRL",2882,54,"0","0","0","0","0","-","0"
1,"4zFxD0",1,2049,2020,185,"Syrian Arab Rep.","SYR","SYR",90,"Ireland","IRE","IRL",3126,67,"0","0","0","0","0","-","0"
1,"4zFxD0",1,2050,2021,185,"Syrian Arab Rep.","SYR","SYR",90,"Ireland","IRE","IRL",2832,53,"0","0","0","0","0","-","0"
1,"4zFxD0",1,2051,2022,185,"Syrian Arab Rep.","SYR","SYR",90,"Ireland","IRE","IRL",2520,87,"0","0","0","0","0","-","0"
1,"4zFxD0",1,2052,2023,185,"Syrian Arab Rep.","SYR","SYR",90,"Ireland","IRE","IRL",2097,200,"0","0","0","0","0","-","0"
1,"4zFxD0",1,2053,2024,185,"Syrian Arab Rep.","SYR","SYR",90,"Ireland","IRE","IRL",1424,377,"0","0","0","0","0","-","0"
1,"4zFxD0",1,2054,2025,185,"Syrian Arab Rep.","SYR","SYR",90,"Ireland","IRE","IRL",1571,388,"0","0","0","0","0","-","0"
1,"4zFxD0",1,2055,2001,186,"United Rep. of Tanzania","TAN","TZA",90,"Ireland","IRE","IRL",7,"0","0","0","0","0","0","-","0"
1,"4zFxD0",1,2056,2002,186,"United Rep. of Tanzania","TAN","TZA",90,"Ireland","IRE","IRL",9,"0","0","0","0","0","0","-","0"
1,"4zFxD0",1,2057,2003,186,"United Rep. of Tanzania","TAN","TZA",90,"Ireland","IRE","IRL",5,"0","0","0","0","0","0","-","0"
1,"4zFxD0",1,2058,2004,186,"United Rep. of Tanzania","TAN","TZA",90,"Ireland","IRE","IRL",5,"0","0","0","0","0","0","-","0"
1,"4zFxD0",1,2059,2005,186,"United Rep. of Tanzania","TAN","TZA",90,"Ireland","IRE","IRL",5,"0","0","0","0","0","0","-","0"
1,"4zFxD0",1,2060,2006,186,"United Rep. of Tanzania","TAN","TZA",90,"Ireland","IRE","IRL",5,"0","0","0","0","0","0","-","0"
1,"4zFxD0",1,2061,2007,186,"United Rep. of Tanzania","TAN","TZA",90,"Ireland","IRE","IRL",9,5,"0","0","0","0","0","-","0"
1,"4zFxD0",1,2062,2008,186,"United Rep. of Tanzania","TAN","TZA",90,"Ireland","IRE","IRL",9,5,"0","0","0","0","0","-","0"
1,"4zFxD0",1,2063,2009,186,"United Rep. of Tanzania","TAN","TZA",90,"Ireland","IRE","IRL",9,5,"0","0","0","0","0","-","0"
1,"4zFxD0",1,2064,2010,186,"United Rep. of Tanzania","TAN","TZA",90,"Ireland","IRE","IRL",9,"0","0","0","0","0","0","-","0"
1,"4zFxD0",1,2065,2011,186,"United Rep. of Tanzania","TAN","TZA",90,"Ireland","IRE","IRL","0",5,"0","0","0","0","0","-","0"
1,"4zFxD0",1,2066,2012,186,"United Rep. of Tanzania","TAN","TZA",90,"Ireland","IRE","IRL","0",5,"0","0","0","0","0","-","0"
1,"4zFxD0",1,2067,2013,186,"United Rep. of Tanzania","TAN","TZA",90,"Ireland","IRE","IRL",9,"0","0","0","0","0","0","-","0"
1,"4zFxD0",1,2068,2014,186,"United Rep. of Tanzania","TAN","TZA",90,"Ireland","IRE","IRL",9,"0","0","0","0","0","0","-","0"
1,"4zFxD0",1,2069,2015,186,"United Rep. of Tanzania","TAN","TZA",90,"Ireland","IRE","IRL",9,"0","0","0","0","0","0","-","0"
1,"4zFxD0",1,2070,2016,186,"United Rep. of Tanzania","TAN","TZA",90,"Ireland","IRE","IRL",9,"0","0","0","0","0","0","-","0"
1,"4zFxD0",1,2071,2017,186,"United Rep. of Tanzania","TAN","TZA",90,"Ireland","IRE","IRL",9,"0","0","0","0","0","0","-","0"
1,"4zFxD0",1,2072,2018,186,"United Rep. of Tanzania","TAN","TZA",90,"Ireland","IRE","IRL","0",7,"0","0","0","0","0","-","0"
1,"4zFxD0",1,2073,2019,186,"United Rep. of Tanzania","TAN","TZA",90,"Ireland","IRE","IRL","0",9,"0","0","0","0","0","-","0"
1,"4zFxD0",1,2074,2020,186,"United Rep. of Tanzania","TAN","TZA",90,"Ireland","IRE","IRL","0",10,"0","0","0","0","0","-","0"
1,"4zFxD0",1,2075,2021,186,"United Rep. of Tanzania","TAN","TZA",90,"Ireland","IRE","IRL",5,11,"0","0","0","0","0","-","0"
1,"4zFxD0",1,2076,2022,186,"United Rep. of Tanzania","TAN","TZA",90,"Ireland","IRE","IRL",5,6,"0","0","0","0","0","-","0"
1,"4zFxD0",1,2077,2023,186,"United Rep. of Tanzania","TAN","TZA",90,"Ireland","IRE","IRL",10,10,"0","0","0","0","0","-","0"
1,"4zFxD0",1,2078,2024,186,"United Rep. of Tanzania","TAN","TZA",90,"Ireland","IRE","IRL",5,16,"0","0","0","0","0","-","0"
1,"4zFxD0",1,2079,2025,186,"United Rep. of Tanzania","TAN","TZA",90,"Ireland","IRE","IRL",5,17,"0","0","0","0","0","-","0"
1,"4zFxD0",1,2080,2020,187,"Turks and Caicos Islands","TCI","TCA",90,"Ireland","IRE","IRL","0",5,"0","0","0","0","0","-","0"
1,"4zFxD0",1,2081,2021,187,"Turks and Caicos Islands","TCI","TCA",90,"Ireland","IRE","IRL","0",5,"0","0","0","0","0","-","0"
1,"4zFxD0",1,2082,2022,187,"Turks and Caicos Islands","TCI","TCA",90,"Ireland","IRE","IRL",5,"0","0","0","0","0","0","-","0"
1,"4zFxD0",1,2083,2023,187,"Turks and Caicos Islands","TCI","TCA",90,"Ireland","IRE","IRL",5,"0","0","0","0","0","0","-","0"
1,"4zFxD0",1,2084,2024,188,"Thailand","THA","THA",90,"Ireland","IRE","IRL","0",5,"0","0","0","0","0","-","0"
1,"4zFxD0",1,2085,2025,188,"Thailand","THA","THA",90,"Ireland","IRE","IRL","0",5,"0","0","0","0","0","-","0"
1,"4zFxD0",1,2086,2001,189,"Tajikistan","TJK","TJK",90,"Ireland","IRE","IRL",9,"0","0","0","0","0","0","-","0"
1,"4zFxD0",1,2087,2002,189,"Tajikistan","TJK","TJK",90,"Ireland","IRE","IRL",8,"0","0","0","0","0","0","-","0"
1,"4zFxD0",1,2088,2003,189,"Tajikistan","TJK","TJK",90,"Ireland","IRE","IRL",5,"0","0","0","0","0","0","-","0"
1,"4zFxD0",1,2089,2004,189,"Tajikistan","TJK","TJK",90,"Ireland","IRE","IRL",5,"0","0","0","0","0","0","-","0"
1,"4zFxD0",1,2090,2005,189,"Tajikistan","TJK","TJK",90,"Ireland","IRE","IRL",5,"0","0","0","0","0","0","-","0"
1,"4zFxD0",1,2091,2006,189,"Tajikistan","TJK","TJK",90,"Ireland","IRE","IRL",5,"0","0","0","0","0","0","-","0"
1,"4zFxD0",1,2092,2007,189,"Tajikistan","TJK","TJK",90,"Ireland","IRE","IRL",9,"0","0","0","0","0","0","-","0"
1,"4zFxD0",1,2093,2008,189,"Tajikistan","TJK","TJK",90,"Ireland","IRE","IRL",9,"0","0","0","0","0","0","-","0"
1,"4zFxD0",1,2094,2009,189,"Tajikistan","TJK","TJK",90,"Ireland","IRE","IRL",9,"0","0","0","0","0","0","-","0"
1,"4zFxD0",1,2095,2010,189,"Tajikistan","TJK","TJK",90,"Ireland","IRE","IRL",7,"0","0","0","0","0","0","-","0"
1,"4zFxD0",1,2096,2013,189,"Tajikistan","TJK","TJK",90,"Ireland","IRE","IRL",12,"0","0","0","0","0","0","-","0"
1,"4zFxD0",1,2097,2014,189,"Tajikistan","TJK","TJK",90,"Ireland","IRE","IRL",12,"0","0","0","0","0","0","-","0"
1,"4zFxD0",1,2098,2015,189,"Tajikistan","TJK","TJK",90,"Ireland","IRE","IRL",12,"0","0","0","0","0","0","-","0"
1,"4zFxD0",1,2099,2016,189,"Tajikistan","TJK","TJK",90,"Ireland","IRE","IRL",12,"0","0","0","0","0","0","-","0"
1,"4zFxD0",1,2100,2017,189,"Tajikistan","TJK","TJK",90,"Ireland","IRE","IRL",12,"0","0","0","0","0","0","-","0"
1,"4zFxD0",1,2101,2023,189,"Tajikistan","TJK","TJK",90,"Ireland","IRE","IRL",27,"0","0","0","0","0","0","-","0"
1,"4zFxD0",1,2102,2024,189,"Tajikistan","TJK","TJK",90,"Ireland","IRE","IRL",29,"0","0","0","0","0","0","-","0"
1,"4zFxD0",1,2103,2025,189,"Tajikistan","TJK","TJK",90,"Ireland","IRE","IRL",29,5,"0","0","0","0","0","-","0"
1,"4zFxD0",1,2104,2003,190,"Turkmenistan","TKM","TKM",90,"Ireland","IRE","IRL","0",5,"0","0","0","0","0","-","0"
1,"4zFxD0",1,2105,2023,190,"Turkmenistan","TKM","TKM",90,"Ireland","IRE","IRL",5,"0","0","0","0","0","0","-","0"
1,"4zFxD0",1,2106,2024,190,"Turkmenistan","TKM","TKM",90,"Ireland","IRE","IRL",5,"0","0","0","0","0","0","-","0"
1,"4zFxD0",1,2107,2025,190,"Turkmenistan","TKM","TKM",90,"Ireland","IRE","IRL",5,"0","0","0","0","0","0","-","0"
1,"4zFxD0",1,2108,2000,192,"Togo","TOG","TGO",90,"Ireland","IRE","IRL",5,"0","0","0","0","0","0","-","0"
1,"4zFxD0",1,2109,2001,192,"Togo","TOG","TGO",90,"Ireland","IRE","IRL",17,"0","0","0","0","0","0","-","0"
1,"4zFxD0",1,2110,2002,192,"Togo","TOG","TGO",90,"Ireland","IRE","IRL",38,"0","0","0","0","0","0","-","0"
1,"4zFxD0",1,2111,2003,192,"Togo","TOG","TGO",90,"Ireland","IRE","IRL",46,64,"0","0","0","0","0","-","0"
1,"4zFxD0",1,2112,2004,192,"Togo","TOG","TGO",90,"Ireland","IRE","IRL",60,41,"0","0","0","0","0","-","0"
1,"4zFxD0",1,2113,2005,192,"Togo","TOG","TGO",90,"Ireland","IRE","IRL",72,"0","0","0","0","0","0","-","0"
1,"4zFxD0",1,2114,2006,192,"Togo","TOG","TGO",90,"Ireland","IRE","IRL",78,39,"0","0","0","0","0","-","0"
1,"4zFxD0",1,2115,2007,192,"Togo","TOG","TGO",90,"Ireland","IRE","IRL",87,36,"0","0","0","0","0","-","0"
1,"4zFxD0",1,2116,2008,192,"Togo","TOG","TGO",90,"Ireland","IRE","IRL",95,38,"0","0","0","0","0","-","0"
1,"4zFxD0",1,2117,2009,192,"Togo","TOG","TGO",90,"Ireland","IRE","IRL",96,12,"0","0","0","0","0","-","0"
1,"4zFxD0",1,2118,2010,192,"Togo","TOG","TGO",90,"Ireland","IRE","IRL",94,43,"0","0","0","0","0","-","0"
1,"4zFxD0",1,2119,2011,192,"Togo","TOG","TGO",90,"Ireland","IRE","IRL",80,41,"0","0","0","0","0","-","0"
1,"4zFxD0",1,2120,2012,192,"Togo","TOG","TGO",90,"Ireland","IRE","IRL",58,49,"0","0","0","0","0","-","0"
1,"4zFxD0",1,2121,2013,192,"Togo","TOG","TGO",90,"Ireland","IRE","IRL",36,31,"0","0","0","0","0","-","0"
1,"4zFxD0",1,2122,2014,192,"Togo","TOG","TGO",90,"Ireland","IRE","IRL",34,13,"0","0","0","0","0","-","0"
1,"4zFxD0",1,2123,2015,192,"Togo","TOG","TGO",90,"Ireland","IRE","IRL",36,16,"0","0","0","0","0","-","0"
1,"4zFxD0",1,2124,2016,192,"Togo","TOG","TGO",90,"Ireland","IRE","IRL",37,10,"0","0","0","0","0","-","0"
1,"4zFxD0",1,2125,2017,192,"Togo","TOG","TGO",90,"Ireland","IRE","IRL",37,5,"0","0","0","0","0","-","0"
1,"4zFxD0",1,2126,2018,192,"Togo","TOG","TGO",90,"Ireland","IRE","IRL",17,6,"0","0","0","0","0","-","0"
1,"4zFxD0",1,2127,2019,192,"Togo","TOG","TGO",90,"Ireland","IRE","IRL",19,9,"0","0","0","0","0","-","0"
1,"4zFxD0",1,2128,2020,192,"Togo","TOG","TGO",90,"Ireland","IRE","IRL",21,20,"0","0","0","0","0","-","0"
1,"4zFxD0",1,2129,2021,192,"Togo","TOG","TGO",90,"Ireland","IRE","IRL",19,31,"0","0","0","0","0","-","0"
1,"4zFxD0",1,2130,2022,192,"Togo","TOG","TGO",90,"Ireland","IRE","IRL",23,40,"0","0","0","0","0","-","0"
1,"4zFxD0",1,2131,2023,192,"Togo","TOG","TGO",90,"Ireland","IRE","IRL",28,38,"0","0","0","0","0","-","0"
1,"4zFxD0",1,2132,2024,192,"Togo","TOG","TGO",90,"Ireland","IRE","IRL",27,45,"0","0","0","0","0","-","0"
1,"4zFxD0",1,2133,2025,192,"Togo","TOG","TGO",90,"Ireland","IRE","IRL",29,48,"0","0","0","0","0","-","0"
1,"4zFxD0",1,2134,2019,194,"Trinidad and Tobago","TRT","TTO",90,"Ireland","IRE","IRL","0",5,"0","0","0","0","0","-","0"
1,"4zFxD0",1,2135,2020,194,"Trinidad and Tobago","TRT","TTO",90,"Ireland","IRE","IRL","0",5,"0","0","0","0","0","-","0"
1,"4zFxD0",1,2136,2022,194,"Trinidad and Tobago","TRT","TTO",90,"Ireland","IRE","IRL","0",5,"0","0","0","0","0","-","0"
1,"4zFxD0",1,2137,2024,194,"Trinidad and Tobago","TRT","TTO",90,"Ireland","IRE","IRL","0",5,"0","0","0","0","0","-","0"
1,"4zFxD0",1,2138,2001,195,"Tunisia","TUN","TUN",90,"Ireland","IRE","IRL",6,"0","0","0","0","0","0","-","0"
1,"4zFxD0",1,2139,2002,195,"Tunisia","TUN","TUN",90,"Ireland","IRE","IRL",5,"0","0","0","0","0","0","-","0"
1,"4zFxD0",1,2140,2003,195,"Tunisia","TUN","TUN",90,"Ireland","IRE","IRL",5,"0","0","0","0","0","0","-","0"
1,"4zFxD0",1,2141,2004,195,"Tunisia","TUN","TUN",90,"Ireland","IRE","IRL",5,"0","0","0","0","0","0","-","0"
1,"4zFxD0",1,2142,2005,195,"Tunisia","TUN","TUN",90,"Ireland","IRE","IRL",6,"0","0","0","0","0","0","-","0"
1,"4zFxD0",1,2143,2006,195,"Tunisia","TUN","TUN",90,"Ireland","IRE","IRL",6,"0","0","0","0","0","0","-","0"
1,"4zFxD0",1,2144,2013,195,"Tunisia","TUN","TUN",90,"Ireland","IRE","IRL",5,"0","0","0","0","0","0","-","0"
1,"4zFxD0",1,2145,2014,195,"Tunisia","TUN","TUN",90,"Ireland","IRE","IRL",5,"0","0","0","0","0","0","-","0"
1,"4zFxD0",1,2146,2015,195,"Tunisia","TUN","TUN",90,"Ireland","IRE","IRL",5,5,"0","0","0","0","0","-","0"
1,"4zFxD0",1,2147,2016,195,"Tunisia","TUN","TUN",90,"Ireland","IRE","IRL","0",5,"0","0","0","0","0","-","0"
1,"4zFxD0",1,2148,2017,195,"Tunisia","TUN","TUN",90,"Ireland","IRE","IRL","0",14,"0","0","0","0","0","-","0"
1,"4zFxD0",1,2149,2018,195,"Tunisia","TUN","TUN",90,"Ireland","IRE","IRL","0",14,"0","0","0","0","0","-","0"
1,"4zFxD0",1,2150,2019,195,"Tunisia","TUN","TUN",90,"Ireland","IRE","IRL",5,10,"0","0","0","0","0","-","0"
1,"4zFxD0",1,2151,2020,195,"Tunisia","TUN","TUN",90,"Ireland","IRE","IRL",7,6,"0","0","0","0","0","-","0"
1,"4zFxD0",1,2152,2021,195,"Tunisia","TUN","TUN",90,"Ireland","IRE","IRL",6,5,"0","0","0","0","0","-","0"
1,"4zFxD0",1,2153,2022,195,"Tunisia","TUN","TUN",90,"Ireland","IRE","IRL",5,54,"0","0","0","0","0","-","0"
1,"4zFxD0",1,2154,2023,195,"Tunisia","TUN","TUN",90,"Ireland","IRE","IRL",7,100,"0","0","0","0","0","-","0"
1,"4zFxD0",1,2155,2024,195,"Tunisia","TUN","TUN",90,"Ireland","IRE","IRL",19,87,"0","0","0","0","0","-","0"
1,"4zFxD0",1,2156,2025,195,"Tunisia","TUN","TUN",90,"Ireland","IRE","IRL",21,89,"0","0","0","0","0","-","0"
1,"4zFxD0",1,2157,2000,196,"Türkiye","TUR","TUR",90,"Ireland","IRE","IRL",5,"0","0","0","0","0","0","-","0"
1,"4zFxD0",1,2158,2001,196,"Türkiye","TUR","TUR",90,"Ireland","IRE","IRL",6,"0","0","0","0","0","0","-","0"
1,"4zFxD0",1,2159,2002,196,"Türkiye","TUR","TUR",90,"Ireland","IRE","IRL",10,"0","0","0","0","0","0","-","0"
1,"4zFxD0",1,2160,2003,196,"Türkiye","TUR","TUR",90,"Ireland","IRE","IRL",12,18,"0","0","0","0","0","-","0"
1,"4zFxD0",1,2161,2004,196,"Türkiye","TUR","TUR",90,"Ireland","IRE","IRL",16,15,"0","0","0","0","0","-","0"
1,"4zFxD0",1,2162,2005,196,"Türkiye","TUR","TUR",90,"Ireland","IRE","IRL",19,"0","0","0","0","0","0","-","0"
1,"4zFxD0",1,2163,2006,196,"Türkiye","TUR","TUR",90,"Ireland","IRE","IRL",20,7,"0","0","0","0","0","-","0"
1,"4zFxD0",1,2164,2007,196,"Türkiye","TUR","TUR",90,"Ireland","IRE","IRL",23,5,"0","0","0","0","0","-","0"
1,"4zFxD0",1,2165,2008,196,"Türkiye","TUR","TUR",90,"Ireland","IRE","IRL",24,8,"0","0","0","0","0","-","0"
1,"4zFxD0",1,2166,2009,196,"Türkiye","TUR","TUR",90,"Ireland","IRE","IRL",23,5,"0","0","0","0","0","-","0"
1,"4zFxD0",1,2167,2010,196,"Türkiye","TUR","TUR",90,"Ireland","IRE","IRL",20,6,"0","0","0","0","0","-","0"
1,"4zFxD0",1,2168,2011,196,"Türkiye","TUR","TUR",90,"Ireland","IRE","IRL",18,8,"0","0","0","0","0","-","0"
1,"4zFxD0",1,2169,2012,196,"Türkiye","TUR","TUR",90,"Ireland","IRE","IRL",13,7,"0","0","0","0","0","-","0"
1,"4zFxD0",1,2170,2013,196,"Türkiye","TUR","TUR",90,"Ireland","IRE","IRL",15,7,"0","0","0","0","0","-","0"
1,"4zFxD0",1,2171,2014,196,"Türkiye","TUR","TUR",90,"Ireland","IRE","IRL",13,5,"0","0","0","0","0","-","0"
1,"4zFxD0",1,2172,2015,196,"Türkiye","TUR","TUR",90,"Ireland","IRE","IRL",13,"0","0","0","0","0","0","-","0"
1,"4zFxD0",1,2173,2016,196,"Türkiye","TUR","TUR",90,"Ireland","IRE","IRL",13,"0","0","0","0","0","0","-","0"
1,"4zFxD0",1,2174,2017,196,"Türkiye","TUR","TUR",90,"Ireland","IRE","IRL",14,5,"0","0","0","0","0","-","0"
1,"4zFxD0",1,2175,2018,196,"Türkiye","TUR","TUR",90,"Ireland","IRE","IRL",6,12,"0","0","0","0","0","-","0"
1,"4zFxD0",1,2176,2019,196,"Türkiye","TUR","TUR",90,"Ireland","IRE","IRL",8,12,"0","0","0","0","0","-","0"
1,"4zFxD0",1,2177,2020,196,"Türkiye","TUR","TUR",90,"Ireland","IRE","IRL",16,15,"0","0","0","0","0","-","0"
1,"4zFxD0",1,2178,2021,196,"Türkiye","TUR","TUR",90,"Ireland","IRE","IRL",20,27,"0","0","0","0","0","-","0"
1,"4zFxD0",1,2179,2022,196,"Türkiye","TUR","TUR",90,"Ireland","IRE","IRL",31,45,"0","0","0","0","0","-","0"
1,"4zFxD0",1,2180,2023,196,"Türkiye","TUR","TUR",90,"Ireland","IRE","IRL",54,58,"0","0","0","0","0","-","0"
1,"4zFxD0",1,2181,2024,196,"Türkiye","TUR","TUR",90,"Ireland","IRE","IRL",57,74,"0","0","0","0","0","-","0"
1,"4zFxD0",1,2182,2025,196,"Türkiye","TUR","TUR",90,"Ireland","IRE","IRL",65,67,"0","0","0","0","0","-","0"
1,"4zFxD0",1,2183,2001,199,"Uganda","UGA","UGA",90,"Ireland","IRE","IRL",5,"0","0","0","0","0","0","-","0"
1,"4zFxD0",1,2184,2002,199,"Uganda","UGA","UGA",90,"Ireland","IRE","IRL",18,"0","0","0","0","0","0","-","0"
1,"4zFxD0",1,2185,2003,199,"Uganda","UGA","UGA",90,"Ireland","IRE","IRL",21,32,"0","0","0","0","0","-","0"
1,"4zFxD0",1,2186,2004,199,"Uganda","UGA","UGA",90,"Ireland","IRE","IRL",24,33,"0","0","0","0","0","-","0"
1,"4zFxD0",1,2187,2005,199,"Uganda","UGA","UGA",90,"Ireland","IRE","IRL",40,"0","0","0","0","0","0","-","0"
1,"4zFxD0",1,2188,2006,199,"Uganda","UGA","UGA",90,"Ireland","IRE","IRL",48,21,"0","0","0","0","0","-","0"
1,"4zFxD0",1,2189,2007,199,"Uganda","UGA","UGA",90,"Ireland","IRE","IRL",63,36,"0","0","0","0","0","-","0"
1,"4zFxD0",1,2190,2008,199,"Uganda","UGA","UGA",90,"Ireland","IRE","IRL",76,56,"0","0","0","0","0","-","0"
1,"4zFxD0",1,2191,2009,199,"Uganda","UGA","UGA",90,"Ireland","IRE","IRL",81,51,"0","0","0","0","0","-","0"
1,"4zFxD0",1,2192,2010,199,"Uganda","UGA","UGA",90,"Ireland","IRE","IRL",87,68,"0","0","0","0","0","-","0"
1,"4zFxD0",1,2193,2011,199,"Uganda","UGA","UGA",90,"Ireland","IRE","IRL",87,54,"0","0","0","0","0","-","0"
1,"4zFxD0",1,2194,2012,199,"Uganda","UGA","UGA",90,"Ireland","IRE","IRL",73,55,"0","0","0","0","0","-","0"
1,"4zFxD0",1,2195,2013,199,"Uganda","UGA","UGA",90,"Ireland","IRE","IRL",34,45,"0","0","0","0","0","-","0"
1,"4zFxD0",1,2196,2014,199,"Uganda","UGA","UGA",90,"Ireland","IRE","IRL",29,36,"0","0","0","0","0","-","0"
1,"4zFxD0",1,2197,2015,199,"Uganda","UGA","UGA",90,"Ireland","IRE","IRL",41,10,"0","0","0","0","0","-","0"
1,"4zFxD0",1,2198,2016,199,"Uganda","UGA","UGA",90,"Ireland","IRE","IRL",40,13,"0","0","0","0","0","-","0"
1,"4zFxD0",1,2199,2017,199,"Uganda","UGA","UGA",90,"Ireland","IRE","IRL",42,12,"0","0","0","0","0","-","0"
1,"4zFxD0",1,2200,2018,199,"Uganda","UGA","UGA",90,"Ireland","IRE","IRL",34,23,"0","0","0","0","0","-","0"
1,"4zFxD0",1,2201,2019,199,"Uganda","UGA","UGA",90,"Ireland","IRE","IRL",37,38,"0","0","0","0","0","-","0"
1,"4zFxD0",1,2202,2020,199,"Uganda","UGA","UGA",90,"Ireland","IRE","IRL",40,42,"0","0","0","0","0","-","0"
1,"4zFxD0",1,2203,2021,199,"Uganda","UGA","UGA",90,"Ireland","IRE","IRL",45,41,"0","0","0","0","0","-","0"
1,"4zFxD0",1,2204,2022,199,"Uganda","UGA","UGA",90,"Ireland","IRE","IRL",55,43,"0","0","0","0","0","-","0"
1,"4zFxD0",1,2205,2023,199,"Uganda","UGA","UGA",90,"Ireland","IRE","IRL",72,50,"0","0","0","0","0","-","0"
1,"4zFxD0",1,2206,2024,199,"Uganda","UGA","UGA",90,"Ireland","IRE","IRL",82,60,"0","0","0","0","0","-","0"
1,"4zFxD0",1,2207,2025,199,"Uganda","UGA","UGA",90,"Ireland","IRE","IRL",93,57,"0","0","0","0","0","-","0"
1,"4zFxD0",1,2208,1999,200,"Ukraine","UKR","UKR",90,"Ireland","IRE","IRL",8,"0","0","0","0","0","0","-","0"
1,"4zFxD0",1,2209,2000,200,"Ukraine","UKR","UKR",90,"Ireland","IRE","IRL",10,"0","0","0","0","0","0","-","0"
1,"4zFxD0",1,2210,2001,200,"Ukraine","UKR","UKR",90,"Ireland","IRE","IRL",24,"0","0","0","0","0","0","-","0"
1,"4zFxD0",1,2211,2002,200,"Ukraine","UKR","UKR",90,"Ireland","IRE","IRL",57,"0","0","0","0","0","0","-","0"
1,"4zFxD0",1,2212,2003,200,"Ukraine","UKR","UKR",90,"Ireland","IRE","IRL",88,173,"0","0","0","0","0","-","0"
1,"4zFxD0",1,2213,2004,200,"Ukraine","UKR","UKR",90,"Ireland","IRE","IRL",136,104,"0","0","0","0","0","-","0"
1,"4zFxD0",1,2214,2005,200,"Ukraine","UKR","UKR",90,"Ireland","IRE","IRL",162,"0","0","0","0","0","0","-","0"
1,"4zFxD0",1,2215,2006,200,"Ukraine","UKR","UKR",90,"Ireland","IRE","IRL",163,31,"0","0","0","0","0","-","0"
1,"4zFxD0",1,2216,2007,200,"Ukraine","UKR","UKR",90,"Ireland","IRE","IRL",197,40,"0","0","0","0","0","-","0"
1,"4zFxD0",1,2217,2008,200,"Ukraine","UKR","UKR",90,"Ireland","IRE","IRL",199,41,"0","0","0","0","0","-","0"
1,"4zFxD0",1,2218,2009,200,"Ukraine","UKR","UKR",90,"Ireland","IRE","IRL",193,5,"0","0","0","0","0","-","0"
1,"4zFxD0",1,2219,2010,200,"Ukraine","UKR","UKR",90,"Ireland","IRE","IRL",187,30,"0","0","0","0","0","-","0"
1,"4zFxD0",1,2220,2011,200,"Ukraine","UKR","UKR",90,"Ireland","IRE","IRL",175,43,"0","0","0","0","0","-","0"
1,"4zFxD0",1,2221,2012,200,"Ukraine","UKR","UKR",90,"Ireland","IRE","IRL",134,40,"0","0","0","0","0","-","0"
1,"4zFxD0",1,2222,2013,200,"Ukraine","UKR","UKR",90,"Ireland","IRE","IRL",104,40,"0","0","0","0","0","-","0"
1,"4zFxD0",1,2223,2014,200,"Ukraine","UKR","UKR",90,"Ireland","IRE","IRL",97,57,"0","0","0","0","0","-","0"
1,"4zFxD0",1,2224,2015,200,"Ukraine","UKR","UKR",90,"Ireland","IRE","IRL",103,91,"0","0","0","0","0","-","0"
1,"4zFxD0",1,2225,2016,200,"Ukraine","UKR","UKR",90,"Ireland","IRE","IRL",108,69,"0","0","0","0","0","-","0"
1,"4zFxD0",1,2226,2017,200,"Ukraine","UKR","UKR",90,"Ireland","IRE","IRL",110,66,"0","0","0","0","0","-","0"
1,"4zFxD0",1,2227,2018,200,"Ukraine","UKR","UKR",90,"Ireland","IRE","IRL",78,53,"0","0","0","0","0","-","0"
1,"4zFxD0",1,2228,2019,200,"Ukraine","UKR","UKR",90,"Ireland","IRE","IRL",81,33,"0","0","0","0","0","-","0"
1,"4zFxD0",1,2229,2020,200,"Ukraine","UKR","UKR",90,"Ireland","IRE","IRL",85,19,"0","0","0","0","0","-","0"
1,"4zFxD0",1,2230,2021,200,"Ukraine","UKR","UKR",90,"Ireland","IRE","IRL",79,15,"0","0","0","0","0","-","0"
1,"4zFxD0",1,2231,2022,200,"Ukraine","UKR","UKR",90,"Ireland","IRE","IRL",70578,238,3000,"0","0","0","0","-","0"
1,"4zFxD0",1,2232,2023,200,"Ukraine","UKR","UKR",90,"Ireland","IRE","IRL",100545,291,2000,"0","0","0","0","-","0"
1,"4zFxD0",1,2233,2024,200,"Ukraine","UKR","UKR",90,"Ireland","IRE","IRL",109081,451,"0","0","0","0","0","-","0"
1,"4zFxD0",1,2234,2025,200,"Ukraine","UKR","UKR",90,"Ireland","IRE","IRL",112446,359,"0","0","0","0","0","-","0"
1,"4zFxD0",1,2235,2023,201,"Uruguay","URU","URY",90,"Ireland","IRE","IRL","0",5,"0","0","0","0","0","-","0"
1,"4zFxD0",1,2236,2024,201,"Uruguay","URU","URY",90,"Ireland","IRE","IRL","0",5,"0","0","0","0","0","-","0"
1,"4zFxD0",1,2237,2025,201,"Uruguay","URU","URY",90,"Ireland","IRE","IRL","0",5,"0","0","0","0","0","-","0"
1,"4zFxD0",1,2238,2017,202,"United States of America","USA","USA",90,"Ireland","IRE","IRL","0",8,"0","0","0","0","0","-","0"
1,"4zFxD0",1,2239,2018,202,"United States of America","USA","USA",90,"Ireland","IRE","IRL","0",9,"0","0","0","0","0","-","0"
1,"4zFxD0",1,2240,2019,202,"United States of America","USA","USA",90,"Ireland","IRE","IRL","0",17,"0","0","0","0","0","-","0"
1,"4zFxD0",1,2241,2020,202,"United States of America","USA","USA",90,"Ireland","IRE","IRL","0",21,"0","0","0","0","0","-","0"
1,"4zFxD0",1,2242,2021,202,"United States of America","USA","USA",90,"Ireland","IRE","IRL","0",21,"0","0","0","0","0","-","0"
1,"4zFxD0",1,2243,2022,202,"United States of America","USA","USA",90,"Ireland","IRE","IRL","0",22,"0","0","0","0","0","-","0"
1,"4zFxD0",1,2244,2023,202,"United States of America","USA","USA",90,"Ireland","IRE","IRL",18,24,"0","0","0","0","0","-","0"
1,"4zFxD0",1,2245,2024,202,"United States of America","USA","USA",90,"Ireland","IRE","IRL",21,36,"0","0","0","0","0","-","0"
1,"4zFxD0",1,2246,2025,202,"United States of America","USA","USA",90,"Ireland","IRE","IRL",24,71,"0","0","0","0","0","-","0"
1,"4zFxD0",1,2247,2002,203,"Uzbekistan","UZB","UZB",90,"Ireland","IRE","IRL",15,"0","0","0","0","0","0","-","0"
1,"4zFxD0",1,2248,2003,203,"Uzbekistan","UZB","UZB",90,"Ireland","IRE","IRL",21,13,"0","0","0","0","0","-","0"
1,"4zFxD0",1,2249,2004,203,"Uzbekistan","UZB","UZB",90,"Ireland","IRE","IRL",24,16,"0","0","0","0","0","-","0"
1,"4zFxD0",1,2250,2005,203,"Uzbekistan","UZB","UZB",90,"Ireland","IRE","IRL",30,"0","0","0","0","0","0","-","0"
1,"4zFxD0",1,2251,2006,203,"Uzbekistan","UZB","UZB",90,"Ireland","IRE","IRL",32,10,"0","0","0","0","0","-","0"
1,"4zFxD0",1,2252,2007,203,"Uzbekistan","UZB","UZB",90,"Ireland","IRE","IRL",34,6,"0","0","0","0","0","-","0"
1,"4zFxD0",1,2253,2008,203,"Uzbekistan","UZB","UZB",90,"Ireland","IRE","IRL",39,5,"0","0","0","0","0","-","0"
1,"4zFxD0",1,2254,2009,203,"Uzbekistan","UZB","UZB",90,"Ireland","IRE","IRL",39,"0","0","0","0","0","0","-","0"
1,"4zFxD0",1,2255,2010,203,"Uzbekistan","UZB","UZB",90,"Ireland","IRE","IRL",39,"0","0","0","0","0","0","-","0"
1,"4zFxD0",1,2256,2011,203,"Uzbekistan","UZB","UZB",90,"Ireland","IRE","IRL",38,"0","0","0","0","0","0","-","0"
1,"4zFxD0",1,2257,2012,203,"Uzbekistan","UZB","UZB",90,"Ireland","IRE","IRL",28,"0","0","0","0","0","0","-","0"
1,"4zFxD0",1,2258,2013,203,"Uzbekistan","UZB","UZB",90,"Ireland","IRE","IRL",26,"0","0","0","0","0","0","-","0"
1,"4zFxD0",1,2259,2014,203,"Uzbekistan","UZB","UZB",90,"Ireland","IRE","IRL",23,"0","0","0","0","0","0","-","0"
1,"4zFxD0",1,2260,2015,203,"Uzbekistan","UZB","UZB",90,"Ireland","IRE","IRL",23,"0","0","0","0","0","0","-","0"
1,"4zFxD0",1,2261,2016,203,"Uzbekistan","UZB","UZB",90,"Ireland","IRE","IRL",24,"0","0","0","0","0","0","-","0"
1,"4zFxD0",1,2262,2017,203,"Uzbekistan","UZB","UZB",90,"Ireland","IRE","IRL",24,"0","0","0","0","0","0","-","0"
1,"4zFxD0",1,2263,2018,203,"Uzbekistan","UZB","UZB",90,"Ireland","IRE","IRL",17,"0","0","0","0","0","0","-","0"
1,"4zFxD0",1,2264,2019,203,"Uzbekistan","UZB","UZB",90,"Ireland","IRE","IRL",17,"0","0","0","0","0","0","-","0"
1,"4zFxD0",1,2265,2020,203,"Uzbekistan","UZB","UZB",90,"Ireland","IRE","IRL",17,"0","0","0","0","0","0","-","0"
1,"4zFxD0",1,2266,2021,203,"Uzbekistan","UZB","UZB",90,"Ireland","IRE","IRL",17,"0","0","0","0","0","0","-","0"
1,"4zFxD0",1,2267,2022,203,"Uzbekistan","UZB","UZB",90,"Ireland","IRE","IRL",7,5,"0","0","0","0","0","-","0"
1,"4zFxD0",1,2268,2023,203,"Uzbekistan","UZB","UZB",90,"Ireland","IRE","IRL",37,8,"0","0","0","0","0","-","0"
1,"4zFxD0",1,2269,2024,203,"Uzbekistan","UZB","UZB",90,"Ireland","IRE","IRL",39,9,"0","0","0","0","0","-","0"
1,"4zFxD0",1,2270,2025,203,"Uzbekistan","UZB","UZB",90,"Ireland","IRE","IRL",45,11,"0","0","0","0","0","-","0"
1,"4zFxD0",1,2271,2008,207,"Venezuela (Bolivarian Republic of)","VEN","VEN",90,"Ireland","IRE","IRL","0",5,"0","0","0","0","0","-","0"
1,"4zFxD0",1,2272,2010,207,"Venezuela (Bolivarian Republic of)","VEN","VEN",90,"Ireland","IRE","IRL","0",5,"0","0","0","0","0","-","0"
1,"4zFxD0",1,2273,2011,207,"Venezuela (Bolivarian Republic of)","VEN","VEN",90,"Ireland","IRE","IRL","0",5,"0","0","0","0","0","-","0"
1,"4zFxD0",1,2274,2012,207,"Venezuela (Bolivarian Republic of)","VEN","VEN",90,"Ireland","IRE","IRL","0",5,"0","0","0","0","0","-","0"
1,"4zFxD0",1,2275,2014,207,"Venezuela (Bolivarian Republic of)","VEN","VEN",90,"Ireland","IRE","IRL","0",21,"0","0","0","0","0","-","0"
1,"4zFxD0",1,2276,2015,207,"Venezuela (Bolivarian Republic of)","VEN","VEN",90,"Ireland","IRE","IRL","0",31,"0","0","0","0","0","-","0"
1,"4zFxD0",1,2277,2016,207,"Venezuela (Bolivarian Republic of)","VEN","VEN",90,"Ireland","IRE","IRL",7,29,"0","0","0","0","0","-","0"
1,"4zFxD0",1,2278,2017,207,"Venezuela (Bolivarian Republic of)","VEN","VEN",90,"Ireland","IRE","IRL",11,42,"0","0","0","0","0","-","0"
1,"4zFxD0",1,2279,2018,207,"Venezuela (Bolivarian Republic of)","VEN","VEN",90,"Ireland","IRE","IRL",29,59,"0","0","0","0","0","-","0"
1,"4zFxD0",1,2280,2019,207,"Venezuela (Bolivarian Republic of)","VEN","VEN",90,"Ireland","IRE","IRL",46,104,"0","0","0","0","0","-","0"
1,"4zFxD0",1,2281,2020,207,"Venezuela (Bolivarian Republic of)","VEN","VEN",90,"Ireland","IRE","IRL",101,90,"0","0","0","0","0","-","0"
1,"4zFxD0",1,2282,2021,207,"Venezuela (Bolivarian Republic of)","VEN","VEN",90,"Ireland","IRE","IRL",140,61,"0","0","0","0","0","-","0"
1,"4zFxD0",1,2283,2022,207,"Venezuela (Bolivarian Republic of)","VEN","VEN",90,"Ireland","IRE","IRL",184,26,"0","0","0","0","0","-","0"
1,"4zFxD0",1,2284,2023,207,"Venezuela (Bolivarian Republic of)","VEN","VEN",90,"Ireland","IRE","IRL",182,33,"0","0","0","0","0","-","0"
1,"4zFxD0",1,2285,2024,207,"Venezuela (Bolivarian Republic of)","VEN","VEN",90,"Ireland","IRE","IRL",160,35,"0","0","0","0","0","-","0"
1,"4zFxD0",1,2286,2025,207,"Venezuela (Bolivarian Republic of)","VEN","VEN",90,"Ireland","IRE","IRL",169,40,"0","0","0","0","0","-","0"
1,"4zFxD0",1,2287,2023,210,"Western Sahara","WSH","ESH",90,"Ireland","IRE","IRL","0",5,"0","0","0","0","0","-","0"
1,"4zFxD0",1,2288,2024,210,"Western Sahara","WSH","ESH",90,"Ireland","IRE","IRL","0",5,"0","0","0","0","0","-","0"
1,"4zFxD0",1,2289,2025,210,"Western Sahara","WSH","ESH",90,"Ireland","IRE","IRL","0",5,"0","0","0","0","0","-","0"
1,"4zFxD0",1,2290,2003,211,"Yemen","YEM","YEM",90,"Ireland","IRE","IRL","0",5,"0","0","0","0","0","-","0"
1,"4zFxD0",1,2291,2004,211,"Yemen","YEM","YEM",90,"Ireland","IRE","IRL","0",5,"0","0","0","0","0","-","0"
1,"4zFxD0",1,2292,2009,211,"Yemen","YEM","YEM",90,"Ireland","IRE","IRL",5,"0","0","0","0","0","0","-","0"
1,"4zFxD0",1,2293,2010,211,"Yemen","YEM","YEM",90,"Ireland","IRE","IRL",5,8,"0","0","0","0","0","-","0"
1,"4zFxD0",1,2294,2011,211,"Yemen","YEM","YEM",90,"Ireland","IRE","IRL",5,"0","0","0","0","0","0","-","0"
1,"4zFxD0",1,2295,2012,211,"Yemen","YEM","YEM",90,"Ireland","IRE","IRL",5,"0","0","0","0","0","0","-","0"
1,"4zFxD0",1,2296,2013,211,"Yemen","YEM","YEM",90,"Ireland","IRE","IRL",5,5,"0","0","0","0","0","-","0"
1,"4zFxD0",1,2297,2014,211,"Yemen","YEM","YEM",90,"Ireland","IRE","IRL","0",5,"0","0","0","0","0","-","0"
1,"4zFxD0",1,2298,2015,211,"Yemen","YEM","YEM",90,"Ireland","IRE","IRL",5,"0","0","0","0","0","0","-","0"
1,"4zFxD0",1,2299,2016,211,"Yemen","YEM","YEM",90,"Ireland","IRE","IRL",5,9,"0","0","0","0","0","-","0"
1,"4zFxD0",1,2300,2017,211,"Yemen","YEM","YEM",90,"Ireland","IRE","IRL",5,9,"0","0","0","0","0","-","0"
1,"4zFxD0",1,2301,2018,211,"Yemen","YEM","YEM",90,"Ireland","IRE","IRL",8,6,"0","0","0","0","0","-","0"
1,"4zFxD0",1,2302,2019,211,"Yemen","YEM","YEM",90,"Ireland","IRE","IRL",16,7,"0","0","0","0","0","-","0"
1,"4zFxD0",1,2303,2020,211,"Yemen","YEM","YEM",90,"Ireland","IRE","IRL",20,6,"0","0","0","0","0","-","0"
1,"4zFxD0",1,2304,2021,211,"Yemen","YEM","YEM",90,"Ireland","IRE","IRL",27,8,"0","0","0","0","0","-","0"
1,"4zFxD0",1,2305,2022,211,"Yemen","YEM","YEM",90,"Ireland","IRE","IRL",34,38,"0","0","0","0","0","-","0"
1,"4zFxD0",1,2306,2023,211,"Yemen","YEM","YEM",90,"Ireland","IRE","IRL",53,52,"0","0","0","0","0","-","0"
1,"4zFxD0",1,2307,2024,211,"Yemen","YEM","YEM",90,"Ireland","IRE","IRL",72,19,"0","0","0","0","0","-","0"
1,"4zFxD0",1,2308,2025,211,"Yemen","YEM","YEM",90,"Ireland","IRE","IRL",73,31,"0","0","0","0","0","-","0"
1,"4zFxD0",1,2309,2003,213,"Zambia","ZAM","ZMB",90,"Ireland","IRE","IRL",5,"0","0","0","0","0","0","-","0"
1,"4zFxD0",1,2310,2004,213,"Zambia","ZAM","ZMB",90,"Ireland","IRE","IRL",5,"0","0","0","0","0","0","-","0"
1,"4zFxD0",1,2311,2005,213,"Zambia","ZAM","ZMB",90,"Ireland","IRE","IRL",5,"0","0","0","0","0","0","-","0"
1,"4zFxD0",1,2312,2006,213,"Zambia","ZAM","ZMB",90,"Ireland","IRE","IRL",5,"0","0","0","0","0","0","-","0"
1,"4zFxD0",1,2313,2007,213,"Zambia","ZAM","ZMB",90,"Ireland","IRE","IRL",5,"0","0","0","0","0","0","-","0"
1,"4zFxD0",1,2314,2008,213,"Zambia","ZAM","ZMB",90,"Ireland","IRE","IRL",5,"0","0","0","0","0","0","-","0"
1,"4zFxD0",1,2315,2009,213,"Zambia","ZAM","ZMB",90,"Ireland","IRE","IRL",5,"0","0","0","0","0","0","-","0"
1,"4zFxD0",1,2316,2010,213,"Zambia","ZAM","ZMB",90,"Ireland","IRE","IRL",5,"0","0","0","0","0","0","-","0"
1,"4zFxD0",1,2317,2011,213,"Zambia","ZAM","ZMB",90,"Ireland","IRE","IRL",5,"0","0","0","0","0","0","-","0"
1,"4zFxD0",1,2318,2012,213,"Zambia","ZAM","ZMB",90,"Ireland","IRE","IRL",5,"0","0","0","0","0","0","-","0"
1,"4zFxD0",1,2319,2013,213,"Zambia","ZAM","ZMB",90,"Ireland","IRE","IRL",5,"0","0","0","0","0","0","-","0"
1,"4zFxD0",1,2320,2014,213,"Zambia","ZAM","ZMB",90,"Ireland","IRE","IRL",5,"0","0","0","0","0","0","-","0"
1,"4zFxD0",1,2321,2015,213,"Zambia","ZAM","ZMB",90,"Ireland","IRE","IRL",5,"0","0","0","0","0","0","-","0"
1,"4zFxD0",1,2322,2016,213,"Zambia","ZAM","ZMB",90,"Ireland","IRE","IRL",5,"0","0","0","0","0","0","-","0"
1,"4zFxD0",1,2323,2017,213,"Zambia","ZAM","ZMB",90,"Ireland","IRE","IRL",5,6,"0","0","0","0","0","-","0"
1,"4zFxD0",1,2324,2018,213,"Zambia","ZAM","ZMB",90,"Ireland","IRE","IRL","0",7,"0","0","0","0","0","-","0"
1,"4zFxD0",1,2325,2019,213,"Zambia","ZAM","ZMB",90,"Ireland","IRE","IRL","0",8,"0","0","0","0","0","-","0"
1,"4zFxD0",1,2326,2020,213,"Zambia","ZAM","ZMB",90,"Ireland","IRE","IRL",5,5,"0","0","0","0","0","-","0"
1,"4zFxD0",1,2327,2021,213,"Zambia","ZAM","ZMB",90,"Ireland","IRE","IRL",6,"0","0","0","0","0","0","-","0"
1,"4zFxD0",1,2328,2022,213,"Zambia","ZAM","ZMB",90,"Ireland","IRE","IRL",10,"0","0","0","0","0","0","-","0"
1,"4zFxD0",1,2329,2023,213,"Zambia","ZAM","ZMB",90,"Ireland","IRE","IRL",9,15,"0","0","0","0","0","-","0"
1,"4zFxD0",1,2330,2024,213,"Zambia","ZAM","ZMB",90,"Ireland","IRE","IRL",12,51,"0","0","0","0","0","-","0"
1,"4zFxD0",1,2331,2025,213,"Zambia","ZAM","ZMB",90,"Ireland","IRE","IRL",16,53,"0","0","0","0","0","-","0"
1,"4zFxD0",1,2332,2002,214,"Zimbabwe","ZIM","ZWE",90,"Ireland","IRE","IRL",175,"0","0","0","0","0","0","-","0"
1,"4zFxD0",1,2333,2003,214,"Zimbabwe","ZIM","ZWE",90,"Ireland","IRE","IRL",271,99,"0","0","0","0","0","-","0"
1,"4zFxD0",1,2334,2004,214,"Zimbabwe","ZIM","ZWE",90,"Ireland","IRE","IRL",312,73,"0","0","0","0","0","-","0"
1,"4zFxD0",1,2335,2005,214,"Zimbabwe","ZIM","ZWE",90,"Ireland","IRE","IRL",342,"0","0","0","0","0","0","-","0"
1,"4zFxD0",1,2336,2006,214,"Zimbabwe","ZIM","ZWE",90,"Ireland","IRE","IRL",356,65,"0","0","0","0","0","-","0"
1,"4zFxD0",1,2337,2007,214,"Zimbabwe","ZIM","ZWE",90,"Ireland","IRE","IRL",383,102,"0","0","0","0","0","-","0"
1,"4zFxD0",1,2338,2008,214,"Zimbabwe","ZIM","ZWE",90,"Ireland","IRE","IRL",395,147,"0","0","0","0","0","-","0"
1,"4zFxD0",1,2339,2009,214,"Zimbabwe","ZIM","ZWE",90,"Ireland","IRE","IRL",409,118,"0","0","0","0","0","-","0"
1,"4zFxD0",1,2340,2010,214,"Zimbabwe","ZIM","ZWE",90,"Ireland","IRE","IRL",415,193,"0","0","0","0","0","-","0"
1,"4zFxD0",1,2341,2011,214,"Zimbabwe","ZIM","ZWE",90,"Ireland","IRE","IRL",417,225,"0","0","0","0","0","-","0"
1,"4zFxD0",1,2342,2012,214,"Zimbabwe","ZIM","ZWE",90,"Ireland","IRE","IRL",244,250,"0","0","0","0","0","-","0"
1,"4zFxD0",1,2343,2013,214,"Zimbabwe","ZIM","ZWE",90,"Ireland","IRE","IRL",171,242,"0","0","0","0","0","-","0"
1,"4zFxD0",1,2344,2014,214,"Zimbabwe","ZIM","ZWE",90,"Ireland","IRE","IRL",157,263,"0","0","0","0","0","-","0"
1,"4zFxD0",1,2345,2015,214,"Zimbabwe","ZIM","ZWE",90,"Ireland","IRE","IRL",191,251,"0","0","0","0","0","-","0"
1,"4zFxD0",1,2346,2016,214,"Zimbabwe","ZIM","ZWE",90,"Ireland","IRE","IRL",229,336,"0","0","0","0","0","-","0"
1,"4zFxD0",1,2347,2017,214,"Zimbabwe","ZIM","ZWE",90,"Ireland","IRE","IRL",252,513,"0","0","0","0","0","-","0"
1,"4zFxD0",1,2348,2018,214,"Zimbabwe","ZIM","ZWE",90,"Ireland","IRE","IRL",319,652,"0","0","0","0","0","-","0"
1,"4zFxD0",1,2349,2019,214,"Zimbabwe","ZIM","ZWE",90,"Ireland","IRE","IRL",438,790,"0","0","0","0","0","-","0"
1,"4zFxD0",1,2350,2020,214,"Zimbabwe","ZIM","ZWE",90,"Ireland","IRE","IRL",597,688,"0","0","0","0","0","-","0"
1,"4zFxD0",1,2351,2021,214,"Zimbabwe","ZIM","ZWE",90,"Ireland","IRE","IRL",703,539,"0","0","0","0","0","-","0"
1,"4zFxD0",1,2352,2022,214,"Zimbabwe","ZIM","ZWE",90,"Ireland","IRE","IRL",849,1041,"0","0","0","0","0","-","0"
1,"4zFxD0",1,2353,2023,214,"Zimbabwe","ZIM","ZWE",90,"Ireland","IRE","IRL",994,1425,"0","0","0","0","0","-","0"
1,"4zFxD0",1,2354,2024,214,"Zimbabwe","ZIM","ZWE",90,"Ireland","IRE","IRL",1129,1546,"0","0","0","0","0","-","0"
1,"4zFxD0",1,2355,2025,214,"Zimbabwe","ZIM","ZWE",90,"Ireland","IRE","IRL",1315,1352,"0","0","0","0","0","-","0"
1,"4zFxD0",1,2356,2002,216,"Stateless","STA","XXA",90,"Ireland","IRE","IRL",8,"0","0","0","0","0","0","-","0"
1,"4zFxD0",1,2357,2003,216,"Stateless","STA","XXA",90,"Ireland","IRE","IRL",14,44,"0","0","0","0","0","-","0"
1,"4zFxD0",1,2358,2004,216,"Stateless","STA","XXA",90,"Ireland","IRE","IRL",18,16,"0","0","0","0","0","-","0"
1,"4zFxD0",1,2359,2005,216,"Stateless","STA","XXA",90,"Ireland","IRE","IRL",19,"0","0","0","0","0","0","-","0"
1,"4zFxD0",1,2360,2006,216,"Stateless","STA","XXA",90,"Ireland","IRE","IRL",19,"0","0","0","0","0","0","-","0"
1,"4zFxD0",1,2361,2007,216,"Stateless","STA","XXA",90,"Ireland","IRE","IRL",19,10,"0","0","0","0","0","-","0"
1,"4zFxD0",1,2362,2008,216,"Stateless","STA","XXA",90,"Ireland","IRE","IRL",19,5,"0","0","0","0","0","-","0"
1,"4zFxD0",1,2363,2009,216,"Stateless","STA","XXA",90,"Ireland","IRE","IRL",19,"0","0","0","0","0","0","-","0"
1,"4zFxD0",1,2364,2010,216,"Stateless","STA","XXA",90,"Ireland","IRE","IRL",19,"0","0","0","0","0","0","-","0"
1,"4zFxD0",1,2365,2011,216,"Stateless","STA","XXA",90,"Ireland","IRE","IRL",19,5,"0","0","0","0","0","-","0"
1,"4zFxD0",1,2366,2012,216,"Stateless","STA","XXA",90,"Ireland","IRE","IRL",12,5,"0","0","0",73,"0","-","0"
1,"4zFxD0",1,2367,2013,216,"Stateless","STA","XXA",90,"Ireland","IRE","IRL",8,"0","0","0","0",73,"0","-","0"
1,"4zFxD0",1,2368,2014,216,"Stateless","STA","XXA",90,"Ireland","IRE","IRL",7,"0","0","0","0",99,"0","-","0"
1,"4zFxD0",1,2369,2015,216,"Stateless","STA","XXA",90,"Ireland","IRE","IRL",7,"0","0","0","0",99,"0","-","0"
1,"4zFxD0",1,2370,2016,216,"Stateless","STA","XXA",90,"Ireland","IRE","IRL",7,"0","0","0","0",99,"0","-","0"
1,"4zFxD0",1,2371,2017,216,"Stateless","STA","XXA",90,"Ireland","IRE","IRL",7,"0","0","0","0",99,"0","-","0"
1,"4zFxD0",1,2372,2018,216,"Stateless","STA","XXA",90,"Ireland","IRE","IRL",7,"0","0","0","0",99,"0","-","0"
1,"4zFxD0",1,2373,2019,216,"Stateless","STA","XXA",90,"Ireland","IRE","IRL",7,"0","0","0","0",106,99,"-","0"
1,"4zFxD0",1,2374,2020,216,"Stateless","STA","XXA",90,"Ireland","IRE","IRL",7,"0","0","0","0",106,99,"-","0"
1,"4zFxD0",1,2375,2021,216,"Stateless","STA","XXA",90,"Ireland","IRE","IRL",7,"0","0","0","0",7,"0","-","0"
1,"4zFxD0",1,2376,2022,216,"Stateless","STA","XXA",90,"Ireland","IRE","IRL",6,15,"0","0","0",21,"0","-","0"
1,"4zFxD0",1,2377,2023,216,"Stateless","STA","XXA",90,"Ireland","IRE","IRL",9,44,"0","0","0",53,"0","-","0"
1,"4zFxD0",1,2378,2024,216,"Stateless","STA","XXA",90,"Ireland","IRE","IRL",11,39,"0","0","0",48,"0","-","0"
1,"4zFxD0",1,2379,2025,216,"Stateless","STA","XXA",90,"Ireland","IRE","IRL",11,38,"0","0","0",49,"0","-","0"
1,"4zFxD0",1,2380,1984,262,"Unknown ","UKN","UNK",90,"Ireland","IRE","IRL",440,"0","0","0","0","0","0","-","0"
1,"4zFxD0",1,2381,1985,262,"Unknown ","UKN","UNK",90,"Ireland","IRE","IRL",600,"0","0","0","0","0","0","-","0"
1,"4zFxD0",1,2382,1986,262,"Unknown ","UKN","UNK",90,"Ireland","IRE","IRL",600,"0","0","0","0","0","0","-","0"
1,"4zFxD0",1,2383,1987,262,"Unknown ","UKN","UNK",90,"Ireland","IRE","IRL",540,"0","0","0","0","0","0","-","0"
1,"4zFxD0",1,2384,1988,262,"Unknown ","UKN","UNK",90,"Ireland","IRE","IRL",480,"0","0","0","0","0","0","-","0"
1,"4zFxD0",1,2385,1989,262,"Unknown ","UKN","UNK",90,"Ireland","IRE","IRL",420,"0","0","0","0","0","0","-","0"
1,"4zFxD0",1,2386,1990,262,"Unknown ","UKN","UNK",90,"Ireland","IRE","IRL",360,"0","0","0","0","0","0","-","0"
1,"4zFxD0",1,2387,1991,262,"Unknown ","UKN","UNK",90,"Ireland","IRE","IRL",300,"0","0","0","0","0","0","-","0"
1,"4zFxD0",1,2388,1992,262,"Unknown ","UKN","UNK",90,"Ireland","IRE","IRL",500,"0","0","0","0","0","0","-","0"
1,"4zFxD0",1,2389,1993,262,"Unknown ","UKN","UNK",90,"Ireland","IRE","IRL",119,"0","0","0","0","0","0","-","0"
1,"4zFxD0",1,2390,1994,262,"Unknown ","UKN","UNK",90,"Ireland","IRE","IRL",25,"0",20,"0","0","0","0","-","0"
1,"4zFxD0",1,2391,1995,262,"Unknown ","UKN","UNK",90,"Ireland","IRE","IRL",400,"0","0","0","0","0","0","-","0"
1,"4zFxD0",1,2392,1996,262,"Unknown ","UKN","UNK",90,"Ireland","IRE","IRL",69,"0","0","0","0","0","0","-","0"
1,"4zFxD0",1,2393,1997,262,"Unknown ","UKN","UNK",90,"Ireland","IRE","IRL",430,"0","0","0","0","0","0","-","0"
1,"4zFxD0",1,2394,1998,262,"Unknown ","UKN","UNK",90,"Ireland","IRE","IRL",600,"0","0","0","0","0","0","-","0"
1,"4zFxD0",1,2395,1999,262,"Unknown ","UKN","UNK",90,"Ireland","IRE","IRL",472,"0","0","0","0","0","0","-","0"
1,"4zFxD0",1,2396,2000,262,"Unknown ","UKN","UNK",90,"Ireland","IRE","IRL",1260,12067,"0","0","0","0","0","-","0"
1,"4zFxD0",1,2397,2001,262,"Unknown ","UKN","UNK",90,"Ireland","IRE","IRL",1260,10841,"0","0","0","0","0","-","0"
1,"4zFxD0",1,2398,2002,262,"Unknown ","UKN","UNK",90,"Ireland","IRE","IRL",1300,6967,"0","0","0","0","0","-","0"
1,"4zFxD0",1,2399,2003,262,"Unknown ","UKN","UNK",90,"Ireland","IRE","IRL",1296,"0","0","0","0","0","0","-","0"
1,"4zFxD0",1,2400,2004,262,"Unknown ","UKN","UNK",90,"Ireland","IRE","IRL",1145,5,"0","0","0","0","0","-","0"
1,"4zFxD0",1,2401,2005,262,"Unknown ","UKN","UNK",90,"Ireland","IRE","IRL",484,2414,"0","0","0","0","0","-","0"
1,"4zFxD0",1,2402,2006,262,"Unknown ","UKN","UNK",90,"Ireland","IRE","IRL",442,"0","0","0","0","0","0","-","0"
1,"4zFxD0",1,2403,2007,262,"Unknown ","UKN","UNK",90,"Ireland","IRE","IRL",502,"0","0","0","0","0","0","-","0"
1,"4zFxD0",1,2404,2008,262,"Unknown ","UKN","UNK",90,"Ireland","IRE","IRL",435,"0","0","0","0","0","0","-","0"
1,"4zFxD0",1,2405,2009,262,"Unknown ","UKN","UNK",90,"Ireland","IRE","IRL",435,"0","0","0","0","0","0","-","0"
1,"4zFxD0",1,2406,2010,262,"Unknown ","UKN","UNK",90,"Ireland","IRE","IRL",40,"0","0","0","0","0","0","-","0"
1,"4zFxD0",1,2407,2011,262,"Unknown ","UKN","UNK",90,"Ireland","IRE","IRL",40,839,"0","0","0","0","0","-","0"
1,"4zFxD0",1,2408,2012,262,"Unknown ","UKN","UNK",90,"Ireland","IRE","IRL","0",839,"0","0","0","0","0","-","0"
1,"4zFxD0",1,2409,2013,262,"Unknown ","UKN","UNK",90,"Ireland","IRE","IRL","0",1014,"0","0","0","0","0","-","0"
1,"4zFxD0",1,2410,2014,262,"Unknown ","UKN","UNK",90,"Ireland","IRE","IRL","0",925,"0","0","0","0","0","-","0"
1,"4zFxD0",1,2411,2015,262,"Unknown ","UKN","UNK",90,"Ireland","IRE","IRL","0",315,"0","0","0","0","0","-","0"
1,"4zFxD0",1,2412,2016,262,"Unknown ","UKN","UNK",90,"Ireland","IRE","IRL","0",276,"0","0","0","0","0","-","0"
1,"4zFxD0",1,2413,2017,262,"Unknown ","UKN","UNK",90,"Ireland","IRE","IRL","0",323,"0","0","0","0","0","-","0"
1,"4zFxD0",1,2414,2018,262,"Unknown ","UKN","UNK",90,"Ireland","IRE","IRL","0",146,"0","0","0","0","0","-","0"
1,"4zFxD0",1,2415,2019,262,"Unknown ","UKN","UNK",90,"Ireland","IRE","IRL","0",534,"0","0","0","0","0","-","0"
1,"4zFxD0",1,2416,2020,262,"Unknown ","UKN","UNK",90,"Ireland","IRE","IRL","0",611,"0","0","0","0","0","-","0"
1,"4zFxD0",1,2417,2021,262,"Unknown ","UKN","UNK",90,"Ireland","IRE","IRL","0",379,"0","0","0","0","0","-","0"
1,"4zFxD0",1,2418,2022,262,"Unknown ","UKN","UNK",90,"Ireland","IRE","IRL","0",269,"0","0","0","0","0","-","0"
1,"4zFxD0",1,2419,2023,262,"Unknown ","UKN","UNK",90,"Ireland","IRE","IRL","0",270,"0","0","0","0","0","-","0"
1,"4zFxD0",1,2420,2024,262,"Unknown ","UKN","UNK",90,"Ireland","IRE","IRL","0",379,"0","0","0","0","0","-","0"
1,"4zFxD0",1,2421,2025,262,"Unknown ","UKN","UNK",90,"Ireland","IRE","IRL","0",510,"0","0","0","0","0","-","0"
