"page","short-url","maxPages","items","year","coo_id","coo_name","coo","coo_iso","coa_id","coa_name","coa","coa_iso","refugees","asylum_seekers","returned_refugees","idps","returned_idps","stateless","ooc","oip","hst"
1,"7ew8B3",1,1,1980,2,"Afghanistan","AFG","AFG",94,"Italy","ITA","ITA",191,"0","0","0","0","0","0","-","0"
1,"7ew8B3",1,2,1981,2,"Afghanistan","AFG","AFG",94,"Italy","ITA","ITA",464,"0","0","0","0","0","0","-","0"
1,"7ew8B3",1,3,1982,2,"Afghanistan","AFG","AFG",94,"Italy","ITA","ITA",484,"0","0","0","0","0","0","-","0"
1,"7ew8B3",1,4,1983,2,"Afghanistan","AFG","AFG",94,"Italy","ITA","ITA",545,"0","0","0","0","0","0","-","0"
1,"7ew8B3",1,5,1984,2,"Afghanistan","AFG","AFG",94,"Italy","ITA","ITA",551,"0","0","0","0","0","0","-","0"
1,"7ew8B3",1,6,1985,2,"Afghanistan","AFG","AFG",94,"Italy","ITA","ITA",553,"0","0","0","0","0","0","-","0"
1,"7ew8B3",1,7,1986,2,"Afghanistan","AFG","AFG",94,"Italy","ITA","ITA",553,"0","0","0","0","0","0","-","0"
1,"7ew8B3",1,8,1987,2,"Afghanistan","AFG","AFG",94,"Italy","ITA","ITA",560,"0","0","0","0","0","0","-","0"
1,"7ew8B3",1,9,1988,2,"Afghanistan","AFG","AFG",94,"Italy","ITA","ITA",554,"0","0","0","0","0","0","-","0"
1,"7ew8B3",1,10,1989,2,"Afghanistan","AFG","AFG",94,"Italy","ITA","ITA",557,"0","0","0","0","0","0","-","0"
1,"7ew8B3",1,11,1990,2,"Afghanistan","AFG","AFG",94,"Italy","ITA","ITA",394,"0","0","0","0","0","0","-","0"
1,"7ew8B3",1,12,1991,2,"Afghanistan","AFG","AFG",94,"Italy","ITA","ITA",121,"0","0","0","0","0","0","-","0"
1,"7ew8B3",1,13,1992,2,"Afghanistan","AFG","AFG",94,"Italy","ITA","ITA",107,"0","0","0","0","0","0","-","0"
1,"7ew8B3",1,14,1993,2,"Afghanistan","AFG","AFG",94,"Italy","ITA","ITA",46,"0","0","0","0","0","0","-","0"
1,"7ew8B3",1,15,1994,2,"Afghanistan","AFG","AFG",94,"Italy","ITA","ITA",48,"0","0","0","0","0","0","-","0"
1,"7ew8B3",1,16,1995,2,"Afghanistan","AFG","AFG",94,"Italy","ITA","ITA",52,"0","0","0","0","0","0","-","0"
1,"7ew8B3",1,17,1996,2,"Afghanistan","AFG","AFG",94,"Italy","ITA","ITA",52,"0","0","0","0","0","0","-","0"
1,"7ew8B3",1,18,1997,2,"Afghanistan","AFG","AFG",94,"Italy","ITA","ITA",44,"0","0","0","0","0","0","-","0"
1,"7ew8B3",1,19,1998,2,"Afghanistan","AFG","AFG",94,"Italy","ITA","ITA",43,"0","0","0","0","0","0","-","0"
1,"7ew8B3",1,20,1999,2,"Afghanistan","AFG","AFG",94,"Italy","ITA","ITA",37,"0","0","0","0","0","0","-","0"
1,"7ew8B3",1,21,2000,2,"Afghanistan","AFG","AFG",94,"Italy","ITA","ITA",66,"0","0","0","0","0","0","-","0"
1,"7ew8B3",1,22,2001,2,"Afghanistan","AFG","AFG",94,"Italy","ITA","ITA",149,"0","0","0","0","0","0","-","0"
1,"7ew8B3",1,23,2002,2,"Afghanistan","AFG","AFG",94,"Italy","ITA","ITA",183,"0","0","0","0","0","0","-","0"
1,"7ew8B3",1,24,2003,2,"Afghanistan","AFG","AFG",94,"Italy","ITA","ITA",186,"0","0","0","0","0","0","-","0"
1,"7ew8B3",1,25,2004,2,"Afghanistan","AFG","AFG",94,"Italy","ITA","ITA",242,"0","0","0","0","0","0","-","0"
1,"7ew8B3",1,26,2005,2,"Afghanistan","AFG","AFG",94,"Italy","ITA","ITA",302,"0","0","0","0","0","0","-","0"
1,"7ew8B3",1,27,2006,2,"Afghanistan","AFG","AFG",94,"Italy","ITA","ITA",473,"0","0","0","0","0","0","-","0"
1,"7ew8B3",1,28,2007,2,"Afghanistan","AFG","AFG",94,"Italy","ITA","ITA",1138,"0","0","0","0","0","0","-","0"
1,"7ew8B3",1,29,2008,2,"Afghanistan","AFG","AFG",94,"Italy","ITA","ITA",2315,"0","0","0","0","0","0","-","0"
1,"7ew8B3",1,30,2009,2,"Afghanistan","AFG","AFG",94,"Italy","ITA","ITA",3039,"0","0","0","0","0","0","-","0"
1,"7ew8B3",1,31,2010,2,"Afghanistan","AFG","AFG",94,"Italy","ITA","ITA",3665,304,"0","0","0","0","0","-","0"
1,"7ew8B3",1,32,2011,2,"Afghanistan","AFG","AFG",94,"Italy","ITA","ITA",4291,"0","0","0","0","0","0","-","0"
1,"7ew8B3",1,33,2012,2,"Afghanistan","AFG","AFG",94,"Italy","ITA","ITA",5058,1162,"0","0","0","0","0","-","0"
1,"7ew8B3",1,34,2013,2,"Afghanistan","AFG","AFG",94,"Italy","ITA","ITA",6657,1024,"0","0","0","0","0","-","0"
1,"7ew8B3",1,35,2014,2,"Afghanistan","AFG","AFG",94,"Italy","ITA","ITA",8991,1778,"0","0","0","0","0","-","0"
1,"7ew8B3",1,36,2015,2,"Afghanistan","AFG","AFG",94,"Italy","ITA","ITA",12203,2690,"0","0","0","0","0","-","0"
1,"7ew8B3",1,37,2016,2,"Afghanistan","AFG","AFG",94,"Italy","ITA","ITA",16033,1926,"0","0","0","0","0","-","0"
1,"7ew8B3",1,38,2017,2,"Afghanistan","AFG","AFG",94,"Italy","ITA","ITA",17171,322,"0","0","0","0","0","-","0"
1,"7ew8B3",1,39,2018,2,"Afghanistan","AFG","AFG",94,"Italy","ITA","ITA",16941,825,"0","0","0","0","0","-","0"
1,"7ew8B3",1,40,2019,2,"Afghanistan","AFG","AFG",94,"Italy","ITA","ITA",17849,840,"0","0","0","0","0","-","0"
1,"7ew8B3",1,41,2020,2,"Afghanistan","AFG","AFG",94,"Italy","ITA","ITA",12096,1339,"0","0","0","0","0","-","0"
1,"7ew8B3",1,42,2021,2,"Afghanistan","AFG","AFG",94,"Italy","ITA","ITA",15561,2375,"0","0","0","0","0","-","0"
1,"7ew8B3",1,43,2022,2,"Afghanistan","AFG","AFG",94,"Italy","ITA","ITA",18367,1918,"0","0","0","0","0","-","0"
1,"7ew8B3",1,44,2023,2,"Afghanistan","AFG","AFG",94,"Italy","ITA","ITA",16825,2164,"0","0","0","0","0","-","0"
1,"7ew8B3",1,45,2024,2,"Afghanistan","AFG","AFG",94,"Italy","ITA","ITA",18451,2428,"0","0","0","0","0","-","0"
1,"7ew8B3",1,46,2025,2,"Afghanistan","AFG","AFG",94,"Italy","ITA","ITA",16864,2668,"0","0","0","0","0","-","0"
1,"7ew8B3",1,47,1980,3,"Albania","ALB","ALB",94,"Italy","ITA","ITA",71,"0","0","0","0","0","0","-","0"
1,"7ew8B3",1,48,1981,3,"Albania","ALB","ALB",94,"Italy","ITA","ITA",70,"0","0","0","0","0","0","-","0"
1,"7ew8B3",1,49,1982,3,"Albania","ALB","ALB",94,"Italy","ITA","ITA",75,"0","0","0","0","0","0","-","0"
1,"7ew8B3",1,50,1983,3,"Albania","ALB","ALB",94,"Italy","ITA","ITA",90,"0","0","0","0","0","0","-","0"
1,"7ew8B3",1,51,1984,3,"Albania","ALB","ALB",94,"Italy","ITA","ITA",106,"0","0","0","0","0","0","-","0"
1,"7ew8B3",1,52,1985,3,"Albania","ALB","ALB",94,"Italy","ITA","ITA",107,"0","0","0","0","0","0","-","0"
1,"7ew8B3",1,53,1986,3,"Albania","ALB","ALB",94,"Italy","ITA","ITA",90,"0","0","0","0","0","0","-","0"
1,"7ew8B3",1,54,1987,3,"Albania","ALB","ALB",94,"Italy","ITA","ITA",69,"0","0","0","0","0","0","-","0"
1,"7ew8B3",1,55,1988,3,"Albania","ALB","ALB",94,"Italy","ITA","ITA",63,"0","0","0","0","0","0","-","0"
1,"7ew8B3",1,56,1989,3,"Albania","ALB","ALB",94,"Italy","ITA","ITA",71,"0","0","0","0","0","0","-","0"
1,"7ew8B3",1,57,1990,3,"Albania","ALB","ALB",94,"Italy","ITA","ITA",531,"0","0","0","0","0","0","-","0"
1,"7ew8B3",1,58,1991,3,"Albania","ALB","ALB",94,"Italy","ITA","ITA",1202,"0","0","0","0","0","0","-","0"
1,"7ew8B3",1,59,1992,3,"Albania","ALB","ALB",94,"Italy","ITA","ITA",1279,"0","0","0","0","0","0","-","0"
1,"7ew8B3",1,60,1993,3,"Albania","ALB","ALB",94,"Italy","ITA","ITA",1266,"0","0","0","0","0","0","-","0"
1,"7ew8B3",1,61,1994,3,"Albania","ALB","ALB",94,"Italy","ITA","ITA",1252,"0","0","0","0","0","0","-","0"
1,"7ew8B3",1,62,1995,3,"Albania","ALB","ALB",94,"Italy","ITA","ITA",1260,"0","0","0","0","0","0","-","0"
1,"7ew8B3",1,63,1996,3,"Albania","ALB","ALB",94,"Italy","ITA","ITA",1266,"0","0","0","0","0","0","-","0"
1,"7ew8B3",1,64,1997,3,"Albania","ALB","ALB",94,"Italy","ITA","ITA",1336,"0","0","0","0","0","0","-","0"
1,"7ew8B3",1,65,1998,3,"Albania","ALB","ALB",94,"Italy","ITA","ITA",1379,"0","0","0","0","0","0","-","0"
1,"7ew8B3",1,66,1999,3,"Albania","ALB","ALB",94,"Italy","ITA","ITA",1404,"0","0","0","0","0","0","-","0"
1,"7ew8B3",1,67,2000,3,"Albania","ALB","ALB",94,"Italy","ITA","ITA",958,"0","0","0","0","0","0","-","0"
1,"7ew8B3",1,68,2001,3,"Albania","ALB","ALB",94,"Italy","ITA","ITA",344,"0","0","0","0","0","0","-","0"
1,"7ew8B3",1,69,2002,3,"Albania","ALB","ALB",94,"Italy","ITA","ITA",273,"0","0","0","0","0","0","-","0"
1,"7ew8B3",1,70,2003,3,"Albania","ALB","ALB",94,"Italy","ITA","ITA",273,"0","0","0","0","0","0","-","0"
1,"7ew8B3",1,71,2004,3,"Albania","ALB","ALB",94,"Italy","ITA","ITA",282,"0","0","0","0","0","0","-","0"
1,"7ew8B3",1,72,2005,3,"Albania","ALB","ALB",94,"Italy","ITA","ITA",282,"0","0","0","0","0","0","-","0"
1,"7ew8B3",1,73,2006,3,"Albania","ALB","ALB",94,"Italy","ITA","ITA",276,"0","0","0","0","0","0","-","0"
1,"7ew8B3",1,74,2007,3,"Albania","ALB","ALB",94,"Italy","ITA","ITA",234,"0","0","0","0","0","0","-","0"
1,"7ew8B3",1,75,2008,3,"Albania","ALB","ALB",94,"Italy","ITA","ITA",202,"0","0","0","0","0","0","-","0"
1,"7ew8B3",1,76,2009,3,"Albania","ALB","ALB",94,"Italy","ITA","ITA",205,"0","0","0","0","0","0","-","0"
1,"7ew8B3",1,77,2010,3,"Albania","ALB","ALB",94,"Italy","ITA","ITA",177,11,"0","0","0","0","0","-","0"
1,"7ew8B3",1,78,2011,3,"Albania","ALB","ALB",94,"Italy","ITA","ITA",127,"0","0","0","0","0","0","-","0"
1,"7ew8B3",1,79,2012,3,"Albania","ALB","ALB",94,"Italy","ITA","ITA",145,32,"0","0","0","0","0","-","0"
1,"7ew8B3",1,80,2013,3,"Albania","ALB","ALB",94,"Italy","ITA","ITA",199,36,"0","0","0","0","0","-","0"
1,"7ew8B3",1,81,2014,3,"Albania","ALB","ALB",94,"Italy","ITA","ITA",256,71,"0","0","0","0","0","-","0"
1,"7ew8B3",1,82,2015,3,"Albania","ALB","ALB",94,"Italy","ITA","ITA",356,267,"0","0","0","0","0","-","0"
1,"7ew8B3",1,83,2016,3,"Albania","ALB","ALB",94,"Italy","ITA","ITA",458,395,"0","0","0","0","0","-","0"
1,"7ew8B3",1,84,2017,3,"Albania","ALB","ALB",94,"Italy","ITA","ITA",538,800,"0","0","0","0","0","-","0"
1,"7ew8B3",1,85,2018,3,"Albania","ALB","ALB",94,"Italy","ITA","ITA",684,1097,"0","0","0","0","0","-","0"
1,"7ew8B3",1,86,2019,3,"Albania","ALB","ALB",94,"Italy","ITA","ITA",809,589,"0","0","0","0","0","-","0"
1,"7ew8B3",1,87,2020,3,"Albania","ALB","ALB",94,"Italy","ITA","ITA",620,406,"0","0","0","0","0","-","0"
1,"7ew8B3",1,88,2021,3,"Albania","ALB","ALB",94,"Italy","ITA","ITA",860,336,"0","0","0","0","0","-","0"
1,"7ew8B3",1,89,2022,3,"Albania","ALB","ALB",94,"Italy","ITA","ITA",891,531,"0","0","0","0","0","-","0"
1,"7ew8B3",1,90,2023,3,"Albania","ALB","ALB",94,"Italy","ITA","ITA",697,734,"0","0","0","0","0","-","0"
1,"7ew8B3",1,91,2024,3,"Albania","ALB","ALB",94,"Italy","ITA","ITA",687,1573,"0","0","0","0","0","-","0"
1,"7ew8B3",1,92,2025,3,"Albania","ALB","ALB",94,"Italy","ITA","ITA",633,1804,"0","0","0","0","0","-","0"
1,"7ew8B3",1,93,1981,4,"Algeria","ALG","DZA",94,"Italy","ITA","ITA",5,"0","0","0","0","0","0","-","0"
1,"7ew8B3",1,94,1982,4,"Algeria","ALG","DZA",94,"Italy","ITA","ITA",5,"0","0","0","0","0","0","-","0"
1,"7ew8B3",1,95,1983,4,"Algeria","ALG","DZA",94,"Italy","ITA","ITA",5,"0","0","0","0","0","0","-","0"
1,"7ew8B3",1,96,1984,4,"Algeria","ALG","DZA",94,"Italy","ITA","ITA",5,"0","0","0","0","0","0","-","0"
1,"7ew8B3",1,97,1985,4,"Algeria","ALG","DZA",94,"Italy","ITA","ITA",5,"0","0","0","0","0","0","-","0"
1,"7ew8B3",1,98,1993,4,"Algeria","ALG","DZA",94,"Italy","ITA","ITA",5,"0","0","0","0","0","0","-","0"
1,"7ew8B3",1,99,1994,4,"Algeria","ALG","DZA",94,"Italy","ITA","ITA",5,"0","0","0","0","0","0","-","0"
1,"7ew8B3",1,100,1995,4,"Algeria","ALG","DZA",94,"Italy","ITA","ITA",5,"0","0","0","0","0","0","-","0"
1,"7ew8B3",1,101,1996,4,"Algeria","ALG","DZA",94,"Italy","ITA","ITA",8,"0","0","0","0","0","0","-","0"
1,"7ew8B3",1,102,1997,4,"Algeria","ALG","DZA",94,"Italy","ITA","ITA",18,"0","0","0","0","0","0","-","0"
1,"7ew8B3",1,103,1998,4,"Algeria","ALG","DZA",94,"Italy","ITA","ITA",34,"0","0","0","0","0","0","-","0"
1,"7ew8B3",1,104,1999,4,"Algeria","ALG","DZA",94,"Italy","ITA","ITA",51,"0","0","0","0","0","0","-","0"
1,"7ew8B3",1,105,2000,4,"Algeria","ALG","DZA",94,"Italy","ITA","ITA",51,"0","0","0","0","0","0","-","0"
1,"7ew8B3",1,106,2001,4,"Algeria","ALG","DZA",94,"Italy","ITA","ITA",60,"0","0","0","0","0","0","-","0"
1,"7ew8B3",1,107,2002,4,"Algeria","ALG","DZA",94,"Italy","ITA","ITA",60,"0","0","0","0","0","0","-","0"
1,"7ew8B3",1,108,2003,4,"Algeria","ALG","DZA",94,"Italy","ITA","ITA",58,"0","0","0","0","0","0","-","0"
1,"7ew8B3",1,109,2004,4,"Algeria","ALG","DZA",94,"Italy","ITA","ITA",61,"0","0","0","0","0","0","-","0"
1,"7ew8B3",1,110,2005,4,"Algeria","ALG","DZA",94,"Italy","ITA","ITA",60,"0","0","0","0","0","0","-","0"
1,"7ew8B3",1,111,2006,4,"Algeria","ALG","DZA",94,"Italy","ITA","ITA",56,"0","0","0","0","0","0","-","0"
1,"7ew8B3",1,112,2007,4,"Algeria","ALG","DZA",94,"Italy","ITA","ITA",55,"0","0","0","0","0","0","-","0"
1,"7ew8B3",1,113,2008,4,"Algeria","ALG","DZA",94,"Italy","ITA","ITA",49,"0","0","0","0","0","0","-","0"
1,"7ew8B3",1,114,2009,4,"Algeria","ALG","DZA",94,"Italy","ITA","ITA",60,"0","0","0","0","0","0","-","0"
1,"7ew8B3",1,115,2010,4,"Algeria","ALG","DZA",94,"Italy","ITA","ITA",61,27,"0","0","0","0","0","-","0"
1,"7ew8B3",1,116,2011,4,"Algeria","ALG","DZA",94,"Italy","ITA","ITA",56,"0","0","0","0","0","0","-","0"
1,"7ew8B3",1,117,2012,4,"Algeria","ALG","DZA",94,"Italy","ITA","ITA",66,52,"0","0","0","0","0","-","0"
1,"7ew8B3",1,118,2013,4,"Algeria","ALG","DZA",94,"Italy","ITA","ITA",91,25,"0","0","0","0","0","-","0"
1,"7ew8B3",1,119,2014,4,"Algeria","ALG","DZA",94,"Italy","ITA","ITA",113,65,"0","0","0","0","0","-","0"
1,"7ew8B3",1,120,2015,4,"Algeria","ALG","DZA",94,"Italy","ITA","ITA",146,114,"0","0","0","0","0","-","0"
1,"7ew8B3",1,121,2016,4,"Algeria","ALG","DZA",94,"Italy","ITA","ITA",165,83,"0","0","0","0","0","-","0"
1,"7ew8B3",1,122,2017,4,"Algeria","ALG","DZA",94,"Italy","ITA","ITA",186,169,"0","0","0","0","0","-","0"
1,"7ew8B3",1,123,2018,4,"Algeria","ALG","DZA",94,"Italy","ITA","ITA",199,165,"0","0","0","0","0","-","0"
1,"7ew8B3",1,124,2019,4,"Algeria","ALG","DZA",94,"Italy","ITA","ITA",228,130,"0","0","0","0","0","-","0"
1,"7ew8B3",1,125,2020,4,"Algeria","ALG","DZA",94,"Italy","ITA","ITA","0",127,"0","0","0","0","0","-","0"
1,"7ew8B3",1,126,2021,4,"Algeria","ALG","DZA",94,"Italy","ITA","ITA",27,124,"0","0","0","0","0","-","0"
1,"7ew8B3",1,127,2022,4,"Algeria","ALG","DZA",94,"Italy","ITA","ITA",38,141,"0","0","0","0","0","-","0"
1,"7ew8B3",1,128,2023,4,"Algeria","ALG","DZA",94,"Italy","ITA","ITA",136,209,"0","0","0","0","0","-","0"
1,"7ew8B3",1,129,2024,4,"Algeria","ALG","DZA",94,"Italy","ITA","ITA",138,380,"0","0","0","0","0","-","0"
1,"7ew8B3",1,130,2025,4,"Algeria","ALG","DZA",94,"Italy","ITA","ITA",136,470,"0","0","0","0","0","-","0"
1,"7ew8B3",1,131,1983,6,"Angola","ANG","AGO",94,"Italy","ITA","ITA",10,"0","0","0","0","0","0","-","0"
1,"7ew8B3",1,132,1984,6,"Angola","ANG","AGO",94,"Italy","ITA","ITA",11,"0","0","0","0","0","0","-","0"
1,"7ew8B3",1,133,1985,6,"Angola","ANG","AGO",94,"Italy","ITA","ITA",12,"0","0","0","0","0","0","-","0"
1,"7ew8B3",1,134,1986,6,"Angola","ANG","AGO",94,"Italy","ITA","ITA",12,"0","0","0","0","0","0","-","0"
1,"7ew8B3",1,135,1987,6,"Angola","ANG","AGO",94,"Italy","ITA","ITA",33,"0","0","0","0","0","0","-","0"
1,"7ew8B3",1,136,1988,6,"Angola","ANG","AGO",94,"Italy","ITA","ITA",45,"0","0","0","0","0","0","-","0"
1,"7ew8B3",1,137,1989,6,"Angola","ANG","AGO",94,"Italy","ITA","ITA",45,"0","0","0","0","0","0","-","0"
1,"7ew8B3",1,138,1990,6,"Angola","ANG","AGO",94,"Italy","ITA","ITA",47,"0","0","0","0","0","0","-","0"
1,"7ew8B3",1,139,1991,6,"Angola","ANG","AGO",94,"Italy","ITA","ITA",51,"0","0","0","0","0","0","-","0"
1,"7ew8B3",1,140,1992,6,"Angola","ANG","AGO",94,"Italy","ITA","ITA",54,"0","0","0","0","0","0","-","0"
1,"7ew8B3",1,141,1993,6,"Angola","ANG","AGO",94,"Italy","ITA","ITA",48,"0","0","0","0","0","0","-","0"
1,"7ew8B3",1,142,1994,6,"Angola","ANG","AGO",94,"Italy","ITA","ITA",51,"0","0","0","0","0","0","-","0"
1,"7ew8B3",1,143,1995,6,"Angola","ANG","AGO",94,"Italy","ITA","ITA",58,"0","0","0","0","0","0","-","0"
1,"7ew8B3",1,144,1996,6,"Angola","ANG","AGO",94,"Italy","ITA","ITA",62,"0","0","0","0","0","0","-","0"
1,"7ew8B3",1,145,1997,6,"Angola","ANG","AGO",94,"Italy","ITA","ITA",47,"0","0","0","0","0","0","-","0"
1,"7ew8B3",1,146,1998,6,"Angola","ANG","AGO",94,"Italy","ITA","ITA",35,"0","0","0","0","0","0","-","0"
1,"7ew8B3",1,147,1999,6,"Angola","ANG","AGO",94,"Italy","ITA","ITA",52,"0","0","0","0","0","0","-","0"
1,"7ew8B3",1,148,2000,6,"Angola","ANG","AGO",94,"Italy","ITA","ITA",81,"0","0","0","0","0","0","-","0"
1,"7ew8B3",1,149,2001,6,"Angola","ANG","AGO",94,"Italy","ITA","ITA",99,"0","0","0","0","0","0","-","0"
1,"7ew8B3",1,150,2002,6,"Angola","ANG","AGO",94,"Italy","ITA","ITA",116,"0","0","0","0","0","0","-","0"
1,"7ew8B3",1,151,2003,6,"Angola","ANG","AGO",94,"Italy","ITA","ITA",121,"0","0","0","0","0","0","-","0"
1,"7ew8B3",1,152,2004,6,"Angola","ANG","AGO",94,"Italy","ITA","ITA",135,"0","0","0","0","0","0","-","0"
1,"7ew8B3",1,153,2005,6,"Angola","ANG","AGO",94,"Italy","ITA","ITA",127,"0","0","0","0","0","0","-","0"
1,"7ew8B3",1,154,2006,6,"Angola","ANG","AGO",94,"Italy","ITA","ITA",123,"0","0","0","0","0","0","-","0"
1,"7ew8B3",1,155,2007,6,"Angola","ANG","AGO",94,"Italy","ITA","ITA",128,"0","0","0","0","0","0","-","0"
1,"7ew8B3",1,156,2008,6,"Angola","ANG","AGO",94,"Italy","ITA","ITA",135,"0","0","0","0","0","0","-","0"
1,"7ew8B3",1,157,2009,6,"Angola","ANG","AGO",94,"Italy","ITA","ITA",126,"0","0","0","0","0","0","-","0"
1,"7ew8B3",1,158,2010,6,"Angola","ANG","AGO",94,"Italy","ITA","ITA",95,"0","0","0","0","0","0","-","0"
1,"7ew8B3",1,159,2011,6,"Angola","ANG","AGO",94,"Italy","ITA","ITA",74,"0","0","0","0","0","0","-","0"
1,"7ew8B3",1,160,2012,6,"Angola","ANG","AGO",94,"Italy","ITA","ITA",54,"0","0","0","0","0","0","-","0"
1,"7ew8B3",1,161,2013,6,"Angola","ANG","AGO",94,"Italy","ITA","ITA",47,"0","0","0","0","0","0","-","0"
1,"7ew8B3",1,162,2014,6,"Angola","ANG","AGO",94,"Italy","ITA","ITA",36,"0","0","0","0","0","0","-","0"
1,"7ew8B3",1,163,2015,6,"Angola","ANG","AGO",94,"Italy","ITA","ITA",40,"0","0","0","0","0","0","-","0"
1,"7ew8B3",1,164,2016,6,"Angola","ANG","AGO",94,"Italy","ITA","ITA",44,5,"0","0","0","0","0","-","0"
1,"7ew8B3",1,165,2017,6,"Angola","ANG","AGO",94,"Italy","ITA","ITA",35,28,"0","0","0","0","0","-","0"
1,"7ew8B3",1,166,2018,6,"Angola","ANG","AGO",94,"Italy","ITA","ITA",31,16,"0","0","0","0","0","-","0"
1,"7ew8B3",1,167,2019,6,"Angola","ANG","AGO",94,"Italy","ITA","ITA",34,9,"0","0","0","0","0","-","0"
1,"7ew8B3",1,168,2020,6,"Angola","ANG","AGO",94,"Italy","ITA","ITA","0",15,"0","0","0","0","0","-","0"
1,"7ew8B3",1,169,2021,6,"Angola","ANG","AGO",94,"Italy","ITA","ITA",5,11,"0","0","0","0","0","-","0"
1,"7ew8B3",1,170,2022,6,"Angola","ANG","AGO",94,"Italy","ITA","ITA",5,13,"0","0","0","0","0","-","0"
1,"7ew8B3",1,171,2023,6,"Angola","ANG","AGO",94,"Italy","ITA","ITA",53,7,"0","0","0","0","0","-","0"
1,"7ew8B3",1,172,2024,6,"Angola","ANG","AGO",94,"Italy","ITA","ITA",46,17,"0","0","0","0","0","-","0"
1,"7ew8B3",1,173,2025,6,"Angola","ANG","AGO",94,"Italy","ITA","ITA",37,22,"0","0","0","0","0","-","0"
1,"7ew8B3",1,174,2010,7,"Antigua and Barbuda","ANT","ATG",94,"Italy","ITA","ITA","0",5,"0","0","0","0","0","-","0"
1,"7ew8B3",1,175,2012,7,"Antigua and Barbuda","ANT","ATG",94,"Italy","ITA","ITA","0",5,"0","0","0","0","0","-","0"
1,"7ew8B3",1,176,1981,8,"Egypt","ARE","EGY",94,"Italy","ITA","ITA",5,"0","0","0","0","0","0","-","0"
1,"7ew8B3",1,177,1982,8,"Egypt","ARE","EGY",94,"Italy","ITA","ITA",5,"0","0","0","0","0","0","-","0"
1,"7ew8B3",1,178,1983,8,"Egypt","ARE","EGY",94,"Italy","ITA","ITA",6,"0","0","0","0","0","0","-","0"
1,"7ew8B3",1,179,1984,8,"Egypt","ARE","EGY",94,"Italy","ITA","ITA",6,"0","0","0","0","0","0","-","0"
1,"7ew8B3",1,180,1985,8,"Egypt","ARE","EGY",94,"Italy","ITA","ITA",7,"0","0","0","0","0","0","-","0"
1,"7ew8B3",1,181,1986,8,"Egypt","ARE","EGY",94,"Italy","ITA","ITA",8,"0","0","0","0","0","0","-","0"
1,"7ew8B3",1,182,1987,8,"Egypt","ARE","EGY",94,"Italy","ITA","ITA",8,"0","0","0","0","0","0","-","0"
1,"7ew8B3",1,183,1988,8,"Egypt","ARE","EGY",94,"Italy","ITA","ITA",9,"0","0","0","0","0","0","-","0"
1,"7ew8B3",1,184,1989,8,"Egypt","ARE","EGY",94,"Italy","ITA","ITA",8,"0","0","0","0","0","0","-","0"
1,"7ew8B3",1,185,1990,8,"Egypt","ARE","EGY",94,"Italy","ITA","ITA",7,"0","0","0","0","0","0","-","0"
1,"7ew8B3",1,186,1991,8,"Egypt","ARE","EGY",94,"Italy","ITA","ITA",5,"0","0","0","0","0","0","-","0"
1,"7ew8B3",1,187,1992,8,"Egypt","ARE","EGY",94,"Italy","ITA","ITA",5,"0","0","0","0","0","0","-","0"
1,"7ew8B3",1,188,1993,8,"Egypt","ARE","EGY",94,"Italy","ITA","ITA",5,"0","0","0","0","0","0","-","0"
1,"7ew8B3",1,189,1994,8,"Egypt","ARE","EGY",94,"Italy","ITA","ITA",5,"0","0","0","0","0","0","-","0"
1,"7ew8B3",1,190,1995,8,"Egypt","ARE","EGY",94,"Italy","ITA","ITA",7,"0","0","0","0","0","0","-","0"
1,"7ew8B3",1,191,1996,8,"Egypt","ARE","EGY",94,"Italy","ITA","ITA",6,"0","0","0","0","0","0","-","0"
1,"7ew8B3",1,192,1997,8,"Egypt","ARE","EGY",94,"Italy","ITA","ITA",6,"0","0","0","0","0","0","-","0"
1,"7ew8B3",1,193,1998,8,"Egypt","ARE","EGY",94,"Italy","ITA","ITA",8,"0","0","0","0","0","0","-","0"
1,"7ew8B3",1,194,1999,8,"Egypt","ARE","EGY",94,"Italy","ITA","ITA",8,"0","0","0","0","0","0","-","0"
1,"7ew8B3",1,195,2000,8,"Egypt","ARE","EGY",94,"Italy","ITA","ITA",12,"0","0","0","0","0","0","-","0"
1,"7ew8B3",1,196,2001,8,"Egypt","ARE","EGY",94,"Italy","ITA","ITA",12,"0","0","0","0","0","0","-","0"
1,"7ew8B3",1,197,2002,8,"Egypt","ARE","EGY",94,"Italy","ITA","ITA",12,"0","0","0","0","0","0","-","0"
1,"7ew8B3",1,198,2003,8,"Egypt","ARE","EGY",94,"Italy","ITA","ITA",11,"0","0","0","0","0","0","-","0"
1,"7ew8B3",1,199,2004,8,"Egypt","ARE","EGY",94,"Italy","ITA","ITA",11,"0","0","0","0","0","0","-","0"
1,"7ew8B3",1,200,2005,8,"Egypt","ARE","EGY",94,"Italy","ITA","ITA",7,"0","0","0","0","0","0","-","0"
1,"7ew8B3",1,201,2006,8,"Egypt","ARE","EGY",94,"Italy","ITA","ITA",7,"0","0","0","0","0","0","-","0"
1,"7ew8B3",1,202,2007,8,"Egypt","ARE","EGY",94,"Italy","ITA","ITA",15,"0","0","0","0","0","0","-","0"
1,"7ew8B3",1,203,2008,8,"Egypt","ARE","EGY",94,"Italy","ITA","ITA",15,"0","0","0","0","0","0","-","0"
1,"7ew8B3",1,204,2009,8,"Egypt","ARE","EGY",94,"Italy","ITA","ITA",21,"0","0","0","0","0","0","-","0"
1,"7ew8B3",1,205,2010,8,"Egypt","ARE","EGY",94,"Italy","ITA","ITA",23,9,"0","0","0","0","0","-","0"
1,"7ew8B3",1,206,2011,8,"Egypt","ARE","EGY",94,"Italy","ITA","ITA",70,"0","0","0","0","0","0","-","0"
1,"7ew8B3",1,207,2012,8,"Egypt","ARE","EGY",94,"Italy","ITA","ITA",247,267,"0","0","0","0","0","-","0"
1,"7ew8B3",1,208,2013,8,"Egypt","ARE","EGY",94,"Italy","ITA","ITA",581,488,"0","0","0","0","0","-","0"
1,"7ew8B3",1,209,2014,8,"Egypt","ARE","EGY",94,"Italy","ITA","ITA",1145,506,"0","0","0","0","0","-","0"
1,"7ew8B3",1,210,2015,8,"Egypt","ARE","EGY",94,"Italy","ITA","ITA",1397,402,"0","0","0","0","0","-","0"
1,"7ew8B3",1,211,2016,8,"Egypt","ARE","EGY",94,"Italy","ITA","ITA",1672,732,"0","0","0","0","0","-","0"
1,"7ew8B3",1,212,2017,8,"Egypt","ARE","EGY",94,"Italy","ITA","ITA",1995,968,"0","0","0","0","0","-","0"
1,"7ew8B3",1,213,2018,8,"Egypt","ARE","EGY",94,"Italy","ITA","ITA",2289,796,"0","0","0","0","0","-","0"
1,"7ew8B3",1,214,2019,8,"Egypt","ARE","EGY",94,"Italy","ITA","ITA",2379,638,"0","0","0","0","0","-","0"
1,"7ew8B3",1,215,2020,8,"Egypt","ARE","EGY",94,"Italy","ITA","ITA",786,521,"0","0","0","0","0","-","0"
1,"7ew8B3",1,216,2021,8,"Egypt","ARE","EGY",94,"Italy","ITA","ITA",868,2332,"0","0","0","0","0","-","0"
1,"7ew8B3",1,217,2022,8,"Egypt","ARE","EGY",94,"Italy","ITA","ITA",776,7425,"0","0","0","0","0","-","0"
1,"7ew8B3",1,218,2023,8,"Egypt","ARE","EGY",94,"Italy","ITA","ITA",736,21038,"0","0","0","0","0","-","0"
1,"7ew8B3",1,219,2024,8,"Egypt","ARE","EGY",94,"Italy","ITA","ITA",1091,23933,"0","0","0","0","0","-","0"
1,"7ew8B3",1,220,2025,8,"Egypt","ARE","EGY",94,"Italy","ITA","ITA",1206,24370,"0","0","0","0","0","-","0"
1,"7ew8B3",1,221,1980,9,"Argentina","ARG","ARG",94,"Italy","ITA","ITA",38,"0","0","0","0","0","0","-","0"
1,"7ew8B3",1,222,1981,9,"Argentina","ARG","ARG",94,"Italy","ITA","ITA",38,"0","0","0","0","0","0","-","0"
1,"7ew8B3",1,223,1982,9,"Argentina","ARG","ARG",94,"Italy","ITA","ITA",39,"0","0","0","0","0","0","-","0"
1,"7ew8B3",1,224,1983,9,"Argentina","ARG","ARG",94,"Italy","ITA","ITA",42,"0","0","0","0","0","0","-","0"
1,"7ew8B3",1,225,1984,9,"Argentina","ARG","ARG",94,"Italy","ITA","ITA",42,"0","0","0","0","0","0","-","0"
1,"7ew8B3",1,226,1985,9,"Argentina","ARG","ARG",94,"Italy","ITA","ITA",51,"0","0","0","0","0","0","-","0"
1,"7ew8B3",1,227,1986,9,"Argentina","ARG","ARG",94,"Italy","ITA","ITA",52,"0","0","0","0","0","0","-","0"
1,"7ew8B3",1,228,1987,9,"Argentina","ARG","ARG",94,"Italy","ITA","ITA",47,"0","0","0","0","0","0","-","0"
1,"7ew8B3",1,229,1988,9,"Argentina","ARG","ARG",94,"Italy","ITA","ITA",36,"0","0","0","0","0","0","-","0"
1,"7ew8B3",1,230,1989,9,"Argentina","ARG","ARG",94,"Italy","ITA","ITA",20,"0","0","0","0","0","0","-","0"
1,"7ew8B3",1,231,1990,9,"Argentina","ARG","ARG",94,"Italy","ITA","ITA",14,"0","0","0","0","0","0","-","0"
1,"7ew8B3",1,232,1991,9,"Argentina","ARG","ARG",94,"Italy","ITA","ITA",14,"0","0","0","0","0","0","-","0"
1,"7ew8B3",1,233,1992,9,"Argentina","ARG","ARG",94,"Italy","ITA","ITA",13,"0","0","0","0","0","0","-","0"
1,"7ew8B3",1,234,1993,9,"Argentina","ARG","ARG",94,"Italy","ITA","ITA",10,"0","0","0","0","0","0","-","0"
1,"7ew8B3",1,235,1994,9,"Argentina","ARG","ARG",94,"Italy","ITA","ITA",10,"0","0","0","0","0","0","-","0"
1,"7ew8B3",1,236,2016,9,"Argentina","ARG","ARG",94,"Italy","ITA","ITA","0",5,"0","0","0","0","0","-","0"
1,"7ew8B3",1,237,2017,9,"Argentina","ARG","ARG",94,"Italy","ITA","ITA",5,13,"0","0","0","0","0","-","0"
1,"7ew8B3",1,238,2018,9,"Argentina","ARG","ARG",94,"Italy","ITA","ITA",7,11,"0","0","0","0","0","-","0"
1,"7ew8B3",1,239,2019,9,"Argentina","ARG","ARG",94,"Italy","ITA","ITA",9,16,"0","0","0","0","0","-","0"
1,"7ew8B3",1,240,2020,9,"Argentina","ARG","ARG",94,"Italy","ITA","ITA","0",25,"0","0","0","0","0","-","0"
1,"7ew8B3",1,241,2021,9,"Argentina","ARG","ARG",94,"Italy","ITA","ITA",10,25,"0","0","0","0","0","-","0"
1,"7ew8B3",1,242,2022,9,"Argentina","ARG","ARG",94,"Italy","ITA","ITA",13,62,"0","0","0","0","0","-","0"
1,"7ew8B3",1,243,2023,9,"Argentina","ARG","ARG",94,"Italy","ITA","ITA",10,164,"0","0","0","0","0","-","0"
1,"7ew8B3",1,244,2024,9,"Argentina","ARG","ARG",94,"Italy","ITA","ITA",12,387,"0","0","0","0","0","-","0"
1,"7ew8B3",1,245,2025,9,"Argentina","ARG","ARG",94,"Italy","ITA","ITA",12,493,"0","0","0","0","0","-","0"
1,"7ew8B3",1,246,1980,10,"Armenia","ARM","ARM",94,"Italy","ITA","ITA",33,"0","0","0","0","0","0","-","0"
1,"7ew8B3",1,247,1981,10,"Armenia","ARM","ARM",94,"Italy","ITA","ITA",33,"0","0","0","0","0","0","-","0"
1,"7ew8B3",1,248,1982,10,"Armenia","ARM","ARM",94,"Italy","ITA","ITA",33,"0","0","0","0","0","0","-","0"
1,"7ew8B3",1,249,1983,10,"Armenia","ARM","ARM",94,"Italy","ITA","ITA",33,"0","0","0","0","0","0","-","0"
1,"7ew8B3",1,250,1984,10,"Armenia","ARM","ARM",94,"Italy","ITA","ITA",33,"0","0","0","0","0","0","-","0"
1,"7ew8B3",1,251,1985,10,"Armenia","ARM","ARM",94,"Italy","ITA","ITA",33,"0","0","0","0","0","0","-","0"
1,"7ew8B3",1,252,1986,10,"Armenia","ARM","ARM",94,"Italy","ITA","ITA",28,"0","0","0","0","0","0","-","0"
1,"7ew8B3",1,253,1987,10,"Armenia","ARM","ARM",94,"Italy","ITA","ITA",28,"0","0","0","0","0","0","-","0"
1,"7ew8B3",1,254,1994,10,"Armenia","ARM","ARM",94,"Italy","ITA","ITA",5,"0","0","0","0","0","0","-","0"
1,"7ew8B3",1,255,1995,10,"Armenia","ARM","ARM",94,"Italy","ITA","ITA",5,"0","0","0","0","0","0","-","0"
1,"7ew8B3",1,256,1996,10,"Armenia","ARM","ARM",94,"Italy","ITA","ITA",5,"0","0","0","0","0","0","-","0"
1,"7ew8B3",1,257,1997,10,"Armenia","ARM","ARM",94,"Italy","ITA","ITA",5,"0","0","0","0","0","0","-","0"
1,"7ew8B3",1,258,1998,10,"Armenia","ARM","ARM",94,"Italy","ITA","ITA",14,"0","0","0","0","0","0","-","0"
1,"7ew8B3",1,259,1999,10,"Armenia","ARM","ARM",94,"Italy","ITA","ITA",18,"0","0","0","0","0","0","-","0"
1,"7ew8B3",1,260,2000,10,"Armenia","ARM","ARM",94,"Italy","ITA","ITA",26,"0","0","0","0","0","0","-","0"
1,"7ew8B3",1,261,2001,10,"Armenia","ARM","ARM",94,"Italy","ITA","ITA",26,"0","0","0","0","0","0","-","0"
1,"7ew8B3",1,262,2002,10,"Armenia","ARM","ARM",94,"Italy","ITA","ITA",26,"0","0","0","0","0","0","-","0"
1,"7ew8B3",1,263,2003,10,"Armenia","ARM","ARM",94,"Italy","ITA","ITA",26,"0","0","0","0","0","0","-","0"
1,"7ew8B3",1,264,2004,10,"Armenia","ARM","ARM",94,"Italy","ITA","ITA",26,"0","0","0","0","0","0","-","0"
1,"7ew8B3",1,265,2005,10,"Armenia","ARM","ARM",94,"Italy","ITA","ITA",26,"0","0","0","0","0","0","-","0"
1,"7ew8B3",1,266,2006,10,"Armenia","ARM","ARM",94,"Italy","ITA","ITA",45,"0","0","0","0","0","0","-","0"
1,"7ew8B3",1,267,2007,10,"Armenia","ARM","ARM",94,"Italy","ITA","ITA",66,"0","0","0","0","0","0","-","0"
1,"7ew8B3",1,268,2008,10,"Armenia","ARM","ARM",94,"Italy","ITA","ITA",70,"0","0","0","0","0","0","-","0"
1,"7ew8B3",1,269,2009,10,"Armenia","ARM","ARM",94,"Italy","ITA","ITA",73,"0","0","0","0","0","0","-","0"
1,"7ew8B3",1,270,2010,10,"Armenia","ARM","ARM",94,"Italy","ITA","ITA",71,18,"0","0","0","0","0","-","0"
1,"7ew8B3",1,271,2011,10,"Armenia","ARM","ARM",94,"Italy","ITA","ITA",83,"0","0","0","0","0","0","-","0"
1,"7ew8B3",1,272,2012,10,"Armenia","ARM","ARM",94,"Italy","ITA","ITA",98,57,"0","0","0","0","0","-","0"
1,"7ew8B3",1,273,2013,10,"Armenia","ARM","ARM",94,"Italy","ITA","ITA",156,55,"0","0","0","0","0","-","0"
1,"7ew8B3",1,274,2014,10,"Armenia","ARM","ARM",94,"Italy","ITA","ITA",225,52,"0","0","0","0","0","-","0"
1,"7ew8B3",1,275,2015,10,"Armenia","ARM","ARM",94,"Italy","ITA","ITA",274,29,"0","0","0","0","0","-","0"
1,"7ew8B3",1,276,2016,10,"Armenia","ARM","ARM",94,"Italy","ITA","ITA",288,63,"0","0","0","0","0","-","0"
1,"7ew8B3",1,277,2017,10,"Armenia","ARM","ARM",94,"Italy","ITA","ITA",289,261,"0","0","0","0","0","-","0"
1,"7ew8B3",1,278,2018,10,"Armenia","ARM","ARM",94,"Italy","ITA","ITA",319,222,"0","0","0","0","0","-","0"
1,"7ew8B3",1,279,2019,10,"Armenia","ARM","ARM",94,"Italy","ITA","ITA",376,78,"0","0","0","0","0","-","0"
1,"7ew8B3",1,280,2020,10,"Armenia","ARM","ARM",94,"Italy","ITA","ITA",208,98,"0","0","0","0","0","-","0"
1,"7ew8B3",1,281,2021,10,"Armenia","ARM","ARM",94,"Italy","ITA","ITA",213,119,"0","0","0","0","0","-","0"
1,"7ew8B3",1,282,2022,10,"Armenia","ARM","ARM",94,"Italy","ITA","ITA",224,108,"0","0","0","0","0","-","0"
1,"7ew8B3",1,283,2023,10,"Armenia","ARM","ARM",94,"Italy","ITA","ITA",176,102,"0","0","0","0","0","-","0"
1,"7ew8B3",1,284,2024,10,"Armenia","ARM","ARM",94,"Italy","ITA","ITA",206,59,"0","0","0","0","0","-","0"
1,"7ew8B3",1,285,2025,10,"Armenia","ARM","ARM",94,"Italy","ITA","ITA",163,61,"0","0","0","0","0","-","0"
1,"7ew8B3",1,286,2000,13,"Azerbaijan","AZE","AZE",94,"Italy","ITA","ITA",7,"0","0","0","0","0","0","-","0"
1,"7ew8B3",1,287,2001,13,"Azerbaijan","AZE","AZE",94,"Italy","ITA","ITA",7,"0","0","0","0","0","0","-","0"
1,"7ew8B3",1,288,2002,13,"Azerbaijan","AZE","AZE",94,"Italy","ITA","ITA",7,"0","0","0","0","0","0","-","0"
1,"7ew8B3",1,289,2003,13,"Azerbaijan","AZE","AZE",94,"Italy","ITA","ITA",7,"0","0","0","0","0","0","-","0"
1,"7ew8B3",1,290,2004,13,"Azerbaijan","AZE","AZE",94,"Italy","ITA","ITA",9,"0","0","0","0","0","0","-","0"
1,"7ew8B3",1,291,2005,13,"Azerbaijan","AZE","AZE",94,"Italy","ITA","ITA",19,"0","0","0","0","0","0","-","0"
1,"7ew8B3",1,292,2006,13,"Azerbaijan","AZE","AZE",94,"Italy","ITA","ITA",19,"0","0","0","0","0","0","-","0"
1,"7ew8B3",1,293,2007,13,"Azerbaijan","AZE","AZE",94,"Italy","ITA","ITA",34,"0","0","0","0","0","0","-","0"
1,"7ew8B3",1,294,2008,13,"Azerbaijan","AZE","AZE",94,"Italy","ITA","ITA",35,"0","0","0","0","0","0","-","0"
1,"7ew8B3",1,295,2009,13,"Azerbaijan","AZE","AZE",94,"Italy","ITA","ITA",41,"0","0","0","0","0","0","-","0"
1,"7ew8B3",1,296,2010,13,"Azerbaijan","AZE","AZE",94,"Italy","ITA","ITA",41,6,"0","0","0","0","0","-","0"
1,"7ew8B3",1,297,2011,13,"Azerbaijan","AZE","AZE",94,"Italy","ITA","ITA",58,"0","0","0","0","0","0","-","0"
1,"7ew8B3",1,298,2012,13,"Azerbaijan","AZE","AZE",94,"Italy","ITA","ITA",67,12,"0","0","0","0","0","-","0"
1,"7ew8B3",1,299,2013,13,"Azerbaijan","AZE","AZE",94,"Italy","ITA","ITA",69,"0","0","0","0","0","0","-","0"
1,"7ew8B3",1,300,2014,13,"Azerbaijan","AZE","AZE",94,"Italy","ITA","ITA",69,5,"0","0","0","0","0","-","0"
1,"7ew8B3",1,301,2015,13,"Azerbaijan","AZE","AZE",94,"Italy","ITA","ITA",61,8,"0","0","0","0","0","-","0"
1,"7ew8B3",1,302,2016,13,"Azerbaijan","AZE","AZE",94,"Italy","ITA","ITA",73,5,"0","0","0","0","0","-","0"
1,"7ew8B3",1,303,2017,13,"Azerbaijan","AZE","AZE",94,"Italy","ITA","ITA",62,15,"0","0","0","0","0","-","0"
1,"7ew8B3",1,304,2018,13,"Azerbaijan","AZE","AZE",94,"Italy","ITA","ITA",74,37,"0","0","0","0","0","-","0"
1,"7ew8B3",1,305,2019,13,"Azerbaijan","AZE","AZE",94,"Italy","ITA","ITA",97,35,"0","0","0","0","0","-","0"
1,"7ew8B3",1,306,2020,13,"Azerbaijan","AZE","AZE",94,"Italy","ITA","ITA","0",46,"0","0","0","0","0","-","0"
1,"7ew8B3",1,307,2021,13,"Azerbaijan","AZE","AZE",94,"Italy","ITA","ITA",6,24,"0","0","0","0","0","-","0"
1,"7ew8B3",1,308,2022,13,"Azerbaijan","AZE","AZE",94,"Italy","ITA","ITA",17,42,"0","0","0","0","0","-","0"
1,"7ew8B3",1,309,2023,13,"Azerbaijan","AZE","AZE",94,"Italy","ITA","ITA",128,55,"0","0","0","0","0","-","0"
1,"7ew8B3",1,310,2024,13,"Azerbaijan","AZE","AZE",94,"Italy","ITA","ITA",128,62,"0","0","0","0","0","-","0"
1,"7ew8B3",1,311,2025,13,"Azerbaijan","AZE","AZE",94,"Italy","ITA","ITA",120,65,"0","0","0","0","0","-","0"
1,"7ew8B3",1,312,2012,14,"Bahrain","BAH","BHR",94,"Italy","ITA","ITA",5,"0","0","0","0","0","0","-","0"
1,"7ew8B3",1,313,2013,14,"Bahrain","BAH","BHR",94,"Italy","ITA","ITA",5,"0","0","0","0","0","0","-","0"
1,"7ew8B3",1,314,2014,14,"Bahrain","BAH","BHR",94,"Italy","ITA","ITA",5,"0","0","0","0","0","0","-","0"
1,"7ew8B3",1,315,2015,14,"Bahrain","BAH","BHR",94,"Italy","ITA","ITA",5,"0","0","0","0","0","0","-","0"
1,"7ew8B3",1,316,2016,14,"Bahrain","BAH","BHR",94,"Italy","ITA","ITA",5,"0","0","0","0","0","0","-","0"
1,"7ew8B3",1,317,2017,14,"Bahrain","BAH","BHR",94,"Italy","ITA","ITA",5,"0","0","0","0","0","0","-","0"
1,"7ew8B3",1,318,2018,14,"Bahrain","BAH","BHR",94,"Italy","ITA","ITA",5,"0","0","0","0","0","0","-","0"
1,"7ew8B3",1,319,2019,14,"Bahrain","BAH","BHR",94,"Italy","ITA","ITA",5,"0","0","0","0","0","0","-","0"
1,"7ew8B3",1,320,1994,16,"Burundi","BDI","BDI",94,"Italy","ITA","ITA",5,"0","0","0","0","0","0","-","0"
1,"7ew8B3",1,321,1995,16,"Burundi","BDI","BDI",94,"Italy","ITA","ITA",7,"0","0","0","0","0","0","-","0"
1,"7ew8B3",1,322,1996,16,"Burundi","BDI","BDI",94,"Italy","ITA","ITA",24,"0","0","0","0","0","0","-","0"
1,"7ew8B3",1,323,1997,16,"Burundi","BDI","BDI",94,"Italy","ITA","ITA",37,"0","0","0","0","0","0","-","0"
1,"7ew8B3",1,324,1998,16,"Burundi","BDI","BDI",94,"Italy","ITA","ITA",37,"0","0","0","0","0","0","-","0"
1,"7ew8B3",1,325,1999,16,"Burundi","BDI","BDI",94,"Italy","ITA","ITA",41,"0","0","0","0","0","0","-","0"
1,"7ew8B3",1,326,2000,16,"Burundi","BDI","BDI",94,"Italy","ITA","ITA",47,"0","0","0","0","0","0","-","0"
1,"7ew8B3",1,327,2001,16,"Burundi","BDI","BDI",94,"Italy","ITA","ITA",47,"0","0","0","0","0","0","-","0"
1,"7ew8B3",1,328,2002,16,"Burundi","BDI","BDI",94,"Italy","ITA","ITA",47,"0","0","0","0","0","0","-","0"
1,"7ew8B3",1,329,2003,16,"Burundi","BDI","BDI",94,"Italy","ITA","ITA",47,"0","0","0","0","0","0","-","0"
1,"7ew8B3",1,330,2004,16,"Burundi","BDI","BDI",94,"Italy","ITA","ITA",43,"0","0","0","0","0","0","-","0"
1,"7ew8B3",1,331,2005,16,"Burundi","BDI","BDI",94,"Italy","ITA","ITA",41,"0","0","0","0","0","0","-","0"
1,"7ew8B3",1,332,2006,16,"Burundi","BDI","BDI",94,"Italy","ITA","ITA",24,"0","0","0","0","0","0","-","0"
1,"7ew8B3",1,333,2007,16,"Burundi","BDI","BDI",94,"Italy","ITA","ITA",15,"0","0","0","0","0","0","-","0"
1,"7ew8B3",1,334,2008,16,"Burundi","BDI","BDI",94,"Italy","ITA","ITA",19,"0","0","0","0","0","0","-","0"
1,"7ew8B3",1,335,2009,16,"Burundi","BDI","BDI",94,"Italy","ITA","ITA",16,"0","0","0","0","0","0","-","0"
1,"7ew8B3",1,336,2010,16,"Burundi","BDI","BDI",94,"Italy","ITA","ITA",11,5,"0","0","0","0","0","-","0"
1,"7ew8B3",1,337,2011,16,"Burundi","BDI","BDI",94,"Italy","ITA","ITA",11,"0","0","0","0","0","0","-","0"
1,"7ew8B3",1,338,2012,16,"Burundi","BDI","BDI",94,"Italy","ITA","ITA",11,"0","0","0","0","0","0","-","0"
1,"7ew8B3",1,339,2013,16,"Burundi","BDI","BDI",94,"Italy","ITA","ITA",11,"0","0","0","0","0","0","-","0"
1,"7ew8B3",1,340,2014,16,"Burundi","BDI","BDI",94,"Italy","ITA","ITA",12,5,"0","0","0","0","0","-","0"
1,"7ew8B3",1,341,2015,16,"Burundi","BDI","BDI",94,"Italy","ITA","ITA",14,8,"0","0","0","0","0","-","0"
1,"7ew8B3",1,342,2016,16,"Burundi","BDI","BDI",94,"Italy","ITA","ITA",18,10,"0","0","0","0","0","-","0"
1,"7ew8B3",1,343,2017,16,"Burundi","BDI","BDI",94,"Italy","ITA","ITA",19,10,"0","0","0","0","0","-","0"
1,"7ew8B3",1,344,2018,16,"Burundi","BDI","BDI",94,"Italy","ITA","ITA",24,5,"0","0","0","0","0","-","0"
1,"7ew8B3",1,345,2019,16,"Burundi","BDI","BDI",94,"Italy","ITA","ITA",29,5,"0","0","0","0","0","-","0"
1,"7ew8B3",1,346,2020,16,"Burundi","BDI","BDI",94,"Italy","ITA","ITA","0",6,"0","0","0","0","0","-","0"
1,"7ew8B3",1,347,2021,16,"Burundi","BDI","BDI",94,"Italy","ITA","ITA",5,5,"0","0","0","0","0","-","0"
1,"7ew8B3",1,348,2022,16,"Burundi","BDI","BDI",94,"Italy","ITA","ITA",6,"0","0","0","0","0","0","-","0"
1,"7ew8B3",1,349,2023,16,"Burundi","BDI","BDI",94,"Italy","ITA","ITA",30,6,"0","0","0","0","0","-","0"
1,"7ew8B3",1,350,2024,16,"Burundi","BDI","BDI",94,"Italy","ITA","ITA",25,7,"0","0","0","0","0","-","0"
1,"7ew8B3",1,351,2025,16,"Burundi","BDI","BDI",94,"Italy","ITA","ITA",27,8,"0","0","0","0","0","-","0"
1,"7ew8B3",1,352,2019,17,"Belgium","BEL","BEL",94,"Italy","ITA","ITA","0",5,"0","0","0","0","0","-","0"
1,"7ew8B3",1,353,2000,18,"Benin","BEN","BEN",94,"Italy","ITA","ITA",5,"0","0","0","0","0","0","-","0"
1,"7ew8B3",1,354,2001,18,"Benin","BEN","BEN",94,"Italy","ITA","ITA",5,"0","0","0","0","0","0","-","0"
1,"7ew8B3",1,355,2002,18,"Benin","BEN","BEN",94,"Italy","ITA","ITA",5,"0","0","0","0","0","0","-","0"
1,"7ew8B3",1,356,2003,18,"Benin","BEN","BEN",94,"Italy","ITA","ITA",5,"0","0","0","0","0","0","-","0"
1,"7ew8B3",1,357,2004,18,"Benin","BEN","BEN",94,"Italy","ITA","ITA",5,"0","0","0","0","0","0","-","0"
1,"7ew8B3",1,358,2005,18,"Benin","BEN","BEN",94,"Italy","ITA","ITA",5,"0","0","0","0","0","0","-","0"
1,"7ew8B3",1,359,2006,18,"Benin","BEN","BEN",94,"Italy","ITA","ITA",5,"0","0","0","0","0","0","-","0"
1,"7ew8B3",1,360,2007,18,"Benin","BEN","BEN",94,"Italy","ITA","ITA",11,"0","0","0","0","0","0","-","0"
1,"7ew8B3",1,361,2008,18,"Benin","BEN","BEN",94,"Italy","ITA","ITA",23,"0","0","0","0","0","0","-","0"
1,"7ew8B3",1,362,2009,18,"Benin","BEN","BEN",94,"Italy","ITA","ITA",41,"0","0","0","0","0","0","-","0"
1,"7ew8B3",1,363,2010,18,"Benin","BEN","BEN",94,"Italy","ITA","ITA",38,6,"0","0","0","0","0","-","0"
1,"7ew8B3",1,364,2011,18,"Benin","BEN","BEN",94,"Italy","ITA","ITA",38,"0","0","0","0","0","0","-","0"
1,"7ew8B3",1,365,2012,18,"Benin","BEN","BEN",94,"Italy","ITA","ITA",42,20,"0","0","0","0","0","-","0"
1,"7ew8B3",1,366,2013,18,"Benin","BEN","BEN",94,"Italy","ITA","ITA",54,9,"0","0","0","0","0","-","0"
1,"7ew8B3",1,367,2014,18,"Benin","BEN","BEN",94,"Italy","ITA","ITA",70,61,"0","0","0","0","0","-","0"
1,"7ew8B3",1,368,2015,18,"Benin","BEN","BEN",94,"Italy","ITA","ITA",119,110,"0","0","0","0","0","-","0"
1,"7ew8B3",1,369,2016,18,"Benin","BEN","BEN",94,"Italy","ITA","ITA",175,188,"0","0","0","0","0","-","0"
1,"7ew8B3",1,370,2017,18,"Benin","BEN","BEN",94,"Italy","ITA","ITA",228,261,"0","0","0","0","0","-","0"
1,"7ew8B3",1,371,2018,18,"Benin","BEN","BEN",94,"Italy","ITA","ITA",269,113,"0","0","0","0","0","-","0"
1,"7ew8B3",1,372,2019,18,"Benin","BEN","BEN",94,"Italy","ITA","ITA",297,36,"0","0","0","0","0","-","0"
1,"7ew8B3",1,373,2020,18,"Benin","BEN","BEN",94,"Italy","ITA","ITA",154,34,"0","0","0","0","0","-","0"
1,"7ew8B3",1,374,2021,18,"Benin","BEN","BEN",94,"Italy","ITA","ITA",164,41,"0","0","0","0","0","-","0"
1,"7ew8B3",1,375,2022,18,"Benin","BEN","BEN",94,"Italy","ITA","ITA",165,61,"0","0","0","0","0","-","0"
1,"7ew8B3",1,376,2023,18,"Benin","BEN","BEN",94,"Italy","ITA","ITA",122,565,"0","0","0","0","0","-","0"
1,"7ew8B3",1,377,2024,18,"Benin","BEN","BEN",94,"Italy","ITA","ITA",133,672,"0","0","0","0","0","-","0"
1,"7ew8B3",1,378,2025,18,"Benin","BEN","BEN",94,"Italy","ITA","ITA",124,543,"0","0","0","0","0","-","0"
1,"7ew8B3",1,379,1991,20,"Bangladesh","BGD","BGD",94,"Italy","ITA","ITA",5,"0","0","0","0","0","0","-","0"
1,"7ew8B3",1,380,1992,20,"Bangladesh","BGD","BGD",94,"Italy","ITA","ITA",5,"0","0","0","0","0","0","-","0"
1,"7ew8B3",1,381,1993,20,"Bangladesh","BGD","BGD",94,"Italy","ITA","ITA",5,"0","0","0","0","0","0","-","0"
1,"7ew8B3",1,382,1994,20,"Bangladesh","BGD","BGD",94,"Italy","ITA","ITA",5,"0","0","0","0","0","0","-","0"
1,"7ew8B3",1,383,1995,20,"Bangladesh","BGD","BGD",94,"Italy","ITA","ITA",5,"0","0","0","0","0","0","-","0"
1,"7ew8B3",1,384,1996,20,"Bangladesh","BGD","BGD",94,"Italy","ITA","ITA",5,"0","0","0","0","0","0","-","0"
1,"7ew8B3",1,385,1997,20,"Bangladesh","BGD","BGD",94,"Italy","ITA","ITA",5,"0","0","0","0","0","0","-","0"
1,"7ew8B3",1,386,1998,20,"Bangladesh","BGD","BGD",94,"Italy","ITA","ITA",5,"0","0","0","0","0","0","-","0"
1,"7ew8B3",1,387,1999,20,"Bangladesh","BGD","BGD",94,"Italy","ITA","ITA",5,"0","0","0","0","0","0","-","0"
1,"7ew8B3",1,388,2000,20,"Bangladesh","BGD","BGD",94,"Italy","ITA","ITA",8,"0","0","0","0","0","0","-","0"
1,"7ew8B3",1,389,2001,20,"Bangladesh","BGD","BGD",94,"Italy","ITA","ITA",18,"0","0","0","0","0","0","-","0"
1,"7ew8B3",1,390,2002,20,"Bangladesh","BGD","BGD",94,"Italy","ITA","ITA",24,"0","0","0","0","0","0","-","0"
1,"7ew8B3",1,391,2003,20,"Bangladesh","BGD","BGD",94,"Italy","ITA","ITA",25,"0","0","0","0","0","0","-","0"
1,"7ew8B3",1,392,2004,20,"Bangladesh","BGD","BGD",94,"Italy","ITA","ITA",30,"0","0","0","0","0","0","-","0"
1,"7ew8B3",1,393,2005,20,"Bangladesh","BGD","BGD",94,"Italy","ITA","ITA",67,"0","0","0","0","0","0","-","0"
1,"7ew8B3",1,394,2006,20,"Bangladesh","BGD","BGD",94,"Italy","ITA","ITA",145,"0","0","0","0","0","0","-","0"
1,"7ew8B3",1,395,2007,20,"Bangladesh","BGD","BGD",94,"Italy","ITA","ITA",434,"0","0","0","0","0","0","-","0"
1,"7ew8B3",1,396,2008,20,"Bangladesh","BGD","BGD",94,"Italy","ITA","ITA",493,"0","0","0","0","0","0","-","0"
1,"7ew8B3",1,397,2009,20,"Bangladesh","BGD","BGD",94,"Italy","ITA","ITA",634,"0","0","0","0","0","0","-","0"
1,"7ew8B3",1,398,2010,20,"Bangladesh","BGD","BGD",94,"Italy","ITA","ITA",641,122,"0","0","0","0","0","-","0"
1,"7ew8B3",1,399,2011,20,"Bangladesh","BGD","BGD",94,"Italy","ITA","ITA",670,"0","0","0","0","0","0","-","0"
1,"7ew8B3",1,400,2012,20,"Bangladesh","BGD","BGD",94,"Italy","ITA","ITA",753,383,"0","0","0","0","0","-","0"
1,"7ew8B3",1,401,2013,20,"Bangladesh","BGD","BGD",94,"Italy","ITA","ITA",1050,185,"0","0","0","0","0","-","0"
1,"7ew8B3",1,402,2014,20,"Bangladesh","BGD","BGD",94,"Italy","ITA","ITA",1357,4018,"0","0","0","0","0","-","0"
1,"7ew8B3",1,403,2015,20,"Bangladesh","BGD","BGD",94,"Italy","ITA","ITA",2545,4687,"0","0","0","0","0","-","0"
1,"7ew8B3",1,404,2016,20,"Bangladesh","BGD","BGD",94,"Italy","ITA","ITA",4077,5695,"0","0","0","0","0","-","0"
1,"7ew8B3",1,405,2017,20,"Bangladesh","BGD","BGD",94,"Italy","ITA","ITA",5671,18209,"0","0","0","0","0","-","0"
1,"7ew8B3",1,406,2018,20,"Bangladesh","BGD","BGD",94,"Italy","ITA","ITA",8438,6116,"0","0","0","0","0","-","0"
1,"7ew8B3",1,407,2019,20,"Bangladesh","BGD","BGD",94,"Italy","ITA","ITA",8974,1934,"0","0","0","0","0","-","0"
1,"7ew8B3",1,408,2020,20,"Bangladesh","BGD","BGD",94,"Italy","ITA","ITA",4360,2949,"0","0","0","0","0","-","0"
1,"7ew8B3",1,409,2021,20,"Bangladesh","BGD","BGD",94,"Italy","ITA","ITA",5046,5416,"0","0","0","0","0","-","0"
1,"7ew8B3",1,410,2022,20,"Bangladesh","BGD","BGD",94,"Italy","ITA","ITA",5143,13278,"0","0","0","0","0","-","0"
1,"7ew8B3",1,411,2023,20,"Bangladesh","BGD","BGD",94,"Italy","ITA","ITA",2321,27768,"0","0","0","0","0","-","0"
1,"7ew8B3",1,412,2024,20,"Bangladesh","BGD","BGD",94,"Italy","ITA","ITA",2899,41127,"0","0","0","0","0","-","0"
1,"7ew8B3",1,413,2025,20,"Bangladesh","BGD","BGD",94,"Italy","ITA","ITA",3033,39859,"0","0","0","0","0","-","0"
1,"7ew8B3",1,414,2014,21,"Bahamas","BHS","BHS",94,"Italy","ITA","ITA","0",5,"0","0","0","0","0","-","0"
1,"7ew8B3",1,415,2015,21,"Bahamas","BHS","BHS",94,"Italy","ITA","ITA","0",5,"0","0","0","0","0","-","0"
1,"7ew8B3",1,416,2017,21,"Bahamas","BHS","BHS",94,"Italy","ITA","ITA","0",5,"0","0","0","0","0","-","0"
1,"7ew8B3",1,417,2018,21,"Bahamas","BHS","BHS",94,"Italy","ITA","ITA",5,"0","0","0","0","0","0","-","0"
1,"7ew8B3",1,418,2019,21,"Bahamas","BHS","BHS",94,"Italy","ITA","ITA",5,"0","0","0","0","0","0","-","0"
1,"7ew8B3",1,419,2004,23,"Burkina Faso","BKF","BFA",94,"Italy","ITA","ITA",5,"0","0","0","0","0","0","-","0"
1,"7ew8B3",1,420,2005,23,"Burkina Faso","BKF","BFA",94,"Italy","ITA","ITA",5,"0","0","0","0","0","0","-","0"
1,"7ew8B3",1,421,2006,23,"Burkina Faso","BKF","BFA",94,"Italy","ITA","ITA",16,"0","0","0","0","0","0","-","0"
1,"7ew8B3",1,422,2007,23,"Burkina Faso","BKF","BFA",94,"Italy","ITA","ITA",87,"0","0","0","0","0","0","-","0"
1,"7ew8B3",1,423,2008,23,"Burkina Faso","BKF","BFA",94,"Italy","ITA","ITA",185,"0","0","0","0","0","0","-","0"
1,"7ew8B3",1,424,2009,23,"Burkina Faso","BKF","BFA",94,"Italy","ITA","ITA",284,"0","0","0","0","0","0","-","0"
1,"7ew8B3",1,425,2010,23,"Burkina Faso","BKF","BFA",94,"Italy","ITA","ITA",301,26,"0","0","0","0","0","-","0"
1,"7ew8B3",1,426,2011,23,"Burkina Faso","BKF","BFA",94,"Italy","ITA","ITA",326,"0","0","0","0","0","0","-","0"
1,"7ew8B3",1,427,2012,23,"Burkina Faso","BKF","BFA",94,"Italy","ITA","ITA",371,122,"0","0","0","0","0","-","0"
1,"7ew8B3",1,428,2013,23,"Burkina Faso","BKF","BFA",94,"Italy","ITA","ITA",501,40,"0","0","0","0","0","-","0"
1,"7ew8B3",1,429,2014,23,"Burkina Faso","BKF","BFA",94,"Italy","ITA","ITA",599,215,"0","0","0","0","0","-","0"
1,"7ew8B3",1,430,2015,23,"Burkina Faso","BKF","BFA",94,"Italy","ITA","ITA",764,297,"0","0","0","0","0","-","0"
1,"7ew8B3",1,431,2016,23,"Burkina Faso","BKF","BFA",94,"Italy","ITA","ITA",914,624,"0","0","0","0","0","-","0"
1,"7ew8B3",1,432,2017,23,"Burkina Faso","BKF","BFA",94,"Italy","ITA","ITA",1014,1431,"0","0","0","0","0","-","0"
1,"7ew8B3",1,433,2018,23,"Burkina Faso","BKF","BFA",94,"Italy","ITA","ITA",1121,495,"0","0","0","0","0","-","0"
1,"7ew8B3",1,434,2019,23,"Burkina Faso","BKF","BFA",94,"Italy","ITA","ITA",1212,126,"0","0","0","0","0","-","0"
1,"7ew8B3",1,435,2020,23,"Burkina Faso","BKF","BFA",94,"Italy","ITA","ITA",675,127,"0","0","0","0","0","-","0"
1,"7ew8B3",1,436,2021,23,"Burkina Faso","BKF","BFA",94,"Italy","ITA","ITA",786,220,"0","0","0","0","0","-","0"
1,"7ew8B3",1,437,2022,23,"Burkina Faso","BKF","BFA",94,"Italy","ITA","ITA",919,293,"0","0","0","0","0","-","0"
1,"7ew8B3",1,438,2023,23,"Burkina Faso","BKF","BFA",94,"Italy","ITA","ITA",1416,5345,"0","0","0","0","0","-","0"
1,"7ew8B3",1,439,2024,23,"Burkina Faso","BKF","BFA",94,"Italy","ITA","ITA",5031,5294,"0","0","0","0","0","-","0"
1,"7ew8B3",1,440,2025,23,"Burkina Faso","BKF","BFA",94,"Italy","ITA","ITA",5579,3309,"0","0","0","0","0","-","0"
1,"7ew8B3",1,441,2007,24,"Belarus","BLR","BLR",94,"Italy","ITA","ITA",12,"0","0","0","0","0","0","-","0"
1,"7ew8B3",1,442,2008,24,"Belarus","BLR","BLR",94,"Italy","ITA","ITA",15,"0","0","0","0","0","0","-","0"
1,"7ew8B3",1,443,2009,24,"Belarus","BLR","BLR",94,"Italy","ITA","ITA",16,"0","0","0","0","0","0","-","0"
1,"7ew8B3",1,444,2010,24,"Belarus","BLR","BLR",94,"Italy","ITA","ITA",16,"0","0","0","0","0","0","-","0"
1,"7ew8B3",1,445,2011,24,"Belarus","BLR","BLR",94,"Italy","ITA","ITA",17,"0","0","0","0","0","0","-","0"
1,"7ew8B3",1,446,2012,24,"Belarus","BLR","BLR",94,"Italy","ITA","ITA",18,7,"0","0","0","0","0","-","0"
1,"7ew8B3",1,447,2013,24,"Belarus","BLR","BLR",94,"Italy","ITA","ITA",27,"0","0","0","0","0","0","-","0"
1,"7ew8B3",1,448,2014,24,"Belarus","BLR","BLR",94,"Italy","ITA","ITA",31,"0","0","0","0","0","0","-","0"
1,"7ew8B3",1,449,2015,24,"Belarus","BLR","BLR",94,"Italy","ITA","ITA",36,"0","0","0","0","0","0","-","0"
1,"7ew8B3",1,450,2016,24,"Belarus","BLR","BLR",94,"Italy","ITA","ITA",39,7,"0","0","0","0","0","-","0"
1,"7ew8B3",1,451,2017,24,"Belarus","BLR","BLR",94,"Italy","ITA","ITA",34,36,"0","0","0","0","0","-","0"
1,"7ew8B3",1,452,2018,24,"Belarus","BLR","BLR",94,"Italy","ITA","ITA",38,39,"0","0","0","0","0","-","0"
1,"7ew8B3",1,453,2019,24,"Belarus","BLR","BLR",94,"Italy","ITA","ITA",40,22,"0","0","0","0","0","-","0"
1,"7ew8B3",1,454,2020,24,"Belarus","BLR","BLR",94,"Italy","ITA","ITA","0",33,"0","0","0","0","0","-","0"
1,"7ew8B3",1,455,2021,24,"Belarus","BLR","BLR",94,"Italy","ITA","ITA",46,41,"0","0","0","0","0","-","0"
1,"7ew8B3",1,456,2022,24,"Belarus","BLR","BLR",94,"Italy","ITA","ITA",134,150,"0","0","0","0","0","-","0"
1,"7ew8B3",1,457,2023,24,"Belarus","BLR","BLR",94,"Italy","ITA","ITA",116,187,"0","0","0","0","0","-","0"
1,"7ew8B3",1,458,2024,24,"Belarus","BLR","BLR",94,"Italy","ITA","ITA",201,210,"0","0","0","0","0","-","0"
1,"7ew8B3",1,459,2025,24,"Belarus","BLR","BLR",94,"Italy","ITA","ITA",231,201,"0","0","0","0","0","-","0"
1,"7ew8B3",1,460,2008,25,"Bolivia (Plurinational State of)","BOL","BOL",94,"Italy","ITA","ITA",5,"0","0","0","0","0","0","-","0"
1,"7ew8B3",1,461,2009,25,"Bolivia (Plurinational State of)","BOL","BOL",94,"Italy","ITA","ITA",5,"0","0","0","0","0","0","-","0"
1,"7ew8B3",1,462,2010,25,"Bolivia (Plurinational State of)","BOL","BOL",94,"Italy","ITA","ITA",5,"0","0","0","0","0","0","-","0"
1,"7ew8B3",1,463,2011,25,"Bolivia (Plurinational State of)","BOL","BOL",94,"Italy","ITA","ITA",5,"0","0","0","0","0","0","-","0"
1,"7ew8B3",1,464,2012,25,"Bolivia (Plurinational State of)","BOL","BOL",94,"Italy","ITA","ITA",5,"0","0","0","0","0","0","-","0"
1,"7ew8B3",1,465,2013,25,"Bolivia (Plurinational State of)","BOL","BOL",94,"Italy","ITA","ITA",6,"0","0","0","0","0","0","-","0"
1,"7ew8B3",1,466,2014,25,"Bolivia (Plurinational State of)","BOL","BOL",94,"Italy","ITA","ITA",9,"0","0","0","0","0","0","-","0"
1,"7ew8B3",1,467,2015,25,"Bolivia (Plurinational State of)","BOL","BOL",94,"Italy","ITA","ITA",9,"0","0","0","0","0","0","-","0"
1,"7ew8B3",1,468,2016,25,"Bolivia (Plurinational State of)","BOL","BOL",94,"Italy","ITA","ITA",14,6,"0","0","0","0","0","-","0"
1,"7ew8B3",1,469,2017,25,"Bolivia (Plurinational State of)","BOL","BOL",94,"Italy","ITA","ITA",13,5,"0","0","0","0","0","-","0"
1,"7ew8B3",1,470,2018,25,"Bolivia (Plurinational State of)","BOL","BOL",94,"Italy","ITA","ITA",13,8,"0","0","0","0","0","-","0"
1,"7ew8B3",1,471,2019,25,"Bolivia (Plurinational State of)","BOL","BOL",94,"Italy","ITA","ITA",16,6,"0","0","0","0","0","-","0"
1,"7ew8B3",1,472,2020,25,"Bolivia (Plurinational State of)","BOL","BOL",94,"Italy","ITA","ITA","0",9,"0","0","0","0","0","-","0"
1,"7ew8B3",1,473,2021,25,"Bolivia (Plurinational State of)","BOL","BOL",94,"Italy","ITA","ITA",5,"0","0","0","0","0","0","-","0"
1,"7ew8B3",1,474,2022,25,"Bolivia (Plurinational State of)","BOL","BOL",94,"Italy","ITA","ITA",5,8,"0","0","0","0","0","-","0"
1,"7ew8B3",1,475,2023,25,"Bolivia (Plurinational State of)","BOL","BOL",94,"Italy","ITA","ITA",8,9,"0","0","0","0","0","-","0"
1,"7ew8B3",1,476,2024,25,"Bolivia (Plurinational State of)","BOL","BOL",94,"Italy","ITA","ITA",8,29,"0","0","0","0","0","-","0"
1,"7ew8B3",1,477,2025,25,"Bolivia (Plurinational State of)","BOL","BOL",94,"Italy","ITA","ITA",7,38,"0","0","0","0","0","-","0"
1,"7ew8B3",1,478,1980,27,"Brazil","BRA","BRA",94,"Italy","ITA","ITA",5,"0","0","0","0","0","0","-","0"
1,"7ew8B3",1,479,1981,27,"Brazil","BRA","BRA",94,"Italy","ITA","ITA",5,"0","0","0","0","0","0","-","0"
1,"7ew8B3",1,480,1982,27,"Brazil","BRA","BRA",94,"Italy","ITA","ITA",5,"0","0","0","0","0","0","-","0"
1,"7ew8B3",1,481,1983,27,"Brazil","BRA","BRA",94,"Italy","ITA","ITA",5,"0","0","0","0","0","0","-","0"
1,"7ew8B3",1,482,1984,27,"Brazil","BRA","BRA",94,"Italy","ITA","ITA",5,"0","0","0","0","0","0","-","0"
1,"7ew8B3",1,483,1985,27,"Brazil","BRA","BRA",94,"Italy","ITA","ITA",5,"0","0","0","0","0","0","-","0"
1,"7ew8B3",1,484,1986,27,"Brazil","BRA","BRA",94,"Italy","ITA","ITA",5,"0","0","0","0","0","0","-","0"
1,"7ew8B3",1,485,2007,27,"Brazil","BRA","BRA",94,"Italy","ITA","ITA",5,"0","0","0","0","0","0","-","0"
1,"7ew8B3",1,486,2008,27,"Brazil","BRA","BRA",94,"Italy","ITA","ITA",5,"0","0","0","0","0","0","-","0"
1,"7ew8B3",1,487,2009,27,"Brazil","BRA","BRA",94,"Italy","ITA","ITA",10,"0","0","0","0","0","0","-","0"
1,"7ew8B3",1,488,2010,27,"Brazil","BRA","BRA",94,"Italy","ITA","ITA",11,"0","0","0","0","0","0","-","0"
1,"7ew8B3",1,489,2011,27,"Brazil","BRA","BRA",94,"Italy","ITA","ITA",11,"0","0","0","0","0","0","-","0"
1,"7ew8B3",1,490,2012,27,"Brazil","BRA","BRA",94,"Italy","ITA","ITA",12,12,"0","0","0","0","0","-","0"
1,"7ew8B3",1,491,2013,27,"Brazil","BRA","BRA",94,"Italy","ITA","ITA",18,7,"0","0","0","0","0","-","0"
1,"7ew8B3",1,492,2014,27,"Brazil","BRA","BRA",94,"Italy","ITA","ITA",31,10,"0","0","0","0","0","-","0"
1,"7ew8B3",1,493,2015,27,"Brazil","BRA","BRA",94,"Italy","ITA","ITA",43,27,"0","0","0","0","0","-","0"
1,"7ew8B3",1,494,2016,27,"Brazil","BRA","BRA",94,"Italy","ITA","ITA",64,82,"0","0","0","0","0","-","0"
1,"7ew8B3",1,495,2017,27,"Brazil","BRA","BRA",94,"Italy","ITA","ITA",100,117,"0","0","0","0","0","-","0"
1,"7ew8B3",1,496,2018,27,"Brazil","BRA","BRA",94,"Italy","ITA","ITA",149,203,"0","0","0","0","0","-","0"
1,"7ew8B3",1,497,2019,27,"Brazil","BRA","BRA",94,"Italy","ITA","ITA",220,154,"0","0","0","0","0","-","0"
1,"7ew8B3",1,498,2020,27,"Brazil","BRA","BRA",94,"Italy","ITA","ITA",179,231,"0","0","0","0","0","-","0"
1,"7ew8B3",1,499,2021,27,"Brazil","BRA","BRA",94,"Italy","ITA","ITA",342,170,"0","0","0","0","0","-","0"
1,"7ew8B3",1,500,2022,27,"Brazil","BRA","BRA",94,"Italy","ITA","ITA",411,330,"0","0","0","0","0","-","0"
1,"7ew8B3",1,501,2023,27,"Brazil","BRA","BRA",94,"Italy","ITA","ITA",361,457,"0","0","0","0","0","-","0"
1,"7ew8B3",1,502,2024,27,"Brazil","BRA","BRA",94,"Italy","ITA","ITA",382,1066,"0","0","0","0","0","-","0"
1,"7ew8B3",1,503,2025,27,"Brazil","BRA","BRA",94,"Italy","ITA","ITA",390,1354,"0","0","0","0","0","-","0"
1,"7ew8B3",1,504,1994,29,"Bosnia and Herzegovina","BSN","BIH",94,"Italy","ITA","ITA",8,"0","0","0","0","0","0","-","0"
1,"7ew8B3",1,505,1995,29,"Bosnia and Herzegovina","BSN","BIH",94,"Italy","ITA","ITA",8276,"0","0","0","0","0","0","-","0"
1,"7ew8B3",1,506,1996,29,"Bosnia and Herzegovina","BSN","BIH",94,"Italy","ITA","ITA",7958,"0",463,"0","0","0","0","-","0"
1,"7ew8B3",1,507,1997,29,"Bosnia and Herzegovina","BSN","BIH",94,"Italy","ITA","ITA",8918,"0",100,"0","0","0","0","-","0"
1,"7ew8B3",1,508,1998,29,"Bosnia and Herzegovina","BSN","BIH",94,"Italy","ITA","ITA",8,"0",167,"0","0","0","0","-","0"
1,"7ew8B3",1,509,1999,29,"Bosnia and Herzegovina","BSN","BIH",94,"Italy","ITA","ITA",9,"0",59,"0","0","0","0","-","0"
1,"7ew8B3",1,510,2000,29,"Bosnia and Herzegovina","BSN","BIH",94,"Italy","ITA","ITA",17,"0",23,"0","0","0","0","-","0"
1,"7ew8B3",1,511,2001,29,"Bosnia and Herzegovina","BSN","BIH",94,"Italy","ITA","ITA",47,"0",26,"0","0","0","0","-","0"
1,"7ew8B3",1,512,2002,29,"Bosnia and Herzegovina","BSN","BIH",94,"Italy","ITA","ITA",59,"0",112,"0","0","0","0","-","0"
1,"7ew8B3",1,513,2003,29,"Bosnia and Herzegovina","BSN","BIH",94,"Italy","ITA","ITA",59,"0",32,"0","0","0","0","-","0"
1,"7ew8B3",1,514,2004,29,"Bosnia and Herzegovina","BSN","BIH",94,"Italy","ITA","ITA",52,"0",13,"0","0","0","0","-","0"
1,"7ew8B3",1,515,2005,29,"Bosnia and Herzegovina","BSN","BIH",94,"Italy","ITA","ITA",52,"0",5,"0","0","0","0","-","0"
1,"7ew8B3",1,516,2006,29,"Bosnia and Herzegovina","BSN","BIH",94,"Italy","ITA","ITA",52,"0",11,"0","0","0","0","-","0"
1,"7ew8B3",1,517,2007,29,"Bosnia and Herzegovina","BSN","BIH",94,"Italy","ITA","ITA",64,"0",9,"0","0","0","0","-","0"
1,"7ew8B3",1,518,2008,29,"Bosnia and Herzegovina","BSN","BIH",94,"Italy","ITA","ITA",70,"0",5,"0","0","0","0","-","0"
1,"7ew8B3",1,519,2009,29,"Bosnia and Herzegovina","BSN","BIH",94,"Italy","ITA","ITA",95,"0",5,"0","0","0","0","-","0"
1,"7ew8B3",1,520,2010,29,"Bosnia and Herzegovina","BSN","BIH",94,"Italy","ITA","ITA",105,288,5,"0","0","0","0","-","0"
1,"7ew8B3",1,521,2011,29,"Bosnia and Herzegovina","BSN","BIH",94,"Italy","ITA","ITA",75,"0","0","0","0","0","0","-","0"
1,"7ew8B3",1,522,2012,29,"Bosnia and Herzegovina","BSN","BIH",94,"Italy","ITA","ITA",119,302,"0","0","0","0","0","-","0"
1,"7ew8B3",1,523,2013,29,"Bosnia and Herzegovina","BSN","BIH",94,"Italy","ITA","ITA",270,59,"0","0","0","0","0","-","0"
1,"7ew8B3",1,524,2014,29,"Bosnia and Herzegovina","BSN","BIH",94,"Italy","ITA","ITA",375,102,"0","0","0","0","0","-","0"
1,"7ew8B3",1,525,2015,29,"Bosnia and Herzegovina","BSN","BIH",94,"Italy","ITA","ITA",478,123,"0","0","0","0","0","-","0"
1,"7ew8B3",1,526,2016,29,"Bosnia and Herzegovina","BSN","BIH",94,"Italy","ITA","ITA",568,130,"0","0","0","0","0","-","0"
1,"7ew8B3",1,527,2017,29,"Bosnia and Herzegovina","BSN","BIH",94,"Italy","ITA","ITA",618,121,"0","0","0","0","0","-","0"
1,"7ew8B3",1,528,2018,29,"Bosnia and Herzegovina","BSN","BIH",94,"Italy","ITA","ITA",657,133,"0","0","0","0","0","-","0"
1,"7ew8B3",1,529,2019,29,"Bosnia and Herzegovina","BSN","BIH",94,"Italy","ITA","ITA",667,35,"0","0","0","0","0","-","0"
1,"7ew8B3",1,530,2020,29,"Bosnia and Herzegovina","BSN","BIH",94,"Italy","ITA","ITA","0",64,"0","0","0","0","0","-","0"
1,"7ew8B3",1,531,2021,29,"Bosnia and Herzegovina","BSN","BIH",94,"Italy","ITA","ITA",90,61,"0","0","0","0","0","-","0"
1,"7ew8B3",1,532,2022,29,"Bosnia and Herzegovina","BSN","BIH",94,"Italy","ITA","ITA",34,79,"0","0","0","0","0","-","0"
1,"7ew8B3",1,533,2023,29,"Bosnia and Herzegovina","BSN","BIH",94,"Italy","ITA","ITA",102,88,"0","0","0","0","0","-","0"
1,"7ew8B3",1,534,2024,29,"Bosnia and Herzegovina","BSN","BIH",94,"Italy","ITA","ITA",84,178,"0","0","0","0","0","-","0"
1,"7ew8B3",1,535,2025,29,"Bosnia and Herzegovina","BSN","BIH",94,"Italy","ITA","ITA",92,222,"0","0","0","0","0","-","0"
1,"7ew8B3",1,536,1980,30,"Bulgaria","BUL","BGR",94,"Italy","ITA","ITA",329,"0","0","0","0","0","0","-","0"
1,"7ew8B3",1,537,1981,30,"Bulgaria","BUL","BGR",94,"Italy","ITA","ITA",274,"0","0","0","0","0","0","-","0"
1,"7ew8B3",1,538,1982,30,"Bulgaria","BUL","BGR",94,"Italy","ITA","ITA",257,"0","0","0","0","0","0","-","0"
1,"7ew8B3",1,539,1983,30,"Bulgaria","BUL","BGR",94,"Italy","ITA","ITA",227,"0","0","0","0","0","0","-","0"
1,"7ew8B3",1,540,1984,30,"Bulgaria","BUL","BGR",94,"Italy","ITA","ITA",183,"0","0","0","0","0","0","-","0"
1,"7ew8B3",1,541,1985,30,"Bulgaria","BUL","BGR",94,"Italy","ITA","ITA",190,"0","0","0","0","0","0","-","0"
1,"7ew8B3",1,542,1986,30,"Bulgaria","BUL","BGR",94,"Italy","ITA","ITA",160,"0","0","0","0","0","0","-","0"
1,"7ew8B3",1,543,1987,30,"Bulgaria","BUL","BGR",94,"Italy","ITA","ITA",138,"0","0","0","0","0","0","-","0"
1,"7ew8B3",1,544,1988,30,"Bulgaria","BUL","BGR",94,"Italy","ITA","ITA",121,"0","0","0","0","0","0","-","0"
1,"7ew8B3",1,545,1989,30,"Bulgaria","BUL","BGR",94,"Italy","ITA","ITA",93,"0","0","0","0","0","0","-","0"
1,"7ew8B3",1,546,1990,30,"Bulgaria","BUL","BGR",94,"Italy","ITA","ITA",78,"0","0","0","0","0","0","-","0"
1,"7ew8B3",1,547,1991,30,"Bulgaria","BUL","BGR",94,"Italy","ITA","ITA",71,"0","0","0","0","0","0","-","0"
1,"7ew8B3",1,548,1992,30,"Bulgaria","BUL","BGR",94,"Italy","ITA","ITA",69,"0","0","0","0","0","0","-","0"
1,"7ew8B3",1,549,1993,30,"Bulgaria","BUL","BGR",94,"Italy","ITA","ITA",63,"0","0","0","0","0","0","-","0"
1,"7ew8B3",1,550,1994,30,"Bulgaria","BUL","BGR",94,"Italy","ITA","ITA",46,"0","0","0","0","0","0","-","0"
1,"7ew8B3",1,551,1995,30,"Bulgaria","BUL","BGR",94,"Italy","ITA","ITA",39,"0","0","0","0","0","0","-","0"
1,"7ew8B3",1,552,1996,30,"Bulgaria","BUL","BGR",94,"Italy","ITA","ITA",38,"0","0","0","0","0","0","-","0"
1,"7ew8B3",1,553,1997,30,"Bulgaria","BUL","BGR",94,"Italy","ITA","ITA",31,"0","0","0","0","0","0","-","0"
1,"7ew8B3",1,554,1998,30,"Bulgaria","BUL","BGR",94,"Italy","ITA","ITA",23,"0","0","0","0","0","0","-","0"
1,"7ew8B3",1,555,1999,30,"Bulgaria","BUL","BGR",94,"Italy","ITA","ITA",23,"0","0","0","0","0","0","-","0"
1,"7ew8B3",1,556,2000,30,"Bulgaria","BUL","BGR",94,"Italy","ITA","ITA",18,"0","0","0","0","0","0","-","0"
1,"7ew8B3",1,557,2001,30,"Bulgaria","BUL","BGR",94,"Italy","ITA","ITA",10,"0","0","0","0","0","0","-","0"
1,"7ew8B3",1,558,1980,32,"Cambodia","CAM","KHM",94,"Italy","ITA","ITA",103,"0","0","0","0","0","0","-","0"
1,"7ew8B3",1,559,1981,32,"Cambodia","CAM","KHM",94,"Italy","ITA","ITA",157,"0","0","0","0","0","0","-","0"
1,"7ew8B3",1,560,1982,32,"Cambodia","CAM","KHM",94,"Italy","ITA","ITA",178,"0","0","0","0","0","0","-","0"
1,"7ew8B3",1,561,1983,32,"Cambodia","CAM","KHM",94,"Italy","ITA","ITA",185,"0","0","0","0","0","0","-","0"
1,"7ew8B3",1,562,1984,32,"Cambodia","CAM","KHM",94,"Italy","ITA","ITA",188,"0","0","0","0","0","0","-","0"
1,"7ew8B3",1,563,1985,32,"Cambodia","CAM","KHM",94,"Italy","ITA","ITA",188,"0","0","0","0","0","0","-","0"
1,"7ew8B3",1,564,1986,32,"Cambodia","CAM","KHM",94,"Italy","ITA","ITA",188,"0","0","0","0","0","0","-","0"
1,"7ew8B3",1,565,1987,32,"Cambodia","CAM","KHM",94,"Italy","ITA","ITA",189,"0","0","0","0","0","0","-","0"
1,"7ew8B3",1,566,1988,32,"Cambodia","CAM","KHM",94,"Italy","ITA","ITA",209,"0","0","0","0","0","0","-","0"
1,"7ew8B3",1,567,1989,32,"Cambodia","CAM","KHM",94,"Italy","ITA","ITA",201,"0","0","0","0","0","0","-","0"
1,"7ew8B3",1,568,1990,32,"Cambodia","CAM","KHM",94,"Italy","ITA","ITA",106,"0","0","0","0","0","0","-","0"
1,"7ew8B3",1,569,1991,32,"Cambodia","CAM","KHM",94,"Italy","ITA","ITA",52,"0","0","0","0","0","0","-","0"
1,"7ew8B3",1,570,1992,32,"Cambodia","CAM","KHM",94,"Italy","ITA","ITA",31,"0","0","0","0","0","0","-","0"
1,"7ew8B3",1,571,1993,32,"Cambodia","CAM","KHM",94,"Italy","ITA","ITA",24,"0","0","0","0","0","0","-","0"
1,"7ew8B3",1,572,1994,32,"Cambodia","CAM","KHM",94,"Italy","ITA","ITA",21,"0","0","0","0","0","0","-","0"
1,"7ew8B3",1,573,1995,32,"Cambodia","CAM","KHM",94,"Italy","ITA","ITA",21,"0","0","0","0","0","0","-","0"
1,"7ew8B3",1,574,1996,32,"Cambodia","CAM","KHM",94,"Italy","ITA","ITA",21,"0","0","0","0","0","0","-","0"
1,"7ew8B3",1,575,1997,32,"Cambodia","CAM","KHM",94,"Italy","ITA","ITA",20,"0","0","0","0","0","0","-","0"
1,"7ew8B3",1,576,1999,32,"Cambodia","CAM","KHM",94,"Italy","ITA","ITA",6,"0","0","0","0","0","0","-","0"
1,"7ew8B3",1,577,2000,32,"Cambodia","CAM","KHM",94,"Italy","ITA","ITA",6,"0","0","0","0","0","0","-","0"
1,"7ew8B3",1,578,2001,32,"Cambodia","CAM","KHM",94,"Italy","ITA","ITA",6,"0","0","0","0","0","0","-","0"
1,"7ew8B3",1,579,2002,32,"Cambodia","CAM","KHM",94,"Italy","ITA","ITA",6,"0","0","0","0","0","0","-","0"
1,"7ew8B3",1,580,2003,32,"Cambodia","CAM","KHM",94,"Italy","ITA","ITA",6,"0","0","0","0","0","0","-","0"
1,"7ew8B3",1,581,2004,32,"Cambodia","CAM","KHM",94,"Italy","ITA","ITA",6,"0","0","0","0","0","0","-","0"
1,"7ew8B3",1,582,2005,32,"Cambodia","CAM","KHM",94,"Italy","ITA","ITA",6,"0","0","0","0","0","0","-","0"
1,"7ew8B3",1,583,2006,32,"Cambodia","CAM","KHM",94,"Italy","ITA","ITA",6,"0","0","0","0","0","0","-","0"
1,"7ew8B3",1,584,2007,32,"Cambodia","CAM","KHM",94,"Italy","ITA","ITA",6,"0","0","0","0","0","0","-","0"
1,"7ew8B3",1,585,2008,32,"Cambodia","CAM","KHM",94,"Italy","ITA","ITA",6,"0","0","0","0","0","0","-","0"
1,"7ew8B3",1,586,2015,32,"Cambodia","CAM","KHM",94,"Italy","ITA","ITA",5,"0","0","0","0","0","0","-","0"
1,"7ew8B3",1,587,2016,32,"Cambodia","CAM","KHM",94,"Italy","ITA","ITA",5,"0","0","0","0","0","0","-","0"
1,"7ew8B3",1,588,2017,32,"Cambodia","CAM","KHM",94,"Italy","ITA","ITA",5,"0","0","0","0","0","0","-","0"
1,"7ew8B3",1,589,2018,32,"Cambodia","CAM","KHM",94,"Italy","ITA","ITA",5,"0","0","0","0","0","0","-","0"
1,"7ew8B3",1,590,2019,32,"Cambodia","CAM","KHM",94,"Italy","ITA","ITA",5,"0","0","0","0","0","0","-","0"
1,"7ew8B3",1,591,2023,32,"Cambodia","CAM","KHM",94,"Italy","ITA","ITA",9,5,"0","0","0","0","0","-","0"
1,"7ew8B3",1,592,2024,32,"Cambodia","CAM","KHM",94,"Italy","ITA","ITA",9,5,"0","0","0","0","0","-","0"
1,"7ew8B3",1,593,2025,32,"Cambodia","CAM","KHM",94,"Italy","ITA","ITA",10,5,"0","0","0","0","0","-","0"
1,"7ew8B3",1,594,2015,33,"Canada","CAN","CAN",94,"Italy","ITA","ITA","0",273,"0","0","0","0","0","-","0"
1,"7ew8B3",1,595,2020,33,"Canada","CAN","CAN",94,"Italy","ITA","ITA","0",5,"0","0","0","0","0","-","0"
1,"7ew8B3",1,596,2022,33,"Canada","CAN","CAN",94,"Italy","ITA","ITA",5,"0","0","0","0","0","0","-","0"
1,"7ew8B3",1,597,2025,33,"Canada","CAN","CAN",94,"Italy","ITA","ITA","0",5,"0","0","0","0","0","-","0"
1,"7ew8B3",1,598,2004,34,"Central African Rep.","CAR","CAF",94,"Italy","ITA","ITA",5,"0","0","0","0","0","0","-","0"
1,"7ew8B3",1,599,2005,34,"Central African Rep.","CAR","CAF",94,"Italy","ITA","ITA",5,"0","0","0","0","0","0","-","0"
1,"7ew8B3",1,600,2006,34,"Central African Rep.","CAR","CAF",94,"Italy","ITA","ITA",5,"0","0","0","0","0","0","-","0"
1,"7ew8B3",1,601,2007,34,"Central African Rep.","CAR","CAF",94,"Italy","ITA","ITA",6,"0","0","0","0","0","0","-","0"
1,"7ew8B3",1,602,2008,34,"Central African Rep.","CAR","CAF",94,"Italy","ITA","ITA",10,"0","0","0","0","0","0","-","0"
1,"7ew8B3",1,603,2009,34,"Central African Rep.","CAR","CAF",94,"Italy","ITA","ITA",13,"0","0","0","0","0","0","-","0"
1,"7ew8B3",1,604,2010,34,"Central African Rep.","CAR","CAF",94,"Italy","ITA","ITA",13,"0","0","0","0","0","0","-","0"
1,"7ew8B3",1,605,2011,34,"Central African Rep.","CAR","CAF",94,"Italy","ITA","ITA",15,"0","0","0","0","0","0","-","0"
1,"7ew8B3",1,606,2012,34,"Central African Rep.","CAR","CAF",94,"Italy","ITA","ITA",15,"0","0","0","0","0","0","-","0"
1,"7ew8B3",1,607,2013,34,"Central African Rep.","CAR","CAF",94,"Italy","ITA","ITA",15,"0","0","0","0","0","0","-","0"
1,"7ew8B3",1,608,2014,34,"Central African Rep.","CAR","CAF",94,"Italy","ITA","ITA",32,24,"0","0","0","0","0","-","0"
1,"7ew8B3",1,609,2015,34,"Central African Rep.","CAR","CAF",94,"Italy","ITA","ITA",63,13,"0","0","0","0","0","-","0"
1,"7ew8B3",1,610,2016,34,"Central African Rep.","CAR","CAF",94,"Italy","ITA","ITA",75,49,"0","0","0","0","0","-","0"
1,"7ew8B3",1,611,2017,34,"Central African Rep.","CAR","CAF",94,"Italy","ITA","ITA",90,78,"0","0","0","0","0","-","0"
1,"7ew8B3",1,612,2018,34,"Central African Rep.","CAR","CAF",94,"Italy","ITA","ITA",103,43,"0","0","0","0","0","-","0"
1,"7ew8B3",1,613,2019,34,"Central African Rep.","CAR","CAF",94,"Italy","ITA","ITA",110,22,"0","0","0","0","0","-","0"
1,"7ew8B3",1,614,2020,34,"Central African Rep.","CAR","CAF",94,"Italy","ITA","ITA","0",35,"0","0","0","0","0","-","0"
1,"7ew8B3",1,615,2021,34,"Central African Rep.","CAR","CAF",94,"Italy","ITA","ITA","0",22,"0","0","0","0","0","-","0"
1,"7ew8B3",1,616,2022,34,"Central African Rep.","CAR","CAF",94,"Italy","ITA","ITA",17,7,"0","0","0","0","0","-","0"
1,"7ew8B3",1,617,2023,34,"Central African Rep.","CAR","CAF",94,"Italy","ITA","ITA",88,15,"0","0","0","0","0","-","0"
1,"7ew8B3",1,618,2024,34,"Central African Rep.","CAR","CAF",94,"Italy","ITA","ITA",94,24,"0","0","0","0","0","-","0"
1,"7ew8B3",1,619,2025,34,"Central African Rep.","CAR","CAF",94,"Italy","ITA","ITA",71,16,"0","0","0","0","0","-","0"
1,"7ew8B3",1,620,1983,36,"Chad","CHD","TCD",94,"Italy","ITA","ITA",5,"0","0","0","0","0","0","-","0"
1,"7ew8B3",1,621,1984,36,"Chad","CHD","TCD",94,"Italy","ITA","ITA",6,"0","0","0","0","0","0","-","0"
1,"7ew8B3",1,622,1985,36,"Chad","CHD","TCD",94,"Italy","ITA","ITA",8,"0","0","0","0","0","0","-","0"
1,"7ew8B3",1,623,1986,36,"Chad","CHD","TCD",94,"Italy","ITA","ITA",8,"0","0","0","0","0","0","-","0"
1,"7ew8B3",1,624,1987,36,"Chad","CHD","TCD",94,"Italy","ITA","ITA",8,"0","0","0","0","0","0","-","0"
1,"7ew8B3",1,625,1988,36,"Chad","CHD","TCD",94,"Italy","ITA","ITA",8,"0","0","0","0","0","0","-","0"
1,"7ew8B3",1,626,1989,36,"Chad","CHD","TCD",94,"Italy","ITA","ITA",8,"0","0","0","0","0","0","-","0"
1,"7ew8B3",1,627,1990,36,"Chad","CHD","TCD",94,"Italy","ITA","ITA",8,"0","0","0","0","0","0","-","0"
1,"7ew8B3",1,628,1991,36,"Chad","CHD","TCD",94,"Italy","ITA","ITA",8,"0","0","0","0","0","0","-","0"
1,"7ew8B3",1,629,1992,36,"Chad","CHD","TCD",94,"Italy","ITA","ITA",8,"0","0","0","0","0","0","-","0"
1,"7ew8B3",1,630,1993,36,"Chad","CHD","TCD",94,"Italy","ITA","ITA",5,"0","0","0","0","0","0","-","0"
1,"7ew8B3",1,631,1994,36,"Chad","CHD","TCD",94,"Italy","ITA","ITA",5,"0","0","0","0","0","0","-","0"
1,"7ew8B3",1,632,2004,36,"Chad","CHD","TCD",94,"Italy","ITA","ITA",8,"0","0","0","0","0","0","-","0"
1,"7ew8B3",1,633,2005,36,"Chad","CHD","TCD",94,"Italy","ITA","ITA",11,"0","0","0","0","0","0","-","0"
1,"7ew8B3",1,634,2006,36,"Chad","CHD","TCD",94,"Italy","ITA","ITA",11,"0","0","0","0","0","0","-","0"
1,"7ew8B3",1,635,2007,36,"Chad","CHD","TCD",94,"Italy","ITA","ITA",18,"0","0","0","0","0","0","-","0"
1,"7ew8B3",1,636,2008,36,"Chad","CHD","TCD",94,"Italy","ITA","ITA",44,"0","0","0","0","0","0","-","0"
1,"7ew8B3",1,637,2009,36,"Chad","CHD","TCD",94,"Italy","ITA","ITA",60,"0","0","0","0","0","0","-","0"
1,"7ew8B3",1,638,2010,36,"Chad","CHD","TCD",94,"Italy","ITA","ITA",61,"0","0","0","0","0","0","-","0"
1,"7ew8B3",1,639,2011,36,"Chad","CHD","TCD",94,"Italy","ITA","ITA",97,"0","0","0","0","0","0","-","0"
1,"7ew8B3",1,640,2012,36,"Chad","CHD","TCD",94,"Italy","ITA","ITA",257,64,"0","0","0","0","0","-","0"
1,"7ew8B3",1,641,2013,36,"Chad","CHD","TCD",94,"Italy","ITA","ITA",302,7,"0","0","0","0","0","-","0"
1,"7ew8B3",1,642,2014,36,"Chad","CHD","TCD",94,"Italy","ITA","ITA",335,19,"0","0","0","0","0","-","0"
1,"7ew8B3",1,643,2015,36,"Chad","CHD","TCD",94,"Italy","ITA","ITA",383,24,"0","0","0","0","0","-","0"
1,"7ew8B3",1,644,2016,36,"Chad","CHD","TCD",94,"Italy","ITA","ITA",425,70,"0","0","0","0","0","-","0"
1,"7ew8B3",1,645,2017,36,"Chad","CHD","TCD",94,"Italy","ITA","ITA",448,172,"0","0","0","0","0","-","0"
1,"7ew8B3",1,646,2018,36,"Chad","CHD","TCD",94,"Italy","ITA","ITA",456,97,"0","0","0","0","0","-","0"
1,"7ew8B3",1,647,2019,36,"Chad","CHD","TCD",94,"Italy","ITA","ITA",473,34,"0","0","0","0","0","-","0"
1,"7ew8B3",1,648,2020,36,"Chad","CHD","TCD",94,"Italy","ITA","ITA","0",55,"0","0","0","0","0","-","0"
1,"7ew8B3",1,649,2021,36,"Chad","CHD","TCD",94,"Italy","ITA","ITA","0",56,"0","0","0","0","0","-","0"
1,"7ew8B3",1,650,2022,36,"Chad","CHD","TCD",94,"Italy","ITA","ITA","0",52,"0","0","0","0","0","-","0"
1,"7ew8B3",1,651,2023,36,"Chad","CHD","TCD",94,"Italy","ITA","ITA",167,73,"0","0","0","0","0","-","0"
1,"7ew8B3",1,652,2024,36,"Chad","CHD","TCD",94,"Italy","ITA","ITA",177,80,"0","0","0","0","0","-","0"
1,"7ew8B3",1,653,2025,36,"Chad","CHD","TCD",94,"Italy","ITA","ITA",150,62,"0","0","0","0","0","-","0"
1,"7ew8B3",1,654,1980,37,"China","CHI","CHN",94,"Italy","ITA","ITA",24,"0","0","0","0","0","0","-","0"
1,"7ew8B3",1,655,1981,37,"China","CHI","CHN",94,"Italy","ITA","ITA",24,"0","0","0","0","0","0","-","0"
1,"7ew8B3",1,656,1982,37,"China","CHI","CHN",94,"Italy","ITA","ITA",24,"0","0","0","0","0","0","-","0"
1,"7ew8B3",1,657,1983,37,"China","CHI","CHN",94,"Italy","ITA","ITA",24,"0","0","0","0","0","0","-","0"
1,"7ew8B3",1,658,1984,37,"China","CHI","CHN",94,"Italy","ITA","ITA",24,"0","0","0","0","0","0","-","0"
1,"7ew8B3",1,659,1985,37,"China","CHI","CHN",94,"Italy","ITA","ITA",24,"0","0","0","0","0","0","-","0"
1,"7ew8B3",1,660,1986,37,"China","CHI","CHN",94,"Italy","ITA","ITA",24,"0","0","0","0","0","0","-","0"
1,"7ew8B3",1,661,1987,37,"China","CHI","CHN",94,"Italy","ITA","ITA",24,"0","0","0","0","0","0","-","0"
1,"7ew8B3",1,662,1988,37,"China","CHI","CHN",94,"Italy","ITA","ITA",24,"0","0","0","0","0","0","-","0"
1,"7ew8B3",1,663,1989,37,"China","CHI","CHN",94,"Italy","ITA","ITA",8,"0","0","0","0","0","0","-","0"
1,"7ew8B3",1,664,1990,37,"China","CHI","CHN",94,"Italy","ITA","ITA",8,"0","0","0","0","0","0","-","0"
1,"7ew8B3",1,665,1991,37,"China","CHI","CHN",94,"Italy","ITA","ITA",11,"0","0","0","0","0","0","-","0"
1,"7ew8B3",1,666,1992,37,"China","CHI","CHN",94,"Italy","ITA","ITA",11,"0","0","0","0","0","0","-","0"
1,"7ew8B3",1,667,1993,37,"China","CHI","CHN",94,"Italy","ITA","ITA",11,"0","0","0","0","0","0","-","0"
1,"7ew8B3",1,668,1994,37,"China","CHI","CHN",94,"Italy","ITA","ITA",11,"0","0","0","0","0","0","-","0"
1,"7ew8B3",1,669,1995,37,"China","CHI","CHN",94,"Italy","ITA","ITA",15,"0","0","0","0","0","0","-","0"
1,"7ew8B3",1,670,1996,37,"China","CHI","CHN",94,"Italy","ITA","ITA",15,"0","0","0","0","0","0","-","0"
1,"7ew8B3",1,671,1997,37,"China","CHI","CHN",94,"Italy","ITA","ITA",15,"0","0","0","0","0","0","-","0"
1,"7ew8B3",1,672,1998,37,"China","CHI","CHN",94,"Italy","ITA","ITA",14,"0","0","0","0","0","0","-","0"
1,"7ew8B3",1,673,1999,37,"China","CHI","CHN",94,"Italy","ITA","ITA",9,"0","0","0","0","0","0","-","0"
1,"7ew8B3",1,674,2000,37,"China","CHI","CHN",94,"Italy","ITA","ITA",9,"0","0","0","0","0","0","-","0"
1,"7ew8B3",1,675,2001,37,"China","CHI","CHN",94,"Italy","ITA","ITA",6,"0","0","0","0","0","0","-","0"
1,"7ew8B3",1,676,2002,37,"China","CHI","CHN",94,"Italy","ITA","ITA",6,"0","0","0","0","0","0","-","0"
1,"7ew8B3",1,677,2003,37,"China","CHI","CHN",94,"Italy","ITA","ITA",6,"0","0","0","0","0","0","-","0"
1,"7ew8B3",1,678,2004,37,"China","CHI","CHN",94,"Italy","ITA","ITA",10,"0","0","0","0","0","0","-","0"
1,"7ew8B3",1,679,2005,37,"China","CHI","CHN",94,"Italy","ITA","ITA",6,"0","0","0","0","0","0","-","0"
1,"7ew8B3",1,680,2006,37,"China","CHI","CHN",94,"Italy","ITA","ITA",6,"0","0","0","0","0","0","-","0"
1,"7ew8B3",1,681,2007,37,"China","CHI","CHN",94,"Italy","ITA","ITA",28,"0","0","0","0","0","0","-","0"
1,"7ew8B3",1,682,2008,37,"China","CHI","CHN",94,"Italy","ITA","ITA",38,"0","0","0","0","0","0","-","0"
1,"7ew8B3",1,683,2009,37,"China","CHI","CHN",94,"Italy","ITA","ITA",62,"0","0","0","0","0","0","-","0"
1,"7ew8B3",1,684,2010,37,"China","CHI","CHN",94,"Italy","ITA","ITA",69,11,"0","0","0","0","0","-","0"
1,"7ew8B3",1,685,2011,37,"China","CHI","CHN",94,"Italy","ITA","ITA",72,"0","0","0","0","0","0","-","0"
1,"7ew8B3",1,686,2012,37,"China","CHI","CHN",94,"Italy","ITA","ITA",76,17,"0","0","0","0","0","-","0"
1,"7ew8B3",1,687,2013,37,"China","CHI","CHN",94,"Italy","ITA","ITA",80,11,"0","0","0","0","0","-","0"
1,"7ew8B3",1,688,2014,37,"China","CHI","CHN",94,"Italy","ITA","ITA",98,56,"0","0","0","0","0","-","0"
1,"7ew8B3",1,689,2015,37,"China","CHI","CHN",94,"Italy","ITA","ITA",129,310,"0","0","0","0","0","-","0"
1,"7ew8B3",1,690,2016,37,"China","CHI","CHN",94,"Italy","ITA","ITA",155,878,"0","0","0","0","0","-","0"
1,"7ew8B3",1,691,2017,37,"China","CHI","CHN",94,"Italy","ITA","ITA",166,746,"0","0","0","0","0","-","0"
1,"7ew8B3",1,692,2018,37,"China","CHI","CHN",94,"Italy","ITA","ITA",184,844,"0","0","0","0","0","-","0"
1,"7ew8B3",1,693,2019,37,"China","CHI","CHN",94,"Italy","ITA","ITA",241,499,"0","0","0","0","0","-","0"
1,"7ew8B3",1,694,2020,37,"China","CHI","CHN",94,"Italy","ITA","ITA",400,357,"0","0","0","0","0","-","0"
1,"7ew8B3",1,695,2021,37,"China","CHI","CHN",94,"Italy","ITA","ITA",397,"0","0","0","0","0","0","-","0"
1,"7ew8B3",1,696,2022,37,"China","CHI","CHN",94,"Italy","ITA","ITA",462,184,"0","0","0","0","0","-","0"
1,"7ew8B3",1,697,2023,37,"China","CHI","CHN",94,"Italy","ITA","ITA",474,462,"0","0","0","0","0","-","0"
1,"7ew8B3",1,698,2024,37,"China","CHI","CHN",94,"Italy","ITA","ITA",585,2641,"0","0","0","0","0","-","0"
1,"7ew8B3",1,699,2025,37,"China","CHI","CHN",94,"Italy","ITA","ITA",751,3857,"0","0","0","0","0","-","0"
1,"7ew8B3",1,700,1980,38,"Chile","CHL","CHL",94,"Italy","ITA","ITA",375,"0","0","0","0","0","0","-","0"
1,"7ew8B3",1,701,1981,38,"Chile","CHL","CHL",94,"Italy","ITA","ITA",375,"0","0","0","0","0","0","-","0"
1,"7ew8B3",1,702,1982,38,"Chile","CHL","CHL",94,"Italy","ITA","ITA",383,"0","0","0","0","0","0","-","0"
1,"7ew8B3",1,703,1983,38,"Chile","CHL","CHL",94,"Italy","ITA","ITA",394,"0","0","0","0","0","0","-","0"
1,"7ew8B3",1,704,1984,38,"Chile","CHL","CHL",94,"Italy","ITA","ITA",142,"0","0","0","0","0","0","-","0"
1,"7ew8B3",1,705,1985,38,"Chile","CHL","CHL",94,"Italy","ITA","ITA",161,"0","0","0","0","0","0","-","0"
1,"7ew8B3",1,706,1986,38,"Chile","CHL","CHL",94,"Italy","ITA","ITA",114,"0","0","0","0","0","0","-","0"
1,"7ew8B3",1,707,1987,38,"Chile","CHL","CHL",94,"Italy","ITA","ITA",96,"0","0","0","0","0","0","-","0"
1,"7ew8B3",1,708,1988,38,"Chile","CHL","CHL",94,"Italy","ITA","ITA",100,"0","0","0","0","0","0","-","0"
1,"7ew8B3",1,709,1989,38,"Chile","CHL","CHL",94,"Italy","ITA","ITA",98,"0","0","0","0","0","0","-","0"
1,"7ew8B3",1,710,1990,38,"Chile","CHL","CHL",94,"Italy","ITA","ITA",94,"0","0","0","0","0","0","-","0"
1,"7ew8B3",1,711,1991,38,"Chile","CHL","CHL",94,"Italy","ITA","ITA",94,"0","0","0","0","0","0","-","0"
1,"7ew8B3",1,712,1992,38,"Chile","CHL","CHL",94,"Italy","ITA","ITA",86,"0","0","0","0","0","0","-","0"
1,"7ew8B3",1,713,1993,38,"Chile","CHL","CHL",94,"Italy","ITA","ITA",75,"0","0","0","0","0","0","-","0"
1,"7ew8B3",1,714,1994,38,"Chile","CHL","CHL",94,"Italy","ITA","ITA",54,"0","0","0","0","0","0","-","0"
1,"7ew8B3",1,715,1995,38,"Chile","CHL","CHL",94,"Italy","ITA","ITA",35,"0","0","0","0","0","0","-","0"
1,"7ew8B3",1,716,1996,38,"Chile","CHL","CHL",94,"Italy","ITA","ITA",30,"0","0","0","0","0","0","-","0"
1,"7ew8B3",1,717,1997,38,"Chile","CHL","CHL",94,"Italy","ITA","ITA",17,"0","0","0","0","0","0","-","0"
1,"7ew8B3",1,718,2008,38,"Chile","CHL","CHL",94,"Italy","ITA","ITA",5,"0","0","0","0","0","0","-","0"
1,"7ew8B3",1,719,2009,38,"Chile","CHL","CHL",94,"Italy","ITA","ITA",5,"0","0","0","0","0","0","-","0"
1,"7ew8B3",1,720,2010,38,"Chile","CHL","CHL",94,"Italy","ITA","ITA",5,"0","0","0","0","0","0","-","0"
1,"7ew8B3",1,721,2011,38,"Chile","CHL","CHL",94,"Italy","ITA","ITA",5,"0","0","0","0","0","0","-","0"
1,"7ew8B3",1,722,2012,38,"Chile","CHL","CHL",94,"Italy","ITA","ITA",5,"0","0","0","0","0","0","-","0"
1,"7ew8B3",1,723,2013,38,"Chile","CHL","CHL",94,"Italy","ITA","ITA",5,"0","0","0","0","0","0","-","0"
1,"7ew8B3",1,724,2014,38,"Chile","CHL","CHL",94,"Italy","ITA","ITA",5,"0","0","0","0","0","0","-","0"
1,"7ew8B3",1,725,2015,38,"Chile","CHL","CHL",94,"Italy","ITA","ITA",7,"0","0","0","0","0","0","-","0"
1,"7ew8B3",1,726,2016,38,"Chile","CHL","CHL",94,"Italy","ITA","ITA",9,"0","0","0","0","0","0","-","0"
1,"7ew8B3",1,727,2017,38,"Chile","CHL","CHL",94,"Italy","ITA","ITA",8,9,"0","0","0","0","0","-","0"
1,"7ew8B3",1,728,2018,38,"Chile","CHL","CHL",94,"Italy","ITA","ITA",8,6,"0","0","0","0","0","-","0"
1,"7ew8B3",1,729,2019,38,"Chile","CHL","CHL",94,"Italy","ITA","ITA",10,7,"0","0","0","0","0","-","0"
1,"7ew8B3",1,730,2020,38,"Chile","CHL","CHL",94,"Italy","ITA","ITA","0",13,"0","0","0","0","0","-","0"
1,"7ew8B3",1,731,2021,38,"Chile","CHL","CHL",94,"Italy","ITA","ITA",13,13,"0","0","0","0","0","-","0"
1,"7ew8B3",1,732,2022,38,"Chile","CHL","CHL",94,"Italy","ITA","ITA",17,29,"0","0","0","0","0","-","0"
1,"7ew8B3",1,733,2023,38,"Chile","CHL","CHL",94,"Italy","ITA","ITA",18,57,"0","0","0","0","0","-","0"
1,"7ew8B3",1,734,2024,38,"Chile","CHL","CHL",94,"Italy","ITA","ITA",21,135,"0","0","0","0","0","-","0"
1,"7ew8B3",1,735,2025,38,"Chile","CHL","CHL",94,"Italy","ITA","ITA",23,150,"0","0","0","0","0","-","0"
1,"7ew8B3",1,736,1995,39,"Cameroon","CMR","CMR",94,"Italy","ITA","ITA",5,"0","0","0","0","0","0","-","0"
1,"7ew8B3",1,737,1996,39,"Cameroon","CMR","CMR",94,"Italy","ITA","ITA",5,"0","0","0","0","0","0","-","0"
1,"7ew8B3",1,738,1997,39,"Cameroon","CMR","CMR",94,"Italy","ITA","ITA",6,"0","0","0","0","0","0","-","0"
1,"7ew8B3",1,739,1998,39,"Cameroon","CMR","CMR",94,"Italy","ITA","ITA",8,"0","0","0","0","0","0","-","0"
1,"7ew8B3",1,740,1999,39,"Cameroon","CMR","CMR",94,"Italy","ITA","ITA",8,"0","0","0","0","0","0","-","0"
1,"7ew8B3",1,741,2000,39,"Cameroon","CMR","CMR",94,"Italy","ITA","ITA",27,"0","0","0","0","0","0","-","0"
1,"7ew8B3",1,742,2001,39,"Cameroon","CMR","CMR",94,"Italy","ITA","ITA",50,"0","0","0","0","0","0","-","0"
1,"7ew8B3",1,743,2002,39,"Cameroon","CMR","CMR",94,"Italy","ITA","ITA",63,"0","0","0","0","0","0","-","0"
1,"7ew8B3",1,744,2003,39,"Cameroon","CMR","CMR",94,"Italy","ITA","ITA",81,"0","0","0","0","0","0","-","0"
1,"7ew8B3",1,745,2004,39,"Cameroon","CMR","CMR",94,"Italy","ITA","ITA",120,"0","0","0","0","0","0","-","0"
1,"7ew8B3",1,746,2005,39,"Cameroon","CMR","CMR",94,"Italy","ITA","ITA",169,"0","0","0","0","0","0","-","0"
1,"7ew8B3",1,747,2006,39,"Cameroon","CMR","CMR",94,"Italy","ITA","ITA",248,"0","0","0","0","0","0","-","0"
1,"7ew8B3",1,748,2007,39,"Cameroon","CMR","CMR",94,"Italy","ITA","ITA",347,"0","0","0","0","0","0","-","0"
1,"7ew8B3",1,749,2008,39,"Cameroon","CMR","CMR",94,"Italy","ITA","ITA",421,"0","0","0","0","0","0","-","0"
1,"7ew8B3",1,750,2009,39,"Cameroon","CMR","CMR",94,"Italy","ITA","ITA",509,"0","0","0","0","0","0","-","0"
1,"7ew8B3",1,751,2010,39,"Cameroon","CMR","CMR",94,"Italy","ITA","ITA",514,22,"0","0","0","0","0","-","0"
1,"7ew8B3",1,752,2011,39,"Cameroon","CMR","CMR",94,"Italy","ITA","ITA",516,"0","0","0","0","0","0","-","0"
1,"7ew8B3",1,753,2012,39,"Cameroon","CMR","CMR",94,"Italy","ITA","ITA",545,51,"0","0","0","0","0","-","0"
1,"7ew8B3",1,754,2013,39,"Cameroon","CMR","CMR",94,"Italy","ITA","ITA",586,28,"0","0","0","0","0","-","0"
1,"7ew8B3",1,755,2014,39,"Cameroon","CMR","CMR",94,"Italy","ITA","ITA",628,134,"0","0","0","0","0","-","0"
1,"7ew8B3",1,756,2015,39,"Cameroon","CMR","CMR",94,"Italy","ITA","ITA",708,"0","0","0","0","0","0","-","0"
1,"7ew8B3",1,757,2016,39,"Cameroon","CMR","CMR",94,"Italy","ITA","ITA",970,1389,"0","0","0","0","0","-","0"
1,"7ew8B3",1,758,2017,39,"Cameroon","CMR","CMR",94,"Italy","ITA","ITA",1348,2996,"0","0","0","0","0","-","0"
1,"7ew8B3",1,759,2018,39,"Cameroon","CMR","CMR",94,"Italy","ITA","ITA",1802,1571,"0","0","0","0","0","-","0"
1,"7ew8B3",1,760,2019,39,"Cameroon","CMR","CMR",94,"Italy","ITA","ITA",2217,399,"0","0","0","0","0","-","0"
1,"7ew8B3",1,761,2020,39,"Cameroon","CMR","CMR",94,"Italy","ITA","ITA",1555,470,"0","0","0","0","0","-","0"
1,"7ew8B3",1,762,2021,39,"Cameroon","CMR","CMR",94,"Italy","ITA","ITA",1687,384,"0","0","0","0","0","-","0"
1,"7ew8B3",1,763,2022,39,"Cameroon","CMR","CMR",94,"Italy","ITA","ITA",1752,622,"0","0","0","0","0","-","0"
1,"7ew8B3",1,764,2023,39,"Cameroon","CMR","CMR",94,"Italy","ITA","ITA",1832,2177,"0","0","0","0","0","-","0"
1,"7ew8B3",1,765,2024,39,"Cameroon","CMR","CMR",94,"Italy","ITA","ITA",1891,2389,"0","0","0","0","0","-","0"
1,"7ew8B3",1,766,2025,39,"Cameroon","CMR","CMR",94,"Italy","ITA","ITA",1913,2076,"0","0","0","0","0","-","0"
1,"7ew8B3",1,767,1980,40,"Congo","COB","COG",94,"Italy","ITA","ITA",6,"0","0","0","0","0","0","-","0"
1,"7ew8B3",1,768,1981,40,"Congo","COB","COG",94,"Italy","ITA","ITA",6,"0","0","0","0","0","0","-","0"
1,"7ew8B3",1,769,1982,40,"Congo","COB","COG",94,"Italy","ITA","ITA",6,"0","0","0","0","0","0","-","0"
1,"7ew8B3",1,770,1983,40,"Congo","COB","COG",94,"Italy","ITA","ITA",6,"0","0","0","0","0","0","-","0"
1,"7ew8B3",1,771,1984,40,"Congo","COB","COG",94,"Italy","ITA","ITA",6,"0","0","0","0","0","0","-","0"
1,"7ew8B3",1,772,1985,40,"Congo","COB","COG",94,"Italy","ITA","ITA",6,"0","0","0","0","0","0","-","0"
1,"7ew8B3",1,773,1986,40,"Congo","COB","COG",94,"Italy","ITA","ITA",6,"0","0","0","0","0","0","-","0"
1,"7ew8B3",1,774,1996,40,"Congo","COB","COG",94,"Italy","ITA","ITA",8,"0","0","0","0","0","0","-","0"
1,"7ew8B3",1,775,1997,40,"Congo","COB","COG",94,"Italy","ITA","ITA",19,"0","0","0","0","0","0","-","0"
1,"7ew8B3",1,776,1998,40,"Congo","COB","COG",94,"Italy","ITA","ITA",25,"0","0","0","0","0","0","-","0"
1,"7ew8B3",1,777,1999,40,"Congo","COB","COG",94,"Italy","ITA","ITA",48,"0","0","0","0","0","0","-","0"
1,"7ew8B3",1,778,2000,40,"Congo","COB","COG",94,"Italy","ITA","ITA",143,"0","0","0","0","0","0","-","0"
1,"7ew8B3",1,779,2001,40,"Congo","COB","COG",94,"Italy","ITA","ITA",231,"0","0","0","0","0","0","-","0"
1,"7ew8B3",1,780,2002,40,"Congo","COB","COG",94,"Italy","ITA","ITA",272,"0","0","0","0","0","0","-","0"
1,"7ew8B3",1,781,2003,40,"Congo","COB","COG",94,"Italy","ITA","ITA",327,"0","0","0","0","0","0","-","0"
1,"7ew8B3",1,782,2004,40,"Congo","COB","COG",94,"Italy","ITA","ITA",403,"0","0","0","0","0","0","-","0"
1,"7ew8B3",1,783,2005,40,"Congo","COB","COG",94,"Italy","ITA","ITA",455,"0","0","0","0","0","0","-","0"
1,"7ew8B3",1,784,2006,40,"Congo","COB","COG",94,"Italy","ITA","ITA",554,"0","0","0","0","0","0","-","0"
1,"7ew8B3",1,785,2007,40,"Congo","COB","COG",94,"Italy","ITA","ITA",641,"0","0","0","0","0","0","-","0"
1,"7ew8B3",1,786,2008,40,"Congo","COB","COG",94,"Italy","ITA","ITA",654,"0","0","0","0","0","0","-","0"
1,"7ew8B3",1,787,2009,40,"Congo","COB","COG",94,"Italy","ITA","ITA",684,"0","0","0","0","0","0","-","0"
1,"7ew8B3",1,788,2010,40,"Congo","COB","COG",94,"Italy","ITA","ITA",608,22,"0","0","0","0","0","-","0"
1,"7ew8B3",1,789,2011,40,"Congo","COB","COG",94,"Italy","ITA","ITA",553,"0","0","0","0","0","0","-","0"
1,"7ew8B3",1,790,2012,40,"Congo","COB","COG",94,"Italy","ITA","ITA",545,27,"0","0","0","0","0","-","0"
1,"7ew8B3",1,791,2013,40,"Congo","COB","COG",94,"Italy","ITA","ITA",529,13,"0","0","0","0","0","-","0"
1,"7ew8B3",1,792,2014,40,"Congo","COB","COG",94,"Italy","ITA","ITA",486,57,"0","0","0","0","0","-","0"
1,"7ew8B3",1,793,2015,40,"Congo","COB","COG",94,"Italy","ITA","ITA",499,41,"0","0","0","0","0","-","0"
1,"7ew8B3",1,794,2016,40,"Congo","COB","COG",94,"Italy","ITA","ITA",456,82,"0","0","0","0","0","-","0"
1,"7ew8B3",1,795,2017,40,"Congo","COB","COG",94,"Italy","ITA","ITA",425,139,"0","0","0","0","0","-","0"
1,"7ew8B3",1,796,2018,40,"Congo","COB","COG",94,"Italy","ITA","ITA",421,93,"0","0","0","0","0","-","0"
1,"7ew8B3",1,797,2019,40,"Congo","COB","COG",94,"Italy","ITA","ITA",421,"0","0","0","0","0","0","-","0"
1,"7ew8B3",1,798,2020,40,"Congo","COB","COG",94,"Italy","ITA","ITA",329,32,"0","0","0","0","0","-","0"
1,"7ew8B3",1,799,2021,40,"Congo","COB","COG",94,"Italy","ITA","ITA",320,19,"0","0","0","0","0","-","0"
1,"7ew8B3",1,800,2022,40,"Congo","COB","COG",94,"Italy","ITA","ITA",296,61,"0","0","0","0","0","-","0"
1,"7ew8B3",1,801,2023,40,"Congo","COB","COG",94,"Italy","ITA","ITA",353,82,"0","0","0","0","0","-","0"
1,"7ew8B3",1,802,2024,40,"Congo","COB","COG",94,"Italy","ITA","ITA",297,81,"0","0","0","0","0","-","0"
1,"7ew8B3",1,803,2025,40,"Congo","COB","COG",94,"Italy","ITA","ITA",266,98,"0","0","0","0","0","-","0"
1,"7ew8B3",1,804,1982,41,"Dem. Rep. of the Congo","COD","COD",94,"Italy","ITA","ITA",5,"0","0","0","0","0","0","-","0"
1,"7ew8B3",1,805,1983,41,"Dem. Rep. of the Congo","COD","COD",94,"Italy","ITA","ITA",11,"0","0","0","0","0","0","-","0"
1,"7ew8B3",1,806,1984,41,"Dem. Rep. of the Congo","COD","COD",94,"Italy","ITA","ITA",22,"0","0","0","0","0","0","-","0"
1,"7ew8B3",1,807,1985,41,"Dem. Rep. of the Congo","COD","COD",94,"Italy","ITA","ITA",28,"0","0","0","0","0","0","-","0"
1,"7ew8B3",1,808,1986,41,"Dem. Rep. of the Congo","COD","COD",94,"Italy","ITA","ITA",29,"0","0","0","0","0","0","-","0"
1,"7ew8B3",1,809,1987,41,"Dem. Rep. of the Congo","COD","COD",94,"Italy","ITA","ITA",38,"0","0","0","0","0","0","-","0"
1,"7ew8B3",1,810,1988,41,"Dem. Rep. of the Congo","COD","COD",94,"Italy","ITA","ITA",48,"0","0","0","0","0","0","-","0"
1,"7ew8B3",1,811,1989,41,"Dem. Rep. of the Congo","COD","COD",94,"Italy","ITA","ITA",55,"0","0","0","0","0","0","-","0"
1,"7ew8B3",1,812,1990,41,"Dem. Rep. of the Congo","COD","COD",94,"Italy","ITA","ITA",57,"0","0","0","0","0","0","-","0"
1,"7ew8B3",1,813,1991,41,"Dem. Rep. of the Congo","COD","COD",94,"Italy","ITA","ITA",61,"0","0","0","0","0","0","-","0"
1,"7ew8B3",1,814,1992,41,"Dem. Rep. of the Congo","COD","COD",94,"Italy","ITA","ITA",69,"0","0","0","0","0","0","-","0"
1,"7ew8B3",1,815,1993,41,"Dem. Rep. of the Congo","COD","COD",94,"Italy","ITA","ITA",66,"0","0","0","0","0","0","-","0"
1,"7ew8B3",1,816,1994,41,"Dem. Rep. of the Congo","COD","COD",94,"Italy","ITA","ITA",65,"0","0","0","0","0","0","-","0"
1,"7ew8B3",1,817,1995,41,"Dem. Rep. of the Congo","COD","COD",94,"Italy","ITA","ITA",61,"0","0","0","0","0","0","-","0"
1,"7ew8B3",1,818,1996,41,"Dem. Rep. of the Congo","COD","COD",94,"Italy","ITA","ITA",69,"0","0","0","0","0","0","-","0"
1,"7ew8B3",1,819,1997,41,"Dem. Rep. of the Congo","COD","COD",94,"Italy","ITA","ITA",94,"0","0","0","0","0","0","-","0"
1,"7ew8B3",1,820,1998,41,"Dem. Rep. of the Congo","COD","COD",94,"Italy","ITA","ITA",138,"0","0","0","0","0","0","-","0"
1,"7ew8B3",1,821,1999,41,"Dem. Rep. of the Congo","COD","COD",94,"Italy","ITA","ITA",165,"0","0","0","0","0","0","-","0"
1,"7ew8B3",1,822,2000,41,"Dem. Rep. of the Congo","COD","COD",94,"Italy","ITA","ITA",214,"0","0","0","0","0","0","-","0"
1,"7ew8B3",1,823,2001,41,"Dem. Rep. of the Congo","COD","COD",94,"Italy","ITA","ITA",296,"0","0","0","0","0","0","-","0"
1,"7ew8B3",1,824,2002,41,"Dem. Rep. of the Congo","COD","COD",94,"Italy","ITA","ITA",332,"0","0","0","0","0","0","-","0"
1,"7ew8B3",1,825,2003,41,"Dem. Rep. of the Congo","COD","COD",94,"Italy","ITA","ITA",380,"0","0","0","0","0","0","-","0"
1,"7ew8B3",1,826,2004,41,"Dem. Rep. of the Congo","COD","COD",94,"Italy","ITA","ITA",414,"0","0","0","0","0","0","-","0"
1,"7ew8B3",1,827,2005,41,"Dem. Rep. of the Congo","COD","COD",94,"Italy","ITA","ITA",459,"0","0","0","0","0","0","-","0"
1,"7ew8B3",1,828,2006,41,"Dem. Rep. of the Congo","COD","COD",94,"Italy","ITA","ITA",496,"0","0","0","0","0","0","-","0"
1,"7ew8B3",1,829,2007,41,"Dem. Rep. of the Congo","COD","COD",94,"Italy","ITA","ITA",504,"0","0","0","0","0","0","-","0"
1,"7ew8B3",1,830,2008,41,"Dem. Rep. of the Congo","COD","COD",94,"Italy","ITA","ITA",479,"0","0","0","0","0","0","-","0"
1,"7ew8B3",1,831,2009,41,"Dem. Rep. of the Congo","COD","COD",94,"Italy","ITA","ITA",482,"0","0","0","0","0","0","-","0"
1,"7ew8B3",1,832,2010,41,"Dem. Rep. of the Congo","COD","COD",94,"Italy","ITA","ITA",455,19,"0","0","0","0","0","-","0"
1,"7ew8B3",1,833,2011,41,"Dem. Rep. of the Congo","COD","COD",94,"Italy","ITA","ITA",404,"0","0","0","0","0","0","-","0"
1,"7ew8B3",1,834,2012,41,"Dem. Rep. of the Congo","COD","COD",94,"Italy","ITA","ITA",406,26,"0","0","0","0","0","-","0"
1,"7ew8B3",1,835,2013,41,"Dem. Rep. of the Congo","COD","COD",94,"Italy","ITA","ITA",399,31,"0","0","0","0","0","-","0"
1,"7ew8B3",1,836,2014,41,"Dem. Rep. of the Congo","COD","COD",94,"Italy","ITA","ITA",427,63,"0","0","0","0","0","-","0"
1,"7ew8B3",1,837,2015,41,"Dem. Rep. of the Congo","COD","COD",94,"Italy","ITA","ITA",469,89,"0","0","0","0","0","-","0"
1,"7ew8B3",1,838,2016,41,"Dem. Rep. of the Congo","COD","COD",94,"Italy","ITA","ITA",506,111,"0","0","0","0","0","-","0"
1,"7ew8B3",1,839,2017,41,"Dem. Rep. of the Congo","COD","COD",94,"Italy","ITA","ITA",556,144,"0","0","0","0","0","-","0"
1,"7ew8B3",1,840,2018,41,"Dem. Rep. of the Congo","COD","COD",94,"Italy","ITA","ITA",589,130,"0","0","0","0","0","-","0"
1,"7ew8B3",1,841,2019,41,"Dem. Rep. of the Congo","COD","COD",94,"Italy","ITA","ITA",645,41,"0","0","0","0","0","-","0"
1,"7ew8B3",1,842,2020,41,"Dem. Rep. of the Congo","COD","COD",94,"Italy","ITA","ITA",683,56,"0","0","0","0","0","-","0"
1,"7ew8B3",1,843,2021,41,"Dem. Rep. of the Congo","COD","COD",94,"Italy","ITA","ITA",709,19,"0","0","0","0","0","-","0"
1,"7ew8B3",1,844,2022,41,"Dem. Rep. of the Congo","COD","COD",94,"Italy","ITA","ITA",703,69,"0","0","0","0","0","-","0"
1,"7ew8B3",1,845,2023,41,"Dem. Rep. of the Congo","COD","COD",94,"Italy","ITA","ITA",710,157,"0","0","0","0","0","-","0"
1,"7ew8B3",1,846,2024,41,"Dem. Rep. of the Congo","COD","COD",94,"Italy","ITA","ITA",715,192,"0","0","0","0","0","-","0"
1,"7ew8B3",1,847,2025,41,"Dem. Rep. of the Congo","COD","COD",94,"Italy","ITA","ITA",702,184,"0","0","0","0","0","-","0"
1,"7ew8B3",1,848,2016,42,"Comoros","COI","COM",94,"Italy","ITA","ITA","0",7,"0","0","0","0","0","-","0"
1,"7ew8B3",1,849,2017,42,"Comoros","COI","COM",94,"Italy","ITA","ITA","0",38,"0","0","0","0","0","-","0"
1,"7ew8B3",1,850,2018,42,"Comoros","COI","COM",94,"Italy","ITA","ITA","0",34,"0","0","0","0","0","-","0"
1,"7ew8B3",1,851,2019,42,"Comoros","COI","COM",94,"Italy","ITA","ITA","0",6,"0","0","0","0","0","-","0"
1,"7ew8B3",1,852,2020,42,"Comoros","COI","COM",94,"Italy","ITA","ITA","0",5,"0","0","0","0","0","-","0"
1,"7ew8B3",1,853,2021,42,"Comoros","COI","COM",94,"Italy","ITA","ITA","0",5,"0","0","0","0","0","-","0"
1,"7ew8B3",1,854,2022,42,"Comoros","COI","COM",94,"Italy","ITA","ITA","0",5,"0","0","0","0","0","-","0"
1,"7ew8B3",1,855,2023,42,"Comoros","COI","COM",94,"Italy","ITA","ITA","0",5,"0","0","0","0","0","-","0"
1,"7ew8B3",1,856,2024,42,"Comoros","COI","COM",94,"Italy","ITA","ITA","0",5,"0","0","0","0","0","-","0"
1,"7ew8B3",1,857,1995,44,"Colombia","COL","COL",94,"Italy","ITA","ITA",5,"0","0","0","0","0","0","-","0"
1,"7ew8B3",1,858,1996,44,"Colombia","COL","COL",94,"Italy","ITA","ITA",5,"0","0","0","0","0","0","-","0"
1,"7ew8B3",1,859,1997,44,"Colombia","COL","COL",94,"Italy","ITA","ITA",5,"0","0","0","0","0","0","-","0"
1,"7ew8B3",1,860,1998,44,"Colombia","COL","COL",94,"Italy","ITA","ITA",5,"0","0","0","0","0","0","-","0"
1,"7ew8B3",1,861,1999,44,"Colombia","COL","COL",94,"Italy","ITA","ITA",11,"0","0","0","0","0","0","-","0"
1,"7ew8B3",1,862,2000,44,"Colombia","COL","COL",94,"Italy","ITA","ITA",23,"0","0","0","0","0","0","-","0"
1,"7ew8B3",1,863,2001,44,"Colombia","COL","COL",94,"Italy","ITA","ITA",69,"0","0","0","0","0","0","-","0"
1,"7ew8B3",1,864,2002,44,"Colombia","COL","COL",94,"Italy","ITA","ITA",103,"0","0","0","0","0","0","-","0"
1,"7ew8B3",1,865,2003,44,"Colombia","COL","COL",94,"Italy","ITA","ITA",114,"0","0","0","0","0","0","-","0"
1,"7ew8B3",1,866,2004,44,"Colombia","COL","COL",94,"Italy","ITA","ITA",120,"0","0","0","0","0","0","-","0"
1,"7ew8B3",1,867,2005,44,"Colombia","COL","COL",94,"Italy","ITA","ITA",148,"0","0","0","0","0","0","-","0"
1,"7ew8B3",1,868,2006,44,"Colombia","COL","COL",94,"Italy","ITA","ITA",322,"0","0","0","0","0","0","-","0"
1,"7ew8B3",1,869,2007,44,"Colombia","COL","COL",94,"Italy","ITA","ITA",388,"0","0","0","0","0","0","-","0"
1,"7ew8B3",1,870,2008,44,"Colombia","COL","COL",94,"Italy","ITA","ITA",399,"0","0","0","0","0","0","-","0"
1,"7ew8B3",1,871,2009,44,"Colombia","COL","COL",94,"Italy","ITA","ITA",411,"0","0","0","0","0","0","-","0"
1,"7ew8B3",1,872,2010,44,"Colombia","COL","COL",94,"Italy","ITA","ITA",426,19,"0","0","0","0","0","-","0"
1,"7ew8B3",1,873,2011,44,"Colombia","COL","COL",94,"Italy","ITA","ITA",387,"0","0","0","0","0","0","-","0"
1,"7ew8B3",1,874,2012,44,"Colombia","COL","COL",94,"Italy","ITA","ITA",373,29,"0","0","0","0","0","-","0"
1,"7ew8B3",1,875,2013,44,"Colombia","COL","COL",94,"Italy","ITA","ITA",407,20,"0","0","0","0","0","-","0"
1,"7ew8B3",1,876,2014,44,"Colombia","COL","COL",94,"Italy","ITA","ITA",475,26,"0","0","0","0","0","-","0"
1,"7ew8B3",1,877,2015,44,"Colombia","COL","COL",94,"Italy","ITA","ITA",506,12,"0","0","0","0","0","-","0"
1,"7ew8B3",1,878,2016,44,"Colombia","COL","COL",94,"Italy","ITA","ITA",368,68,"0","0","0","0","0","-","0"
1,"7ew8B3",1,879,2017,44,"Colombia","COL","COL",94,"Italy","ITA","ITA",353,330,"0","0","0","0","0","-","0"
1,"7ew8B3",1,880,2018,44,"Colombia","COL","COL",94,"Italy","ITA","ITA",450,523,"0","0","0","0","0","-","0"
1,"7ew8B3",1,881,2019,44,"Colombia","COL","COL",94,"Italy","ITA","ITA",690,466,"0","0","0","0","0","-","0"
1,"7ew8B3",1,882,2020,44,"Colombia","COL","COL",94,"Italy","ITA","ITA",664,573,"0","0","0","0","0","-","0"
1,"7ew8B3",1,883,2021,44,"Colombia","COL","COL",94,"Italy","ITA","ITA",950,374,"0","0","0","0","0","-","0"
1,"7ew8B3",1,884,2022,44,"Colombia","COL","COL",94,"Italy","ITA","ITA",1094,1549,"0","0","0","0","0","-","0"
1,"7ew8B3",1,885,2023,44,"Colombia","COL","COL",94,"Italy","ITA","ITA",1218,2602,"0","0","0","0","0","-","0"
1,"7ew8B3",1,886,2024,44,"Colombia","COL","COL",94,"Italy","ITA","ITA",1516,4725,"0","0","0","0","0","-","0"
1,"7ew8B3",1,887,2025,44,"Colombia","COL","COL",94,"Italy","ITA","ITA",1489,5635,"0","0","0","0","0","-","0"
1,"7ew8B3",1,888,2017,45,"Costa Rica","COS","CRI",94,"Italy","ITA","ITA","0",7,"0","0","0","0","0","-","0"
1,"7ew8B3",1,889,2018,45,"Costa Rica","COS","CRI",94,"Italy","ITA","ITA",6,"0","0","0","0","0","0","-","0"
1,"7ew8B3",1,890,2019,45,"Costa Rica","COS","CRI",94,"Italy","ITA","ITA",6,"0","0","0","0","0","0","-","0"
1,"7ew8B3",1,891,2022,45,"Costa Rica","COS","CRI",94,"Italy","ITA","ITA","0",19,"0","0","0","0","0","-","0"
1,"7ew8B3",1,892,2023,45,"Costa Rica","COS","CRI",94,"Italy","ITA","ITA",6,6,"0","0","0","0","0","-","0"
1,"7ew8B3",1,893,2024,45,"Costa Rica","COS","CRI",94,"Italy","ITA","ITA",6,23,"0","0","0","0","0","-","0"
1,"7ew8B3",1,894,2025,45,"Costa Rica","COS","CRI",94,"Italy","ITA","ITA",6,29,"0","0","0","0","0","-","0"
1,"7ew8B3",1,895,1980,46,"Cuba","CUB","CUB",94,"Italy","ITA","ITA",5,"0","0","0","0","0","0","-","0"
1,"7ew8B3",1,896,1981,46,"Cuba","CUB","CUB",94,"Italy","ITA","ITA",5,"0","0","0","0","0","0","-","0"
1,"7ew8B3",1,897,1982,46,"Cuba","CUB","CUB",94,"Italy","ITA","ITA",5,"0","0","0","0","0","0","-","0"
1,"7ew8B3",1,898,1983,46,"Cuba","CUB","CUB",94,"Italy","ITA","ITA",5,"0","0","0","0","0","0","-","0"
1,"7ew8B3",1,899,1984,46,"Cuba","CUB","CUB",94,"Italy","ITA","ITA",6,"0","0","0","0","0","0","-","0"
1,"7ew8B3",1,900,1985,46,"Cuba","CUB","CUB",94,"Italy","ITA","ITA",6,"0","0","0","0","0","0","-","0"
1,"7ew8B3",1,901,1986,46,"Cuba","CUB","CUB",94,"Italy","ITA","ITA",6,"0","0","0","0","0","0","-","0"
1,"7ew8B3",1,902,1987,46,"Cuba","CUB","CUB",94,"Italy","ITA","ITA",6,"0","0","0","0","0","0","-","0"
1,"7ew8B3",1,903,1988,46,"Cuba","CUB","CUB",94,"Italy","ITA","ITA",6,"0","0","0","0","0","0","-","0"
1,"7ew8B3",1,904,1989,46,"Cuba","CUB","CUB",94,"Italy","ITA","ITA",7,"0","0","0","0","0","0","-","0"
1,"7ew8B3",1,905,1990,46,"Cuba","CUB","CUB",94,"Italy","ITA","ITA",5,"0","0","0","0","0","0","-","0"
1,"7ew8B3",1,906,1991,46,"Cuba","CUB","CUB",94,"Italy","ITA","ITA",5,"0","0","0","0","0","0","-","0"
1,"7ew8B3",1,907,1992,46,"Cuba","CUB","CUB",94,"Italy","ITA","ITA",13,"0","0","0","0","0","0","-","0"
1,"7ew8B3",1,908,1993,46,"Cuba","CUB","CUB",94,"Italy","ITA","ITA",15,"0","0","0","0","0","0","-","0"
1,"7ew8B3",1,909,1994,46,"Cuba","CUB","CUB",94,"Italy","ITA","ITA",14,"0","0","0","0","0","0","-","0"
1,"7ew8B3",1,910,1995,46,"Cuba","CUB","CUB",94,"Italy","ITA","ITA",18,"0","0","0","0","0","0","-","0"
1,"7ew8B3",1,911,1996,46,"Cuba","CUB","CUB",94,"Italy","ITA","ITA",18,"0","0","0","0","0","0","-","0"
1,"7ew8B3",1,912,1997,46,"Cuba","CUB","CUB",94,"Italy","ITA","ITA",20,"0","0","0","0","0","0","-","0"
1,"7ew8B3",1,913,1998,46,"Cuba","CUB","CUB",94,"Italy","ITA","ITA",21,"0","0","0","0","0","0","-","0"
1,"7ew8B3",1,914,1999,46,"Cuba","CUB","CUB",94,"Italy","ITA","ITA",20,"0","0","0","0","0","0","-","0"
1,"7ew8B3",1,915,2000,46,"Cuba","CUB","CUB",94,"Italy","ITA","ITA",24,"0","0","0","0","0","0","-","0"
1,"7ew8B3",1,916,2001,46,"Cuba","CUB","CUB",94,"Italy","ITA","ITA",24,"0","0","0","0","0","0","-","0"
1,"7ew8B3",1,917,2002,46,"Cuba","CUB","CUB",94,"Italy","ITA","ITA",15,"0","0","0","0","0","0","-","0"
1,"7ew8B3",1,918,2003,46,"Cuba","CUB","CUB",94,"Italy","ITA","ITA",12,"0","0","0","0","0","0","-","0"
1,"7ew8B3",1,919,2004,46,"Cuba","CUB","CUB",94,"Italy","ITA","ITA",16,"0","0","0","0","0","0","-","0"
1,"7ew8B3",1,920,2005,46,"Cuba","CUB","CUB",94,"Italy","ITA","ITA",24,"0","0","0","0","0","0","-","0"
1,"7ew8B3",1,921,2006,46,"Cuba","CUB","CUB",94,"Italy","ITA","ITA",24,"0","0","0","0","0","0","-","0"
1,"7ew8B3",1,922,2007,46,"Cuba","CUB","CUB",94,"Italy","ITA","ITA",40,"0","0","0","0","0","0","-","0"
1,"7ew8B3",1,923,2008,46,"Cuba","CUB","CUB",94,"Italy","ITA","ITA",54,"0","0","0","0","0","0","-","0"
1,"7ew8B3",1,924,2009,46,"Cuba","CUB","CUB",94,"Italy","ITA","ITA",84,"0","0","0","0","0","0","-","0"
1,"7ew8B3",1,925,2010,46,"Cuba","CUB","CUB",94,"Italy","ITA","ITA",88,"0","0","0","0","0","0","-","0"
1,"7ew8B3",1,926,2011,46,"Cuba","CUB","CUB",94,"Italy","ITA","ITA",90,"0","0","0","0","0","0","-","0"
1,"7ew8B3",1,927,2012,46,"Cuba","CUB","CUB",94,"Italy","ITA","ITA",94,23,"0","0","0","0","0","-","0"
1,"7ew8B3",1,928,2013,46,"Cuba","CUB","CUB",94,"Italy","ITA","ITA",123,14,"0","0","0","0","0","-","0"
1,"7ew8B3",1,929,2014,46,"Cuba","CUB","CUB",94,"Italy","ITA","ITA",142,23,"0","0","0","0","0","-","0"
1,"7ew8B3",1,930,2015,46,"Cuba","CUB","CUB",94,"Italy","ITA","ITA",152,42,"0","0","0","0","0","-","0"
1,"7ew8B3",1,931,2016,46,"Cuba","CUB","CUB",94,"Italy","ITA","ITA",174,55,"0","0","0","0","0","-","0"
1,"7ew8B3",1,932,2017,46,"Cuba","CUB","CUB",94,"Italy","ITA","ITA",195,154,"0","0","0","0","0","-","0"
1,"7ew8B3",1,933,2018,46,"Cuba","CUB","CUB",94,"Italy","ITA","ITA",207,166,"0","0","0","0","0","-","0"
1,"7ew8B3",1,934,2019,46,"Cuba","CUB","CUB",94,"Italy","ITA","ITA",238,105,"0","0","0","0","0","-","0"
1,"7ew8B3",1,935,2020,46,"Cuba","CUB","CUB",94,"Italy","ITA","ITA","0",118,"0","0","0","0","0","-","0"
1,"7ew8B3",1,936,2021,46,"Cuba","CUB","CUB",94,"Italy","ITA","ITA",54,110,"0","0","0","0","0","-","0"
1,"7ew8B3",1,937,2022,46,"Cuba","CUB","CUB",94,"Italy","ITA","ITA",70,245,"0","0","0","0","0","-","0"
1,"7ew8B3",1,938,2023,46,"Cuba","CUB","CUB",94,"Italy","ITA","ITA",148,552,"0","0","0","0","0","-","0"
1,"7ew8B3",1,939,2024,46,"Cuba","CUB","CUB",94,"Italy","ITA","ITA",190,796,"0","0","0","0","0","-","0"
1,"7ew8B3",1,940,2025,46,"Cuba","CUB","CUB",94,"Italy","ITA","ITA",207,903,"0","0","0","0","0","-","0"
1,"7ew8B3",1,941,2006,47,"Cabo Verde","CVI","CPV",94,"Italy","ITA","ITA",17,"0","0","0","0","0","0","-","0"
1,"7ew8B3",1,942,2007,47,"Cabo Verde","CVI","CPV",94,"Italy","ITA","ITA",17,"0","0","0","0","0","0","-","0"
1,"7ew8B3",1,943,2008,47,"Cabo Verde","CVI","CPV",94,"Italy","ITA","ITA",17,"0","0","0","0","0","0","-","0"
1,"7ew8B3",1,944,2009,47,"Cabo Verde","CVI","CPV",94,"Italy","ITA","ITA",17,"0","0","0","0","0","0","-","0"
1,"7ew8B3",1,945,2010,47,"Cabo Verde","CVI","CPV",94,"Italy","ITA","ITA",17,"0","0","0","0","0","0","-","0"
1,"7ew8B3",1,946,2011,47,"Cabo Verde","CVI","CPV",94,"Italy","ITA","ITA",17,"0","0","0","0","0","0","-","0"
1,"7ew8B3",1,947,2012,47,"Cabo Verde","CVI","CPV",94,"Italy","ITA","ITA",17,"0","0","0","0","0","0","-","0"
1,"7ew8B3",1,948,2013,47,"Cabo Verde","CVI","CPV",94,"Italy","ITA","ITA",17,"0","0","0","0","0","0","-","0"
1,"7ew8B3",1,949,2014,47,"Cabo Verde","CVI","CPV",94,"Italy","ITA","ITA",17,"0","0","0","0","0","0","-","0"
1,"7ew8B3",1,950,2015,47,"Cabo Verde","CVI","CPV",94,"Italy","ITA","ITA",17,"0","0","0","0","0","0","-","0"
1,"7ew8B3",1,951,2017,47,"Cabo Verde","CVI","CPV",94,"Italy","ITA","ITA","0",5,"0","0","0","0","0","-","0"
1,"7ew8B3",1,952,2018,47,"Cabo Verde","CVI","CPV",94,"Italy","ITA","ITA",5,5,"0","0","0","0","0","-","0"
1,"7ew8B3",1,953,2019,47,"Cabo Verde","CVI","CPV",94,"Italy","ITA","ITA",5,5,"0","0","0","0","0","-","0"
1,"7ew8B3",1,954,2020,47,"Cabo Verde","CVI","CPV",94,"Italy","ITA","ITA","0",5,"0","0","0","0","0","-","0"
1,"7ew8B3",1,955,2021,47,"Cabo Verde","CVI","CPV",94,"Italy","ITA","ITA",5,"0","0","0","0","0","0","-","0"
1,"7ew8B3",1,956,2022,47,"Cabo Verde","CVI","CPV",94,"Italy","ITA","ITA",5,"0","0","0","0","0","0","-","0"
1,"7ew8B3",1,957,2023,47,"Cabo Verde","CVI","CPV",94,"Italy","ITA","ITA","0",5,"0","0","0","0","0","-","0"
1,"7ew8B3",1,958,2024,47,"Cabo Verde","CVI","CPV",94,"Italy","ITA","ITA","0",5,"0","0","0","0","0","-","0"
1,"7ew8B3",1,959,2025,47,"Cabo Verde","CVI","CPV",94,"Italy","ITA","ITA","0",6,"0","0","0","0","0","-","0"
1,"7ew8B3",1,960,1980,49,"Czechia","CZE","CZE",94,"Italy","ITA","ITA",393,"0","0","0","0","0","0","-","0"
1,"7ew8B3",1,961,1981,49,"Czechia","CZE","CZE",94,"Italy","ITA","ITA",389,"0","0","0","0","0","0","-","0"
1,"7ew8B3",1,962,1982,49,"Czechia","CZE","CZE",94,"Italy","ITA","ITA",434,"0","0","0","0","0","0","-","0"
1,"7ew8B3",1,963,1983,49,"Czechia","CZE","CZE",94,"Italy","ITA","ITA",421,"0","0","0","0","0","0","-","0"
1,"7ew8B3",1,964,1984,49,"Czechia","CZE","CZE",94,"Italy","ITA","ITA",406,"0","0","0","0","0","0","-","0"
1,"7ew8B3",1,965,1985,49,"Czechia","CZE","CZE",94,"Italy","ITA","ITA",411,"0","0","0","0","0","0","-","0"
1,"7ew8B3",1,966,1986,49,"Czechia","CZE","CZE",94,"Italy","ITA","ITA",411,"0","0","0","0","0","0","-","0"
1,"7ew8B3",1,967,1987,49,"Czechia","CZE","CZE",94,"Italy","ITA","ITA",385,"0","0","0","0","0","0","-","0"
1,"7ew8B3",1,968,1988,49,"Czechia","CZE","CZE",94,"Italy","ITA","ITA",380,"0","0","0","0","0","0","-","0"
1,"7ew8B3",1,969,1989,49,"Czechia","CZE","CZE",94,"Italy","ITA","ITA",306,"0","0","0","0","0","0","-","0"
1,"7ew8B3",1,970,1990,49,"Czechia","CZE","CZE",94,"Italy","ITA","ITA",225,"0","0","0","0","0","0","-","0"
1,"7ew8B3",1,971,1991,49,"Czechia","CZE","CZE",94,"Italy","ITA","ITA",184,"0","0","0","0","0","0","-","0"
1,"7ew8B3",1,972,1992,49,"Czechia","CZE","CZE",94,"Italy","ITA","ITA",116,"0","0","0","0","0","0","-","0"
1,"7ew8B3",1,973,1993,49,"Czechia","CZE","CZE",94,"Italy","ITA","ITA",74,"0","0","0","0","0","0","-","0"
1,"7ew8B3",1,974,1994,49,"Czechia","CZE","CZE",94,"Italy","ITA","ITA",50,"0","0","0","0","0","0","-","0"
1,"7ew8B3",1,975,1995,49,"Czechia","CZE","CZE",94,"Italy","ITA","ITA",45,"0","0","0","0","0","0","-","0"
1,"7ew8B3",1,976,1996,49,"Czechia","CZE","CZE",94,"Italy","ITA","ITA",21,"0","0","0","0","0","0","-","0"
1,"7ew8B3",1,977,1997,49,"Czechia","CZE","CZE",94,"Italy","ITA","ITA",12,"0","0","0","0","0","0","-","0"
1,"7ew8B3",1,978,2017,52,"Dominica","DMA","DMA",94,"Italy","ITA","ITA","0",5,"0","0","0","0","0","-","0"
1,"7ew8B3",1,979,2023,52,"Dominica","DMA","DMA",94,"Italy","ITA","ITA",5,"0","0","0","0","0","0","-","0"
1,"7ew8B3",1,980,2024,52,"Dominica","DMA","DMA",94,"Italy","ITA","ITA",5,"0","0","0","0","0","0","-","0"
1,"7ew8B3",1,981,2025,52,"Dominica","DMA","DMA",94,"Italy","ITA","ITA",5,"0","0","0","0","0","0","-","0"
1,"7ew8B3",1,982,2014,53,"Dominican Rep.","DOM","DOM",94,"Italy","ITA","ITA",5,"0","0","0","0","0","0","-","0"
1,"7ew8B3",1,983,2015,53,"Dominican Rep.","DOM","DOM",94,"Italy","ITA","ITA",8,5,"0","0","0","0","0","-","0"
1,"7ew8B3",1,984,2016,53,"Dominican Rep.","DOM","DOM",94,"Italy","ITA","ITA",9,9,"0","0","0","0","0","-","0"
1,"7ew8B3",1,985,2017,53,"Dominican Rep.","DOM","DOM",94,"Italy","ITA","ITA",17,14,"0","0","0","0","0","-","0"
1,"7ew8B3",1,986,2018,53,"Dominican Rep.","DOM","DOM",94,"Italy","ITA","ITA",20,35,"0","0","0","0","0","-","0"
1,"7ew8B3",1,987,2019,53,"Dominican Rep.","DOM","DOM",94,"Italy","ITA","ITA",29,20,"0","0","0","0","0","-","0"
1,"7ew8B3",1,988,2020,53,"Dominican Rep.","DOM","DOM",94,"Italy","ITA","ITA","0",19,"0","0","0","0","0","-","0"
1,"7ew8B3",1,989,2021,53,"Dominican Rep.","DOM","DOM",94,"Italy","ITA","ITA",12,12,"0","0","0","0","0","-","0"
1,"7ew8B3",1,990,2022,53,"Dominican Rep.","DOM","DOM",94,"Italy","ITA","ITA",13,34,"0","0","0","0","0","-","0"
1,"7ew8B3",1,991,2023,53,"Dominican Rep.","DOM","DOM",94,"Italy","ITA","ITA",15,93,"0","0","0","0","0","-","0"
1,"7ew8B3",1,992,2024,53,"Dominican Rep.","DOM","DOM",94,"Italy","ITA","ITA",11,172,"0","0","0","0","0","-","0"
1,"7ew8B3",1,993,2025,53,"Dominican Rep.","DOM","DOM",94,"Italy","ITA","ITA",11,194,"0","0","0","0","0","-","0"
1,"7ew8B3",1,994,2007,54,"Ecuador","ECU","ECU",94,"Italy","ITA","ITA",5,"0","0","0","0","0","0","-","0"
1,"7ew8B3",1,995,2008,54,"Ecuador","ECU","ECU",94,"Italy","ITA","ITA",5,"0","0","0","0","0","0","-","0"
1,"7ew8B3",1,996,2009,54,"Ecuador","ECU","ECU",94,"Italy","ITA","ITA",6,"0","0","0","0","0","0","-","0"
1,"7ew8B3",1,997,2010,54,"Ecuador","ECU","ECU",94,"Italy","ITA","ITA",8,"0","0","0","0","0","0","-","0"
1,"7ew8B3",1,998,2011,54,"Ecuador","ECU","ECU",94,"Italy","ITA","ITA",8,"0","0","0","0","0","0","-","0"
1,"7ew8B3",1,999,2012,54,"Ecuador","ECU","ECU",94,"Italy","ITA","ITA",8,"0","0","0","0","0","0","-","0"
1,"7ew8B3",1,1000,2013,54,"Ecuador","ECU","ECU",94,"Italy","ITA","ITA",11,"0","0","0","0","0","0","-","0"
1,"7ew8B3",1,1001,2014,54,"Ecuador","ECU","ECU",94,"Italy","ITA","ITA",14,5,"0","0","0","0","0","-","0"
1,"7ew8B3",1,1002,2015,54,"Ecuador","ECU","ECU",94,"Italy","ITA","ITA",15,5,"0","0","0","0","0","-","0"
1,"7ew8B3",1,1003,2016,54,"Ecuador","ECU","ECU",94,"Italy","ITA","ITA",22,20,"0","0","0","0","0","-","0"
1,"7ew8B3",1,1004,2017,54,"Ecuador","ECU","ECU",94,"Italy","ITA","ITA",31,13,"0","0","0","0","0","-","0"
1,"7ew8B3",1,1005,2018,54,"Ecuador","ECU","ECU",94,"Italy","ITA","ITA",33,21,"0","0","0","0","0","-","0"
1,"7ew8B3",1,1006,2019,54,"Ecuador","ECU","ECU",94,"Italy","ITA","ITA",35,25,"0","0","0","0","0","-","0"
1,"7ew8B3",1,1007,2020,54,"Ecuador","ECU","ECU",94,"Italy","ITA","ITA","0",34,"0","0","0","0","0","-","0"
1,"7ew8B3",1,1008,2021,54,"Ecuador","ECU","ECU",94,"Italy","ITA","ITA",11,23,"0","0","0","0","0","-","0"
1,"7ew8B3",1,1009,2022,54,"Ecuador","ECU","ECU",94,"Italy","ITA","ITA",17,59,"0","0","0","0","0","-","0"
1,"7ew8B3",1,1010,2023,54,"Ecuador","ECU","ECU",94,"Italy","ITA","ITA",19,250,"0","0","0","0","0","-","0"
1,"7ew8B3",1,1011,2024,54,"Ecuador","ECU","ECU",94,"Italy","ITA","ITA",45,1093,"0","0","0","0","0","-","0"
1,"7ew8B3",1,1012,2025,54,"Ecuador","ECU","ECU",94,"Italy","ITA","ITA",85,1452,"0","0","0","0","0","-","0"
1,"7ew8B3",1,1013,2011,55,"Equatorial Guinea","EGU","GNQ",94,"Italy","ITA","ITA",5,"0","0","0","0","0","0","-","0"
1,"7ew8B3",1,1014,2012,55,"Equatorial Guinea","EGU","GNQ",94,"Italy","ITA","ITA",5,"0","0","0","0","0","0","-","0"
1,"7ew8B3",1,1015,2013,55,"Equatorial Guinea","EGU","GNQ",94,"Italy","ITA","ITA",6,"0","0","0","0","0","0","-","0"
1,"7ew8B3",1,1016,2014,55,"Equatorial Guinea","EGU","GNQ",94,"Italy","ITA","ITA",8,13,"0","0","0","0","0","-","0"
1,"7ew8B3",1,1017,2015,55,"Equatorial Guinea","EGU","GNQ",94,"Italy","ITA","ITA",14,5,"0","0","0","0","0","-","0"
1,"7ew8B3",1,1018,2016,55,"Equatorial Guinea","EGU","GNQ",94,"Italy","ITA","ITA",15,8,"0","0","0","0","0","-","0"
1,"7ew8B3",1,1019,2017,55,"Equatorial Guinea","EGU","GNQ",94,"Italy","ITA","ITA",14,6,"0","0","0","0","0","-","0"
1,"7ew8B3",1,1020,2018,55,"Equatorial Guinea","EGU","GNQ",94,"Italy","ITA","ITA",14,7,"0","0","0","0","0","-","0"
1,"7ew8B3",1,1021,2019,55,"Equatorial Guinea","EGU","GNQ",94,"Italy","ITA","ITA",15,5,"0","0","0","0","0","-","0"
1,"7ew8B3",1,1022,2020,55,"Equatorial Guinea","EGU","GNQ",94,"Italy","ITA","ITA","0",5,"0","0","0","0","0","-","0"
1,"7ew8B3",1,1023,2023,55,"Equatorial Guinea","EGU","GNQ",94,"Italy","ITA","ITA","0",5,"0","0","0","0","0","-","0"
1,"7ew8B3",1,1024,2024,55,"Equatorial Guinea","EGU","GNQ",94,"Italy","ITA","ITA",5,5,"0","0","0","0","0","-","0"
1,"7ew8B3",1,1025,2025,55,"Equatorial Guinea","EGU","GNQ",94,"Italy","ITA","ITA",5,6,"0","0","0","0","0","-","0"
1,"7ew8B3",1,1026,1980,56,"Eritrea","ERT","ERI",94,"Italy","ITA","ITA",142,"0","0","0","0","0","0","-","0"
1,"7ew8B3",1,1027,1981,56,"Eritrea","ERT","ERI",94,"Italy","ITA","ITA",142,"0","0","0","0","0","0","-","0"
1,"7ew8B3",1,1028,1982,56,"Eritrea","ERT","ERI",94,"Italy","ITA","ITA",185,"0","0","0","0","0","0","-","0"
1,"7ew8B3",1,1029,1983,56,"Eritrea","ERT","ERI",94,"Italy","ITA","ITA",185,"0","0","0","0","0","0","-","0"
1,"7ew8B3",1,1030,1984,56,"Eritrea","ERT","ERI",94,"Italy","ITA","ITA",185,"0","0","0","0","0","0","-","0"
1,"7ew8B3",1,1031,1985,56,"Eritrea","ERT","ERI",94,"Italy","ITA","ITA",185,"0","0","0","0","0","0","-","0"
1,"7ew8B3",1,1032,1986,56,"Eritrea","ERT","ERI",94,"Italy","ITA","ITA",177,"0","0","0","0","0","0","-","0"
1,"7ew8B3",1,1033,1987,56,"Eritrea","ERT","ERI",94,"Italy","ITA","ITA",167,"0","0","0","0","0","0","-","0"
1,"7ew8B3",1,1034,1988,56,"Eritrea","ERT","ERI",94,"Italy","ITA","ITA",133,"0","0","0","0","0","0","-","0"
1,"7ew8B3",1,1035,1989,56,"Eritrea","ERT","ERI",94,"Italy","ITA","ITA",43,"0","0","0","0","0","0","-","0"
1,"7ew8B3",1,1036,1990,56,"Eritrea","ERT","ERI",94,"Italy","ITA","ITA",43,"0","0","0","0","0","0","-","0"
1,"7ew8B3",1,1037,1991,56,"Eritrea","ERT","ERI",94,"Italy","ITA","ITA",43,"0","0","0","0","0","0","-","0"
1,"7ew8B3",1,1038,1999,56,"Eritrea","ERT","ERI",94,"Italy","ITA","ITA",5,"0","0","0","0","0","0","-","0"
1,"7ew8B3",1,1039,2000,56,"Eritrea","ERT","ERI",94,"Italy","ITA","ITA",16,"0","0","0","0","0","0","-","0"
1,"7ew8B3",1,1040,2001,56,"Eritrea","ERT","ERI",94,"Italy","ITA","ITA",40,"0","0","0","0","0","0","-","0"
1,"7ew8B3",1,1041,2002,56,"Eritrea","ERT","ERI",94,"Italy","ITA","ITA",94,"0","0","0","0","0","0","-","0"
1,"7ew8B3",1,1042,2003,56,"Eritrea","ERT","ERI",94,"Italy","ITA","ITA",177,"0","0","0","0","0","0","-","0"
1,"7ew8B3",1,1043,2004,56,"Eritrea","ERT","ERI",94,"Italy","ITA","ITA",785,"0","0","0","0","0","0","-","0"
1,"7ew8B3",1,1044,2005,56,"Eritrea","ERT","ERI",94,"Italy","ITA","ITA",2705,"0","0","0","0","0","0","-","0"
1,"7ew8B3",1,1045,2006,56,"Eritrea","ERT","ERI",94,"Italy","ITA","ITA",5021,"0","0","0","0","0","0","-","0"
1,"7ew8B3",1,1046,2007,56,"Eritrea","ERT","ERI",94,"Italy","ITA","ITA",7404,"0","0","0","0","0","0","-","0"
1,"7ew8B3",1,1047,2008,56,"Eritrea","ERT","ERI",94,"Italy","ITA","ITA",9033,"0","0","0","0","0","0","-","0"
1,"7ew8B3",1,1048,2009,56,"Eritrea","ERT","ERI",94,"Italy","ITA","ITA",10377,"0","0","0","0","0","0","-","0"
1,"7ew8B3",1,1049,2010,56,"Eritrea","ERT","ERI",94,"Italy","ITA","ITA",10856,155,"0","0","0","0","0","-","0"
1,"7ew8B3",1,1050,2011,56,"Eritrea","ERT","ERI",94,"Italy","ITA","ITA",11206,"0","0","0","0","0","0","-","0"
1,"7ew8B3",1,1051,2012,56,"Eritrea","ERT","ERI",94,"Italy","ITA","ITA",11345,617,"0","0","0","0","0","-","0"
1,"7ew8B3",1,1052,2013,56,"Eritrea","ERT","ERI",94,"Italy","ITA","ITA",12666,1159,"0","0","0","0","0","-","0"
1,"7ew8B3",1,1053,2014,56,"Eritrea","ERT","ERI",94,"Italy","ITA","ITA",13357,314,"0","0","0","0","0","-","0"
1,"7ew8B3",1,1054,2015,56,"Eritrea","ERT","ERI",94,"Italy","ITA","ITA",11962,581,"0","0","0","0","0","-","0"
1,"7ew8B3",1,1055,2016,56,"Eritrea","ERT","ERI",94,"Italy","ITA","ITA",10049,7683,"0","0","0","0","0","-","0"
1,"7ew8B3",1,1056,2017,56,"Eritrea","ERT","ERI",94,"Italy","ITA","ITA",7940,18570,"0","0","0","0","0","-","0"
1,"7ew8B3",1,1057,2018,56,"Eritrea","ERT","ERI",94,"Italy","ITA","ITA",6975,13426,"0","0","0","0","0","-","0"
1,"7ew8B3",1,1058,2019,56,"Eritrea","ERT","ERI",94,"Italy","ITA","ITA",7118,9257,"0","0","0","0","0","-","0"
1,"7ew8B3",1,1059,2020,56,"Eritrea","ERT","ERI",94,"Italy","ITA","ITA",3496,13163,"0","0","0","0","0","-","0"
1,"7ew8B3",1,1060,2021,56,"Eritrea","ERT","ERI",94,"Italy","ITA","ITA",3236,9330,"0","0","0","0","0","-","0"
1,"7ew8B3",1,1061,2022,56,"Eritrea","ERT","ERI",94,"Italy","ITA","ITA",3177,5195,"0","0","0","0","0","-","0"
1,"7ew8B3",1,1062,2023,56,"Eritrea","ERT","ERI",94,"Italy","ITA","ITA",3472,398,"0","0","0","0","0","-","0"
1,"7ew8B3",1,1063,2024,56,"Eritrea","ERT","ERI",94,"Italy","ITA","ITA",2925,206,"0","0","0","0","0","-","0"
1,"7ew8B3",1,1064,2025,56,"Eritrea","ERT","ERI",94,"Italy","ITA","ITA",2337,188,"0","0","0","0","0","-","0"
1,"7ew8B3",1,1065,1980,58,"Ethiopia","ETH","ETH",94,"Italy","ITA","ITA",218,"0","0","0","0","0","0","-","0"
1,"7ew8B3",1,1066,1981,58,"Ethiopia","ETH","ETH",94,"Italy","ITA","ITA",376,"0","0","0","0","0","0","-","0"
1,"7ew8B3",1,1067,1982,58,"Ethiopia","ETH","ETH",94,"Italy","ITA","ITA",455,"0","0","0","0","0","0","-","0"
1,"7ew8B3",1,1068,1983,58,"Ethiopia","ETH","ETH",94,"Italy","ITA","ITA",597,"0","0","0","0","0","0","-","0"
1,"7ew8B3",1,1069,1984,58,"Ethiopia","ETH","ETH",94,"Italy","ITA","ITA",744,"0","0","0","0","0","0","-","0"
1,"7ew8B3",1,1070,1985,58,"Ethiopia","ETH","ETH",94,"Italy","ITA","ITA",819,"0","0","0","0","0","0","-","0"
1,"7ew8B3",1,1071,1986,58,"Ethiopia","ETH","ETH",94,"Italy","ITA","ITA",878,"0","0","0","0","0","0","-","0"
1,"7ew8B3",1,1072,1987,58,"Ethiopia","ETH","ETH",94,"Italy","ITA","ITA",933,"0","0","0","0","0","0","-","0"
1,"7ew8B3",1,1073,1988,58,"Ethiopia","ETH","ETH",94,"Italy","ITA","ITA",1009,"0","0","0","0","0","0","-","0"
1,"7ew8B3",1,1074,1989,58,"Ethiopia","ETH","ETH",94,"Italy","ITA","ITA",1165,"0","0","0","0","0","0","-","0"
1,"7ew8B3",1,1075,1990,58,"Ethiopia","ETH","ETH",94,"Italy","ITA","ITA",1068,"0","0","0","0","0","0","-","0"
1,"7ew8B3",1,1076,1991,58,"Ethiopia","ETH","ETH",94,"Italy","ITA","ITA",925,"0","0","0","0","0","0","-","0"
1,"7ew8B3",1,1077,1992,58,"Ethiopia","ETH","ETH",94,"Italy","ITA","ITA",880,"0","0","0","0","0","0","-","0"
1,"7ew8B3",1,1078,1993,58,"Ethiopia","ETH","ETH",94,"Italy","ITA","ITA",751,"0","0","0","0","0","0","-","0"
1,"7ew8B3",1,1079,1994,58,"Ethiopia","ETH","ETH",94,"Italy","ITA","ITA",613,"0","0","0","0","0","0","-","0"
1,"7ew8B3",1,1080,1995,58,"Ethiopia","ETH","ETH",94,"Italy","ITA","ITA",542,"0","0","0","0","0","0","-","0"
1,"7ew8B3",1,1081,1996,58,"Ethiopia","ETH","ETH",94,"Italy","ITA","ITA",481,"0","0","0","0","0","0","-","0"
1,"7ew8B3",1,1082,1997,58,"Ethiopia","ETH","ETH",94,"Italy","ITA","ITA",401,"0","0","0","0","0","0","-","0"
1,"7ew8B3",1,1083,1998,58,"Ethiopia","ETH","ETH",94,"Italy","ITA","ITA",309,"0","0","0","0","0","0","-","0"
1,"7ew8B3",1,1084,1999,58,"Ethiopia","ETH","ETH",94,"Italy","ITA","ITA",205,"0","0","0","0","0","0","-","0"
1,"7ew8B3",1,1085,2000,58,"Ethiopia","ETH","ETH",94,"Italy","ITA","ITA",201,"0","0","0","0","0","0","-","0"
1,"7ew8B3",1,1086,2001,58,"Ethiopia","ETH","ETH",94,"Italy","ITA","ITA",259,"0","0","0","0","0","0","-","0"
1,"7ew8B3",1,1087,2002,58,"Ethiopia","ETH","ETH",94,"Italy","ITA","ITA",284,"0","0","0","0","0","0","-","0"
1,"7ew8B3",1,1088,2003,58,"Ethiopia","ETH","ETH",94,"Italy","ITA","ITA",333,"0","0","0","0","0","0","-","0"
1,"7ew8B3",1,1089,2004,58,"Ethiopia","ETH","ETH",94,"Italy","ITA","ITA",478,"0","0","0","0","0","0","-","0"
1,"7ew8B3",1,1090,2005,58,"Ethiopia","ETH","ETH",94,"Italy","ITA","ITA",1065,"0","0","0","0","0","0","-","0"
1,"7ew8B3",1,1091,2006,58,"Ethiopia","ETH","ETH",94,"Italy","ITA","ITA",1518,"0","0","0","0","0","0","-","0"
1,"7ew8B3",1,1092,2007,58,"Ethiopia","ETH","ETH",94,"Italy","ITA","ITA",1955,"0","0","0","0","0","0","-","0"
1,"7ew8B3",1,1093,2008,58,"Ethiopia","ETH","ETH",94,"Italy","ITA","ITA",2148,"0","0","0","0","0","0","-","0"
1,"7ew8B3",1,1094,2009,58,"Ethiopia","ETH","ETH",94,"Italy","ITA","ITA",2207,"0","0","0","0","0","0","-","0"
1,"7ew8B3",1,1095,2010,58,"Ethiopia","ETH","ETH",94,"Italy","ITA","ITA",2178,13,"0","0","0","0","0","-","0"
1,"7ew8B3",1,1096,2011,58,"Ethiopia","ETH","ETH",94,"Italy","ITA","ITA",2212,"0","0","0","0","0","0","-","0"
1,"7ew8B3",1,1097,2012,58,"Ethiopia","ETH","ETH",94,"Italy","ITA","ITA",2193,103,"0","0","0","0","0","-","0"
1,"7ew8B3",1,1098,2013,58,"Ethiopia","ETH","ETH",94,"Italy","ITA","ITA",2291,147,"0","0","0","0","0","-","0"
1,"7ew8B3",1,1099,2014,58,"Ethiopia","ETH","ETH",94,"Italy","ITA","ITA",2354,58,"0","0","0","0","0","-","0"
1,"7ew8B3",1,1100,2015,58,"Ethiopia","ETH","ETH",94,"Italy","ITA","ITA",1894,73,"0","0","0","0","0","-","0"
1,"7ew8B3",1,1101,2016,58,"Ethiopia","ETH","ETH",94,"Italy","ITA","ITA",1557,255,"0","0","0","0","0","-","0"
1,"7ew8B3",1,1102,2017,58,"Ethiopia","ETH","ETH",94,"Italy","ITA","ITA",1309,260,"0","0","0","0","0","-","0"
1,"7ew8B3",1,1103,2018,58,"Ethiopia","ETH","ETH",94,"Italy","ITA","ITA",1271,225,"0","0","0","0","0","-","0"
1,"7ew8B3",1,1104,2019,58,"Ethiopia","ETH","ETH",94,"Italy","ITA","ITA",1319,232,"0","0","0","0","0","-","0"
1,"7ew8B3",1,1105,2020,58,"Ethiopia","ETH","ETH",94,"Italy","ITA","ITA",1031,114,"0","0","0","0","0","-","0"
1,"7ew8B3",1,1106,2021,58,"Ethiopia","ETH","ETH",94,"Italy","ITA","ITA",969,75,"0","0","0","0","0","-","0"
1,"7ew8B3",1,1107,2022,58,"Ethiopia","ETH","ETH",94,"Italy","ITA","ITA",980,84,"0","0","0","0","0","-","0"
1,"7ew8B3",1,1108,2023,58,"Ethiopia","ETH","ETH",94,"Italy","ITA","ITA",1118,66,"0","0","0","0","0","-","0"
1,"7ew8B3",1,1109,2024,58,"Ethiopia","ETH","ETH",94,"Italy","ITA","ITA",998,92,"0","0","0","0","0","-","0"
1,"7ew8B3",1,1110,2025,58,"Ethiopia","ETH","ETH",94,"Italy","ITA","ITA",870,101,"0","0","0","0","0","-","0"
1,"7ew8B3",1,1111,2010,67,"Gabon","GAB","GAB",94,"Italy","ITA","ITA",5,"0","0","0","0","0","0","-","0"
1,"7ew8B3",1,1112,2011,67,"Gabon","GAB","GAB",94,"Italy","ITA","ITA",5,"0","0","0","0","0","0","-","0"
1,"7ew8B3",1,1113,2012,67,"Gabon","GAB","GAB",94,"Italy","ITA","ITA",8,5,"0","0","0","0","0","-","0"
1,"7ew8B3",1,1114,2013,67,"Gabon","GAB","GAB",94,"Italy","ITA","ITA",10,7,"0","0","0","0","0","-","0"
1,"7ew8B3",1,1115,2014,67,"Gabon","GAB","GAB",94,"Italy","ITA","ITA",14,9,"0","0","0","0","0","-","0"
1,"7ew8B3",1,1116,2015,67,"Gabon","GAB","GAB",94,"Italy","ITA","ITA",20,9,"0","0","0","0","0","-","0"
1,"7ew8B3",1,1117,2016,67,"Gabon","GAB","GAB",94,"Italy","ITA","ITA",26,16,"0","0","0","0","0","-","0"
1,"7ew8B3",1,1118,2017,67,"Gabon","GAB","GAB",94,"Italy","ITA","ITA",29,36,"0","0","0","0","0","-","0"
1,"7ew8B3",1,1119,2018,67,"Gabon","GAB","GAB",94,"Italy","ITA","ITA",37,17,"0","0","0","0","0","-","0"
1,"7ew8B3",1,1120,2019,67,"Gabon","GAB","GAB",94,"Italy","ITA","ITA",38,10,"0","0","0","0","0","-","0"
1,"7ew8B3",1,1121,2020,67,"Gabon","GAB","GAB",94,"Italy","ITA","ITA","0",9,"0","0","0","0","0","-","0"
1,"7ew8B3",1,1122,2021,67,"Gabon","GAB","GAB",94,"Italy","ITA","ITA","0",6,"0","0","0","0","0","-","0"
1,"7ew8B3",1,1123,2022,67,"Gabon","GAB","GAB",94,"Italy","ITA","ITA","0",6,"0","0","0","0","0","-","0"
1,"7ew8B3",1,1124,2023,67,"Gabon","GAB","GAB",94,"Italy","ITA","ITA",12,15,"0","0","0","0","0","-","0"
1,"7ew8B3",1,1125,2024,67,"Gabon","GAB","GAB",94,"Italy","ITA","ITA",17,16,"0","0","0","0","0","-","0"
1,"7ew8B3",1,1126,2025,67,"Gabon","GAB","GAB",94,"Italy","ITA","ITA",14,19,"0","0","0","0","0","-","0"
1,"7ew8B3",1,1127,2001,68,"Gambia","GAM","GMB",94,"Italy","ITA","ITA",12,"0","0","0","0","0","0","-","0"
1,"7ew8B3",1,1128,2002,68,"Gambia","GAM","GMB",94,"Italy","ITA","ITA",12,"0","0","0","0","0","0","-","0"
1,"7ew8B3",1,1129,2003,68,"Gambia","GAM","GMB",94,"Italy","ITA","ITA",12,"0","0","0","0","0","0","-","0"
1,"7ew8B3",1,1130,2004,68,"Gambia","GAM","GMB",94,"Italy","ITA","ITA",15,"0","0","0","0","0","0","-","0"
1,"7ew8B3",1,1131,2005,68,"Gambia","GAM","GMB",94,"Italy","ITA","ITA",15,"0","0","0","0","0","0","-","0"
1,"7ew8B3",1,1132,2006,68,"Gambia","GAM","GMB",94,"Italy","ITA","ITA",26,"0","0","0","0","0","0","-","0"
1,"7ew8B3",1,1133,2007,68,"Gambia","GAM","GMB",94,"Italy","ITA","ITA",81,"0","0","0","0","0","0","-","0"
1,"7ew8B3",1,1134,2008,68,"Gambia","GAM","GMB",94,"Italy","ITA","ITA",123,"0","0","0","0","0","0","-","0"
1,"7ew8B3",1,1135,2009,68,"Gambia","GAM","GMB",94,"Italy","ITA","ITA",207,"0","0","0","0","0","0","-","0"
1,"7ew8B3",1,1136,2010,68,"Gambia","GAM","GMB",94,"Italy","ITA","ITA",216,36,"0","0","0","0","0","-","0"
1,"7ew8B3",1,1137,2011,68,"Gambia","GAM","GMB",94,"Italy","ITA","ITA",222,"0","0","0","0","0","0","-","0"
1,"7ew8B3",1,1138,2012,68,"Gambia","GAM","GMB",94,"Italy","ITA","ITA",299,246,"0","0","0","0","0","-","0"
1,"7ew8B3",1,1139,2013,68,"Gambia","GAM","GMB",94,"Italy","ITA","ITA",642,1231,"0","0","0","0","0","-","0"
1,"7ew8B3",1,1140,2014,68,"Gambia","GAM","GMB",94,"Italy","ITA","ITA",1923,6136,"0","0","0","0","0","-","0"
1,"7ew8B3",1,1141,2015,68,"Gambia","GAM","GMB",94,"Italy","ITA","ITA",4919,5073,"0","0","0","0","0","-","0"
1,"7ew8B3",1,1142,2016,68,"Gambia","GAM","GMB",94,"Italy","ITA","ITA",7723,6302,"0","0","0","0","0","-","0"
1,"7ew8B3",1,1143,2017,68,"Gambia","GAM","GMB",94,"Italy","ITA","ITA",10273,10570,"0","0","0","0","0","-","0"
1,"7ew8B3",1,1144,2018,68,"Gambia","GAM","GMB",94,"Italy","ITA","ITA",12549,3600,"0","0","0","0","0","-","0"
1,"7ew8B3",1,1145,2019,68,"Gambia","GAM","GMB",94,"Italy","ITA","ITA",12968,701,"0","0","0","0","0","-","0"
1,"7ew8B3",1,1146,2020,68,"Gambia","GAM","GMB",94,"Italy","ITA","ITA",5740,733,"0","0","0","0","0","-","0"
1,"7ew8B3",1,1147,2021,68,"Gambia","GAM","GMB",94,"Italy","ITA","ITA",6056,691,"0","0","0","0","0","-","0"
1,"7ew8B3",1,1148,2022,68,"Gambia","GAM","GMB",94,"Italy","ITA","ITA",6087,814,"0","0","0","0","0","-","0"
1,"7ew8B3",1,1149,2023,68,"Gambia","GAM","GMB",94,"Italy","ITA","ITA",3024,1465,"0","0","0","0","0","-","0"
1,"7ew8B3",1,1150,2024,68,"Gambia","GAM","GMB",94,"Italy","ITA","ITA",3023,1281,"0","0","0","0","0","-","0"
1,"7ew8B3",1,1151,2025,68,"Gambia","GAM","GMB",94,"Italy","ITA","ITA",2856,1099,"0","0","0","0","0","-","0"
1,"7ew8B3",1,1152,1986,69,"Palestinian","GAZ","PSE",94,"Italy","ITA","ITA",5,"0","0","0","0","0","0","-","0"
1,"7ew8B3",1,1153,1987,69,"Palestinian","GAZ","PSE",94,"Italy","ITA","ITA",5,"0","0","0","0","0","0","-","0"
1,"7ew8B3",1,1154,1988,69,"Palestinian","GAZ","PSE",94,"Italy","ITA","ITA",14,"0","0","0","0","0","0","-","0"
1,"7ew8B3",1,1155,1989,69,"Palestinian","GAZ","PSE",94,"Italy","ITA","ITA",18,"0","0","0","0","0","0","-","0"
1,"7ew8B3",1,1156,1990,69,"Palestinian","GAZ","PSE",94,"Italy","ITA","ITA",18,"0","0","0","0","0","0","-","0"
1,"7ew8B3",1,1157,1991,69,"Palestinian","GAZ","PSE",94,"Italy","ITA","ITA",18,"0","0","0","0","0","0","-","0"
1,"7ew8B3",1,1158,1992,69,"Palestinian","GAZ","PSE",94,"Italy","ITA","ITA",18,"0","0","0","0","0","0","-","0"
1,"7ew8B3",1,1159,1993,69,"Palestinian","GAZ","PSE",94,"Italy","ITA","ITA",19,"0","0","0","0","0","0","-","0"
1,"7ew8B3",1,1160,1994,69,"Palestinian","GAZ","PSE",94,"Italy","ITA","ITA",19,"0","0","0","0","0","0","-","0"
1,"7ew8B3",1,1161,1995,69,"Palestinian","GAZ","PSE",94,"Italy","ITA","ITA",19,"0","0","0","0","0","0","-","0"
1,"7ew8B3",1,1162,1996,69,"Palestinian","GAZ","PSE",94,"Italy","ITA","ITA",17,"0","0","0","0","0","0","-","0"
1,"7ew8B3",1,1163,1997,69,"Palestinian","GAZ","PSE",94,"Italy","ITA","ITA",17,"0","0","0","0","0","0","-","0"
1,"7ew8B3",1,1164,1998,69,"Palestinian","GAZ","PSE",94,"Italy","ITA","ITA",8,"0","0","0","0","0","0","-","0"
1,"7ew8B3",1,1165,1999,69,"Palestinian","GAZ","PSE",94,"Italy","ITA","ITA",6,"0","0","0","0","0","0","-","0"
1,"7ew8B3",1,1166,2000,69,"Palestinian","GAZ","PSE",94,"Italy","ITA","ITA",15,"0","0","0","0","0","0","-","0"
1,"7ew8B3",1,1167,2001,69,"Palestinian","GAZ","PSE",94,"Italy","ITA","ITA",21,"0","0","0","0","0","0","-","0"
1,"7ew8B3",1,1168,2002,69,"Palestinian","GAZ","PSE",94,"Italy","ITA","ITA",29,"0","0","0","0","0","0","-","0"
1,"7ew8B3",1,1169,2003,69,"Palestinian","GAZ","PSE",94,"Italy","ITA","ITA",32,"0","0","0","0","0","0","-","0"
1,"7ew8B3",1,1170,2004,69,"Palestinian","GAZ","PSE",94,"Italy","ITA","ITA",40,"0","0","0","0","0","0","-","0"
1,"7ew8B3",1,1171,2005,69,"Palestinian","GAZ","PSE",94,"Italy","ITA","ITA",60,"0","0","0","0","0","0","-","0"
1,"7ew8B3",1,1172,2006,69,"Palestinian","GAZ","PSE",94,"Italy","ITA","ITA",73,"0","0","0","0","0","0","-","0"
1,"7ew8B3",1,1173,2007,69,"Palestinian","GAZ","PSE",94,"Italy","ITA","ITA",90,"0","0","0","0","0","0","-","0"
1,"7ew8B3",1,1174,2008,69,"Palestinian","GAZ","PSE",94,"Italy","ITA","ITA",110,"0","0","0","0","0","0","-","0"
1,"7ew8B3",1,1175,2009,69,"Palestinian","GAZ","PSE",94,"Italy","ITA","ITA",266,"0","0","0","0","0","0","-","0"
1,"7ew8B3",1,1176,2010,69,"Palestinian","GAZ","PSE",94,"Italy","ITA","ITA",374,30,"0","0","0","0","0","-","0"
1,"7ew8B3",1,1177,2011,69,"Palestinian","GAZ","PSE",94,"Italy","ITA","ITA",402,"0","0","0","0","0","0","-","0"
1,"7ew8B3",1,1178,2012,69,"Palestinian","GAZ","PSE",94,"Italy","ITA","ITA",434,80,"0","0","0","0","0","-","0"
1,"7ew8B3",1,1179,2013,69,"Palestinian","GAZ","PSE",94,"Italy","ITA","ITA",501,106,"0","0","0","0","0","-","0"
1,"7ew8B3",1,1180,2014,69,"Palestinian","GAZ","PSE",94,"Italy","ITA","ITA",611,142,"0","0","0","0","0","-","0"
1,"7ew8B3",1,1181,2015,69,"Palestinian","GAZ","PSE",94,"Italy","ITA","ITA",702,92,"0","0","0","0","0","-","0"
1,"7ew8B3",1,1182,2016,69,"Palestinian","GAZ","PSE",94,"Italy","ITA","ITA",792,226,"0","0","0","0","0","-","0"
1,"7ew8B3",1,1183,2017,69,"Palestinian","GAZ","PSE",94,"Italy","ITA","ITA",954,234,"0","0","0","0","0","-","0"
1,"7ew8B3",1,1184,2018,69,"Palestinian","GAZ","PSE",94,"Italy","ITA","ITA",1049,205,"0","0","0","0","0","-","0"
1,"7ew8B3",1,1185,2019,69,"Palestinian","GAZ","PSE",94,"Italy","ITA","ITA",1086,90,"0","0","0","0","0","-","0"
1,"7ew8B3",1,1186,2020,69,"Palestinian","GAZ","PSE",94,"Italy","ITA","ITA",677,149,"0","0","0","0","0","-","0"
1,"7ew8B3",1,1187,2021,69,"Palestinian","GAZ","PSE",94,"Italy","ITA","ITA",716,138,"0","0","0","0","0","-","0"
1,"7ew8B3",1,1188,2022,69,"Palestinian","GAZ","PSE",94,"Italy","ITA","ITA",742,126,"0","0","0","0","0","-","0"
1,"7ew8B3",1,1189,2023,69,"Palestinian","GAZ","PSE",94,"Italy","ITA","ITA",826,117,"0","0","0","0","0","-","0"
1,"7ew8B3",1,1190,2024,69,"Palestinian","GAZ","PSE",94,"Italy","ITA","ITA",1082,182,"0","0","0","0","0","-","0"
1,"7ew8B3",1,1191,2025,69,"Palestinian","GAZ","PSE",94,"Italy","ITA","ITA",950,178,"0","0","0","0","0","-","0"
1,"7ew8B3",1,1192,2025,70,"United Kingdom of Great Britain and Northern Ireland","GBR","GBR",94,"Italy","ITA","ITA","0",5,"0","0","0","0","0","-","0"
1,"7ew8B3",1,1193,1998,71,"Georgia","GEO","GEO",94,"Italy","ITA","ITA",6,"0","0","0","0","0","0","-","0"
1,"7ew8B3",1,1194,1999,71,"Georgia","GEO","GEO",94,"Italy","ITA","ITA",15,"0","0","0","0","0","0","-","0"
1,"7ew8B3",1,1195,2000,71,"Georgia","GEO","GEO",94,"Italy","ITA","ITA",30,"0","0","0","0","0","0","-","0"
1,"7ew8B3",1,1196,2001,71,"Georgia","GEO","GEO",94,"Italy","ITA","ITA",30,"0","0","0","0","0","0","-","0"
1,"7ew8B3",1,1197,2002,71,"Georgia","GEO","GEO",94,"Italy","ITA","ITA",35,"0","0","0","0","0","0","-","0"
1,"7ew8B3",1,1198,2003,71,"Georgia","GEO","GEO",94,"Italy","ITA","ITA",39,"0","0","0","0","0","0","-","0"
1,"7ew8B3",1,1199,2004,71,"Georgia","GEO","GEO",94,"Italy","ITA","ITA",41,"0","0","0","0","0","0","-","0"
1,"7ew8B3",1,1200,2005,71,"Georgia","GEO","GEO",94,"Italy","ITA","ITA",41,"0","0","0","0","0","0","-","0"
1,"7ew8B3",1,1201,2006,71,"Georgia","GEO","GEO",94,"Italy","ITA","ITA",41,"0","0","0","0","0","0","-","0"
1,"7ew8B3",1,1202,2007,71,"Georgia","GEO","GEO",94,"Italy","ITA","ITA",55,"0","0","0","0","0","0","-","0"
1,"7ew8B3",1,1203,2008,71,"Georgia","GEO","GEO",94,"Italy","ITA","ITA",65,"0","0","0","0","0","0","-","0"
1,"7ew8B3",1,1204,2009,71,"Georgia","GEO","GEO",94,"Italy","ITA","ITA",89,"0","0","0","0","0","0","-","0"
1,"7ew8B3",1,1205,2010,71,"Georgia","GEO","GEO",94,"Italy","ITA","ITA",84,41,"0","0","0","0","0","-","0"
1,"7ew8B3",1,1206,2011,71,"Georgia","GEO","GEO",94,"Italy","ITA","ITA",89,"0","0","0","0","0","0","-","0"
1,"7ew8B3",1,1207,2012,71,"Georgia","GEO","GEO",94,"Italy","ITA","ITA",90,44,"0","0","0","0","0","-","0"
1,"7ew8B3",1,1208,2013,71,"Georgia","GEO","GEO",94,"Italy","ITA","ITA",109,15,"0","0","0","0","0","-","0"
1,"7ew8B3",1,1209,2014,71,"Georgia","GEO","GEO",94,"Italy","ITA","ITA",130,67,"0","0","0","0","0","-","0"
1,"7ew8B3",1,1210,2015,71,"Georgia","GEO","GEO",94,"Italy","ITA","ITA",188,94,"0","0","0","0","0","-","0"
1,"7ew8B3",1,1211,2016,71,"Georgia","GEO","GEO",94,"Italy","ITA","ITA",259,179,"0","0","0","0","0","-","0"
1,"7ew8B3",1,1212,2017,71,"Georgia","GEO","GEO",94,"Italy","ITA","ITA",329,975,"0","0","0","0","0","-","0"
1,"7ew8B3",1,1213,2018,71,"Georgia","GEO","GEO",94,"Italy","ITA","ITA",510,1235,"0","0","0","0","0","-","0"
1,"7ew8B3",1,1214,2019,71,"Georgia","GEO","GEO",94,"Italy","ITA","ITA",732,714,"0","0","0","0","0","-","0"
1,"7ew8B3",1,1215,2020,71,"Georgia","GEO","GEO",94,"Italy","ITA","ITA",383,699,"0","0","0","0","0","-","0"
1,"7ew8B3",1,1216,2021,71,"Georgia","GEO","GEO",94,"Italy","ITA","ITA",623,1174,"0","0","0","0","0","-","0"
1,"7ew8B3",1,1217,2022,71,"Georgia","GEO","GEO",94,"Italy","ITA","ITA",792,2724,"0","0","0","0","0","-","0"
1,"7ew8B3",1,1218,2023,71,"Georgia","GEO","GEO",94,"Italy","ITA","ITA",570,3501,"0","0","0","0","0","-","0"
1,"7ew8B3",1,1219,2024,71,"Georgia","GEO","GEO",94,"Italy","ITA","ITA",748,5174,"0","0","0","0","0","-","0"
1,"7ew8B3",1,1220,2025,71,"Georgia","GEO","GEO",94,"Italy","ITA","ITA",709,6657,"0","0","0","0","0","-","0"
1,"7ew8B3",1,1221,2019,72,"Germany","GFR","DEU",94,"Italy","ITA","ITA","0",11,"0","0","0","0","0","-","0"
1,"7ew8B3",1,1222,2020,72,"Germany","GFR","DEU",94,"Italy","ITA","ITA","0",6,"0","0","0","0","0","-","0"
1,"7ew8B3",1,1223,1983,73,"Ghana","GHA","GHA",94,"Italy","ITA","ITA",18,"0","0","0","0","0","0","-","0"
1,"7ew8B3",1,1224,1984,73,"Ghana","GHA","GHA",94,"Italy","ITA","ITA",102,"0","0","0","0","0","0","-","0"
1,"7ew8B3",1,1225,1985,73,"Ghana","GHA","GHA",94,"Italy","ITA","ITA",115,"0","0","0","0","0","0","-","0"
1,"7ew8B3",1,1226,1986,73,"Ghana","GHA","GHA",94,"Italy","ITA","ITA",119,"0","0","0","0","0","0","-","0"
1,"7ew8B3",1,1227,1987,73,"Ghana","GHA","GHA",94,"Italy","ITA","ITA",126,"0","0","0","0","0","0","-","0"
1,"7ew8B3",1,1228,1988,73,"Ghana","GHA","GHA",94,"Italy","ITA","ITA",127,"0","0","0","0","0","0","-","0"
1,"7ew8B3",1,1229,1989,73,"Ghana","GHA","GHA",94,"Italy","ITA","ITA",127,"0","0","0","0","0","0","-","0"
1,"7ew8B3",1,1230,1990,73,"Ghana","GHA","GHA",94,"Italy","ITA","ITA",126,"0","0","0","0","0","0","-","0"
1,"7ew8B3",1,1231,1991,73,"Ghana","GHA","GHA",94,"Italy","ITA","ITA",126,"0","0","0","0","0","0","-","0"
1,"7ew8B3",1,1232,1992,73,"Ghana","GHA","GHA",94,"Italy","ITA","ITA",126,"0","0","0","0","0","0","-","0"
1,"7ew8B3",1,1233,1993,73,"Ghana","GHA","GHA",94,"Italy","ITA","ITA",110,"0","0","0","0","0","0","-","0"
1,"7ew8B3",1,1234,1994,73,"Ghana","GHA","GHA",94,"Italy","ITA","ITA",27,"0","0","0","0","0","0","-","0"
1,"7ew8B3",1,1235,1995,73,"Ghana","GHA","GHA",94,"Italy","ITA","ITA",14,"0","0","0","0","0","0","-","0"
1,"7ew8B3",1,1236,1996,73,"Ghana","GHA","GHA",94,"Italy","ITA","ITA",10,"0","0","0","0","0","0","-","0"
1,"7ew8B3",1,1237,1997,73,"Ghana","GHA","GHA",94,"Italy","ITA","ITA",5,"0","0","0","0","0","0","-","0"
1,"7ew8B3",1,1238,2000,73,"Ghana","GHA","GHA",94,"Italy","ITA","ITA",5,"0","0","0","0","0","0","-","0"
1,"7ew8B3",1,1239,2001,73,"Ghana","GHA","GHA",94,"Italy","ITA","ITA",5,"0","0","0","0","0","0","-","0"
1,"7ew8B3",1,1240,2002,73,"Ghana","GHA","GHA",94,"Italy","ITA","ITA",6,"0","0","0","0","0","0","-","0"
1,"7ew8B3",1,1241,2003,73,"Ghana","GHA","GHA",94,"Italy","ITA","ITA",10,"0","0","0","0","0","0","-","0"
1,"7ew8B3",1,1242,2004,73,"Ghana","GHA","GHA",94,"Italy","ITA","ITA",64,"0","0","0","0","0","0","-","0"
1,"7ew8B3",1,1243,2005,73,"Ghana","GHA","GHA",94,"Italy","ITA","ITA",95,"0","0","0","0","0","0","-","0"
1,"7ew8B3",1,1244,2006,73,"Ghana","GHA","GHA",94,"Italy","ITA","ITA",127,"0","0","0","0","0","0","-","0"
1,"7ew8B3",1,1245,2007,73,"Ghana","GHA","GHA",94,"Italy","ITA","ITA",307,"0","0","0","0","0","0","-","0"
1,"7ew8B3",1,1246,2008,73,"Ghana","GHA","GHA",94,"Italy","ITA","ITA",440,"0","0","0","0","0","0","-","0"
1,"7ew8B3",1,1247,2009,73,"Ghana","GHA","GHA",94,"Italy","ITA","ITA",602,"0","0","0","0","0","0","-","0"
1,"7ew8B3",1,1248,2010,73,"Ghana","GHA","GHA",94,"Italy","ITA","ITA",604,136,"0","0","0","0","0","-","0"
1,"7ew8B3",1,1249,2011,73,"Ghana","GHA","GHA",94,"Italy","ITA","ITA",658,"0","0","0","0","0","0","-","0"
1,"7ew8B3",1,1250,2012,73,"Ghana","GHA","GHA",94,"Italy","ITA","ITA",926,553,"0","0","0","0","0","-","0"
1,"7ew8B3",1,1251,2013,73,"Ghana","GHA","GHA",94,"Italy","ITA","ITA",1441,310,"0","0","0","0","0","-","0"
1,"7ew8B3",1,1252,2014,73,"Ghana","GHA","GHA",94,"Italy","ITA","ITA",1733,1738,"0","0","0","0","0","-","0"
1,"7ew8B3",1,1253,2015,73,"Ghana","GHA","GHA",94,"Italy","ITA","ITA",2502,2720,"0","0","0","0","0","-","0"
1,"7ew8B3",1,1254,2016,73,"Ghana","GHA","GHA",94,"Italy","ITA","ITA",3769,3817,"0","0","0","0","0","-","0"
1,"7ew8B3",1,1255,2017,73,"Ghana","GHA","GHA",94,"Italy","ITA","ITA",4861,7121,"0","0","0","0","0","-","0"
1,"7ew8B3",1,1256,2018,73,"Ghana","GHA","GHA",94,"Italy","ITA","ITA",5723,2894,"0","0","0","0","0","-","0"
1,"7ew8B3",1,1257,2019,73,"Ghana","GHA","GHA",94,"Italy","ITA","ITA",5953,589,"0","0","0","0","0","-","0"
1,"7ew8B3",1,1258,2020,73,"Ghana","GHA","GHA",94,"Italy","ITA","ITA",2538,638,"0","0","0","0","0","-","0"
1,"7ew8B3",1,1259,2021,73,"Ghana","GHA","GHA",94,"Italy","ITA","ITA",2704,403,"0","0","0","0","0","-","0"
1,"7ew8B3",1,1260,2022,73,"Ghana","GHA","GHA",94,"Italy","ITA","ITA",2473,394,"0","0","0","0","0","-","0"
1,"7ew8B3",1,1261,2023,73,"Ghana","GHA","GHA",94,"Italy","ITA","ITA",1383,358,"0","0","0","0","0","-","0"
1,"7ew8B3",1,1262,2024,73,"Ghana","GHA","GHA",94,"Italy","ITA","ITA",1276,389,"0","0","0","0","0","-","0"
1,"7ew8B3",1,1263,2025,73,"Ghana","GHA","GHA",94,"Italy","ITA","ITA",1240,424,"0","0","0","0","0","-","0"
1,"7ew8B3",1,1264,1986,75,"Guinea-Bissau","GNB","GNB",94,"Italy","ITA","ITA",5,"0","0","0","0","0","0","-","0"
1,"7ew8B3",1,1265,2004,75,"Guinea-Bissau","GNB","GNB",94,"Italy","ITA","ITA",5,"0","0","0","0","0","0","-","0"
1,"7ew8B3",1,1266,2005,75,"Guinea-Bissau","GNB","GNB",94,"Italy","ITA","ITA",5,"0","0","0","0","0","0","-","0"
1,"7ew8B3",1,1267,2006,75,"Guinea-Bissau","GNB","GNB",94,"Italy","ITA","ITA",5,"0","0","0","0","0","0","-","0"
1,"7ew8B3",1,1268,2007,75,"Guinea-Bissau","GNB","GNB",94,"Italy","ITA","ITA",5,"0","0","0","0","0","0","-","0"
1,"7ew8B3",1,1269,2008,75,"Guinea-Bissau","GNB","GNB",94,"Italy","ITA","ITA",5,"0","0","0","0","0","0","-","0"
1,"7ew8B3",1,1270,2009,75,"Guinea-Bissau","GNB","GNB",94,"Italy","ITA","ITA",12,"0","0","0","0","0","0","-","0"
1,"7ew8B3",1,1271,2010,75,"Guinea-Bissau","GNB","GNB",94,"Italy","ITA","ITA",15,5,"0","0","0","0","0","-","0"
1,"7ew8B3",1,1272,2011,75,"Guinea-Bissau","GNB","GNB",94,"Italy","ITA","ITA",16,"0","0","0","0","0","0","-","0"
1,"7ew8B3",1,1273,2012,75,"Guinea-Bissau","GNB","GNB",94,"Italy","ITA","ITA",40,31,"0","0","0","0","0","-","0"
1,"7ew8B3",1,1274,2013,75,"Guinea-Bissau","GNB","GNB",94,"Italy","ITA","ITA",80,70,"0","0","0","0","0","-","0"
1,"7ew8B3",1,1275,2014,75,"Guinea-Bissau","GNB","GNB",94,"Italy","ITA","ITA",166,300,"0","0","0","0","0","-","0"
1,"7ew8B3",1,1276,2015,75,"Guinea-Bissau","GNB","GNB",94,"Italy","ITA","ITA",320,475,"0","0","0","0","0","-","0"
1,"7ew8B3",1,1277,2016,75,"Guinea-Bissau","GNB","GNB",94,"Italy","ITA","ITA",524,544,"0","0","0","0","0","-","0"
1,"7ew8B3",1,1278,2017,75,"Guinea-Bissau","GNB","GNB",94,"Italy","ITA","ITA",709,1127,"0","0","0","0","0","-","0"
1,"7ew8B3",1,1279,2018,75,"Guinea-Bissau","GNB","GNB",94,"Italy","ITA","ITA",870,415,"0","0","0","0","0","-","0"
1,"7ew8B3",1,1280,2019,75,"Guinea-Bissau","GNB","GNB",94,"Italy","ITA","ITA",909,94,"0","0","0","0","0","-","0"
1,"7ew8B3",1,1281,2020,75,"Guinea-Bissau","GNB","GNB",94,"Italy","ITA","ITA",438,58,"0","0","0","0","0","-","0"
1,"7ew8B3",1,1282,2021,75,"Guinea-Bissau","GNB","GNB",94,"Italy","ITA","ITA",464,57,"0","0","0","0","0","-","0"
1,"7ew8B3",1,1283,2022,75,"Guinea-Bissau","GNB","GNB",94,"Italy","ITA","ITA",451,68,"0","0","0","0","0","-","0"
1,"7ew8B3",1,1284,2023,75,"Guinea-Bissau","GNB","GNB",94,"Italy","ITA","ITA",180,116,"0","0","0","0","0","-","0"
1,"7ew8B3",1,1285,2024,75,"Guinea-Bissau","GNB","GNB",94,"Italy","ITA","ITA",170,159,"0","0","0","0","0","-","0"
1,"7ew8B3",1,1286,2025,75,"Guinea-Bissau","GNB","GNB",94,"Italy","ITA","ITA",138,146,"0","0","0","0","0","-","0"
1,"7ew8B3",1,1287,2008,78,"Guatemala","GUA","GTM",94,"Italy","ITA","ITA",5,"0","0","0","0","0","0","-","0"
1,"7ew8B3",1,1288,2009,78,"Guatemala","GUA","GTM",94,"Italy","ITA","ITA",5,"0","0","0","0","0","0","-","0"
1,"7ew8B3",1,1289,2010,78,"Guatemala","GUA","GTM",94,"Italy","ITA","ITA",5,"0","0","0","0","0","0","-","0"
1,"7ew8B3",1,1290,2011,78,"Guatemala","GUA","GTM",94,"Italy","ITA","ITA",5,"0","0","0","0","0","0","-","0"
1,"7ew8B3",1,1291,2012,78,"Guatemala","GUA","GTM",94,"Italy","ITA","ITA",5,"0","0","0","0","0","0","-","0"
1,"7ew8B3",1,1292,2013,78,"Guatemala","GUA","GTM",94,"Italy","ITA","ITA",5,"0","0","0","0","0","0","-","0"
1,"7ew8B3",1,1293,2014,78,"Guatemala","GUA","GTM",94,"Italy","ITA","ITA",5,"0","0","0","0","0","0","-","0"
1,"7ew8B3",1,1294,2015,78,"Guatemala","GUA","GTM",94,"Italy","ITA","ITA",5,"0","0","0","0","0","0","-","0"
1,"7ew8B3",1,1295,2016,78,"Guatemala","GUA","GTM",94,"Italy","ITA","ITA",6,"0","0","0","0","0","0","-","0"
1,"7ew8B3",1,1296,2017,78,"Guatemala","GUA","GTM",94,"Italy","ITA","ITA",6,7,"0","0","0","0","0","-","0"
1,"7ew8B3",1,1297,2018,78,"Guatemala","GUA","GTM",94,"Italy","ITA","ITA",5,15,"0","0","0","0","0","-","0"
1,"7ew8B3",1,1298,2019,78,"Guatemala","GUA","GTM",94,"Italy","ITA","ITA",17,17,"0","0","0","0","0","-","0"
1,"7ew8B3",1,1299,2020,78,"Guatemala","GUA","GTM",94,"Italy","ITA","ITA","0",21,"0","0","0","0","0","-","0"
1,"7ew8B3",1,1300,2021,78,"Guatemala","GUA","GTM",94,"Italy","ITA","ITA",12,9,"0","0","0","0","0","-","0"
1,"7ew8B3",1,1301,2022,78,"Guatemala","GUA","GTM",94,"Italy","ITA","ITA",16,20,"0","0","0","0","0","-","0"
1,"7ew8B3",1,1302,2023,78,"Guatemala","GUA","GTM",94,"Italy","ITA","ITA",45,38,"0","0","0","0","0","-","0"
1,"7ew8B3",1,1303,2024,78,"Guatemala","GUA","GTM",94,"Italy","ITA","ITA",50,95,"0","0","0","0","0","-","0"
1,"7ew8B3",1,1304,2025,78,"Guatemala","GUA","GTM",94,"Italy","ITA","ITA",51,138,"0","0","0","0","0","-","0"
1,"7ew8B3",1,1305,2004,79,"Guinea","GUI","GIN",94,"Italy","ITA","ITA",5,"0","0","0","0","0","0","-","0"
1,"7ew8B3",1,1306,2005,79,"Guinea","GUI","GIN",94,"Italy","ITA","ITA",5,"0","0","0","0","0","0","-","0"
1,"7ew8B3",1,1307,2006,79,"Guinea","GUI","GIN",94,"Italy","ITA","ITA",37,"0","0","0","0","0","0","-","0"
1,"7ew8B3",1,1308,2007,79,"Guinea","GUI","GIN",94,"Italy","ITA","ITA",184,"0","0","0","0","0","0","-","0"
1,"7ew8B3",1,1309,2008,79,"Guinea","GUI","GIN",94,"Italy","ITA","ITA",329,"0","0","0","0","0","0","-","0"
1,"7ew8B3",1,1310,2009,79,"Guinea","GUI","GIN",94,"Italy","ITA","ITA",473,"0","0","0","0","0","0","-","0"
1,"7ew8B3",1,1311,2010,79,"Guinea","GUI","GIN",94,"Italy","ITA","ITA",516,55,"0","0","0","0","0","-","0"
1,"7ew8B3",1,1312,2011,79,"Guinea","GUI","GIN",94,"Italy","ITA","ITA",571,"0","0","0","0","0","0","-","0"
1,"7ew8B3",1,1313,2012,79,"Guinea","GUI","GIN",94,"Italy","ITA","ITA",652,156,"0","0","0","0","0","-","0"
1,"7ew8B3",1,1314,2013,79,"Guinea","GUI","GIN",94,"Italy","ITA","ITA",778,101,"0","0","0","0","0","-","0"
1,"7ew8B3",1,1315,2014,79,"Guinea","GUI","GIN",94,"Italy","ITA","ITA",1026,649,"0","0","0","0","0","-","0"
1,"7ew8B3",1,1316,2015,79,"Guinea","GUI","GIN",94,"Italy","ITA","ITA",1626,1189,"0","0","0","0","0","-","0"
1,"7ew8B3",1,1317,2016,79,"Guinea","GUI","GIN",94,"Italy","ITA","ITA",2334,4380,"0","0","0","0","0","-","0"
1,"7ew8B3",1,1318,2017,79,"Guinea","GUI","GIN",94,"Italy","ITA","ITA",3387,11176,"0","0","0","0","0","-","0"
1,"7ew8B3",1,1319,2018,79,"Guinea","GUI","GIN",94,"Italy","ITA","ITA",4571,4831,"0","0","0","0","0","-","0"
1,"7ew8B3",1,1320,2019,79,"Guinea","GUI","GIN",94,"Italy","ITA","ITA",4868,884,"0","0","0","0","0","-","0"
1,"7ew8B3",1,1321,2020,79,"Guinea","GUI","GIN",94,"Italy","ITA","ITA",2358,694,"0","0","0","0","0","-","0"
1,"7ew8B3",1,1322,2021,79,"Guinea","GUI","GIN",94,"Italy","ITA","ITA",2460,674,"0","0","0","0","0","-","0"
1,"7ew8B3",1,1323,2022,79,"Guinea","GUI","GIN",94,"Italy","ITA","ITA",2430,977,"0","0","0","0","0","-","0"
1,"7ew8B3",1,1324,2023,79,"Guinea","GUI","GIN",94,"Italy","ITA","ITA",1651,3460,"0","0","0","0","0","-","0"
1,"7ew8B3",1,1325,2024,79,"Guinea","GUI","GIN",94,"Italy","ITA","ITA",1616,3683,"0","0","0","0","0","-","0"
1,"7ew8B3",1,1326,2025,79,"Guinea","GUI","GIN",94,"Italy","ITA","ITA",1618,3273,"0","0","0","0","0","-","0"
1,"7ew8B3",1,1327,2011,81,"Haiti","HAI","HTI",94,"Italy","ITA","ITA",8,"0","0","0","0","0","0","-","0"
1,"7ew8B3",1,1328,2012,81,"Haiti","HAI","HTI",94,"Italy","ITA","ITA",8,"0","0","0","0","0","0","-","0"
1,"7ew8B3",1,1329,2013,81,"Haiti","HAI","HTI",94,"Italy","ITA","ITA",8,"0","0","0","0","0","0","-","0"
1,"7ew8B3",1,1330,2014,81,"Haiti","HAI","HTI",94,"Italy","ITA","ITA",8,"0","0","0","0","0","0","-","0"
1,"7ew8B3",1,1331,2015,81,"Haiti","HAI","HTI",94,"Italy","ITA","ITA",9,"0","0","0","0","0","0","-","0"
1,"7ew8B3",1,1332,2016,81,"Haiti","HAI","HTI",94,"Italy","ITA","ITA",9,"0","0","0","0","0","0","-","0"
1,"7ew8B3",1,1333,2017,81,"Haiti","HAI","HTI",94,"Italy","ITA","ITA",9,"0","0","0","0","0","0","-","0"
1,"7ew8B3",1,1334,2018,81,"Haiti","HAI","HTI",94,"Italy","ITA","ITA",9,"0","0","0","0","0","0","-","0"
1,"7ew8B3",1,1335,2019,81,"Haiti","HAI","HTI",94,"Italy","ITA","ITA",9,"0","0","0","0","0","0","-","0"
1,"7ew8B3",1,1336,2023,81,"Haiti","HAI","HTI",94,"Italy","ITA","ITA",5,5,"0","0","0","0","0","-","0"
1,"7ew8B3",1,1337,2024,81,"Haiti","HAI","HTI",94,"Italy","ITA","ITA",5,7,"0","0","0","0","0","-","0"
1,"7ew8B3",1,1338,2025,81,"Haiti","HAI","HTI",94,"Italy","ITA","ITA",5,10,"0","0","0","0","0","-","0"
1,"7ew8B3",1,1339,2021,82,"China, Hong Kong SAR","HKG","HKG",94,"Italy","ITA","ITA",48,168,"0","0","0","0","0","-","0"
1,"7ew8B3",1,1340,2010,83,"Honduras","HON","HND",94,"Italy","ITA","ITA",6,"0","0","0","0","0","0","-","0"
1,"7ew8B3",1,1341,2011,83,"Honduras","HON","HND",94,"Italy","ITA","ITA",7,"0","0","0","0","0","0","-","0"
1,"7ew8B3",1,1342,2012,83,"Honduras","HON","HND",94,"Italy","ITA","ITA",7,"0","0","0","0","0","0","-","0"
1,"7ew8B3",1,1343,2013,83,"Honduras","HON","HND",94,"Italy","ITA","ITA",7,"0","0","0","0","0","0","-","0"
1,"7ew8B3",1,1344,2014,83,"Honduras","HON","HND",94,"Italy","ITA","ITA",7,"0","0","0","0","0","0","-","0"
1,"7ew8B3",1,1345,2015,83,"Honduras","HON","HND",94,"Italy","ITA","ITA",9,16,"0","0","0","0","0","-","0"
1,"7ew8B3",1,1346,2016,83,"Honduras","HON","HND",94,"Italy","ITA","ITA",19,54,"0","0","0","0","0","-","0"
1,"7ew8B3",1,1347,2017,83,"Honduras","HON","HND",94,"Italy","ITA","ITA",42,168,"0","0","0","0","0","-","0"
1,"7ew8B3",1,1348,2018,83,"Honduras","HON","HND",94,"Italy","ITA","ITA",116,249,"0","0","0","0","0","-","0"
1,"7ew8B3",1,1349,2019,83,"Honduras","HON","HND",94,"Italy","ITA","ITA",286,172,"0","0","0","0","0","-","0"
1,"7ew8B3",1,1350,2020,83,"Honduras","HON","HND",94,"Italy","ITA","ITA",290,180,"0","0","0","0","0","-","0"
1,"7ew8B3",1,1351,2021,83,"Honduras","HON","HND",94,"Italy","ITA","ITA",464,48,"0","0","0","0","0","-","0"
1,"7ew8B3",1,1352,2022,83,"Honduras","HON","HND",94,"Italy","ITA","ITA",493,163,"0","0","0","0","0","-","0"
1,"7ew8B3",1,1353,2023,83,"Honduras","HON","HND",94,"Italy","ITA","ITA",529,274,"0","0","0","0","0","-","0"
1,"7ew8B3",1,1354,2024,83,"Honduras","HON","HND",94,"Italy","ITA","ITA",542,536,"0","0","0","0","0","-","0"
1,"7ew8B3",1,1355,2025,83,"Honduras","HON","HND",94,"Italy","ITA","ITA",495,643,"0","0","0","0","0","-","0"
1,"7ew8B3",1,1356,1995,84,"Croatia","HRV","HRV",94,"Italy","ITA","ITA",10099,"0","0","0","0","0","0","-","0"
1,"7ew8B3",1,1357,1996,84,"Croatia","HRV","HRV",94,"Italy","ITA","ITA",8451,"0","0","0","0","0","0","-","0"
1,"7ew8B3",1,1358,1997,84,"Croatia","HRV","HRV",94,"Italy","ITA","ITA",8801,"0","0","0","0","0","0","-","0"
1,"7ew8B3",1,1359,2000,84,"Croatia","HRV","HRV",94,"Italy","ITA","ITA",5,"0","0","0","0","0","0","-","0"
1,"7ew8B3",1,1360,2001,84,"Croatia","HRV","HRV",94,"Italy","ITA","ITA",5,"0","0","0","0","0","0","-","0"
1,"7ew8B3",1,1361,2002,84,"Croatia","HRV","HRV",94,"Italy","ITA","ITA",5,"0","0","0","0","0","0","-","0"
1,"7ew8B3",1,1362,2003,84,"Croatia","HRV","HRV",94,"Italy","ITA","ITA",5,"0","0","0","0","0","0","-","0"
1,"7ew8B3",1,1363,2004,84,"Croatia","HRV","HRV",94,"Italy","ITA","ITA",5,"0","0","0","0","0","0","-","0"
1,"7ew8B3",1,1364,2005,84,"Croatia","HRV","HRV",94,"Italy","ITA","ITA",5,"0","0","0","0","0","0","-","0"
1,"7ew8B3",1,1365,2006,84,"Croatia","HRV","HRV",94,"Italy","ITA","ITA",5,"0","0","0","0","0","0","-","0"
1,"7ew8B3",1,1366,2007,84,"Croatia","HRV","HRV",94,"Italy","ITA","ITA",5,"0","0","0","0","0","0","-","0"
1,"7ew8B3",1,1367,2008,84,"Croatia","HRV","HRV",94,"Italy","ITA","ITA",5,"0","0","0","0","0","0","-","0"
1,"7ew8B3",1,1368,2009,84,"Croatia","HRV","HRV",94,"Italy","ITA","ITA",16,"0","0","0","0","0","0","-","0"
1,"7ew8B3",1,1369,2010,84,"Croatia","HRV","HRV",94,"Italy","ITA","ITA",14,24,"0","0","0","0","0","-","0"
1,"7ew8B3",1,1370,2011,84,"Croatia","HRV","HRV",94,"Italy","ITA","ITA",14,"0","0","0","0","0","0","-","0"
1,"7ew8B3",1,1371,2012,84,"Croatia","HRV","HRV",94,"Italy","ITA","ITA",18,13,"0","0","0","0","0","-","0"
1,"7ew8B3",1,1372,2013,84,"Croatia","HRV","HRV",94,"Italy","ITA","ITA",18,"0","0","0","0","0","0","-","0"
1,"7ew8B3",1,1373,2014,84,"Croatia","HRV","HRV",94,"Italy","ITA","ITA",18,"0","0","0","0","0","0","-","0"
1,"7ew8B3",1,1374,2015,84,"Croatia","HRV","HRV",94,"Italy","ITA","ITA",18,"0","0","0","0","0","0","-","0"
1,"7ew8B3",1,1375,2016,84,"Croatia","HRV","HRV",94,"Italy","ITA","ITA",18,"0","0","0","0","0","0","-","0"
1,"7ew8B3",1,1376,2017,84,"Croatia","HRV","HRV",94,"Italy","ITA","ITA",18,"0","0","0","0","0","0","-","0"
1,"7ew8B3",1,1377,2018,84,"Croatia","HRV","HRV",94,"Italy","ITA","ITA",18,"0","0","0","0","0","0","-","0"
1,"7ew8B3",1,1378,2019,84,"Croatia","HRV","HRV",94,"Italy","ITA","ITA",18,"0","0","0","0","0","0","-","0"
1,"7ew8B3",1,1379,2020,84,"Croatia","HRV","HRV",94,"Italy","ITA","ITA","0",6,"0","0","0","0","0","-","0"
1,"7ew8B3",1,1380,1980,85,"Hungary","HUN","HUN",94,"Italy","ITA","ITA",763,"0","0","0","0","0","0","-","0"
1,"7ew8B3",1,1381,1981,85,"Hungary","HUN","HUN",94,"Italy","ITA","ITA",744,"0","0","0","0","0","0","-","0"
1,"7ew8B3",1,1382,1982,85,"Hungary","HUN","HUN",94,"Italy","ITA","ITA",728,"0","0","0","0","0","0","-","0"
1,"7ew8B3",1,1383,1983,85,"Hungary","HUN","HUN",94,"Italy","ITA","ITA",607,"0","0","0","0","0","0","-","0"
1,"7ew8B3",1,1384,1984,85,"Hungary","HUN","HUN",94,"Italy","ITA","ITA",430,"0","0","0","0","0","0","-","0"
1,"7ew8B3",1,1385,1985,85,"Hungary","HUN","HUN",94,"Italy","ITA","ITA",435,"0","0","0","0","0","0","-","0"
1,"7ew8B3",1,1386,1986,85,"Hungary","HUN","HUN",94,"Italy","ITA","ITA",381,"0","0","0","0","0","0","-","0"
1,"7ew8B3",1,1387,1987,85,"Hungary","HUN","HUN",94,"Italy","ITA","ITA",329,"0","0","0","0","0","0","-","0"
1,"7ew8B3",1,1388,1988,85,"Hungary","HUN","HUN",94,"Italy","ITA","ITA",296,"0","0","0","0","0","0","-","0"
1,"7ew8B3",1,1389,1989,85,"Hungary","HUN","HUN",94,"Italy","ITA","ITA",259,"0","0","0","0","0","0","-","0"
1,"7ew8B3",1,1390,1990,85,"Hungary","HUN","HUN",94,"Italy","ITA","ITA",142,"0","0","0","0","0","0","-","0"
1,"7ew8B3",1,1391,1991,85,"Hungary","HUN","HUN",94,"Italy","ITA","ITA",58,"0","0","0","0","0","0","-","0"
1,"7ew8B3",1,1392,1992,85,"Hungary","HUN","HUN",94,"Italy","ITA","ITA",41,"0","0","0","0","0","0","-","0"
1,"7ew8B3",1,1393,1993,85,"Hungary","HUN","HUN",94,"Italy","ITA","ITA",24,"0","0","0","0","0","0","-","0"
1,"7ew8B3",1,1394,1994,85,"Hungary","HUN","HUN",94,"Italy","ITA","ITA",19,"0","0","0","0","0","0","-","0"
1,"7ew8B3",1,1395,1995,85,"Hungary","HUN","HUN",94,"Italy","ITA","ITA",14,"0","0","0","0","0","0","-","0"
1,"7ew8B3",1,1396,1996,85,"Hungary","HUN","HUN",94,"Italy","ITA","ITA",12,"0","0","0","0","0","0","-","0"
1,"7ew8B3",1,1397,1997,85,"Hungary","HUN","HUN",94,"Italy","ITA","ITA",5,"0","0","0","0","0","0","-","0"
1,"7ew8B3",1,1398,1991,87,"Cote d'Ivoire","ICO","CIV",94,"Italy","ITA","ITA",5,"0","0","0","0","0","0","-","0"
1,"7ew8B3",1,1399,1992,87,"Cote d'Ivoire","ICO","CIV",94,"Italy","ITA","ITA",5,"0","0","0","0","0","0","-","0"
1,"7ew8B3",1,1400,1993,87,"Cote d'Ivoire","ICO","CIV",94,"Italy","ITA","ITA",5,"0","0","0","0","0","0","-","0"
1,"7ew8B3",1,1401,1994,87,"Cote d'Ivoire","ICO","CIV",94,"Italy","ITA","ITA",5,"0","0","0","0","0","0","-","0"
1,"7ew8B3",1,1402,1995,87,"Cote d'Ivoire","ICO","CIV",94,"Italy","ITA","ITA",5,"0","0","0","0","0","0","-","0"
1,"7ew8B3",1,1403,1996,87,"Cote d'Ivoire","ICO","CIV",94,"Italy","ITA","ITA",5,"0","0","0","0","0","0","-","0"
1,"7ew8B3",1,1404,2000,87,"Cote d'Ivoire","ICO","CIV",94,"Italy","ITA","ITA",5,"0","0","0","0","0","0","-","0"
1,"7ew8B3",1,1405,2001,87,"Cote d'Ivoire","ICO","CIV",94,"Italy","ITA","ITA",5,"0","0","0","0","0","0","-","0"
1,"7ew8B3",1,1406,2002,87,"Cote d'Ivoire","ICO","CIV",94,"Italy","ITA","ITA",5,"0","0","0","0","0","0","-","0"
1,"7ew8B3",1,1407,2003,87,"Cote d'Ivoire","ICO","CIV",94,"Italy","ITA","ITA",8,"0","0","0","0","0","0","-","0"
1,"7ew8B3",1,1408,2004,87,"Cote d'Ivoire","ICO","CIV",94,"Italy","ITA","ITA",107,"0","0","0","0","0","0","-","0"
1,"7ew8B3",1,1409,2005,87,"Cote d'Ivoire","ICO","CIV",94,"Italy","ITA","ITA",560,"0","0","0","0","0","0","-","0"
1,"7ew8B3",1,1410,2006,87,"Cote d'Ivoire","ICO","CIV",94,"Italy","ITA","ITA",1012,"0","0","0","0","0","0","-","0"
1,"7ew8B3",1,1411,2007,87,"Cote d'Ivoire","ICO","CIV",94,"Italy","ITA","ITA",1896,"0","0","0","0","0","0","-","0"
1,"7ew8B3",1,1412,2008,87,"Cote d'Ivoire","ICO","CIV",94,"Italy","ITA","ITA",2454,"0","0","0","0","0","0","-","0"
1,"7ew8B3",1,1413,2009,87,"Cote d'Ivoire","ICO","CIV",94,"Italy","ITA","ITA",2900,"0","0","0","0","0","0","-","0"
1,"7ew8B3",1,1414,2010,87,"Cote d'Ivoire","ICO","CIV",94,"Italy","ITA","ITA",2973,112,"0","0","0","0","0","-","0"
1,"7ew8B3",1,1415,2011,87,"Cote d'Ivoire","ICO","CIV",94,"Italy","ITA","ITA",3240,"0","0","0","0","0","0","-","0"
1,"7ew8B3",1,1416,2012,87,"Cote d'Ivoire","ICO","CIV",94,"Italy","ITA","ITA",3764,639,"0","0","0","0","0","-","0"
1,"7ew8B3",1,1417,2013,87,"Cote d'Ivoire","ICO","CIV",94,"Italy","ITA","ITA",4159,93,"0","0","0","0","0","-","0"
1,"7ew8B3",1,1418,2014,87,"Cote d'Ivoire","ICO","CIV",94,"Italy","ITA","ITA",4603,1105,"0","0","0","0","0","-","0"
1,"7ew8B3",1,1419,2015,87,"Cote d'Ivoire","ICO","CIV",94,"Italy","ITA","ITA",5079,2061,"0","0","0","0","0","-","0"
1,"7ew8B3",1,1420,2016,87,"Cote d'Ivoire","ICO","CIV",94,"Italy","ITA","ITA",5805,5497,"0","0","0","0","0","-","0"
1,"7ew8B3",1,1421,2017,87,"Cote d'Ivoire","ICO","CIV",94,"Italy","ITA","ITA",6412,11429,"0","0","0","0","0","-","0"
1,"7ew8B3",1,1422,2018,87,"Cote d'Ivoire","ICO","CIV",94,"Italy","ITA","ITA",7174,5436,"0","0","0","0","0","-","0"
1,"7ew8B3",1,1423,2019,87,"Cote d'Ivoire","ICO","CIV",94,"Italy","ITA","ITA",7659,1250,"0","0","0","0","0","-","0"
1,"7ew8B3",1,1424,2020,87,"Cote d'Ivoire","ICO","CIV",94,"Italy","ITA","ITA",4116,1214,"0","0","0","0","0","-","0"
1,"7ew8B3",1,1425,2021,87,"Cote d'Ivoire","ICO","CIV",94,"Italy","ITA","ITA",4182,1226,"0","0","0","0","0","-","0"
1,"7ew8B3",1,1426,2022,87,"Cote d'Ivoire","ICO","CIV",94,"Italy","ITA","ITA",3845,2020,"0","0","0","0","0","-","0"
1,"7ew8B3",1,1427,2023,87,"Cote d'Ivoire","ICO","CIV",94,"Italy","ITA","ITA",3265,5842,"0","0","0","0","0","-","0"
1,"7ew8B3",1,1428,2024,87,"Cote d'Ivoire","ICO","CIV",94,"Italy","ITA","ITA",3523,3930,"0","0","0","0","0","-","0"
1,"7ew8B3",1,1429,2025,87,"Cote d'Ivoire","ICO","CIV",94,"Italy","ITA","ITA",3281,3383,"0","0","0","0","0","-","0"
1,"7ew8B3",1,1430,2002,88,"India","IND","IND",94,"Italy","ITA","ITA",7,"0","0","0","0","0","0","-","0"
1,"7ew8B3",1,1431,2003,88,"India","IND","IND",94,"Italy","ITA","ITA",6,"0","0","0","0","0","0","-","0"
1,"7ew8B3",1,1432,2004,88,"India","IND","IND",94,"Italy","ITA","ITA",8,"0","0","0","0","0","0","-","0"
1,"7ew8B3",1,1433,2005,88,"India","IND","IND",94,"Italy","ITA","ITA",14,"0","0","0","0","0","0","-","0"
1,"7ew8B3",1,1434,2006,88,"India","IND","IND",94,"Italy","ITA","ITA",29,"0","0","0","0","0","0","-","0"
1,"7ew8B3",1,1435,2007,88,"India","IND","IND",94,"Italy","ITA","ITA",50,"0","0","0","0","0","0","-","0"
1,"7ew8B3",1,1436,2008,88,"India","IND","IND",94,"Italy","ITA","ITA",53,"0","0","0","0","0","0","-","0"
1,"7ew8B3",1,1437,2009,88,"India","IND","IND",94,"Italy","ITA","ITA",83,"0","0","0","0","0","0","-","0"
1,"7ew8B3",1,1438,2010,88,"India","IND","IND",94,"Italy","ITA","ITA",87,21,"0","0","0","0","0","-","0"
1,"7ew8B3",1,1439,2011,88,"India","IND","IND",94,"Italy","ITA","ITA",90,"0","0","0","0","0","0","-","0"
1,"7ew8B3",1,1440,2012,88,"India","IND","IND",94,"Italy","ITA","ITA",87,49,"0","0","0","0","0","-","0"
1,"7ew8B3",1,1441,2013,88,"India","IND","IND",94,"Italy","ITA","ITA",95,16,"0","0","0","0","0","-","0"
1,"7ew8B3",1,1442,2014,88,"India","IND","IND",94,"Italy","ITA","ITA",113,58,"0","0","0","0","0","-","0"
1,"7ew8B3",1,1443,2015,88,"India","IND","IND",94,"Italy","ITA","ITA",123,213,"0","0","0","0","0","-","0"
1,"7ew8B3",1,1444,2016,88,"India","IND","IND",94,"Italy","ITA","ITA",140,514,"0","0","0","0","0","-","0"
1,"7ew8B3",1,1445,2017,88,"India","IND","IND",94,"Italy","ITA","ITA",205,837,"0","0","0","0","0","-","0"
1,"7ew8B3",1,1446,2018,88,"India","IND","IND",94,"Italy","ITA","ITA",322,1039,"0","0","0","0","0","-","0"
1,"7ew8B3",1,1447,2019,88,"India","IND","IND",94,"Italy","ITA","ITA",396,746,"0","0","0","0","0","-","0"
1,"7ew8B3",1,1448,2020,88,"India","IND","IND",94,"Italy","ITA","ITA",209,452,"0","0","0","0","0","-","0"
1,"7ew8B3",1,1449,2021,88,"India","IND","IND",94,"Italy","ITA","ITA",252,337,"0","0","0","0","0","-","0"
1,"7ew8B3",1,1450,2022,88,"India","IND","IND",94,"Italy","ITA","ITA",256,697,"0","0","0","0","0","-","0"
1,"7ew8B3",1,1451,2023,88,"India","IND","IND",94,"Italy","ITA","ITA",198,2169,"0","0","0","0","0","-","0"
1,"7ew8B3",1,1452,2024,88,"India","IND","IND",94,"Italy","ITA","ITA",271,6391,"0","0","0","0","0","-","0"
1,"7ew8B3",1,1453,2025,88,"India","IND","IND",94,"Italy","ITA","ITA",323,9642,"0","0","0","0","0","-","0"
1,"7ew8B3",1,1454,2017,89,"Indonesia","INS","IDN",94,"Italy","ITA","ITA","0",5,"0","0","0","0","0","-","0"
1,"7ew8B3",1,1455,2018,89,"Indonesia","INS","IDN",94,"Italy","ITA","ITA","0",6,"0","0","0","0","0","-","0"
1,"7ew8B3",1,1456,2019,89,"Indonesia","INS","IDN",94,"Italy","ITA","ITA",5,"0","0","0","0","0","0","-","0"
1,"7ew8B3",1,1457,2022,89,"Indonesia","INS","IDN",94,"Italy","ITA","ITA","0",5,"0","0","0","0","0","-","0"
1,"7ew8B3",1,1458,2023,89,"Indonesia","INS","IDN",94,"Italy","ITA","ITA","0",7,"0","0","0","0","0","-","0"
1,"7ew8B3",1,1459,2024,89,"Indonesia","INS","IDN",94,"Italy","ITA","ITA","0",17,"0","0","0","0","0","-","0"
1,"7ew8B3",1,1460,2025,89,"Indonesia","INS","IDN",94,"Italy","ITA","ITA",5,18,"0","0","0","0","0","-","0"
1,"7ew8B3",1,1461,1980,91,"Iran (Islamic Rep. of)","IRN","IRN",94,"Italy","ITA","ITA",48,"0","0","0","0","0","0","-","0"
1,"7ew8B3",1,1462,1981,91,"Iran (Islamic Rep. of)","IRN","IRN",94,"Italy","ITA","ITA",83,"0","0","0","0","0","0","-","0"
1,"7ew8B3",1,1463,1982,91,"Iran (Islamic Rep. of)","IRN","IRN",94,"Italy","ITA","ITA",210,"0","0","0","0","0","0","-","0"
1,"7ew8B3",1,1464,1983,91,"Iran (Islamic Rep. of)","IRN","IRN",94,"Italy","ITA","ITA",607,"0","0","0","0","0","0","-","0"
1,"7ew8B3",1,1465,1984,91,"Iran (Islamic Rep. of)","IRN","IRN",94,"Italy","ITA","ITA",1304,"0","0","0","0","0","0","-","0"
1,"7ew8B3",1,1466,1985,91,"Iran (Islamic Rep. of)","IRN","IRN",94,"Italy","ITA","ITA",1695,"0","0","0","0","0","0","-","0"
1,"7ew8B3",1,1467,1986,91,"Iran (Islamic Rep. of)","IRN","IRN",94,"Italy","ITA","ITA",2111,"0","0","0","0","0","0","-","0"
1,"7ew8B3",1,1468,1987,91,"Iran (Islamic Rep. of)","IRN","IRN",94,"Italy","ITA","ITA",2452,"0","0","0","0","0","0","-","0"
1,"7ew8B3",1,1469,1988,91,"Iran (Islamic Rep. of)","IRN","IRN",94,"Italy","ITA","ITA",2661,"0","0","0","0","0","0","-","0"
1,"7ew8B3",1,1470,1989,91,"Iran (Islamic Rep. of)","IRN","IRN",94,"Italy","ITA","ITA",2770,"0","0","0","0","0","0","-","0"
1,"7ew8B3",1,1471,1990,91,"Iran (Islamic Rep. of)","IRN","IRN",94,"Italy","ITA","ITA",2755,"0","0","0","0","0","0","-","0"
1,"7ew8B3",1,1472,1991,91,"Iran (Islamic Rep. of)","IRN","IRN",94,"Italy","ITA","ITA",2730,"0","0","0","0","0","0","-","0"
1,"7ew8B3",1,1473,1992,91,"Iran (Islamic Rep. of)","IRN","IRN",94,"Italy","ITA","ITA",2615,"0","0","0","0","0","0","-","0"
1,"7ew8B3",1,1474,1993,91,"Iran (Islamic Rep. of)","IRN","IRN",94,"Italy","ITA","ITA",2227,"0","0","0","0","0","0","-","0"
1,"7ew8B3",1,1475,1994,91,"Iran (Islamic Rep. of)","IRN","IRN",94,"Italy","ITA","ITA",1629,"0","0","0","0","0","0","-","0"
1,"7ew8B3",1,1476,1995,91,"Iran (Islamic Rep. of)","IRN","IRN",94,"Italy","ITA","ITA",1301,"0","0","0","0","0","0","-","0"
1,"7ew8B3",1,1477,1996,91,"Iran (Islamic Rep. of)","IRN","IRN",94,"Italy","ITA","ITA",914,"0","0","0","0","0","0","-","0"
1,"7ew8B3",1,1478,1997,91,"Iran (Islamic Rep. of)","IRN","IRN",94,"Italy","ITA","ITA",619,"0","0","0","0","0","0","-","0"
1,"7ew8B3",1,1479,1998,91,"Iran (Islamic Rep. of)","IRN","IRN",94,"Italy","ITA","ITA",436,"0","0","0","0","0","0","-","0"
1,"7ew8B3",1,1480,1999,91,"Iran (Islamic Rep. of)","IRN","IRN",94,"Italy","ITA","ITA",376,"0","0","0","0","0","0","-","0"
1,"7ew8B3",1,1481,2000,91,"Iran (Islamic Rep. of)","IRN","IRN",94,"Italy","ITA","ITA",457,"0","0","0","0","0","0","-","0"
1,"7ew8B3",1,1482,2001,91,"Iran (Islamic Rep. of)","IRN","IRN",94,"Italy","ITA","ITA",538,"0","0","0","0","0","0","-","0"
1,"7ew8B3",1,1483,2002,91,"Iran (Islamic Rep. of)","IRN","IRN",94,"Italy","ITA","ITA",575,"0","0","0","0","0","0","-","0"
1,"7ew8B3",1,1484,2003,91,"Iran (Islamic Rep. of)","IRN","IRN",94,"Italy","ITA","ITA",585,"0","0","0","0","0","0","-","0"
1,"7ew8B3",1,1485,2004,91,"Iran (Islamic Rep. of)","IRN","IRN",94,"Italy","ITA","ITA",523,"0","0","0","0","0","0","-","0"
1,"7ew8B3",1,1486,2005,91,"Iran (Islamic Rep. of)","IRN","IRN",94,"Italy","ITA","ITA",524,"0","0","0","0","0","0","-","0"
1,"7ew8B3",1,1487,2006,91,"Iran (Islamic Rep. of)","IRN","IRN",94,"Italy","ITA","ITA",553,"0","0","0","0","0","0","-","0"
1,"7ew8B3",1,1488,2007,91,"Iran (Islamic Rep. of)","IRN","IRN",94,"Italy","ITA","ITA",580,"0","0","0","0","0","0","-","0"
1,"7ew8B3",1,1489,2008,91,"Iran (Islamic Rep. of)","IRN","IRN",94,"Italy","ITA","ITA",617,"0","0","0","0","0","0","-","0"
1,"7ew8B3",1,1490,2009,91,"Iran (Islamic Rep. of)","IRN","IRN",94,"Italy","ITA","ITA",694,"0","0","0","0","0","0","-","0"
1,"7ew8B3",1,1491,2010,91,"Iran (Islamic Rep. of)","IRN","IRN",94,"Italy","ITA","ITA",787,87,"0","0","0","0","0","-","0"
1,"7ew8B3",1,1492,2011,91,"Iran (Islamic Rep. of)","IRN","IRN",94,"Italy","ITA","ITA",840,"0","0","0","0","0","0","-","0"
1,"7ew8B3",1,1493,2012,91,"Iran (Islamic Rep. of)","IRN","IRN",94,"Italy","ITA","ITA",923,150,"0","0","0","0","0","-","0"
1,"7ew8B3",1,1494,2013,91,"Iran (Islamic Rep. of)","IRN","IRN",94,"Italy","ITA","ITA",1127,213,"0","0","0","0","0","-","0"
1,"7ew8B3",1,1495,2014,91,"Iran (Islamic Rep. of)","IRN","IRN",94,"Italy","ITA","ITA",1412,229,"0","0","0","0","0","-","0"
1,"7ew8B3",1,1496,2015,91,"Iran (Islamic Rep. of)","IRN","IRN",94,"Italy","ITA","ITA",1573,314,"0","0","0","0","0","-","0"
1,"7ew8B3",1,1497,2016,91,"Iran (Islamic Rep. of)","IRN","IRN",94,"Italy","ITA","ITA",1756,271,"0","0","0","0","0","-","0"
1,"7ew8B3",1,1498,2017,91,"Iran (Islamic Rep. of)","IRN","IRN",94,"Italy","ITA","ITA",1828,236,"0","0","0","0","0","-","0"
1,"7ew8B3",1,1499,2018,91,"Iran (Islamic Rep. of)","IRN","IRN",94,"Italy","ITA","ITA",1907,274,"0","0","0","0","0","-","0"
1,"7ew8B3",1,1500,2019,91,"Iran (Islamic Rep. of)","IRN","IRN",94,"Italy","ITA","ITA",2094,186,"0","0","0","0","0","-","0"
1,"7ew8B3",1,1501,2020,91,"Iran (Islamic Rep. of)","IRN","IRN",94,"Italy","ITA","ITA",1313,227,"0","0","0","0","0","-","0"
1,"7ew8B3",1,1502,2021,91,"Iran (Islamic Rep. of)","IRN","IRN",94,"Italy","ITA","ITA",1278,164,"0","0","0","0","0","-","0"
1,"7ew8B3",1,1503,2022,91,"Iran (Islamic Rep. of)","IRN","IRN",94,"Italy","ITA","ITA",1213,181,"0","0","0","0","0","-","0"
1,"7ew8B3",1,1504,2023,91,"Iran (Islamic Rep. of)","IRN","IRN",94,"Italy","ITA","ITA",1493,236,"0","0","0","0","0","-","0"
1,"7ew8B3",1,1505,2024,91,"Iran (Islamic Rep. of)","IRN","IRN",94,"Italy","ITA","ITA",1452,261,"0","0","0","0","0","-","0"
1,"7ew8B3",1,1506,2025,91,"Iran (Islamic Rep. of)","IRN","IRN",94,"Italy","ITA","ITA",1309,248,"0","0","0","0","0","-","0"
1,"7ew8B3",1,1507,1980,92,"Iraq","IRQ","IRQ",94,"Italy","ITA","ITA",98,"0","0","0","0","0","0","-","0"
1,"7ew8B3",1,1508,1981,92,"Iraq","IRQ","IRQ",94,"Italy","ITA","ITA",189,"0","0","0","0","0","0","-","0"
1,"7ew8B3",1,1509,1982,92,"Iraq","IRQ","IRQ",94,"Italy","ITA","ITA",196,"0","0","0","0","0","0","-","0"
1,"7ew8B3",1,1510,1983,92,"Iraq","IRQ","IRQ",94,"Italy","ITA","ITA",241,"0","0","0","0","0","0","-","0"
1,"7ew8B3",1,1511,1984,92,"Iraq","IRQ","IRQ",94,"Italy","ITA","ITA",294,"0","0","0","0","0","0","-","0"
1,"7ew8B3",1,1512,1985,92,"Iraq","IRQ","IRQ",94,"Italy","ITA","ITA",333,"0","0","0","0","0","0","-","0"
1,"7ew8B3",1,1513,1986,92,"Iraq","IRQ","IRQ",94,"Italy","ITA","ITA",355,"0","0","0","0","0","0","-","0"
1,"7ew8B3",1,1514,1987,92,"Iraq","IRQ","IRQ",94,"Italy","ITA","ITA",458,"0","0","0","0","0","0","-","0"
1,"7ew8B3",1,1515,1988,92,"Iraq","IRQ","IRQ",94,"Italy","ITA","ITA",588,"0","0","0","0","0","0","-","0"
1,"7ew8B3",1,1516,1989,92,"Iraq","IRQ","IRQ",94,"Italy","ITA","ITA",614,"0","0","0","0","0","0","-","0"
1,"7ew8B3",1,1517,1990,92,"Iraq","IRQ","IRQ",94,"Italy","ITA","ITA",541,"0","0","0","0","0","0","-","0"
1,"7ew8B3",1,1518,1991,92,"Iraq","IRQ","IRQ",94,"Italy","ITA","ITA",505,"0","0","0","0","0","0","-","0"
1,"7ew8B3",1,1519,1992,92,"Iraq","IRQ","IRQ",94,"Italy","ITA","ITA",542,"0","0","0","0","0","0","-","0"
1,"7ew8B3",1,1520,1993,92,"Iraq","IRQ","IRQ",94,"Italy","ITA","ITA",518,"0","0","0","0","0","0","-","0"
1,"7ew8B3",1,1521,1994,92,"Iraq","IRQ","IRQ",94,"Italy","ITA","ITA",496,"0","0","0","0","0","0","-","0"
1,"7ew8B3",1,1522,1995,92,"Iraq","IRQ","IRQ",94,"Italy","ITA","ITA",508,"0","0","0","0","0","0","-","0"
1,"7ew8B3",1,1523,1996,92,"Iraq","IRQ","IRQ",94,"Italy","ITA","ITA",502,"0","0","0","0","0","0","-","0"
1,"7ew8B3",1,1524,1997,92,"Iraq","IRQ","IRQ",94,"Italy","ITA","ITA",439,"0","0","0","0","0","0","-","0"
1,"7ew8B3",1,1525,1998,92,"Iraq","IRQ","IRQ",94,"Italy","ITA","ITA",627,"0","0","0","0","0","0","-","0"
1,"7ew8B3",1,1526,1999,92,"Iraq","IRQ","IRQ",94,"Italy","ITA","ITA",773,"0","0","0","0","0","0","-","0"
1,"7ew8B3",1,1527,2000,92,"Iraq","IRQ","IRQ",94,"Italy","ITA","ITA",923,"0","0","0","0","0","0","-","0"
1,"7ew8B3",1,1528,2001,92,"Iraq","IRQ","IRQ",94,"Italy","ITA","ITA",1138,"0","0","0","0","0","0","-","0"
1,"7ew8B3",1,1529,2002,92,"Iraq","IRQ","IRQ",94,"Italy","ITA","ITA",1281,"0","0","0","0","0","0","-","0"
1,"7ew8B3",1,1530,2003,92,"Iraq","IRQ","IRQ",94,"Italy","ITA","ITA",1282,"0","0","0","0","0","0","-","0"
1,"7ew8B3",1,1531,2004,92,"Iraq","IRQ","IRQ",94,"Italy","ITA","ITA",1334,"0","0","0","0","0","0","-","0"
1,"7ew8B3",1,1532,2005,92,"Iraq","IRQ","IRQ",94,"Italy","ITA","ITA",1354,"0","0","0","0","0","0","-","0"
1,"7ew8B3",1,1533,2006,92,"Iraq","IRQ","IRQ",94,"Italy","ITA","ITA",1371,"0","0","0","0","0","0","-","0"
1,"7ew8B3",1,1534,2007,92,"Iraq","IRQ","IRQ",94,"Italy","ITA","ITA",1503,"0","0","0","0","0","0","-","0"
1,"7ew8B3",1,1535,2008,92,"Iraq","IRQ","IRQ",94,"Italy","ITA","ITA",1614,"0","0","0","0","0","0","-","0"
1,"7ew8B3",1,1536,2009,92,"Iraq","IRQ","IRQ",94,"Italy","ITA","ITA",1843,"0","0","0","0","0","0","-","0"
1,"7ew8B3",1,1537,2010,92,"Iraq","IRQ","IRQ",94,"Italy","ITA","ITA",1952,191,"0","0","0","0","0","-","0"
1,"7ew8B3",1,1538,2011,92,"Iraq","IRQ","IRQ",94,"Italy","ITA","ITA",1853,"0","0","0","0","0","0","-","0"
1,"7ew8B3",1,1539,2012,92,"Iraq","IRQ","IRQ",94,"Italy","ITA","ITA",1863,437,75,"0","0","0","0","-","0"
1,"7ew8B3",1,1540,2013,92,"Iraq","IRQ","IRQ",94,"Italy","ITA","ITA",2294,201,"0","0","0","0","0","-","0"
1,"7ew8B3",1,1541,2014,92,"Iraq","IRQ","IRQ",94,"Italy","ITA","ITA",2913,313,351,"0","0","0","0","-","0"
1,"7ew8B3",1,1542,2015,92,"Iraq","IRQ","IRQ",94,"Italy","ITA","ITA",3428,165,232,"0","0","0","0","-","0"
1,"7ew8B3",1,1543,2016,92,"Iraq","IRQ","IRQ",94,"Italy","ITA","ITA",4264,1021,"0","0","0","0","0","-","0"
1,"7ew8B3",1,1544,2017,92,"Iraq","IRQ","IRQ",94,"Italy","ITA","ITA",5359,1565,"0","0","0","0","0","-","0"
1,"7ew8B3",1,1545,2018,92,"Iraq","IRQ","IRQ",94,"Italy","ITA","ITA",6174,1011,"0","0","0","0","0","-","0"
1,"7ew8B3",1,1546,2019,92,"Iraq","IRQ","IRQ",94,"Italy","ITA","ITA",6994,934,"0","0","0","0","0","-","0"
1,"7ew8B3",1,1547,2020,92,"Iraq","IRQ","IRQ",94,"Italy","ITA","ITA",4938,1119,"0","0","0","0","0","-","0"
1,"7ew8B3",1,1548,2021,92,"Iraq","IRQ","IRQ",94,"Italy","ITA","ITA",5311,1029,"0","0","0","0","0","-","0"
1,"7ew8B3",1,1549,2022,92,"Iraq","IRQ","IRQ",94,"Italy","ITA","ITA",5589,1237,"0","0","0","0","0","-","0"
1,"7ew8B3",1,1550,2023,92,"Iraq","IRQ","IRQ",94,"Italy","ITA","ITA",5576,1218,"0","0","0","0","0","-","0"
1,"7ew8B3",1,1551,2024,92,"Iraq","IRQ","IRQ",94,"Italy","ITA","ITA",5519,1675,"0","0","0","0","0","-","0"
1,"7ew8B3",1,1552,2025,92,"Iraq","IRQ","IRQ",94,"Italy","ITA","ITA",5262,1661,"0","0","0","0","0","-","0"
1,"7ew8B3",1,1553,2015,93,"Israel","ISR","ISR",94,"Italy","ITA","ITA",5,"0","0","0","0","0","0","-","0"
1,"7ew8B3",1,1554,2016,93,"Israel","ISR","ISR",94,"Italy","ITA","ITA",5,9,"0","0","0","0","0","-","0"
1,"7ew8B3",1,1555,2017,93,"Israel","ISR","ISR",94,"Italy","ITA","ITA",7,"0","0","0","0","0","0","-","0"
1,"7ew8B3",1,1556,2018,93,"Israel","ISR","ISR",94,"Italy","ITA","ITA",7,5,"0","0","0","0","0","-","0"
1,"7ew8B3",1,1557,2019,93,"Israel","ISR","ISR",94,"Italy","ITA","ITA",9,"0","0","0","0","0","0","-","0"
1,"7ew8B3",1,1558,2021,93,"Israel","ISR","ISR",94,"Italy","ITA","ITA","0",5,"0","0","0","0","0","-","0"
1,"7ew8B3",1,1559,2022,93,"Israel","ISR","ISR",94,"Italy","ITA","ITA","0",5,"0","0","0","0","0","-","0"
1,"7ew8B3",1,1560,2023,93,"Israel","ISR","ISR",94,"Italy","ITA","ITA",10,16,"0","0","0","0","0","-","0"
1,"7ew8B3",1,1561,2024,93,"Israel","ISR","ISR",94,"Italy","ITA","ITA",8,52,"0","0","0","0","0","-","0"
1,"7ew8B3",1,1562,2025,93,"Israel","ISR","ISR",94,"Italy","ITA","ITA",8,17,"0","0","0","0","0","-","0"
1,"7ew8B3",1,1563,2017,95,"Jamaica","JAM","JAM",94,"Italy","ITA","ITA",5,"0","0","0","0","0","0","-","0"
1,"7ew8B3",1,1564,2018,95,"Jamaica","JAM","JAM",94,"Italy","ITA","ITA",5,"0","0","0","0","0","0","-","0"
1,"7ew8B3",1,1565,2019,95,"Jamaica","JAM","JAM",94,"Italy","ITA","ITA",5,"0","0","0","0","0","0","-","0"
1,"7ew8B3",1,1566,2023,95,"Jamaica","JAM","JAM",94,"Italy","ITA","ITA",5,"0","0","0","0","0","0","-","0"
1,"7ew8B3",1,1567,2024,95,"Jamaica","JAM","JAM",94,"Italy","ITA","ITA",5,"0","0","0","0","0","0","-","0"
1,"7ew8B3",1,1568,1984,96,"Jordan","JOR","JOR",94,"Italy","ITA","ITA",5,"0","0","0","0","0","0","-","0"
1,"7ew8B3",1,1569,1985,96,"Jordan","JOR","JOR",94,"Italy","ITA","ITA",5,"0","0","0","0","0","0","-","0"
1,"7ew8B3",1,1570,1986,96,"Jordan","JOR","JOR",94,"Italy","ITA","ITA",5,"0","0","0","0","0","0","-","0"
1,"7ew8B3",1,1571,1987,96,"Jordan","JOR","JOR",94,"Italy","ITA","ITA",5,"0","0","0","0","0","0","-","0"
1,"7ew8B3",1,1572,1988,96,"Jordan","JOR","JOR",94,"Italy","ITA","ITA",7,"0","0","0","0","0","0","-","0"
1,"7ew8B3",1,1573,1989,96,"Jordan","JOR","JOR",94,"Italy","ITA","ITA",7,"0","0","0","0","0","0","-","0"
1,"7ew8B3",1,1574,1990,96,"Jordan","JOR","JOR",94,"Italy","ITA","ITA",7,"0","0","0","0","0","0","-","0"
1,"7ew8B3",1,1575,1991,96,"Jordan","JOR","JOR",94,"Italy","ITA","ITA",7,"0","0","0","0","0","0","-","0"
1,"7ew8B3",1,1576,1992,96,"Jordan","JOR","JOR",94,"Italy","ITA","ITA",7,"0","0","0","0","0","0","-","0"
1,"7ew8B3",1,1577,1993,96,"Jordan","JOR","JOR",94,"Italy","ITA","ITA",5,"0","0","0","0","0","0","-","0"
1,"7ew8B3",1,1578,1994,96,"Jordan","JOR","JOR",94,"Italy","ITA","ITA",5,"0","0","0","0","0","0","-","0"
1,"7ew8B3",1,1579,1995,96,"Jordan","JOR","JOR",94,"Italy","ITA","ITA",5,"0","0","0","0","0","0","-","0"
1,"7ew8B3",1,1580,1996,96,"Jordan","JOR","JOR",94,"Italy","ITA","ITA",5,"0","0","0","0","0","0","-","0"
1,"7ew8B3",1,1581,1997,96,"Jordan","JOR","JOR",94,"Italy","ITA","ITA",5,"0","0","0","0","0","0","-","0"
1,"7ew8B3",1,1582,2004,96,"Jordan","JOR","JOR",94,"Italy","ITA","ITA",5,"0","0","0","0","0","0","-","0"
1,"7ew8B3",1,1583,2005,96,"Jordan","JOR","JOR",94,"Italy","ITA","ITA",5,"0","0","0","0","0","0","-","0"
1,"7ew8B3",1,1584,2006,96,"Jordan","JOR","JOR",94,"Italy","ITA","ITA",5,"0","0","0","0","0","0","-","0"
1,"7ew8B3",1,1585,2007,96,"Jordan","JOR","JOR",94,"Italy","ITA","ITA",5,"0","0","0","0","0","0","-","0"
1,"7ew8B3",1,1586,2008,96,"Jordan","JOR","JOR",94,"Italy","ITA","ITA",5,"0","0","0","0","0","0","-","0"
1,"7ew8B3",1,1587,2009,96,"Jordan","JOR","JOR",94,"Italy","ITA","ITA",5,"0","0","0","0","0","0","-","0"
1,"7ew8B3",1,1588,2010,96,"Jordan","JOR","JOR",94,"Italy","ITA","ITA",5,"0","0","0","0","0","0","-","0"
1,"7ew8B3",1,1589,2011,96,"Jordan","JOR","JOR",94,"Italy","ITA","ITA",5,"0","0","0","0","0","0","-","0"
1,"7ew8B3",1,1590,2012,96,"Jordan","JOR","JOR",94,"Italy","ITA","ITA",9,5,"0","0","0","0","0","-","0"
1,"7ew8B3",1,1591,2013,96,"Jordan","JOR","JOR",94,"Italy","ITA","ITA",10,"0","0","0","0","0","0","-","0"
1,"7ew8B3",1,1592,2014,96,"Jordan","JOR","JOR",94,"Italy","ITA","ITA",12,24,"0","0","0","0","0","-","0"
1,"7ew8B3",1,1593,2015,96,"Jordan","JOR","JOR",94,"Italy","ITA","ITA",20,11,"0","0","0","0","0","-","0"
1,"7ew8B3",1,1594,2016,96,"Jordan","JOR","JOR",94,"Italy","ITA","ITA",26,8,"0","0","0","0","0","-","0"
1,"7ew8B3",1,1595,2017,96,"Jordan","JOR","JOR",94,"Italy","ITA","ITA",27,17,"0","0","0","0","0","-","0"
1,"7ew8B3",1,1596,2018,96,"Jordan","JOR","JOR",94,"Italy","ITA","ITA",35,15,"0","0","0","0","0","-","0"
1,"7ew8B3",1,1597,2019,96,"Jordan","JOR","JOR",94,"Italy","ITA","ITA",41,10,"0","0","0","0","0","-","0"
1,"7ew8B3",1,1598,2020,96,"Jordan","JOR","JOR",94,"Italy","ITA","ITA","0",21,"0","0","0","0","0","-","0"
1,"7ew8B3",1,1599,2021,96,"Jordan","JOR","JOR",94,"Italy","ITA","ITA",5,8,"0","0","0","0","0","-","0"
1,"7ew8B3",1,1600,2022,96,"Jordan","JOR","JOR",94,"Italy","ITA","ITA",9,8,"0","0","0","0","0","-","0"
1,"7ew8B3",1,1601,2023,96,"Jordan","JOR","JOR",94,"Italy","ITA","ITA",35,25,"0","0","0","0","0","-","0"
1,"7ew8B3",1,1602,2024,96,"Jordan","JOR","JOR",94,"Italy","ITA","ITA",38,43,"0","0","0","0","0","-","0"
1,"7ew8B3",1,1603,2025,96,"Jordan","JOR","JOR",94,"Italy","ITA","ITA",38,46,"0","0","0","0","0","-","0"
1,"7ew8B3",1,1604,2025,97,"Japan","JPN","JPN",94,"Italy","ITA","ITA","0",5,"0","0","0","0","0","-","0"
1,"7ew8B3",1,1605,2000,98,"Kazakhstan","KAZ","KAZ",94,"Italy","ITA","ITA",5,"0","0","0","0","0","0","-","0"
1,"7ew8B3",1,1606,2001,98,"Kazakhstan","KAZ","KAZ",94,"Italy","ITA","ITA",5,"0","0","0","0","0","0","-","0"
1,"7ew8B3",1,1607,2002,98,"Kazakhstan","KAZ","KAZ",94,"Italy","ITA","ITA",5,"0","0","0","0","0","0","-","0"
1,"7ew8B3",1,1608,2003,98,"Kazakhstan","KAZ","KAZ",94,"Italy","ITA","ITA",5,"0","0","0","0","0","0","-","0"
1,"7ew8B3",1,1609,2004,98,"Kazakhstan","KAZ","KAZ",94,"Italy","ITA","ITA",5,"0","0","0","0","0","0","-","0"
1,"7ew8B3",1,1610,2005,98,"Kazakhstan","KAZ","KAZ",94,"Italy","ITA","ITA",5,"0","0","0","0","0","0","-","0"
1,"7ew8B3",1,1611,2006,98,"Kazakhstan","KAZ","KAZ",94,"Italy","ITA","ITA",5,"0","0","0","0","0","0","-","0"
1,"7ew8B3",1,1612,2007,98,"Kazakhstan","KAZ","KAZ",94,"Italy","ITA","ITA",5,"0","0","0","0","0","0","-","0"
1,"7ew8B3",1,1613,2008,98,"Kazakhstan","KAZ","KAZ",94,"Italy","ITA","ITA",5,"0","0","0","0","0","0","-","0"
1,"7ew8B3",1,1614,2009,98,"Kazakhstan","KAZ","KAZ",94,"Italy","ITA","ITA",5,"0","0","0","0","0","0","-","0"
1,"7ew8B3",1,1615,2014,98,"Kazakhstan","KAZ","KAZ",94,"Italy","ITA","ITA",5,"0","0","0","0","0","0","-","0"
1,"7ew8B3",1,1616,2015,98,"Kazakhstan","KAZ","KAZ",94,"Italy","ITA","ITA",6,"0","0","0","0","0","0","-","0"
1,"7ew8B3",1,1617,2016,98,"Kazakhstan","KAZ","KAZ",94,"Italy","ITA","ITA",6,"0","0","0","0","0","0","-","0"
1,"7ew8B3",1,1618,2017,98,"Kazakhstan","KAZ","KAZ",94,"Italy","ITA","ITA",8,17,"0","0","0","0","0","-","0"
1,"7ew8B3",1,1619,2018,98,"Kazakhstan","KAZ","KAZ",94,"Italy","ITA","ITA",21,8,"0","0","0","0","0","-","0"
1,"7ew8B3",1,1620,2019,98,"Kazakhstan","KAZ","KAZ",94,"Italy","ITA","ITA",29,8,"0","0","0","0","0","-","0"
1,"7ew8B3",1,1621,2020,98,"Kazakhstan","KAZ","KAZ",94,"Italy","ITA","ITA","0",6,"0","0","0","0","0","-","0"
1,"7ew8B3",1,1622,2021,98,"Kazakhstan","KAZ","KAZ",94,"Italy","ITA","ITA","0",12,"0","0","0","0","0","-","0"
1,"7ew8B3",1,1623,2022,98,"Kazakhstan","KAZ","KAZ",94,"Italy","ITA","ITA",6,9,"0","0","0","0","0","-","0"
1,"7ew8B3",1,1624,2023,98,"Kazakhstan","KAZ","KAZ",94,"Italy","ITA","ITA",20,8,"0","0","0","0","0","-","0"
1,"7ew8B3",1,1625,2024,98,"Kazakhstan","KAZ","KAZ",94,"Italy","ITA","ITA",21,19,"0","0","0","0","0","-","0"
1,"7ew8B3",1,1626,2025,98,"Kazakhstan","KAZ","KAZ",94,"Italy","ITA","ITA",26,16,"0","0","0","0","0","-","0"
1,"7ew8B3",1,1627,2004,99,"Kenya","KEN","KEN",94,"Italy","ITA","ITA",5,"0","0","0","0","0","0","-","0"
1,"7ew8B3",1,1628,2005,99,"Kenya","KEN","KEN",94,"Italy","ITA","ITA",5,"0","0","0","0","0","0","-","0"
1,"7ew8B3",1,1629,2006,99,"Kenya","KEN","KEN",94,"Italy","ITA","ITA",5,"0","0","0","0","0","0","-","0"
1,"7ew8B3",1,1630,2007,99,"Kenya","KEN","KEN",94,"Italy","ITA","ITA",5,"0","0","0","0","0","0","-","0"
1,"7ew8B3",1,1631,2008,99,"Kenya","KEN","KEN",94,"Italy","ITA","ITA",31,"0","0","0","0","0","0","-","0"
1,"7ew8B3",1,1632,2009,99,"Kenya","KEN","KEN",94,"Italy","ITA","ITA",54,"0","0","0","0","0","0","-","0"
1,"7ew8B3",1,1633,2010,99,"Kenya","KEN","KEN",94,"Italy","ITA","ITA",65,19,"0","0","0","0","0","-","0"
1,"7ew8B3",1,1634,2011,99,"Kenya","KEN","KEN",94,"Italy","ITA","ITA",71,"0","0","0","0","0","0","-","0"
1,"7ew8B3",1,1635,2012,99,"Kenya","KEN","KEN",94,"Italy","ITA","ITA",75,19,"0","0","0","0","0","-","0"
1,"7ew8B3",1,1636,2013,99,"Kenya","KEN","KEN",94,"Italy","ITA","ITA",90,7,"0","0","0","0","0","-","0"
1,"7ew8B3",1,1637,2014,99,"Kenya","KEN","KEN",94,"Italy","ITA","ITA",102,10,"0","0","0","0","0","-","0"
1,"7ew8B3",1,1638,2015,99,"Kenya","KEN","KEN",94,"Italy","ITA","ITA",118,13,"0","0","0","0","0","-","0"
1,"7ew8B3",1,1639,2016,99,"Kenya","KEN","KEN",94,"Italy","ITA","ITA",132,13,"0","0","0","0","0","-","0"
1,"7ew8B3",1,1640,2017,99,"Kenya","KEN","KEN",94,"Italy","ITA","ITA",138,41,"0","0","0","0","0","-","0"
1,"7ew8B3",1,1641,2018,99,"Kenya","KEN","KEN",94,"Italy","ITA","ITA",118,36,"0","0","0","0","0","-","0"
1,"7ew8B3",1,1642,2019,99,"Kenya","KEN","KEN",94,"Italy","ITA","ITA",124,23,"0","0","0","0","0","-","0"
1,"7ew8B3",1,1643,2020,99,"Kenya","KEN","KEN",94,"Italy","ITA","ITA","0",27,"0","0","0","0","0","-","0"
1,"7ew8B3",1,1644,2021,99,"Kenya","KEN","KEN",94,"Italy","ITA","ITA",16,11,"0","0","0","0","0","-","0"
1,"7ew8B3",1,1645,2022,99,"Kenya","KEN","KEN",94,"Italy","ITA","ITA",22,17,"0","0","0","0","0","-","0"
1,"7ew8B3",1,1646,2023,99,"Kenya","KEN","KEN",94,"Italy","ITA","ITA",83,21,"0","0","0","0","0","-","0"
1,"7ew8B3",1,1647,2024,99,"Kenya","KEN","KEN",94,"Italy","ITA","ITA",92,70,"0","0","0","0","0","-","0"
1,"7ew8B3",1,1648,2025,99,"Kenya","KEN","KEN",94,"Italy","ITA","ITA",93,81,"0","0","0","0","0","-","0"
1,"7ew8B3",1,1649,2008,100,"Kyrgyzstan","KGZ","KGZ",94,"Italy","ITA","ITA",5,"0","0","0","0","0","0","-","0"
1,"7ew8B3",1,1650,2009,100,"Kyrgyzstan","KGZ","KGZ",94,"Italy","ITA","ITA",5,"0","0","0","0","0","0","-","0"
1,"7ew8B3",1,1651,2010,100,"Kyrgyzstan","KGZ","KGZ",94,"Italy","ITA","ITA",5,"0","0","0","0","0","0","-","0"
1,"7ew8B3",1,1652,2011,100,"Kyrgyzstan","KGZ","KGZ",94,"Italy","ITA","ITA",5,"0","0","0","0","0","0","-","0"
1,"7ew8B3",1,1653,2012,100,"Kyrgyzstan","KGZ","KGZ",94,"Italy","ITA","ITA",5,10,"0","0","0","0","0","-","0"
1,"7ew8B3",1,1654,2013,100,"Kyrgyzstan","KGZ","KGZ",94,"Italy","ITA","ITA",5,"0","0","0","0","0","0","-","0"
1,"7ew8B3",1,1655,2014,100,"Kyrgyzstan","KGZ","KGZ",94,"Italy","ITA","ITA",5,"0","0","0","0","0","0","-","0"
1,"7ew8B3",1,1656,2015,100,"Kyrgyzstan","KGZ","KGZ",94,"Italy","ITA","ITA",5,6,"0","0","0","0","0","-","0"
1,"7ew8B3",1,1657,2016,100,"Kyrgyzstan","KGZ","KGZ",94,"Italy","ITA","ITA",6,14,"0","0","0","0","0","-","0"
1,"7ew8B3",1,1658,2017,100,"Kyrgyzstan","KGZ","KGZ",94,"Italy","ITA","ITA",25,165,"0","0","0","0","0","-","0"
1,"7ew8B3",1,1659,2018,100,"Kyrgyzstan","KGZ","KGZ",94,"Italy","ITA","ITA",86,104,"0","0","0","0","0","-","0"
1,"7ew8B3",1,1660,2019,100,"Kyrgyzstan","KGZ","KGZ",94,"Italy","ITA","ITA",101,45,"0","0","0","0","0","-","0"
1,"7ew8B3",1,1661,2020,100,"Kyrgyzstan","KGZ","KGZ",94,"Italy","ITA","ITA","0",27,"0","0","0","0","0","-","0"
1,"7ew8B3",1,1662,2021,100,"Kyrgyzstan","KGZ","KGZ",94,"Italy","ITA","ITA",5,6,"0","0","0","0","0","-","0"
1,"7ew8B3",1,1663,2022,100,"Kyrgyzstan","KGZ","KGZ",94,"Italy","ITA","ITA",9,66,"0","0","0","0","0","-","0"
1,"7ew8B3",1,1664,2023,100,"Kyrgyzstan","KGZ","KGZ",94,"Italy","ITA","ITA",39,122,"0","0","0","0","0","-","0"
1,"7ew8B3",1,1665,2024,100,"Kyrgyzstan","KGZ","KGZ",94,"Italy","ITA","ITA",58,284,"0","0","0","0","0","-","0"
1,"7ew8B3",1,1666,2025,100,"Kyrgyzstan","KGZ","KGZ",94,"Italy","ITA","ITA",60,396,"0","0","0","0","0","-","0"
1,"7ew8B3",1,1667,2017,102,"Rep. of Korea","KOR","KOR",94,"Italy","ITA","ITA",5,"0","0","0","0","0","0","-","0"
1,"7ew8B3",1,1668,2018,102,"Rep. of Korea","KOR","KOR",94,"Italy","ITA","ITA",5,"0","0","0","0","0","0","-","0"
1,"7ew8B3",1,1669,2019,102,"Rep. of Korea","KOR","KOR",94,"Italy","ITA","ITA",5,"0","0","0","0","0","0","-","0"
1,"7ew8B3",1,1670,2024,102,"Rep. of Korea","KOR","KOR",94,"Italy","ITA","ITA","0",5,"0","0","0","0","0","-","0"
1,"7ew8B3",1,1671,2025,102,"Rep. of Korea","KOR","KOR",94,"Italy","ITA","ITA","0",5,"0","0","0","0","0","-","0"
1,"7ew8B3",1,1672,2007,104,"Kuwait","KUW","KWT",94,"Italy","ITA","ITA",5,"0","0","0","0","0","0","-","0"
1,"7ew8B3",1,1673,2008,104,"Kuwait","KUW","KWT",94,"Italy","ITA","ITA",5,"0","0","0","0","0","0","-","0"
1,"7ew8B3",1,1674,2009,104,"Kuwait","KUW","KWT",94,"Italy","ITA","ITA",5,"0","0","0","0","0","0","-","0"
1,"7ew8B3",1,1675,2010,104,"Kuwait","KUW","KWT",94,"Italy","ITA","ITA",5,"0","0","0","0","0","0","-","0"
1,"7ew8B3",1,1676,2011,104,"Kuwait","KUW","KWT",94,"Italy","ITA","ITA",5,"0","0","0","0","0","0","-","0"
1,"7ew8B3",1,1677,2012,104,"Kuwait","KUW","KWT",94,"Italy","ITA","ITA",5,5,"0","0","0","0","0","-","0"
1,"7ew8B3",1,1678,2013,104,"Kuwait","KUW","KWT",94,"Italy","ITA","ITA",5,"0","0","0","0","0","0","-","0"
1,"7ew8B3",1,1679,2014,104,"Kuwait","KUW","KWT",94,"Italy","ITA","ITA",5,6,"0","0","0","0","0","-","0"
1,"7ew8B3",1,1680,2015,104,"Kuwait","KUW","KWT",94,"Italy","ITA","ITA",5,"0","0","0","0","0","0","-","0"
1,"7ew8B3",1,1681,2016,104,"Kuwait","KUW","KWT",94,"Italy","ITA","ITA",6,"0","0","0","0","0","0","-","0"
1,"7ew8B3",1,1682,2017,104,"Kuwait","KUW","KWT",94,"Italy","ITA","ITA",5,5,"0","0","0","0","0","-","0"
1,"7ew8B3",1,1683,2018,104,"Kuwait","KUW","KWT",94,"Italy","ITA","ITA",8,"0","0","0","0","0","0","-","0"
1,"7ew8B3",1,1684,2019,104,"Kuwait","KUW","KWT",94,"Italy","ITA","ITA",13,5,"0","0","0","0","0","-","0"
1,"7ew8B3",1,1685,1980,105,"Lao People's Dem. Rep.","LAO","LAO",94,"Italy","ITA","ITA",96,"0","0","0","0","0","0","-","0"
1,"7ew8B3",1,1686,1981,105,"Lao People's Dem. Rep.","LAO","LAO",94,"Italy","ITA","ITA",100,"0","0","0","0","0","0","-","0"
1,"7ew8B3",1,1687,1982,105,"Lao People's Dem. Rep.","LAO","LAO",94,"Italy","ITA","ITA",108,"0","0","0","0","0","0","-","0"
1,"7ew8B3",1,1688,1983,105,"Lao People's Dem. Rep.","LAO","LAO",94,"Italy","ITA","ITA",113,"0","0","0","0","0","0","-","0"
1,"7ew8B3",1,1689,1984,105,"Lao People's Dem. Rep.","LAO","LAO",94,"Italy","ITA","ITA",113,"0","0","0","0","0","0","-","0"
1,"7ew8B3",1,1690,1985,105,"Lao People's Dem. Rep.","LAO","LAO",94,"Italy","ITA","ITA",113,"0","0","0","0","0","0","-","0"
1,"7ew8B3",1,1691,1986,105,"Lao People's Dem. Rep.","LAO","LAO",94,"Italy","ITA","ITA",114,"0","0","0","0","0","0","-","0"
1,"7ew8B3",1,1692,1987,105,"Lao People's Dem. Rep.","LAO","LAO",94,"Italy","ITA","ITA",114,"0","0","0","0","0","0","-","0"
1,"7ew8B3",1,1693,1988,105,"Lao People's Dem. Rep.","LAO","LAO",94,"Italy","ITA","ITA",114,"0","0","0","0","0","0","-","0"
1,"7ew8B3",1,1694,1989,105,"Lao People's Dem. Rep.","LAO","LAO",94,"Italy","ITA","ITA",94,"0","0","0","0","0","0","-","0"
1,"7ew8B3",1,1695,1990,105,"Lao People's Dem. Rep.","LAO","LAO",94,"Italy","ITA","ITA",18,"0","0","0","0","0","0","-","0"
1,"7ew8B3",1,1696,1991,105,"Lao People's Dem. Rep.","LAO","LAO",94,"Italy","ITA","ITA",14,"0","0","0","0","0","0","-","0"
1,"7ew8B3",1,1697,1992,105,"Lao People's Dem. Rep.","LAO","LAO",94,"Italy","ITA","ITA",6,"0","0","0","0","0","0","-","0"
1,"7ew8B3",1,1698,2023,105,"Lao People's Dem. Rep.","LAO","LAO",94,"Italy","ITA","ITA",8,"0","0","0","0","0","0","-","0"
1,"7ew8B3",1,1699,2024,105,"Lao People's Dem. Rep.","LAO","LAO",94,"Italy","ITA","ITA",6,5,"0","0","0","0","0","-","0"
1,"7ew8B3",1,1700,2025,105,"Lao People's Dem. Rep.","LAO","LAO",94,"Italy","ITA","ITA",8,5,"0","0","0","0","0","-","0"
1,"7ew8B3",1,1701,1988,106,"Liberia","LBR","LBR",94,"Italy","ITA","ITA",7,"0","0","0","0","0","0","-","0"
1,"7ew8B3",1,1702,1989,106,"Liberia","LBR","LBR",94,"Italy","ITA","ITA",7,"0","0","0","0","0","0","-","0"
1,"7ew8B3",1,1703,1990,106,"Liberia","LBR","LBR",94,"Italy","ITA","ITA",7,"0","0","0","0","0","0","-","0"
1,"7ew8B3",1,1704,1991,106,"Liberia","LBR","LBR",94,"Italy","ITA","ITA",8,"0","0","0","0","0","0","-","0"
1,"7ew8B3",1,1705,1992,106,"Liberia","LBR","LBR",94,"Italy","ITA","ITA",8,"0","0","0","0","0","0","-","0"
1,"7ew8B3",1,1706,1993,106,"Liberia","LBR","LBR",94,"Italy","ITA","ITA",8,"0","0","0","0","0","0","-","0"
1,"7ew8B3",1,1707,1994,106,"Liberia","LBR","LBR",94,"Italy","ITA","ITA",8,"0","0","0","0","0","0","-","0"
1,"7ew8B3",1,1708,1995,106,"Liberia","LBR","LBR",94,"Italy","ITA","ITA",10,"0","0","0","0","0","0","-","0"
1,"7ew8B3",1,1709,1996,106,"Liberia","LBR","LBR",94,"Italy","ITA","ITA",12,"0","0","0","0","0","0","-","0"
1,"7ew8B3",1,1710,1997,106,"Liberia","LBR","LBR",94,"Italy","ITA","ITA",16,"0","0","0","0","0","0","-","0"
1,"7ew8B3",1,1711,1998,106,"Liberia","LBR","LBR",94,"Italy","ITA","ITA",12,"0","0","0","0","0","0","-","0"
1,"7ew8B3",1,1712,1999,106,"Liberia","LBR","LBR",94,"Italy","ITA","ITA",12,"0","0","0","0","0","0","-","0"
1,"7ew8B3",1,1713,2000,106,"Liberia","LBR","LBR",94,"Italy","ITA","ITA",15,"0","0","0","0","0","0","-","0"
1,"7ew8B3",1,1714,2001,106,"Liberia","LBR","LBR",94,"Italy","ITA","ITA",14,"0","0","0","0","0","0","-","0"
1,"7ew8B3",1,1715,2002,106,"Liberia","LBR","LBR",94,"Italy","ITA","ITA",15,"0","0","0","0","0","0","-","0"
1,"7ew8B3",1,1716,2003,106,"Liberia","LBR","LBR",94,"Italy","ITA","ITA",38,"0","0","0","0","0","0","-","0"
1,"7ew8B3",1,1717,2004,106,"Liberia","LBR","LBR",94,"Italy","ITA","ITA",692,"0","0","0","0","0","0","-","0"
1,"7ew8B3",1,1718,2005,106,"Liberia","LBR","LBR",94,"Italy","ITA","ITA",819,"0","0","0","0","0","0","-","0"
1,"7ew8B3",1,1719,2006,106,"Liberia","LBR","LBR",94,"Italy","ITA","ITA",899,"0","0","0","0","0","0","-","0"
1,"7ew8B3",1,1720,2007,106,"Liberia","LBR","LBR",94,"Italy","ITA","ITA",1313,"0","0","0","0","0","0","-","0"
1,"7ew8B3",1,1721,2008,106,"Liberia","LBR","LBR",94,"Italy","ITA","ITA",1329,"0","0","0","0","0","0","-","0"
1,"7ew8B3",1,1722,2009,106,"Liberia","LBR","LBR",94,"Italy","ITA","ITA",1359,"0","0","0","0","0","0","-","0"
1,"7ew8B3",1,1723,2010,106,"Liberia","LBR","LBR",94,"Italy","ITA","ITA",1356,22,"0","0","0","0","0","-","0"
1,"7ew8B3",1,1724,2011,106,"Liberia","LBR","LBR",94,"Italy","ITA","ITA",1358,"0","0","0","0","0","0","-","0"
1,"7ew8B3",1,1725,2012,106,"Liberia","LBR","LBR",94,"Italy","ITA","ITA",1365,32,"0","0","0","0","0","-","0"
1,"7ew8B3",1,1726,2013,106,"Liberia","LBR","LBR",94,"Italy","ITA","ITA",1367,20,"0","0","0","0","0","-","0"
1,"7ew8B3",1,1727,2014,106,"Liberia","LBR","LBR",94,"Italy","ITA","ITA",765,42,"0","0","0","0","0","-","0"
1,"7ew8B3",1,1728,2015,106,"Liberia","LBR","LBR",94,"Italy","ITA","ITA",702,69,"0","0","0","0","0","-","0"
1,"7ew8B3",1,1729,2016,106,"Liberia","LBR","LBR",94,"Italy","ITA","ITA",673,218,"0","0","0","0","0","-","0"
1,"7ew8B3",1,1730,2017,106,"Liberia","LBR","LBR",94,"Italy","ITA","ITA",320,502,"0","0","0","0","0","-","0"
1,"7ew8B3",1,1731,2018,106,"Liberia","LBR","LBR",94,"Italy","ITA","ITA",358,225,"0","0","0","0","0","-","0"
1,"7ew8B3",1,1732,2019,106,"Liberia","LBR","LBR",94,"Italy","ITA","ITA",389,35,"0","0","0","0","0","-","0"
1,"7ew8B3",1,1733,2020,106,"Liberia","LBR","LBR",94,"Italy","ITA","ITA",317,41,"0","0","0","0","0","-","0"
1,"7ew8B3",1,1734,2021,106,"Liberia","LBR","LBR",94,"Italy","ITA","ITA",342,40,"0","0","0","0","0","-","0"
1,"7ew8B3",1,1735,2022,106,"Liberia","LBR","LBR",94,"Italy","ITA","ITA",342,48,"0","0","0","0","0","-","0"
1,"7ew8B3",1,1736,2023,106,"Liberia","LBR","LBR",94,"Italy","ITA","ITA",262,189,"0","0","0","0","0","-","0"
1,"7ew8B3",1,1737,2024,106,"Liberia","LBR","LBR",94,"Italy","ITA","ITA",239,170,"0","0","0","0","0","-","0"
1,"7ew8B3",1,1738,2025,106,"Liberia","LBR","LBR",94,"Italy","ITA","ITA",223,141,"0","0","0","0","0","-","0"
1,"7ew8B3",1,1739,1980,107,"Libya","LBY","LBY",94,"Italy","ITA","ITA",205,"0","0","0","0","0","0","-","0"
1,"7ew8B3",1,1740,1981,107,"Libya","LBY","LBY",94,"Italy","ITA","ITA",226,"0","0","0","0","0","0","-","0"
1,"7ew8B3",1,1741,1982,107,"Libya","LBY","LBY",94,"Italy","ITA","ITA",259,"0","0","0","0","0","0","-","0"
1,"7ew8B3",1,1742,1983,107,"Libya","LBY","LBY",94,"Italy","ITA","ITA",275,"0","0","0","0","0","0","-","0"
1,"7ew8B3",1,1743,1984,107,"Libya","LBY","LBY",94,"Italy","ITA","ITA",291,"0","0","0","0","0","0","-","0"
1,"7ew8B3",1,1744,1985,107,"Libya","LBY","LBY",94,"Italy","ITA","ITA",327,"0","0","0","0","0","0","-","0"
1,"7ew8B3",1,1745,1986,107,"Libya","LBY","LBY",94,"Italy","ITA","ITA",304,"0","0","0","0","0","0","-","0"
1,"7ew8B3",1,1746,1987,107,"Libya","LBY","LBY",94,"Italy","ITA","ITA",250,"0","0","0","0","0","0","-","0"
1,"7ew8B3",1,1747,1988,107,"Libya","LBY","LBY",94,"Italy","ITA","ITA",219,"0","0","0","0","0","0","-","0"
1,"7ew8B3",1,1748,1989,107,"Libya","LBY","LBY",94,"Italy","ITA","ITA",190,"0","0","0","0","0","0","-","0"
1,"7ew8B3",1,1749,1990,107,"Libya","LBY","LBY",94,"Italy","ITA","ITA",168,"0","0","0","0","0","0","-","0"
1,"7ew8B3",1,1750,1991,107,"Libya","LBY","LBY",94,"Italy","ITA","ITA",147,"0","0","0","0","0","0","-","0"
1,"7ew8B3",1,1751,1992,107,"Libya","LBY","LBY",94,"Italy","ITA","ITA",115,"0","0","0","0","0","0","-","0"
1,"7ew8B3",1,1752,1993,107,"Libya","LBY","LBY",94,"Italy","ITA","ITA",99,"0","0","0","0","0","0","-","0"
1,"7ew8B3",1,1753,1994,107,"Libya","LBY","LBY",94,"Italy","ITA","ITA",84,"0","0","0","0","0","0","-","0"
1,"7ew8B3",1,1754,1995,107,"Libya","LBY","LBY",94,"Italy","ITA","ITA",48,"0","0","0","0","0","0","-","0"
1,"7ew8B3",1,1755,1996,107,"Libya","LBY","LBY",94,"Italy","ITA","ITA",25,"0","0","0","0","0","0","-","0"
1,"7ew8B3",1,1756,1997,107,"Libya","LBY","LBY",94,"Italy","ITA","ITA",8,"0","0","0","0","0","0","-","0"
1,"7ew8B3",1,1757,1998,107,"Libya","LBY","LBY",94,"Italy","ITA","ITA",5,"0","0","0","0","0","0","-","0"
1,"7ew8B3",1,1758,1999,107,"Libya","LBY","LBY",94,"Italy","ITA","ITA",5,"0","0","0","0","0","0","-","0"
1,"7ew8B3",1,1759,2009,107,"Libya","LBY","LBY",94,"Italy","ITA","ITA",8,"0","0","0","0","0","0","-","0"
1,"7ew8B3",1,1760,2010,107,"Libya","LBY","LBY",94,"Italy","ITA","ITA",8,"0","0","0","0","0","0","-","0"
1,"7ew8B3",1,1761,2011,107,"Libya","LBY","LBY",94,"Italy","ITA","ITA",75,"0","0","0","0","0","0","-","0"
1,"7ew8B3",1,1762,2012,107,"Libya","LBY","LBY",94,"Italy","ITA","ITA",142,110,"0","0","0","0","0","-","0"
1,"7ew8B3",1,1763,2013,107,"Libya","LBY","LBY",94,"Italy","ITA","ITA",191,18,"0","0","0","0","0","-","0"
1,"7ew8B3",1,1764,2014,107,"Libya","LBY","LBY",94,"Italy","ITA","ITA",227,80,"0","0","0","0","0","-","0"
1,"7ew8B3",1,1765,2015,107,"Libya","LBY","LBY",94,"Italy","ITA","ITA",392,151,"0","0","0","0","0","-","0"
1,"7ew8B3",1,1766,2016,107,"Libya","LBY","LBY",94,"Italy","ITA","ITA",603,257,"0","0","0","0","0","-","0"
1,"7ew8B3",1,1767,2017,107,"Libya","LBY","LBY",94,"Italy","ITA","ITA",837,604,"0","0","0","0","0","-","0"
1,"7ew8B3",1,1768,2018,107,"Libya","LBY","LBY",94,"Italy","ITA","ITA",1142,367,"0","0","0","0","0","-","0"
1,"7ew8B3",1,1769,2019,107,"Libya","LBY","LBY",94,"Italy","ITA","ITA",1436,192,"0","0","0","0","0","-","0"
1,"7ew8B3",1,1770,2020,107,"Libya","LBY","LBY",94,"Italy","ITA","ITA",1027,251,"0","0","0","0","0","-","0"
1,"7ew8B3",1,1771,2021,107,"Libya","LBY","LBY",94,"Italy","ITA","ITA",1141,241,"0","0","0","0","0","-","0"
1,"7ew8B3",1,1772,2022,107,"Libya","LBY","LBY",94,"Italy","ITA","ITA",1204,241,"0","0","0","0","0","-","0"
1,"7ew8B3",1,1773,2023,107,"Libya","LBY","LBY",94,"Italy","ITA","ITA",1144,293,"0","0","0","0","0","-","0"
1,"7ew8B3",1,1774,2024,107,"Libya","LBY","LBY",94,"Italy","ITA","ITA",1170,337,"0","0","0","0","0","-","0"
1,"7ew8B3",1,1775,2025,107,"Libya","LBY","LBY",94,"Italy","ITA","ITA",1035,329,"0","0","0","0","0","-","0"
1,"7ew8B3",1,1776,1988,109,"Lebanon","LEB","LBN",94,"Italy","ITA","ITA",10,"0","0","0","0","0","0","-","0"
1,"7ew8B3",1,1777,1989,109,"Lebanon","LEB","LBN",94,"Italy","ITA","ITA",51,"0","0","0","0","0","0","-","0"
1,"7ew8B3",1,1778,1990,109,"Lebanon","LEB","LBN",94,"Italy","ITA","ITA",51,"0","0","0","0","0","0","-","0"
1,"7ew8B3",1,1779,1991,109,"Lebanon","LEB","LBN",94,"Italy","ITA","ITA",59,"0","0","0","0","0","0","-","0"
1,"7ew8B3",1,1780,1992,109,"Lebanon","LEB","LBN",94,"Italy","ITA","ITA",66,"0","0","0","0","0","0","-","0"
1,"7ew8B3",1,1781,1993,109,"Lebanon","LEB","LBN",94,"Italy","ITA","ITA",66,"0","0","0","0","0","0","-","0"
1,"7ew8B3",1,1782,1994,109,"Lebanon","LEB","LBN",94,"Italy","ITA","ITA",68,"0","0","0","0","0","0","-","0"
1,"7ew8B3",1,1783,1995,109,"Lebanon","LEB","LBN",94,"Italy","ITA","ITA",68,"0","0","0","0","0","0","-","0"
1,"7ew8B3",1,1784,1996,109,"Lebanon","LEB","LBN",94,"Italy","ITA","ITA",69,"0","0","0","0","0","0","-","0"
1,"7ew8B3",1,1785,1997,109,"Lebanon","LEB","LBN",94,"Italy","ITA","ITA",71,"0","0","0","0","0","0","-","0"
1,"7ew8B3",1,1786,1998,109,"Lebanon","LEB","LBN",94,"Italy","ITA","ITA",61,"0","0","0","0","0","0","-","0"
1,"7ew8B3",1,1787,1999,109,"Lebanon","LEB","LBN",94,"Italy","ITA","ITA",27,"0","0","0","0","0","0","-","0"
1,"7ew8B3",1,1788,2000,109,"Lebanon","LEB","LBN",94,"Italy","ITA","ITA",28,"0","0","0","0","0","0","-","0"
1,"7ew8B3",1,1789,2001,109,"Lebanon","LEB","LBN",94,"Italy","ITA","ITA",31,"0","0","0","0","0","0","-","0"
1,"7ew8B3",1,1790,2002,109,"Lebanon","LEB","LBN",94,"Italy","ITA","ITA",24,"0","0","0","0","0","0","-","0"
1,"7ew8B3",1,1791,2003,109,"Lebanon","LEB","LBN",94,"Italy","ITA","ITA",24,"0","0","0","0","0","0","-","0"
1,"7ew8B3",1,1792,2004,109,"Lebanon","LEB","LBN",94,"Italy","ITA","ITA",23,"0","0","0","0","0","0","-","0"
1,"7ew8B3",1,1793,2005,109,"Lebanon","LEB","LBN",94,"Italy","ITA","ITA",23,"0","0","0","0","0","0","-","0"
1,"7ew8B3",1,1794,2006,109,"Lebanon","LEB","LBN",94,"Italy","ITA","ITA",54,"0","0","0","0","0","0","-","0"
1,"7ew8B3",1,1795,2007,109,"Lebanon","LEB","LBN",94,"Italy","ITA","ITA",129,"0","0","0","0","0","0","-","0"
1,"7ew8B3",1,1796,2008,109,"Lebanon","LEB","LBN",94,"Italy","ITA","ITA",166,"0","0","0","0","0","0","-","0"
1,"7ew8B3",1,1797,2009,109,"Lebanon","LEB","LBN",94,"Italy","ITA","ITA",194,"0","0","0","0","0","0","-","0"
1,"7ew8B3",1,1798,2010,109,"Lebanon","LEB","LBN",94,"Italy","ITA","ITA",214,5,"0","0","0","0","0","-","0"
1,"7ew8B3",1,1799,2011,109,"Lebanon","LEB","LBN",94,"Italy","ITA","ITA",210,"0","0","0","0","0","0","-","0"
1,"7ew8B3",1,1800,2012,109,"Lebanon","LEB","LBN",94,"Italy","ITA","ITA",227,68,"0","0","0","0","0","-","0"
1,"7ew8B3",1,1801,2013,109,"Lebanon","LEB","LBN",94,"Italy","ITA","ITA",279,31,"0","0","0","0","0","-","0"
1,"7ew8B3",1,1802,2014,109,"Lebanon","LEB","LBN",94,"Italy","ITA","ITA",310,54,"0","0","0","0","0","-","0"
1,"7ew8B3",1,1803,2015,109,"Lebanon","LEB","LBN",94,"Italy","ITA","ITA",348,47,"0","0","0","0","0","-","0"
1,"7ew8B3",1,1804,2016,109,"Lebanon","LEB","LBN",94,"Italy","ITA","ITA",349,75,"0","0","0","0","0","-","0"
1,"7ew8B3",1,1805,2017,109,"Lebanon","LEB","LBN",94,"Italy","ITA","ITA",313,61,"0","0","0","0","0","-","0"
1,"7ew8B3",1,1806,2018,109,"Lebanon","LEB","LBN",94,"Italy","ITA","ITA",328,44,"0","0","0","0","0","-","0"
1,"7ew8B3",1,1807,2019,109,"Lebanon","LEB","LBN",94,"Italy","ITA","ITA",372,97,"0","0","0","0","0","-","0"
1,"7ew8B3",1,1808,2020,109,"Lebanon","LEB","LBN",94,"Italy","ITA","ITA","0",55,"0","0","0","0","0","-","0"
1,"7ew8B3",1,1809,2021,109,"Lebanon","LEB","LBN",94,"Italy","ITA","ITA",14,59,"0","0","0","0","0","-","0"
1,"7ew8B3",1,1810,2022,109,"Lebanon","LEB","LBN",94,"Italy","ITA","ITA",6,130,"0","0","0","0","0","-","0"
1,"7ew8B3",1,1811,2023,109,"Lebanon","LEB","LBN",94,"Italy","ITA","ITA",147,130,"0","0","0","0","0","-","0"
1,"7ew8B3",1,1812,2024,109,"Lebanon","LEB","LBN",94,"Italy","ITA","ITA",185,163,"0","0","0","0","0","-","0"
1,"7ew8B3",1,1813,2025,109,"Lebanon","LEB","LBN",94,"Italy","ITA","ITA",142,201,"0","0","0","0","0","-","0"
1,"7ew8B3",1,1814,2017,110,"Lesotho","LES","LSO",94,"Italy","ITA","ITA","0",5,"0","0","0","0","0","-","0"
1,"7ew8B3",1,1815,2018,110,"Lesotho","LES","LSO",94,"Italy","ITA","ITA","0",17,"0","0","0","0","0","-","0"
1,"7ew8B3",1,1816,2019,111,"Liechtenstein","LIE","LIE",94,"Italy","ITA","ITA","0",14,"0","0","0","0","0","-","0"
1,"7ew8B3",1,1817,2020,111,"Liechtenstein","LIE","LIE",94,"Italy","ITA","ITA","0",5,"0","0","0","0","0","-","0"
1,"7ew8B3",1,1818,2021,111,"Liechtenstein","LIE","LIE",94,"Italy","ITA","ITA",5,5,"0","0","0","0","0","-","0"
1,"7ew8B3",1,1819,2022,111,"Liechtenstein","LIE","LIE",94,"Italy","ITA","ITA",5,5,"0","0","0","0","0","-","0"
1,"7ew8B3",1,1820,1985,112,"Sri Lanka","LKA","LKA",94,"Italy","ITA","ITA",10,"0","0","0","0","0","0","-","0"
1,"7ew8B3",1,1821,1986,112,"Sri Lanka","LKA","LKA",94,"Italy","ITA","ITA",55,"0","0","0","0","0","0","-","0"
1,"7ew8B3",1,1822,1987,112,"Sri Lanka","LKA","LKA",94,"Italy","ITA","ITA",59,"0","0","0","0","0","0","-","0"
1,"7ew8B3",1,1823,1988,112,"Sri Lanka","LKA","LKA",94,"Italy","ITA","ITA",72,"0","0","0","0","0","0","-","0"
1,"7ew8B3",1,1824,1989,112,"Sri Lanka","LKA","LKA",94,"Italy","ITA","ITA",118,"0","0","0","0","0","0","-","0"
1,"7ew8B3",1,1825,1990,112,"Sri Lanka","LKA","LKA",94,"Italy","ITA","ITA",118,"0","0","0","0","0","0","-","0"
1,"7ew8B3",1,1826,1991,112,"Sri Lanka","LKA","LKA",94,"Italy","ITA","ITA",124,"0","0","0","0","0","0","-","0"
1,"7ew8B3",1,1827,1992,112,"Sri Lanka","LKA","LKA",94,"Italy","ITA","ITA",130,"0","0","0","0","0","0","-","0"
1,"7ew8B3",1,1828,1993,112,"Sri Lanka","LKA","LKA",94,"Italy","ITA","ITA",133,"0","0","0","0","0","0","-","0"
1,"7ew8B3",1,1829,1994,112,"Sri Lanka","LKA","LKA",94,"Italy","ITA","ITA",135,"0","0","0","0","0","0","-","0"
1,"7ew8B3",1,1830,1995,112,"Sri Lanka","LKA","LKA",94,"Italy","ITA","ITA",126,"0","0","0","0","0","0","-","0"
1,"7ew8B3",1,1831,1996,112,"Sri Lanka","LKA","LKA",94,"Italy","ITA","ITA",81,"0","0","0","0","0","0","-","0"
1,"7ew8B3",1,1832,1997,112,"Sri Lanka","LKA","LKA",94,"Italy","ITA","ITA",78,"0","0","0","0","0","0","-","0"
1,"7ew8B3",1,1833,1998,112,"Sri Lanka","LKA","LKA",94,"Italy","ITA","ITA",69,"0","0","0","0","0","0","-","0"
1,"7ew8B3",1,1834,1999,112,"Sri Lanka","LKA","LKA",94,"Italy","ITA","ITA",24,"0","0","0","0","0","0","-","0"
1,"7ew8B3",1,1835,2000,112,"Sri Lanka","LKA","LKA",94,"Italy","ITA","ITA",33,"0","0","0","0","0","0","-","0"
1,"7ew8B3",1,1836,2001,112,"Sri Lanka","LKA","LKA",94,"Italy","ITA","ITA",40,"0","0","0","0","0","0","-","0"
1,"7ew8B3",1,1837,2002,112,"Sri Lanka","LKA","LKA",94,"Italy","ITA","ITA",459,"0","0","0","0","0","0","-","0"
1,"7ew8B3",1,1838,2003,112,"Sri Lanka","LKA","LKA",94,"Italy","ITA","ITA",463,"0","0","0","0","0","0","-","0"
1,"7ew8B3",1,1839,2004,112,"Sri Lanka","LKA","LKA",94,"Italy","ITA","ITA",466,"0","0","0","0","0","0","-","0"
1,"7ew8B3",1,1840,2005,112,"Sri Lanka","LKA","LKA",94,"Italy","ITA","ITA",499,"0","0","0","0","0","0","-","0"
1,"7ew8B3",1,1841,2006,112,"Sri Lanka","LKA","LKA",94,"Italy","ITA","ITA",533,"0","0","0","0","0","0","-","0"
1,"7ew8B3",1,1842,2007,112,"Sri Lanka","LKA","LKA",94,"Italy","ITA","ITA",786,"0","0","0","0","0","0","-","0"
1,"7ew8B3",1,1843,2008,112,"Sri Lanka","LKA","LKA",94,"Italy","ITA","ITA",861,"0","0","0","0","0","0","-","0"
1,"7ew8B3",1,1844,2009,112,"Sri Lanka","LKA","LKA",94,"Italy","ITA","ITA",974,"0","0","0","0","0","0","-","0"
1,"7ew8B3",1,1845,2010,112,"Sri Lanka","LKA","LKA",94,"Italy","ITA","ITA",1004,27,"0","0","0","0","0","-","0"
1,"7ew8B3",1,1846,2011,112,"Sri Lanka","LKA","LKA",94,"Italy","ITA","ITA",1006,"0","0","0","0","0","0","-","0"
1,"7ew8B3",1,1847,2012,112,"Sri Lanka","LKA","LKA",94,"Italy","ITA","ITA",605,46,"0","0","0","0","0","-","0"
1,"7ew8B3",1,1848,2013,112,"Sri Lanka","LKA","LKA",94,"Italy","ITA","ITA",631,27,"0","0","0","0","0","-","0"
1,"7ew8B3",1,1849,2014,112,"Sri Lanka","LKA","LKA",94,"Italy","ITA","ITA",673,50,"0","0","0","0","0","-","0"
1,"7ew8B3",1,1850,2015,112,"Sri Lanka","LKA","LKA",94,"Italy","ITA","ITA",707,69,"0","0","0","0","0","-","0"
1,"7ew8B3",1,1851,2016,112,"Sri Lanka","LKA","LKA",94,"Italy","ITA","ITA",727,129,"0","0","0","0","0","-","0"
1,"7ew8B3",1,1852,2017,112,"Sri Lanka","LKA","LKA",94,"Italy","ITA","ITA",517,598,"0","0","0","0","0","-","0"
1,"7ew8B3",1,1853,2018,112,"Sri Lanka","LKA","LKA",94,"Italy","ITA","ITA",530,640,"0","0","0","0","0","-","0"
1,"7ew8B3",1,1854,2019,112,"Sri Lanka","LKA","LKA",94,"Italy","ITA","ITA",588,346,"0","0","0","0","0","-","0"
1,"7ew8B3",1,1855,2020,112,"Sri Lanka","LKA","LKA",94,"Italy","ITA","ITA",338,234,"0","0","0","0","0","-","0"
1,"7ew8B3",1,1856,2021,112,"Sri Lanka","LKA","LKA",94,"Italy","ITA","ITA",362,184,"0","0","0","0","0","-","0"
1,"7ew8B3",1,1857,2022,112,"Sri Lanka","LKA","LKA",94,"Italy","ITA","ITA",349,454,"0","0","0","0","0","-","0"
1,"7ew8B3",1,1858,2023,112,"Sri Lanka","LKA","LKA",94,"Italy","ITA","ITA",324,1573,"0","0","0","0","0","-","0"
1,"7ew8B3",1,1859,2024,112,"Sri Lanka","LKA","LKA",94,"Italy","ITA","ITA",453,5256,"0","0","0","0","0","-","0"
1,"7ew8B3",1,1860,2025,112,"Sri Lanka","LKA","LKA",94,"Italy","ITA","ITA",581,6109,"0","0","0","0","0","-","0"
1,"7ew8B3",1,1861,2009,117,"Madagascar","MAD","MDG",94,"Italy","ITA","ITA",5,"0","0","0","0","0","0","-","0"
1,"7ew8B3",1,1862,2010,117,"Madagascar","MAD","MDG",94,"Italy","ITA","ITA",5,5,"0","0","0","0","0","-","0"
1,"7ew8B3",1,1863,2011,117,"Madagascar","MAD","MDG",94,"Italy","ITA","ITA",5,"0","0","0","0","0","0","-","0"
1,"7ew8B3",1,1864,2012,117,"Madagascar","MAD","MDG",94,"Italy","ITA","ITA",5,"0","0","0","0","0","0","-","0"
1,"7ew8B3",1,1865,2013,117,"Madagascar","MAD","MDG",94,"Italy","ITA","ITA",6,5,"0","0","0","0","0","-","0"
1,"7ew8B3",1,1866,2014,117,"Madagascar","MAD","MDG",94,"Italy","ITA","ITA",10,6,"0","0","0","0","0","-","0"
1,"7ew8B3",1,1867,2015,117,"Madagascar","MAD","MDG",94,"Italy","ITA","ITA",15,5,"0","0","0","0","0","-","0"
1,"7ew8B3",1,1868,2016,117,"Madagascar","MAD","MDG",94,"Italy","ITA","ITA",19,"0","0","0","0","0","0","-","0"
1,"7ew8B3",1,1869,2017,117,"Madagascar","MAD","MDG",94,"Italy","ITA","ITA",18,7,"0","0","0","0","0","-","0"
1,"7ew8B3",1,1870,2018,117,"Madagascar","MAD","MDG",94,"Italy","ITA","ITA",22,7,"0","0","0","0","0","-","0"
1,"7ew8B3",1,1871,2019,117,"Madagascar","MAD","MDG",94,"Italy","ITA","ITA",23,5,"0","0","0","0","0","-","0"
1,"7ew8B3",1,1872,2020,117,"Madagascar","MAD","MDG",94,"Italy","ITA","ITA","0",5,"0","0","0","0","0","-","0"
1,"7ew8B3",1,1873,2021,117,"Madagascar","MAD","MDG",94,"Italy","ITA","ITA","0",5,"0","0","0","0","0","-","0"
1,"7ew8B3",1,1874,2022,117,"Madagascar","MAD","MDG",94,"Italy","ITA","ITA","0",5,"0","0","0","0","0","-","0"
1,"7ew8B3",1,1875,2023,117,"Madagascar","MAD","MDG",94,"Italy","ITA","ITA",6,6,"0","0","0","0","0","-","0"
1,"7ew8B3",1,1876,2024,117,"Madagascar","MAD","MDG",94,"Italy","ITA","ITA",6,12,"0","0","0","0","0","-","0"
1,"7ew8B3",1,1877,2025,117,"Madagascar","MAD","MDG",94,"Italy","ITA","ITA",5,19,"0","0","0","0","0","-","0"
1,"7ew8B3",1,1878,2004,119,"Mauritania","MAU","MRT",94,"Italy","ITA","ITA",6,"0","0","0","0","0","0","-","0"
1,"7ew8B3",1,1879,2005,119,"Mauritania","MAU","MRT",94,"Italy","ITA","ITA",6,"0","0","0","0","0","0","-","0"
1,"7ew8B3",1,1880,2006,119,"Mauritania","MAU","MRT",94,"Italy","ITA","ITA",6,"0","0","0","0","0","0","-","0"
1,"7ew8B3",1,1881,2007,119,"Mauritania","MAU","MRT",94,"Italy","ITA","ITA",28,"0","0","0","0","0","0","-","0"
1,"7ew8B3",1,1882,2008,119,"Mauritania","MAU","MRT",94,"Italy","ITA","ITA",44,"0","0","0","0","0","0","-","0"
1,"7ew8B3",1,1883,2009,119,"Mauritania","MAU","MRT",94,"Italy","ITA","ITA",75,"0","0","0","0","0","0","-","0"
1,"7ew8B3",1,1884,2010,119,"Mauritania","MAU","MRT",94,"Italy","ITA","ITA",90,10,"0","0","0","0","0","-","0"
1,"7ew8B3",1,1885,2011,119,"Mauritania","MAU","MRT",94,"Italy","ITA","ITA",109,"0","0","0","0","0","0","-","0"
1,"7ew8B3",1,1886,2012,119,"Mauritania","MAU","MRT",94,"Italy","ITA","ITA",146,64,"0","0","0","0","0","-","0"
1,"7ew8B3",1,1887,2013,119,"Mauritania","MAU","MRT",94,"Italy","ITA","ITA",195,30,"0","0","0","0","0","-","0"
1,"7ew8B3",1,1888,2014,119,"Mauritania","MAU","MRT",94,"Italy","ITA","ITA",230,51,"0","0","0","0","0","-","0"
1,"7ew8B3",1,1889,2015,119,"Mauritania","MAU","MRT",94,"Italy","ITA","ITA",282,54,"0","0","0","0","0","-","0"
1,"7ew8B3",1,1890,2016,119,"Mauritania","MAU","MRT",94,"Italy","ITA","ITA",331,55,"0","0","0","0","0","-","0"
1,"7ew8B3",1,1891,2017,119,"Mauritania","MAU","MRT",94,"Italy","ITA","ITA",342,48,"0","0","0","0","0","-","0"
1,"7ew8B3",1,1892,2018,119,"Mauritania","MAU","MRT",94,"Italy","ITA","ITA",347,37,"0","0","0","0","0","-","0"
1,"7ew8B3",1,1893,2019,119,"Mauritania","MAU","MRT",94,"Italy","ITA","ITA",355,8,"0","0","0","0","0","-","0"
1,"7ew8B3",1,1894,2020,119,"Mauritania","MAU","MRT",94,"Italy","ITA","ITA",286,6,"0","0","0","0","0","-","0"
1,"7ew8B3",1,1895,2021,119,"Mauritania","MAU","MRT",94,"Italy","ITA","ITA",273,5,"0","0","0","0","0","-","0"
1,"7ew8B3",1,1896,2022,119,"Mauritania","MAU","MRT",94,"Italy","ITA","ITA",239,9,"0","0","0","0","0","-","0"
1,"7ew8B3",1,1897,2023,119,"Mauritania","MAU","MRT",94,"Italy","ITA","ITA",278,15,"0","0","0","0","0","-","0"
1,"7ew8B3",1,1898,2024,119,"Mauritania","MAU","MRT",94,"Italy","ITA","ITA",277,28,"0","0","0","0","0","-","0"
1,"7ew8B3",1,1899,2025,119,"Mauritania","MAU","MRT",94,"Italy","ITA","ITA",245,29,"0","0","0","0","0","-","0"
1,"7ew8B3",1,1900,1995,120,"North Macedonia","MCD","MKD",94,"Italy","ITA","ITA",12360,"0","0","0","0","0","0","-","0"
1,"7ew8B3",1,1901,1996,120,"North Macedonia","MCD","MKD",94,"Italy","ITA","ITA",11300,"0","0","0","0","0","0","-","0"
1,"7ew8B3",1,1902,1997,120,"North Macedonia","MCD","MKD",94,"Italy","ITA","ITA",11013,"0","0","0","0","0","0","-","0"
1,"7ew8B3",1,1903,1999,120,"North Macedonia","MCD","MKD",94,"Italy","ITA","ITA",5,"0","0","0","0","0","0","-","0"
1,"7ew8B3",1,1904,2000,120,"North Macedonia","MCD","MKD",94,"Italy","ITA","ITA",5,"0","0","0","0","0","0","-","0"
1,"7ew8B3",1,1905,2001,120,"North Macedonia","MCD","MKD",94,"Italy","ITA","ITA",23,"0","0","0","0","0","0","-","0"
1,"7ew8B3",1,1906,2002,120,"North Macedonia","MCD","MKD",94,"Italy","ITA","ITA",37,"0","0","0","0","0","0","-","0"
1,"7ew8B3",1,1907,2003,120,"North Macedonia","MCD","MKD",94,"Italy","ITA","ITA",37,"0","0","0","0","0","0","-","0"
1,"7ew8B3",1,1908,2004,120,"North Macedonia","MCD","MKD",94,"Italy","ITA","ITA",45,"0","0","0","0","0","0","-","0"
1,"7ew8B3",1,1909,2005,120,"North Macedonia","MCD","MKD",94,"Italy","ITA","ITA",58,"0","0","0","0","0","0","-","0"
1,"7ew8B3",1,1910,2006,120,"North Macedonia","MCD","MKD",94,"Italy","ITA","ITA",65,"0","0","0","0","0","0","-","0"
1,"7ew8B3",1,1911,2007,120,"North Macedonia","MCD","MKD",94,"Italy","ITA","ITA",207,"0","0","0","0","0","0","-","0"
1,"7ew8B3",1,1912,2008,120,"North Macedonia","MCD","MKD",94,"Italy","ITA","ITA",209,"0","0","0","0","0","0","-","0"
1,"7ew8B3",1,1913,2009,120,"North Macedonia","MCD","MKD",94,"Italy","ITA","ITA",209,"0","0","0","0","0","0","-","0"
1,"7ew8B3",1,1914,2010,120,"North Macedonia","MCD","MKD",94,"Italy","ITA","ITA",207,5,"0","0","0","0","0","-","0"
1,"7ew8B3",1,1915,2011,120,"North Macedonia","MCD","MKD",94,"Italy","ITA","ITA",191,"0","0","0","0","0","0","-","0"
1,"7ew8B3",1,1916,2012,120,"North Macedonia","MCD","MKD",94,"Italy","ITA","ITA",181,26,"0","0","0","0","0","-","0"
1,"7ew8B3",1,1917,2013,120,"North Macedonia","MCD","MKD",94,"Italy","ITA","ITA",198,"0","0","0","0","0","0","-","0"
1,"7ew8B3",1,1918,2014,120,"North Macedonia","MCD","MKD",94,"Italy","ITA","ITA",200,6,"0","0","0","0","0","-","0"
1,"7ew8B3",1,1919,2015,120,"North Macedonia","MCD","MKD",94,"Italy","ITA","ITA",191,8,"0","0","0","0","0","-","0"
1,"7ew8B3",1,1920,2016,120,"North Macedonia","MCD","MKD",94,"Italy","ITA","ITA",187,26,"0","0","0","0","0","-","0"
1,"7ew8B3",1,1921,2017,120,"North Macedonia","MCD","MKD",94,"Italy","ITA","ITA",56,66,"0","0","0","0","0","-","0"
1,"7ew8B3",1,1922,2018,120,"North Macedonia","MCD","MKD",94,"Italy","ITA","ITA",67,61,"0","0","0","0","0","-","0"
1,"7ew8B3",1,1923,2019,120,"North Macedonia","MCD","MKD",94,"Italy","ITA","ITA",77,44,"0","0","0","0","0","-","0"
1,"7ew8B3",1,1924,2020,120,"North Macedonia","MCD","MKD",94,"Italy","ITA","ITA","0",40,"0","0","0","0","0","-","0"
1,"7ew8B3",1,1925,2021,120,"North Macedonia","MCD","MKD",94,"Italy","ITA","ITA",15,63,"0","0","0","0","0","-","0"
1,"7ew8B3",1,1926,2022,120,"North Macedonia","MCD","MKD",94,"Italy","ITA","ITA",15,61,"0","0","0","0","0","-","0"
1,"7ew8B3",1,1927,2023,120,"North Macedonia","MCD","MKD",94,"Italy","ITA","ITA",96,67,"0","0","0","0","0","-","0"
1,"7ew8B3",1,1928,2024,120,"North Macedonia","MCD","MKD",94,"Italy","ITA","ITA",96,94,"0","0","0","0","0","-","0"
1,"7ew8B3",1,1929,2025,120,"North Macedonia","MCD","MKD",94,"Italy","ITA","ITA",82,109,"0","0","0","0","0","-","0"
1,"7ew8B3",1,1930,2001,122,"Rep. of Moldova","MDA","MDA",94,"Italy","ITA","ITA",6,"0","0","0","0","0","0","-","0"
1,"7ew8B3",1,1931,2002,122,"Rep. of Moldova","MDA","MDA",94,"Italy","ITA","ITA",10,"0","0","0","0","0","0","-","0"
1,"7ew8B3",1,1932,2003,122,"Rep. of Moldova","MDA","MDA",94,"Italy","ITA","ITA",11,"0","0","0","0","0","0","-","0"
1,"7ew8B3",1,1933,2004,122,"Rep. of Moldova","MDA","MDA",94,"Italy","ITA","ITA",16,"0","0","0","0","0","0","-","0"
1,"7ew8B3",1,1934,2005,122,"Rep. of Moldova","MDA","MDA",94,"Italy","ITA","ITA",32,"0","0","0","0","0","0","-","0"
1,"7ew8B3",1,1935,2006,122,"Rep. of Moldova","MDA","MDA",94,"Italy","ITA","ITA",42,"0","0","0","0","0","0","-","0"
1,"7ew8B3",1,1936,2007,122,"Rep. of Moldova","MDA","MDA",94,"Italy","ITA","ITA",90,"0","0","0","0","0","0","-","0"
1,"7ew8B3",1,1937,2008,122,"Rep. of Moldova","MDA","MDA",94,"Italy","ITA","ITA",98,"0","0","0","0","0","0","-","0"
1,"7ew8B3",1,1938,2009,122,"Rep. of Moldova","MDA","MDA",94,"Italy","ITA","ITA",110,"0","0","0","0","0","0","-","0"
1,"7ew8B3",1,1939,2010,122,"Rep. of Moldova","MDA","MDA",94,"Italy","ITA","ITA",111,"0","0","0","0","0","0","-","0"
1,"7ew8B3",1,1940,2011,122,"Rep. of Moldova","MDA","MDA",94,"Italy","ITA","ITA",112,"0","0","0","0","0","0","-","0"
1,"7ew8B3",1,1941,2012,122,"Rep. of Moldova","MDA","MDA",94,"Italy","ITA","ITA",109,5,"0","0","0","0","0","-","0"
1,"7ew8B3",1,1942,2013,122,"Rep. of Moldova","MDA","MDA",94,"Italy","ITA","ITA",111,"0","0","0","0","0","0","-","0"
1,"7ew8B3",1,1943,2014,122,"Rep. of Moldova","MDA","MDA",94,"Italy","ITA","ITA",111,14,"0","0","0","0","0","-","0"
1,"7ew8B3",1,1944,2015,122,"Rep. of Moldova","MDA","MDA",94,"Italy","ITA","ITA",106,25,"0","0","0","0","0","-","0"
1,"7ew8B3",1,1945,2016,122,"Rep. of Moldova","MDA","MDA",94,"Italy","ITA","ITA",131,28,"0","0","0","0","0","-","0"
1,"7ew8B3",1,1946,2017,122,"Rep. of Moldova","MDA","MDA",94,"Italy","ITA","ITA",100,38,"0","0","0","0","0","-","0"
1,"7ew8B3",1,1947,2018,122,"Rep. of Moldova","MDA","MDA",94,"Italy","ITA","ITA",100,72,"0","0","0","0","0","-","0"
1,"7ew8B3",1,1948,2019,122,"Rep. of Moldova","MDA","MDA",94,"Italy","ITA","ITA",115,39,"0","0","0","0","0","-","0"
1,"7ew8B3",1,1949,2020,122,"Rep. of Moldova","MDA","MDA",94,"Italy","ITA","ITA","0",62,"0","0","0","0","0","-","0"
1,"7ew8B3",1,1950,2021,122,"Rep. of Moldova","MDA","MDA",94,"Italy","ITA","ITA",36,104,"0","0","0","0","0","-","0"
1,"7ew8B3",1,1951,2022,122,"Rep. of Moldova","MDA","MDA",94,"Italy","ITA","ITA",220,261,"0","0","0","0","0","-","0"
1,"7ew8B3",1,1952,2023,122,"Rep. of Moldova","MDA","MDA",94,"Italy","ITA","ITA",111,372,"0","0","0","0","0","-","0"
1,"7ew8B3",1,1953,2024,122,"Rep. of Moldova","MDA","MDA",94,"Italy","ITA","ITA",272,725,"0","0","0","0","0","-","0"
1,"7ew8B3",1,1954,2025,122,"Rep. of Moldova","MDA","MDA",94,"Italy","ITA","ITA",264,899,"0","0","0","0","0","-","0"
1,"7ew8B3",1,1955,2012,124,"Mexico","MEX","MEX",94,"Italy","ITA","ITA",5,"0","0","0","0","0","0","-","0"
1,"7ew8B3",1,1956,2013,124,"Mexico","MEX","MEX",94,"Italy","ITA","ITA",5,"0","0","0","0","0","0","-","0"
1,"7ew8B3",1,1957,2014,124,"Mexico","MEX","MEX",94,"Italy","ITA","ITA",5,"0","0","0","0","0","0","-","0"
1,"7ew8B3",1,1958,2015,124,"Mexico","MEX","MEX",94,"Italy","ITA","ITA",5,"0","0","0","0","0","0","-","0"
1,"7ew8B3",1,1959,2016,124,"Mexico","MEX","MEX",94,"Italy","ITA","ITA",5,"0","0","0","0","0","0","-","0"
1,"7ew8B3",1,1960,2017,124,"Mexico","MEX","MEX",94,"Italy","ITA","ITA",5,5,"0","0","0","0","0","-","0"
1,"7ew8B3",1,1961,2018,124,"Mexico","MEX","MEX",94,"Italy","ITA","ITA",5,16,"0","0","0","0","0","-","0"
1,"7ew8B3",1,1962,2019,124,"Mexico","MEX","MEX",94,"Italy","ITA","ITA",13,8,"0","0","0","0","0","-","0"
1,"7ew8B3",1,1963,2020,124,"Mexico","MEX","MEX",94,"Italy","ITA","ITA","0",10,"0","0","0","0","0","-","0"
1,"7ew8B3",1,1964,2021,124,"Mexico","MEX","MEX",94,"Italy","ITA","ITA","0",5,"0","0","0","0","0","-","0"
1,"7ew8B3",1,1965,2022,124,"Mexico","MEX","MEX",94,"Italy","ITA","ITA","0",14,"0","0","0","0","0","-","0"
1,"7ew8B3",1,1966,2023,124,"Mexico","MEX","MEX",94,"Italy","ITA","ITA",13,33,"0","0","0","0","0","-","0"
1,"7ew8B3",1,1967,2024,124,"Mexico","MEX","MEX",94,"Italy","ITA","ITA",15,72,"0","0","0","0","0","-","0"
1,"7ew8B3",1,1968,2025,124,"Mexico","MEX","MEX",94,"Italy","ITA","ITA",15,88,"0","0","0","0","0","-","0"
1,"7ew8B3",1,1969,2006,126,"Mali","MLI","MLI",94,"Italy","ITA","ITA",9,"0","0","0","0","0","0","-","0"
1,"7ew8B3",1,1970,2007,126,"Mali","MLI","MLI",94,"Italy","ITA","ITA",44,"0","0","0","0","0","0","-","0"
1,"7ew8B3",1,1971,2008,126,"Mali","MLI","MLI",94,"Italy","ITA","ITA",75,"0","0","0","0","0","0","-","0"
1,"7ew8B3",1,1972,2009,126,"Mali","MLI","MLI",94,"Italy","ITA","ITA",110,"0","0","0","0","0","0","-","0"
1,"7ew8B3",1,1973,2010,126,"Mali","MLI","MLI",94,"Italy","ITA","ITA",114,39,"0","0","0","0","0","-","0"
1,"7ew8B3",1,1974,2011,126,"Mali","MLI","MLI",94,"Italy","ITA","ITA",136,"0","0","0","0","0","0","-","0"
1,"7ew8B3",1,1975,2012,126,"Mali","MLI","MLI",94,"Italy","ITA","ITA",2088,623,"0","0","0","0","0","-","0"
1,"7ew8B3",1,1976,2013,126,"Mali","MLI","MLI",94,"Italy","ITA","ITA",3569,949,"0","0","0","0","0","-","0"
1,"7ew8B3",1,1977,2014,126,"Mali","MLI","MLI",94,"Italy","ITA","ITA",5552,6469,"0","0","0","0","0","-","0"
1,"7ew8B3",1,1978,2015,126,"Mali","MLI","MLI",94,"Italy","ITA","ITA",8334,3903,"0","0","0","0","0","-","0"
1,"7ew8B3",1,1979,2016,126,"Mali","MLI","MLI",94,"Italy","ITA","ITA",11327,5020,"0","0","0","0","0","-","0"
1,"7ew8B3",1,1980,2017,126,"Mali","MLI","MLI",94,"Italy","ITA","ITA",13206,10722,"0","0","0","0","0","-","0"
1,"7ew8B3",1,1981,2018,126,"Mali","MLI","MLI",94,"Italy","ITA","ITA",15003,4806,"0","0","0","0","0","-","0"
1,"7ew8B3",1,1982,2019,126,"Mali","MLI","MLI",94,"Italy","ITA","ITA",15842,871,"0","0","0","0","0","-","0"
1,"7ew8B3",1,1983,2020,126,"Mali","MLI","MLI",94,"Italy","ITA","ITA",10063,997,"0","0","0","0","0","-","0"
1,"7ew8B3",1,1984,2021,126,"Mali","MLI","MLI",94,"Italy","ITA","ITA",11375,1135,"0","0","0","0","0","-","0"
1,"7ew8B3",1,1985,2022,126,"Mali","MLI","MLI",94,"Italy","ITA","ITA",10111,1055,"0","0","0","0","0","-","0"
1,"7ew8B3",1,1986,2023,126,"Mali","MLI","MLI",94,"Italy","ITA","ITA",12880,3128,"0","0","0","0","0","-","0"
1,"7ew8B3",1,1987,2024,126,"Mali","MLI","MLI",94,"Italy","ITA","ITA",14563,3814,"0","0","0","0","0","-","0"
1,"7ew8B3",1,1988,2025,126,"Mali","MLI","MLI",94,"Italy","ITA","ITA",14878,2796,"0","0","0","0","0","-","0"
1,"7ew8B3",1,1989,2017,127,"Malaysia","MLS","MYS",94,"Italy","ITA","ITA","0",5,"0","0","0","0","0","-","0"
1,"7ew8B3",1,1990,2018,127,"Malaysia","MLS","MYS",94,"Italy","ITA","ITA","0",7,"0","0","0","0","0","-","0"
1,"7ew8B3",1,1991,2019,127,"Malaysia","MLS","MYS",94,"Italy","ITA","ITA",5,"0","0","0","0","0","0","-","0"
1,"7ew8B3",1,1992,2020,127,"Malaysia","MLS","MYS",94,"Italy","ITA","ITA","0",5,"0","0","0","0","0","-","0"
1,"7ew8B3",1,1993,2021,127,"Malaysia","MLS","MYS",94,"Italy","ITA","ITA","0",5,"0","0","0","0","0","-","0"
1,"7ew8B3",1,1994,2022,127,"Malaysia","MLS","MYS",94,"Italy","ITA","ITA","0",5,"0","0","0","0","0","-","0"
1,"7ew8B3",1,1995,2023,127,"Malaysia","MLS","MYS",94,"Italy","ITA","ITA",5,"0","0","0","0","0","0","-","0"
1,"7ew8B3",1,1996,2024,127,"Malaysia","MLS","MYS",94,"Italy","ITA","ITA",5,13,"0","0","0","0","0","-","0"
1,"7ew8B3",1,1997,2025,127,"Malaysia","MLS","MYS",94,"Italy","ITA","ITA",6,12,"0","0","0","0","0","-","0"
1,"7ew8B3",1,1998,2015,128,"Malawi","MLW","MWI",94,"Italy","ITA","ITA",5,"0","0","0","0","0","0","-","0"
1,"7ew8B3",1,1999,2016,128,"Malawi","MLW","MWI",94,"Italy","ITA","ITA",5,"0","0","0","0","0","0","-","0"
1,"7ew8B3",1,2000,2017,128,"Malawi","MLW","MWI",94,"Italy","ITA","ITA",5,"0","0","0","0","0","0","-","0"
1,"7ew8B3",1,2001,2018,128,"Malawi","MLW","MWI",94,"Italy","ITA","ITA",5,"0","0","0","0","0","0","-","0"
1,"7ew8B3",1,2002,2019,128,"Malawi","MLW","MWI",94,"Italy","ITA","ITA",5,"0","0","0","0","0","0","-","0"
1,"7ew8B3",1,2003,2007,129,"Mongolia","MNG","MNG",94,"Italy","ITA","ITA",5,"0","0","0","0","0","0","-","0"
1,"7ew8B3",1,2004,2008,129,"Mongolia","MNG","MNG",94,"Italy","ITA","ITA",5,"0","0","0","0","0","0","-","0"
1,"7ew8B3",1,2005,2009,129,"Mongolia","MNG","MNG",94,"Italy","ITA","ITA",5,"0","0","0","0","0","0","-","0"
1,"7ew8B3",1,2006,2010,129,"Mongolia","MNG","MNG",94,"Italy","ITA","ITA",5,"0","0","0","0","0","0","-","0"
1,"7ew8B3",1,2007,2011,129,"Mongolia","MNG","MNG",94,"Italy","ITA","ITA",6,"0","0","0","0","0","0","-","0"
1,"7ew8B3",1,2008,2012,129,"Mongolia","MNG","MNG",94,"Italy","ITA","ITA",6,"0","0","0","0","0","0","-","0"
1,"7ew8B3",1,2009,2013,129,"Mongolia","MNG","MNG",94,"Italy","ITA","ITA",7,"0","0","0","0","0","0","-","0"
1,"7ew8B3",1,2010,2014,129,"Mongolia","MNG","MNG",94,"Italy","ITA","ITA",6,"0","0","0","0","0","0","-","0"
1,"7ew8B3",1,2011,2015,129,"Mongolia","MNG","MNG",94,"Italy","ITA","ITA",6,"0","0","0","0","0","0","-","0"
1,"7ew8B3",1,2012,2016,129,"Mongolia","MNG","MNG",94,"Italy","ITA","ITA",6,"0","0","0","0","0","0","-","0"
1,"7ew8B3",1,2013,2017,129,"Mongolia","MNG","MNG",94,"Italy","ITA","ITA",5,"0","0","0","0","0","0","-","0"
1,"7ew8B3",1,2014,2018,129,"Mongolia","MNG","MNG",94,"Italy","ITA","ITA","0",5,"0","0","0","0","0","-","0"
1,"7ew8B3",1,2015,2019,129,"Mongolia","MNG","MNG",94,"Italy","ITA","ITA","0",5,"0","0","0","0","0","-","0"
1,"7ew8B3",1,2016,2020,129,"Mongolia","MNG","MNG",94,"Italy","ITA","ITA","0",5,"0","0","0","0","0","-","0"
1,"7ew8B3",1,2017,2023,129,"Mongolia","MNG","MNG",94,"Italy","ITA","ITA",10,"0","0","0","0","0","0","-","0"
1,"7ew8B3",1,2018,2024,129,"Mongolia","MNG","MNG",94,"Italy","ITA","ITA",8,5,"0","0","0","0","0","-","0"
1,"7ew8B3",1,2019,2025,129,"Mongolia","MNG","MNG",94,"Italy","ITA","ITA",9,5,"0","0","0","0","0","-","0"
1,"7ew8B3",1,2020,1988,130,"Morocco","MOR","MAR",94,"Italy","ITA","ITA",5,"0","0","0","0","0","0","-","0"
1,"7ew8B3",1,2021,1989,130,"Morocco","MOR","MAR",94,"Italy","ITA","ITA",5,"0","0","0","0","0","0","-","0"
1,"7ew8B3",1,2022,1990,130,"Morocco","MOR","MAR",94,"Italy","ITA","ITA",5,"0","0","0","0","0","0","-","0"
1,"7ew8B3",1,2023,1991,130,"Morocco","MOR","MAR",94,"Italy","ITA","ITA",7,"0","0","0","0","0","0","-","0"
1,"7ew8B3",1,2024,1992,130,"Morocco","MOR","MAR",94,"Italy","ITA","ITA",7,"0","0","0","0","0","0","-","0"
1,"7ew8B3",1,2025,1993,130,"Morocco","MOR","MAR",94,"Italy","ITA","ITA",6,"0","0","0","0","0","0","-","0"
1,"7ew8B3",1,2026,1994,130,"Morocco","MOR","MAR",94,"Italy","ITA","ITA",6,"0","0","0","0","0","0","-","0"
1,"7ew8B3",1,2027,1995,130,"Morocco","MOR","MAR",94,"Italy","ITA","ITA",6,"0","0","0","0","0","0","-","0"
1,"7ew8B3",1,2028,1996,130,"Morocco","MOR","MAR",94,"Italy","ITA","ITA",6,"0","0","0","0","0","0","-","0"
1,"7ew8B3",1,2029,1997,130,"Morocco","MOR","MAR",94,"Italy","ITA","ITA",6,"0","0","0","0","0","0","-","0"
1,"7ew8B3",1,2030,1998,130,"Morocco","MOR","MAR",94,"Italy","ITA","ITA",6,"0","0","0","0","0","0","-","0"
1,"7ew8B3",1,2031,1999,130,"Morocco","MOR","MAR",94,"Italy","ITA","ITA",5,"0","0","0","0","0","0","-","0"
1,"7ew8B3",1,2032,2000,130,"Morocco","MOR","MAR",94,"Italy","ITA","ITA",5,"0","0","0","0","0","0","-","0"
1,"7ew8B3",1,2033,2001,130,"Morocco","MOR","MAR",94,"Italy","ITA","ITA",5,"0","0","0","0","0","0","-","0"
1,"7ew8B3",1,2034,2002,130,"Morocco","MOR","MAR",94,"Italy","ITA","ITA",5,"0","0","0","0","0","0","-","0"
1,"7ew8B3",1,2035,2003,130,"Morocco","MOR","MAR",94,"Italy","ITA","ITA",5,"0","0","0","0","0","0","-","0"
1,"7ew8B3",1,2036,2004,130,"Morocco","MOR","MAR",94,"Italy","ITA","ITA",5,"0","0","0","0","0","0","-","0"
1,"7ew8B3",1,2037,2005,130,"Morocco","MOR","MAR",94,"Italy","ITA","ITA",5,"0","0","0","0","0","0","-","0"
1,"7ew8B3",1,2038,2006,130,"Morocco","MOR","MAR",94,"Italy","ITA","ITA",17,"0","0","0","0","0","0","-","0"
1,"7ew8B3",1,2039,2007,130,"Morocco","MOR","MAR",94,"Italy","ITA","ITA",25,"0","0","0","0","0","0","-","0"
1,"7ew8B3",1,2040,2008,130,"Morocco","MOR","MAR",94,"Italy","ITA","ITA",41,"0","0","0","0","0","0","-","0"
1,"7ew8B3",1,2041,2009,130,"Morocco","MOR","MAR",94,"Italy","ITA","ITA",76,"0","0","0","0","0","0","-","0"
1,"7ew8B3",1,2042,2010,130,"Morocco","MOR","MAR",94,"Italy","ITA","ITA",83,20,"0","0","0","0","0","-","0"
1,"7ew8B3",1,2043,2011,130,"Morocco","MOR","MAR",94,"Italy","ITA","ITA",95,"0","0","0","0","0","0","-","0"
1,"7ew8B3",1,2044,2012,130,"Morocco","MOR","MAR",94,"Italy","ITA","ITA",118,109,"0","0","0","0","0","-","0"
1,"7ew8B3",1,2045,2013,130,"Morocco","MOR","MAR",94,"Italy","ITA","ITA",205,41,"0","0","0","0","0","-","0"
1,"7ew8B3",1,2046,2014,130,"Morocco","MOR","MAR",94,"Italy","ITA","ITA",253,155,"0","0","0","0","0","-","0"
1,"7ew8B3",1,2047,2015,130,"Morocco","MOR","MAR",94,"Italy","ITA","ITA",346,388,"0","0","0","0","0","-","0"
1,"7ew8B3",1,2048,2016,130,"Morocco","MOR","MAR",94,"Italy","ITA","ITA",477,1402,"0","0","0","0","0","-","0"
1,"7ew8B3",1,2049,2017,130,"Morocco","MOR","MAR",94,"Italy","ITA","ITA",746,1901,"0","0","0","0","0","-","0"
1,"7ew8B3",1,2050,2018,130,"Morocco","MOR","MAR",94,"Italy","ITA","ITA",1076,2275,"0","0","0","0","0","-","0"
1,"7ew8B3",1,2051,2019,130,"Morocco","MOR","MAR",94,"Italy","ITA","ITA",1284,1102,"0","0","0","0","0","-","0"
1,"7ew8B3",1,2052,2020,130,"Morocco","MOR","MAR",94,"Italy","ITA","ITA",699,787,"0","0","0","0","0","-","0"
1,"7ew8B3",1,2053,2021,130,"Morocco","MOR","MAR",94,"Italy","ITA","ITA",920,887,"0","0","0","0","0","-","0"
1,"7ew8B3",1,2054,2022,130,"Morocco","MOR","MAR",94,"Italy","ITA","ITA",1009,1779,"0","0","0","0","0","-","0"
1,"7ew8B3",1,2055,2023,130,"Morocco","MOR","MAR",94,"Italy","ITA","ITA",702,4281,"0","0","0","0","0","-","0"
1,"7ew8B3",1,2056,2024,130,"Morocco","MOR","MAR",94,"Italy","ITA","ITA",1023,9230,"0","0","0","0","0","-","0"
1,"7ew8B3",1,2057,2025,130,"Morocco","MOR","MAR",94,"Italy","ITA","ITA",1276,10826,"0","0","0","0","0","-","0"
1,"7ew8B3",1,2058,2016,131,"Mozambique","MOZ","MOZ",94,"Italy","ITA","ITA",5,"0","0","0","0","0","0","-","0"
1,"7ew8B3",1,2059,2017,131,"Mozambique","MOZ","MOZ",94,"Italy","ITA","ITA",5,"0","0","0","0","0","0","-","0"
1,"7ew8B3",1,2060,2018,131,"Mozambique","MOZ","MOZ",94,"Italy","ITA","ITA",5,"0","0","0","0","0","0","-","0"
1,"7ew8B3",1,2061,2019,131,"Mozambique","MOZ","MOZ",94,"Italy","ITA","ITA",5,"0","0","0","0","0","0","-","0"
1,"7ew8B3",1,2062,2024,131,"Mozambique","MOZ","MOZ",94,"Italy","ITA","ITA","0",5,"0","0","0","0","0","-","0"
1,"7ew8B3",1,2063,2025,131,"Mozambique","MOZ","MOZ",94,"Italy","ITA","ITA","0",7,"0","0","0","0","0","-","0"
1,"7ew8B3",1,2064,2009,133,"Montenegro","MNE","MNE",94,"Italy","ITA","ITA",13,"0","0","0","0","0","0","-","0"
1,"7ew8B3",1,2065,2010,133,"Montenegro","MNE","MNE",94,"Italy","ITA","ITA",14,13,"0","0","0","0","0","-","0"
1,"7ew8B3",1,2066,2011,133,"Montenegro","MNE","MNE",94,"Italy","ITA","ITA",14,"0","0","0","0","0","0","-","0"
1,"7ew8B3",1,2067,2012,133,"Montenegro","MNE","MNE",94,"Italy","ITA","ITA",23,38,"0","0","0","0","0","-","0"
1,"7ew8B3",1,2068,2013,133,"Montenegro","MNE","MNE",94,"Italy","ITA","ITA",32,9,"0","0","0","0","0","-","0"
1,"7ew8B3",1,2069,2014,133,"Montenegro","MNE","MNE",94,"Italy","ITA","ITA",51,11,"0","0","0","0","0","-","0"
1,"7ew8B3",1,2070,2015,133,"Montenegro","MNE","MNE",94,"Italy","ITA","ITA",61,19,"0","0","0","0","0","-","0"
1,"7ew8B3",1,2071,2016,133,"Montenegro","MNE","MNE",94,"Italy","ITA","ITA",75,11,"0","0","0","0","0","-","0"
1,"7ew8B3",1,2072,2017,133,"Montenegro","MNE","MNE",94,"Italy","ITA","ITA",81,14,"0","0","0","0","0","-","0"
1,"7ew8B3",1,2073,2018,133,"Montenegro","MNE","MNE",94,"Italy","ITA","ITA",84,12,"0","0","0","0","0","-","0"
1,"7ew8B3",1,2074,2019,133,"Montenegro","MNE","MNE",94,"Italy","ITA","ITA",84,5,"0","0","0","0","0","-","0"
1,"7ew8B3",1,2075,2020,133,"Montenegro","MNE","MNE",94,"Italy","ITA","ITA","0",6,"0","0","0","0","0","-","0"
1,"7ew8B3",1,2076,2021,133,"Montenegro","MNE","MNE",94,"Italy","ITA","ITA",13,10,"0","0","0","0","0","-","0"
1,"7ew8B3",1,2077,2022,133,"Montenegro","MNE","MNE",94,"Italy","ITA","ITA",5,"0","0","0","0","0","0","-","0"
1,"7ew8B3",1,2078,2023,133,"Montenegro","MNE","MNE",94,"Italy","ITA","ITA",26,12,"0","0","0","0","0","-","0"
1,"7ew8B3",1,2079,2024,133,"Montenegro","MNE","MNE",94,"Italy","ITA","ITA",23,14,"0","0","0","0","0","-","0"
1,"7ew8B3",1,2080,2025,133,"Montenegro","MNE","MNE",94,"Italy","ITA","ITA",20,21,"0","0","0","0","0","-","0"
1,"7ew8B3",1,2081,2012,134,"Mauritius","MTS","MUS",94,"Italy","ITA","ITA","0",5,"0","0","0","0","0","-","0"
1,"7ew8B3",1,2082,2014,134,"Mauritius","MTS","MUS",94,"Italy","ITA","ITA",5,"0","0","0","0","0","0","-","0"
1,"7ew8B3",1,2083,2015,134,"Mauritius","MTS","MUS",94,"Italy","ITA","ITA",5,"0","0","0","0","0","0","-","0"
1,"7ew8B3",1,2084,2016,134,"Mauritius","MTS","MUS",94,"Italy","ITA","ITA",9,6,"0","0","0","0","0","-","0"
1,"7ew8B3",1,2085,2017,134,"Mauritius","MTS","MUS",94,"Italy","ITA","ITA",16,"0","0","0","0","0","0","-","0"
1,"7ew8B3",1,2086,2018,134,"Mauritius","MTS","MUS",94,"Italy","ITA","ITA",18,9,"0","0","0","0","0","-","0"
1,"7ew8B3",1,2087,2019,134,"Mauritius","MTS","MUS",94,"Italy","ITA","ITA",19,6,"0","0","0","0","0","-","0"
1,"7ew8B3",1,2088,2020,134,"Mauritius","MTS","MUS",94,"Italy","ITA","ITA","0",18,"0","0","0","0","0","-","0"
1,"7ew8B3",1,2089,2021,134,"Mauritius","MTS","MUS",94,"Italy","ITA","ITA",5,9,"0","0","0","0","0","-","0"
1,"7ew8B3",1,2090,2022,134,"Mauritius","MTS","MUS",94,"Italy","ITA","ITA",5,20,"0","0","0","0","0","-","0"
1,"7ew8B3",1,2091,2023,134,"Mauritius","MTS","MUS",94,"Italy","ITA","ITA",6,25,"0","0","0","0","0","-","0"
1,"7ew8B3",1,2092,2024,134,"Mauritius","MTS","MUS",94,"Italy","ITA","ITA",5,86,"0","0","0","0","0","-","0"
1,"7ew8B3",1,2093,2025,134,"Mauritius","MTS","MUS",94,"Italy","ITA","ITA",5,91,"0","0","0","0","0","-","0"
1,"7ew8B3",1,2094,1994,135,"Myanmar","MYA","MMR",94,"Italy","ITA","ITA",5,"0","0","0","0","0","0","-","0"
1,"7ew8B3",1,2095,1995,135,"Myanmar","MYA","MMR",94,"Italy","ITA","ITA",5,"0","0","0","0","0","0","-","0"
1,"7ew8B3",1,2096,1996,135,"Myanmar","MYA","MMR",94,"Italy","ITA","ITA",5,"0","0","0","0","0","0","-","0"
1,"7ew8B3",1,2097,1997,135,"Myanmar","MYA","MMR",94,"Italy","ITA","ITA",5,"0","0","0","0","0","0","-","0"
1,"7ew8B3",1,2098,1998,135,"Myanmar","MYA","MMR",94,"Italy","ITA","ITA",5,"0","0","0","0","0","0","-","0"
1,"7ew8B3",1,2099,2008,135,"Myanmar","MYA","MMR",94,"Italy","ITA","ITA",6,"0","0","0","0","0","0","-","0"
1,"7ew8B3",1,2100,2009,135,"Myanmar","MYA","MMR",94,"Italy","ITA","ITA",10,"0","0","0","0","0","0","-","0"
1,"7ew8B3",1,2101,2010,135,"Myanmar","MYA","MMR",94,"Italy","ITA","ITA",16,"0","0","0","0","0","0","-","0"
1,"7ew8B3",1,2102,2011,135,"Myanmar","MYA","MMR",94,"Italy","ITA","ITA",17,"0","0","0","0","0","0","-","0"
1,"7ew8B3",1,2103,2012,135,"Myanmar","MYA","MMR",94,"Italy","ITA","ITA",17,"0","0","0","0","0","0","-","0"
1,"7ew8B3",1,2104,2013,135,"Myanmar","MYA","MMR",94,"Italy","ITA","ITA",20,"0","0","0","0","0","0","-","0"
1,"7ew8B3",1,2105,2014,135,"Myanmar","MYA","MMR",94,"Italy","ITA","ITA",23,5,"0","0","0","0","0","-","0"
1,"7ew8B3",1,2106,2015,135,"Myanmar","MYA","MMR",94,"Italy","ITA","ITA",31,5,"0","0","0","0","0","-","0"
1,"7ew8B3",1,2107,2016,135,"Myanmar","MYA","MMR",94,"Italy","ITA","ITA",33,"0","0","0","0","0","0","-","0"
1,"7ew8B3",1,2108,2017,135,"Myanmar","MYA","MMR",94,"Italy","ITA","ITA",34,35,"0","0","0","0","0","-","0"
1,"7ew8B3",1,2109,2018,135,"Myanmar","MYA","MMR",94,"Italy","ITA","ITA",43,14,"0","0","0","0","0","-","0"
1,"7ew8B3",1,2110,2019,135,"Myanmar","MYA","MMR",94,"Italy","ITA","ITA",49,5,"0","0","0","0","0","-","0"
1,"7ew8B3",1,2111,2020,135,"Myanmar","MYA","MMR",94,"Italy","ITA","ITA","0",6,"0","0","0","0","0","-","0"
1,"7ew8B3",1,2112,2021,135,"Myanmar","MYA","MMR",94,"Italy","ITA","ITA",5,9,"0","0","0","0","0","-","0"
1,"7ew8B3",1,2113,2022,135,"Myanmar","MYA","MMR",94,"Italy","ITA","ITA",14,11,"0","0","0","0","0","-","0"
1,"7ew8B3",1,2114,2023,135,"Myanmar","MYA","MMR",94,"Italy","ITA","ITA",57,20,"0","0","0","0","0","-","0"
1,"7ew8B3",1,2115,2024,135,"Myanmar","MYA","MMR",94,"Italy","ITA","ITA",53,27,"0","0","0","0","0","-","0"
1,"7ew8B3",1,2116,2025,135,"Myanmar","MYA","MMR",94,"Italy","ITA","ITA",44,27,"0","0","0","0","0","-","0"
1,"7ew8B3",1,2117,1985,136,"Namibia","NAM","NAM",94,"Italy","ITA","ITA",6,"0","0","0","0","0","0","-","0"
1,"7ew8B3",1,2118,1986,136,"Namibia","NAM","NAM",94,"Italy","ITA","ITA",6,"0","0","0","0","0","0","-","0"
1,"7ew8B3",1,2119,1987,136,"Namibia","NAM","NAM",94,"Italy","ITA","ITA",6,"0","0","0","0","0","0","-","0"
1,"7ew8B3",1,2120,1988,136,"Namibia","NAM","NAM",94,"Italy","ITA","ITA",6,"0","0","0","0","0","0","-","0"
1,"7ew8B3",1,2121,1989,136,"Namibia","NAM","NAM",94,"Italy","ITA","ITA",6,"0","0","0","0","0","0","-","0"
1,"7ew8B3",1,2122,1990,136,"Namibia","NAM","NAM",94,"Italy","ITA","ITA",6,"0","0","0","0","0","0","-","0"
1,"7ew8B3",1,2123,1991,136,"Namibia","NAM","NAM",94,"Italy","ITA","ITA",6,"0","0","0","0","0","0","-","0"
1,"7ew8B3",1,2124,1992,136,"Namibia","NAM","NAM",94,"Italy","ITA","ITA",6,"0","0","0","0","0","0","-","0"
1,"7ew8B3",1,2125,1993,136,"Namibia","NAM","NAM",94,"Italy","ITA","ITA",5,"0","0","0","0","0","0","-","0"
1,"7ew8B3",1,2126,1994,136,"Namibia","NAM","NAM",94,"Italy","ITA","ITA",5,"0","0","0","0","0","0","-","0"
1,"7ew8B3",1,2127,2014,136,"Namibia","NAM","NAM",94,"Italy","ITA","ITA","0",5,"0","0","0","0","0","-","0"
1,"7ew8B3",1,2128,2015,136,"Namibia","NAM","NAM",94,"Italy","ITA","ITA",5,"0","0","0","0","0","0","-","0"
1,"7ew8B3",1,2129,2016,136,"Namibia","NAM","NAM",94,"Italy","ITA","ITA",5,"0","0","0","0","0","0","-","0"
1,"7ew8B3",1,2130,2017,136,"Namibia","NAM","NAM",94,"Italy","ITA","ITA",5,"0","0","0","0","0","0","-","0"
1,"7ew8B3",1,2131,2018,136,"Namibia","NAM","NAM",94,"Italy","ITA","ITA",5,"0","0","0","0","0","0","-","0"
1,"7ew8B3",1,2132,2019,136,"Namibia","NAM","NAM",94,"Italy","ITA","ITA",5,"0","0","0","0","0","0","-","0"
1,"7ew8B3",1,2133,2007,137,"Nepal","NEP","NPL",94,"Italy","ITA","ITA",5,"0","0","0","0","0","0","-","0"
1,"7ew8B3",1,2134,2008,137,"Nepal","NEP","NPL",94,"Italy","ITA","ITA",5,"0","0","0","0","0","0","-","0"
1,"7ew8B3",1,2135,2009,137,"Nepal","NEP","NPL",94,"Italy","ITA","ITA",20,"0","0","0","0","0","0","-","0"
1,"7ew8B3",1,2136,2010,137,"Nepal","NEP","NPL",94,"Italy","ITA","ITA",21,5,"0","0","0","0","0","-","0"
1,"7ew8B3",1,2137,2011,137,"Nepal","NEP","NPL",94,"Italy","ITA","ITA",22,"0","0","0","0","0","0","-","0"
1,"7ew8B3",1,2138,2012,137,"Nepal","NEP","NPL",94,"Italy","ITA","ITA",24,7,"0","0","0","0","0","-","0"
1,"7ew8B3",1,2139,2013,137,"Nepal","NEP","NPL",94,"Italy","ITA","ITA",25,5,"0","0","0","0","0","-","0"
1,"7ew8B3",1,2140,2014,137,"Nepal","NEP","NPL",94,"Italy","ITA","ITA",28,32,"0","0","0","0","0","-","0"
1,"7ew8B3",1,2141,2015,137,"Nepal","NEP","NPL",94,"Italy","ITA","ITA",56,12,"0","0","0","0","0","-","0"
1,"7ew8B3",1,2142,2016,137,"Nepal","NEP","NPL",94,"Italy","ITA","ITA",78,50,"0","0","0","0","0","-","0"
1,"7ew8B3",1,2143,2017,137,"Nepal","NEP","NPL",94,"Italy","ITA","ITA",95,156,"0","0","0","0","0","-","0"
1,"7ew8B3",1,2144,2018,137,"Nepal","NEP","NPL",94,"Italy","ITA","ITA",114,127,"0","0","0","0","0","-","0"
1,"7ew8B3",1,2145,2019,137,"Nepal","NEP","NPL",94,"Italy","ITA","ITA",130,50,"0","0","0","0","0","-","0"
1,"7ew8B3",1,2146,2020,137,"Nepal","NEP","NPL",94,"Italy","ITA","ITA","0",49,"0","0","0","0","0","-","0"
1,"7ew8B3",1,2147,2021,137,"Nepal","NEP","NPL",94,"Italy","ITA","ITA",15,72,"0","0","0","0","0","-","0"
1,"7ew8B3",1,2148,2022,137,"Nepal","NEP","NPL",94,"Italy","ITA","ITA",25,115,"0","0","0","0","0","-","0"
1,"7ew8B3",1,2149,2023,137,"Nepal","NEP","NPL",94,"Italy","ITA","ITA",63,239,"0","0","0","0","0","-","0"
1,"7ew8B3",1,2150,2024,137,"Nepal","NEP","NPL",94,"Italy","ITA","ITA",91,595,"0","0","0","0","0","-","0"
1,"7ew8B3",1,2151,2025,137,"Nepal","NEP","NPL",94,"Italy","ITA","ITA",114,865,"0","0","0","0","0","-","0"
1,"7ew8B3",1,2152,2006,139,"Niger","NGR","NER",94,"Italy","ITA","ITA",12,"0","0","0","0","0","0","-","0"
1,"7ew8B3",1,2153,2007,139,"Niger","NGR","NER",94,"Italy","ITA","ITA",23,"0","0","0","0","0","0","-","0"
1,"7ew8B3",1,2154,2008,139,"Niger","NGR","NER",94,"Italy","ITA","ITA",39,"0","0","0","0","0","0","-","0"
1,"7ew8B3",1,2155,2009,139,"Niger","NGR","NER",94,"Italy","ITA","ITA",65,"0","0","0","0","0","0","-","0"
1,"7ew8B3",1,2156,2010,139,"Niger","NGR","NER",94,"Italy","ITA","ITA",67,5,"0","0","0","0","0","-","0"
1,"7ew8B3",1,2157,2011,139,"Niger","NGR","NER",94,"Italy","ITA","ITA",79,"0","0","0","0","0","0","-","0"
1,"7ew8B3",1,2158,2012,139,"Niger","NGR","NER",94,"Italy","ITA","ITA",141,70,"0","0","0","0","0","-","0"
1,"7ew8B3",1,2159,2013,139,"Niger","NGR","NER",94,"Italy","ITA","ITA",219,17,"0","0","0","0","0","-","0"
1,"7ew8B3",1,2160,2014,139,"Niger","NGR","NER",94,"Italy","ITA","ITA",263,66,"0","0","0","0","0","-","0"
1,"7ew8B3",1,2161,2015,139,"Niger","NGR","NER",94,"Italy","ITA","ITA",326,99,"0","0","0","0","0","-","0"
1,"7ew8B3",1,2162,2016,139,"Niger","NGR","NER",94,"Italy","ITA","ITA",358,239,"0","0","0","0","0","-","0"
1,"7ew8B3",1,2163,2017,139,"Niger","NGR","NER",94,"Italy","ITA","ITA",431,860,"0","0","0","0","0","-","0"
1,"7ew8B3",1,2164,2018,139,"Niger","NGR","NER",94,"Italy","ITA","ITA",573,332,"0","0","0","0","0","-","0"
1,"7ew8B3",1,2165,2019,139,"Niger","NGR","NER",94,"Italy","ITA","ITA",676,53,"0","0","0","0","0","-","0"
1,"7ew8B3",1,2166,2020,139,"Niger","NGR","NER",94,"Italy","ITA","ITA",459,61,"0","0","0","0","0","-","0"
1,"7ew8B3",1,2167,2021,139,"Niger","NGR","NER",94,"Italy","ITA","ITA",478,40,"0","0","0","0","0","-","0"
1,"7ew8B3",1,2168,2022,139,"Niger","NGR","NER",94,"Italy","ITA","ITA",448,43,"0","0","0","0","0","-","0"
1,"7ew8B3",1,2169,2023,139,"Niger","NGR","NER",94,"Italy","ITA","ITA",516,56,"0","0","0","0","0","-","0"
1,"7ew8B3",1,2170,2024,139,"Niger","NGR","NER",94,"Italy","ITA","ITA",505,88,"0","0","0","0","0","-","0"
1,"7ew8B3",1,2171,2025,139,"Niger","NGR","NER",94,"Italy","ITA","ITA",486,85,"0","0","0","0","0","-","0"
1,"7ew8B3",1,2172,2012,140,"Nicaragua","NIC","NIC",94,"Italy","ITA","ITA","0",5,"0","0","0","0","0","-","0"
1,"7ew8B3",1,2173,2013,140,"Nicaragua","NIC","NIC",94,"Italy","ITA","ITA","0",6,"0","0","0","0","0","-","0"
1,"7ew8B3",1,2174,2014,140,"Nicaragua","NIC","NIC",94,"Italy","ITA","ITA","0",8,"0","0","0","0","0","-","0"
1,"7ew8B3",1,2175,2015,140,"Nicaragua","NIC","NIC",94,"Italy","ITA","ITA",7,10,"0","0","0","0","0","-","0"
1,"7ew8B3",1,2176,2016,140,"Nicaragua","NIC","NIC",94,"Italy","ITA","ITA",11,9,"0","0","0","0","0","-","0"
1,"7ew8B3",1,2177,2017,140,"Nicaragua","NIC","NIC",94,"Italy","ITA","ITA",14,6,"0","0","0","0","0","-","0"
1,"7ew8B3",1,2178,2018,140,"Nicaragua","NIC","NIC",94,"Italy","ITA","ITA",18,45,"0","0","0","0","0","-","0"
1,"7ew8B3",1,2179,2019,140,"Nicaragua","NIC","NIC",94,"Italy","ITA","ITA",47,25,"0","0","0","0","0","-","0"
1,"7ew8B3",1,2180,2020,140,"Nicaragua","NIC","NIC",94,"Italy","ITA","ITA","0",23,"0","0","0","0","0","-","0"
1,"7ew8B3",1,2181,2021,140,"Nicaragua","NIC","NIC",94,"Italy","ITA","ITA",9,5,"0","0","0","0","0","-","0"
1,"7ew8B3",1,2182,2022,140,"Nicaragua","NIC","NIC",94,"Italy","ITA","ITA",15,30,"0","0","0","0","0","-","0"
1,"7ew8B3",1,2183,2023,140,"Nicaragua","NIC","NIC",94,"Italy","ITA","ITA",69,44,"0","0","0","0","0","-","0"
1,"7ew8B3",1,2184,2024,140,"Nicaragua","NIC","NIC",94,"Italy","ITA","ITA",73,63,"0","0","0","0","0","-","0"
1,"7ew8B3",1,2185,2025,140,"Nicaragua","NIC","NIC",94,"Italy","ITA","ITA",70,92,"0","0","0","0","0","-","0"
1,"7ew8B3",1,2186,1987,141,"Nigeria","NIG","NGA",94,"Italy","ITA","ITA",5,"0","0","0","0","0","0","-","0"
1,"7ew8B3",1,2187,1988,141,"Nigeria","NIG","NGA",94,"Italy","ITA","ITA",5,"0","0","0","0","0","0","-","0"
1,"7ew8B3",1,2188,1989,141,"Nigeria","NIG","NGA",94,"Italy","ITA","ITA",5,"0","0","0","0","0","0","-","0"
1,"7ew8B3",1,2189,1990,141,"Nigeria","NIG","NGA",94,"Italy","ITA","ITA",5,"0","0","0","0","0","0","-","0"
1,"7ew8B3",1,2190,1991,141,"Nigeria","NIG","NGA",94,"Italy","ITA","ITA",5,"0","0","0","0","0","0","-","0"
1,"7ew8B3",1,2191,1992,141,"Nigeria","NIG","NGA",94,"Italy","ITA","ITA",6,"0","0","0","0","0","0","-","0"
1,"7ew8B3",1,2192,1993,141,"Nigeria","NIG","NGA",94,"Italy","ITA","ITA",6,"0","0","0","0","0","0","-","0"
1,"7ew8B3",1,2193,1994,141,"Nigeria","NIG","NGA",94,"Italy","ITA","ITA",9,"0","0","0","0","0","0","-","0"
1,"7ew8B3",1,2194,1995,141,"Nigeria","NIG","NGA",94,"Italy","ITA","ITA",9,"0","0","0","0","0","0","-","0"
1,"7ew8B3",1,2195,1996,141,"Nigeria","NIG","NGA",94,"Italy","ITA","ITA",8,"0","0","0","0","0","0","-","0"
1,"7ew8B3",1,2196,1997,141,"Nigeria","NIG","NGA",94,"Italy","ITA","ITA",7,"0","0","0","0","0","0","-","0"
1,"7ew8B3",1,2197,1998,141,"Nigeria","NIG","NGA",94,"Italy","ITA","ITA",11,"0","0","0","0","0","0","-","0"
1,"7ew8B3",1,2198,1999,141,"Nigeria","NIG","NGA",94,"Italy","ITA","ITA",11,"0","0","0","0","0","0","-","0"
1,"7ew8B3",1,2199,2000,141,"Nigeria","NIG","NGA",94,"Italy","ITA","ITA",11,"0","0","0","0","0","0","-","0"
1,"7ew8B3",1,2200,2001,141,"Nigeria","NIG","NGA",94,"Italy","ITA","ITA",21,"0","0","0","0","0","0","-","0"
1,"7ew8B3",1,2201,2002,141,"Nigeria","NIG","NGA",94,"Italy","ITA","ITA",49,"0","0","0","0","0","0","-","0"
1,"7ew8B3",1,2202,2003,141,"Nigeria","NIG","NGA",94,"Italy","ITA","ITA",67,"0","0","0","0","0","0","-","0"
1,"7ew8B3",1,2203,2004,141,"Nigeria","NIG","NGA",94,"Italy","ITA","ITA",107,"0","0","0","0","0","0","-","0"
1,"7ew8B3",1,2204,2005,141,"Nigeria","NIG","NGA",94,"Italy","ITA","ITA",209,"0","0","0","0","0","0","-","0"
1,"7ew8B3",1,2205,2006,141,"Nigeria","NIG","NGA",94,"Italy","ITA","ITA",486,"0","0","0","0","0","0","-","0"
1,"7ew8B3",1,2206,2007,141,"Nigeria","NIG","NGA",94,"Italy","ITA","ITA",1051,"0","0","0","0","0","0","-","0"
1,"7ew8B3",1,2207,2008,141,"Nigeria","NIG","NGA",94,"Italy","ITA","ITA",1454,"0","0","0","0","0","0","-","0"
1,"7ew8B3",1,2208,2009,141,"Nigeria","NIG","NGA",94,"Italy","ITA","ITA",2154,"0","0","0","0","0","0","-","0"
1,"7ew8B3",1,2209,2010,141,"Nigeria","NIG","NGA",94,"Italy","ITA","ITA",2200,831,"0","0","0","0","0","-","0"
1,"7ew8B3",1,2210,2011,141,"Nigeria","NIG","NGA",94,"Italy","ITA","ITA",2369,"0","0","0","0","0","0","-","0"
1,"7ew8B3",1,2211,2012,141,"Nigeria","NIG","NGA",94,"Italy","ITA","ITA",2964,1682,"0","0","0","0","0","-","0"
1,"7ew8B3",1,2212,2013,141,"Nigeria","NIG","NGA",94,"Italy","ITA","ITA",4192,1932,"0","0","0","0","0","-","0"
1,"7ew8B3",1,2213,2014,141,"Nigeria","NIG","NGA",94,"Italy","ITA","ITA",6293,7766,"0","0","0","0","0","-","0"
1,"7ew8B3",1,2214,2015,141,"Nigeria","NIG","NGA",94,"Italy","ITA","ITA",9931,13678,"0","0","0","0","0","-","0"
1,"7ew8B3",1,2215,2016,141,"Nigeria","NIG","NGA",94,"Italy","ITA","ITA",14247,22980,"0","0","0","0","0","-","0"
1,"7ew8B3",1,2216,2017,141,"Nigeria","NIG","NGA",94,"Italy","ITA","ITA",18026,37967,"0","0","0","0","0","-","0"
1,"7ew8B3",1,2217,2018,141,"Nigeria","NIG","NGA",94,"Italy","ITA","ITA",22319,17349,"0","0","0","0","0","-","0"
1,"7ew8B3",1,2218,2019,141,"Nigeria","NIG","NGA",94,"Italy","ITA","ITA",25241,5380,"0","0","0","0","0","-","0"
1,"7ew8B3",1,2219,2020,141,"Nigeria","NIG","NGA",94,"Italy","ITA","ITA",18473,5104,"0","0","0","0","0","-","0"
1,"7ew8B3",1,2220,2021,141,"Nigeria","NIG","NGA",94,"Italy","ITA","ITA",20557,3983,"0","0","0","0","0","-","0"
1,"7ew8B3",1,2221,2022,141,"Nigeria","NIG","NGA",94,"Italy","ITA","ITA",20946,4463,"0","0","0","0","0","-","0"
1,"7ew8B3",1,2222,2023,141,"Nigeria","NIG","NGA",94,"Italy","ITA","ITA",19664,3874,"0","0","0","0","0","-","0"
1,"7ew8B3",1,2223,2024,141,"Nigeria","NIG","NGA",94,"Italy","ITA","ITA",20273,3698,"0","0","0","0","0","-","0"
1,"7ew8B3",1,2224,2025,141,"Nigeria","NIG","NGA",94,"Italy","ITA","ITA",20919,3733,5,"0","0","0","0","-","0"
1,"7ew8B3",1,2225,2017,143,"Norway","NOR","NOR",94,"Italy","ITA","ITA","0",5,"0","0","0","0","0","-","0"
1,"7ew8B3",1,2226,1992,147,"Pakistan","PAK","PAK",94,"Italy","ITA","ITA",5,"0","0","0","0","0","0","-","0"
1,"7ew8B3",1,2227,1993,147,"Pakistan","PAK","PAK",94,"Italy","ITA","ITA",6,"0","0","0","0","0","0","-","0"
1,"7ew8B3",1,2228,1994,147,"Pakistan","PAK","PAK",94,"Italy","ITA","ITA",13,"0","0","0","0","0","0","-","0"
1,"7ew8B3",1,2229,1995,147,"Pakistan","PAK","PAK",94,"Italy","ITA","ITA",22,"0","0","0","0","0","0","-","0"
1,"7ew8B3",1,2230,1996,147,"Pakistan","PAK","PAK",94,"Italy","ITA","ITA",22,"0","0","0","0","0","0","-","0"
1,"7ew8B3",1,2231,1997,147,"Pakistan","PAK","PAK",94,"Italy","ITA","ITA",23,"0","0","0","0","0","0","-","0"
1,"7ew8B3",1,2232,1998,147,"Pakistan","PAK","PAK",94,"Italy","ITA","ITA",31,"0","0","0","0","0","0","-","0"
1,"7ew8B3",1,2233,1999,147,"Pakistan","PAK","PAK",94,"Italy","ITA","ITA",37,"0","0","0","0","0","0","-","0"
1,"7ew8B3",1,2234,2000,147,"Pakistan","PAK","PAK",94,"Italy","ITA","ITA",47,"0","0","0","0","0","0","-","0"
1,"7ew8B3",1,2235,2001,147,"Pakistan","PAK","PAK",94,"Italy","ITA","ITA",56,"0","0","0","0","0","0","-","0"
1,"7ew8B3",1,2236,2002,147,"Pakistan","PAK","PAK",94,"Italy","ITA","ITA",61,"0","0","0","0","0","0","-","0"
1,"7ew8B3",1,2237,2003,147,"Pakistan","PAK","PAK",94,"Italy","ITA","ITA",60,"0","0","0","0","0","0","-","0"
1,"7ew8B3",1,2238,2004,147,"Pakistan","PAK","PAK",94,"Italy","ITA","ITA",60,"0","0","0","0","0","0","-","0"
1,"7ew8B3",1,2239,2005,147,"Pakistan","PAK","PAK",94,"Italy","ITA","ITA",109,"0","0","0","0","0","0","-","0"
1,"7ew8B3",1,2240,2006,147,"Pakistan","PAK","PAK",94,"Italy","ITA","ITA",189,"0","0","0","0","0","0","-","0"
1,"7ew8B3",1,2241,2007,147,"Pakistan","PAK","PAK",94,"Italy","ITA","ITA",409,"0","0","0","0","0","0","-","0"
1,"7ew8B3",1,2242,2008,147,"Pakistan","PAK","PAK",94,"Italy","ITA","ITA",555,"0","0","0","0","0","0","-","0"
1,"7ew8B3",1,2243,2009,147,"Pakistan","PAK","PAK",94,"Italy","ITA","ITA",920,"0","0","0","0","0","0","-","0"
1,"7ew8B3",1,2244,2010,147,"Pakistan","PAK","PAK",94,"Italy","ITA","ITA",1146,436,"0","0","0","0","0","-","0"
1,"7ew8B3",1,2245,2011,147,"Pakistan","PAK","PAK",94,"Italy","ITA","ITA",1536,"0","0","0","0","0","0","-","0"
1,"7ew8B3",1,2246,2012,147,"Pakistan","PAK","PAK",94,"Italy","ITA","ITA",2232,2032,"0","0","0","0","0","-","0"
1,"7ew8B3",1,2247,2013,147,"Pakistan","PAK","PAK",94,"Italy","ITA","ITA",3367,1727,"0","0","0","0","0","-","0"
1,"7ew8B3",1,2248,2014,147,"Pakistan","PAK","PAK",94,"Italy","ITA","ITA",5764,5066,"0","0","0","0","0","-","0"
1,"7ew8B3",1,2249,2015,147,"Pakistan","PAK","PAK",94,"Italy","ITA","ITA",9202,8328,"0","0","0","0","0","-","0"
1,"7ew8B3",1,2250,2016,147,"Pakistan","PAK","PAK",94,"Italy","ITA","ITA",13412,11339,"0","0","0","0","0","-","0"
1,"7ew8B3",1,2251,2017,147,"Pakistan","PAK","PAK",94,"Italy","ITA","ITA",15966,11864,"0","0","0","0","0","-","0"
1,"7ew8B3",1,2252,2018,147,"Pakistan","PAK","PAK",94,"Italy","ITA","ITA",18249,10501,"0","0","0","0","0","-","0"
1,"7ew8B3",1,2253,2019,147,"Pakistan","PAK","PAK",94,"Italy","ITA","ITA",20063,7800,"0","0","0","0","0","-","0"
1,"7ew8B3",1,2254,2020,147,"Pakistan","PAK","PAK",94,"Italy","ITA","ITA",14484,9415,"0","0","0","0","0","-","0"
1,"7ew8B3",1,2255,2021,147,"Pakistan","PAK","PAK",94,"Italy","ITA","ITA",16570,9262,"0","0","0","0","0","-","0"
1,"7ew8B3",1,2256,2022,147,"Pakistan","PAK","PAK",94,"Italy","ITA","ITA",17103,14317,"0","0","0","0","0","-","0"
1,"7ew8B3",1,2257,2023,147,"Pakistan","PAK","PAK",94,"Italy","ITA","ITA",14537,23990,"0","0","0","0","0","-","0"
1,"7ew8B3",1,2258,2024,147,"Pakistan","PAK","PAK",94,"Italy","ITA","ITA",15542,24466,"0","0","0","0","0","-","0"
1,"7ew8B3",1,2259,2025,147,"Pakistan","PAK","PAK",94,"Italy","ITA","ITA",14817,24841,"0","0","0","0","0","-","0"
1,"7ew8B3",1,2260,2022,148,"Panama","PAN","PAN",94,"Italy","ITA","ITA","0",6,"0","0","0","0","0","-","0"
1,"7ew8B3",1,2261,2023,148,"Panama","PAN","PAN",94,"Italy","ITA","ITA",5,9,"0","0","0","0","0","-","0"
1,"7ew8B3",1,2262,2024,148,"Panama","PAN","PAN",94,"Italy","ITA","ITA",5,26,"0","0","0","0","0","-","0"
1,"7ew8B3",1,2263,2025,148,"Panama","PAN","PAN",94,"Italy","ITA","ITA",5,29,"0","0","0","0","0","-","0"
1,"7ew8B3",1,2264,2016,149,"Paraguay","PAR","PRY",94,"Italy","ITA","ITA","0",5,"0","0","0","0","0","-","0"
1,"7ew8B3",1,2265,2017,149,"Paraguay","PAR","PRY",94,"Italy","ITA","ITA",5,9,"0","0","0","0","0","-","0"
1,"7ew8B3",1,2266,2018,149,"Paraguay","PAR","PRY",94,"Italy","ITA","ITA",6,21,"0","0","0","0","0","-","0"
1,"7ew8B3",1,2267,2019,149,"Paraguay","PAR","PRY",94,"Italy","ITA","ITA",7,22,"0","0","0","0","0","-","0"
1,"7ew8B3",1,2268,2020,149,"Paraguay","PAR","PRY",94,"Italy","ITA","ITA","0",12,"0","0","0","0","0","-","0"
1,"7ew8B3",1,2269,2021,149,"Paraguay","PAR","PRY",94,"Italy","ITA","ITA","0",9,"0","0","0","0","0","-","0"
1,"7ew8B3",1,2270,2022,149,"Paraguay","PAR","PRY",94,"Italy","ITA","ITA","0",28,"0","0","0","0","0","-","0"
1,"7ew8B3",1,2271,2023,149,"Paraguay","PAR","PRY",94,"Italy","ITA","ITA",5,78,"0","0","0","0","0","-","0"
1,"7ew8B3",1,2272,2024,149,"Paraguay","PAR","PRY",94,"Italy","ITA","ITA",10,212,"0","0","0","0","0","-","0"
1,"7ew8B3",1,2273,2025,149,"Paraguay","PAR","PRY",94,"Italy","ITA","ITA",7,300,"0","0","0","0","0","-","0"
1,"7ew8B3",1,2274,1994,150,"Peru","PER","PER",94,"Italy","ITA","ITA",5,"0","0","0","0","0","0","-","0"
1,"7ew8B3",1,2275,1995,150,"Peru","PER","PER",94,"Italy","ITA","ITA",5,"0","0","0","0","0","0","-","0"
1,"7ew8B3",1,2276,1996,150,"Peru","PER","PER",94,"Italy","ITA","ITA",5,"0","0","0","0","0","0","-","0"
1,"7ew8B3",1,2277,1997,150,"Peru","PER","PER",94,"Italy","ITA","ITA",5,"0","0","0","0","0","0","-","0"
1,"7ew8B3",1,2278,1998,150,"Peru","PER","PER",94,"Italy","ITA","ITA",5,"0","0","0","0","0","0","-","0"
1,"7ew8B3",1,2279,1999,150,"Peru","PER","PER",94,"Italy","ITA","ITA",5,"0","0","0","0","0","0","-","0"
1,"7ew8B3",1,2280,2000,150,"Peru","PER","PER",94,"Italy","ITA","ITA",8,"0","0","0","0","0","0","-","0"
1,"7ew8B3",1,2281,2001,150,"Peru","PER","PER",94,"Italy","ITA","ITA",8,"0","0","0","0","0","0","-","0"
1,"7ew8B3",1,2282,2002,150,"Peru","PER","PER",94,"Italy","ITA","ITA",8,"0","0","0","0","0","0","-","0"
1,"7ew8B3",1,2283,2003,150,"Peru","PER","PER",94,"Italy","ITA","ITA",6,"0","0","0","0","0","0","-","0"
1,"7ew8B3",1,2284,2004,150,"Peru","PER","PER",94,"Italy","ITA","ITA",7,"0","0","0","0","0","0","-","0"
1,"7ew8B3",1,2285,2005,150,"Peru","PER","PER",94,"Italy","ITA","ITA",5,"0","0","0","0","0","0","-","0"
1,"7ew8B3",1,2286,2006,150,"Peru","PER","PER",94,"Italy","ITA","ITA",5,"0","0","0","0","0","0","-","0"
1,"7ew8B3",1,2287,2007,150,"Peru","PER","PER",94,"Italy","ITA","ITA",6,"0","0","0","0","0","0","-","0"
1,"7ew8B3",1,2288,2008,150,"Peru","PER","PER",94,"Italy","ITA","ITA",8,"0","0","0","0","0","0","-","0"
1,"7ew8B3",1,2289,2009,150,"Peru","PER","PER",94,"Italy","ITA","ITA",15,"0","0","0","0","0","0","-","0"
1,"7ew8B3",1,2290,2010,150,"Peru","PER","PER",94,"Italy","ITA","ITA",12,"0","0","0","0","0","0","-","0"
1,"7ew8B3",1,2291,2011,150,"Peru","PER","PER",94,"Italy","ITA","ITA",12,"0","0","0","0","0","0","-","0"
1,"7ew8B3",1,2292,2012,150,"Peru","PER","PER",94,"Italy","ITA","ITA",16,8,"0","0","0","0","0","-","0"
1,"7ew8B3",1,2293,2013,150,"Peru","PER","PER",94,"Italy","ITA","ITA",29,"0","0","0","0","0","0","-","0"
1,"7ew8B3",1,2294,2014,150,"Peru","PER","PER",94,"Italy","ITA","ITA",35,5,"0","0","0","0","0","-","0"
1,"7ew8B3",1,2295,2015,150,"Peru","PER","PER",94,"Italy","ITA","ITA",44,18,"0","0","0","0","0","-","0"
1,"7ew8B3",1,2296,2016,150,"Peru","PER","PER",94,"Italy","ITA","ITA",56,37,"0","0","0","0","0","-","0"
1,"7ew8B3",1,2297,2017,150,"Peru","PER","PER",94,"Italy","ITA","ITA",70,218,"0","0","0","0","0","-","0"
1,"7ew8B3",1,2298,2018,150,"Peru","PER","PER",94,"Italy","ITA","ITA",98,640,"0","0","0","0","0","-","0"
1,"7ew8B3",1,2299,2019,150,"Peru","PER","PER",94,"Italy","ITA","ITA",246,1046,"0","0","0","0","0","-","0"
1,"7ew8B3",1,2300,2020,150,"Peru","PER","PER",94,"Italy","ITA","ITA",276,931,"0","0","0","0","0","-","0"
1,"7ew8B3",1,2301,2021,150,"Peru","PER","PER",94,"Italy","ITA","ITA",669,470,"0","0","0","0","0","-","0"
1,"7ew8B3",1,2302,2022,150,"Peru","PER","PER",94,"Italy","ITA","ITA",742,2704,"0","0","0","0","0","-","0"
1,"7ew8B3",1,2303,2023,150,"Peru","PER","PER",94,"Italy","ITA","ITA",587,8537,"0","0","0","0","0","-","0"
1,"7ew8B3",1,2304,2024,150,"Peru","PER","PER",94,"Italy","ITA","ITA",745,21440,"0","0","0","0","0","-","0"
1,"7ew8B3",1,2305,2025,150,"Peru","PER","PER",94,"Italy","ITA","ITA",780,26236,5,"0","0","0","0","-","0"
1,"7ew8B3",1,2306,2014,151,"Philippines","PHI","PHL",94,"Italy","ITA","ITA",5,6,"0","0","0","0","0","-","0"
1,"7ew8B3",1,2307,2015,151,"Philippines","PHI","PHL",94,"Italy","ITA","ITA",6,52,"0","0","0","0","0","-","0"
1,"7ew8B3",1,2308,2016,151,"Philippines","PHI","PHL",94,"Italy","ITA","ITA",15,108,"0","0","0","0","0","-","0"
1,"7ew8B3",1,2309,2017,151,"Philippines","PHI","PHL",94,"Italy","ITA","ITA",29,137,"0","0","0","0","0","-","0"
1,"7ew8B3",1,2310,2018,151,"Philippines","PHI","PHL",94,"Italy","ITA","ITA",67,166,"0","0","0","0","0","-","0"
1,"7ew8B3",1,2311,2019,151,"Philippines","PHI","PHL",94,"Italy","ITA","ITA",90,94,"0","0","0","0","0","-","0"
1,"7ew8B3",1,2312,2020,151,"Philippines","PHI","PHL",94,"Italy","ITA","ITA","0",67,"0","0","0","0","0","-","0"
1,"7ew8B3",1,2313,2021,151,"Philippines","PHI","PHL",94,"Italy","ITA","ITA",17,43,"0","0","0","0","0","-","0"
1,"7ew8B3",1,2314,2022,151,"Philippines","PHI","PHL",94,"Italy","ITA","ITA",20,68,"0","0","0","0","0","-","0"
1,"7ew8B3",1,2315,2023,151,"Philippines","PHI","PHL",94,"Italy","ITA","ITA",29,130,"0","0","0","0","0","-","0"
1,"7ew8B3",1,2316,2024,151,"Philippines","PHI","PHL",94,"Italy","ITA","ITA",37,367,"0","0","0","0","0","-","0"
1,"7ew8B3",1,2317,2025,151,"Philippines","PHI","PHL",94,"Italy","ITA","ITA",44,571,"0","0","0","0","0","-","0"
1,"7ew8B3",1,2318,2017,152,"Palau","PLW","PLW",94,"Italy","ITA","ITA","0",5,"0","0","0","0","0","-","0"
1,"7ew8B3",1,2319,1980,154,"Poland","POL","POL",94,"Italy","ITA","ITA",421,"0","0","0","0","0","0","-","0"
1,"7ew8B3",1,2320,1981,154,"Poland","POL","POL",94,"Italy","ITA","ITA",505,"0","0","0","0","0","0","-","0"
1,"7ew8B3",1,2321,1982,154,"Poland","POL","POL",94,"Italy","ITA","ITA",635,"0","0","0","0","0","0","-","0"
1,"7ew8B3",1,2322,1983,154,"Poland","POL","POL",94,"Italy","ITA","ITA",621,"0","0","0","0","0","0","-","0"
1,"7ew8B3",1,2323,1984,154,"Poland","POL","POL",94,"Italy","ITA","ITA",644,"0","0","0","0","0","0","-","0"
1,"7ew8B3",1,2324,1985,154,"Poland","POL","POL",94,"Italy","ITA","ITA",775,"0","0","0","0","0","0","-","0"
1,"7ew8B3",1,2325,1986,154,"Poland","POL","POL",94,"Italy","ITA","ITA",792,"0","0","0","0","0","0","-","0"
1,"7ew8B3",1,2326,1987,154,"Poland","POL","POL",94,"Italy","ITA","ITA",945,"0","0","0","0","0","0","-","0"
1,"7ew8B3",1,2327,1988,154,"Poland","POL","POL",94,"Italy","ITA","ITA",964,"0","0","0","0","0","0","-","0"
1,"7ew8B3",1,2328,1989,154,"Poland","POL","POL",94,"Italy","ITA","ITA",933,"0","0","0","0","0","0","-","0"
1,"7ew8B3",1,2329,1990,154,"Poland","POL","POL",94,"Italy","ITA","ITA",879,"0","0","0","0","0","0","-","0"
1,"7ew8B3",1,2330,1991,154,"Poland","POL","POL",94,"Italy","ITA","ITA",729,"0","0","0","0","0","0","-","0"
1,"7ew8B3",1,2331,1992,154,"Poland","POL","POL",94,"Italy","ITA","ITA",589,"0","0","0","0","0","0","-","0"
1,"7ew8B3",1,2332,1993,154,"Poland","POL","POL",94,"Italy","ITA","ITA",553,"0","0","0","0","0","0","-","0"
1,"7ew8B3",1,2333,1994,154,"Poland","POL","POL",94,"Italy","ITA","ITA",442,"0","0","0","0","0","0","-","0"
1,"7ew8B3",1,2334,1995,154,"Poland","POL","POL",94,"Italy","ITA","ITA",312,"0","0","0","0","0","0","-","0"
1,"7ew8B3",1,2335,1996,154,"Poland","POL","POL",94,"Italy","ITA","ITA",247,"0","0","0","0","0","0","-","0"
1,"7ew8B3",1,2336,1997,154,"Poland","POL","POL",94,"Italy","ITA","ITA",63,"0","0","0","0","0","0","-","0"
1,"7ew8B3",1,2337,1998,154,"Poland","POL","POL",94,"Italy","ITA","ITA",10,"0","0","0","0","0","0","-","0"
1,"7ew8B3",1,2338,1980,158,"Romania","ROM","ROU",94,"Italy","ITA","ITA",772,"0","0","0","0","0","0","-","0"
1,"7ew8B3",1,2339,1981,158,"Romania","ROM","ROU",94,"Italy","ITA","ITA",854,"0","0","0","0","0","0","-","0"
1,"7ew8B3",1,2340,1982,158,"Romania","ROM","ROU",94,"Italy","ITA","ITA",967,"0","0","0","0","0","0","-","0"
1,"7ew8B3",1,2341,1983,158,"Romania","ROM","ROU",94,"Italy","ITA","ITA",941,"0","0","0","0","0","0","-","0"
1,"7ew8B3",1,2342,1984,158,"Romania","ROM","ROU",94,"Italy","ITA","ITA",882,"0","0","0","0","0","0","-","0"
1,"7ew8B3",1,2343,1985,158,"Romania","ROM","ROU",94,"Italy","ITA","ITA",921,"0","0","0","0","0","0","-","0"
1,"7ew8B3",1,2344,1986,158,"Romania","ROM","ROU",94,"Italy","ITA","ITA",934,"0","0","0","0","0","0","-","0"
1,"7ew8B3",1,2345,1987,158,"Romania","ROM","ROU",94,"Italy","ITA","ITA",900,"0","0","0","0","0","0","-","0"
1,"7ew8B3",1,2346,1988,158,"Romania","ROM","ROU",94,"Italy","ITA","ITA",868,"0","0","0","0","0","0","-","0"
1,"7ew8B3",1,2347,1989,158,"Romania","ROM","ROU",94,"Italy","ITA","ITA",817,"0","0","0","0","0","0","-","0"
1,"7ew8B3",1,2348,1990,158,"Romania","ROM","ROU",94,"Italy","ITA","ITA",869,"0","0","0","0","0","0","-","0"
1,"7ew8B3",1,2349,1991,158,"Romania","ROM","ROU",94,"Italy","ITA","ITA",740,"0","0","0","0","0","0","-","0"
1,"7ew8B3",1,2350,1992,158,"Romania","ROM","ROU",94,"Italy","ITA","ITA",593,"0","0","0","0","0","0","-","0"
1,"7ew8B3",1,2351,1993,158,"Romania","ROM","ROU",94,"Italy","ITA","ITA",537,"0","0","0","0","0","0","-","0"
1,"7ew8B3",1,2352,1994,158,"Romania","ROM","ROU",94,"Italy","ITA","ITA",485,"0","0","0","0","0","0","-","0"
1,"7ew8B3",1,2353,1995,158,"Romania","ROM","ROU",94,"Italy","ITA","ITA",447,"0","0","0","0","0","0","-","0"
1,"7ew8B3",1,2354,1996,158,"Romania","ROM","ROU",94,"Italy","ITA","ITA",393,"0","0","0","0","0","0","-","0"
1,"7ew8B3",1,2355,1997,158,"Romania","ROM","ROU",94,"Italy","ITA","ITA",360,"0","0","0","0","0","0","-","0"
1,"7ew8B3",1,2356,1998,158,"Romania","ROM","ROU",94,"Italy","ITA","ITA",332,"0","0","0","0","0","0","-","0"
1,"7ew8B3",1,2357,1999,158,"Romania","ROM","ROU",94,"Italy","ITA","ITA",291,"0","0","0","0","0","0","-","0"
1,"7ew8B3",1,2358,2000,158,"Romania","ROM","ROU",94,"Italy","ITA","ITA",84,"0","0","0","0","0","0","-","0"
1,"7ew8B3",1,2359,2001,158,"Romania","ROM","ROU",94,"Italy","ITA","ITA",56,"0","0","0","0","0","0","-","0"
1,"7ew8B3",1,2360,2002,158,"Romania","ROM","ROU",94,"Italy","ITA","ITA",43,"0","0","0","0","0","0","-","0"
1,"7ew8B3",1,2361,2003,158,"Romania","ROM","ROU",94,"Italy","ITA","ITA",43,"0","0","0","0","0","0","-","0"
1,"7ew8B3",1,2362,2004,158,"Romania","ROM","ROU",94,"Italy","ITA","ITA",57,"0","0","0","0","0","0","-","0"
1,"7ew8B3",1,2363,2005,158,"Romania","ROM","ROU",94,"Italy","ITA","ITA",73,"0","0","0","0","0","0","-","0"
1,"7ew8B3",1,2364,2006,158,"Romania","ROM","ROU",94,"Italy","ITA","ITA",74,"0","0","0","0","0","0","-","0"
1,"7ew8B3",1,2365,2007,158,"Romania","ROM","ROU",94,"Italy","ITA","ITA",74,"0","0","0","0","0","0","-","0"
1,"7ew8B3",1,2366,2008,158,"Romania","ROM","ROU",94,"Italy","ITA","ITA",73,"0","0","0","0","0","0","-","0"
1,"7ew8B3",1,2367,2009,158,"Romania","ROM","ROU",94,"Italy","ITA","ITA",73,"0","0","0","0","0","0","-","0"
1,"7ew8B3",1,2368,2010,158,"Romania","ROM","ROU",94,"Italy","ITA","ITA",71,"0","0","0","0","0","0","-","0"
1,"7ew8B3",1,2369,2011,158,"Romania","ROM","ROU",94,"Italy","ITA","ITA",42,"0","0","0","0","0","0","-","0"
1,"7ew8B3",1,2370,2012,158,"Romania","ROM","ROU",94,"Italy","ITA","ITA",39,"0","0","0","0","0","0","-","0"
1,"7ew8B3",1,2371,2013,158,"Romania","ROM","ROU",94,"Italy","ITA","ITA",37,"0","0","0","0","0","0","-","0"
1,"7ew8B3",1,2372,2014,158,"Romania","ROM","ROU",94,"Italy","ITA","ITA",22,"0","0","0","0","0","0","-","0"
1,"7ew8B3",1,2373,2015,158,"Romania","ROM","ROU",94,"Italy","ITA","ITA",5,"0","0","0","0","0","0","-","0"
1,"7ew8B3",1,2374,1994,159,"South Africa","RSA","ZAF",94,"Italy","ITA","ITA",5,"0","0","0","0","0","0","-","0"
1,"7ew8B3",1,2375,1995,159,"South Africa","RSA","ZAF",94,"Italy","ITA","ITA",5,"0","0","0","0","0","0","-","0"
1,"7ew8B3",1,2376,1996,159,"South Africa","RSA","ZAF",94,"Italy","ITA","ITA",5,"0","0","0","0","0","0","-","0"
1,"7ew8B3",1,2377,2016,159,"South Africa","RSA","ZAF",94,"Italy","ITA","ITA",5,5,"0","0","0","0","0","-","0"
1,"7ew8B3",1,2378,2017,159,"South Africa","RSA","ZAF",94,"Italy","ITA","ITA",8,"0","0","0","0","0","0","-","0"
1,"7ew8B3",1,2379,2018,159,"South Africa","RSA","ZAF",94,"Italy","ITA","ITA",8,6,"0","0","0","0","0","-","0"
1,"7ew8B3",1,2380,2019,159,"South Africa","RSA","ZAF",94,"Italy","ITA","ITA",13,"0","0","0","0","0","0","-","0"
1,"7ew8B3",1,2381,2021,159,"South Africa","RSA","ZAF",94,"Italy","ITA","ITA","0",10,"0","0","0","0","0","-","0"
1,"7ew8B3",1,2382,2022,159,"South Africa","RSA","ZAF",94,"Italy","ITA","ITA",5,12,"0","0","0","0","0","-","0"
1,"7ew8B3",1,2383,2023,159,"South Africa","RSA","ZAF",94,"Italy","ITA","ITA",8,16,"0","0","0","0","0","-","0"
1,"7ew8B3",1,2384,2024,159,"South Africa","RSA","ZAF",94,"Italy","ITA","ITA",19,14,"0","0","0","0","0","-","0"
1,"7ew8B3",1,2385,2025,159,"South Africa","RSA","ZAF",94,"Italy","ITA","ITA",10,15,"0","0","0","0","0","-","0"
1,"7ew8B3",1,2386,1980,160,"Russian Federation","RUS","RUS",94,"Italy","ITA","ITA",10821,"0","0","0","0","0","0","-","0"
1,"7ew8B3",1,2387,1981,160,"Russian Federation","RUS","RUS",94,"Italy","ITA","ITA",11562,"0","0","0","0","0","0","-","0"
1,"7ew8B3",1,2388,1982,160,"Russian Federation","RUS","RUS",94,"Italy","ITA","ITA",11569,"0","0","0","0","0","0","-","0"
1,"7ew8B3",1,2389,1983,160,"Russian Federation","RUS","RUS",94,"Italy","ITA","ITA",11574,"0","0","0","0","0","0","-","0"
1,"7ew8B3",1,2390,1984,160,"Russian Federation","RUS","RUS",94,"Italy","ITA","ITA",11577,"0","0","0","0","0","0","-","0"
1,"7ew8B3",1,2391,1985,160,"Russian Federation","RUS","RUS",94,"Italy","ITA","ITA",11582,"0","0","0","0","0","0","-","0"
1,"7ew8B3",1,2392,1986,160,"Russian Federation","RUS","RUS",94,"Italy","ITA","ITA",10226,"0","0","0","0","0","0","-","0"
1,"7ew8B3",1,2393,1987,160,"Russian Federation","RUS","RUS",94,"Italy","ITA","ITA",8683,"0","0","0","0","0","0","-","0"
1,"7ew8B3",1,2394,1988,160,"Russian Federation","RUS","RUS",94,"Italy","ITA","ITA",7125,"0","0","0","0","0","0","-","0"
1,"7ew8B3",1,2395,1989,160,"Russian Federation","RUS","RUS",94,"Italy","ITA","ITA",3017,"0","0","0","0","0","0","-","0"
1,"7ew8B3",1,2396,1990,160,"Russian Federation","RUS","RUS",94,"Italy","ITA","ITA",781,"0","0","0","0","0","0","-","0"
1,"7ew8B3",1,2397,1991,160,"Russian Federation","RUS","RUS",94,"Italy","ITA","ITA",44,"0","0","0","0","0","0","-","0"
1,"7ew8B3",1,2398,1992,160,"Russian Federation","RUS","RUS",94,"Italy","ITA","ITA",37,"0","0","0","0","0","0","-","0"
1,"7ew8B3",1,2399,1993,160,"Russian Federation","RUS","RUS",94,"Italy","ITA","ITA",29,"0","0","0","0","0","0","-","0"
1,"7ew8B3",1,2400,1994,160,"Russian Federation","RUS","RUS",94,"Italy","ITA","ITA",20,"0","0","0","0","0","0","-","0"
1,"7ew8B3",1,2401,1995,160,"Russian Federation","RUS","RUS",94,"Italy","ITA","ITA",16,"0","0","0","0","0","0","-","0"
1,"7ew8B3",1,2402,1996,160,"Russian Federation","RUS","RUS",94,"Italy","ITA","ITA",16,"0","0","0","0","0","0","-","0"
1,"7ew8B3",1,2403,1997,160,"Russian Federation","RUS","RUS",94,"Italy","ITA","ITA",17,"0","0","0","0","0","0","-","0"
1,"7ew8B3",1,2404,1998,160,"Russian Federation","RUS","RUS",94,"Italy","ITA","ITA",12,"0","0","0","0","0","0","-","0"
1,"7ew8B3",1,2405,1999,160,"Russian Federation","RUS","RUS",94,"Italy","ITA","ITA",24,"0","0","0","0","0","0","-","0"
1,"7ew8B3",1,2406,2000,160,"Russian Federation","RUS","RUS",94,"Italy","ITA","ITA",86,"0","0","0","0","0","0","-","0"
1,"7ew8B3",1,2407,2001,160,"Russian Federation","RUS","RUS",94,"Italy","ITA","ITA",197,"0","0","0","0","0","0","-","0"
1,"7ew8B3",1,2408,2002,160,"Russian Federation","RUS","RUS",94,"Italy","ITA","ITA",209,"0","0","0","0","0","0","-","0"
1,"7ew8B3",1,2409,2003,160,"Russian Federation","RUS","RUS",94,"Italy","ITA","ITA",219,"0","0","0","0","0","0","-","0"
1,"7ew8B3",1,2410,2004,160,"Russian Federation","RUS","RUS",94,"Italy","ITA","ITA",226,"0","0","0","0","0","0","-","0"
1,"7ew8B3",1,2411,2005,160,"Russian Federation","RUS","RUS",94,"Italy","ITA","ITA",237,"0","0","0","0","0","0","-","0"
1,"7ew8B3",1,2412,2006,160,"Russian Federation","RUS","RUS",94,"Italy","ITA","ITA",262,"0","0","0","0","0","0","-","0"
1,"7ew8B3",1,2413,2007,160,"Russian Federation","RUS","RUS",94,"Italy","ITA","ITA",297,"0","0","0","0","0","0","-","0"
1,"7ew8B3",1,2414,2008,160,"Russian Federation","RUS","RUS",94,"Italy","ITA","ITA",300,"0","0","0","0","0","0","-","0"
1,"7ew8B3",1,2415,2009,160,"Russian Federation","RUS","RUS",94,"Italy","ITA","ITA",309,"0","0","0","0","0","0","-","0"
1,"7ew8B3",1,2416,2010,160,"Russian Federation","RUS","RUS",94,"Italy","ITA","ITA",255,13,"0","0","0","0","0","-","0"
1,"7ew8B3",1,2417,2011,160,"Russian Federation","RUS","RUS",94,"Italy","ITA","ITA",151,"0","0","0","0","0","0","-","0"
1,"7ew8B3",1,2418,2012,160,"Russian Federation","RUS","RUS",94,"Italy","ITA","ITA",152,14,"0","0","0","0","0","-","0"
1,"7ew8B3",1,2419,2013,160,"Russian Federation","RUS","RUS",94,"Italy","ITA","ITA",148,24,"0","0","0","0","0","-","0"
1,"7ew8B3",1,2420,2014,160,"Russian Federation","RUS","RUS",94,"Italy","ITA","ITA",174,50,"0","0","0","0","0","-","0"
1,"7ew8B3",1,2421,2015,160,"Russian Federation","RUS","RUS",94,"Italy","ITA","ITA",200,42,"0","0","0","0","0","-","0"
1,"7ew8B3",1,2422,2016,160,"Russian Federation","RUS","RUS",94,"Italy","ITA","ITA",198,61,"0","0","0","0","0","-","0"
1,"7ew8B3",1,2423,2017,160,"Russian Federation","RUS","RUS",94,"Italy","ITA","ITA",208,261,"0","0","0","0","0","-","0"
1,"7ew8B3",1,2424,2018,160,"Russian Federation","RUS","RUS",94,"Italy","ITA","ITA",269,232,"0","0","0","0","0","-","0"
1,"7ew8B3",1,2425,2019,160,"Russian Federation","RUS","RUS",94,"Italy","ITA","ITA",357,108,"0","0","0","0","0","-","0"
1,"7ew8B3",1,2426,2020,160,"Russian Federation","RUS","RUS",94,"Italy","ITA","ITA",214,101,"0","0","0","0","0","-","0"
1,"7ew8B3",1,2427,2021,160,"Russian Federation","RUS","RUS",94,"Italy","ITA","ITA",248,83,"0","0","0","0","0","-","0"
1,"7ew8B3",1,2428,2022,160,"Russian Federation","RUS","RUS",94,"Italy","ITA","ITA",547,587,"0","0","0","0","0","-","0"
1,"7ew8B3",1,2429,2023,160,"Russian Federation","RUS","RUS",94,"Italy","ITA","ITA",513,699,"0","0","0","0","0","-","0"
1,"7ew8B3",1,2430,2024,160,"Russian Federation","RUS","RUS",94,"Italy","ITA","ITA",861,752,"0","0","0","0","0","-","0"
1,"7ew8B3",1,2431,2025,160,"Russian Federation","RUS","RUS",94,"Italy","ITA","ITA",903,766,"0","0","0","0","0","-","0"
1,"7ew8B3",1,2432,1994,161,"Rwanda","RWA","RWA",94,"Italy","ITA","ITA",22,"0","0","0","0","0","0","-","0"
1,"7ew8B3",1,2433,1995,161,"Rwanda","RWA","RWA",94,"Italy","ITA","ITA",70,"0","0","0","0","0","0","-","0"
1,"7ew8B3",1,2434,1996,161,"Rwanda","RWA","RWA",94,"Italy","ITA","ITA",102,"0","0","0","0","0","0","-","0"
1,"7ew8B3",1,2435,1997,161,"Rwanda","RWA","RWA",94,"Italy","ITA","ITA",124,"0","0","0","0","0","0","-","0"
1,"7ew8B3",1,2436,1998,161,"Rwanda","RWA","RWA",94,"Italy","ITA","ITA",141,"0","0","0","0","0","0","-","0"
1,"7ew8B3",1,2437,1999,161,"Rwanda","RWA","RWA",94,"Italy","ITA","ITA",161,"0","0","0","0","0","0","-","0"
1,"7ew8B3",1,2438,2000,161,"Rwanda","RWA","RWA",94,"Italy","ITA","ITA",173,"0","0","0","0","0","0","-","0"
1,"7ew8B3",1,2439,2001,161,"Rwanda","RWA","RWA",94,"Italy","ITA","ITA",192,"0","0","0","0","0","0","-","0"
1,"7ew8B3",1,2440,2002,161,"Rwanda","RWA","RWA",94,"Italy","ITA","ITA",191,"0","0","0","0","0","0","-","0"
1,"7ew8B3",1,2441,2003,161,"Rwanda","RWA","RWA",94,"Italy","ITA","ITA",190,"0","0","0","0","0","0","-","0"
1,"7ew8B3",1,2442,2004,161,"Rwanda","RWA","RWA",94,"Italy","ITA","ITA",179,"0","0","0","0","0","0","-","0"
1,"7ew8B3",1,2443,2005,161,"Rwanda","RWA","RWA",94,"Italy","ITA","ITA",131,"0","0","0","0","0","0","-","0"
1,"7ew8B3",1,2444,2006,161,"Rwanda","RWA","RWA",94,"Italy","ITA","ITA",99,"0","0","0","0","0","0","-","0"
1,"7ew8B3",1,2445,2007,161,"Rwanda","RWA","RWA",94,"Italy","ITA","ITA",83,"0","0","0","0","0","0","-","0"
1,"7ew8B3",1,2446,2008,161,"Rwanda","RWA","RWA",94,"Italy","ITA","ITA",67,"0","0","0","0","0","0","-","0"
1,"7ew8B3",1,2447,2009,161,"Rwanda","RWA","RWA",94,"Italy","ITA","ITA",47,"0","0","0","0","0","0","-","0"
1,"7ew8B3",1,2448,2010,161,"Rwanda","RWA","RWA",94,"Italy","ITA","ITA",35,"0","0","0","0","0","0","-","0"
1,"7ew8B3",1,2449,2011,161,"Rwanda","RWA","RWA",94,"Italy","ITA","ITA",17,"0","0","0","0","0","0","-","0"
1,"7ew8B3",1,2450,2012,161,"Rwanda","RWA","RWA",94,"Italy","ITA","ITA",17,5,"0","0","0","0","0","-","0"
1,"7ew8B3",1,2451,2013,161,"Rwanda","RWA","RWA",94,"Italy","ITA","ITA",19,"0","0","0","0","0","0","-","0"
1,"7ew8B3",1,2452,2014,161,"Rwanda","RWA","RWA",94,"Italy","ITA","ITA",11,5,"0","0","0","0","0","-","0"
1,"7ew8B3",1,2453,2015,161,"Rwanda","RWA","RWA",94,"Italy","ITA","ITA",15,"0","0","0","0","0","0","-","0"
1,"7ew8B3",1,2454,2016,161,"Rwanda","RWA","RWA",94,"Italy","ITA","ITA",15,5,"0","0","0","0","0","-","0"
1,"7ew8B3",1,2455,2017,161,"Rwanda","RWA","RWA",94,"Italy","ITA","ITA",13,9,"0","0","0","0","0","-","0"
1,"7ew8B3",1,2456,2018,161,"Rwanda","RWA","RWA",94,"Italy","ITA","ITA",12,6,"0","0","0","0","0","-","0"
1,"7ew8B3",1,2457,2019,161,"Rwanda","RWA","RWA",94,"Italy","ITA","ITA",16,5,"0","0","0","0","0","-","0"
1,"7ew8B3",1,2458,2020,161,"Rwanda","RWA","RWA",94,"Italy","ITA","ITA","0",5,"0","0","0","0","0","-","0"
1,"7ew8B3",1,2459,2022,161,"Rwanda","RWA","RWA",94,"Italy","ITA","ITA",5,"0","0","0","0","0","0","-","0"
1,"7ew8B3",1,2460,2023,161,"Rwanda","RWA","RWA",94,"Italy","ITA","ITA",42,"0","0","0","0","0","0","-","0"
1,"7ew8B3",1,2461,2024,161,"Rwanda","RWA","RWA",94,"Italy","ITA","ITA",31,"0","0","0","0","0","0","-","0"
1,"7ew8B3",1,2462,2025,161,"Rwanda","RWA","RWA",94,"Italy","ITA","ITA",29,5,"0","0","0","0","0","-","0"
1,"7ew8B3",1,2463,1985,162,"El Salvador","SAL","SLV",94,"Italy","ITA","ITA",5,"0","0","0","0","0","0","-","0"
1,"7ew8B3",1,2464,1986,162,"El Salvador","SAL","SLV",94,"Italy","ITA","ITA",5,"0","0","0","0","0","0","-","0"
1,"7ew8B3",1,2465,1987,162,"El Salvador","SAL","SLV",94,"Italy","ITA","ITA",5,"0","0","0","0","0","0","-","0"
1,"7ew8B3",1,2466,1988,162,"El Salvador","SAL","SLV",94,"Italy","ITA","ITA",7,"0","0","0","0","0","0","-","0"
1,"7ew8B3",1,2467,1989,162,"El Salvador","SAL","SLV",94,"Italy","ITA","ITA",7,"0","0","0","0","0","0","-","0"
1,"7ew8B3",1,2468,1990,162,"El Salvador","SAL","SLV",94,"Italy","ITA","ITA",7,"0","0","0","0","0","0","-","0"
1,"7ew8B3",1,2469,1991,162,"El Salvador","SAL","SLV",94,"Italy","ITA","ITA",7,"0","0","0","0","0","0","-","0"
1,"7ew8B3",1,2470,1992,162,"El Salvador","SAL","SLV",94,"Italy","ITA","ITA",7,"0","0","0","0","0","0","-","0"
1,"7ew8B3",1,2471,1993,162,"El Salvador","SAL","SLV",94,"Italy","ITA","ITA",7,"0","0","0","0","0","0","-","0"
1,"7ew8B3",1,2472,1994,162,"El Salvador","SAL","SLV",94,"Italy","ITA","ITA",7,"0","0","0","0","0","0","-","0"
1,"7ew8B3",1,2473,1995,162,"El Salvador","SAL","SLV",94,"Italy","ITA","ITA",5,"0","0","0","0","0","0","-","0"
1,"7ew8B3",1,2474,1996,162,"El Salvador","SAL","SLV",94,"Italy","ITA","ITA",5,"0","0","0","0","0","0","-","0"
1,"7ew8B3",1,2475,1997,162,"El Salvador","SAL","SLV",94,"Italy","ITA","ITA",5,"0","0","0","0","0","0","-","0"
1,"7ew8B3",1,2476,2007,162,"El Salvador","SAL","SLV",94,"Italy","ITA","ITA",5,"0","0","0","0","0","0","-","0"
1,"7ew8B3",1,2477,2008,162,"El Salvador","SAL","SLV",94,"Italy","ITA","ITA",11,"0","0","0","0","0","0","-","0"
1,"7ew8B3",1,2478,2009,162,"El Salvador","SAL","SLV",94,"Italy","ITA","ITA",23,"0","0","0","0","0","0","-","0"
1,"7ew8B3",1,2479,2010,162,"El Salvador","SAL","SLV",94,"Italy","ITA","ITA",30,8,"0","0","0","0","0","-","0"
1,"7ew8B3",1,2480,2011,162,"El Salvador","SAL","SLV",94,"Italy","ITA","ITA",36,"0","0","0","0","0","0","-","0"
1,"7ew8B3",1,2481,2012,162,"El Salvador","SAL","SLV",94,"Italy","ITA","ITA",41,23,"0","0","0","0","0","-","0"
1,"7ew8B3",1,2482,2013,162,"El Salvador","SAL","SLV",94,"Italy","ITA","ITA",73,12,"0","0","0","0","0","-","0"
1,"7ew8B3",1,2483,2014,162,"El Salvador","SAL","SLV",94,"Italy","ITA","ITA",120,64,"0","0","0","0","0","-","0"
1,"7ew8B3",1,2484,2015,162,"El Salvador","SAL","SLV",94,"Italy","ITA","ITA",165,193,"0","0","0","0","0","-","0"
1,"7ew8B3",1,2485,2016,162,"El Salvador","SAL","SLV",94,"Italy","ITA","ITA",291,1117,"0","0","0","0","0","-","0"
1,"7ew8B3",1,2486,2017,162,"El Salvador","SAL","SLV",94,"Italy","ITA","ITA",674,2848,"0","0","0","0","0","-","0"
1,"7ew8B3",1,2487,2018,162,"El Salvador","SAL","SLV",94,"Italy","ITA","ITA",1631,2576,"0","0","0","0","0","-","0"
1,"7ew8B3",1,2488,2019,162,"El Salvador","SAL","SLV",94,"Italy","ITA","ITA",3291,1136,"0","0","0","0","0","-","0"
1,"7ew8B3",1,2489,2020,162,"El Salvador","SAL","SLV",94,"Italy","ITA","ITA",2826,1298,"0","0","0","0","0","-","0"
1,"7ew8B3",1,2490,2021,162,"El Salvador","SAL","SLV",94,"Italy","ITA","ITA",3718,634,"0","0","0","0","0","-","0"
1,"7ew8B3",1,2491,2022,162,"El Salvador","SAL","SLV",94,"Italy","ITA","ITA",4084,1083,"0","0","0","0","0","-","0"
1,"7ew8B3",1,2492,2023,162,"El Salvador","SAL","SLV",94,"Italy","ITA","ITA",4197,1418,"0","0","0","0","0","-","0"
1,"7ew8B3",1,2493,2024,162,"El Salvador","SAL","SLV",94,"Italy","ITA","ITA",4266,2326,5,"0","0","0","0","-","0"
1,"7ew8B3",1,2494,2025,162,"El Salvador","SAL","SLV",94,"Italy","ITA","ITA",3818,2757,"0","0","0","0","0","-","0"
1,"7ew8B3",1,2495,2009,163,"Saudi Arabia","SAU","SAU",94,"Italy","ITA","ITA",5,"0","0","0","0","0","0","-","0"
1,"7ew8B3",1,2496,2010,163,"Saudi Arabia","SAU","SAU",94,"Italy","ITA","ITA",5,"0","0","0","0","0","0","-","0"
1,"7ew8B3",1,2497,2011,163,"Saudi Arabia","SAU","SAU",94,"Italy","ITA","ITA",5,"0","0","0","0","0","0","-","0"
1,"7ew8B3",1,2498,2012,163,"Saudi Arabia","SAU","SAU",94,"Italy","ITA","ITA",5,"0","0","0","0","0","0","-","0"
1,"7ew8B3",1,2499,2013,163,"Saudi Arabia","SAU","SAU",94,"Italy","ITA","ITA",5,"0","0","0","0","0","0","-","0"
1,"7ew8B3",1,2500,2014,163,"Saudi Arabia","SAU","SAU",94,"Italy","ITA","ITA",6,"0","0","0","0","0","0","-","0"
1,"7ew8B3",1,2501,2015,163,"Saudi Arabia","SAU","SAU",94,"Italy","ITA","ITA",6,"0","0","0","0","0","0","-","0"
1,"7ew8B3",1,2502,2016,163,"Saudi Arabia","SAU","SAU",94,"Italy","ITA","ITA",6,"0","0","0","0","0","0","-","0"
1,"7ew8B3",1,2503,2017,163,"Saudi Arabia","SAU","SAU",94,"Italy","ITA","ITA",7,13,"0","0","0","0","0","-","0"
1,"7ew8B3",1,2504,2018,163,"Saudi Arabia","SAU","SAU",94,"Italy","ITA","ITA",11,11,"0","0","0","0","0","-","0"
1,"7ew8B3",1,2505,2019,163,"Saudi Arabia","SAU","SAU",94,"Italy","ITA","ITA",25,20,"0","0","0","0","0","-","0"
1,"7ew8B3",1,2506,2023,163,"Saudi Arabia","SAU","SAU",94,"Italy","ITA","ITA",6,"0","0","0","0","0","0","-","0"
1,"7ew8B3",1,2507,2024,163,"Saudi Arabia","SAU","SAU",94,"Italy","ITA","ITA",7,5,"0","0","0","0","0","-","0"
1,"7ew8B3",1,2508,2025,163,"Saudi Arabia","SAU","SAU",94,"Italy","ITA","ITA",7,5,"0","0","0","0","0","-","0"
1,"7ew8B3",1,2509,1980,164,"Serbia and Kosovo: S/RES/1244 (1999)","SRB","SRB",94,"Italy","ITA","ITA",270,"0","0","0","0","0","0","-","0"
1,"7ew8B3",1,2510,1981,164,"Serbia and Kosovo: S/RES/1244 (1999)","SRB","SRB",94,"Italy","ITA","ITA",214,"0","0","0","0","0","0","-","0"
1,"7ew8B3",1,2511,1982,164,"Serbia and Kosovo: S/RES/1244 (1999)","SRB","SRB",94,"Italy","ITA","ITA",177,"0","0","0","0","0","0","-","0"
1,"7ew8B3",1,2512,1983,164,"Serbia and Kosovo: S/RES/1244 (1999)","SRB","SRB",94,"Italy","ITA","ITA",157,"0","0","0","0","0","0","-","0"
1,"7ew8B3",1,2513,1984,164,"Serbia and Kosovo: S/RES/1244 (1999)","SRB","SRB",94,"Italy","ITA","ITA",91,"0","0","0","0","0","0","-","0"
1,"7ew8B3",1,2514,1985,164,"Serbia and Kosovo: S/RES/1244 (1999)","SRB","SRB",94,"Italy","ITA","ITA",91,"0","0","0","0","0","0","-","0"
1,"7ew8B3",1,2515,1986,164,"Serbia and Kosovo: S/RES/1244 (1999)","SRB","SRB",94,"Italy","ITA","ITA",72,"0","0","0","0","0","0","-","0"
1,"7ew8B3",1,2516,1987,164,"Serbia and Kosovo: S/RES/1244 (1999)","SRB","SRB",94,"Italy","ITA","ITA",42,"0","0","0","0","0","0","-","0"
1,"7ew8B3",1,2517,1988,164,"Serbia and Kosovo: S/RES/1244 (1999)","SRB","SRB",94,"Italy","ITA","ITA",41,"0","0","0","0","0","0","-","0"
1,"7ew8B3",1,2518,1989,164,"Serbia and Kosovo: S/RES/1244 (1999)","SRB","SRB",94,"Italy","ITA","ITA",41,"0","0","0","0","0","0","-","0"
1,"7ew8B3",1,2519,1990,164,"Serbia and Kosovo: S/RES/1244 (1999)","SRB","SRB",94,"Italy","ITA","ITA",34,"0","0","0","0","0","0","-","0"
1,"7ew8B3",1,2520,1991,164,"Serbia and Kosovo: S/RES/1244 (1999)","SRB","SRB",94,"Italy","ITA","ITA",19,"0","0","0","0","0","0","-","0"
1,"7ew8B3",1,2521,1992,164,"Serbia and Kosovo: S/RES/1244 (1999)","SRB","SRB",94,"Italy","ITA","ITA",22,"0","0","0","0","0","0","-","0"
1,"7ew8B3",1,2522,1993,164,"Serbia and Kosovo: S/RES/1244 (1999)","SRB","SRB",94,"Italy","ITA","ITA",43,"0","0","0","0","0","0","-","0"
1,"7ew8B3",1,2523,1994,164,"Serbia and Kosovo: S/RES/1244 (1999)","SRB","SRB",94,"Italy","ITA","ITA",57,"0",24,"0","0","0","0","-","0"
1,"7ew8B3",1,2524,1995,164,"Serbia and Kosovo: S/RES/1244 (1999)","SRB","SRB",94,"Italy","ITA","ITA",27873,"0","0","0","0","0","0","-","0"
1,"7ew8B3",1,2525,1996,164,"Serbia and Kosovo: S/RES/1244 (1999)","SRB","SRB",94,"Italy","ITA","ITA",21864,"0","0","0","0","0","0","-","0"
1,"7ew8B3",1,2526,1997,164,"Serbia and Kosovo: S/RES/1244 (1999)","SRB","SRB",94,"Italy","ITA","ITA",22602,"0","0","0","0","0","0","-","0"
1,"7ew8B3",1,2527,1998,164,"Serbia and Kosovo: S/RES/1244 (1999)","SRB","SRB",94,"Italy","ITA","ITA",173,"0","0","0","0","0","0","-","0"
1,"7ew8B3",1,2528,1999,164,"Serbia and Kosovo: S/RES/1244 (1999)","SRB","SRB",94,"Italy","ITA","ITA",1101,"0",3870,"0","0","0","0","-","0"
1,"7ew8B3",1,2529,2000,164,"Serbia and Kosovo: S/RES/1244 (1999)","SRB","SRB",94,"Italy","ITA","ITA",1101,"0",308,"0","0","0","0","-","0"
1,"7ew8B3",1,2530,2001,164,"Serbia and Kosovo: S/RES/1244 (1999)","SRB","SRB",94,"Italy","ITA","ITA",1942,"0",34,"0","0","0","0","-","0"
1,"7ew8B3",1,2531,2002,164,"Serbia and Kosovo: S/RES/1244 (1999)","SRB","SRB",94,"Italy","ITA","ITA",2227,"0",38,"0","0","0","0","-","0"
1,"7ew8B3",1,2532,2003,164,"Serbia and Kosovo: S/RES/1244 (1999)","SRB","SRB",94,"Italy","ITA","ITA",2230,"0",17,"0","0","0","0","-","0"
1,"7ew8B3",1,2533,2004,164,"Serbia and Kosovo: S/RES/1244 (1999)","SRB","SRB",94,"Italy","ITA","ITA",2302,"0",26,"0","0","0","0","-","0"
1,"7ew8B3",1,2534,2005,164,"Serbia and Kosovo: S/RES/1244 (1999)","SRB","SRB",94,"Italy","ITA","ITA",2475,"0",48,"0","0","0","0","-","0"
1,"7ew8B3",1,2535,2006,164,"Serbia and Kosovo: S/RES/1244 (1999)","SRB","SRB",94,"Italy","ITA","ITA",2721,"0",31,"0","0","0","0","-","0"
1,"7ew8B3",1,2536,2007,164,"Serbia and Kosovo: S/RES/1244 (1999)","SRB","SRB",94,"Italy","ITA","ITA",4304,"0",9,"0","0","0","0","-","0"
1,"7ew8B3",1,2537,2008,164,"Serbia and Kosovo: S/RES/1244 (1999)","SRB","SRB",94,"Italy","ITA","ITA",4244,"0",6,"0","0","0","0","-","0"
1,"7ew8B3",1,2538,2009,164,"Serbia and Kosovo: S/RES/1244 (1999)","SRB","SRB",94,"Italy","ITA","ITA",3530,"0",7,"0","0","0","0","-","0"
1,"7ew8B3",1,2539,2010,164,"Serbia and Kosovo: S/RES/1244 (1999)","SRB","SRB",94,"Italy","ITA","ITA",3565,104,"0","0","0","0","0","-","0"
1,"7ew8B3",1,2540,2011,164,"Serbia and Kosovo: S/RES/1244 (1999)","SRB","SRB",94,"Italy","ITA","ITA",2761,"0","0","0","0","0","0","-","0"
1,"7ew8B3",1,2541,2012,164,"Serbia and Kosovo: S/RES/1244 (1999)","SRB","SRB",94,"Italy","ITA","ITA",2511,282,"0","0","0","0","0","-","0"
1,"7ew8B3",1,2542,2013,164,"Serbia and Kosovo: S/RES/1244 (1999)","SRB","SRB",94,"Italy","ITA","ITA",2673,109,"0","0","0","0","0","-","0"
1,"7ew8B3",1,2543,2014,164,"Serbia and Kosovo: S/RES/1244 (1999)","SRB","SRB",94,"Italy","ITA","ITA",2686,129,"0","0","0","0","0","-","0"
1,"7ew8B3",1,2544,2015,164,"Serbia and Kosovo: S/RES/1244 (1999)","SRB","SRB",94,"Italy","ITA","ITA",2620,415,"0","0","0","0","0","-","0"
1,"7ew8B3",1,2545,2016,164,"Serbia and Kosovo: S/RES/1244 (1999)","SRB","SRB",94,"Italy","ITA","ITA",2885,511,"0","0","0","0","0","-","0"
1,"7ew8B3",1,2546,2017,164,"Serbia and Kosovo: S/RES/1244 (1999)","SRB","SRB",94,"Italy","ITA","ITA",1128,1308,"0","0","0","0","0","-","0"
1,"7ew8B3",1,2547,2018,164,"Serbia and Kosovo: S/RES/1244 (1999)","SRB","SRB",94,"Italy","ITA","ITA",1181,804,"0","0","0","0","0","-","0"
1,"7ew8B3",1,2548,2019,164,"Serbia and Kosovo: S/RES/1244 (1999)","SRB","SRB",94,"Italy","ITA","ITA",1202,97,"0","0","0","0","0","-","0"
1,"7ew8B3",1,2549,2020,164,"Serbia and Kosovo: S/RES/1244 (1999)","SRB","SRB",94,"Italy","ITA","ITA",1253,423,"0","0","0","0","0","-","0"
1,"7ew8B3",1,2550,2021,164,"Serbia and Kosovo: S/RES/1244 (1999)","SRB","SRB",94,"Italy","ITA","ITA",1373,321,"0","0","0","0","0","-","0"
1,"7ew8B3",1,2551,2022,164,"Serbia and Kosovo: S/RES/1244 (1999)","SRB","SRB",94,"Italy","ITA","ITA",1357,363,"0","0","0","0","0","-","0"
1,"7ew8B3",1,2552,2023,164,"Serbia and Kosovo: S/RES/1244 (1999)","SRB","SRB",94,"Italy","ITA","ITA",1217,334,"0","0","0","0","0","-","0"
1,"7ew8B3",1,2553,2024,164,"Serbia and Kosovo: S/RES/1244 (1999)","SRB","SRB",94,"Italy","ITA","ITA",1061,515,"0","0","0","0","0","-","0"
1,"7ew8B3",1,2554,2025,164,"Serbia and Kosovo: S/RES/1244 (1999)","SRB","SRB",94,"Italy","ITA","ITA",972,528,"0","0","0","0","0","-","0"
1,"7ew8B3",1,2555,1988,165,"Senegal","SEN","SEN",94,"Italy","ITA","ITA",5,"0","0","0","0","0","0","-","0"
1,"7ew8B3",1,2556,1989,165,"Senegal","SEN","SEN",94,"Italy","ITA","ITA",6,"0","0","0","0","0","0","-","0"
1,"7ew8B3",1,2557,1990,165,"Senegal","SEN","SEN",94,"Italy","ITA","ITA",6,"0","0","0","0","0","0","-","0"
1,"7ew8B3",1,2558,1991,165,"Senegal","SEN","SEN",94,"Italy","ITA","ITA",6,"0","0","0","0","0","0","-","0"
1,"7ew8B3",1,2559,1992,165,"Senegal","SEN","SEN",94,"Italy","ITA","ITA",6,"0","0","0","0","0","0","-","0"
1,"7ew8B3",1,2560,1993,165,"Senegal","SEN","SEN",94,"Italy","ITA","ITA",6,"0","0","0","0","0","0","-","0"
1,"7ew8B3",1,2561,1994,165,"Senegal","SEN","SEN",94,"Italy","ITA","ITA",6,"0","0","0","0","0","0","-","0"
1,"7ew8B3",1,2562,1995,165,"Senegal","SEN","SEN",94,"Italy","ITA","ITA",6,"0","0","0","0","0","0","-","0"
1,"7ew8B3",1,2563,1996,165,"Senegal","SEN","SEN",94,"Italy","ITA","ITA",6,"0","0","0","0","0","0","-","0"
1,"7ew8B3",1,2564,1997,165,"Senegal","SEN","SEN",94,"Italy","ITA","ITA",6,"0","0","0","0","0","0","-","0"
1,"7ew8B3",1,2565,2005,165,"Senegal","SEN","SEN",94,"Italy","ITA","ITA",5,"0","0","0","0","0","0","-","0"
1,"7ew8B3",1,2566,2006,165,"Senegal","SEN","SEN",94,"Italy","ITA","ITA",5,"0","0","0","0","0","0","-","0"
1,"7ew8B3",1,2567,2007,165,"Senegal","SEN","SEN",94,"Italy","ITA","ITA",36,"0","0","0","0","0","0","-","0"
1,"7ew8B3",1,2568,2008,165,"Senegal","SEN","SEN",94,"Italy","ITA","ITA",64,"0","0","0","0","0","0","-","0"
1,"7ew8B3",1,2569,2009,165,"Senegal","SEN","SEN",94,"Italy","ITA","ITA",109,"0","0","0","0","0","0","-","0"
1,"7ew8B3",1,2570,2010,165,"Senegal","SEN","SEN",94,"Italy","ITA","ITA",129,73,"0","0","0","0","0","-","0"
1,"7ew8B3",1,2571,2011,165,"Senegal","SEN","SEN",94,"Italy","ITA","ITA",192,"0","0","0","0","0","0","-","0"
1,"7ew8B3",1,2572,2012,165,"Senegal","SEN","SEN",94,"Italy","ITA","ITA",320,426,"0","0","0","0","0","-","0"
1,"7ew8B3",1,2573,2013,165,"Senegal","SEN","SEN",94,"Italy","ITA","ITA",606,697,"0","0","0","0","0","-","0"
1,"7ew8B3",1,2574,2014,165,"Senegal","SEN","SEN",94,"Italy","ITA","ITA",1477,3338,"0","0","0","0","0","-","0"
1,"7ew8B3",1,2575,2015,165,"Senegal","SEN","SEN",94,"Italy","ITA","ITA",3037,4132,"0","0","0","0","0","-","0"
1,"7ew8B3",1,2576,2016,165,"Senegal","SEN","SEN",94,"Italy","ITA","ITA",4762,5683,"0","0","0","0","0","-","0"
1,"7ew8B3",1,2577,2017,165,"Senegal","SEN","SEN",94,"Italy","ITA","ITA",6197,11442,"0","0","0","0","0","-","0"
1,"7ew8B3",1,2578,2018,165,"Senegal","SEN","SEN",94,"Italy","ITA","ITA",7644,4984,"0","0","0","0","0","-","0"
1,"7ew8B3",1,2579,2019,165,"Senegal","SEN","SEN",94,"Italy","ITA","ITA",7991,1134,"0","0","0","0","0","-","0"
1,"7ew8B3",1,2580,2020,165,"Senegal","SEN","SEN",94,"Italy","ITA","ITA",4324,796,"0","0","0","0","0","-","0"
1,"7ew8B3",1,2581,2021,165,"Senegal","SEN","SEN",94,"Italy","ITA","ITA",4647,561,"0","0","0","0","0","-","0"
1,"7ew8B3",1,2582,2022,165,"Senegal","SEN","SEN",94,"Italy","ITA","ITA",4601,597,"0","0","0","0","0","-","0"
1,"7ew8B3",1,2583,2023,165,"Senegal","SEN","SEN",94,"Italy","ITA","ITA",2633,943,"0","0","0","0","0","-","0"
1,"7ew8B3",1,2584,2024,165,"Senegal","SEN","SEN",94,"Italy","ITA","ITA",2594,1316,"0","0","0","0","0","-","0"
1,"7ew8B3",1,2585,2025,165,"Senegal","SEN","SEN",94,"Italy","ITA","ITA",2471,1497,"0","0","0","0","0","-","0"
1,"7ew8B3",1,2586,2023,166,"Seychelles","SEY","SYC",94,"Italy","ITA","ITA","0",5,"0","0","0","0","0","-","0"
1,"7ew8B3",1,2587,2024,166,"Seychelles","SEY","SYC",94,"Italy","ITA","ITA","0",10,"0","0","0","0","0","-","0"
1,"7ew8B3",1,2588,2025,166,"Seychelles","SEY","SYC",94,"Italy","ITA","ITA","0",14,"0","0","0","0","0","-","0"
1,"7ew8B3",1,2589,1998,169,"Sierra Leone","SLE","SLE",94,"Italy","ITA","ITA",11,"0","0","0","0","0","0","-","0"
1,"7ew8B3",1,2590,1999,169,"Sierra Leone","SLE","SLE",94,"Italy","ITA","ITA",15,"0","0","0","0","0","0","-","0"
1,"7ew8B3",1,2591,2000,169,"Sierra Leone","SLE","SLE",94,"Italy","ITA","ITA",29,"0","0","0","0","0","0","-","0"
1,"7ew8B3",1,2592,2001,169,"Sierra Leone","SLE","SLE",94,"Italy","ITA","ITA",97,"0","0","0","0","0","0","-","0"
1,"7ew8B3",1,2593,2002,169,"Sierra Leone","SLE","SLE",94,"Italy","ITA","ITA",150,"0","0","0","0","0","0","-","0"
1,"7ew8B3",1,2594,2003,169,"Sierra Leone","SLE","SLE",94,"Italy","ITA","ITA",168,"0","0","0","0","0","0","-","0"
1,"7ew8B3",1,2595,2004,169,"Sierra Leone","SLE","SLE",94,"Italy","ITA","ITA",209,"0","0","0","0","0","0","-","0"
1,"7ew8B3",1,2596,2005,169,"Sierra Leone","SLE","SLE",94,"Italy","ITA","ITA",250,"0","0","0","0","0","0","-","0"
1,"7ew8B3",1,2597,2006,169,"Sierra Leone","SLE","SLE",94,"Italy","ITA","ITA",283,"0","0","0","0","0","0","-","0"
1,"7ew8B3",1,2598,2007,169,"Sierra Leone","SLE","SLE",94,"Italy","ITA","ITA",349,"0","0","0","0","0","0","-","0"
1,"7ew8B3",1,2599,2008,169,"Sierra Leone","SLE","SLE",94,"Italy","ITA","ITA",355,"0","0","0","0","0","0","-","0"
1,"7ew8B3",1,2600,2009,169,"Sierra Leone","SLE","SLE",94,"Italy","ITA","ITA",374,"0","0","0","0","0","0","-","0"
1,"7ew8B3",1,2601,2010,169,"Sierra Leone","SLE","SLE",94,"Italy","ITA","ITA",368,7,"0","0","0","0","0","-","0"
1,"7ew8B3",1,2602,2011,169,"Sierra Leone","SLE","SLE",94,"Italy","ITA","ITA",320,"0","0","0","0","0","0","-","0"
1,"7ew8B3",1,2603,2012,169,"Sierra Leone","SLE","SLE",94,"Italy","ITA","ITA",292,14,"0","0","0","0","0","-","0"
1,"7ew8B3",1,2604,2013,169,"Sierra Leone","SLE","SLE",94,"Italy","ITA","ITA",304,30,"0","0","0","0","0","-","0"
1,"7ew8B3",1,2605,2014,169,"Sierra Leone","SLE","SLE",94,"Italy","ITA","ITA",327,136,"0","0","0","0","0","-","0"
1,"7ew8B3",1,2606,2015,169,"Sierra Leone","SLE","SLE",94,"Italy","ITA","ITA",403,137,"0","0","0","0","0","-","0"
1,"7ew8B3",1,2607,2016,169,"Sierra Leone","SLE","SLE",94,"Italy","ITA","ITA",458,493,"0","0","0","0","0","-","0"
1,"7ew8B3",1,2608,2017,169,"Sierra Leone","SLE","SLE",94,"Italy","ITA","ITA",539,1699,"0","0","0","0","0","-","0"
1,"7ew8B3",1,2609,2018,169,"Sierra Leone","SLE","SLE",94,"Italy","ITA","ITA",717,651,"0","0","0","0","0","-","0"
1,"7ew8B3",1,2610,2019,169,"Sierra Leone","SLE","SLE",94,"Italy","ITA","ITA",795,120,"0","0","0","0","0","-","0"
1,"7ew8B3",1,2611,2020,169,"Sierra Leone","SLE","SLE",94,"Italy","ITA","ITA",434,128,"0","0","0","0","0","-","0"
1,"7ew8B3",1,2612,2021,169,"Sierra Leone","SLE","SLE",94,"Italy","ITA","ITA",438,100,"0","0","0","0","0","-","0"
1,"7ew8B3",1,2613,2022,169,"Sierra Leone","SLE","SLE",94,"Italy","ITA","ITA",422,176,"0","0","0","0","0","-","0"
1,"7ew8B3",1,2614,2023,169,"Sierra Leone","SLE","SLE",94,"Italy","ITA","ITA",378,449,"0","0","0","0","0","-","0"
1,"7ew8B3",1,2615,2024,169,"Sierra Leone","SLE","SLE",94,"Italy","ITA","ITA",371,470,"0","0","0","0","0","-","0"
1,"7ew8B3",1,2616,2025,169,"Sierra Leone","SLE","SLE",94,"Italy","ITA","ITA",382,431,"0","0","0","0","0","-","0"
1,"7ew8B3",1,2617,1980,172,"Somalia","SOM","SOM",94,"Italy","ITA","ITA",34,"0","0","0","0","0","0","-","0"
1,"7ew8B3",1,2618,1981,172,"Somalia","SOM","SOM",94,"Italy","ITA","ITA",34,"0","0","0","0","0","0","-","0"
1,"7ew8B3",1,2619,1982,172,"Somalia","SOM","SOM",94,"Italy","ITA","ITA",38,"0","0","0","0","0","0","-","0"
1,"7ew8B3",1,2620,1983,172,"Somalia","SOM","SOM",94,"Italy","ITA","ITA",39,"0","0","0","0","0","0","-","0"
1,"7ew8B3",1,2621,1984,172,"Somalia","SOM","SOM",94,"Italy","ITA","ITA",39,"0","0","0","0","0","0","-","0"
1,"7ew8B3",1,2622,1985,172,"Somalia","SOM","SOM",94,"Italy","ITA","ITA",40,"0","0","0","0","0","0","-","0"
1,"7ew8B3",1,2623,1986,172,"Somalia","SOM","SOM",94,"Italy","ITA","ITA",32,"0","0","0","0","0","0","-","0"
1,"7ew8B3",1,2624,1987,172,"Somalia","SOM","SOM",94,"Italy","ITA","ITA",22,"0","0","0","0","0","0","-","0"
1,"7ew8B3",1,2625,1988,172,"Somalia","SOM","SOM",94,"Italy","ITA","ITA",64,"0","0","0","0","0","0","-","0"
1,"7ew8B3",1,2626,1989,172,"Somalia","SOM","SOM",94,"Italy","ITA","ITA",544,"0","0","0","0","0","0","-","0"
1,"7ew8B3",1,2627,1990,172,"Somalia","SOM","SOM",94,"Italy","ITA","ITA",583,"0","0","0","0","0","0","-","0"
1,"7ew8B3",1,2628,1991,172,"Somalia","SOM","SOM",94,"Italy","ITA","ITA",660,"0","0","0","0","0","0","-","0"
1,"7ew8B3",1,2629,1992,172,"Somalia","SOM","SOM",94,"Italy","ITA","ITA",716,"0","0","0","0","0","0","-","0"
1,"7ew8B3",1,2630,1993,172,"Somalia","SOM","SOM",94,"Italy","ITA","ITA",10718,"0","0","0","0","0","0","-","0"
1,"7ew8B3",1,2631,1994,172,"Somalia","SOM","SOM",94,"Italy","ITA","ITA",10720,"0",7,"0","0","0","0","-","0"
1,"7ew8B3",1,2632,1995,172,"Somalia","SOM","SOM",94,"Italy","ITA","ITA",10000,"0","0","0","0","0","0","-","0"
1,"7ew8B3",1,2633,1996,172,"Somalia","SOM","SOM",94,"Italy","ITA","ITA",10000,"0","0","0","0","0","0","-","0"
1,"7ew8B3",1,2634,1997,172,"Somalia","SOM","SOM",94,"Italy","ITA","ITA",10720,"0","0","0","0","0","0","-","0"
1,"7ew8B3",1,2635,1998,172,"Somalia","SOM","SOM",94,"Italy","ITA","ITA",680,"0","0","0","0","0","0","-","0"
1,"7ew8B3",1,2636,1999,172,"Somalia","SOM","SOM",94,"Italy","ITA","ITA",195,"0","0","0","0","0","0","-","0"
1,"7ew8B3",1,2637,2000,172,"Somalia","SOM","SOM",94,"Italy","ITA","ITA",160,"0","0","0","0","0","0","-","0"
1,"7ew8B3",1,2638,2001,172,"Somalia","SOM","SOM",94,"Italy","ITA","ITA",115,"0","0","0","0","0","0","-","0"
1,"7ew8B3",1,2639,2002,172,"Somalia","SOM","SOM",94,"Italy","ITA","ITA",74,"0","0","0","0","0","0","-","0"
1,"7ew8B3",1,2640,2003,172,"Somalia","SOM","SOM",94,"Italy","ITA","ITA",94,"0","0","0","0","0","0","-","0"
1,"7ew8B3",1,2641,2004,172,"Somalia","SOM","SOM",94,"Italy","ITA","ITA",598,"0","0","0","0","0","0","-","0"
1,"7ew8B3",1,2642,2005,172,"Somalia","SOM","SOM",94,"Italy","ITA","ITA",814,"0","0","0","0","0","0","-","0"
1,"7ew8B3",1,2643,2006,172,"Somalia","SOM","SOM",94,"Italy","ITA","ITA",948,"0","0","0","0","0","0","-","0"
1,"7ew8B3",1,2644,2007,172,"Somalia","SOM","SOM",94,"Italy","ITA","ITA",1701,"0","0","0","0","0","0","-","0"
1,"7ew8B3",1,2645,2008,172,"Somalia","SOM","SOM",94,"Italy","ITA","ITA",5251,"0","0","0","0","0","0","-","0"
1,"7ew8B3",1,2646,2009,172,"Somalia","SOM","SOM",94,"Italy","ITA","ITA",7747,"0","0","0","0","0","0","-","0"
1,"7ew8B3",1,2647,2010,172,"Somalia","SOM","SOM",94,"Italy","ITA","ITA",7865,59,"0","0","0","0","0","-","0"
1,"7ew8B3",1,2648,2011,172,"Somalia","SOM","SOM",94,"Italy","ITA","ITA",8497,"0","0","0","0","0","0","-","0"
1,"7ew8B3",1,2649,2012,172,"Somalia","SOM","SOM",94,"Italy","ITA","ITA",9284,494,"0","0","0","0","0","-","0"
1,"7ew8B3",1,2650,2013,172,"Somalia","SOM","SOM",94,"Italy","ITA","ITA",10846,1353,"0","0","0","0","0","-","0"
1,"7ew8B3",1,2651,2014,172,"Somalia","SOM","SOM",94,"Italy","ITA","ITA",12213,431,"0","0","0","0","0","-","0"
1,"7ew8B3",1,2652,2015,172,"Somalia","SOM","SOM",94,"Italy","ITA","ITA",13068,416,"0","0","0","0","0","-","0"
1,"7ew8B3",1,2653,2016,172,"Somalia","SOM","SOM",94,"Italy","ITA","ITA",14336,1501,"0","0","0","0","0","-","0"
1,"7ew8B3",1,2654,2017,172,"Somalia","SOM","SOM",94,"Italy","ITA","ITA",15641,1258,"0","0","0","0","0","-","0"
1,"7ew8B3",1,2655,2018,172,"Somalia","SOM","SOM",94,"Italy","ITA","ITA",13373,830,"0","0","0","0","0","-","0"
1,"7ew8B3",1,2656,2019,172,"Somalia","SOM","SOM",94,"Italy","ITA","ITA",14029,444,"0","0","0","0","0","-","0"
1,"7ew8B3",1,2657,2020,172,"Somalia","SOM","SOM",94,"Italy","ITA","ITA",7704,930,"0","0","0","0","0","-","0"
1,"7ew8B3",1,2658,2021,172,"Somalia","SOM","SOM",94,"Italy","ITA","ITA",8151,973,"0","0","0","0","0","-","0"
1,"7ew8B3",1,2659,2022,172,"Somalia","SOM","SOM",94,"Italy","ITA","ITA",8517,961,"0","0","0","0","0","-","0"
1,"7ew8B3",1,2660,2023,172,"Somalia","SOM","SOM",94,"Italy","ITA","ITA",7978,831,"0","0","0","0","0","-","0"
1,"7ew8B3",1,2661,2024,172,"Somalia","SOM","SOM",94,"Italy","ITA","ITA",7608,743,"0","0","0","0","0","-","0"
1,"7ew8B3",1,2662,2025,172,"Somalia","SOM","SOM",94,"Italy","ITA","ITA",6894,720,"0","0","0","0","0","-","0"
1,"7ew8B3",1,2663,1980,173,"Spain","SPA","ESP",94,"Italy","ITA","ITA",5,"0","0","0","0","0","0","-","0"
1,"7ew8B3",1,2664,1981,173,"Spain","SPA","ESP",94,"Italy","ITA","ITA",5,"0","0","0","0","0","0","-","0"
1,"7ew8B3",1,2665,1980,174,"Viet Nam","SRV","VNM",94,"Italy","ITA","ITA",2418,"0","0","0","0","0","0","-","0"
1,"7ew8B3",1,2666,1981,174,"Viet Nam","SRV","VNM",94,"Italy","ITA","ITA",2468,"0","0","0","0","0","0","-","0"
1,"7ew8B3",1,2667,1982,174,"Viet Nam","SRV","VNM",94,"Italy","ITA","ITA",2573,"0","0","0","0","0","0","-","0"
1,"7ew8B3",1,2668,1983,174,"Viet Nam","SRV","VNM",94,"Italy","ITA","ITA",2759,"0","0","0","0","0","0","-","0"
1,"7ew8B3",1,2669,1984,174,"Viet Nam","SRV","VNM",94,"Italy","ITA","ITA",2928,"0","0","0","0","0","0","-","0"
1,"7ew8B3",1,2670,1985,174,"Viet Nam","SRV","VNM",94,"Italy","ITA","ITA",2980,"0","0","0","0","0","0","-","0"
1,"7ew8B3",1,2671,1986,174,"Viet Nam","SRV","VNM",94,"Italy","ITA","ITA",3072,"0","0","0","0","0","0","-","0"
1,"7ew8B3",1,2672,1987,174,"Viet Nam","SRV","VNM",94,"Italy","ITA","ITA",3106,"0","0","0","0","0","0","-","0"
1,"7ew8B3",1,2673,1988,174,"Viet Nam","SRV","VNM",94,"Italy","ITA","ITA",3113,"0","0","0","0","0","0","-","0"
1,"7ew8B3",1,2674,1989,174,"Viet Nam","SRV","VNM",94,"Italy","ITA","ITA",1327,"0","0","0","0","0","0","-","0"
1,"7ew8B3",1,2675,1990,174,"Viet Nam","SRV","VNM",94,"Italy","ITA","ITA",760,"0","0","0","0","0","0","-","0"
1,"7ew8B3",1,2676,1991,174,"Viet Nam","SRV","VNM",94,"Italy","ITA","ITA",710,"0","0","0","0","0","0","-","0"
1,"7ew8B3",1,2677,1992,174,"Viet Nam","SRV","VNM",94,"Italy","ITA","ITA",607,"0","0","0","0","0","0","-","0"
1,"7ew8B3",1,2678,1993,174,"Viet Nam","SRV","VNM",94,"Italy","ITA","ITA",423,"0","0","0","0","0","0","-","0"
1,"7ew8B3",1,2679,1994,174,"Viet Nam","SRV","VNM",94,"Italy","ITA","ITA",254,"0","0","0","0","0","0","-","0"
1,"7ew8B3",1,2680,1995,174,"Viet Nam","SRV","VNM",94,"Italy","ITA","ITA",202,"0","0","0","0","0","0","-","0"
1,"7ew8B3",1,2681,1996,174,"Viet Nam","SRV","VNM",94,"Italy","ITA","ITA",110,"0","0","0","0","0","0","-","0"
1,"7ew8B3",1,2682,1997,174,"Viet Nam","SRV","VNM",94,"Italy","ITA","ITA",78,"0","0","0","0","0","0","-","0"
1,"7ew8B3",1,2683,1998,174,"Viet Nam","SRV","VNM",94,"Italy","ITA","ITA",67,"0","0","0","0","0","0","-","0"
1,"7ew8B3",1,2684,1999,174,"Viet Nam","SRV","VNM",94,"Italy","ITA","ITA",15,"0","0","0","0","0","0","-","0"
1,"7ew8B3",1,2685,2000,174,"Viet Nam","SRV","VNM",94,"Italy","ITA","ITA",12,"0","0","0","0","0","0","-","0"
1,"7ew8B3",1,2686,2001,174,"Viet Nam","SRV","VNM",94,"Italy","ITA","ITA",12,"0","0","0","0","0","0","-","0"
1,"7ew8B3",1,2687,2002,174,"Viet Nam","SRV","VNM",94,"Italy","ITA","ITA",10,"0","0","0","0","0","0","-","0"
1,"7ew8B3",1,2688,2003,174,"Viet Nam","SRV","VNM",94,"Italy","ITA","ITA",8,"0","0","0","0","0","0","-","0"
1,"7ew8B3",1,2689,2004,174,"Viet Nam","SRV","VNM",94,"Italy","ITA","ITA",9,"0","0","0","0","0","0","-","0"
1,"7ew8B3",1,2690,2005,174,"Viet Nam","SRV","VNM",94,"Italy","ITA","ITA",9,"0","0","0","0","0","0","-","0"
1,"7ew8B3",1,2691,2006,174,"Viet Nam","SRV","VNM",94,"Italy","ITA","ITA",9,"0","0","0","0","0","0","-","0"
1,"7ew8B3",1,2692,2007,174,"Viet Nam","SRV","VNM",94,"Italy","ITA","ITA",14,"0","0","0","0","0","0","-","0"
1,"7ew8B3",1,2693,2008,174,"Viet Nam","SRV","VNM",94,"Italy","ITA","ITA",14,"0","0","0","0","0","0","-","0"
1,"7ew8B3",1,2694,2009,174,"Viet Nam","SRV","VNM",94,"Italy","ITA","ITA",15,"0","0","0","0","0","0","-","0"
1,"7ew8B3",1,2695,2010,174,"Viet Nam","SRV","VNM",94,"Italy","ITA","ITA",9,"0","0","0","0","0","0","-","0"
1,"7ew8B3",1,2696,2011,174,"Viet Nam","SRV","VNM",94,"Italy","ITA","ITA",9,"0","0","0","0","0","0","-","0"
1,"7ew8B3",1,2697,2012,174,"Viet Nam","SRV","VNM",94,"Italy","ITA","ITA",9,"0","0","0","0","0","0","-","0"
1,"7ew8B3",1,2698,2013,174,"Viet Nam","SRV","VNM",94,"Italy","ITA","ITA",9,"0","0","0","0","0","0","-","0"
1,"7ew8B3",1,2699,2014,174,"Viet Nam","SRV","VNM",94,"Italy","ITA","ITA",8,"0","0","0","0","0","0","-","0"
1,"7ew8B3",1,2700,2015,174,"Viet Nam","SRV","VNM",94,"Italy","ITA","ITA",8,"0","0","0","0","0","0","-","0"
1,"7ew8B3",1,2701,2016,174,"Viet Nam","SRV","VNM",94,"Italy","ITA","ITA",9,7,"0","0","0","0","0","-","0"
1,"7ew8B3",1,2702,2017,174,"Viet Nam","SRV","VNM",94,"Italy","ITA","ITA",7,"0","0","0","0","0","0","-","0"
1,"7ew8B3",1,2703,2018,174,"Viet Nam","SRV","VNM",94,"Italy","ITA","ITA",8,5,"0","0","0","0","0","-","0"
1,"7ew8B3",1,2704,2019,174,"Viet Nam","SRV","VNM",94,"Italy","ITA","ITA",9,5,"0","0","0","0","0","-","0"
1,"7ew8B3",1,2705,2020,174,"Viet Nam","SRV","VNM",94,"Italy","ITA","ITA","0",5,"0","0","0","0","0","-","0"
1,"7ew8B3",1,2706,2022,174,"Viet Nam","SRV","VNM",94,"Italy","ITA","ITA",6,"0","0","0","0","0","0","-","0"
1,"7ew8B3",1,2707,2023,174,"Viet Nam","SRV","VNM",94,"Italy","ITA","ITA",61,"0","0","0","0","0","0","-","0"
1,"7ew8B3",1,2708,2024,174,"Viet Nam","SRV","VNM",94,"Italy","ITA","ITA",56,12,"0","0","0","0","0","-","0"
1,"7ew8B3",1,2709,2025,174,"Viet Nam","SRV","VNM",94,"Italy","ITA","ITA",48,19,"0","0","0","0","0","-","0"
1,"7ew8B3",1,2710,1985,177,"Sudan","SUD","SDN",94,"Italy","ITA","ITA",5,"0","0","0","0","0","0","-","0"
1,"7ew8B3",1,2711,1986,177,"Sudan","SUD","SDN",94,"Italy","ITA","ITA",9,"0","0","0","0","0","0","-","0"
1,"7ew8B3",1,2712,1987,177,"Sudan","SUD","SDN",94,"Italy","ITA","ITA",16,"0","0","0","0","0","0","-","0"
1,"7ew8B3",1,2713,1988,177,"Sudan","SUD","SDN",94,"Italy","ITA","ITA",37,"0","0","0","0","0","0","-","0"
1,"7ew8B3",1,2714,1989,177,"Sudan","SUD","SDN",94,"Italy","ITA","ITA",59,"0","0","0","0","0","0","-","0"
1,"7ew8B3",1,2715,1990,177,"Sudan","SUD","SDN",94,"Italy","ITA","ITA",64,"0","0","0","0","0","0","-","0"
1,"7ew8B3",1,2716,1991,177,"Sudan","SUD","SDN",94,"Italy","ITA","ITA",66,"0","0","0","0","0","0","-","0"
1,"7ew8B3",1,2717,1992,177,"Sudan","SUD","SDN",94,"Italy","ITA","ITA",70,"0","0","0","0","0","0","-","0"
1,"7ew8B3",1,2718,1993,177,"Sudan","SUD","SDN",94,"Italy","ITA","ITA",87,"0","0","0","0","0","0","-","0"
1,"7ew8B3",1,2719,1994,177,"Sudan","SUD","SDN",94,"Italy","ITA","ITA",131,"0","0","0","0","0","0","-","0"
1,"7ew8B3",1,2720,1995,177,"Sudan","SUD","SDN",94,"Italy","ITA","ITA",150,"0","0","0","0","0","0","-","0"
1,"7ew8B3",1,2721,1996,177,"Sudan","SUD","SDN",94,"Italy","ITA","ITA",151,"0","0","0","0","0","0","-","0"
1,"7ew8B3",1,2722,1997,177,"Sudan","SUD","SDN",94,"Italy","ITA","ITA",162,"0","0","0","0","0","0","-","0"
1,"7ew8B3",1,2723,1998,177,"Sudan","SUD","SDN",94,"Italy","ITA","ITA",155,"0","0","0","0","0","0","-","0"
1,"7ew8B3",1,2724,1999,177,"Sudan","SUD","SDN",94,"Italy","ITA","ITA",138,"0","0","0","0","0","0","-","0"
1,"7ew8B3",1,2725,2000,177,"Sudan","SUD","SDN",94,"Italy","ITA","ITA",164,"0","0","0","0","0","0","-","0"
1,"7ew8B3",1,2726,2001,177,"Sudan","SUD","SDN",94,"Italy","ITA","ITA",190,"0","0","0","0","0","0","-","0"
1,"7ew8B3",1,2727,2002,177,"Sudan","SUD","SDN",94,"Italy","ITA","ITA",239,"0","0","0","0","0","0","-","0"
1,"7ew8B3",1,2728,2003,177,"Sudan","SUD","SDN",94,"Italy","ITA","ITA",266,"0","0","0","0","0","0","-","0"
1,"7ew8B3",1,2729,2004,177,"Sudan","SUD","SDN",94,"Italy","ITA","ITA",440,"0","0","0","0","0","0","-","0"
1,"7ew8B3",1,2730,2005,177,"Sudan","SUD","SDN",94,"Italy","ITA","ITA",957,"0","0","0","0","0","0","-","0"
1,"7ew8B3",1,2731,2006,177,"Sudan","SUD","SDN",94,"Italy","ITA","ITA",1277,"0","0","0","0","0","0","-","0"
1,"7ew8B3",1,2732,2007,177,"Sudan","SUD","SDN",94,"Italy","ITA","ITA",1788,"0","0","0","0","0","0","-","0"
1,"7ew8B3",1,2733,2008,177,"Sudan","SUD","SDN",94,"Italy","ITA","ITA",2041,"0","0","0","0","0","0","-","0"
1,"7ew8B3",1,2734,2009,177,"Sudan","SUD","SDN",94,"Italy","ITA","ITA",2159,"0","0","0","0","0","0","-","0"
1,"7ew8B3",1,2735,2010,177,"Sudan","SUD","SDN",94,"Italy","ITA","ITA",2145,19,"0","0","0","0","0","-","0"
1,"7ew8B3",1,2736,2011,177,"Sudan","SUD","SDN",94,"Italy","ITA","ITA",2324,"0","0","0","0","0","0","-","0"
1,"7ew8B3",1,2737,2012,177,"Sudan","SUD","SDN",94,"Italy","ITA","ITA",2548,133,"0","0","0","0","0","-","0"
1,"7ew8B3",1,2738,2013,177,"Sudan","SUD","SDN",94,"Italy","ITA","ITA",2574,110,"0","0","0","0","0","-","0"
1,"7ew8B3",1,2739,2014,177,"Sudan","SUD","SDN",94,"Italy","ITA","ITA",2530,153,"0","0","0","0","0","-","0"
1,"7ew8B3",1,2740,2015,177,"Sudan","SUD","SDN",94,"Italy","ITA","ITA",2161,108,"0","0","0","0","0","-","0"
1,"7ew8B3",1,2741,2016,177,"Sudan","SUD","SDN",94,"Italy","ITA","ITA",2003,344,"0","0","0","0","0","-","0"
1,"7ew8B3",1,2742,2017,177,"Sudan","SUD","SDN",94,"Italy","ITA","ITA",1665,546,"0","0","0","0","0","-","0"
1,"7ew8B3",1,2743,2018,177,"Sudan","SUD","SDN",94,"Italy","ITA","ITA",1579,492,"0","0","0","0","0","-","0"
1,"7ew8B3",1,2744,2019,177,"Sudan","SUD","SDN",94,"Italy","ITA","ITA",1718,513,"0","0","0","0","0","-","0"
1,"7ew8B3",1,2745,2020,177,"Sudan","SUD","SDN",94,"Italy","ITA","ITA",1298,407,"0","0","0","0","0","-","0"
1,"7ew8B3",1,2746,2021,177,"Sudan","SUD","SDN",94,"Italy","ITA","ITA",1211,340,"0","0","0","0","0","-","0"
1,"7ew8B3",1,2747,2022,177,"Sudan","SUD","SDN",94,"Italy","ITA","ITA",1095,485,"0","0","0","0","0","-","0"
1,"7ew8B3",1,2748,2023,177,"Sudan","SUD","SDN",94,"Italy","ITA","ITA",1524,543,"0","0","0","0","0","-","0"
1,"7ew8B3",1,2749,2024,177,"Sudan","SUD","SDN",94,"Italy","ITA","ITA",1555,553,"0","0","0","0","0","-","0"
1,"7ew8B3",1,2750,2025,177,"Sudan","SUD","SDN",94,"Italy","ITA","ITA",1419,512,"0","0","0","0","0","-","0"
1,"7ew8B3",1,2751,2012,179,"South Sudan","SSD","SSD",94,"Italy","ITA","ITA",55,"0","0","0","0","0","0","-","0"
1,"7ew8B3",1,2752,2013,179,"South Sudan","SSD","SSD",94,"Italy","ITA","ITA",55,"0","0","0","0","0","0","-","0"
1,"7ew8B3",1,2753,2014,179,"South Sudan","SSD","SSD",94,"Italy","ITA","ITA",57,"0","0","0","0","0","0","-","0"
1,"7ew8B3",1,2754,2015,179,"South Sudan","SSD","SSD",94,"Italy","ITA","ITA",60,"0","0","0","0","0","0","-","0"
1,"7ew8B3",1,2755,2016,179,"South Sudan","SSD","SSD",94,"Italy","ITA","ITA",61,5,"0","0","0","0","0","-","0"
1,"7ew8B3",1,2756,2017,179,"South Sudan","SSD","SSD",94,"Italy","ITA","ITA",61,41,"0","0","0","0","0","-","0"
1,"7ew8B3",1,2757,2018,179,"South Sudan","SSD","SSD",94,"Italy","ITA","ITA",127,27,"0","0","0","0","0","-","0"
1,"7ew8B3",1,2758,2019,179,"South Sudan","SSD","SSD",94,"Italy","ITA","ITA",140,13,"0","0","0","0","0","-","0"
1,"7ew8B3",1,2759,2020,179,"South Sudan","SSD","SSD",94,"Italy","ITA","ITA","0",10,"0","0","0","0","0","-","0"
1,"7ew8B3",1,2760,2021,179,"South Sudan","SSD","SSD",94,"Italy","ITA","ITA","0",15,"0","0","0","0","0","-","0"
1,"7ew8B3",1,2761,2022,179,"South Sudan","SSD","SSD",94,"Italy","ITA","ITA","0",65,"0","0","0","0","0","-","0"
1,"7ew8B3",1,2762,2023,179,"South Sudan","SSD","SSD",94,"Italy","ITA","ITA",120,107,"0","0","0","0","0","-","0"
1,"7ew8B3",1,2763,2024,179,"South Sudan","SSD","SSD",94,"Italy","ITA","ITA",135,84,"0","0","0","0","0","-","0"
1,"7ew8B3",1,2764,2025,179,"South Sudan","SSD","SSD",94,"Italy","ITA","ITA",112,82,"0","0","0","0","0","-","0"
1,"7ew8B3",1,2765,1996,181,"Slovenia","SVN","SVN",94,"Italy","ITA","ITA",130,"0","0","0","0","0","0","-","0"
1,"7ew8B3",1,2766,1997,181,"Slovenia","SVN","SVN",94,"Italy","ITA","ITA",134,"0","0","0","0","0","0","-","0"
1,"7ew8B3",1,2767,2014,182,"Eswatini","SWA","SWZ",94,"Italy","ITA","ITA","0",5,"0","0","0","0","0","-","0"
1,"7ew8B3",1,2768,2015,182,"Eswatini","SWA","SWZ",94,"Italy","ITA","ITA",8,"0","0","0","0","0","0","-","0"
1,"7ew8B3",1,2769,2016,182,"Eswatini","SWA","SWZ",94,"Italy","ITA","ITA",8,"0","0","0","0","0","0","-","0"
1,"7ew8B3",1,2770,2017,182,"Eswatini","SWA","SWZ",94,"Italy","ITA","ITA",8,"0","0","0","0","0","0","-","0"
1,"7ew8B3",1,2771,2018,182,"Eswatini","SWA","SWZ",94,"Italy","ITA","ITA",9,"0","0","0","0","0","0","-","0"
1,"7ew8B3",1,2772,2019,182,"Eswatini","SWA","SWZ",94,"Italy","ITA","ITA",10,"0","0","0","0","0","0","-","0"
1,"7ew8B3",1,2773,2023,182,"Eswatini","SWA","SWZ",94,"Italy","ITA","ITA",5,"0","0","0","0","0","0","-","0"
1,"7ew8B3",1,2774,2024,182,"Eswatini","SWA","SWZ",94,"Italy","ITA","ITA",5,"0","0","0","0","0","0","-","0"
1,"7ew8B3",1,2775,2025,182,"Eswatini","SWA","SWZ",94,"Italy","ITA","ITA",5,"0","0","0","0","0","0","-","0"
1,"7ew8B3",1,2776,2019,184,"Switzerland","SWI","CHE",94,"Italy","ITA","ITA","0",5,"0","0","0","0","0","-","0"
1,"7ew8B3",1,2777,1981,185,"Syrian Arab Rep.","SYR","SYR",94,"Italy","ITA","ITA",5,"0","0","0","0","0","0","-","0"
1,"7ew8B3",1,2778,1982,185,"Syrian Arab Rep.","SYR","SYR",94,"Italy","ITA","ITA",5,"0","0","0","0","0","0","-","0"
1,"7ew8B3",1,2779,1983,185,"Syrian Arab Rep.","SYR","SYR",94,"Italy","ITA","ITA",6,"0","0","0","0","0","0","-","0"
1,"7ew8B3",1,2780,1984,185,"Syrian Arab Rep.","SYR","SYR",94,"Italy","ITA","ITA",9,"0","0","0","0","0","0","-","0"
1,"7ew8B3",1,2781,1985,185,"Syrian Arab Rep.","SYR","SYR",94,"Italy","ITA","ITA",9,"0","0","0","0","0","0","-","0"
1,"7ew8B3",1,2782,1986,185,"Syrian Arab Rep.","SYR","SYR",94,"Italy","ITA","ITA",14,"0","0","0","0","0","0","-","0"
1,"7ew8B3",1,2783,1987,185,"Syrian Arab Rep.","SYR","SYR",94,"Italy","ITA","ITA",20,"0","0","0","0","0","0","-","0"
1,"7ew8B3",1,2784,1988,185,"Syrian Arab Rep.","SYR","SYR",94,"Italy","ITA","ITA",27,"0","0","0","0","0","0","-","0"
1,"7ew8B3",1,2785,1989,185,"Syrian Arab Rep.","SYR","SYR",94,"Italy","ITA","ITA",34,"0","0","0","0","0","0","-","0"
1,"7ew8B3",1,2786,1990,185,"Syrian Arab Rep.","SYR","SYR",94,"Italy","ITA","ITA",32,"0","0","0","0","0","0","-","0"
1,"7ew8B3",1,2787,1991,185,"Syrian Arab Rep.","SYR","SYR",94,"Italy","ITA","ITA",32,"0","0","0","0","0","0","-","0"
1,"7ew8B3",1,2788,1992,185,"Syrian Arab Rep.","SYR","SYR",94,"Italy","ITA","ITA",36,"0","0","0","0","0","0","-","0"
1,"7ew8B3",1,2789,1993,185,"Syrian Arab Rep.","SYR","SYR",94,"Italy","ITA","ITA",35,"0","0","0","0","0","0","-","0"
1,"7ew8B3",1,2790,1994,185,"Syrian Arab Rep.","SYR","SYR",94,"Italy","ITA","ITA",35,"0","0","0","0","0","0","-","0"
1,"7ew8B3",1,2791,1995,185,"Syrian Arab Rep.","SYR","SYR",94,"Italy","ITA","ITA",41,"0","0","0","0","0","0","-","0"
1,"7ew8B3",1,2792,1996,185,"Syrian Arab Rep.","SYR","SYR",94,"Italy","ITA","ITA",36,"0","0","0","0","0","0","-","0"
1,"7ew8B3",1,2793,1997,185,"Syrian Arab Rep.","SYR","SYR",94,"Italy","ITA","ITA",34,"0","0","0","0","0","0","-","0"
1,"7ew8B3",1,2794,1998,185,"Syrian Arab Rep.","SYR","SYR",94,"Italy","ITA","ITA",28,"0","0","0","0","0","0","-","0"
1,"7ew8B3",1,2795,1999,185,"Syrian Arab Rep.","SYR","SYR",94,"Italy","ITA","ITA",21,"0","0","0","0","0","0","-","0"
1,"7ew8B3",1,2796,2000,185,"Syrian Arab Rep.","SYR","SYR",94,"Italy","ITA","ITA",24,"0","0","0","0","0","0","-","0"
1,"7ew8B3",1,2797,2001,185,"Syrian Arab Rep.","SYR","SYR",94,"Italy","ITA","ITA",22,"0","0","0","0","0","0","-","0"
1,"7ew8B3",1,2798,2002,185,"Syrian Arab Rep.","SYR","SYR",94,"Italy","ITA","ITA",36,"0","0","0","0","0","0","-","0"
1,"7ew8B3",1,2799,2003,185,"Syrian Arab Rep.","SYR","SYR",94,"Italy","ITA","ITA",35,"0","0","0","0","0","0","-","0"
1,"7ew8B3",1,2800,2004,185,"Syrian Arab Rep.","SYR","SYR",94,"Italy","ITA","ITA",41,"0","0","0","0","0","0","-","0"
1,"7ew8B3",1,2801,2005,185,"Syrian Arab Rep.","SYR","SYR",94,"Italy","ITA","ITA",47,"0","0","0","0","0","0","-","0"
1,"7ew8B3",1,2802,2006,185,"Syrian Arab Rep.","SYR","SYR",94,"Italy","ITA","ITA",62,"0","0","0","0","0","0","-","0"
1,"7ew8B3",1,2803,2007,185,"Syrian Arab Rep.","SYR","SYR",94,"Italy","ITA","ITA",84,"0","0","0","0","0","0","-","0"
1,"7ew8B3",1,2804,2008,185,"Syrian Arab Rep.","SYR","SYR",94,"Italy","ITA","ITA",110,"0","0","0","0","0","0","-","0"
1,"7ew8B3",1,2805,2009,185,"Syrian Arab Rep.","SYR","SYR",94,"Italy","ITA","ITA",190,"0","0","0","0","0","0","-","0"
1,"7ew8B3",1,2806,2010,185,"Syrian Arab Rep.","SYR","SYR",94,"Italy","ITA","ITA",211,29,"0","0","0","0","0","-","0"
1,"7ew8B3",1,2807,2011,185,"Syrian Arab Rep.","SYR","SYR",94,"Italy","ITA","ITA",262,"0","0","0","0","0","0","-","0"
1,"7ew8B3",1,2808,2012,185,"Syrian Arab Rep.","SYR","SYR",94,"Italy","ITA","ITA",445,507,"0","0","0","0","0","-","0"
1,"7ew8B3",1,2809,2013,185,"Syrian Arab Rep.","SYR","SYR",94,"Italy","ITA","ITA",840,278,"0","0","0","0","0","-","0"
1,"7ew8B3",1,2810,2014,185,"Syrian Arab Rep.","SYR","SYR",94,"Italy","ITA","ITA",1144,331,"0","0","0","0","0","-","0"
1,"7ew8B3",1,2811,2015,185,"Syrian Arab Rep.","SYR","SYR",94,"Italy","ITA","ITA",1460,246,"0","0","0","0","0","-","0"
1,"7ew8B3",1,2812,2016,185,"Syrian Arab Rep.","SYR","SYR",94,"Italy","ITA","ITA",2613,548,"0","0","0","0","0","-","0"
1,"7ew8B3",1,2813,2017,185,"Syrian Arab Rep.","SYR","SYR",94,"Italy","ITA","ITA",3618,1696,"0","0","0","0","0","-","0"
1,"7ew8B3",1,2814,2018,185,"Syrian Arab Rep.","SYR","SYR",94,"Italy","ITA","ITA",4652,1197,"0","0","0","0","0","-","0"
1,"7ew8B3",1,2815,2019,185,"Syrian Arab Rep.","SYR","SYR",94,"Italy","ITA","ITA",4781,917,"0","0","0","0","0","-","0"
1,"7ew8B3",1,2816,2020,185,"Syrian Arab Rep.","SYR","SYR",94,"Italy","ITA","ITA",3508,1037,"0","0","0","0","0","-","0"
1,"7ew8B3",1,2817,2021,185,"Syrian Arab Rep.","SYR","SYR",94,"Italy","ITA","ITA",3527,903,"0","0","0","0","0","-","0"
1,"7ew8B3",1,2818,2022,185,"Syrian Arab Rep.","SYR","SYR",94,"Italy","ITA","ITA",3578,911,"0","0","0","0","0","-","0"
1,"7ew8B3",1,2819,2023,185,"Syrian Arab Rep.","SYR","SYR",94,"Italy","ITA","ITA",3603,375,"0","0","0","0","0","-","0"
1,"7ew8B3",1,2820,2024,185,"Syrian Arab Rep.","SYR","SYR",94,"Italy","ITA","ITA",3600,326,"0","0","0","0","0","-","0"
1,"7ew8B3",1,2821,2025,185,"Syrian Arab Rep.","SYR","SYR",94,"Italy","ITA","ITA",3106,411,"0","0","0","0","0","-","0"
1,"7ew8B3",1,2822,2011,186,"United Rep. of Tanzania","TAN","TZA",94,"Italy","ITA","ITA",5,"0","0","0","0","0","0","-","0"
1,"7ew8B3",1,2823,2012,186,"United Rep. of Tanzania","TAN","TZA",94,"Italy","ITA","ITA",5,5,"0","0","0","0","0","-","0"
1,"7ew8B3",1,2824,2013,186,"United Rep. of Tanzania","TAN","TZA",94,"Italy","ITA","ITA",8,"0","0","0","0","0","0","-","0"
1,"7ew8B3",1,2825,2014,186,"United Rep. of Tanzania","TAN","TZA",94,"Italy","ITA","ITA",10,10,"0","0","0","0","0","-","0"
1,"7ew8B3",1,2826,2015,186,"United Rep. of Tanzania","TAN","TZA",94,"Italy","ITA","ITA",19,7,"0","0","0","0","0","-","0"
1,"7ew8B3",1,2827,2016,186,"United Rep. of Tanzania","TAN","TZA",94,"Italy","ITA","ITA",24,11,"0","0","0","0","0","-","0"
1,"7ew8B3",1,2828,2017,186,"United Rep. of Tanzania","TAN","TZA",94,"Italy","ITA","ITA",26,9,"0","0","0","0","0","-","0"
1,"7ew8B3",1,2829,2018,186,"United Rep. of Tanzania","TAN","TZA",94,"Italy","ITA","ITA",29,10,"0","0","0","0","0","-","0"
1,"7ew8B3",1,2830,2019,186,"United Rep. of Tanzania","TAN","TZA",94,"Italy","ITA","ITA",31,6,"0","0","0","0","0","-","0"
1,"7ew8B3",1,2831,2020,186,"United Rep. of Tanzania","TAN","TZA",94,"Italy","ITA","ITA","0",8,"0","0","0","0","0","-","0"
1,"7ew8B3",1,2832,2021,186,"United Rep. of Tanzania","TAN","TZA",94,"Italy","ITA","ITA","0",7,"0","0","0","0","0","-","0"
1,"7ew8B3",1,2833,2022,186,"United Rep. of Tanzania","TAN","TZA",94,"Italy","ITA","ITA","0",10,"0","0","0","0","0","-","0"
1,"7ew8B3",1,2834,2023,186,"United Rep. of Tanzania","TAN","TZA",94,"Italy","ITA","ITA",11,7,"0","0","0","0","0","-","0"
1,"7ew8B3",1,2835,2024,186,"United Rep. of Tanzania","TAN","TZA",94,"Italy","ITA","ITA",10,7,"0","0","0","0","0","-","0"
1,"7ew8B3",1,2836,2025,186,"United Rep. of Tanzania","TAN","TZA",94,"Italy","ITA","ITA",12,15,"0","0","0","0","0","-","0"
1,"7ew8B3",1,2837,2017,188,"Thailand","THA","THA",94,"Italy","ITA","ITA","0",8,"0","0","0","0","0","-","0"
1,"7ew8B3",1,2838,2018,188,"Thailand","THA","THA",94,"Italy","ITA","ITA","0",5,"0","0","0","0","0","-","0"
1,"7ew8B3",1,2839,2021,188,"Thailand","THA","THA",94,"Italy","ITA","ITA","0",5,"0","0","0","0","0","-","0"
1,"7ew8B3",1,2840,2022,188,"Thailand","THA","THA",94,"Italy","ITA","ITA","0",8,"0","0","0","0","0","-","0"
1,"7ew8B3",1,2841,2023,188,"Thailand","THA","THA",94,"Italy","ITA","ITA","0",20,"0","0","0","0","0","-","0"
1,"7ew8B3",1,2842,2024,188,"Thailand","THA","THA",94,"Italy","ITA","ITA","0",58,"0","0","0","0","0","-","0"
1,"7ew8B3",1,2843,2025,188,"Thailand","THA","THA",94,"Italy","ITA","ITA",5,61,"0","0","0","0","0","-","0"
1,"7ew8B3",1,2844,2004,189,"Tajikistan","TJK","TJK",94,"Italy","ITA","ITA",5,"0","0","0","0","0","0","-","0"
1,"7ew8B3",1,2845,2005,189,"Tajikistan","TJK","TJK",94,"Italy","ITA","ITA",5,"0","0","0","0","0","0","-","0"
1,"7ew8B3",1,2846,2006,189,"Tajikistan","TJK","TJK",94,"Italy","ITA","ITA",5,"0","0","0","0","0","0","-","0"
1,"7ew8B3",1,2847,2015,189,"Tajikistan","TJK","TJK",94,"Italy","ITA","ITA","0",5,"0","0","0","0","0","-","0"
1,"7ew8B3",1,2848,2016,189,"Tajikistan","TJK","TJK",94,"Italy","ITA","ITA",8,"0","0","0","0","0","0","-","0"
1,"7ew8B3",1,2849,2017,189,"Tajikistan","TJK","TJK",94,"Italy","ITA","ITA",8,18,"0","0","0","0","0","-","0"
1,"7ew8B3",1,2850,2018,189,"Tajikistan","TJK","TJK",94,"Italy","ITA","ITA",11,6,"0","0","0","0","0","-","0"
1,"7ew8B3",1,2851,2019,189,"Tajikistan","TJK","TJK",94,"Italy","ITA","ITA",11,"0","0","0","0","0","0","-","0"
1,"7ew8B3",1,2852,2022,189,"Tajikistan","TJK","TJK",94,"Italy","ITA","ITA",5,"0","0","0","0","0","0","-","0"
1,"7ew8B3",1,2853,2023,189,"Tajikistan","TJK","TJK",94,"Italy","ITA","ITA",12,25,"0","0","0","0","0","-","0"
1,"7ew8B3",1,2854,2024,189,"Tajikistan","TJK","TJK",94,"Italy","ITA","ITA",17,39,"0","0","0","0","0","-","0"
1,"7ew8B3",1,2855,2025,189,"Tajikistan","TJK","TJK",94,"Italy","ITA","ITA",18,45,"0","0","0","0","0","-","0"
1,"7ew8B3",1,2856,2014,190,"Turkmenistan","TKM","TKM",94,"Italy","ITA","ITA",5,"0","0","0","0","0","0","-","0"
1,"7ew8B3",1,2857,2015,190,"Turkmenistan","TKM","TKM",94,"Italy","ITA","ITA",5,"0","0","0","0","0","0","-","0"
1,"7ew8B3",1,2858,2016,190,"Turkmenistan","TKM","TKM",94,"Italy","ITA","ITA",5,"0","0","0","0","0","0","-","0"
1,"7ew8B3",1,2859,2017,190,"Turkmenistan","TKM","TKM",94,"Italy","ITA","ITA",5,"0","0","0","0","0","0","-","0"
1,"7ew8B3",1,2860,2018,190,"Turkmenistan","TKM","TKM",94,"Italy","ITA","ITA",5,5,"0","0","0","0","0","-","0"
1,"7ew8B3",1,2861,2019,190,"Turkmenistan","TKM","TKM",94,"Italy","ITA","ITA",5,"0","0","0","0","0","0","-","0"
1,"7ew8B3",1,2862,2021,190,"Turkmenistan","TKM","TKM",94,"Italy","ITA","ITA","0",5,"0","0","0","0","0","-","0"
1,"7ew8B3",1,2863,2022,190,"Turkmenistan","TKM","TKM",94,"Italy","ITA","ITA",5,"0","0","0","0","0","0","-","0"
1,"7ew8B3",1,2864,2024,190,"Turkmenistan","TKM","TKM",94,"Italy","ITA","ITA",6,"0","0","0","0","0","0","-","0"
1,"7ew8B3",1,2865,2025,190,"Turkmenistan","TKM","TKM",94,"Italy","ITA","ITA",6,5,"0","0","0","0","0","-","0"
1,"7ew8B3",1,2866,2014,191,"Timor-Leste","TMP","TLS",94,"Italy","ITA","ITA",5,"0","0","0","0","0","0","-","0"
1,"7ew8B3",1,2867,2015,191,"Timor-Leste","TMP","TLS",94,"Italy","ITA","ITA",5,"0","0","0","0","0","0","-","0"
1,"7ew8B3",1,2868,2016,191,"Timor-Leste","TMP","TLS",94,"Italy","ITA","ITA",5,"0","0","0","0","0","0","-","0"
1,"7ew8B3",1,2869,2017,191,"Timor-Leste","TMP","TLS",94,"Italy","ITA","ITA",5,"0","0","0","0","0","0","-","0"
1,"7ew8B3",1,2870,2018,191,"Timor-Leste","TMP","TLS",94,"Italy","ITA","ITA",5,"0","0","0","0","0","0","-","0"
1,"7ew8B3",1,2871,2019,191,"Timor-Leste","TMP","TLS",94,"Italy","ITA","ITA",5,"0","0","0","0","0","0","-","0"
1,"7ew8B3",1,2872,1985,192,"Togo","TOG","TGO",94,"Italy","ITA","ITA",5,"0","0","0","0","0","0","-","0"
1,"7ew8B3",1,2873,1986,192,"Togo","TOG","TGO",94,"Italy","ITA","ITA",5,"0","0","0","0","0","0","-","0"
1,"7ew8B3",1,2874,1987,192,"Togo","TOG","TGO",94,"Italy","ITA","ITA",5,"0","0","0","0","0","0","-","0"
1,"7ew8B3",1,2875,1988,192,"Togo","TOG","TGO",94,"Italy","ITA","ITA",5,"0","0","0","0","0","0","-","0"
1,"7ew8B3",1,2876,1989,192,"Togo","TOG","TGO",94,"Italy","ITA","ITA",5,"0","0","0","0","0","0","-","0"
1,"7ew8B3",1,2877,1990,192,"Togo","TOG","TGO",94,"Italy","ITA","ITA",5,"0","0","0","0","0","0","-","0"
1,"7ew8B3",1,2878,1991,192,"Togo","TOG","TGO",94,"Italy","ITA","ITA",5,"0","0","0","0","0","0","-","0"
1,"7ew8B3",1,2879,1992,192,"Togo","TOG","TGO",94,"Italy","ITA","ITA",5,"0","0","0","0","0","0","-","0"
1,"7ew8B3",1,2880,1993,192,"Togo","TOG","TGO",94,"Italy","ITA","ITA",5,"0","0","0","0","0","0","-","0"
1,"7ew8B3",1,2881,1994,192,"Togo","TOG","TGO",94,"Italy","ITA","ITA",5,"0","0","0","0","0","0","-","0"
1,"7ew8B3",1,2882,1999,192,"Togo","TOG","TGO",94,"Italy","ITA","ITA",5,"0","0","0","0","0","0","-","0"
1,"7ew8B3",1,2883,2000,192,"Togo","TOG","TGO",94,"Italy","ITA","ITA",13,"0","0","0","0","0","0","-","0"
1,"7ew8B3",1,2884,2001,192,"Togo","TOG","TGO",94,"Italy","ITA","ITA",37,"0","0","0","0","0","0","-","0"
1,"7ew8B3",1,2885,2002,192,"Togo","TOG","TGO",94,"Italy","ITA","ITA",68,"0","0","0","0","0","0","-","0"
1,"7ew8B3",1,2886,2003,192,"Togo","TOG","TGO",94,"Italy","ITA","ITA",136,"0","0","0","0","0","0","-","0"
1,"7ew8B3",1,2887,2004,192,"Togo","TOG","TGO",94,"Italy","ITA","ITA",228,"0","0","0","0","0","0","-","0"
1,"7ew8B3",1,2888,2005,192,"Togo","TOG","TGO",94,"Italy","ITA","ITA",483,"0","0","0","0","0","0","-","0"
1,"7ew8B3",1,2889,2006,192,"Togo","TOG","TGO",94,"Italy","ITA","ITA",959,"0","0","0","0","0","0","-","0"
1,"7ew8B3",1,2890,2007,192,"Togo","TOG","TGO",94,"Italy","ITA","ITA",1236,"0","0","0","0","0","0","-","0"
1,"7ew8B3",1,2891,2008,192,"Togo","TOG","TGO",94,"Italy","ITA","ITA",1387,"0","0","0","0","0","0","-","0"
1,"7ew8B3",1,2892,2009,192,"Togo","TOG","TGO",94,"Italy","ITA","ITA",1483,"0","0","0","0","0","0","-","0"
1,"7ew8B3",1,2893,2010,192,"Togo","TOG","TGO",94,"Italy","ITA","ITA",1498,20,"0","0","0","0","0","-","0"
1,"7ew8B3",1,2894,2011,192,"Togo","TOG","TGO",94,"Italy","ITA","ITA",1494,"0","0","0","0","0","0","-","0"
1,"7ew8B3",1,2895,2012,192,"Togo","TOG","TGO",94,"Italy","ITA","ITA",1513,64,"0","0","0","0","0","-","0"
1,"7ew8B3",1,2896,2013,192,"Togo","TOG","TGO",94,"Italy","ITA","ITA",1515,40,"0","0","0","0","0","-","0"
1,"7ew8B3",1,2897,2014,192,"Togo","TOG","TGO",94,"Italy","ITA","ITA",1535,147,"0","0","0","0","0","-","0"
1,"7ew8B3",1,2898,2015,192,"Togo","TOG","TGO",94,"Italy","ITA","ITA",1430,223,"0","0","0","0","0","-","0"
1,"7ew8B3",1,2899,2016,192,"Togo","TOG","TGO",94,"Italy","ITA","ITA",1089,504,"0","0","0","0","0","-","0"
1,"7ew8B3",1,2900,2017,192,"Togo","TOG","TGO",94,"Italy","ITA","ITA",963,1039,"0","0","0","0","0","-","0"
1,"7ew8B3",1,2901,2018,192,"Togo","TOG","TGO",94,"Italy","ITA","ITA",932,405,"0","0","0","0","0","-","0"
1,"7ew8B3",1,2902,2019,192,"Togo","TOG","TGO",94,"Italy","ITA","ITA",982,75,"0","0","0","0","0","-","0"
1,"7ew8B3",1,2903,2020,192,"Togo","TOG","TGO",94,"Italy","ITA","ITA",713,91,"0","0","0","0","0","-","0"
1,"7ew8B3",1,2904,2021,192,"Togo","TOG","TGO",94,"Italy","ITA","ITA",755,78,"0","0","0","0","0","-","0"
1,"7ew8B3",1,2905,2022,192,"Togo","TOG","TGO",94,"Italy","ITA","ITA",723,106,"0","0","0","0","0","-","0"
1,"7ew8B3",1,2906,2023,192,"Togo","TOG","TGO",94,"Italy","ITA","ITA",710,220,"0","0","0","0","0","-","0"
1,"7ew8B3",1,2907,2024,192,"Togo","TOG","TGO",94,"Italy","ITA","ITA",683,270,"0","0","0","0","0","-","0"
1,"7ew8B3",1,2908,2025,192,"Togo","TOG","TGO",94,"Italy","ITA","ITA",611,231,"0","0","0","0","0","-","0"
1,"7ew8B3",1,2909,2024,194,"Trinidad and Tobago","TRT","TTO",94,"Italy","ITA","ITA","0",5,"0","0","0","0","0","-","0"
1,"7ew8B3",1,2910,1983,195,"Tunisia","TUN","TUN",94,"Italy","ITA","ITA",5,"0","0","0","0","0","0","-","0"
1,"7ew8B3",1,2911,1984,195,"Tunisia","TUN","TUN",94,"Italy","ITA","ITA",6,"0","0","0","0","0","0","-","0"
1,"7ew8B3",1,2912,1985,195,"Tunisia","TUN","TUN",94,"Italy","ITA","ITA",6,"0","0","0","0","0","0","-","0"
1,"7ew8B3",1,2913,1986,195,"Tunisia","TUN","TUN",94,"Italy","ITA","ITA",6,"0","0","0","0","0","0","-","0"
1,"7ew8B3",1,2914,1987,195,"Tunisia","TUN","TUN",94,"Italy","ITA","ITA",6,"0","0","0","0","0","0","-","0"
1,"7ew8B3",1,2915,1988,195,"Tunisia","TUN","TUN",94,"Italy","ITA","ITA",7,"0","0","0","0","0","0","-","0"
1,"7ew8B3",1,2916,1989,195,"Tunisia","TUN","TUN",94,"Italy","ITA","ITA",7,"0","0","0","0","0","0","-","0"
1,"7ew8B3",1,2917,1990,195,"Tunisia","TUN","TUN",94,"Italy","ITA","ITA",5,"0","0","0","0","0","0","-","0"
1,"7ew8B3",1,2918,1991,195,"Tunisia","TUN","TUN",94,"Italy","ITA","ITA",5,"0","0","0","0","0","0","-","0"
1,"7ew8B3",1,2919,1992,195,"Tunisia","TUN","TUN",94,"Italy","ITA","ITA",6,"0","0","0","0","0","0","-","0"
1,"7ew8B3",1,2920,1993,195,"Tunisia","TUN","TUN",94,"Italy","ITA","ITA",5,"0","0","0","0","0","0","-","0"
1,"7ew8B3",1,2921,1996,195,"Tunisia","TUN","TUN",94,"Italy","ITA","ITA",5,"0","0","0","0","0","0","-","0"
1,"7ew8B3",1,2922,1997,195,"Tunisia","TUN","TUN",94,"Italy","ITA","ITA",11,"0","0","0","0","0","0","-","0"
1,"7ew8B3",1,2923,1998,195,"Tunisia","TUN","TUN",94,"Italy","ITA","ITA",14,"0","0","0","0","0","0","-","0"
1,"7ew8B3",1,2924,1999,195,"Tunisia","TUN","TUN",94,"Italy","ITA","ITA",35,"0","0","0","0","0","0","-","0"
1,"7ew8B3",1,2925,2000,195,"Tunisia","TUN","TUN",94,"Italy","ITA","ITA",53,"0","0","0","0","0","0","-","0"
1,"7ew8B3",1,2926,2001,195,"Tunisia","TUN","TUN",94,"Italy","ITA","ITA",67,"0","0","0","0","0","0","-","0"
1,"7ew8B3",1,2927,2002,195,"Tunisia","TUN","TUN",94,"Italy","ITA","ITA",66,"0","0","0","0","0","0","-","0"
1,"7ew8B3",1,2928,2003,195,"Tunisia","TUN","TUN",94,"Italy","ITA","ITA",66,"0","0","0","0","0","0","-","0"
1,"7ew8B3",1,2929,2004,195,"Tunisia","TUN","TUN",94,"Italy","ITA","ITA",67,"0","0","0","0","0","0","-","0"
1,"7ew8B3",1,2930,2005,195,"Tunisia","TUN","TUN",94,"Italy","ITA","ITA",67,"0","0","0","0","0","0","-","0"
1,"7ew8B3",1,2931,2006,195,"Tunisia","TUN","TUN",94,"Italy","ITA","ITA",68,"0","0","0","0","0","0","-","0"
1,"7ew8B3",1,2932,2007,195,"Tunisia","TUN","TUN",94,"Italy","ITA","ITA",71,"0","0","0","0","0","0","-","0"
1,"7ew8B3",1,2933,2008,195,"Tunisia","TUN","TUN",94,"Italy","ITA","ITA",68,"0","0","0","0","0","0","-","0"
1,"7ew8B3",1,2934,2009,195,"Tunisia","TUN","TUN",94,"Italy","ITA","ITA",81,"0","0","0","0","0","0","-","0"
1,"7ew8B3",1,2935,2010,195,"Tunisia","TUN","TUN",94,"Italy","ITA","ITA",65,31,"0","0","0","0","0","-","0"
1,"7ew8B3",1,2936,2011,195,"Tunisia","TUN","TUN",94,"Italy","ITA","ITA",100,"0","0","0","0","0","0","-","0"
1,"7ew8B3",1,2937,2012,195,"Tunisia","TUN","TUN",94,"Italy","ITA","ITA",187,970,"0","0","0","0","0","-","0"
1,"7ew8B3",1,2938,2013,195,"Tunisia","TUN","TUN",94,"Italy","ITA","ITA",289,97,"0","0","0","0","0","-","0"
1,"7ew8B3",1,2939,2014,195,"Tunisia","TUN","TUN",94,"Italy","ITA","ITA",400,244,"0","0","0","0","0","-","0"
1,"7ew8B3",1,2940,2015,195,"Tunisia","TUN","TUN",94,"Italy","ITA","ITA",479,182,"0","0","0","0","0","-","0"
1,"7ew8B3",1,2941,2016,195,"Tunisia","TUN","TUN",94,"Italy","ITA","ITA",542,312,"0","0","0","0","0","-","0"
1,"7ew8B3",1,2942,2017,195,"Tunisia","TUN","TUN",94,"Italy","ITA","ITA",601,548,"0","0","0","0","0","-","0"
1,"7ew8B3",1,2943,2018,195,"Tunisia","TUN","TUN",94,"Italy","ITA","ITA",672,705,"0","0","0","0","0","-","0"
1,"7ew8B3",1,2944,2019,195,"Tunisia","TUN","TUN",94,"Italy","ITA","ITA",713,315,"0","0","0","0","0","-","0"
1,"7ew8B3",1,2945,2020,195,"Tunisia","TUN","TUN",94,"Italy","ITA","ITA",211,447,"0","0","0","0","0","-","0"
1,"7ew8B3",1,2946,2021,195,"Tunisia","TUN","TUN",94,"Italy","ITA","ITA",537,1103,"0","0","0","0","0","-","0"
1,"7ew8B3",1,2947,2022,195,"Tunisia","TUN","TUN",94,"Italy","ITA","ITA",577,1920,"0","0","0","0","0","-","0"
1,"7ew8B3",1,2948,2023,195,"Tunisia","TUN","TUN",94,"Italy","ITA","ITA",474,3599,"0","0","0","0","0","-","0"
1,"7ew8B3",1,2949,2024,195,"Tunisia","TUN","TUN",94,"Italy","ITA","ITA",821,6219,"0","0","0","0","0","-","0"
1,"7ew8B3",1,2950,2025,195,"Tunisia","TUN","TUN",94,"Italy","ITA","ITA",814,6294,"0","0","0","0","0","-","0"
1,"7ew8B3",1,2951,1987,196,"Türkiye","TUR","TUR",94,"Italy","ITA","ITA",5,"0","0","0","0","0","0","-","0"
1,"7ew8B3",1,2952,1988,196,"Türkiye","TUR","TUR",94,"Italy","ITA","ITA",24,"0","0","0","0","0","0","-","0"
1,"7ew8B3",1,2953,1989,196,"Türkiye","TUR","TUR",94,"Italy","ITA","ITA",27,"0","0","0","0","0","0","-","0"
1,"7ew8B3",1,2954,1990,196,"Türkiye","TUR","TUR",94,"Italy","ITA","ITA",27,"0","0","0","0","0","0","-","0"
1,"7ew8B3",1,2955,1991,196,"Türkiye","TUR","TUR",94,"Italy","ITA","ITA",28,"0","0","0","0","0","0","-","0"
1,"7ew8B3",1,2956,1992,196,"Türkiye","TUR","TUR",94,"Italy","ITA","ITA",35,"0","0","0","0","0","0","-","0"
1,"7ew8B3",1,2957,1993,196,"Türkiye","TUR","TUR",94,"Italy","ITA","ITA",44,"0","0","0","0","0","0","-","0"
1,"7ew8B3",1,2958,1994,196,"Türkiye","TUR","TUR",94,"Italy","ITA","ITA",45,"0","0","0","0","0","0","-","0"
1,"7ew8B3",1,2959,1995,196,"Türkiye","TUR","TUR",94,"Italy","ITA","ITA",52,"0","0","0","0","0","0","-","0"
1,"7ew8B3",1,2960,1996,196,"Türkiye","TUR","TUR",94,"Italy","ITA","ITA",50,"0","0","0","0","0","0","-","0"
1,"7ew8B3",1,2961,1997,196,"Türkiye","TUR","TUR",94,"Italy","ITA","ITA",64,"0","0","0","0","0","0","-","0"
1,"7ew8B3",1,2962,1998,196,"Türkiye","TUR","TUR",94,"Italy","ITA","ITA",387,"0","0","0","0","0","0","-","0"
1,"7ew8B3",1,2963,1999,196,"Türkiye","TUR","TUR",94,"Italy","ITA","ITA",533,"0","0","0","0","0","0","-","0"
1,"7ew8B3",1,2964,2000,196,"Türkiye","TUR","TUR",94,"Italy","ITA","ITA",755,"0","0","0","0","0","0","-","0"
1,"7ew8B3",1,2965,2001,196,"Türkiye","TUR","TUR",94,"Italy","ITA","ITA",1122,"0","0","0","0","0","0","-","0"
1,"7ew8B3",1,2966,2002,196,"Türkiye","TUR","TUR",94,"Italy","ITA","ITA",1303,"0","0","0","0","0","0","-","0"
1,"7ew8B3",1,2967,2003,196,"Türkiye","TUR","TUR",94,"Italy","ITA","ITA",1374,"0","0","0","0","0","0","-","0"
1,"7ew8B3",1,2968,2004,196,"Türkiye","TUR","TUR",94,"Italy","ITA","ITA",1407,"0","0","0","0","0","0","-","0"
1,"7ew8B3",1,2969,2005,196,"Türkiye","TUR","TUR",94,"Italy","ITA","ITA",1473,"0","0","0","0","0","0","-","0"
1,"7ew8B3",1,2970,2006,196,"Türkiye","TUR","TUR",94,"Italy","ITA","ITA",1586,"0","0","0","0","0","0","-","0"
1,"7ew8B3",1,2971,2007,196,"Türkiye","TUR","TUR",94,"Italy","ITA","ITA",1980,"0","0","0","0","0","0","-","0"
1,"7ew8B3",1,2972,2008,196,"Türkiye","TUR","TUR",94,"Italy","ITA","ITA",1811,"0","0","0","0","0","0","-","0"
1,"7ew8B3",1,2973,2009,196,"Türkiye","TUR","TUR",94,"Italy","ITA","ITA",2016,"0","0","0","0","0","0","-","0"
1,"7ew8B3",1,2974,2010,196,"Türkiye","TUR","TUR",94,"Italy","ITA","ITA",2001,336,"0","0","0","0","0","-","0"
1,"7ew8B3",1,2975,2011,196,"Türkiye","TUR","TUR",94,"Italy","ITA","ITA",1792,"0","0","0","0","0","0","-","0"
1,"7ew8B3",1,2976,2012,196,"Türkiye","TUR","TUR",94,"Italy","ITA","ITA",1733,420,"0","0","0","0","0","-","0"
1,"7ew8B3",1,2977,2013,196,"Türkiye","TUR","TUR",94,"Italy","ITA","ITA",1988,153,"0","0","0","0","0","-","0"
1,"7ew8B3",1,2978,2014,196,"Türkiye","TUR","TUR",94,"Italy","ITA","ITA",2281,219,"0","0","0","0","0","-","0"
1,"7ew8B3",1,2979,2015,196,"Türkiye","TUR","TUR",94,"Italy","ITA","ITA",2482,225,"0","0","0","0","0","-","0"
1,"7ew8B3",1,2980,2016,196,"Türkiye","TUR","TUR",94,"Italy","ITA","ITA",2622,356,"0","0","0","0","0","-","0"
1,"7ew8B3",1,2981,2017,196,"Türkiye","TUR","TUR",94,"Italy","ITA","ITA",2456,396,"0","0","0","0","0","-","0"
1,"7ew8B3",1,2982,2018,196,"Türkiye","TUR","TUR",94,"Italy","ITA","ITA",2497,592,"0","0","0","0","0","-","0"
1,"7ew8B3",1,2983,2019,196,"Türkiye","TUR","TUR",94,"Italy","ITA","ITA",2845,381,"0","0","0","0","0","-","0"
1,"7ew8B3",1,2984,2020,196,"Türkiye","TUR","TUR",94,"Italy","ITA","ITA",1560,350,"0","0","0","0","0","-","0"
1,"7ew8B3",1,2985,2021,196,"Türkiye","TUR","TUR",94,"Italy","ITA","ITA",1610,378,"0","0","0","0","0","-","0"
1,"7ew8B3",1,2986,2022,196,"Türkiye","TUR","TUR",94,"Italy","ITA","ITA",1607,1157,"0","0","0","0","0","-","0"
1,"7ew8B3",1,2987,2023,196,"Türkiye","TUR","TUR",94,"Italy","ITA","ITA",2250,1870,"0","0","0","0","0","-","0"
1,"7ew8B3",1,2988,2024,196,"Türkiye","TUR","TUR",94,"Italy","ITA","ITA",2391,2404,"0","0","0","0","0","-","0"
1,"7ew8B3",1,2989,2025,196,"Türkiye","TUR","TUR",94,"Italy","ITA","ITA",2318,2605,"0","0","0","0","0","-","0"
1,"7ew8B3",1,2990,2017,198,"United Arab Emirates","UAE","ARE",94,"Italy","ITA","ITA","0",5,"0","0","0","0","0","-","0"
1,"7ew8B3",1,2991,2019,198,"United Arab Emirates","UAE","ARE",94,"Italy","ITA","ITA",5,"0","0","0","0","0","0","-","0"
1,"7ew8B3",1,2992,2020,198,"United Arab Emirates","UAE","ARE",94,"Italy","ITA","ITA","0",5,"0","0","0","0","0","-","0"
1,"7ew8B3",1,2993,1980,199,"Uganda","UGA","UGA",94,"Italy","ITA","ITA",11,"0","0","0","0","0","0","-","0"
1,"7ew8B3",1,2994,1981,199,"Uganda","UGA","UGA",94,"Italy","ITA","ITA",11,"0","0","0","0","0","0","-","0"
1,"7ew8B3",1,2995,1982,199,"Uganda","UGA","UGA",94,"Italy","ITA","ITA",15,"0","0","0","0","0","0","-","0"
1,"7ew8B3",1,2996,1983,199,"Uganda","UGA","UGA",94,"Italy","ITA","ITA",16,"0","0","0","0","0","0","-","0"
1,"7ew8B3",1,2997,1984,199,"Uganda","UGA","UGA",94,"Italy","ITA","ITA",21,"0","0","0","0","0","0","-","0"
1,"7ew8B3",1,2998,1985,199,"Uganda","UGA","UGA",94,"Italy","ITA","ITA",30,"0","0","0","0","0","0","-","0"
1,"7ew8B3",1,2999,1986,199,"Uganda","UGA","UGA",94,"Italy","ITA","ITA",32,"0","0","0","0","0","0","-","0"
1,"7ew8B3",1,3000,1987,199,"Uganda","UGA","UGA",94,"Italy","ITA","ITA",31,"0","0","0","0","0","0","-","0"
1,"7ew8B3",1,3001,1988,199,"Uganda","UGA","UGA",94,"Italy","ITA","ITA",25,"0","0","0","0","0","0","-","0"
1,"7ew8B3",1,3002,1989,199,"Uganda","UGA","UGA",94,"Italy","ITA","ITA",27,"0","0","0","0","0","0","-","0"
1,"7ew8B3",1,3003,1990,199,"Uganda","UGA","UGA",94,"Italy","ITA","ITA",27,"0","0","0","0","0","0","-","0"
1,"7ew8B3",1,3004,1991,199,"Uganda","UGA","UGA",94,"Italy","ITA","ITA",27,"0","0","0","0","0","0","-","0"
1,"7ew8B3",1,3005,1992,199,"Uganda","UGA","UGA",94,"Italy","ITA","ITA",23,"0","0","0","0","0","0","-","0"
1,"7ew8B3",1,3006,1993,199,"Uganda","UGA","UGA",94,"Italy","ITA","ITA",22,"0","0","0","0","0","0","-","0"
1,"7ew8B3",1,3007,1994,199,"Uganda","UGA","UGA",94,"Italy","ITA","ITA",17,"0","0","0","0","0","0","-","0"
1,"7ew8B3",1,3008,1995,199,"Uganda","UGA","UGA",94,"Italy","ITA","ITA",8,"0","0","0","0","0","0","-","0"
1,"7ew8B3",1,3009,1996,199,"Uganda","UGA","UGA",94,"Italy","ITA","ITA",5,"0","0","0","0","0","0","-","0"
1,"7ew8B3",1,3010,2004,199,"Uganda","UGA","UGA",94,"Italy","ITA","ITA",7,"0","0","0","0","0","0","-","0"
1,"7ew8B3",1,3011,2005,199,"Uganda","UGA","UGA",94,"Italy","ITA","ITA",7,"0","0","0","0","0","0","-","0"
1,"7ew8B3",1,3012,2006,199,"Uganda","UGA","UGA",94,"Italy","ITA","ITA",7,"0","0","0","0","0","0","-","0"
1,"7ew8B3",1,3013,2007,199,"Uganda","UGA","UGA",94,"Italy","ITA","ITA",16,"0","0","0","0","0","0","-","0"
1,"7ew8B3",1,3014,2008,199,"Uganda","UGA","UGA",94,"Italy","ITA","ITA",19,"0","0","0","0","0","0","-","0"
1,"7ew8B3",1,3015,2009,199,"Uganda","UGA","UGA",94,"Italy","ITA","ITA",22,"0","0","0","0","0","0","-","0"
1,"7ew8B3",1,3016,2010,199,"Uganda","UGA","UGA",94,"Italy","ITA","ITA",24,5,"0","0","0","0","0","-","0"
1,"7ew8B3",1,3017,2011,199,"Uganda","UGA","UGA",94,"Italy","ITA","ITA",25,"0","0","0","0","0","0","-","0"
1,"7ew8B3",1,3018,2012,199,"Uganda","UGA","UGA",94,"Italy","ITA","ITA",29,5,"0","0","0","0","0","-","0"
1,"7ew8B3",1,3019,2013,199,"Uganda","UGA","UGA",94,"Italy","ITA","ITA",35,"0","0","0","0","0","0","-","0"
1,"7ew8B3",1,3020,2014,199,"Uganda","UGA","UGA",94,"Italy","ITA","ITA",34,17,"0","0","0","0","0","-","0"
1,"7ew8B3",1,3021,2015,199,"Uganda","UGA","UGA",94,"Italy","ITA","ITA",52,7,"0","0","0","0","0","-","0"
1,"7ew8B3",1,3022,2016,199,"Uganda","UGA","UGA",94,"Italy","ITA","ITA",66,12,"0","0","0","0","0","-","0"
1,"7ew8B3",1,3023,2017,199,"Uganda","UGA","UGA",94,"Italy","ITA","ITA",67,17,"0","0","0","0","0","-","0"
1,"7ew8B3",1,3024,2018,199,"Uganda","UGA","UGA",94,"Italy","ITA","ITA",70,17,"0","0","0","0","0","-","0"
1,"7ew8B3",1,3025,2019,199,"Uganda","UGA","UGA",94,"Italy","ITA","ITA",80,10,"0","0","0","0","0","-","0"
1,"7ew8B3",1,3026,2020,199,"Uganda","UGA","UGA",94,"Italy","ITA","ITA","0",10,"0","0","0","0","0","-","0"
1,"7ew8B3",1,3027,2021,199,"Uganda","UGA","UGA",94,"Italy","ITA","ITA",7,"0","0","0","0","0","0","-","0"
1,"7ew8B3",1,3028,2022,199,"Uganda","UGA","UGA",94,"Italy","ITA","ITA",5,12,"0","0","0","0","0","-","0"
1,"7ew8B3",1,3029,2023,199,"Uganda","UGA","UGA",94,"Italy","ITA","ITA",65,14,"0","0","0","0","0","-","0"
1,"7ew8B3",1,3030,2024,199,"Uganda","UGA","UGA",94,"Italy","ITA","ITA",75,19,"0","0","0","0","0","-","0"
1,"7ew8B3",1,3031,2025,199,"Uganda","UGA","UGA",94,"Italy","ITA","ITA",57,28,"0","0","0","0","0","-","0"
1,"7ew8B3",1,3032,1997,200,"Ukraine","UKR","UKR",94,"Italy","ITA","ITA",6,"0","0","0","0","0","0","-","0"
1,"7ew8B3",1,3033,1998,200,"Ukraine","UKR","UKR",94,"Italy","ITA","ITA",6,"0","0","0","0","0","0","-","0"
1,"7ew8B3",1,3034,1999,200,"Ukraine","UKR","UKR",94,"Italy","ITA","ITA",6,"0","0","0","0","0","0","-","0"
1,"7ew8B3",1,3035,2000,200,"Ukraine","UKR","UKR",94,"Italy","ITA","ITA",11,"0","0","0","0","0","0","-","0"
1,"7ew8B3",1,3036,2001,200,"Ukraine","UKR","UKR",94,"Italy","ITA","ITA",22,"0","0","0","0","0","0","-","0"
1,"7ew8B3",1,3037,2002,200,"Ukraine","UKR","UKR",94,"Italy","ITA","ITA",22,"0","0","0","0","0","0","-","0"
1,"7ew8B3",1,3038,2003,200,"Ukraine","UKR","UKR",94,"Italy","ITA","ITA",25,"0","0","0","0","0","0","-","0"
1,"7ew8B3",1,3039,2004,200,"Ukraine","UKR","UKR",94,"Italy","ITA","ITA",29,"0","0","0","0","0","0","-","0"
1,"7ew8B3",1,3040,2005,200,"Ukraine","UKR","UKR",94,"Italy","ITA","ITA",29,"0","0","0","0","0","0","-","0"
1,"7ew8B3",1,3041,2006,200,"Ukraine","UKR","UKR",94,"Italy","ITA","ITA",29,"0","0","0","0","0","0","-","0"
1,"7ew8B3",1,3042,2007,200,"Ukraine","UKR","UKR",94,"Italy","ITA","ITA",62,"0","0","0","0","0","0","-","0"
1,"7ew8B3",1,3043,2008,200,"Ukraine","UKR","UKR",94,"Italy","ITA","ITA",63,"0","0","0","0","0","0","-","0"
1,"7ew8B3",1,3044,2009,200,"Ukraine","UKR","UKR",94,"Italy","ITA","ITA",76,"0","0","0","0","0","0","-","0"
1,"7ew8B3",1,3045,2010,200,"Ukraine","UKR","UKR",94,"Italy","ITA","ITA",71,6,"0","0","0","0","0","-","0"
1,"7ew8B3",1,3046,2011,200,"Ukraine","UKR","UKR",94,"Italy","ITA","ITA",60,"0","0","0","0","0","0","-","0"
1,"7ew8B3",1,3047,2012,200,"Ukraine","UKR","UKR",94,"Italy","ITA","ITA",60,13,"0","0","0","0","0","-","0"
1,"7ew8B3",1,3048,2013,200,"Ukraine","UKR","UKR",94,"Italy","ITA","ITA",77,5,"0","0","0","0","0","-","0"
1,"7ew8B3",1,3049,2014,200,"Ukraine","UKR","UKR",94,"Italy","ITA","ITA",236,1556,"0","0","0","0","0","-","0"
1,"7ew8B3",1,3050,2015,200,"Ukraine","UKR","UKR",94,"Italy","ITA","ITA",1870,3106,"0","0","0","0","0","-","0"
1,"7ew8B3",1,3051,2016,200,"Ukraine","UKR","UKR",94,"Italy","ITA","ITA",3720,2544,"0","0","0","0","0","-","0"
1,"7ew8B3",1,3052,2017,200,"Ukraine","UKR","UKR",94,"Italy","ITA","ITA",4947,4453,"0","0","0","0","0","-","0"
1,"7ew8B3",1,3053,2018,200,"Ukraine","UKR","UKR",94,"Italy","ITA","ITA",5861,4164,"0","0","0","0","0","-","0"
1,"7ew8B3",1,3054,2019,200,"Ukraine","UKR","UKR",94,"Italy","ITA","ITA",6353,1189,"0","0","0","0","0","-","0"
1,"7ew8B3",1,3055,2020,200,"Ukraine","UKR","UKR",94,"Italy","ITA","ITA",2920,961,"0","0","0","0","0","-","0"
1,"7ew8B3",1,3056,2021,200,"Ukraine","UKR","UKR",94,"Italy","ITA","ITA",3379,680,"0","0","0","0","0","-","0"
1,"7ew8B3",1,3057,2022,200,"Ukraine","UKR","UKR",94,"Italy","ITA","ITA",149872,1878,39000,"0","0","0","0","-","0"
1,"7ew8B3",1,3058,2023,200,"Ukraine","UKR","UKR",94,"Italy","ITA","ITA",164667,1331,17000,"0","0","0","0","-","0"
1,"7ew8B3",1,3059,2024,200,"Ukraine","UKR","UKR",94,"Italy","ITA","ITA",167780,1875,2000,"0","0","0","0","-","0"
1,"7ew8B3",1,3060,2025,200,"Ukraine","UKR","UKR",94,"Italy","ITA","ITA",173620,2012,1000,"0","0","0","0","-","0"
1,"7ew8B3",1,3061,1980,201,"Uruguay","URU","URY",94,"Italy","ITA","ITA",24,"0","0","0","0","0","0","-","0"
1,"7ew8B3",1,3062,1981,201,"Uruguay","URU","URY",94,"Italy","ITA","ITA",24,"0","0","0","0","0","0","-","0"
1,"7ew8B3",1,3063,1982,201,"Uruguay","URU","URY",94,"Italy","ITA","ITA",25,"0","0","0","0","0","0","-","0"
1,"7ew8B3",1,3064,1983,201,"Uruguay","URU","URY",94,"Italy","ITA","ITA",25,"0","0","0","0","0","0","-","0"
1,"7ew8B3",1,3065,1984,201,"Uruguay","URU","URY",94,"Italy","ITA","ITA",25,"0","0","0","0","0","0","-","0"
1,"7ew8B3",1,3066,1985,201,"Uruguay","URU","URY",94,"Italy","ITA","ITA",47,"0","0","0","0","0","0","-","0"
1,"7ew8B3",1,3067,1986,201,"Uruguay","URU","URY",94,"Italy","ITA","ITA",47,"0","0","0","0","0","0","-","0"
1,"7ew8B3",1,3068,1987,201,"Uruguay","URU","URY",94,"Italy","ITA","ITA",39,"0","0","0","0","0","0","-","0"
1,"7ew8B3",1,3069,1988,201,"Uruguay","URU","URY",94,"Italy","ITA","ITA",28,"0","0","0","0","0","0","-","0"
1,"7ew8B3",1,3070,1989,201,"Uruguay","URU","URY",94,"Italy","ITA","ITA",27,"0","0","0","0","0","0","-","0"
1,"7ew8B3",1,3071,1990,201,"Uruguay","URU","URY",94,"Italy","ITA","ITA",26,"0","0","0","0","0","0","-","0"
1,"7ew8B3",1,3072,1991,201,"Uruguay","URU","URY",94,"Italy","ITA","ITA",26,"0","0","0","0","0","0","-","0"
1,"7ew8B3",1,3073,1992,201,"Uruguay","URU","URY",94,"Italy","ITA","ITA",25,"0","0","0","0","0","0","-","0"
1,"7ew8B3",1,3074,1993,201,"Uruguay","URU","URY",94,"Italy","ITA","ITA",25,"0","0","0","0","0","0","-","0"
1,"7ew8B3",1,3075,1994,201,"Uruguay","URU","URY",94,"Italy","ITA","ITA",25,"0","0","0","0","0","0","-","0"
1,"7ew8B3",1,3076,1995,201,"Uruguay","URU","URY",94,"Italy","ITA","ITA",5,"0","0","0","0","0","0","-","0"
1,"7ew8B3",1,3077,1996,201,"Uruguay","URU","URY",94,"Italy","ITA","ITA",5,"0","0","0","0","0","0","-","0"
1,"7ew8B3",1,3078,2007,201,"Uruguay","URU","URY",94,"Italy","ITA","ITA",5,"0","0","0","0","0","0","-","0"
1,"7ew8B3",1,3079,2008,201,"Uruguay","URU","URY",94,"Italy","ITA","ITA",5,"0","0","0","0","0","0","-","0"
1,"7ew8B3",1,3080,2009,201,"Uruguay","URU","URY",94,"Italy","ITA","ITA",5,"0","0","0","0","0","0","-","0"
1,"7ew8B3",1,3081,2010,201,"Uruguay","URU","URY",94,"Italy","ITA","ITA",5,"0","0","0","0","0","0","-","0"
1,"7ew8B3",1,3082,2011,201,"Uruguay","URU","URY",94,"Italy","ITA","ITA",5,"0","0","0","0","0","0","-","0"
1,"7ew8B3",1,3083,2012,201,"Uruguay","URU","URY",94,"Italy","ITA","ITA",5,"0","0","0","0","0","0","-","0"
1,"7ew8B3",1,3084,2013,201,"Uruguay","URU","URY",94,"Italy","ITA","ITA",5,"0","0","0","0","0","0","-","0"
1,"7ew8B3",1,3085,2014,201,"Uruguay","URU","URY",94,"Italy","ITA","ITA",5,"0","0","0","0","0","0","-","0"
1,"7ew8B3",1,3086,2015,201,"Uruguay","URU","URY",94,"Italy","ITA","ITA",5,"0","0","0","0","0","0","-","0"
1,"7ew8B3",1,3087,2016,201,"Uruguay","URU","URY",94,"Italy","ITA","ITA",5,"0","0","0","0","0","0","-","0"
1,"7ew8B3",1,3088,2017,201,"Uruguay","URU","URY",94,"Italy","ITA","ITA","0",8,"0","0","0","0","0","-","0"
1,"7ew8B3",1,3089,2018,201,"Uruguay","URU","URY",94,"Italy","ITA","ITA","0",5,"0","0","0","0","0","-","0"
1,"7ew8B3",1,3090,2019,201,"Uruguay","URU","URY",94,"Italy","ITA","ITA","0",5,"0","0","0","0","0","-","0"
1,"7ew8B3",1,3091,2020,201,"Uruguay","URU","URY",94,"Italy","ITA","ITA","0",6,"0","0","0","0","0","-","0"
1,"7ew8B3",1,3092,2021,201,"Uruguay","URU","URY",94,"Italy","ITA","ITA",5,5,"0","0","0","0","0","-","0"
1,"7ew8B3",1,3093,2022,201,"Uruguay","URU","URY",94,"Italy","ITA","ITA",5,5,"0","0","0","0","0","-","0"
1,"7ew8B3",1,3094,2023,201,"Uruguay","URU","URY",94,"Italy","ITA","ITA","0",10,"0","0","0","0","0","-","0"
1,"7ew8B3",1,3095,2024,201,"Uruguay","URU","URY",94,"Italy","ITA","ITA","0",25,"0","0","0","0","0","-","0"
1,"7ew8B3",1,3096,2025,201,"Uruguay","URU","URY",94,"Italy","ITA","ITA","0",34,"0","0","0","0","0","-","0"
1,"7ew8B3",1,3097,2015,202,"United States of America","USA","USA",94,"Italy","ITA","ITA","0",5,"0","0","0","0","0","-","0"
1,"7ew8B3",1,3098,2016,202,"United States of America","USA","USA",94,"Italy","ITA","ITA",5,"0","0","0","0","0","0","-","0"
1,"7ew8B3",1,3099,2017,202,"United States of America","USA","USA",94,"Italy","ITA","ITA",5,5,"0","0","0","0","0","-","0"
1,"7ew8B3",1,3100,2018,202,"United States of America","USA","USA",94,"Italy","ITA","ITA",5,5,"0","0","0","0","0","-","0"
1,"7ew8B3",1,3101,2019,202,"United States of America","USA","USA",94,"Italy","ITA","ITA",5,"0","0","0","0","0","0","-","0"
1,"7ew8B3",1,3102,2020,202,"United States of America","USA","USA",94,"Italy","ITA","ITA","0",8,"0","0","0","0","0","-","0"
1,"7ew8B3",1,3103,2021,202,"United States of America","USA","USA",94,"Italy","ITA","ITA",5,"0","0","0","0","0","0","-","0"
1,"7ew8B3",1,3104,2022,202,"United States of America","USA","USA",94,"Italy","ITA","ITA",29,5,"0","0","0","0","0","-","0"
1,"7ew8B3",1,3105,2023,202,"United States of America","USA","USA",94,"Italy","ITA","ITA",9,9,"0","0","0","0","0","-","0"
1,"7ew8B3",1,3106,2024,202,"United States of America","USA","USA",94,"Italy","ITA","ITA",34,19,"0","0","0","0","0","-","0"
1,"7ew8B3",1,3107,2025,202,"United States of America","USA","USA",94,"Italy","ITA","ITA",35,37,"0","0","0","0","0","-","0"
1,"7ew8B3",1,3108,2009,203,"Uzbekistan","UZB","UZB",94,"Italy","ITA","ITA",5,"0","0","0","0","0","0","-","0"
1,"7ew8B3",1,3109,2010,203,"Uzbekistan","UZB","UZB",94,"Italy","ITA","ITA",5,"0","0","0","0","0","0","-","0"
1,"7ew8B3",1,3110,2011,203,"Uzbekistan","UZB","UZB",94,"Italy","ITA","ITA",5,"0","0","0","0","0","0","-","0"
1,"7ew8B3",1,3111,2012,203,"Uzbekistan","UZB","UZB",94,"Italy","ITA","ITA",5,"0","0","0","0","0","0","-","0"
1,"7ew8B3",1,3112,2013,203,"Uzbekistan","UZB","UZB",94,"Italy","ITA","ITA",6,"0","0","0","0","0","0","-","0"
1,"7ew8B3",1,3113,2014,203,"Uzbekistan","UZB","UZB",94,"Italy","ITA","ITA",7,"0","0","0","0","0","0","-","0"
1,"7ew8B3",1,3114,2015,203,"Uzbekistan","UZB","UZB",94,"Italy","ITA","ITA",7,"0","0","0","0","0","0","-","0"
1,"7ew8B3",1,3115,2016,203,"Uzbekistan","UZB","UZB",94,"Italy","ITA","ITA",8,7,"0","0","0","0","0","-","0"
1,"7ew8B3",1,3116,2017,203,"Uzbekistan","UZB","UZB",94,"Italy","ITA","ITA",6,11,"0","0","0","0","0","-","0"
1,"7ew8B3",1,3117,2018,203,"Uzbekistan","UZB","UZB",94,"Italy","ITA","ITA",18,5,"0","0","0","0","0","-","0"
1,"7ew8B3",1,3118,2019,203,"Uzbekistan","UZB","UZB",94,"Italy","ITA","ITA",21,"0","0","0","0","0","0","-","0"
1,"7ew8B3",1,3119,2022,203,"Uzbekistan","UZB","UZB",94,"Italy","ITA","ITA",10,8,"0","0","0","0","0","-","0"
1,"7ew8B3",1,3120,2023,203,"Uzbekistan","UZB","UZB",94,"Italy","ITA","ITA",8,5,"0","0","0","0","0","-","0"
1,"7ew8B3",1,3121,2024,203,"Uzbekistan","UZB","UZB",94,"Italy","ITA","ITA",18,10,"0","0","0","0","0","-","0"
1,"7ew8B3",1,3122,2025,203,"Uzbekistan","UZB","UZB",94,"Italy","ITA","ITA",18,14,"0","0","0","0","0","-","0"
1,"7ew8B3",1,3123,2012,207,"Venezuela (Bolivarian Republic of)","VEN","VEN",94,"Italy","ITA","ITA","0",8,"0","0","0","0","0","-","0"
1,"7ew8B3",1,3124,2013,207,"Venezuela (Bolivarian Republic of)","VEN","VEN",94,"Italy","ITA","ITA",5,9,"0","0","0","0","0","-","0"
1,"7ew8B3",1,3125,2014,207,"Venezuela (Bolivarian Republic of)","VEN","VEN",94,"Italy","ITA","ITA",17,14,"0","0","0","0","0","-","0"
1,"7ew8B3",1,3126,2015,207,"Venezuela (Bolivarian Republic of)","VEN","VEN",94,"Italy","ITA","ITA",33,26,"0","0","0","0","0","-","0"
1,"7ew8B3",1,3127,2016,207,"Venezuela (Bolivarian Republic of)","VEN","VEN",94,"Italy","ITA","ITA",67,118,"0","0","0","0","0","-","0"
1,"7ew8B3",1,3128,2017,207,"Venezuela (Bolivarian Republic of)","VEN","VEN",94,"Italy","ITA","ITA",177,915,"0","0","0","0","0","-","0"
1,"7ew8B3",1,3129,2018,207,"Venezuela (Bolivarian Republic of)","VEN","VEN",94,"Italy","ITA","ITA",563,1104,"0","0","0","0","0","-","0"
1,"7ew8B3",1,3130,2019,207,"Venezuela (Bolivarian Republic of)","VEN","VEN",94,"Italy","ITA","ITA",1988,580,"0","0","0","0","0","-","0"
1,"7ew8B3",1,3131,2020,207,"Venezuela (Bolivarian Republic of)","VEN","VEN",94,"Italy","ITA","ITA",2119,780,"0","0","0","0","0","-","0"
1,"7ew8B3",1,3132,2021,207,"Venezuela (Bolivarian Republic of)","VEN","VEN",94,"Italy","ITA","ITA",2906,391,"0","0","0","0","0","-","0"
1,"7ew8B3",1,3133,2022,207,"Venezuela (Bolivarian Republic of)","VEN","VEN",94,"Italy","ITA","ITA",3426,1084,"0","0","0","0","0","-","0"
1,"7ew8B3",1,3134,2023,207,"Venezuela (Bolivarian Republic of)","VEN","VEN",94,"Italy","ITA","ITA",4158,1615,"0","0","0","0","0","-","0"
1,"7ew8B3",1,3135,2024,207,"Venezuela (Bolivarian Republic of)","VEN","VEN",94,"Italy","ITA","ITA",4406,3276,"0","0","0","0","0","-","0"
1,"7ew8B3",1,3136,2025,207,"Venezuela (Bolivarian Republic of)","VEN","VEN",94,"Italy","ITA","ITA",4117,4067,"0","0","0","0","0","-","0"
1,"7ew8B3",1,3137,2015,210,"Western Sahara","WSH","ESH",94,"Italy","ITA","ITA","0",5,"0","0","0","0","0","-","0"
1,"7ew8B3",1,3138,2016,210,"Western Sahara","WSH","ESH",94,"Italy","ITA","ITA",5,"0","0","0","0","0","0","-","0"
1,"7ew8B3",1,3139,2017,210,"Western Sahara","WSH","ESH",94,"Italy","ITA","ITA",5,"0","0","0","0","0","0","-","0"
1,"7ew8B3",1,3140,2018,210,"Western Sahara","WSH","ESH",94,"Italy","ITA","ITA",5,"0","0","0","0","0","0","-","0"
1,"7ew8B3",1,3141,2019,210,"Western Sahara","WSH","ESH",94,"Italy","ITA","ITA",5,"0","0","0","0","0","0","-","0"
1,"7ew8B3",1,3142,2020,210,"Western Sahara","WSH","ESH",94,"Italy","ITA","ITA","0",5,"0","0","0","0","0","-","0"
1,"7ew8B3",1,3143,2021,210,"Western Sahara","WSH","ESH",94,"Italy","ITA","ITA",5,"0","0","0","0","0","0","-","0"
1,"7ew8B3",1,3144,2022,210,"Western Sahara","WSH","ESH",94,"Italy","ITA","ITA",5,"0","0","0","0","0","0","-","0"
1,"7ew8B3",1,3145,2010,211,"Yemen","YEM","YEM",94,"Italy","ITA","ITA",5,"0","0","0","0","0","0","-","0"
1,"7ew8B3",1,3146,2011,211,"Yemen","YEM","YEM",94,"Italy","ITA","ITA",13,"0","0","0","0","0","0","-","0"
1,"7ew8B3",1,3147,2012,211,"Yemen","YEM","YEM",94,"Italy","ITA","ITA",13,5,"0","0","0","0","0","-","0"
1,"7ew8B3",1,3148,2013,211,"Yemen","YEM","YEM",94,"Italy","ITA","ITA",19,16,"0","0","0","0","0","-","0"
1,"7ew8B3",1,3149,2014,211,"Yemen","YEM","YEM",94,"Italy","ITA","ITA",45,8,"0","0","0","0","0","-","0"
1,"7ew8B3",1,3150,2015,211,"Yemen","YEM","YEM",94,"Italy","ITA","ITA",58,14,"0","0","0","0","0","-","0"
1,"7ew8B3",1,3151,2016,211,"Yemen","YEM","YEM",94,"Italy","ITA","ITA",74,33,"0","0","0","0","0","-","0"
1,"7ew8B3",1,3152,2017,211,"Yemen","YEM","YEM",94,"Italy","ITA","ITA",113,42,"0","0","0","0","0","-","0"
1,"7ew8B3",1,3153,2018,211,"Yemen","YEM","YEM",94,"Italy","ITA","ITA",141,54,"0","0","0","0","0","-","0"
1,"7ew8B3",1,3154,2019,211,"Yemen","YEM","YEM",94,"Italy","ITA","ITA",151,40,"0","0","0","0","0","-","0"
1,"7ew8B3",1,3155,2020,211,"Yemen","YEM","YEM",94,"Italy","ITA","ITA","0",56,"0","0","0","0","0","-","0"
1,"7ew8B3",1,3156,2021,211,"Yemen","YEM","YEM",94,"Italy","ITA","ITA","0",42,"0","0","0","0","0","-","0"
1,"7ew8B3",1,3157,2022,211,"Yemen","YEM","YEM",94,"Italy","ITA","ITA",30,44,"0","0","0","0","0","-","0"
1,"7ew8B3",1,3158,2023,211,"Yemen","YEM","YEM",94,"Italy","ITA","ITA",150,27,"0","0","0","0","0","-","0"
1,"7ew8B3",1,3159,2024,211,"Yemen","YEM","YEM",94,"Italy","ITA","ITA",139,26,"0","0","0","0","0","-","0"
1,"7ew8B3",1,3160,2025,211,"Yemen","YEM","YEM",94,"Italy","ITA","ITA",135,34,"0","0","0","0","0","-","0"
1,"7ew8B3",1,3161,2015,213,"Zambia","ZAM","ZMB",94,"Italy","ITA","ITA",29,"0","0","0","0","0","0","-","0"
1,"7ew8B3",1,3162,2025,213,"Zambia","ZAM","ZMB",94,"Italy","ITA","ITA","0",5,"0","0","0","0","0","-","0"
1,"7ew8B3",1,3163,2007,214,"Zimbabwe","ZIM","ZWE",94,"Italy","ITA","ITA",5,"0","0","0","0","0","0","-","0"
1,"7ew8B3",1,3164,2008,214,"Zimbabwe","ZIM","ZWE",94,"Italy","ITA","ITA",10,"0","0","0","0","0","0","-","0"
1,"7ew8B3",1,3165,2009,214,"Zimbabwe","ZIM","ZWE",94,"Italy","ITA","ITA",20,"0","0","0","0","0","0","-","0"
1,"7ew8B3",1,3166,2010,214,"Zimbabwe","ZIM","ZWE",94,"Italy","ITA","ITA",23,5,"0","0","0","0","0","-","0"
1,"7ew8B3",1,3167,2011,214,"Zimbabwe","ZIM","ZWE",94,"Italy","ITA","ITA",25,"0","0","0","0","0","0","-","0"
1,"7ew8B3",1,3168,2012,214,"Zimbabwe","ZIM","ZWE",94,"Italy","ITA","ITA",25,5,"0","0","0","0","0","-","0"
1,"7ew8B3",1,3169,2013,214,"Zimbabwe","ZIM","ZWE",94,"Italy","ITA","ITA",25,"0","0","0","0","0","0","-","0"
1,"7ew8B3",1,3170,2014,214,"Zimbabwe","ZIM","ZWE",94,"Italy","ITA","ITA",27,5,"0","0","0","0","0","-","0"
1,"7ew8B3",1,3171,2016,214,"Zimbabwe","ZIM","ZWE",94,"Italy","ITA","ITA",29,"0","0","0","0","0","0","-","0"
1,"7ew8B3",1,3172,2017,214,"Zimbabwe","ZIM","ZWE",94,"Italy","ITA","ITA",24,11,"0","0","0","0","0","-","0"
1,"7ew8B3",1,3173,2018,214,"Zimbabwe","ZIM","ZWE",94,"Italy","ITA","ITA",25,6,"0","0","0","0","0","-","0"
1,"7ew8B3",1,3174,2019,214,"Zimbabwe","ZIM","ZWE",94,"Italy","ITA","ITA",30,5,"0","0","0","0","0","-","0"
1,"7ew8B3",1,3175,2020,214,"Zimbabwe","ZIM","ZWE",94,"Italy","ITA","ITA","0",5,"0","0","0","0","0","-","0"
1,"7ew8B3",1,3176,2023,214,"Zimbabwe","ZIM","ZWE",94,"Italy","ITA","ITA",23,7,"0","0","0","0","0","-","0"
1,"7ew8B3",1,3177,2024,214,"Zimbabwe","ZIM","ZWE",94,"Italy","ITA","ITA",21,8,"0","0","0","0","0","-","0"
1,"7ew8B3",1,3178,2025,214,"Zimbabwe","ZIM","ZWE",94,"Italy","ITA","ITA",23,12,"0","0","0","0","0","-","0"
1,"7ew8B3",1,3179,1980,216,"Stateless","STA","XXA",94,"Italy","ITA","ITA",8,"0","0","0","0","0","0","-","0"
1,"7ew8B3",1,3180,1981,216,"Stateless","STA","XXA",94,"Italy","ITA","ITA",29,"0","0","0","0","0","0","-","0"
1,"7ew8B3",1,3181,1982,216,"Stateless","STA","XXA",94,"Italy","ITA","ITA",32,"0","0","0","0","0","0","-","0"
1,"7ew8B3",1,3182,1983,216,"Stateless","STA","XXA",94,"Italy","ITA","ITA",32,"0","0","0","0","0","0","-","0"
1,"7ew8B3",1,3183,1984,216,"Stateless","STA","XXA",94,"Italy","ITA","ITA",32,"0","0","0","0","0","0","-","0"
1,"7ew8B3",1,3184,1985,216,"Stateless","STA","XXA",94,"Italy","ITA","ITA",34,"0","0","0","0","0","0","-","0"
1,"7ew8B3",1,3185,1986,216,"Stateless","STA","XXA",94,"Italy","ITA","ITA",32,"0","0","0","0","0","0","-","0"
1,"7ew8B3",1,3186,1987,216,"Stateless","STA","XXA",94,"Italy","ITA","ITA",32,"0","0","0","0","0","0","-","0"
1,"7ew8B3",1,3187,1988,216,"Stateless","STA","XXA",94,"Italy","ITA","ITA",26,"0","0","0","0","0","0","-","0"
1,"7ew8B3",1,3188,1989,216,"Stateless","STA","XXA",94,"Italy","ITA","ITA",26,"0","0","0","0","0","0","-","0"
1,"7ew8B3",1,3189,1990,216,"Stateless","STA","XXA",94,"Italy","ITA","ITA",26,"0","0","0","0","0","0","-","0"
1,"7ew8B3",1,3190,1991,216,"Stateless","STA","XXA",94,"Italy","ITA","ITA",5,"0","0","0","0","0","0","-","0"
1,"7ew8B3",1,3191,1993,216,"Stateless","STA","XXA",94,"Italy","ITA","ITA",5,"0","0","0","0","0","0","-","0"
1,"7ew8B3",1,3192,1994,216,"Stateless","STA","XXA",94,"Italy","ITA","ITA",5,"0","0","0","0","0","0","-","0"
1,"7ew8B3",1,3193,1995,216,"Stateless","STA","XXA",94,"Italy","ITA","ITA",5,"0","0","0","0","0","0","-","0"
1,"7ew8B3",1,3194,1996,216,"Stateless","STA","XXA",94,"Italy","ITA","ITA",6,"0","0","0","0","0","0","-","0"
1,"7ew8B3",1,3195,1997,216,"Stateless","STA","XXA",94,"Italy","ITA","ITA",6,"0","0","0","0","0","0","-","0"
1,"7ew8B3",1,3196,1998,216,"Stateless","STA","XXA",94,"Italy","ITA","ITA",6,"0","0","0","0","0","0","-","0"
1,"7ew8B3",1,3197,1999,216,"Stateless","STA","XXA",94,"Italy","ITA","ITA",7,"0","0","0","0","0","0","-","0"
1,"7ew8B3",1,3198,2000,216,"Stateless","STA","XXA",94,"Italy","ITA","ITA",7,"0","0","0","0","0","0","-","0"
1,"7ew8B3",1,3199,2001,216,"Stateless","STA","XXA",94,"Italy","ITA","ITA",7,"0","0","0","0","0","0","-","0"
1,"7ew8B3",1,3200,2002,216,"Stateless","STA","XXA",94,"Italy","ITA","ITA",7,"0","0","0","0","0","0","-","0"
1,"7ew8B3",1,3201,2003,216,"Stateless","STA","XXA",94,"Italy","ITA","ITA",6,"0","0","0","0","0","0","-","0"
1,"7ew8B3",1,3202,2004,216,"Stateless","STA","XXA",94,"Italy","ITA","ITA",6,"0","0","0","0",886,"0","-","0"
1,"7ew8B3",1,3203,2005,216,"Stateless","STA","XXA",94,"Italy","ITA","ITA",5,"0","0","0","0",886,"0","-","0"
1,"7ew8B3",1,3204,2006,216,"Stateless","STA","XXA",94,"Italy","ITA","ITA",6,"0","0","0","0",886,"0","-","0"
1,"7ew8B3",1,3205,2007,216,"Stateless","STA","XXA",94,"Italy","ITA","ITA",7,"0","0","0","0",886,"0","-","0"
1,"7ew8B3",1,3206,2008,216,"Stateless","STA","XXA",94,"Italy","ITA","ITA",9,"0","0","0","0",722,"0","-","0"
1,"7ew8B3",1,3207,2009,216,"Stateless","STA","XXA",94,"Italy","ITA","ITA",8,"0","0","0","0",793,"0","-","0"
1,"7ew8B3",1,3208,2010,216,"Stateless","STA","XXA",94,"Italy","ITA","ITA",9,"0","0","0","0",854,"0","-","0"
1,"7ew8B3",1,3209,2011,216,"Stateless","STA","XXA",94,"Italy","ITA","ITA",11,"0","0","0","0",1176,"0","-","0"
1,"7ew8B3",1,3210,2012,216,"Stateless","STA","XXA",94,"Italy","ITA","ITA",13,"0","0","0","0",470,"0","-","0"
1,"7ew8B3",1,3211,2013,216,"Stateless","STA","XXA",94,"Italy","ITA","ITA",19,"0","0","0","0",350,"0","-","0"
1,"7ew8B3",1,3212,2014,216,"Stateless","STA","XXA",94,"Italy","ITA","ITA",21,5,"0","0","0",813,"0","-","0"
1,"7ew8B3",1,3213,2015,216,"Stateless","STA","XXA",94,"Italy","ITA","ITA",20,"0","0","0","0",747,"0","-","0"
1,"7ew8B3",1,3214,2016,216,"Stateless","STA","XXA",94,"Italy","ITA","ITA",16,"0","0","0","0",701,"0","-","0"
1,"7ew8B3",1,3215,2017,216,"Stateless","STA","XXA",94,"Italy","ITA","ITA",19,13,"0","0","0",715,"0","-","0"
1,"7ew8B3",1,3216,2018,216,"Stateless","STA","XXA",94,"Italy","ITA","ITA",17,"0","0","0","0",732,"0","-","0"
1,"7ew8B3",1,3217,2019,216,"Stateless","STA","XXA",94,"Italy","ITA","ITA",17,"0","0","0","0",15839,"0","-","0"
1,"7ew8B3",1,3218,2020,216,"Stateless","STA","XXA",94,"Italy","ITA","ITA","0",16,"0","0","0",3000,"0","-","0"
1,"7ew8B3",1,3219,2021,216,"Stateless","STA","XXA",94,"Italy","ITA","ITA",9,13,"0","0","0",3000,"0","-","0"
1,"7ew8B3",1,3220,2022,216,"Stateless","STA","XXA",94,"Italy","ITA","ITA",7,5,"0","0","0",2998,"0","-","0"
1,"7ew8B3",1,3221,2023,216,"Stateless","STA","XXA",94,"Italy","ITA","ITA",36,5,"0","0","0",3000,"0","-","0"
1,"7ew8B3",1,3222,2024,216,"Stateless","STA","XXA",94,"Italy","ITA","ITA",33,10,"0","0","0",3000,"0","-","0"
1,"7ew8B3",1,3223,2025,216,"Stateless","STA","XXA",94,"Italy","ITA","ITA",67,46,"0","0","0",3000,"0","-","0"
1,"7ew8B3",1,3224,1951,262,"Unknown ","UKN","UNK",94,"Italy","ITA","ITA",26500,"0","0","0","0","0","0","-","0"
1,"7ew8B3",1,3225,1952,262,"Unknown ","UKN","UNK",94,"Italy","ITA","ITA",25500,"0","0","0","0","0","0","-","0"
1,"7ew8B3",1,3226,1953,262,"Unknown ","UKN","UNK",94,"Italy","ITA","ITA",24500,"0","0","0","0","0","0","-","0"
1,"7ew8B3",1,3227,1954,262,"Unknown ","UKN","UNK",94,"Italy","ITA","ITA",21500,"0","0","0","0","0","0","-","0"
1,"7ew8B3",1,3228,1955,262,"Unknown ","UKN","UNK",94,"Italy","ITA","ITA",18500,"0","0","0","0","0","0","-","0"
1,"7ew8B3",1,3229,1956,262,"Unknown ","UKN","UNK",94,"Italy","ITA","ITA",21500,"0","0","0","0","0","0","-","0"
1,"7ew8B3",1,3230,1957,262,"Unknown ","UKN","UNK",94,"Italy","ITA","ITA",21000,"0","0","0","0","0","0","-","0"
1,"7ew8B3",1,3231,1958,262,"Unknown ","UKN","UNK",94,"Italy","ITA","ITA",21000,"0","0","0","0","0","0","-","0"
1,"7ew8B3",1,3232,1959,262,"Unknown ","UKN","UNK",94,"Italy","ITA","ITA",18500,"0","0","0","0","0","0","-","0"
1,"7ew8B3",1,3233,1960,262,"Unknown ","UKN","UNK",94,"Italy","ITA","ITA",15500,"0","0","0","0","0","0","-","0"
1,"7ew8B3",1,3234,1961,262,"Unknown ","UKN","UNK",94,"Italy","ITA","ITA",14500,"0","0","0","0","0","0","-","0"
1,"7ew8B3",1,3235,1962,262,"Unknown ","UKN","UNK",94,"Italy","ITA","ITA",14300,"0","0","0","0","0","0","-","0"
1,"7ew8B3",1,3236,1963,262,"Unknown ","UKN","UNK",94,"Italy","ITA","ITA",14600,"0","0","0","0","0","0","-","0"
1,"7ew8B3",1,3237,1964,262,"Unknown ","UKN","UNK",94,"Italy","ITA","ITA",14000,"0","0","0","0","0","0","-","0"
1,"7ew8B3",1,3238,1965,262,"Unknown ","UKN","UNK",94,"Italy","ITA","ITA",15000,"0","0","0","0","0","0","-","0"
1,"7ew8B3",1,3239,1966,262,"Unknown ","UKN","UNK",94,"Italy","ITA","ITA",14000,"0","0","0","0","0","0","-","0"
1,"7ew8B3",1,3240,1967,262,"Unknown ","UKN","UNK",94,"Italy","ITA","ITA",13000,"0","0","0","0","0","0","-","0"
1,"7ew8B3",1,3241,1968,262,"Unknown ","UKN","UNK",94,"Italy","ITA","ITA",13000,"0","0","0","0","0","0","-","0"
1,"7ew8B3",1,3242,1969,262,"Unknown ","UKN","UNK",94,"Italy","ITA","ITA",14000,"0","0","0","0","0","0","-","0"
1,"7ew8B3",1,3243,1970,262,"Unknown ","UKN","UNK",94,"Italy","ITA","ITA",13000,"0","0","0","0","0","0","-","0"
1,"7ew8B3",1,3244,1971,262,"Unknown ","UKN","UNK",94,"Italy","ITA","ITA",12700,"0","0","0","0","0","0","-","0"
1,"7ew8B3",1,3245,1972,262,"Unknown ","UKN","UNK",94,"Italy","ITA","ITA",12600,"0","0","0","0","0","0","-","0"
1,"7ew8B3",1,3246,1973,262,"Unknown ","UKN","UNK",94,"Italy","ITA","ITA",12600,"0","0","0","0","0","0","-","0"
1,"7ew8B3",1,3247,1974,262,"Unknown ","UKN","UNK",94,"Italy","ITA","ITA",13000,"0","0","0","0","0","0","-","0"
1,"7ew8B3",1,3248,1975,262,"Unknown ","UKN","UNK",94,"Italy","ITA","ITA",11900,"0","0","0","0","0","0","-","0"
1,"7ew8B3",1,3249,1976,262,"Unknown ","UKN","UNK",94,"Italy","ITA","ITA",11900,"0","0","0","0","0","0","-","0"
1,"7ew8B3",1,3250,1977,262,"Unknown ","UKN","UNK",94,"Italy","ITA","ITA",11700,"0","0","0","0","0","0","-","0"
1,"7ew8B3",1,3251,1978,262,"Unknown ","UKN","UNK",94,"Italy","ITA","ITA",11700,"0","0","0","0","0","0","-","0"
1,"7ew8B3",1,3252,1979,262,"Unknown ","UKN","UNK",94,"Italy","ITA","ITA",14100,"0","0","0","0","0","0","-","0"
1,"7ew8B3",1,3253,1980,262,"Unknown ","UKN","UNK",94,"Italy","ITA","ITA",3604,"0","0","0","0","0","0","-","0"
1,"7ew8B3",1,3254,1981,262,"Unknown ","UKN","UNK",94,"Italy","ITA","ITA",3180,"0","0","0","0","0","0","-","0"
1,"7ew8B3",1,3255,1982,262,"Unknown ","UKN","UNK",94,"Italy","ITA","ITA",2750,"0","0","0","0","0","0","-","0"
1,"7ew8B3",1,3256,1983,262,"Unknown ","UKN","UNK",94,"Italy","ITA","ITA",1230,"0","0","0","0","0","0","-","0"
1,"7ew8B3",1,3257,1984,262,"Unknown ","UKN","UNK",94,"Italy","ITA","ITA",18,"0","0","0","0","0","0","-","0"
1,"7ew8B3",1,3258,1985,262,"Unknown ","UKN","UNK",94,"Italy","ITA","ITA",18,"0","0","0","0","0","0","-","0"
1,"7ew8B3",1,3259,1986,262,"Unknown ","UKN","UNK",94,"Italy","ITA","ITA",18,"0","0","0","0","0","0","-","0"
1,"7ew8B3",1,3260,1987,262,"Unknown ","UKN","UNK",94,"Italy","ITA","ITA",18,"0","0","0","0","0","0","-","0"
1,"7ew8B3",1,3261,1988,262,"Unknown ","UKN","UNK",94,"Italy","ITA","ITA",18,"0","0","0","0","0","0","-","0"
1,"7ew8B3",1,3262,1989,262,"Unknown ","UKN","UNK",94,"Italy","ITA","ITA",33,"0","0","0","0","0","0","-","0"
1,"7ew8B3",1,3263,1990,262,"Unknown ","UKN","UNK",94,"Italy","ITA","ITA",33,"0","0","0","0","0","0","-","0"
1,"7ew8B3",1,3264,1991,262,"Unknown ","UKN","UNK",94,"Italy","ITA","ITA",16,"0","0","0","0","0","0","-","0"
1,"7ew8B3",1,3265,1992,262,"Unknown ","UKN","UNK",94,"Italy","ITA","ITA",16,"0","0","0","0","0","0","-","0"
1,"7ew8B3",1,3266,1993,262,"Unknown ","UKN","UNK",94,"Italy","ITA","ITA",32016,"0","0","0","0","0","0","-","0"
1,"7ew8B3",1,3267,1994,262,"Unknown ","UKN","UNK",94,"Italy","ITA","ITA",55966,"0","0","0","0","0","0","-","0"
1,"7ew8B3",1,3268,1995,262,"Unknown ","UKN","UNK",94,"Italy","ITA","ITA",16,"0","0","0","0","0","0","-","0"
1,"7ew8B3",1,3269,1996,262,"Unknown ","UKN","UNK",94,"Italy","ITA","ITA",30,"0","0","0","0","0","0","-","0"
1,"7ew8B3",1,3270,1997,262,"Unknown ","UKN","UNK",94,"Italy","ITA","ITA",30,"0","0","0","0","0","0","-","0"
1,"7ew8B3",1,3271,1998,262,"Unknown ","UKN","UNK",94,"Italy","ITA","ITA",30,"0","0","0","0","0","0","-","0"
1,"7ew8B3",1,3272,1999,262,"Unknown ","UKN","UNK",94,"Italy","ITA","ITA",31,"0","0","0","0","0","0","-","0"
1,"7ew8B3",1,3273,2000,262,"Unknown ","UKN","UNK",94,"Italy","ITA","ITA",585,113,"0","0","0","0","0","-","0"
1,"7ew8B3",1,3274,2001,262,"Unknown ","UKN","UNK",94,"Italy","ITA","ITA",695,"0","0","0","0","0","0","-","0"
1,"7ew8B3",1,3275,2002,262,"Unknown ","UKN","UNK",94,"Italy","ITA","ITA",771,"0","0","0","0","0","0","-","0"
1,"7ew8B3",1,3276,2003,262,"Unknown ","UKN","UNK",94,"Italy","ITA","ITA",3003,"0","0","0","0","0","0","-","0"
1,"7ew8B3",1,3277,2004,262,"Unknown ","UKN","UNK",94,"Italy","ITA","ITA",3003,"0","0","0","0","0","0","-","0"
1,"7ew8B3",1,3278,2005,262,"Unknown ","UKN","UNK",94,"Italy","ITA","ITA",3103,"0","0","0","0","0","0","-","0"
1,"7ew8B3",1,3279,2006,262,"Unknown ","UKN","UNK",94,"Italy","ITA","ITA",3390,"0","0","0","0","0","0","-","0"
1,"7ew8B3",1,3280,2007,262,"Unknown ","UKN","UNK",94,"Italy","ITA","ITA",3390,1500,"0","0","0","0","0","-","0"
1,"7ew8B3",1,3281,2008,262,"Unknown ","UKN","UNK",94,"Italy","ITA","ITA",3442,"0","0","0","0","0","0","-","0"
1,"7ew8B3",1,3282,2009,262,"Unknown ","UKN","UNK",94,"Italy","ITA","ITA",3496,4365,"0","0","0","0","0","-","0"
1,"7ew8B3",1,3283,2010,262,"Unknown ","UKN","UNK",94,"Italy","ITA","ITA",3058,87,"0","0","0","0","0","-","0"
1,"7ew8B3",1,3284,2011,262,"Unknown ","UKN","UNK",94,"Italy","ITA","ITA",2958,13525,"0","0","0","0","0","-","0"
1,"7ew8B3",1,3285,2012,262,"Unknown ","UKN","UNK",94,"Italy","ITA","ITA",2889,165,"0","0","0","0","0","-","0"
1,"7ew8B3",1,3286,2013,262,"Unknown ","UKN","UNK",94,"Italy","ITA","ITA",857,157,"0","0","0","0","0","-","0"
1,"7ew8B3",1,3287,2014,262,"Unknown ","UKN","UNK",94,"Italy","ITA","ITA",982,495,"0","0","0","0","0","-","0"
1,"7ew8B3",1,3288,2015,262,"Unknown ","UKN","UNK",94,"Italy","ITA","ITA",1212,1010,"0","0","0","0","0","-","0"
1,"7ew8B3",1,3289,2016,262,"Unknown ","UKN","UNK",94,"Italy","ITA","ITA",1251,220,"0","0","0","0","0","-","0"
1,"7ew8B3",1,3290,2017,262,"Unknown ","UKN","UNK",94,"Italy","ITA","ITA",1353,"0","0","0","0","0","0","-","0"
1,"7ew8B3",1,3291,2018,262,"Unknown ","UKN","UNK",94,"Italy","ITA","ITA",1437,"0","0","0","0","0","0","-","0"
1,"7ew8B3",1,3292,2019,262,"Unknown ","UKN","UNK",94,"Italy","ITA","ITA",1630,385,"0","0","0","0","0","-","0"
1,"7ew8B3",1,3293,2020,262,"Unknown ","UKN","UNK",94,"Italy","ITA","ITA",2291,443,"0","0","0","0","0","-","0"
1,"7ew8B3",1,3294,2021,262,"Unknown ","UKN","UNK",94,"Italy","ITA","ITA",2517,574,"0","0","0","0","0","-","0"
1,"7ew8B3",1,3295,2022,262,"Unknown ","UKN","UNK",94,"Italy","ITA","ITA",2646,435,"0","0","0","0","0","-","0"
1,"7ew8B3",1,3296,2023,262,"Unknown ","UKN","UNK",94,"Italy","ITA","ITA",50,416,"0","0","0","0","0","-","0"
1,"7ew8B3",1,3297,2024,262,"Unknown ","UKN","UNK",94,"Italy","ITA","ITA",38,511,"0","0","0","0","0","-","0"
1,"7ew8B3",1,3298,2025,262,"Unknown ","UKN","UNK",94,"Italy","ITA","ITA",19,463,"0","0","0","0","0","-","0"
