"page","short-url","maxPages","items","year","coo_id","coo_name","coo","coo_iso","coa_id","coa_name","coa","coa_iso","refugees","asylum_seekers","returned_refugees","idps","returned_idps","stateless","ooc","oip","hst"
1,"t1UHTw",1,1,2020,3,"Albania","ALB","ALB",93,"Israel","ISR","ISR","0",28,"0","0","0","0","0","-","0"
1,"t1UHTw",1,2,2021,3,"Albania","ALB","ALB",93,"Israel","ISR","ISR","0",12,"0","0","0","0","0","-","0"
1,"t1UHTw",1,3,2022,3,"Albania","ALB","ALB",93,"Israel","ISR","ISR","0",25,"0","0","0","0","0","-","0"
1,"t1UHTw",1,4,2023,3,"Albania","ALB","ALB",93,"Israel","ISR","ISR","0",14,"0","0","0","0","0","-","0"
1,"t1UHTw",1,5,2024,3,"Albania","ALB","ALB",93,"Israel","ISR","ISR","0",5,"0","0","0","0","0","-","0"
1,"t1UHTw",1,6,2025,3,"Albania","ALB","ALB",93,"Israel","ISR","ISR","0",5,"0","0","0","0","0","-","0"
1,"t1UHTw",1,7,2005,8,"Egypt","ARE","EGY",93,"Israel","ISR","ISR","0",6,"0","0","0","0","0","-","0"
1,"t1UHTw",1,8,2006,8,"Egypt","ARE","EGY",93,"Israel","ISR","ISR","0",12,"0","0","0","0","0","-","0"
1,"t1UHTw",1,9,2007,8,"Egypt","ARE","EGY",93,"Israel","ISR","ISR","0",13,"0","0","0","0","0","-","0"
1,"t1UHTw",1,10,2008,8,"Egypt","ARE","EGY",93,"Israel","ISR","ISR","0",9,"0","0","0","0","0","-","0"
1,"t1UHTw",1,11,2009,8,"Egypt","ARE","EGY",93,"Israel","ISR","ISR","0",9,"0","0","0","0","0","-","0"
1,"t1UHTw",1,12,2010,8,"Egypt","ARE","EGY",93,"Israel","ISR","ISR","0",9,"0","0","0","0","0","-","0"
1,"t1UHTw",1,13,2016,8,"Egypt","ARE","EGY",93,"Israel","ISR","ISR","0",10,"0","0","0","0","0","-","0"
1,"t1UHTw",1,14,2017,8,"Egypt","ARE","EGY",93,"Israel","ISR","ISR","0",12,"0","0","0","0","0","-","0"
1,"t1UHTw",1,15,2018,8,"Egypt","ARE","EGY",93,"Israel","ISR","ISR","0",12,"0","0","0","0","0","-","0"
1,"t1UHTw",1,16,2019,8,"Egypt","ARE","EGY",93,"Israel","ISR","ISR","0",12,"0","0","0","0","0","-","0"
1,"t1UHTw",1,17,2016,9,"Argentina","ARG","ARG",93,"Israel","ISR","ISR","0",5,"0","0","0","0","0","-","0"
1,"t1UHTw",1,18,2019,9,"Argentina","ARG","ARG",93,"Israel","ISR","ISR","0",5,"0","0","0","0","0","-","0"
1,"t1UHTw",1,19,2020,9,"Argentina","ARG","ARG",93,"Israel","ISR","ISR","0",7,"0","0","0","0","0","-","0"
1,"t1UHTw",1,20,2023,9,"Argentina","ARG","ARG",93,"Israel","ISR","ISR","0",5,"0","0","0","0","0","-","0"
1,"t1UHTw",1,21,2024,9,"Argentina","ARG","ARG",93,"Israel","ISR","ISR","0",5,"0","0","0","0","0","-","0"
1,"t1UHTw",1,22,2025,9,"Argentina","ARG","ARG",93,"Israel","ISR","ISR","0",5,"0","0","0","0","0","-","0"
1,"t1UHTw",1,23,2000,10,"Armenia","ARM","ARM",93,"Israel","ISR","ISR","0",5,"0","0","0","0","0","-","0"
1,"t1UHTw",1,24,2001,10,"Armenia","ARM","ARM",93,"Israel","ISR","ISR","0",5,"0","0","0","0","0","-","0"
1,"t1UHTw",1,25,2016,10,"Armenia","ARM","ARM",93,"Israel","ISR","ISR","0",12,"0","0","0","0","0","-","0"
1,"t1UHTw",1,26,2017,10,"Armenia","ARM","ARM",93,"Israel","ISR","ISR","0",29,"0","0","0","0","0","-","0"
1,"t1UHTw",1,27,2018,10,"Armenia","ARM","ARM",93,"Israel","ISR","ISR","0",51,"0","0","0","0","0","-","0"
1,"t1UHTw",1,28,2019,10,"Armenia","ARM","ARM",93,"Israel","ISR","ISR","0",58,"0","0","0","0","0","-","0"
1,"t1UHTw",1,29,2020,10,"Armenia","ARM","ARM",93,"Israel","ISR","ISR","0",53,"0","0","0","0","0","-","0"
1,"t1UHTw",1,30,2021,10,"Armenia","ARM","ARM",93,"Israel","ISR","ISR","0",31,"0","0","0","0","0","-","0"
1,"t1UHTw",1,31,2022,10,"Armenia","ARM","ARM",93,"Israel","ISR","ISR","0",27,"0","0","0","0","0","-","0"
1,"t1UHTw",1,32,2023,10,"Armenia","ARM","ARM",93,"Israel","ISR","ISR","0",29,"0","0","0","0","0","-","0"
1,"t1UHTw",1,33,2016,13,"Azerbaijan","AZE","AZE",93,"Israel","ISR","ISR","0",8,"0","0","0","0","0","-","0"
1,"t1UHTw",1,34,2017,13,"Azerbaijan","AZE","AZE",93,"Israel","ISR","ISR","0",13,"0","0","0","0","0","-","0"
1,"t1UHTw",1,35,2018,13,"Azerbaijan","AZE","AZE",93,"Israel","ISR","ISR","0",46,"0","0","0","0","0","-","0"
1,"t1UHTw",1,36,2019,13,"Azerbaijan","AZE","AZE",93,"Israel","ISR","ISR","0",69,"0","0","0","0","0","-","0"
1,"t1UHTw",1,37,2020,13,"Azerbaijan","AZE","AZE",93,"Israel","ISR","ISR","0",57,"0","0","0","0","0","-","0"
1,"t1UHTw",1,38,2021,13,"Azerbaijan","AZE","AZE",93,"Israel","ISR","ISR","0",39,"0","0","0","0","0","-","0"
1,"t1UHTw",1,39,2022,13,"Azerbaijan","AZE","AZE",93,"Israel","ISR","ISR","0",34,"0","0","0","0","0","-","0"
1,"t1UHTw",1,40,2023,13,"Azerbaijan","AZE","AZE",93,"Israel","ISR","ISR","0",47,"0","0","0","0","0","-","0"
1,"t1UHTw",1,41,2024,13,"Azerbaijan","AZE","AZE",93,"Israel","ISR","ISR","0",54,"0","0","0","0","0","-","0"
1,"t1UHTw",1,42,2025,13,"Azerbaijan","AZE","AZE",93,"Israel","ISR","ISR","0",54,"0","0","0","0","0","-","0"
1,"t1UHTw",1,43,2002,16,"Burundi","BDI","BDI",93,"Israel","ISR","ISR","0",5,"0","0","0","0","0","-","0"
1,"t1UHTw",1,44,2005,16,"Burundi","BDI","BDI",93,"Israel","ISR","ISR","0",5,"0","0","0","0","0","-","0"
1,"t1UHTw",1,45,2006,16,"Burundi","BDI","BDI",93,"Israel","ISR","ISR","0",5,"0","0","0","0","0","-","0"
1,"t1UHTw",1,46,2007,16,"Burundi","BDI","BDI",93,"Israel","ISR","ISR","0",5,"0","0","0","0","0","-","0"
1,"t1UHTw",1,47,2008,16,"Burundi","BDI","BDI",93,"Israel","ISR","ISR","0",10,"0","0","0","0","0","-","0"
1,"t1UHTw",1,48,2007,18,"Benin","BEN","BEN",93,"Israel","ISR","ISR","0",5,"0","0","0","0","0","-","0"
1,"t1UHTw",1,49,2008,18,"Benin","BEN","BEN",93,"Israel","ISR","ISR","0",6,"0","0","0","0","0","-","0"
1,"t1UHTw",1,50,2009,18,"Benin","BEN","BEN",93,"Israel","ISR","ISR","0",6,"0","0","0","0","0","-","0"
1,"t1UHTw",1,51,2010,18,"Benin","BEN","BEN",93,"Israel","ISR","ISR","0",6,"0","0","0","0","0","-","0"
1,"t1UHTw",1,52,2018,18,"Benin","BEN","BEN",93,"Israel","ISR","ISR","0",5,"0","0","0","0","0","-","0"
1,"t1UHTw",1,53,2019,18,"Benin","BEN","BEN",93,"Israel","ISR","ISR","0",5,"0","0","0","0","0","-","0"
1,"t1UHTw",1,54,2020,18,"Benin","BEN","BEN",93,"Israel","ISR","ISR","0",5,"0","0","0","0","0","-","0"
1,"t1UHTw",1,55,2021,18,"Benin","BEN","BEN",93,"Israel","ISR","ISR","0",5,"0","0","0","0","0","-","0"
1,"t1UHTw",1,56,2022,18,"Benin","BEN","BEN",93,"Israel","ISR","ISR","0",5,"0","0","0","0","0","-","0"
1,"t1UHTw",1,57,2023,18,"Benin","BEN","BEN",93,"Israel","ISR","ISR","0",14,"0","0","0","0","0","-","0"
1,"t1UHTw",1,58,2024,18,"Benin","BEN","BEN",93,"Israel","ISR","ISR","0",23,"0","0","0","0","0","-","0"
1,"t1UHTw",1,59,2025,18,"Benin","BEN","BEN",93,"Israel","ISR","ISR","0",23,"0","0","0","0","0","-","0"
1,"t1UHTw",1,60,2008,20,"Bangladesh","BGD","BGD",93,"Israel","ISR","ISR","0",5,"0","0","0","0","0","-","0"
1,"t1UHTw",1,61,2007,23,"Burkina Faso","BKF","BFA",93,"Israel","ISR","ISR","0",5,"0","0","0","0","0","-","0"
1,"t1UHTw",1,62,2008,23,"Burkina Faso","BKF","BFA",93,"Israel","ISR","ISR","0",20,"0","0","0","0","0","-","0"
1,"t1UHTw",1,63,2009,23,"Burkina Faso","BKF","BFA",93,"Israel","ISR","ISR","0",22,"0","0","0","0","0","-","0"
1,"t1UHTw",1,64,2010,23,"Burkina Faso","BKF","BFA",93,"Israel","ISR","ISR","0",22,"0","0","0","0","0","-","0"
1,"t1UHTw",1,65,2018,23,"Burkina Faso","BKF","BFA",93,"Israel","ISR","ISR","0",5,"0","0","0","0","0","-","0"
1,"t1UHTw",1,66,2019,23,"Burkina Faso","BKF","BFA",93,"Israel","ISR","ISR","0",10,"0","0","0","0","0","-","0"
1,"t1UHTw",1,67,2020,23,"Burkina Faso","BKF","BFA",93,"Israel","ISR","ISR","0",8,"0","0","0","0","0","-","0"
1,"t1UHTw",1,68,2021,23,"Burkina Faso","BKF","BFA",93,"Israel","ISR","ISR","0",6,"0","0","0","0","0","-","0"
1,"t1UHTw",1,69,2022,23,"Burkina Faso","BKF","BFA",93,"Israel","ISR","ISR","0",9,"0","0","0","0","0","-","0"
1,"t1UHTw",1,70,2023,23,"Burkina Faso","BKF","BFA",93,"Israel","ISR","ISR","0",9,"0","0","0","0","0","-","0"
1,"t1UHTw",1,71,2024,23,"Burkina Faso","BKF","BFA",93,"Israel","ISR","ISR","0",11,"0","0","0","0","0","-","0"
1,"t1UHTw",1,72,2025,23,"Burkina Faso","BKF","BFA",93,"Israel","ISR","ISR","0",11,"0","0","0","0","0","-","0"
1,"t1UHTw",1,73,2016,24,"Belarus","BLR","BLR",93,"Israel","ISR","ISR","0",54,"0","0","0","0","0","-","0"
1,"t1UHTw",1,74,2017,24,"Belarus","BLR","BLR",93,"Israel","ISR","ISR","0",117,"0","0","0","0","0","-","0"
1,"t1UHTw",1,75,2018,24,"Belarus","BLR","BLR",93,"Israel","ISR","ISR","0",400,"0","0","0","0","0","-","0"
1,"t1UHTw",1,76,2019,24,"Belarus","BLR","BLR",93,"Israel","ISR","ISR","0",952,"0","0","0","0","0","-","0"
1,"t1UHTw",1,77,2020,24,"Belarus","BLR","BLR",93,"Israel","ISR","ISR",5,850,"0","0","0","0","0","-","0"
1,"t1UHTw",1,78,2021,24,"Belarus","BLR","BLR",93,"Israel","ISR","ISR",5,618,"0","0","0","0","0","-","0"
1,"t1UHTw",1,79,2022,24,"Belarus","BLR","BLR",93,"Israel","ISR","ISR",5,844,"0","0","0","0","0","-","0"
1,"t1UHTw",1,80,2023,24,"Belarus","BLR","BLR",93,"Israel","ISR","ISR",5,1152,"0","0","0","0","0","-","0"
1,"t1UHTw",1,81,2024,24,"Belarus","BLR","BLR",93,"Israel","ISR","ISR",5,1085,"0","0","0","0","0","-","0"
1,"t1UHTw",1,82,2025,24,"Belarus","BLR","BLR",93,"Israel","ISR","ISR",5,1085,"0","0","0","0","0","-","0"
1,"t1UHTw",1,83,2020,25,"Bolivia (Plurinational State of)","BOL","BOL",93,"Israel","ISR","ISR","0",5,"0","0","0","0","0","-","0"
1,"t1UHTw",1,84,2021,25,"Bolivia (Plurinational State of)","BOL","BOL",93,"Israel","ISR","ISR","0",5,"0","0","0","0","0","-","0"
1,"t1UHTw",1,85,2017,26,"Botswana","BOT","BWA",93,"Israel","ISR","ISR","0",5,"0","0","0","0","0","-","0"
1,"t1UHTw",1,86,2018,26,"Botswana","BOT","BWA",93,"Israel","ISR","ISR","0",5,"0","0","0","0","0","-","0"
1,"t1UHTw",1,87,2019,26,"Botswana","BOT","BWA",93,"Israel","ISR","ISR","0",7,"0","0","0","0","0","-","0"
1,"t1UHTw",1,88,2020,26,"Botswana","BOT","BWA",93,"Israel","ISR","ISR","0",6,"0","0","0","0","0","-","0"
1,"t1UHTw",1,89,2021,26,"Botswana","BOT","BWA",93,"Israel","ISR","ISR","0",5,"0","0","0","0","0","-","0"
1,"t1UHTw",1,90,2022,26,"Botswana","BOT","BWA",93,"Israel","ISR","ISR","0",5,"0","0","0","0","0","-","0"
1,"t1UHTw",1,91,2023,26,"Botswana","BOT","BWA",93,"Israel","ISR","ISR","0",9,"0","0","0","0","0","-","0"
1,"t1UHTw",1,92,2024,26,"Botswana","BOT","BWA",93,"Israel","ISR","ISR","0",7,"0","0","0","0","0","-","0"
1,"t1UHTw",1,93,2025,26,"Botswana","BOT","BWA",93,"Israel","ISR","ISR","0",7,"0","0","0","0","0","-","0"
1,"t1UHTw",1,94,2018,27,"Brazil","BRA","BRA",93,"Israel","ISR","ISR","0",6,"0","0","0","0","0","-","0"
1,"t1UHTw",1,95,2019,27,"Brazil","BRA","BRA",93,"Israel","ISR","ISR","0",7,"0","0","0","0","0","-","0"
1,"t1UHTw",1,96,2020,27,"Brazil","BRA","BRA",93,"Israel","ISR","ISR","0",8,"0","0","0","0","0","-","0"
1,"t1UHTw",1,97,2021,27,"Brazil","BRA","BRA",93,"Israel","ISR","ISR","0",5,"0","0","0","0","0","-","0"
1,"t1UHTw",1,98,2022,27,"Brazil","BRA","BRA",93,"Israel","ISR","ISR","0",5,"0","0","0","0","0","-","0"
1,"t1UHTw",1,99,2023,27,"Brazil","BRA","BRA",93,"Israel","ISR","ISR","0",5,"0","0","0","0","0","-","0"
1,"t1UHTw",1,100,2024,27,"Brazil","BRA","BRA",93,"Israel","ISR","ISR","0",16,"0","0","0","0","0","-","0"
1,"t1UHTw",1,101,2025,27,"Brazil","BRA","BRA",93,"Israel","ISR","ISR","0",16,"0","0","0","0","0","-","0"
1,"t1UHTw",1,102,1998,29,"Bosnia and Herzegovina","BSN","BIH",93,"Israel","ISR","ISR","0","0",5,"0","0","0","0","-","0"
1,"t1UHTw",1,103,2002,29,"Bosnia and Herzegovina","BSN","BIH",93,"Israel","ISR","ISR","0","0",39,"0","0","0","0","-","0"
1,"t1UHTw",1,104,2018,30,"Bulgaria","BUL","BGR",93,"Israel","ISR","ISR","0",5,"0","0","0","0","0","-","0"
1,"t1UHTw",1,105,2020,30,"Bulgaria","BUL","BGR",93,"Israel","ISR","ISR","0",5,"0","0","0","0","0","-","0"
1,"t1UHTw",1,106,2022,30,"Bulgaria","BUL","BGR",93,"Israel","ISR","ISR","0",5,"0","0","0","0","0","-","0"
1,"t1UHTw",1,107,2023,30,"Bulgaria","BUL","BGR",93,"Israel","ISR","ISR","0",5,"0","0","0","0","0","-","0"
1,"t1UHTw",1,108,2021,32,"Cambodia","CAM","KHM",93,"Israel","ISR","ISR","0",5,"0","0","0","0","0","-","0"
1,"t1UHTw",1,109,2022,32,"Cambodia","CAM","KHM",93,"Israel","ISR","ISR","0",5,"0","0","0","0","0","-","0"
1,"t1UHTw",1,110,2023,32,"Cambodia","CAM","KHM",93,"Israel","ISR","ISR","0",11,"0","0","0","0","0","-","0"
1,"t1UHTw",1,111,2024,32,"Cambodia","CAM","KHM",93,"Israel","ISR","ISR","0",18,"0","0","0","0","0","-","0"
1,"t1UHTw",1,112,2025,32,"Cambodia","CAM","KHM",93,"Israel","ISR","ISR","0",18,"0","0","0","0","0","-","0"
1,"t1UHTw",1,113,2005,34,"Central African Rep.","CAR","CAF",93,"Israel","ISR","ISR","0",5,"0","0","0","0","0","-","0"
1,"t1UHTw",1,114,2006,34,"Central African Rep.","CAR","CAF",93,"Israel","ISR","ISR","0",5,"0","0","0","0","0","-","0"
1,"t1UHTw",1,115,2007,34,"Central African Rep.","CAR","CAF",93,"Israel","ISR","ISR","0",6,"0","0","0","0","0","-","0"
1,"t1UHTw",1,116,2008,34,"Central African Rep.","CAR","CAF",93,"Israel","ISR","ISR","0",12,"0","0","0","0","0","-","0"
1,"t1UHTw",1,117,2009,34,"Central African Rep.","CAR","CAF",93,"Israel","ISR","ISR","0",12,"0","0","0","0","0","-","0"
1,"t1UHTw",1,118,2010,34,"Central African Rep.","CAR","CAF",93,"Israel","ISR","ISR","0",13,"0","0","0","0","0","-","0"
1,"t1UHTw",1,119,2016,34,"Central African Rep.","CAR","CAF",93,"Israel","ISR","ISR","0",12,"0","0","0","0","0","-","0"
1,"t1UHTw",1,120,2017,34,"Central African Rep.","CAR","CAF",93,"Israel","ISR","ISR","0",10,"0","0","0","0","0","-","0"
1,"t1UHTw",1,121,2018,34,"Central African Rep.","CAR","CAF",93,"Israel","ISR","ISR","0",18,"0","0","0","0","0","-","0"
1,"t1UHTw",1,122,2019,34,"Central African Rep.","CAR","CAF",93,"Israel","ISR","ISR","0",17,"0","0","0","0","0","-","0"
1,"t1UHTw",1,123,2020,34,"Central African Rep.","CAR","CAF",93,"Israel","ISR","ISR","0",16,"0","0","0","0","0","-","0"
1,"t1UHTw",1,124,2021,34,"Central African Rep.","CAR","CAF",93,"Israel","ISR","ISR","0",15,"0","0","0","0","0","-","0"
1,"t1UHTw",1,125,2022,34,"Central African Rep.","CAR","CAF",93,"Israel","ISR","ISR","0",14,"0","0","0","0","0","-","0"
1,"t1UHTw",1,126,2023,34,"Central African Rep.","CAR","CAF",93,"Israel","ISR","ISR","0",14,"0","0","0","0","0","-","0"
1,"t1UHTw",1,127,2024,34,"Central African Rep.","CAR","CAF",93,"Israel","ISR","ISR","0",15,"0","0","0","0","0","-","0"
1,"t1UHTw",1,128,2025,34,"Central African Rep.","CAR","CAF",93,"Israel","ISR","ISR","0",15,"0","0","0","0","0","-","0"
1,"t1UHTw",1,129,2007,36,"Chad","CHD","TCD",93,"Israel","ISR","ISR","0",6,"0","0","0","0","0","-","0"
1,"t1UHTw",1,130,2008,36,"Chad","CHD","TCD",93,"Israel","ISR","ISR","0",22,"0","0","0","0","0","-","0"
1,"t1UHTw",1,131,2009,36,"Chad","CHD","TCD",93,"Israel","ISR","ISR","0",22,"0","0","0","0","0","-","0"
1,"t1UHTw",1,132,2010,36,"Chad","CHD","TCD",93,"Israel","ISR","ISR","0",39,"0","0","0","0","0","-","0"
1,"t1UHTw",1,133,2016,36,"Chad","CHD","TCD",93,"Israel","ISR","ISR","0",9,"0","0","0","0","0","-","0"
1,"t1UHTw",1,134,2017,36,"Chad","CHD","TCD",93,"Israel","ISR","ISR","0",8,"0","0","0","0","0","-","0"
1,"t1UHTw",1,135,2018,36,"Chad","CHD","TCD",93,"Israel","ISR","ISR",5,6,"0","0","0","0","0","-","0"
1,"t1UHTw",1,136,2019,36,"Chad","CHD","TCD",93,"Israel","ISR","ISR",5,5,"0","0","0","0","0","-","0"
1,"t1UHTw",1,137,2020,36,"Chad","CHD","TCD",93,"Israel","ISR","ISR",5,5,"0","0","0","0","0","-","0"
1,"t1UHTw",1,138,2021,36,"Chad","CHD","TCD",93,"Israel","ISR","ISR",5,5,"0","0","0","0","0","-","0"
1,"t1UHTw",1,139,2022,36,"Chad","CHD","TCD",93,"Israel","ISR","ISR",5,5,"0","0","0","0","0","-","0"
1,"t1UHTw",1,140,2023,36,"Chad","CHD","TCD",93,"Israel","ISR","ISR",5,5,"0","0","0","0","0","-","0"
1,"t1UHTw",1,141,2024,36,"Chad","CHD","TCD",93,"Israel","ISR","ISR",5,5,"0","0","0","0","0","-","0"
1,"t1UHTw",1,142,2025,36,"Chad","CHD","TCD",93,"Israel","ISR","ISR",5,5,"0","0","0","0","0","-","0"
1,"t1UHTw",1,143,2006,37,"China","CHI","CHN",93,"Israel","ISR","ISR","0",5,"0","0","0","0","0","-","0"
1,"t1UHTw",1,144,2007,37,"China","CHI","CHN",93,"Israel","ISR","ISR","0",14,"0","0","0","0","0","-","0"
1,"t1UHTw",1,145,2008,37,"China","CHI","CHN",93,"Israel","ISR","ISR","0",22,"0","0","0","0","0","-","0"
1,"t1UHTw",1,146,2016,37,"China","CHI","CHN",93,"Israel","ISR","ISR","0",21,"0","0","0","0","0","-","0"
1,"t1UHTw",1,147,2017,37,"China","CHI","CHN",93,"Israel","ISR","ISR","0",53,"0","0","0","0","0","-","0"
1,"t1UHTw",1,148,2018,37,"China","CHI","CHN",93,"Israel","ISR","ISR","0",55,"0","0","0","0","0","-","0"
1,"t1UHTw",1,149,2019,37,"China","CHI","CHN",93,"Israel","ISR","ISR","0",235,"0","0","0","0","0","-","0"
1,"t1UHTw",1,150,2020,37,"China","CHI","CHN",93,"Israel","ISR","ISR","0",275,"0","0","0","0","0","-","0"
1,"t1UHTw",1,151,2021,37,"China","CHI","CHN",93,"Israel","ISR","ISR","0",563,"0","0","0","0","0","-","0"
1,"t1UHTw",1,152,2022,37,"China","CHI","CHN",93,"Israel","ISR","ISR","0",428,"0","0","0","0","0","-","0"
1,"t1UHTw",1,153,2023,37,"China","CHI","CHN",93,"Israel","ISR","ISR","0",181,"0","0","0","0","0","-","0"
1,"t1UHTw",1,154,2024,37,"China","CHI","CHN",93,"Israel","ISR","ISR","0",159,"0","0","0","0","0","-","0"
1,"t1UHTw",1,155,2025,37,"China","CHI","CHN",93,"Israel","ISR","ISR","0",159,"0","0","0","0","0","-","0"
1,"t1UHTw",1,156,2008,38,"Chile","CHL","CHL",93,"Israel","ISR","ISR","0",5,"0","0","0","0","0","-","0"
1,"t1UHTw",1,157,2009,38,"Chile","CHL","CHL",93,"Israel","ISR","ISR","0",5,"0","0","0","0","0","-","0"
1,"t1UHTw",1,158,2005,39,"Cameroon","CMR","CMR",93,"Israel","ISR","ISR","0",8,"0","0","0","0","0","-","0"
1,"t1UHTw",1,159,2006,39,"Cameroon","CMR","CMR",93,"Israel","ISR","ISR","0",14,"0","0","0","0","0","-","0"
1,"t1UHTw",1,160,2007,39,"Cameroon","CMR","CMR",93,"Israel","ISR","ISR","0",28,"0","0","0","0","0","-","0"
1,"t1UHTw",1,161,2008,39,"Cameroon","CMR","CMR",93,"Israel","ISR","ISR","0",28,"0","0","0","0","0","-","0"
1,"t1UHTw",1,162,2009,39,"Cameroon","CMR","CMR",93,"Israel","ISR","ISR","0",19,"0","0","0","0","0","-","0"
1,"t1UHTw",1,163,2010,39,"Cameroon","CMR","CMR",93,"Israel","ISR","ISR","0",20,"0","0","0","0","0","-","0"
1,"t1UHTw",1,164,2016,39,"Cameroon","CMR","CMR",93,"Israel","ISR","ISR","0",22,"0","0","0","0","0","-","0"
1,"t1UHTw",1,165,2017,39,"Cameroon","CMR","CMR",93,"Israel","ISR","ISR","0",20,"0","0","0","0","0","-","0"
1,"t1UHTw",1,166,2018,39,"Cameroon","CMR","CMR",93,"Israel","ISR","ISR","0",43,"0","0","0","0","0","-","0"
1,"t1UHTw",1,167,2019,39,"Cameroon","CMR","CMR",93,"Israel","ISR","ISR","0",49,"0","0","0","0","0","-","0"
1,"t1UHTw",1,168,2020,39,"Cameroon","CMR","CMR",93,"Israel","ISR","ISR","0",44,"0","0","0","0","0","-","0"
1,"t1UHTw",1,169,2021,39,"Cameroon","CMR","CMR",93,"Israel","ISR","ISR","0",43,"0","0","0","0","0","-","0"
1,"t1UHTw",1,170,2022,39,"Cameroon","CMR","CMR",93,"Israel","ISR","ISR","0",55,"0","0","0","0","0","-","0"
1,"t1UHTw",1,171,2023,39,"Cameroon","CMR","CMR",93,"Israel","ISR","ISR","0",70,"0","0","0","0","0","-","0"
1,"t1UHTw",1,172,2024,39,"Cameroon","CMR","CMR",93,"Israel","ISR","ISR","0",79,"0","0","0","0","0","-","0"
1,"t1UHTw",1,173,2025,39,"Cameroon","CMR","CMR",93,"Israel","ISR","ISR","0",79,"0","0","0","0","0","-","0"
1,"t1UHTw",1,174,2000,40,"Congo","COB","COG",93,"Israel","ISR","ISR",6,11,"0","0","0","0","0","-","0"
1,"t1UHTw",1,175,2008,40,"Congo","COB","COG",93,"Israel","ISR","ISR","0",5,"0","0","0","0","0","-","0"
1,"t1UHTw",1,176,2016,40,"Congo","COB","COG",93,"Israel","ISR","ISR","0",25,"0","0","0","0","0","-","0"
1,"t1UHTw",1,177,2017,40,"Congo","COB","COG",93,"Israel","ISR","ISR","0",28,"0","0","0","0","0","-","0"
1,"t1UHTw",1,178,2018,40,"Congo","COB","COG",93,"Israel","ISR","ISR","0",29,"0","0","0","0","0","-","0"
1,"t1UHTw",1,179,2019,40,"Congo","COB","COG",93,"Israel","ISR","ISR","0",30,"0","0","0","0","0","-","0"
1,"t1UHTw",1,180,2020,40,"Congo","COB","COG",93,"Israel","ISR","ISR","0",26,"0","0","0","0","0","-","0"
1,"t1UHTw",1,181,2021,40,"Congo","COB","COG",93,"Israel","ISR","ISR","0",25,"0","0","0","0","0","-","0"
1,"t1UHTw",1,182,2022,40,"Congo","COB","COG",93,"Israel","ISR","ISR","0",24,"0","0","0","0","0","-","0"
1,"t1UHTw",1,183,2023,40,"Congo","COB","COG",93,"Israel","ISR","ISR","0",25,"0","0","0","0","0","-","0"
1,"t1UHTw",1,184,2024,40,"Congo","COB","COG",93,"Israel","ISR","ISR",5,25,"0","0","0","0","0","-","0"
1,"t1UHTw",1,185,2025,40,"Congo","COB","COG",93,"Israel","ISR","ISR",5,25,"0","0","0","0","0","-","0"
1,"t1UHTw",1,186,2001,41,"Dem. Rep. of the Congo","COD","COD",93,"Israel","ISR","ISR",6,37,"0","0","0","0","0","-","0"
1,"t1UHTw",1,187,2002,41,"Dem. Rep. of the Congo","COD","COD",93,"Israel","ISR","ISR",5,63,"0","0","0","0","0","-","0"
1,"t1UHTw",1,188,2003,41,"Dem. Rep. of the Congo","COD","COD",93,"Israel","ISR","ISR",5,"0","0","0","0","0","0","-","0"
1,"t1UHTw",1,189,2004,41,"Dem. Rep. of the Congo","COD","COD",93,"Israel","ISR","ISR",103,"0","0","0","0","0","0","-","0"
1,"t1UHTw",1,190,2005,41,"Dem. Rep. of the Congo","COD","COD",93,"Israel","ISR","ISR",109,"0","0","0","0","0","0","-","0"
1,"t1UHTw",1,191,2006,41,"Dem. Rep. of the Congo","COD","COD",93,"Israel","ISR","ISR",105,"0","0","0","0","0","0","-","0"
1,"t1UHTw",1,192,2007,41,"Dem. Rep. of the Congo","COD","COD",93,"Israel","ISR","ISR",125,"0","0","0","0","0","0","-","0"
1,"t1UHTw",1,193,2008,41,"Dem. Rep. of the Congo","COD","COD",93,"Israel","ISR","ISR",90,135,"0","0","0","0","0","-","0"
1,"t1UHTw",1,194,2009,41,"Dem. Rep. of the Congo","COD","COD",93,"Israel","ISR","ISR",83,"0","0","0","0","0","0","-","0"
1,"t1UHTw",1,195,2010,41,"Dem. Rep. of the Congo","COD","COD",93,"Israel","ISR","ISR",75,12,"0","0","0","0","0","-","0"
1,"t1UHTw",1,196,2011,41,"Dem. Rep. of the Congo","COD","COD",93,"Israel","ISR","ISR",201,35,"0","0","0","0","0","-","0"
1,"t1UHTw",1,197,2012,41,"Dem. Rep. of the Congo","COD","COD",93,"Israel","ISR","ISR",208,"0","0","0","0","0","0","-","0"
1,"t1UHTw",1,198,2013,41,"Dem. Rep. of the Congo","COD","COD",93,"Israel","ISR","ISR",208,"0","0","0","0","0","0","-","0"
1,"t1UHTw",1,199,2014,41,"Dem. Rep. of the Congo","COD","COD",93,"Israel","ISR","ISR",208,"0","0","0","0","0","0","-","0"
1,"t1UHTw",1,200,2015,41,"Dem. Rep. of the Congo","COD","COD",93,"Israel","ISR","ISR",208,"0","0","0","0","0","0","-","0"
1,"t1UHTw",1,201,2016,41,"Dem. Rep. of the Congo","COD","COD",93,"Israel","ISR","ISR",208,156,"0","0","0","0","0","-","0"
1,"t1UHTw",1,202,2017,41,"Dem. Rep. of the Congo","COD","COD",93,"Israel","ISR","ISR",209,189,"0","0","0","0","0","-","0"
1,"t1UHTw",1,203,2018,41,"Dem. Rep. of the Congo","COD","COD",93,"Israel","ISR","ISR",209,216,"0","0","0","0","0","-","0"
1,"t1UHTw",1,204,2019,41,"Dem. Rep. of the Congo","COD","COD",93,"Israel","ISR","ISR",210,209,"0","0","0","0","0","-","0"
1,"t1UHTw",1,205,2020,41,"Dem. Rep. of the Congo","COD","COD",93,"Israel","ISR","ISR","0",205,"0","0","0","0",218,"-","0"
1,"t1UHTw",1,206,2021,41,"Dem. Rep. of the Congo","COD","COD",93,"Israel","ISR","ISR","0",204,"0","0","0","0",220,"-","0"
1,"t1UHTw",1,207,2022,41,"Dem. Rep. of the Congo","COD","COD",93,"Israel","ISR","ISR","0",215,"0","0","0","0",208,"-","0"
1,"t1UHTw",1,208,2023,41,"Dem. Rep. of the Congo","COD","COD",93,"Israel","ISR","ISR","0",241,"0","0","0","0",208,"-","0"
1,"t1UHTw",1,209,2024,41,"Dem. Rep. of the Congo","COD","COD",93,"Israel","ISR","ISR","0",242,"0","0","0","0",209,"-","0"
1,"t1UHTw",1,210,2025,41,"Dem. Rep. of the Congo","COD","COD",93,"Israel","ISR","ISR","0",242,"0","0","0","0",209,"-","0"
1,"t1UHTw",1,211,2007,42,"Comoros","COI","COM",93,"Israel","ISR","ISR","0",5,"0","0","0","0","0","-","0"
1,"t1UHTw",1,212,2001,44,"Colombia","COL","COL",93,"Israel","ISR","ISR",7,15,"0","0","0","0","0","-","0"
1,"t1UHTw",1,213,2002,44,"Colombia","COL","COL",93,"Israel","ISR","ISR",7,15,"0","0","0","0","0","-","0"
1,"t1UHTw",1,214,2003,44,"Colombia","COL","COL",93,"Israel","ISR","ISR",7,"0","0","0","0","0","0","-","0"
1,"t1UHTw",1,215,2005,44,"Colombia","COL","COL",93,"Israel","ISR","ISR","0",38,"0","0","0","0","0","-","0"
1,"t1UHTw",1,216,2006,44,"Colombia","COL","COL",93,"Israel","ISR","ISR","0",40,"0","0","0","0","0","-","0"
1,"t1UHTw",1,217,2007,44,"Colombia","COL","COL",93,"Israel","ISR","ISR","0",103,"0","0","0","0","0","-","0"
1,"t1UHTw",1,218,2008,44,"Colombia","COL","COL",93,"Israel","ISR","ISR","0",191,"0","0","0","0","0","-","0"
1,"t1UHTw",1,219,2009,44,"Colombia","COL","COL",93,"Israel","ISR","ISR","0",190,"0","0","0","0","0","-","0"
1,"t1UHTw",1,220,2010,44,"Colombia","COL","COL",93,"Israel","ISR","ISR","0",265,"0","0","0","0","0","-","0"
1,"t1UHTw",1,221,2011,44,"Colombia","COL","COL",93,"Israel","ISR","ISR","0",242,"0","0","0","0","0","-","0"
1,"t1UHTw",1,222,2016,44,"Colombia","COL","COL",93,"Israel","ISR","ISR","0",7,"0","0","0","0","0","-","0"
1,"t1UHTw",1,223,2017,44,"Colombia","COL","COL",93,"Israel","ISR","ISR","0",23,"0","0","0","0","0","-","0"
1,"t1UHTw",1,224,2018,44,"Colombia","COL","COL",93,"Israel","ISR","ISR","0",108,"0","0","0","0","0","-","0"
1,"t1UHTw",1,225,2019,44,"Colombia","COL","COL",93,"Israel","ISR","ISR","0",284,"0","0","0","0","0","-","0"
1,"t1UHTw",1,226,2020,44,"Colombia","COL","COL",93,"Israel","ISR","ISR","0",295,"0","0","0","0","0","-","0"
1,"t1UHTw",1,227,2021,44,"Colombia","COL","COL",93,"Israel","ISR","ISR","0",189,"0","0","0","0","0","-","0"
1,"t1UHTw",1,228,2022,44,"Colombia","COL","COL",93,"Israel","ISR","ISR","0",129,"0","0","0","0","0","-","0"
1,"t1UHTw",1,229,2023,44,"Colombia","COL","COL",93,"Israel","ISR","ISR","0",167,"0","0","0","0","0","-","0"
1,"t1UHTw",1,230,2024,44,"Colombia","COL","COL",93,"Israel","ISR","ISR","0",282,"0","0","0","0","0","-","0"
1,"t1UHTw",1,231,2025,44,"Colombia","COL","COL",93,"Israel","ISR","ISR","0",282,"0","0","0","0","0","-","0"
1,"t1UHTw",1,232,2008,46,"Cuba","CUB","CUB",93,"Israel","ISR","ISR","0",5,"0","0","0","0","0","-","0"
1,"t1UHTw",1,233,2024,47,"Cabo Verde","CVI","CPV",93,"Israel","ISR","ISR","0",5,"0","0","0","0","0","-","0"
1,"t1UHTw",1,234,2025,47,"Cabo Verde","CVI","CPV",93,"Israel","ISR","ISR","0",5,"0","0","0","0","0","-","0"
1,"t1UHTw",1,235,2023,53,"Dominican Rep.","DOM","DOM",93,"Israel","ISR","ISR","0",7,"0","0","0","0","0","-","0"
1,"t1UHTw",1,236,2024,53,"Dominican Rep.","DOM","DOM",93,"Israel","ISR","ISR","0",42,"0","0","0","0","0","-","0"
1,"t1UHTw",1,237,2025,53,"Dominican Rep.","DOM","DOM",93,"Israel","ISR","ISR","0",42,"0","0","0","0","0","-","0"
1,"t1UHTw",1,238,2007,54,"Ecuador","ECU","ECU",93,"Israel","ISR","ISR","0",5,"0","0","0","0","0","-","0"
1,"t1UHTw",1,239,2008,54,"Ecuador","ECU","ECU",93,"Israel","ISR","ISR","0",11,"0","0","0","0","0","-","0"
1,"t1UHTw",1,240,2009,54,"Ecuador","ECU","ECU",93,"Israel","ISR","ISR","0",11,"0","0","0","0","0","-","0"
1,"t1UHTw",1,241,2010,54,"Ecuador","ECU","ECU",93,"Israel","ISR","ISR","0",11,"0","0","0","0","0","-","0"
1,"t1UHTw",1,242,2018,54,"Ecuador","ECU","ECU",93,"Israel","ISR","ISR","0",14,"0","0","0","0","0","-","0"
1,"t1UHTw",1,243,2019,54,"Ecuador","ECU","ECU",93,"Israel","ISR","ISR","0",24,"0","0","0","0","0","-","0"
1,"t1UHTw",1,244,2020,54,"Ecuador","ECU","ECU",93,"Israel","ISR","ISR","0",38,"0","0","0","0","0","-","0"
1,"t1UHTw",1,245,2021,54,"Ecuador","ECU","ECU",93,"Israel","ISR","ISR","0",21,"0","0","0","0","0","-","0"
1,"t1UHTw",1,246,2022,54,"Ecuador","ECU","ECU",93,"Israel","ISR","ISR","0",17,"0","0","0","0","0","-","0"
1,"t1UHTw",1,247,2023,54,"Ecuador","ECU","ECU",93,"Israel","ISR","ISR","0",27,"0","0","0","0","0","-","0"
1,"t1UHTw",1,248,2024,54,"Ecuador","ECU","ECU",93,"Israel","ISR","ISR","0",57,"0","0","0","0","0","-","0"
1,"t1UHTw",1,249,2025,54,"Ecuador","ECU","ECU",93,"Israel","ISR","ISR","0",57,"0","0","0","0","0","-","0"
1,"t1UHTw",1,250,2000,56,"Eritrea","ERT","ERI",93,"Israel","ISR","ISR","0",30,"0","0","0","0","0","-","0"
1,"t1UHTw",1,251,2001,56,"Eritrea","ERT","ERI",93,"Israel","ISR","ISR","0",85,"0","0","0","0","0","-","0"
1,"t1UHTw",1,252,2002,56,"Eritrea","ERT","ERI",93,"Israel","ISR","ISR",7,81,"0","0","0","0","0","-","0"
1,"t1UHTw",1,253,2003,56,"Eritrea","ERT","ERI",93,"Israel","ISR","ISR",7,"0","0","0","0","0","0","-","0"
1,"t1UHTw",1,254,2004,56,"Eritrea","ERT","ERI",93,"Israel","ISR","ISR",7,"0","0","0","0","0","0","-","0"
1,"t1UHTw",1,255,2005,56,"Eritrea","ERT","ERI",93,"Israel","ISR","ISR",7,118,"0","0","0","0","0","-","0"
1,"t1UHTw",1,256,2006,56,"Eritrea","ERT","ERI",93,"Israel","ISR","ISR",8,110,"0","0","0","0","0","-","0"
1,"t1UHTw",1,257,2007,56,"Eritrea","ERT","ERI",93,"Israel","ISR","ISR",8,1874,"0","0","0","0","0","-","0"
1,"t1UHTw",1,258,2008,56,"Eritrea","ERT","ERI",93,"Israel","ISR","ISR",4427,7,"0","0","0","0",650,"-","0"
1,"t1UHTw",1,259,2009,56,"Eritrea","ERT","ERI",93,"Israel","ISR","ISR",11852,"0","0","0","0","0","0","-","0"
1,"t1UHTw",1,260,2010,56,"Eritrea","ERT","ERI",93,"Israel","ISR","ISR",16997,"0","0","0","0","0","0","-","0"
1,"t1UHTw",1,261,2011,56,"Eritrea","ERT","ERI",93,"Israel","ISR","ISR",31119,25,"0","0","0","0","0","-","0"
1,"t1UHTw",1,262,2012,56,"Eritrea","ERT","ERI",93,"Israel","ISR","ISR",37347,"0","0","0","0","0","0","-","0"
1,"t1UHTw",1,263,2013,56,"Eritrea","ERT","ERI",93,"Israel","ISR","ISR",35214,"0","0","0","0","0","0","-","0"
1,"t1UHTw",1,264,2014,56,"Eritrea","ERT","ERI",93,"Israel","ISR","ISR",32668,"0","0","0","0","0","0","-","0"
1,"t1UHTw",1,265,2015,56,"Eritrea","ERT","ERI",93,"Israel","ISR","ISR",27812,"0","0","0","0","0","0","-","0"
1,"t1UHTw",1,266,2016,56,"Eritrea","ERT","ERI",93,"Israel","ISR","ISR",25644,3370,"0","0","0","0","0","-","0"
1,"t1UHTw",1,267,2017,56,"Eritrea","ERT","ERI",93,"Israel","ISR","ISR",22010,4553,468,"0","0","0","0","-","0"
1,"t1UHTw",1,268,2018,56,"Eritrea","ERT","ERI",93,"Israel","ISR","ISR",14516,9779,297,"0","0","0","0","-","0"
1,"t1UHTw",1,269,2019,56,"Eritrea","ERT","ERI",93,"Israel","ISR","ISR",12181,11395,376,"0","0","0","0","-","0"
1,"t1UHTw",1,270,2020,56,"Eritrea","ERT","ERI",93,"Israel","ISR","ISR",213,12003,"0","0","0","0",9591,"-","0"
1,"t1UHTw",1,271,2021,56,"Eritrea","ERT","ERI",93,"Israel","ISR","ISR",221,11018,"0","0","0","0",10451,"-","0"
1,"t1UHTw",1,272,2022,56,"Eritrea","ERT","ERI",93,"Israel","ISR","ISR",226,9243,"0","0","0","0",9313,"-","0"
1,"t1UHTw",1,273,2023,56,"Eritrea","ERT","ERI",93,"Israel","ISR","ISR",241,7655,"0","0","0","0",8329,"-","0"
1,"t1UHTw",1,274,2024,56,"Eritrea","ERT","ERI",93,"Israel","ISR","ISR",250,6659,"0","0","0","0",6207,"-","0"
1,"t1UHTw",1,275,2025,56,"Eritrea","ERT","ERI",93,"Israel","ISR","ISR",250,6659,"0","0","0","0",6207,"-","0"
1,"t1UHTw",1,276,1998,58,"Ethiopia","ETH","ETH",93,"Israel","ISR","ISR",7,"0","0","0","0","0","0","-","0"
1,"t1UHTw",1,277,1999,58,"Ethiopia","ETH","ETH",93,"Israel","ISR","ISR",13,"0","0","0","0","0","0","-","0"
1,"t1UHTw",1,278,2000,58,"Ethiopia","ETH","ETH",93,"Israel","ISR","ISR",22,197,"0","0","0","0","0","-","0"
1,"t1UHTw",1,279,2001,58,"Ethiopia","ETH","ETH",93,"Israel","ISR","ISR",84,273,"0","0","0","0","0","-","0"
1,"t1UHTw",1,280,2002,58,"Ethiopia","ETH","ETH",93,"Israel","ISR","ISR",77,322,"0","0","0","0","0","-","0"
1,"t1UHTw",1,281,2003,58,"Ethiopia","ETH","ETH",93,"Israel","ISR","ISR",77,"0","0","0","0","0","0","-","0"
1,"t1UHTw",1,282,2004,58,"Ethiopia","ETH","ETH",93,"Israel","ISR","ISR",61,"0","0","0","0","0","0","-","0"
1,"t1UHTw",1,283,2005,58,"Ethiopia","ETH","ETH",93,"Israel","ISR","ISR",50,221,"0","0","0","0","0","-","0"
1,"t1UHTw",1,284,2006,58,"Ethiopia","ETH","ETH",93,"Israel","ISR","ISR",53,145,"0","0","0","0","0","-","0"
1,"t1UHTw",1,285,2007,58,"Ethiopia","ETH","ETH",93,"Israel","ISR","ISR",54,175,"0","0","0","0","0","-","0"
1,"t1UHTw",1,286,2008,58,"Ethiopia","ETH","ETH",93,"Israel","ISR","ISR",47,751,"0","0","0","0","0","-","0"
1,"t1UHTw",1,287,2009,58,"Ethiopia","ETH","ETH",93,"Israel","ISR","ISR",86,545,"0","0","0","0","0","-","0"
1,"t1UHTw",1,288,2010,58,"Ethiopia","ETH","ETH",93,"Israel","ISR","ISR",85,693,"0","0","0","0","0","-","0"
1,"t1UHTw",1,289,2011,58,"Ethiopia","ETH","ETH",93,"Israel","ISR","ISR",78,929,"0","0","0","0","0","-","0"
1,"t1UHTw",1,290,2012,58,"Ethiopia","ETH","ETH",93,"Israel","ISR","ISR",76,7,"0","0","0","0","0","-","0"
1,"t1UHTw",1,291,2013,58,"Ethiopia","ETH","ETH",93,"Israel","ISR","ISR",86,"0","0","0","0","0","0","-","0"
1,"t1UHTw",1,292,2014,58,"Ethiopia","ETH","ETH",93,"Israel","ISR","ISR",86,"0","0","0","0","0","0","-","0"
1,"t1UHTw",1,293,2015,58,"Ethiopia","ETH","ETH",93,"Israel","ISR","ISR",93,"0","0","0","0","0","0","-","0"
1,"t1UHTw",1,294,2016,58,"Ethiopia","ETH","ETH",93,"Israel","ISR","ISR",92,820,"0","0","0","0","0","-","0"
1,"t1UHTw",1,295,2017,58,"Ethiopia","ETH","ETH",93,"Israel","ISR","ISR",89,897,"0","0","0","0","0","-","0"
1,"t1UHTw",1,296,2018,58,"Ethiopia","ETH","ETH",93,"Israel","ISR","ISR",95,838,"0","0","0","0","0","-","0"
1,"t1UHTw",1,297,2019,58,"Ethiopia","ETH","ETH",93,"Israel","ISR","ISR",97,818,"0","0","0","0","0","-","0"
1,"t1UHTw",1,298,2020,58,"Ethiopia","ETH","ETH",93,"Israel","ISR","ISR",102,811,"0","0","0","0","0","-","0"
1,"t1UHTw",1,299,2021,58,"Ethiopia","ETH","ETH",93,"Israel","ISR","ISR",106,813,"0","0","0","0","0","-","0"
1,"t1UHTw",1,300,2022,58,"Ethiopia","ETH","ETH",93,"Israel","ISR","ISR",111,867,"0","0","0","0","0","-","0"
1,"t1UHTw",1,301,2023,58,"Ethiopia","ETH","ETH",93,"Israel","ISR","ISR",120,980,"0","0","0","0","0","-","0"
1,"t1UHTw",1,302,2024,58,"Ethiopia","ETH","ETH",93,"Israel","ISR","ISR",125,1133,"0","0","0","0","0","-","0"
1,"t1UHTw",1,303,2025,58,"Ethiopia","ETH","ETH",93,"Israel","ISR","ISR",125,1133,"0","0","0","0","0","-","0"
1,"t1UHTw",1,304,2023,68,"Gambia","GAM","GMB",93,"Israel","ISR","ISR","0",8,"0","0","0","0","0","-","0"
1,"t1UHTw",1,305,2024,68,"Gambia","GAM","GMB",93,"Israel","ISR","ISR","0",9,"0","0","0","0","0","-","0"
1,"t1UHTw",1,306,2025,68,"Gambia","GAM","GMB",93,"Israel","ISR","ISR","0",9,"0","0","0","0","0","-","0"
1,"t1UHTw",1,307,2005,71,"Georgia","GEO","GEO",93,"Israel","ISR","ISR","0",5,"0","0","0","0","0","-","0"
1,"t1UHTw",1,308,2006,71,"Georgia","GEO","GEO",93,"Israel","ISR","ISR","0",5,"0","0","0","0","0","-","0"
1,"t1UHTw",1,309,2007,71,"Georgia","GEO","GEO",93,"Israel","ISR","ISR","0",34,"0","0","0","0","0","-","0"
1,"t1UHTw",1,310,2008,71,"Georgia","GEO","GEO",93,"Israel","ISR","ISR","0",268,"0","0","0","0","0","-","0"
1,"t1UHTw",1,311,2009,71,"Georgia","GEO","GEO",93,"Israel","ISR","ISR","0",228,"0","0","0","0","0","-","0"
1,"t1UHTw",1,312,2010,71,"Georgia","GEO","GEO",93,"Israel","ISR","ISR","0",229,"0","0","0","0","0","-","0"
1,"t1UHTw",1,313,2016,71,"Georgia","GEO","GEO",93,"Israel","ISR","ISR","0",3837,"0","0","0","0","0","-","0"
1,"t1UHTw",1,314,2017,71,"Georgia","GEO","GEO",93,"Israel","ISR","ISR","0",3472,"0","0","0","0","0","-","0"
1,"t1UHTw",1,315,2018,71,"Georgia","GEO","GEO",93,"Israel","ISR","ISR",5,2488,"0","0","0","0","0","-","0"
1,"t1UHTw",1,316,2019,71,"Georgia","GEO","GEO",93,"Israel","ISR","ISR",5,1730,"0","0","0","0","0","-","0"
1,"t1UHTw",1,317,2020,71,"Georgia","GEO","GEO",93,"Israel","ISR","ISR",5,699,"0","0","0","0","0","-","0"
1,"t1UHTw",1,318,2021,71,"Georgia","GEO","GEO",93,"Israel","ISR","ISR",5,204,"0","0","0","0","0","-","0"
1,"t1UHTw",1,319,2022,71,"Georgia","GEO","GEO",93,"Israel","ISR","ISR",5,30,"0","0","0","0","0","-","0"
1,"t1UHTw",1,320,2023,71,"Georgia","GEO","GEO",93,"Israel","ISR","ISR",5,41,"0","0","0","0","0","-","0"
1,"t1UHTw",1,321,2024,71,"Georgia","GEO","GEO",93,"Israel","ISR","ISR",5,39,"0","0","0","0","0","-","0"
1,"t1UHTw",1,322,2025,71,"Georgia","GEO","GEO",93,"Israel","ISR","ISR",5,39,"0","0","0","0","0","-","0"
1,"t1UHTw",1,323,2000,73,"Ghana","GHA","GHA",93,"Israel","ISR","ISR","0",6,"0","0","0","0","0","-","0"
1,"t1UHTw",1,324,2001,73,"Ghana","GHA","GHA",93,"Israel","ISR","ISR","0",6,"0","0","0","0","0","-","0"
1,"t1UHTw",1,325,2005,73,"Ghana","GHA","GHA",93,"Israel","ISR","ISR","0",18,"0","0","0","0","0","-","0"
1,"t1UHTw",1,326,2006,73,"Ghana","GHA","GHA",93,"Israel","ISR","ISR","0",18,"0","0","0","0","0","-","0"
1,"t1UHTw",1,327,2007,73,"Ghana","GHA","GHA",93,"Israel","ISR","ISR","0",191,"0","0","0","0","0","-","0"
1,"t1UHTw",1,328,2008,73,"Ghana","GHA","GHA",93,"Israel","ISR","ISR","0",355,"0","0","0","0","0","-","0"
1,"t1UHTw",1,329,2009,73,"Ghana","GHA","GHA",93,"Israel","ISR","ISR","0",273,"0","0","0","0","0","-","0"
1,"t1UHTw",1,330,2010,73,"Ghana","GHA","GHA",93,"Israel","ISR","ISR","0",462,"0","0","0","0","0","-","0"
1,"t1UHTw",1,331,2011,73,"Ghana","GHA","GHA",93,"Israel","ISR","ISR","0",655,"0","0","0","0","0","-","0"
1,"t1UHTw",1,332,2016,73,"Ghana","GHA","GHA",93,"Israel","ISR","ISR","0",329,"0","0","0","0","0","-","0"
1,"t1UHTw",1,333,2017,73,"Ghana","GHA","GHA",93,"Israel","ISR","ISR","0",403,"0","0","0","0","0","-","0"
1,"t1UHTw",1,334,2018,73,"Ghana","GHA","GHA",93,"Israel","ISR","ISR","0",450,"0","0","0","0","0","-","0"
1,"t1UHTw",1,335,2019,73,"Ghana","GHA","GHA",93,"Israel","ISR","ISR","0",533,"0","0","0","0","0","-","0"
1,"t1UHTw",1,336,2020,73,"Ghana","GHA","GHA",93,"Israel","ISR","ISR","0",493,"0","0","0","0","0","-","0"
1,"t1UHTw",1,337,2021,73,"Ghana","GHA","GHA",93,"Israel","ISR","ISR","0",316,"0","0","0","0","0","-","0"
1,"t1UHTw",1,338,2022,73,"Ghana","GHA","GHA",93,"Israel","ISR","ISR","0",271,"0","0","0","0","0","-","0"
1,"t1UHTw",1,339,2023,73,"Ghana","GHA","GHA",93,"Israel","ISR","ISR","0",419,"0","0","0","0","0","-","0"
1,"t1UHTw",1,340,2024,73,"Ghana","GHA","GHA",93,"Israel","ISR","ISR","0",455,"0","0","0","0","0","-","0"
1,"t1UHTw",1,341,2025,73,"Ghana","GHA","GHA",93,"Israel","ISR","ISR","0",455,"0","0","0","0","0","-","0"
1,"t1UHTw",1,342,2005,75,"Guinea-Bissau","GNB","GNB",93,"Israel","ISR","ISR","0",5,"0","0","0","0","0","-","0"
1,"t1UHTw",1,343,2018,76,"Greece","GRE","GRC",93,"Israel","ISR","ISR","0",5,"0","0","0","0","0","-","0"
1,"t1UHTw",1,344,2005,79,"Guinea","GUI","GIN",93,"Israel","ISR","ISR","0",160,"0","0","0","0","0","-","0"
1,"t1UHTw",1,345,2006,79,"Guinea","GUI","GIN",93,"Israel","ISR","ISR","0",8,"0","0","0","0","0","-","0"
1,"t1UHTw",1,346,2007,79,"Guinea","GUI","GIN",93,"Israel","ISR","ISR","0",20,"0","0","0","0","0","-","0"
1,"t1UHTw",1,347,2008,79,"Guinea","GUI","GIN",93,"Israel","ISR","ISR","0",45,"0","0","0","0","0","-","0"
1,"t1UHTw",1,348,2009,79,"Guinea","GUI","GIN",93,"Israel","ISR","ISR","0",24,"0","0","0","0","0","-","0"
1,"t1UHTw",1,349,2010,79,"Guinea","GUI","GIN",93,"Israel","ISR","ISR","0",59,"0","0","0","0","0","-","0"
1,"t1UHTw",1,350,2016,79,"Guinea","GUI","GIN",93,"Israel","ISR","ISR","0",34,"0","0","0","0","0","-","0"
1,"t1UHTw",1,351,2017,79,"Guinea","GUI","GIN",93,"Israel","ISR","ISR","0",32,"0","0","0","0","0","-","0"
1,"t1UHTw",1,352,2018,79,"Guinea","GUI","GIN",93,"Israel","ISR","ISR","0",28,"0","0","0","0","0","-","0"
1,"t1UHTw",1,353,2019,79,"Guinea","GUI","GIN",93,"Israel","ISR","ISR","0",7,"0","0","0","0","0","-","0"
1,"t1UHTw",1,354,2020,79,"Guinea","GUI","GIN",93,"Israel","ISR","ISR","0",5,"0","0","0","0","0","-","0"
1,"t1UHTw",1,355,2023,81,"Haiti","HAI","HTI",93,"Israel","ISR","ISR","0",14,"0","0","0","0","0","-","0"
1,"t1UHTw",1,356,2024,81,"Haiti","HAI","HTI",93,"Israel","ISR","ISR","0",59,"0","0","0","0","0","-","0"
1,"t1UHTw",1,357,2025,81,"Haiti","HAI","HTI",93,"Israel","ISR","ISR","0",59,"0","0","0","0","0","-","0"
1,"t1UHTw",1,358,2020,83,"Honduras","HON","HND",93,"Israel","ISR","ISR","0",10,"0","0","0","0","0","-","0"
1,"t1UHTw",1,359,2021,83,"Honduras","HON","HND",93,"Israel","ISR","ISR","0",7,"0","0","0","0","0","-","0"
1,"t1UHTw",1,360,2022,83,"Honduras","HON","HND",93,"Israel","ISR","ISR","0",5,"0","0","0","0","0","-","0"
1,"t1UHTw",1,361,2023,83,"Honduras","HON","HND",93,"Israel","ISR","ISR","0",5,"0","0","0","0","0","-","0"
1,"t1UHTw",1,362,2002,87,"Cote d'Ivoire","ICO","CIV",93,"Israel","ISR","ISR","0",51,"0","0","0","0","0","-","0"
1,"t1UHTw",1,363,2004,87,"Cote d'Ivoire","ICO","CIV",93,"Israel","ISR","ISR",245,"0","0","0","0","0","0","-","0"
1,"t1UHTw",1,364,2005,87,"Cote d'Ivoire","ICO","CIV",93,"Israel","ISR","ISR",271,7,"0","0","0","0","0","-","0"
1,"t1UHTw",1,365,2006,87,"Cote d'Ivoire","ICO","CIV",93,"Israel","ISR","ISR",311,16,"0","0","0","0","0","-","0"
1,"t1UHTw",1,366,2007,87,"Cote d'Ivoire","ICO","CIV",93,"Israel","ISR","ISR",311,756,"0","0","0","0","0","-","0"
1,"t1UHTw",1,367,2008,87,"Cote d'Ivoire","ICO","CIV",93,"Israel","ISR","ISR",235,1098,"0","0","0","0","0","-","0"
1,"t1UHTw",1,368,2009,87,"Cote d'Ivoire","ICO","CIV",93,"Israel","ISR","ISR",202,422,"0","0","0","0","0","-","0"
1,"t1UHTw",1,369,2010,87,"Cote d'Ivoire","ICO","CIV",93,"Israel","ISR","ISR",168,710,"0","0","0","0","0","-","0"
1,"t1UHTw",1,370,2011,87,"Cote d'Ivoire","ICO","CIV",93,"Israel","ISR","ISR",812,730,"0","0","0","0","0","-","0"
1,"t1UHTw",1,371,2012,87,"Cote d'Ivoire","ICO","CIV",93,"Israel","ISR","ISR",5,15,"0","0","0","0","0","-","0"
1,"t1UHTw",1,372,2013,87,"Cote d'Ivoire","ICO","CIV",93,"Israel","ISR","ISR",5,"0","0","0","0","0","0","-","0"
1,"t1UHTw",1,373,2014,87,"Cote d'Ivoire","ICO","CIV",93,"Israel","ISR","ISR",5,"0","0","0","0","0","0","-","0"
1,"t1UHTw",1,374,2015,87,"Cote d'Ivoire","ICO","CIV",93,"Israel","ISR","ISR",5,"0","0","0","0","0","0","-","0"
1,"t1UHTw",1,375,2016,87,"Cote d'Ivoire","ICO","CIV",93,"Israel","ISR","ISR",5,13,"0","0","0","0","0","-","0"
1,"t1UHTw",1,376,2017,87,"Cote d'Ivoire","ICO","CIV",93,"Israel","ISR","ISR",5,23,"0","0","0","0","0","-","0"
1,"t1UHTw",1,377,2018,87,"Cote d'Ivoire","ICO","CIV",93,"Israel","ISR","ISR",5,16,"0","0","0","0","0","-","0"
1,"t1UHTw",1,378,2019,87,"Cote d'Ivoire","ICO","CIV",93,"Israel","ISR","ISR",5,10,"0","0","0","0","0","-","0"
1,"t1UHTw",1,379,2020,87,"Cote d'Ivoire","ICO","CIV",93,"Israel","ISR","ISR",7,9,"0","0","0","0","0","-","0"
1,"t1UHTw",1,380,2021,87,"Cote d'Ivoire","ICO","CIV",93,"Israel","ISR","ISR",7,12,"0","0","0","0","0","-","0"
1,"t1UHTw",1,381,2022,87,"Cote d'Ivoire","ICO","CIV",93,"Israel","ISR","ISR",7,17,"0","0","0","0","0","-","0"
1,"t1UHTw",1,382,2023,87,"Cote d'Ivoire","ICO","CIV",93,"Israel","ISR","ISR",7,33,"0","0","0","0","0","-","0"
1,"t1UHTw",1,383,2024,87,"Cote d'Ivoire","ICO","CIV",93,"Israel","ISR","ISR",7,46,"0","0","0","0","0","-","0"
1,"t1UHTw",1,384,2025,87,"Cote d'Ivoire","ICO","CIV",93,"Israel","ISR","ISR",7,46,"0","0","0","0","0","-","0"
1,"t1UHTw",1,385,2008,88,"India","IND","IND",93,"Israel","ISR","ISR","0",5,"0","0","0","0","0","-","0"
1,"t1UHTw",1,386,2009,88,"India","IND","IND",93,"Israel","ISR","ISR","0",11,"0","0","0","0","0","-","0"
1,"t1UHTw",1,387,2010,88,"India","IND","IND",93,"Israel","ISR","ISR","0",12,"0","0","0","0","0","-","0"
1,"t1UHTw",1,388,2016,88,"India","IND","IND",93,"Israel","ISR","ISR","0",165,"0","0","0","0","0","-","0"
1,"t1UHTw",1,389,2017,88,"India","IND","IND",93,"Israel","ISR","ISR","0",439,"0","0","0","0","0","-","0"
1,"t1UHTw",1,390,2018,88,"India","IND","IND",93,"Israel","ISR","ISR","0",973,"0","0","0","0","0","-","0"
1,"t1UHTw",1,391,2019,88,"India","IND","IND",93,"Israel","ISR","ISR","0",1270,"0","0","0","0","0","-","0"
1,"t1UHTw",1,392,2020,88,"India","IND","IND",93,"Israel","ISR","ISR","0",1193,"0","0","0","0","0","-","0"
1,"t1UHTw",1,393,2021,88,"India","IND","IND",93,"Israel","ISR","ISR","0",1116,"0","0","0","0","0","-","0"
1,"t1UHTw",1,394,2022,88,"India","IND","IND",93,"Israel","ISR","ISR","0",950,"0","0","0","0","0","-","0"
1,"t1UHTw",1,395,2023,88,"India","IND","IND",93,"Israel","ISR","ISR","0",1055,"0","0","0","0","0","-","0"
1,"t1UHTw",1,396,2024,88,"India","IND","IND",93,"Israel","ISR","ISR","0",1016,"0","0","0","0","0","-","0"
1,"t1UHTw",1,397,2025,88,"India","IND","IND",93,"Israel","ISR","ISR","0",1016,"0","0","0","0","0","-","0"
1,"t1UHTw",1,398,2001,91,"Iran (Islamic Rep. of)","IRN","IRN",93,"Israel","ISR","ISR",5,7,"0","0","0","0","0","-","0"
1,"t1UHTw",1,399,2002,91,"Iran (Islamic Rep. of)","IRN","IRN",93,"Israel","ISR","ISR","0",5,"0","0","0","0","0","-","0"
1,"t1UHTw",1,400,2005,91,"Iran (Islamic Rep. of)","IRN","IRN",93,"Israel","ISR","ISR",5,5,"0","0","0","0","0","-","0"
1,"t1UHTw",1,401,2006,91,"Iran (Islamic Rep. of)","IRN","IRN",93,"Israel","ISR","ISR","0",5,"0","0","0","0","0","-","0"
1,"t1UHTw",1,402,2007,91,"Iran (Islamic Rep. of)","IRN","IRN",93,"Israel","ISR","ISR","0",5,"0","0","0","0","0","-","0"
1,"t1UHTw",1,403,2008,91,"Iran (Islamic Rep. of)","IRN","IRN",93,"Israel","ISR","ISR","0",11,"0","0","0","0","0","-","0"
1,"t1UHTw",1,404,2011,91,"Iran (Islamic Rep. of)","IRN","IRN",93,"Israel","ISR","ISR",6,"0","0","0","0","0","0","-","0"
1,"t1UHTw",1,405,2012,91,"Iran (Islamic Rep. of)","IRN","IRN",93,"Israel","ISR","ISR",6,"0","0","0","0","0","0","-","0"
1,"t1UHTw",1,406,2013,91,"Iran (Islamic Rep. of)","IRN","IRN",93,"Israel","ISR","ISR",6,"0","0","0","0","0","0","-","0"
1,"t1UHTw",1,407,2014,91,"Iran (Islamic Rep. of)","IRN","IRN",93,"Israel","ISR","ISR",6,"0","0","0","0","0","0","-","0"
1,"t1UHTw",1,408,2015,91,"Iran (Islamic Rep. of)","IRN","IRN",93,"Israel","ISR","ISR",6,"0","0","0","0","0","0","-","0"
1,"t1UHTw",1,409,2016,91,"Iran (Islamic Rep. of)","IRN","IRN",93,"Israel","ISR","ISR",6,5,"0","0","0","0","0","-","0"
1,"t1UHTw",1,410,2017,91,"Iran (Islamic Rep. of)","IRN","IRN",93,"Israel","ISR","ISR",6,5,"0","0","0","0","0","-","0"
1,"t1UHTw",1,411,2018,91,"Iran (Islamic Rep. of)","IRN","IRN",93,"Israel","ISR","ISR",6,5,"0","0","0","0","0","-","0"
1,"t1UHTw",1,412,2019,91,"Iran (Islamic Rep. of)","IRN","IRN",93,"Israel","ISR","ISR",6,5,"0","0","0","0","0","-","0"
1,"t1UHTw",1,413,2020,91,"Iran (Islamic Rep. of)","IRN","IRN",93,"Israel","ISR","ISR",6,"0","0","0","0","0","0","-","0"
1,"t1UHTw",1,414,2021,91,"Iran (Islamic Rep. of)","IRN","IRN",93,"Israel","ISR","ISR",6,"0","0","0","0","0","0","-","0"
1,"t1UHTw",1,415,2022,91,"Iran (Islamic Rep. of)","IRN","IRN",93,"Israel","ISR","ISR",6,"0","0","0","0","0","0","-","0"
1,"t1UHTw",1,416,2023,91,"Iran (Islamic Rep. of)","IRN","IRN",93,"Israel","ISR","ISR",6,"0","0","0","0","0","0","-","0"
1,"t1UHTw",1,417,2024,91,"Iran (Islamic Rep. of)","IRN","IRN",93,"Israel","ISR","ISR",6,"0","0","0","0","0","0","-","0"
1,"t1UHTw",1,418,2025,91,"Iran (Islamic Rep. of)","IRN","IRN",93,"Israel","ISR","ISR",6,"0","0","0","0","0","0","-","0"
1,"t1UHTw",1,419,1998,92,"Iraq","IRQ","IRQ",93,"Israel","ISR","ISR",10,"0","0","0","0","0","0","-","0"
1,"t1UHTw",1,420,1999,92,"Iraq","IRQ","IRQ",93,"Israel","ISR","ISR",9,"0","0","0","0","0","0","-","0"
1,"t1UHTw",1,421,2000,92,"Iraq","IRQ","IRQ",93,"Israel","ISR","ISR",7,"0","0","0","0","0","0","-","0"
1,"t1UHTw",1,422,2001,92,"Iraq","IRQ","IRQ",93,"Israel","ISR","ISR",6,"0","0","0","0","0","0","-","0"
1,"t1UHTw",1,423,2002,92,"Iraq","IRQ","IRQ",93,"Israel","ISR","ISR",13,"0","0","0","0","0","0","-","0"
1,"t1UHTw",1,424,2003,92,"Iraq","IRQ","IRQ",93,"Israel","ISR","ISR",13,"0","0","0","0","0","0","-","0"
1,"t1UHTw",1,425,2004,92,"Iraq","IRQ","IRQ",93,"Israel","ISR","ISR",5,"0","0","0","0","0","0","-","0"
1,"t1UHTw",1,426,2005,92,"Iraq","IRQ","IRQ",93,"Israel","ISR","ISR",5,5,"0","0","0","0","0","-","0"
1,"t1UHTw",1,427,2006,92,"Iraq","IRQ","IRQ",93,"Israel","ISR","ISR","0",5,"0","0","0","0","0","-","0"
1,"t1UHTw",1,428,2007,92,"Iraq","IRQ","IRQ",93,"Israel","ISR","ISR","0",8,"0","0","0","0","0","-","0"
1,"t1UHTw",1,429,2008,92,"Iraq","IRQ","IRQ",93,"Israel","ISR","ISR","0",15,"0","0","0","0","0","-","0"
1,"t1UHTw",1,430,2014,92,"Iraq","IRQ","IRQ",93,"Israel","ISR","ISR",9,"0","0","0","0","0","0","-","0"
1,"t1UHTw",1,431,2015,92,"Iraq","IRQ","IRQ",93,"Israel","ISR","ISR",9,"0","0","0","0","0","0","-","0"
1,"t1UHTw",1,432,2016,92,"Iraq","IRQ","IRQ",93,"Israel","ISR","ISR",10,"0","0","0","0","0","0","-","0"
1,"t1UHTw",1,433,2017,92,"Iraq","IRQ","IRQ",93,"Israel","ISR","ISR",10,"0","0","0","0","0","0","-","0"
1,"t1UHTw",1,434,2018,92,"Iraq","IRQ","IRQ",93,"Israel","ISR","ISR",10,"0","0","0","0","0","0","-","0"
1,"t1UHTw",1,435,2019,92,"Iraq","IRQ","IRQ",93,"Israel","ISR","ISR",10,"0","0","0","0","0","0","-","0"
1,"t1UHTw",1,436,2020,92,"Iraq","IRQ","IRQ",93,"Israel","ISR","ISR",10,"0","0","0","0","0","0","-","0"
1,"t1UHTw",1,437,2021,92,"Iraq","IRQ","IRQ",93,"Israel","ISR","ISR",10,"0","0","0","0","0","0","-","0"
1,"t1UHTw",1,438,2022,92,"Iraq","IRQ","IRQ",93,"Israel","ISR","ISR",10,"0","0","0","0","0","0","-","0"
1,"t1UHTw",1,439,2023,92,"Iraq","IRQ","IRQ",93,"Israel","ISR","ISR",10,"0","0","0","0","0","0","-","0"
1,"t1UHTw",1,440,2024,92,"Iraq","IRQ","IRQ",93,"Israel","ISR","ISR",10,"0","0","0","0","0","0","-","0"
1,"t1UHTw",1,441,2025,92,"Iraq","IRQ","IRQ",93,"Israel","ISR","ISR",10,"0","0","0","0","0","0","-","0"
1,"t1UHTw",1,442,2024,95,"Jamaica","JAM","JAM",93,"Israel","ISR","ISR","0",5,"0","0","0","0","0","-","0"
1,"t1UHTw",1,443,2025,95,"Jamaica","JAM","JAM",93,"Israel","ISR","ISR","0",5,"0","0","0","0","0","-","0"
1,"t1UHTw",1,444,2008,98,"Kazakhstan","KAZ","KAZ",93,"Israel","ISR","ISR","0",5,"0","0","0","0","0","-","0"
1,"t1UHTw",1,445,2017,98,"Kazakhstan","KAZ","KAZ",93,"Israel","ISR","ISR","0",31,"0","0","0","0","0","-","0"
1,"t1UHTw",1,446,2018,98,"Kazakhstan","KAZ","KAZ",93,"Israel","ISR","ISR","0",186,"0","0","0","0","0","-","0"
1,"t1UHTw",1,447,2019,98,"Kazakhstan","KAZ","KAZ",93,"Israel","ISR","ISR","0",214,"0","0","0","0","0","-","0"
1,"t1UHTw",1,448,2020,98,"Kazakhstan","KAZ","KAZ",93,"Israel","ISR","ISR","0",186,"0","0","0","0","0","-","0"
1,"t1UHTw",1,449,2021,98,"Kazakhstan","KAZ","KAZ",93,"Israel","ISR","ISR","0",105,"0","0","0","0","0","-","0"
1,"t1UHTw",1,450,2022,98,"Kazakhstan","KAZ","KAZ",93,"Israel","ISR","ISR","0",96,"0","0","0","0","0","-","0"
1,"t1UHTw",1,451,2023,98,"Kazakhstan","KAZ","KAZ",93,"Israel","ISR","ISR","0",65,"0","0","0","0","0","-","0"
1,"t1UHTw",1,452,2024,98,"Kazakhstan","KAZ","KAZ",93,"Israel","ISR","ISR","0",51,"0","0","0","0","0","-","0"
1,"t1UHTw",1,453,2025,98,"Kazakhstan","KAZ","KAZ",93,"Israel","ISR","ISR","0",51,"0","0","0","0","0","-","0"
1,"t1UHTw",1,454,2007,99,"Kenya","KEN","KEN",93,"Israel","ISR","ISR","0",38,"0","0","0","0","0","-","0"
1,"t1UHTw",1,455,2008,99,"Kenya","KEN","KEN",93,"Israel","ISR","ISR","0",35,"0","0","0","0","0","-","0"
1,"t1UHTw",1,456,2009,99,"Kenya","KEN","KEN",93,"Israel","ISR","ISR","0",21,"0","0","0","0","0","-","0"
1,"t1UHTw",1,457,2010,99,"Kenya","KEN","KEN",93,"Israel","ISR","ISR","0",23,"0","0","0","0","0","-","0"
1,"t1UHTw",1,458,2016,99,"Kenya","KEN","KEN",93,"Israel","ISR","ISR","0",22,"0","0","0","0","0","-","0"
1,"t1UHTw",1,459,2017,99,"Kenya","KEN","KEN",93,"Israel","ISR","ISR","0",44,"0","0","0","0","0","-","0"
1,"t1UHTw",1,460,2018,99,"Kenya","KEN","KEN",93,"Israel","ISR","ISR","0",84,"0","0","0","0","0","-","0"
1,"t1UHTw",1,461,2019,99,"Kenya","KEN","KEN",93,"Israel","ISR","ISR","0",107,"0","0","0","0","0","-","0"
1,"t1UHTw",1,462,2020,99,"Kenya","KEN","KEN",93,"Israel","ISR","ISR","0",108,"0","0","0","0","0","-","0"
1,"t1UHTw",1,463,2021,99,"Kenya","KEN","KEN",93,"Israel","ISR","ISR","0",105,"0","0","0","0","0","-","0"
1,"t1UHTw",1,464,2022,99,"Kenya","KEN","KEN",93,"Israel","ISR","ISR","0",133,"0","0","0","0","0","-","0"
1,"t1UHTw",1,465,2023,99,"Kenya","KEN","KEN",93,"Israel","ISR","ISR","0",239,"0","0","0","0","0","-","0"
1,"t1UHTw",1,466,2024,99,"Kenya","KEN","KEN",93,"Israel","ISR","ISR","0",475,"0","0","0","0","0","-","0"
1,"t1UHTw",1,467,2025,99,"Kenya","KEN","KEN",93,"Israel","ISR","ISR","0",475,"0","0","0","0","0","-","0"
1,"t1UHTw",1,468,2017,100,"Kyrgyzstan","KGZ","KGZ",93,"Israel","ISR","ISR","0",17,"0","0","0","0","0","-","0"
1,"t1UHTw",1,469,2018,100,"Kyrgyzstan","KGZ","KGZ",93,"Israel","ISR","ISR","0",64,"0","0","0","0","0","-","0"
1,"t1UHTw",1,470,2019,100,"Kyrgyzstan","KGZ","KGZ",93,"Israel","ISR","ISR","0",90,"0","0","0","0","0","-","0"
1,"t1UHTw",1,471,2020,100,"Kyrgyzstan","KGZ","KGZ",93,"Israel","ISR","ISR","0",78,"0","0","0","0","0","-","0"
1,"t1UHTw",1,472,2021,100,"Kyrgyzstan","KGZ","KGZ",93,"Israel","ISR","ISR","0",46,"0","0","0","0","0","-","0"
1,"t1UHTw",1,473,2022,100,"Kyrgyzstan","KGZ","KGZ",93,"Israel","ISR","ISR","0",32,"0","0","0","0","0","-","0"
1,"t1UHTw",1,474,2023,100,"Kyrgyzstan","KGZ","KGZ",93,"Israel","ISR","ISR","0",39,"0","0","0","0","0","-","0"
1,"t1UHTw",1,475,2024,100,"Kyrgyzstan","KGZ","KGZ",93,"Israel","ISR","ISR","0",62,"0","0","0","0","0","-","0"
1,"t1UHTw",1,476,2025,100,"Kyrgyzstan","KGZ","KGZ",93,"Israel","ISR","ISR","0",62,"0","0","0","0","0","-","0"
1,"t1UHTw",1,477,2013,103,"Dem. People's Rep. of Korea","KRN","PRK",93,"Israel","ISR","ISR",5,"0","0","0","0","0","0","-","0"
1,"t1UHTw",1,478,2014,103,"Dem. People's Rep. of Korea","KRN","PRK",93,"Israel","ISR","ISR",5,"0","0","0","0","0","0","-","0"
1,"t1UHTw",1,479,2015,103,"Dem. People's Rep. of Korea","KRN","PRK",93,"Israel","ISR","ISR",5,"0","0","0","0","0","0","-","0"
1,"t1UHTw",1,480,2016,103,"Dem. People's Rep. of Korea","KRN","PRK",93,"Israel","ISR","ISR",5,"0","0","0","0","0","0","-","0"
1,"t1UHTw",1,481,2017,103,"Dem. People's Rep. of Korea","KRN","PRK",93,"Israel","ISR","ISR",5,"0","0","0","0","0","0","-","0"
1,"t1UHTw",1,482,2018,103,"Dem. People's Rep. of Korea","KRN","PRK",93,"Israel","ISR","ISR",5,"0","0","0","0","0","0","-","0"
1,"t1UHTw",1,483,2019,103,"Dem. People's Rep. of Korea","KRN","PRK",93,"Israel","ISR","ISR",5,"0","0","0","0","0","0","-","0"
1,"t1UHTw",1,484,2020,103,"Dem. People's Rep. of Korea","KRN","PRK",93,"Israel","ISR","ISR",5,"0","0","0","0","0","0","-","0"
1,"t1UHTw",1,485,2021,103,"Dem. People's Rep. of Korea","KRN","PRK",93,"Israel","ISR","ISR",5,"0","0","0","0","0","0","-","0"
1,"t1UHTw",1,486,2022,103,"Dem. People's Rep. of Korea","KRN","PRK",93,"Israel","ISR","ISR",5,"0","0","0","0","0","0","-","0"
1,"t1UHTw",1,487,2023,103,"Dem. People's Rep. of Korea","KRN","PRK",93,"Israel","ISR","ISR",5,"0","0","0","0","0","0","-","0"
1,"t1UHTw",1,488,2024,103,"Dem. People's Rep. of Korea","KRN","PRK",93,"Israel","ISR","ISR",5,"0","0","0","0","0","0","-","0"
1,"t1UHTw",1,489,2025,103,"Dem. People's Rep. of Korea","KRN","PRK",93,"Israel","ISR","ISR",5,"0","0","0","0","0","0","-","0"
1,"t1UHTw",1,490,2024,105,"Lao People's Dem. Rep.","LAO","LAO",93,"Israel","ISR","ISR","0",5,"0","0","0","0","0","-","0"
1,"t1UHTw",1,491,2025,105,"Lao People's Dem. Rep.","LAO","LAO",93,"Israel","ISR","ISR","0",5,"0","0","0","0","0","-","0"
1,"t1UHTw",1,492,2000,106,"Liberia","LBR","LBR",93,"Israel","ISR","ISR","0",5,"0","0","0","0","0","-","0"
1,"t1UHTw",1,493,2001,106,"Liberia","LBR","LBR",93,"Israel","ISR","ISR",5,49,"0","0","0","0","0","-","0"
1,"t1UHTw",1,494,2002,106,"Liberia","LBR","LBR",93,"Israel","ISR","ISR",5,67,"0","0","0","0","0","-","0"
1,"t1UHTw",1,495,2003,106,"Liberia","LBR","LBR",93,"Israel","ISR","ISR",5,"0","0","0","0","0","0","-","0"
1,"t1UHTw",1,496,2004,106,"Liberia","LBR","LBR",93,"Israel","ISR","ISR",65,"0","0","0","0","0","0","-","0"
1,"t1UHTw",1,497,2005,106,"Liberia","LBR","LBR",93,"Israel","ISR","ISR",73,8,"0","0","0","0","0","-","0"
1,"t1UHTw",1,498,2006,106,"Liberia","LBR","LBR",93,"Israel","ISR","ISR",77,18,"0","0","0","0","0","-","0"
1,"t1UHTw",1,499,2007,106,"Liberia","LBR","LBR",93,"Israel","ISR","ISR",77,18,"0","0","0","0","0","-","0"
1,"t1UHTw",1,500,2008,106,"Liberia","LBR","LBR",93,"Israel","ISR","ISR","0",43,"0","0","0","0","0","-","0"
1,"t1UHTw",1,501,2009,106,"Liberia","LBR","LBR",93,"Israel","ISR","ISR","0",34,"0","0","0","0","0","-","0"
1,"t1UHTw",1,502,2010,106,"Liberia","LBR","LBR",93,"Israel","ISR","ISR","0",60,"0","0","0","0","0","-","0"
1,"t1UHTw",1,503,2016,106,"Liberia","LBR","LBR",93,"Israel","ISR","ISR","0",5,"0","0","0","0","0","-","0"
1,"t1UHTw",1,504,2022,106,"Liberia","LBR","LBR",93,"Israel","ISR","ISR","0",5,"0","0","0","0","0","-","0"
1,"t1UHTw",1,505,2023,106,"Liberia","LBR","LBR",93,"Israel","ISR","ISR","0",9,"0","0","0","0","0","-","0"
1,"t1UHTw",1,506,2024,106,"Liberia","LBR","LBR",93,"Israel","ISR","ISR","0",9,"0","0","0","0","0","-","0"
1,"t1UHTw",1,507,2025,106,"Liberia","LBR","LBR",93,"Israel","ISR","ISR","0",9,"0","0","0","0","0","-","0"
1,"t1UHTw",1,508,2000,109,"Lebanon","LEB","LBN",93,"Israel","ISR","ISR",3909,"0",1568,"0","0","0","0","-","0"
1,"t1UHTw",1,509,2001,109,"Lebanon","LEB","LBN",93,"Israel","ISR","ISR",3909,"0","0","0","0","0","0","-","0"
1,"t1UHTw",1,510,2002,109,"Lebanon","LEB","LBN",93,"Israel","ISR","ISR",3909,8,"0","0","0","0","0","-","0"
1,"t1UHTw",1,511,2003,109,"Lebanon","LEB","LBN",93,"Israel","ISR","ISR",3909,"0","0","0","0","0","0","-","0"
1,"t1UHTw",1,512,2005,109,"Lebanon","LEB","LBN",93,"Israel","ISR","ISR","0",5,"0","0","0","0","0","-","0"
1,"t1UHTw",1,513,2006,109,"Lebanon","LEB","LBN",93,"Israel","ISR","ISR","0",5,"0","0","0","0","0","-","0"
1,"t1UHTw",1,514,2007,109,"Lebanon","LEB","LBN",93,"Israel","ISR","ISR","0",6,"0","0","0","0","0","-","0"
1,"t1UHTw",1,515,2008,109,"Lebanon","LEB","LBN",93,"Israel","ISR","ISR","0",8,"0","0","0","0","0","-","0"
1,"t1UHTw",1,516,2017,110,"Lesotho","LES","LSO",93,"Israel","ISR","ISR","0",5,"0","0","0","0","0","-","0"
1,"t1UHTw",1,517,2018,110,"Lesotho","LES","LSO",93,"Israel","ISR","ISR","0",6,"0","0","0","0","0","-","0"
1,"t1UHTw",1,518,2019,110,"Lesotho","LES","LSO",93,"Israel","ISR","ISR","0",7,"0","0","0","0","0","-","0"
1,"t1UHTw",1,519,2020,110,"Lesotho","LES","LSO",93,"Israel","ISR","ISR","0",7,"0","0","0","0","0","-","0"
1,"t1UHTw",1,520,2021,110,"Lesotho","LES","LSO",93,"Israel","ISR","ISR","0",6,"0","0","0","0","0","-","0"
1,"t1UHTw",1,521,2022,110,"Lesotho","LES","LSO",93,"Israel","ISR","ISR","0",7,"0","0","0","0","0","-","0"
1,"t1UHTw",1,522,2023,110,"Lesotho","LES","LSO",93,"Israel","ISR","ISR","0",6,"0","0","0","0","0","-","0"
1,"t1UHTw",1,523,2024,110,"Lesotho","LES","LSO",93,"Israel","ISR","ISR","0",5,"0","0","0","0","0","-","0"
1,"t1UHTw",1,524,2025,110,"Lesotho","LES","LSO",93,"Israel","ISR","ISR","0",5,"0","0","0","0","0","-","0"
1,"t1UHTw",1,525,2005,112,"Sri Lanka","LKA","LKA",93,"Israel","ISR","ISR","0",5,"0","0","0","0","0","-","0"
1,"t1UHTw",1,526,2006,112,"Sri Lanka","LKA","LKA",93,"Israel","ISR","ISR","0",5,"0","0","0","0","0","-","0"
1,"t1UHTw",1,527,2007,112,"Sri Lanka","LKA","LKA",93,"Israel","ISR","ISR","0",12,"0","0","0","0","0","-","0"
1,"t1UHTw",1,528,2008,112,"Sri Lanka","LKA","LKA",93,"Israel","ISR","ISR","0",14,"0","0","0","0","0","-","0"
1,"t1UHTw",1,529,2009,112,"Sri Lanka","LKA","LKA",93,"Israel","ISR","ISR","0",11,"0","0","0","0","0","-","0"
1,"t1UHTw",1,530,2010,112,"Sri Lanka","LKA","LKA",93,"Israel","ISR","ISR","0",11,"0","0","0","0","0","-","0"
1,"t1UHTw",1,531,2016,112,"Sri Lanka","LKA","LKA",93,"Israel","ISR","ISR","0",277,"0","0","0","0","0","-","0"
1,"t1UHTw",1,532,2017,112,"Sri Lanka","LKA","LKA",93,"Israel","ISR","ISR","0",566,"0","0","0","0","0","-","0"
1,"t1UHTw",1,533,2018,112,"Sri Lanka","LKA","LKA",93,"Israel","ISR","ISR","0",1004,"0","0","0","0","0","-","0"
1,"t1UHTw",1,534,2019,112,"Sri Lanka","LKA","LKA",93,"Israel","ISR","ISR","0",1115,"0","0","0","0","0","-","0"
1,"t1UHTw",1,535,2020,112,"Sri Lanka","LKA","LKA",93,"Israel","ISR","ISR","0",1048,"0","0","0","0","0","-","0"
1,"t1UHTw",1,536,2021,112,"Sri Lanka","LKA","LKA",93,"Israel","ISR","ISR","0",957,"0","0","0","0","0","-","0"
1,"t1UHTw",1,537,2022,112,"Sri Lanka","LKA","LKA",93,"Israel","ISR","ISR","0",911,"0","0","0","0","0","-","0"
1,"t1UHTw",1,538,2023,112,"Sri Lanka","LKA","LKA",93,"Israel","ISR","ISR","0",879,"0","0","0","0","0","-","0"
1,"t1UHTw",1,539,2024,112,"Sri Lanka","LKA","LKA",93,"Israel","ISR","ISR","0",932,"0","0","0","0","0","-","0"
1,"t1UHTw",1,540,2025,112,"Sri Lanka","LKA","LKA",93,"Israel","ISR","ISR","0",932,"0","0","0","0","0","-","0"
1,"t1UHTw",1,541,2008,113,"Lithuania","LTU","LTU",93,"Israel","ISR","ISR","0",5,"0","0","0","0","0","-","0"
1,"t1UHTw",1,542,2018,115,"Latvia","LVA","LVA",93,"Israel","ISR","ISR","0",5,"0","0","0","0","0","-","0"
1,"t1UHTw",1,543,2019,115,"Latvia","LVA","LVA",93,"Israel","ISR","ISR","0",5,"0","0","0","0","0","-","0"
1,"t1UHTw",1,544,2002,117,"Madagascar","MAD","MDG",93,"Israel","ISR","ISR","0",5,"0","0","0","0","0","-","0"
1,"t1UHTw",1,545,2007,119,"Mauritania","MAU","MRT",93,"Israel","ISR","ISR","0",5,"0","0","0","0","0","-","0"
1,"t1UHTw",1,546,2008,119,"Mauritania","MAU","MRT",93,"Israel","ISR","ISR","0",5,"0","0","0","0","0","-","0"
1,"t1UHTw",1,547,2009,119,"Mauritania","MAU","MRT",93,"Israel","ISR","ISR","0",5,"0","0","0","0","0","-","0"
1,"t1UHTw",1,548,2010,119,"Mauritania","MAU","MRT",93,"Israel","ISR","ISR","0",5,"0","0","0","0","0","-","0"
1,"t1UHTw",1,549,2020,120,"North Macedonia","MCD","MKD",93,"Israel","ISR","ISR","0",29,"0","0","0","0","0","-","0"
1,"t1UHTw",1,550,2021,120,"North Macedonia","MCD","MKD",93,"Israel","ISR","ISR","0",23,"0","0","0","0","0","-","0"
1,"t1UHTw",1,551,2022,120,"North Macedonia","MCD","MKD",93,"Israel","ISR","ISR","0",39,"0","0","0","0","0","-","0"
1,"t1UHTw",1,552,2023,120,"North Macedonia","MCD","MKD",93,"Israel","ISR","ISR","0",49,"0","0","0","0","0","-","0"
1,"t1UHTw",1,553,2024,120,"North Macedonia","MCD","MKD",93,"Israel","ISR","ISR","0",28,"0","0","0","0","0","-","0"
1,"t1UHTw",1,554,2025,120,"North Macedonia","MCD","MKD",93,"Israel","ISR","ISR","0",28,"0","0","0","0","0","-","0"
1,"t1UHTw",1,555,2007,122,"Rep. of Moldova","MDA","MDA",93,"Israel","ISR","ISR","0",11,"0","0","0","0","0","-","0"
1,"t1UHTw",1,556,2008,122,"Rep. of Moldova","MDA","MDA",93,"Israel","ISR","ISR","0",16,"0","0","0","0","0","-","0"
1,"t1UHTw",1,557,2009,122,"Rep. of Moldova","MDA","MDA",93,"Israel","ISR","ISR","0",16,"0","0","0","0","0","-","0"
1,"t1UHTw",1,558,2010,122,"Rep. of Moldova","MDA","MDA",93,"Israel","ISR","ISR","0",16,"0","0","0","0","0","-","0"
1,"t1UHTw",1,559,2016,122,"Rep. of Moldova","MDA","MDA",93,"Israel","ISR","ISR","0",272,"0","0","0","0","0","-","0"
1,"t1UHTw",1,560,2017,122,"Rep. of Moldova","MDA","MDA",93,"Israel","ISR","ISR","0",426,"0","0","0","0","0","-","0"
1,"t1UHTw",1,561,2018,122,"Rep. of Moldova","MDA","MDA",93,"Israel","ISR","ISR","0",651,"0","0","0","0","0","-","0"
1,"t1UHTw",1,562,2019,122,"Rep. of Moldova","MDA","MDA",93,"Israel","ISR","ISR","0",656,"0","0","0","0","0","-","0"
1,"t1UHTw",1,563,2020,122,"Rep. of Moldova","MDA","MDA",93,"Israel","ISR","ISR","0",504,"0","0","0","0","0","-","0"
1,"t1UHTw",1,564,2021,122,"Rep. of Moldova","MDA","MDA",93,"Israel","ISR","ISR","0",361,"0","0","0","0","0","-","0"
1,"t1UHTw",1,565,2022,122,"Rep. of Moldova","MDA","MDA",93,"Israel","ISR","ISR","0",258,"0","0","0","0","0","-","0"
1,"t1UHTw",1,566,2023,122,"Rep. of Moldova","MDA","MDA",93,"Israel","ISR","ISR","0",292,"0","0","0","0","0","-","0"
1,"t1UHTw",1,567,2024,122,"Rep. of Moldova","MDA","MDA",93,"Israel","ISR","ISR","0",208,"0","0","0","0","0","-","0"
1,"t1UHTw",1,568,2025,122,"Rep. of Moldova","MDA","MDA",93,"Israel","ISR","ISR","0",208,"0","0","0","0","0","-","0"
1,"t1UHTw",1,569,2020,124,"Mexico","MEX","MEX",93,"Israel","ISR","ISR","0",9,"0","0","0","0","0","-","0"
1,"t1UHTw",1,570,2021,124,"Mexico","MEX","MEX",93,"Israel","ISR","ISR","0",5,"0","0","0","0","0","-","0"
1,"t1UHTw",1,571,2022,124,"Mexico","MEX","MEX",93,"Israel","ISR","ISR","0",7,"0","0","0","0","0","-","0"
1,"t1UHTw",1,572,2023,124,"Mexico","MEX","MEX",93,"Israel","ISR","ISR","0",6,"0","0","0","0","0","-","0"
1,"t1UHTw",1,573,2024,124,"Mexico","MEX","MEX",93,"Israel","ISR","ISR","0",6,"0","0","0","0","0","-","0"
1,"t1UHTw",1,574,2025,124,"Mexico","MEX","MEX",93,"Israel","ISR","ISR","0",6,"0","0","0","0","0","-","0"
1,"t1UHTw",1,575,2008,126,"Mali","MLI","MLI",93,"Israel","ISR","ISR","0",14,"0","0","0","0","0","-","0"
1,"t1UHTw",1,576,2009,126,"Mali","MLI","MLI",93,"Israel","ISR","ISR","0",6,"0","0","0","0","0","-","0"
1,"t1UHTw",1,577,2010,126,"Mali","MLI","MLI",93,"Israel","ISR","ISR","0",23,"0","0","0","0","0","-","0"
1,"t1UHTw",1,578,2016,126,"Mali","MLI","MLI",93,"Israel","ISR","ISR","0",7,"0","0","0","0","0","-","0"
1,"t1UHTw",1,579,2017,126,"Mali","MLI","MLI",93,"Israel","ISR","ISR","0",6,"0","0","0","0","0","-","0"
1,"t1UHTw",1,580,2018,126,"Mali","MLI","MLI",93,"Israel","ISR","ISR","0",5,"0","0","0","0","0","-","0"
1,"t1UHTw",1,581,2019,126,"Mali","MLI","MLI",93,"Israel","ISR","ISR","0",5,"0","0","0","0","0","-","0"
1,"t1UHTw",1,582,2020,126,"Mali","MLI","MLI",93,"Israel","ISR","ISR","0",6,"0","0","0","0","0","-","0"
1,"t1UHTw",1,583,2021,126,"Mali","MLI","MLI",93,"Israel","ISR","ISR","0",5,"0","0","0","0","0","-","0"
1,"t1UHTw",1,584,2022,126,"Mali","MLI","MLI",93,"Israel","ISR","ISR","0",5,"0","0","0","0","0","-","0"
1,"t1UHTw",1,585,2023,126,"Mali","MLI","MLI",93,"Israel","ISR","ISR","0",5,"0","0","0","0","0","-","0"
1,"t1UHTw",1,586,2024,126,"Mali","MLI","MLI",93,"Israel","ISR","ISR","0",5,"0","0","0","0","0","-","0"
1,"t1UHTw",1,587,2025,126,"Mali","MLI","MLI",93,"Israel","ISR","ISR","0",5,"0","0","0","0","0","-","0"
1,"t1UHTw",1,588,2016,128,"Malawi","MLW","MWI",93,"Israel","ISR","ISR","0",5,"0","0","0","0","0","-","0"
1,"t1UHTw",1,589,2017,128,"Malawi","MLW","MWI",93,"Israel","ISR","ISR","0",12,"0","0","0","0","0","-","0"
1,"t1UHTw",1,590,2018,128,"Malawi","MLW","MWI",93,"Israel","ISR","ISR","0",38,"0","0","0","0","0","-","0"
1,"t1UHTw",1,591,2019,128,"Malawi","MLW","MWI",93,"Israel","ISR","ISR","0",67,"0","0","0","0","0","-","0"
1,"t1UHTw",1,592,2020,128,"Malawi","MLW","MWI",93,"Israel","ISR","ISR","0",76,"0","0","0","0","0","-","0"
1,"t1UHTw",1,593,2021,128,"Malawi","MLW","MWI",93,"Israel","ISR","ISR","0",75,"0","0","0","0","0","-","0"
1,"t1UHTw",1,594,2022,128,"Malawi","MLW","MWI",93,"Israel","ISR","ISR","0",76,"0","0","0","0","0","-","0"
1,"t1UHTw",1,595,2023,128,"Malawi","MLW","MWI",93,"Israel","ISR","ISR","0",135,"0","0","0","0","0","-","0"
1,"t1UHTw",1,596,2024,128,"Malawi","MLW","MWI",93,"Israel","ISR","ISR","0",636,"0","0","0","0","0","-","0"
1,"t1UHTw",1,597,2025,128,"Malawi","MLW","MWI",93,"Israel","ISR","ISR","0",636,"0","0","0","0","0","-","0"
1,"t1UHTw",1,598,2008,129,"Mongolia","MNG","MNG",93,"Israel","ISR","ISR","0",5,"0","0","0","0","0","-","0"
1,"t1UHTw",1,599,2011,129,"Mongolia","MNG","MNG",93,"Israel","ISR","ISR","0",14,"0","0","0","0","0","-","0"
1,"t1UHTw",1,600,2016,129,"Mongolia","MNG","MNG",93,"Israel","ISR","ISR","0",21,"0","0","0","0","0","-","0"
1,"t1UHTw",1,601,2017,129,"Mongolia","MNG","MNG",93,"Israel","ISR","ISR","0",83,"0","0","0","0","0","-","0"
1,"t1UHTw",1,602,2019,129,"Mongolia","MNG","MNG",93,"Israel","ISR","ISR","0",7,"0","0","0","0","0","-","0"
1,"t1UHTw",1,603,2020,129,"Mongolia","MNG","MNG",93,"Israel","ISR","ISR","0",5,"0","0","0","0","0","-","0"
1,"t1UHTw",1,604,2023,129,"Mongolia","MNG","MNG",93,"Israel","ISR","ISR","0",7,"0","0","0","0","0","-","0"
1,"t1UHTw",1,605,2024,129,"Mongolia","MNG","MNG",93,"Israel","ISR","ISR","0",7,"0","0","0","0","0","-","0"
1,"t1UHTw",1,606,2025,129,"Mongolia","MNG","MNG",93,"Israel","ISR","ISR","0",7,"0","0","0","0","0","-","0"
1,"t1UHTw",1,607,2024,130,"Morocco","MOR","MAR",93,"Israel","ISR","ISR","0",5,"0","0","0","0","0","-","0"
1,"t1UHTw",1,608,2025,130,"Morocco","MOR","MAR",93,"Israel","ISR","ISR","0",5,"0","0","0","0","0","-","0"
1,"t1UHTw",1,609,2020,131,"Mozambique","MOZ","MOZ",93,"Israel","ISR","ISR","0",5,"0","0","0","0","0","-","0"
1,"t1UHTw",1,610,2021,131,"Mozambique","MOZ","MOZ",93,"Israel","ISR","ISR","0",5,"0","0","0","0","0","-","0"
1,"t1UHTw",1,611,2022,131,"Mozambique","MOZ","MOZ",93,"Israel","ISR","ISR","0",5,"0","0","0","0","0","-","0"
1,"t1UHTw",1,612,2023,131,"Mozambique","MOZ","MOZ",93,"Israel","ISR","ISR","0",5,"0","0","0","0","0","-","0"
1,"t1UHTw",1,613,2024,131,"Mozambique","MOZ","MOZ",93,"Israel","ISR","ISR","0",5,"0","0","0","0","0","-","0"
1,"t1UHTw",1,614,2025,131,"Mozambique","MOZ","MOZ",93,"Israel","ISR","ISR","0",5,"0","0","0","0","0","-","0"
1,"t1UHTw",1,615,2020,133,"Montenegro","MNE","MNE",93,"Israel","ISR","ISR","0",14,"0","0","0","0","0","-","0"
1,"t1UHTw",1,616,2021,133,"Montenegro","MNE","MNE",93,"Israel","ISR","ISR","0",7,"0","0","0","0","0","-","0"
1,"t1UHTw",1,617,2022,133,"Montenegro","MNE","MNE",93,"Israel","ISR","ISR","0",32,"0","0","0","0","0","-","0"
1,"t1UHTw",1,618,2023,133,"Montenegro","MNE","MNE",93,"Israel","ISR","ISR","0",26,"0","0","0","0","0","-","0"
1,"t1UHTw",1,619,2024,133,"Montenegro","MNE","MNE",93,"Israel","ISR","ISR","0",10,"0","0","0","0","0","-","0"
1,"t1UHTw",1,620,2025,133,"Montenegro","MNE","MNE",93,"Israel","ISR","ISR","0",10,"0","0","0","0","0","-","0"
1,"t1UHTw",1,621,2005,135,"Myanmar","MYA","MMR",93,"Israel","ISR","ISR","0",39,"0","0","0","0","0","-","0"
1,"t1UHTw",1,622,2006,135,"Myanmar","MYA","MMR",93,"Israel","ISR","ISR","0",50,"0","0","0","0","0","-","0"
1,"t1UHTw",1,623,2007,135,"Myanmar","MYA","MMR",93,"Israel","ISR","ISR","0",69,"0","0","0","0","0","-","0"
1,"t1UHTw",1,624,2008,135,"Myanmar","MYA","MMR",93,"Israel","ISR","ISR","0",91,"0","0","0","0","0","-","0"
1,"t1UHTw",1,625,2011,135,"Myanmar","MYA","MMR",93,"Israel","ISR","ISR","0",63,"0","0","0","0","0","-","0"
1,"t1UHTw",1,626,2016,135,"Myanmar","MYA","MMR",93,"Israel","ISR","ISR","0",51,"0","0","0","0","0","-","0"
1,"t1UHTw",1,627,2017,135,"Myanmar","MYA","MMR",93,"Israel","ISR","ISR","0",38,"0","0","0","0","0","-","0"
1,"t1UHTw",1,628,2018,135,"Myanmar","MYA","MMR",93,"Israel","ISR","ISR","0",23,"0","0","0","0","0","-","0"
1,"t1UHTw",1,629,2019,135,"Myanmar","MYA","MMR",93,"Israel","ISR","ISR","0",23,"0","0","0","0","0","-","0"
1,"t1UHTw",1,630,2020,135,"Myanmar","MYA","MMR",93,"Israel","ISR","ISR","0",26,"0","0","0","0","0","-","0"
1,"t1UHTw",1,631,2021,135,"Myanmar","MYA","MMR",93,"Israel","ISR","ISR","0",104,"0","0","0","0","0","-","0"
1,"t1UHTw",1,632,2022,135,"Myanmar","MYA","MMR",93,"Israel","ISR","ISR","0",217,"0","0","0","0","0","-","0"
1,"t1UHTw",1,633,2023,135,"Myanmar","MYA","MMR",93,"Israel","ISR","ISR","0",238,"0","0","0","0","0","-","0"
1,"t1UHTw",1,634,2024,135,"Myanmar","MYA","MMR",93,"Israel","ISR","ISR","0",238,"0","0","0","0","0","-","0"
1,"t1UHTw",1,635,2025,135,"Myanmar","MYA","MMR",93,"Israel","ISR","ISR","0",238,"0","0","0","0","0","-","0"
1,"t1UHTw",1,636,2006,137,"Nepal","NEP","NPL",93,"Israel","ISR","ISR","0",6,"0","0","0","0","0","-","0"
1,"t1UHTw",1,637,2007,137,"Nepal","NEP","NPL",93,"Israel","ISR","ISR","0",10,"0","0","0","0","0","-","0"
1,"t1UHTw",1,638,2008,137,"Nepal","NEP","NPL",93,"Israel","ISR","ISR","0",8,"0","0","0","0","0","-","0"
1,"t1UHTw",1,639,2009,137,"Nepal","NEP","NPL",93,"Israel","ISR","ISR","0",9,"0","0","0","0","0","-","0"
1,"t1UHTw",1,640,2010,137,"Nepal","NEP","NPL",93,"Israel","ISR","ISR","0",8,"0","0","0","0","0","-","0"
1,"t1UHTw",1,641,2016,137,"Nepal","NEP","NPL",93,"Israel","ISR","ISR","0",6,"0","0","0","0","0","-","0"
1,"t1UHTw",1,642,2017,137,"Nepal","NEP","NPL",93,"Israel","ISR","ISR","0",8,"0","0","0","0","0","-","0"
1,"t1UHTw",1,643,2018,137,"Nepal","NEP","NPL",93,"Israel","ISR","ISR","0",42,"0","0","0","0","0","-","0"
1,"t1UHTw",1,644,2019,137,"Nepal","NEP","NPL",93,"Israel","ISR","ISR","0",28,"0","0","0","0","0","-","0"
1,"t1UHTw",1,645,2020,137,"Nepal","NEP","NPL",93,"Israel","ISR","ISR","0",36,"0","0","0","0","0","-","0"
1,"t1UHTw",1,646,2021,137,"Nepal","NEP","NPL",93,"Israel","ISR","ISR","0",81,"0","0","0","0","0","-","0"
1,"t1UHTw",1,647,2022,137,"Nepal","NEP","NPL",93,"Israel","ISR","ISR","0",102,"0","0","0","0","0","-","0"
1,"t1UHTw",1,648,2023,137,"Nepal","NEP","NPL",93,"Israel","ISR","ISR","0",169,"0","0","0","0","0","-","0"
1,"t1UHTw",1,649,2024,137,"Nepal","NEP","NPL",93,"Israel","ISR","ISR","0",139,"0","0","0","0","0","-","0"
1,"t1UHTw",1,650,2025,137,"Nepal","NEP","NPL",93,"Israel","ISR","ISR","0",139,"0","0","0","0","0","-","0"
1,"t1UHTw",1,651,2008,139,"Niger","NGR","NER",93,"Israel","ISR","ISR","0",19,"0","0","0","0","0","-","0"
1,"t1UHTw",1,652,2009,139,"Niger","NGR","NER",93,"Israel","ISR","ISR","0",13,"0","0","0","0","0","-","0"
1,"t1UHTw",1,653,2010,139,"Niger","NGR","NER",93,"Israel","ISR","ISR","0",19,"0","0","0","0","0","-","0"
1,"t1UHTw",1,654,2001,141,"Nigeria","NIG","NGA",93,"Israel","ISR","ISR","0",5,"0","0","0","0","0","-","0"
1,"t1UHTw",1,655,2002,141,"Nigeria","NIG","NGA",93,"Israel","ISR","ISR","0",12,"0","0","0","0","0","-","0"
1,"t1UHTw",1,656,2005,141,"Nigeria","NIG","NGA",93,"Israel","ISR","ISR","0",63,"0","0","0","0","0","-","0"
1,"t1UHTw",1,657,2006,141,"Nigeria","NIG","NGA",93,"Israel","ISR","ISR","0",192,"0","0","0","0","0","-","0"
1,"t1UHTw",1,658,2007,141,"Nigeria","NIG","NGA",93,"Israel","ISR","ISR","0",544,"0","0","0","0","0","-","0"
1,"t1UHTw",1,659,2008,141,"Nigeria","NIG","NGA",93,"Israel","ISR","ISR","0",792,"0","0","0","0","0","-","0"
1,"t1UHTw",1,660,2009,141,"Nigeria","NIG","NGA",93,"Israel","ISR","ISR","0",946,"0","0","0","0","0","-","0"
1,"t1UHTw",1,661,2010,141,"Nigeria","NIG","NGA",93,"Israel","ISR","ISR","0",1114,"0","0","0","0","0","-","0"
1,"t1UHTw",1,662,2011,141,"Nigeria","NIG","NGA",93,"Israel","ISR","ISR","0",1504,"0","0","0","0","0","-","0"
1,"t1UHTw",1,663,2012,141,"Nigeria","NIG","NGA",93,"Israel","ISR","ISR","0",6,"0","0","0","0","0","-","0"
1,"t1UHTw",1,664,2013,141,"Nigeria","NIG","NGA",93,"Israel","ISR","ISR",5,"0","0","0","0","0","0","-","0"
1,"t1UHTw",1,665,2014,141,"Nigeria","NIG","NGA",93,"Israel","ISR","ISR",5,"0","0","0","0","0","0","-","0"
1,"t1UHTw",1,666,2015,141,"Nigeria","NIG","NGA",93,"Israel","ISR","ISR",5,"0","0","0","0","0","0","-","0"
1,"t1UHTw",1,667,2016,141,"Nigeria","NIG","NGA",93,"Israel","ISR","ISR",5,499,"0","0","0","0","0","-","0"
1,"t1UHTw",1,668,2017,141,"Nigeria","NIG","NGA",93,"Israel","ISR","ISR",5,725,"0","0","0","0","0","-","0"
1,"t1UHTw",1,669,2018,141,"Nigeria","NIG","NGA",93,"Israel","ISR","ISR",5,984,"0","0","0","0","0","-","0"
1,"t1UHTw",1,670,2019,141,"Nigeria","NIG","NGA",93,"Israel","ISR","ISR",6,996,"0","0","0","0","0","-","0"
1,"t1UHTw",1,671,2020,141,"Nigeria","NIG","NGA",93,"Israel","ISR","ISR",8,995,"0","0","0","0","0","-","0"
1,"t1UHTw",1,672,2021,141,"Nigeria","NIG","NGA",93,"Israel","ISR","ISR",8,877,"0","0","0","0","0","-","0"
1,"t1UHTw",1,673,2022,141,"Nigeria","NIG","NGA",93,"Israel","ISR","ISR",8,819,"0","0","0","0","0","-","0"
1,"t1UHTw",1,674,2023,141,"Nigeria","NIG","NGA",93,"Israel","ISR","ISR",10,755,"0","0","0","0","0","-","0"
1,"t1UHTw",1,675,2024,141,"Nigeria","NIG","NGA",93,"Israel","ISR","ISR",11,660,"0","0","0","0","0","-","0"
1,"t1UHTw",1,676,2025,141,"Nigeria","NIG","NGA",93,"Israel","ISR","ISR",11,660,"0","0","0","0","0","-","0"
1,"t1UHTw",1,677,2020,150,"Peru","PER","PER",93,"Israel","ISR","ISR","0",18,"0","0","0","0","0","-","0"
1,"t1UHTw",1,678,2021,150,"Peru","PER","PER",93,"Israel","ISR","ISR","0",9,"0","0","0","0","0","-","0"
1,"t1UHTw",1,679,2022,150,"Peru","PER","PER",93,"Israel","ISR","ISR","0",13,"0","0","0","0","0","-","0"
1,"t1UHTw",1,680,2023,150,"Peru","PER","PER",93,"Israel","ISR","ISR","0",16,"0","0","0","0","0","-","0"
1,"t1UHTw",1,681,2024,150,"Peru","PER","PER",93,"Israel","ISR","ISR","0",29,"0","0","0","0","0","-","0"
1,"t1UHTw",1,682,2025,150,"Peru","PER","PER",93,"Israel","ISR","ISR","0",29,"0","0","0","0","0","-","0"
1,"t1UHTw",1,683,2006,151,"Philippines","PHI","PHL",93,"Israel","ISR","ISR","0",5,"0","0","0","0","0","-","0"
1,"t1UHTw",1,684,2007,151,"Philippines","PHI","PHL",93,"Israel","ISR","ISR","0",32,"0","0","0","0","0","-","0"
1,"t1UHTw",1,685,2008,151,"Philippines","PHI","PHL",93,"Israel","ISR","ISR","0",58,"0","0","0","0","0","-","0"
1,"t1UHTw",1,686,2009,151,"Philippines","PHI","PHL",93,"Israel","ISR","ISR","0",91,"0","0","0","0","0","-","0"
1,"t1UHTw",1,687,2010,151,"Philippines","PHI","PHL",93,"Israel","ISR","ISR","0",168,"0","0","0","0","0","-","0"
1,"t1UHTw",1,688,2016,151,"Philippines","PHI","PHL",93,"Israel","ISR","ISR","0",5,"0","0","0","0","0","-","0"
1,"t1UHTw",1,689,2018,151,"Philippines","PHI","PHL",93,"Israel","ISR","ISR","0",9,"0","0","0","0","0","-","0"
1,"t1UHTw",1,690,2019,151,"Philippines","PHI","PHL",93,"Israel","ISR","ISR","0",7,"0","0","0","0","0","-","0"
1,"t1UHTw",1,691,2020,151,"Philippines","PHI","PHL",93,"Israel","ISR","ISR","0",6,"0","0","0","0","0","-","0"
1,"t1UHTw",1,692,2021,151,"Philippines","PHI","PHL",93,"Israel","ISR","ISR","0",51,"0","0","0","0","0","-","0"
1,"t1UHTw",1,693,2022,151,"Philippines","PHI","PHL",93,"Israel","ISR","ISR","0",69,"0","0","0","0","0","-","0"
1,"t1UHTw",1,694,2023,151,"Philippines","PHI","PHL",93,"Israel","ISR","ISR","0",78,"0","0","0","0","0","-","0"
1,"t1UHTw",1,695,2024,151,"Philippines","PHI","PHL",93,"Israel","ISR","ISR","0",52,"0","0","0","0","0","-","0"
1,"t1UHTw",1,696,2025,151,"Philippines","PHI","PHL",93,"Israel","ISR","ISR","0",52,"0","0","0","0","0","-","0"
1,"t1UHTw",1,697,2016,155,"Portugal","POR","PRT",93,"Israel","ISR","ISR","0",5,"0","0","0","0","0","-","0"
1,"t1UHTw",1,698,2016,158,"Romania","ROM","ROU",93,"Israel","ISR","ISR","0",25,"0","0","0","0","0","-","0"
1,"t1UHTw",1,699,2017,158,"Romania","ROM","ROU",93,"Israel","ISR","ISR","0",29,"0","0","0","0","0","-","0"
1,"t1UHTw",1,700,2018,158,"Romania","ROM","ROU",93,"Israel","ISR","ISR","0",45,"0","0","0","0","0","-","0"
1,"t1UHTw",1,701,2019,158,"Romania","ROM","ROU",93,"Israel","ISR","ISR","0",50,"0","0","0","0","0","-","0"
1,"t1UHTw",1,702,2020,158,"Romania","ROM","ROU",93,"Israel","ISR","ISR","0",37,"0","0","0","0","0","-","0"
1,"t1UHTw",1,703,2021,158,"Romania","ROM","ROU",93,"Israel","ISR","ISR","0",21,"0","0","0","0","0","-","0"
1,"t1UHTw",1,704,2022,158,"Romania","ROM","ROU",93,"Israel","ISR","ISR","0",18,"0","0","0","0","0","-","0"
1,"t1UHTw",1,705,2023,158,"Romania","ROM","ROU",93,"Israel","ISR","ISR","0",11,"0","0","0","0","0","-","0"
1,"t1UHTw",1,706,2024,158,"Romania","ROM","ROU",93,"Israel","ISR","ISR","0",8,"0","0","0","0","0","-","0"
1,"t1UHTw",1,707,2025,158,"Romania","ROM","ROU",93,"Israel","ISR","ISR","0",8,"0","0","0","0","0","-","0"
1,"t1UHTw",1,708,2007,159,"South Africa","RSA","ZAF",93,"Israel","ISR","ISR","0",5,"0","0","0","0","0","-","0"
1,"t1UHTw",1,709,2008,159,"South Africa","RSA","ZAF",93,"Israel","ISR","ISR","0",11,"0","0","0","0","0","-","0"
1,"t1UHTw",1,710,2009,159,"South Africa","RSA","ZAF",93,"Israel","ISR","ISR","0",12,"0","0","0","0","0","-","0"
1,"t1UHTw",1,711,2010,159,"South Africa","RSA","ZAF",93,"Israel","ISR","ISR","0",13,"0","0","0","0","0","-","0"
1,"t1UHTw",1,712,2016,159,"South Africa","RSA","ZAF",93,"Israel","ISR","ISR","0",123,"0","0","0","0","0","-","0"
1,"t1UHTw",1,713,2017,159,"South Africa","RSA","ZAF",93,"Israel","ISR","ISR","0",249,"0","0","0","0","0","-","0"
1,"t1UHTw",1,714,2018,159,"South Africa","RSA","ZAF",93,"Israel","ISR","ISR","0",367,"0","0","0","0","0","-","0"
1,"t1UHTw",1,715,2019,159,"South Africa","RSA","ZAF",93,"Israel","ISR","ISR","0",502,"0","0","0","0","0","-","0"
1,"t1UHTw",1,716,2020,159,"South Africa","RSA","ZAF",93,"Israel","ISR","ISR","0",483,"0","0","0","0","0","-","0"
1,"t1UHTw",1,717,2021,159,"South Africa","RSA","ZAF",93,"Israel","ISR","ISR","0",391,"0","0","0","0","0","-","0"
1,"t1UHTw",1,718,2022,159,"South Africa","RSA","ZAF",93,"Israel","ISR","ISR","0",278,"0","0","0","0","0","-","0"
1,"t1UHTw",1,719,2023,159,"South Africa","RSA","ZAF",93,"Israel","ISR","ISR","0",365,"0","0","0","0","0","-","0"
1,"t1UHTw",1,720,2024,159,"South Africa","RSA","ZAF",93,"Israel","ISR","ISR","0",452,"0","0","0","0","0","-","0"
1,"t1UHTw",1,721,2025,159,"South Africa","RSA","ZAF",93,"Israel","ISR","ISR","0",452,"0","0","0","0","0","-","0"
1,"t1UHTw",1,722,2000,160,"Russian Federation","RUS","RUS",93,"Israel","ISR","ISR",5,"0",85,"0","0","0","0","-","0"
1,"t1UHTw",1,723,2001,160,"Russian Federation","RUS","RUS",93,"Israel","ISR","ISR",5,5,"0","0","0","0","0","-","0"
1,"t1UHTw",1,724,2002,160,"Russian Federation","RUS","RUS",93,"Israel","ISR","ISR","0",5,"0","0","0","0","0","-","0"
1,"t1UHTw",1,725,2008,160,"Russian Federation","RUS","RUS",93,"Israel","ISR","ISR","0",12,"0","0","0","0","0","-","0"
1,"t1UHTw",1,726,2016,160,"Russian Federation","RUS","RUS",93,"Israel","ISR","ISR","0",352,"0","0","0","0","0","-","0"
1,"t1UHTw",1,727,2017,160,"Russian Federation","RUS","RUS",93,"Israel","ISR","ISR","0",805,"0","0","0","0","0","-","0"
1,"t1UHTw",1,728,2018,160,"Russian Federation","RUS","RUS",93,"Israel","ISR","ISR","0",2971,"0","0","0","0","0","-","0"
1,"t1UHTw",1,729,2019,160,"Russian Federation","RUS","RUS",93,"Israel","ISR","ISR","0",5932,"0","0","0","0","0","-","0"
1,"t1UHTw",1,730,2020,160,"Russian Federation","RUS","RUS",93,"Israel","ISR","ISR",5,3967,"0","0","0","0","0","-","0"
1,"t1UHTw",1,731,2021,160,"Russian Federation","RUS","RUS",93,"Israel","ISR","ISR",5,2537,"0","0","0","0","0","-","0"
1,"t1UHTw",1,732,2022,160,"Russian Federation","RUS","RUS",93,"Israel","ISR","ISR",5,3037,"0","0","0","0","0","-","0"
1,"t1UHTw",1,733,2023,160,"Russian Federation","RUS","RUS",93,"Israel","ISR","ISR",5,3809,"0","0","0","0","0","-","0"
1,"t1UHTw",1,734,2024,160,"Russian Federation","RUS","RUS",93,"Israel","ISR","ISR",6,3800,"0","0","0","0","0","-","0"
1,"t1UHTw",1,735,2025,160,"Russian Federation","RUS","RUS",93,"Israel","ISR","ISR",6,3800,"0","0","0","0","0","-","0"
1,"t1UHTw",1,736,2001,161,"Rwanda","RWA","RWA",93,"Israel","ISR","ISR","0",5,"0","0","0","0","0","-","0"
1,"t1UHTw",1,737,2002,161,"Rwanda","RWA","RWA",93,"Israel","ISR","ISR","0",5,"0","0","0","0","0","-","0"
1,"t1UHTw",1,738,2007,161,"Rwanda","RWA","RWA",93,"Israel","ISR","ISR","0",8,"0","0","0","0","0","-","0"
1,"t1UHTw",1,739,2008,161,"Rwanda","RWA","RWA",93,"Israel","ISR","ISR","0",8,"0","0","0","0","0","-","0"
1,"t1UHTw",1,740,2018,161,"Rwanda","RWA","RWA",93,"Israel","ISR","ISR","0",5,"0","0","0","0","0","-","0"
1,"t1UHTw",1,741,2019,161,"Rwanda","RWA","RWA",93,"Israel","ISR","ISR","0",7,"0","0","0","0","0","-","0"
1,"t1UHTw",1,742,2020,161,"Rwanda","RWA","RWA",93,"Israel","ISR","ISR","0",7,"0","0","0","0","0","-","0"
1,"t1UHTw",1,743,2021,161,"Rwanda","RWA","RWA",93,"Israel","ISR","ISR","0",18,"0","0","0","0","0","-","0"
1,"t1UHTw",1,744,2022,161,"Rwanda","RWA","RWA",93,"Israel","ISR","ISR","0",69,"0","0","0","0","0","-","0"
1,"t1UHTw",1,745,2023,161,"Rwanda","RWA","RWA",93,"Israel","ISR","ISR","0",126,"0","0","0","0","0","-","0"
1,"t1UHTw",1,746,2024,161,"Rwanda","RWA","RWA",93,"Israel","ISR","ISR","0",276,"0","0","0","0","0","-","0"
1,"t1UHTw",1,747,2025,161,"Rwanda","RWA","RWA",93,"Israel","ISR","ISR","0",276,"0","0","0","0","0","-","0"
1,"t1UHTw",1,748,1999,164,"Serbia and Kosovo: S/RES/1244 (1999)","SRB","SRB",93,"Israel","ISR","ISR","0","0",223,"0","0","0","0","-","0"
1,"t1UHTw",1,749,2008,164,"Serbia and Kosovo: S/RES/1244 (1999)","SRB","SRB",93,"Israel","ISR","ISR","0",5,"0","0","0","0","0","-","0"
1,"t1UHTw",1,750,2020,164,"Serbia and Kosovo: S/RES/1244 (1999)","SRB","SRB",93,"Israel","ISR","ISR","0",120,"0","0","0","0","0","-","0"
1,"t1UHTw",1,751,2021,164,"Serbia and Kosovo: S/RES/1244 (1999)","SRB","SRB",93,"Israel","ISR","ISR","0",81,"0","0","0","0","0","-","0"
1,"t1UHTw",1,752,2022,164,"Serbia and Kosovo: S/RES/1244 (1999)","SRB","SRB",93,"Israel","ISR","ISR","0",107,"0","0","0","0","0","-","0"
1,"t1UHTw",1,753,2023,164,"Serbia and Kosovo: S/RES/1244 (1999)","SRB","SRB",93,"Israel","ISR","ISR","0",95,"0","0","0","0","0","-","0"
1,"t1UHTw",1,754,2024,164,"Serbia and Kosovo: S/RES/1244 (1999)","SRB","SRB",93,"Israel","ISR","ISR","0",42,"0","0","0","0","0","-","0"
1,"t1UHTw",1,755,2025,164,"Serbia and Kosovo: S/RES/1244 (1999)","SRB","SRB",93,"Israel","ISR","ISR","0",42,"0","0","0","0","0","-","0"
1,"t1UHTw",1,756,1999,169,"Sierra Leone","SLE","SLE",93,"Israel","ISR","ISR",96,"0","0","0","0","0","0","-","0"
1,"t1UHTw",1,757,2000,169,"Sierra Leone","SLE","SLE",93,"Israel","ISR","ISR",108,67,"0","0","0","0","0","-","0"
1,"t1UHTw",1,758,2001,169,"Sierra Leone","SLE","SLE",93,"Israel","ISR","ISR",125,45,"0","0","0","0","0","-","0"
1,"t1UHTw",1,759,2002,169,"Sierra Leone","SLE","SLE",93,"Israel","ISR","ISR",142,29,"0","0","0","0","0","-","0"
1,"t1UHTw",1,760,2003,169,"Sierra Leone","SLE","SLE",93,"Israel","ISR","ISR",142,"0","0","0","0","0","0","-","0"
1,"t1UHTw",1,761,2004,169,"Sierra Leone","SLE","SLE",93,"Israel","ISR","ISR",68,"0","0","0","0","0","0","-","0"
1,"t1UHTw",1,762,2005,169,"Sierra Leone","SLE","SLE",93,"Israel","ISR","ISR",69,"0","0","0","0","0","0","-","0"
1,"t1UHTw",1,763,2006,169,"Sierra Leone","SLE","SLE",93,"Israel","ISR","ISR",5,"0",65,"0","0","0","0","-","0"
1,"t1UHTw",1,764,2007,169,"Sierra Leone","SLE","SLE",93,"Israel","ISR","ISR",5,5,"0","0","0","0","0","-","0"
1,"t1UHTw",1,765,2008,169,"Sierra Leone","SLE","SLE",93,"Israel","ISR","ISR","0",11,"0","0","0","0","0","-","0"
1,"t1UHTw",1,766,2011,169,"Sierra Leone","SLE","SLE",93,"Israel","ISR","ISR",5,"0","0","0","0","0","0","-","0"
1,"t1UHTw",1,767,2012,169,"Sierra Leone","SLE","SLE",93,"Israel","ISR","ISR",5,"0","0","0","0","0","0","-","0"
1,"t1UHTw",1,768,2013,169,"Sierra Leone","SLE","SLE",93,"Israel","ISR","ISR",5,"0","0","0","0","0","0","-","0"
1,"t1UHTw",1,769,2014,169,"Sierra Leone","SLE","SLE",93,"Israel","ISR","ISR",5,"0","0","0","0","0","0","-","0"
1,"t1UHTw",1,770,2015,169,"Sierra Leone","SLE","SLE",93,"Israel","ISR","ISR",5,"0","0","0","0","0","0","-","0"
1,"t1UHTw",1,771,2016,169,"Sierra Leone","SLE","SLE",93,"Israel","ISR","ISR",5,24,"0","0","0","0","0","-","0"
1,"t1UHTw",1,772,2017,169,"Sierra Leone","SLE","SLE",93,"Israel","ISR","ISR",5,23,"0","0","0","0","0","-","0"
1,"t1UHTw",1,773,2018,169,"Sierra Leone","SLE","SLE",93,"Israel","ISR","ISR",5,14,"0","0","0","0","0","-","0"
1,"t1UHTw",1,774,2019,169,"Sierra Leone","SLE","SLE",93,"Israel","ISR","ISR",5,10,"0","0","0","0","0","-","0"
1,"t1UHTw",1,775,2020,169,"Sierra Leone","SLE","SLE",93,"Israel","ISR","ISR",5,15,"0","0","0","0","0","-","0"
1,"t1UHTw",1,776,2021,169,"Sierra Leone","SLE","SLE",93,"Israel","ISR","ISR",5,12,"0","0","0","0","0","-","0"
1,"t1UHTw",1,777,2022,169,"Sierra Leone","SLE","SLE",93,"Israel","ISR","ISR",5,11,"0","0","0","0","0","-","0"
1,"t1UHTw",1,778,2023,169,"Sierra Leone","SLE","SLE",93,"Israel","ISR","ISR",5,11,"0","0","0","0","0","-","0"
1,"t1UHTw",1,779,2024,169,"Sierra Leone","SLE","SLE",93,"Israel","ISR","ISR",5,10,"0","0","0","0","0","-","0"
1,"t1UHTw",1,780,2025,169,"Sierra Leone","SLE","SLE",93,"Israel","ISR","ISR",5,10,"0","0","0","0","0","-","0"
1,"t1UHTw",1,781,2007,172,"Somalia","SOM","SOM",93,"Israel","ISR","ISR","0",9,"0","0","0","0","0","-","0"
1,"t1UHTw",1,782,2008,172,"Somalia","SOM","SOM",93,"Israel","ISR","ISR","0",24,"0","0","0","0","0","-","0"
1,"t1UHTw",1,783,2009,172,"Somalia","SOM","SOM",93,"Israel","ISR","ISR","0",25,"0","0","0","0","0","-","0"
1,"t1UHTw",1,784,2010,172,"Somalia","SOM","SOM",93,"Israel","ISR","ISR","0",29,"0","0","0","0","0","-","0"
1,"t1UHTw",1,785,2016,172,"Somalia","SOM","SOM",93,"Israel","ISR","ISR","0",14,"0","0","0","0","0","-","0"
1,"t1UHTw",1,786,2017,172,"Somalia","SOM","SOM",93,"Israel","ISR","ISR","0",13,"0","0","0","0","0","-","0"
1,"t1UHTw",1,787,2018,172,"Somalia","SOM","SOM",93,"Israel","ISR","ISR","0",12,"0","0","0","0","0","-","0"
1,"t1UHTw",1,788,2019,172,"Somalia","SOM","SOM",93,"Israel","ISR","ISR","0",11,"0","0","0","0","0","-","0"
1,"t1UHTw",1,789,2020,172,"Somalia","SOM","SOM",93,"Israel","ISR","ISR","0",12,"0","0","0","0","0","-","0"
1,"t1UHTw",1,790,2021,172,"Somalia","SOM","SOM",93,"Israel","ISR","ISR","0",11,"0","0","0","0","0","-","0"
1,"t1UHTw",1,791,2022,172,"Somalia","SOM","SOM",93,"Israel","ISR","ISR","0",11,"0","0","0","0","0","-","0"
1,"t1UHTw",1,792,2023,172,"Somalia","SOM","SOM",93,"Israel","ISR","ISR","0",9,"0","0","0","0","0","-","0"
1,"t1UHTw",1,793,2024,172,"Somalia","SOM","SOM",93,"Israel","ISR","ISR","0",9,"0","0","0","0","0","-","0"
1,"t1UHTw",1,794,2025,172,"Somalia","SOM","SOM",93,"Israel","ISR","ISR","0",9,"0","0","0","0","0","-","0"
1,"t1UHTw",1,795,2022,173,"Spain","SPA","ESP",93,"Israel","ISR","ISR","0",5,"0","0","0","0","0","-","0"
1,"t1UHTw",1,796,2024,173,"Spain","SPA","ESP",93,"Israel","ISR","ISR","0",5,"0","0","0","0","0","-","0"
1,"t1UHTw",1,797,2025,173,"Spain","SPA","ESP",93,"Israel","ISR","ISR","0",5,"0","0","0","0","0","-","0"
1,"t1UHTw",1,798,2019,174,"Viet Nam","SRV","VNM",93,"Israel","ISR","ISR","0",5,"0","0","0","0","0","-","0"
1,"t1UHTw",1,799,2020,174,"Viet Nam","SRV","VNM",93,"Israel","ISR","ISR","0",5,"0","0","0","0","0","-","0"
1,"t1UHTw",1,800,2021,174,"Viet Nam","SRV","VNM",93,"Israel","ISR","ISR","0",9,"0","0","0","0","0","-","0"
1,"t1UHTw",1,801,2022,174,"Viet Nam","SRV","VNM",93,"Israel","ISR","ISR","0",15,"0","0","0","0","0","-","0"
1,"t1UHTw",1,802,2023,174,"Viet Nam","SRV","VNM",93,"Israel","ISR","ISR","0",30,"0","0","0","0","0","-","0"
1,"t1UHTw",1,803,2024,174,"Viet Nam","SRV","VNM",93,"Israel","ISR","ISR","0",68,"0","0","0","0","0","-","0"
1,"t1UHTw",1,804,2025,174,"Viet Nam","SRV","VNM",93,"Israel","ISR","ISR","0",68,"0","0","0","0","0","-","0"
1,"t1UHTw",1,805,2000,177,"Sudan","SUD","SDN",93,"Israel","ISR","ISR",5,"0","0","0","0","0","0","-","0"
1,"t1UHTw",1,806,2001,177,"Sudan","SUD","SDN",93,"Israel","ISR","ISR",7,"0","0","0","0","0","0","-","0"
1,"t1UHTw",1,807,2002,177,"Sudan","SUD","SDN",93,"Israel","ISR","ISR",5,"0","0","0","0","0","0","-","0"
1,"t1UHTw",1,808,2003,177,"Sudan","SUD","SDN",93,"Israel","ISR","ISR",5,"0","0","0","0","0","0","-","0"
1,"t1UHTw",1,809,2004,177,"Sudan","SUD","SDN",93,"Israel","ISR","ISR",10,"0","0","0","0","0","0","-","0"
1,"t1UHTw",1,810,2005,177,"Sudan","SUD","SDN",93,"Israel","ISR","ISR",9,98,"0","0","0","0","0","-","0"
1,"t1UHTw",1,811,2006,177,"Sudan","SUD","SDN",93,"Israel","ISR","ISR",270,"0","0","0","0","0","0","-","0"
1,"t1UHTw",1,812,2007,177,"Sudan","SUD","SDN",93,"Israel","ISR","ISR",565,1402,"0","0","0","0","0","-","0"
1,"t1UHTw",1,813,2008,177,"Sudan","SUD","SDN",93,"Israel","ISR","ISR",4326,"0","0","0","0","0",450,"-","0"
1,"t1UHTw",1,814,2009,177,"Sudan","SUD","SDN",93,"Israel","ISR","ISR",5502,"0","0","0","0","0","0","-","0"
1,"t1UHTw",1,815,2010,177,"Sudan","SUD","SDN",93,"Israel","ISR","ISR",8137,"0","0","0","0","0","0","-","0"
1,"t1UHTw",1,816,2011,177,"Sudan","SUD","SDN",93,"Israel","ISR","ISR",9000,10,100,"0","0","0","0","-","0"
1,"t1UHTw",1,817,2012,177,"Sudan","SUD","SDN",93,"Israel","ISR","ISR",10743,29,"0","0","0","0","0","-","0"
1,"t1UHTw",1,818,2013,177,"Sudan","SUD","SDN",93,"Israel","ISR","ISR",12542,"0","0","0","0","0","0","-","0"
1,"t1UHTw",1,819,2014,177,"Sudan","SUD","SDN",93,"Israel","ISR","ISR",6588,"0","0","0","0","0","0","-","0"
1,"t1UHTw",1,820,2015,177,"Sudan","SUD","SDN",93,"Israel","ISR","ISR",4647,"0","0","0","0","0","0","-","0"
1,"t1UHTw",1,821,2016,177,"Sudan","SUD","SDN",93,"Israel","ISR","ISR",4415,3587,"0","0","0","0","0","-","0"
1,"t1UHTw",1,822,2017,177,"Sudan","SUD","SDN",93,"Israel","ISR","ISR",3187,4437,91,"0","0","0","0","-","0"
1,"t1UHTw",1,823,2018,177,"Sudan","SUD","SDN",93,"Israel","ISR","ISR",3351,4631,20,"0","0","0","0","-","0"
1,"t1UHTw",1,824,2019,177,"Sudan","SUD","SDN",93,"Israel","ISR","ISR",3248,4461,95,"0","0","0","0","-","0"
1,"t1UHTw",1,825,2020,177,"Sudan","SUD","SDN",93,"Israel","ISR","ISR",1157,4500,"0","0","0","0",138,"-","0"
1,"t1UHTw",1,826,2021,177,"Sudan","SUD","SDN",93,"Israel","ISR","ISR",490,4391,"0","0","0","0",126,"-","0"
1,"t1UHTw",1,827,2022,177,"Sudan","SUD","SDN",93,"Israel","ISR","ISR",490,4424,"0","0","0","0",2026,"-","0"
1,"t1UHTw",1,828,2023,177,"Sudan","SUD","SDN",93,"Israel","ISR","ISR",490,4428,"0","0","0","0",1883,"-","0"
1,"t1UHTw",1,829,2024,177,"Sudan","SUD","SDN",93,"Israel","ISR","ISR",491,4513,"0","0","0","0",1690,"-","0"
1,"t1UHTw",1,830,2025,177,"Sudan","SUD","SDN",93,"Israel","ISR","ISR",491,4513,"0","0","0","0",1690,"-","0"
1,"t1UHTw",1,831,2012,179,"South Sudan","SSD","SSD",93,"Israel","ISR","ISR",100,13,325,"0","0","0","0","-","0"
1,"t1UHTw",1,832,2013,179,"South Sudan","SSD","SSD",93,"Israel","ISR","ISR",99,"0","0","0","0","0","0","-","0"
1,"t1UHTw",1,833,2014,179,"South Sudan","SSD","SSD",93,"Israel","ISR","ISR",106,"0","0","0","0","0","0","-","0"
1,"t1UHTw",1,834,2015,179,"South Sudan","SSD","SSD",93,"Israel","ISR","ISR",127,"0","0","0","0","0","0","-","0"
1,"t1UHTw",1,835,2016,179,"South Sudan","SSD","SSD",93,"Israel","ISR","ISR",127,98,"0","0","0","0","0","-","0"
1,"t1UHTw",1,836,2017,179,"South Sudan","SSD","SSD",93,"Israel","ISR","ISR",126,98,"0","0","0","0","0","-","0"
1,"t1UHTw",1,837,2018,179,"South Sudan","SSD","SSD",93,"Israel","ISR","ISR",127,102,"0","0","0","0","0","-","0"
1,"t1UHTw",1,838,2019,179,"South Sudan","SSD","SSD",93,"Israel","ISR","ISR",109,124,"0","0","0","0","0","-","0"
1,"t1UHTw",1,839,2020,179,"South Sudan","SSD","SSD",93,"Israel","ISR","ISR",72,105,"0","0","0","0",56,"-","0"
1,"t1UHTw",1,840,2021,179,"South Sudan","SSD","SSD",93,"Israel","ISR","ISR",72,89,"0","0","0","0",74,"-","0"
1,"t1UHTw",1,841,2022,179,"South Sudan","SSD","SSD",93,"Israel","ISR","ISR",72,52,"0","0","0","0",54,"-","0"
1,"t1UHTw",1,842,2023,179,"South Sudan","SSD","SSD",93,"Israel","ISR","ISR",72,50,"0","0","0","0",57,"-","0"
1,"t1UHTw",1,843,2024,179,"South Sudan","SSD","SSD",93,"Israel","ISR","ISR",72,50,"0","0","0","0",59,"-","0"
1,"t1UHTw",1,844,2025,179,"South Sudan","SSD","SSD",93,"Israel","ISR","ISR",72,50,"0","0","0","0",59,"-","0"
1,"t1UHTw",1,845,2024,182,"Eswatini","SWA","SWZ",93,"Israel","ISR","ISR","0",7,"0","0","0","0","0","-","0"
1,"t1UHTw",1,846,2025,182,"Eswatini","SWA","SWZ",93,"Israel","ISR","ISR","0",7,"0","0","0","0","0","-","0"
1,"t1UHTw",1,847,1998,185,"Syrian Arab Rep.","SYR","SYR",93,"Israel","ISR","ISR",5,"0","0","0","0","0","0","-","0"
1,"t1UHTw",1,848,1999,185,"Syrian Arab Rep.","SYR","SYR",93,"Israel","ISR","ISR",5,"0","0","0","0","0","0","-","0"
1,"t1UHTw",1,849,2000,185,"Syrian Arab Rep.","SYR","SYR",93,"Israel","ISR","ISR",5,5,"0","0","0","0","0","-","0"
1,"t1UHTw",1,850,2001,185,"Syrian Arab Rep.","SYR","SYR",93,"Israel","ISR","ISR","0",5,"0","0","0","0","0","-","0"
1,"t1UHTw",1,851,2008,186,"United Rep. of Tanzania","TAN","TZA",93,"Israel","ISR","ISR","0",7,"0","0","0","0","0","-","0"
1,"t1UHTw",1,852,2020,186,"United Rep. of Tanzania","TAN","TZA",93,"Israel","ISR","ISR","0",5,"0","0","0","0","0","-","0"
1,"t1UHTw",1,853,2021,186,"United Rep. of Tanzania","TAN","TZA",93,"Israel","ISR","ISR","0",6,"0","0","0","0","0","-","0"
1,"t1UHTw",1,854,2022,186,"United Rep. of Tanzania","TAN","TZA",93,"Israel","ISR","ISR","0",8,"0","0","0","0","0","-","0"
1,"t1UHTw",1,855,2023,186,"United Rep. of Tanzania","TAN","TZA",93,"Israel","ISR","ISR","0",55,"0","0","0","0","0","-","0"
1,"t1UHTw",1,856,2024,186,"United Rep. of Tanzania","TAN","TZA",93,"Israel","ISR","ISR","0",160,"0","0","0","0","0","-","0"
1,"t1UHTw",1,857,2025,186,"United Rep. of Tanzania","TAN","TZA",93,"Israel","ISR","ISR","0",160,"0","0","0","0","0","-","0"
1,"t1UHTw",1,858,2016,188,"Thailand","THA","THA",93,"Israel","ISR","ISR","0",6,"0","0","0","0","0","-","0"
1,"t1UHTw",1,859,2018,188,"Thailand","THA","THA",93,"Israel","ISR","ISR","0",5,"0","0","0","0","0","-","0"
1,"t1UHTw",1,860,2019,188,"Thailand","THA","THA",93,"Israel","ISR","ISR","0",6,"0","0","0","0","0","-","0"
1,"t1UHTw",1,861,2020,188,"Thailand","THA","THA",93,"Israel","ISR","ISR","0",5,"0","0","0","0","0","-","0"
1,"t1UHTw",1,862,2021,188,"Thailand","THA","THA",93,"Israel","ISR","ISR","0",19,"0","0","0","0","0","-","0"
1,"t1UHTw",1,863,2022,188,"Thailand","THA","THA",93,"Israel","ISR","ISR","0",5,"0","0","0","0","0","-","0"
1,"t1UHTw",1,864,2023,188,"Thailand","THA","THA",93,"Israel","ISR","ISR","0",9,"0","0","0","0","0","-","0"
1,"t1UHTw",1,865,2024,188,"Thailand","THA","THA",93,"Israel","ISR","ISR","0",187,"0","0","0","0","0","-","0"
1,"t1UHTw",1,866,2025,188,"Thailand","THA","THA",93,"Israel","ISR","ISR","0",187,"0","0","0","0","0","-","0"
1,"t1UHTw",1,867,2018,189,"Tajikistan","TJK","TJK",93,"Israel","ISR","ISR","0",7,"0","0","0","0","0","-","0"
1,"t1UHTw",1,868,2019,189,"Tajikistan","TJK","TJK",93,"Israel","ISR","ISR","0",6,"0","0","0","0","0","-","0"
1,"t1UHTw",1,869,2020,189,"Tajikistan","TJK","TJK",93,"Israel","ISR","ISR","0",5,"0","0","0","0","0","-","0"
1,"t1UHTw",1,870,2021,189,"Tajikistan","TJK","TJK",93,"Israel","ISR","ISR","0",5,"0","0","0","0","0","-","0"
1,"t1UHTw",1,871,2022,189,"Tajikistan","TJK","TJK",93,"Israel","ISR","ISR","0",5,"0","0","0","0","0","-","0"
1,"t1UHTw",1,872,2023,189,"Tajikistan","TJK","TJK",93,"Israel","ISR","ISR","0",5,"0","0","0","0","0","-","0"
1,"t1UHTw",1,873,2024,189,"Tajikistan","TJK","TJK",93,"Israel","ISR","ISR","0",5,"0","0","0","0","0","-","0"
1,"t1UHTw",1,874,2025,189,"Tajikistan","TJK","TJK",93,"Israel","ISR","ISR","0",5,"0","0","0","0","0","-","0"
1,"t1UHTw",1,875,2018,190,"Turkmenistan","TKM","TKM",93,"Israel","ISR","ISR","0",5,"0","0","0","0","0","-","0"
1,"t1UHTw",1,876,2019,190,"Turkmenistan","TKM","TKM",93,"Israel","ISR","ISR","0",6,"0","0","0","0","0","-","0"
1,"t1UHTw",1,877,2020,190,"Turkmenistan","TKM","TKM",93,"Israel","ISR","ISR","0",6,"0","0","0","0","0","-","0"
1,"t1UHTw",1,878,2021,190,"Turkmenistan","TKM","TKM",93,"Israel","ISR","ISR","0",5,"0","0","0","0","0","-","0"
1,"t1UHTw",1,879,2022,190,"Turkmenistan","TKM","TKM",93,"Israel","ISR","ISR","0",5,"0","0","0","0","0","-","0"
1,"t1UHTw",1,880,2023,190,"Turkmenistan","TKM","TKM",93,"Israel","ISR","ISR","0",5,"0","0","0","0","0","-","0"
1,"t1UHTw",1,881,2024,190,"Turkmenistan","TKM","TKM",93,"Israel","ISR","ISR","0",5,"0","0","0","0","0","-","0"
1,"t1UHTw",1,882,2025,190,"Turkmenistan","TKM","TKM",93,"Israel","ISR","ISR","0",5,"0","0","0","0","0","-","0"
1,"t1UHTw",1,883,2024,191,"Timor-Leste","TMP","TLS",93,"Israel","ISR","ISR","0",10,"0","0","0","0","0","-","0"
1,"t1UHTw",1,884,2025,191,"Timor-Leste","TMP","TLS",93,"Israel","ISR","ISR","0",10,"0","0","0","0","0","-","0"
1,"t1UHTw",1,885,2005,192,"Togo","TOG","TGO",93,"Israel","ISR","ISR","0",6,"0","0","0","0","0","-","0"
1,"t1UHTw",1,886,2007,192,"Togo","TOG","TGO",93,"Israel","ISR","ISR","0",18,"0","0","0","0","0","-","0"
1,"t1UHTw",1,887,2008,192,"Togo","TOG","TGO",93,"Israel","ISR","ISR","0",23,"0","0","0","0","0","-","0"
1,"t1UHTw",1,888,2009,192,"Togo","TOG","TGO",93,"Israel","ISR","ISR","0",14,"0","0","0","0","0","-","0"
1,"t1UHTw",1,889,2010,192,"Togo","TOG","TGO",93,"Israel","ISR","ISR","0",29,"0","0","0","0","0","-","0"
1,"t1UHTw",1,890,2018,192,"Togo","TOG","TGO",93,"Israel","ISR","ISR","0",5,"0","0","0","0","0","-","0"
1,"t1UHTw",1,891,2019,192,"Togo","TOG","TGO",93,"Israel","ISR","ISR","0",6,"0","0","0","0","0","-","0"
1,"t1UHTw",1,892,2020,192,"Togo","TOG","TGO",93,"Israel","ISR","ISR","0",6,"0","0","0","0","0","-","0"
1,"t1UHTw",1,893,2021,192,"Togo","TOG","TGO",93,"Israel","ISR","ISR","0",6,"0","0","0","0","0","-","0"
1,"t1UHTw",1,894,2022,192,"Togo","TOG","TGO",93,"Israel","ISR","ISR","0",6,"0","0","0","0","0","-","0"
1,"t1UHTw",1,895,2023,192,"Togo","TOG","TGO",93,"Israel","ISR","ISR","0",10,"0","0","0","0","0","-","0"
1,"t1UHTw",1,896,2024,192,"Togo","TOG","TGO",93,"Israel","ISR","ISR","0",34,"0","0","0","0","0","-","0"
1,"t1UHTw",1,897,2025,192,"Togo","TOG","TGO",93,"Israel","ISR","ISR","0",34,"0","0","0","0","0","-","0"
1,"t1UHTw",1,898,2001,196,"Türkiye","TUR","TUR",93,"Israel","ISR","ISR","0",5,"0","0","0","0","0","-","0"
1,"t1UHTw",1,899,2002,196,"Türkiye","TUR","TUR",93,"Israel","ISR","ISR","0",5,"0","0","0","0","0","-","0"
1,"t1UHTw",1,900,2005,196,"Türkiye","TUR","TUR",93,"Israel","ISR","ISR","0",59,"0","0","0","0","0","-","0"
1,"t1UHTw",1,901,2006,196,"Türkiye","TUR","TUR",93,"Israel","ISR","ISR","0",135,"0","0","0","0","0","-","0"
1,"t1UHTw",1,902,2007,196,"Türkiye","TUR","TUR",93,"Israel","ISR","ISR",5,232,"0","0","0","0","0","-","0"
1,"t1UHTw",1,903,2008,196,"Türkiye","TUR","TUR",93,"Israel","ISR","ISR","0",268,"0","0","0","0","0","-","0"
1,"t1UHTw",1,904,2009,196,"Türkiye","TUR","TUR",93,"Israel","ISR","ISR","0",221,"0","0","0","0","0","-","0"
1,"t1UHTw",1,905,2010,196,"Türkiye","TUR","TUR",93,"Israel","ISR","ISR","0",243,"0","0","0","0","0","-","0"
1,"t1UHTw",1,906,2016,196,"Türkiye","TUR","TUR",93,"Israel","ISR","ISR","0",16,"0","0","0","0","0","-","0"
1,"t1UHTw",1,907,2017,196,"Türkiye","TUR","TUR",93,"Israel","ISR","ISR","0",50,"0","0","0","0","0","-","0"
1,"t1UHTw",1,908,2018,196,"Türkiye","TUR","TUR",93,"Israel","ISR","ISR",5,190,"0","0","0","0","0","-","0"
1,"t1UHTw",1,909,2019,196,"Türkiye","TUR","TUR",93,"Israel","ISR","ISR",5,432,"0","0","0","0","0","-","0"
1,"t1UHTw",1,910,2020,196,"Türkiye","TUR","TUR",93,"Israel","ISR","ISR",5,361,"0","0","0","0","0","-","0"
1,"t1UHTw",1,911,2021,196,"Türkiye","TUR","TUR",93,"Israel","ISR","ISR",5,211,"0","0","0","0","0","-","0"
1,"t1UHTw",1,912,2022,196,"Türkiye","TUR","TUR",93,"Israel","ISR","ISR",5,157,"0","0","0","0","0","-","0"
1,"t1UHTw",1,913,2023,196,"Türkiye","TUR","TUR",93,"Israel","ISR","ISR",5,195,"0","0","0","0","0","-","0"
1,"t1UHTw",1,914,2024,196,"Türkiye","TUR","TUR",93,"Israel","ISR","ISR",5,207,"0","0","0","0","0","-","0"
1,"t1UHTw",1,915,2025,196,"Türkiye","TUR","TUR",93,"Israel","ISR","ISR",5,207,"0","0","0","0","0","-","0"
1,"t1UHTw",1,916,2016,199,"Uganda","UGA","UGA",93,"Israel","ISR","ISR","0",5,"0","0","0","0","0","-","0"
1,"t1UHTw",1,917,2017,199,"Uganda","UGA","UGA",93,"Israel","ISR","ISR","0",26,"0","0","0","0","0","-","0"
1,"t1UHTw",1,918,2018,199,"Uganda","UGA","UGA",93,"Israel","ISR","ISR","0",97,"0","0","0","0","0","-","0"
1,"t1UHTw",1,919,2019,199,"Uganda","UGA","UGA",93,"Israel","ISR","ISR","0",148,"0","0","0","0","0","-","0"
1,"t1UHTw",1,920,2020,199,"Uganda","UGA","UGA",93,"Israel","ISR","ISR","0",174,"0","0","0","0","0","-","0"
1,"t1UHTw",1,921,2021,199,"Uganda","UGA","UGA",93,"Israel","ISR","ISR","0",203,"0","0","0","0","0","-","0"
1,"t1UHTw",1,922,2022,199,"Uganda","UGA","UGA",93,"Israel","ISR","ISR","0",261,"0","0","0","0","0","-","0"
1,"t1UHTw",1,923,2023,199,"Uganda","UGA","UGA",93,"Israel","ISR","ISR","0",329,"0","0","0","0","0","-","0"
1,"t1UHTw",1,924,2024,199,"Uganda","UGA","UGA",93,"Israel","ISR","ISR","0",470,"0","0","0","0","0","-","0"
1,"t1UHTw",1,925,2025,199,"Uganda","UGA","UGA",93,"Israel","ISR","ISR","0",470,"0","0","0","0","0","-","0"
1,"t1UHTw",1,926,2001,200,"Ukraine","UKR","UKR",93,"Israel","ISR","ISR","0",5,"0","0","0","0","0","-","0"
1,"t1UHTw",1,927,2002,200,"Ukraine","UKR","UKR",93,"Israel","ISR","ISR","0",5,"0","0","0","0","0","-","0"
1,"t1UHTw",1,928,2007,200,"Ukraine","UKR","UKR",93,"Israel","ISR","ISR","0",5,"0","0","0","0","0","-","0"
1,"t1UHTw",1,929,2016,200,"Ukraine","UKR","UKR",93,"Israel","ISR","ISR","0",6797,"0","0","0","0","0","-","0"
1,"t1UHTw",1,930,2017,200,"Ukraine","UKR","UKR",93,"Israel","ISR","ISR","0",11507,"0","0","0","0","0","-","0"
1,"t1UHTw",1,931,2018,200,"Ukraine","UKR","UKR",93,"Israel","ISR","ISR","0",7857,"0","0","0","0","0","-","0"
1,"t1UHTw",1,932,2019,200,"Ukraine","UKR","UKR",93,"Israel","ISR","ISR",5,5056,"0","0","0","0","0","-","0"
1,"t1UHTw",1,933,2020,200,"Ukraine","UKR","UKR",93,"Israel","ISR","ISR",27,1829,"0","0","0","0","0","-","0"
1,"t1UHTw",1,934,2021,200,"Ukraine","UKR","UKR",93,"Israel","ISR","ISR",27,544,"0","0","0","0","0","-","0"
1,"t1UHTw",1,935,2022,200,"Ukraine","UKR","UKR",93,"Israel","ISR","ISR",30,384,"0","0","0","0",30000,"-","0"
1,"t1UHTw",1,936,2023,200,"Ukraine","UKR","UKR",93,"Israel","ISR","ISR",31,306,"0","0","0","0",30000,"-","0"
1,"t1UHTw",1,937,2024,200,"Ukraine","UKR","UKR",93,"Israel","ISR","ISR",39,262,"0","0","0","0",25000,"-","0"
1,"t1UHTw",1,938,2025,200,"Ukraine","UKR","UKR",93,"Israel","ISR","ISR",39,262,"0","0","0","0",25000,"-","0"
1,"t1UHTw",1,939,2023,202,"United States of America","USA","USA",93,"Israel","ISR","ISR","0",5,"0","0","0","0","0","-","0"
1,"t1UHTw",1,940,2024,202,"United States of America","USA","USA",93,"Israel","ISR","ISR","0",5,"0","0","0","0","0","-","0"
1,"t1UHTw",1,941,2025,202,"United States of America","USA","USA",93,"Israel","ISR","ISR","0",5,"0","0","0","0","0","-","0"
1,"t1UHTw",1,942,2006,203,"Uzbekistan","UZB","UZB",93,"Israel","ISR","ISR","0",5,"0","0","0","0","0","-","0"
1,"t1UHTw",1,943,2007,203,"Uzbekistan","UZB","UZB",93,"Israel","ISR","ISR","0",5,"0","0","0","0","0","-","0"
1,"t1UHTw",1,944,2008,203,"Uzbekistan","UZB","UZB",93,"Israel","ISR","ISR","0",5,"0","0","0","0","0","-","0"
1,"t1UHTw",1,945,2016,203,"Uzbekistan","UZB","UZB",93,"Israel","ISR","ISR","0",80,"0","0","0","0","0","-","0"
1,"t1UHTw",1,946,2017,203,"Uzbekistan","UZB","UZB",93,"Israel","ISR","ISR","0",130,"0","0","0","0","0","-","0"
1,"t1UHTw",1,947,2018,203,"Uzbekistan","UZB","UZB",93,"Israel","ISR","ISR","0",455,"0","0","0","0","0","-","0"
1,"t1UHTw",1,948,2019,203,"Uzbekistan","UZB","UZB",93,"Israel","ISR","ISR","0",546,"0","0","0","0","0","-","0"
1,"t1UHTw",1,949,2020,203,"Uzbekistan","UZB","UZB",93,"Israel","ISR","ISR","0",483,"0","0","0","0","0","-","0"
1,"t1UHTw",1,950,2021,203,"Uzbekistan","UZB","UZB",93,"Israel","ISR","ISR","0",349,"0","0","0","0","0","-","0"
1,"t1UHTw",1,951,2022,203,"Uzbekistan","UZB","UZB",93,"Israel","ISR","ISR","0",190,"0","0","0","0","0","-","0"
1,"t1UHTw",1,952,2023,203,"Uzbekistan","UZB","UZB",93,"Israel","ISR","ISR","0",271,"0","0","0","0","0","-","0"
1,"t1UHTw",1,953,2024,203,"Uzbekistan","UZB","UZB",93,"Israel","ISR","ISR","0",238,"0","0","0","0","0","-","0"
1,"t1UHTw",1,954,2025,203,"Uzbekistan","UZB","UZB",93,"Israel","ISR","ISR","0",238,"0","0","0","0","0","-","0"
1,"t1UHTw",1,955,2018,207,"Venezuela (Bolivarian Republic of)","VEN","VEN",93,"Israel","ISR","ISR","0",5,"0","0","0","0","0","-","0"
1,"t1UHTw",1,956,2019,207,"Venezuela (Bolivarian Republic of)","VEN","VEN",93,"Israel","ISR","ISR","0",5,"0","0","0","0","0","-","0"
1,"t1UHTw",1,957,2020,207,"Venezuela (Bolivarian Republic of)","VEN","VEN",93,"Israel","ISR","ISR","0",5,"0","0","0","0","0","-","0"
1,"t1UHTw",1,958,2021,207,"Venezuela (Bolivarian Republic of)","VEN","VEN",93,"Israel","ISR","ISR","0",5,"0","0","0","0","0","-","0"
1,"t1UHTw",1,959,2020,213,"Zambia","ZAM","ZMB",93,"Israel","ISR","ISR","0",5,"0","0","0","0","0","-","0"
1,"t1UHTw",1,960,2021,213,"Zambia","ZAM","ZMB",93,"Israel","ISR","ISR","0",5,"0","0","0","0","0","-","0"
1,"t1UHTw",1,961,2022,213,"Zambia","ZAM","ZMB",93,"Israel","ISR","ISR","0",5,"0","0","0","0","0","-","0"
1,"t1UHTw",1,962,2023,213,"Zambia","ZAM","ZMB",93,"Israel","ISR","ISR","0",17,"0","0","0","0","0","-","0"
1,"t1UHTw",1,963,2024,213,"Zambia","ZAM","ZMB",93,"Israel","ISR","ISR","0",148,"0","0","0","0","0","-","0"
1,"t1UHTw",1,964,2025,213,"Zambia","ZAM","ZMB",93,"Israel","ISR","ISR","0",148,"0","0","0","0","0","-","0"
1,"t1UHTw",1,965,2005,214,"Zimbabwe","ZIM","ZWE",93,"Israel","ISR","ISR","0",14,"0","0","0","0","0","-","0"
1,"t1UHTw",1,966,2006,214,"Zimbabwe","ZIM","ZWE",93,"Israel","ISR","ISR","0",7,"0","0","0","0","0","-","0"
1,"t1UHTw",1,967,2007,214,"Zimbabwe","ZIM","ZWE",93,"Israel","ISR","ISR","0",10,"0","0","0","0","0","-","0"
1,"t1UHTw",1,968,2008,214,"Zimbabwe","ZIM","ZWE",93,"Israel","ISR","ISR","0",12,"0","0","0","0","0","-","0"
1,"t1UHTw",1,969,2009,214,"Zimbabwe","ZIM","ZWE",93,"Israel","ISR","ISR","0",12,"0","0","0","0","0","-","0"
1,"t1UHTw",1,970,2010,214,"Zimbabwe","ZIM","ZWE",93,"Israel","ISR","ISR","0",13,"0","0","0","0","0","-","0"
1,"t1UHTw",1,971,2017,214,"Zimbabwe","ZIM","ZWE",93,"Israel","ISR","ISR","0",5,"0","0","0","0","0","-","0"
1,"t1UHTw",1,972,2018,214,"Zimbabwe","ZIM","ZWE",93,"Israel","ISR","ISR","0",16,"0","0","0","0","0","-","0"
1,"t1UHTw",1,973,2019,214,"Zimbabwe","ZIM","ZWE",93,"Israel","ISR","ISR","0",20,"0","0","0","0","0","-","0"
1,"t1UHTw",1,974,2020,214,"Zimbabwe","ZIM","ZWE",93,"Israel","ISR","ISR","0",19,"0","0","0","0","0","-","0"
1,"t1UHTw",1,975,2021,214,"Zimbabwe","ZIM","ZWE",93,"Israel","ISR","ISR","0",19,"0","0","0","0","0","-","0"
1,"t1UHTw",1,976,2022,214,"Zimbabwe","ZIM","ZWE",93,"Israel","ISR","ISR","0",20,"0","0","0","0","0","-","0"
1,"t1UHTw",1,977,2023,214,"Zimbabwe","ZIM","ZWE",93,"Israel","ISR","ISR","0",22,"0","0","0","0","0","-","0"
1,"t1UHTw",1,978,2024,214,"Zimbabwe","ZIM","ZWE",93,"Israel","ISR","ISR","0",23,"0","0","0","0","0","-","0"
1,"t1UHTw",1,979,2025,214,"Zimbabwe","ZIM","ZWE",93,"Israel","ISR","ISR","0",23,"0","0","0","0","0","-","0"
1,"t1UHTw",1,980,2002,216,"Stateless","STA","XXA",93,"Israel","ISR","ISR","0",5,"0","0","0","0","0","-","0"
1,"t1UHTw",1,981,2005,216,"Stateless","STA","XXA",93,"Israel","ISR","ISR","0",5,"0","0","0","0","0","-","0"
1,"t1UHTw",1,982,2006,216,"Stateless","STA","XXA",93,"Israel","ISR","ISR","0",5,"0","0","0","0","0","-","0"
1,"t1UHTw",1,983,2007,216,"Stateless","STA","XXA",93,"Israel","ISR","ISR","0",5,"0","0","0","0","0","-","0"
1,"t1UHTw",1,984,2010,216,"Stateless","STA","XXA",93,"Israel","ISR","ISR","0",1238,"0","0","0",9,"0","-","0"
1,"t1UHTw",1,985,2011,216,"Stateless","STA","XXA",93,"Israel","ISR","ISR","0","0","0","0","0",9,"0","-","0"
1,"t1UHTw",1,986,2012,216,"Stateless","STA","XXA",93,"Israel","ISR","ISR","0","0","0","0","0",14,"0","-","0"
1,"t1UHTw",1,987,2013,216,"Stateless","STA","XXA",93,"Israel","ISR","ISR","0","0","0","0","0",14,"0","-","0"
1,"t1UHTw",1,988,2014,216,"Stateless","STA","XXA",93,"Israel","ISR","ISR","0","0","0","0","0",10,"0","-","0"
1,"t1UHTw",1,989,2015,216,"Stateless","STA","XXA",93,"Israel","ISR","ISR","0","0","0","0","0",42,"0","-","0"
1,"t1UHTw",1,990,2016,216,"Stateless","STA","XXA",93,"Israel","ISR","ISR","0","0","0","0","0",42,"0","-","0"
1,"t1UHTw",1,991,2017,216,"Stateless","STA","XXA",93,"Israel","ISR","ISR","0","0","0","0","0",42,"0","-","0"
1,"t1UHTw",1,992,2018,216,"Stateless","STA","XXA",93,"Israel","ISR","ISR","0","0","0","0","0",42,"0","-","0"
1,"t1UHTw",1,993,2019,216,"Stateless","STA","XXA",93,"Israel","ISR","ISR","0","0","0","0","0",42,"0","-","0"
1,"t1UHTw",1,994,2020,216,"Stateless","STA","XXA",93,"Israel","ISR","ISR","0","0","0","0","0",42,"0","-","0"
1,"t1UHTw",1,995,2021,216,"Stateless","STA","XXA",93,"Israel","ISR","ISR","0","0","0","0","0",42,"0","-","0"
1,"t1UHTw",1,996,2022,216,"Stateless","STA","XXA",93,"Israel","ISR","ISR","0","0","0","0","0",35,"0","-","0"
1,"t1UHTw",1,997,2023,216,"Stateless","STA","XXA",93,"Israel","ISR","ISR","0","0","0","0","0",35,"0","-","0"
1,"t1UHTw",1,998,2024,216,"Stateless","STA","XXA",93,"Israel","ISR","ISR","0","0","0","0","0",35,"0","-","0"
1,"t1UHTw",1,999,2025,216,"Stateless","STA","XXA",93,"Israel","ISR","ISR","0","0","0","0","0",35,"0","-","0"
1,"t1UHTw",1,1000,2003,262,"Unknown ","UKN","UNK",93,"Israel","ISR","ISR","0",703,"0","0","0","0","0","-","0"
1,"t1UHTw",1,1001,2007,262,"Unknown ","UKN","UNK",93,"Israel","ISR","ISR","0",27,"0","0","0","0","0","-","0"
1,"t1UHTw",1,1002,2008,262,"Unknown ","UKN","UNK",93,"Israel","ISR","ISR","0",56,"0","0","0","0","0","-","0"
1,"t1UHTw",1,1003,2009,262,"Unknown ","UKN","UNK",93,"Israel","ISR","ISR","0",908,"0","0","0","0","0","-","0"
1,"t1UHTw",1,1004,2011,262,"Unknown ","UKN","UNK",93,"Israel","ISR","ISR","0",2237,"0","0","0","0","0","-","0"
1,"t1UHTw",1,1005,2012,262,"Unknown ","UKN","UNK",93,"Israel","ISR","ISR","0",5612,"0","0","0","0","0","-","0"
1,"t1UHTw",1,1006,2013,262,"Unknown ","UKN","UNK",93,"Israel","ISR","ISR",7,4760,"0","0","0","0","0","-","0"
1,"t1UHTw",1,1007,2014,262,"Unknown ","UKN","UNK",93,"Israel","ISR","ISR",7,5558,"0","0","0","0","0","-","0"
1,"t1UHTw",1,1008,2015,262,"Unknown ","UKN","UNK",93,"Israel","ISR","ISR",7,11677,"0","0","0","0","0","-","0"
1,"t1UHTw",1,1009,2016,262,"Unknown ","UKN","UNK",93,"Israel","ISR","ISR",7,58,"0","0","0","0","0","-","0"
1,"t1UHTw",1,1010,2017,262,"Unknown ","UKN","UNK",93,"Israel","ISR","ISR","0",40,"0","0","0","0","0","-","0"
1,"t1UHTw",1,1011,2018,262,"Unknown ","UKN","UNK",93,"Israel","ISR","ISR",205,73,"0","0","0","0","0","-","0"
1,"t1UHTw",1,1012,2019,262,"Unknown ","UKN","UNK",93,"Israel","ISR","ISR",205,73,"0","0","0","0","0","-","0"
1,"t1UHTw",1,1013,2020,262,"Unknown ","UKN","UNK",93,"Israel","ISR","ISR",206,49,"0","0","0","0","0","-","0"
1,"t1UHTw",1,1014,2021,262,"Unknown ","UKN","UNK",93,"Israel","ISR","ISR",209,42,"0","0","0","0","0","-","0"
1,"t1UHTw",1,1015,2022,262,"Unknown ","UKN","UNK",93,"Israel","ISR","ISR",212,33,"0","0","0","0","0","-","0"
1,"t1UHTw",1,1016,2023,262,"Unknown ","UKN","UNK",93,"Israel","ISR","ISR",213,36,"0","0","0","0","0","-","0"
1,"t1UHTw",1,1017,2024,262,"Unknown ","UKN","UNK",93,"Israel","ISR","ISR",214,30,"0","0","0","0","0","-","0"
1,"t1UHTw",1,1018,2025,262,"Unknown ","UKN","UNK",93,"Israel","ISR","ISR",214,30,"0","0","0","0","0","-","0"
