"page","short-url","maxPages","items","year","coo_id","coo_name","coo","coo_iso","coa_id","coa_name","coa","coa_iso","refugees","asylum_seekers","idps","oip","stateless","hst","ooc"
1,"0DZYqA",1,1,2009,2,"Afghanistan","AFG","AFG",102,"Rep. of Korea","KOR","KOR","0",9,"0","-","0","0","0"
1,"0DZYqA",1,2,2010,2,"Afghanistan","AFG","AFG",102,"Rep. of Korea","KOR","KOR",7,16,"0","-","0","0","0"
1,"0DZYqA",1,3,2011,2,"Afghanistan","AFG","AFG",102,"Rep. of Korea","KOR","KOR",9,65,"0","-","0","0","0"
1,"0DZYqA",1,4,2012,2,"Afghanistan","AFG","AFG",102,"Rep. of Korea","KOR","KOR",10,22,"0","-","0","0","0"
1,"0DZYqA",1,5,2013,2,"Afghanistan","AFG","AFG",102,"Rep. of Korea","KOR","KOR",10,18,"0","-","0","0","0"
1,"0DZYqA",1,6,2014,2,"Afghanistan","AFG","AFG",102,"Rep. of Korea","KOR","KOR",16,33,"0","-","0","0","0"
1,"0DZYqA",1,7,2015,2,"Afghanistan","AFG","AFG",102,"Rep. of Korea","KOR","KOR",32,20,"0","-","0","0","0"
1,"0DZYqA",1,8,2016,2,"Afghanistan","AFG","AFG",102,"Rep. of Korea","KOR","KOR",33,8,"0","-","0","0","0"
1,"0DZYqA",1,9,2017,2,"Afghanistan","AFG","AFG",102,"Rep. of Korea","KOR","KOR",37,7,"0","-","0","0","0"
1,"0DZYqA",1,10,2018,2,"Afghanistan","AFG","AFG",102,"Rep. of Korea","KOR","KOR",38,31,"0","-","0","0","0"
1,"0DZYqA",1,11,2019,2,"Afghanistan","AFG","AFG",102,"Rep. of Korea","KOR","KOR",41,49,"0","-","0","0","0"
1,"0DZYqA",1,12,2020,2,"Afghanistan","AFG","AFG",102,"Rep. of Korea","KOR","KOR",42,45,"0","-","0","0","0"
1,"0DZYqA",1,13,2021,2,"Afghanistan","AFG","AFG",102,"Rep. of Korea","KOR","KOR",46,59,"0","-","0","0","0"
1,"0DZYqA",1,14,2022,2,"Afghanistan","AFG","AFG",102,"Rep. of Korea","KOR","KOR",50,90,"0","-","0","0","0"
1,"0DZYqA",1,15,2023,2,"Afghanistan","AFG","AFG",102,"Rep. of Korea","KOR","KOR",65,95,"0","-","0","0","0"
1,"0DZYqA",1,16,2024,2,"Afghanistan","AFG","AFG",102,"Rep. of Korea","KOR","KOR",79,98,"0","-","0","0","0"
1,"0DZYqA",1,17,2025,2,"Afghanistan","AFG","AFG",102,"Rep. of Korea","KOR","KOR",81,115,"0","-","0","0","0"
1,"0DZYqA",1,18,1999,4,"Algeria","ALG","DZA",102,"Rep. of Korea","KOR","KOR",5,"0","0","-","0","0","0"
1,"0DZYqA",1,19,2000,4,"Algeria","ALG","DZA",102,"Rep. of Korea","KOR","KOR",5,"0","0","-","0","0","0"
1,"0DZYqA",1,20,2001,4,"Algeria","ALG","DZA",102,"Rep. of Korea","KOR","KOR",5,"0","0","-","0","0","0"
1,"0DZYqA",1,21,2002,4,"Algeria","ALG","DZA",102,"Rep. of Korea","KOR","KOR",5,"0","0","-","0","0","0"
1,"0DZYqA",1,22,2005,4,"Algeria","ALG","DZA",102,"Rep. of Korea","KOR","KOR",5,"0","0","-","0","0","0"
1,"0DZYqA",1,23,2006,4,"Algeria","ALG","DZA",102,"Rep. of Korea","KOR","KOR",5,"0","0","-","0","0","0"
1,"0DZYqA",1,24,2007,4,"Algeria","ALG","DZA",102,"Rep. of Korea","KOR","KOR",5,"0","0","-","0","0","0"
1,"0DZYqA",1,25,2008,4,"Algeria","ALG","DZA",102,"Rep. of Korea","KOR","KOR",5,"0","0","-","0","0","0"
1,"0DZYqA",1,26,2009,4,"Algeria","ALG","DZA",102,"Rep. of Korea","KOR","KOR",5,"0","0","-","0","0","0"
1,"0DZYqA",1,27,2010,4,"Algeria","ALG","DZA",102,"Rep. of Korea","KOR","KOR",5,"0","0","-","0","0","0"
1,"0DZYqA",1,28,2011,4,"Algeria","ALG","DZA",102,"Rep. of Korea","KOR","KOR",5,"0","0","-","0","0","0"
1,"0DZYqA",1,29,2012,4,"Algeria","ALG","DZA",102,"Rep. of Korea","KOR","KOR",5,"0","0","-","0","0","0"
1,"0DZYqA",1,30,2013,4,"Algeria","ALG","DZA",102,"Rep. of Korea","KOR","KOR",5,"0","0","-","0","0","0"
1,"0DZYqA",1,31,2014,4,"Algeria","ALG","DZA",102,"Rep. of Korea","KOR","KOR",5,"0","0","-","0","0","0"
1,"0DZYqA",1,32,2015,4,"Algeria","ALG","DZA",102,"Rep. of Korea","KOR","KOR",5,5,"0","-","0","0","0"
1,"0DZYqA",1,33,2016,4,"Algeria","ALG","DZA",102,"Rep. of Korea","KOR","KOR",5,16,"0","-","0","0","0"
1,"0DZYqA",1,34,2017,4,"Algeria","ALG","DZA",102,"Rep. of Korea","KOR","KOR",5,47,"0","-","0","0","0"
1,"0DZYqA",1,35,2018,4,"Algeria","ALG","DZA",102,"Rep. of Korea","KOR","KOR",6,129,"0","-","0","0","0"
1,"0DZYqA",1,36,2019,4,"Algeria","ALG","DZA",102,"Rep. of Korea","KOR","KOR",6,239,"0","-","0","0","0"
1,"0DZYqA",1,37,2020,4,"Algeria","ALG","DZA",102,"Rep. of Korea","KOR","KOR",6,207,"0","-","0","0","0"
1,"0DZYqA",1,38,2021,4,"Algeria","ALG","DZA",102,"Rep. of Korea","KOR","KOR",6,73,"0","-","0","0","0"
1,"0DZYqA",1,39,2022,4,"Algeria","ALG","DZA",102,"Rep. of Korea","KOR","KOR",8,101,"0","-","0","0","0"
1,"0DZYqA",1,40,2023,4,"Algeria","ALG","DZA",102,"Rep. of Korea","KOR","KOR","0",125,"0","-","0","0","0"
1,"0DZYqA",1,41,2024,4,"Algeria","ALG","DZA",102,"Rep. of Korea","KOR","KOR","0",184,"0","-","0","0","0"
1,"0DZYqA",1,42,2025,4,"Algeria","ALG","DZA",102,"Rep. of Korea","KOR","KOR","0",200,"0","-","0","0","0"
1,"0DZYqA",1,43,2012,6,"Angola","ANG","AGO",102,"Rep. of Korea","KOR","KOR",5,"0","0","-","0","0","0"
1,"0DZYqA",1,44,2013,6,"Angola","ANG","AGO",102,"Rep. of Korea","KOR","KOR",5,"0","0","-","0","0","0"
1,"0DZYqA",1,45,2014,6,"Angola","ANG","AGO",102,"Rep. of Korea","KOR","KOR",5,"0","0","-","0","0","0"
1,"0DZYqA",1,46,2015,6,"Angola","ANG","AGO",102,"Rep. of Korea","KOR","KOR",5,"0","0","-","0","0","0"
1,"0DZYqA",1,47,2016,6,"Angola","ANG","AGO",102,"Rep. of Korea","KOR","KOR",5,5,"0","-","0","0","0"
1,"0DZYqA",1,48,2017,6,"Angola","ANG","AGO",102,"Rep. of Korea","KOR","KOR",5,30,"0","-","0","0","0"
1,"0DZYqA",1,49,2018,6,"Angola","ANG","AGO",102,"Rep. of Korea","KOR","KOR",5,59,"0","-","0","0","0"
1,"0DZYqA",1,50,2019,6,"Angola","ANG","AGO",102,"Rep. of Korea","KOR","KOR",5,50,"0","-","0","0","0"
1,"0DZYqA",1,51,2020,6,"Angola","ANG","AGO",102,"Rep. of Korea","KOR","KOR",5,42,"0","-","0","0","0"
1,"0DZYqA",1,52,2021,6,"Angola","ANG","AGO",102,"Rep. of Korea","KOR","KOR",9,18,"0","-","0","0","0"
1,"0DZYqA",1,53,2022,6,"Angola","ANG","AGO",102,"Rep. of Korea","KOR","KOR","0",7,"0","-","0","0","0"
1,"0DZYqA",1,54,2023,6,"Angola","ANG","AGO",102,"Rep. of Korea","KOR","KOR","0",13,"0","-","0","0","0"
1,"0DZYqA",1,55,2006,8,"Egypt","ARE","EGY",102,"Rep. of Korea","KOR","KOR","0",5,"0","-","0","0","0"
1,"0DZYqA",1,56,2007,8,"Egypt","ARE","EGY",102,"Rep. of Korea","KOR","KOR","0",7,"0","-","0","0","0"
1,"0DZYqA",1,57,2008,8,"Egypt","ARE","EGY",102,"Rep. of Korea","KOR","KOR","0",5,"0","-","0","0","0"
1,"0DZYqA",1,58,2009,8,"Egypt","ARE","EGY",102,"Rep. of Korea","KOR","KOR","0",5,"0","-","0","0","0"
1,"0DZYqA",1,59,2011,8,"Egypt","ARE","EGY",102,"Rep. of Korea","KOR","KOR","0",5,"0","-","0","0","0"
1,"0DZYqA",1,60,2012,8,"Egypt","ARE","EGY",102,"Rep. of Korea","KOR","KOR","0",9,"0","-","0","0","0"
1,"0DZYqA",1,61,2013,8,"Egypt","ARE","EGY",102,"Rep. of Korea","KOR","KOR","0",103,"0","-","0","0","0"
1,"0DZYqA",1,62,2014,8,"Egypt","ARE","EGY",102,"Rep. of Korea","KOR","KOR",5,546,"0","-","0","0","0"
1,"0DZYqA",1,63,2015,8,"Egypt","ARE","EGY",102,"Rep. of Korea","KOR","KOR",10,905,"0","-","0","0","0"
1,"0DZYqA",1,64,2016,8,"Egypt","ARE","EGY",102,"Rep. of Korea","KOR","KOR",14,834,"0","-","0","0","0"
1,"0DZYqA",1,65,2017,8,"Egypt","ARE","EGY",102,"Rep. of Korea","KOR","KOR",19,635,"0","-","0","0","0"
1,"0DZYqA",1,66,2018,8,"Egypt","ARE","EGY",102,"Rep. of Korea","KOR","KOR",26,1115,"0","-","0","0","0"
1,"0DZYqA",1,67,2019,8,"Egypt","ARE","EGY",102,"Rep. of Korea","KOR","KOR",34,787,"0","-","0","0","0"
1,"0DZYqA",1,68,2020,8,"Egypt","ARE","EGY",102,"Rep. of Korea","KOR","KOR",44,1018,"0","-","0","0","0"
1,"0DZYqA",1,69,2021,8,"Egypt","ARE","EGY",102,"Rep. of Korea","KOR","KOR",72,753,"0","-","0","0","0"
1,"0DZYqA",1,70,2022,8,"Egypt","ARE","EGY",102,"Rep. of Korea","KOR","KOR",129,696,"0","-","0","0","0"
1,"0DZYqA",1,71,2023,8,"Egypt","ARE","EGY",102,"Rep. of Korea","KOR","KOR",154,772,"0","-","0","0","0"
1,"0DZYqA",1,72,2024,8,"Egypt","ARE","EGY",102,"Rep. of Korea","KOR","KOR",181,830,"0","-","0","0","0"
1,"0DZYqA",1,73,2025,8,"Egypt","ARE","EGY",102,"Rep. of Korea","KOR","KOR",194,828,"0","-","0","0","0"
1,"0DZYqA",1,74,2018,9,"Argentina","ARG","ARG",102,"Rep. of Korea","KOR","KOR","0",5,"0","-","0","0","0"
1,"0DZYqA",1,75,2019,9,"Argentina","ARG","ARG",102,"Rep. of Korea","KOR","KOR","0",11,"0","-","0","0","0"
1,"0DZYqA",1,76,2020,9,"Argentina","ARG","ARG",102,"Rep. of Korea","KOR","KOR","0",9,"0","-","0","0","0"
1,"0DZYqA",1,77,2021,9,"Argentina","ARG","ARG",102,"Rep. of Korea","KOR","KOR","0",8,"0","-","0","0","0"
1,"0DZYqA",1,78,2018,13,"Azerbaijan","AZE","AZE",102,"Rep. of Korea","KOR","KOR","0",5,"0","-","0","0","0"
1,"0DZYqA",1,79,2019,13,"Azerbaijan","AZE","AZE",102,"Rep. of Korea","KOR","KOR","0",7,"0","-","0","0","0"
1,"0DZYqA",1,80,2020,13,"Azerbaijan","AZE","AZE",102,"Rep. of Korea","KOR","KOR","0",10,"0","-","0","0","0"
1,"0DZYqA",1,81,2021,13,"Azerbaijan","AZE","AZE",102,"Rep. of Korea","KOR","KOR","0",8,"0","-","0","0","0"
1,"0DZYqA",1,82,2014,16,"Burundi","BDI","BDI",102,"Rep. of Korea","KOR","KOR","0",12,"0","-","0","0","0"
1,"0DZYqA",1,83,2015,16,"Burundi","BDI","BDI",102,"Rep. of Korea","KOR","KOR",5,15,"0","-","0","0","0"
1,"0DZYqA",1,84,2016,16,"Burundi","BDI","BDI",102,"Rep. of Korea","KOR","KOR",6,18,"0","-","0","0","0"
1,"0DZYqA",1,85,2017,16,"Burundi","BDI","BDI",102,"Rep. of Korea","KOR","KOR",18,10,"0","-","0","0","0"
1,"0DZYqA",1,86,2018,16,"Burundi","BDI","BDI",102,"Rep. of Korea","KOR","KOR",37,9,"0","-","0","0","0"
1,"0DZYqA",1,87,2019,16,"Burundi","BDI","BDI",102,"Rep. of Korea","KOR","KOR",39,16,"0","-","0","0","0"
1,"0DZYqA",1,88,2020,16,"Burundi","BDI","BDI",102,"Rep. of Korea","KOR","KOR",45,12,"0","-","0","0","0"
1,"0DZYqA",1,89,2021,16,"Burundi","BDI","BDI",102,"Rep. of Korea","KOR","KOR",47,15,"0","-","0","0","0"
1,"0DZYqA",1,90,2022,16,"Burundi","BDI","BDI",102,"Rep. of Korea","KOR","KOR",49,40,"0","-","0","0","0"
1,"0DZYqA",1,91,2023,16,"Burundi","BDI","BDI",102,"Rep. of Korea","KOR","KOR",51,74,"0","-","0","0","0"
1,"0DZYqA",1,92,2024,16,"Burundi","BDI","BDI",102,"Rep. of Korea","KOR","KOR",56,193,"0","-","0","0","0"
1,"0DZYqA",1,93,2025,16,"Burundi","BDI","BDI",102,"Rep. of Korea","KOR","KOR",56,243,"0","-","0","0","0"
1,"0DZYqA",1,94,2018,18,"Benin","BEN","BEN",102,"Rep. of Korea","KOR","KOR","0",5,"0","-","0","0","0"
1,"0DZYqA",1,95,2019,18,"Benin","BEN","BEN",102,"Rep. of Korea","KOR","KOR","0",5,"0","-","0","0","0"
1,"0DZYqA",1,96,2002,20,"Bangladesh","BGD","BGD",102,"Rep. of Korea","KOR","KOR","0",12,"0","-","0","0","0"
1,"0DZYqA",1,97,2003,20,"Bangladesh","BGD","BGD",102,"Rep. of Korea","KOR","KOR","0",17,"0","-","0","0","0"
1,"0DZYqA",1,98,2004,20,"Bangladesh","BGD","BGD",102,"Rep. of Korea","KOR","KOR",12,5,"0","-","0","0","0"
1,"0DZYqA",1,99,2005,20,"Bangladesh","BGD","BGD",102,"Rep. of Korea","KOR","KOR",12,9,"0","-","0","0","0"
1,"0DZYqA",1,100,2006,20,"Bangladesh","BGD","BGD",102,"Rep. of Korea","KOR","KOR",13,12,"0","-","0","0","0"
1,"0DZYqA",1,101,2007,20,"Bangladesh","BGD","BGD",102,"Rep. of Korea","KOR","KOR",18,29,"0","-","0","0","0"
1,"0DZYqA",1,102,2008,20,"Bangladesh","BGD","BGD",102,"Rep. of Korea","KOR","KOR",19,54,"0","-","0","0","0"
1,"0DZYqA",1,103,2009,20,"Bangladesh","BGD","BGD",102,"Rep. of Korea","KOR","KOR",40,40,"0","-","0","0","0"
1,"0DZYqA",1,104,2010,20,"Bangladesh","BGD","BGD",102,"Rep. of Korea","KOR","KOR",48,37,"0","-","0","0","0"
1,"0DZYqA",1,105,2011,20,"Bangladesh","BGD","BGD",102,"Rep. of Korea","KOR","KOR",50,34,"0","-","0","0","0"
1,"0DZYqA",1,106,2012,20,"Bangladesh","BGD","BGD",102,"Rep. of Korea","KOR","KOR",65,43,"0","-","0","0","0"
1,"0DZYqA",1,107,2013,20,"Bangladesh","BGD","BGD",102,"Rep. of Korea","KOR","KOR",74,75,"0","-","0","0","0"
1,"0DZYqA",1,108,2014,20,"Bangladesh","BGD","BGD",102,"Rep. of Korea","KOR","KOR",73,68,"0","-","0","0","0"
1,"0DZYqA",1,109,2015,20,"Bangladesh","BGD","BGD",102,"Rep. of Korea","KOR","KOR",83,306,"0","-","0","0","0"
1,"0DZYqA",1,110,2016,20,"Bangladesh","BGD","BGD",102,"Rep. of Korea","KOR","KOR",90,348,"0","-","0","0","0"
1,"0DZYqA",1,111,2017,20,"Bangladesh","BGD","BGD",102,"Rep. of Korea","KOR","KOR",98,413,"0","-","0","0","0"
1,"0DZYqA",1,112,2018,20,"Bangladesh","BGD","BGD",102,"Rep. of Korea","KOR","KOR",108,845,"0","-","0","0","0"
1,"0DZYqA",1,113,2019,20,"Bangladesh","BGD","BGD",102,"Rep. of Korea","KOR","KOR",114,1087,"0","-","0","0","0"
1,"0DZYqA",1,114,2020,20,"Bangladesh","BGD","BGD",102,"Rep. of Korea","KOR","KOR",128,1131,"0","-","0","0","0"
1,"0DZYqA",1,115,2021,20,"Bangladesh","BGD","BGD",102,"Rep. of Korea","KOR","KOR",129,1004,"0","-","0","0","0"
1,"0DZYqA",1,116,2022,20,"Bangladesh","BGD","BGD",102,"Rep. of Korea","KOR","KOR",130,941,"0","-","0","0","0"
1,"0DZYqA",1,117,2023,20,"Bangladesh","BGD","BGD",102,"Rep. of Korea","KOR","KOR",131,1027,"0","-","0","0","0"
1,"0DZYqA",1,118,2024,20,"Bangladesh","BGD","BGD",102,"Rep. of Korea","KOR","KOR",132,1008,"0","-","0","0","0"
1,"0DZYqA",1,119,2025,20,"Bangladesh","BGD","BGD",102,"Rep. of Korea","KOR","KOR",133,1003,"0","-","0","0","0"
1,"0DZYqA",1,120,2015,23,"Burkina Faso","BKF","BFA",102,"Rep. of Korea","KOR","KOR","0",5,"0","-","0","0","0"
1,"0DZYqA",1,121,2016,23,"Burkina Faso","BKF","BFA",102,"Rep. of Korea","KOR","KOR","0",5,"0","-","0","0","0"
1,"0DZYqA",1,122,2017,23,"Burkina Faso","BKF","BFA",102,"Rep. of Korea","KOR","KOR","0",18,"0","-","0","0","0"
1,"0DZYqA",1,123,2018,23,"Burkina Faso","BKF","BFA",102,"Rep. of Korea","KOR","KOR","0",18,"0","-","0","0","0"
1,"0DZYqA",1,124,2019,23,"Burkina Faso","BKF","BFA",102,"Rep. of Korea","KOR","KOR","0",11,"0","-","0","0","0"
1,"0DZYqA",1,125,2020,23,"Burkina Faso","BKF","BFA",102,"Rep. of Korea","KOR","KOR","0",10,"0","-","0","0","0"
1,"0DZYqA",1,126,2021,23,"Burkina Faso","BKF","BFA",102,"Rep. of Korea","KOR","KOR","0",5,"0","-","0","0","0"
1,"0DZYqA",1,127,2024,24,"Belarus","BLR","BLR",102,"Rep. of Korea","KOR","KOR","0",12,"0","-","0","0","0"
1,"0DZYqA",1,128,2018,25,"Bolivia (Plurinational State of)","BOL","BOL",102,"Rep. of Korea","KOR","KOR","0",5,"0","-","0","0","0"
1,"0DZYqA",1,129,2019,25,"Bolivia (Plurinational State of)","BOL","BOL",102,"Rep. of Korea","KOR","KOR","0",5,"0","-","0","0","0"
1,"0DZYqA",1,130,2020,25,"Bolivia (Plurinational State of)","BOL","BOL",102,"Rep. of Korea","KOR","KOR","0",5,"0","-","0","0","0"
1,"0DZYqA",1,131,2021,25,"Bolivia (Plurinational State of)","BOL","BOL",102,"Rep. of Korea","KOR","KOR","0",5,"0","-","0","0","0"
1,"0DZYqA",1,132,2018,27,"Brazil","BRA","BRA",102,"Rep. of Korea","KOR","KOR","0",5,"0","-","0","0","0"
1,"0DZYqA",1,133,2019,27,"Brazil","BRA","BRA",102,"Rep. of Korea","KOR","KOR","0",8,"0","-","0","0","0"
1,"0DZYqA",1,134,2020,27,"Brazil","BRA","BRA",102,"Rep. of Korea","KOR","KOR","0",18,"0","-","0","0","0"
1,"0DZYqA",1,135,2021,27,"Brazil","BRA","BRA",102,"Rep. of Korea","KOR","KOR","0",13,"0","-","0","0","0"
1,"0DZYqA",1,136,2023,27,"Brazil","BRA","BRA",102,"Rep. of Korea","KOR","KOR","0",12,"0","-","0","0","0"
1,"0DZYqA",1,137,2024,27,"Brazil","BRA","BRA",102,"Rep. of Korea","KOR","KOR","0",14,"0","-","0","0","0"
1,"0DZYqA",1,138,2016,29,"Bosnia and Herzegovina","BSN","BIH",102,"Rep. of Korea","KOR","KOR","0",5,"0","-","0","0","0"
1,"0DZYqA",1,139,2017,29,"Bosnia and Herzegovina","BSN","BIH",102,"Rep. of Korea","KOR","KOR","0",5,"0","-","0","0","0"
1,"0DZYqA",1,140,2015,32,"Cambodia","CAM","KHM",102,"Rep. of Korea","KOR","KOR","0",9,"0","-","0","0","0"
1,"0DZYqA",1,141,2016,32,"Cambodia","CAM","KHM",102,"Rep. of Korea","KOR","KOR","0",21,"0","-","0","0","0"
1,"0DZYqA",1,142,2017,32,"Cambodia","CAM","KHM",102,"Rep. of Korea","KOR","KOR","0",11,"0","-","0","0","0"
1,"0DZYqA",1,143,2018,32,"Cambodia","CAM","KHM",102,"Rep. of Korea","KOR","KOR","0",53,"0","-","0","0","0"
1,"0DZYqA",1,144,2019,32,"Cambodia","CAM","KHM",102,"Rep. of Korea","KOR","KOR","0",80,"0","-","0","0","0"
1,"0DZYqA",1,145,2020,32,"Cambodia","CAM","KHM",102,"Rep. of Korea","KOR","KOR","0",56,"0","-","0","0","0"
1,"0DZYqA",1,146,2021,32,"Cambodia","CAM","KHM",102,"Rep. of Korea","KOR","KOR","0",47,"0","-","0","0","0"
1,"0DZYqA",1,147,2022,32,"Cambodia","CAM","KHM",102,"Rep. of Korea","KOR","KOR",5,15,"0","-","0","0","0"
1,"0DZYqA",1,148,2024,32,"Cambodia","CAM","KHM",102,"Rep. of Korea","KOR","KOR",9,26,"0","-","0","0","0"
1,"0DZYqA",1,149,2025,32,"Cambodia","CAM","KHM",102,"Rep. of Korea","KOR","KOR",9,37,"0","-","0","0","0"
1,"0DZYqA",1,150,2001,37,"China","CHI","CHN",102,"Rep. of Korea","KOR","KOR","0",5,"0","-","0","0","0"
1,"0DZYqA",1,151,2002,37,"China","CHI","CHN",102,"Rep. of Korea","KOR","KOR","0",11,"0","-","0","0","0"
1,"0DZYqA",1,152,2003,37,"China","CHI","CHN",102,"Rep. of Korea","KOR","KOR","0",20,"0","-","0","0","0"
1,"0DZYqA",1,153,2004,37,"China","CHI","CHN",102,"Rep. of Korea","KOR","KOR","0",81,"0","-","0","0","0"
1,"0DZYqA",1,154,2005,37,"China","CHI","CHN",102,"Rep. of Korea","KOR","KOR","0",172,"0","-","0","0","0"
1,"0DZYqA",1,155,2006,37,"China","CHI","CHN",102,"Rep. of Korea","KOR","KOR",8,114,"0","-","0","0","0"
1,"0DZYqA",1,156,2007,37,"China","CHI","CHN",102,"Rep. of Korea","KOR","KOR",8,95,"0","-","0","0","0"
1,"0DZYqA",1,157,2008,37,"China","CHI","CHN",102,"Rep. of Korea","KOR","KOR",12,100,"0","-","0","0","0"
1,"0DZYqA",1,158,2009,37,"China","CHI","CHN",102,"Rep. of Korea","KOR","KOR",14,21,"0","-","0","0","0"
1,"0DZYqA",1,159,2010,37,"China","CHI","CHN",102,"Rep. of Korea","KOR","KOR",17,15,"0","-","0","0","0"
1,"0DZYqA",1,160,2011,37,"China","CHI","CHN",102,"Rep. of Korea","KOR","KOR",21,12,"0","-","0","0","0"
1,"0DZYqA",1,161,2012,37,"China","CHI","CHN",102,"Rep. of Korea","KOR","KOR",25,"0","0","-","0","0","0"
1,"0DZYqA",1,162,2013,37,"China","CHI","CHN",102,"Rep. of Korea","KOR","KOR",27,43,"0","-","0","0","0"
1,"0DZYqA",1,163,2014,37,"China","CHI","CHN",102,"Rep. of Korea","KOR","KOR",27,277,"0","-","0","0","0"
1,"0DZYqA",1,164,2015,37,"China","CHI","CHN",102,"Rep. of Korea","KOR","KOR",35,469,"0","-","0","0","0"
1,"0DZYqA",1,165,2016,37,"China","CHI","CHN",102,"Rep. of Korea","KOR","KOR",36,765,"0","-","0","0","0"
1,"0DZYqA",1,166,2017,37,"China","CHI","CHN",102,"Rep. of Korea","KOR","KOR",39,1119,"0","-","0","0","0"
1,"0DZYqA",1,167,2018,37,"China","CHI","CHN",102,"Rep. of Korea","KOR","KOR",43,1620,"0","-","0","0","0"
1,"0DZYqA",1,168,2019,37,"China","CHI","CHN",102,"Rep. of Korea","KOR","KOR",44,2606,"0","-","0","0","0"
1,"0DZYqA",1,169,2020,37,"China","CHI","CHN",102,"Rep. of Korea","KOR","KOR",46,1754,"0","-","0","0","0"
1,"0DZYqA",1,170,2021,37,"China","CHI","CHN",102,"Rep. of Korea","KOR","KOR",50,1121,"0","-","0","0","0"
1,"0DZYqA",1,171,2022,37,"China","CHI","CHN",102,"Rep. of Korea","KOR","KOR",51,1164,"0","-","0","0","0"
1,"0DZYqA",1,172,2023,37,"China","CHI","CHN",102,"Rep. of Korea","KOR","KOR",54,1541,"0","-","0","0","0"
1,"0DZYqA",1,173,2024,37,"China","CHI","CHN",102,"Rep. of Korea","KOR","KOR",55,2441,"0","-","0","0","0"
1,"0DZYqA",1,174,2025,37,"China","CHI","CHN",102,"Rep. of Korea","KOR","KOR",56,2181,"0","-","0","0","0"
1,"0DZYqA",1,175,2020,38,"Chile","CHL","CHL",102,"Rep. of Korea","KOR","KOR","0",6,"0","-","0","0","0"
1,"0DZYqA",1,176,2001,39,"Cameroon","CMR","CMR",102,"Rep. of Korea","KOR","KOR","0",5,"0","-","0","0","0"
1,"0DZYqA",1,177,2002,39,"Cameroon","CMR","CMR",102,"Rep. of Korea","KOR","KOR","0",5,"0","-","0","0","0"
1,"0DZYqA",1,178,2003,39,"Cameroon","CMR","CMR",102,"Rep. of Korea","KOR","KOR",5,"0","0","-","0","0","0"
1,"0DZYqA",1,179,2004,39,"Cameroon","CMR","CMR",102,"Rep. of Korea","KOR","KOR",5,"0","0","-","0","0","0"
1,"0DZYqA",1,180,2005,39,"Cameroon","CMR","CMR",102,"Rep. of Korea","KOR","KOR",5,5,"0","-","0","0","0"
1,"0DZYqA",1,181,2006,39,"Cameroon","CMR","CMR",102,"Rep. of Korea","KOR","KOR",5,5,"0","-","0","0","0"
1,"0DZYqA",1,182,2007,39,"Cameroon","CMR","CMR",102,"Rep. of Korea","KOR","KOR",5,5,"0","-","0","0","0"
1,"0DZYqA",1,183,2008,39,"Cameroon","CMR","CMR",102,"Rep. of Korea","KOR","KOR",5,7,"0","-","0","0","0"
1,"0DZYqA",1,184,2009,39,"Cameroon","CMR","CMR",102,"Rep. of Korea","KOR","KOR",5,10,"0","-","0","0","0"
1,"0DZYqA",1,185,2010,39,"Cameroon","CMR","CMR",102,"Rep. of Korea","KOR","KOR",6,13,"0","-","0","0","0"
1,"0DZYqA",1,186,2011,39,"Cameroon","CMR","CMR",102,"Rep. of Korea","KOR","KOR",8,17,"0","-","0","0","0"
1,"0DZYqA",1,187,2012,39,"Cameroon","CMR","CMR",102,"Rep. of Korea","KOR","KOR",10,35,"0","-","0","0","0"
1,"0DZYqA",1,188,2013,39,"Cameroon","CMR","CMR",102,"Rep. of Korea","KOR","KOR",12,91,"0","-","0","0","0"
1,"0DZYqA",1,189,2014,39,"Cameroon","CMR","CMR",102,"Rep. of Korea","KOR","KOR",13,152,"0","-","0","0","0"
1,"0DZYqA",1,190,2015,39,"Cameroon","CMR","CMR",102,"Rep. of Korea","KOR","KOR",15,106,"0","-","0","0","0"
1,"0DZYqA",1,191,2016,39,"Cameroon","CMR","CMR",102,"Rep. of Korea","KOR","KOR",16,90,"0","-","0","0","0"
1,"0DZYqA",1,192,2017,39,"Cameroon","CMR","CMR",102,"Rep. of Korea","KOR","KOR",18,135,"0","-","0","0","0"
1,"0DZYqA",1,193,2018,39,"Cameroon","CMR","CMR",102,"Rep. of Korea","KOR","KOR",20,238,"0","-","0","0","0"
1,"0DZYqA",1,194,2019,39,"Cameroon","CMR","CMR",102,"Rep. of Korea","KOR","KOR",20,269,"0","-","0","0","0"
1,"0DZYqA",1,195,2020,39,"Cameroon","CMR","CMR",102,"Rep. of Korea","KOR","KOR",22,210,"0","-","0","0","0"
1,"0DZYqA",1,196,2021,39,"Cameroon","CMR","CMR",102,"Rep. of Korea","KOR","KOR",23,164,"0","-","0","0","0"
1,"0DZYqA",1,197,2022,39,"Cameroon","CMR","CMR",102,"Rep. of Korea","KOR","KOR",23,163,"0","-","0","0","0"
1,"0DZYqA",1,198,2023,39,"Cameroon","CMR","CMR",102,"Rep. of Korea","KOR","KOR",23,163,"0","-","0","0","0"
1,"0DZYqA",1,199,2024,39,"Cameroon","CMR","CMR",102,"Rep. of Korea","KOR","KOR",23,191,"0","-","0","0","0"
1,"0DZYqA",1,200,2025,39,"Cameroon","CMR","CMR",102,"Rep. of Korea","KOR","KOR",23,192,"0","-","0","0","0"
1,"0DZYqA",1,201,2010,40,"Congo","COB","COG",102,"Rep. of Korea","KOR","KOR","0",5,"0","-","0","0","0"
1,"0DZYqA",1,202,2011,40,"Congo","COB","COG",102,"Rep. of Korea","KOR","KOR","0",5,"0","-","0","0","0"
1,"0DZYqA",1,203,2018,40,"Congo","COB","COG",102,"Rep. of Korea","KOR","KOR","0",7,"0","-","0","0","0"
1,"0DZYqA",1,204,2019,40,"Congo","COB","COG",102,"Rep. of Korea","KOR","KOR","0",11,"0","-","0","0","0"
1,"0DZYqA",1,205,2020,40,"Congo","COB","COG",102,"Rep. of Korea","KOR","KOR","0",11,"0","-","0","0","0"
1,"0DZYqA",1,206,2021,40,"Congo","COB","COG",102,"Rep. of Korea","KOR","KOR","0",8,"0","-","0","0","0"
1,"0DZYqA",1,207,2000,41,"Dem. Rep. of the Congo","COD","COD",102,"Rep. of Korea","KOR","KOR","0",16,"0","-","0","0","0"
1,"0DZYqA",1,208,2001,41,"Dem. Rep. of the Congo","COD","COD",102,"Rep. of Korea","KOR","KOR","0",18,"0","-","0","0","0"
1,"0DZYqA",1,209,2002,41,"Dem. Rep. of the Congo","COD","COD",102,"Rep. of Korea","KOR","KOR","0",12,"0","-","0","0","0"
1,"0DZYqA",1,210,2003,41,"Dem. Rep. of the Congo","COD","COD",102,"Rep. of Korea","KOR","KOR","0",13,"0","-","0","0","0"
1,"0DZYqA",1,211,2004,41,"Dem. Rep. of the Congo","COD","COD",102,"Rep. of Korea","KOR","KOR","0",18,"0","-","0","0","0"
1,"0DZYqA",1,212,2005,41,"Dem. Rep. of the Congo","COD","COD",102,"Rep. of Korea","KOR","KOR",13,21,"0","-","0","0","0"
1,"0DZYqA",1,213,2006,41,"Dem. Rep. of the Congo","COD","COD",102,"Rep. of Korea","KOR","KOR",14,32,"0","-","0","0","0"
1,"0DZYqA",1,214,2007,41,"Dem. Rep. of the Congo","COD","COD",102,"Rep. of Korea","KOR","KOR",16,34,"0","-","0","0","0"
1,"0DZYqA",1,215,2008,41,"Dem. Rep. of the Congo","COD","COD",102,"Rep. of Korea","KOR","KOR",24,35,"0","-","0","0","0"
1,"0DZYqA",1,216,2009,41,"Dem. Rep. of the Congo","COD","COD",102,"Rep. of Korea","KOR","KOR",25,16,"0","-","0","0","0"
1,"0DZYqA",1,217,2010,41,"Dem. Rep. of the Congo","COD","COD",102,"Rep. of Korea","KOR","KOR",31,12,"0","-","0","0","0"
1,"0DZYqA",1,218,2011,41,"Dem. Rep. of the Congo","COD","COD",102,"Rep. of Korea","KOR","KOR",37,14,"0","-","0","0","0"
1,"0DZYqA",1,219,2012,41,"Dem. Rep. of the Congo","COD","COD",102,"Rep. of Korea","KOR","KOR",43,6,"0","-","0","0","0"
1,"0DZYqA",1,220,2013,41,"Dem. Rep. of the Congo","COD","COD",102,"Rep. of Korea","KOR","KOR",45,15,"0","-","0","0","0"
1,"0DZYqA",1,221,2014,41,"Dem. Rep. of the Congo","COD","COD",102,"Rep. of Korea","KOR","KOR",48,15,"0","-","0","0","0"
1,"0DZYqA",1,222,2015,41,"Dem. Rep. of the Congo","COD","COD",102,"Rep. of Korea","KOR","KOR",49,17,"0","-","0","0","0"
1,"0DZYqA",1,223,2016,41,"Dem. Rep. of the Congo","COD","COD",102,"Rep. of Korea","KOR","KOR",49,19,"0","-","0","0","0"
1,"0DZYqA",1,224,2017,41,"Dem. Rep. of the Congo","COD","COD",102,"Rep. of Korea","KOR","KOR",49,17,"0","-","0","0","0"
1,"0DZYqA",1,225,2018,41,"Dem. Rep. of the Congo","COD","COD",102,"Rep. of Korea","KOR","KOR",57,31,"0","-","0","0","0"
1,"0DZYqA",1,226,2019,41,"Dem. Rep. of the Congo","COD","COD",102,"Rep. of Korea","KOR","KOR",61,38,"0","-","0","0","0"
1,"0DZYqA",1,227,2020,41,"Dem. Rep. of the Congo","COD","COD",102,"Rep. of Korea","KOR","KOR",61,34,"0","-","0","0","0"
1,"0DZYqA",1,228,2021,41,"Dem. Rep. of the Congo","COD","COD",102,"Rep. of Korea","KOR","KOR",62,24,"0","-","0","0","0"
1,"0DZYqA",1,229,2022,41,"Dem. Rep. of the Congo","COD","COD",102,"Rep. of Korea","KOR","KOR",67,34,"0","-","0","0","0"
1,"0DZYqA",1,230,2023,41,"Dem. Rep. of the Congo","COD","COD",102,"Rep. of Korea","KOR","KOR",75,53,"0","-","0","0","0"
1,"0DZYqA",1,231,2024,41,"Dem. Rep. of the Congo","COD","COD",102,"Rep. of Korea","KOR","KOR",82,89,"0","-","0","0","0"
1,"0DZYqA",1,232,2025,41,"Dem. Rep. of the Congo","COD","COD",102,"Rep. of Korea","KOR","KOR",83,111,"0","-","0","0","0"
1,"0DZYqA",1,233,2018,44,"Colombia","COL","COL",102,"Rep. of Korea","KOR","KOR","0",5,"0","-","0","0","0"
1,"0DZYqA",1,234,2019,44,"Colombia","COL","COL",102,"Rep. of Korea","KOR","KOR","0",10,"0","-","0","0","0"
1,"0DZYqA",1,235,2020,44,"Colombia","COL","COL",102,"Rep. of Korea","KOR","KOR","0",14,"0","-","0","0","0"
1,"0DZYqA",1,236,2021,44,"Colombia","COL","COL",102,"Rep. of Korea","KOR","KOR","0",5,"0","-","0","0","0"
1,"0DZYqA",1,237,2017,54,"Ecuador","ECU","ECU",102,"Rep. of Korea","KOR","KOR","0",5,"0","-","0","0","0"
1,"0DZYqA",1,238,2018,54,"Ecuador","ECU","ECU",102,"Rep. of Korea","KOR","KOR","0",5,"0","-","0","0","0"
1,"0DZYqA",1,239,2016,56,"Eritrea","ERT","ERI",102,"Rep. of Korea","KOR","KOR",5,"0","0","-","0","0","0"
1,"0DZYqA",1,240,2017,56,"Eritrea","ERT","ERI",102,"Rep. of Korea","KOR","KOR",5,5,"0","-","0","0","0"
1,"0DZYqA",1,241,2018,56,"Eritrea","ERT","ERI",102,"Rep. of Korea","KOR","KOR",9,"0","0","-","0","0","0"
1,"0DZYqA",1,242,2019,56,"Eritrea","ERT","ERI",102,"Rep. of Korea","KOR","KOR",9,"0","0","-","0","0","0"
1,"0DZYqA",1,243,2020,56,"Eritrea","ERT","ERI",102,"Rep. of Korea","KOR","KOR",10,"0","0","-","0","0","0"
1,"0DZYqA",1,244,2021,56,"Eritrea","ERT","ERI",102,"Rep. of Korea","KOR","KOR",10,"0","0","-","0","0","0"
1,"0DZYqA",1,245,2022,56,"Eritrea","ERT","ERI",102,"Rep. of Korea","KOR","KOR",10,"0","0","-","0","0","0"
1,"0DZYqA",1,246,2023,56,"Eritrea","ERT","ERI",102,"Rep. of Korea","KOR","KOR",10,"0","0","-","0","0","0"
1,"0DZYqA",1,247,2024,56,"Eritrea","ERT","ERI",102,"Rep. of Korea","KOR","KOR",10,"0","0","-","0","0","0"
1,"0DZYqA",1,248,2025,56,"Eritrea","ERT","ERI",102,"Rep. of Korea","KOR","KOR",10,"0","0","-","0","0","0"
1,"0DZYqA",1,249,2002,58,"Ethiopia","ETH","ETH",102,"Rep. of Korea","KOR","KOR",5,5,"0","-","0","0","0"
1,"0DZYqA",1,250,2003,58,"Ethiopia","ETH","ETH",102,"Rep. of Korea","KOR","KOR",5,16,"0","-","0","0","0"
1,"0DZYqA",1,251,2004,58,"Ethiopia","ETH","ETH",102,"Rep. of Korea","KOR","KOR",5,15,"0","-","0","0","0"
1,"0DZYqA",1,252,2005,58,"Ethiopia","ETH","ETH",102,"Rep. of Korea","KOR","KOR",7,19,"0","-","0","0","0"
1,"0DZYqA",1,253,2006,58,"Ethiopia","ETH","ETH",102,"Rep. of Korea","KOR","KOR",7,37,"0","-","0","0","0"
1,"0DZYqA",1,254,2007,58,"Ethiopia","ETH","ETH",102,"Rep. of Korea","KOR","KOR",7,31,"0","-","0","0","0"
1,"0DZYqA",1,255,2008,58,"Ethiopia","ETH","ETH",102,"Rep. of Korea","KOR","KOR",20,22,"0","-","0","0","0"
1,"0DZYqA",1,256,2009,58,"Ethiopia","ETH","ETH",102,"Rep. of Korea","KOR","KOR",26,"0","0","-","0","0","0"
1,"0DZYqA",1,257,2010,58,"Ethiopia","ETH","ETH",102,"Rep. of Korea","KOR","KOR",29,5,"0","-","0","0","0"
1,"0DZYqA",1,258,2011,58,"Ethiopia","ETH","ETH",102,"Rep. of Korea","KOR","KOR",28,9,"0","-","0","0","0"
1,"0DZYqA",1,259,2012,58,"Ethiopia","ETH","ETH",102,"Rep. of Korea","KOR","KOR",32,17,"0","-","0","0","0"
1,"0DZYqA",1,260,2013,58,"Ethiopia","ETH","ETH",102,"Rep. of Korea","KOR","KOR",35,66,"0","-","0","0","0"
1,"0DZYqA",1,261,2014,58,"Ethiopia","ETH","ETH",102,"Rep. of Korea","KOR","KOR",78,42,"0","-","0","0","0"
1,"0DZYqA",1,262,2015,58,"Ethiopia","ETH","ETH",102,"Rep. of Korea","KOR","KOR",89,45,"0","-","0","0","0"
1,"0DZYqA",1,263,2016,58,"Ethiopia","ETH","ETH",102,"Rep. of Korea","KOR","KOR",101,122,"0","-","0","0","0"
1,"0DZYqA",1,264,2017,58,"Ethiopia","ETH","ETH",102,"Rep. of Korea","KOR","KOR",130,121,"0","-","0","0","0"
1,"0DZYqA",1,265,2018,58,"Ethiopia","ETH","ETH",102,"Rep. of Korea","KOR","KOR",147,102,"0","-","0","0","0"
1,"0DZYqA",1,266,2019,58,"Ethiopia","ETH","ETH",102,"Rep. of Korea","KOR","KOR",154,146,"0","-","0","0","0"
1,"0DZYqA",1,267,2020,58,"Ethiopia","ETH","ETH",102,"Rep. of Korea","KOR","KOR",160,172,"0","-","0","0","0"
1,"0DZYqA",1,268,2021,58,"Ethiopia","ETH","ETH",102,"Rep. of Korea","KOR","KOR",171,164,"0","-","0","0","0"
1,"0DZYqA",1,269,2022,58,"Ethiopia","ETH","ETH",102,"Rep. of Korea","KOR","KOR",179,232,"0","-","0","0","0"
1,"0DZYqA",1,270,2023,58,"Ethiopia","ETH","ETH",102,"Rep. of Korea","KOR","KOR",189,441,"0","-","0","0","0"
1,"0DZYqA",1,271,2024,58,"Ethiopia","ETH","ETH",102,"Rep. of Korea","KOR","KOR",197,467,"0","-","0","0","0"
1,"0DZYqA",1,272,2025,58,"Ethiopia","ETH","ETH",102,"Rep. of Korea","KOR","KOR",199,425,"0","-","0","0","0"
1,"0DZYqA",1,273,2017,67,"Gabon","GAB","GAB",102,"Rep. of Korea","KOR","KOR","0",5,"0","-","0","0","0"
1,"0DZYqA",1,274,2018,67,"Gabon","GAB","GAB",102,"Rep. of Korea","KOR","KOR","0",5,"0","-","0","0","0"
1,"0DZYqA",1,275,2020,67,"Gabon","GAB","GAB",102,"Rep. of Korea","KOR","KOR","0",5,"0","-","0","0","0"
1,"0DZYqA",1,276,2013,68,"Gambia","GAM","GMB",102,"Rep. of Korea","KOR","KOR","0",5,"0","-","0","0","0"
1,"0DZYqA",1,277,2014,68,"Gambia","GAM","GMB",102,"Rep. of Korea","KOR","KOR","0",8,"0","-","0","0","0"
1,"0DZYqA",1,278,2015,68,"Gambia","GAM","GMB",102,"Rep. of Korea","KOR","KOR","0",21,"0","-","0","0","0"
1,"0DZYqA",1,279,2016,68,"Gambia","GAM","GMB",102,"Rep. of Korea","KOR","KOR","0",21,"0","-","0","0","0"
1,"0DZYqA",1,280,2017,68,"Gambia","GAM","GMB",102,"Rep. of Korea","KOR","KOR","0",51,"0","-","0","0","0"
1,"0DZYqA",1,281,2018,68,"Gambia","GAM","GMB",102,"Rep. of Korea","KOR","KOR","0",102,"0","-","0","0","0"
1,"0DZYqA",1,282,2019,68,"Gambia","GAM","GMB",102,"Rep. of Korea","KOR","KOR","0",76,"0","-","0","0","0"
1,"0DZYqA",1,283,2020,68,"Gambia","GAM","GMB",102,"Rep. of Korea","KOR","KOR","0",61,"0","-","0","0","0"
1,"0DZYqA",1,284,2021,68,"Gambia","GAM","GMB",102,"Rep. of Korea","KOR","KOR","0",44,"0","-","0","0","0"
1,"0DZYqA",1,285,2022,68,"Gambia","GAM","GMB",102,"Rep. of Korea","KOR","KOR","0",48,"0","-","0","0","0"
1,"0DZYqA",1,286,2023,68,"Gambia","GAM","GMB",102,"Rep. of Korea","KOR","KOR","0",52,"0","-","0","0","0"
1,"0DZYqA",1,287,2024,68,"Gambia","GAM","GMB",102,"Rep. of Korea","KOR","KOR","0",51,"0","-","0","0","0"
1,"0DZYqA",1,288,2013,69,"Palestinian","GAZ","PSE",102,"Rep. of Korea","KOR","KOR","0",5,"0","-","0","0","0"
1,"0DZYqA",1,289,2014,69,"Palestinian","GAZ","PSE",102,"Rep. of Korea","KOR","KOR",5,5,"0","-","0","0","0"
1,"0DZYqA",1,290,2015,69,"Palestinian","GAZ","PSE",102,"Rep. of Korea","KOR","KOR",5,5,"0","-","0","0","0"
1,"0DZYqA",1,291,2016,69,"Palestinian","GAZ","PSE",102,"Rep. of Korea","KOR","KOR",5,"0","0","-","0","0","0"
1,"0DZYqA",1,292,2017,69,"Palestinian","GAZ","PSE",102,"Rep. of Korea","KOR","KOR",5,"0","0","-","0","0","0"
1,"0DZYqA",1,293,2018,69,"Palestinian","GAZ","PSE",102,"Rep. of Korea","KOR","KOR",5,5,"0","-","0","0","0"
1,"0DZYqA",1,294,2019,69,"Palestinian","GAZ","PSE",102,"Rep. of Korea","KOR","KOR",7,5,"0","-","0","0","0"
1,"0DZYqA",1,295,2020,69,"Palestinian","GAZ","PSE",102,"Rep. of Korea","KOR","KOR",8,5,"0","-","0","0","0"
1,"0DZYqA",1,296,2021,69,"Palestinian","GAZ","PSE",102,"Rep. of Korea","KOR","KOR",8,6,"0","-","0","0","0"
1,"0DZYqA",1,297,2006,73,"Ghana","GHA","GHA",102,"Rep. of Korea","KOR","KOR","0",5,"0","-","0","0","0"
1,"0DZYqA",1,298,2007,73,"Ghana","GHA","GHA",102,"Rep. of Korea","KOR","KOR","0",70,"0","-","0","0","0"
1,"0DZYqA",1,299,2008,73,"Ghana","GHA","GHA",102,"Rep. of Korea","KOR","KOR","0",86,"0","-","0","0","0"
1,"0DZYqA",1,300,2009,73,"Ghana","GHA","GHA",102,"Rep. of Korea","KOR","KOR","0",6,"0","-","0","0","0"
1,"0DZYqA",1,301,2010,73,"Ghana","GHA","GHA",102,"Rep. of Korea","KOR","KOR",5,"0","0","-","0","0","0"
1,"0DZYqA",1,302,2011,73,"Ghana","GHA","GHA",102,"Rep. of Korea","KOR","KOR",5,"0","0","-","0","0","0"
1,"0DZYqA",1,303,2012,73,"Ghana","GHA","GHA",102,"Rep. of Korea","KOR","KOR",5,9,"0","-","0","0","0"
1,"0DZYqA",1,304,2013,73,"Ghana","GHA","GHA",102,"Rep. of Korea","KOR","KOR",5,29,"0","-","0","0","0"
1,"0DZYqA",1,305,2014,73,"Ghana","GHA","GHA",102,"Rep. of Korea","KOR","KOR",5,113,"0","-","0","0","0"
1,"0DZYqA",1,306,2015,73,"Ghana","GHA","GHA",102,"Rep. of Korea","KOR","KOR",5,175,"0","-","0","0","0"
1,"0DZYqA",1,307,2016,73,"Ghana","GHA","GHA",102,"Rep. of Korea","KOR","KOR",5,86,"0","-","0","0","0"
1,"0DZYqA",1,308,2017,73,"Ghana","GHA","GHA",102,"Rep. of Korea","KOR","KOR",6,145,"0","-","0","0","0"
1,"0DZYqA",1,309,2018,73,"Ghana","GHA","GHA",102,"Rep. of Korea","KOR","KOR",7,294,"0","-","0","0","0"
1,"0DZYqA",1,310,2019,73,"Ghana","GHA","GHA",102,"Rep. of Korea","KOR","KOR",7,301,"0","-","0","0","0"
1,"0DZYqA",1,311,2020,73,"Ghana","GHA","GHA",102,"Rep. of Korea","KOR","KOR",7,238,"0","-","0","0","0"
1,"0DZYqA",1,312,2021,73,"Ghana","GHA","GHA",102,"Rep. of Korea","KOR","KOR",7,195,"0","-","0","0","0"
1,"0DZYqA",1,313,2022,73,"Ghana","GHA","GHA",102,"Rep. of Korea","KOR","KOR","0",204,"0","-","0","0","0"
1,"0DZYqA",1,314,2023,73,"Ghana","GHA","GHA",102,"Rep. of Korea","KOR","KOR","0",230,"0","-","0","0","0"
1,"0DZYqA",1,315,2024,73,"Ghana","GHA","GHA",102,"Rep. of Korea","KOR","KOR","0",360,"0","-","0","0","0"
1,"0DZYqA",1,316,2025,73,"Ghana","GHA","GHA",102,"Rep. of Korea","KOR","KOR","0",406,"0","-","0","0","0"
1,"0DZYqA",1,317,2017,75,"Guinea-Bissau","GNB","GNB",102,"Rep. of Korea","KOR","KOR","0",7,"0","-","0","0","0"
1,"0DZYqA",1,318,2018,75,"Guinea-Bissau","GNB","GNB",102,"Rep. of Korea","KOR","KOR","0",15,"0","-","0","0","0"
1,"0DZYqA",1,319,2019,75,"Guinea-Bissau","GNB","GNB",102,"Rep. of Korea","KOR","KOR","0",11,"0","-","0","0","0"
1,"0DZYqA",1,320,2020,75,"Guinea-Bissau","GNB","GNB",102,"Rep. of Korea","KOR","KOR","0",11,"0","-","0","0","0"
1,"0DZYqA",1,321,2010,79,"Guinea","GUI","GIN",102,"Rep. of Korea","KOR","KOR","0",5,"0","-","0","0","0"
1,"0DZYqA",1,322,2011,79,"Guinea","GUI","GIN",102,"Rep. of Korea","KOR","KOR","0",10,"0","-","0","0","0"
1,"0DZYqA",1,323,2012,79,"Guinea","GUI","GIN",102,"Rep. of Korea","KOR","KOR","0",10,"0","-","0","0","0"
1,"0DZYqA",1,324,2013,79,"Guinea","GUI","GIN",102,"Rep. of Korea","KOR","KOR","0",25,"0","-","0","0","0"
1,"0DZYqA",1,325,2014,79,"Guinea","GUI","GIN",102,"Rep. of Korea","KOR","KOR","0",24,"0","-","0","0","0"
1,"0DZYqA",1,326,2015,79,"Guinea","GUI","GIN",102,"Rep. of Korea","KOR","KOR","0",18,"0","-","0","0","0"
1,"0DZYqA",1,327,2016,79,"Guinea","GUI","GIN",102,"Rep. of Korea","KOR","KOR","0",26,"0","-","0","0","0"
1,"0DZYqA",1,328,2017,79,"Guinea","GUI","GIN",102,"Rep. of Korea","KOR","KOR","0",85,"0","-","0","0","0"
1,"0DZYqA",1,329,2018,79,"Guinea","GUI","GIN",102,"Rep. of Korea","KOR","KOR","0",152,"0","-","0","0","0"
1,"0DZYqA",1,330,2019,79,"Guinea","GUI","GIN",102,"Rep. of Korea","KOR","KOR","0",158,"0","-","0","0","0"
1,"0DZYqA",1,331,2020,79,"Guinea","GUI","GIN",102,"Rep. of Korea","KOR","KOR","0",135,"0","-","0","0","0"
1,"0DZYqA",1,332,2021,79,"Guinea","GUI","GIN",102,"Rep. of Korea","KOR","KOR",5,116,"0","-","0","0","0"
1,"0DZYqA",1,333,2022,79,"Guinea","GUI","GIN",102,"Rep. of Korea","KOR","KOR",7,74,"0","-","0","0","0"
1,"0DZYqA",1,334,2023,79,"Guinea","GUI","GIN",102,"Rep. of Korea","KOR","KOR","0",80,"0","-","0","0","0"
1,"0DZYqA",1,335,2024,79,"Guinea","GUI","GIN",102,"Rep. of Korea","KOR","KOR","0",74,"0","-","0","0","0"
1,"0DZYqA",1,336,2025,79,"Guinea","GUI","GIN",102,"Rep. of Korea","KOR","KOR","0",83,"0","-","0","0","0"
1,"0DZYqA",1,337,2017,81,"Haiti","HAI","HTI",102,"Rep. of Korea","KOR","KOR","0",5,"0","-","0","0","0"
1,"0DZYqA",1,338,2018,81,"Haiti","HAI","HTI",102,"Rep. of Korea","KOR","KOR","0",7,"0","-","0","0","0"
1,"0DZYqA",1,339,2019,81,"Haiti","HAI","HTI",102,"Rep. of Korea","KOR","KOR","0",20,"0","-","0","0","0"
1,"0DZYqA",1,340,2020,81,"Haiti","HAI","HTI",102,"Rep. of Korea","KOR","KOR","0",24,"0","-","0","0","0"
1,"0DZYqA",1,341,2021,81,"Haiti","HAI","HTI",102,"Rep. of Korea","KOR","KOR","0",23,"0","-","0","0","0"
1,"0DZYqA",1,342,2022,81,"Haiti","HAI","HTI",102,"Rep. of Korea","KOR","KOR",11,168,"0","-","0","0","0"
1,"0DZYqA",1,343,2023,81,"Haiti","HAI","HTI",102,"Rep. of Korea","KOR","KOR",79,26,"0","-","0","0","0"
1,"0DZYqA",1,344,2024,81,"Haiti","HAI","HTI",102,"Rep. of Korea","KOR","KOR",119,30,"0","-","0","0","0"
1,"0DZYqA",1,345,2025,81,"Haiti","HAI","HTI",102,"Rep. of Korea","KOR","KOR",124,"0","0","-","0","0","0"
1,"0DZYqA",1,346,2005,87,"Cote d'Ivoire","ICO","CIV",102,"Rep. of Korea","KOR","KOR","0",41,"0","-","0","0","0"
1,"0DZYqA",1,347,2006,87,"Cote d'Ivoire","ICO","CIV",102,"Rep. of Korea","KOR","KOR",5,50,"0","-","0","0","0"
1,"0DZYqA",1,348,2007,87,"Cote d'Ivoire","ICO","CIV",102,"Rep. of Korea","KOR","KOR",7,48,"0","-","0","0","0"
1,"0DZYqA",1,349,2008,87,"Cote d'Ivoire","ICO","CIV",102,"Rep. of Korea","KOR","KOR",8,51,"0","-","0","0","0"
1,"0DZYqA",1,350,2009,87,"Cote d'Ivoire","ICO","CIV",102,"Rep. of Korea","KOR","KOR",8,11,"0","-","0","0","0"
1,"0DZYqA",1,351,2010,87,"Cote d'Ivoire","ICO","CIV",102,"Rep. of Korea","KOR","KOR",13,5,"0","-","0","0","0"
1,"0DZYqA",1,352,2011,87,"Cote d'Ivoire","ICO","CIV",102,"Rep. of Korea","KOR","KOR",18,8,"0","-","0","0","0"
1,"0DZYqA",1,353,2012,87,"Cote d'Ivoire","ICO","CIV",102,"Rep. of Korea","KOR","KOR",25,9,"0","-","0","0","0"
1,"0DZYqA",1,354,2013,87,"Cote d'Ivoire","ICO","CIV",102,"Rep. of Korea","KOR","KOR",27,24,"0","-","0","0","0"
1,"0DZYqA",1,355,2014,87,"Cote d'Ivoire","ICO","CIV",102,"Rep. of Korea","KOR","KOR",27,23,"0","-","0","0","0"
1,"0DZYqA",1,356,2015,87,"Cote d'Ivoire","ICO","CIV",102,"Rep. of Korea","KOR","KOR",27,25,"0","-","0","0","0"
1,"0DZYqA",1,357,2016,87,"Cote d'Ivoire","ICO","CIV",102,"Rep. of Korea","KOR","KOR",29,23,"0","-","0","0","0"
1,"0DZYqA",1,358,2017,87,"Cote d'Ivoire","ICO","CIV",102,"Rep. of Korea","KOR","KOR",30,28,"0","-","0","0","0"
1,"0DZYqA",1,359,2018,87,"Cote d'Ivoire","ICO","CIV",102,"Rep. of Korea","KOR","KOR",33,32,"0","-","0","0","0"
1,"0DZYqA",1,360,2019,87,"Cote d'Ivoire","ICO","CIV",102,"Rep. of Korea","KOR","KOR",34,30,"0","-","0","0","0"
1,"0DZYqA",1,361,2020,87,"Cote d'Ivoire","ICO","CIV",102,"Rep. of Korea","KOR","KOR",38,29,"0","-","0","0","0"
1,"0DZYqA",1,362,2021,87,"Cote d'Ivoire","ICO","CIV",102,"Rep. of Korea","KOR","KOR",38,22,"0","-","0","0","0"
1,"0DZYqA",1,363,2022,87,"Cote d'Ivoire","ICO","CIV",102,"Rep. of Korea","KOR","KOR",39,14,"0","-","0","0","0"
1,"0DZYqA",1,364,2023,87,"Cote d'Ivoire","ICO","CIV",102,"Rep. of Korea","KOR","KOR",39,23,"0","-","0","0","0"
1,"0DZYqA",1,365,2024,87,"Cote d'Ivoire","ICO","CIV",102,"Rep. of Korea","KOR","KOR",39,37,"0","-","0","0","0"
1,"0DZYqA",1,366,2025,87,"Cote d'Ivoire","ICO","CIV",102,"Rep. of Korea","KOR","KOR",39,"0","0","-","0","0","0"
1,"0DZYqA",1,367,2010,88,"India","IND","IND",102,"Rep. of Korea","KOR","KOR","0",5,"0","-","0","0","0"
1,"0DZYqA",1,368,2011,88,"India","IND","IND",102,"Rep. of Korea","KOR","KOR","0",18,"0","-","0","0","0"
1,"0DZYqA",1,369,2012,88,"India","IND","IND",102,"Rep. of Korea","KOR","KOR","0",5,"0","-","0","0","0"
1,"0DZYqA",1,370,2014,88,"India","IND","IND",102,"Rep. of Korea","KOR","KOR","0",40,"0","-","0","0","0"
1,"0DZYqA",1,371,2015,88,"India","IND","IND",102,"Rep. of Korea","KOR","KOR","0",294,"0","-","0","0","0"
1,"0DZYqA",1,372,2016,88,"India","IND","IND",102,"Rep. of Korea","KOR","KOR","0",329,"0","-","0","0","0"
1,"0DZYqA",1,373,2017,88,"India","IND","IND",102,"Rep. of Korea","KOR","KOR","0",720,"0","-","0","0","0"
1,"0DZYqA",1,374,2018,88,"India","IND","IND",102,"Rep. of Korea","KOR","KOR","0",1657,"0","-","0","0","0"
1,"0DZYqA",1,375,2019,88,"India","IND","IND",102,"Rep. of Korea","KOR","KOR","0",2065,"0","-","0","0","0"
1,"0DZYqA",1,376,2020,88,"India","IND","IND",102,"Rep. of Korea","KOR","KOR","0",1827,"0","-","0","0","0"
1,"0DZYqA",1,377,2021,88,"India","IND","IND",102,"Rep. of Korea","KOR","KOR","0",1294,"0","-","0","0","0"
1,"0DZYqA",1,378,2022,88,"India","IND","IND",102,"Rep. of Korea","KOR","KOR","0",2077,"0","-","0","0","0"
1,"0DZYqA",1,379,2023,88,"India","IND","IND",102,"Rep. of Korea","KOR","KOR","0",2656,"0","-","0","0","0"
1,"0DZYqA",1,380,2024,88,"India","IND","IND",102,"Rep. of Korea","KOR","KOR","0",3492,"0","-","0","0","0"
1,"0DZYqA",1,381,2025,88,"India","IND","IND",102,"Rep. of Korea","KOR","KOR","0",3825,"0","-","0","0","0"
1,"0DZYqA",1,382,2014,89,"Indonesia","INS","IDN",102,"Rep. of Korea","KOR","KOR","0",5,"0","-","0","0","0"
1,"0DZYqA",1,383,2015,89,"Indonesia","INS","IDN",102,"Rep. of Korea","KOR","KOR","0",7,"0","-","0","0","0"
1,"0DZYqA",1,384,2016,89,"Indonesia","INS","IDN",102,"Rep. of Korea","KOR","KOR","0",5,"0","-","0","0","0"
1,"0DZYqA",1,385,2017,89,"Indonesia","INS","IDN",102,"Rep. of Korea","KOR","KOR","0",9,"0","-","0","0","0"
1,"0DZYqA",1,386,2018,89,"Indonesia","INS","IDN",102,"Rep. of Korea","KOR","KOR","0",22,"0","-","0","0","0"
1,"0DZYqA",1,387,2019,89,"Indonesia","INS","IDN",102,"Rep. of Korea","KOR","KOR","0",55,"0","-","0","0","0"
1,"0DZYqA",1,388,2020,89,"Indonesia","INS","IDN",102,"Rep. of Korea","KOR","KOR","0",46,"0","-","0","0","0"
1,"0DZYqA",1,389,2021,89,"Indonesia","INS","IDN",102,"Rep. of Korea","KOR","KOR","0",29,"0","-","0","0","0"
1,"0DZYqA",1,390,2023,89,"Indonesia","INS","IDN",102,"Rep. of Korea","KOR","KOR","0",34,"0","-","0","0","0"
1,"0DZYqA",1,391,2024,89,"Indonesia","INS","IDN",102,"Rep. of Korea","KOR","KOR","0",335,"0","-","0","0","0"
1,"0DZYqA",1,392,2025,89,"Indonesia","INS","IDN",102,"Rep. of Korea","KOR","KOR","0",394,"0","-","0","0","0"
1,"0DZYqA",1,393,1995,91,"Iran (Islamic Rep. of)","IRN","IRN",102,"Rep. of Korea","KOR","KOR",5,"0","0","-","0","0","0"
1,"0DZYqA",1,394,1996,91,"Iran (Islamic Rep. of)","IRN","IRN",102,"Rep. of Korea","KOR","KOR",5,"0","0","-","0","0","0"
1,"0DZYqA",1,395,1997,91,"Iran (Islamic Rep. of)","IRN","IRN",102,"Rep. of Korea","KOR","KOR",5,"0","0","-","0","0","0"
1,"0DZYqA",1,396,2001,91,"Iran (Islamic Rep. of)","IRN","IRN",102,"Rep. of Korea","KOR","KOR","0",5,"0","-","0","0","0"
1,"0DZYqA",1,397,2003,91,"Iran (Islamic Rep. of)","IRN","IRN",102,"Rep. of Korea","KOR","KOR","0",9,"0","-","0","0","0"
1,"0DZYqA",1,398,2004,91,"Iran (Islamic Rep. of)","IRN","IRN",102,"Rep. of Korea","KOR","KOR",5,6,"0","-","0","0","0"
1,"0DZYqA",1,399,2005,91,"Iran (Islamic Rep. of)","IRN","IRN",102,"Rep. of Korea","KOR","KOR",5,11,"0","-","0","0","0"
1,"0DZYqA",1,400,2006,91,"Iran (Islamic Rep. of)","IRN","IRN",102,"Rep. of Korea","KOR","KOR",7,9,"0","-","0","0","0"
1,"0DZYqA",1,401,2007,91,"Iran (Islamic Rep. of)","IRN","IRN",102,"Rep. of Korea","KOR","KOR",7,8,"0","-","0","0","0"
1,"0DZYqA",1,402,2008,91,"Iran (Islamic Rep. of)","IRN","IRN",102,"Rep. of Korea","KOR","KOR",7,14,"0","-","0","0","0"
1,"0DZYqA",1,403,2009,91,"Iran (Islamic Rep. of)","IRN","IRN",102,"Rep. of Korea","KOR","KOR",9,12,"0","-","0","0","0"
1,"0DZYqA",1,404,2010,91,"Iran (Islamic Rep. of)","IRN","IRN",102,"Rep. of Korea","KOR","KOR",15,5,"0","-","0","0","0"
1,"0DZYqA",1,405,2011,91,"Iran (Islamic Rep. of)","IRN","IRN",102,"Rep. of Korea","KOR","KOR",15,"0","0","-","0","0","0"
1,"0DZYqA",1,406,2012,91,"Iran (Islamic Rep. of)","IRN","IRN",102,"Rep. of Korea","KOR","KOR",19,5,"0","-","0","0","0"
1,"0DZYqA",1,407,2013,91,"Iran (Islamic Rep. of)","IRN","IRN",102,"Rep. of Korea","KOR","KOR",19,10,"0","-","0","0","0"
1,"0DZYqA",1,408,2014,91,"Iran (Islamic Rep. of)","IRN","IRN",102,"Rep. of Korea","KOR","KOR",27,17,"0","-","0","0","0"
1,"0DZYqA",1,409,2015,91,"Iran (Islamic Rep. of)","IRN","IRN",102,"Rep. of Korea","KOR","KOR",35,20,"0","-","0","0","0"
1,"0DZYqA",1,410,2016,91,"Iran (Islamic Rep. of)","IRN","IRN",102,"Rep. of Korea","KOR","KOR",37,39,"0","-","0","0","0"
1,"0DZYqA",1,411,2017,91,"Iran (Islamic Rep. of)","IRN","IRN",102,"Rep. of Korea","KOR","KOR",48,54,"0","-","0","0","0"
1,"0DZYqA",1,412,2018,91,"Iran (Islamic Rep. of)","IRN","IRN",102,"Rep. of Korea","KOR","KOR",55,90,"0","-","0","0","0"
1,"0DZYqA",1,413,2019,91,"Iran (Islamic Rep. of)","IRN","IRN",102,"Rep. of Korea","KOR","KOR",61,75,"0","-","0","0","0"
1,"0DZYqA",1,414,2020,91,"Iran (Islamic Rep. of)","IRN","IRN",102,"Rep. of Korea","KOR","KOR",61,60,"0","-","0","0","0"
1,"0DZYqA",1,415,2021,91,"Iran (Islamic Rep. of)","IRN","IRN",102,"Rep. of Korea","KOR","KOR",62,54,"0","-","0","0","0"
1,"0DZYqA",1,416,2022,91,"Iran (Islamic Rep. of)","IRN","IRN",102,"Rep. of Korea","KOR","KOR",61,14,"0","-","0","0","0"
1,"0DZYqA",1,417,2023,91,"Iran (Islamic Rep. of)","IRN","IRN",102,"Rep. of Korea","KOR","KOR",66,21,"0","-","0","0","0"
1,"0DZYqA",1,418,2024,91,"Iran (Islamic Rep. of)","IRN","IRN",102,"Rep. of Korea","KOR","KOR",66,16,"0","-","0","0","0"
1,"0DZYqA",1,419,2025,91,"Iran (Islamic Rep. of)","IRN","IRN",102,"Rep. of Korea","KOR","KOR",66,"0","0","-","0","0","0"
1,"0DZYqA",1,420,2001,92,"Iraq","IRQ","IRQ",102,"Rep. of Korea","KOR","KOR","0",5,"0","-","0","0","0"
1,"0DZYqA",1,421,2002,92,"Iraq","IRQ","IRQ",102,"Rep. of Korea","KOR","KOR",5,"0","0","-","0","0","0"
1,"0DZYqA",1,422,2003,92,"Iraq","IRQ","IRQ",102,"Rep. of Korea","KOR","KOR",5,"0","0","-","0","0","0"
1,"0DZYqA",1,423,2004,92,"Iraq","IRQ","IRQ",102,"Rep. of Korea","KOR","KOR",5,"0","0","-","0","0","0"
1,"0DZYqA",1,424,2005,92,"Iraq","IRQ","IRQ",102,"Rep. of Korea","KOR","KOR",5,"0","0","-","0","0","0"
1,"0DZYqA",1,425,2006,92,"Iraq","IRQ","IRQ",102,"Rep. of Korea","KOR","KOR",5,"0","0","-","0","0","0"
1,"0DZYqA",1,426,2007,92,"Iraq","IRQ","IRQ",102,"Rep. of Korea","KOR","KOR",5,5,"0","-","0","0","0"
1,"0DZYqA",1,427,2008,92,"Iraq","IRQ","IRQ",102,"Rep. of Korea","KOR","KOR",5,5,"0","-","0","0","0"
1,"0DZYqA",1,428,2009,92,"Iraq","IRQ","IRQ",102,"Rep. of Korea","KOR","KOR",5,5,"0","-","0","0","0"
1,"0DZYqA",1,429,2010,92,"Iraq","IRQ","IRQ",102,"Rep. of Korea","KOR","KOR",6,"0","0","-","0","0","0"
1,"0DZYqA",1,430,2011,92,"Iraq","IRQ","IRQ",102,"Rep. of Korea","KOR","KOR",6,5,"0","-","0","0","0"
1,"0DZYqA",1,431,2012,92,"Iraq","IRQ","IRQ",102,"Rep. of Korea","KOR","KOR",6,5,"0","-","0","0","0"
1,"0DZYqA",1,432,2013,92,"Iraq","IRQ","IRQ",102,"Rep. of Korea","KOR","KOR",6,5,"0","-","0","0","0"
1,"0DZYqA",1,433,2014,92,"Iraq","IRQ","IRQ",102,"Rep. of Korea","KOR","KOR",7,32,"0","-","0","0","0"
1,"0DZYqA",1,434,2015,92,"Iraq","IRQ","IRQ",102,"Rep. of Korea","KOR","KOR",17,65,"0","-","0","0","0"
1,"0DZYqA",1,435,2016,92,"Iraq","IRQ","IRQ",102,"Rep. of Korea","KOR","KOR",26,46,"0","-","0","0","0"
1,"0DZYqA",1,436,2017,92,"Iraq","IRQ","IRQ",102,"Rep. of Korea","KOR","KOR",27,23,"0","-","0","0","0"
1,"0DZYqA",1,437,2018,92,"Iraq","IRQ","IRQ",102,"Rep. of Korea","KOR","KOR",27,18,"0","-","0","0","0"
1,"0DZYqA",1,438,2019,92,"Iraq","IRQ","IRQ",102,"Rep. of Korea","KOR","KOR",27,38,"0","-","0","0","0"
1,"0DZYqA",1,439,2020,92,"Iraq","IRQ","IRQ",102,"Rep. of Korea","KOR","KOR",28,46,"0","-","0","0","0"
1,"0DZYqA",1,440,2021,92,"Iraq","IRQ","IRQ",102,"Rep. of Korea","KOR","KOR",28,84,"0","-","0","0","0"
1,"0DZYqA",1,441,2022,92,"Iraq","IRQ","IRQ",102,"Rep. of Korea","KOR","KOR",28,114,"0","-","0","0","0"
1,"0DZYqA",1,442,2023,92,"Iraq","IRQ","IRQ",102,"Rep. of Korea","KOR","KOR",28,151,"0","-","0","0","0"
1,"0DZYqA",1,443,2024,92,"Iraq","IRQ","IRQ",102,"Rep. of Korea","KOR","KOR",33,163,"0","-","0","0","0"
1,"0DZYqA",1,444,2025,92,"Iraq","IRQ","IRQ",102,"Rep. of Korea","KOR","KOR",33,86,"0","-","0","0","0"
1,"0DZYqA",1,445,2014,96,"Jordan","JOR","JOR",102,"Rep. of Korea","KOR","KOR","0",13,"0","-","0","0","0"
1,"0DZYqA",1,446,2015,96,"Jordan","JOR","JOR",102,"Rep. of Korea","KOR","KOR","0",21,"0","-","0","0","0"
1,"0DZYqA",1,447,2016,96,"Jordan","JOR","JOR",102,"Rep. of Korea","KOR","KOR","0",15,"0","-","0","0","0"
1,"0DZYqA",1,448,2017,96,"Jordan","JOR","JOR",102,"Rep. of Korea","KOR","KOR","0",16,"0","-","0","0","0"
1,"0DZYqA",1,449,2018,96,"Jordan","JOR","JOR",102,"Rep. of Korea","KOR","KOR",7,8,"0","-","0","0","0"
1,"0DZYqA",1,450,2019,96,"Jordan","JOR","JOR",102,"Rep. of Korea","KOR","KOR",7,14,"0","-","0","0","0"
1,"0DZYqA",1,451,2020,96,"Jordan","JOR","JOR",102,"Rep. of Korea","KOR","KOR",7,14,"0","-","0","0","0"
1,"0DZYqA",1,452,2021,96,"Jordan","JOR","JOR",102,"Rep. of Korea","KOR","KOR",7,16,"0","-","0","0","0"
1,"0DZYqA",1,453,2022,96,"Jordan","JOR","JOR",102,"Rep. of Korea","KOR","KOR","0",18,"0","-","0","0","0"
1,"0DZYqA",1,454,2023,96,"Jordan","JOR","JOR",102,"Rep. of Korea","KOR","KOR","0",13,"0","-","0","0","0"
1,"0DZYqA",1,455,2024,96,"Jordan","JOR","JOR",102,"Rep. of Korea","KOR","KOR","0",20,"0","-","0","0","0"
1,"0DZYqA",1,456,2015,98,"Kazakhstan","KAZ","KAZ",102,"Rep. of Korea","KOR","KOR","0",37,"0","-","0","0","0"
1,"0DZYqA",1,457,2016,98,"Kazakhstan","KAZ","KAZ",102,"Rep. of Korea","KOR","KOR",5,399,"0","-","0","0","0"
1,"0DZYqA",1,458,2017,98,"Kazakhstan","KAZ","KAZ",102,"Rep. of Korea","KOR","KOR",5,1152,"0","-","0","0","0"
1,"0DZYqA",1,459,2018,98,"Kazakhstan","KAZ","KAZ",102,"Rep. of Korea","KOR","KOR",5,2942,"0","-","0","0","0"
1,"0DZYqA",1,460,2019,98,"Kazakhstan","KAZ","KAZ",102,"Rep. of Korea","KOR","KOR",5,3417,"0","-","0","0","0"
1,"0DZYqA",1,461,2020,98,"Kazakhstan","KAZ","KAZ",102,"Rep. of Korea","KOR","KOR",5,1957,"0","-","0","0","0"
1,"0DZYqA",1,462,2021,98,"Kazakhstan","KAZ","KAZ",102,"Rep. of Korea","KOR","KOR",5,669,"0","-","0","0","0"
1,"0DZYqA",1,463,2022,98,"Kazakhstan","KAZ","KAZ",102,"Rep. of Korea","KOR","KOR","0",2196,"0","-","0","0","0"
1,"0DZYqA",1,464,2023,98,"Kazakhstan","KAZ","KAZ",102,"Rep. of Korea","KOR","KOR",6,2856,"0","-","0","0","0"
1,"0DZYqA",1,465,2024,98,"Kazakhstan","KAZ","KAZ",102,"Rep. of Korea","KOR","KOR",6,2933,"0","-","0","0","0"
1,"0DZYqA",1,466,2025,98,"Kazakhstan","KAZ","KAZ",102,"Rep. of Korea","KOR","KOR",7,2816,"0","-","0","0","0"
1,"0DZYqA",1,467,2005,99,"Kenya","KEN","KEN",102,"Rep. of Korea","KOR","KOR","0",5,"0","-","0","0","0"
1,"0DZYqA",1,468,2006,99,"Kenya","KEN","KEN",102,"Rep. of Korea","KOR","KOR","0",8,"0","-","0","0","0"
1,"0DZYqA",1,469,2007,99,"Kenya","KEN","KEN",102,"Rep. of Korea","KOR","KOR","0",9,"0","-","0","0","0"
1,"0DZYqA",1,470,2008,99,"Kenya","KEN","KEN",102,"Rep. of Korea","KOR","KOR","0",11,"0","-","0","0","0"
1,"0DZYqA",1,471,2009,99,"Kenya","KEN","KEN",102,"Rep. of Korea","KOR","KOR","0",5,"0","-","0","0","0"
1,"0DZYqA",1,472,2010,99,"Kenya","KEN","KEN",102,"Rep. of Korea","KOR","KOR","0",5,"0","-","0","0","0"
1,"0DZYqA",1,473,2011,99,"Kenya","KEN","KEN",102,"Rep. of Korea","KOR","KOR","0",8,"0","-","0","0","0"
1,"0DZYqA",1,474,2012,99,"Kenya","KEN","KEN",102,"Rep. of Korea","KOR","KOR",5,13,"0","-","0","0","0"
1,"0DZYqA",1,475,2013,99,"Kenya","KEN","KEN",102,"Rep. of Korea","KOR","KOR",5,26,"0","-","0","0","0"
1,"0DZYqA",1,476,2014,99,"Kenya","KEN","KEN",102,"Rep. of Korea","KOR","KOR",5,14,"0","-","0","0","0"
1,"0DZYqA",1,477,2015,99,"Kenya","KEN","KEN",102,"Rep. of Korea","KOR","KOR",5,16,"0","-","0","0","0"
1,"0DZYqA",1,478,2016,99,"Kenya","KEN","KEN",102,"Rep. of Korea","KOR","KOR",5,25,"0","-","0","0","0"
1,"0DZYqA",1,479,2017,99,"Kenya","KEN","KEN",102,"Rep. of Korea","KOR","KOR",5,26,"0","-","0","0","0"
1,"0DZYqA",1,480,2018,99,"Kenya","KEN","KEN",102,"Rep. of Korea","KOR","KOR",5,28,"0","-","0","0","0"
1,"0DZYqA",1,481,2019,99,"Kenya","KEN","KEN",102,"Rep. of Korea","KOR","KOR",5,44,"0","-","0","0","0"
1,"0DZYqA",1,482,2020,99,"Kenya","KEN","KEN",102,"Rep. of Korea","KOR","KOR",5,55,"0","-","0","0","0"
1,"0DZYqA",1,483,2021,99,"Kenya","KEN","KEN",102,"Rep. of Korea","KOR","KOR",5,36,"0","-","0","0","0"
1,"0DZYqA",1,484,2022,99,"Kenya","KEN","KEN",102,"Rep. of Korea","KOR","KOR","0",42,"0","-","0","0","0"
1,"0DZYqA",1,485,2023,99,"Kenya","KEN","KEN",102,"Rep. of Korea","KOR","KOR","0",119,"0","-","0","0","0"
1,"0DZYqA",1,486,2024,99,"Kenya","KEN","KEN",102,"Rep. of Korea","KOR","KOR","0",139,"0","-","0","0","0"
1,"0DZYqA",1,487,2025,99,"Kenya","KEN","KEN",102,"Rep. of Korea","KOR","KOR","0",134,"0","-","0","0","0"
1,"0DZYqA",1,488,2006,100,"Kyrgyzstan","KGZ","KGZ",102,"Rep. of Korea","KOR","KOR","0",5,"0","-","0","0","0"
1,"0DZYqA",1,489,2010,100,"Kyrgyzstan","KGZ","KGZ",102,"Rep. of Korea","KOR","KOR","0",53,"0","-","0","0","0"
1,"0DZYqA",1,490,2011,100,"Kyrgyzstan","KGZ","KGZ",102,"Rep. of Korea","KOR","KOR","0",15,"0","-","0","0","0"
1,"0DZYqA",1,491,2015,100,"Kyrgyzstan","KGZ","KGZ",102,"Rep. of Korea","KOR","KOR","0",20,"0","-","0","0","0"
1,"0DZYqA",1,492,2016,100,"Kyrgyzstan","KGZ","KGZ",102,"Rep. of Korea","KOR","KOR","0",77,"0","-","0","0","0"
1,"0DZYqA",1,493,2017,100,"Kyrgyzstan","KGZ","KGZ",102,"Rep. of Korea","KOR","KOR","0",83,"0","-","0","0","0"
1,"0DZYqA",1,494,2018,100,"Kyrgyzstan","KGZ","KGZ",102,"Rep. of Korea","KOR","KOR","0",151,"0","-","0","0","0"
1,"0DZYqA",1,495,2019,100,"Kyrgyzstan","KGZ","KGZ",102,"Rep. of Korea","KOR","KOR","0",166,"0","-","0","0","0"
1,"0DZYqA",1,496,2020,100,"Kyrgyzstan","KGZ","KGZ",102,"Rep. of Korea","KOR","KOR","0",117,"0","-","0","0","0"
1,"0DZYqA",1,497,2021,100,"Kyrgyzstan","KGZ","KGZ",102,"Rep. of Korea","KOR","KOR","0",101,"0","-","0","0","0"
1,"0DZYqA",1,498,2022,100,"Kyrgyzstan","KGZ","KGZ",102,"Rep. of Korea","KOR","KOR","0",233,"0","-","0","0","0"
1,"0DZYqA",1,499,2023,100,"Kyrgyzstan","KGZ","KGZ",102,"Rep. of Korea","KOR","KOR","0",468,"0","-","0","0","0"
1,"0DZYqA",1,500,2024,100,"Kyrgyzstan","KGZ","KGZ",102,"Rep. of Korea","KOR","KOR","0",658,"0","-","0","0","0"
1,"0DZYqA",1,501,2025,100,"Kyrgyzstan","KGZ","KGZ",102,"Rep. of Korea","KOR","KOR","0",696,"0","-","0","0","0"
1,"0DZYqA",1,502,2018,105,"Lao People's Dem. Rep.","LAO","LAO",102,"Rep. of Korea","KOR","KOR","0",6,"0","-","0","0","0"
1,"0DZYqA",1,503,2019,105,"Lao People's Dem. Rep.","LAO","LAO",102,"Rep. of Korea","KOR","KOR","0",6,"0","-","0","0","0"
1,"0DZYqA",1,504,2020,105,"Lao People's Dem. Rep.","LAO","LAO",102,"Rep. of Korea","KOR","KOR","0",5,"0","-","0","0","0"
1,"0DZYqA",1,505,2003,106,"Liberia","LBR","LBR",102,"Rep. of Korea","KOR","KOR","0",6,"0","-","0","0","0"
1,"0DZYqA",1,506,2004,106,"Liberia","LBR","LBR",102,"Rep. of Korea","KOR","KOR","0",11,"0","-","0","0","0"
1,"0DZYqA",1,507,2005,106,"Liberia","LBR","LBR",102,"Rep. of Korea","KOR","KOR","0",13,"0","-","0","0","0"
1,"0DZYqA",1,508,2006,106,"Liberia","LBR","LBR",102,"Rep. of Korea","KOR","KOR","0",13,"0","-","0","0","0"
1,"0DZYqA",1,509,2007,106,"Liberia","LBR","LBR",102,"Rep. of Korea","KOR","KOR","0",26,"0","-","0","0","0"
1,"0DZYqA",1,510,2008,106,"Liberia","LBR","LBR",102,"Rep. of Korea","KOR","KOR","0",39,"0","-","0","0","0"
1,"0DZYqA",1,511,2009,106,"Liberia","LBR","LBR",102,"Rep. of Korea","KOR","KOR","0",9,"0","-","0","0","0"
1,"0DZYqA",1,512,2010,106,"Liberia","LBR","LBR",102,"Rep. of Korea","KOR","KOR","0",10,"0","-","0","0","0"
1,"0DZYqA",1,513,2011,106,"Liberia","LBR","LBR",102,"Rep. of Korea","KOR","KOR","0",20,"0","-","0","0","0"
1,"0DZYqA",1,514,2012,106,"Liberia","LBR","LBR",102,"Rep. of Korea","KOR","KOR",5,35,"0","-","0","0","0"
1,"0DZYqA",1,515,2013,106,"Liberia","LBR","LBR",102,"Rep. of Korea","KOR","KOR",5,64,"0","-","0","0","0"
1,"0DZYqA",1,516,2014,106,"Liberia","LBR","LBR",102,"Rep. of Korea","KOR","KOR",7,90,"0","-","0","0","0"
1,"0DZYqA",1,517,2015,106,"Liberia","LBR","LBR",102,"Rep. of Korea","KOR","KOR",7,95,"0","-","0","0","0"
1,"0DZYqA",1,518,2016,106,"Liberia","LBR","LBR",102,"Rep. of Korea","KOR","KOR",7,114,"0","-","0","0","0"
1,"0DZYqA",1,519,2017,106,"Liberia","LBR","LBR",102,"Rep. of Korea","KOR","KOR",9,176,"0","-","0","0","0"
1,"0DZYqA",1,520,2018,106,"Liberia","LBR","LBR",102,"Rep. of Korea","KOR","KOR",11,328,"0","-","0","0","0"
1,"0DZYqA",1,521,2019,106,"Liberia","LBR","LBR",102,"Rep. of Korea","KOR","KOR",12,334,"0","-","0","0","0"
1,"0DZYqA",1,522,2020,106,"Liberia","LBR","LBR",102,"Rep. of Korea","KOR","KOR",12,267,"0","-","0","0","0"
1,"0DZYqA",1,523,2021,106,"Liberia","LBR","LBR",102,"Rep. of Korea","KOR","KOR",12,164,"0","-","0","0","0"
1,"0DZYqA",1,524,2022,106,"Liberia","LBR","LBR",102,"Rep. of Korea","KOR","KOR",12,158,"0","-","0","0","0"
1,"0DZYqA",1,525,2023,106,"Liberia","LBR","LBR",102,"Rep. of Korea","KOR","KOR",12,187,"0","-","0","0","0"
1,"0DZYqA",1,526,2024,106,"Liberia","LBR","LBR",102,"Rep. of Korea","KOR","KOR",12,184,"0","-","0","0","0"
1,"0DZYqA",1,527,2025,106,"Liberia","LBR","LBR",102,"Rep. of Korea","KOR","KOR",12,194,"0","-","0","0","0"
1,"0DZYqA",1,528,2013,107,"Libya","LBY","LBY",102,"Rep. of Korea","KOR","KOR","0",5,"0","-","0","0","0"
1,"0DZYqA",1,529,2014,107,"Libya","LBY","LBY",102,"Rep. of Korea","KOR","KOR","0",5,"0","-","0","0","0"
1,"0DZYqA",1,530,2015,107,"Libya","LBY","LBY",102,"Rep. of Korea","KOR","KOR",5,5,"0","-","0","0","0"
1,"0DZYqA",1,531,2016,107,"Libya","LBY","LBY",102,"Rep. of Korea","KOR","KOR",5,8,"0","-","0","0","0"
1,"0DZYqA",1,532,2017,107,"Libya","LBY","LBY",102,"Rep. of Korea","KOR","KOR",5,6,"0","-","0","0","0"
1,"0DZYqA",1,533,2018,107,"Libya","LBY","LBY",102,"Rep. of Korea","KOR","KOR",6,7,"0","-","0","0","0"
1,"0DZYqA",1,534,2019,107,"Libya","LBY","LBY",102,"Rep. of Korea","KOR","KOR",7,21,"0","-","0","0","0"
1,"0DZYqA",1,535,2020,107,"Libya","LBY","LBY",102,"Rep. of Korea","KOR","KOR",9,48,"0","-","0","0","0"
1,"0DZYqA",1,536,2021,107,"Libya","LBY","LBY",102,"Rep. of Korea","KOR","KOR",15,60,"0","-","0","0","0"
1,"0DZYqA",1,537,2022,107,"Libya","LBY","LBY",102,"Rep. of Korea","KOR","KOR",17,77,"0","-","0","0","0"
1,"0DZYqA",1,538,2023,107,"Libya","LBY","LBY",102,"Rep. of Korea","KOR","KOR",22,149,"0","-","0","0","0"
1,"0DZYqA",1,539,2024,107,"Libya","LBY","LBY",102,"Rep. of Korea","KOR","KOR",23,166,"0","-","0","0","0"
1,"0DZYqA",1,540,2025,107,"Libya","LBY","LBY",102,"Rep. of Korea","KOR","KOR",23,180,"0","-","0","0","0"
1,"0DZYqA",1,541,2015,109,"Lebanon","LEB","LBN",102,"Rep. of Korea","KOR","KOR","0",5,"0","-","0","0","0"
1,"0DZYqA",1,542,2016,109,"Lebanon","LEB","LBN",102,"Rep. of Korea","KOR","KOR","0",5,"0","-","0","0","0"
1,"0DZYqA",1,543,2014,110,"Lesotho","LES","LSO",102,"Rep. of Korea","KOR","KOR","0",5,"0","-","0","0","0"
1,"0DZYqA",1,544,2005,112,"Sri Lanka","LKA","LKA",102,"Rep. of Korea","KOR","KOR","0",5,"0","-","0","0","0"
1,"0DZYqA",1,545,2006,112,"Sri Lanka","LKA","LKA",102,"Rep. of Korea","KOR","KOR","0",28,"0","-","0","0","0"
1,"0DZYqA",1,546,2007,112,"Sri Lanka","LKA","LKA",102,"Rep. of Korea","KOR","KOR","0",88,"0","-","0","0","0"
1,"0DZYqA",1,547,2008,112,"Sri Lanka","LKA","LKA",102,"Rep. of Korea","KOR","KOR","0",142,"0","-","0","0","0"
1,"0DZYqA",1,548,2009,112,"Sri Lanka","LKA","LKA",102,"Rep. of Korea","KOR","KOR","0",9,"0","-","0","0","0"
1,"0DZYqA",1,549,2010,112,"Sri Lanka","LKA","LKA",102,"Rep. of Korea","KOR","KOR","0",5,"0","-","0","0","0"
1,"0DZYqA",1,550,2011,112,"Sri Lanka","LKA","LKA",102,"Rep. of Korea","KOR","KOR","0",102,"0","-","0","0","0"
1,"0DZYqA",1,551,2012,112,"Sri Lanka","LKA","LKA",102,"Rep. of Korea","KOR","KOR",5,232,"0","-","0","0","0"
1,"0DZYqA",1,552,2013,112,"Sri Lanka","LKA","LKA",102,"Rep. of Korea","KOR","KOR",5,34,"0","-","0","0","0"
1,"0DZYqA",1,553,2014,112,"Sri Lanka","LKA","LKA",102,"Rep. of Korea","KOR","KOR",8,26,"0","-","0","0","0"
1,"0DZYqA",1,554,2015,112,"Sri Lanka","LKA","LKA",102,"Rep. of Korea","KOR","KOR",8,63,"0","-","0","0","0"
1,"0DZYqA",1,555,2016,112,"Sri Lanka","LKA","LKA",102,"Rep. of Korea","KOR","KOR",8,68,"0","-","0","0","0"
1,"0DZYqA",1,556,2017,112,"Sri Lanka","LKA","LKA",102,"Rep. of Korea","KOR","KOR",8,115,"0","-","0","0","0"
1,"0DZYqA",1,557,2018,112,"Sri Lanka","LKA","LKA",102,"Rep. of Korea","KOR","KOR",8,215,"0","-","0","0","0"
1,"0DZYqA",1,558,2019,112,"Sri Lanka","LKA","LKA",102,"Rep. of Korea","KOR","KOR",8,393,"0","-","0","0","0"
1,"0DZYqA",1,559,2020,112,"Sri Lanka","LKA","LKA",102,"Rep. of Korea","KOR","KOR",8,300,"0","-","0","0","0"
1,"0DZYqA",1,560,2021,112,"Sri Lanka","LKA","LKA",102,"Rep. of Korea","KOR","KOR",8,191,"0","-","0","0","0"
1,"0DZYqA",1,561,2022,112,"Sri Lanka","LKA","LKA",102,"Rep. of Korea","KOR","KOR","0",217,"0","-","0","0","0"
1,"0DZYqA",1,562,2023,112,"Sri Lanka","LKA","LKA",102,"Rep. of Korea","KOR","KOR","0",324,"0","-","0","0","0"
1,"0DZYqA",1,563,2024,112,"Sri Lanka","LKA","LKA",102,"Rep. of Korea","KOR","KOR","0",395,"0","-","0","0","0"
1,"0DZYqA",1,564,2025,112,"Sri Lanka","LKA","LKA",102,"Rep. of Korea","KOR","KOR","0",458,"0","-","0","0","0"
1,"0DZYqA",1,565,2016,124,"Mexico","MEX","MEX",102,"Rep. of Korea","KOR","KOR","0",5,"0","-","0","0","0"
1,"0DZYqA",1,566,2011,126,"Mali","MLI","MLI",102,"Rep. of Korea","KOR","KOR","0",5,"0","-","0","0","0"
1,"0DZYqA",1,567,2012,126,"Mali","MLI","MLI",102,"Rep. of Korea","KOR","KOR","0",5,"0","-","0","0","0"
1,"0DZYqA",1,568,2013,126,"Mali","MLI","MLI",102,"Rep. of Korea","KOR","KOR",5,5,"0","-","0","0","0"
1,"0DZYqA",1,569,2014,126,"Mali","MLI","MLI",102,"Rep. of Korea","KOR","KOR",5,7,"0","-","0","0","0"
1,"0DZYqA",1,570,2015,126,"Mali","MLI","MLI",102,"Rep. of Korea","KOR","KOR",6,8,"0","-","0","0","0"
1,"0DZYqA",1,571,2016,126,"Mali","MLI","MLI",102,"Rep. of Korea","KOR","KOR",6,19,"0","-","0","0","0"
1,"0DZYqA",1,572,2017,126,"Mali","MLI","MLI",102,"Rep. of Korea","KOR","KOR",6,64,"0","-","0","0","0"
1,"0DZYqA",1,573,2018,126,"Mali","MLI","MLI",102,"Rep. of Korea","KOR","KOR",7,102,"0","-","0","0","0"
1,"0DZYqA",1,574,2019,126,"Mali","MLI","MLI",102,"Rep. of Korea","KOR","KOR",7,91,"0","-","0","0","0"
1,"0DZYqA",1,575,2020,126,"Mali","MLI","MLI",102,"Rep. of Korea","KOR","KOR",7,94,"0","-","0","0","0"
1,"0DZYqA",1,576,2021,126,"Mali","MLI","MLI",102,"Rep. of Korea","KOR","KOR",8,78,"0","-","0","0","0"
1,"0DZYqA",1,577,2022,126,"Mali","MLI","MLI",102,"Rep. of Korea","KOR","KOR",11,120,"0","-","0","0","0"
1,"0DZYqA",1,578,2023,126,"Mali","MLI","MLI",102,"Rep. of Korea","KOR","KOR",12,108,"0","-","0","0","0"
1,"0DZYqA",1,579,2024,126,"Mali","MLI","MLI",102,"Rep. of Korea","KOR","KOR",12,89,"0","-","0","0","0"
1,"0DZYqA",1,580,2025,126,"Mali","MLI","MLI",102,"Rep. of Korea","KOR","KOR",12,84,"0","-","0","0","0"
1,"0DZYqA",1,581,2016,127,"Malaysia","MLS","MYS",102,"Rep. of Korea","KOR","KOR","0",6,"0","-","0","0","0"
1,"0DZYqA",1,582,2017,127,"Malaysia","MLS","MYS",102,"Rep. of Korea","KOR","KOR","0",451,"0","-","0","0","0"
1,"0DZYqA",1,583,2018,127,"Malaysia","MLS","MYS",102,"Rep. of Korea","KOR","KOR","0",1452,"0","-","0","0","0"
1,"0DZYqA",1,584,2019,127,"Malaysia","MLS","MYS",102,"Rep. of Korea","KOR","KOR","0",2287,"0","-","0","0","0"
1,"0DZYqA",1,585,2020,127,"Malaysia","MLS","MYS",102,"Rep. of Korea","KOR","KOR","0",1848,"0","-","0","0","0"
1,"0DZYqA",1,586,2021,127,"Malaysia","MLS","MYS",102,"Rep. of Korea","KOR","KOR","0",875,"0","-","0","0","0"
1,"0DZYqA",1,587,2022,127,"Malaysia","MLS","MYS",102,"Rep. of Korea","KOR","KOR","0",356,"0","-","0","0","0"
1,"0DZYqA",1,588,2023,127,"Malaysia","MLS","MYS",102,"Rep. of Korea","KOR","KOR","0",1258,"0","-","0","0","0"
1,"0DZYqA",1,589,2024,127,"Malaysia","MLS","MYS",102,"Rep. of Korea","KOR","KOR","0",1731,"0","-","0","0","0"
1,"0DZYqA",1,590,2025,127,"Malaysia","MLS","MYS",102,"Rep. of Korea","KOR","KOR","0",1825,"0","-","0","0","0"
1,"0DZYqA",1,591,2011,129,"Mongolia","MNG","MNG",102,"Rep. of Korea","KOR","KOR","0",5,"0","-","0","0","0"
1,"0DZYqA",1,592,2013,129,"Mongolia","MNG","MNG",102,"Rep. of Korea","KOR","KOR","0",5,"0","-","0","0","0"
1,"0DZYqA",1,593,2014,129,"Mongolia","MNG","MNG",102,"Rep. of Korea","KOR","KOR","0",5,"0","-","0","0","0"
1,"0DZYqA",1,594,2016,129,"Mongolia","MNG","MNG",102,"Rep. of Korea","KOR","KOR","0",30,"0","-","0","0","0"
1,"0DZYqA",1,595,2017,129,"Mongolia","MNG","MNG",102,"Rep. of Korea","KOR","KOR","0",159,"0","-","0","0","0"
1,"0DZYqA",1,596,2018,129,"Mongolia","MNG","MNG",102,"Rep. of Korea","KOR","KOR","0",523,"0","-","0","0","0"
1,"0DZYqA",1,597,2019,129,"Mongolia","MNG","MNG",102,"Rep. of Korea","KOR","KOR","0",506,"0","-","0","0","0"
1,"0DZYqA",1,598,2020,129,"Mongolia","MNG","MNG",102,"Rep. of Korea","KOR","KOR","0",370,"0","-","0","0","0"
1,"0DZYqA",1,599,2021,129,"Mongolia","MNG","MNG",102,"Rep. of Korea","KOR","KOR","0",177,"0","-","0","0","0"
1,"0DZYqA",1,600,2022,129,"Mongolia","MNG","MNG",102,"Rep. of Korea","KOR","KOR","0",243,"0","-","0","0","0"
1,"0DZYqA",1,601,2023,129,"Mongolia","MNG","MNG",102,"Rep. of Korea","KOR","KOR","0",991,"0","-","0","0","0"
1,"0DZYqA",1,602,2024,129,"Mongolia","MNG","MNG",102,"Rep. of Korea","KOR","KOR","0",1652,"0","-","0","0","0"
1,"0DZYqA",1,603,2025,129,"Mongolia","MNG","MNG",102,"Rep. of Korea","KOR","KOR","0",1588,"0","-","0","0","0"
1,"0DZYqA",1,604,2013,130,"Morocco","MOR","MAR",102,"Rep. of Korea","KOR","KOR","0",5,"0","-","0","0","0"
1,"0DZYqA",1,605,2014,130,"Morocco","MOR","MAR",102,"Rep. of Korea","KOR","KOR","0",45,"0","-","0","0","0"
1,"0DZYqA",1,606,2015,130,"Morocco","MOR","MAR",102,"Rep. of Korea","KOR","KOR","0",89,"0","-","0","0","0"
1,"0DZYqA",1,607,2016,130,"Morocco","MOR","MAR",102,"Rep. of Korea","KOR","KOR","0",116,"0","-","0","0","0"
1,"0DZYqA",1,608,2017,130,"Morocco","MOR","MAR",102,"Rep. of Korea","KOR","KOR",5,144,"0","-","0","0","0"
1,"0DZYqA",1,609,2018,130,"Morocco","MOR","MAR",102,"Rep. of Korea","KOR","KOR",5,362,"0","-","0","0","0"
1,"0DZYqA",1,610,2019,130,"Morocco","MOR","MAR",102,"Rep. of Korea","KOR","KOR",5,514,"0","-","0","0","0"
1,"0DZYqA",1,611,2020,130,"Morocco","MOR","MAR",102,"Rep. of Korea","KOR","KOR",5,405,"0","-","0","0","0"
1,"0DZYqA",1,612,2021,130,"Morocco","MOR","MAR",102,"Rep. of Korea","KOR","KOR",5,176,"0","-","0","0","0"
1,"0DZYqA",1,613,2022,130,"Morocco","MOR","MAR",102,"Rep. of Korea","KOR","KOR","0",325,"0","-","0","0","0"
1,"0DZYqA",1,614,2023,130,"Morocco","MOR","MAR",102,"Rep. of Korea","KOR","KOR","0",391,"0","-","0","0","0"
1,"0DZYqA",1,615,2024,130,"Morocco","MOR","MAR",102,"Rep. of Korea","KOR","KOR","0",409,"0","-","0","0","0"
1,"0DZYqA",1,616,2025,130,"Morocco","MOR","MAR",102,"Rep. of Korea","KOR","KOR","0",381,"0","-","0","0","0"
1,"0DZYqA",1,617,2017,131,"Mozambique","MOZ","MOZ",102,"Rep. of Korea","KOR","KOR","0",7,"0","-","0","0","0"
1,"0DZYqA",1,618,2018,131,"Mozambique","MOZ","MOZ",102,"Rep. of Korea","KOR","KOR","0",11,"0","-","0","0","0"
1,"0DZYqA",1,619,2019,131,"Mozambique","MOZ","MOZ",102,"Rep. of Korea","KOR","KOR","0",11,"0","-","0","0","0"
1,"0DZYqA",1,620,2020,131,"Mozambique","MOZ","MOZ",102,"Rep. of Korea","KOR","KOR","0",6,"0","-","0","0","0"
1,"0DZYqA",1,621,2021,131,"Mozambique","MOZ","MOZ",102,"Rep. of Korea","KOR","KOR","0",7,"0","-","0","0","0"
1,"0DZYqA",1,622,2017,134,"Mauritius","MTS","MUS",102,"Rep. of Korea","KOR","KOR","0",5,"0","-","0","0","0"
1,"0DZYqA",1,623,2000,135,"Myanmar","MYA","MMR",102,"Rep. of Korea","KOR","KOR","0",21,"0","-","0","0","0"
1,"0DZYqA",1,624,2001,135,"Myanmar","MYA","MMR",102,"Rep. of Korea","KOR","KOR","0",17,"0","-","0","0","0"
1,"0DZYqA",1,625,2002,135,"Myanmar","MYA","MMR",102,"Rep. of Korea","KOR","KOR","0",17,"0","-","0","0","0"
1,"0DZYqA",1,626,2003,135,"Myanmar","MYA","MMR",102,"Rep. of Korea","KOR","KOR",5,35,"0","-","0","0","0"
1,"0DZYqA",1,627,2004,135,"Myanmar","MYA","MMR",102,"Rep. of Korea","KOR","KOR",5,80,"0","-","0","0","0"
1,"0DZYqA",1,628,2005,135,"Myanmar","MYA","MMR",102,"Rep. of Korea","KOR","KOR",9,113,"0","-","0","0","0"
1,"0DZYqA",1,629,2006,135,"Myanmar","MYA","MMR",102,"Rep. of Korea","KOR","KOR",21,108,"0","-","0","0","0"
1,"0DZYqA",1,630,2007,135,"Myanmar","MYA","MMR",102,"Rep. of Korea","KOR","KOR",30,118,"0","-","0","0","0"
1,"0DZYqA",1,631,2008,135,"Myanmar","MYA","MMR",102,"Rep. of Korea","KOR","KOR",57,121,"0","-","0","0","0"
1,"0DZYqA",1,632,2009,135,"Myanmar","MYA","MMR",102,"Rep. of Korea","KOR","KOR",101,35,"0","-","0","0","0"
1,"0DZYqA",1,633,2010,135,"Myanmar","MYA","MMR",102,"Rep. of Korea","KOR","KOR",119,46,"0","-","0","0","0"
1,"0DZYqA",1,634,2011,135,"Myanmar","MYA","MMR",102,"Rep. of Korea","KOR","KOR",128,74,"0","-","0","0","0"
1,"0DZYqA",1,635,2012,135,"Myanmar","MYA","MMR",102,"Rep. of Korea","KOR","KOR",156,38,"0","-","0","0","0"
1,"0DZYqA",1,636,2013,135,"Myanmar","MYA","MMR",102,"Rep. of Korea","KOR","KOR",175,8,"0","-","0","0","0"
1,"0DZYqA",1,637,2014,135,"Myanmar","MYA","MMR",102,"Rep. of Korea","KOR","KOR",180,26,"0","-","0","0","0"
1,"0DZYqA",1,638,2015,135,"Myanmar","MYA","MMR",102,"Rep. of Korea","KOR","KOR",213,17,"0","-","0","0","0"
1,"0DZYqA",1,639,2016,135,"Myanmar","MYA","MMR",102,"Rep. of Korea","KOR","KOR",254,10,"0","-","0","0","0"
1,"0DZYqA",1,640,2017,135,"Myanmar","MYA","MMR",102,"Rep. of Korea","KOR","KOR",292,12,"0","-","0","0","0"
1,"0DZYqA",1,641,2018,135,"Myanmar","MYA","MMR",102,"Rep. of Korea","KOR","KOR",328,27,"0","-","0","0","0"
1,"0DZYqA",1,642,2019,135,"Myanmar","MYA","MMR",102,"Rep. of Korea","KOR","KOR",363,72,"0","-","0","0","0"
1,"0DZYqA",1,643,2020,135,"Myanmar","MYA","MMR",102,"Rep. of Korea","KOR","KOR",390,51,"0","-","0","0","0"
1,"0DZYqA",1,644,2021,135,"Myanmar","MYA","MMR",102,"Rep. of Korea","KOR","KOR",396,107,"0","-","0","0","0"
1,"0DZYqA",1,645,2022,135,"Myanmar","MYA","MMR",102,"Rep. of Korea","KOR","KOR",477,385,"0","-","0","0","0"
1,"0DZYqA",1,646,2023,135,"Myanmar","MYA","MMR",102,"Rep. of Korea","KOR","KOR",505,479,"0","-","0","0","0"
1,"0DZYqA",1,647,2024,135,"Myanmar","MYA","MMR",102,"Rep. of Korea","KOR","KOR",529,665,"0","-","0","0","0"
1,"0DZYqA",1,648,2025,135,"Myanmar","MYA","MMR",102,"Rep. of Korea","KOR","KOR",561,692,"0","-","0","0","0"
1,"0DZYqA",1,649,2004,137,"Nepal","NEP","NPL",102,"Rep. of Korea","KOR","KOR","0",5,"0","-","0","0","0"
1,"0DZYqA",1,650,2005,137,"Nepal","NEP","NPL",102,"Rep. of Korea","KOR","KOR","0",11,"0","-","0","0","0"
1,"0DZYqA",1,651,2006,137,"Nepal","NEP","NPL",102,"Rep. of Korea","KOR","KOR","0",86,"0","-","0","0","0"
1,"0DZYqA",1,652,2007,137,"Nepal","NEP","NPL",102,"Rep. of Korea","KOR","KOR","0",347,"0","-","0","0","0"
1,"0DZYqA",1,653,2008,137,"Nepal","NEP","NPL",102,"Rep. of Korea","KOR","KOR","0",295,"0","-","0","0","0"
1,"0DZYqA",1,654,2009,137,"Nepal","NEP","NPL",102,"Rep. of Korea","KOR","KOR",5,"0","0","-","0","0","0"
1,"0DZYqA",1,655,2010,137,"Nepal","NEP","NPL",102,"Rep. of Korea","KOR","KOR",5,"0","0","-","0","0","0"
1,"0DZYqA",1,656,2011,137,"Nepal","NEP","NPL",102,"Rep. of Korea","KOR","KOR",5,16,"0","-","0","0","0"
1,"0DZYqA",1,657,2012,137,"Nepal","NEP","NPL",102,"Rep. of Korea","KOR","KOR",5,48,"0","-","0","0","0"
1,"0DZYqA",1,658,2013,137,"Nepal","NEP","NPL",102,"Rep. of Korea","KOR","KOR",5,111,"0","-","0","0","0"
1,"0DZYqA",1,659,2014,137,"Nepal","NEP","NPL",102,"Rep. of Korea","KOR","KOR",5,96,"0","-","0","0","0"
1,"0DZYqA",1,660,2015,137,"Nepal","NEP","NPL",102,"Rep. of Korea","KOR","KOR",5,127,"0","-","0","0","0"
1,"0DZYqA",1,661,2016,137,"Nepal","NEP","NPL",102,"Rep. of Korea","KOR","KOR",5,174,"0","-","0","0","0"
1,"0DZYqA",1,662,2017,137,"Nepal","NEP","NPL",102,"Rep. of Korea","KOR","KOR",5,135,"0","-","0","0","0"
1,"0DZYqA",1,663,2018,137,"Nepal","NEP","NPL",102,"Rep. of Korea","KOR","KOR",5,226,"0","-","0","0","0"
1,"0DZYqA",1,664,2019,137,"Nepal","NEP","NPL",102,"Rep. of Korea","KOR","KOR",5,431,"0","-","0","0","0"
1,"0DZYqA",1,665,2020,137,"Nepal","NEP","NPL",102,"Rep. of Korea","KOR","KOR",5,487,"0","-","0","0","0"
1,"0DZYqA",1,666,2021,137,"Nepal","NEP","NPL",102,"Rep. of Korea","KOR","KOR",5,391,"0","-","0","0","0"
1,"0DZYqA",1,667,2022,137,"Nepal","NEP","NPL",102,"Rep. of Korea","KOR","KOR",5,334,"0","-","0","0","0"
1,"0DZYqA",1,668,2023,137,"Nepal","NEP","NPL",102,"Rep. of Korea","KOR","KOR","0",475,"0","-","0","0","0"
1,"0DZYqA",1,669,2024,137,"Nepal","NEP","NPL",102,"Rep. of Korea","KOR","KOR","0",579,"0","-","0","0","0"
1,"0DZYqA",1,670,2025,137,"Nepal","NEP","NPL",102,"Rep. of Korea","KOR","KOR","0",639,"0","-","0","0","0"
1,"0DZYqA",1,671,2020,139,"Niger","NGR","NER",102,"Rep. of Korea","KOR","KOR","0",5,"0","-","0","0","0"
1,"0DZYqA",1,672,2018,140,"Nicaragua","NIC","NIC",102,"Rep. of Korea","KOR","KOR","0",5,"0","-","0","0","0"
1,"0DZYqA",1,673,2005,141,"Nigeria","NIG","NGA",102,"Rep. of Korea","KOR","KOR","0",22,"0","-","0","0","0"
1,"0DZYqA",1,674,2006,141,"Nigeria","NIG","NGA",102,"Rep. of Korea","KOR","KOR","0",25,"0","-","0","0","0"
1,"0DZYqA",1,675,2007,141,"Nigeria","NIG","NGA",102,"Rep. of Korea","KOR","KOR","0",104,"0","-","0","0","0"
1,"0DZYqA",1,676,2008,141,"Nigeria","NIG","NGA",102,"Rep. of Korea","KOR","KOR","0",122,"0","-","0","0","0"
1,"0DZYqA",1,677,2009,141,"Nigeria","NIG","NGA",102,"Rep. of Korea","KOR","KOR","0",14,"0","-","0","0","0"
1,"0DZYqA",1,678,2010,141,"Nigeria","NIG","NGA",102,"Rep. of Korea","KOR","KOR",5,9,"0","-","0","0","0"
1,"0DZYqA",1,679,2011,141,"Nigeria","NIG","NGA",102,"Rep. of Korea","KOR","KOR",5,36,"0","-","0","0","0"
1,"0DZYqA",1,680,2012,141,"Nigeria","NIG","NGA",102,"Rep. of Korea","KOR","KOR",6,116,"0","-","0","0","0"
1,"0DZYqA",1,681,2013,141,"Nigeria","NIG","NGA",102,"Rep. of Korea","KOR","KOR",7,280,"0","-","0","0","0"
1,"0DZYqA",1,682,2014,141,"Nigeria","NIG","NGA",102,"Rep. of Korea","KOR","KOR",8,350,"0","-","0","0","0"
1,"0DZYqA",1,683,2015,141,"Nigeria","NIG","NGA",102,"Rep. of Korea","KOR","KOR",8,269,"0","-","0","0","0"
1,"0DZYqA",1,684,2016,141,"Nigeria","NIG","NGA",102,"Rep. of Korea","KOR","KOR",8,245,"0","-","0","0","0"
1,"0DZYqA",1,685,2017,141,"Nigeria","NIG","NGA",102,"Rep. of Korea","KOR","KOR",10,431,"0","-","0","0","0"
1,"0DZYqA",1,686,2018,141,"Nigeria","NIG","NGA",102,"Rep. of Korea","KOR","KOR",10,637,"0","-","0","0","0"
1,"0DZYqA",1,687,2019,141,"Nigeria","NIG","NGA",102,"Rep. of Korea","KOR","KOR",10,542,"0","-","0","0","0"
1,"0DZYqA",1,688,2020,141,"Nigeria","NIG","NGA",102,"Rep. of Korea","KOR","KOR",12,445,"0","-","0","0","0"
1,"0DZYqA",1,689,2021,141,"Nigeria","NIG","NGA",102,"Rep. of Korea","KOR","KOR",13,343,"0","-","0","0","0"
1,"0DZYqA",1,690,2022,141,"Nigeria","NIG","NGA",102,"Rep. of Korea","KOR","KOR",15,391,"0","-","0","0","0"
1,"0DZYqA",1,691,2023,141,"Nigeria","NIG","NGA",102,"Rep. of Korea","KOR","KOR",15,381,"0","-","0","0","0"
1,"0DZYqA",1,692,2024,141,"Nigeria","NIG","NGA",102,"Rep. of Korea","KOR","KOR",16,506,"0","-","0","0","0"
1,"0DZYqA",1,693,2025,141,"Nigeria","NIG","NGA",102,"Rep. of Korea","KOR","KOR",16,494,"0","-","0","0","0"
1,"0DZYqA",1,694,2001,147,"Pakistan","PAK","PAK",102,"Rep. of Korea","KOR","KOR","0",6,"0","-","0","0","0"
1,"0DZYqA",1,695,2003,147,"Pakistan","PAK","PAK",102,"Rep. of Korea","KOR","KOR","0",10,"0","-","0","0","0"
1,"0DZYqA",1,696,2004,147,"Pakistan","PAK","PAK",102,"Rep. of Korea","KOR","KOR","0",8,"0","-","0","0","0"
1,"0DZYqA",1,697,2006,147,"Pakistan","PAK","PAK",102,"Rep. of Korea","KOR","KOR","0",5,"0","-","0","0","0"
1,"0DZYqA",1,698,2007,147,"Pakistan","PAK","PAK",102,"Rep. of Korea","KOR","KOR","0",5,"0","-","0","0","0"
1,"0DZYqA",1,699,2008,147,"Pakistan","PAK","PAK",102,"Rep. of Korea","KOR","KOR","0",48,"0","-","0","0","0"
1,"0DZYqA",1,700,2009,147,"Pakistan","PAK","PAK",102,"Rep. of Korea","KOR","KOR","0",71,"0","-","0","0","0"
1,"0DZYqA",1,701,2010,147,"Pakistan","PAK","PAK",102,"Rep. of Korea","KOR","KOR",8,134,"0","-","0","0","0"
1,"0DZYqA",1,702,2011,147,"Pakistan","PAK","PAK",102,"Rep. of Korea","KOR","KOR",14,437,"0","-","0","0","0"
1,"0DZYqA",1,703,2012,147,"Pakistan","PAK","PAK",102,"Rep. of Korea","KOR","KOR",15,386,"0","-","0","0","0"
1,"0DZYqA",1,704,2013,147,"Pakistan","PAK","PAK",102,"Rep. of Korea","KOR","KOR",24,467,"0","-","0","0","0"
1,"0DZYqA",1,705,2014,147,"Pakistan","PAK","PAK",102,"Rep. of Korea","KOR","KOR",43,451,"0","-","0","0","0"
1,"0DZYqA",1,706,2015,147,"Pakistan","PAK","PAK",102,"Rep. of Korea","KOR","KOR",69,1009,"0","-","0","0","0"
1,"0DZYqA",1,707,2016,147,"Pakistan","PAK","PAK",102,"Rep. of Korea","KOR","KOR",75,977,"0","-","0","0","0"
1,"0DZYqA",1,708,2017,147,"Pakistan","PAK","PAK",102,"Rep. of Korea","KOR","KOR",86,805,"0","-","0","0","0"
1,"0DZYqA",1,709,2018,147,"Pakistan","PAK","PAK",102,"Rep. of Korea","KOR","KOR",102,1507,"0","-","0","0","0"
1,"0DZYqA",1,710,2019,147,"Pakistan","PAK","PAK",102,"Rep. of Korea","KOR","KOR",105,1769,"0","-","0","0","0"
1,"0DZYqA",1,711,2020,147,"Pakistan","PAK","PAK",102,"Rep. of Korea","KOR","KOR",112,1442,"0","-","0","0","0"
1,"0DZYqA",1,712,2021,147,"Pakistan","PAK","PAK",102,"Rep. of Korea","KOR","KOR",118,938,"0","-","0","0","0"
1,"0DZYqA",1,713,2022,147,"Pakistan","PAK","PAK",102,"Rep. of Korea","KOR","KOR",134,844,"0","-","0","0","0"
1,"0DZYqA",1,714,2023,147,"Pakistan","PAK","PAK",102,"Rep. of Korea","KOR","KOR",142,963,"0","-","0","0","0"
1,"0DZYqA",1,715,2024,147,"Pakistan","PAK","PAK",102,"Rep. of Korea","KOR","KOR",146,1375,"0","-","0","0","0"
1,"0DZYqA",1,716,2025,147,"Pakistan","PAK","PAK",102,"Rep. of Korea","KOR","KOR",147,1432,"0","-","0","0","0"
1,"0DZYqA",1,717,2018,150,"Peru","PER","PER",102,"Rep. of Korea","KOR","KOR","0",5,"0","-","0","0","0"
1,"0DZYqA",1,718,2019,150,"Peru","PER","PER",102,"Rep. of Korea","KOR","KOR","0",9,"0","-","0","0","0"
1,"0DZYqA",1,719,2020,150,"Peru","PER","PER",102,"Rep. of Korea","KOR","KOR","0",12,"0","-","0","0","0"
1,"0DZYqA",1,720,2021,150,"Peru","PER","PER",102,"Rep. of Korea","KOR","KOR","0",9,"0","-","0","0","0"
1,"0DZYqA",1,721,2024,150,"Peru","PER","PER",102,"Rep. of Korea","KOR","KOR","0",18,"0","-","0","0","0"
1,"0DZYqA",1,722,2013,151,"Philippines","PHI","PHL",102,"Rep. of Korea","KOR","KOR","0",5,"0","-","0","0","0"
1,"0DZYqA",1,723,2014,151,"Philippines","PHI","PHL",102,"Rep. of Korea","KOR","KOR","0",5,"0","-","0","0","0"
1,"0DZYqA",1,724,2015,151,"Philippines","PHI","PHL",102,"Rep. of Korea","KOR","KOR","0",105,"0","-","0","0","0"
1,"0DZYqA",1,725,2016,151,"Philippines","PHI","PHL",102,"Rep. of Korea","KOR","KOR","0",276,"0","-","0","0","0"
1,"0DZYqA",1,726,2017,151,"Philippines","PHI","PHL",102,"Rep. of Korea","KOR","KOR","0",255,"0","-","0","0","0"
1,"0DZYqA",1,727,2018,151,"Philippines","PHI","PHL",102,"Rep. of Korea","KOR","KOR","0",592,"0","-","0","0","0"
1,"0DZYqA",1,728,2019,151,"Philippines","PHI","PHL",102,"Rep. of Korea","KOR","KOR","0",562,"0","-","0","0","0"
1,"0DZYqA",1,729,2020,151,"Philippines","PHI","PHL",102,"Rep. of Korea","KOR","KOR","0",546,"0","-","0","0","0"
1,"0DZYqA",1,730,2021,151,"Philippines","PHI","PHL",102,"Rep. of Korea","KOR","KOR","0",331,"0","-","0","0","0"
1,"0DZYqA",1,731,2022,151,"Philippines","PHI","PHL",102,"Rep. of Korea","KOR","KOR","0",157,"0","-","0","0","0"
1,"0DZYqA",1,732,2023,151,"Philippines","PHI","PHL",102,"Rep. of Korea","KOR","KOR","0",166,"0","-","0","0","0"
1,"0DZYqA",1,733,2024,151,"Philippines","PHI","PHL",102,"Rep. of Korea","KOR","KOR","0",233,"0","-","0","0","0"
1,"0DZYqA",1,734,2025,151,"Philippines","PHI","PHL",102,"Rep. of Korea","KOR","KOR","0",359,"0","-","0","0","0"
1,"0DZYqA",1,735,2007,159,"South Africa","RSA","ZAF",102,"Rep. of Korea","KOR","KOR","0",9,"0","-","0","0","0"
1,"0DZYqA",1,736,2008,159,"South Africa","RSA","ZAF",102,"Rep. of Korea","KOR","KOR","0",8,"0","-","0","0","0"
1,"0DZYqA",1,737,2009,159,"South Africa","RSA","ZAF",102,"Rep. of Korea","KOR","KOR","0",6,"0","-","0","0","0"
1,"0DZYqA",1,738,2012,159,"South Africa","RSA","ZAF",102,"Rep. of Korea","KOR","KOR","0",18,"0","-","0","0","0"
1,"0DZYqA",1,739,2013,159,"South Africa","RSA","ZAF",102,"Rep. of Korea","KOR","KOR","0",84,"0","-","0","0","0"
1,"0DZYqA",1,740,2014,159,"South Africa","RSA","ZAF",102,"Rep. of Korea","KOR","KOR","0",109,"0","-","0","0","0"
1,"0DZYqA",1,741,2015,159,"South Africa","RSA","ZAF",102,"Rep. of Korea","KOR","KOR","0",85,"0","-","0","0","0"
1,"0DZYqA",1,742,2016,159,"South Africa","RSA","ZAF",102,"Rep. of Korea","KOR","KOR","0",88,"0","-","0","0","0"
1,"0DZYqA",1,743,2017,159,"South Africa","RSA","ZAF",102,"Rep. of Korea","KOR","KOR","0",111,"0","-","0","0","0"
1,"0DZYqA",1,744,2018,159,"South Africa","RSA","ZAF",102,"Rep. of Korea","KOR","KOR","0",159,"0","-","0","0","0"
1,"0DZYqA",1,745,2019,159,"South Africa","RSA","ZAF",102,"Rep. of Korea","KOR","KOR","0",134,"0","-","0","0","0"
1,"0DZYqA",1,746,2020,159,"South Africa","RSA","ZAF",102,"Rep. of Korea","KOR","KOR","0",100,"0","-","0","0","0"
1,"0DZYqA",1,747,2021,159,"South Africa","RSA","ZAF",102,"Rep. of Korea","KOR","KOR","0",50,"0","-","0","0","0"
1,"0DZYqA",1,748,2022,159,"South Africa","RSA","ZAF",102,"Rep. of Korea","KOR","KOR","0",77,"0","-","0","0","0"
1,"0DZYqA",1,749,2023,159,"South Africa","RSA","ZAF",102,"Rep. of Korea","KOR","KOR","0",185,"0","-","0","0","0"
1,"0DZYqA",1,750,2024,159,"South Africa","RSA","ZAF",102,"Rep. of Korea","KOR","KOR","0",253,"0","-","0","0","0"
1,"0DZYqA",1,751,2025,159,"South Africa","RSA","ZAF",102,"Rep. of Korea","KOR","KOR","0",299,"0","-","0","0","0"
1,"0DZYqA",1,752,2007,160,"Russian Federation","RUS","RUS",102,"Rep. of Korea","KOR","KOR","0",5,"0","-","0","0","0"
1,"0DZYqA",1,753,2008,160,"Russian Federation","RUS","RUS",102,"Rep. of Korea","KOR","KOR","0",5,"0","-","0","0","0"
1,"0DZYqA",1,754,2009,160,"Russian Federation","RUS","RUS",102,"Rep. of Korea","KOR","KOR","0",6,"0","-","0","0","0"
1,"0DZYqA",1,755,2010,160,"Russian Federation","RUS","RUS",102,"Rep. of Korea","KOR","KOR",5,"0","0","-","0","0","0"
1,"0DZYqA",1,756,2011,160,"Russian Federation","RUS","RUS",102,"Rep. of Korea","KOR","KOR",5,5,"0","-","0","0","0"
1,"0DZYqA",1,757,2012,160,"Russian Federation","RUS","RUS",102,"Rep. of Korea","KOR","KOR",8,"0","0","-","0","0","0"
1,"0DZYqA",1,758,2013,160,"Russian Federation","RUS","RUS",102,"Rep. of Korea","KOR","KOR",8,5,"0","-","0","0","0"
1,"0DZYqA",1,759,2014,160,"Russian Federation","RUS","RUS",102,"Rep. of Korea","KOR","KOR",10,7,"0","-","0","0","0"
1,"0DZYqA",1,760,2015,160,"Russian Federation","RUS","RUS",102,"Rep. of Korea","KOR","KOR",10,26,"0","-","0","0","0"
1,"0DZYqA",1,761,2016,160,"Russian Federation","RUS","RUS",102,"Rep. of Korea","KOR","KOR",13,277,"0","-","0","0","0"
1,"0DZYqA",1,762,2017,160,"Russian Federation","RUS","RUS",102,"Rep. of Korea","KOR","KOR",13,618,"0","-","0","0","0"
1,"0DZYqA",1,763,2018,160,"Russian Federation","RUS","RUS",102,"Rep. of Korea","KOR","KOR",13,2010,"0","-","0","0","0"
1,"0DZYqA",1,764,2019,160,"Russian Federation","RUS","RUS",102,"Rep. of Korea","KOR","KOR",13,3628,"0","-","0","0","0"
1,"0DZYqA",1,765,2020,160,"Russian Federation","RUS","RUS",102,"Rep. of Korea","KOR","KOR",13,2421,"0","-","0","0","0"
1,"0DZYqA",1,766,2021,160,"Russian Federation","RUS","RUS",102,"Rep. of Korea","KOR","KOR",13,1000,"0","-","0","0","0"
1,"0DZYqA",1,767,2022,160,"Russian Federation","RUS","RUS",102,"Rep. of Korea","KOR","KOR",14,1203,"0","-","0","0","0"
1,"0DZYqA",1,768,2023,160,"Russian Federation","RUS","RUS",102,"Rep. of Korea","KOR","KOR",18,5934,"0","-","0","0","0"
1,"0DZYqA",1,769,2024,160,"Russian Federation","RUS","RUS",102,"Rep. of Korea","KOR","KOR",20,8669,"0","-","0","0","0"
1,"0DZYqA",1,770,2025,160,"Russian Federation","RUS","RUS",102,"Rep. of Korea","KOR","KOR",20,8234,"0","-","0","0","0"
1,"0DZYqA",1,771,2014,161,"Rwanda","RWA","RWA",102,"Rep. of Korea","KOR","KOR","0",5,"0","-","0","0","0"
1,"0DZYqA",1,772,2015,161,"Rwanda","RWA","RWA",102,"Rep. of Korea","KOR","KOR","0",5,"0","-","0","0","0"
1,"0DZYqA",1,773,2017,161,"Rwanda","RWA","RWA",102,"Rep. of Korea","KOR","KOR","0",5,"0","-","0","0","0"
1,"0DZYqA",1,774,2018,161,"Rwanda","RWA","RWA",102,"Rep. of Korea","KOR","KOR","0",20,"0","-","0","0","0"
1,"0DZYqA",1,775,2019,161,"Rwanda","RWA","RWA",102,"Rep. of Korea","KOR","KOR","0",26,"0","-","0","0","0"
1,"0DZYqA",1,776,2020,161,"Rwanda","RWA","RWA",102,"Rep. of Korea","KOR","KOR","0",28,"0","-","0","0","0"
1,"0DZYqA",1,777,2021,161,"Rwanda","RWA","RWA",102,"Rep. of Korea","KOR","KOR","0",30,"0","-","0","0","0"
1,"0DZYqA",1,778,2022,161,"Rwanda","RWA","RWA",102,"Rep. of Korea","KOR","KOR",5,76,"0","-","0","0","0"
1,"0DZYqA",1,779,2023,161,"Rwanda","RWA","RWA",102,"Rep. of Korea","KOR","KOR",5,134,"0","-","0","0","0"
1,"0DZYqA",1,780,2024,161,"Rwanda","RWA","RWA",102,"Rep. of Korea","KOR","KOR",5,186,"0","-","0","0","0"
1,"0DZYqA",1,781,2025,161,"Rwanda","RWA","RWA",102,"Rep. of Korea","KOR","KOR",5,208,"0","-","0","0","0"
1,"0DZYqA",1,782,2018,163,"Saudi Arabia","SAU","SAU",102,"Rep. of Korea","KOR","KOR","0",6,"0","-","0","0","0"
1,"0DZYqA",1,783,2019,163,"Saudi Arabia","SAU","SAU",102,"Rep. of Korea","KOR","KOR","0",10,"0","-","0","0","0"
1,"0DZYqA",1,784,2020,163,"Saudi Arabia","SAU","SAU",102,"Rep. of Korea","KOR","KOR","0",8,"0","-","0","0","0"
1,"0DZYqA",1,785,2021,163,"Saudi Arabia","SAU","SAU",102,"Rep. of Korea","KOR","KOR","0",5,"0","-","0","0","0"
1,"0DZYqA",1,786,2014,165,"Senegal","SEN","SEN",102,"Rep. of Korea","KOR","KOR","0",36,"0","-","0","0","0"
1,"0DZYqA",1,787,2015,165,"Senegal","SEN","SEN",102,"Rep. of Korea","KOR","KOR","0",30,"0","-","0","0","0"
1,"0DZYqA",1,788,2016,165,"Senegal","SEN","SEN",102,"Rep. of Korea","KOR","KOR","0",47,"0","-","0","0","0"
1,"0DZYqA",1,789,2017,165,"Senegal","SEN","SEN",102,"Rep. of Korea","KOR","KOR","0",168,"0","-","0","0","0"
1,"0DZYqA",1,790,2018,165,"Senegal","SEN","SEN",102,"Rep. of Korea","KOR","KOR","0",164,"0","-","0","0","0"
1,"0DZYqA",1,791,2019,165,"Senegal","SEN","SEN",102,"Rep. of Korea","KOR","KOR","0",112,"0","-","0","0","0"
1,"0DZYqA",1,792,2020,165,"Senegal","SEN","SEN",102,"Rep. of Korea","KOR","KOR","0",92,"0","-","0","0","0"
1,"0DZYqA",1,793,2021,165,"Senegal","SEN","SEN",102,"Rep. of Korea","KOR","KOR","0",50,"0","-","0","0","0"
1,"0DZYqA",1,794,2022,165,"Senegal","SEN","SEN",102,"Rep. of Korea","KOR","KOR","0",17,"0","-","0","0","0"
1,"0DZYqA",1,795,2023,165,"Senegal","SEN","SEN",102,"Rep. of Korea","KOR","KOR","0",40,"0","-","0","0","0"
1,"0DZYqA",1,796,2024,165,"Senegal","SEN","SEN",102,"Rep. of Korea","KOR","KOR","0",43,"0","-","0","0","0"
1,"0DZYqA",1,797,2015,169,"Sierra Leone","SLE","SLE",102,"Rep. of Korea","KOR","KOR","0",9,"0","-","0","0","0"
1,"0DZYqA",1,798,2016,169,"Sierra Leone","SLE","SLE",102,"Rep. of Korea","KOR","KOR","0",5,"0","-","0","0","0"
1,"0DZYqA",1,799,2017,169,"Sierra Leone","SLE","SLE",102,"Rep. of Korea","KOR","KOR","0",5,"0","-","0","0","0"
1,"0DZYqA",1,800,2018,169,"Sierra Leone","SLE","SLE",102,"Rep. of Korea","KOR","KOR","0",9,"0","-","0","0","0"
1,"0DZYqA",1,801,2019,169,"Sierra Leone","SLE","SLE",102,"Rep. of Korea","KOR","KOR","0",18,"0","-","0","0","0"
1,"0DZYqA",1,802,2020,169,"Sierra Leone","SLE","SLE",102,"Rep. of Korea","KOR","KOR","0",18,"0","-","0","0","0"
1,"0DZYqA",1,803,2021,169,"Sierra Leone","SLE","SLE",102,"Rep. of Korea","KOR","KOR","0",26,"0","-","0","0","0"
1,"0DZYqA",1,804,2023,169,"Sierra Leone","SLE","SLE",102,"Rep. of Korea","KOR","KOR","0",41,"0","-","0","0","0"
1,"0DZYqA",1,805,2024,169,"Sierra Leone","SLE","SLE",102,"Rep. of Korea","KOR","KOR","0",21,"0","-","0","0","0"
1,"0DZYqA",1,806,2001,172,"Somalia","SOM","SOM",102,"Rep. of Korea","KOR","KOR","0",5,"0","-","0","0","0"
1,"0DZYqA",1,807,2010,172,"Somalia","SOM","SOM",102,"Rep. of Korea","KOR","KOR",5,"0","0","-","0","0","0"
1,"0DZYqA",1,808,2011,172,"Somalia","SOM","SOM",102,"Rep. of Korea","KOR","KOR",5,"0","0","-","0","0","0"
1,"0DZYqA",1,809,2012,172,"Somalia","SOM","SOM",102,"Rep. of Korea","KOR","KOR",5,"0","0","-","0","0","0"
1,"0DZYqA",1,810,2013,172,"Somalia","SOM","SOM",102,"Rep. of Korea","KOR","KOR",5,"0","0","-","0","0","0"
1,"0DZYqA",1,811,2014,172,"Somalia","SOM","SOM",102,"Rep. of Korea","KOR","KOR",5,"0","0","-","0","0","0"
1,"0DZYqA",1,812,2015,172,"Somalia","SOM","SOM",102,"Rep. of Korea","KOR","KOR",5,"0","0","-","0","0","0"
1,"0DZYqA",1,813,2016,172,"Somalia","SOM","SOM",102,"Rep. of Korea","KOR","KOR",5,"0","0","-","0","0","0"
1,"0DZYqA",1,814,2017,172,"Somalia","SOM","SOM",102,"Rep. of Korea","KOR","KOR",5,"0","0","-","0","0","0"
1,"0DZYqA",1,815,2018,172,"Somalia","SOM","SOM",102,"Rep. of Korea","KOR","KOR",5,"0","0","-","0","0","0"
1,"0DZYqA",1,816,2019,172,"Somalia","SOM","SOM",102,"Rep. of Korea","KOR","KOR",6,"0","0","-","0","0","0"
1,"0DZYqA",1,817,2020,172,"Somalia","SOM","SOM",102,"Rep. of Korea","KOR","KOR",5,"0","0","-","0","0","0"
1,"0DZYqA",1,818,2021,172,"Somalia","SOM","SOM",102,"Rep. of Korea","KOR","KOR",5,"0","0","-","0","0","0"
1,"0DZYqA",1,819,1978,174,"Viet Nam","SRV","VNM",102,"Rep. of Korea","KOR","KOR",70,"0","0","-","0","0","0"
1,"0DZYqA",1,820,1979,174,"Viet Nam","SRV","VNM",102,"Rep. of Korea","KOR","KOR",170,"0","0","-","0","0","0"
1,"0DZYqA",1,821,1981,174,"Viet Nam","SRV","VNM",102,"Rep. of Korea","KOR","KOR",60,"0","0","-","0","0","0"
1,"0DZYqA",1,822,1982,174,"Viet Nam","SRV","VNM",102,"Rep. of Korea","KOR","KOR",70,"0","0","-","0","0","0"
1,"0DZYqA",1,823,1987,174,"Viet Nam","SRV","VNM",102,"Rep. of Korea","KOR","KOR",60,"0","0","-","0","0","0"
1,"0DZYqA",1,824,1988,174,"Viet Nam","SRV","VNM",102,"Rep. of Korea","KOR","KOR",120,"0","0","-","0","0","0"
1,"0DZYqA",1,825,1989,174,"Viet Nam","SRV","VNM",102,"Rep. of Korea","KOR","KOR",230,"0","0","-","0","0","0"
1,"0DZYqA",1,826,1990,174,"Viet Nam","SRV","VNM",102,"Rep. of Korea","KOR","KOR",230,"0","0","-","0","0","0"
1,"0DZYqA",1,827,1991,174,"Viet Nam","SRV","VNM",102,"Rep. of Korea","KOR","KOR",162,"0","0","-","0","0","0"
1,"0DZYqA",1,828,1992,174,"Viet Nam","SRV","VNM",102,"Rep. of Korea","KOR","KOR",149,"0","0","-","0","0","0"
1,"0DZYqA",1,829,2005,174,"Viet Nam","SRV","VNM",102,"Rep. of Korea","KOR","KOR","0",5,"0","-","0","0","0"
1,"0DZYqA",1,830,2006,174,"Viet Nam","SRV","VNM",102,"Rep. of Korea","KOR","KOR","0",5,"0","-","0","0","0"
1,"0DZYqA",1,831,2015,174,"Viet Nam","SRV","VNM",102,"Rep. of Korea","KOR","KOR","0",81,"0","-","0","0","0"
1,"0DZYqA",1,832,2016,174,"Viet Nam","SRV","VNM",102,"Rep. of Korea","KOR","KOR","0",119,"0","-","0","0","0"
1,"0DZYqA",1,833,2017,174,"Viet Nam","SRV","VNM",102,"Rep. of Korea","KOR","KOR","0",42,"0","-","0","0","0"
1,"0DZYqA",1,834,2018,174,"Viet Nam","SRV","VNM",102,"Rep. of Korea","KOR","KOR","0",118,"0","-","0","0","0"
1,"0DZYqA",1,835,2019,174,"Viet Nam","SRV","VNM",102,"Rep. of Korea","KOR","KOR","0",396,"0","-","0","0","0"
1,"0DZYqA",1,836,2020,174,"Viet Nam","SRV","VNM",102,"Rep. of Korea","KOR","KOR","0",239,"0","-","0","0","0"
1,"0DZYqA",1,837,2021,174,"Viet Nam","SRV","VNM",102,"Rep. of Korea","KOR","KOR","0",63,"0","-","0","0","0"
1,"0DZYqA",1,838,2022,174,"Viet Nam","SRV","VNM",102,"Rep. of Korea","KOR","KOR","0",14,"0","-","0","0","0"
1,"0DZYqA",1,839,2023,174,"Viet Nam","SRV","VNM",102,"Rep. of Korea","KOR","KOR","0",17,"0","-","0","0","0"
1,"0DZYqA",1,840,2024,174,"Viet Nam","SRV","VNM",102,"Rep. of Korea","KOR","KOR","0",328,"0","-","0","0","0"
1,"0DZYqA",1,841,2025,174,"Viet Nam","SRV","VNM",102,"Rep. of Korea","KOR","KOR","0",544,"0","-","0","0","0"
1,"0DZYqA",1,842,2007,177,"Sudan","SUD","SDN",102,"Rep. of Korea","KOR","KOR","0",5,"0","-","0","0","0"
1,"0DZYqA",1,843,2008,177,"Sudan","SUD","SDN",102,"Rep. of Korea","KOR","KOR","0",5,"0","-","0","0","0"
1,"0DZYqA",1,844,2009,177,"Sudan","SUD","SDN",102,"Rep. of Korea","KOR","KOR","0",5,"0","-","0","0","0"
1,"0DZYqA",1,845,2010,177,"Sudan","SUD","SDN",102,"Rep. of Korea","KOR","KOR","0",6,"0","-","0","0","0"
1,"0DZYqA",1,846,2011,177,"Sudan","SUD","SDN",102,"Rep. of Korea","KOR","KOR","0",9,"0","-","0","0","0"
1,"0DZYqA",1,847,2013,177,"Sudan","SUD","SDN",102,"Rep. of Korea","KOR","KOR",6,8,"0","-","0","0","0"
1,"0DZYqA",1,848,2014,177,"Sudan","SUD","SDN",102,"Rep. of Korea","KOR","KOR",8,10,"0","-","0","0","0"
1,"0DZYqA",1,849,2015,177,"Sudan","SUD","SDN",102,"Rep. of Korea","KOR","KOR",9,20,"0","-","0","0","0"
1,"0DZYqA",1,850,2016,177,"Sudan","SUD","SDN",102,"Rep. of Korea","KOR","KOR",10,81,"0","-","0","0","0"
1,"0DZYqA",1,851,2017,177,"Sudan","SUD","SDN",102,"Rep. of Korea","KOR","KOR",12,36,"0","-","0","0","0"
1,"0DZYqA",1,852,2018,177,"Sudan","SUD","SDN",102,"Rep. of Korea","KOR","KOR",19,36,"0","-","0","0","0"
1,"0DZYqA",1,853,2019,177,"Sudan","SUD","SDN",102,"Rep. of Korea","KOR","KOR",21,47,"0","-","0","0","0"
1,"0DZYqA",1,854,2020,177,"Sudan","SUD","SDN",102,"Rep. of Korea","KOR","KOR",31,62,"0","-","0","0","0"
1,"0DZYqA",1,855,2021,177,"Sudan","SUD","SDN",102,"Rep. of Korea","KOR","KOR",32,46,"0","-","0","0","0"
1,"0DZYqA",1,856,2022,177,"Sudan","SUD","SDN",102,"Rep. of Korea","KOR","KOR",39,41,"0","-","0","0","0"
1,"0DZYqA",1,857,2023,177,"Sudan","SUD","SDN",102,"Rep. of Korea","KOR","KOR",42,44,"0","-","0","0","0"
1,"0DZYqA",1,858,2024,177,"Sudan","SUD","SDN",102,"Rep. of Korea","KOR","KOR",58,82,"0","-","0","0","0"
1,"0DZYqA",1,859,2025,177,"Sudan","SUD","SDN",102,"Rep. of Korea","KOR","KOR",61,"0","0","-","0","0","0"
1,"0DZYqA",1,860,2018,179,"South Sudan","SSD","SSD",102,"Rep. of Korea","KOR","KOR","0",6,"0","-","0","0","0"
1,"0DZYqA",1,861,2019,179,"South Sudan","SSD","SSD",102,"Rep. of Korea","KOR","KOR","0",5,"0","-","0","0","0"
1,"0DZYqA",1,862,2020,179,"South Sudan","SSD","SSD",102,"Rep. of Korea","KOR","KOR","0",5,"0","-","0","0","0"
1,"0DZYqA",1,863,2018,182,"Eswatini","SWA","SWZ",102,"Rep. of Korea","KOR","KOR","0",5,"0","-","0","0","0"
1,"0DZYqA",1,864,2019,182,"Eswatini","SWA","SWZ",102,"Rep. of Korea","KOR","KOR","0",5,"0","-","0","0","0"
1,"0DZYqA",1,865,2012,185,"Syrian Arab Rep.","SYR","SYR",102,"Rep. of Korea","KOR","KOR","0",146,"0","-","0","0","0"
1,"0DZYqA",1,866,2013,185,"Syrian Arab Rep.","SYR","SYR",102,"Rep. of Korea","KOR","KOR","0",431,"0","-","0","0","0"
1,"0DZYqA",1,867,2014,185,"Syrian Arab Rep.","SYR","SYR",102,"Rep. of Korea","KOR","KOR",503,64,"0","-","0","0","0"
1,"0DZYqA",1,868,2015,185,"Syrian Arab Rep.","SYR","SYR",102,"Rep. of Korea","KOR","KOR",646,320,"0","-","0","0","0"
1,"0DZYqA",1,869,2016,185,"Syrian Arab Rep.","SYR","SYR",102,"Rep. of Korea","KOR","KOR",876,244,"0","-","0","0","0"
1,"0DZYqA",1,870,2017,185,"Syrian Arab Rep.","SYR","SYR",102,"Rep. of Korea","KOR","KOR",1122,68,"0","-","0","0","0"
1,"0DZYqA",1,871,2018,185,"Syrian Arab Rep.","SYR","SYR",102,"Rep. of Korea","KOR","KOR",1177,59,"0","-","0","0","0"
1,"0DZYqA",1,872,2019,185,"Syrian Arab Rep.","SYR","SYR",102,"Rep. of Korea","KOR","KOR",1199,60,"0","-","0","0","0"
1,"0DZYqA",1,873,2020,185,"Syrian Arab Rep.","SYR","SYR",102,"Rep. of Korea","KOR","KOR",1236,35,"0","-","0","0","0"
1,"0DZYqA",1,874,2021,185,"Syrian Arab Rep.","SYR","SYR",102,"Rep. of Korea","KOR","KOR",1250,28,"0","-","0","0","0"
1,"0DZYqA",1,875,2022,185,"Syrian Arab Rep.","SYR","SYR",102,"Rep. of Korea","KOR","KOR",1261,59,"0","-","0","0","0"
1,"0DZYqA",1,876,2023,185,"Syrian Arab Rep.","SYR","SYR",102,"Rep. of Korea","KOR","KOR",1273,149,"0","-","0","0","0"
1,"0DZYqA",1,877,2024,185,"Syrian Arab Rep.","SYR","SYR",102,"Rep. of Korea","KOR","KOR",1281,200,"0","-","0","0","0"
1,"0DZYqA",1,878,2025,185,"Syrian Arab Rep.","SYR","SYR",102,"Rep. of Korea","KOR","KOR",1282,"0","0","-","0","0","0"
1,"0DZYqA",1,879,2015,186,"United Rep. of Tanzania","TAN","TZA",102,"Rep. of Korea","KOR","KOR","0",5,"0","-","0","0","0"
1,"0DZYqA",1,880,2016,186,"United Rep. of Tanzania","TAN","TZA",102,"Rep. of Korea","KOR","KOR","0",12,"0","-","0","0","0"
1,"0DZYqA",1,881,2017,186,"United Rep. of Tanzania","TAN","TZA",102,"Rep. of Korea","KOR","KOR",5,36,"0","-","0","0","0"
1,"0DZYqA",1,882,2018,186,"United Rep. of Tanzania","TAN","TZA",102,"Rep. of Korea","KOR","KOR",5,50,"0","-","0","0","0"
1,"0DZYqA",1,883,2019,186,"United Rep. of Tanzania","TAN","TZA",102,"Rep. of Korea","KOR","KOR",5,55,"0","-","0","0","0"
1,"0DZYqA",1,884,2020,186,"United Rep. of Tanzania","TAN","TZA",102,"Rep. of Korea","KOR","KOR",5,43,"0","-","0","0","0"
1,"0DZYqA",1,885,2021,186,"United Rep. of Tanzania","TAN","TZA",102,"Rep. of Korea","KOR","KOR",5,34,"0","-","0","0","0"
1,"0DZYqA",1,886,2022,186,"United Rep. of Tanzania","TAN","TZA",102,"Rep. of Korea","KOR","KOR","0",115,"0","-","0","0","0"
1,"0DZYqA",1,887,2023,186,"United Rep. of Tanzania","TAN","TZA",102,"Rep. of Korea","KOR","KOR","0",119,"0","-","0","0","0"
1,"0DZYqA",1,888,2024,186,"United Rep. of Tanzania","TAN","TZA",102,"Rep. of Korea","KOR","KOR","0",190,"0","-","0","0","0"
1,"0DZYqA",1,889,2025,186,"United Rep. of Tanzania","TAN","TZA",102,"Rep. of Korea","KOR","KOR","0",202,"0","-","0","0","0"
1,"0DZYqA",1,890,2014,188,"Thailand","THA","THA",102,"Rep. of Korea","KOR","KOR","0",5,"0","-","0","0","0"
1,"0DZYqA",1,891,2015,188,"Thailand","THA","THA",102,"Rep. of Korea","KOR","KOR","0",54,"0","-","0","0","0"
1,"0DZYqA",1,892,2016,188,"Thailand","THA","THA",102,"Rep. of Korea","KOR","KOR","0",108,"0","-","0","0","0"
1,"0DZYqA",1,893,2017,188,"Thailand","THA","THA",102,"Rep. of Korea","KOR","KOR",5,278,"0","-","0","0","0"
1,"0DZYqA",1,894,2018,188,"Thailand","THA","THA",102,"Rep. of Korea","KOR","KOR",9,452,"0","-","0","0","0"
1,"0DZYqA",1,895,2019,188,"Thailand","THA","THA",102,"Rep. of Korea","KOR","KOR",9,435,"0","-","0","0","0"
1,"0DZYqA",1,896,2020,188,"Thailand","THA","THA",102,"Rep. of Korea","KOR","KOR",10,354,"0","-","0","0","0"
1,"0DZYqA",1,897,2021,188,"Thailand","THA","THA",102,"Rep. of Korea","KOR","KOR",10,179,"0","-","0","0","0"
1,"0DZYqA",1,898,2022,188,"Thailand","THA","THA",102,"Rep. of Korea","KOR","KOR",10,83,"0","-","0","0","0"
1,"0DZYqA",1,899,2023,188,"Thailand","THA","THA",102,"Rep. of Korea","KOR","KOR",10,122,"0","-","0","0","0"
1,"0DZYqA",1,900,2024,188,"Thailand","THA","THA",102,"Rep. of Korea","KOR","KOR",10,189,"0","-","0","0","0"
1,"0DZYqA",1,901,2025,188,"Thailand","THA","THA",102,"Rep. of Korea","KOR","KOR",10,200,"0","-","0","0","0"
1,"0DZYqA",1,902,2015,189,"Tajikistan","TJK","TJK",102,"Rep. of Korea","KOR","KOR","0",5,"0","-","0","0","0"
1,"0DZYqA",1,903,2016,189,"Tajikistan","TJK","TJK",102,"Rep. of Korea","KOR","KOR","0",20,"0","-","0","0","0"
1,"0DZYqA",1,904,2017,189,"Tajikistan","TJK","TJK",102,"Rep. of Korea","KOR","KOR","0",13,"0","-","0","0","0"
1,"0DZYqA",1,905,2018,189,"Tajikistan","TJK","TJK",102,"Rep. of Korea","KOR","KOR","0",16,"0","-","0","0","0"
1,"0DZYqA",1,906,2019,189,"Tajikistan","TJK","TJK",102,"Rep. of Korea","KOR","KOR","0",17,"0","-","0","0","0"
1,"0DZYqA",1,907,2020,189,"Tajikistan","TJK","TJK",102,"Rep. of Korea","KOR","KOR","0",11,"0","-","0","0","0"
1,"0DZYqA",1,908,2021,189,"Tajikistan","TJK","TJK",102,"Rep. of Korea","KOR","KOR","0",24,"0","-","0","0","0"
1,"0DZYqA",1,909,2022,189,"Tajikistan","TJK","TJK",102,"Rep. of Korea","KOR","KOR","0",61,"0","-","0","0","0"
1,"0DZYqA",1,910,2023,189,"Tajikistan","TJK","TJK",102,"Rep. of Korea","KOR","KOR","0",196,"0","-","0","0","0"
1,"0DZYqA",1,911,2024,189,"Tajikistan","TJK","TJK",102,"Rep. of Korea","KOR","KOR","0",483,"0","-","0","0","0"
1,"0DZYqA",1,912,2025,189,"Tajikistan","TJK","TJK",102,"Rep. of Korea","KOR","KOR","0",644,"0","-","0","0","0"
1,"0DZYqA",1,913,2023,190,"Turkmenistan","TKM","TKM",102,"Rep. of Korea","KOR","KOR","0",114,"0","-","0","0","0"
1,"0DZYqA",1,914,2024,190,"Turkmenistan","TKM","TKM",102,"Rep. of Korea","KOR","KOR","0",194,"0","-","0","0","0"
1,"0DZYqA",1,915,2025,190,"Turkmenistan","TKM","TKM",102,"Rep. of Korea","KOR","KOR","0",241,"0","-","0","0","0"
1,"0DZYqA",1,916,2005,192,"Togo","TOG","TGO",102,"Rep. of Korea","KOR","KOR","0",5,"0","-","0","0","0"
1,"0DZYqA",1,917,2006,192,"Togo","TOG","TGO",102,"Rep. of Korea","KOR","KOR","0",5,"0","-","0","0","0"
1,"0DZYqA",1,918,2007,192,"Togo","TOG","TGO",102,"Rep. of Korea","KOR","KOR","0",5,"0","-","0","0","0"
1,"0DZYqA",1,919,2008,192,"Togo","TOG","TGO",102,"Rep. of Korea","KOR","KOR","0",5,"0","-","0","0","0"
1,"0DZYqA",1,920,2012,192,"Togo","TOG","TGO",102,"Rep. of Korea","KOR","KOR","0",5,"0","-","0","0","0"
1,"0DZYqA",1,921,2013,192,"Togo","TOG","TGO",102,"Rep. of Korea","KOR","KOR","0",5,"0","-","0","0","0"
1,"0DZYqA",1,922,2014,192,"Togo","TOG","TGO",102,"Rep. of Korea","KOR","KOR","0",6,"0","-","0","0","0"
1,"0DZYqA",1,923,2015,192,"Togo","TOG","TGO",102,"Rep. of Korea","KOR","KOR","0",5,"0","-","0","0","0"
1,"0DZYqA",1,924,2017,192,"Togo","TOG","TGO",102,"Rep. of Korea","KOR","KOR","0",8,"0","-","0","0","0"
1,"0DZYqA",1,925,2018,192,"Togo","TOG","TGO",102,"Rep. of Korea","KOR","KOR","0",13,"0","-","0","0","0"
1,"0DZYqA",1,926,2019,192,"Togo","TOG","TGO",102,"Rep. of Korea","KOR","KOR","0",18,"0","-","0","0","0"
1,"0DZYqA",1,927,2020,192,"Togo","TOG","TGO",102,"Rep. of Korea","KOR","KOR","0",17,"0","-","0","0","0"
1,"0DZYqA",1,928,2021,192,"Togo","TOG","TGO",102,"Rep. of Korea","KOR","KOR","0",14,"0","-","0","0","0"
1,"0DZYqA",1,929,2014,195,"Tunisia","TUN","TUN",102,"Rep. of Korea","KOR","KOR","0",16,"0","-","0","0","0"
1,"0DZYqA",1,930,2015,195,"Tunisia","TUN","TUN",102,"Rep. of Korea","KOR","KOR","0",27,"0","-","0","0","0"
1,"0DZYqA",1,931,2016,195,"Tunisia","TUN","TUN",102,"Rep. of Korea","KOR","KOR","0",29,"0","-","0","0","0"
1,"0DZYqA",1,932,2017,195,"Tunisia","TUN","TUN",102,"Rep. of Korea","KOR","KOR","0",26,"0","-","0","0","0"
1,"0DZYqA",1,933,2018,195,"Tunisia","TUN","TUN",102,"Rep. of Korea","KOR","KOR","0",82,"0","-","0","0","0"
1,"0DZYqA",1,934,2019,195,"Tunisia","TUN","TUN",102,"Rep. of Korea","KOR","KOR","0",116,"0","-","0","0","0"
1,"0DZYqA",1,935,2020,195,"Tunisia","TUN","TUN",102,"Rep. of Korea","KOR","KOR","0",94,"0","-","0","0","0"
1,"0DZYqA",1,936,2021,195,"Tunisia","TUN","TUN",102,"Rep. of Korea","KOR","KOR","0",55,"0","-","0","0","0"
1,"0DZYqA",1,937,2022,195,"Tunisia","TUN","TUN",102,"Rep. of Korea","KOR","KOR","0",111,"0","-","0","0","0"
1,"0DZYqA",1,938,2023,195,"Tunisia","TUN","TUN",102,"Rep. of Korea","KOR","KOR","0",433,"0","-","0","0","0"
1,"0DZYqA",1,939,2024,195,"Tunisia","TUN","TUN",102,"Rep. of Korea","KOR","KOR","0",456,"0","-","0","0","0"
1,"0DZYqA",1,940,2025,195,"Tunisia","TUN","TUN",102,"Rep. of Korea","KOR","KOR","0",439,"0","-","0","0","0"
1,"0DZYqA",1,941,2013,196,"Türkiye","TUR","TUR",102,"Rep. of Korea","KOR","KOR","0",5,"0","-","0","0","0"
1,"0DZYqA",1,942,2014,196,"Türkiye","TUR","TUR",102,"Rep. of Korea","KOR","KOR","0",5,"0","-","0","0","0"
1,"0DZYqA",1,943,2015,196,"Türkiye","TUR","TUR",102,"Rep. of Korea","KOR","KOR","0",5,"0","-","0","0","0"
1,"0DZYqA",1,944,2016,196,"Türkiye","TUR","TUR",102,"Rep. of Korea","KOR","KOR","0",14,"0","-","0","0","0"
1,"0DZYqA",1,945,2017,196,"Türkiye","TUR","TUR",102,"Rep. of Korea","KOR","KOR","0",47,"0","-","0","0","0"
1,"0DZYqA",1,946,2018,196,"Türkiye","TUR","TUR",102,"Rep. of Korea","KOR","KOR","0",178,"0","-","0","0","0"
1,"0DZYqA",1,947,2019,196,"Türkiye","TUR","TUR",102,"Rep. of Korea","KOR","KOR","0",405,"0","-","0","0","0"
1,"0DZYqA",1,948,2020,196,"Türkiye","TUR","TUR",102,"Rep. of Korea","KOR","KOR","0",359,"0","-","0","0","0"
1,"0DZYqA",1,949,2021,196,"Türkiye","TUR","TUR",102,"Rep. of Korea","KOR","KOR","0",186,"0","-","0","0","0"
1,"0DZYqA",1,950,2022,196,"Türkiye","TUR","TUR",102,"Rep. of Korea","KOR","KOR","0",1118,"0","-","0","0","0"
1,"0DZYqA",1,951,2023,196,"Türkiye","TUR","TUR",102,"Rep. of Korea","KOR","KOR",5,1109,"0","-","0","0","0"
1,"0DZYqA",1,952,2024,196,"Türkiye","TUR","TUR",102,"Rep. of Korea","KOR","KOR",6,1352,"0","-","0","0","0"
1,"0DZYqA",1,953,2025,196,"Türkiye","TUR","TUR",102,"Rep. of Korea","KOR","KOR",7,1281,"0","-","0","0","0"
1,"0DZYqA",1,954,2004,199,"Uganda","UGA","UGA",102,"Rep. of Korea","KOR","KOR","0",9,"0","-","0","0","0"
1,"0DZYqA",1,955,2005,199,"Uganda","UGA","UGA",102,"Rep. of Korea","KOR","KOR","0",52,"0","-","0","0","0"
1,"0DZYqA",1,956,2006,199,"Uganda","UGA","UGA",102,"Rep. of Korea","KOR","KOR","0",55,"0","-","0","0","0"
1,"0DZYqA",1,957,2007,199,"Uganda","UGA","UGA",102,"Rep. of Korea","KOR","KOR","0",94,"0","-","0","0","0"
1,"0DZYqA",1,958,2008,199,"Uganda","UGA","UGA",102,"Rep. of Korea","KOR","KOR","0",102,"0","-","0","0","0"
1,"0DZYqA",1,959,2009,199,"Uganda","UGA","UGA",102,"Rep. of Korea","KOR","KOR",10,9,"0","-","0","0","0"
1,"0DZYqA",1,960,2010,199,"Uganda","UGA","UGA",102,"Rep. of Korea","KOR","KOR",16,15,"0","-","0","0","0"
1,"0DZYqA",1,961,2011,199,"Uganda","UGA","UGA",102,"Rep. of Korea","KOR","KOR",18,78,"0","-","0","0","0"
1,"0DZYqA",1,962,2012,199,"Uganda","UGA","UGA",102,"Rep. of Korea","KOR","KOR",20,94,"0","-","0","0","0"
1,"0DZYqA",1,963,2013,199,"Uganda","UGA","UGA",102,"Rep. of Korea","KOR","KOR",20,83,"0","-","0","0","0"
1,"0DZYqA",1,964,2014,199,"Uganda","UGA","UGA",102,"Rep. of Korea","KOR","KOR",23,124,"0","-","0","0","0"
1,"0DZYqA",1,965,2015,199,"Uganda","UGA","UGA",102,"Rep. of Korea","KOR","KOR",24,138,"0","-","0","0","0"
1,"0DZYqA",1,966,2016,199,"Uganda","UGA","UGA",102,"Rep. of Korea","KOR","KOR",27,148,"0","-","0","0","0"
1,"0DZYqA",1,967,2017,199,"Uganda","UGA","UGA",102,"Rep. of Korea","KOR","KOR",31,75,"0","-","0","0","0"
1,"0DZYqA",1,968,2018,199,"Uganda","UGA","UGA",102,"Rep. of Korea","KOR","KOR",34,78,"0","-","0","0","0"
1,"0DZYqA",1,969,2019,199,"Uganda","UGA","UGA",102,"Rep. of Korea","KOR","KOR",36,78,"0","-","0","0","0"
1,"0DZYqA",1,970,2020,199,"Uganda","UGA","UGA",102,"Rep. of Korea","KOR","KOR",37,67,"0","-","0","0","0"
1,"0DZYqA",1,971,2021,199,"Uganda","UGA","UGA",102,"Rep. of Korea","KOR","KOR",38,50,"0","-","0","0","0"
1,"0DZYqA",1,972,2022,199,"Uganda","UGA","UGA",102,"Rep. of Korea","KOR","KOR",39,74,"0","-","0","0","0"
1,"0DZYqA",1,973,2023,199,"Uganda","UGA","UGA",102,"Rep. of Korea","KOR","KOR",39,125,"0","-","0","0","0"
1,"0DZYqA",1,974,2024,199,"Uganda","UGA","UGA",102,"Rep. of Korea","KOR","KOR",40,117,"0","-","0","0","0"
1,"0DZYqA",1,975,2025,199,"Uganda","UGA","UGA",102,"Rep. of Korea","KOR","KOR",41,104,"0","-","0","0","0"
1,"0DZYqA",1,976,2014,200,"Ukraine","UKR","UKR",102,"Rep. of Korea","KOR","KOR","0",7,"0","-","0","0","0"
1,"0DZYqA",1,977,2015,200,"Ukraine","UKR","UKR",102,"Rep. of Korea","KOR","KOR",5,17,"0","-","0","0","0"
1,"0DZYqA",1,978,2016,200,"Ukraine","UKR","UKR",102,"Rep. of Korea","KOR","KOR",8,11,"0","-","0","0","0"
1,"0DZYqA",1,979,2017,200,"Ukraine","UKR","UKR",102,"Rep. of Korea","KOR","KOR",12,18,"0","-","0","0","0"
1,"0DZYqA",1,980,2018,200,"Ukraine","UKR","UKR",102,"Rep. of Korea","KOR","KOR",14,59,"0","-","0","0","0"
1,"0DZYqA",1,981,2019,200,"Ukraine","UKR","UKR",102,"Rep. of Korea","KOR","KOR",14,64,"0","-","0","0","0"
1,"0DZYqA",1,982,2020,200,"Ukraine","UKR","UKR",102,"Rep. of Korea","KOR","KOR",14,30,"0","-","0","0","0"
1,"0DZYqA",1,983,2021,200,"Ukraine","UKR","UKR",102,"Rep. of Korea","KOR","KOR",14,24,"0","-","0","0","0"
1,"0DZYqA",1,984,2022,200,"Ukraine","UKR","UKR",102,"Rep. of Korea","KOR","KOR",17,22,"0","-","0","0","0"
1,"0DZYqA",1,985,2023,200,"Ukraine","UKR","UKR",102,"Rep. of Korea","KOR","KOR",20,29,"0","-","0","0","0"
1,"0DZYqA",1,986,2024,200,"Ukraine","UKR","UKR",102,"Rep. of Korea","KOR","KOR",23,37,"0","-","0","0","0"
1,"0DZYqA",1,987,2025,200,"Ukraine","UKR","UKR",102,"Rep. of Korea","KOR","KOR",23,39,"0","-","0","0","0"
1,"0DZYqA",1,988,2018,202,"United States of America","USA","USA",102,"Rep. of Korea","KOR","KOR","0",5,"0","-","0","0","0"
1,"0DZYqA",1,989,2019,202,"United States of America","USA","USA",102,"Rep. of Korea","KOR","KOR","0",5,"0","-","0","0","0"
1,"0DZYqA",1,990,2020,202,"United States of America","USA","USA",102,"Rep. of Korea","KOR","KOR","0",5,"0","-","0","0","0"
1,"0DZYqA",1,991,2021,202,"United States of America","USA","USA",102,"Rep. of Korea","KOR","KOR","0",5,"0","-","0","0","0"
1,"0DZYqA",1,992,2006,203,"Uzbekistan","UZB","UZB",102,"Rep. of Korea","KOR","KOR","0",5,"0","-","0","0","0"
1,"0DZYqA",1,993,2007,203,"Uzbekistan","UZB","UZB",102,"Rep. of Korea","KOR","KOR","0",5,"0","-","0","0","0"
1,"0DZYqA",1,994,2008,203,"Uzbekistan","UZB","UZB",102,"Rep. of Korea","KOR","KOR","0",5,"0","-","0","0","0"
1,"0DZYqA",1,995,2010,203,"Uzbekistan","UZB","UZB",102,"Rep. of Korea","KOR","KOR",7,"0","0","-","0","0","0"
1,"0DZYqA",1,996,2011,203,"Uzbekistan","UZB","UZB",102,"Rep. of Korea","KOR","KOR",7,"0","0","-","0","0","0"
1,"0DZYqA",1,997,2012,203,"Uzbekistan","UZB","UZB",102,"Rep. of Korea","KOR","KOR",8,"0","0","-","0","0","0"
1,"0DZYqA",1,998,2013,203,"Uzbekistan","UZB","UZB",102,"Rep. of Korea","KOR","KOR",8,"0","0","-","0","0","0"
1,"0DZYqA",1,999,2014,203,"Uzbekistan","UZB","UZB",102,"Rep. of Korea","KOR","KOR",8,5,"0","-","0","0","0"
1,"0DZYqA",1,1000,2015,203,"Uzbekistan","UZB","UZB",102,"Rep. of Korea","KOR","KOR",8,62,"0","-","0","0","0"
1,"0DZYqA",1,1001,2016,203,"Uzbekistan","UZB","UZB",102,"Rep. of Korea","KOR","KOR",8,89,"0","-","0","0","0"
1,"0DZYqA",1,1002,2017,203,"Uzbekistan","UZB","UZB",102,"Rep. of Korea","KOR","KOR",8,40,"0","-","0","0","0"
1,"0DZYqA",1,1003,2018,203,"Uzbekistan","UZB","UZB",102,"Rep. of Korea","KOR","KOR",9,150,"0","-","0","0","0"
1,"0DZYqA",1,1004,2019,203,"Uzbekistan","UZB","UZB",102,"Rep. of Korea","KOR","KOR",9,319,"0","-","0","0","0"
1,"0DZYqA",1,1005,2020,203,"Uzbekistan","UZB","UZB",102,"Rep. of Korea","KOR","KOR",9,306,"0","-","0","0","0"
1,"0DZYqA",1,1006,2021,203,"Uzbekistan","UZB","UZB",102,"Rep. of Korea","KOR","KOR",9,201,"0","-","0","0","0"
1,"0DZYqA",1,1007,2022,203,"Uzbekistan","UZB","UZB",102,"Rep. of Korea","KOR","KOR","0",235,"0","-","0","0","0"
1,"0DZYqA",1,1008,2023,203,"Uzbekistan","UZB","UZB",102,"Rep. of Korea","KOR","KOR","0",492,"0","-","0","0","0"
1,"0DZYqA",1,1009,2024,203,"Uzbekistan","UZB","UZB",102,"Rep. of Korea","KOR","KOR","0",693,"0","-","0","0","0"
1,"0DZYqA",1,1010,2025,203,"Uzbekistan","UZB","UZB",102,"Rep. of Korea","KOR","KOR","0",830,"0","-","0","0","0"
1,"0DZYqA",1,1011,2017,207,"Venezuela (Bolivarian Republic of)","VEN","VEN",102,"Rep. of Korea","KOR","KOR","0",5,"0","-","0","0","0"
1,"0DZYqA",1,1012,2018,207,"Venezuela (Bolivarian Republic of)","VEN","VEN",102,"Rep. of Korea","KOR","KOR","0",8,"0","-","0","0","0"
1,"0DZYqA",1,1013,2019,207,"Venezuela (Bolivarian Republic of)","VEN","VEN",102,"Rep. of Korea","KOR","KOR","0",14,"0","-","0","0","0"
1,"0DZYqA",1,1014,2020,207,"Venezuela (Bolivarian Republic of)","VEN","VEN",102,"Rep. of Korea","KOR","KOR","0",11,"0","-","0","0","0"
1,"0DZYqA",1,1015,2021,207,"Venezuela (Bolivarian Republic of)","VEN","VEN",102,"Rep. of Korea","KOR","KOR","0",12,"0","-","0","0","0"
1,"0DZYqA",1,1016,2013,211,"Yemen","YEM","YEM",102,"Rep. of Korea","KOR","KOR","0",33,"0","-","0","0","0"
1,"0DZYqA",1,1017,2014,211,"Yemen","YEM","YEM",102,"Rep. of Korea","KOR","KOR",5,140,"0","-","0","0","0"
1,"0DZYqA",1,1018,2015,211,"Yemen","YEM","YEM",102,"Rep. of Korea","KOR","KOR",5,114,"0","-","0","0","0"
1,"0DZYqA",1,1019,2016,211,"Yemen","YEM","YEM",102,"Rep. of Korea","KOR","KOR",11,143,"0","-","0","0","0"
1,"0DZYqA",1,1020,2017,211,"Yemen","YEM","YEM",102,"Rep. of Korea","KOR","KOR",50,201,"0","-","0","0","0"
1,"0DZYqA",1,1021,2018,211,"Yemen","YEM","YEM",102,"Rep. of Korea","KOR","KOR",483,308,"0","-","0","0","0"
1,"0DZYqA",1,1022,2019,211,"Yemen","YEM","YEM",102,"Rep. of Korea","KOR","KOR",682,124,"0","-","0","0","0"
1,"0DZYqA",1,1023,2020,211,"Yemen","YEM","YEM",102,"Rep. of Korea","KOR","KOR",795,26,"0","-","0","0","0"
1,"0DZYqA",1,1024,2021,211,"Yemen","YEM","YEM",102,"Rep. of Korea","KOR","KOR",813,18,"0","-","0","0","0"
1,"0DZYqA",1,1025,2022,211,"Yemen","YEM","YEM",102,"Rep. of Korea","KOR","KOR",829,62,"0","-","0","0","0"
1,"0DZYqA",1,1026,2023,211,"Yemen","YEM","YEM",102,"Rep. of Korea","KOR","KOR",837,131,"0","-","0","0","0"
1,"0DZYqA",1,1027,2024,211,"Yemen","YEM","YEM",102,"Rep. of Korea","KOR","KOR",848,136,"0","-","0","0","0"
1,"0DZYqA",1,1028,2025,211,"Yemen","YEM","YEM",102,"Rep. of Korea","KOR","KOR",853,112,"0","-","0","0","0"
1,"0DZYqA",1,1029,2017,214,"Zimbabwe","ZIM","ZWE",102,"Rep. of Korea","KOR","KOR","0",7,"0","-","0","0","0"
1,"0DZYqA",1,1030,2018,214,"Zimbabwe","ZIM","ZWE",102,"Rep. of Korea","KOR","KOR","0",11,"0","-","0","0","0"
1,"0DZYqA",1,1031,2019,214,"Zimbabwe","ZIM","ZWE",102,"Rep. of Korea","KOR","KOR","0",8,"0","-","0","0","0"
1,"0DZYqA",1,1032,2020,214,"Zimbabwe","ZIM","ZWE",102,"Rep. of Korea","KOR","KOR","0",11,"0","-","0","0","0"
1,"0DZYqA",1,1033,2021,214,"Zimbabwe","ZIM","ZWE",102,"Rep. of Korea","KOR","KOR","0",6,"0","-","0","0","0"
1,"0DZYqA",1,1034,2023,214,"Zimbabwe","ZIM","ZWE",102,"Rep. of Korea","KOR","KOR","0",10,"0","-","0","0","0"
1,"0DZYqA",1,1035,2024,214,"Zimbabwe","ZIM","ZWE",102,"Rep. of Korea","KOR","KOR","0",8,"0","-","0","0","0"
1,"0DZYqA",1,1036,2008,216,"Stateless","STA","XXA",102,"Rep. of Korea","KOR","KOR","0","0","0","-",236,"0","0"
1,"0DZYqA",1,1037,2009,216,"Stateless","STA","XXA",102,"Rep. of Korea","KOR","KOR","0","0","0","-",103,"0","0"
1,"0DZYqA",1,1038,2010,216,"Stateless","STA","XXA",102,"Rep. of Korea","KOR","KOR","0","0","0","-",179,"0","0"
1,"0DZYqA",1,1039,2011,216,"Stateless","STA","XXA",102,"Rep. of Korea","KOR","KOR","0","0","0","-",179,"0","0"
1,"0DZYqA",1,1040,2012,216,"Stateless","STA","XXA",102,"Rep. of Korea","KOR","KOR","0","0","0","-",179,"0","0"
1,"0DZYqA",1,1041,2013,216,"Stateless","STA","XXA",102,"Rep. of Korea","KOR","KOR","0","0","0","-",222,"0","0"
1,"0DZYqA",1,1042,2014,216,"Stateless","STA","XXA",102,"Rep. of Korea","KOR","KOR","0","0","0","-",204,"0","0"
1,"0DZYqA",1,1043,2015,216,"Stateless","STA","XXA",102,"Rep. of Korea","KOR","KOR","0","0","0","-",197,"0","0"
1,"0DZYqA",1,1044,2016,216,"Stateless","STA","XXA",102,"Rep. of Korea","KOR","KOR","0","0","0","-",197,"0","0"
1,"0DZYqA",1,1045,2017,216,"Stateless","STA","XXA",102,"Rep. of Korea","KOR","KOR","0","0","0","-",197,"0","0"
1,"0DZYqA",1,1046,2018,216,"Stateless","STA","XXA",102,"Rep. of Korea","KOR","KOR","0","0","0","-",197,"0","0"
1,"0DZYqA",1,1047,2019,216,"Stateless","STA","XXA",102,"Rep. of Korea","KOR","KOR","0",5,"0","-",202,"0","0"
1,"0DZYqA",1,1048,2020,216,"Stateless","STA","XXA",102,"Rep. of Korea","KOR","KOR","0",6,"0","-",203,"0","0"
1,"0DZYqA",1,1049,2021,216,"Stateless","STA","XXA",102,"Rep. of Korea","KOR","KOR","0",5,"0","-",202,"0","0"
1,"0DZYqA",1,1050,2022,216,"Stateless","STA","XXA",102,"Rep. of Korea","KOR","KOR",5,5,"0","-",241,"0","0"
1,"0DZYqA",1,1051,2023,216,"Stateless","STA","XXA",102,"Rep. of Korea","KOR","KOR",10,5,"0","-",246,"0","0"
1,"0DZYqA",1,1052,2024,216,"Stateless","STA","XXA",102,"Rep. of Korea","KOR","KOR",12,5,"0","-",248,"0","0"
1,"0DZYqA",1,1053,2025,216,"Stateless","STA","XXA",102,"Rep. of Korea","KOR","KOR",12,"0","0","-",243,"0","0"
1,"0DZYqA",1,1054,2009,262,"Unknown ","UKN","UNK",102,"Rep. of Korea","KOR","KOR","0",339,"0","-","0","0","0"
1,"0DZYqA",1,1055,2010,262,"Unknown ","UKN","UNK",102,"Rep. of Korea","KOR","KOR","0",288,"0","-","0","0","0"
1,"0DZYqA",1,1056,2011,262,"Unknown ","UKN","UNK",102,"Rep. of Korea","KOR","KOR","0",147,"0","-","0","0","0"
1,"0DZYqA",1,1057,2012,262,"Unknown ","UKN","UNK",102,"Rep. of Korea","KOR","KOR","0",215,"0","-","0","0","0"
1,"0DZYqA",1,1058,2013,262,"Unknown ","UKN","UNK",102,"Rep. of Korea","KOR","KOR","0",204,"0","-","0","0","0"
1,"0DZYqA",1,1059,2014,262,"Unknown ","UKN","UNK",102,"Rep. of Korea","KOR","KOR","0",381,"0","-","0","0","0"
1,"0DZYqA",1,1060,2021,262,"Unknown ","UKN","UNK",102,"Rep. of Korea","KOR","KOR","0",5,"0","-","0","0","0"
1,"0DZYqA",1,1061,2022,262,"Unknown ","UKN","UNK",102,"Rep. of Korea","KOR","KOR",88,287,"0","-","0","0","0"
1,"0DZYqA",1,1062,2023,262,"Unknown ","UKN","UNK",102,"Rep. of Korea","KOR","KOR",116,392,"0","-","0","0","0"
1,"0DZYqA",1,1063,2024,262,"Unknown ","UKN","UNK",102,"Rep. of Korea","KOR","KOR",113,338,"0","-","0","0","0"
1,"0DZYqA",1,1064,2025,262,"Unknown ","UKN","UNK",102,"Rep. of Korea","KOR","KOR",113,1025,"0","-","0","0","0"
