"page","short-url","maxPages","items","year","coo_id","coo_name","coo","coo_iso","coa_id","coa_name","coa","coa_iso","refugees","asylum_seekers","returned_refugees","idps","returned_idps","stateless","ooc","oip","hst"
1,"5uyLh0",1,1,2000,2,"Afghanistan","AFG","AFG",130,"Morocco","MOR","MAR",8,"0","0","0","0","0","0","-","0"
1,"5uyLh0",1,2,2001,2,"Afghanistan","AFG","AFG",130,"Morocco","MOR","MAR",8,"0","0","0","0","0","0","-","0"
1,"5uyLh0",1,3,2002,2,"Afghanistan","AFG","AFG",130,"Morocco","MOR","MAR",8,"0","0","0","0","0","0","-","0"
1,"5uyLh0",1,4,2003,2,"Afghanistan","AFG","AFG",130,"Morocco","MOR","MAR",8,"0","0","0","0","0","0","-","0"
1,"5uyLh0",1,5,2010,2,"Afghanistan","AFG","AFG",130,"Morocco","MOR","MAR",8,"0","0","0","0","0","0","-","0"
1,"5uyLh0",1,6,2011,2,"Afghanistan","AFG","AFG",130,"Morocco","MOR","MAR",8,"0","0","0","0","0","0","-","0"
1,"5uyLh0",1,7,2017,2,"Afghanistan","AFG","AFG",130,"Morocco","MOR","MAR",5,"0","0","0","0","0","0","-","0"
1,"5uyLh0",1,8,2018,2,"Afghanistan","AFG","AFG",130,"Morocco","MOR","MAR",5,5,"0","0","0","0","0","-","0"
1,"5uyLh0",1,9,2019,2,"Afghanistan","AFG","AFG",130,"Morocco","MOR","MAR",5,6,"0","0","0","0","0","-","0"
1,"5uyLh0",1,10,2020,2,"Afghanistan","AFG","AFG",130,"Morocco","MOR","MAR",5,5,"0","0","0","0","0","-","0"
1,"5uyLh0",1,11,2021,2,"Afghanistan","AFG","AFG",130,"Morocco","MOR","MAR",12,5,"0","0","0","0","0","-","0"
1,"5uyLh0",1,12,2022,2,"Afghanistan","AFG","AFG",130,"Morocco","MOR","MAR",12,18,"0","0","0","0","0","-","0"
1,"5uyLh0",1,13,2023,2,"Afghanistan","AFG","AFG",130,"Morocco","MOR","MAR",7,9,"0","0","0","0","0","-","0"
1,"5uyLh0",1,14,2024,2,"Afghanistan","AFG","AFG",130,"Morocco","MOR","MAR",13,24,"0","0","0","0","0","-","0"
1,"5uyLh0",1,15,2025,2,"Afghanistan","AFG","AFG",130,"Morocco","MOR","MAR",16,20,"0","0","0","0","0","-","0"
1,"5uyLh0",1,16,1995,4,"Algeria","ALG","DZA",130,"Morocco","MOR","MAR",5,"0","0","0","0","0","0","-","0"
1,"5uyLh0",1,17,1996,4,"Algeria","ALG","DZA",130,"Morocco","MOR","MAR",6,"0","0","0","0","0","0","-","0"
1,"5uyLh0",1,18,1997,4,"Algeria","ALG","DZA",130,"Morocco","MOR","MAR",5,"0","0","0","0","0","0","-","0"
1,"5uyLh0",1,19,2000,4,"Algeria","ALG","DZA",130,"Morocco","MOR","MAR",26,"0","0","0","0","0","0","-","0"
1,"5uyLh0",1,20,2001,4,"Algeria","ALG","DZA",130,"Morocco","MOR","MAR",26,5,"0","0","0","0","0","-","0"
1,"5uyLh0",1,21,2002,4,"Algeria","ALG","DZA",130,"Morocco","MOR","MAR",26,6,"0","0","0","0","0","-","0"
1,"5uyLh0",1,22,2003,4,"Algeria","ALG","DZA",130,"Morocco","MOR","MAR",25,6,"0","0","0","0","0","-","0"
1,"5uyLh0",1,23,2004,4,"Algeria","ALG","DZA",130,"Morocco","MOR","MAR",7,6,"0","0","0","0","0","-","0"
1,"5uyLh0",1,24,2005,4,"Algeria","ALG","DZA",130,"Morocco","MOR","MAR",7,"0","0","0","0","0","0","-","0"
1,"5uyLh0",1,25,2006,4,"Algeria","ALG","DZA",130,"Morocco","MOR","MAR",7,"0","0","0","0","0","0","-","0"
1,"5uyLh0",1,26,2007,4,"Algeria","ALG","DZA",130,"Morocco","MOR","MAR",7,5,"0","0","0","0","0","-","0"
1,"5uyLh0",1,27,2008,4,"Algeria","ALG","DZA",130,"Morocco","MOR","MAR",5,5,"0","0","0","0","0","-","0"
1,"5uyLh0",1,28,2009,4,"Algeria","ALG","DZA",130,"Morocco","MOR","MAR",5,5,"0","0","0","0","0","-","0"
1,"5uyLh0",1,29,2010,4,"Algeria","ALG","DZA",130,"Morocco","MOR","MAR","0",5,"0","0","0","0","0","-","0"
1,"5uyLh0",1,30,2012,4,"Algeria","ALG","DZA",130,"Morocco","MOR","MAR","0",5,"0","0","0","0","0","-","0"
1,"5uyLh0",1,31,2013,4,"Algeria","ALG","DZA",130,"Morocco","MOR","MAR","0",5,"0","0","0","0","0","-","0"
1,"5uyLh0",1,32,2014,4,"Algeria","ALG","DZA",130,"Morocco","MOR","MAR","0",10,"0","0","0","0","0","-","0"
1,"5uyLh0",1,33,2015,4,"Algeria","ALG","DZA",130,"Morocco","MOR","MAR","0",5,"0","0","0","0","0","-","0"
1,"5uyLh0",1,34,2016,4,"Algeria","ALG","DZA",130,"Morocco","MOR","MAR",5,10,"0","0","0","0","0","-","0"
1,"5uyLh0",1,35,2017,4,"Algeria","ALG","DZA",130,"Morocco","MOR","MAR",5,5,"0","0","0","0","0","-","0"
1,"5uyLh0",1,36,2018,4,"Algeria","ALG","DZA",130,"Morocco","MOR","MAR",6,10,"0","0","0","0","0","-","0"
1,"5uyLh0",1,37,2019,4,"Algeria","ALG","DZA",130,"Morocco","MOR","MAR",9,5,"0","0","0","0","0","-","0"
1,"5uyLh0",1,38,2020,4,"Algeria","ALG","DZA",130,"Morocco","MOR","MAR",9,14,"0","0","0","0","0","-","0"
1,"5uyLh0",1,39,2021,4,"Algeria","ALG","DZA",130,"Morocco","MOR","MAR",10,14,"0","0","0","0","0","-","0"
1,"5uyLh0",1,40,2022,4,"Algeria","ALG","DZA",130,"Morocco","MOR","MAR",9,21,"0","0","0","0","0","-","0"
1,"5uyLh0",1,41,2023,4,"Algeria","ALG","DZA",130,"Morocco","MOR","MAR",10,31,"0","0","0","0","0","-","0"
1,"5uyLh0",1,42,2024,4,"Algeria","ALG","DZA",130,"Morocco","MOR","MAR",22,35,"0","0","0","0","0","-","0"
1,"5uyLh0",1,43,2025,4,"Algeria","ALG","DZA",130,"Morocco","MOR","MAR",21,40,"0","0","0","0","0","-","0"
1,"5uyLh0",1,44,2000,6,"Angola","ANG","AGO",130,"Morocco","MOR","MAR",8,"0","0","0","0","0","0","-","0"
1,"5uyLh0",1,45,2001,6,"Angola","ANG","AGO",130,"Morocco","MOR","MAR",8,"0","0","0","0","0","0","-","0"
1,"5uyLh0",1,46,2002,6,"Angola","ANG","AGO",130,"Morocco","MOR","MAR",9,"0","0","0","0","0","0","-","0"
1,"5uyLh0",1,47,2003,6,"Angola","ANG","AGO",130,"Morocco","MOR","MAR",9,"0","0","0","0","0","0","-","0"
1,"5uyLh0",1,48,2005,6,"Angola","ANG","AGO",130,"Morocco","MOR","MAR","0",5,"0","0","0","0","0","-","0"
1,"5uyLh0",1,49,2006,6,"Angola","ANG","AGO",130,"Morocco","MOR","MAR","0",5,"0","0","0","0","0","-","0"
1,"5uyLh0",1,50,2007,6,"Angola","ANG","AGO",130,"Morocco","MOR","MAR",5,6,"0","0","0","0","0","-","0"
1,"5uyLh0",1,51,2008,6,"Angola","ANG","AGO",130,"Morocco","MOR","MAR",5,10,"0","0","0","0","0","-","0"
1,"5uyLh0",1,52,2009,6,"Angola","ANG","AGO",130,"Morocco","MOR","MAR",5,"0","0","0","0","0","0","-","0"
1,"5uyLh0",1,53,2010,6,"Angola","ANG","AGO",130,"Morocco","MOR","MAR",5,5,"0","0","0","0","0","-","0"
1,"5uyLh0",1,54,2013,6,"Angola","ANG","AGO",130,"Morocco","MOR","MAR","0",8,"0","0","0","0","0","-","0"
1,"5uyLh0",1,55,2014,6,"Angola","ANG","AGO",130,"Morocco","MOR","MAR","0",6,"0","0","0","0","0","-","0"
1,"5uyLh0",1,56,2020,6,"Angola","ANG","AGO",130,"Morocco","MOR","MAR","0",5,"0","0","0","0","0","-","0"
1,"5uyLh0",1,57,2021,6,"Angola","ANG","AGO",130,"Morocco","MOR","MAR","0",6,"0","0","0","0","0","-","0"
1,"5uyLh0",1,58,2022,6,"Angola","ANG","AGO",130,"Morocco","MOR","MAR","0",5,"0","0","0","0","0","-","0"
1,"5uyLh0",1,59,2023,6,"Angola","ANG","AGO",130,"Morocco","MOR","MAR","0",5,"0","0","0","0","0","-","0"
1,"5uyLh0",1,60,2000,8,"Egypt","ARE","EGY",130,"Morocco","MOR","MAR",5,"0","0","0","0","0","0","-","0"
1,"5uyLh0",1,61,2001,8,"Egypt","ARE","EGY",130,"Morocco","MOR","MAR",5,"0","0","0","0","0","0","-","0"
1,"5uyLh0",1,62,2002,8,"Egypt","ARE","EGY",130,"Morocco","MOR","MAR",5,"0","0","0","0","0","0","-","0"
1,"5uyLh0",1,63,2003,8,"Egypt","ARE","EGY",130,"Morocco","MOR","MAR",5,"0","0","0","0","0","0","-","0"
1,"5uyLh0",1,64,2017,8,"Egypt","ARE","EGY",130,"Morocco","MOR","MAR","0",5,"0","0","0","0","0","-","0"
1,"5uyLh0",1,65,2018,8,"Egypt","ARE","EGY",130,"Morocco","MOR","MAR","0",5,"0","0","0","0","0","-","0"
1,"5uyLh0",1,66,2019,8,"Egypt","ARE","EGY",130,"Morocco","MOR","MAR","0",5,"0","0","0","0","0","-","0"
1,"5uyLh0",1,67,2020,8,"Egypt","ARE","EGY",130,"Morocco","MOR","MAR",5,10,"0","0","0","0","0","-","0"
1,"5uyLh0",1,68,2021,8,"Egypt","ARE","EGY",130,"Morocco","MOR","MAR",5,11,"0","0","0","0","0","-","0"
1,"5uyLh0",1,69,2022,8,"Egypt","ARE","EGY",130,"Morocco","MOR","MAR",5,13,"0","0","0","0","0","-","0"
1,"5uyLh0",1,70,2023,8,"Egypt","ARE","EGY",130,"Morocco","MOR","MAR",5,13,"0","0","0","0","0","-","0"
1,"5uyLh0",1,71,2024,8,"Egypt","ARE","EGY",130,"Morocco","MOR","MAR",5,9,"0","0","0","0","0","-","0"
1,"5uyLh0",1,72,2025,8,"Egypt","ARE","EGY",130,"Morocco","MOR","MAR",5,10,"0","0","0","0","0","-","0"
1,"5uyLh0",1,73,2000,10,"Armenia","ARM","ARM",130,"Morocco","MOR","MAR",8,"0","0","0","0","0","0","-","0"
1,"5uyLh0",1,74,2001,10,"Armenia","ARM","ARM",130,"Morocco","MOR","MAR",8,"0","0","0","0","0","0","-","0"
1,"5uyLh0",1,75,2000,16,"Burundi","BDI","BDI",130,"Morocco","MOR","MAR",7,"0","0","0","0","0","0","-","0"
1,"5uyLh0",1,76,2001,16,"Burundi","BDI","BDI",130,"Morocco","MOR","MAR",7,"0","0","0","0","0","0","-","0"
1,"5uyLh0",1,77,2002,16,"Burundi","BDI","BDI",130,"Morocco","MOR","MAR",7,"0","0","0","0","0","0","-","0"
1,"5uyLh0",1,78,2003,16,"Burundi","BDI","BDI",130,"Morocco","MOR","MAR",6,"0","0","0","0","0","0","-","0"
1,"5uyLh0",1,79,2016,16,"Burundi","BDI","BDI",130,"Morocco","MOR","MAR","0",5,"0","0","0","0","0","-","0"
1,"5uyLh0",1,80,2019,16,"Burundi","BDI","BDI",130,"Morocco","MOR","MAR","0",5,"0","0","0","0","0","-","0"
1,"5uyLh0",1,81,2020,16,"Burundi","BDI","BDI",130,"Morocco","MOR","MAR",7,"0","0","0","0","0","0","-","0"
1,"5uyLh0",1,82,2021,16,"Burundi","BDI","BDI",130,"Morocco","MOR","MAR",8,"0","0","0","0","0","0","-","0"
1,"5uyLh0",1,83,2022,16,"Burundi","BDI","BDI",130,"Morocco","MOR","MAR",9,"0","0","0","0","0","0","-","0"
1,"5uyLh0",1,84,2023,16,"Burundi","BDI","BDI",130,"Morocco","MOR","MAR",9,"0","0","0","0","0","0","-","0"
1,"5uyLh0",1,85,2024,16,"Burundi","BDI","BDI",130,"Morocco","MOR","MAR",6,"0","0","0","0","0","0","-","0"
1,"5uyLh0",1,86,2025,16,"Burundi","BDI","BDI",130,"Morocco","MOR","MAR",9,"0","0","0","0","0","0","-","0"
1,"5uyLh0",1,87,2005,18,"Benin","BEN","BEN",130,"Morocco","MOR","MAR","0",12,"0","0","0","0","0","-","0"
1,"5uyLh0",1,88,2006,18,"Benin","BEN","BEN",130,"Morocco","MOR","MAR","0",8,"0","0","0","0","0","-","0"
1,"5uyLh0",1,89,2011,18,"Benin","BEN","BEN",130,"Morocco","MOR","MAR","0",8,"0","0","0","0","0","-","0"
1,"5uyLh0",1,90,2012,18,"Benin","BEN","BEN",130,"Morocco","MOR","MAR","0",10,"0","0","0","0","0","-","0"
1,"5uyLh0",1,91,2013,18,"Benin","BEN","BEN",130,"Morocco","MOR","MAR","0",24,"0","0","0","0","0","-","0"
1,"5uyLh0",1,92,2014,18,"Benin","BEN","BEN",130,"Morocco","MOR","MAR","0",7,"0","0","0","0","0","-","0"
1,"5uyLh0",1,93,2015,18,"Benin","BEN","BEN",130,"Morocco","MOR","MAR","0",7,"0","0","0","0","0","-","0"
1,"5uyLh0",1,94,2016,18,"Benin","BEN","BEN",130,"Morocco","MOR","MAR","0",7,"0","0","0","0","0","-","0"
1,"5uyLh0",1,95,2017,18,"Benin","BEN","BEN",130,"Morocco","MOR","MAR","0",5,"0","0","0","0","0","-","0"
1,"5uyLh0",1,96,2018,18,"Benin","BEN","BEN",130,"Morocco","MOR","MAR","0",5,"0","0","0","0","0","-","0"
1,"5uyLh0",1,97,2019,18,"Benin","BEN","BEN",130,"Morocco","MOR","MAR","0",5,"0","0","0","0","0","-","0"
1,"5uyLh0",1,98,2021,18,"Benin","BEN","BEN",130,"Morocco","MOR","MAR","0",5,"0","0","0","0","0","-","0"
1,"5uyLh0",1,99,2022,18,"Benin","BEN","BEN",130,"Morocco","MOR","MAR","0",7,"0","0","0","0","0","-","0"
1,"5uyLh0",1,100,2023,18,"Benin","BEN","BEN",130,"Morocco","MOR","MAR","0",7,"0","0","0","0","0","-","0"
1,"5uyLh0",1,101,2024,18,"Benin","BEN","BEN",130,"Morocco","MOR","MAR","0",17,"0","0","0","0","0","-","0"
1,"5uyLh0",1,102,2025,18,"Benin","BEN","BEN",130,"Morocco","MOR","MAR","0",15,"0","0","0","0","0","-","0"
1,"5uyLh0",1,103,2009,20,"Bangladesh","BGD","BGD",130,"Morocco","MOR","MAR","0",5,"0","0","0","0","0","-","0"
1,"5uyLh0",1,104,2013,20,"Bangladesh","BGD","BGD",130,"Morocco","MOR","MAR","0",8,"0","0","0","0","0","-","0"
1,"5uyLh0",1,105,2014,20,"Bangladesh","BGD","BGD",130,"Morocco","MOR","MAR","0",5,"0","0","0","0","0","-","0"
1,"5uyLh0",1,106,2015,20,"Bangladesh","BGD","BGD",130,"Morocco","MOR","MAR","0",5,"0","0","0","0","0","-","0"
1,"5uyLh0",1,107,2016,20,"Bangladesh","BGD","BGD",130,"Morocco","MOR","MAR","0",7,"0","0","0","0","0","-","0"
1,"5uyLh0",1,108,2019,20,"Bangladesh","BGD","BGD",130,"Morocco","MOR","MAR","0",132,"0","0","0","0","0","-","0"
1,"5uyLh0",1,109,2020,20,"Bangladesh","BGD","BGD",130,"Morocco","MOR","MAR","0",132,"0","0","0","0","0","-","0"
1,"5uyLh0",1,110,2021,20,"Bangladesh","BGD","BGD",130,"Morocco","MOR","MAR","0",72,"0","0","0","0","0","-","0"
1,"5uyLh0",1,111,2022,20,"Bangladesh","BGD","BGD",130,"Morocco","MOR","MAR","0",16,"0","0","0","0","0","-","0"
1,"5uyLh0",1,112,2023,20,"Bangladesh","BGD","BGD",130,"Morocco","MOR","MAR","0",14,"0","0","0","0","0","-","0"
1,"5uyLh0",1,113,2024,20,"Bangladesh","BGD","BGD",130,"Morocco","MOR","MAR","0",10,"0","0","0","0","0","-","0"
1,"5uyLh0",1,114,2025,20,"Bangladesh","BGD","BGD",130,"Morocco","MOR","MAR","0",17,"0","0","0","0","0","-","0"
1,"5uyLh0",1,115,2000,23,"Burkina Faso","BKF","BFA",130,"Morocco","MOR","MAR",6,"0","0","0","0","0","0","-","0"
1,"5uyLh0",1,116,2001,23,"Burkina Faso","BKF","BFA",130,"Morocco","MOR","MAR",6,"0","0","0","0","0","0","-","0"
1,"5uyLh0",1,117,2002,23,"Burkina Faso","BKF","BFA",130,"Morocco","MOR","MAR",6,"0","0","0","0","0","0","-","0"
1,"5uyLh0",1,118,2003,23,"Burkina Faso","BKF","BFA",130,"Morocco","MOR","MAR",6,"0","0","0","0","0","0","-","0"
1,"5uyLh0",1,119,2006,23,"Burkina Faso","BKF","BFA",130,"Morocco","MOR","MAR","0",5,"0","0","0","0","0","-","0"
1,"5uyLh0",1,120,2012,23,"Burkina Faso","BKF","BFA",130,"Morocco","MOR","MAR","0",6,"0","0","0","0","0","-","0"
1,"5uyLh0",1,121,2013,23,"Burkina Faso","BKF","BFA",130,"Morocco","MOR","MAR","0",10,"0","0","0","0","0","-","0"
1,"5uyLh0",1,122,2014,23,"Burkina Faso","BKF","BFA",130,"Morocco","MOR","MAR","0",5,"0","0","0","0","0","-","0"
1,"5uyLh0",1,123,2015,23,"Burkina Faso","BKF","BFA",130,"Morocco","MOR","MAR","0",6,"0","0","0","0","0","-","0"
1,"5uyLh0",1,124,2016,23,"Burkina Faso","BKF","BFA",130,"Morocco","MOR","MAR","0",11,"0","0","0","0","0","-","0"
1,"5uyLh0",1,125,2017,23,"Burkina Faso","BKF","BFA",130,"Morocco","MOR","MAR","0",13,"0","0","0","0","0","-","0"
1,"5uyLh0",1,126,2018,23,"Burkina Faso","BKF","BFA",130,"Morocco","MOR","MAR","0",6,"0","0","0","0","0","-","0"
1,"5uyLh0",1,127,2019,23,"Burkina Faso","BKF","BFA",130,"Morocco","MOR","MAR","0",25,"0","0","0","0","0","-","0"
1,"5uyLh0",1,128,2020,23,"Burkina Faso","BKF","BFA",130,"Morocco","MOR","MAR","0",35,"0","0","0","0","0","-","0"
1,"5uyLh0",1,129,2021,23,"Burkina Faso","BKF","BFA",130,"Morocco","MOR","MAR","0",38,"0","0","0","0","0","-","0"
1,"5uyLh0",1,130,2022,23,"Burkina Faso","BKF","BFA",130,"Morocco","MOR","MAR",7,45,"0","0","0","0","0","-","0"
1,"5uyLh0",1,131,2023,23,"Burkina Faso","BKF","BFA",130,"Morocco","MOR","MAR",7,42,"0","0","0","0","0","-","0"
1,"5uyLh0",1,132,2024,23,"Burkina Faso","BKF","BFA",130,"Morocco","MOR","MAR",8,69,"0","0","0","0","0","-","0"
1,"5uyLh0",1,133,2025,23,"Burkina Faso","BKF","BFA",130,"Morocco","MOR","MAR",9,78,"0","0","0","0","0","-","0"
1,"5uyLh0",1,134,2000,29,"Bosnia and Herzegovina","BSN","BIH",130,"Morocco","MOR","MAR",9,"0","0","0","0","0","0","-","0"
1,"5uyLh0",1,135,2001,29,"Bosnia and Herzegovina","BSN","BIH",130,"Morocco","MOR","MAR",9,"0","0","0","0","0","0","-","0"
1,"5uyLh0",1,136,2002,29,"Bosnia and Herzegovina","BSN","BIH",130,"Morocco","MOR","MAR",9,"0","0","0","0","0","0","-","0"
1,"5uyLh0",1,137,2003,29,"Bosnia and Herzegovina","BSN","BIH",130,"Morocco","MOR","MAR",8,"0","0","0","0","0","0","-","0"
1,"5uyLh0",1,138,2000,30,"Bulgaria","BUL","BGR",130,"Morocco","MOR","MAR",9,"0","0","0","0","0","0","-","0"
1,"5uyLh0",1,139,2001,30,"Bulgaria","BUL","BGR",130,"Morocco","MOR","MAR",9,"0","0","0","0","0","0","-","0"
1,"5uyLh0",1,140,2002,30,"Bulgaria","BUL","BGR",130,"Morocco","MOR","MAR",9,"0","0","0","0","0","0","-","0"
1,"5uyLh0",1,141,2003,30,"Bulgaria","BUL","BGR",130,"Morocco","MOR","MAR",9,"0","0","0","0","0","0","-","0"
1,"5uyLh0",1,142,2000,32,"Cambodia","CAM","KHM",130,"Morocco","MOR","MAR",6,"0","0","0","0","0","0","-","0"
1,"5uyLh0",1,143,2001,32,"Cambodia","CAM","KHM",130,"Morocco","MOR","MAR",6,"0","0","0","0","0","0","-","0"
1,"5uyLh0",1,144,2002,32,"Cambodia","CAM","KHM",130,"Morocco","MOR","MAR",6,"0","0","0","0","0","0","-","0"
1,"5uyLh0",1,145,2003,32,"Cambodia","CAM","KHM",130,"Morocco","MOR","MAR",6,"0","0","0","0","0","0","-","0"
1,"5uyLh0",1,146,2001,34,"Central African Rep.","CAR","CAF",130,"Morocco","MOR","MAR","0",5,"0","0","0","0","0","-","0"
1,"5uyLh0",1,147,2002,34,"Central African Rep.","CAR","CAF",130,"Morocco","MOR","MAR","0",5,"0","0","0","0","0","-","0"
1,"5uyLh0",1,148,2003,34,"Central African Rep.","CAR","CAF",130,"Morocco","MOR","MAR","0",5,"0","0","0","0","0","-","0"
1,"5uyLh0",1,149,2004,34,"Central African Rep.","CAR","CAF",130,"Morocco","MOR","MAR","0",5,"0","0","0","0","0","-","0"
1,"5uyLh0",1,150,2005,34,"Central African Rep.","CAR","CAF",130,"Morocco","MOR","MAR","0",5,"0","0","0","0","0","-","0"
1,"5uyLh0",1,151,2006,34,"Central African Rep.","CAR","CAF",130,"Morocco","MOR","MAR","0",5,"0","0","0","0","0","-","0"
1,"5uyLh0",1,152,2007,34,"Central African Rep.","CAR","CAF",130,"Morocco","MOR","MAR","0",5,"0","0","0","0","0","-","0"
1,"5uyLh0",1,153,2009,34,"Central African Rep.","CAR","CAF",130,"Morocco","MOR","MAR",5,"0","0","0","0","0","0","-","0"
1,"5uyLh0",1,154,2010,34,"Central African Rep.","CAR","CAF",130,"Morocco","MOR","MAR",5,5,"0","0","0","0","0","-","0"
1,"5uyLh0",1,155,2011,34,"Central African Rep.","CAR","CAF",130,"Morocco","MOR","MAR",5,5,"0","0","0","0","0","-","0"
1,"5uyLh0",1,156,2012,34,"Central African Rep.","CAR","CAF",130,"Morocco","MOR","MAR",5,7,"0","0","0","0","0","-","0"
1,"5uyLh0",1,157,2013,34,"Central African Rep.","CAR","CAF",130,"Morocco","MOR","MAR",5,69,"0","0","0","0","0","-","0"
1,"5uyLh0",1,158,2014,34,"Central African Rep.","CAR","CAF",130,"Morocco","MOR","MAR",5,97,"0","0","0","0","0","-","0"
1,"5uyLh0",1,159,2015,34,"Central African Rep.","CAR","CAF",130,"Morocco","MOR","MAR",71,103,"0","0","0","0","0","-","0"
1,"5uyLh0",1,160,2016,34,"Central African Rep.","CAR","CAF",130,"Morocco","MOR","MAR",173,50,"0","0","0","0","0","-","0"
1,"5uyLh0",1,161,2017,34,"Central African Rep.","CAR","CAF",130,"Morocco","MOR","MAR",243,56,"0","0","0","0","0","-","0"
1,"5uyLh0",1,162,2018,34,"Central African Rep.","CAR","CAF",130,"Morocco","MOR","MAR",408,32,"0","0","0","0","0","-","0"
1,"5uyLh0",1,163,2019,34,"Central African Rep.","CAR","CAF",130,"Morocco","MOR","MAR",560,29,"0","0","0","0","0","-","0"
1,"5uyLh0",1,164,2020,34,"Central African Rep.","CAR","CAF",130,"Morocco","MOR","MAR",585,198,"0","0","0","0","0","-","0"
1,"5uyLh0",1,165,2021,34,"Central African Rep.","CAR","CAF",130,"Morocco","MOR","MAR",594,394,"0","0","0","0","0","-","0"
1,"5uyLh0",1,166,2022,34,"Central African Rep.","CAR","CAF",130,"Morocco","MOR","MAR",605,537,"0","0","0","0","0","-","0"
1,"5uyLh0",1,167,2023,34,"Central African Rep.","CAR","CAF",130,"Morocco","MOR","MAR",621,703,"0","0","0","0","0","-","0"
1,"5uyLh0",1,168,2024,34,"Central African Rep.","CAR","CAF",130,"Morocco","MOR","MAR",478,815,"0","0","0","0","0","-","0"
1,"5uyLh0",1,169,2025,34,"Central African Rep.","CAR","CAF",130,"Morocco","MOR","MAR",377,861,"0","0","0","0","0","-","0"
1,"5uyLh0",1,170,2000,36,"Chad","CHD","TCD",130,"Morocco","MOR","MAR",9,"0","0","0","0","0","0","-","0"
1,"5uyLh0",1,171,2001,36,"Chad","CHD","TCD",130,"Morocco","MOR","MAR",9,7,"0","0","0","0","0","-","0"
1,"5uyLh0",1,172,2002,36,"Chad","CHD","TCD",130,"Morocco","MOR","MAR",10,"0","0","0","0","0","0","-","0"
1,"5uyLh0",1,173,2003,36,"Chad","CHD","TCD",130,"Morocco","MOR","MAR",10,"0","0","0","0","0","0","-","0"
1,"5uyLh0",1,174,2005,36,"Chad","CHD","TCD",130,"Morocco","MOR","MAR","0",5,"0","0","0","0","0","-","0"
1,"5uyLh0",1,175,2006,36,"Chad","CHD","TCD",130,"Morocco","MOR","MAR","0",5,"0","0","0","0","0","-","0"
1,"5uyLh0",1,176,2007,36,"Chad","CHD","TCD",130,"Morocco","MOR","MAR","0",5,"0","0","0","0","0","-","0"
1,"5uyLh0",1,177,2008,36,"Chad","CHD","TCD",130,"Morocco","MOR","MAR",5,5,"0","0","0","0","0","-","0"
1,"5uyLh0",1,178,2009,36,"Chad","CHD","TCD",130,"Morocco","MOR","MAR",5,"0","0","0","0","0","0","-","0"
1,"5uyLh0",1,179,2010,36,"Chad","CHD","TCD",130,"Morocco","MOR","MAR",5,"0","0","0","0","0","0","-","0"
1,"5uyLh0",1,180,2011,36,"Chad","CHD","TCD",130,"Morocco","MOR","MAR",5,"0","0","0","0","0","0","-","0"
1,"5uyLh0",1,181,2012,36,"Chad","CHD","TCD",130,"Morocco","MOR","MAR",5,5,"0","0","0","0","0","-","0"
1,"5uyLh0",1,182,2013,36,"Chad","CHD","TCD",130,"Morocco","MOR","MAR","0",11,"0","0","0","0","0","-","0"
1,"5uyLh0",1,183,2014,36,"Chad","CHD","TCD",130,"Morocco","MOR","MAR","0",7,"0","0","0","0","0","-","0"
1,"5uyLh0",1,184,2017,36,"Chad","CHD","TCD",130,"Morocco","MOR","MAR",5,6,"0","0","0","0","0","-","0"
1,"5uyLh0",1,185,2018,36,"Chad","CHD","TCD",130,"Morocco","MOR","MAR",5,5,"0","0","0","0","0","-","0"
1,"5uyLh0",1,186,2019,36,"Chad","CHD","TCD",130,"Morocco","MOR","MAR",5,14,"0","0","0","0","0","-","0"
1,"5uyLh0",1,187,2020,36,"Chad","CHD","TCD",130,"Morocco","MOR","MAR",5,23,"0","0","0","0","0","-","0"
1,"5uyLh0",1,188,2021,36,"Chad","CHD","TCD",130,"Morocco","MOR","MAR",5,50,"0","0","0","0","0","-","0"
1,"5uyLh0",1,189,2022,36,"Chad","CHD","TCD",130,"Morocco","MOR","MAR",8,110,"0","0","0","0","0","-","0"
1,"5uyLh0",1,190,2023,36,"Chad","CHD","TCD",130,"Morocco","MOR","MAR",10,158,"0","0","0","0","0","-","0"
1,"5uyLh0",1,191,2024,36,"Chad","CHD","TCD",130,"Morocco","MOR","MAR",8,126,"0","0","0","0","0","-","0"
1,"5uyLh0",1,192,2025,36,"Chad","CHD","TCD",130,"Morocco","MOR","MAR",7,160,"0","0","0","0","0","-","0"
1,"5uyLh0",1,193,2000,37,"China","CHI","CHN",130,"Morocco","MOR","MAR",8,"0","0","0","0","0","0","-","0"
1,"5uyLh0",1,194,2001,37,"China","CHI","CHN",130,"Morocco","MOR","MAR",8,"0","0","0","0","0","0","-","0"
1,"5uyLh0",1,195,2002,37,"China","CHI","CHN",130,"Morocco","MOR","MAR",8,"0","0","0","0","0","0","-","0"
1,"5uyLh0",1,196,2003,37,"China","CHI","CHN",130,"Morocco","MOR","MAR",7,"0","0","0","0","0","0","-","0"
1,"5uyLh0",1,197,2004,37,"China","CHI","CHN",130,"Morocco","MOR","MAR",5,"0","0","0","0","0","0","-","0"
1,"5uyLh0",1,198,2005,37,"China","CHI","CHN",130,"Morocco","MOR","MAR",5,"0","0","0","0","0","0","-","0"
1,"5uyLh0",1,199,2006,37,"China","CHI","CHN",130,"Morocco","MOR","MAR",5,"0","0","0","0","0","0","-","0"
1,"5uyLh0",1,200,2007,37,"China","CHI","CHN",130,"Morocco","MOR","MAR",5,"0","0","0","0","0","0","-","0"
1,"5uyLh0",1,201,2008,37,"China","CHI","CHN",130,"Morocco","MOR","MAR",5,"0","0","0","0","0","0","-","0"
1,"5uyLh0",1,202,2023,37,"China","CHI","CHN",130,"Morocco","MOR","MAR",5,"0","0","0","0","0","0","-","0"
1,"5uyLh0",1,203,2024,37,"China","CHI","CHN",130,"Morocco","MOR","MAR",5,"0","0","0","0","0","0","-","0"
1,"5uyLh0",1,204,2000,39,"Cameroon","CMR","CMR",130,"Morocco","MOR","MAR",5,"0","0","0","0","0","0","-","0"
1,"5uyLh0",1,205,2001,39,"Cameroon","CMR","CMR",130,"Morocco","MOR","MAR",5,"0","0","0","0","0","0","-","0"
1,"5uyLh0",1,206,2002,39,"Cameroon","CMR","CMR",130,"Morocco","MOR","MAR",5,5,"0","0","0","0","0","-","0"
1,"5uyLh0",1,207,2003,39,"Cameroon","CMR","CMR",130,"Morocco","MOR","MAR",5,5,"0","0","0","0","0","-","0"
1,"5uyLh0",1,208,2004,39,"Cameroon","CMR","CMR",130,"Morocco","MOR","MAR","0",5,"0","0","0","0","0","-","0"
1,"5uyLh0",1,209,2005,39,"Cameroon","CMR","CMR",130,"Morocco","MOR","MAR","0",39,"0","0","0","0","0","-","0"
1,"5uyLh0",1,210,2006,39,"Cameroon","CMR","CMR",130,"Morocco","MOR","MAR",5,27,"0","0","0","0","0","-","0"
1,"5uyLh0",1,211,2007,39,"Cameroon","CMR","CMR",130,"Morocco","MOR","MAR",5,18,"0","0","0","0","0","-","0"
1,"5uyLh0",1,212,2008,39,"Cameroon","CMR","CMR",130,"Morocco","MOR","MAR",5,29,"0","0","0","0","0","-","0"
1,"5uyLh0",1,213,2009,39,"Cameroon","CMR","CMR",130,"Morocco","MOR","MAR",6,14,"0","0","0","0","0","-","0"
1,"5uyLh0",1,214,2010,39,"Cameroon","CMR","CMR",130,"Morocco","MOR","MAR",8,7,"0","0","0","0","0","-","0"
1,"5uyLh0",1,215,2011,39,"Cameroon","CMR","CMR",130,"Morocco","MOR","MAR",6,18,"0","0","0","0","0","-","0"
1,"5uyLh0",1,216,2012,39,"Cameroon","CMR","CMR",130,"Morocco","MOR","MAR",6,103,"0","0","0","0","0","-","0"
1,"5uyLh0",1,217,2013,39,"Cameroon","CMR","CMR",130,"Morocco","MOR","MAR",14,343,"0","0","0","0","0","-","0"
1,"5uyLh0",1,218,2014,39,"Cameroon","CMR","CMR",130,"Morocco","MOR","MAR",15,169,"0","0","0","0","0","-","0"
1,"5uyLh0",1,219,2015,39,"Cameroon","CMR","CMR",130,"Morocco","MOR","MAR",55,194,"0","0","0","0","0","-","0"
1,"5uyLh0",1,220,2016,39,"Cameroon","CMR","CMR",130,"Morocco","MOR","MAR",65,473,"0","0","0","0","0","-","0"
1,"5uyLh0",1,221,2017,39,"Cameroon","CMR","CMR",130,"Morocco","MOR","MAR",79,535,"0","0","0","0","0","-","0"
1,"5uyLh0",1,222,2018,39,"Cameroon","CMR","CMR",130,"Morocco","MOR","MAR",100,447,"0","0","0","0","0","-","0"
1,"5uyLh0",1,223,2019,39,"Cameroon","CMR","CMR",130,"Morocco","MOR","MAR",110,687,"0","0","0","0","0","-","0"
1,"5uyLh0",1,224,2020,39,"Cameroon","CMR","CMR",130,"Morocco","MOR","MAR",143,1005,"0","0","0","0","0","-","0"
1,"5uyLh0",1,225,2021,39,"Cameroon","CMR","CMR",130,"Morocco","MOR","MAR",176,1073,"0","0","0","0","0","-","0"
1,"5uyLh0",1,226,2022,39,"Cameroon","CMR","CMR",130,"Morocco","MOR","MAR",174,605,"0","0","0","0","0","-","0"
1,"5uyLh0",1,227,2023,39,"Cameroon","CMR","CMR",130,"Morocco","MOR","MAR",161,567,"0","0","0","0","0","-","0"
1,"5uyLh0",1,228,2024,39,"Cameroon","CMR","CMR",130,"Morocco","MOR","MAR",75,470,"0","0","0","0","0","-","0"
1,"5uyLh0",1,229,2025,39,"Cameroon","CMR","CMR",130,"Morocco","MOR","MAR",66,457,"0","0","0","0","0","-","0"
1,"5uyLh0",1,230,2000,40,"Congo","COB","COG",130,"Morocco","MOR","MAR",6,"0","0","0","0","0","0","-","0"
1,"5uyLh0",1,231,2001,40,"Congo","COB","COG",130,"Morocco","MOR","MAR",5,112,"0","0","0","0","0","-","0"
1,"5uyLh0",1,232,2002,40,"Congo","COB","COG",130,"Morocco","MOR","MAR",12,8,"0","0","0","0","0","-","0"
1,"5uyLh0",1,233,2003,40,"Congo","COB","COG",130,"Morocco","MOR","MAR",12,11,"0","0","0","0","0","-","0"
1,"5uyLh0",1,234,2004,40,"Congo","COB","COG",130,"Morocco","MOR","MAR",6,11,"0","0","0","0","0","-","0"
1,"5uyLh0",1,235,2005,40,"Congo","COB","COG",130,"Morocco","MOR","MAR",6,13,"0","0","0","0","0","-","0"
1,"5uyLh0",1,236,2006,40,"Congo","COB","COG",130,"Morocco","MOR","MAR",10,28,"0","0","0","0","0","-","0"
1,"5uyLh0",1,237,2007,40,"Congo","COB","COG",130,"Morocco","MOR","MAR",13,15,"0","0","0","0","0","-","0"
1,"5uyLh0",1,238,2008,40,"Congo","COB","COG",130,"Morocco","MOR","MAR",13,7,"0","0","0","0","0","-","0"
1,"5uyLh0",1,239,2009,40,"Congo","COB","COG",130,"Morocco","MOR","MAR",16,12,"0","0","0","0","0","-","0"
1,"5uyLh0",1,240,2010,40,"Congo","COB","COG",130,"Morocco","MOR","MAR",20,5,"0","0","0","0","0","-","0"
1,"5uyLh0",1,241,2011,40,"Congo","COB","COG",130,"Morocco","MOR","MAR",10,5,"0","0","0","0","0","-","0"
1,"5uyLh0",1,242,2012,40,"Congo","COB","COG",130,"Morocco","MOR","MAR",9,69,"0","0","0","0","0","-","0"
1,"5uyLh0",1,243,2013,40,"Congo","COB","COG",130,"Morocco","MOR","MAR",5,107,"0","0","0","0","0","-","0"
1,"5uyLh0",1,244,2014,40,"Congo","COB","COG",130,"Morocco","MOR","MAR",6,58,"0","0","0","0","0","-","0"
1,"5uyLh0",1,245,2015,40,"Congo","COB","COG",130,"Morocco","MOR","MAR",11,43,"0","0","0","0","0","-","0"
1,"5uyLh0",1,246,2016,40,"Congo","COB","COG",130,"Morocco","MOR","MAR",12,73,"0","0","0","0","0","-","0"
1,"5uyLh0",1,247,2017,40,"Congo","COB","COG",130,"Morocco","MOR","MAR",16,62,"0","0","0","0","0","-","0"
1,"5uyLh0",1,248,2018,40,"Congo","COB","COG",130,"Morocco","MOR","MAR",20,45,"0","0","0","0","0","-","0"
1,"5uyLh0",1,249,2019,40,"Congo","COB","COG",130,"Morocco","MOR","MAR",18,45,"0","0","0","0","0","-","0"
1,"5uyLh0",1,250,2020,40,"Congo","COB","COG",130,"Morocco","MOR","MAR",20,45,"0","0","0","0","0","-","0"
1,"5uyLh0",1,251,2021,40,"Congo","COB","COG",130,"Morocco","MOR","MAR",18,64,"0","0","0","0","0","-","0"
1,"5uyLh0",1,252,2022,40,"Congo","COB","COG",130,"Morocco","MOR","MAR",16,77,"0","0","0","0","0","-","0"
1,"5uyLh0",1,253,2023,40,"Congo","COB","COG",130,"Morocco","MOR","MAR",18,97,"0","0","0","0","0","-","0"
1,"5uyLh0",1,254,2024,40,"Congo","COB","COG",130,"Morocco","MOR","MAR",19,91,"0","0","0","0","0","-","0"
1,"5uyLh0",1,255,2025,40,"Congo","COB","COG",130,"Morocco","MOR","MAR",17,103,"0","0","0","0","0","-","0"
1,"5uyLh0",1,256,2000,41,"Dem. Rep. of the Congo","COD","COD",130,"Morocco","MOR","MAR",12,"0","0","0","0","0","0","-","0"
1,"5uyLh0",1,257,2001,41,"Dem. Rep. of the Congo","COD","COD",130,"Morocco","MOR","MAR",12,45,"0","0","0","0","0","-","0"
1,"5uyLh0",1,258,2002,41,"Dem. Rep. of the Congo","COD","COD",130,"Morocco","MOR","MAR",17,22,"0","0","0","0","0","-","0"
1,"5uyLh0",1,259,2003,41,"Dem. Rep. of the Congo","COD","COD",130,"Morocco","MOR","MAR",17,23,"0","0","0","0","0","-","0"
1,"5uyLh0",1,260,2004,41,"Dem. Rep. of the Congo","COD","COD",130,"Morocco","MOR","MAR",33,23,"0","0","0","0","0","-","0"
1,"5uyLh0",1,261,2005,41,"Dem. Rep. of the Congo","COD","COD",130,"Morocco","MOR","MAR",47,563,"0","0","0","0","0","-","0"
1,"5uyLh0",1,262,2006,41,"Dem. Rep. of the Congo","COD","COD",130,"Morocco","MOR","MAR",128,449,"0","0","0","0","0","-","0"
1,"5uyLh0",1,263,2007,41,"Dem. Rep. of the Congo","COD","COD",130,"Morocco","MOR","MAR",218,301,"0","0","0","0","0","-","0"
1,"5uyLh0",1,264,2008,41,"Dem. Rep. of the Congo","COD","COD",130,"Morocco","MOR","MAR",213,191,"0","0","0","0","0","-","0"
1,"5uyLh0",1,265,2009,41,"Dem. Rep. of the Congo","COD","COD",130,"Morocco","MOR","MAR",209,128,"0","0","0","0","0","-","0"
1,"5uyLh0",1,266,2010,41,"Dem. Rep. of the Congo","COD","COD",130,"Morocco","MOR","MAR",212,95,"0","0","0","0","0","-","0"
1,"5uyLh0",1,267,2011,41,"Dem. Rep. of the Congo","COD","COD",130,"Morocco","MOR","MAR",202,144,"0","0","0","0","0","-","0"
1,"5uyLh0",1,268,2012,41,"Dem. Rep. of the Congo","COD","COD",130,"Morocco","MOR","MAR",181,228,"0","0","0","0","0","-","0"
1,"5uyLh0",1,269,2013,41,"Dem. Rep. of the Congo","COD","COD",130,"Morocco","MOR","MAR",126,565,19,"0","0","0","0","-","0"
1,"5uyLh0",1,270,2014,41,"Dem. Rep. of the Congo","COD","COD",130,"Morocco","MOR","MAR",123,527,"0","0","0","0","0","-","0"
1,"5uyLh0",1,271,2015,41,"Dem. Rep. of the Congo","COD","COD",130,"Morocco","MOR","MAR",143,359,"0","0","0","0","0","-","0"
1,"5uyLh0",1,272,2016,41,"Dem. Rep. of the Congo","COD","COD",130,"Morocco","MOR","MAR",176,238,"0","0","0","0","0","-","0"
1,"5uyLh0",1,273,2017,41,"Dem. Rep. of the Congo","COD","COD",130,"Morocco","MOR","MAR",178,140,"0","0","0","0","0","-","0"
1,"5uyLh0",1,274,2018,41,"Dem. Rep. of the Congo","COD","COD",130,"Morocco","MOR","MAR",183,105,"0","0","0","0","0","-","0"
1,"5uyLh0",1,275,2019,41,"Dem. Rep. of the Congo","COD","COD",130,"Morocco","MOR","MAR",172,112,"0","0","0","0","0","-","0"
1,"5uyLh0",1,276,2020,41,"Dem. Rep. of the Congo","COD","COD",130,"Morocco","MOR","MAR",183,158,"0","0","0","0","0","-","0"
1,"5uyLh0",1,277,2021,41,"Dem. Rep. of the Congo","COD","COD",130,"Morocco","MOR","MAR",194,190,"0","0","0","0","0","-","0"
1,"5uyLh0",1,278,2022,41,"Dem. Rep. of the Congo","COD","COD",130,"Morocco","MOR","MAR",183,203,"0","0","0","0","0","-","0"
1,"5uyLh0",1,279,2023,41,"Dem. Rep. of the Congo","COD","COD",130,"Morocco","MOR","MAR",168,201,"0","0","0","0","0","-","0"
1,"5uyLh0",1,280,2024,41,"Dem. Rep. of the Congo","COD","COD",130,"Morocco","MOR","MAR",112,220,"0","0","0","0","0","-","0"
1,"5uyLh0",1,281,2025,41,"Dem. Rep. of the Congo","COD","COD",130,"Morocco","MOR","MAR",116,230,"0","0","0","0","0","-","0"
1,"5uyLh0",1,282,1970,49,"Czechia","CZE","CZE",130,"Morocco","MOR","MAR",70,"0","0","0","0","0","0","-","0"
1,"5uyLh0",1,283,1971,49,"Czechia","CZE","CZE",130,"Morocco","MOR","MAR",70,"0","0","0","0","0","0","-","0"
1,"5uyLh0",1,284,1972,49,"Czechia","CZE","CZE",130,"Morocco","MOR","MAR",70,"0","0","0","0","0","0","-","0"
1,"5uyLh0",1,285,1973,49,"Czechia","CZE","CZE",130,"Morocco","MOR","MAR",60,"0","0","0","0","0","0","-","0"
1,"5uyLh0",1,286,1974,49,"Czechia","CZE","CZE",130,"Morocco","MOR","MAR",50,"0","0","0","0","0","0","-","0"
1,"5uyLh0",1,287,1975,49,"Czechia","CZE","CZE",130,"Morocco","MOR","MAR",50,"0","0","0","0","0","0","-","0"
1,"5uyLh0",1,288,2000,49,"Czechia","CZE","CZE",130,"Morocco","MOR","MAR",14,"0","0","0","0","0","0","-","0"
1,"5uyLh0",1,289,2001,49,"Czechia","CZE","CZE",130,"Morocco","MOR","MAR",14,"0","0","0","0","0","0","-","0"
1,"5uyLh0",1,290,2002,49,"Czechia","CZE","CZE",130,"Morocco","MOR","MAR",14,"0","0","0","0","0","0","-","0"
1,"5uyLh0",1,291,2003,49,"Czechia","CZE","CZE",130,"Morocco","MOR","MAR",14,"0","0","0","0","0","0","-","0"
1,"5uyLh0",1,292,2025,51,"Djibouti","DJB","DJI",130,"Morocco","MOR","MAR","0",6,"0","0","0","0","0","-","0"
1,"5uyLh0",1,293,2000,55,"Equatorial Guinea","EGU","GNQ",130,"Morocco","MOR","MAR",6,"0","0","0","0","0","0","-","0"
1,"5uyLh0",1,294,2001,55,"Equatorial Guinea","EGU","GNQ",130,"Morocco","MOR","MAR",6,"0","0","0","0","0","0","-","0"
1,"5uyLh0",1,295,2003,55,"Equatorial Guinea","EGU","GNQ",130,"Morocco","MOR","MAR",6,"0","0","0","0","0","0","-","0"
1,"5uyLh0",1,296,2000,56,"Eritrea","ERT","ERI",130,"Morocco","MOR","MAR",8,"0","0","0","0","0","0","-","0"
1,"5uyLh0",1,297,2001,56,"Eritrea","ERT","ERI",130,"Morocco","MOR","MAR",8,"0","0","0","0","0","0","-","0"
1,"5uyLh0",1,298,2002,56,"Eritrea","ERT","ERI",130,"Morocco","MOR","MAR",8,"0","0","0","0","0","0","-","0"
1,"5uyLh0",1,299,2003,56,"Eritrea","ERT","ERI",130,"Morocco","MOR","MAR",8,"0","0","0","0","0","0","-","0"
1,"5uyLh0",1,300,2009,56,"Eritrea","ERT","ERI",130,"Morocco","MOR","MAR","0",5,"0","0","0","0","0","-","0"
1,"5uyLh0",1,301,2010,56,"Eritrea","ERT","ERI",130,"Morocco","MOR","MAR",5,6,"0","0","0","0","0","-","0"
1,"5uyLh0",1,302,2011,56,"Eritrea","ERT","ERI",130,"Morocco","MOR","MAR",5,5,"0","0","0","0","0","-","0"
1,"5uyLh0",1,303,2012,56,"Eritrea","ERT","ERI",130,"Morocco","MOR","MAR",5,"0","0","0","0","0","0","-","0"
1,"5uyLh0",1,304,2013,56,"Eritrea","ERT","ERI",130,"Morocco","MOR","MAR","0",5,"0","0","0","0","0","-","0"
1,"5uyLh0",1,305,2018,56,"Eritrea","ERT","ERI",130,"Morocco","MOR","MAR",9,5,"0","0","0","0","0","-","0"
1,"5uyLh0",1,306,2019,56,"Eritrea","ERT","ERI",130,"Morocco","MOR","MAR",15,7,"0","0","0","0","0","-","0"
1,"5uyLh0",1,307,2020,56,"Eritrea","ERT","ERI",130,"Morocco","MOR","MAR",19,11,"0","0","0","0","0","-","0"
1,"5uyLh0",1,308,2021,56,"Eritrea","ERT","ERI",130,"Morocco","MOR","MAR",19,50,"0","0","0","0","0","-","0"
1,"5uyLh0",1,309,2022,56,"Eritrea","ERT","ERI",130,"Morocco","MOR","MAR",49,36,"0","0","0","0","0","-","0"
1,"5uyLh0",1,310,2023,56,"Eritrea","ERT","ERI",130,"Morocco","MOR","MAR",58,26,"0","0","0","0","0","-","0"
1,"5uyLh0",1,311,2024,56,"Eritrea","ERT","ERI",130,"Morocco","MOR","MAR",39,43,"0","0","0","0","0","-","0"
1,"5uyLh0",1,312,2025,56,"Eritrea","ERT","ERI",130,"Morocco","MOR","MAR",40,69,"0","0","0","0","0","-","0"
1,"5uyLh0",1,313,2000,58,"Ethiopia","ETH","ETH",130,"Morocco","MOR","MAR",9,"0","0","0","0","0","0","-","0"
1,"5uyLh0",1,314,2001,58,"Ethiopia","ETH","ETH",130,"Morocco","MOR","MAR",9,"0","0","0","0","0","0","-","0"
1,"5uyLh0",1,315,2002,58,"Ethiopia","ETH","ETH",130,"Morocco","MOR","MAR",9,"0","0","0","0","0","0","-","0"
1,"5uyLh0",1,316,2003,58,"Ethiopia","ETH","ETH",130,"Morocco","MOR","MAR",9,"0","0","0","0","0","0","-","0"
1,"5uyLh0",1,317,2005,58,"Ethiopia","ETH","ETH",130,"Morocco","MOR","MAR","0",5,"0","0","0","0","0","-","0"
1,"5uyLh0",1,318,2012,58,"Ethiopia","ETH","ETH",130,"Morocco","MOR","MAR","0",5,"0","0","0","0","0","-","0"
1,"5uyLh0",1,319,2020,58,"Ethiopia","ETH","ETH",130,"Morocco","MOR","MAR","0",5,"0","0","0","0","0","-","0"
1,"5uyLh0",1,320,2021,58,"Ethiopia","ETH","ETH",130,"Morocco","MOR","MAR","0",11,"0","0","0","0","0","-","0"
1,"5uyLh0",1,321,2022,58,"Ethiopia","ETH","ETH",130,"Morocco","MOR","MAR","0",14,"0","0","0","0","0","-","0"
1,"5uyLh0",1,322,2023,58,"Ethiopia","ETH","ETH",130,"Morocco","MOR","MAR",5,35,"0","0","0","0","0","-","0"
1,"5uyLh0",1,323,2024,58,"Ethiopia","ETH","ETH",130,"Morocco","MOR","MAR",9,27,"0","0","0","0","0","-","0"
1,"5uyLh0",1,324,2025,58,"Ethiopia","ETH","ETH",130,"Morocco","MOR","MAR",13,52,"0","0","0","0","0","-","0"
1,"5uyLh0",1,325,2005,67,"Gabon","GAB","GAB",130,"Morocco","MOR","MAR","0",5,"0","0","0","0","0","-","0"
1,"5uyLh0",1,326,2006,67,"Gabon","GAB","GAB",130,"Morocco","MOR","MAR","0",5,"0","0","0","0","0","-","0"
1,"5uyLh0",1,327,2013,67,"Gabon","GAB","GAB",130,"Morocco","MOR","MAR","0",6,"0","0","0","0","0","-","0"
1,"5uyLh0",1,328,2018,67,"Gabon","GAB","GAB",130,"Morocco","MOR","MAR","0",5,"0","0","0","0","0","-","0"
1,"5uyLh0",1,329,2021,67,"Gabon","GAB","GAB",130,"Morocco","MOR","MAR","0",8,"0","0","0","0","0","-","0"
1,"5uyLh0",1,330,2022,67,"Gabon","GAB","GAB",130,"Morocco","MOR","MAR","0",9,"0","0","0","0","0","-","0"
1,"5uyLh0",1,331,2023,67,"Gabon","GAB","GAB",130,"Morocco","MOR","MAR","0",14,"0","0","0","0","0","-","0"
1,"5uyLh0",1,332,2024,67,"Gabon","GAB","GAB",130,"Morocco","MOR","MAR",5,19,"0","0","0","0","0","-","0"
1,"5uyLh0",1,333,2025,67,"Gabon","GAB","GAB",130,"Morocco","MOR","MAR","0",21,"0","0","0","0","0","-","0"
1,"5uyLh0",1,334,2005,68,"Gambia","GAM","GMB",130,"Morocco","MOR","MAR","0",57,"0","0","0","0","0","-","0"
1,"5uyLh0",1,335,2006,68,"Gambia","GAM","GMB",130,"Morocco","MOR","MAR","0",30,"0","0","0","0","0","-","0"
1,"5uyLh0",1,336,2007,68,"Gambia","GAM","GMB",130,"Morocco","MOR","MAR","0",5,"0","0","0","0","0","-","0"
1,"5uyLh0",1,337,2012,68,"Gambia","GAM","GMB",130,"Morocco","MOR","MAR","0",8,"0","0","0","0","0","-","0"
1,"5uyLh0",1,338,2013,68,"Gambia","GAM","GMB",130,"Morocco","MOR","MAR","0",22,"0","0","0","0","0","-","0"
1,"5uyLh0",1,339,2014,68,"Gambia","GAM","GMB",130,"Morocco","MOR","MAR","0",7,"0","0","0","0","0","-","0"
1,"5uyLh0",1,340,2015,68,"Gambia","GAM","GMB",130,"Morocco","MOR","MAR","0",13,"0","0","0","0","0","-","0"
1,"5uyLh0",1,341,2016,68,"Gambia","GAM","GMB",130,"Morocco","MOR","MAR",5,26,"0","0","0","0","0","-","0"
1,"5uyLh0",1,342,2017,68,"Gambia","GAM","GMB",130,"Morocco","MOR","MAR",5,7,"0","0","0","0","0","-","0"
1,"5uyLh0",1,343,2018,68,"Gambia","GAM","GMB",130,"Morocco","MOR","MAR",5,5,"0","0","0","0","0","-","0"
1,"5uyLh0",1,344,2019,68,"Gambia","GAM","GMB",130,"Morocco","MOR","MAR","0",18,"0","0","0","0","0","-","0"
1,"5uyLh0",1,345,2020,68,"Gambia","GAM","GMB",130,"Morocco","MOR","MAR","0",54,"0","0","0","0","0","-","0"
1,"5uyLh0",1,346,2021,68,"Gambia","GAM","GMB",130,"Morocco","MOR","MAR","0",128,"0","0","0","0","0","-","0"
1,"5uyLh0",1,347,2022,68,"Gambia","GAM","GMB",130,"Morocco","MOR","MAR","0",161,"0","0","0","0","0","-","0"
1,"5uyLh0",1,348,2023,68,"Gambia","GAM","GMB",130,"Morocco","MOR","MAR","0",170,"0","0","0","0","0","-","0"
1,"5uyLh0",1,349,2024,68,"Gambia","GAM","GMB",130,"Morocco","MOR","MAR","0",117,"0","0","0","0","0","-","0"
1,"5uyLh0",1,350,2025,68,"Gambia","GAM","GMB",130,"Morocco","MOR","MAR","0",100,"0","0","0","0","0","-","0"
1,"5uyLh0",1,351,2000,69,"Palestinian","GAZ","PSE",130,"Morocco","MOR","MAR",800,"0","0","0","0","0","0","-","0"
1,"5uyLh0",1,352,2001,69,"Palestinian","GAZ","PSE",130,"Morocco","MOR","MAR",800,"0","0","0","0","0","0","-","0"
1,"5uyLh0",1,353,2002,69,"Palestinian","GAZ","PSE",130,"Morocco","MOR","MAR",813,5,"0","0","0","0","0","-","0"
1,"5uyLh0",1,354,2003,69,"Palestinian","GAZ","PSE",130,"Morocco","MOR","MAR",811,6,"0","0","0","0","0","-","0"
1,"5uyLh0",1,355,2004,69,"Palestinian","GAZ","PSE",130,"Morocco","MOR","MAR",25,6,"0","0","0","0","0","-","0"
1,"5uyLh0",1,356,2005,69,"Palestinian","GAZ","PSE",130,"Morocco","MOR","MAR",25,"0","0","0","0","0","0","-","0"
1,"5uyLh0",1,357,2006,69,"Palestinian","GAZ","PSE",130,"Morocco","MOR","MAR",25,6,"0","0","0","0","0","-","0"
1,"5uyLh0",1,358,2007,69,"Palestinian","GAZ","PSE",130,"Morocco","MOR","MAR",26,5,"0","0","0","0","0","-","0"
1,"5uyLh0",1,359,2008,69,"Palestinian","GAZ","PSE",130,"Morocco","MOR","MAR",25,11,"0","0","0","0","0","-","0"
1,"5uyLh0",1,360,2009,69,"Palestinian","GAZ","PSE",130,"Morocco","MOR","MAR",29,"0","0","0","0","0","0","-","0"
1,"5uyLh0",1,361,2010,69,"Palestinian","GAZ","PSE",130,"Morocco","MOR","MAR",30,"0","0","0","0","0","0","-","0"
1,"5uyLh0",1,362,2011,69,"Palestinian","GAZ","PSE",130,"Morocco","MOR","MAR",33,"0","0","0","0","0","0","-","0"
1,"5uyLh0",1,363,2012,69,"Palestinian","GAZ","PSE",130,"Morocco","MOR","MAR",31,23,"0","0","0","0","0","-","0"
1,"5uyLh0",1,364,2013,69,"Palestinian","GAZ","PSE",130,"Morocco","MOR","MAR",37,10,"0","0","0","0","0","-","0"
1,"5uyLh0",1,365,2014,69,"Palestinian","GAZ","PSE",130,"Morocco","MOR","MAR",30,14,"0","0","0","0","0","-","0"
1,"5uyLh0",1,366,2015,69,"Palestinian","GAZ","PSE",130,"Morocco","MOR","MAR",41,16,"0","0","0","0","0","-","0"
1,"5uyLh0",1,367,2016,69,"Palestinian","GAZ","PSE",130,"Morocco","MOR","MAR",51,12,"0","0","0","0","0","-","0"
1,"5uyLh0",1,368,2017,69,"Palestinian","GAZ","PSE",130,"Morocco","MOR","MAR",71,27,"0","0","0","0","0","-","0"
1,"5uyLh0",1,369,2018,69,"Palestinian","GAZ","PSE",130,"Morocco","MOR","MAR",84,97,"0","0","0","0","0","-","0"
1,"5uyLh0",1,370,2019,69,"Palestinian","GAZ","PSE",130,"Morocco","MOR","MAR",183,"0","0","0","0","0","0","-","0"
1,"5uyLh0",1,371,2020,69,"Palestinian","GAZ","PSE",130,"Morocco","MOR","MAR",82,138,"0","0","0","0","0","-","0"
1,"5uyLh0",1,372,2021,69,"Palestinian","GAZ","PSE",130,"Morocco","MOR","MAR",89,169,"0","0","0","0","0","-","0"
1,"5uyLh0",1,373,2022,69,"Palestinian","GAZ","PSE",130,"Morocco","MOR","MAR",94,98,"0","0","0","0","0","-","0"
1,"5uyLh0",1,374,2023,69,"Palestinian","GAZ","PSE",130,"Morocco","MOR","MAR",91,111,"0","0","0","0","0","-","0"
1,"5uyLh0",1,375,2024,69,"Palestinian","GAZ","PSE",130,"Morocco","MOR","MAR",48,90,"0","0","0","0","0","-","0"
1,"5uyLh0",1,376,2025,69,"Palestinian","GAZ","PSE",130,"Morocco","MOR","MAR",45,98,"0","0","0","0","0","-","0"
1,"5uyLh0",1,377,2001,73,"Ghana","GHA","GHA",130,"Morocco","MOR","MAR","0",5,"0","0","0","0","0","-","0"
1,"5uyLh0",1,378,2005,73,"Ghana","GHA","GHA",130,"Morocco","MOR","MAR","0",105,"0","0","0","0","0","-","0"
1,"5uyLh0",1,379,2006,73,"Ghana","GHA","GHA",130,"Morocco","MOR","MAR","0",83,"0","0","0","0","0","-","0"
1,"5uyLh0",1,380,2007,73,"Ghana","GHA","GHA",130,"Morocco","MOR","MAR","0",10,"0","0","0","0","0","-","0"
1,"5uyLh0",1,381,2008,73,"Ghana","GHA","GHA",130,"Morocco","MOR","MAR","0",5,"0","0","0","0","0","-","0"
1,"5uyLh0",1,382,2010,73,"Ghana","GHA","GHA",130,"Morocco","MOR","MAR","0",5,"0","0","0","0","0","-","0"
1,"5uyLh0",1,383,2011,73,"Ghana","GHA","GHA",130,"Morocco","MOR","MAR","0",9,"0","0","0","0","0","-","0"
1,"5uyLh0",1,384,2012,73,"Ghana","GHA","GHA",130,"Morocco","MOR","MAR","0",13,"0","0","0","0","0","-","0"
1,"5uyLh0",1,385,2013,73,"Ghana","GHA","GHA",130,"Morocco","MOR","MAR","0",46,"0","0","0","0","0","-","0"
1,"5uyLh0",1,386,2014,73,"Ghana","GHA","GHA",130,"Morocco","MOR","MAR","0",5,"0","0","0","0","0","-","0"
1,"5uyLh0",1,387,2015,73,"Ghana","GHA","GHA",130,"Morocco","MOR","MAR","0",5,"0","0","0","0","0","-","0"
1,"5uyLh0",1,388,2016,73,"Ghana","GHA","GHA",130,"Morocco","MOR","MAR","0",5,"0","0","0","0","0","-","0"
1,"5uyLh0",1,389,2018,73,"Ghana","GHA","GHA",130,"Morocco","MOR","MAR","0",5,"0","0","0","0","0","-","0"
1,"5uyLh0",1,390,2019,73,"Ghana","GHA","GHA",130,"Morocco","MOR","MAR","0",11,"0","0","0","0","0","-","0"
1,"5uyLh0",1,391,2020,73,"Ghana","GHA","GHA",130,"Morocco","MOR","MAR","0",11,"0","0","0","0","0","-","0"
1,"5uyLh0",1,392,2021,73,"Ghana","GHA","GHA",130,"Morocco","MOR","MAR","0",12,"0","0","0","0","0","-","0"
1,"5uyLh0",1,393,2022,73,"Ghana","GHA","GHA",130,"Morocco","MOR","MAR","0",6,"0","0","0","0","0","-","0"
1,"5uyLh0",1,394,2023,73,"Ghana","GHA","GHA",130,"Morocco","MOR","MAR","0",22,"0","0","0","0","0","-","0"
1,"5uyLh0",1,395,2024,73,"Ghana","GHA","GHA",130,"Morocco","MOR","MAR","0",26,"0","0","0","0","0","-","0"
1,"5uyLh0",1,396,2025,73,"Ghana","GHA","GHA",130,"Morocco","MOR","MAR","0",23,"0","0","0","0","0","-","0"
1,"5uyLh0",1,397,2005,75,"Guinea-Bissau","GNB","GNB",130,"Morocco","MOR","MAR","0",5,"0","0","0","0","0","-","0"
1,"5uyLh0",1,398,2007,75,"Guinea-Bissau","GNB","GNB",130,"Morocco","MOR","MAR","0",5,"0","0","0","0","0","-","0"
1,"5uyLh0",1,399,2008,75,"Guinea-Bissau","GNB","GNB",130,"Morocco","MOR","MAR","0",5,"0","0","0","0","0","-","0"
1,"5uyLh0",1,400,2012,75,"Guinea-Bissau","GNB","GNB",130,"Morocco","MOR","MAR","0",6,"0","0","0","0","0","-","0"
1,"5uyLh0",1,401,2013,75,"Guinea-Bissau","GNB","GNB",130,"Morocco","MOR","MAR","0",5,"0","0","0","0","0","-","0"
1,"5uyLh0",1,402,2016,75,"Guinea-Bissau","GNB","GNB",130,"Morocco","MOR","MAR","0",5,"0","0","0","0","0","-","0"
1,"5uyLh0",1,403,2017,75,"Guinea-Bissau","GNB","GNB",130,"Morocco","MOR","MAR","0",9,"0","0","0","0","0","-","0"
1,"5uyLh0",1,404,2018,75,"Guinea-Bissau","GNB","GNB",130,"Morocco","MOR","MAR","0",5,"0","0","0","0","0","-","0"
1,"5uyLh0",1,405,2019,75,"Guinea-Bissau","GNB","GNB",130,"Morocco","MOR","MAR","0",5,"0","0","0","0","0","-","0"
1,"5uyLh0",1,406,2020,75,"Guinea-Bissau","GNB","GNB",130,"Morocco","MOR","MAR","0",24,"0","0","0","0","0","-","0"
1,"5uyLh0",1,407,2021,75,"Guinea-Bissau","GNB","GNB",130,"Morocco","MOR","MAR","0",49,"0","0","0","0","0","-","0"
1,"5uyLh0",1,408,2022,75,"Guinea-Bissau","GNB","GNB",130,"Morocco","MOR","MAR","0",76,"0","0","0","0","0","-","0"
1,"5uyLh0",1,409,2023,75,"Guinea-Bissau","GNB","GNB",130,"Morocco","MOR","MAR","0",80,"0","0","0","0","0","-","0"
1,"5uyLh0",1,410,2024,75,"Guinea-Bissau","GNB","GNB",130,"Morocco","MOR","MAR","0",68,"0","0","0","0","0","-","0"
1,"5uyLh0",1,411,2025,75,"Guinea-Bissau","GNB","GNB",130,"Morocco","MOR","MAR","0",55,"0","0","0","0","0","-","0"
1,"5uyLh0",1,412,2001,79,"Guinea","GUI","GIN",130,"Morocco","MOR","MAR","0",5,"0","0","0","0","0","-","0"
1,"5uyLh0",1,413,2005,79,"Guinea","GUI","GIN",130,"Morocco","MOR","MAR","0",19,"0","0","0","0","0","-","0"
1,"5uyLh0",1,414,2006,79,"Guinea","GUI","GIN",130,"Morocco","MOR","MAR","0",12,"0","0","0","0","0","-","0"
1,"5uyLh0",1,415,2009,79,"Guinea","GUI","GIN",130,"Morocco","MOR","MAR",5,14,"0","0","0","0","0","-","0"
1,"5uyLh0",1,416,2010,79,"Guinea","GUI","GIN",130,"Morocco","MOR","MAR",5,17,"0","0","0","0","0","-","0"
1,"5uyLh0",1,417,2011,79,"Guinea","GUI","GIN",130,"Morocco","MOR","MAR",5,16,"0","0","0","0","0","-","0"
1,"5uyLh0",1,418,2012,79,"Guinea","GUI","GIN",130,"Morocco","MOR","MAR",5,53,"0","0","0","0","0","-","0"
1,"5uyLh0",1,419,2013,79,"Guinea","GUI","GIN",130,"Morocco","MOR","MAR",5,110,"0","0","0","0","0","-","0"
1,"5uyLh0",1,420,2014,79,"Guinea","GUI","GIN",130,"Morocco","MOR","MAR",6,92,"0","0","0","0","0","-","0"
1,"5uyLh0",1,421,2015,79,"Guinea","GUI","GIN",130,"Morocco","MOR","MAR",16,137,"0","0","0","0","0","-","0"
1,"5uyLh0",1,422,2016,79,"Guinea","GUI","GIN",130,"Morocco","MOR","MAR",26,235,"0","0","0","0","0","-","0"
1,"5uyLh0",1,423,2017,79,"Guinea","GUI","GIN",130,"Morocco","MOR","MAR",31,503,"0","0","0","0","0","-","0"
1,"5uyLh0",1,424,2018,79,"Guinea","GUI","GIN",130,"Morocco","MOR","MAR",35,393,"0","0","0","0","0","-","0"
1,"5uyLh0",1,425,2019,79,"Guinea","GUI","GIN",130,"Morocco","MOR","MAR",66,732,"0","0","0","0","0","-","0"
1,"5uyLh0",1,426,2020,79,"Guinea","GUI","GIN",130,"Morocco","MOR","MAR",109,1526,"0","0","0","0","0","-","0"
1,"5uyLh0",1,427,2021,79,"Guinea","GUI","GIN",130,"Morocco","MOR","MAR",146,2508,"0","0","0","0","0","-","0"
1,"5uyLh0",1,428,2022,79,"Guinea","GUI","GIN",130,"Morocco","MOR","MAR",172,2187,"0","0","0","0","0","-","0"
1,"5uyLh0",1,429,2023,79,"Guinea","GUI","GIN",130,"Morocco","MOR","MAR",161,2487,"0","0","0","0","0","-","0"
1,"5uyLh0",1,430,2024,79,"Guinea","GUI","GIN",130,"Morocco","MOR","MAR",110,2318,"0","0","0","0","0","-","0"
1,"5uyLh0",1,431,2025,79,"Guinea","GUI","GIN",130,"Morocco","MOR","MAR",91,2208,"0","0","0","0","0","-","0"
1,"5uyLh0",1,432,2002,80,"Guyana","GUY","GUY",130,"Morocco","MOR","MAR",6,"0","0","0","0","0","0","-","0"
1,"5uyLh0",1,433,2024,81,"Haiti","HAI","HTI",130,"Morocco","MOR","MAR","0",5,"0","0","0","0","0","-","0"
1,"5uyLh0",1,434,2025,81,"Haiti","HAI","HTI",130,"Morocco","MOR","MAR","0",5,"0","0","0","0","0","-","0"
1,"5uyLh0",1,435,1970,85,"Hungary","HUN","HUN",130,"Morocco","MOR","MAR",130,"0","0","0","0","0","0","-","0"
1,"5uyLh0",1,436,1971,85,"Hungary","HUN","HUN",130,"Morocco","MOR","MAR",130,"0","0","0","0","0","0","-","0"
1,"5uyLh0",1,437,1972,85,"Hungary","HUN","HUN",130,"Morocco","MOR","MAR",130,"0","0","0","0","0","0","-","0"
1,"5uyLh0",1,438,1973,85,"Hungary","HUN","HUN",130,"Morocco","MOR","MAR",90,"0","0","0","0","0","0","-","0"
1,"5uyLh0",1,439,1974,85,"Hungary","HUN","HUN",130,"Morocco","MOR","MAR",80,"0","0","0","0","0","0","-","0"
1,"5uyLh0",1,440,1975,85,"Hungary","HUN","HUN",130,"Morocco","MOR","MAR",70,"0","0","0","0","0","0","-","0"
1,"5uyLh0",1,441,1976,85,"Hungary","HUN","HUN",130,"Morocco","MOR","MAR",50,"0","0","0","0","0","0","-","0"
1,"5uyLh0",1,442,1978,85,"Hungary","HUN","HUN",130,"Morocco","MOR","MAR",50,"0","0","0","0","0","0","-","0"
1,"5uyLh0",1,443,2000,85,"Hungary","HUN","HUN",130,"Morocco","MOR","MAR",22,"0","0","0","0","0","0","-","0"
1,"5uyLh0",1,444,2001,85,"Hungary","HUN","HUN",130,"Morocco","MOR","MAR",22,"0","0","0","0","0","0","-","0"
1,"5uyLh0",1,445,2002,87,"Cote d'Ivoire","ICO","CIV",130,"Morocco","MOR","MAR",5,17,"0","0","0","0","0","-","0"
1,"5uyLh0",1,446,2003,87,"Cote d'Ivoire","ICO","CIV",130,"Morocco","MOR","MAR",5,34,"0","0","0","0","0","-","0"
1,"5uyLh0",1,447,2004,87,"Cote d'Ivoire","ICO","CIV",130,"Morocco","MOR","MAR",10,34,"0","0","0","0","0","-","0"
1,"5uyLh0",1,448,2005,87,"Cote d'Ivoire","ICO","CIV",130,"Morocco","MOR","MAR",20,165,"0","0","0","0","0","-","0"
1,"5uyLh0",1,449,2006,87,"Cote d'Ivoire","ICO","CIV",130,"Morocco","MOR","MAR",198,133,"0","0","0","0","0","-","0"
1,"5uyLh0",1,450,2007,87,"Cote d'Ivoire","ICO","CIV",130,"Morocco","MOR","MAR",277,32,"0","0","0","0","0","-","0"
1,"5uyLh0",1,451,2008,87,"Cote d'Ivoire","ICO","CIV",130,"Morocco","MOR","MAR",282,47,5,"0","0","0","0","-","0"
1,"5uyLh0",1,452,2009,87,"Cote d'Ivoire","ICO","CIV",130,"Morocco","MOR","MAR",280,19,"0","0","0","0","0","-","0"
1,"5uyLh0",1,453,2010,87,"Cote d'Ivoire","ICO","CIV",130,"Morocco","MOR","MAR",272,20,"0","0","0","0","0","-","0"
1,"5uyLh0",1,454,2011,87,"Cote d'Ivoire","ICO","CIV",130,"Morocco","MOR","MAR",254,265,"0","0","0","0","0","-","0"
1,"5uyLh0",1,455,2012,87,"Cote d'Ivoire","ICO","CIV",130,"Morocco","MOR","MAR",312,307,5,"0","0","0","0","-","0"
1,"5uyLh0",1,456,2013,87,"Cote d'Ivoire","ICO","CIV",130,"Morocco","MOR","MAR",291,510,15,"0","0","0","0","-","0"
1,"5uyLh0",1,457,2014,87,"Cote d'Ivoire","ICO","CIV",130,"Morocco","MOR","MAR",254,369,5,"0","0","0","0","-","0"
1,"5uyLh0",1,458,2015,87,"Cote d'Ivoire","ICO","CIV",130,"Morocco","MOR","MAR",276,293,5,"0","0","0","0","-","0"
1,"5uyLh0",1,459,2016,87,"Cote d'Ivoire","ICO","CIV",130,"Morocco","MOR","MAR",292,277,"0","0","0","0","0","-","0"
1,"5uyLh0",1,460,2017,87,"Cote d'Ivoire","ICO","CIV",130,"Morocco","MOR","MAR",311,262,"0","0","0","0","0","-","0"
1,"5uyLh0",1,461,2018,87,"Cote d'Ivoire","ICO","CIV",130,"Morocco","MOR","MAR",320,203,"0","0","0","0","0","-","0"
1,"5uyLh0",1,462,2019,87,"Cote d'Ivoire","ICO","CIV",130,"Morocco","MOR","MAR",335,457,"0","0","0","0","0","-","0"
1,"5uyLh0",1,463,2020,87,"Cote d'Ivoire","ICO","CIV",130,"Morocco","MOR","MAR",359,713,"0","0","0","0","0","-","0"
1,"5uyLh0",1,464,2021,87,"Cote d'Ivoire","ICO","CIV",130,"Morocco","MOR","MAR",391,1047,"0","0","0","0","0","-","0"
1,"5uyLh0",1,465,2022,87,"Cote d'Ivoire","ICO","CIV",130,"Morocco","MOR","MAR",289,903,"0","0","0","0","0","-","0"
1,"5uyLh0",1,466,2023,87,"Cote d'Ivoire","ICO","CIV",130,"Morocco","MOR","MAR",281,1078,"0","0","0","0","0","-","0"
1,"5uyLh0",1,467,2024,87,"Cote d'Ivoire","ICO","CIV",130,"Morocco","MOR","MAR",200,1402,"0","0","0","0","0","-","0"
1,"5uyLh0",1,468,2025,87,"Cote d'Ivoire","ICO","CIV",130,"Morocco","MOR","MAR",193,1507,"0","0","0","0","0","-","0"
1,"5uyLh0",1,469,2019,88,"India","IND","IND",130,"Morocco","MOR","MAR","0",5,"0","0","0","0","0","-","0"
1,"5uyLh0",1,470,2020,88,"India","IND","IND",130,"Morocco","MOR","MAR","0",5,"0","0","0","0","0","-","0"
1,"5uyLh0",1,471,2021,88,"India","IND","IND",130,"Morocco","MOR","MAR","0",5,"0","0","0","0","0","-","0"
1,"5uyLh0",1,472,2000,91,"Iran (Islamic Rep. of)","IRN","IRN",130,"Morocco","MOR","MAR",6,"0","0","0","0","0","0","-","0"
1,"5uyLh0",1,473,2001,91,"Iran (Islamic Rep. of)","IRN","IRN",130,"Morocco","MOR","MAR",6,"0","0","0","0","0","0","-","0"
1,"5uyLh0",1,474,2002,91,"Iran (Islamic Rep. of)","IRN","IRN",130,"Morocco","MOR","MAR",7,"0","0","0","0","0","0","-","0"
1,"5uyLh0",1,475,2003,91,"Iran (Islamic Rep. of)","IRN","IRN",130,"Morocco","MOR","MAR",7,"0","0","0","0","0","0","-","0"
1,"5uyLh0",1,476,1995,92,"Iraq","IRQ","IRQ",130,"Morocco","MOR","MAR",7,"0","0","0","0","0","0","-","0"
1,"5uyLh0",1,477,1996,92,"Iraq","IRQ","IRQ",130,"Morocco","MOR","MAR",7,"0","0","0","0","0","0","-","0"
1,"5uyLh0",1,478,1997,92,"Iraq","IRQ","IRQ",130,"Morocco","MOR","MAR",7,"0","0","0","0","0","0","-","0"
1,"5uyLh0",1,479,2000,92,"Iraq","IRQ","IRQ",130,"Morocco","MOR","MAR",25,"0","0","0","0","0","0","-","0"
1,"5uyLh0",1,480,2001,92,"Iraq","IRQ","IRQ",130,"Morocco","MOR","MAR",21,7,"0","0","0","0","0","-","0"
1,"5uyLh0",1,481,2002,92,"Iraq","IRQ","IRQ",130,"Morocco","MOR","MAR",23,6,"0","0","0","0","0","-","0"
1,"5uyLh0",1,482,2003,92,"Iraq","IRQ","IRQ",130,"Morocco","MOR","MAR",24,12,"0","0","0","0","0","-","0"
1,"5uyLh0",1,483,2004,92,"Iraq","IRQ","IRQ",130,"Morocco","MOR","MAR",9,12,"0","0","0","0","0","-","0"
1,"5uyLh0",1,484,2005,92,"Iraq","IRQ","IRQ",130,"Morocco","MOR","MAR",9,"0","0","0","0","0","0","-","0"
1,"5uyLh0",1,485,2006,92,"Iraq","IRQ","IRQ",130,"Morocco","MOR","MAR",10,33,"0","0","0","0","0","-","0"
1,"5uyLh0",1,486,2007,92,"Iraq","IRQ","IRQ",130,"Morocco","MOR","MAR",112,46,"0","0","0","0","0","-","0"
1,"5uyLh0",1,487,2008,92,"Iraq","IRQ","IRQ",130,"Morocco","MOR","MAR",135,37,"0","0","0","0","0","-","0"
1,"5uyLh0",1,488,2009,92,"Iraq","IRQ","IRQ",130,"Morocco","MOR","MAR",157,28,8,"0","0","0","0","-","0"
1,"5uyLh0",1,489,2010,92,"Iraq","IRQ","IRQ",130,"Morocco","MOR","MAR",168,"0","0","0","0","0","0","-","0"
1,"5uyLh0",1,490,2011,92,"Iraq","IRQ","IRQ",130,"Morocco","MOR","MAR",149,11,"0","0","0","0","0","-","0"
1,"5uyLh0",1,491,2012,92,"Iraq","IRQ","IRQ",130,"Morocco","MOR","MAR",147,13,"0","0","0","0","0","-","0"
1,"5uyLh0",1,492,2013,92,"Iraq","IRQ","IRQ",130,"Morocco","MOR","MAR",100,20,"0","0","0","0","0","-","0"
1,"5uyLh0",1,493,2014,92,"Iraq","IRQ","IRQ",130,"Morocco","MOR","MAR",96,16,"0","0","0","0","0","-","0"
1,"5uyLh0",1,494,2015,92,"Iraq","IRQ","IRQ",130,"Morocco","MOR","MAR",132,16,10,"0","0","0","0","-","0"
1,"5uyLh0",1,495,2016,92,"Iraq","IRQ","IRQ",130,"Morocco","MOR","MAR",137,17,"0","0","0","0","0","-","0"
1,"5uyLh0",1,496,2017,92,"Iraq","IRQ","IRQ",130,"Morocco","MOR","MAR",150,9,"0","0","0","0","0","-","0"
1,"5uyLh0",1,497,2018,92,"Iraq","IRQ","IRQ",130,"Morocco","MOR","MAR",153,5,"0","0","0","0","0","-","0"
1,"5uyLh0",1,498,2019,92,"Iraq","IRQ","IRQ",130,"Morocco","MOR","MAR",137,6,"0","0","0","0","0","-","0"
1,"5uyLh0",1,499,2020,92,"Iraq","IRQ","IRQ",130,"Morocco","MOR","MAR",131,6,"0","0","0","0","0","-","0"
1,"5uyLh0",1,500,2021,92,"Iraq","IRQ","IRQ",130,"Morocco","MOR","MAR",127,7,"0","0","0","0","0","-","0"
1,"5uyLh0",1,501,2022,92,"Iraq","IRQ","IRQ",130,"Morocco","MOR","MAR",128,5,"0","0","0","0","0","-","0"
1,"5uyLh0",1,502,2023,92,"Iraq","IRQ","IRQ",130,"Morocco","MOR","MAR",128,5,"0","0","0","0","0","-","0"
1,"5uyLh0",1,503,2024,92,"Iraq","IRQ","IRQ",130,"Morocco","MOR","MAR",107,5,"0","0","0","0","0","-","0"
1,"5uyLh0",1,504,2025,92,"Iraq","IRQ","IRQ",130,"Morocco","MOR","MAR",87,5,"0","0","0","0","0","-","0"
1,"5uyLh0",1,505,2020,96,"Jordan","JOR","JOR",130,"Morocco","MOR","MAR","0",5,"0","0","0","0","0","-","0"
1,"5uyLh0",1,506,2021,96,"Jordan","JOR","JOR",130,"Morocco","MOR","MAR","0",5,"0","0","0","0","0","-","0"
1,"5uyLh0",1,507,2022,96,"Jordan","JOR","JOR",130,"Morocco","MOR","MAR","0",5,"0","0","0","0","0","-","0"
1,"5uyLh0",1,508,2023,96,"Jordan","JOR","JOR",130,"Morocco","MOR","MAR","0",5,"0","0","0","0","0","-","0"
1,"5uyLh0",1,509,2024,96,"Jordan","JOR","JOR",130,"Morocco","MOR","MAR","0",5,"0","0","0","0","0","-","0"
1,"5uyLh0",1,510,2025,96,"Jordan","JOR","JOR",130,"Morocco","MOR","MAR","0",5,"0","0","0","0","0","-","0"
1,"5uyLh0",1,511,2005,99,"Kenya","KEN","KEN",130,"Morocco","MOR","MAR","0",5,"0","0","0","0","0","-","0"
1,"5uyLh0",1,512,2012,99,"Kenya","KEN","KEN",130,"Morocco","MOR","MAR","0",7,"0","0","0","0","0","-","0"
1,"5uyLh0",1,513,2013,99,"Kenya","KEN","KEN",130,"Morocco","MOR","MAR","0",21,"0","0","0","0","0","-","0"
1,"5uyLh0",1,514,2014,99,"Kenya","KEN","KEN",130,"Morocco","MOR","MAR","0",5,"0","0","0","0","0","-","0"
1,"5uyLh0",1,515,1995,106,"Liberia","LBR","LBR",130,"Morocco","MOR","MAR",15,"0","0","0","0","0","0","-","0"
1,"5uyLh0",1,516,1996,106,"Liberia","LBR","LBR",130,"Morocco","MOR","MAR",13,"0","0","0","0","0","0","-","0"
1,"5uyLh0",1,517,1997,106,"Liberia","LBR","LBR",130,"Morocco","MOR","MAR",12,"0","0","0","0","0","0","-","0"
1,"5uyLh0",1,518,2000,106,"Liberia","LBR","LBR",130,"Morocco","MOR","MAR",25,"0","0","0","0","0","0","-","0"
1,"5uyLh0",1,519,2001,106,"Liberia","LBR","LBR",130,"Morocco","MOR","MAR",24,15,"0","0","0","0","0","-","0"
1,"5uyLh0",1,520,2002,106,"Liberia","LBR","LBR",130,"Morocco","MOR","MAR",26,15,"0","0","0","0","0","-","0"
1,"5uyLh0",1,521,2003,106,"Liberia","LBR","LBR",130,"Morocco","MOR","MAR",26,43,"0","0","0","0","0","-","0"
1,"5uyLh0",1,522,2004,106,"Liberia","LBR","LBR",130,"Morocco","MOR","MAR",26,43,"0","0","0","0","0","-","0"
1,"5uyLh0",1,523,2005,106,"Liberia","LBR","LBR",130,"Morocco","MOR","MAR",28,129,"0","0","0","0","0","-","0"
1,"5uyLh0",1,524,2006,106,"Liberia","LBR","LBR",130,"Morocco","MOR","MAR",27,52,"0","0","0","0","0","-","0"
1,"5uyLh0",1,525,2007,106,"Liberia","LBR","LBR",130,"Morocco","MOR","MAR",29,47,"0","0","0","0","0","-","0"
1,"5uyLh0",1,526,2008,106,"Liberia","LBR","LBR",130,"Morocco","MOR","MAR",22,13,"0","0","0","0","0","-","0"
1,"5uyLh0",1,527,2009,106,"Liberia","LBR","LBR",130,"Morocco","MOR","MAR",17,10,"0","0","0","0","0","-","0"
1,"5uyLh0",1,528,2010,106,"Liberia","LBR","LBR",130,"Morocco","MOR","MAR",16,9,"0","0","0","0","0","-","0"
1,"5uyLh0",1,529,2011,106,"Liberia","LBR","LBR",130,"Morocco","MOR","MAR",16,10,"0","0","0","0","0","-","0"
1,"5uyLh0",1,530,2012,106,"Liberia","LBR","LBR",130,"Morocco","MOR","MAR",5,8,"0","0","0","0","0","-","0"
1,"5uyLh0",1,531,2013,106,"Liberia","LBR","LBR",130,"Morocco","MOR","MAR","0",58,"0","0","0","0","0","-","0"
1,"5uyLh0",1,532,2014,106,"Liberia","LBR","LBR",130,"Morocco","MOR","MAR","0",22,"0","0","0","0","0","-","0"
1,"5uyLh0",1,533,2015,106,"Liberia","LBR","LBR",130,"Morocco","MOR","MAR",5,25,"0","0","0","0","0","-","0"
1,"5uyLh0",1,534,2016,106,"Liberia","LBR","LBR",130,"Morocco","MOR","MAR",5,10,"0","0","0","0","0","-","0"
1,"5uyLh0",1,535,2017,106,"Liberia","LBR","LBR",130,"Morocco","MOR","MAR",5,25,"0","0","0","0","0","-","0"
1,"5uyLh0",1,536,2018,106,"Liberia","LBR","LBR",130,"Morocco","MOR","MAR",5,25,"0","0","0","0","0","-","0"
1,"5uyLh0",1,537,2019,106,"Liberia","LBR","LBR",130,"Morocco","MOR","MAR",6,36,"0","0","0","0","0","-","0"
1,"5uyLh0",1,538,2020,106,"Liberia","LBR","LBR",130,"Morocco","MOR","MAR",7,57,"0","0","0","0","0","-","0"
1,"5uyLh0",1,539,2021,106,"Liberia","LBR","LBR",130,"Morocco","MOR","MAR",7,61,"0","0","0","0","0","-","0"
1,"5uyLh0",1,540,2022,106,"Liberia","LBR","LBR",130,"Morocco","MOR","MAR","0",43,"0","0","0","0","0","-","0"
1,"5uyLh0",1,541,2023,106,"Liberia","LBR","LBR",130,"Morocco","MOR","MAR","0",51,"0","0","0","0","0","-","0"
1,"5uyLh0",1,542,2024,106,"Liberia","LBR","LBR",130,"Morocco","MOR","MAR","0",39,"0","0","0","0","0","-","0"
1,"5uyLh0",1,543,2025,106,"Liberia","LBR","LBR",130,"Morocco","MOR","MAR","0",38,"0","0","0","0","0","-","0"
1,"5uyLh0",1,544,2000,107,"Libya","LBY","LBY",130,"Morocco","MOR","MAR",9,"0","0","0","0","0","0","-","0"
1,"5uyLh0",1,545,2001,107,"Libya","LBY","LBY",130,"Morocco","MOR","MAR",9,"0","0","0","0","0","0","-","0"
1,"5uyLh0",1,546,2002,107,"Libya","LBY","LBY",130,"Morocco","MOR","MAR",9,"0","0","0","0","0","0","-","0"
1,"5uyLh0",1,547,2003,107,"Libya","LBY","LBY",130,"Morocco","MOR","MAR",9,"0","0","0","0","0","0","-","0"
1,"5uyLh0",1,548,2011,107,"Libya","LBY","LBY",130,"Morocco","MOR","MAR","0",12,"0","0","0","0","0","-","0"
1,"5uyLh0",1,549,2012,107,"Libya","LBY","LBY",130,"Morocco","MOR","MAR","0",5,"0","0","0","0","0","-","0"
1,"5uyLh0",1,550,2013,107,"Libya","LBY","LBY",130,"Morocco","MOR","MAR","0",5,"0","0","0","0","0","-","0"
1,"5uyLh0",1,551,2014,107,"Libya","LBY","LBY",130,"Morocco","MOR","MAR","0",5,"0","0","0","0","0","-","0"
1,"5uyLh0",1,552,2015,107,"Libya","LBY","LBY",130,"Morocco","MOR","MAR",8,12,"0","0","0","0","0","-","0"
1,"5uyLh0",1,553,2016,107,"Libya","LBY","LBY",130,"Morocco","MOR","MAR",16,30,"0","0","0","0","0","-","0"
1,"5uyLh0",1,554,2017,107,"Libya","LBY","LBY",130,"Morocco","MOR","MAR",32,5,"0","0","0","0","0","-","0"
1,"5uyLh0",1,555,2018,107,"Libya","LBY","LBY",130,"Morocco","MOR","MAR",35,5,"0","0","0","0","0","-","0"
1,"5uyLh0",1,556,2019,107,"Libya","LBY","LBY",130,"Morocco","MOR","MAR",32,28,"0","0","0","0","0","-","0"
1,"5uyLh0",1,557,2020,107,"Libya","LBY","LBY",130,"Morocco","MOR","MAR",48,14,"0","0","0","0","0","-","0"
1,"5uyLh0",1,558,2021,107,"Libya","LBY","LBY",130,"Morocco","MOR","MAR",49,15,"0","0","0","0","0","-","0"
1,"5uyLh0",1,559,2022,107,"Libya","LBY","LBY",130,"Morocco","MOR","MAR",51,8,"0","0","0","0","0","-","0"
1,"5uyLh0",1,560,2023,107,"Libya","LBY","LBY",130,"Morocco","MOR","MAR",51,5,"0","0","0","0","0","-","0"
1,"5uyLh0",1,561,2024,107,"Libya","LBY","LBY",130,"Morocco","MOR","MAR",42,11,"0","0","0","0","0","-","0"
1,"5uyLh0",1,562,2025,107,"Libya","LBY","LBY",130,"Morocco","MOR","MAR",40,11,"0","0","0","0","0","-","0"
1,"5uyLh0",1,563,2006,109,"Lebanon","LEB","LBN",130,"Morocco","MOR","MAR","0",5,"0","0","0","0","0","-","0"
1,"5uyLh0",1,564,2015,109,"Lebanon","LEB","LBN",130,"Morocco","MOR","MAR","0",5,"0","0","0","0","0","-","0"
1,"5uyLh0",1,565,2016,109,"Lebanon","LEB","LBN",130,"Morocco","MOR","MAR","0",46,"0","0","0","0","0","-","0"
1,"5uyLh0",1,566,2017,109,"Lebanon","LEB","LBN",130,"Morocco","MOR","MAR","0",17,"0","0","0","0","0","-","0"
1,"5uyLh0",1,567,2018,109,"Lebanon","LEB","LBN",130,"Morocco","MOR","MAR","0",10,"0","0","0","0","0","-","0"
1,"5uyLh0",1,568,2019,109,"Lebanon","LEB","LBN",130,"Morocco","MOR","MAR",6,8,"0","0","0","0","0","-","0"
1,"5uyLh0",1,569,2020,109,"Lebanon","LEB","LBN",130,"Morocco","MOR","MAR",5,20,"0","0","0","0","0","-","0"
1,"5uyLh0",1,570,2021,109,"Lebanon","LEB","LBN",130,"Morocco","MOR","MAR",5,37,"0","0","0","0","0","-","0"
1,"5uyLh0",1,571,2022,109,"Lebanon","LEB","LBN",130,"Morocco","MOR","MAR",5,41,"0","0","0","0","0","-","0"
1,"5uyLh0",1,572,2023,109,"Lebanon","LEB","LBN",130,"Morocco","MOR","MAR",5,51,"0","0","0","0","0","-","0"
1,"5uyLh0",1,573,2024,109,"Lebanon","LEB","LBN",130,"Morocco","MOR","MAR",5,44,"0","0","0","0","0","-","0"
1,"5uyLh0",1,574,2025,109,"Lebanon","LEB","LBN",130,"Morocco","MOR","MAR",5,50,"0","0","0","0","0","-","0"
1,"5uyLh0",1,575,2020,112,"Sri Lanka","LKA","LKA",130,"Morocco","MOR","MAR","0",5,"0","0","0","0","0","-","0"
1,"5uyLh0",1,576,2021,112,"Sri Lanka","LKA","LKA",130,"Morocco","MOR","MAR","0",5,"0","0","0","0","0","-","0"
1,"5uyLh0",1,577,2000,113,"Lithuania","LTU","LTU",130,"Morocco","MOR","MAR",6,"0","0","0","0","0","0","-","0"
1,"5uyLh0",1,578,2001,113,"Lithuania","LTU","LTU",130,"Morocco","MOR","MAR",6,"0","0","0","0","0","0","-","0"
1,"5uyLh0",1,579,2002,113,"Lithuania","LTU","LTU",130,"Morocco","MOR","MAR",6,"0","0","0","0","0","0","-","0"
1,"5uyLh0",1,580,2003,113,"Lithuania","LTU","LTU",130,"Morocco","MOR","MAR",6,"0","0","0","0","0","0","-","0"
1,"5uyLh0",1,581,2025,117,"Madagascar","MAD","MDG",130,"Morocco","MOR","MAR","0",5,"0","0","0","0","0","-","0"
1,"5uyLh0",1,582,2000,119,"Mauritania","MAU","MRT",130,"Morocco","MOR","MAR",22,"0","0","0","0","0","0","-","0"
1,"5uyLh0",1,583,2001,119,"Mauritania","MAU","MRT",130,"Morocco","MOR","MAR",22,"0","0","0","0","0","0","-","0"
1,"5uyLh0",1,584,2002,119,"Mauritania","MAU","MRT",130,"Morocco","MOR","MAR",22,"0","0","0","0","0","0","-","0"
1,"5uyLh0",1,585,2003,119,"Mauritania","MAU","MRT",130,"Morocco","MOR","MAR",21,"0","0","0","0","0","0","-","0"
1,"5uyLh0",1,586,2005,119,"Mauritania","MAU","MRT",130,"Morocco","MOR","MAR","0",5,"0","0","0","0","0","-","0"
1,"5uyLh0",1,587,2007,119,"Mauritania","MAU","MRT",130,"Morocco","MOR","MAR",7,"0","0","0","0","0","0","-","0"
1,"5uyLh0",1,588,2017,119,"Mauritania","MAU","MRT",130,"Morocco","MOR","MAR","0",5,"0","0","0","0","0","-","0"
1,"5uyLh0",1,589,2018,119,"Mauritania","MAU","MRT",130,"Morocco","MOR","MAR",5,5,"0","0","0","0","0","-","0"
1,"5uyLh0",1,590,2019,119,"Mauritania","MAU","MRT",130,"Morocco","MOR","MAR",6,5,"0","0","0","0","0","-","0"
1,"5uyLh0",1,591,2020,119,"Mauritania","MAU","MRT",130,"Morocco","MOR","MAR",6,9,"0","0","0","0","0","-","0"
1,"5uyLh0",1,592,2021,119,"Mauritania","MAU","MRT",130,"Morocco","MOR","MAR",7,14,"0","0","0","0","0","-","0"
1,"5uyLh0",1,593,2022,119,"Mauritania","MAU","MRT",130,"Morocco","MOR","MAR",7,9,"0","0","0","0","0","-","0"
1,"5uyLh0",1,594,2023,119,"Mauritania","MAU","MRT",130,"Morocco","MOR","MAR",5,11,"0","0","0","0","0","-","0"
1,"5uyLh0",1,595,2024,119,"Mauritania","MAU","MRT",130,"Morocco","MOR","MAR",5,5,"0","0","0","0","0","-","0"
1,"5uyLh0",1,596,2025,119,"Mauritania","MAU","MRT",130,"Morocco","MOR","MAR","0",5,"0","0","0","0","0","-","0"
1,"5uyLh0",1,597,2005,126,"Mali","MLI","MLI",130,"Morocco","MOR","MAR","0",17,"0","0","0","0","0","-","0"
1,"5uyLh0",1,598,2006,126,"Mali","MLI","MLI",130,"Morocco","MOR","MAR","0",12,"0","0","0","0","0","-","0"
1,"5uyLh0",1,599,2010,126,"Mali","MLI","MLI",130,"Morocco","MOR","MAR","0",5,"0","0","0","0","0","-","0"
1,"5uyLh0",1,600,2012,126,"Mali","MLI","MLI",130,"Morocco","MOR","MAR","0",125,"0","0","0","0","0","-","0"
1,"5uyLh0",1,601,2013,126,"Mali","MLI","MLI",130,"Morocco","MOR","MAR","0",483,"0","0","0","0","0","-","0"
1,"5uyLh0",1,602,2014,126,"Mali","MLI","MLI",130,"Morocco","MOR","MAR","0",182,"0","0","0","0","0","-","0"
1,"5uyLh0",1,603,2015,126,"Mali","MLI","MLI",130,"Morocco","MOR","MAR",7,110,"0","0","0","0","0","-","0"
1,"5uyLh0",1,604,2016,126,"Mali","MLI","MLI",130,"Morocco","MOR","MAR",14,134,"0","0","0","0","0","-","0"
1,"5uyLh0",1,605,2017,126,"Mali","MLI","MLI",130,"Morocco","MOR","MAR",16,79,"0","0","0","0","0","-","0"
1,"5uyLh0",1,606,2018,126,"Mali","MLI","MLI",130,"Morocco","MOR","MAR",19,69,"0","0","0","0","0","-","0"
1,"5uyLh0",1,607,2019,126,"Mali","MLI","MLI",130,"Morocco","MOR","MAR",31,133,"0","0","0","0","0","-","0"
1,"5uyLh0",1,608,2020,126,"Mali","MLI","MLI",130,"Morocco","MOR","MAR",42,486,"0","0","0","0","0","-","0"
1,"5uyLh0",1,609,2021,126,"Mali","MLI","MLI",130,"Morocco","MOR","MAR",58,765,"0","0","0","0","0","-","0"
1,"5uyLh0",1,610,2022,126,"Mali","MLI","MLI",130,"Morocco","MOR","MAR",60,589,"0","0","0","0","0","-","0"
1,"5uyLh0",1,611,2023,126,"Mali","MLI","MLI",130,"Morocco","MOR","MAR",66,728,"0","0","0","0","0","-","0"
1,"5uyLh0",1,612,2024,126,"Mali","MLI","MLI",130,"Morocco","MOR","MAR",67,650,"0","0","0","0","0","-","0"
1,"5uyLh0",1,613,2025,126,"Mali","MLI","MLI",130,"Morocco","MOR","MAR",68,618,"0","0","0","0","0","-","0"
1,"5uyLh0",1,614,2001,139,"Niger","NGR","NER",130,"Morocco","MOR","MAR","0",5,"0","0","0","0","0","-","0"
1,"5uyLh0",1,615,2005,139,"Niger","NGR","NER",130,"Morocco","MOR","MAR","0",13,"0","0","0","0","0","-","0"
1,"5uyLh0",1,616,2006,139,"Niger","NGR","NER",130,"Morocco","MOR","MAR","0",11,"0","0","0","0","0","-","0"
1,"5uyLh0",1,617,2007,139,"Niger","NGR","NER",130,"Morocco","MOR","MAR","0",10,"0","0","0","0","0","-","0"
1,"5uyLh0",1,618,2009,139,"Niger","NGR","NER",130,"Morocco","MOR","MAR","0",5,"0","0","0","0","0","-","0"
1,"5uyLh0",1,619,2010,139,"Niger","NGR","NER",130,"Morocco","MOR","MAR","0",9,"0","0","0","0","0","-","0"
1,"5uyLh0",1,620,2011,139,"Niger","NGR","NER",130,"Morocco","MOR","MAR","0",5,"0","0","0","0","0","-","0"
1,"5uyLh0",1,621,2012,139,"Niger","NGR","NER",130,"Morocco","MOR","MAR","0",7,"0","0","0","0","0","-","0"
1,"5uyLh0",1,622,2013,139,"Niger","NGR","NER",130,"Morocco","MOR","MAR","0",35,"0","0","0","0","0","-","0"
1,"5uyLh0",1,623,2014,139,"Niger","NGR","NER",130,"Morocco","MOR","MAR","0",10,"0","0","0","0","0","-","0"
1,"5uyLh0",1,624,2015,139,"Niger","NGR","NER",130,"Morocco","MOR","MAR",5,5,"0","0","0","0","0","-","0"
1,"5uyLh0",1,625,2016,139,"Niger","NGR","NER",130,"Morocco","MOR","MAR",5,5,"0","0","0","0","0","-","0"
1,"5uyLh0",1,626,2017,139,"Niger","NGR","NER",130,"Morocco","MOR","MAR",5,"0","0","0","0","0","0","-","0"
1,"5uyLh0",1,627,2019,139,"Niger","NGR","NER",130,"Morocco","MOR","MAR","0",5,"0","0","0","0","0","-","0"
1,"5uyLh0",1,628,2020,139,"Niger","NGR","NER",130,"Morocco","MOR","MAR","0",9,"0","0","0","0","0","-","0"
1,"5uyLh0",1,629,2021,139,"Niger","NGR","NER",130,"Morocco","MOR","MAR","0",13,"0","0","0","0","0","-","0"
1,"5uyLh0",1,630,2022,139,"Niger","NGR","NER",130,"Morocco","MOR","MAR",5,11,"0","0","0","0","0","-","0"
1,"5uyLh0",1,631,2023,139,"Niger","NGR","NER",130,"Morocco","MOR","MAR",5,22,"0","0","0","0","0","-","0"
1,"5uyLh0",1,632,2024,139,"Niger","NGR","NER",130,"Morocco","MOR","MAR","0",27,"0","0","0","0","0","-","0"
1,"5uyLh0",1,633,2025,139,"Niger","NGR","NER",130,"Morocco","MOR","MAR","0",31,"0","0","0","0","0","-","0"
1,"5uyLh0",1,634,2000,141,"Nigeria","NIG","NGA",130,"Morocco","MOR","MAR",6,"0","0","0","0","0","0","-","0"
1,"5uyLh0",1,635,2001,141,"Nigeria","NIG","NGA",130,"Morocco","MOR","MAR",6,215,"0","0","0","0","0","-","0"
1,"5uyLh0",1,636,2002,141,"Nigeria","NIG","NGA",130,"Morocco","MOR","MAR",7,5,"0","0","0","0","0","-","0"
1,"5uyLh0",1,637,2003,141,"Nigeria","NIG","NGA",130,"Morocco","MOR","MAR",7,5,"0","0","0","0","0","-","0"
1,"5uyLh0",1,638,2004,141,"Nigeria","NIG","NGA",130,"Morocco","MOR","MAR","0",5,"0","0","0","0","0","-","0"
1,"5uyLh0",1,639,2005,141,"Nigeria","NIG","NGA",130,"Morocco","MOR","MAR","0",530,"0","0","0","0","0","-","0"
1,"5uyLh0",1,640,2006,141,"Nigeria","NIG","NGA",130,"Morocco","MOR","MAR",5,300,"0","0","0","0","0","-","0"
1,"5uyLh0",1,641,2007,141,"Nigeria","NIG","NGA",130,"Morocco","MOR","MAR",5,108,"0","0","0","0","0","-","0"
1,"5uyLh0",1,642,2008,141,"Nigeria","NIG","NGA",130,"Morocco","MOR","MAR",5,54,"0","0","0","0","0","-","0"
1,"5uyLh0",1,643,2009,141,"Nigeria","NIG","NGA",130,"Morocco","MOR","MAR",5,22,"0","0","0","0","0","-","0"
1,"5uyLh0",1,644,2010,141,"Nigeria","NIG","NGA",130,"Morocco","MOR","MAR",5,44,"0","0","0","0","0","-","0"
1,"5uyLh0",1,645,2011,141,"Nigeria","NIG","NGA",130,"Morocco","MOR","MAR",6,59,"0","0","0","0","0","-","0"
1,"5uyLh0",1,646,2012,141,"Nigeria","NIG","NGA",130,"Morocco","MOR","MAR",5,237,"0","0","0","0","0","-","0"
1,"5uyLh0",1,647,2013,141,"Nigeria","NIG","NGA",130,"Morocco","MOR","MAR",5,764,"0","0","0","0","0","-","0"
1,"5uyLh0",1,648,2014,141,"Nigeria","NIG","NGA",130,"Morocco","MOR","MAR",9,132,"0","0","0","0","0","-","0"
1,"5uyLh0",1,649,2015,141,"Nigeria","NIG","NGA",130,"Morocco","MOR","MAR",8,95,"0","0","0","0","0","-","0"
1,"5uyLh0",1,650,2016,141,"Nigeria","NIG","NGA",130,"Morocco","MOR","MAR",8,103,"0","0","0","0","0","-","0"
1,"5uyLh0",1,651,2017,141,"Nigeria","NIG","NGA",130,"Morocco","MOR","MAR",9,63,"0","0","0","0","0","-","0"
1,"5uyLh0",1,652,2018,141,"Nigeria","NIG","NGA",130,"Morocco","MOR","MAR",12,193,"0","0","0","0","0","-","0"
1,"5uyLh0",1,653,2019,141,"Nigeria","NIG","NGA",130,"Morocco","MOR","MAR",17,277,"0","0","0","0","0","-","0"
1,"5uyLh0",1,654,2020,141,"Nigeria","NIG","NGA",130,"Morocco","MOR","MAR",22,398,"0","0","0","0","0","-","0"
1,"5uyLh0",1,655,2021,141,"Nigeria","NIG","NGA",130,"Morocco","MOR","MAR",25,413,"0","0","0","0","0","-","0"
1,"5uyLh0",1,656,2022,141,"Nigeria","NIG","NGA",130,"Morocco","MOR","MAR",31,381,"0","0","0","0","0","-","0"
1,"5uyLh0",1,657,2023,141,"Nigeria","NIG","NGA",130,"Morocco","MOR","MAR",28,455,"0","0","0","0","0","-","0"
1,"5uyLh0",1,658,2024,141,"Nigeria","NIG","NGA",130,"Morocco","MOR","MAR",28,400,"0","0","0","0","0","-","0"
1,"5uyLh0",1,659,2025,141,"Nigeria","NIG","NGA",130,"Morocco","MOR","MAR",28,391,"0","0","0","0","0","-","0"
1,"5uyLh0",1,660,2001,147,"Pakistan","PAK","PAK",130,"Morocco","MOR","MAR","0",5,"0","0","0","0","0","-","0"
1,"5uyLh0",1,661,2002,147,"Pakistan","PAK","PAK",130,"Morocco","MOR","MAR",5,"0","0","0","0","0","0","-","0"
1,"5uyLh0",1,662,2003,147,"Pakistan","PAK","PAK",130,"Morocco","MOR","MAR",5,"0","0","0","0","0","0","-","0"
1,"5uyLh0",1,663,2004,147,"Pakistan","PAK","PAK",130,"Morocco","MOR","MAR",7,"0","0","0","0","0","0","-","0"
1,"5uyLh0",1,664,2005,147,"Pakistan","PAK","PAK",130,"Morocco","MOR","MAR",7,"0","0","0","0","0","0","-","0"
1,"5uyLh0",1,665,2006,147,"Pakistan","PAK","PAK",130,"Morocco","MOR","MAR",7,"0","0","0","0","0","0","-","0"
1,"5uyLh0",1,666,2007,147,"Pakistan","PAK","PAK",130,"Morocco","MOR","MAR",7,"0","0","0","0","0","0","-","0"
1,"5uyLh0",1,667,2008,147,"Pakistan","PAK","PAK",130,"Morocco","MOR","MAR",7,"0","0","0","0","0","0","-","0"
1,"5uyLh0",1,668,2009,147,"Pakistan","PAK","PAK",130,"Morocco","MOR","MAR",7,6,"0","0","0","0","0","-","0"
1,"5uyLh0",1,669,2010,147,"Pakistan","PAK","PAK",130,"Morocco","MOR","MAR",7,"0","0","0","0","0","0","-","0"
1,"5uyLh0",1,670,2011,147,"Pakistan","PAK","PAK",130,"Morocco","MOR","MAR",7,"0","0","0","0","0","0","-","0"
1,"5uyLh0",1,671,2012,147,"Pakistan","PAK","PAK",130,"Morocco","MOR","MAR",7,"0","0","0","0","0","0","-","0"
1,"5uyLh0",1,672,2016,147,"Pakistan","PAK","PAK",130,"Morocco","MOR","MAR",5,"0","0","0","0","0","0","-","0"
1,"5uyLh0",1,673,2017,147,"Pakistan","PAK","PAK",130,"Morocco","MOR","MAR",5,7,"0","0","0","0","0","-","0"
1,"5uyLh0",1,674,2018,147,"Pakistan","PAK","PAK",130,"Morocco","MOR","MAR",9,5,"0","0","0","0","0","-","0"
1,"5uyLh0",1,675,2019,147,"Pakistan","PAK","PAK",130,"Morocco","MOR","MAR",10,9,"0","0","0","0","0","-","0"
1,"5uyLh0",1,676,2020,147,"Pakistan","PAK","PAK",130,"Morocco","MOR","MAR",16,6,"0","0","0","0","0","-","0"
1,"5uyLh0",1,677,2021,147,"Pakistan","PAK","PAK",130,"Morocco","MOR","MAR",16,7,"0","0","0","0","0","-","0"
1,"5uyLh0",1,678,2022,147,"Pakistan","PAK","PAK",130,"Morocco","MOR","MAR",16,5,"0","0","0","0","0","-","0"
1,"5uyLh0",1,679,2023,147,"Pakistan","PAK","PAK",130,"Morocco","MOR","MAR",15,5,"0","0","0","0","0","-","0"
1,"5uyLh0",1,680,2024,147,"Pakistan","PAK","PAK",130,"Morocco","MOR","MAR","0",12,"0","0","0","0","0","-","0"
1,"5uyLh0",1,681,2025,147,"Pakistan","PAK","PAK",130,"Morocco","MOR","MAR","0",16,"0","0","0","0","0","-","0"
1,"5uyLh0",1,682,1970,154,"Poland","POL","POL",130,"Morocco","MOR","MAR",150,"0","0","0","0","0","0","-","0"
1,"5uyLh0",1,683,1971,154,"Poland","POL","POL",130,"Morocco","MOR","MAR",150,"0","0","0","0","0","0","-","0"
1,"5uyLh0",1,684,1972,154,"Poland","POL","POL",130,"Morocco","MOR","MAR",140,"0","0","0","0","0","0","-","0"
1,"5uyLh0",1,685,1973,154,"Poland","POL","POL",130,"Morocco","MOR","MAR",100,"0","0","0","0","0","0","-","0"
1,"5uyLh0",1,686,1974,154,"Poland","POL","POL",130,"Morocco","MOR","MAR",70,"0","0","0","0","0","0","-","0"
1,"5uyLh0",1,687,1975,154,"Poland","POL","POL",130,"Morocco","MOR","MAR",60,"0","0","0","0","0","0","-","0"
1,"5uyLh0",1,688,1976,154,"Poland","POL","POL",130,"Morocco","MOR","MAR",50,"0","0","0","0","0","0","-","0"
1,"5uyLh0",1,689,1978,154,"Poland","POL","POL",130,"Morocco","MOR","MAR",50,"0","0","0","0","0","0","-","0"
1,"5uyLh0",1,690,1980,154,"Poland","POL","POL",130,"Morocco","MOR","MAR",50,"0","0","0","0","0","0","-","0"
1,"5uyLh0",1,691,1982,154,"Poland","POL","POL",130,"Morocco","MOR","MAR",60,"0","0","0","0","0","0","-","0"
1,"5uyLh0",1,692,1983,154,"Poland","POL","POL",130,"Morocco","MOR","MAR",50,"0","0","0","0","0","0","-","0"
1,"5uyLh0",1,693,2000,154,"Poland","POL","POL",130,"Morocco","MOR","MAR",27,"0","0","0","0","0","0","-","0"
1,"5uyLh0",1,694,2001,154,"Poland","POL","POL",130,"Morocco","MOR","MAR",27,"0","0","0","0","0","0","-","0"
1,"5uyLh0",1,695,2004,154,"Poland","POL","POL",130,"Morocco","MOR","MAR",5,"0","0","0","0","0","0","-","0"
1,"5uyLh0",1,696,2005,154,"Poland","POL","POL",130,"Morocco","MOR","MAR",5,"0","0","0","0","0","0","-","0"
1,"5uyLh0",1,697,2006,154,"Poland","POL","POL",130,"Morocco","MOR","MAR",5,"0","0","0","0","0","0","-","0"
1,"5uyLh0",1,698,2000,155,"Portugal","POR","PRT",130,"Morocco","MOR","MAR",7,"0","0","0","0","0","0","-","0"
1,"5uyLh0",1,699,2001,155,"Portugal","POR","PRT",130,"Morocco","MOR","MAR",7,"0","0","0","0","0","0","-","0"
1,"5uyLh0",1,700,2000,158,"Romania","ROM","ROU",130,"Morocco","MOR","MAR",7,"0","0","0","0","0","0","-","0"
1,"5uyLh0",1,701,2001,158,"Romania","ROM","ROU",130,"Morocco","MOR","MAR",7,"0","0","0","0","0","0","-","0"
1,"5uyLh0",1,702,2000,159,"South Africa","RSA","ZAF",130,"Morocco","MOR","MAR",6,"0","0","0","0","0","0","-","0"
1,"5uyLh0",1,703,2001,159,"South Africa","RSA","ZAF",130,"Morocco","MOR","MAR",6,"0","0","0","0","0","0","-","0"
1,"5uyLh0",1,704,2002,159,"South Africa","RSA","ZAF",130,"Morocco","MOR","MAR",7,"0","0","0","0","0","0","-","0"
1,"5uyLh0",1,705,2003,159,"South Africa","RSA","ZAF",130,"Morocco","MOR","MAR",6,"0","0","0","0","0","0","-","0"
1,"5uyLh0",1,706,1970,160,"Russian Federation","RUS","RUS",130,"Morocco","MOR","MAR",170,"0","0","0","0","0","0","-","0"
1,"5uyLh0",1,707,1971,160,"Russian Federation","RUS","RUS",130,"Morocco","MOR","MAR",160,"0","0","0","0","0","0","-","0"
1,"5uyLh0",1,708,1972,160,"Russian Federation","RUS","RUS",130,"Morocco","MOR","MAR",150,"0","0","0","0","0","0","-","0"
1,"5uyLh0",1,709,1973,160,"Russian Federation","RUS","RUS",130,"Morocco","MOR","MAR",110,"0","0","0","0","0","0","-","0"
1,"5uyLh0",1,710,1974,160,"Russian Federation","RUS","RUS",130,"Morocco","MOR","MAR",80,"0","0","0","0","0","0","-","0"
1,"5uyLh0",1,711,1975,160,"Russian Federation","RUS","RUS",130,"Morocco","MOR","MAR",70,"0","0","0","0","0","0","-","0"
1,"5uyLh0",1,712,1976,160,"Russian Federation","RUS","RUS",130,"Morocco","MOR","MAR",60,"0","0","0","0","0","0","-","0"
1,"5uyLh0",1,713,1978,160,"Russian Federation","RUS","RUS",130,"Morocco","MOR","MAR",50,"0","0","0","0","0","0","-","0"
1,"5uyLh0",1,714,2000,160,"Russian Federation","RUS","RUS",130,"Morocco","MOR","MAR",13,"0","0","0","0","0","0","-","0"
1,"5uyLh0",1,715,2001,160,"Russian Federation","RUS","RUS",130,"Morocco","MOR","MAR",13,"0","0","0","0","0","0","-","0"
1,"5uyLh0",1,716,2023,160,"Russian Federation","RUS","RUS",130,"Morocco","MOR","MAR","0",5,"0","0","0","0","0","-","0"
1,"5uyLh0",1,717,2024,160,"Russian Federation","RUS","RUS",130,"Morocco","MOR","MAR","0",5,"0","0","0","0","0","-","0"
1,"5uyLh0",1,718,2025,160,"Russian Federation","RUS","RUS",130,"Morocco","MOR","MAR","0",5,"0","0","0","0","0","-","0"
1,"5uyLh0",1,719,2000,161,"Rwanda","RWA","RWA",130,"Morocco","MOR","MAR",17,"0","0","0","0","0","0","-","0"
1,"5uyLh0",1,720,2001,161,"Rwanda","RWA","RWA",130,"Morocco","MOR","MAR",11,"0","0","0","0","0","0","-","0"
1,"5uyLh0",1,721,2002,161,"Rwanda","RWA","RWA",130,"Morocco","MOR","MAR",11,"0","0","0","0","0","0","-","0"
1,"5uyLh0",1,722,2003,161,"Rwanda","RWA","RWA",130,"Morocco","MOR","MAR",11,"0","0","0","0","0","0","-","0"
1,"5uyLh0",1,723,2004,161,"Rwanda","RWA","RWA",130,"Morocco","MOR","MAR",5,"0","0","0","0","0","0","-","0"
1,"5uyLh0",1,724,2005,161,"Rwanda","RWA","RWA",130,"Morocco","MOR","MAR",5,11,"0","0","0","0","0","-","0"
1,"5uyLh0",1,725,2006,161,"Rwanda","RWA","RWA",130,"Morocco","MOR","MAR",10,12,"0","0","0","0","0","-","0"
1,"5uyLh0",1,726,2007,161,"Rwanda","RWA","RWA",130,"Morocco","MOR","MAR",10,5,"0","0","0","0","0","-","0"
1,"5uyLh0",1,727,2008,161,"Rwanda","RWA","RWA",130,"Morocco","MOR","MAR",5,"0","0","0","0","0","0","-","0"
1,"5uyLh0",1,728,2009,161,"Rwanda","RWA","RWA",130,"Morocco","MOR","MAR",5,10,"0","0","0","0","0","-","0"
1,"5uyLh0",1,729,2010,161,"Rwanda","RWA","RWA",130,"Morocco","MOR","MAR",6,5,"0","0","0","0","0","-","0"
1,"5uyLh0",1,730,2011,161,"Rwanda","RWA","RWA",130,"Morocco","MOR","MAR",5,"0","0","0","0","0","0","-","0"
1,"5uyLh0",1,731,2012,161,"Rwanda","RWA","RWA",130,"Morocco","MOR","MAR",5,5,"0","0","0","0","0","-","0"
1,"5uyLh0",1,732,2013,161,"Rwanda","RWA","RWA",130,"Morocco","MOR","MAR","0",6,"0","0","0","0","0","-","0"
1,"5uyLh0",1,733,2014,161,"Rwanda","RWA","RWA",130,"Morocco","MOR","MAR","0",5,"0","0","0","0","0","-","0"
1,"5uyLh0",1,734,2015,161,"Rwanda","RWA","RWA",130,"Morocco","MOR","MAR","0",5,"0","0","0","0","0","-","0"
1,"5uyLh0",1,735,2000,164,"Serbia and Kosovo: S/RES/1244 (1999)","SRB","SRB",130,"Morocco","MOR","MAR",9,"0","0","0","0","0","0","-","0"
1,"5uyLh0",1,736,2001,164,"Serbia and Kosovo: S/RES/1244 (1999)","SRB","SRB",130,"Morocco","MOR","MAR",9,"0","0","0","0","0","0","-","0"
1,"5uyLh0",1,737,2002,164,"Serbia and Kosovo: S/RES/1244 (1999)","SRB","SRB",130,"Morocco","MOR","MAR",9,"0","0","0","0","0","0","-","0"
1,"5uyLh0",1,738,2003,164,"Serbia and Kosovo: S/RES/1244 (1999)","SRB","SRB",130,"Morocco","MOR","MAR",9,"0","0","0","0","0","0","-","0"
1,"5uyLh0",1,739,2006,165,"Senegal","SEN","SEN",130,"Morocco","MOR","MAR","0",5,"0","0","0","0","0","-","0"
1,"5uyLh0",1,740,2009,165,"Senegal","SEN","SEN",130,"Morocco","MOR","MAR",5,"0","0","0","0","0","0","-","0"
1,"5uyLh0",1,741,2010,165,"Senegal","SEN","SEN",130,"Morocco","MOR","MAR",6,5,"0","0","0","0","0","-","0"
1,"5uyLh0",1,742,2011,165,"Senegal","SEN","SEN",130,"Morocco","MOR","MAR",7,"0","0","0","0","0","0","-","0"
1,"5uyLh0",1,743,2012,165,"Senegal","SEN","SEN",130,"Morocco","MOR","MAR",5,13,"0","0","0","0","0","-","0"
1,"5uyLh0",1,744,2013,165,"Senegal","SEN","SEN",130,"Morocco","MOR","MAR",9,16,"0","0","0","0","0","-","0"
1,"5uyLh0",1,745,2014,165,"Senegal","SEN","SEN",130,"Morocco","MOR","MAR",9,27,"0","0","0","0","0","-","0"
1,"5uyLh0",1,746,2015,165,"Senegal","SEN","SEN",130,"Morocco","MOR","MAR",36,32,"0","0","0","0","0","-","0"
1,"5uyLh0",1,747,2016,165,"Senegal","SEN","SEN",130,"Morocco","MOR","MAR",35,121,"0","0","0","0","0","-","0"
1,"5uyLh0",1,748,2017,165,"Senegal","SEN","SEN",130,"Morocco","MOR","MAR",57,104,"0","0","0","0","0","-","0"
1,"5uyLh0",1,749,2018,165,"Senegal","SEN","SEN",130,"Morocco","MOR","MAR",79,75,"0","0","0","0","0","-","0"
1,"5uyLh0",1,750,2019,165,"Senegal","SEN","SEN",130,"Morocco","MOR","MAR",82,164,"0","0","0","0","0","-","0"
1,"5uyLh0",1,751,2020,165,"Senegal","SEN","SEN",130,"Morocco","MOR","MAR",86,412,"0","0","0","0","0","-","0"
1,"5uyLh0",1,752,2021,165,"Senegal","SEN","SEN",130,"Morocco","MOR","MAR",106,1118,"0","0","0","0","0","-","0"
1,"5uyLh0",1,753,2022,165,"Senegal","SEN","SEN",130,"Morocco","MOR","MAR",119,1479,"0","0","0","0","0","-","0"
1,"5uyLh0",1,754,2023,165,"Senegal","SEN","SEN",130,"Morocco","MOR","MAR",102,1912,"0","0","0","0","0","-","0"
1,"5uyLh0",1,755,2024,165,"Senegal","SEN","SEN",130,"Morocco","MOR","MAR",63,1848,"0","0","0","0","0","-","0"
1,"5uyLh0",1,756,2025,165,"Senegal","SEN","SEN",130,"Morocco","MOR","MAR",46,1535,"0","0","0","0","0","-","0"
1,"5uyLh0",1,757,1997,169,"Sierra Leone","SLE","SLE",130,"Morocco","MOR","MAR",13,"0","0","0","0","0","0","-","0"
1,"5uyLh0",1,758,2000,169,"Sierra Leone","SLE","SLE",130,"Morocco","MOR","MAR",37,"0","0","0","0","0","0","-","0"
1,"5uyLh0",1,759,2001,169,"Sierra Leone","SLE","SLE",130,"Morocco","MOR","MAR",37,12,"0","0","0","0","0","-","0"
1,"5uyLh0",1,760,2002,169,"Sierra Leone","SLE","SLE",130,"Morocco","MOR","MAR",36,7,"0","0","0","0","0","-","0"
1,"5uyLh0",1,761,2003,169,"Sierra Leone","SLE","SLE",130,"Morocco","MOR","MAR",35,9,"0","0","0","0","0","-","0"
1,"5uyLh0",1,762,2004,169,"Sierra Leone","SLE","SLE",130,"Morocco","MOR","MAR",34,9,"0","0","0","0","0","-","0"
1,"5uyLh0",1,763,2005,169,"Sierra Leone","SLE","SLE",130,"Morocco","MOR","MAR",34,79,"0","0","0","0","0","-","0"
1,"5uyLh0",1,764,2006,169,"Sierra Leone","SLE","SLE",130,"Morocco","MOR","MAR",36,96,"0","0","0","0","0","-","0"
1,"5uyLh0",1,765,2007,169,"Sierra Leone","SLE","SLE",130,"Morocco","MOR","MAR",36,23,"0","0","0","0","0","-","0"
1,"5uyLh0",1,766,2008,169,"Sierra Leone","SLE","SLE",130,"Morocco","MOR","MAR",20,5,5,"0","0","0","0","-","0"
1,"5uyLh0",1,767,2009,169,"Sierra Leone","SLE","SLE",130,"Morocco","MOR","MAR","0",10,5,"0","0","0","0","-","0"
1,"5uyLh0",1,768,2010,169,"Sierra Leone","SLE","SLE",130,"Morocco","MOR","MAR","0",5,"0","0","0","0","0","-","0"
1,"5uyLh0",1,769,2011,169,"Sierra Leone","SLE","SLE",130,"Morocco","MOR","MAR","0",5,"0","0","0","0","0","-","0"
1,"5uyLh0",1,770,2012,169,"Sierra Leone","SLE","SLE",130,"Morocco","MOR","MAR","0",5,"0","0","0","0","0","-","0"
1,"5uyLh0",1,771,2013,169,"Sierra Leone","SLE","SLE",130,"Morocco","MOR","MAR","0",43,"0","0","0","0","0","-","0"
1,"5uyLh0",1,772,2014,169,"Sierra Leone","SLE","SLE",130,"Morocco","MOR","MAR","0",5,"0","0","0","0","0","-","0"
1,"5uyLh0",1,773,2015,169,"Sierra Leone","SLE","SLE",130,"Morocco","MOR","MAR","0",13,"0","0","0","0","0","-","0"
1,"5uyLh0",1,774,2016,169,"Sierra Leone","SLE","SLE",130,"Morocco","MOR","MAR","0",7,"0","0","0","0","0","-","0"
1,"5uyLh0",1,775,2017,169,"Sierra Leone","SLE","SLE",130,"Morocco","MOR","MAR","0",38,"0","0","0","0","0","-","0"
1,"5uyLh0",1,776,2018,169,"Sierra Leone","SLE","SLE",130,"Morocco","MOR","MAR","0",21,"0","0","0","0","0","-","0"
1,"5uyLh0",1,777,2019,169,"Sierra Leone","SLE","SLE",130,"Morocco","MOR","MAR","0",44,"0","0","0","0","0","-","0"
1,"5uyLh0",1,778,2020,169,"Sierra Leone","SLE","SLE",130,"Morocco","MOR","MAR","0",77,"0","0","0","0","0","-","0"
1,"5uyLh0",1,779,2021,169,"Sierra Leone","SLE","SLE",130,"Morocco","MOR","MAR","0",93,"0","0","0","0","0","-","0"
1,"5uyLh0",1,780,2022,169,"Sierra Leone","SLE","SLE",130,"Morocco","MOR","MAR","0",50,"0","0","0","0","0","-","0"
1,"5uyLh0",1,781,2023,169,"Sierra Leone","SLE","SLE",130,"Morocco","MOR","MAR","0",59,"0","0","0","0","0","-","0"
1,"5uyLh0",1,782,2024,169,"Sierra Leone","SLE","SLE",130,"Morocco","MOR","MAR","0",50,"0","0","0","0","0","-","0"
1,"5uyLh0",1,783,2025,169,"Sierra Leone","SLE","SLE",130,"Morocco","MOR","MAR","0",52,"0","0","0","0","0","-","0"
1,"5uyLh0",1,784,1995,172,"Somalia","SOM","SOM",130,"Morocco","MOR","MAR",6,"0","0","0","0","0","0","-","0"
1,"5uyLh0",1,785,1996,172,"Somalia","SOM","SOM",130,"Morocco","MOR","MAR",5,"0","0","0","0","0","0","-","0"
1,"5uyLh0",1,786,2000,172,"Somalia","SOM","SOM",130,"Morocco","MOR","MAR",9,"0","0","0","0","0","0","-","0"
1,"5uyLh0",1,787,2001,172,"Somalia","SOM","SOM",130,"Morocco","MOR","MAR",9,"0","0","0","0","0","0","-","0"
1,"5uyLh0",1,788,2002,172,"Somalia","SOM","SOM",130,"Morocco","MOR","MAR",8,"0","0","0","0","0","0","-","0"
1,"5uyLh0",1,789,2003,172,"Somalia","SOM","SOM",130,"Morocco","MOR","MAR",8,"0","0","0","0","0","0","-","0"
1,"5uyLh0",1,790,2006,172,"Somalia","SOM","SOM",130,"Morocco","MOR","MAR","0",8,"0","0","0","0","0","-","0"
1,"5uyLh0",1,791,2007,172,"Somalia","SOM","SOM",130,"Morocco","MOR","MAR","0",5,"0","0","0","0","0","-","0"
1,"5uyLh0",1,792,2008,172,"Somalia","SOM","SOM",130,"Morocco","MOR","MAR",5,"0","0","0","0","0","0","-","0"
1,"5uyLh0",1,793,2009,172,"Somalia","SOM","SOM",130,"Morocco","MOR","MAR",5,"0","0","0","0","0","0","-","0"
1,"5uyLh0",1,794,2010,172,"Somalia","SOM","SOM",130,"Morocco","MOR","MAR",5,17,"0","0","0","0","0","-","0"
1,"5uyLh0",1,795,2011,172,"Somalia","SOM","SOM",130,"Morocco","MOR","MAR",8,"0","0","0","0","0","0","-","0"
1,"5uyLh0",1,796,2012,172,"Somalia","SOM","SOM",130,"Morocco","MOR","MAR",7,5,"0","0","0","0","0","-","0"
1,"5uyLh0",1,797,2013,172,"Somalia","SOM","SOM",130,"Morocco","MOR","MAR","0",40,"0","0","0","0","0","-","0"
1,"5uyLh0",1,798,2014,172,"Somalia","SOM","SOM",130,"Morocco","MOR","MAR","0",8,"0","0","0","0","0","-","0"
1,"5uyLh0",1,799,2015,172,"Somalia","SOM","SOM",130,"Morocco","MOR","MAR","0",9,"0","0","0","0","0","-","0"
1,"5uyLh0",1,800,2016,172,"Somalia","SOM","SOM",130,"Morocco","MOR","MAR","0",10,"0","0","0","0","0","-","0"
1,"5uyLh0",1,801,2017,172,"Somalia","SOM","SOM",130,"Morocco","MOR","MAR","0",5,"0","0","0","0","0","-","0"
1,"5uyLh0",1,802,2018,172,"Somalia","SOM","SOM",130,"Morocco","MOR","MAR",8,"0","0","0","0","0","0","-","0"
1,"5uyLh0",1,803,2019,172,"Somalia","SOM","SOM",130,"Morocco","MOR","MAR",8,10,"0","0","0","0","0","-","0"
1,"5uyLh0",1,804,2020,172,"Somalia","SOM","SOM",130,"Morocco","MOR","MAR",19,12,"0","0","0","0","0","-","0"
1,"5uyLh0",1,805,2021,172,"Somalia","SOM","SOM",130,"Morocco","MOR","MAR",22,16,"0","0","0","0","0","-","0"
1,"5uyLh0",1,806,2022,172,"Somalia","SOM","SOM",130,"Morocco","MOR","MAR",29,22,"0","0","0","0","0","-","0"
1,"5uyLh0",1,807,2023,172,"Somalia","SOM","SOM",130,"Morocco","MOR","MAR",34,50,"0","0","0","0","0","-","0"
1,"5uyLh0",1,808,2024,172,"Somalia","SOM","SOM",130,"Morocco","MOR","MAR",61,52,"0","0","0","0","0","-","0"
1,"5uyLh0",1,809,2025,172,"Somalia","SOM","SOM",130,"Morocco","MOR","MAR",67,100,"0","0","0","0","0","-","0"
1,"5uyLh0",1,810,1970,173,"Spain","SPA","ESP",130,"Morocco","MOR","MAR",680,"0","0","0","0","0","0","-","0"
1,"5uyLh0",1,811,1971,173,"Spain","SPA","ESP",130,"Morocco","MOR","MAR",670,"0","0","0","0","0","0","-","0"
1,"5uyLh0",1,812,1972,173,"Spain","SPA","ESP",130,"Morocco","MOR","MAR",650,"0","0","0","0","0","0","-","0"
1,"5uyLh0",1,813,1973,173,"Spain","SPA","ESP",130,"Morocco","MOR","MAR",320,"0","0","0","0","0","0","-","0"
1,"5uyLh0",1,814,1974,173,"Spain","SPA","ESP",130,"Morocco","MOR","MAR",210,"0","0","0","0","0","0","-","0"
1,"5uyLh0",1,815,1975,173,"Spain","SPA","ESP",130,"Morocco","MOR","MAR",140,"0","0","0","0","0","0","-","0"
1,"5uyLh0",1,816,1976,173,"Spain","SPA","ESP",130,"Morocco","MOR","MAR",60,"0","0","0","0","0","0","-","0"
1,"5uyLh0",1,817,1982,173,"Spain","SPA","ESP",130,"Morocco","MOR","MAR",50,"0","0","0","0","0","0","-","0"
1,"5uyLh0",1,818,1983,173,"Spain","SPA","ESP",130,"Morocco","MOR","MAR",300,"0","0","0","0","0","0","-","0"
1,"5uyLh0",1,819,1984,173,"Spain","SPA","ESP",130,"Morocco","MOR","MAR",60,"0","0","0","0","0","0","-","0"
1,"5uyLh0",1,820,1985,173,"Spain","SPA","ESP",130,"Morocco","MOR","MAR",60,"0","0","0","0","0","0","-","0"
1,"5uyLh0",1,821,1987,173,"Spain","SPA","ESP",130,"Morocco","MOR","MAR",60,"0","0","0","0","0","0","-","0"
1,"5uyLh0",1,822,2000,173,"Spain","SPA","ESP",130,"Morocco","MOR","MAR",31,"0","0","0","0","0","0","-","0"
1,"5uyLh0",1,823,2001,173,"Spain","SPA","ESP",130,"Morocco","MOR","MAR",31,"0","0","0","0","0","0","-","0"
1,"5uyLh0",1,824,2000,174,"Viet Nam","SRV","VNM",130,"Morocco","MOR","MAR",7,"0","0","0","0","0","0","-","0"
1,"5uyLh0",1,825,2001,174,"Viet Nam","SRV","VNM",130,"Morocco","MOR","MAR",7,"0","0","0","0","0","0","-","0"
1,"5uyLh0",1,826,2002,174,"Viet Nam","SRV","VNM",130,"Morocco","MOR","MAR",6,"0","0","0","0","0","0","-","0"
1,"5uyLh0",1,827,2003,174,"Viet Nam","SRV","VNM",130,"Morocco","MOR","MAR",6,"0","0","0","0","0","0","-","0"
1,"5uyLh0",1,828,2025,174,"Viet Nam","SRV","VNM",130,"Morocco","MOR","MAR","0",5,"0","0","0","0","0","-","0"
1,"5uyLh0",1,829,1995,177,"Sudan","SUD","SDN",130,"Morocco","MOR","MAR",5,"0","0","0","0","0","0","-","0"
1,"5uyLh0",1,830,1996,177,"Sudan","SUD","SDN",130,"Morocco","MOR","MAR",5,"0","0","0","0","0","0","-","0"
1,"5uyLh0",1,831,1997,177,"Sudan","SUD","SDN",130,"Morocco","MOR","MAR",5,"0","0","0","0","0","0","-","0"
1,"5uyLh0",1,832,2000,177,"Sudan","SUD","SDN",130,"Morocco","MOR","MAR",15,"0","0","0","0","0","0","-","0"
1,"5uyLh0",1,833,2001,177,"Sudan","SUD","SDN",130,"Morocco","MOR","MAR",15,5,"0","0","0","0","0","-","0"
1,"5uyLh0",1,834,2002,177,"Sudan","SUD","SDN",130,"Morocco","MOR","MAR",16,5,"0","0","0","0","0","-","0"
1,"5uyLh0",1,835,2003,177,"Sudan","SUD","SDN",130,"Morocco","MOR","MAR",16,5,"0","0","0","0","0","-","0"
1,"5uyLh0",1,836,2004,177,"Sudan","SUD","SDN",130,"Morocco","MOR","MAR",7,5,"0","0","0","0","0","-","0"
1,"5uyLh0",1,837,2005,177,"Sudan","SUD","SDN",130,"Morocco","MOR","MAR",7,13,"0","0","0","0","0","-","0"
1,"5uyLh0",1,838,2006,177,"Sudan","SUD","SDN",130,"Morocco","MOR","MAR",12,10,"0","0","0","0","0","-","0"
1,"5uyLh0",1,839,2007,177,"Sudan","SUD","SDN",130,"Morocco","MOR","MAR",12,6,"0","0","0","0","0","-","0"
1,"5uyLh0",1,840,2008,177,"Sudan","SUD","SDN",130,"Morocco","MOR","MAR",6,5,"0","0","0","0","0","-","0"
1,"5uyLh0",1,841,2009,177,"Sudan","SUD","SDN",130,"Morocco","MOR","MAR",5,5,"0","0","0","0","0","-","0"
1,"5uyLh0",1,842,2010,177,"Sudan","SUD","SDN",130,"Morocco","MOR","MAR",5,"0","0","0","0","0","0","-","0"
1,"5uyLh0",1,843,2011,177,"Sudan","SUD","SDN",130,"Morocco","MOR","MAR",5,5,"0","0","0","0","0","-","0"
1,"5uyLh0",1,844,2012,177,"Sudan","SUD","SDN",130,"Morocco","MOR","MAR",5,22,"0","0","0","0","0","-","0"
1,"5uyLh0",1,845,2013,177,"Sudan","SUD","SDN",130,"Morocco","MOR","MAR",5,71,"0","0","0","0","0","-","0"
1,"5uyLh0",1,846,2014,177,"Sudan","SUD","SDN",130,"Morocco","MOR","MAR",5,15,"0","0","0","0","0","-","0"
1,"5uyLh0",1,847,2015,177,"Sudan","SUD","SDN",130,"Morocco","MOR","MAR",5,8,"0","0","0","0","0","-","0"
1,"5uyLh0",1,848,2016,177,"Sudan","SUD","SDN",130,"Morocco","MOR","MAR",5,14,"0","0","0","0","0","-","0"
1,"5uyLh0",1,849,2017,177,"Sudan","SUD","SDN",130,"Morocco","MOR","MAR",5,10,"0","0","0","0","0","-","0"
1,"5uyLh0",1,850,2018,177,"Sudan","SUD","SDN",130,"Morocco","MOR","MAR",10,7,"0","0","0","0","0","-","0"
1,"5uyLh0",1,851,2019,177,"Sudan","SUD","SDN",130,"Morocco","MOR","MAR",18,24,"0","0","0","0","0","-","0"
1,"5uyLh0",1,852,2020,177,"Sudan","SUD","SDN",130,"Morocco","MOR","MAR",20,54,"0","0","0","0","0","-","0"
1,"5uyLh0",1,853,2021,177,"Sudan","SUD","SDN",130,"Morocco","MOR","MAR",54,938,"0","0","0","0","0","-","0"
1,"5uyLh0",1,854,2022,177,"Sudan","SUD","SDN",130,"Morocco","MOR","MAR",244,1120,"0","0","0","0","0","-","0"
1,"5uyLh0",1,855,2023,177,"Sudan","SUD","SDN",130,"Morocco","MOR","MAR",385,830,"0","0","0","0","0","-","0"
1,"5uyLh0",1,856,2024,177,"Sudan","SUD","SDN",130,"Morocco","MOR","MAR",442,1377,"0","0","0","0","0","-","0"
1,"5uyLh0",1,857,2025,177,"Sudan","SUD","SDN",130,"Morocco","MOR","MAR",398,2586,"0","0","0","0","0","-","0"
1,"5uyLh0",1,858,2018,179,"South Sudan","SSD","SSD",130,"Morocco","MOR","MAR",159,"0","0","0","0","0","0","-","0"
1,"5uyLh0",1,859,2019,179,"South Sudan","SSD","SSD",130,"Morocco","MOR","MAR",292,"0","0","0","0","0","0","-","0"
1,"5uyLh0",1,860,2020,179,"South Sudan","SSD","SSD",130,"Morocco","MOR","MAR",25,321,"0","0","0","0","0","-","0"
1,"5uyLh0",1,861,2021,179,"South Sudan","SSD","SSD",130,"Morocco","MOR","MAR",28,411,"0","0","0","0","0","-","0"
1,"5uyLh0",1,862,2022,179,"South Sudan","SSD","SSD",130,"Morocco","MOR","MAR",48,316,"0","0","0","0","0","-","0"
1,"5uyLh0",1,863,2023,179,"South Sudan","SSD","SSD",130,"Morocco","MOR","MAR",51,335,"0","0","0","0","0","-","0"
1,"5uyLh0",1,864,2024,179,"South Sudan","SSD","SSD",130,"Morocco","MOR","MAR",34,243,"0","0","0","0","0","-","0"
1,"5uyLh0",1,865,2025,179,"South Sudan","SSD","SSD",130,"Morocco","MOR","MAR",32,240,"0","0","0","0","0","-","0"
1,"5uyLh0",1,866,2000,185,"Syrian Arab Rep.","SYR","SYR",130,"Morocco","MOR","MAR",9,"0","0","0","0","0","0","-","0"
1,"5uyLh0",1,867,2001,185,"Syrian Arab Rep.","SYR","SYR",130,"Morocco","MOR","MAR",9,"0","0","0","0","0","0","-","0"
1,"5uyLh0",1,868,2002,185,"Syrian Arab Rep.","SYR","SYR",130,"Morocco","MOR","MAR",9,"0","0","0","0","0","0","-","0"
1,"5uyLh0",1,869,2003,185,"Syrian Arab Rep.","SYR","SYR",130,"Morocco","MOR","MAR",9,"0","0","0","0","0","0","-","0"
1,"5uyLh0",1,870,2004,185,"Syrian Arab Rep.","SYR","SYR",130,"Morocco","MOR","MAR",5,"0","0","0","0","0","0","-","0"
1,"5uyLh0",1,871,2005,185,"Syrian Arab Rep.","SYR","SYR",130,"Morocco","MOR","MAR",5,"0","0","0","0","0","0","-","0"
1,"5uyLh0",1,872,2011,185,"Syrian Arab Rep.","SYR","SYR",130,"Morocco","MOR","MAR","0",5,"0","0","0","0","0","-","0"
1,"5uyLh0",1,873,2012,185,"Syrian Arab Rep.","SYR","SYR",130,"Morocco","MOR","MAR","0",842,"0","0","0","0","0","-","0"
1,"5uyLh0",1,874,2013,185,"Syrian Arab Rep.","SYR","SYR",130,"Morocco","MOR","MAR",856,"0","0","0","0","0","0","-","0"
1,"5uyLh0",1,875,2014,185,"Syrian Arab Rep.","SYR","SYR",130,"Morocco","MOR","MAR",647,"0","0","0","0","0","0","-","0"
1,"5uyLh0",1,876,2015,185,"Syrian Arab Rep.","SYR","SYR",130,"Morocco","MOR","MAR",2619,"0","0","0","0","0","0","-","0"
1,"5uyLh0",1,877,2016,185,"Syrian Arab Rep.","SYR","SYR",130,"Morocco","MOR","MAR",3242,"0","0","0","0","0","0","-","0"
1,"5uyLh0",1,878,2017,185,"Syrian Arab Rep.","SYR","SYR",130,"Morocco","MOR","MAR",2953,"0","0","0","0","0","0","-","0"
1,"5uyLh0",1,879,2018,185,"Syrian Arab Rep.","SYR","SYR",130,"Morocco","MOR","MAR",3506,"0","0","0","0","0","0","-","0"
1,"5uyLh0",1,880,2019,185,"Syrian Arab Rep.","SYR","SYR",130,"Morocco","MOR","MAR",3676,"0","0","0","0","0","0","-","0"
1,"5uyLh0",1,881,2020,185,"Syrian Arab Rep.","SYR","SYR",130,"Morocco","MOR","MAR",4528,"0","0","0","0","0","0","-","0"
1,"5uyLh0",1,882,2021,185,"Syrian Arab Rep.","SYR","SYR",130,"Morocco","MOR","MAR",5082,"0","0","0","0","0","0","-","0"
1,"5uyLh0",1,883,2022,185,"Syrian Arab Rep.","SYR","SYR",130,"Morocco","MOR","MAR",5511,5,"0","0","0","0","0","-","0"
1,"5uyLh0",1,884,2023,185,"Syrian Arab Rep.","SYR","SYR",130,"Morocco","MOR","MAR",5777,5,"0","0","0","0","0","-","0"
1,"5uyLh0",1,885,2024,185,"Syrian Arab Rep.","SYR","SYR",130,"Morocco","MOR","MAR",5442,6,"0","0","0","0","0","-","0"
1,"5uyLh0",1,886,2025,185,"Syrian Arab Rep.","SYR","SYR",130,"Morocco","MOR","MAR",5135,5,"0","0","0","0","0","-","0"
1,"5uyLh0",1,887,2005,192,"Togo","TOG","TGO",130,"Morocco","MOR","MAR","0",10,"0","0","0","0","0","-","0"
1,"5uyLh0",1,888,2011,192,"Togo","TOG","TGO",130,"Morocco","MOR","MAR","0",10,"0","0","0","0","0","-","0"
1,"5uyLh0",1,889,2012,192,"Togo","TOG","TGO",130,"Morocco","MOR","MAR","0",7,"0","0","0","0","0","-","0"
1,"5uyLh0",1,890,2013,192,"Togo","TOG","TGO",130,"Morocco","MOR","MAR","0",10,"0","0","0","0","0","-","0"
1,"5uyLh0",1,891,2014,192,"Togo","TOG","TGO",130,"Morocco","MOR","MAR","0",8,"0","0","0","0","0","-","0"
1,"5uyLh0",1,892,2015,192,"Togo","TOG","TGO",130,"Morocco","MOR","MAR","0",8,"0","0","0","0","0","-","0"
1,"5uyLh0",1,893,2016,192,"Togo","TOG","TGO",130,"Morocco","MOR","MAR","0",5,"0","0","0","0","0","-","0"
1,"5uyLh0",1,894,2017,192,"Togo","TOG","TGO",130,"Morocco","MOR","MAR","0",9,"0","0","0","0","0","-","0"
1,"5uyLh0",1,895,2018,192,"Togo","TOG","TGO",130,"Morocco","MOR","MAR","0",11,"0","0","0","0","0","-","0"
1,"5uyLh0",1,896,2019,192,"Togo","TOG","TGO",130,"Morocco","MOR","MAR","0",7,"0","0","0","0","0","-","0"
1,"5uyLh0",1,897,2020,192,"Togo","TOG","TGO",130,"Morocco","MOR","MAR","0",13,"0","0","0","0","0","-","0"
1,"5uyLh0",1,898,2021,192,"Togo","TOG","TGO",130,"Morocco","MOR","MAR","0",13,"0","0","0","0","0","-","0"
1,"5uyLh0",1,899,2022,192,"Togo","TOG","TGO",130,"Morocco","MOR","MAR","0",8,"0","0","0","0","0","-","0"
1,"5uyLh0",1,900,2023,192,"Togo","TOG","TGO",130,"Morocco","MOR","MAR","0",5,"0","0","0","0","0","-","0"
1,"5uyLh0",1,901,2024,192,"Togo","TOG","TGO",130,"Morocco","MOR","MAR","0",17,"0","0","0","0","0","-","0"
1,"5uyLh0",1,902,2025,192,"Togo","TOG","TGO",130,"Morocco","MOR","MAR","0",19,"0","0","0","0","0","-","0"
1,"5uyLh0",1,903,2000,195,"Tunisia","TUN","TUN",130,"Morocco","MOR","MAR",6,"0","0","0","0","0","0","-","0"
1,"5uyLh0",1,904,2001,195,"Tunisia","TUN","TUN",130,"Morocco","MOR","MAR",6,"0","0","0","0","0","0","-","0"
1,"5uyLh0",1,905,2002,195,"Tunisia","TUN","TUN",130,"Morocco","MOR","MAR",6,"0","0","0","0","0","0","-","0"
1,"5uyLh0",1,906,2003,195,"Tunisia","TUN","TUN",130,"Morocco","MOR","MAR",6,5,"0","0","0","0","0","-","0"
1,"5uyLh0",1,907,2004,195,"Tunisia","TUN","TUN",130,"Morocco","MOR","MAR",5,5,"0","0","0","0","0","-","0"
1,"5uyLh0",1,908,2006,195,"Tunisia","TUN","TUN",130,"Morocco","MOR","MAR",5,"0","0","0","0","0","0","-","0"
1,"5uyLh0",1,909,2007,195,"Tunisia","TUN","TUN",130,"Morocco","MOR","MAR",5,"0","0","0","0","0","0","-","0"
1,"5uyLh0",1,910,2008,195,"Tunisia","TUN","TUN",130,"Morocco","MOR","MAR",5,"0","0","0","0","0","0","-","0"
1,"5uyLh0",1,911,2010,195,"Tunisia","TUN","TUN",130,"Morocco","MOR","MAR",5,"0","0","0","0","0","0","-","0"
1,"5uyLh0",1,912,2019,195,"Tunisia","TUN","TUN",130,"Morocco","MOR","MAR","0",5,"0","0","0","0","0","-","0"
1,"5uyLh0",1,913,2020,195,"Tunisia","TUN","TUN",130,"Morocco","MOR","MAR","0",5,"0","0","0","0","0","-","0"
1,"5uyLh0",1,914,2022,195,"Tunisia","TUN","TUN",130,"Morocco","MOR","MAR",5,5,"0","0","0","0","0","-","0"
1,"5uyLh0",1,915,2023,195,"Tunisia","TUN","TUN",130,"Morocco","MOR","MAR",5,8,"0","0","0","0","0","-","0"
1,"5uyLh0",1,916,2024,195,"Tunisia","TUN","TUN",130,"Morocco","MOR","MAR","0",8,"0","0","0","0","0","-","0"
1,"5uyLh0",1,917,2025,195,"Tunisia","TUN","TUN",130,"Morocco","MOR","MAR","0",13,"0","0","0","0","0","-","0"
1,"5uyLh0",1,918,2000,196,"Türkiye","TUR","TUR",130,"Morocco","MOR","MAR",9,"0","0","0","0","0","0","-","0"
1,"5uyLh0",1,919,2001,196,"Türkiye","TUR","TUR",130,"Morocco","MOR","MAR",7,"0","0","0","0","0","0","-","0"
1,"5uyLh0",1,920,2002,196,"Türkiye","TUR","TUR",130,"Morocco","MOR","MAR",7,"0","0","0","0","0","0","-","0"
1,"5uyLh0",1,921,2003,196,"Türkiye","TUR","TUR",130,"Morocco","MOR","MAR",7,"0","0","0","0","0","0","-","0"
1,"5uyLh0",1,922,2015,196,"Türkiye","TUR","TUR",130,"Morocco","MOR","MAR","0",5,"0","0","0","0","0","-","0"
1,"5uyLh0",1,923,2016,196,"Türkiye","TUR","TUR",130,"Morocco","MOR","MAR","0",7,"0","0","0","0","0","-","0"
1,"5uyLh0",1,924,2017,196,"Türkiye","TUR","TUR",130,"Morocco","MOR","MAR","0",39,"0","0","0","0","0","-","0"
1,"5uyLh0",1,925,2018,196,"Türkiye","TUR","TUR",130,"Morocco","MOR","MAR","0",15,"0","0","0","0","0","-","0"
1,"5uyLh0",1,926,2019,196,"Türkiye","TUR","TUR",130,"Morocco","MOR","MAR","0",13,"0","0","0","0","0","-","0"
1,"5uyLh0",1,927,2020,196,"Türkiye","TUR","TUR",130,"Morocco","MOR","MAR",5,21,"0","0","0","0","0","-","0"
1,"5uyLh0",1,928,2021,196,"Türkiye","TUR","TUR",130,"Morocco","MOR","MAR",5,28,"0","0","0","0","0","-","0"
1,"5uyLh0",1,929,2022,196,"Türkiye","TUR","TUR",130,"Morocco","MOR","MAR",5,28,"0","0","0","0","0","-","0"
1,"5uyLh0",1,930,2023,196,"Türkiye","TUR","TUR",130,"Morocco","MOR","MAR",5,23,"0","0","0","0","0","-","0"
1,"5uyLh0",1,931,2024,196,"Türkiye","TUR","TUR",130,"Morocco","MOR","MAR",5,34,"0","0","0","0","0","-","0"
1,"5uyLh0",1,932,2025,196,"Türkiye","TUR","TUR",130,"Morocco","MOR","MAR",5,30,"0","0","0","0","0","-","0"
1,"5uyLh0",1,933,2005,199,"Uganda","UGA","UGA",130,"Morocco","MOR","MAR","0",18,"0","0","0","0","0","-","0"
1,"5uyLh0",1,934,2006,199,"Uganda","UGA","UGA",130,"Morocco","MOR","MAR","0",18,"0","0","0","0","0","-","0"
1,"5uyLh0",1,935,2007,199,"Uganda","UGA","UGA",130,"Morocco","MOR","MAR","0",5,"0","0","0","0","0","-","0"
1,"5uyLh0",1,936,2008,199,"Uganda","UGA","UGA",130,"Morocco","MOR","MAR","0",5,"0","0","0","0","0","-","0"
1,"5uyLh0",1,937,2009,199,"Uganda","UGA","UGA",130,"Morocco","MOR","MAR","0",12,"0","0","0","0","0","-","0"
1,"5uyLh0",1,938,2011,199,"Uganda","UGA","UGA",130,"Morocco","MOR","MAR","0",5,"0","0","0","0","0","-","0"
1,"5uyLh0",1,939,2012,199,"Uganda","UGA","UGA",130,"Morocco","MOR","MAR","0",7,"0","0","0","0","0","-","0"
1,"5uyLh0",1,940,2013,199,"Uganda","UGA","UGA",130,"Morocco","MOR","MAR","0",26,"0","0","0","0","0","-","0"
1,"5uyLh0",1,941,2014,199,"Uganda","UGA","UGA",130,"Morocco","MOR","MAR","0",5,"0","0","0","0","0","-","0"
1,"5uyLh0",1,942,2024,200,"Ukraine","UKR","UKR",130,"Morocco","MOR","MAR","0",5,"0","0","0","0","0","-","0"
1,"5uyLh0",1,943,2025,200,"Ukraine","UKR","UKR",130,"Morocco","MOR","MAR","0",5,"0","0","0","0","0","-","0"
1,"5uyLh0",1,944,2009,211,"Yemen","YEM","YEM",130,"Morocco","MOR","MAR",5,"0","0","0","0","0","0","-","0"
1,"5uyLh0",1,945,2013,211,"Yemen","YEM","YEM",130,"Morocco","MOR","MAR","0",5,"0","0","0","0","0","-","0"
1,"5uyLh0",1,946,2014,211,"Yemen","YEM","YEM",130,"Morocco","MOR","MAR","0",5,"0","0","0","0","0","-","0"
1,"5uyLh0",1,947,2015,211,"Yemen","YEM","YEM",130,"Morocco","MOR","MAR",461,"0","0","0","0","0","0","-","0"
1,"5uyLh0",1,948,2016,211,"Yemen","YEM","YEM",130,"Morocco","MOR","MAR",485,"0","0","0","0","0","0","-","0"
1,"5uyLh0",1,949,2017,211,"Yemen","YEM","YEM",130,"Morocco","MOR","MAR",517,"0","0","0","0","0","0","-","0"
1,"5uyLh0",1,950,2018,211,"Yemen","YEM","YEM",130,"Morocco","MOR","MAR",752,"0","0","0","0","0","0","-","0"
1,"5uyLh0",1,951,2019,211,"Yemen","YEM","YEM",130,"Morocco","MOR","MAR",843,"0","0","0","0","0","0","-","0"
1,"5uyLh0",1,952,2020,211,"Yemen","YEM","YEM",130,"Morocco","MOR","MAR",14,964,"0","0","0","0","0","-","0"
1,"5uyLh0",1,953,2021,211,"Yemen","YEM","YEM",130,"Morocco","MOR","MAR",14,1088,"0","0","0","0","0","-","0"
1,"5uyLh0",1,954,2022,211,"Yemen","YEM","YEM",130,"Morocco","MOR","MAR",11,882,"0","0","0","0","0","-","0"
1,"5uyLh0",1,955,2023,211,"Yemen","YEM","YEM",130,"Morocco","MOR","MAR",16,900,"0","0","0","0","0","-","0"
1,"5uyLh0",1,956,2024,211,"Yemen","YEM","YEM",130,"Morocco","MOR","MAR",7,534,"0","0","0","0","0","-","0"
1,"5uyLh0",1,957,2025,211,"Yemen","YEM","YEM",130,"Morocco","MOR","MAR",6,507,"0","0","0","0","0","-","0"
1,"5uyLh0",1,958,2013,213,"Zambia","ZAM","ZMB",130,"Morocco","MOR","MAR","0",5,"0","0","0","0","0","-","0"
1,"5uyLh0",1,959,2005,214,"Zimbabwe","ZIM","ZWE",130,"Morocco","MOR","MAR","0",5,"0","0","0","0","0","-","0"
1,"5uyLh0",1,960,2006,214,"Zimbabwe","ZIM","ZWE",130,"Morocco","MOR","MAR","0",5,"0","0","0","0","0","-","0"
1,"5uyLh0",1,961,2008,214,"Zimbabwe","ZIM","ZWE",130,"Morocco","MOR","MAR","0",5,"0","0","0","0","0","-","0"
1,"5uyLh0",1,962,2009,214,"Zimbabwe","ZIM","ZWE",130,"Morocco","MOR","MAR","0",5,"0","0","0","0","0","-","0"
1,"5uyLh0",1,963,2012,214,"Zimbabwe","ZIM","ZWE",130,"Morocco","MOR","MAR","0",5,"0","0","0","0","0","-","0"
1,"5uyLh0",1,964,2013,214,"Zimbabwe","ZIM","ZWE",130,"Morocco","MOR","MAR","0",14,"0","0","0","0","0","-","0"
1,"5uyLh0",1,965,2000,216,"Stateless","STA","XXA",130,"Morocco","MOR","MAR",8,"0","0","0","0","0","0","-","0"
1,"5uyLh0",1,966,2001,216,"Stateless","STA","XXA",130,"Morocco","MOR","MAR",8,"0","0","0","0","0","0","-","0"
1,"5uyLh0",1,967,2002,216,"Stateless","STA","XXA",130,"Morocco","MOR","MAR",115,5,"0","0","0","0","0","-","0"
1,"5uyLh0",1,968,2003,216,"Stateless","STA","XXA",130,"Morocco","MOR","MAR",115,5,"0","0","0","0","0","-","0"
1,"5uyLh0",1,969,2004,216,"Stateless","STA","XXA",130,"Morocco","MOR","MAR","0",5,"0","0","0",5,"0","-","0"
1,"5uyLh0",1,970,2005,216,"Stateless","STA","XXA",130,"Morocco","MOR","MAR","0","0","0","0","0",5,"0","-","0"
1,"5uyLh0",1,971,1951,262,"Unknown ","UKN","UNK",130,"Morocco","MOR","MAR",3000,"0","0","0","0","0","0","-","0"
1,"5uyLh0",1,972,1952,262,"Unknown ","UKN","UNK",130,"Morocco","MOR","MAR",2900,"0","0","0","0","0","0","-","0"
1,"5uyLh0",1,973,1953,262,"Unknown ","UKN","UNK",130,"Morocco","MOR","MAR",2800,"0","0","0","0","0","0","-","0"
1,"5uyLh0",1,974,1954,262,"Unknown ","UKN","UNK",130,"Morocco","MOR","MAR",3500,"0","0","0","0","0","0","-","0"
1,"5uyLh0",1,975,1958,262,"Unknown ","UKN","UNK",130,"Morocco","MOR","MAR",2700,"0","0","0","0","0","0","-","0"
1,"5uyLh0",1,976,1959,262,"Unknown ","UKN","UNK",130,"Morocco","MOR","MAR",2700,"0","0","0","0","0","0","-","0"
1,"5uyLh0",1,977,1960,262,"Unknown ","UKN","UNK",130,"Morocco","MOR","MAR",2700,"0","0","0","0","0","0","-","0"
1,"5uyLh0",1,978,1961,262,"Unknown ","UKN","UNK",130,"Morocco","MOR","MAR",2900,"0","0","0","0","0","0","-","0"
1,"5uyLh0",1,979,1962,262,"Unknown ","UKN","UNK",130,"Morocco","MOR","MAR",2900,"0","0","0","0","0","0","-","0"
1,"5uyLh0",1,980,1963,262,"Unknown ","UKN","UNK",130,"Morocco","MOR","MAR",3200,"0","0","0","0","0","0","-","0"
1,"5uyLh0",1,981,1964,262,"Unknown ","UKN","UNK",130,"Morocco","MOR","MAR",3000,"0","0","0","0","0","0","-","0"
1,"5uyLh0",1,982,1965,262,"Unknown ","UKN","UNK",130,"Morocco","MOR","MAR",2360,"0",300,"0","0","0","0","-","0"
1,"5uyLh0",1,983,1966,262,"Unknown ","UKN","UNK",130,"Morocco","MOR","MAR",2180,"0","0","0","0","0","0","-","0"
1,"5uyLh0",1,984,1967,262,"Unknown ","UKN","UNK",130,"Morocco","MOR","MAR",3000,"0","0","0","0","0","0","-","0"
1,"5uyLh0",1,985,1968,262,"Unknown ","UKN","UNK",130,"Morocco","MOR","MAR",1480,"0","0","0","0","0","0","-","0"
1,"5uyLh0",1,986,1969,262,"Unknown ","UKN","UNK",130,"Morocco","MOR","MAR",1440,"0","0","0","0","0","0","-","0"
1,"5uyLh0",1,987,1970,262,"Unknown ","UKN","UNK",130,"Morocco","MOR","MAR",240,"0","0","0","0","0","0","-","0"
1,"5uyLh0",1,988,1971,262,"Unknown ","UKN","UNK",130,"Morocco","MOR","MAR",250,"0","0","0","0","0","0","-","0"
1,"5uyLh0",1,989,1972,262,"Unknown ","UKN","UNK",130,"Morocco","MOR","MAR",240,"0","0","0","0","0","0","-","0"
1,"5uyLh0",1,990,1973,262,"Unknown ","UKN","UNK",130,"Morocco","MOR","MAR",180,"0","0","0","0","0","0","-","0"
1,"5uyLh0",1,991,1974,262,"Unknown ","UKN","UNK",130,"Morocco","MOR","MAR",130,"0","0","0","0","0","0","-","0"
1,"5uyLh0",1,992,1975,262,"Unknown ","UKN","UNK",130,"Morocco","MOR","MAR",120,"0","0","0","0","0","0","-","0"
1,"5uyLh0",1,993,1976,262,"Unknown ","UKN","UNK",130,"Morocco","MOR","MAR",140,"0","0","0","0","0","0","-","0"
1,"5uyLh0",1,994,1977,262,"Unknown ","UKN","UNK",130,"Morocco","MOR","MAR",500,"0","0","0","0","0","0","-","0"
1,"5uyLh0",1,995,1978,262,"Unknown ","UKN","UNK",130,"Morocco","MOR","MAR",350,"0","0","0","0","0","0","-","0"
1,"5uyLh0",1,996,1979,262,"Unknown ","UKN","UNK",130,"Morocco","MOR","MAR",500,"0","0","0","0","0","0","-","0"
1,"5uyLh0",1,997,1980,262,"Unknown ","UKN","UNK",130,"Morocco","MOR","MAR",290,"0","0","0","0","0","0","-","0"
1,"5uyLh0",1,998,1981,262,"Unknown ","UKN","UNK",130,"Morocco","MOR","MAR",500,"0","0","0","0","0","0","-","0"
1,"5uyLh0",1,999,1982,262,"Unknown ","UKN","UNK",130,"Morocco","MOR","MAR",400,"0","0","0","0","0","0","-","0"
1,"5uyLh0",1,1000,1983,262,"Unknown ","UKN","UNK",130,"Morocco","MOR","MAR",190,"0","0","0","0","0","0","-","0"
1,"5uyLh0",1,1001,1984,262,"Unknown ","UKN","UNK",130,"Morocco","MOR","MAR",740,"0","0","0","0","0","0","-","0"
1,"5uyLh0",1,1002,1985,262,"Unknown ","UKN","UNK",130,"Morocco","MOR","MAR",800,"0","0","0","0","0","0","-","0"
1,"5uyLh0",1,1003,1986,262,"Unknown ","UKN","UNK",130,"Morocco","MOR","MAR",800,"0","0","0","0","0","0","-","0"
1,"5uyLh0",1,1004,1987,262,"Unknown ","UKN","UNK",130,"Morocco","MOR","MAR",740,"0","0","0","0","0","0","-","0"
1,"5uyLh0",1,1005,1988,262,"Unknown ","UKN","UNK",130,"Morocco","MOR","MAR",800,"0","0","0","0","0","0","-","0"
1,"5uyLh0",1,1006,1989,262,"Unknown ","UKN","UNK",130,"Morocco","MOR","MAR",303,"0","0","0","0","0","0","-","0"
1,"5uyLh0",1,1007,1990,262,"Unknown ","UKN","UNK",130,"Morocco","MOR","MAR",311,"0","0","0","0","0","0","-","0"
1,"5uyLh0",1,1008,1991,262,"Unknown ","UKN","UNK",130,"Morocco","MOR","MAR",322,"0","0","0","0","0","0","-","0"
1,"5uyLh0",1,1009,1992,262,"Unknown ","UKN","UNK",130,"Morocco","MOR","MAR",319,"0","0","0","0","0","0","-","0"
1,"5uyLh0",1,1010,1993,262,"Unknown ","UKN","UNK",130,"Morocco","MOR","MAR",336,"0","0","0","0","0","0","-","0"
1,"5uyLh0",1,1011,1994,262,"Unknown ","UKN","UNK",130,"Morocco","MOR","MAR",336,"0","0","0","0","0","0","-","0"
1,"5uyLh0",1,1012,1998,262,"Unknown ","UKN","UNK",130,"Morocco","MOR","MAR",901,"0","0","0","0","0","0","-","0"
1,"5uyLh0",1,1013,1999,262,"Unknown ","UKN","UNK",130,"Morocco","MOR","MAR",901,"0","0","0","0","0","0","-","0"
1,"5uyLh0",1,1014,2000,262,"Unknown ","UKN","UNK",130,"Morocco","MOR","MAR",800,"0","0","0","0","0","0","-","0"
1,"5uyLh0",1,1015,2001,262,"Unknown ","UKN","UNK",130,"Morocco","MOR","MAR",800,"0","0","0","0","0","0","-","0"
1,"5uyLh0",1,1016,2002,262,"Unknown ","UKN","UNK",130,"Morocco","MOR","MAR",800,"0","0","0","0","0","0","-","0"
1,"5uyLh0",1,1017,2003,262,"Unknown ","UKN","UNK",130,"Morocco","MOR","MAR",800,"0","0","0","0","0","0","-","0"
