"page","short-url","maxPages","items","year","coo_id","coo_name","coo","coo_iso","coa_id","coa_name","coa","coa_iso","refugees","asylum_seekers","idps","oip","stateless","hst","ooc"
1,"9sI7At",1,1,1993,2,"Afghanistan","AFG","AFG",127,"Malaysia","MLS","MYS",6,"0","0","-","0","0","0"
1,"9sI7At",1,2,1994,2,"Afghanistan","AFG","AFG",127,"Malaysia","MLS","MYS",12,"0","0","-","0","0","0"
1,"9sI7At",1,3,1995,2,"Afghanistan","AFG","AFG",127,"Malaysia","MLS","MYS",24,"0","0","-","0","0","0"
1,"9sI7At",1,4,1996,2,"Afghanistan","AFG","AFG",127,"Malaysia","MLS","MYS",36,"0","0","-","0","0","0"
1,"9sI7At",1,5,1997,2,"Afghanistan","AFG","AFG",127,"Malaysia","MLS","MYS",55,"0","0","-","0","0","0"
1,"9sI7At",1,6,1998,2,"Afghanistan","AFG","AFG",127,"Malaysia","MLS","MYS",66,"0","0","-","0","0","0"
1,"9sI7At",1,7,1999,2,"Afghanistan","AFG","AFG",127,"Malaysia","MLS","MYS",53,"0","0","-","0","0","0"
1,"9sI7At",1,8,2000,2,"Afghanistan","AFG","AFG",127,"Malaysia","MLS","MYS",55,7,"0","-","0","0","0"
1,"9sI7At",1,9,2001,2,"Afghanistan","AFG","AFG",127,"Malaysia","MLS","MYS",77,45,"0","-","0","0","0"
1,"9sI7At",1,10,2002,2,"Afghanistan","AFG","AFG",127,"Malaysia","MLS","MYS",36,13,"0","-","0","0","0"
1,"9sI7At",1,11,2003,2,"Afghanistan","AFG","AFG",127,"Malaysia","MLS","MYS",18,6,"0","-","0","0","0"
1,"9sI7At",1,12,2004,2,"Afghanistan","AFG","AFG",127,"Malaysia","MLS","MYS",26,27,"0","-","0","0","0"
1,"9sI7At",1,13,2005,2,"Afghanistan","AFG","AFG",127,"Malaysia","MLS","MYS",51,33,"0","-","0","0","0"
1,"9sI7At",1,14,2006,2,"Afghanistan","AFG","AFG",127,"Malaysia","MLS","MYS",55,30,"0","-","0","0","0"
1,"9sI7At",1,15,2007,2,"Afghanistan","AFG","AFG",127,"Malaysia","MLS","MYS",68,122,"0","-","0","0","0"
1,"9sI7At",1,16,2008,2,"Afghanistan","AFG","AFG",127,"Malaysia","MLS","MYS",62,465,"0","-","0","0","0"
1,"9sI7At",1,17,2009,2,"Afghanistan","AFG","AFG",127,"Malaysia","MLS","MYS",248,296,"0","-","0","0","0"
1,"9sI7At",1,18,2010,2,"Afghanistan","AFG","AFG",127,"Malaysia","MLS","MYS",430,76,"0","-","0","0","0"
1,"9sI7At",1,19,2011,2,"Afghanistan","AFG","AFG",127,"Malaysia","MLS","MYS",341,95,"0","-","0","0","0"
1,"9sI7At",1,20,2012,2,"Afghanistan","AFG","AFG",127,"Malaysia","MLS","MYS",349,115,"0","-","0","0","0"
1,"9sI7At",1,21,2013,2,"Afghanistan","AFG","AFG",127,"Malaysia","MLS","MYS",187,138,"0","-","0","0","0"
1,"9sI7At",1,22,2014,2,"Afghanistan","AFG","AFG",127,"Malaysia","MLS","MYS",184,212,"0","-","0","0","0"
1,"9sI7At",1,23,2015,2,"Afghanistan","AFG","AFG",127,"Malaysia","MLS","MYS",173,336,"0","-","0","0","0"
1,"9sI7At",1,24,2016,2,"Afghanistan","AFG","AFG",127,"Malaysia","MLS","MYS",252,454,"0","-","0","0","0"
1,"9sI7At",1,25,2017,2,"Afghanistan","AFG","AFG",127,"Malaysia","MLS","MYS",389,798,"0","-","0","0","0"
1,"9sI7At",1,26,2018,2,"Afghanistan","AFG","AFG",127,"Malaysia","MLS","MYS",647,1070,"0","-","0","0","0"
1,"9sI7At",1,27,2019,2,"Afghanistan","AFG","AFG",127,"Malaysia","MLS","MYS",1352,1126,"0","-","0","0","0"
1,"9sI7At",1,28,2020,2,"Afghanistan","AFG","AFG",127,"Malaysia","MLS","MYS",1517,1153,"0","-","0","0","0"
1,"9sI7At",1,29,2021,2,"Afghanistan","AFG","AFG",127,"Malaysia","MLS","MYS",1604,1199,"0","-","0","0","0"
1,"9sI7At",1,30,2022,2,"Afghanistan","AFG","AFG",127,"Malaysia","MLS","MYS",1860,1532,"0","-","0","0","0"
1,"9sI7At",1,31,2023,2,"Afghanistan","AFG","AFG",127,"Malaysia","MLS","MYS",1512,1394,"0","-","0","0","0"
1,"9sI7At",1,32,2024,2,"Afghanistan","AFG","AFG",127,"Malaysia","MLS","MYS",1193,1555,"0","-","0","0","0"
1,"9sI7At",1,33,2025,2,"Afghanistan","AFG","AFG",127,"Malaysia","MLS","MYS",1181,1626,"0","-","0","0","0"
1,"9sI7At",1,34,2003,4,"Algeria","ALG","DZA",127,"Malaysia","MLS","MYS","0",5,"0","-","0","0","0"
1,"9sI7At",1,35,2004,4,"Algeria","ALG","DZA",127,"Malaysia","MLS","MYS","0",8,"0","-","0","0","0"
1,"9sI7At",1,36,2005,4,"Algeria","ALG","DZA",127,"Malaysia","MLS","MYS",6,5,"0","-","0","0","0"
1,"9sI7At",1,37,2006,4,"Algeria","ALG","DZA",127,"Malaysia","MLS","MYS",6,"0","0","-","0","0","0"
1,"9sI7At",1,38,2007,4,"Algeria","ALG","DZA",127,"Malaysia","MLS","MYS",6,"0","0","-","0","0","0"
1,"9sI7At",1,39,2008,4,"Algeria","ALG","DZA",127,"Malaysia","MLS","MYS","0",5,"0","-","0","0","0"
1,"9sI7At",1,40,2011,4,"Algeria","ALG","DZA",127,"Malaysia","MLS","MYS","0",5,"0","-","0","0","0"
1,"9sI7At",1,41,2012,4,"Algeria","ALG","DZA",127,"Malaysia","MLS","MYS","0",5,"0","-","0","0","0"
1,"9sI7At",1,42,2016,4,"Algeria","ALG","DZA",127,"Malaysia","MLS","MYS","0",5,"0","-","0","0","0"
1,"9sI7At",1,43,2017,4,"Algeria","ALG","DZA",127,"Malaysia","MLS","MYS","0",5,"0","-","0","0","0"
1,"9sI7At",1,44,2019,4,"Algeria","ALG","DZA",127,"Malaysia","MLS","MYS","0",7,"0","-","0","0","0"
1,"9sI7At",1,45,2020,4,"Algeria","ALG","DZA",127,"Malaysia","MLS","MYS","0",8,"0","-","0","0","0"
1,"9sI7At",1,46,2021,4,"Algeria","ALG","DZA",127,"Malaysia","MLS","MYS","0",10,"0","-","0","0","0"
1,"9sI7At",1,47,2022,4,"Algeria","ALG","DZA",127,"Malaysia","MLS","MYS","0",16,"0","-","0","0","0"
1,"9sI7At",1,48,2023,4,"Algeria","ALG","DZA",127,"Malaysia","MLS","MYS",6,7,"0","-","0","0","0"
1,"9sI7At",1,49,2024,4,"Algeria","ALG","DZA",127,"Malaysia","MLS","MYS",9,"0","0","-","0","0","0"
1,"9sI7At",1,50,2025,4,"Algeria","ALG","DZA",127,"Malaysia","MLS","MYS",9,"0","0","-","0","0","0"
1,"9sI7At",1,51,2005,8,"Egypt","ARE","EGY",127,"Malaysia","MLS","MYS","0",5,"0","-","0","0","0"
1,"9sI7At",1,52,2009,8,"Egypt","ARE","EGY",127,"Malaysia","MLS","MYS","0",5,"0","-","0","0","0"
1,"9sI7At",1,53,2010,8,"Egypt","ARE","EGY",127,"Malaysia","MLS","MYS","0",5,"0","-","0","0","0"
1,"9sI7At",1,54,2011,8,"Egypt","ARE","EGY",127,"Malaysia","MLS","MYS","0",9,"0","-","0","0","0"
1,"9sI7At",1,55,2012,8,"Egypt","ARE","EGY",127,"Malaysia","MLS","MYS","0",19,"0","-","0","0","0"
1,"9sI7At",1,56,2013,8,"Egypt","ARE","EGY",127,"Malaysia","MLS","MYS","0",22,"0","-","0","0","0"
1,"9sI7At",1,57,2014,8,"Egypt","ARE","EGY",127,"Malaysia","MLS","MYS","0",24,"0","-","0","0","0"
1,"9sI7At",1,58,2015,8,"Egypt","ARE","EGY",127,"Malaysia","MLS","MYS","0",26,"0","-","0","0","0"
1,"9sI7At",1,59,2016,8,"Egypt","ARE","EGY",127,"Malaysia","MLS","MYS",5,12,"0","-","0","0","0"
1,"9sI7At",1,60,2017,8,"Egypt","ARE","EGY",127,"Malaysia","MLS","MYS",5,19,"0","-","0","0","0"
1,"9sI7At",1,61,2018,8,"Egypt","ARE","EGY",127,"Malaysia","MLS","MYS",8,23,"0","-","0","0","0"
1,"9sI7At",1,62,2019,8,"Egypt","ARE","EGY",127,"Malaysia","MLS","MYS",15,79,"0","-","0","0","0"
1,"9sI7At",1,63,2020,8,"Egypt","ARE","EGY",127,"Malaysia","MLS","MYS",14,84,"0","-","0","0","0"
1,"9sI7At",1,64,2021,8,"Egypt","ARE","EGY",127,"Malaysia","MLS","MYS",18,83,"0","-","0","0","0"
1,"9sI7At",1,65,2022,8,"Egypt","ARE","EGY",127,"Malaysia","MLS","MYS",16,80,"0","-","0","0","0"
1,"9sI7At",1,66,2023,8,"Egypt","ARE","EGY",127,"Malaysia","MLS","MYS",20,62,"0","-","0","0","0"
1,"9sI7At",1,67,2024,8,"Egypt","ARE","EGY",127,"Malaysia","MLS","MYS",30,50,"0","-","0","0","0"
1,"9sI7At",1,68,2025,8,"Egypt","ARE","EGY",127,"Malaysia","MLS","MYS",26,46,"0","-","0","0","0"
1,"9sI7At",1,69,2019,11,"Australia","AUL","AUS",127,"Malaysia","MLS","MYS",5,"0","0","-","0","0","0"
1,"9sI7At",1,70,2020,11,"Australia","AUL","AUS",127,"Malaysia","MLS","MYS",5,"0","0","-","0","0","0"
1,"9sI7At",1,71,2021,11,"Australia","AUL","AUS",127,"Malaysia","MLS","MYS",5,"0","0","-","0","0","0"
1,"9sI7At",1,72,2018,12,"Austria","AUS","AUT",127,"Malaysia","MLS","MYS",5,"0","0","-","0","0","0"
1,"9sI7At",1,73,2002,16,"Burundi","BDI","BDI",127,"Malaysia","MLS","MYS",5,6,"0","-","0","0","0"
1,"9sI7At",1,74,2005,16,"Burundi","BDI","BDI",127,"Malaysia","MLS","MYS","0",5,"0","-","0","0","0"
1,"9sI7At",1,75,2006,16,"Burundi","BDI","BDI",127,"Malaysia","MLS","MYS","0",5,"0","-","0","0","0"
1,"9sI7At",1,76,2007,16,"Burundi","BDI","BDI",127,"Malaysia","MLS","MYS",5,"0","0","-","0","0","0"
1,"9sI7At",1,77,2002,20,"Bangladesh","BGD","BGD",127,"Malaysia","MLS","MYS","0",52,"0","-","0","0","0"
1,"9sI7At",1,78,2003,20,"Bangladesh","BGD","BGD",127,"Malaysia","MLS","MYS","0",133,"0","-","0","0","0"
1,"9sI7At",1,79,2004,20,"Bangladesh","BGD","BGD",127,"Malaysia","MLS","MYS","0",174,"0","-","0","0","0"
1,"9sI7At",1,80,2005,20,"Bangladesh","BGD","BGD",127,"Malaysia","MLS","MYS","0",167,"0","-","0","0","0"
1,"9sI7At",1,81,2006,20,"Bangladesh","BGD","BGD",127,"Malaysia","MLS","MYS","0",108,"0","-","0","0","0"
1,"9sI7At",1,82,2007,20,"Bangladesh","BGD","BGD",127,"Malaysia","MLS","MYS",5,33,"0","-","0","0","0"
1,"9sI7At",1,83,2008,20,"Bangladesh","BGD","BGD",127,"Malaysia","MLS","MYS",5,12,"0","-","0","0","0"
1,"9sI7At",1,84,2009,20,"Bangladesh","BGD","BGD",127,"Malaysia","MLS","MYS",5,6,"0","-","0","0","0"
1,"9sI7At",1,85,2010,20,"Bangladesh","BGD","BGD",127,"Malaysia","MLS","MYS",13,5,"0","-","0","0","0"
1,"9sI7At",1,86,2011,20,"Bangladesh","BGD","BGD",127,"Malaysia","MLS","MYS",13,5,"0","-","0","0","0"
1,"9sI7At",1,87,2012,20,"Bangladesh","BGD","BGD",127,"Malaysia","MLS","MYS",16,"0","0","-","0","0","0"
1,"9sI7At",1,88,2013,20,"Bangladesh","BGD","BGD",127,"Malaysia","MLS","MYS",16,5,"0","-","0","0","0"
1,"9sI7At",1,89,2014,20,"Bangladesh","BGD","BGD",127,"Malaysia","MLS","MYS",13,10,"0","-","0","0","0"
1,"9sI7At",1,90,2015,20,"Bangladesh","BGD","BGD",127,"Malaysia","MLS","MYS",15,17,"0","-","0","0","0"
1,"9sI7At",1,91,2016,20,"Bangladesh","BGD","BGD",127,"Malaysia","MLS","MYS",20,14,"0","-","0","0","0"
1,"9sI7At",1,92,2017,20,"Bangladesh","BGD","BGD",127,"Malaysia","MLS","MYS",27,15,"0","-","0","0","0"
1,"9sI7At",1,93,2018,20,"Bangladesh","BGD","BGD",127,"Malaysia","MLS","MYS",31,10,"0","-","0","0","0"
1,"9sI7At",1,94,2019,20,"Bangladesh","BGD","BGD",127,"Malaysia","MLS","MYS",39,17,"0","-","0","0","0"
1,"9sI7At",1,95,2020,20,"Bangladesh","BGD","BGD",127,"Malaysia","MLS","MYS",38,15,"0","-","0","0","0"
1,"9sI7At",1,96,2021,20,"Bangladesh","BGD","BGD",127,"Malaysia","MLS","MYS",37,17,"0","-","0","0","0"
1,"9sI7At",1,97,2022,20,"Bangladesh","BGD","BGD",127,"Malaysia","MLS","MYS",39,13,"0","-","0","0","0"
1,"9sI7At",1,98,2023,20,"Bangladesh","BGD","BGD",127,"Malaysia","MLS","MYS",41,26,"0","-","0","0","0"
1,"9sI7At",1,99,2024,20,"Bangladesh","BGD","BGD",127,"Malaysia","MLS","MYS",47,25,"0","-","0","0","0"
1,"9sI7At",1,100,2025,20,"Bangladesh","BGD","BGD",127,"Malaysia","MLS","MYS",41,32,"0","-","0","0","0"
1,"9sI7At",1,101,2008,22,"Bhutan","BHU","BTN",127,"Malaysia","MLS","MYS",5,"0","0","-","0","0","0"
1,"9sI7At",1,102,2009,22,"Bhutan","BHU","BTN",127,"Malaysia","MLS","MYS",5,"0","0","-","0","0","0"
1,"9sI7At",1,103,2010,22,"Bhutan","BHU","BTN",127,"Malaysia","MLS","MYS",5,"0","0","-","0","0","0"
1,"9sI7At",1,104,2011,22,"Bhutan","BHU","BTN",127,"Malaysia","MLS","MYS",5,"0","0","-","0","0","0"
1,"9sI7At",1,105,2012,22,"Bhutan","BHU","BTN",127,"Malaysia","MLS","MYS",5,"0","0","-","0","0","0"
1,"9sI7At",1,106,1994,29,"Bosnia and Herzegovina","BSN","BIH",127,"Malaysia","MLS","MYS",15,"0","0","-","0","0","0"
1,"9sI7At",1,107,1995,29,"Bosnia and Herzegovina","BSN","BIH",127,"Malaysia","MLS","MYS",16,"0","0","-","0","0","0"
1,"9sI7At",1,108,1996,29,"Bosnia and Herzegovina","BSN","BIH",127,"Malaysia","MLS","MYS",23,"0","0","-","0","0","0"
1,"9sI7At",1,109,1997,29,"Bosnia and Herzegovina","BSN","BIH",127,"Malaysia","MLS","MYS",5,"0","0","-","0","0","0"
1,"9sI7At",1,110,1998,29,"Bosnia and Herzegovina","BSN","BIH",127,"Malaysia","MLS","MYS",7,"0","0","-","0","0","0"
1,"9sI7At",1,111,1977,32,"Cambodia","CAM","KHM",127,"Malaysia","MLS","MYS",1580,"0","0","-","0","0","0"
1,"9sI7At",1,112,1979,32,"Cambodia","CAM","KHM",127,"Malaysia","MLS","MYS",580,"0","0","-","0","0","0"
1,"9sI7At",1,113,1980,32,"Cambodia","CAM","KHM",127,"Malaysia","MLS","MYS",1880,"0","0","-","0","0","0"
1,"9sI7At",1,114,1981,32,"Cambodia","CAM","KHM",127,"Malaysia","MLS","MYS",3400,"0","0","-","0","0","0"
1,"9sI7At",1,115,1982,32,"Cambodia","CAM","KHM",127,"Malaysia","MLS","MYS",800,"0","0","-","0","0","0"
1,"9sI7At",1,116,1983,32,"Cambodia","CAM","KHM",127,"Malaysia","MLS","MYS",620,"0","0","-","0","0","0"
1,"9sI7At",1,117,1984,32,"Cambodia","CAM","KHM",127,"Malaysia","MLS","MYS",110,"0","0","-","0","0","0"
1,"9sI7At",1,118,1985,32,"Cambodia","CAM","KHM",127,"Malaysia","MLS","MYS",6850,"0","0","-","0","0","0"
1,"9sI7At",1,119,1987,32,"Cambodia","CAM","KHM",127,"Malaysia","MLS","MYS",300,"0","0","-","0","0","0"
1,"9sI7At",1,120,1988,32,"Cambodia","CAM","KHM",127,"Malaysia","MLS","MYS",160,"0","0","-","0","0","0"
1,"9sI7At",1,121,1993,32,"Cambodia","CAM","KHM",127,"Malaysia","MLS","MYS",42,"0","0","-","0","0","0"
1,"9sI7At",1,122,2004,32,"Cambodia","CAM","KHM",127,"Malaysia","MLS","MYS","0",79,"0","-","0","0","0"
1,"9sI7At",1,123,2005,32,"Cambodia","CAM","KHM",127,"Malaysia","MLS","MYS",6,346,"0","-","0","0",5
1,"9sI7At",1,124,2006,32,"Cambodia","CAM","KHM",127,"Malaysia","MLS","MYS",5,314,"0","-","0","0","0"
1,"9sI7At",1,125,2007,32,"Cambodia","CAM","KHM",127,"Malaysia","MLS","MYS",17,196,"0","-","0","0","0"
1,"9sI7At",1,126,2008,32,"Cambodia","CAM","KHM",127,"Malaysia","MLS","MYS",22,42,"0","-","0","0","0"
1,"9sI7At",1,127,2009,32,"Cambodia","CAM","KHM",127,"Malaysia","MLS","MYS",27,34,"0","-","0","0","0"
1,"9sI7At",1,128,2010,32,"Cambodia","CAM","KHM",127,"Malaysia","MLS","MYS",39,9,"0","-","0","0","0"
1,"9sI7At",1,129,2011,32,"Cambodia","CAM","KHM",127,"Malaysia","MLS","MYS",47,7,"0","-","0","0","0"
1,"9sI7At",1,130,2012,32,"Cambodia","CAM","KHM",127,"Malaysia","MLS","MYS",58,"0","0","-","0","0","0"
1,"9sI7At",1,131,2013,32,"Cambodia","CAM","KHM",127,"Malaysia","MLS","MYS",61,"0","0","-","0","0","0"
1,"9sI7At",1,132,2014,32,"Cambodia","CAM","KHM",127,"Malaysia","MLS","MYS",52,"0","0","-","0","0","0"
1,"9sI7At",1,133,2015,32,"Cambodia","CAM","KHM",127,"Malaysia","MLS","MYS",57,5,"0","-","0","0","0"
1,"9sI7At",1,134,2016,32,"Cambodia","CAM","KHM",127,"Malaysia","MLS","MYS",60,19,"0","-","0","0","0"
1,"9sI7At",1,135,2017,32,"Cambodia","CAM","KHM",127,"Malaysia","MLS","MYS",71,"0","0","-","0","0","0"
1,"9sI7At",1,136,2018,32,"Cambodia","CAM","KHM",127,"Malaysia","MLS","MYS",72,"0","0","-","0","0","0"
1,"9sI7At",1,137,2019,32,"Cambodia","CAM","KHM",127,"Malaysia","MLS","MYS",80,9,"0","-","0","0","0"
1,"9sI7At",1,138,2020,32,"Cambodia","CAM","KHM",127,"Malaysia","MLS","MYS",77,11,"0","-","0","0","0"
1,"9sI7At",1,139,2021,32,"Cambodia","CAM","KHM",127,"Malaysia","MLS","MYS",77,10,"0","-","0","0","0"
1,"9sI7At",1,140,2022,32,"Cambodia","CAM","KHM",127,"Malaysia","MLS","MYS",72,14,"0","-","0","0","0"
1,"9sI7At",1,141,2023,32,"Cambodia","CAM","KHM",127,"Malaysia","MLS","MYS",65,27,"0","-","0","0","0"
1,"9sI7At",1,142,2024,32,"Cambodia","CAM","KHM",127,"Malaysia","MLS","MYS",74,43,"0","-","0","0","0"
1,"9sI7At",1,143,2025,32,"Cambodia","CAM","KHM",127,"Malaysia","MLS","MYS",72,44,"0","-","0","0","0"
1,"9sI7At",1,144,2014,34,"Central African Rep.","CAR","CAF",127,"Malaysia","MLS","MYS","0",5,"0","-","0","0","0"
1,"9sI7At",1,145,2015,34,"Central African Rep.","CAR","CAF",127,"Malaysia","MLS","MYS",5,"0","0","-","0","0","0"
1,"9sI7At",1,146,2016,34,"Central African Rep.","CAR","CAF",127,"Malaysia","MLS","MYS","0",5,"0","-","0","0","0"
1,"9sI7At",1,147,2017,34,"Central African Rep.","CAR","CAF",127,"Malaysia","MLS","MYS","0",6,"0","-","0","0","0"
1,"9sI7At",1,148,2018,34,"Central African Rep.","CAR","CAF",127,"Malaysia","MLS","MYS","0",10,"0","-","0","0","0"
1,"9sI7At",1,149,2019,34,"Central African Rep.","CAR","CAF",127,"Malaysia","MLS","MYS",5,"0","0","-","0","0","0"
1,"9sI7At",1,150,2020,34,"Central African Rep.","CAR","CAF",127,"Malaysia","MLS","MYS",5,"0","0","-","0","0","0"
1,"9sI7At",1,151,2021,34,"Central African Rep.","CAR","CAF",127,"Malaysia","MLS","MYS",5,"0","0","-","0","0","0"
1,"9sI7At",1,152,2022,34,"Central African Rep.","CAR","CAF",127,"Malaysia","MLS","MYS",5,"0","0","-","0","0","0"
1,"9sI7At",1,153,2023,34,"Central African Rep.","CAR","CAF",127,"Malaysia","MLS","MYS",5,"0","0","-","0","0","0"
1,"9sI7At",1,154,2024,34,"Central African Rep.","CAR","CAF",127,"Malaysia","MLS","MYS",5,"0","0","-","0","0","0"
1,"9sI7At",1,155,2025,34,"Central African Rep.","CAR","CAF",127,"Malaysia","MLS","MYS",5,"0","0","-","0","0","0"
1,"9sI7At",1,156,2006,36,"Chad","CHD","TCD",127,"Malaysia","MLS","MYS","0",5,"0","-","0","0","0"
1,"9sI7At",1,157,2007,36,"Chad","CHD","TCD",127,"Malaysia","MLS","MYS","0",5,"0","-","0","0","0"
1,"9sI7At",1,158,2008,36,"Chad","CHD","TCD",127,"Malaysia","MLS","MYS","0",8,"0","-","0","0","0"
1,"9sI7At",1,159,2009,36,"Chad","CHD","TCD",127,"Malaysia","MLS","MYS","0",7,"0","-","0","0","0"
1,"9sI7At",1,160,2010,36,"Chad","CHD","TCD",127,"Malaysia","MLS","MYS","0",5,"0","-","0","0","0"
1,"9sI7At",1,161,2002,37,"China","CHI","CHN",127,"Malaysia","MLS","MYS",6,5,"0","-","0","0","0"
1,"9sI7At",1,162,2003,37,"China","CHI","CHN",127,"Malaysia","MLS","MYS",6,5,"0","-","0","0","0"
1,"9sI7At",1,163,2004,37,"China","CHI","CHN",127,"Malaysia","MLS","MYS",6,11,"0","-","0","0","0"
1,"9sI7At",1,164,2005,37,"China","CHI","CHN",127,"Malaysia","MLS","MYS",15,5,"0","-","0","0","0"
1,"9sI7At",1,165,2006,37,"China","CHI","CHN",127,"Malaysia","MLS","MYS",16,18,"0","-","0","0","0"
1,"9sI7At",1,166,2007,37,"China","CHI","CHN",127,"Malaysia","MLS","MYS",26,18,"0","-","0","0","0"
1,"9sI7At",1,167,2008,37,"China","CHI","CHN",127,"Malaysia","MLS","MYS",28,38,"0","-","0","0","0"
1,"9sI7At",1,168,2009,37,"China","CHI","CHN",127,"Malaysia","MLS","MYS",41,56,"0","-","0","0","0"
1,"9sI7At",1,169,2010,37,"China","CHI","CHN",127,"Malaysia","MLS","MYS",54,54,"0","-","0","0","0"
1,"9sI7At",1,170,2011,37,"China","CHI","CHN",127,"Malaysia","MLS","MYS",66,19,"0","-","0","0","0"
1,"9sI7At",1,171,2012,37,"China","CHI","CHN",127,"Malaysia","MLS","MYS",82,5,"0","-","0","0","0"
1,"9sI7At",1,172,2013,37,"China","CHI","CHN",127,"Malaysia","MLS","MYS",59,7,"0","-","0","0","0"
1,"9sI7At",1,173,2014,37,"China","CHI","CHN",127,"Malaysia","MLS","MYS",51,17,"0","-","0","0","0"
1,"9sI7At",1,174,2015,37,"China","CHI","CHN",127,"Malaysia","MLS","MYS",40,5,"0","-","0","0","0"
1,"9sI7At",1,175,2016,37,"China","CHI","CHN",127,"Malaysia","MLS","MYS",28,19,"0","-","0","0","0"
1,"9sI7At",1,176,2017,37,"China","CHI","CHN",127,"Malaysia","MLS","MYS",15,15,"0","-","0","0","0"
1,"9sI7At",1,177,2018,37,"China","CHI","CHN",127,"Malaysia","MLS","MYS",27,14,"0","-","0","0","0"
1,"9sI7At",1,178,2019,37,"China","CHI","CHN",127,"Malaysia","MLS","MYS",44,7,"0","-","0","0","0"
1,"9sI7At",1,179,2020,37,"China","CHI","CHN",127,"Malaysia","MLS","MYS",44,5,"0","-","0","0","0"
1,"9sI7At",1,180,2021,37,"China","CHI","CHN",127,"Malaysia","MLS","MYS",46,"0","0","-","0","0","0"
1,"9sI7At",1,181,2022,37,"China","CHI","CHN",127,"Malaysia","MLS","MYS",38,16,"0","-","0","0","0"
1,"9sI7At",1,182,2023,37,"China","CHI","CHN",127,"Malaysia","MLS","MYS",20,16,"0","-","0","0","0"
1,"9sI7At",1,183,2024,37,"China","CHI","CHN",127,"Malaysia","MLS","MYS",16,13,"0","-","0","0","0"
1,"9sI7At",1,184,2025,37,"China","CHI","CHN",127,"Malaysia","MLS","MYS",13,33,"0","-","0","0","0"
1,"9sI7At",1,185,2005,39,"Cameroon","CMR","CMR",127,"Malaysia","MLS","MYS","0",5,"0","-","0","0","0"
1,"9sI7At",1,186,2006,39,"Cameroon","CMR","CMR",127,"Malaysia","MLS","MYS","0",26,"0","-","0","0","0"
1,"9sI7At",1,187,2007,39,"Cameroon","CMR","CMR",127,"Malaysia","MLS","MYS","0",34,"0","-","0","0","0"
1,"9sI7At",1,188,2008,39,"Cameroon","CMR","CMR",127,"Malaysia","MLS","MYS","0",20,"0","-","0","0","0"
1,"9sI7At",1,189,2009,39,"Cameroon","CMR","CMR",127,"Malaysia","MLS","MYS","0",9,"0","-","0","0","0"
1,"9sI7At",1,190,2010,39,"Cameroon","CMR","CMR",127,"Malaysia","MLS","MYS","0",5,"0","-","0","0","0"
1,"9sI7At",1,191,2015,39,"Cameroon","CMR","CMR",127,"Malaysia","MLS","MYS","0",5,"0","-","0","0","0"
1,"9sI7At",1,192,2018,39,"Cameroon","CMR","CMR",127,"Malaysia","MLS","MYS","0",6,"0","-","0","0","0"
1,"9sI7At",1,193,2019,39,"Cameroon","CMR","CMR",127,"Malaysia","MLS","MYS",5,21,"0","-","0","0","0"
1,"9sI7At",1,194,2020,39,"Cameroon","CMR","CMR",127,"Malaysia","MLS","MYS",5,23,"0","-","0","0","0"
1,"9sI7At",1,195,2021,39,"Cameroon","CMR","CMR",127,"Malaysia","MLS","MYS",10,22,"0","-","0","0","0"
1,"9sI7At",1,196,2022,39,"Cameroon","CMR","CMR",127,"Malaysia","MLS","MYS",12,18,"0","-","0","0","0"
1,"9sI7At",1,197,2023,39,"Cameroon","CMR","CMR",127,"Malaysia","MLS","MYS",10,27,"0","-","0","0","0"
1,"9sI7At",1,198,2024,39,"Cameroon","CMR","CMR",127,"Malaysia","MLS","MYS",9,28,"0","-","0","0","0"
1,"9sI7At",1,199,2025,39,"Cameroon","CMR","CMR",127,"Malaysia","MLS","MYS",11,20,"0","-","0","0","0"
1,"9sI7At",1,200,2003,40,"Congo","COB","COG",127,"Malaysia","MLS","MYS","0",7,"0","-","0","0","0"
1,"9sI7At",1,201,2004,40,"Congo","COB","COG",127,"Malaysia","MLS","MYS","0",7,"0","-","0","0","0"
1,"9sI7At",1,202,2006,40,"Congo","COB","COG",127,"Malaysia","MLS","MYS","0",7,"0","-","0","0","0"
1,"9sI7At",1,203,2007,40,"Congo","COB","COG",127,"Malaysia","MLS","MYS","0",13,"0","-","0","0","0"
1,"9sI7At",1,204,2008,40,"Congo","COB","COG",127,"Malaysia","MLS","MYS","0",8,"0","-","0","0","0"
1,"9sI7At",1,205,2009,40,"Congo","COB","COG",127,"Malaysia","MLS","MYS","0",7,"0","-","0","0","0"
1,"9sI7At",1,206,2010,40,"Congo","COB","COG",127,"Malaysia","MLS","MYS","0",9,"0","-","0","0","0"
1,"9sI7At",1,207,2011,40,"Congo","COB","COG",127,"Malaysia","MLS","MYS","0",8,"0","-","0","0","0"
1,"9sI7At",1,208,2012,40,"Congo","COB","COG",127,"Malaysia","MLS","MYS","0",8,"0","-","0","0","0"
1,"9sI7At",1,209,2013,40,"Congo","COB","COG",127,"Malaysia","MLS","MYS","0",5,"0","-","0","0","0"
1,"9sI7At",1,210,2014,40,"Congo","COB","COG",127,"Malaysia","MLS","MYS","0",5,"0","-","0","0","0"
1,"9sI7At",1,211,2018,40,"Congo","COB","COG",127,"Malaysia","MLS","MYS","0",5,"0","-","0","0","0"
1,"9sI7At",1,212,2019,40,"Congo","COB","COG",127,"Malaysia","MLS","MYS","0",5,"0","-","0","0","0"
1,"9sI7At",1,213,2020,40,"Congo","COB","COG",127,"Malaysia","MLS","MYS","0",5,"0","-","0","0","0"
1,"9sI7At",1,214,2025,40,"Congo","COB","COG",127,"Malaysia","MLS","MYS","0",5,"0","-","0","0","0"
1,"9sI7At",1,215,1994,41,"Dem. Rep. of the Congo","COD","COD",127,"Malaysia","MLS","MYS",5,"0","0","-","0","0","0"
1,"9sI7At",1,216,1995,41,"Dem. Rep. of the Congo","COD","COD",127,"Malaysia","MLS","MYS",5,"0","0","-","0","0","0"
1,"9sI7At",1,217,1997,41,"Dem. Rep. of the Congo","COD","COD",127,"Malaysia","MLS","MYS",10,"0","0","-","0","0","0"
1,"9sI7At",1,218,1998,41,"Dem. Rep. of the Congo","COD","COD",127,"Malaysia","MLS","MYS",9,"0","0","-","0","0","0"
1,"9sI7At",1,219,2006,41,"Dem. Rep. of the Congo","COD","COD",127,"Malaysia","MLS","MYS","0",7,"0","-","0","0","0"
1,"9sI7At",1,220,2007,41,"Dem. Rep. of the Congo","COD","COD",127,"Malaysia","MLS","MYS",5,13,"0","-","0","0","0"
1,"9sI7At",1,221,2008,41,"Dem. Rep. of the Congo","COD","COD",127,"Malaysia","MLS","MYS",5,11,"0","-","0","0","0"
1,"9sI7At",1,222,2009,41,"Dem. Rep. of the Congo","COD","COD",127,"Malaysia","MLS","MYS",5,"0","0","-","0","0","0"
1,"9sI7At",1,223,2010,41,"Dem. Rep. of the Congo","COD","COD",127,"Malaysia","MLS","MYS",5,"0","0","-","0","0","0"
1,"9sI7At",1,224,2011,41,"Dem. Rep. of the Congo","COD","COD",127,"Malaysia","MLS","MYS",5,"0","0","-","0","0","0"
1,"9sI7At",1,225,2012,41,"Dem. Rep. of the Congo","COD","COD",127,"Malaysia","MLS","MYS",6,5,"0","-","0","0","0"
1,"9sI7At",1,226,2013,41,"Dem. Rep. of the Congo","COD","COD",127,"Malaysia","MLS","MYS",10,"0","0","-","0","0","0"
1,"9sI7At",1,227,2014,41,"Dem. Rep. of the Congo","COD","COD",127,"Malaysia","MLS","MYS",10,"0","0","-","0","0","0"
1,"9sI7At",1,228,2015,41,"Dem. Rep. of the Congo","COD","COD",127,"Malaysia","MLS","MYS",9,"0","0","-","0","0","0"
1,"9sI7At",1,229,2017,41,"Dem. Rep. of the Congo","COD","COD",127,"Malaysia","MLS","MYS","0",6,"0","-","0","0","0"
1,"9sI7At",1,230,2018,41,"Dem. Rep. of the Congo","COD","COD",127,"Malaysia","MLS","MYS","0",7,"0","-","0","0","0"
1,"9sI7At",1,231,2019,41,"Dem. Rep. of the Congo","COD","COD",127,"Malaysia","MLS","MYS","0",7,"0","-","0","0","0"
1,"9sI7At",1,232,2020,41,"Dem. Rep. of the Congo","COD","COD",127,"Malaysia","MLS","MYS","0",7,"0","-","0","0","0"
1,"9sI7At",1,233,2021,41,"Dem. Rep. of the Congo","COD","COD",127,"Malaysia","MLS","MYS",10,"0","0","-","0","0","0"
1,"9sI7At",1,234,2022,41,"Dem. Rep. of the Congo","COD","COD",127,"Malaysia","MLS","MYS",9,"0","0","-","0","0","0"
1,"9sI7At",1,235,2023,41,"Dem. Rep. of the Congo","COD","COD",127,"Malaysia","MLS","MYS",9,"0","0","-","0","0","0"
1,"9sI7At",1,236,2024,41,"Dem. Rep. of the Congo","COD","COD",127,"Malaysia","MLS","MYS",9,"0","0","-","0","0","0"
1,"9sI7At",1,237,2025,41,"Dem. Rep. of the Congo","COD","COD",127,"Malaysia","MLS","MYS",9,"0","0","-","0","0","0"
1,"9sI7At",1,238,2004,56,"Eritrea","ERT","ERI",127,"Malaysia","MLS","MYS","0",5,"0","-","0","0","0"
1,"9sI7At",1,239,2005,56,"Eritrea","ERT","ERI",127,"Malaysia","MLS","MYS","0",5,"0","-","0","0","0"
1,"9sI7At",1,240,2006,56,"Eritrea","ERT","ERI",127,"Malaysia","MLS","MYS","0",5,"0","-","0","0","0"
1,"9sI7At",1,241,2007,56,"Eritrea","ERT","ERI",127,"Malaysia","MLS","MYS",5,"0","0","-","0","0","0"
1,"9sI7At",1,242,2008,56,"Eritrea","ERT","ERI",127,"Malaysia","MLS","MYS",5,"0","0","-","0","0","0"
1,"9sI7At",1,243,2009,56,"Eritrea","ERT","ERI",127,"Malaysia","MLS","MYS",5,"0","0","-","0","0","0"
1,"9sI7At",1,244,2010,56,"Eritrea","ERT","ERI",127,"Malaysia","MLS","MYS",6,"0","0","-","0","0","0"
1,"9sI7At",1,245,2011,56,"Eritrea","ERT","ERI",127,"Malaysia","MLS","MYS",6,"0","0","-","0","0","0"
1,"9sI7At",1,246,2012,56,"Eritrea","ERT","ERI",127,"Malaysia","MLS","MYS",7,"0","0","-","0","0","0"
1,"9sI7At",1,247,2013,56,"Eritrea","ERT","ERI",127,"Malaysia","MLS","MYS",5,"0","0","-","0","0","0"
1,"9sI7At",1,248,2014,56,"Eritrea","ERT","ERI",127,"Malaysia","MLS","MYS",5,5,"0","-","0","0","0"
1,"9sI7At",1,249,2015,56,"Eritrea","ERT","ERI",127,"Malaysia","MLS","MYS",5,7,"0","-","0","0","0"
1,"9sI7At",1,250,2016,56,"Eritrea","ERT","ERI",127,"Malaysia","MLS","MYS",5,5,"0","-","0","0","0"
1,"9sI7At",1,251,2017,56,"Eritrea","ERT","ERI",127,"Malaysia","MLS","MYS",5,11,"0","-","0","0","0"
1,"9sI7At",1,252,2018,56,"Eritrea","ERT","ERI",127,"Malaysia","MLS","MYS",5,10,"0","-","0","0","0"
1,"9sI7At",1,253,2019,56,"Eritrea","ERT","ERI",127,"Malaysia","MLS","MYS",7,20,"0","-","0","0","0"
1,"9sI7At",1,254,2020,56,"Eritrea","ERT","ERI",127,"Malaysia","MLS","MYS",9,19,"0","-","0","0","0"
1,"9sI7At",1,255,2021,56,"Eritrea","ERT","ERI",127,"Malaysia","MLS","MYS",25,15,"0","-","0","0","0"
1,"9sI7At",1,256,2022,56,"Eritrea","ERT","ERI",127,"Malaysia","MLS","MYS",32,"0","0","-","0","0","0"
1,"9sI7At",1,257,2023,56,"Eritrea","ERT","ERI",127,"Malaysia","MLS","MYS",34,"0","0","-","0","0","0"
1,"9sI7At",1,258,2024,56,"Eritrea","ERT","ERI",127,"Malaysia","MLS","MYS",35,11,"0","-","0","0","0"
1,"9sI7At",1,259,2025,56,"Eritrea","ERT","ERI",127,"Malaysia","MLS","MYS",37,11,"0","-","0","0","0"
1,"9sI7At",1,260,2007,58,"Ethiopia","ETH","ETH",127,"Malaysia","MLS","MYS","0",5,"0","-","0","0","0"
1,"9sI7At",1,261,2008,58,"Ethiopia","ETH","ETH",127,"Malaysia","MLS","MYS","0",5,"0","-","0","0","0"
1,"9sI7At",1,262,2010,58,"Ethiopia","ETH","ETH",127,"Malaysia","MLS","MYS",5,"0","0","-","0","0","0"
1,"9sI7At",1,263,2011,58,"Ethiopia","ETH","ETH",127,"Malaysia","MLS","MYS",5,"0","0","-","0","0","0"
1,"9sI7At",1,264,2012,58,"Ethiopia","ETH","ETH",127,"Malaysia","MLS","MYS",5,"0","0","-","0","0","0"
1,"9sI7At",1,265,2013,58,"Ethiopia","ETH","ETH",127,"Malaysia","MLS","MYS",5,"0","0","-","0","0","0"
1,"9sI7At",1,266,2014,58,"Ethiopia","ETH","ETH",127,"Malaysia","MLS","MYS",5,5,"0","-","0","0","0"
1,"9sI7At",1,267,2015,58,"Ethiopia","ETH","ETH",127,"Malaysia","MLS","MYS",5,5,"0","-","0","0","0"
1,"9sI7At",1,268,2016,58,"Ethiopia","ETH","ETH",127,"Malaysia","MLS","MYS",5,8,"0","-","0","0","0"
1,"9sI7At",1,269,2017,58,"Ethiopia","ETH","ETH",127,"Malaysia","MLS","MYS",8,5,"0","-","0","0","0"
1,"9sI7At",1,270,2018,58,"Ethiopia","ETH","ETH",127,"Malaysia","MLS","MYS",10,5,"0","-","0","0","0"
1,"9sI7At",1,271,2019,58,"Ethiopia","ETH","ETH",127,"Malaysia","MLS","MYS",11,11,"0","-","0","0","0"
1,"9sI7At",1,272,2020,58,"Ethiopia","ETH","ETH",127,"Malaysia","MLS","MYS",12,11,"0","-","0","0","0"
1,"9sI7At",1,273,2021,58,"Ethiopia","ETH","ETH",127,"Malaysia","MLS","MYS",12,11,"0","-","0","0","0"
1,"9sI7At",1,274,2022,58,"Ethiopia","ETH","ETH",127,"Malaysia","MLS","MYS",10,12,"0","-","0","0","0"
1,"9sI7At",1,275,2023,58,"Ethiopia","ETH","ETH",127,"Malaysia","MLS","MYS",9,8,"0","-","0","0","0"
1,"9sI7At",1,276,2024,58,"Ethiopia","ETH","ETH",127,"Malaysia","MLS","MYS",9,6,"0","-","0","0","0"
1,"9sI7At",1,277,2025,58,"Ethiopia","ETH","ETH",127,"Malaysia","MLS","MYS",9,5,"0","-","0","0","0"
1,"9sI7At",1,278,2014,60,"Fiji","FIJ","FJI",127,"Malaysia","MLS","MYS",5,"0","0","-","0","0","0"
1,"9sI7At",1,279,2015,60,"Fiji","FIJ","FJI",127,"Malaysia","MLS","MYS",5,"0","0","-","0","0","0"
1,"9sI7At",1,280,2002,69,"Palestinian","GAZ","PSE",127,"Malaysia","MLS","MYS","0",5,"0","-","0","0","0"
1,"9sI7At",1,281,2004,69,"Palestinian","GAZ","PSE",127,"Malaysia","MLS","MYS","0",5,"0","-","0","0","0"
1,"9sI7At",1,282,2005,69,"Palestinian","GAZ","PSE",127,"Malaysia","MLS","MYS","0",5,"0","-","0","0","0"
1,"9sI7At",1,283,2006,69,"Palestinian","GAZ","PSE",127,"Malaysia","MLS","MYS","0",21,"0","-","0","0","0"
1,"9sI7At",1,284,2007,69,"Palestinian","GAZ","PSE",127,"Malaysia","MLS","MYS",47,42,"0","-","0","0","0"
1,"9sI7At",1,285,2008,69,"Palestinian","GAZ","PSE",127,"Malaysia","MLS","MYS",105,38,"0","-","0","0","0"
1,"9sI7At",1,286,2009,69,"Palestinian","GAZ","PSE",127,"Malaysia","MLS","MYS",156,44,"0","-","0","0","0"
1,"9sI7At",1,287,2010,69,"Palestinian","GAZ","PSE",127,"Malaysia","MLS","MYS",195,88,"0","-","0","0","0"
1,"9sI7At",1,288,2011,69,"Palestinian","GAZ","PSE",127,"Malaysia","MLS","MYS",247,108,"0","-","0","0","0"
1,"9sI7At",1,289,2012,69,"Palestinian","GAZ","PSE",127,"Malaysia","MLS","MYS",235,146,"0","-","0","0","0"
1,"9sI7At",1,290,2013,69,"Palestinian","GAZ","PSE",127,"Malaysia","MLS","MYS",241,134,"0","-","0","0","0"
1,"9sI7At",1,291,2014,69,"Palestinian","GAZ","PSE",127,"Malaysia","MLS","MYS",287,161,"0","-","0","0","0"
1,"9sI7At",1,292,2015,69,"Palestinian","GAZ","PSE",127,"Malaysia","MLS","MYS",307,333,"0","-","0","0","0"
1,"9sI7At",1,293,2016,69,"Palestinian","GAZ","PSE",127,"Malaysia","MLS","MYS",245,353,"0","-","0","0","0"
1,"9sI7At",1,294,2017,69,"Palestinian","GAZ","PSE",127,"Malaysia","MLS","MYS",236,482,"0","-","0","0","0"
1,"9sI7At",1,295,2018,69,"Palestinian","GAZ","PSE",127,"Malaysia","MLS","MYS",226,531,"0","-","0","0","0"
1,"9sI7At",1,296,2019,69,"Palestinian","GAZ","PSE",127,"Malaysia","MLS","MYS",226,582,"0","-","0","0","0"
1,"9sI7At",1,297,2020,69,"Palestinian","GAZ","PSE",127,"Malaysia","MLS","MYS",216,540,"0","-","0","0","0"
1,"9sI7At",1,298,2021,69,"Palestinian","GAZ","PSE",127,"Malaysia","MLS","MYS",249,526,"0","-","0","0","0"
1,"9sI7At",1,299,2022,69,"Palestinian","GAZ","PSE",127,"Malaysia","MLS","MYS",224,413,"0","-","0","0","0"
1,"9sI7At",1,300,2023,69,"Palestinian","GAZ","PSE",127,"Malaysia","MLS","MYS",219,394,"0","-","0","0","0"
1,"9sI7At",1,301,2024,69,"Palestinian","GAZ","PSE",127,"Malaysia","MLS","MYS",194,366,"0","-","0","0","0"
1,"9sI7At",1,302,2025,69,"Palestinian","GAZ","PSE",127,"Malaysia","MLS","MYS",188,316,"0","-","0","0","0"
1,"9sI7At",1,303,2017,70,"United Kingdom of Great Britain and Northern Ireland","GBR","GBR",127,"Malaysia","MLS","MYS",5,"0","0","-","0","0","0"
1,"9sI7At",1,304,2018,70,"United Kingdom of Great Britain and Northern Ireland","GBR","GBR",127,"Malaysia","MLS","MYS",5,"0","0","-","0","0","0"
1,"9sI7At",1,305,2019,70,"United Kingdom of Great Britain and Northern Ireland","GBR","GBR",127,"Malaysia","MLS","MYS",6,"0","0","-","0","0","0"
1,"9sI7At",1,306,2020,70,"United Kingdom of Great Britain and Northern Ireland","GBR","GBR",127,"Malaysia","MLS","MYS",6,"0","0","-","0","0","0"
1,"9sI7At",1,307,2021,70,"United Kingdom of Great Britain and Northern Ireland","GBR","GBR",127,"Malaysia","MLS","MYS",6,"0","0","-","0","0","0"
1,"9sI7At",1,308,2022,70,"United Kingdom of Great Britain and Northern Ireland","GBR","GBR",127,"Malaysia","MLS","MYS","0",5,"0","-","0","0","0"
1,"9sI7At",1,309,2008,73,"Ghana","GHA","GHA",127,"Malaysia","MLS","MYS","0",5,"0","-","0","0","0"
1,"9sI7At",1,310,2010,73,"Ghana","GHA","GHA",127,"Malaysia","MLS","MYS","0",5,"0","-","0","0","0"
1,"9sI7At",1,311,2007,79,"Guinea","GUI","GIN",127,"Malaysia","MLS","MYS","0",16,"0","-","0","0","0"
1,"9sI7At",1,312,2008,79,"Guinea","GUI","GIN",127,"Malaysia","MLS","MYS","0",11,"0","-","0","0","0"
1,"9sI7At",1,313,2009,79,"Guinea","GUI","GIN",127,"Malaysia","MLS","MYS","0",8,"0","-","0","0","0"
1,"9sI7At",1,314,2010,79,"Guinea","GUI","GIN",127,"Malaysia","MLS","MYS","0",8,"0","-","0","0","0"
1,"9sI7At",1,315,2011,79,"Guinea","GUI","GIN",127,"Malaysia","MLS","MYS","0",6,"0","-","0","0","0"
1,"9sI7At",1,316,2012,79,"Guinea","GUI","GIN",127,"Malaysia","MLS","MYS","0",5,"0","-","0","0","0"
1,"9sI7At",1,317,2013,79,"Guinea","GUI","GIN",127,"Malaysia","MLS","MYS","0",6,"0","-","0","0","0"
1,"9sI7At",1,318,2014,79,"Guinea","GUI","GIN",127,"Malaysia","MLS","MYS","0",5,"0","-","0","0","0"
1,"9sI7At",1,319,2015,79,"Guinea","GUI","GIN",127,"Malaysia","MLS","MYS","0",5,"0","-","0","0","0"
1,"9sI7At",1,320,2016,79,"Guinea","GUI","GIN",127,"Malaysia","MLS","MYS","0",5,"0","-","0","0","0"
1,"9sI7At",1,321,2017,79,"Guinea","GUI","GIN",127,"Malaysia","MLS","MYS","0",13,"0","-","0","0","0"
1,"9sI7At",1,322,2018,79,"Guinea","GUI","GIN",127,"Malaysia","MLS","MYS","0",11,"0","-","0","0","0"
1,"9sI7At",1,323,2019,79,"Guinea","GUI","GIN",127,"Malaysia","MLS","MYS",5,27,"0","-","0","0","0"
1,"9sI7At",1,324,2020,79,"Guinea","GUI","GIN",127,"Malaysia","MLS","MYS",5,27,"0","-","0","0","0"
1,"9sI7At",1,325,2021,79,"Guinea","GUI","GIN",127,"Malaysia","MLS","MYS",7,25,"0","-","0","0","0"
1,"9sI7At",1,326,2022,79,"Guinea","GUI","GIN",127,"Malaysia","MLS","MYS",13,24,"0","-","0","0","0"
1,"9sI7At",1,327,2023,79,"Guinea","GUI","GIN",127,"Malaysia","MLS","MYS",11,30,"0","-","0","0","0"
1,"9sI7At",1,328,2024,79,"Guinea","GUI","GIN",127,"Malaysia","MLS","MYS",10,38,"0","-","0","0","0"
1,"9sI7At",1,329,2025,79,"Guinea","GUI","GIN",127,"Malaysia","MLS","MYS",10,34,"0","-","0","0","0"
1,"9sI7At",1,330,2003,87,"Cote d'Ivoire","ICO","CIV",127,"Malaysia","MLS","MYS","0",5,"0","-","0","0","0"
1,"9sI7At",1,331,2004,87,"Cote d'Ivoire","ICO","CIV",127,"Malaysia","MLS","MYS","0",5,"0","-","0","0","0"
1,"9sI7At",1,332,2005,87,"Cote d'Ivoire","ICO","CIV",127,"Malaysia","MLS","MYS","0",12,"0","-","0","0","0"
1,"9sI7At",1,333,2006,87,"Cote d'Ivoire","ICO","CIV",127,"Malaysia","MLS","MYS","0",27,"0","-","0","0","0"
1,"9sI7At",1,334,2007,87,"Cote d'Ivoire","ICO","CIV",127,"Malaysia","MLS","MYS",5,32,"0","-","0","0","0"
1,"9sI7At",1,335,2008,87,"Cote d'Ivoire","ICO","CIV",127,"Malaysia","MLS","MYS",5,18,"0","-","0","0","0"
1,"9sI7At",1,336,2009,87,"Cote d'Ivoire","ICO","CIV",127,"Malaysia","MLS","MYS",5,8,"0","-","0","0","0"
1,"9sI7At",1,337,2010,87,"Cote d'Ivoire","ICO","CIV",127,"Malaysia","MLS","MYS",5,5,"0","-","0","0","0"
1,"9sI7At",1,338,2011,87,"Cote d'Ivoire","ICO","CIV",127,"Malaysia","MLS","MYS",5,5,"0","-","0","0","0"
1,"9sI7At",1,339,2013,87,"Cote d'Ivoire","ICO","CIV",127,"Malaysia","MLS","MYS",5,"0","0","-","0","0","0"
1,"9sI7At",1,340,2015,87,"Cote d'Ivoire","ICO","CIV",127,"Malaysia","MLS","MYS",5,"0","0","-","0","0","0"
1,"9sI7At",1,341,2016,87,"Cote d'Ivoire","ICO","CIV",127,"Malaysia","MLS","MYS",5,"0","0","-","0","0","0"
1,"9sI7At",1,342,2017,87,"Cote d'Ivoire","ICO","CIV",127,"Malaysia","MLS","MYS",5,"0","0","-","0","0","0"
1,"9sI7At",1,343,2018,87,"Cote d'Ivoire","ICO","CIV",127,"Malaysia","MLS","MYS",5,"0","0","-","0","0","0"
1,"9sI7At",1,344,2019,87,"Cote d'Ivoire","ICO","CIV",127,"Malaysia","MLS","MYS",5,"0","0","-","0","0","0"
1,"9sI7At",1,345,2020,87,"Cote d'Ivoire","ICO","CIV",127,"Malaysia","MLS","MYS",5,"0","0","-","0","0","0"
1,"9sI7At",1,346,2021,87,"Cote d'Ivoire","ICO","CIV",127,"Malaysia","MLS","MYS",5,"0","0","-","0","0","0"
1,"9sI7At",1,347,2022,87,"Cote d'Ivoire","ICO","CIV",127,"Malaysia","MLS","MYS",5,"0","0","-","0","0","0"
1,"9sI7At",1,348,2023,87,"Cote d'Ivoire","ICO","CIV",127,"Malaysia","MLS","MYS",5,"0","0","-","0","0","0"
1,"9sI7At",1,349,2024,87,"Cote d'Ivoire","ICO","CIV",127,"Malaysia","MLS","MYS",5,5,"0","-","0","0","0"
1,"9sI7At",1,350,2002,88,"India","IND","IND",127,"Malaysia","MLS","MYS","0",5,"0","-","0","0","0"
1,"9sI7At",1,351,2003,88,"India","IND","IND",127,"Malaysia","MLS","MYS","0",8,"0","-","0","0","0"
1,"9sI7At",1,352,2004,88,"India","IND","IND",127,"Malaysia","MLS","MYS","0",13,"0","-","0","0","0"
1,"9sI7At",1,353,2005,88,"India","IND","IND",127,"Malaysia","MLS","MYS","0",22,"0","-","0","0","0"
1,"9sI7At",1,354,2006,88,"India","IND","IND",127,"Malaysia","MLS","MYS","0",22,"0","-","0","0","0"
1,"9sI7At",1,355,2007,88,"India","IND","IND",127,"Malaysia","MLS","MYS",5,14,"0","-","0","0","0"
1,"9sI7At",1,356,2008,88,"India","IND","IND",127,"Malaysia","MLS","MYS","0",7,"0","-","0","0","0"
1,"9sI7At",1,357,2009,88,"India","IND","IND",127,"Malaysia","MLS","MYS","0",5,"0","-","0","0","0"
1,"9sI7At",1,358,2010,88,"India","IND","IND",127,"Malaysia","MLS","MYS","0",5,"0","-","0","0","0"
1,"9sI7At",1,359,2011,88,"India","IND","IND",127,"Malaysia","MLS","MYS","0",5,"0","-","0","0","0"
1,"9sI7At",1,360,2012,88,"India","IND","IND",127,"Malaysia","MLS","MYS","0",6,"0","-","0","0","0"
1,"9sI7At",1,361,2013,88,"India","IND","IND",127,"Malaysia","MLS","MYS","0",5,"0","-","0","0","0"
1,"9sI7At",1,362,2014,88,"India","IND","IND",127,"Malaysia","MLS","MYS","0",5,"0","-","0","0","0"
1,"9sI7At",1,363,2015,88,"India","IND","IND",127,"Malaysia","MLS","MYS","0",6,"0","-","0","0","0"
1,"9sI7At",1,364,2016,88,"India","IND","IND",127,"Malaysia","MLS","MYS","0",5,"0","-","0","0","0"
1,"9sI7At",1,365,2017,88,"India","IND","IND",127,"Malaysia","MLS","MYS","0",7,"0","-","0","0","0"
1,"9sI7At",1,366,2018,88,"India","IND","IND",127,"Malaysia","MLS","MYS","0",5,"0","-","0","0","0"
1,"9sI7At",1,367,2019,88,"India","IND","IND",127,"Malaysia","MLS","MYS",5,11,"0","-","0","0","0"
1,"9sI7At",1,368,2020,88,"India","IND","IND",127,"Malaysia","MLS","MYS",5,12,"0","-","0","0","0"
1,"9sI7At",1,369,2021,88,"India","IND","IND",127,"Malaysia","MLS","MYS",5,19,"0","-","0","0","0"
1,"9sI7At",1,370,2022,88,"India","IND","IND",127,"Malaysia","MLS","MYS",5,22,"0","-","0","0","0"
1,"9sI7At",1,371,2023,88,"India","IND","IND",127,"Malaysia","MLS","MYS","0",18,"0","-","0","0","0"
1,"9sI7At",1,372,2024,88,"India","IND","IND",127,"Malaysia","MLS","MYS",5,10,"0","-","0","0","0"
1,"9sI7At",1,373,2025,88,"India","IND","IND",127,"Malaysia","MLS","MYS",5,13,"0","-","0","0","0"
1,"9sI7At",1,374,1993,89,"Indonesia","INS","IDN",127,"Malaysia","MLS","MYS",51,"0","0","-","0","0","0"
1,"9sI7At",1,375,1994,89,"Indonesia","INS","IDN",127,"Malaysia","MLS","MYS",61,"0","0","-","0","0","0"
1,"9sI7At",1,376,1995,89,"Indonesia","INS","IDN",127,"Malaysia","MLS","MYS",9,"0","0","-","0","0","0"
1,"9sI7At",1,377,1996,89,"Indonesia","INS","IDN",127,"Malaysia","MLS","MYS",9,"0","0","-","0","0","0"
1,"9sI7At",1,378,1997,89,"Indonesia","INS","IDN",127,"Malaysia","MLS","MYS",20,"0","0","-","0","0","0"
1,"9sI7At",1,379,1998,89,"Indonesia","INS","IDN",127,"Malaysia","MLS","MYS",264,"0","0","-","0","0","0"
1,"9sI7At",1,380,1999,89,"Indonesia","INS","IDN",127,"Malaysia","MLS","MYS",181,"0","0","-","0","0","0"
1,"9sI7At",1,381,2000,89,"Indonesia","INS","IDN",127,"Malaysia","MLS","MYS",149,"0","0","-","0","0","0"
1,"9sI7At",1,382,2001,89,"Indonesia","INS","IDN",127,"Malaysia","MLS","MYS",83,82,"0","-","0","0","0"
1,"9sI7At",1,383,2002,89,"Indonesia","INS","IDN",127,"Malaysia","MLS","MYS",144,1170,"0","-","0","0","0"
1,"9sI7At",1,384,2003,89,"Indonesia","INS","IDN",127,"Malaysia","MLS","MYS",3198,1799,"0","-","0","0","0"
1,"9sI7At",1,385,2004,89,"Indonesia","INS","IDN",127,"Malaysia","MLS","MYS",15181,446,"0","-","0","0","0"
1,"9sI7At",1,386,2005,89,"Indonesia","INS","IDN",127,"Malaysia","MLS","MYS",19153,598,"0","-","0","0",224
1,"9sI7At",1,387,2006,89,"Indonesia","INS","IDN",127,"Malaysia","MLS","MYS",15174,529,"0","-","0","0","0"
1,"9sI7At",1,388,2007,89,"Indonesia","INS","IDN",127,"Malaysia","MLS","MYS",2215,167,"0","-","0","0","0"
1,"9sI7At",1,389,2008,89,"Indonesia","INS","IDN",127,"Malaysia","MLS","MYS",498,32,"0","-","0","0","0"
1,"9sI7At",1,390,2009,89,"Indonesia","INS","IDN",127,"Malaysia","MLS","MYS",747,6,"0","-","0","0","0"
1,"9sI7At",1,391,2010,89,"Indonesia","INS","IDN",127,"Malaysia","MLS","MYS",814,6,"0","-","0","0","0"
1,"9sI7At",1,392,2011,89,"Indonesia","INS","IDN",127,"Malaysia","MLS","MYS",858,11,"0","-","0","0","0"
1,"9sI7At",1,393,2012,89,"Indonesia","INS","IDN",127,"Malaysia","MLS","MYS",901,"0","0","-","0","0","0"
1,"9sI7At",1,394,2013,89,"Indonesia","INS","IDN",127,"Malaysia","MLS","MYS",714,12,"0","-","0","0","0"
1,"9sI7At",1,395,2014,89,"Indonesia","INS","IDN",127,"Malaysia","MLS","MYS",758,29,"0","-","0","0","0"
1,"9sI7At",1,396,2015,89,"Indonesia","INS","IDN",127,"Malaysia","MLS","MYS",782,35,"0","-","0","0","0"
1,"9sI7At",1,397,2016,89,"Indonesia","INS","IDN",127,"Malaysia","MLS","MYS",779,181,"0","-","0","0","0"
1,"9sI7At",1,398,2017,89,"Indonesia","INS","IDN",127,"Malaysia","MLS","MYS",883,15,"0","-","0","0","0"
1,"9sI7At",1,399,2018,89,"Indonesia","INS","IDN",127,"Malaysia","MLS","MYS",926,17,"0","-","0","0","0"
1,"9sI7At",1,400,2019,89,"Indonesia","INS","IDN",127,"Malaysia","MLS","MYS",996,8,"0","-","0","0","0"
1,"9sI7At",1,401,2020,89,"Indonesia","INS","IDN",127,"Malaysia","MLS","MYS",985,5,"0","-","0","0","0"
1,"9sI7At",1,402,2021,89,"Indonesia","INS","IDN",127,"Malaysia","MLS","MYS",946,35,"0","-","0","0","0"
1,"9sI7At",1,403,2022,89,"Indonesia","INS","IDN",127,"Malaysia","MLS","MYS","0","0","0","-","0","0",961
1,"9sI7At",1,404,2023,89,"Indonesia","INS","IDN",127,"Malaysia","MLS","MYS","0","0","0","-","0","0",814
1,"9sI7At",1,405,2024,89,"Indonesia","INS","IDN",127,"Malaysia","MLS","MYS","0","0","0","-","0","0",866
1,"9sI7At",1,406,2025,89,"Indonesia","INS","IDN",127,"Malaysia","MLS","MYS","0","0","0","-","0","0",865
1,"9sI7At",1,407,1993,91,"Iran (Islamic Rep. of)","IRN","IRN",127,"Malaysia","MLS","MYS",11,"0","0","-","0","0","0"
1,"9sI7At",1,408,1994,91,"Iran (Islamic Rep. of)","IRN","IRN",127,"Malaysia","MLS","MYS",30,"0","0","-","0","0","0"
1,"9sI7At",1,409,1995,91,"Iran (Islamic Rep. of)","IRN","IRN",127,"Malaysia","MLS","MYS",15,"0","0","-","0","0","0"
1,"9sI7At",1,410,1996,91,"Iran (Islamic Rep. of)","IRN","IRN",127,"Malaysia","MLS","MYS",8,"0","0","-","0","0","0"
1,"9sI7At",1,411,1997,91,"Iran (Islamic Rep. of)","IRN","IRN",127,"Malaysia","MLS","MYS",6,"0","0","-","0","0","0"
1,"9sI7At",1,412,1998,91,"Iran (Islamic Rep. of)","IRN","IRN",127,"Malaysia","MLS","MYS",5,"0","0","-","0","0","0"
1,"9sI7At",1,413,1999,91,"Iran (Islamic Rep. of)","IRN","IRN",127,"Malaysia","MLS","MYS",5,"0","0","-","0","0","0"
1,"9sI7At",1,414,2000,91,"Iran (Islamic Rep. of)","IRN","IRN",127,"Malaysia","MLS","MYS",8,"0","0","-","0","0","0"
1,"9sI7At",1,415,2001,91,"Iran (Islamic Rep. of)","IRN","IRN",127,"Malaysia","MLS","MYS",8,"0","0","-","0","0","0"
1,"9sI7At",1,416,2002,91,"Iran (Islamic Rep. of)","IRN","IRN",127,"Malaysia","MLS","MYS",8,5,"0","-","0","0","0"
1,"9sI7At",1,417,2003,91,"Iran (Islamic Rep. of)","IRN","IRN",127,"Malaysia","MLS","MYS",6,"0","0","-","0","0","0"
1,"9sI7At",1,418,2004,91,"Iran (Islamic Rep. of)","IRN","IRN",127,"Malaysia","MLS","MYS",13,8,"0","-","0","0","0"
1,"9sI7At",1,419,2005,91,"Iran (Islamic Rep. of)","IRN","IRN",127,"Malaysia","MLS","MYS",11,11,"0","-","0","0","0"
1,"9sI7At",1,420,2006,91,"Iran (Islamic Rep. of)","IRN","IRN",127,"Malaysia","MLS","MYS",13,19,"0","-","0","0","0"
1,"9sI7At",1,421,2007,91,"Iran (Islamic Rep. of)","IRN","IRN",127,"Malaysia","MLS","MYS",18,30,"0","-","0","0","0"
1,"9sI7At",1,422,2008,91,"Iran (Islamic Rep. of)","IRN","IRN",127,"Malaysia","MLS","MYS",18,33,"0","-","0","0","0"
1,"9sI7At",1,423,2009,91,"Iran (Islamic Rep. of)","IRN","IRN",127,"Malaysia","MLS","MYS",17,72,"0","-","0","0","0"
1,"9sI7At",1,424,2010,91,"Iran (Islamic Rep. of)","IRN","IRN",127,"Malaysia","MLS","MYS",53,119,"0","-","0","0","0"
1,"9sI7At",1,425,2011,91,"Iran (Islamic Rep. of)","IRN","IRN",127,"Malaysia","MLS","MYS",90,206,"0","-","0","0","0"
1,"9sI7At",1,426,2012,91,"Iran (Islamic Rep. of)","IRN","IRN",127,"Malaysia","MLS","MYS",148,294,"0","-","0","0","0"
1,"9sI7At",1,427,2013,91,"Iran (Islamic Rep. of)","IRN","IRN",127,"Malaysia","MLS","MYS",197,360,"0","-","0","0","0"
1,"9sI7At",1,428,2014,91,"Iran (Islamic Rep. of)","IRN","IRN",127,"Malaysia","MLS","MYS",260,313,"0","-","0","0","0"
1,"9sI7At",1,429,2015,91,"Iran (Islamic Rep. of)","IRN","IRN",127,"Malaysia","MLS","MYS",247,237,"0","-","0","0","0"
1,"9sI7At",1,430,2016,91,"Iran (Islamic Rep. of)","IRN","IRN",127,"Malaysia","MLS","MYS",220,225,"0","-","0","0","0"
1,"9sI7At",1,431,2017,91,"Iran (Islamic Rep. of)","IRN","IRN",127,"Malaysia","MLS","MYS",187,200,"0","-","0","0","0"
1,"9sI7At",1,432,2018,91,"Iran (Islamic Rep. of)","IRN","IRN",127,"Malaysia","MLS","MYS",210,170,"0","-","0","0","0"
1,"9sI7At",1,433,2019,91,"Iran (Islamic Rep. of)","IRN","IRN",127,"Malaysia","MLS","MYS",246,198,"0","-","0","0","0"
1,"9sI7At",1,434,2020,91,"Iran (Islamic Rep. of)","IRN","IRN",127,"Malaysia","MLS","MYS",253,188,"0","-","0","0","0"
1,"9sI7At",1,435,2021,91,"Iran (Islamic Rep. of)","IRN","IRN",127,"Malaysia","MLS","MYS",274,169,"0","-","0","0","0"
1,"9sI7At",1,436,2022,91,"Iran (Islamic Rep. of)","IRN","IRN",127,"Malaysia","MLS","MYS",252,141,"0","-","0","0","0"
1,"9sI7At",1,437,2023,91,"Iran (Islamic Rep. of)","IRN","IRN",127,"Malaysia","MLS","MYS",243,115,"0","-","0","0","0"
1,"9sI7At",1,438,2024,91,"Iran (Islamic Rep. of)","IRN","IRN",127,"Malaysia","MLS","MYS",238,110,"0","-","0","0","0"
1,"9sI7At",1,439,2025,91,"Iran (Islamic Rep. of)","IRN","IRN",127,"Malaysia","MLS","MYS",242,106,"0","-","0","0","0"
1,"9sI7At",1,440,1993,92,"Iraq","IRQ","IRQ",127,"Malaysia","MLS","MYS",5,"0","0","-","0","0","0"
1,"9sI7At",1,441,1995,92,"Iraq","IRQ","IRQ",127,"Malaysia","MLS","MYS",19,"0","0","-","0","0","0"
1,"9sI7At",1,442,1996,92,"Iraq","IRQ","IRQ",127,"Malaysia","MLS","MYS",26,"0","0","-","0","0","0"
1,"9sI7At",1,443,1997,92,"Iraq","IRQ","IRQ",127,"Malaysia","MLS","MYS",20,"0","0","-","0","0","0"
1,"9sI7At",1,444,2000,92,"Iraq","IRQ","IRQ",127,"Malaysia","MLS","MYS","0",9,"0","-","0","0","0"
1,"9sI7At",1,445,2001,92,"Iraq","IRQ","IRQ",127,"Malaysia","MLS","MYS",11,"0","0","-","0","0","0"
1,"9sI7At",1,446,2002,92,"Iraq","IRQ","IRQ",127,"Malaysia","MLS","MYS",26,"0","0","-","0","0","0"
1,"9sI7At",1,447,2003,92,"Iraq","IRQ","IRQ",127,"Malaysia","MLS","MYS",19,5,"0","-","0","0","0"
1,"9sI7At",1,448,2004,92,"Iraq","IRQ","IRQ",127,"Malaysia","MLS","MYS",31,14,"0","-","0","0","0"
1,"9sI7At",1,449,2005,92,"Iraq","IRQ","IRQ",127,"Malaysia","MLS","MYS",27,17,"0","-","0","0","0"
1,"9sI7At",1,450,2006,92,"Iraq","IRQ","IRQ",127,"Malaysia","MLS","MYS",51,52,"0","-","0","0","0"
1,"9sI7At",1,451,2007,92,"Iraq","IRQ","IRQ",127,"Malaysia","MLS","MYS",148,419,"0","-","0","0","0"
1,"9sI7At",1,452,2008,92,"Iraq","IRQ","IRQ",127,"Malaysia","MLS","MYS",327,203,"0","-","0","0","0"
1,"9sI7At",1,453,2009,92,"Iraq","IRQ","IRQ",127,"Malaysia","MLS","MYS",450,99,"0","-","0","0","0"
1,"9sI7At",1,454,2010,92,"Iraq","IRQ","IRQ",127,"Malaysia","MLS","MYS",498,188,"0","-","0","0","0"
1,"9sI7At",1,455,2011,92,"Iraq","IRQ","IRQ",127,"Malaysia","MLS","MYS",545,221,"0","-","0","0","0"
1,"9sI7At",1,456,2012,92,"Iraq","IRQ","IRQ",127,"Malaysia","MLS","MYS",475,235,"0","-","0","0","0"
1,"9sI7At",1,457,2013,92,"Iraq","IRQ","IRQ",127,"Malaysia","MLS","MYS",530,264,"0","-","0","0","0"
1,"9sI7At",1,458,2014,92,"Iraq","IRQ","IRQ",127,"Malaysia","MLS","MYS",563,295,"0","-","0","0","0"
1,"9sI7At",1,459,2015,92,"Iraq","IRQ","IRQ",127,"Malaysia","MLS","MYS",591,653,"0","-","0","0","0"
1,"9sI7At",1,460,2016,92,"Iraq","IRQ","IRQ",127,"Malaysia","MLS","MYS",472,740,"0","-","0","0","0"
1,"9sI7At",1,461,2017,92,"Iraq","IRQ","IRQ",127,"Malaysia","MLS","MYS",452,966,"0","-","0","0","0"
1,"9sI7At",1,462,2018,92,"Iraq","IRQ","IRQ",127,"Malaysia","MLS","MYS",458,966,"0","-","0","0","0"
1,"9sI7At",1,463,2019,92,"Iraq","IRQ","IRQ",127,"Malaysia","MLS","MYS",435,876,"0","-","0","0","0"
1,"9sI7At",1,464,2020,92,"Iraq","IRQ","IRQ",127,"Malaysia","MLS","MYS",411,801,"0","-","0","0","0"
1,"9sI7At",1,465,2021,92,"Iraq","IRQ","IRQ",127,"Malaysia","MLS","MYS",420,788,"0","-","0","0","0"
1,"9sI7At",1,466,2022,92,"Iraq","IRQ","IRQ",127,"Malaysia","MLS","MYS",306,443,"0","-","0","0","0"
1,"9sI7At",1,467,2023,92,"Iraq","IRQ","IRQ",127,"Malaysia","MLS","MYS",264,410,"0","-","0","0","0"
1,"9sI7At",1,468,2024,92,"Iraq","IRQ","IRQ",127,"Malaysia","MLS","MYS",200,312,"0","-","0","0","0"
1,"9sI7At",1,469,2025,92,"Iraq","IRQ","IRQ",127,"Malaysia","MLS","MYS",169,269,"0","-","0","0","0"
1,"9sI7At",1,470,2011,96,"Jordan","JOR","JOR",127,"Malaysia","MLS","MYS","0",5,"0","-","0","0","0"
1,"9sI7At",1,471,2012,96,"Jordan","JOR","JOR",127,"Malaysia","MLS","MYS",5,"0","0","-","0","0","0"
1,"9sI7At",1,472,2013,96,"Jordan","JOR","JOR",127,"Malaysia","MLS","MYS",5,"0","0","-","0","0","0"
1,"9sI7At",1,473,2014,96,"Jordan","JOR","JOR",127,"Malaysia","MLS","MYS",5,"0","0","-","0","0","0"
1,"9sI7At",1,474,2015,96,"Jordan","JOR","JOR",127,"Malaysia","MLS","MYS",5,5,"0","-","0","0","0"
1,"9sI7At",1,475,2016,96,"Jordan","JOR","JOR",127,"Malaysia","MLS","MYS","0",5,"0","-","0","0","0"
1,"9sI7At",1,476,2017,96,"Jordan","JOR","JOR",127,"Malaysia","MLS","MYS",5,5,"0","-","0","0","0"
1,"9sI7At",1,477,2018,96,"Jordan","JOR","JOR",127,"Malaysia","MLS","MYS",10,5,"0","-","0","0","0"
1,"9sI7At",1,478,2019,96,"Jordan","JOR","JOR",127,"Malaysia","MLS","MYS","0",6,"0","-","0","0","0"
1,"9sI7At",1,479,2020,96,"Jordan","JOR","JOR",127,"Malaysia","MLS","MYS",5,5,"0","-","0","0","0"
1,"9sI7At",1,480,2021,96,"Jordan","JOR","JOR",127,"Malaysia","MLS","MYS",10,"0","0","-","0","0","0"
1,"9sI7At",1,481,2022,96,"Jordan","JOR","JOR",127,"Malaysia","MLS","MYS",5,"0","0","-","0","0","0"
1,"9sI7At",1,482,2023,96,"Jordan","JOR","JOR",127,"Malaysia","MLS","MYS",5,"0","0","-","0","0","0"
1,"9sI7At",1,483,2024,96,"Jordan","JOR","JOR",127,"Malaysia","MLS","MYS",5,"0","0","-","0","0","0"
1,"9sI7At",1,484,2025,96,"Jordan","JOR","JOR",127,"Malaysia","MLS","MYS",5,"0","0","-","0","0","0"
1,"9sI7At",1,485,2008,99,"Kenya","KEN","KEN",127,"Malaysia","MLS","MYS","0",5,"0","-","0","0","0"
1,"9sI7At",1,486,2009,99,"Kenya","KEN","KEN",127,"Malaysia","MLS","MYS","0",5,"0","-","0","0","0"
1,"9sI7At",1,487,2010,99,"Kenya","KEN","KEN",127,"Malaysia","MLS","MYS",5,"0","0","-","0","0","0"
1,"9sI7At",1,488,2011,99,"Kenya","KEN","KEN",127,"Malaysia","MLS","MYS",5,"0","0","-","0","0","0"
1,"9sI7At",1,489,2012,99,"Kenya","KEN","KEN",127,"Malaysia","MLS","MYS",5,"0","0","-","0","0","0"
1,"9sI7At",1,490,2013,99,"Kenya","KEN","KEN",127,"Malaysia","MLS","MYS",5,"0","0","-","0","0","0"
1,"9sI7At",1,491,2018,105,"Lao People's Dem. Rep.","LAO","LAO",127,"Malaysia","MLS","MYS","0",5,"0","-","0","0","0"
1,"9sI7At",1,492,2019,105,"Lao People's Dem. Rep.","LAO","LAO",127,"Malaysia","MLS","MYS","0",5,"0","-","0","0","0"
1,"9sI7At",1,493,2003,106,"Liberia","LBR","LBR",127,"Malaysia","MLS","MYS","0",36,"0","-","0","0","0"
1,"9sI7At",1,494,2004,106,"Liberia","LBR","LBR",127,"Malaysia","MLS","MYS",6,110,"0","-","0","0","0"
1,"9sI7At",1,495,2005,106,"Liberia","LBR","LBR",127,"Malaysia","MLS","MYS",13,172,"0","-","0","0","0"
1,"9sI7At",1,496,2006,106,"Liberia","LBR","LBR",127,"Malaysia","MLS","MYS",15,153,"0","-","0","0","0"
1,"9sI7At",1,497,2007,106,"Liberia","LBR","LBR",127,"Malaysia","MLS","MYS",23,80,"0","-","0","0","0"
1,"9sI7At",1,498,2008,106,"Liberia","LBR","LBR",127,"Malaysia","MLS","MYS",13,13,"0","-","0","0","0"
1,"9sI7At",1,499,2009,106,"Liberia","LBR","LBR",127,"Malaysia","MLS","MYS",14,5,"0","-","0","0","0"
1,"9sI7At",1,500,2010,106,"Liberia","LBR","LBR",127,"Malaysia","MLS","MYS",11,7,"0","-","0","0","0"
1,"9sI7At",1,501,2011,106,"Liberia","LBR","LBR",127,"Malaysia","MLS","MYS",9,10,"0","-","0","0","0"
1,"9sI7At",1,502,2012,106,"Liberia","LBR","LBR",127,"Malaysia","MLS","MYS",10,5,"0","-","0","0","0"
1,"9sI7At",1,503,2013,106,"Liberia","LBR","LBR",127,"Malaysia","MLS","MYS",14,5,"0","-","0","0","0"
1,"9sI7At",1,504,2014,106,"Liberia","LBR","LBR",127,"Malaysia","MLS","MYS",8,10,"0","-","0","0","0"
1,"9sI7At",1,505,2015,106,"Liberia","LBR","LBR",127,"Malaysia","MLS","MYS",10,"0","0","-","0","0","0"
1,"9sI7At",1,506,2016,106,"Liberia","LBR","LBR",127,"Malaysia","MLS","MYS",10,13,"0","-","0","0","0"
1,"9sI7At",1,507,2017,106,"Liberia","LBR","LBR",127,"Malaysia","MLS","MYS",10,13,"0","-","0","0","0"
1,"9sI7At",1,508,2018,106,"Liberia","LBR","LBR",127,"Malaysia","MLS","MYS",10,13,"0","-","0","0","0"
1,"9sI7At",1,509,2019,106,"Liberia","LBR","LBR",127,"Malaysia","MLS","MYS",19,9,"0","-","0","0","0"
1,"9sI7At",1,510,2020,106,"Liberia","LBR","LBR",127,"Malaysia","MLS","MYS",20,9,"0","-","0","0","0"
1,"9sI7At",1,511,2021,106,"Liberia","LBR","LBR",127,"Malaysia","MLS","MYS",21,6,"0","-","0","0","0"
1,"9sI7At",1,512,2022,106,"Liberia","LBR","LBR",127,"Malaysia","MLS","MYS",20,9,"0","-","0","0","0"
1,"9sI7At",1,513,2023,106,"Liberia","LBR","LBR",127,"Malaysia","MLS","MYS",19,12,"0","-","0","0","0"
1,"9sI7At",1,514,2024,106,"Liberia","LBR","LBR",127,"Malaysia","MLS","MYS",20,6,"0","-","0","0","0"
1,"9sI7At",1,515,2025,106,"Liberia","LBR","LBR",127,"Malaysia","MLS","MYS",22,15,"0","-","0","0","0"
1,"9sI7At",1,516,2003,107,"Libya","LBY","LBY",127,"Malaysia","MLS","MYS","0",6,"0","-","0","0","0"
1,"9sI7At",1,517,2004,107,"Libya","LBY","LBY",127,"Malaysia","MLS","MYS","0",6,"0","-","0","0","0"
1,"9sI7At",1,518,2015,107,"Libya","LBY","LBY",127,"Malaysia","MLS","MYS","0",5,"0","-","0","0","0"
1,"9sI7At",1,519,2016,107,"Libya","LBY","LBY",127,"Malaysia","MLS","MYS",6,16,"0","-","0","0","0"
1,"9sI7At",1,520,2017,107,"Libya","LBY","LBY",127,"Malaysia","MLS","MYS","0",25,"0","-","0","0","0"
1,"9sI7At",1,521,2018,107,"Libya","LBY","LBY",127,"Malaysia","MLS","MYS",5,25,"0","-","0","0","0"
1,"9sI7At",1,522,2019,107,"Libya","LBY","LBY",127,"Malaysia","MLS","MYS",10,21,"0","-","0","0","0"
1,"9sI7At",1,523,2020,107,"Libya","LBY","LBY",127,"Malaysia","MLS","MYS",11,18,"0","-","0","0","0"
1,"9sI7At",1,524,2021,107,"Libya","LBY","LBY",127,"Malaysia","MLS","MYS",11,20,"0","-","0","0","0"
1,"9sI7At",1,525,2022,107,"Libya","LBY","LBY",127,"Malaysia","MLS","MYS",14,16,"0","-","0","0","0"
1,"9sI7At",1,526,2023,107,"Libya","LBY","LBY",127,"Malaysia","MLS","MYS",11,"0","0","-","0","0","0"
1,"9sI7At",1,527,2024,107,"Libya","LBY","LBY",127,"Malaysia","MLS","MYS",5,5,"0","-","0","0","0"
1,"9sI7At",1,528,2025,107,"Libya","LBY","LBY",127,"Malaysia","MLS","MYS",5,"0","0","-","0","0","0"
1,"9sI7At",1,529,2006,109,"Lebanon","LEB","LBN",127,"Malaysia","MLS","MYS",5,"0","0","-","0","0","0"
1,"9sI7At",1,530,2011,109,"Lebanon","LEB","LBN",127,"Malaysia","MLS","MYS","0",7,"0","-","0","0","0"
1,"9sI7At",1,531,2012,109,"Lebanon","LEB","LBN",127,"Malaysia","MLS","MYS","0",5,"0","-","0","0","0"
1,"9sI7At",1,532,2013,109,"Lebanon","LEB","LBN",127,"Malaysia","MLS","MYS","0",6,"0","-","0","0","0"
1,"9sI7At",1,533,2014,109,"Lebanon","LEB","LBN",127,"Malaysia","MLS","MYS",5,"0","0","-","0","0","0"
1,"9sI7At",1,534,2015,109,"Lebanon","LEB","LBN",127,"Malaysia","MLS","MYS",5,"0","0","-","0","0","0"
1,"9sI7At",1,535,2016,109,"Lebanon","LEB","LBN",127,"Malaysia","MLS","MYS",5,5,"0","-","0","0","0"
1,"9sI7At",1,536,2017,109,"Lebanon","LEB","LBN",127,"Malaysia","MLS","MYS",5,"0","0","-","0","0","0"
1,"9sI7At",1,537,2018,109,"Lebanon","LEB","LBN",127,"Malaysia","MLS","MYS",5,"0","0","-","0","0","0"
1,"9sI7At",1,538,2019,109,"Lebanon","LEB","LBN",127,"Malaysia","MLS","MYS",5,7,"0","-","0","0","0"
1,"9sI7At",1,539,2020,109,"Lebanon","LEB","LBN",127,"Malaysia","MLS","MYS",5,6,"0","-","0","0","0"
1,"9sI7At",1,540,2021,109,"Lebanon","LEB","LBN",127,"Malaysia","MLS","MYS",5,5,"0","-","0","0","0"
1,"9sI7At",1,541,2022,109,"Lebanon","LEB","LBN",127,"Malaysia","MLS","MYS",5,"0","0","-","0","0","0"
1,"9sI7At",1,542,2023,109,"Lebanon","LEB","LBN",127,"Malaysia","MLS","MYS",5,"0","0","-","0","0","0"
1,"9sI7At",1,543,2024,109,"Lebanon","LEB","LBN",127,"Malaysia","MLS","MYS",5,"0","0","-","0","0","0"
1,"9sI7At",1,544,2025,109,"Lebanon","LEB","LBN",127,"Malaysia","MLS","MYS",5,"0","0","-","0","0","0"
1,"9sI7At",1,545,1993,112,"Sri Lanka","LKA","LKA",127,"Malaysia","MLS","MYS",6,"0","0","-","0","0","0"
1,"9sI7At",1,546,1994,112,"Sri Lanka","LKA","LKA",127,"Malaysia","MLS","MYS",9,"0","0","-","0","0","0"
1,"9sI7At",1,547,1995,112,"Sri Lanka","LKA","LKA",127,"Malaysia","MLS","MYS",5,"0","0","-","0","0","0"
1,"9sI7At",1,548,2002,112,"Sri Lanka","LKA","LKA",127,"Malaysia","MLS","MYS","0",5,"0","-","0","0","0"
1,"9sI7At",1,549,2003,112,"Sri Lanka","LKA","LKA",127,"Malaysia","MLS","MYS","0",146,"0","-","0","0","0"
1,"9sI7At",1,550,2004,112,"Sri Lanka","LKA","LKA",127,"Malaysia","MLS","MYS",6,374,"0","-","0","0","0"
1,"9sI7At",1,551,2005,112,"Sri Lanka","LKA","LKA",127,"Malaysia","MLS","MYS",30,438,"0","-","0","0","0"
1,"9sI7At",1,552,2006,112,"Sri Lanka","LKA","LKA",127,"Malaysia","MLS","MYS",42,411,"0","-","0","0","0"
1,"9sI7At",1,553,2007,112,"Sri Lanka","LKA","LKA",127,"Malaysia","MLS","MYS",283,1047,"0","-","0","0","0"
1,"9sI7At",1,554,2008,112,"Sri Lanka","LKA","LKA",127,"Malaysia","MLS","MYS",1232,957,"0","-","0","0","0"
1,"9sI7At",1,555,2009,112,"Sri Lanka","LKA","LKA",127,"Malaysia","MLS","MYS",2132,837,"0","-","0","0","0"
1,"9sI7At",1,556,2010,112,"Sri Lanka","LKA","LKA",127,"Malaysia","MLS","MYS",2277,1715,"0","-","0","0","0"
1,"9sI7At",1,557,2011,112,"Sri Lanka","LKA","LKA",127,"Malaysia","MLS","MYS",2294,2150,"0","-","0","0","0"
1,"9sI7At",1,558,2012,112,"Sri Lanka","LKA","LKA",127,"Malaysia","MLS","MYS",2023,1910,"0","-","0","0","0"
1,"9sI7At",1,559,2013,112,"Sri Lanka","LKA","LKA",127,"Malaysia","MLS","MYS",1810,1906,"0","-","0","0","0"
1,"9sI7At",1,560,2014,112,"Sri Lanka","LKA","LKA",127,"Malaysia","MLS","MYS",1587,2326,"0","-","0","0","0"
1,"9sI7At",1,561,2015,112,"Sri Lanka","LKA","LKA",127,"Malaysia","MLS","MYS",1545,1528,"0","-","0","0","0"
1,"9sI7At",1,562,2016,112,"Sri Lanka","LKA","LKA",127,"Malaysia","MLS","MYS",1120,1090,"0","-","0","0","0"
1,"9sI7At",1,563,2017,112,"Sri Lanka","LKA","LKA",127,"Malaysia","MLS","MYS",974,1065,"0","-","0","0","0"
1,"9sI7At",1,564,2018,112,"Sri Lanka","LKA","LKA",127,"Malaysia","MLS","MYS",942,797,"0","-","0","0","0"
1,"9sI7At",1,565,2019,112,"Sri Lanka","LKA","LKA",127,"Malaysia","MLS","MYS",857,1046,"0","-","0","0","0"
1,"9sI7At",1,566,2020,112,"Sri Lanka","LKA","LKA",127,"Malaysia","MLS","MYS",794,947,"0","-","0","0","0"
1,"9sI7At",1,567,2021,112,"Sri Lanka","LKA","LKA",127,"Malaysia","MLS","MYS",795,895,"0","-","0","0","0"
1,"9sI7At",1,568,2022,112,"Sri Lanka","LKA","LKA",127,"Malaysia","MLS","MYS",739,768,"0","-","0","0","0"
1,"9sI7At",1,569,2023,112,"Sri Lanka","LKA","LKA",127,"Malaysia","MLS","MYS",698,569,"0","-","0","0","0"
1,"9sI7At",1,570,2024,112,"Sri Lanka","LKA","LKA",127,"Malaysia","MLS","MYS",660,445,"0","-","0","0","0"
1,"9sI7At",1,571,2025,112,"Sri Lanka","LKA","LKA",127,"Malaysia","MLS","MYS",635,409,"0","-","0","0","0"
1,"9sI7At",1,572,2011,126,"Mali","MLI","MLI",127,"Malaysia","MLS","MYS","0",5,"0","-","0","0","0"
1,"9sI7At",1,573,2012,126,"Mali","MLI","MLI",127,"Malaysia","MLS","MYS","0",5,"0","-","0","0","0"
1,"9sI7At",1,574,2013,126,"Mali","MLI","MLI",127,"Malaysia","MLS","MYS",5,10,"0","-","0","0","0"
1,"9sI7At",1,575,2014,126,"Mali","MLI","MLI",127,"Malaysia","MLS","MYS",5,13,"0","-","0","0","0"
1,"9sI7At",1,576,2015,126,"Mali","MLI","MLI",127,"Malaysia","MLS","MYS",5,5,"0","-","0","0","0"
1,"9sI7At",1,577,2016,126,"Mali","MLI","MLI",127,"Malaysia","MLS","MYS",5,11,"0","-","0","0","0"
1,"9sI7At",1,578,2017,126,"Mali","MLI","MLI",127,"Malaysia","MLS","MYS",5,11,"0","-","0","0","0"
1,"9sI7At",1,579,2018,126,"Mali","MLI","MLI",127,"Malaysia","MLS","MYS",5,"0","0","-","0","0","0"
1,"9sI7At",1,580,2019,126,"Mali","MLI","MLI",127,"Malaysia","MLS","MYS",5,"0","0","-","0","0","0"
1,"9sI7At",1,581,2020,126,"Mali","MLI","MLI",127,"Malaysia","MLS","MYS",5,"0","0","-","0","0","0"
1,"9sI7At",1,582,2021,126,"Mali","MLI","MLI",127,"Malaysia","MLS","MYS",5,"0","0","-","0","0","0"
1,"9sI7At",1,583,2022,126,"Mali","MLI","MLI",127,"Malaysia","MLS","MYS",5,"0","0","-","0","0","0"
1,"9sI7At",1,584,2023,126,"Mali","MLI","MLI",127,"Malaysia","MLS","MYS",5,"0","0","-","0","0","0"
1,"9sI7At",1,585,2024,126,"Mali","MLI","MLI",127,"Malaysia","MLS","MYS",5,"0","0","-","0","0","0"
1,"9sI7At",1,586,2025,126,"Mali","MLI","MLI",127,"Malaysia","MLS","MYS",5,"0","0","-","0","0","0"
1,"9sI7At",1,587,2004,130,"Morocco","MOR","MAR",127,"Malaysia","MLS","MYS","0",5,"0","-","0","0","0"
1,"9sI7At",1,588,2019,130,"Morocco","MOR","MAR",127,"Malaysia","MLS","MYS",5,"0","0","-","0","0","0"
1,"9sI7At",1,589,2020,130,"Morocco","MOR","MAR",127,"Malaysia","MLS","MYS",5,"0","0","-","0","0","0"
1,"9sI7At",1,590,2021,130,"Morocco","MOR","MAR",127,"Malaysia","MLS","MYS",5,"0","0","-","0","0","0"
1,"9sI7At",1,591,1994,135,"Myanmar","MYA","MMR",127,"Malaysia","MLS","MYS",5113,"0","0","-","0","0","0"
1,"9sI7At",1,592,1995,135,"Myanmar","MYA","MMR",127,"Malaysia","MLS","MYS",5117,"0","0","-","0","0","0"
1,"9sI7At",1,593,1996,135,"Myanmar","MYA","MMR",127,"Malaysia","MLS","MYS",5114,"0","0","-","0","0","0"
1,"9sI7At",1,594,1997,135,"Myanmar","MYA","MMR",127,"Malaysia","MLS","MYS",5104,"0","0","-","0","0","0"
1,"9sI7At",1,595,1998,135,"Myanmar","MYA","MMR",127,"Malaysia","MLS","MYS",5113,"0","0","-","0","0","0"
1,"9sI7At",1,596,1999,135,"Myanmar","MYA","MMR",127,"Malaysia","MLS","MYS",5136,"0","0","-","0","0","0"
1,"9sI7At",1,597,2000,135,"Myanmar","MYA","MMR",127,"Malaysia","MLS","MYS",5134,5,"0","-","0","0","0"
1,"9sI7At",1,598,2001,135,"Myanmar","MYA","MMR",127,"Malaysia","MLS","MYS",5151,106,"0","-","0","0","0"
1,"9sI7At",1,599,2002,135,"Myanmar","MYA","MMR",127,"Malaysia","MLS","MYS",5247,298,"0","-","0","0","0"
1,"9sI7At",1,600,2003,135,"Myanmar","MYA","MMR",127,"Malaysia","MLS","MYS",4152,6990,"0","-","0","0",4856
1,"9sI7At",1,601,2004,135,"Myanmar","MYA","MMR",127,"Malaysia","MLS","MYS",9601,8857,"0","-","0","0",997
1,"9sI7At",1,602,2005,135,"Myanmar","MYA","MMR",127,"Malaysia","MLS","MYS",14208,8267,"0","-","0","0","0"
1,"9sI7At",1,603,2006,135,"Myanmar","MYA","MMR",127,"Malaysia","MLS","MYS",21544,6754,"0","-","0","0","0"
1,"9sI7At",1,604,2007,135,"Myanmar","MYA","MMR",127,"Malaysia","MLS","MYS",29474,3832,"0","-","0","0","0"
1,"9sI7At",1,605,2008,135,"Myanmar","MYA","MMR",127,"Malaysia","MLS","MYS",33781,6730,"0","-","0","0","0"
1,"9sI7At",1,606,2009,135,"Myanmar","MYA","MMR",127,"Malaysia","MLS","MYS",61412,8261,"0","-","0","0",7
1,"9sI7At",1,607,2010,135,"Myanmar","MYA","MMR",127,"Malaysia","MLS","MYS",76120,8553,"0","-","0","0","0"
1,"9sI7At",1,608,2011,135,"Myanmar","MYA","MMR",127,"Malaysia","MLS","MYS",81146,7348,"0","-","0","0","0"
1,"9sI7At",1,609,2012,135,"Myanmar","MYA","MMR",127,"Malaysia","MLS","MYS",84671,7764,"0","-","0","0","0"
1,"9sI7At",1,610,2013,135,"Myanmar","MYA","MMR",127,"Malaysia","MLS","MYS",92287,38282,"0","-","0","0","0"
1,"9sI7At",1,611,2014,135,"Myanmar","MYA","MMR",127,"Malaysia","MLS","MYS",93866,45743,"0","-","0","0","0"
1,"9sI7At",1,612,2015,135,"Myanmar","MYA","MMR",127,"Malaysia","MLS","MYS",88637,53598,"0","-","0","0","0"
1,"9sI7At",1,613,2016,135,"Myanmar","MYA","MMR",127,"Malaysia","MLS","MYS",87036,48352,"0","-","0","0","0"
1,"9sI7At",1,614,2017,135,"Myanmar","MYA","MMR",127,"Malaysia","MLS","MYS",98041,33656,"0","-","0","0","0"
1,"9sI7At",1,615,2018,135,"Myanmar","MYA","MMR",127,"Malaysia","MLS","MYS",114227,26448,"0","-","0","0","0"
1,"9sI7At",1,616,2019,135,"Myanmar","MYA","MMR",127,"Malaysia","MLS","MYS",119231,34546,"0","-","0","0","0"
1,"9sI7At",1,617,2020,135,"Myanmar","MYA","MMR",127,"Malaysia","MLS","MYS",119578,34459,"0","-","0","0","0"
1,"9sI7At",1,618,2021,135,"Myanmar","MYA","MMR",127,"Malaysia","MLS","MYS",120598,34807,"0","-","0","0","0"
1,"9sI7At",1,619,2022,135,"Myanmar","MYA","MMR",127,"Malaysia","MLS","MYS",123563,34602,"0","-","0","0","0"
1,"9sI7At",1,620,2023,135,"Myanmar","MYA","MMR",127,"Malaysia","MLS","MYS",125698,36745,"0","-","0","0","0"
1,"9sI7At",1,621,2024,135,"Myanmar","MYA","MMR",127,"Malaysia","MLS","MYS",128365,42169,"0","-","0","0","0"
1,"9sI7At",1,622,2025,135,"Myanmar","MYA","MMR",127,"Malaysia","MLS","MYS",134316,46844,"0","-","0","0","0"
1,"9sI7At",1,623,2003,137,"Nepal","NEP","NPL",127,"Malaysia","MLS","MYS","0",6,"0","-","0","0","0"
1,"9sI7At",1,624,2004,137,"Nepal","NEP","NPL",127,"Malaysia","MLS","MYS","0",24,"0","-","0","0","0"
1,"9sI7At",1,625,2005,137,"Nepal","NEP","NPL",127,"Malaysia","MLS","MYS",10,304,"0","-","0","0","0"
1,"9sI7At",1,626,2006,137,"Nepal","NEP","NPL",127,"Malaysia","MLS","MYS",17,287,"0","-","0","0","0"
1,"9sI7At",1,627,2007,137,"Nepal","NEP","NPL",127,"Malaysia","MLS","MYS",15,187,"0","-","0","0","0"
1,"9sI7At",1,628,2008,137,"Nepal","NEP","NPL",127,"Malaysia","MLS","MYS",8,53,"0","-","0","0","0"
1,"9sI7At",1,629,2009,137,"Nepal","NEP","NPL",127,"Malaysia","MLS","MYS",6,14,"0","-","0","0",5
1,"9sI7At",1,630,2010,137,"Nepal","NEP","NPL",127,"Malaysia","MLS","MYS",12,7,"0","-","0","0","0"
1,"9sI7At",1,631,2011,137,"Nepal","NEP","NPL",127,"Malaysia","MLS","MYS",7,6,"0","-","0","0","0"
1,"9sI7At",1,632,2012,137,"Nepal","NEP","NPL",127,"Malaysia","MLS","MYS",7,7,"0","-","0","0","0"
1,"9sI7At",1,633,2013,137,"Nepal","NEP","NPL",127,"Malaysia","MLS","MYS",5,"0","0","-","0","0","0"
1,"9sI7At",1,634,2015,137,"Nepal","NEP","NPL",127,"Malaysia","MLS","MYS",5,"0","0","-","0","0","0"
1,"9sI7At",1,635,2016,137,"Nepal","NEP","NPL",127,"Malaysia","MLS","MYS",5,"0","0","-","0","0","0"
1,"9sI7At",1,636,2017,137,"Nepal","NEP","NPL",127,"Malaysia","MLS","MYS",10,"0","0","-","0","0","0"
1,"9sI7At",1,637,2018,137,"Nepal","NEP","NPL",127,"Malaysia","MLS","MYS",10,"0","0","-","0","0","0"
1,"9sI7At",1,638,2019,137,"Nepal","NEP","NPL",127,"Malaysia","MLS","MYS",11,"0","0","-","0","0","0"
1,"9sI7At",1,639,2020,137,"Nepal","NEP","NPL",127,"Malaysia","MLS","MYS",11,"0","0","-","0","0","0"
1,"9sI7At",1,640,2021,137,"Nepal","NEP","NPL",127,"Malaysia","MLS","MYS",11,"0","0","-","0","0","0"
1,"9sI7At",1,641,2022,137,"Nepal","NEP","NPL",127,"Malaysia","MLS","MYS",9,"0","0","-","0","0","0"
1,"9sI7At",1,642,2023,137,"Nepal","NEP","NPL",127,"Malaysia","MLS","MYS",6,"0","0","-","0","0","0"
1,"9sI7At",1,643,2024,137,"Nepal","NEP","NPL",127,"Malaysia","MLS","MYS",6,"0","0","-","0","0","0"
1,"9sI7At",1,644,2025,137,"Nepal","NEP","NPL",127,"Malaysia","MLS","MYS",6,"0","0","-","0","0","0"
1,"9sI7At",1,645,2004,141,"Nigeria","NIG","NGA",127,"Malaysia","MLS","MYS","0",10,"0","-","0","0","0"
1,"9sI7At",1,646,2005,141,"Nigeria","NIG","NGA",127,"Malaysia","MLS","MYS","0",77,"0","-","0","0","0"
1,"9sI7At",1,647,2006,141,"Nigeria","NIG","NGA",127,"Malaysia","MLS","MYS","0",40,"0","-","0","0","0"
1,"9sI7At",1,648,2007,141,"Nigeria","NIG","NGA",127,"Malaysia","MLS","MYS","0",23,"0","-","0","0","0"
1,"9sI7At",1,649,2008,141,"Nigeria","NIG","NGA",127,"Malaysia","MLS","MYS","0",9,"0","-","0","0","0"
1,"9sI7At",1,650,2009,141,"Nigeria","NIG","NGA",127,"Malaysia","MLS","MYS","0",7,"0","-","0","0","0"
1,"9sI7At",1,651,2010,141,"Nigeria","NIG","NGA",127,"Malaysia","MLS","MYS","0",19,"0","-","0","0","0"
1,"9sI7At",1,652,2011,141,"Nigeria","NIG","NGA",127,"Malaysia","MLS","MYS","0",13,"0","-","0","0","0"
1,"9sI7At",1,653,2012,141,"Nigeria","NIG","NGA",127,"Malaysia","MLS","MYS","0",11,"0","-","0","0","0"
1,"9sI7At",1,654,2013,141,"Nigeria","NIG","NGA",127,"Malaysia","MLS","MYS","0",5,"0","-","0","0","0"
1,"9sI7At",1,655,2014,141,"Nigeria","NIG","NGA",127,"Malaysia","MLS","MYS",5,"0","0","-","0","0","0"
1,"9sI7At",1,656,2015,141,"Nigeria","NIG","NGA",127,"Malaysia","MLS","MYS",5,"0","0","-","0","0","0"
1,"9sI7At",1,657,2016,141,"Nigeria","NIG","NGA",127,"Malaysia","MLS","MYS",5,11,"0","-","0","0","0"
1,"9sI7At",1,658,2017,141,"Nigeria","NIG","NGA",127,"Malaysia","MLS","MYS",5,13,"0","-","0","0","0"
1,"9sI7At",1,659,2018,141,"Nigeria","NIG","NGA",127,"Malaysia","MLS","MYS",5,10,"0","-","0","0","0"
1,"9sI7At",1,660,2019,141,"Nigeria","NIG","NGA",127,"Malaysia","MLS","MYS",5,32,"0","-","0","0","0"
1,"9sI7At",1,661,2020,141,"Nigeria","NIG","NGA",127,"Malaysia","MLS","MYS",5,36,"0","-","0","0","0"
1,"9sI7At",1,662,2021,141,"Nigeria","NIG","NGA",127,"Malaysia","MLS","MYS",5,39,"0","-","0","0","0"
1,"9sI7At",1,663,2022,141,"Nigeria","NIG","NGA",127,"Malaysia","MLS","MYS",5,37,"0","-","0","0","0"
1,"9sI7At",1,664,2023,141,"Nigeria","NIG","NGA",127,"Malaysia","MLS","MYS",5,49,"0","-","0","0","0"
1,"9sI7At",1,665,2024,141,"Nigeria","NIG","NGA",127,"Malaysia","MLS","MYS",5,50,"0","-","0","0","0"
1,"9sI7At",1,666,2025,141,"Nigeria","NIG","NGA",127,"Malaysia","MLS","MYS",5,57,"0","-","0","0","0"
1,"9sI7At",1,667,2002,147,"Pakistan","PAK","PAK",127,"Malaysia","MLS","MYS",5,"0","0","-","0","0","0"
1,"9sI7At",1,668,2003,147,"Pakistan","PAK","PAK",127,"Malaysia","MLS","MYS","0",11,"0","-","0","0","0"
1,"9sI7At",1,669,2004,147,"Pakistan","PAK","PAK",127,"Malaysia","MLS","MYS",6,40,"0","-","0","0","0"
1,"9sI7At",1,670,2005,147,"Pakistan","PAK","PAK",127,"Malaysia","MLS","MYS",9,58,"0","-","0","0","0"
1,"9sI7At",1,671,2006,147,"Pakistan","PAK","PAK",127,"Malaysia","MLS","MYS",6,56,"0","-","0","0","0"
1,"9sI7At",1,672,2007,147,"Pakistan","PAK","PAK",127,"Malaysia","MLS","MYS",13,55,"0","-","0","0","0"
1,"9sI7At",1,673,2008,147,"Pakistan","PAK","PAK",127,"Malaysia","MLS","MYS",12,54,"0","-","0","0","0"
1,"9sI7At",1,674,2009,147,"Pakistan","PAK","PAK",127,"Malaysia","MLS","MYS",13,73,"0","-","0","0","0"
1,"9sI7At",1,675,2010,147,"Pakistan","PAK","PAK",127,"Malaysia","MLS","MYS",45,51,"0","-","0","0","0"
1,"9sI7At",1,676,2011,147,"Pakistan","PAK","PAK",127,"Malaysia","MLS","MYS",48,161,"0","-","0","0","0"
1,"9sI7At",1,677,2012,147,"Pakistan","PAK","PAK",127,"Malaysia","MLS","MYS",96,315,"0","-","0","0","0"
1,"9sI7At",1,678,2013,147,"Pakistan","PAK","PAK",127,"Malaysia","MLS","MYS",152,503,"0","-","0","0","0"
1,"9sI7At",1,679,2014,147,"Pakistan","PAK","PAK",127,"Malaysia","MLS","MYS",235,860,"0","-","0","0","0"
1,"9sI7At",1,680,2015,147,"Pakistan","PAK","PAK",127,"Malaysia","MLS","MYS",237,1178,"0","-","0","0","0"
1,"9sI7At",1,681,2016,147,"Pakistan","PAK","PAK",127,"Malaysia","MLS","MYS",617,1657,"0","-","0","0","0"
1,"9sI7At",1,682,2017,147,"Pakistan","PAK","PAK",127,"Malaysia","MLS","MYS",1090,4269,"0","-","0","0","0"
1,"9sI7At",1,683,2018,147,"Pakistan","PAK","PAK",127,"Malaysia","MLS","MYS",1638,4310,"0","-","0","0","0"
1,"9sI7At",1,684,2019,147,"Pakistan","PAK","PAK",127,"Malaysia","MLS","MYS",3033,3574,"0","-","0","0","0"
1,"9sI7At",1,685,2020,147,"Pakistan","PAK","PAK",127,"Malaysia","MLS","MYS",3166,3453,"0","-","0","0","0"
1,"9sI7At",1,686,2021,147,"Pakistan","PAK","PAK",127,"Malaysia","MLS","MYS",3632,3116,"0","-","0","0","0"
1,"9sI7At",1,687,2022,147,"Pakistan","PAK","PAK",127,"Malaysia","MLS","MYS",4064,2812,"0","-","0","0","0"
1,"9sI7At",1,688,2023,147,"Pakistan","PAK","PAK",127,"Malaysia","MLS","MYS",4034,2323,"0","-","0","0","0"
1,"9sI7At",1,689,2024,147,"Pakistan","PAK","PAK",127,"Malaysia","MLS","MYS",4135,1574,"0","-","0","0","0"
1,"9sI7At",1,690,2025,147,"Pakistan","PAK","PAK",127,"Malaysia","MLS","MYS",4102,1617,"0","-","0","0","0"
1,"9sI7At",1,691,1977,151,"Philippines","PHI","PHL",127,"Malaysia","MLS","MYS",90000,"0","0","-","0","0","0"
1,"9sI7At",1,692,1978,151,"Philippines","PHI","PHL",127,"Malaysia","MLS","MYS",92000,"0","0","-","0","0","0"
1,"9sI7At",1,693,1979,151,"Philippines","PHI","PHL",127,"Malaysia","MLS","MYS",90000,"0","0","-","0","0","0"
1,"9sI7At",1,694,1980,151,"Philippines","PHI","PHL",127,"Malaysia","MLS","MYS",90000,"0","0","-","0","0","0"
1,"9sI7At",1,695,1981,151,"Philippines","PHI","PHL",127,"Malaysia","MLS","MYS",90000,"0","0","-","0","0","0"
1,"9sI7At",1,696,1982,151,"Philippines","PHI","PHL",127,"Malaysia","MLS","MYS",90000,"0","0","-","0","0","0"
1,"9sI7At",1,697,1983,151,"Philippines","PHI","PHL",127,"Malaysia","MLS","MYS",100000,"0","0","-","0","0","0"
1,"9sI7At",1,698,1984,151,"Philippines","PHI","PHL",127,"Malaysia","MLS","MYS",100000,"0","0","-","0","0","0"
1,"9sI7At",1,699,1985,151,"Philippines","PHI","PHL",127,"Malaysia","MLS","MYS",90000,"0","0","-","0","0","0"
1,"9sI7At",1,700,1986,151,"Philippines","PHI","PHL",127,"Malaysia","MLS","MYS",90000,"0","0","-","0","0","0"
1,"9sI7At",1,701,1987,151,"Philippines","PHI","PHL",127,"Malaysia","MLS","MYS",90000,"0","0","-","0","0","0"
1,"9sI7At",1,702,1988,151,"Philippines","PHI","PHL",127,"Malaysia","MLS","MYS",90000,"0","0","-","0","0","0"
1,"9sI7At",1,703,1989,151,"Philippines","PHI","PHL",127,"Malaysia","MLS","MYS",90000,"0","0","-","0","0","0"
1,"9sI7At",1,704,1998,151,"Philippines","PHI","PHL",127,"Malaysia","MLS","MYS",45100,"0","0","-","0","0","0"
1,"9sI7At",1,705,1999,151,"Philippines","PHI","PHL",127,"Malaysia","MLS","MYS",45100,"0","0","-","0","0","0"
1,"9sI7At",1,706,2000,151,"Philippines","PHI","PHL",127,"Malaysia","MLS","MYS",45100,"0","0","-","0","0","0"
1,"9sI7At",1,707,2001,151,"Philippines","PHI","PHL",127,"Malaysia","MLS","MYS",45100,"0","0","-","0","0","0"
1,"9sI7At",1,708,2002,151,"Philippines","PHI","PHL",127,"Malaysia","MLS","MYS",45107,"0","0","-","0","0","0"
1,"9sI7At",1,709,2003,151,"Philippines","PHI","PHL",127,"Malaysia","MLS","MYS",7,"0","0","-","0","0",57197
1,"9sI7At",1,710,2004,151,"Philippines","PHI","PHL",127,"Malaysia","MLS","MYS",5,"0","0","-","0","0",61314
1,"9sI7At",1,711,2005,151,"Philippines","PHI","PHL",127,"Malaysia","MLS","MYS",5,5,"0","-","0","0",61314
1,"9sI7At",1,712,2006,151,"Philippines","PHI","PHL",127,"Malaysia","MLS","MYS",5,"0","0","-","0","0",61314
1,"9sI7At",1,713,2007,151,"Philippines","PHI","PHL",127,"Malaysia","MLS","MYS",5,"0","0","-","0","0",61314
1,"9sI7At",1,714,2008,151,"Philippines","PHI","PHL",127,"Malaysia","MLS","MYS","0",5,"0","-","0","0",61314
1,"9sI7At",1,715,2009,151,"Philippines","PHI","PHL",127,"Malaysia","MLS","MYS","0",6,"0","-","0","0",61314
1,"9sI7At",1,716,2010,151,"Philippines","PHI","PHL",127,"Malaysia","MLS","MYS","0",6,"0","-","0","0",80000
1,"9sI7At",1,717,2011,151,"Philippines","PHI","PHL",127,"Malaysia","MLS","MYS","0",7,"0","-","0","0",80000
1,"9sI7At",1,718,2012,151,"Philippines","PHI","PHL",127,"Malaysia","MLS","MYS","0","0","0","-","0","0",80000
1,"9sI7At",1,719,2013,151,"Philippines","PHI","PHL",127,"Malaysia","MLS","MYS",7,"0","0","-","0","0",80000
1,"9sI7At",1,720,2014,151,"Philippines","PHI","PHL",127,"Malaysia","MLS","MYS",5,"0","0","-","0","0",80000
1,"9sI7At",1,721,2015,151,"Philippines","PHI","PHL",127,"Malaysia","MLS","MYS",5,5,"0","-","0","0",80000
1,"9sI7At",1,722,2016,151,"Philippines","PHI","PHL",127,"Malaysia","MLS","MYS",15,5,"0","-","0","0",80000
1,"9sI7At",1,723,2017,151,"Philippines","PHI","PHL",127,"Malaysia","MLS","MYS",20,"0","0","-","0","0",80000
1,"9sI7At",1,724,2018,151,"Philippines","PHI","PHL",127,"Malaysia","MLS","MYS",20,"0","0","-","0","0",80000
1,"9sI7At",1,725,2019,151,"Philippines","PHI","PHL",127,"Malaysia","MLS","MYS",24,"0","0","-","0","0",55000
1,"9sI7At",1,726,2020,151,"Philippines","PHI","PHL",127,"Malaysia","MLS","MYS",20,"0","0","-","0","0","0"
1,"9sI7At",1,727,2021,151,"Philippines","PHI","PHL",127,"Malaysia","MLS","MYS",20,"0","0","-","0","0",55000
1,"9sI7At",1,728,2022,151,"Philippines","PHI","PHL",127,"Malaysia","MLS","MYS",8,8,"0","-","0","0",55000
1,"9sI7At",1,729,2023,151,"Philippines","PHI","PHL",127,"Malaysia","MLS","MYS","0",8,"0","-","0","0",55000
1,"9sI7At",1,730,2024,151,"Philippines","PHI","PHL",127,"Malaysia","MLS","MYS",6,17,"0","-","0","0",55000
1,"9sI7At",1,731,2025,151,"Philippines","PHI","PHL",127,"Malaysia","MLS","MYS",7,12,"0","-","0","0",55000
1,"9sI7At",1,732,2004,160,"Russian Federation","RUS","RUS",127,"Malaysia","MLS","MYS",5,6,"0","-","0","0","0"
1,"9sI7At",1,733,2005,160,"Russian Federation","RUS","RUS",127,"Malaysia","MLS","MYS",7,6,"0","-","0","0","0"
1,"9sI7At",1,734,2006,160,"Russian Federation","RUS","RUS",127,"Malaysia","MLS","MYS",7,"0","0","-","0","0","0"
1,"9sI7At",1,735,2007,160,"Russian Federation","RUS","RUS",127,"Malaysia","MLS","MYS",5,"0","0","-","0","0","0"
1,"9sI7At",1,736,2008,160,"Russian Federation","RUS","RUS",127,"Malaysia","MLS","MYS",5,"0","0","-","0","0","0"
1,"9sI7At",1,737,2009,160,"Russian Federation","RUS","RUS",127,"Malaysia","MLS","MYS",5,"0","0","-","0","0","0"
1,"9sI7At",1,738,2010,160,"Russian Federation","RUS","RUS",127,"Malaysia","MLS","MYS",5,"0","0","-","0","0","0"
1,"9sI7At",1,739,2011,160,"Russian Federation","RUS","RUS",127,"Malaysia","MLS","MYS",5,"0","0","-","0","0","0"
1,"9sI7At",1,740,2012,160,"Russian Federation","RUS","RUS",127,"Malaysia","MLS","MYS",5,"0","0","-","0","0","0"
1,"9sI7At",1,741,2013,160,"Russian Federation","RUS","RUS",127,"Malaysia","MLS","MYS",5,"0","0","-","0","0","0"
1,"9sI7At",1,742,2014,160,"Russian Federation","RUS","RUS",127,"Malaysia","MLS","MYS",5,"0","0","-","0","0","0"
1,"9sI7At",1,743,2015,160,"Russian Federation","RUS","RUS",127,"Malaysia","MLS","MYS",5,8,"0","-","0","0","0"
1,"9sI7At",1,744,2016,160,"Russian Federation","RUS","RUS",127,"Malaysia","MLS","MYS",5,6,"0","-","0","0","0"
1,"9sI7At",1,745,2017,160,"Russian Federation","RUS","RUS",127,"Malaysia","MLS","MYS",5,5,"0","-","0","0","0"
1,"9sI7At",1,746,2018,160,"Russian Federation","RUS","RUS",127,"Malaysia","MLS","MYS",5,"0","0","-","0","0","0"
1,"9sI7At",1,747,2019,160,"Russian Federation","RUS","RUS",127,"Malaysia","MLS","MYS",6,"0","0","-","0","0","0"
1,"9sI7At",1,748,2020,160,"Russian Federation","RUS","RUS",127,"Malaysia","MLS","MYS",6,"0","0","-","0","0","0"
1,"9sI7At",1,749,2021,160,"Russian Federation","RUS","RUS",127,"Malaysia","MLS","MYS",6,"0","0","-","0","0","0"
1,"9sI7At",1,750,2022,160,"Russian Federation","RUS","RUS",127,"Malaysia","MLS","MYS",5,"0","0","-","0","0","0"
1,"9sI7At",1,751,2023,160,"Russian Federation","RUS","RUS",127,"Malaysia","MLS","MYS",5,"0","0","-","0","0","0"
1,"9sI7At",1,752,2024,160,"Russian Federation","RUS","RUS",127,"Malaysia","MLS","MYS",5,"0","0","-","0","0","0"
1,"9sI7At",1,753,2025,160,"Russian Federation","RUS","RUS",127,"Malaysia","MLS","MYS",5,"0","0","-","0","0","0"
1,"9sI7At",1,754,2003,161,"Rwanda","RWA","RWA",127,"Malaysia","MLS","MYS","0",5,"0","-","0","0","0"
1,"9sI7At",1,755,2004,161,"Rwanda","RWA","RWA",127,"Malaysia","MLS","MYS","0",5,"0","-","0","0","0"
1,"9sI7At",1,756,2014,163,"Saudi Arabia","SAU","SAU",127,"Malaysia","MLS","MYS","0",5,"0","-","0","0","0"
1,"9sI7At",1,757,2016,163,"Saudi Arabia","SAU","SAU",127,"Malaysia","MLS","MYS",5,"0","0","-","0","0","0"
1,"9sI7At",1,758,1999,164,"Serbia and Kosovo: S/RES/1244 (1999)","SRB","SRB",127,"Malaysia","MLS","MYS",5,"0","0","-","0","0","0"
1,"9sI7At",1,759,2000,164,"Serbia and Kosovo: S/RES/1244 (1999)","SRB","SRB",127,"Malaysia","MLS","MYS",5,"0","0","-","0","0","0"
1,"9sI7At",1,760,2001,164,"Serbia and Kosovo: S/RES/1244 (1999)","SRB","SRB",127,"Malaysia","MLS","MYS",5,"0","0","-","0","0","0"
1,"9sI7At",1,761,2015,168,"Singapore","SIN","SGP",127,"Malaysia","MLS","MYS","0",5,"0","-","0","0","0"
1,"9sI7At",1,762,2002,169,"Sierra Leone","SLE","SLE",127,"Malaysia","MLS","MYS","0",5,"0","-","0","0","0"
1,"9sI7At",1,763,2003,169,"Sierra Leone","SLE","SLE",127,"Malaysia","MLS","MYS","0",5,"0","-","0","0","0"
1,"9sI7At",1,764,2004,169,"Sierra Leone","SLE","SLE",127,"Malaysia","MLS","MYS","0",5,"0","-","0","0","0"
1,"9sI7At",1,765,2005,169,"Sierra Leone","SLE","SLE",127,"Malaysia","MLS","MYS","0",6,"0","-","0","0","0"
1,"9sI7At",1,766,2006,169,"Sierra Leone","SLE","SLE",127,"Malaysia","MLS","MYS","0",5,"0","-","0","0","0"
1,"9sI7At",1,767,2007,169,"Sierra Leone","SLE","SLE",127,"Malaysia","MLS","MYS","0",7,"0","-","0","0","0"
1,"9sI7At",1,768,2008,169,"Sierra Leone","SLE","SLE",127,"Malaysia","MLS","MYS","0",7,"0","-","0","0","0"
1,"9sI7At",1,769,2009,169,"Sierra Leone","SLE","SLE",127,"Malaysia","MLS","MYS","0",5,"0","-","0","0","0"
1,"9sI7At",1,770,2010,169,"Sierra Leone","SLE","SLE",127,"Malaysia","MLS","MYS",5,"0","0","-","0","0","0"
1,"9sI7At",1,771,2011,169,"Sierra Leone","SLE","SLE",127,"Malaysia","MLS","MYS",5,"0","0","-","0","0","0"
1,"9sI7At",1,772,2012,169,"Sierra Leone","SLE","SLE",127,"Malaysia","MLS","MYS",5,"0","0","-","0","0","0"
1,"9sI7At",1,773,2013,169,"Sierra Leone","SLE","SLE",127,"Malaysia","MLS","MYS",5,9,"0","-","0","0","0"
1,"9sI7At",1,774,2014,169,"Sierra Leone","SLE","SLE",127,"Malaysia","MLS","MYS",5,10,"0","-","0","0","0"
1,"9sI7At",1,775,2015,169,"Sierra Leone","SLE","SLE",127,"Malaysia","MLS","MYS",5,5,"0","-","0","0","0"
1,"9sI7At",1,776,2016,169,"Sierra Leone","SLE","SLE",127,"Malaysia","MLS","MYS",5,8,"0","-","0","0","0"
1,"9sI7At",1,777,2017,169,"Sierra Leone","SLE","SLE",127,"Malaysia","MLS","MYS",5,21,"0","-","0","0","0"
1,"9sI7At",1,778,2018,169,"Sierra Leone","SLE","SLE",127,"Malaysia","MLS","MYS",5,42,"0","-","0","0","0"
1,"9sI7At",1,779,2019,169,"Sierra Leone","SLE","SLE",127,"Malaysia","MLS","MYS",11,43,"0","-","0","0","0"
1,"9sI7At",1,780,2020,169,"Sierra Leone","SLE","SLE",127,"Malaysia","MLS","MYS",11,37,"0","-","0","0","0"
1,"9sI7At",1,781,2021,169,"Sierra Leone","SLE","SLE",127,"Malaysia","MLS","MYS",9,36,"0","-","0","0","0"
1,"9sI7At",1,782,2022,169,"Sierra Leone","SLE","SLE",127,"Malaysia","MLS","MYS",9,36,"0","-","0","0","0"
1,"9sI7At",1,783,2023,169,"Sierra Leone","SLE","SLE",127,"Malaysia","MLS","MYS",10,29,"0","-","0","0","0"
1,"9sI7At",1,784,2024,169,"Sierra Leone","SLE","SLE",127,"Malaysia","MLS","MYS",10,27,"0","-","0","0","0"
1,"9sI7At",1,785,2025,169,"Sierra Leone","SLE","SLE",127,"Malaysia","MLS","MYS",6,25,"0","-","0","0","0"
1,"9sI7At",1,786,1993,172,"Somalia","SOM","SOM",127,"Malaysia","MLS","MYS",19,"0","0","-","0","0","0"
1,"9sI7At",1,787,1994,172,"Somalia","SOM","SOM",127,"Malaysia","MLS","MYS",48,"0","0","-","0","0","0"
1,"9sI7At",1,788,1995,172,"Somalia","SOM","SOM",127,"Malaysia","MLS","MYS",61,"0","0","-","0","0","0"
1,"9sI7At",1,789,1996,172,"Somalia","SOM","SOM",127,"Malaysia","MLS","MYS",77,"0","0","-","0","0","0"
1,"9sI7At",1,790,1997,172,"Somalia","SOM","SOM",127,"Malaysia","MLS","MYS",57,"0","0","-","0","0","0"
1,"9sI7At",1,791,1998,172,"Somalia","SOM","SOM",127,"Malaysia","MLS","MYS",33,"0","0","-","0","0","0"
1,"9sI7At",1,792,1999,172,"Somalia","SOM","SOM",127,"Malaysia","MLS","MYS",29,"0","0","-","0","0","0"
1,"9sI7At",1,793,2000,172,"Somalia","SOM","SOM",127,"Malaysia","MLS","MYS",26,"0","0","-","0","0","0"
1,"9sI7At",1,794,2001,172,"Somalia","SOM","SOM",127,"Malaysia","MLS","MYS",21,"0","0","-","0","0","0"
1,"9sI7At",1,795,2002,172,"Somalia","SOM","SOM",127,"Malaysia","MLS","MYS",25,"0","0","-","0","0","0"
1,"9sI7At",1,796,2003,172,"Somalia","SOM","SOM",127,"Malaysia","MLS","MYS",11,11,"0","-","0","0","0"
1,"9sI7At",1,797,2004,172,"Somalia","SOM","SOM",127,"Malaysia","MLS","MYS",9,22,"0","-","0","0","0"
1,"9sI7At",1,798,2005,172,"Somalia","SOM","SOM",127,"Malaysia","MLS","MYS",19,35,"0","-","0","0","0"
1,"9sI7At",1,799,2006,172,"Somalia","SOM","SOM",127,"Malaysia","MLS","MYS",47,20,"0","-","0","0","0"
1,"9sI7At",1,800,2007,172,"Somalia","SOM","SOM",127,"Malaysia","MLS","MYS",93,172,"0","-","0","0","0"
1,"9sI7At",1,801,2008,172,"Somalia","SOM","SOM",127,"Malaysia","MLS","MYS",365,282,"0","-","0","0","0"
1,"9sI7At",1,802,2009,172,"Somalia","SOM","SOM",127,"Malaysia","MLS","MYS",647,166,"0","-","0","0","0"
1,"9sI7At",1,803,2010,172,"Somalia","SOM","SOM",127,"Malaysia","MLS","MYS",831,195,"0","-","0","0","0"
1,"9sI7At",1,804,2011,172,"Somalia","SOM","SOM",127,"Malaysia","MLS","MYS",812,224,"0","-","0","0","0"
1,"9sI7At",1,805,2012,172,"Somalia","SOM","SOM",127,"Malaysia","MLS","MYS",929,265,"0","-","0","0","0"
1,"9sI7At",1,806,2013,172,"Somalia","SOM","SOM",127,"Malaysia","MLS","MYS",930,193,"0","-","0","0","0"
1,"9sI7At",1,807,2014,172,"Somalia","SOM","SOM",127,"Malaysia","MLS","MYS",850,246,"0","-","0","0","0"
1,"9sI7At",1,808,2015,172,"Somalia","SOM","SOM",127,"Malaysia","MLS","MYS",835,563,"0","-","0","0","0"
1,"9sI7At",1,809,2016,172,"Somalia","SOM","SOM",127,"Malaysia","MLS","MYS",729,781,"0","-","0","0","0"
1,"9sI7At",1,810,2017,172,"Somalia","SOM","SOM",127,"Malaysia","MLS","MYS",816,1422,"0","-","0","0","0"
1,"9sI7At",1,811,2018,172,"Somalia","SOM","SOM",127,"Malaysia","MLS","MYS",1045,1872,"0","-","0","0","0"
1,"9sI7At",1,812,2019,172,"Somalia","SOM","SOM",127,"Malaysia","MLS","MYS",1540,1754,"0","-","0","0","0"
1,"9sI7At",1,813,2020,172,"Somalia","SOM","SOM",127,"Malaysia","MLS","MYS",1786,1445,"0","-","0","0","0"
1,"9sI7At",1,814,2021,172,"Somalia","SOM","SOM",127,"Malaysia","MLS","MYS",2168,1047,"0","-","0","0","0"
1,"9sI7At",1,815,2022,172,"Somalia","SOM","SOM",127,"Malaysia","MLS","MYS",2190,843,"0","-","0","0","0"
1,"9sI7At",1,816,2023,172,"Somalia","SOM","SOM",127,"Malaysia","MLS","MYS",1906,861,"0","-","0","0","0"
1,"9sI7At",1,817,2024,172,"Somalia","SOM","SOM",127,"Malaysia","MLS","MYS",1999,809,"0","-","0","0","0"
1,"9sI7At",1,818,2025,172,"Somalia","SOM","SOM",127,"Malaysia","MLS","MYS",2163,658,"0","-","0","0","0"
1,"9sI7At",1,819,1977,174,"Viet Nam","SRV","VNM",127,"Malaysia","MLS","MYS",3880,"0","0","-","0","0","0"
1,"9sI7At",1,820,1978,174,"Viet Nam","SRV","VNM",127,"Malaysia","MLS","MYS",49580,"0","0","-","0","0","0"
1,"9sI7At",1,821,1979,174,"Viet Nam","SRV","VNM",127,"Malaysia","MLS","MYS",34300,"0","0","-","0","0","0"
1,"9sI7At",1,822,1980,174,"Viet Nam","SRV","VNM",127,"Malaysia","MLS","MYS",12160,"0","0","-","0","0","0"
1,"9sI7At",1,823,1981,174,"Viet Nam","SRV","VNM",127,"Malaysia","MLS","MYS",9850,"0","0","-","0","0","0"
1,"9sI7At",1,824,1982,174,"Viet Nam","SRV","VNM",127,"Malaysia","MLS","MYS",8440,"0","0","-","0","0","0"
1,"9sI7At",1,825,1983,174,"Viet Nam","SRV","VNM",127,"Malaysia","MLS","MYS",10080,"0","0","-","0","0","0"
1,"9sI7At",1,826,1984,174,"Viet Nam","SRV","VNM",127,"Malaysia","MLS","MYS",8850,"0","0","-","0","0","0"
1,"9sI7At",1,827,1985,174,"Viet Nam","SRV","VNM",127,"Malaysia","MLS","MYS",8460,"0","0","-","0","0","0"
1,"9sI7At",1,828,1986,174,"Viet Nam","SRV","VNM",127,"Malaysia","MLS","MYS",9000,"0","0","-","0","0","0"
1,"9sI7At",1,829,1987,174,"Viet Nam","SRV","VNM",127,"Malaysia","MLS","MYS",9120,"0","0","-","0","0","0"
1,"9sI7At",1,830,1988,174,"Viet Nam","SRV","VNM",127,"Malaysia","MLS","MYS",14210,"0","0","-","0","0","0"
1,"9sI7At",1,831,1989,174,"Viet Nam","SRV","VNM",127,"Malaysia","MLS","MYS",20475,"0","0","-","0","0","0"
1,"9sI7At",1,832,1990,174,"Viet Nam","SRV","VNM",127,"Malaysia","MLS","MYS",14862,"0","0","-","0","0","0"
1,"9sI7At",1,833,1991,174,"Viet Nam","SRV","VNM",127,"Malaysia","MLS","MYS",12493,"0","0","-","0","0","0"
1,"9sI7At",1,834,1992,174,"Viet Nam","SRV","VNM",127,"Malaysia","MLS","MYS",11370,"0","0","-","0","0","0"
1,"9sI7At",1,835,1993,174,"Viet Nam","SRV","VNM",127,"Malaysia","MLS","MYS",5,"0","0","-","0","0","0"
1,"9sI7At",1,836,1994,174,"Viet Nam","SRV","VNM",127,"Malaysia","MLS","MYS",5,"0","0","-","0","0","0"
1,"9sI7At",1,837,1998,174,"Viet Nam","SRV","VNM",127,"Malaysia","MLS","MYS",6,"0","0","-","0","0","0"
1,"9sI7At",1,838,2004,174,"Viet Nam","SRV","VNM",127,"Malaysia","MLS","MYS","0",9,"0","-","0","0","0"
1,"9sI7At",1,839,2005,174,"Viet Nam","SRV","VNM",127,"Malaysia","MLS","MYS","0",64,"0","-","0","0","0"
1,"9sI7At",1,840,2006,174,"Viet Nam","SRV","VNM",127,"Malaysia","MLS","MYS","0",75,"0","-","0","0","0"
1,"9sI7At",1,841,2007,174,"Viet Nam","SRV","VNM",127,"Malaysia","MLS","MYS","0",60,"0","-","0","0","0"
1,"9sI7At",1,842,2008,174,"Viet Nam","SRV","VNM",127,"Malaysia","MLS","MYS",5,31,"0","-","0","0","0"
1,"9sI7At",1,843,2009,174,"Viet Nam","SRV","VNM",127,"Malaysia","MLS","MYS",5,19,"0","-","0","0","0"
1,"9sI7At",1,844,2010,174,"Viet Nam","SRV","VNM",127,"Malaysia","MLS","MYS",5,5,"0","-","0","0","0"
1,"9sI7At",1,845,2011,174,"Viet Nam","SRV","VNM",127,"Malaysia","MLS","MYS",5,5,"0","-","0","0","0"
1,"9sI7At",1,846,2012,174,"Viet Nam","SRV","VNM",127,"Malaysia","MLS","MYS",9,"0","0","-","0","0","0"
1,"9sI7At",1,847,2013,174,"Viet Nam","SRV","VNM",127,"Malaysia","MLS","MYS",10,"0","0","-","0","0","0"
1,"9sI7At",1,848,2014,174,"Viet Nam","SRV","VNM",127,"Malaysia","MLS","MYS",7,"0","0","-","0","0","0"
1,"9sI7At",1,849,2019,174,"Viet Nam","SRV","VNM",127,"Malaysia","MLS","MYS",5,"0","0","-","0","0","0"
1,"9sI7At",1,850,2020,174,"Viet Nam","SRV","VNM",127,"Malaysia","MLS","MYS",5,"0","0","-","0","0","0"
1,"9sI7At",1,851,2021,174,"Viet Nam","SRV","VNM",127,"Malaysia","MLS","MYS",5,"0","0","-","0","0","0"
1,"9sI7At",1,852,2003,177,"Sudan","SUD","SDN",127,"Malaysia","MLS","MYS","0",10,"0","-","0","0","0"
1,"9sI7At",1,853,2004,177,"Sudan","SUD","SDN",127,"Malaysia","MLS","MYS",5,26,"0","-","0","0","0"
1,"9sI7At",1,854,2005,177,"Sudan","SUD","SDN",127,"Malaysia","MLS","MYS",17,30,"0","-","0","0","0"
1,"9sI7At",1,855,2006,177,"Sudan","SUD","SDN",127,"Malaysia","MLS","MYS",23,16,"0","-","0","0","0"
1,"9sI7At",1,856,2007,177,"Sudan","SUD","SDN",127,"Malaysia","MLS","MYS",27,25,"0","-","0","0","0"
1,"9sI7At",1,857,2008,177,"Sudan","SUD","SDN",127,"Malaysia","MLS","MYS",21,31,"0","-","0","0","0"
1,"9sI7At",1,858,2009,177,"Sudan","SUD","SDN",127,"Malaysia","MLS","MYS",41,29,"0","-","0","0","0"
1,"9sI7At",1,859,2010,177,"Sudan","SUD","SDN",127,"Malaysia","MLS","MYS",58,40,"0","-","0","0","0"
1,"9sI7At",1,860,2011,177,"Sudan","SUD","SDN",127,"Malaysia","MLS","MYS",70,61,"0","-","0","0","0"
1,"9sI7At",1,861,2012,177,"Sudan","SUD","SDN",127,"Malaysia","MLS","MYS",78,77,"0","-","0","0","0"
1,"9sI7At",1,862,2013,177,"Sudan","SUD","SDN",127,"Malaysia","MLS","MYS",85,55,"0","-","0","0","0"
1,"9sI7At",1,863,2014,177,"Sudan","SUD","SDN",127,"Malaysia","MLS","MYS",80,58,"0","-","0","0","0"
1,"9sI7At",1,864,2015,177,"Sudan","SUD","SDN",127,"Malaysia","MLS","MYS",54,48,"0","-","0","0","0"
1,"9sI7At",1,865,2016,177,"Sudan","SUD","SDN",127,"Malaysia","MLS","MYS",56,112,"0","-","0","0","0"
1,"9sI7At",1,866,2017,177,"Sudan","SUD","SDN",127,"Malaysia","MLS","MYS",68,163,"0","-","0","0","0"
1,"9sI7At",1,867,2018,177,"Sudan","SUD","SDN",127,"Malaysia","MLS","MYS",102,171,"0","-","0","0","0"
1,"9sI7At",1,868,2019,177,"Sudan","SUD","SDN",127,"Malaysia","MLS","MYS",158,156,"0","-","0","0","0"
1,"9sI7At",1,869,2020,177,"Sudan","SUD","SDN",127,"Malaysia","MLS","MYS",163,140,"0","-","0","0","0"
1,"9sI7At",1,870,2021,177,"Sudan","SUD","SDN",127,"Malaysia","MLS","MYS",182,127,"0","-","0","0","0"
1,"9sI7At",1,871,2022,177,"Sudan","SUD","SDN",127,"Malaysia","MLS","MYS",178,100,"0","-","0","0","0"
1,"9sI7At",1,872,2023,177,"Sudan","SUD","SDN",127,"Malaysia","MLS","MYS",168,133,"0","-","0","0","0"
1,"9sI7At",1,873,2024,177,"Sudan","SUD","SDN",127,"Malaysia","MLS","MYS",227,138,"0","-","0","0","0"
1,"9sI7At",1,874,2025,177,"Sudan","SUD","SDN",127,"Malaysia","MLS","MYS",253,111,"0","-","0","0","0"
1,"9sI7At",1,875,2015,179,"South Sudan","SSD","SSD",127,"Malaysia","MLS","MYS",5,"0","0","-","0","0","0"
1,"9sI7At",1,876,2016,179,"South Sudan","SSD","SSD",127,"Malaysia","MLS","MYS",5,5,"0","-","0","0","0"
1,"9sI7At",1,877,2017,179,"South Sudan","SSD","SSD",127,"Malaysia","MLS","MYS",5,8,"0","-","0","0","0"
1,"9sI7At",1,878,2018,179,"South Sudan","SSD","SSD",127,"Malaysia","MLS","MYS",11,27,"0","-","0","0","0"
1,"9sI7At",1,879,2019,179,"South Sudan","SSD","SSD",127,"Malaysia","MLS","MYS",13,43,"0","-","0","0","0"
1,"9sI7At",1,880,2020,179,"South Sudan","SSD","SSD",127,"Malaysia","MLS","MYS",16,38,"0","-","0","0","0"
1,"9sI7At",1,881,2021,179,"South Sudan","SSD","SSD",127,"Malaysia","MLS","MYS",24,40,"0","-","0","0","0"
1,"9sI7At",1,882,2022,179,"South Sudan","SSD","SSD",127,"Malaysia","MLS","MYS",43,18,"0","-","0","0","0"
1,"9sI7At",1,883,2023,179,"South Sudan","SSD","SSD",127,"Malaysia","MLS","MYS",55,25,"0","-","0","0","0"
1,"9sI7At",1,884,2024,179,"South Sudan","SSD","SSD",127,"Malaysia","MLS","MYS",64,17,"0","-","0","0","0"
1,"9sI7At",1,885,2025,179,"South Sudan","SSD","SSD",127,"Malaysia","MLS","MYS",73,52,"0","-","0","0","0"
1,"9sI7At",1,886,2007,185,"Syrian Arab Rep.","SYR","SYR",127,"Malaysia","MLS","MYS",5,"0","0","-","0","0","0"
1,"9sI7At",1,887,2010,185,"Syrian Arab Rep.","SYR","SYR",127,"Malaysia","MLS","MYS","0",5,"0","-","0","0","0"
1,"9sI7At",1,888,2011,185,"Syrian Arab Rep.","SYR","SYR",127,"Malaysia","MLS","MYS",5,8,"0","-","0","0","0"
1,"9sI7At",1,889,2012,185,"Syrian Arab Rep.","SYR","SYR",127,"Malaysia","MLS","MYS",5,83,"0","-","0","0","0"
1,"9sI7At",1,890,2013,185,"Syrian Arab Rep.","SYR","SYR",127,"Malaysia","MLS","MYS",101,720,"0","-","0","0","0"
1,"9sI7At",1,891,2014,185,"Syrian Arab Rep.","SYR","SYR",127,"Malaysia","MLS","MYS",447,530,"0","-","0","0","0"
1,"9sI7At",1,892,2015,185,"Syrian Arab Rep.","SYR","SYR",127,"Malaysia","MLS","MYS",473,829,"0","-","0","0","0"
1,"9sI7At",1,893,2016,185,"Syrian Arab Rep.","SYR","SYR",127,"Malaysia","MLS","MYS",458,986,"0","-","0","0","0"
1,"9sI7At",1,894,2017,185,"Syrian Arab Rep.","SYR","SYR",127,"Malaysia","MLS","MYS",372,1937,"0","-","0","0","0"
1,"9sI7At",1,895,2018,185,"Syrian Arab Rep.","SYR","SYR",127,"Malaysia","MLS","MYS",421,2406,"0","-","0","0","0"
1,"9sI7At",1,896,2019,185,"Syrian Arab Rep.","SYR","SYR",127,"Malaysia","MLS","MYS",425,2861,"0","-","0","0","0"
1,"9sI7At",1,897,2020,185,"Syrian Arab Rep.","SYR","SYR",127,"Malaysia","MLS","MYS",407,2850,"0","-","0","0","0"
1,"9sI7At",1,898,2021,185,"Syrian Arab Rep.","SYR","SYR",127,"Malaysia","MLS","MYS",449,2858,"0","-","0","0","0"
1,"9sI7At",1,899,2022,185,"Syrian Arab Rep.","SYR","SYR",127,"Malaysia","MLS","MYS",409,2399,"0","-","0","0","0"
1,"9sI7At",1,900,2023,185,"Syrian Arab Rep.","SYR","SYR",127,"Malaysia","MLS","MYS",394,2365,"0","-","0","0","0"
1,"9sI7At",1,901,2024,185,"Syrian Arab Rep.","SYR","SYR",127,"Malaysia","MLS","MYS",401,2281,"0","-","0","0","0"
1,"9sI7At",1,902,2025,185,"Syrian Arab Rep.","SYR","SYR",127,"Malaysia","MLS","MYS",379,2132,"0","-","0","0","0"
1,"9sI7At",1,903,2004,188,"Thailand","THA","THA",127,"Malaysia","MLS","MYS","0",7,"0","-","0","0","0"
1,"9sI7At",1,904,2005,188,"Thailand","THA","THA",127,"Malaysia","MLS","MYS",87,115,"0","-","0","0",7
1,"9sI7At",1,905,2006,188,"Thailand","THA","THA",127,"Malaysia","MLS","MYS",122,150,"0","-","0","0","0"
1,"9sI7At",1,906,2007,188,"Thailand","THA","THA",127,"Malaysia","MLS","MYS",134,177,"0","-","0","0","0"
1,"9sI7At",1,907,2008,188,"Thailand","THA","THA",127,"Malaysia","MLS","MYS",136,172,"0","-","0","0","0"
1,"9sI7At",1,908,2009,188,"Thailand","THA","THA",127,"Malaysia","MLS","MYS",140,145,"0","-","0","0","0"
1,"9sI7At",1,909,2010,188,"Thailand","THA","THA",127,"Malaysia","MLS","MYS",8,102,"0","-","0","0","0"
1,"9sI7At",1,910,2011,188,"Thailand","THA","THA",127,"Malaysia","MLS","MYS",9,105,"0","-","0","0","0"
1,"9sI7At",1,911,2012,188,"Thailand","THA","THA",127,"Malaysia","MLS","MYS",12,100,"0","-","0","0","0"
1,"9sI7At",1,912,2013,188,"Thailand","THA","THA",127,"Malaysia","MLS","MYS",10,78,"0","-","0","0","0"
1,"9sI7At",1,913,2014,188,"Thailand","THA","THA",127,"Malaysia","MLS","MYS",9,13,"0","-","0","0","0"
1,"9sI7At",1,914,2015,188,"Thailand","THA","THA",127,"Malaysia","MLS","MYS",16,13,"0","-","0","0","0"
1,"9sI7At",1,915,2016,188,"Thailand","THA","THA",127,"Malaysia","MLS","MYS",17,16,"0","-","0","0","0"
1,"9sI7At",1,916,2017,188,"Thailand","THA","THA",127,"Malaysia","MLS","MYS",24,5,"0","-","0","0","0"
1,"9sI7At",1,917,2018,188,"Thailand","THA","THA",127,"Malaysia","MLS","MYS",28,5,"0","-","0","0","0"
1,"9sI7At",1,918,2019,188,"Thailand","THA","THA",127,"Malaysia","MLS","MYS",29,22,"0","-","0","0","0"
1,"9sI7At",1,919,2020,188,"Thailand","THA","THA",127,"Malaysia","MLS","MYS",27,23,"0","-","0","0","0"
1,"9sI7At",1,920,2021,188,"Thailand","THA","THA",127,"Malaysia","MLS","MYS",26,24,"0","-","0","0","0"
1,"9sI7At",1,921,2022,188,"Thailand","THA","THA",127,"Malaysia","MLS","MYS",25,17,"0","-","0","0","0"
1,"9sI7At",1,922,2023,188,"Thailand","THA","THA",127,"Malaysia","MLS","MYS",20,14,"0","-","0","0","0"
1,"9sI7At",1,923,2024,188,"Thailand","THA","THA",127,"Malaysia","MLS","MYS",23,13,"0","-","0","0","0"
1,"9sI7At",1,924,2025,188,"Thailand","THA","THA",127,"Malaysia","MLS","MYS",22,7,"0","-","0","0","0"
1,"9sI7At",1,925,2024,191,"Timor-Leste","TMP","TLS",127,"Malaysia","MLS","MYS",5,"0","0","-","0","0","0"
1,"9sI7At",1,926,2025,191,"Timor-Leste","TMP","TLS",127,"Malaysia","MLS","MYS",5,"0","0","-","0","0","0"
1,"9sI7At",1,927,2017,192,"Togo","TOG","TGO",127,"Malaysia","MLS","MYS","0",5,"0","-","0","0","0"
1,"9sI7At",1,928,2018,192,"Togo","TOG","TGO",127,"Malaysia","MLS","MYS","0",5,"0","-","0","0","0"
1,"9sI7At",1,929,2002,195,"Tunisia","TUN","TUN",127,"Malaysia","MLS","MYS",5,"0","0","-","0","0","0"
1,"9sI7At",1,930,2003,195,"Tunisia","TUN","TUN",127,"Malaysia","MLS","MYS",5,"0","0","-","0","0","0"
1,"9sI7At",1,931,2005,195,"Tunisia","TUN","TUN",127,"Malaysia","MLS","MYS",5,6,"0","-","0","0","0"
1,"9sI7At",1,932,2006,195,"Tunisia","TUN","TUN",127,"Malaysia","MLS","MYS",5,6,"0","-","0","0","0"
1,"9sI7At",1,933,2007,195,"Tunisia","TUN","TUN",127,"Malaysia","MLS","MYS",5,"0","0","-","0","0","0"
1,"9sI7At",1,934,2008,195,"Tunisia","TUN","TUN",127,"Malaysia","MLS","MYS",5,"0","0","-","0","0","0"
1,"9sI7At",1,935,2016,195,"Tunisia","TUN","TUN",127,"Malaysia","MLS","MYS","0",5,"0","-","0","0","0"
1,"9sI7At",1,936,2017,196,"Türkiye","TUR","TUR",127,"Malaysia","MLS","MYS","0",6,"0","-","0","0","0"
1,"9sI7At",1,937,2018,196,"Türkiye","TUR","TUR",127,"Malaysia","MLS","MYS","0",6,"0","-","0","0","0"
1,"9sI7At",1,938,2017,198,"United Arab Emirates","UAE","ARE",127,"Malaysia","MLS","MYS","0",5,"0","-","0","0","0"
1,"9sI7At",1,939,2018,198,"United Arab Emirates","UAE","ARE",127,"Malaysia","MLS","MYS","0",5,"0","-","0","0","0"
1,"9sI7At",1,940,2016,199,"Uganda","UGA","UGA",127,"Malaysia","MLS","MYS","0",5,"0","-","0","0","0"
1,"9sI7At",1,941,2017,199,"Uganda","UGA","UGA",127,"Malaysia","MLS","MYS","0",11,"0","-","0","0","0"
1,"9sI7At",1,942,2018,199,"Uganda","UGA","UGA",127,"Malaysia","MLS","MYS","0",6,"0","-","0","0","0"
1,"9sI7At",1,943,2019,199,"Uganda","UGA","UGA",127,"Malaysia","MLS","MYS",5,8,"0","-","0","0","0"
1,"9sI7At",1,944,2020,199,"Uganda","UGA","UGA",127,"Malaysia","MLS","MYS","0",6,"0","-","0","0","0"
1,"9sI7At",1,945,2021,199,"Uganda","UGA","UGA",127,"Malaysia","MLS","MYS",5,11,"0","-","0","0","0"
1,"9sI7At",1,946,2022,199,"Uganda","UGA","UGA",127,"Malaysia","MLS","MYS",6,9,"0","-","0","0","0"
1,"9sI7At",1,947,2023,199,"Uganda","UGA","UGA",127,"Malaysia","MLS","MYS",10,10,"0","-","0","0","0"
1,"9sI7At",1,948,2024,199,"Uganda","UGA","UGA",127,"Malaysia","MLS","MYS",14,7,"0","-","0","0","0"
1,"9sI7At",1,949,2025,199,"Uganda","UGA","UGA",127,"Malaysia","MLS","MYS",10,7,"0","-","0","0","0"
1,"9sI7At",1,950,2017,202,"United States of America","USA","USA",127,"Malaysia","MLS","MYS",8,"0","0","-","0","0","0"
1,"9sI7At",1,951,2018,202,"United States of America","USA","USA",127,"Malaysia","MLS","MYS",8,"0","0","-","0","0","0"
1,"9sI7At",1,952,2019,202,"United States of America","USA","USA",127,"Malaysia","MLS","MYS",7,"0","0","-","0","0","0"
1,"9sI7At",1,953,2020,202,"United States of America","USA","USA",127,"Malaysia","MLS","MYS",7,"0","0","-","0","0","0"
1,"9sI7At",1,954,2021,202,"United States of America","USA","USA",127,"Malaysia","MLS","MYS",7,"0","0","-","0","0","0"
1,"9sI7At",1,955,2022,202,"United States of America","USA","USA",127,"Malaysia","MLS","MYS",5,"0","0","-","0","0","0"
1,"9sI7At",1,956,2023,202,"United States of America","USA","USA",127,"Malaysia","MLS","MYS",6,"0","0","-","0","0","0"
1,"9sI7At",1,957,2024,202,"United States of America","USA","USA",127,"Malaysia","MLS","MYS",5,"0","0","-","0","0","0"
1,"9sI7At",1,958,2025,202,"United States of America","USA","USA",127,"Malaysia","MLS","MYS",5,"0","0","-","0","0","0"
1,"9sI7At",1,959,2001,203,"Uzbekistan","UZB","UZB",127,"Malaysia","MLS","MYS","0",5,"0","-","0","0","0"
1,"9sI7At",1,960,2002,203,"Uzbekistan","UZB","UZB",127,"Malaysia","MLS","MYS","0",5,"0","-","0","0","0"
1,"9sI7At",1,961,2010,203,"Uzbekistan","UZB","UZB",127,"Malaysia","MLS","MYS","0",5,"0","-","0","0","0"
1,"9sI7At",1,962,2011,203,"Uzbekistan","UZB","UZB",127,"Malaysia","MLS","MYS","0",10,"0","-","0","0","0"
1,"9sI7At",1,963,2012,203,"Uzbekistan","UZB","UZB",127,"Malaysia","MLS","MYS","0",10,"0","-","0","0","0"
1,"9sI7At",1,964,2013,203,"Uzbekistan","UZB","UZB",127,"Malaysia","MLS","MYS","0",10,"0","-","0","0","0"
1,"9sI7At",1,965,2014,203,"Uzbekistan","UZB","UZB",127,"Malaysia","MLS","MYS","0",11,"0","-","0","0","0"
1,"9sI7At",1,966,2015,203,"Uzbekistan","UZB","UZB",127,"Malaysia","MLS","MYS","0",17,"0","-","0","0","0"
1,"9sI7At",1,967,2016,203,"Uzbekistan","UZB","UZB",127,"Malaysia","MLS","MYS","0",11,"0","-","0","0","0"
1,"9sI7At",1,968,2017,203,"Uzbekistan","UZB","UZB",127,"Malaysia","MLS","MYS","0",14,"0","-","0","0","0"
1,"9sI7At",1,969,2018,203,"Uzbekistan","UZB","UZB",127,"Malaysia","MLS","MYS","0",9,"0","-","0","0","0"
1,"9sI7At",1,970,2019,203,"Uzbekistan","UZB","UZB",127,"Malaysia","MLS","MYS","0",8,"0","-","0","0","0"
1,"9sI7At",1,971,2020,203,"Uzbekistan","UZB","UZB",127,"Malaysia","MLS","MYS","0",8,"0","-","0","0","0"
1,"9sI7At",1,972,2021,203,"Uzbekistan","UZB","UZB",127,"Malaysia","MLS","MYS","0",7,"0","-","0","0","0"
1,"9sI7At",1,973,2022,203,"Uzbekistan","UZB","UZB",127,"Malaysia","MLS","MYS","0",8,"0","-","0","0","0"
1,"9sI7At",1,974,2024,203,"Uzbekistan","UZB","UZB",127,"Malaysia","MLS","MYS","0",5,"0","-","0","0","0"
1,"9sI7At",1,975,2025,203,"Uzbekistan","UZB","UZB",127,"Malaysia","MLS","MYS","0",5,"0","-","0","0","0"
1,"9sI7At",1,976,2007,211,"Yemen","YEM","YEM",127,"Malaysia","MLS","MYS","0",5,"0","-","0","0","0"
1,"9sI7At",1,977,2008,211,"Yemen","YEM","YEM",127,"Malaysia","MLS","MYS","0",5,"0","-","0","0","0"
1,"9sI7At",1,978,2009,211,"Yemen","YEM","YEM",127,"Malaysia","MLS","MYS","0",12,"0","-","0","0","0"
1,"9sI7At",1,979,2010,211,"Yemen","YEM","YEM",127,"Malaysia","MLS","MYS",9,15,"0","-","0","0","0"
1,"9sI7At",1,980,2011,211,"Yemen","YEM","YEM",127,"Malaysia","MLS","MYS",18,83,"0","-","0","0","0"
1,"9sI7At",1,981,2012,211,"Yemen","YEM","YEM",127,"Malaysia","MLS","MYS",26,223,"0","-","0","0","0"
1,"9sI7At",1,982,2013,211,"Yemen","YEM","YEM",127,"Malaysia","MLS","MYS",36,267,"0","-","0","0","0"
1,"9sI7At",1,983,2014,211,"Yemen","YEM","YEM",127,"Malaysia","MLS","MYS",45,301,"0","-","0","0","0"
1,"9sI7At",1,984,2015,211,"Yemen","YEM","YEM",127,"Malaysia","MLS","MYS",55,906,"0","-","0","0","0"
1,"9sI7At",1,985,2016,211,"Yemen","YEM","YEM",127,"Malaysia","MLS","MYS",51,1163,"0","-","0","0","0"
1,"9sI7At",1,986,2017,211,"Yemen","YEM","YEM",127,"Malaysia","MLS","MYS",76,2287,"0","-","0","0","0"
1,"9sI7At",1,987,2018,211,"Yemen","YEM","YEM",127,"Malaysia","MLS","MYS",163,2769,"0","-","0","0","0"
1,"9sI7At",1,988,2019,211,"Yemen","YEM","YEM",127,"Malaysia","MLS","MYS",206,3462,"0","-","0","0","0"
1,"9sI7At",1,989,2020,211,"Yemen","YEM","YEM",127,"Malaysia","MLS","MYS",232,3423,"0","-","0","0","0"
1,"9sI7At",1,990,2021,211,"Yemen","YEM","YEM",127,"Malaysia","MLS","MYS",321,3400,"0","-","0","0","0"
1,"9sI7At",1,991,2022,211,"Yemen","YEM","YEM",127,"Malaysia","MLS","MYS",349,2997,"0","-","0","0","0"
1,"9sI7At",1,992,2023,211,"Yemen","YEM","YEM",127,"Malaysia","MLS","MYS",339,2889,"0","-","0","0","0"
1,"9sI7At",1,993,2024,211,"Yemen","YEM","YEM",127,"Malaysia","MLS","MYS",359,2786,"0","-","0","0","0"
1,"9sI7At",1,994,2025,211,"Yemen","YEM","YEM",127,"Malaysia","MLS","MYS",387,2689,"0","-","0","0","0"
1,"9sI7At",1,995,2004,214,"Zimbabwe","ZIM","ZWE",127,"Malaysia","MLS","MYS","0",5,"0","-","0","0","0"
1,"9sI7At",1,996,2005,214,"Zimbabwe","ZIM","ZWE",127,"Malaysia","MLS","MYS",5,5,"0","-","0","0","0"
1,"9sI7At",1,997,2006,214,"Zimbabwe","ZIM","ZWE",127,"Malaysia","MLS","MYS","0",5,"0","-","0","0","0"
1,"9sI7At",1,998,2007,214,"Zimbabwe","ZIM","ZWE",127,"Malaysia","MLS","MYS","0",5,"0","-","0","0","0"
1,"9sI7At",1,999,2008,214,"Zimbabwe","ZIM","ZWE",127,"Malaysia","MLS","MYS","0",7,"0","-","0","0","0"
1,"9sI7At",1,1000,2009,214,"Zimbabwe","ZIM","ZWE",127,"Malaysia","MLS","MYS","0",7,"0","-","0","0","0"
1,"9sI7At",1,1001,2010,214,"Zimbabwe","ZIM","ZWE",127,"Malaysia","MLS","MYS",5,"0","0","-","0","0","0"
1,"9sI7At",1,1002,2011,214,"Zimbabwe","ZIM","ZWE",127,"Malaysia","MLS","MYS",5,"0","0","-","0","0","0"
1,"9sI7At",1,1003,2015,214,"Zimbabwe","ZIM","ZWE",127,"Malaysia","MLS","MYS",5,"0","0","-","0","0","0"
1,"9sI7At",1,1004,2016,214,"Zimbabwe","ZIM","ZWE",127,"Malaysia","MLS","MYS",5,"0","0","-","0","0","0"
1,"9sI7At",1,1005,2017,214,"Zimbabwe","ZIM","ZWE",127,"Malaysia","MLS","MYS",5,"0","0","-","0","0","0"
1,"9sI7At",1,1006,2018,214,"Zimbabwe","ZIM","ZWE",127,"Malaysia","MLS","MYS",5,5,"0","-","0","0","0"
1,"9sI7At",1,1007,2019,214,"Zimbabwe","ZIM","ZWE",127,"Malaysia","MLS","MYS",5,5,"0","-","0","0","0"
1,"9sI7At",1,1008,2020,214,"Zimbabwe","ZIM","ZWE",127,"Malaysia","MLS","MYS",5,5,"0","-","0","0","0"
1,"9sI7At",1,1009,2021,214,"Zimbabwe","ZIM","ZWE",127,"Malaysia","MLS","MYS",5,5,"0","-","0","0","0"
1,"9sI7At",1,1010,2022,214,"Zimbabwe","ZIM","ZWE",127,"Malaysia","MLS","MYS","0",5,"0","-","0","0","0"
1,"9sI7At",1,1011,2023,214,"Zimbabwe","ZIM","ZWE",127,"Malaysia","MLS","MYS","0",5,"0","-","0","0","0"
1,"9sI7At",1,1012,2024,214,"Zimbabwe","ZIM","ZWE",127,"Malaysia","MLS","MYS","0",5,"0","-","0","0","0"
1,"9sI7At",1,1013,2025,214,"Zimbabwe","ZIM","ZWE",127,"Malaysia","MLS","MYS","0",5,"0","-","0","0","0"
1,"9sI7At",1,1014,2007,216,"Stateless","STA","XXA",127,"Malaysia","MLS","MYS","0","0","0","-",40001,"0","0"
1,"9sI7At",1,1015,2008,216,"Stateless","STA","XXA",127,"Malaysia","MLS","MYS","0","0","0","-",40001,"0","0"
1,"9sI7At",1,1016,2009,216,"Stateless","STA","XXA",127,"Malaysia","MLS","MYS","0","0","0","-",40001,"0","0"
1,"9sI7At",1,1017,2010,216,"Stateless","STA","XXA",127,"Malaysia","MLS","MYS","0","0","0","-",40001,"0","0"
1,"9sI7At",1,1018,2011,216,"Stateless","STA","XXA",127,"Malaysia","MLS","MYS","0","0","0","-",40001,"0","0"
1,"9sI7At",1,1019,2012,216,"Stateless","STA","XXA",127,"Malaysia","MLS","MYS","0","0","0","-",40001,"0","0"
1,"9sI7At",1,1020,2013,216,"Stateless","STA","XXA",127,"Malaysia","MLS","MYS","0","0","0","-",40000,"0","0"
1,"9sI7At",1,1021,2014,216,"Stateless","STA","XXA",127,"Malaysia","MLS","MYS","0","0","0","-",40000,"0","0"
1,"9sI7At",1,1022,2015,216,"Stateless","STA","XXA",127,"Malaysia","MLS","MYS","0","0","0","-",11689,"0","0"
1,"9sI7At",1,1023,2016,216,"Stateless","STA","XXA",127,"Malaysia","MLS","MYS","0","0","0","-",10931,"0","0"
1,"9sI7At",1,1024,2017,216,"Stateless","STA","XXA",127,"Malaysia","MLS","MYS","0","0","0","-",10068,"0","0"
1,"9sI7At",1,1025,2018,216,"Stateless","STA","XXA",127,"Malaysia","MLS","MYS","0","0","0","-",9631,"0","0"
1,"9sI7At",1,1026,2019,216,"Stateless","STA","XXA",127,"Malaysia","MLS","MYS","0","0","0","-",108332,"0","0"
1,"9sI7At",1,1027,2020,216,"Stateless","STA","XXA",127,"Malaysia","MLS","MYS","0","0","0","-",111298,"0","0"
1,"9sI7At",1,1028,2021,216,"Stateless","STA","XXA",127,"Malaysia","MLS","MYS","0","0","0","-",112420,"0","0"
1,"9sI7At",1,1029,2022,216,"Stateless","STA","XXA",127,"Malaysia","MLS","MYS","0","0","0","-",115169,"0","0"
1,"9sI7At",1,1030,2023,216,"Stateless","STA","XXA",127,"Malaysia","MLS","MYS","0","0","0","-",117070,"0","0"
1,"9sI7At",1,1031,2024,216,"Stateless","STA","XXA",127,"Malaysia","MLS","MYS","0","0","0","-",120857,"0","0"
1,"9sI7At",1,1032,2025,216,"Stateless","STA","XXA",127,"Malaysia","MLS","MYS","0","0","0","-",128255,"0","0"
1,"9sI7At",1,1033,1977,262,"Unknown ","UKN","UNK",127,"Malaysia","MLS","MYS",540,"0","0","-","0","0","0"
1,"9sI7At",1,1034,1984,262,"Unknown ","UKN","UNK",127,"Malaysia","MLS","MYS",100,"0","0","-","0","0","0"
1,"9sI7At",1,1035,1988,262,"Unknown ","UKN","UNK",127,"Malaysia","MLS","MYS",183,"0","0","-","0","0","0"
1,"9sI7At",1,1036,1989,262,"Unknown ","UKN","UNK",127,"Malaysia","MLS","MYS",7,"0","0","-","0","0","0"
1,"9sI7At",1,1037,1991,262,"Unknown ","UKN","UNK",127,"Malaysia","MLS","MYS",1454,"0","0","-","0","0","0"
1,"9sI7At",1,1038,1992,262,"Unknown ","UKN","UNK",127,"Malaysia","MLS","MYS",29,"0","0","-","0","0","0"
1,"9sI7At",1,1039,1995,262,"Unknown ","UKN","UNK",127,"Malaysia","MLS","MYS",8,"0","0","-","0","0","0"
1,"9sI7At",1,1040,1996,262,"Unknown ","UKN","UNK",127,"Malaysia","MLS","MYS",12,"0","0","-","0","0","0"
