"page","short-url","maxPages","items","year","coo_id","coo_name","coo","coo_iso","coa_id","coa_name","coa","coa_iso","refugees","asylum_seekers","idps","oip","stateless","hst","ooc"
1,"Z4QwXr",1,1,2001,2,"Afghanistan","AFG","AFG",155,"Portugal","POR","PRT",5,"0","0","-","0","0","0"
1,"Z4QwXr",1,2,2002,2,"Afghanistan","AFG","AFG",155,"Portugal","POR","PRT",5,"0","0","-","0","0","0"
1,"Z4QwXr",1,3,2003,2,"Afghanistan","AFG","AFG",155,"Portugal","POR","PRT",5,"0","0","-","0","0","0"
1,"Z4QwXr",1,4,2004,2,"Afghanistan","AFG","AFG",155,"Portugal","POR","PRT",5,"0","0","-","0","0","0"
1,"Z4QwXr",1,5,2005,2,"Afghanistan","AFG","AFG",155,"Portugal","POR","PRT",5,"0","0","-","0","0","0"
1,"Z4QwXr",1,6,2006,2,"Afghanistan","AFG","AFG",155,"Portugal","POR","PRT",5,"0","0","-","0","0","0"
1,"Z4QwXr",1,7,2007,2,"Afghanistan","AFG","AFG",155,"Portugal","POR","PRT",6,"0","0","-","0","0","0"
1,"Z4QwXr",1,8,2008,2,"Afghanistan","AFG","AFG",155,"Portugal","POR","PRT",8,"0","0","-","0","0","0"
1,"Z4QwXr",1,9,2009,2,"Afghanistan","AFG","AFG",155,"Portugal","POR","PRT",7,"0","0","-","0","0","0"
1,"Z4QwXr",1,10,2010,2,"Afghanistan","AFG","AFG",155,"Portugal","POR","PRT",6,"0","0","-","0","0","0"
1,"Z4QwXr",1,11,2011,2,"Afghanistan","AFG","AFG",155,"Portugal","POR","PRT",5,5,"0","-","0","0","0"
1,"Z4QwXr",1,12,2012,2,"Afghanistan","AFG","AFG",155,"Portugal","POR","PRT",6,5,"0","-","0","0","0"
1,"Z4QwXr",1,13,2013,2,"Afghanistan","AFG","AFG",155,"Portugal","POR","PRT",9,"0","0","-","0","0","0"
1,"Z4QwXr",1,14,2014,2,"Afghanistan","AFG","AFG",155,"Portugal","POR","PRT",10,"0","0","-","0","0","0"
1,"Z4QwXr",1,15,2015,2,"Afghanistan","AFG","AFG",155,"Portugal","POR","PRT",11,"0","0","-","0","0","0"
1,"Z4QwXr",1,16,2016,2,"Afghanistan","AFG","AFG",155,"Portugal","POR","PRT",14,11,"0","-","0","0","0"
1,"Z4QwXr",1,17,2017,2,"Afghanistan","AFG","AFG",155,"Portugal","POR","PRT",18,"0","0","-","0","0","0"
1,"Z4QwXr",1,18,2018,2,"Afghanistan","AFG","AFG",155,"Portugal","POR","PRT",16,5,"0","-","0","0","0"
1,"Z4QwXr",1,19,2019,2,"Afghanistan","AFG","AFG",155,"Portugal","POR","PRT",20,5,"0","-","0","0","0"
1,"Z4QwXr",1,20,2020,2,"Afghanistan","AFG","AFG",155,"Portugal","POR","PRT",21,30,"0","-","0","0","0"
1,"Z4QwXr",1,21,2021,2,"Afghanistan","AFG","AFG",155,"Portugal","POR","PRT",121,594,"0","-","0","0","0"
1,"Z4QwXr",1,22,2022,2,"Afghanistan","AFG","AFG",155,"Portugal","POR","PRT",679,201,"0","-","0","0","0"
1,"Z4QwXr",1,23,2023,2,"Afghanistan","AFG","AFG",155,"Portugal","POR","PRT",919,218,"0","-","0","0","0"
1,"Z4QwXr",1,24,2024,2,"Afghanistan","AFG","AFG",155,"Portugal","POR","PRT",916,386,"0","-","0","0","0"
1,"Z4QwXr",1,25,2025,2,"Afghanistan","AFG","AFG",155,"Portugal","POR","PRT",930,400,"0","-","0","0","0"
1,"Z4QwXr",1,26,2019,3,"Albania","ALB","ALB",155,"Portugal","POR","PRT","0",5,"0","-","0","0","0"
1,"Z4QwXr",1,27,2020,3,"Albania","ALB","ALB",155,"Portugal","POR","PRT","0",5,"0","-","0","0","0"
1,"Z4QwXr",1,28,2021,3,"Albania","ALB","ALB",155,"Portugal","POR","PRT","0",5,"0","-","0","0","0"
1,"Z4QwXr",1,29,2023,3,"Albania","ALB","ALB",155,"Portugal","POR","PRT",5,"0","0","-","0","0","0"
1,"Z4QwXr",1,30,2024,3,"Albania","ALB","ALB",155,"Portugal","POR","PRT",5,"0","0","-","0","0","0"
1,"Z4QwXr",1,31,2025,3,"Albania","ALB","ALB",155,"Portugal","POR","PRT",5,5,"0","-","0","0","0"
1,"Z4QwXr",1,32,2000,4,"Algeria","ALG","DZA",155,"Portugal","POR","PRT",5,"0","0","-","0","0","0"
1,"Z4QwXr",1,33,2001,4,"Algeria","ALG","DZA",155,"Portugal","POR","PRT",5,"0","0","-","0","0","0"
1,"Z4QwXr",1,34,2002,4,"Algeria","ALG","DZA",155,"Portugal","POR","PRT",5,"0","0","-","0","0","0"
1,"Z4QwXr",1,35,2003,4,"Algeria","ALG","DZA",155,"Portugal","POR","PRT",5,"0","0","-","0","0","0"
1,"Z4QwXr",1,36,2004,4,"Algeria","ALG","DZA",155,"Portugal","POR","PRT",5,"0","0","-","0","0","0"
1,"Z4QwXr",1,37,2005,4,"Algeria","ALG","DZA",155,"Portugal","POR","PRT",5,"0","0","-","0","0","0"
1,"Z4QwXr",1,38,2006,4,"Algeria","ALG","DZA",155,"Portugal","POR","PRT",5,"0","0","-","0","0","0"
1,"Z4QwXr",1,39,2007,4,"Algeria","ALG","DZA",155,"Portugal","POR","PRT",5,"0","0","-","0","0","0"
1,"Z4QwXr",1,40,2008,4,"Algeria","ALG","DZA",155,"Portugal","POR","PRT",5,"0","0","-","0","0","0"
1,"Z4QwXr",1,41,2009,4,"Algeria","ALG","DZA",155,"Portugal","POR","PRT",5,"0","0","-","0","0","0"
1,"Z4QwXr",1,42,2019,4,"Algeria","ALG","DZA",155,"Portugal","POR","PRT","0",5,"0","-","0","0","0"
1,"Z4QwXr",1,43,2020,4,"Algeria","ALG","DZA",155,"Portugal","POR","PRT","0",9,"0","-","0","0","0"
1,"Z4QwXr",1,44,2021,4,"Algeria","ALG","DZA",155,"Portugal","POR","PRT","0",19,"0","-","0","0","0"
1,"Z4QwXr",1,45,2022,4,"Algeria","ALG","DZA",155,"Portugal","POR","PRT",779,18,"0","-","0","0","0"
1,"Z4QwXr",1,46,2023,4,"Algeria","ALG","DZA",155,"Portugal","POR","PRT",529,16,"0","-","0","0","0"
1,"Z4QwXr",1,47,2024,4,"Algeria","ALG","DZA",155,"Portugal","POR","PRT",552,37,"0","-","0","0","0"
1,"Z4QwXr",1,48,2025,4,"Algeria","ALG","DZA",155,"Portugal","POR","PRT",512,51,"0","-","0","0","0"
1,"Z4QwXr",1,49,1996,6,"Angola","ANG","AGO",155,"Portugal","POR","PRT",12,"0","0","-","0","0","0"
1,"Z4QwXr",1,50,1997,6,"Angola","ANG","AGO",155,"Portugal","POR","PRT",16,"0","0","-","0","0","0"
1,"Z4QwXr",1,51,1998,6,"Angola","ANG","AGO",155,"Portugal","POR","PRT",11,"0","0","-","0","0","0"
1,"Z4QwXr",1,52,1999,6,"Angola","ANG","AGO",155,"Portugal","POR","PRT",30,"0","0","-","0","0","0"
1,"Z4QwXr",1,53,2000,6,"Angola","ANG","AGO",155,"Portugal","POR","PRT",16,"0","0","-","0","0","0"
1,"Z4QwXr",1,54,2001,6,"Angola","ANG","AGO",155,"Portugal","POR","PRT",19,"0","0","-","0","0","0"
1,"Z4QwXr",1,55,2002,6,"Angola","ANG","AGO",155,"Portugal","POR","PRT",19,"0","0","-","0","0","0"
1,"Z4QwXr",1,56,2003,6,"Angola","ANG","AGO",155,"Portugal","POR","PRT",20,"0","0","-","0","0","0"
1,"Z4QwXr",1,57,2004,6,"Angola","ANG","AGO",155,"Portugal","POR","PRT",20,"0","0","-","0","0","0"
1,"Z4QwXr",1,58,2005,6,"Angola","ANG","AGO",155,"Portugal","POR","PRT",15,"0","0","-","0","0","0"
1,"Z4QwXr",1,59,2006,6,"Angola","ANG","AGO",155,"Portugal","POR","PRT",15,"0","0","-","0","0","0"
1,"Z4QwXr",1,60,2007,6,"Angola","ANG","AGO",155,"Portugal","POR","PRT",11,"0","0","-","0","0","0"
1,"Z4QwXr",1,61,2008,6,"Angola","ANG","AGO",155,"Portugal","POR","PRT",11,"0","0","-","0","0","0"
1,"Z4QwXr",1,62,2009,6,"Angola","ANG","AGO",155,"Portugal","POR","PRT",9,5,"0","-","0","0","0"
1,"Z4QwXr",1,63,2010,6,"Angola","ANG","AGO",155,"Portugal","POR","PRT",5,5,"0","-","0","0","0"
1,"Z4QwXr",1,64,2011,6,"Angola","ANG","AGO",155,"Portugal","POR","PRT",5,5,"0","-","0","0","0"
1,"Z4QwXr",1,65,2012,6,"Angola","ANG","AGO",155,"Portugal","POR","PRT",5,5,"0","-","0","0","0"
1,"Z4QwXr",1,66,2013,6,"Angola","ANG","AGO",155,"Portugal","POR","PRT","0",6,"0","-","0","0","0"
1,"Z4QwXr",1,67,2014,6,"Angola","ANG","AGO",155,"Portugal","POR","PRT","0",6,"0","-","0","0","0"
1,"Z4QwXr",1,68,2015,6,"Angola","ANG","AGO",155,"Portugal","POR","PRT","0",18,"0","-","0","0","0"
1,"Z4QwXr",1,69,2016,6,"Angola","ANG","AGO",155,"Portugal","POR","PRT","0",24,"0","-","0","0","0"
1,"Z4QwXr",1,70,2017,6,"Angola","ANG","AGO",155,"Portugal","POR","PRT","0",15,"0","-","0","0","0"
1,"Z4QwXr",1,71,2018,6,"Angola","ANG","AGO",155,"Portugal","POR","PRT","0",25,"0","-","0","0","0"
1,"Z4QwXr",1,72,2019,6,"Angola","ANG","AGO",155,"Portugal","POR","PRT","0",216,"0","-","0","0","0"
1,"Z4QwXr",1,73,2020,6,"Angola","ANG","AGO",155,"Portugal","POR","PRT","0",224,"0","-","0","0","0"
1,"Z4QwXr",1,74,2021,6,"Angola","ANG","AGO",155,"Portugal","POR","PRT","0",223,"0","-","0","0","0"
1,"Z4QwXr",1,75,2022,6,"Angola","ANG","AGO",155,"Portugal","POR","PRT",137,31,"0","-","0","0","0"
1,"Z4QwXr",1,76,2023,6,"Angola","ANG","AGO",155,"Portugal","POR","PRT",116,102,"0","-","0","0","0"
1,"Z4QwXr",1,77,2024,6,"Angola","ANG","AGO",155,"Portugal","POR","PRT",116,178,"0","-","0","0","0"
1,"Z4QwXr",1,78,2025,6,"Angola","ANG","AGO",155,"Portugal","POR","PRT",101,209,"0","-","0","0","0"
1,"Z4QwXr",1,79,2019,8,"Egypt","ARE","EGY",155,"Portugal","POR","PRT","0",9,"0","-","0","0","0"
1,"Z4QwXr",1,80,2020,8,"Egypt","ARE","EGY",155,"Portugal","POR","PRT","0",18,"0","-","0","0","0"
1,"Z4QwXr",1,81,2021,8,"Egypt","ARE","EGY",155,"Portugal","POR","PRT",5,18,"0","-","0","0","0"
1,"Z4QwXr",1,82,2022,8,"Egypt","ARE","EGY",155,"Portugal","POR","PRT",125,5,"0","-","0","0","0"
1,"Z4QwXr",1,83,2023,8,"Egypt","ARE","EGY",155,"Portugal","POR","PRT",69,15,"0","-","0","0","0"
1,"Z4QwXr",1,84,2024,8,"Egypt","ARE","EGY",155,"Portugal","POR","PRT",78,17,"0","-","0","0","0"
1,"Z4QwXr",1,85,2025,8,"Egypt","ARE","EGY",155,"Portugal","POR","PRT",63,21,"0","-","0","0","0"
1,"Z4QwXr",1,86,1996,10,"Armenia","ARM","ARM",155,"Portugal","POR","PRT",5,"0","0","-","0","0","0"
1,"Z4QwXr",1,87,1997,10,"Armenia","ARM","ARM",155,"Portugal","POR","PRT",5,"0","0","-","0","0","0"
1,"Z4QwXr",1,88,1998,10,"Armenia","ARM","ARM",155,"Portugal","POR","PRT",5,"0","0","-","0","0","0"
1,"Z4QwXr",1,89,1999,10,"Armenia","ARM","ARM",155,"Portugal","POR","PRT",5,"0","0","-","0","0","0"
1,"Z4QwXr",1,90,2000,10,"Armenia","ARM","ARM",155,"Portugal","POR","PRT",5,"0","0","-","0","0","0"
1,"Z4QwXr",1,91,2001,10,"Armenia","ARM","ARM",155,"Portugal","POR","PRT",5,"0","0","-","0","0","0"
1,"Z4QwXr",1,92,2002,10,"Armenia","ARM","ARM",155,"Portugal","POR","PRT",5,"0","0","-","0","0","0"
1,"Z4QwXr",1,93,2003,10,"Armenia","ARM","ARM",155,"Portugal","POR","PRT",5,"0","0","-","0","0","0"
1,"Z4QwXr",1,94,2004,10,"Armenia","ARM","ARM",155,"Portugal","POR","PRT",5,"0","0","-","0","0","0"
1,"Z4QwXr",1,95,2005,10,"Armenia","ARM","ARM",155,"Portugal","POR","PRT",5,"0","0","-","0","0","0"
1,"Z4QwXr",1,96,2014,10,"Armenia","ARM","ARM",155,"Portugal","POR","PRT",5,"0","0","-","0","0","0"
1,"Z4QwXr",1,97,2015,10,"Armenia","ARM","ARM",155,"Portugal","POR","PRT",5,"0","0","-","0","0","0"
1,"Z4QwXr",1,98,2016,10,"Armenia","ARM","ARM",155,"Portugal","POR","PRT",5,"0","0","-","0","0","0"
1,"Z4QwXr",1,99,2017,10,"Armenia","ARM","ARM",155,"Portugal","POR","PRT",5,"0","0","-","0","0","0"
1,"Z4QwXr",1,100,2018,10,"Armenia","ARM","ARM",155,"Portugal","POR","PRT",5,"0","0","-","0","0","0"
1,"Z4QwXr",1,101,2019,10,"Armenia","ARM","ARM",155,"Portugal","POR","PRT",5,"0","0","-","0","0","0"
1,"Z4QwXr",1,102,2020,10,"Armenia","ARM","ARM",155,"Portugal","POR","PRT",5,"0","0","-","0","0","0"
1,"Z4QwXr",1,103,2021,10,"Armenia","ARM","ARM",155,"Portugal","POR","PRT",5,"0","0","-","0","0","0"
1,"Z4QwXr",1,104,2022,10,"Armenia","ARM","ARM",155,"Portugal","POR","PRT",17,"0","0","-","0","0","0"
1,"Z4QwXr",1,105,2023,10,"Armenia","ARM","ARM",155,"Portugal","POR","PRT",17,"0","0","-","0","0","0"
1,"Z4QwXr",1,106,2024,10,"Armenia","ARM","ARM",155,"Portugal","POR","PRT",16,5,"0","-","0","0","0"
1,"Z4QwXr",1,107,2025,10,"Armenia","ARM","ARM",155,"Portugal","POR","PRT",11,"0","0","-","0","0","0"
1,"Z4QwXr",1,108,2022,11,"Australia","AUL","AUS",155,"Portugal","POR","PRT",5,"0","0","-","0","0","0"
1,"Z4QwXr",1,109,2023,11,"Australia","AUL","AUS",155,"Portugal","POR","PRT",5,"0","0","-","0","0","0"
1,"Z4QwXr",1,110,2025,11,"Australia","AUL","AUS",155,"Portugal","POR","PRT",5,"0","0","-","0","0","0"
1,"Z4QwXr",1,111,2021,13,"Azerbaijan","AZE","AZE",155,"Portugal","POR","PRT","0",5,"0","-","0","0","0"
1,"Z4QwXr",1,112,2022,13,"Azerbaijan","AZE","AZE",155,"Portugal","POR","PRT",15,"0","0","-","0","0","0"
1,"Z4QwXr",1,113,2023,13,"Azerbaijan","AZE","AZE",155,"Portugal","POR","PRT",16,"0","0","-","0","0","0"
1,"Z4QwXr",1,114,2024,13,"Azerbaijan","AZE","AZE",155,"Portugal","POR","PRT",22,"0","0","-","0","0","0"
1,"Z4QwXr",1,115,2025,13,"Azerbaijan","AZE","AZE",155,"Portugal","POR","PRT",17,"0","0","-","0","0","0"
1,"Z4QwXr",1,116,2019,18,"Benin","BEN","BEN",155,"Portugal","POR","PRT","0",5,"0","-","0","0","0"
1,"Z4QwXr",1,117,2020,18,"Benin","BEN","BEN",155,"Portugal","POR","PRT","0",5,"0","-","0","0","0"
1,"Z4QwXr",1,118,2021,18,"Benin","BEN","BEN",155,"Portugal","POR","PRT","0",5,"0","-","0","0","0"
1,"Z4QwXr",1,119,2022,18,"Benin","BEN","BEN",155,"Portugal","POR","PRT",5,"0","0","-","0","0","0"
1,"Z4QwXr",1,120,2023,18,"Benin","BEN","BEN",155,"Portugal","POR","PRT",5,"0","0","-","0","0","0"
1,"Z4QwXr",1,121,2024,18,"Benin","BEN","BEN",155,"Portugal","POR","PRT",5,5,"0","-","0","0","0"
1,"Z4QwXr",1,122,2025,18,"Benin","BEN","BEN",155,"Portugal","POR","PRT",5,5,"0","-","0","0","0"
1,"Z4QwXr",1,123,2013,20,"Bangladesh","BGD","BGD",155,"Portugal","POR","PRT","0",5,"0","-","0","0","0"
1,"Z4QwXr",1,124,2015,20,"Bangladesh","BGD","BGD",155,"Portugal","POR","PRT","0",5,"0","-","0","0","0"
1,"Z4QwXr",1,125,2016,20,"Bangladesh","BGD","BGD",155,"Portugal","POR","PRT",5,"0","0","-","0","0","0"
1,"Z4QwXr",1,126,2017,20,"Bangladesh","BGD","BGD",155,"Portugal","POR","PRT",5,"0","0","-","0","0","0"
1,"Z4QwXr",1,127,2018,20,"Bangladesh","BGD","BGD",155,"Portugal","POR","PRT",5,"0","0","-","0","0","0"
1,"Z4QwXr",1,128,2019,20,"Bangladesh","BGD","BGD",155,"Portugal","POR","PRT",5,5,"0","-","0","0","0"
1,"Z4QwXr",1,129,2020,20,"Bangladesh","BGD","BGD",155,"Portugal","POR","PRT",5,7,"0","-","0","0","0"
1,"Z4QwXr",1,130,2021,20,"Bangladesh","BGD","BGD",155,"Portugal","POR","PRT",6,24,"0","-","0","0","0"
1,"Z4QwXr",1,131,2022,20,"Bangladesh","BGD","BGD",155,"Portugal","POR","PRT",155,16,"0","-","0","0","0"
1,"Z4QwXr",1,132,2023,20,"Bangladesh","BGD","BGD",155,"Portugal","POR","PRT",148,7,"0","-","0","0","0"
1,"Z4QwXr",1,133,2024,20,"Bangladesh","BGD","BGD",155,"Portugal","POR","PRT",144,14,"0","-","0","0","0"
1,"Z4QwXr",1,134,2025,20,"Bangladesh","BGD","BGD",155,"Portugal","POR","PRT",139,5,"0","-","0","0","0"
1,"Z4QwXr",1,135,2024,23,"Burkina Faso","BKF","BFA",155,"Portugal","POR","PRT","0",5,"0","-","0","0","0"
1,"Z4QwXr",1,136,2025,23,"Burkina Faso","BKF","BFA",155,"Portugal","POR","PRT","0",5,"0","-","0","0","0"
1,"Z4QwXr",1,137,2002,24,"Belarus","BLR","BLR",155,"Portugal","POR","PRT",5,"0","0","-","0","0","0"
1,"Z4QwXr",1,138,2003,24,"Belarus","BLR","BLR",155,"Portugal","POR","PRT",6,"0","0","-","0","0","0"
1,"Z4QwXr",1,139,2004,24,"Belarus","BLR","BLR",155,"Portugal","POR","PRT",6,"0","0","-","0","0","0"
1,"Z4QwXr",1,140,2005,24,"Belarus","BLR","BLR",155,"Portugal","POR","PRT",7,"0","0","-","0","0","0"
1,"Z4QwXr",1,141,2006,24,"Belarus","BLR","BLR",155,"Portugal","POR","PRT",8,"0","0","-","0","0","0"
1,"Z4QwXr",1,142,2007,24,"Belarus","BLR","BLR",155,"Portugal","POR","PRT",11,"0","0","-","0","0","0"
1,"Z4QwXr",1,143,2008,24,"Belarus","BLR","BLR",155,"Portugal","POR","PRT",12,"0","0","-","0","0","0"
1,"Z4QwXr",1,144,2009,24,"Belarus","BLR","BLR",155,"Portugal","POR","PRT",13,"0","0","-","0","0","0"
1,"Z4QwXr",1,145,2010,24,"Belarus","BLR","BLR",155,"Portugal","POR","PRT",13,"0","0","-","0","0","0"
1,"Z4QwXr",1,146,2011,24,"Belarus","BLR","BLR",155,"Portugal","POR","PRT",13,5,"0","-","0","0","0"
1,"Z4QwXr",1,147,2012,24,"Belarus","BLR","BLR",155,"Portugal","POR","PRT",9,6,"0","-","0","0","0"
1,"Z4QwXr",1,148,2013,24,"Belarus","BLR","BLR",155,"Portugal","POR","PRT",13,"0","0","-","0","0","0"
1,"Z4QwXr",1,149,2014,24,"Belarus","BLR","BLR",155,"Portugal","POR","PRT",19,"0","0","-","0","0","0"
1,"Z4QwXr",1,150,2015,24,"Belarus","BLR","BLR",155,"Portugal","POR","PRT",20,"0","0","-","0","0","0"
1,"Z4QwXr",1,151,2016,24,"Belarus","BLR","BLR",155,"Portugal","POR","PRT",20,"0","0","-","0","0","0"
1,"Z4QwXr",1,152,2017,24,"Belarus","BLR","BLR",155,"Portugal","POR","PRT",17,"0","0","-","0","0","0"
1,"Z4QwXr",1,153,2018,24,"Belarus","BLR","BLR",155,"Portugal","POR","PRT",16,"0","0","-","0","0","0"
1,"Z4QwXr",1,154,2019,24,"Belarus","BLR","BLR",155,"Portugal","POR","PRT",16,"0","0","-","0","0","0"
1,"Z4QwXr",1,155,2020,24,"Belarus","BLR","BLR",155,"Portugal","POR","PRT",16,"0","0","-","0","0","0"
1,"Z4QwXr",1,156,2021,24,"Belarus","BLR","BLR",155,"Portugal","POR","PRT",16,11,"0","-","0","0","0"
1,"Z4QwXr",1,157,2022,24,"Belarus","BLR","BLR",155,"Portugal","POR","PRT",499,9,"0","-","0","0","0"
1,"Z4QwXr",1,158,2023,24,"Belarus","BLR","BLR",155,"Portugal","POR","PRT",436,5,"0","-","0","0","0"
1,"Z4QwXr",1,159,2024,24,"Belarus","BLR","BLR",155,"Portugal","POR","PRT",429,5,"0","-","0","0","0"
1,"Z4QwXr",1,160,2025,24,"Belarus","BLR","BLR",155,"Portugal","POR","PRT",408,6,"0","-","0","0","0"
1,"Z4QwXr",1,161,2018,27,"Brazil","BRA","BRA",155,"Portugal","POR","PRT","0",5,"0","-","0","0","0"
1,"Z4QwXr",1,162,2019,27,"Brazil","BRA","BRA",155,"Portugal","POR","PRT","0",18,"0","-","0","0","0"
1,"Z4QwXr",1,163,2020,27,"Brazil","BRA","BRA",155,"Portugal","POR","PRT","0",13,"0","-","0","0","0"
1,"Z4QwXr",1,164,2021,27,"Brazil","BRA","BRA",155,"Portugal","POR","PRT","0",24,"0","-","0","0","0"
1,"Z4QwXr",1,165,2022,27,"Brazil","BRA","BRA",155,"Portugal","POR","PRT",23,16,"0","-","0","0","0"
1,"Z4QwXr",1,166,2023,27,"Brazil","BRA","BRA",155,"Portugal","POR","PRT",19,23,"0","-","0","0","0"
1,"Z4QwXr",1,167,2024,27,"Brazil","BRA","BRA",155,"Portugal","POR","PRT",20,31,"0","-","0","0","0"
1,"Z4QwXr",1,168,2025,27,"Brazil","BRA","BRA",155,"Portugal","POR","PRT",15,35,"0","-","0","0","0"
1,"Z4QwXr",1,169,1996,29,"Bosnia and Herzegovina","BSN","BIH",155,"Portugal","POR","PRT",5,"0","0","-","0","0","0"
1,"Z4QwXr",1,170,1997,29,"Bosnia and Herzegovina","BSN","BIH",155,"Portugal","POR","PRT",5,"0","0","-","0","0","0"
1,"Z4QwXr",1,171,1998,29,"Bosnia and Herzegovina","BSN","BIH",155,"Portugal","POR","PRT",5,"0","0","-","0","0","0"
1,"Z4QwXr",1,172,1999,29,"Bosnia and Herzegovina","BSN","BIH",155,"Portugal","POR","PRT",5,"0","0","-","0","0","0"
1,"Z4QwXr",1,173,2000,29,"Bosnia and Herzegovina","BSN","BIH",155,"Portugal","POR","PRT",5,"0","0","-","0","0","0"
1,"Z4QwXr",1,174,2001,29,"Bosnia and Herzegovina","BSN","BIH",155,"Portugal","POR","PRT",5,"0","0","-","0","0","0"
1,"Z4QwXr",1,175,2002,29,"Bosnia and Herzegovina","BSN","BIH",155,"Portugal","POR","PRT",5,"0","0","-","0","0","0"
1,"Z4QwXr",1,176,2003,29,"Bosnia and Herzegovina","BSN","BIH",155,"Portugal","POR","PRT",5,"0","0","-","0","0","0"
1,"Z4QwXr",1,177,2004,29,"Bosnia and Herzegovina","BSN","BIH",155,"Portugal","POR","PRT",5,"0","0","-","0","0","0"
1,"Z4QwXr",1,178,2010,29,"Bosnia and Herzegovina","BSN","BIH",155,"Portugal","POR","PRT","0",5,"0","-","0","0","0"
1,"Z4QwXr",1,179,2011,29,"Bosnia and Herzegovina","BSN","BIH",155,"Portugal","POR","PRT",5,"0","0","-","0","0","0"
1,"Z4QwXr",1,180,2012,29,"Bosnia and Herzegovina","BSN","BIH",155,"Portugal","POR","PRT",11,"0","0","-","0","0","0"
1,"Z4QwXr",1,181,2013,29,"Bosnia and Herzegovina","BSN","BIH",155,"Portugal","POR","PRT",11,"0","0","-","0","0","0"
1,"Z4QwXr",1,182,2014,29,"Bosnia and Herzegovina","BSN","BIH",155,"Portugal","POR","PRT",11,"0","0","-","0","0","0"
1,"Z4QwXr",1,183,2015,29,"Bosnia and Herzegovina","BSN","BIH",155,"Portugal","POR","PRT",11,"0","0","-","0","0","0"
1,"Z4QwXr",1,184,2016,29,"Bosnia and Herzegovina","BSN","BIH",155,"Portugal","POR","PRT",11,"0","0","-","0","0","0"
1,"Z4QwXr",1,185,2017,29,"Bosnia and Herzegovina","BSN","BIH",155,"Portugal","POR","PRT",11,"0","0","-","0","0","0"
1,"Z4QwXr",1,186,2018,29,"Bosnia and Herzegovina","BSN","BIH",155,"Portugal","POR","PRT",11,"0","0","-","0","0","0"
1,"Z4QwXr",1,187,2019,29,"Bosnia and Herzegovina","BSN","BIH",155,"Portugal","POR","PRT",10,"0","0","-","0","0","0"
1,"Z4QwXr",1,188,2020,29,"Bosnia and Herzegovina","BSN","BIH",155,"Portugal","POR","PRT",10,"0","0","-","0","0","0"
1,"Z4QwXr",1,189,2021,29,"Bosnia and Herzegovina","BSN","BIH",155,"Portugal","POR","PRT",6,"0","0","-","0","0","0"
1,"Z4QwXr",1,190,2022,33,"Canada","CAN","CAN",155,"Portugal","POR","PRT",19,5,"0","-","0","0","0"
1,"Z4QwXr",1,191,2023,33,"Canada","CAN","CAN",155,"Portugal","POR","PRT",28,5,"0","-","0","0","0"
1,"Z4QwXr",1,192,2024,33,"Canada","CAN","CAN",155,"Portugal","POR","PRT",25,5,"0","-","0","0","0"
1,"Z4QwXr",1,193,2025,33,"Canada","CAN","CAN",155,"Portugal","POR","PRT",20,6,"0","-","0","0","0"
1,"Z4QwXr",1,194,2011,34,"Central African Rep.","CAR","CAF",155,"Portugal","POR","PRT","0",5,"0","-","0","0","0"
1,"Z4QwXr",1,195,2015,34,"Central African Rep.","CAR","CAF",155,"Portugal","POR","PRT",5,"0","0","-","0","0","0"
1,"Z4QwXr",1,196,2016,34,"Central African Rep.","CAR","CAF",155,"Portugal","POR","PRT",5,5,"0","-","0","0","0"
1,"Z4QwXr",1,197,2017,34,"Central African Rep.","CAR","CAF",155,"Portugal","POR","PRT",8,"0","0","-","0","0","0"
1,"Z4QwXr",1,198,2018,34,"Central African Rep.","CAR","CAF",155,"Portugal","POR","PRT",8,"0","0","-","0","0","0"
1,"Z4QwXr",1,199,2019,34,"Central African Rep.","CAR","CAF",155,"Portugal","POR","PRT",8,"0","0","-","0","0","0"
1,"Z4QwXr",1,200,2020,34,"Central African Rep.","CAR","CAF",155,"Portugal","POR","PRT",8,"0","0","-","0","0","0"
1,"Z4QwXr",1,201,2021,34,"Central African Rep.","CAR","CAF",155,"Portugal","POR","PRT",8,"0","0","-","0","0","0"
1,"Z4QwXr",1,202,2022,34,"Central African Rep.","CAR","CAF",155,"Portugal","POR","PRT",8,"0","0","-","0","0","0"
1,"Z4QwXr",1,203,2023,34,"Central African Rep.","CAR","CAF",155,"Portugal","POR","PRT",6,"0","0","-","0","0","0"
1,"Z4QwXr",1,204,2024,34,"Central African Rep.","CAR","CAF",155,"Portugal","POR","PRT",6,"0","0","-","0","0","0"
1,"Z4QwXr",1,205,2025,34,"Central African Rep.","CAR","CAF",155,"Portugal","POR","PRT",6,"0","0","-","0","0","0"
1,"Z4QwXr",1,206,2015,37,"China","CHI","CHN",155,"Portugal","POR","PRT","0",74,"0","-","0","0","0"
1,"Z4QwXr",1,207,2016,37,"China","CHI","CHN",155,"Portugal","POR","PRT","0",45,"0","-","0","0","0"
1,"Z4QwXr",1,208,2019,37,"China","CHI","CHN",155,"Portugal","POR","PRT","0",7,"0","-","0","0","0"
1,"Z4QwXr",1,209,2021,37,"China","CHI","CHN",155,"Portugal","POR","PRT",6,"0","0","-","0","0","0"
1,"Z4QwXr",1,210,2022,37,"China","CHI","CHN",155,"Portugal","POR","PRT",65,5,"0","-","0","0","0"
1,"Z4QwXr",1,211,2023,37,"China","CHI","CHN",155,"Portugal","POR","PRT",56,12,"0","-","0","0","0"
1,"Z4QwXr",1,212,2024,37,"China","CHI","CHN",155,"Portugal","POR","PRT",57,68,"0","-","0","0","0"
1,"Z4QwXr",1,213,2025,37,"China","CHI","CHN",155,"Portugal","POR","PRT",52,91,"0","-","0","0","0"
1,"Z4QwXr",1,214,2010,39,"Cameroon","CMR","CMR",155,"Portugal","POR","PRT",5,"0","0","-","0","0","0"
1,"Z4QwXr",1,215,2011,39,"Cameroon","CMR","CMR",155,"Portugal","POR","PRT",5,5,"0","-","0","0","0"
1,"Z4QwXr",1,216,2012,39,"Cameroon","CMR","CMR",155,"Portugal","POR","PRT",7,"0","0","-","0","0","0"
1,"Z4QwXr",1,217,2013,39,"Cameroon","CMR","CMR",155,"Portugal","POR","PRT",8,"0","0","-","0","0","0"
1,"Z4QwXr",1,218,2014,39,"Cameroon","CMR","CMR",155,"Portugal","POR","PRT",8,6,"0","-","0","0","0"
1,"Z4QwXr",1,219,2015,39,"Cameroon","CMR","CMR",155,"Portugal","POR","PRT",11,5,"0","-","0","0","0"
1,"Z4QwXr",1,220,2016,39,"Cameroon","CMR","CMR",155,"Portugal","POR","PRT",13,5,"0","-","0","0","0"
1,"Z4QwXr",1,221,2017,39,"Cameroon","CMR","CMR",155,"Portugal","POR","PRT",13,"0","0","-","0","0","0"
1,"Z4QwXr",1,222,2018,39,"Cameroon","CMR","CMR",155,"Portugal","POR","PRT",13,"0","0","-","0","0","0"
1,"Z4QwXr",1,223,2019,39,"Cameroon","CMR","CMR",155,"Portugal","POR","PRT",15,21,"0","-","0","0","0"
1,"Z4QwXr",1,224,2020,39,"Cameroon","CMR","CMR",155,"Portugal","POR","PRT",13,30,"0","-","0","0","0"
1,"Z4QwXr",1,225,2021,39,"Cameroon","CMR","CMR",155,"Portugal","POR","PRT",15,39,"0","-","0","0","0"
1,"Z4QwXr",1,226,2022,39,"Cameroon","CMR","CMR",155,"Portugal","POR","PRT",233,15,"0","-","0","0","0"
1,"Z4QwXr",1,227,2023,39,"Cameroon","CMR","CMR",155,"Portugal","POR","PRT",174,15,"0","-","0","0","0"
1,"Z4QwXr",1,228,2024,39,"Cameroon","CMR","CMR",155,"Portugal","POR","PRT",178,32,"0","-","0","0","0"
1,"Z4QwXr",1,229,2025,39,"Cameroon","CMR","CMR",155,"Portugal","POR","PRT",172,32,"0","-","0","0","0"
1,"Z4QwXr",1,230,2012,40,"Congo","COB","COG",155,"Portugal","POR","PRT","0",5,"0","-","0","0","0"
1,"Z4QwXr",1,231,2014,40,"Congo","COB","COG",155,"Portugal","POR","PRT","0",6,"0","-","0","0","0"
1,"Z4QwXr",1,232,2015,40,"Congo","COB","COG",155,"Portugal","POR","PRT","0",11,"0","-","0","0","0"
1,"Z4QwXr",1,233,2016,40,"Congo","COB","COG",155,"Portugal","POR","PRT","0",31,"0","-","0","0","0"
1,"Z4QwXr",1,234,2017,40,"Congo","COB","COG",155,"Portugal","POR","PRT",7,"0","0","-","0","0","0"
1,"Z4QwXr",1,235,2018,40,"Congo","COB","COG",155,"Portugal","POR","PRT",7,"0","0","-","0","0","0"
1,"Z4QwXr",1,236,2019,40,"Congo","COB","COG",155,"Portugal","POR","PRT",9,5,"0","-","0","0","0"
1,"Z4QwXr",1,237,2020,40,"Congo","COB","COG",155,"Portugal","POR","PRT",10,8,"0","-","0","0","0"
1,"Z4QwXr",1,238,2021,40,"Congo","COB","COG",155,"Portugal","POR","PRT",13,8,"0","-","0","0","0"
1,"Z4QwXr",1,239,2022,40,"Congo","COB","COG",155,"Portugal","POR","PRT",50,5,"0","-","0","0","0"
1,"Z4QwXr",1,240,2023,40,"Congo","COB","COG",155,"Portugal","POR","PRT",39,6,"0","-","0","0","0"
1,"Z4QwXr",1,241,2024,40,"Congo","COB","COG",155,"Portugal","POR","PRT",45,16,"0","-","0","0","0"
1,"Z4QwXr",1,242,2025,40,"Congo","COB","COG",155,"Portugal","POR","PRT",40,19,"0","-","0","0","0"
1,"Z4QwXr",1,243,1996,41,"Dem. Rep. of the Congo","COD","COD",155,"Portugal","POR","PRT",8,"0","0","-","0","0","0"
1,"Z4QwXr",1,244,1997,41,"Dem. Rep. of the Congo","COD","COD",155,"Portugal","POR","PRT",9,"0","0","-","0","0","0"
1,"Z4QwXr",1,245,1998,41,"Dem. Rep. of the Congo","COD","COD",155,"Portugal","POR","PRT",9,"0","0","-","0","0","0"
1,"Z4QwXr",1,246,1999,41,"Dem. Rep. of the Congo","COD","COD",155,"Portugal","POR","PRT",12,"0","0","-","0","0","0"
1,"Z4QwXr",1,247,2000,41,"Dem. Rep. of the Congo","COD","COD",155,"Portugal","POR","PRT",13,"0","0","-","0","0","0"
1,"Z4QwXr",1,248,2001,41,"Dem. Rep. of the Congo","COD","COD",155,"Portugal","POR","PRT",15,"0","0","-","0","0","0"
1,"Z4QwXr",1,249,2002,41,"Dem. Rep. of the Congo","COD","COD",155,"Portugal","POR","PRT",17,"0","0","-","0","0","0"
1,"Z4QwXr",1,250,2003,41,"Dem. Rep. of the Congo","COD","COD",155,"Portugal","POR","PRT",14,"0","0","-","0","0","0"
1,"Z4QwXr",1,251,2004,41,"Dem. Rep. of the Congo","COD","COD",155,"Portugal","POR","PRT",15,"0","0","-","0","0","0"
1,"Z4QwXr",1,252,2005,41,"Dem. Rep. of the Congo","COD","COD",155,"Portugal","POR","PRT",15,"0","0","-","0","0","0"
1,"Z4QwXr",1,253,2006,41,"Dem. Rep. of the Congo","COD","COD",155,"Portugal","POR","PRT",17,"0","0","-","0","0","0"
1,"Z4QwXr",1,254,2007,41,"Dem. Rep. of the Congo","COD","COD",155,"Portugal","POR","PRT",18,"0","0","-","0","0","0"
1,"Z4QwXr",1,255,2008,41,"Dem. Rep. of the Congo","COD","COD",155,"Portugal","POR","PRT",26,"0","0","-","0","0","0"
1,"Z4QwXr",1,256,2009,41,"Dem. Rep. of the Congo","COD","COD",155,"Portugal","POR","PRT",31,"0","0","-","0","0","0"
1,"Z4QwXr",1,257,2010,41,"Dem. Rep. of the Congo","COD","COD",155,"Portugal","POR","PRT",33,6,"0","-","0","0","0"
1,"Z4QwXr",1,258,2011,41,"Dem. Rep. of the Congo","COD","COD",155,"Portugal","POR","PRT",42,5,"0","-","0","0","0"
1,"Z4QwXr",1,259,2012,41,"Dem. Rep. of the Congo","COD","COD",155,"Portugal","POR","PRT",43,20,"0","-","0","0","0"
1,"Z4QwXr",1,260,2013,41,"Dem. Rep. of the Congo","COD","COD",155,"Portugal","POR","PRT",53,16,"0","-","0","0","0"
1,"Z4QwXr",1,261,2014,41,"Dem. Rep. of the Congo","COD","COD",155,"Portugal","POR","PRT",57,12,"0","-","0","0","0"
1,"Z4QwXr",1,262,2015,41,"Dem. Rep. of the Congo","COD","COD",155,"Portugal","POR","PRT",60,22,"0","-","0","0","0"
1,"Z4QwXr",1,263,2016,41,"Dem. Rep. of the Congo","COD","COD",155,"Portugal","POR","PRT",55,27,"0","-","0","0","0"
1,"Z4QwXr",1,264,2017,41,"Dem. Rep. of the Congo","COD","COD",155,"Portugal","POR","PRT",63,5,"0","-","0","0","0"
1,"Z4QwXr",1,265,2018,41,"Dem. Rep. of the Congo","COD","COD",155,"Portugal","POR","PRT",60,5,"0","-","0","0","0"
1,"Z4QwXr",1,266,2019,41,"Dem. Rep. of the Congo","COD","COD",155,"Portugal","POR","PRT",55,36,"0","-","0","0","0"
1,"Z4QwXr",1,267,2020,41,"Dem. Rep. of the Congo","COD","COD",155,"Portugal","POR","PRT",52,44,"0","-","0","0","0"
1,"Z4QwXr",1,268,2021,41,"Dem. Rep. of the Congo","COD","COD",155,"Portugal","POR","PRT",43,51,"0","-","0","0","0"
1,"Z4QwXr",1,269,2022,41,"Dem. Rep. of the Congo","COD","COD",155,"Portugal","POR","PRT",157,20,"0","-","0","0","0"
1,"Z4QwXr",1,270,2023,41,"Dem. Rep. of the Congo","COD","COD",155,"Portugal","POR","PRT",122,25,"0","-","0","0","0"
1,"Z4QwXr",1,271,2024,41,"Dem. Rep. of the Congo","COD","COD",155,"Portugal","POR","PRT",131,58,"0","-","0","0","0"
1,"Z4QwXr",1,272,2025,41,"Dem. Rep. of the Congo","COD","COD",155,"Portugal","POR","PRT",105,63,"0","-","0","0","0"
1,"Z4QwXr",1,273,2006,42,"Comoros","COI","COM",155,"Portugal","POR","PRT",18,"0","0","-","0","0","0"
1,"Z4QwXr",1,274,2007,42,"Comoros","COI","COM",155,"Portugal","POR","PRT",18,"0","0","-","0","0","0"
1,"Z4QwXr",1,275,2008,42,"Comoros","COI","COM",155,"Portugal","POR","PRT",18,"0","0","-","0","0","0"
1,"Z4QwXr",1,276,2009,42,"Comoros","COI","COM",155,"Portugal","POR","PRT",18,"0","0","-","0","0","0"
1,"Z4QwXr",1,277,2010,42,"Comoros","COI","COM",155,"Portugal","POR","PRT",18,"0","0","-","0","0","0"
1,"Z4QwXr",1,278,2011,42,"Comoros","COI","COM",155,"Portugal","POR","PRT",18,"0","0","-","0","0","0"
1,"Z4QwXr",1,279,2012,42,"Comoros","COI","COM",155,"Portugal","POR","PRT",18,"0","0","-","0","0","0"
1,"Z4QwXr",1,280,2013,42,"Comoros","COI","COM",155,"Portugal","POR","PRT",18,"0","0","-","0","0","0"
1,"Z4QwXr",1,281,2014,42,"Comoros","COI","COM",155,"Portugal","POR","PRT",18,"0","0","-","0","0","0"
1,"Z4QwXr",1,282,2020,42,"Comoros","COI","COM",155,"Portugal","POR","PRT","0",5,"0","-","0","0","0"
1,"Z4QwXr",1,283,2021,42,"Comoros","COI","COM",155,"Portugal","POR","PRT","0",5,"0","-","0","0","0"
1,"Z4QwXr",1,284,2022,42,"Comoros","COI","COM",155,"Portugal","POR","PRT",5,"0","0","-","0","0","0"
1,"Z4QwXr",1,285,2024,42,"Comoros","COI","COM",155,"Portugal","POR","PRT","0",5,"0","-","0","0","0"
1,"Z4QwXr",1,286,2025,42,"Comoros","COI","COM",155,"Portugal","POR","PRT","0",5,"0","-","0","0","0"
1,"Z4QwXr",1,287,2001,44,"Colombia","COL","COL",155,"Portugal","POR","PRT",5,"0","0","-","0","0","0"
1,"Z4QwXr",1,288,2002,44,"Colombia","COL","COL",155,"Portugal","POR","PRT",6,"0","0","-","0","0","0"
1,"Z4QwXr",1,289,2003,44,"Colombia","COL","COL",155,"Portugal","POR","PRT",10,"0","0","-","0","0","0"
1,"Z4QwXr",1,290,2004,44,"Colombia","COL","COL",155,"Portugal","POR","PRT",11,"0","0","-","0","0","0"
1,"Z4QwXr",1,291,2005,44,"Colombia","COL","COL",155,"Portugal","POR","PRT",18,"0","0","-","0","0","0"
1,"Z4QwXr",1,292,2007,44,"Colombia","COL","COL",155,"Portugal","POR","PRT",19,"0","0","-","0","0","0"
1,"Z4QwXr",1,293,2008,44,"Colombia","COL","COL",155,"Portugal","POR","PRT",37,"0","0","-","0","0","0"
1,"Z4QwXr",1,294,2009,44,"Colombia","COL","COL",155,"Portugal","POR","PRT",51,"0","0","-","0","0","0"
1,"Z4QwXr",1,295,2010,44,"Colombia","COL","COL",155,"Portugal","POR","PRT",63,5,"0","-","0","0","0"
1,"Z4QwXr",1,296,2011,44,"Colombia","COL","COL",155,"Portugal","POR","PRT",71,7,"0","-","0","0","0"
1,"Z4QwXr",1,297,2012,44,"Colombia","COL","COL",155,"Portugal","POR","PRT",76,5,"0","-","0","0","0"
1,"Z4QwXr",1,298,2013,44,"Colombia","COL","COL",155,"Portugal","POR","PRT",77,5,"0","-","0","0","0"
1,"Z4QwXr",1,299,2014,44,"Colombia","COL","COL",155,"Portugal","POR","PRT",77,6,"0","-","0","0","0"
1,"Z4QwXr",1,300,2015,44,"Colombia","COL","COL",155,"Portugal","POR","PRT",88,6,"0","-","0","0","0"
1,"Z4QwXr",1,301,2016,44,"Colombia","COL","COL",155,"Portugal","POR","PRT",90,8,"0","-","0","0","0"
1,"Z4QwXr",1,302,2017,44,"Colombia","COL","COL",155,"Portugal","POR","PRT",71,"0","0","-","0","0","0"
1,"Z4QwXr",1,303,2018,44,"Colombia","COL","COL",155,"Portugal","POR","PRT",58,"0","0","-","0","0","0"
1,"Z4QwXr",1,304,2019,44,"Colombia","COL","COL",155,"Portugal","POR","PRT",45,17,"0","-","0","0","0"
1,"Z4QwXr",1,305,2020,44,"Colombia","COL","COL",155,"Portugal","POR","PRT",33,14,"0","-","0","0","0"
1,"Z4QwXr",1,306,2021,44,"Colombia","COL","COL",155,"Portugal","POR","PRT",24,21,"0","-","0","0","0"
1,"Z4QwXr",1,307,2022,44,"Colombia","COL","COL",155,"Portugal","POR","PRT",21,69,"0","-","0","0","0"
1,"Z4QwXr",1,308,2023,44,"Colombia","COL","COL",155,"Portugal","POR","PRT",17,210,"0","-","0","0","0"
1,"Z4QwXr",1,309,2024,44,"Colombia","COL","COL",155,"Portugal","POR","PRT",13,335,"0","-","0","0","0"
1,"Z4QwXr",1,310,2025,44,"Colombia","COL","COL",155,"Portugal","POR","PRT",13,390,"0","-","0","0","0"
1,"Z4QwXr",1,311,2023,45,"Costa Rica","COS","CRI",155,"Portugal","POR","PRT",5,"0","0","-","0","0","0"
1,"Z4QwXr",1,312,2001,46,"Cuba","CUB","CUB",155,"Portugal","POR","PRT",8,"0","0","-","0","0","0"
1,"Z4QwXr",1,313,2002,46,"Cuba","CUB","CUB",155,"Portugal","POR","PRT",12,"0","0","-","0","0","0"
1,"Z4QwXr",1,314,2003,46,"Cuba","CUB","CUB",155,"Portugal","POR","PRT",12,"0","0","-","0","0","0"
1,"Z4QwXr",1,315,2004,46,"Cuba","CUB","CUB",155,"Portugal","POR","PRT",13,"0","0","-","0","0","0"
1,"Z4QwXr",1,316,2005,46,"Cuba","CUB","CUB",155,"Portugal","POR","PRT",14,"0","0","-","0","0","0"
1,"Z4QwXr",1,317,2006,46,"Cuba","CUB","CUB",155,"Portugal","POR","PRT",16,"0","0","-","0","0","0"
1,"Z4QwXr",1,318,2007,46,"Cuba","CUB","CUB",155,"Portugal","POR","PRT",17,"0","0","-","0","0","0"
1,"Z4QwXr",1,319,2008,46,"Cuba","CUB","CUB",155,"Portugal","POR","PRT",18,"0","0","-","0","0","0"
1,"Z4QwXr",1,320,2009,46,"Cuba","CUB","CUB",155,"Portugal","POR","PRT",17,"0","0","-","0","0","0"
1,"Z4QwXr",1,321,2010,46,"Cuba","CUB","CUB",155,"Portugal","POR","PRT",19,"0","0","-","0","0","0"
1,"Z4QwXr",1,322,2011,46,"Cuba","CUB","CUB",155,"Portugal","POR","PRT",12,"0","0","-","0","0","0"
1,"Z4QwXr",1,323,2012,46,"Cuba","CUB","CUB",155,"Portugal","POR","PRT",8,"0","0","-","0","0","0"
1,"Z4QwXr",1,324,2013,46,"Cuba","CUB","CUB",155,"Portugal","POR","PRT",10,5,"0","-","0","0","0"
1,"Z4QwXr",1,325,2014,46,"Cuba","CUB","CUB",155,"Portugal","POR","PRT",9,"0","0","-","0","0","0"
1,"Z4QwXr",1,326,2015,46,"Cuba","CUB","CUB",155,"Portugal","POR","PRT",8,5,"0","-","0","0","0"
1,"Z4QwXr",1,327,2016,46,"Cuba","CUB","CUB",155,"Portugal","POR","PRT",7,5,"0","-","0","0","0"
1,"Z4QwXr",1,328,2017,46,"Cuba","CUB","CUB",155,"Portugal","POR","PRT",6,"0","0","-","0","0","0"
1,"Z4QwXr",1,329,2018,46,"Cuba","CUB","CUB",155,"Portugal","POR","PRT",5,"0","0","-","0","0","0"
1,"Z4QwXr",1,330,2019,46,"Cuba","CUB","CUB",155,"Portugal","POR","PRT",5,12,"0","-","0","0","0"
1,"Z4QwXr",1,331,2020,46,"Cuba","CUB","CUB",155,"Portugal","POR","PRT",5,7,"0","-","0","0","0"
1,"Z4QwXr",1,332,2021,46,"Cuba","CUB","CUB",155,"Portugal","POR","PRT",5,10,"0","-","0","0","0"
1,"Z4QwXr",1,333,2022,46,"Cuba","CUB","CUB",155,"Portugal","POR","PRT",5,"0","0","-","0","0","0"
1,"Z4QwXr",1,334,2024,46,"Cuba","CUB","CUB",155,"Portugal","POR","PRT","0",6,"0","-","0","0","0"
1,"Z4QwXr",1,335,2025,46,"Cuba","CUB","CUB",155,"Portugal","POR","PRT","0",6,"0","-","0","0","0"
1,"Z4QwXr",1,336,2024,47,"Cabo Verde","CVI","CPV",155,"Portugal","POR","PRT","0",5,"0","-","0","0","0"
1,"Z4QwXr",1,337,2025,47,"Cabo Verde","CVI","CPV",155,"Portugal","POR","PRT","0",5,"0","-","0","0","0"
1,"Z4QwXr",1,338,2022,53,"Dominican Rep.","DOM","DOM",155,"Portugal","POR","PRT","0",13,"0","-","0","0","0"
1,"Z4QwXr",1,339,2023,53,"Dominican Rep.","DOM","DOM",155,"Portugal","POR","PRT","0",5,"0","-","0","0","0"
1,"Z4QwXr",1,340,2024,53,"Dominican Rep.","DOM","DOM",155,"Portugal","POR","PRT","0",5,"0","-","0","0","0"
1,"Z4QwXr",1,341,2025,53,"Dominican Rep.","DOM","DOM",155,"Portugal","POR","PRT","0",5,"0","-","0","0","0"
1,"Z4QwXr",1,342,2022,54,"Ecuador","ECU","ECU",155,"Portugal","POR","PRT",33,"0","0","-","0","0","0"
1,"Z4QwXr",1,343,2023,54,"Ecuador","ECU","ECU",155,"Portugal","POR","PRT",22,"0","0","-","0","0","0"
1,"Z4QwXr",1,344,2024,54,"Ecuador","ECU","ECU",155,"Portugal","POR","PRT",25,"0","0","-","0","0","0"
1,"Z4QwXr",1,345,2025,54,"Ecuador","ECU","ECU",155,"Portugal","POR","PRT",20,"0","0","-","0","0","0"
1,"Z4QwXr",1,346,2006,56,"Eritrea","ERT","ERI",155,"Portugal","POR","PRT",5,"0","0","-","0","0","0"
1,"Z4QwXr",1,347,2007,56,"Eritrea","ERT","ERI",155,"Portugal","POR","PRT",5,"0","0","-","0","0","0"
1,"Z4QwXr",1,348,2008,56,"Eritrea","ERT","ERI",155,"Portugal","POR","PRT",11,"0","0","-","0","0","0"
1,"Z4QwXr",1,349,2009,56,"Eritrea","ERT","ERI",155,"Portugal","POR","PRT",17,"0","0","-","0","0","0"
1,"Z4QwXr",1,350,2010,56,"Eritrea","ERT","ERI",155,"Portugal","POR","PRT",21,"0","0","-","0","0","0"
1,"Z4QwXr",1,351,2011,56,"Eritrea","ERT","ERI",155,"Portugal","POR","PRT",22,"0","0","-","0","0","0"
1,"Z4QwXr",1,352,2012,56,"Eritrea","ERT","ERI",155,"Portugal","POR","PRT",22,"0","0","-","0","0","0"
1,"Z4QwXr",1,353,2013,56,"Eritrea","ERT","ERI",155,"Portugal","POR","PRT",22,7,"0","-","0","0","0"
1,"Z4QwXr",1,354,2014,56,"Eritrea","ERT","ERI",155,"Portugal","POR","PRT",29,5,"0","-","0","0","0"
1,"Z4QwXr",1,355,2015,56,"Eritrea","ERT","ERI",155,"Portugal","POR","PRT",29,9,"0","-","0","0","0"
1,"Z4QwXr",1,356,2016,56,"Eritrea","ERT","ERI",155,"Portugal","POR","PRT",55,104,"0","-","0","0","0"
1,"Z4QwXr",1,357,2017,56,"Eritrea","ERT","ERI",155,"Portugal","POR","PRT",140,"0","0","-","0","0","0"
1,"Z4QwXr",1,358,2018,56,"Eritrea","ERT","ERI",155,"Portugal","POR","PRT",188,"0","0","-","0","0","0"
1,"Z4QwXr",1,359,2019,56,"Eritrea","ERT","ERI",155,"Portugal","POR","PRT",195,12,"0","-","0","0","0"
1,"Z4QwXr",1,360,2020,56,"Eritrea","ERT","ERI",155,"Portugal","POR","PRT",191,"0","0","-","0","0","0"
1,"Z4QwXr",1,361,2021,56,"Eritrea","ERT","ERI",155,"Portugal","POR","PRT",201,"0","0","-","0","0","0"
1,"Z4QwXr",1,362,2022,56,"Eritrea","ERT","ERI",155,"Portugal","POR","PRT",204,"0","0","-","0","0","0"
1,"Z4QwXr",1,363,2023,56,"Eritrea","ERT","ERI",155,"Portugal","POR","PRT",205,5,"0","-","0","0","0"
1,"Z4QwXr",1,364,2024,56,"Eritrea","ERT","ERI",155,"Portugal","POR","PRT",198,"0","0","-","0","0","0"
1,"Z4QwXr",1,365,2025,56,"Eritrea","ERT","ERI",155,"Portugal","POR","PRT",212,"0","0","-","0","0","0"
1,"Z4QwXr",1,366,2007,58,"Ethiopia","ETH","ETH",155,"Portugal","POR","PRT",5,"0","0","-","0","0","0"
1,"Z4QwXr",1,367,2008,58,"Ethiopia","ETH","ETH",155,"Portugal","POR","PRT",5,"0","0","-","0","0","0"
1,"Z4QwXr",1,368,2009,58,"Ethiopia","ETH","ETH",155,"Portugal","POR","PRT",5,"0","0","-","0","0","0"
1,"Z4QwXr",1,369,2010,58,"Ethiopia","ETH","ETH",155,"Portugal","POR","PRT",5,"0","0","-","0","0","0"
1,"Z4QwXr",1,370,2011,58,"Ethiopia","ETH","ETH",155,"Portugal","POR","PRT",5,5,"0","-","0","0","0"
1,"Z4QwXr",1,371,2012,58,"Ethiopia","ETH","ETH",155,"Portugal","POR","PRT",5,5,"0","-","0","0","0"
1,"Z4QwXr",1,372,2013,58,"Ethiopia","ETH","ETH",155,"Portugal","POR","PRT",5,5,"0","-","0","0","0"
1,"Z4QwXr",1,373,2014,58,"Ethiopia","ETH","ETH",155,"Portugal","POR","PRT",5,6,"0","-","0","0","0"
1,"Z4QwXr",1,374,2015,58,"Ethiopia","ETH","ETH",155,"Portugal","POR","PRT",5,7,"0","-","0","0","0"
1,"Z4QwXr",1,375,2016,58,"Ethiopia","ETH","ETH",155,"Portugal","POR","PRT","0",9,"0","-","0","0","0"
1,"Z4QwXr",1,376,2018,58,"Ethiopia","ETH","ETH",155,"Portugal","POR","PRT",6,"0","0","-","0","0","0"
1,"Z4QwXr",1,377,2019,58,"Ethiopia","ETH","ETH",155,"Portugal","POR","PRT",6,"0","0","-","0","0","0"
1,"Z4QwXr",1,378,2020,58,"Ethiopia","ETH","ETH",155,"Portugal","POR","PRT",9,"0","0","-","0","0","0"
1,"Z4QwXr",1,379,2021,58,"Ethiopia","ETH","ETH",155,"Portugal","POR","PRT",11,"0","0","-","0","0","0"
1,"Z4QwXr",1,380,2022,58,"Ethiopia","ETH","ETH",155,"Portugal","POR","PRT",18,5,"0","-","0","0","0"
1,"Z4QwXr",1,381,2023,58,"Ethiopia","ETH","ETH",155,"Portugal","POR","PRT",17,"0","0","-","0","0","0"
1,"Z4QwXr",1,382,2024,58,"Ethiopia","ETH","ETH",155,"Portugal","POR","PRT",18,6,"0","-","0","0","0"
1,"Z4QwXr",1,383,2025,58,"Ethiopia","ETH","ETH",155,"Portugal","POR","PRT",23,"0","0","-","0","0","0"
1,"Z4QwXr",1,384,2022,67,"Gabon","GAB","GAB",155,"Portugal","POR","PRT",5,"0","0","-","0","0","0"
1,"Z4QwXr",1,385,2023,67,"Gabon","GAB","GAB",155,"Portugal","POR","PRT",5,"0","0","-","0","0","0"
1,"Z4QwXr",1,386,2024,67,"Gabon","GAB","GAB",155,"Portugal","POR","PRT",5,"0","0","-","0","0","0"
1,"Z4QwXr",1,387,2025,67,"Gabon","GAB","GAB",155,"Portugal","POR","PRT",5,"0","0","-","0","0","0"
1,"Z4QwXr",1,388,2013,68,"Gambia","GAM","GMB",155,"Portugal","POR","PRT",5,"0","0","-","0","0","0"
1,"Z4QwXr",1,389,2014,68,"Gambia","GAM","GMB",155,"Portugal","POR","PRT",5,"0","0","-","0","0","0"
1,"Z4QwXr",1,390,2015,68,"Gambia","GAM","GMB",155,"Portugal","POR","PRT",5,5,"0","-","0","0","0"
1,"Z4QwXr",1,391,2016,68,"Gambia","GAM","GMB",155,"Portugal","POR","PRT",5,7,"0","-","0","0","0"
1,"Z4QwXr",1,392,2017,68,"Gambia","GAM","GMB",155,"Portugal","POR","PRT",5,"0","0","-","0","0","0"
1,"Z4QwXr",1,393,2018,68,"Gambia","GAM","GMB",155,"Portugal","POR","PRT",5,5,"0","-","0","0","0"
1,"Z4QwXr",1,394,2019,68,"Gambia","GAM","GMB",155,"Portugal","POR","PRT",5,75,"0","-","0","0","0"
1,"Z4QwXr",1,395,2020,68,"Gambia","GAM","GMB",155,"Portugal","POR","PRT",5,75,"0","-","0","0","0"
1,"Z4QwXr",1,396,2021,68,"Gambia","GAM","GMB",155,"Portugal","POR","PRT",8,118,"0","-","0","0","0"
1,"Z4QwXr",1,397,2022,68,"Gambia","GAM","GMB",155,"Portugal","POR","PRT",25,51,"0","-","0","0","0"
1,"Z4QwXr",1,398,2023,68,"Gambia","GAM","GMB",155,"Portugal","POR","PRT",17,103,"0","-","0","0","0"
1,"Z4QwXr",1,399,2024,68,"Gambia","GAM","GMB",155,"Portugal","POR","PRT",19,262,"0","-","0","0","0"
1,"Z4QwXr",1,400,2025,68,"Gambia","GAM","GMB",155,"Portugal","POR","PRT",14,299,"0","-","0","0","0"
1,"Z4QwXr",1,401,2012,69,"Palestinian","GAZ","PSE",155,"Portugal","POR","PRT",5,"0","0","-","0","0","0"
1,"Z4QwXr",1,402,2013,69,"Palestinian","GAZ","PSE",155,"Portugal","POR","PRT",5,5,"0","-","0","0","0"
1,"Z4QwXr",1,403,2014,69,"Palestinian","GAZ","PSE",155,"Portugal","POR","PRT",5,"0","0","-","0","0","0"
1,"Z4QwXr",1,404,2015,69,"Palestinian","GAZ","PSE",155,"Portugal","POR","PRT",5,"0","0","-","0","0","0"
1,"Z4QwXr",1,405,2016,69,"Palestinian","GAZ","PSE",155,"Portugal","POR","PRT",5,5,"0","-","0","0","0"
1,"Z4QwXr",1,406,2017,69,"Palestinian","GAZ","PSE",155,"Portugal","POR","PRT",5,"0","0","-","0","0","0"
1,"Z4QwXr",1,407,2018,69,"Palestinian","GAZ","PSE",155,"Portugal","POR","PRT",5,5,"0","-","0","0","0"
1,"Z4QwXr",1,408,2019,69,"Palestinian","GAZ","PSE",155,"Portugal","POR","PRT",5,"0","0","-","0","0","0"
1,"Z4QwXr",1,409,2020,69,"Palestinian","GAZ","PSE",155,"Portugal","POR","PRT",5,5,"0","-","0","0","0"
1,"Z4QwXr",1,410,2021,69,"Palestinian","GAZ","PSE",155,"Portugal","POR","PRT",5,5,"0","-","0","0","0"
1,"Z4QwXr",1,411,2022,69,"Palestinian","GAZ","PSE",155,"Portugal","POR","PRT",9,6,"0","-","0","0","0"
1,"Z4QwXr",1,412,2023,69,"Palestinian","GAZ","PSE",155,"Portugal","POR","PRT",12,"0","0","-","0","0","0"
1,"Z4QwXr",1,413,2024,69,"Palestinian","GAZ","PSE",155,"Portugal","POR","PRT",20,5,"0","-","0","0","0"
1,"Z4QwXr",1,414,2025,69,"Palestinian","GAZ","PSE",155,"Portugal","POR","PRT",10,7,"0","-","0","0","0"
1,"Z4QwXr",1,415,2022,70,"United Kingdom of Great Britain and Northern Ireland","GBR","GBR",155,"Portugal","POR","PRT",9,"0","0","-","0","0","0"
1,"Z4QwXr",1,416,2023,70,"United Kingdom of Great Britain and Northern Ireland","GBR","GBR",155,"Portugal","POR","PRT",9,"0","0","-","0","0","0"
1,"Z4QwXr",1,417,2025,70,"United Kingdom of Great Britain and Northern Ireland","GBR","GBR",155,"Portugal","POR","PRT",10,"0","0","-","0","0","0"
1,"Z4QwXr",1,418,2011,71,"Georgia","GEO","GEO",155,"Portugal","POR","PRT",5,5,"0","-","0","0","0"
1,"Z4QwXr",1,419,2012,71,"Georgia","GEO","GEO",155,"Portugal","POR","PRT",5,"0","0","-","0","0","0"
1,"Z4QwXr",1,420,2013,71,"Georgia","GEO","GEO",155,"Portugal","POR","PRT",5,"0","0","-","0","0","0"
1,"Z4QwXr",1,421,2014,71,"Georgia","GEO","GEO",155,"Portugal","POR","PRT",5,"0","0","-","0","0","0"
1,"Z4QwXr",1,422,2015,71,"Georgia","GEO","GEO",155,"Portugal","POR","PRT",5,"0","0","-","0","0","0"
1,"Z4QwXr",1,423,2016,71,"Georgia","GEO","GEO",155,"Portugal","POR","PRT",5,"0","0","-","0","0","0"
1,"Z4QwXr",1,424,2017,71,"Georgia","GEO","GEO",155,"Portugal","POR","PRT",5,"0","0","-","0","0","0"
1,"Z4QwXr",1,425,2018,71,"Georgia","GEO","GEO",155,"Portugal","POR","PRT",5,"0","0","-","0","0","0"
1,"Z4QwXr",1,426,2019,71,"Georgia","GEO","GEO",155,"Portugal","POR","PRT","0",5,"0","-","0","0","0"
1,"Z4QwXr",1,427,2020,71,"Georgia","GEO","GEO",155,"Portugal","POR","PRT","0",5,"0","-","0","0","0"
1,"Z4QwXr",1,428,2021,71,"Georgia","GEO","GEO",155,"Portugal","POR","PRT","0",7,"0","-","0","0","0"
1,"Z4QwXr",1,429,2022,71,"Georgia","GEO","GEO",155,"Portugal","POR","PRT",26,5,"0","-","0","0","0"
1,"Z4QwXr",1,430,2023,71,"Georgia","GEO","GEO",155,"Portugal","POR","PRT",27,11,"0","-","0","0","0"
1,"Z4QwXr",1,431,2024,71,"Georgia","GEO","GEO",155,"Portugal","POR","PRT",31,13,"0","-","0","0","0"
1,"Z4QwXr",1,432,2025,71,"Georgia","GEO","GEO",155,"Portugal","POR","PRT",31,19,"0","-","0","0","0"
1,"Z4QwXr",1,433,1996,73,"Ghana","GHA","GHA",155,"Portugal","POR","PRT",5,"0","0","-","0","0","0"
1,"Z4QwXr",1,434,1997,73,"Ghana","GHA","GHA",155,"Portugal","POR","PRT",5,"0","0","-","0","0","0"
1,"Z4QwXr",1,435,1998,73,"Ghana","GHA","GHA",155,"Portugal","POR","PRT",5,"0","0","-","0","0","0"
1,"Z4QwXr",1,436,1999,73,"Ghana","GHA","GHA",155,"Portugal","POR","PRT",5,"0","0","-","0","0","0"
1,"Z4QwXr",1,437,2016,73,"Ghana","GHA","GHA",155,"Portugal","POR","PRT",5,"0","0","-","0","0","0"
1,"Z4QwXr",1,438,2017,73,"Ghana","GHA","GHA",155,"Portugal","POR","PRT",5,"0","0","-","0","0","0"
1,"Z4QwXr",1,439,2019,73,"Ghana","GHA","GHA",155,"Portugal","POR","PRT","0",16,"0","-","0","0","0"
1,"Z4QwXr",1,440,2020,73,"Ghana","GHA","GHA",155,"Portugal","POR","PRT","0",23,"0","-","0","0","0"
1,"Z4QwXr",1,441,2021,73,"Ghana","GHA","GHA",155,"Portugal","POR","PRT","0",33,"0","-","0","0","0"
1,"Z4QwXr",1,442,2022,73,"Ghana","GHA","GHA",155,"Portugal","POR","PRT",565,10,"0","-","0","0","0"
1,"Z4QwXr",1,443,2023,73,"Ghana","GHA","GHA",155,"Portugal","POR","PRT",451,5,"0","-","0","0","0"
1,"Z4QwXr",1,444,2024,73,"Ghana","GHA","GHA",155,"Portugal","POR","PRT",478,14,"0","-","0","0","0"
1,"Z4QwXr",1,445,2025,73,"Ghana","GHA","GHA",155,"Portugal","POR","PRT",438,17,"0","-","0","0","0"
1,"Z4QwXr",1,446,1999,75,"Guinea-Bissau","GNB","GNB",155,"Portugal","POR","PRT",7,"0","0","-","0","0","0"
1,"Z4QwXr",1,447,2000,75,"Guinea-Bissau","GNB","GNB",155,"Portugal","POR","PRT",14,"0","0","-","0","0","0"
1,"Z4QwXr",1,448,2001,75,"Guinea-Bissau","GNB","GNB",155,"Portugal","POR","PRT",15,"0","0","-","0","0","0"
1,"Z4QwXr",1,449,2002,75,"Guinea-Bissau","GNB","GNB",155,"Portugal","POR","PRT",15,"0","0","-","0","0","0"
1,"Z4QwXr",1,450,2003,75,"Guinea-Bissau","GNB","GNB",155,"Portugal","POR","PRT",14,"0","0","-","0","0","0"
1,"Z4QwXr",1,451,2004,75,"Guinea-Bissau","GNB","GNB",155,"Portugal","POR","PRT",14,"0","0","-","0","0","0"
1,"Z4QwXr",1,452,2005,75,"Guinea-Bissau","GNB","GNB",155,"Portugal","POR","PRT",14,"0","0","-","0","0","0"
1,"Z4QwXr",1,453,2006,75,"Guinea-Bissau","GNB","GNB",155,"Portugal","POR","PRT",15,"0","0","-","0","0","0"
1,"Z4QwXr",1,454,2007,75,"Guinea-Bissau","GNB","GNB",155,"Portugal","POR","PRT",15,"0","0","-","0","0","0"
1,"Z4QwXr",1,455,2008,75,"Guinea-Bissau","GNB","GNB",155,"Portugal","POR","PRT",19,"0","0","-","0","0","0"
1,"Z4QwXr",1,456,2009,75,"Guinea-Bissau","GNB","GNB",155,"Portugal","POR","PRT",13,"0","0","-","0","0","0"
1,"Z4QwXr",1,457,2010,75,"Guinea-Bissau","GNB","GNB",155,"Portugal","POR","PRT",6,7,"0","-","0","0","0"
1,"Z4QwXr",1,458,2011,75,"Guinea-Bissau","GNB","GNB",155,"Portugal","POR","PRT",8,7,"0","-","0","0","0"
1,"Z4QwXr",1,459,2012,75,"Guinea-Bissau","GNB","GNB",155,"Portugal","POR","PRT",9,14,"0","-","0","0","0"
1,"Z4QwXr",1,460,2013,75,"Guinea-Bissau","GNB","GNB",155,"Portugal","POR","PRT",12,16,"0","-","0","0","0"
1,"Z4QwXr",1,461,2014,75,"Guinea-Bissau","GNB","GNB",155,"Portugal","POR","PRT",13,7,"0","-","0","0","0"
1,"Z4QwXr",1,462,2015,75,"Guinea-Bissau","GNB","GNB",155,"Portugal","POR","PRT",13,"0","0","-","0","0","0"
1,"Z4QwXr",1,463,2016,75,"Guinea-Bissau","GNB","GNB",155,"Portugal","POR","PRT",13,"0","0","-","0","0","0"
1,"Z4QwXr",1,464,2017,75,"Guinea-Bissau","GNB","GNB",155,"Portugal","POR","PRT",13,"0","0","-","0","0","0"
1,"Z4QwXr",1,465,2018,75,"Guinea-Bissau","GNB","GNB",155,"Portugal","POR","PRT",9,5,"0","-","0","0","0"
1,"Z4QwXr",1,466,2019,75,"Guinea-Bissau","GNB","GNB",155,"Portugal","POR","PRT",9,79,"0","-","0","0","0"
1,"Z4QwXr",1,467,2020,75,"Guinea-Bissau","GNB","GNB",155,"Portugal","POR","PRT",9,93,"0","-","0","0","0"
1,"Z4QwXr",1,468,2021,75,"Guinea-Bissau","GNB","GNB",155,"Portugal","POR","PRT",6,112,"0","-","0","0","0"
1,"Z4QwXr",1,469,2022,75,"Guinea-Bissau","GNB","GNB",155,"Portugal","POR","PRT",9,20,"0","-","0","0","0"
1,"Z4QwXr",1,470,2023,75,"Guinea-Bissau","GNB","GNB",155,"Portugal","POR","PRT",5,49,"0","-","0","0","0"
1,"Z4QwXr",1,471,2024,75,"Guinea-Bissau","GNB","GNB",155,"Portugal","POR","PRT","0",72,"0","-","0","0","0"
1,"Z4QwXr",1,472,2025,75,"Guinea-Bissau","GNB","GNB",155,"Portugal","POR","PRT","0",78,"0","-","0","0","0"
1,"Z4QwXr",1,473,2025,78,"Guatemala","GUA","GTM",155,"Portugal","POR","PRT","0",5,"0","-","0","0","0"
1,"Z4QwXr",1,474,2001,79,"Guinea","GUI","GIN",155,"Portugal","POR","PRT",5,"0","0","-","0","0","0"
1,"Z4QwXr",1,475,2002,79,"Guinea","GUI","GIN",155,"Portugal","POR","PRT",5,"0","0","-","0","0","0"
1,"Z4QwXr",1,476,2003,79,"Guinea","GUI","GIN",155,"Portugal","POR","PRT",5,"0","0","-","0","0","0"
1,"Z4QwXr",1,477,2004,79,"Guinea","GUI","GIN",155,"Portugal","POR","PRT",5,"0","0","-","0","0","0"
1,"Z4QwXr",1,478,2005,79,"Guinea","GUI","GIN",155,"Portugal","POR","PRT",5,"0","0","-","0","0","0"
1,"Z4QwXr",1,479,2006,79,"Guinea","GUI","GIN",155,"Portugal","POR","PRT",5,"0","0","-","0","0","0"
1,"Z4QwXr",1,480,2007,79,"Guinea","GUI","GIN",155,"Portugal","POR","PRT",5,"0","0","-","0","0","0"
1,"Z4QwXr",1,481,2008,79,"Guinea","GUI","GIN",155,"Portugal","POR","PRT",8,"0","0","-","0","0","0"
1,"Z4QwXr",1,482,2009,79,"Guinea","GUI","GIN",155,"Portugal","POR","PRT",8,"0","0","-","0","0","0"
1,"Z4QwXr",1,483,2010,79,"Guinea","GUI","GIN",155,"Portugal","POR","PRT",21,8,"0","-","0","0","0"
1,"Z4QwXr",1,484,2011,79,"Guinea","GUI","GIN",155,"Portugal","POR","PRT",22,31,"0","-","0","0","0"
1,"Z4QwXr",1,485,2012,79,"Guinea","GUI","GIN",155,"Portugal","POR","PRT",50,33,"0","-","0","0","0"
1,"Z4QwXr",1,486,2013,79,"Guinea","GUI","GIN",155,"Portugal","POR","PRT",73,30,"0","-","0","0","0"
1,"Z4QwXr",1,487,2014,79,"Guinea","GUI","GIN",155,"Portugal","POR","PRT",86,"0","0","-","0","0","0"
1,"Z4QwXr",1,488,2015,79,"Guinea","GUI","GIN",155,"Portugal","POR","PRT",89,"0","0","-","0","0","0"
1,"Z4QwXr",1,489,2016,79,"Guinea","GUI","GIN",155,"Portugal","POR","PRT",93,"0","0","-","0","0","0"
1,"Z4QwXr",1,490,2017,79,"Guinea","GUI","GIN",155,"Portugal","POR","PRT",103,15,"0","-","0","0","0"
1,"Z4QwXr",1,491,2018,79,"Guinea","GUI","GIN",155,"Portugal","POR","PRT",98,5,"0","-","0","0","0"
1,"Z4QwXr",1,492,2019,79,"Guinea","GUI","GIN",155,"Portugal","POR","PRT",103,57,"0","-","0","0","0"
1,"Z4QwXr",1,493,2020,79,"Guinea","GUI","GIN",155,"Portugal","POR","PRT",91,65,"0","-","0","0","0"
1,"Z4QwXr",1,494,2021,79,"Guinea","GUI","GIN",155,"Portugal","POR","PRT",92,111,"0","-","0","0","0"
1,"Z4QwXr",1,495,2022,79,"Guinea","GUI","GIN",155,"Portugal","POR","PRT",74,23,"0","-","0","0","0"
1,"Z4QwXr",1,496,2023,79,"Guinea","GUI","GIN",155,"Portugal","POR","PRT",48,22,"0","-","0","0","0"
1,"Z4QwXr",1,497,2024,79,"Guinea","GUI","GIN",155,"Portugal","POR","PRT",33,85,"0","-","0","0","0"
1,"Z4QwXr",1,498,2025,79,"Guinea","GUI","GIN",155,"Portugal","POR","PRT",32,109,"0","-","0","0","0"
1,"Z4QwXr",1,499,2022,81,"Haiti","HAI","HTI",155,"Portugal","POR","PRT","0",6,"0","-","0","0","0"
1,"Z4QwXr",1,500,2024,81,"Haiti","HAI","HTI",155,"Portugal","POR","PRT","0",5,"0","-","0","0","0"
1,"Z4QwXr",1,501,2025,81,"Haiti","HAI","HTI",155,"Portugal","POR","PRT","0",5,"0","-","0","0","0"
1,"Z4QwXr",1,502,1996,84,"Croatia","HRV","HRV",155,"Portugal","POR","PRT",6,"0","0","-","0","0","0"
1,"Z4QwXr",1,503,1997,84,"Croatia","HRV","HRV",155,"Portugal","POR","PRT",6,"0","0","-","0","0","0"
1,"Z4QwXr",1,504,1998,84,"Croatia","HRV","HRV",155,"Portugal","POR","PRT",6,"0","0","-","0","0","0"
1,"Z4QwXr",1,505,1999,84,"Croatia","HRV","HRV",155,"Portugal","POR","PRT",6,"0","0","-","0","0","0"
1,"Z4QwXr",1,506,2000,84,"Croatia","HRV","HRV",155,"Portugal","POR","PRT",6,"0","0","-","0","0","0"
1,"Z4QwXr",1,507,2001,84,"Croatia","HRV","HRV",155,"Portugal","POR","PRT",6,"0","0","-","0","0","0"
1,"Z4QwXr",1,508,2002,84,"Croatia","HRV","HRV",155,"Portugal","POR","PRT",6,"0","0","-","0","0","0"
1,"Z4QwXr",1,509,2003,84,"Croatia","HRV","HRV",155,"Portugal","POR","PRT",6,"0","0","-","0","0","0"
1,"Z4QwXr",1,510,2004,84,"Croatia","HRV","HRV",155,"Portugal","POR","PRT",6,"0","0","-","0","0","0"
1,"Z4QwXr",1,511,2006,87,"Cote d'Ivoire","ICO","CIV",155,"Portugal","POR","PRT",5,"0","0","-","0","0","0"
1,"Z4QwXr",1,512,2007,87,"Cote d'Ivoire","ICO","CIV",155,"Portugal","POR","PRT",5,"0","0","-","0","0","0"
1,"Z4QwXr",1,513,2008,87,"Cote d'Ivoire","ICO","CIV",155,"Portugal","POR","PRT",6,"0","0","-","0","0","0"
1,"Z4QwXr",1,514,2009,87,"Cote d'Ivoire","ICO","CIV",155,"Portugal","POR","PRT",6,"0","0","-","0","0","0"
1,"Z4QwXr",1,515,2010,87,"Cote d'Ivoire","ICO","CIV",155,"Portugal","POR","PRT",6,"0","0","-","0","0","0"
1,"Z4QwXr",1,516,2011,87,"Cote d'Ivoire","ICO","CIV",155,"Portugal","POR","PRT",6,14,"0","-","0","0","0"
1,"Z4QwXr",1,517,2012,87,"Cote d'Ivoire","ICO","CIV",155,"Portugal","POR","PRT",19,10,"0","-","0","0","0"
1,"Z4QwXr",1,518,2013,87,"Cote d'Ivoire","ICO","CIV",155,"Portugal","POR","PRT",25,10,"0","-","0","0","0"
1,"Z4QwXr",1,519,2014,87,"Cote d'Ivoire","ICO","CIV",155,"Portugal","POR","PRT",27,14,"0","-","0","0","0"
1,"Z4QwXr",1,520,2015,87,"Cote d'Ivoire","ICO","CIV",155,"Portugal","POR","PRT",34,7,"0","-","0","0","0"
1,"Z4QwXr",1,521,2016,87,"Cote d'Ivoire","ICO","CIV",155,"Portugal","POR","PRT",33,5,"0","-","0","0","0"
1,"Z4QwXr",1,522,2017,87,"Cote d'Ivoire","ICO","CIV",155,"Portugal","POR","PRT",33,"0","0","-","0","0","0"
1,"Z4QwXr",1,523,2018,87,"Cote d'Ivoire","ICO","CIV",155,"Portugal","POR","PRT",32,"0","0","-","0","0","0"
1,"Z4QwXr",1,524,2019,87,"Cote d'Ivoire","ICO","CIV",155,"Portugal","POR","PRT",32,12,"0","-","0","0","0"
1,"Z4QwXr",1,525,2020,87,"Cote d'Ivoire","ICO","CIV",155,"Portugal","POR","PRT",32,15,"0","-","0","0","0"
1,"Z4QwXr",1,526,2021,87,"Cote d'Ivoire","ICO","CIV",155,"Portugal","POR","PRT",32,26,"0","-","0","0","0"
1,"Z4QwXr",1,527,2022,87,"Cote d'Ivoire","ICO","CIV",155,"Portugal","POR","PRT",67,7,"0","-","0","0","0"
1,"Z4QwXr",1,528,2023,87,"Cote d'Ivoire","ICO","CIV",155,"Portugal","POR","PRT",54,9,"0","-","0","0","0"
1,"Z4QwXr",1,529,2024,87,"Cote d'Ivoire","ICO","CIV",155,"Portugal","POR","PRT",49,10,"0","-","0","0","0"
1,"Z4QwXr",1,530,2025,87,"Cote d'Ivoire","ICO","CIV",155,"Portugal","POR","PRT",46,15,"0","-","0","0","0"
1,"Z4QwXr",1,531,2007,88,"India","IND","IND",155,"Portugal","POR","PRT",5,"0","0","-","0","0","0"
1,"Z4QwXr",1,532,2008,88,"India","IND","IND",155,"Portugal","POR","PRT",5,"0","0","-","0","0","0"
1,"Z4QwXr",1,533,2009,88,"India","IND","IND",155,"Portugal","POR","PRT",5,"0","0","-","0","0","0"
1,"Z4QwXr",1,534,2010,88,"India","IND","IND",155,"Portugal","POR","PRT",5,"0","0","-","0","0","0"
1,"Z4QwXr",1,535,2011,88,"India","IND","IND",155,"Portugal","POR","PRT",5,"0","0","-","0","0","0"
1,"Z4QwXr",1,536,2012,88,"India","IND","IND",155,"Portugal","POR","PRT",5,"0","0","-","0","0","0"
1,"Z4QwXr",1,537,2013,88,"India","IND","IND",155,"Portugal","POR","PRT",5,"0","0","-","0","0","0"
1,"Z4QwXr",1,538,2014,88,"India","IND","IND",155,"Portugal","POR","PRT",5,"0","0","-","0","0","0"
1,"Z4QwXr",1,539,2015,88,"India","IND","IND",155,"Portugal","POR","PRT",5,5,"0","-","0","0","0"
1,"Z4QwXr",1,540,2016,88,"India","IND","IND",155,"Portugal","POR","PRT",5,"0","0","-","0","0","0"
1,"Z4QwXr",1,541,2021,88,"India","IND","IND",155,"Portugal","POR","PRT","0",67,"0","-","0","0","0"
1,"Z4QwXr",1,542,2022,88,"India","IND","IND",155,"Portugal","POR","PRT",899,78,"0","-","0","0","0"
1,"Z4QwXr",1,543,2023,88,"India","IND","IND",155,"Portugal","POR","PRT",798,29,"0","-","0","0","0"
1,"Z4QwXr",1,544,2024,88,"India","IND","IND",155,"Portugal","POR","PRT",785,47,"0","-","0","0","0"
1,"Z4QwXr",1,545,2025,88,"India","IND","IND",155,"Portugal","POR","PRT",750,53,"0","-","0","0","0"
1,"Z4QwXr",1,546,1996,91,"Iran (Islamic Rep. of)","IRN","IRN",155,"Portugal","POR","PRT",5,"0","0","-","0","0","0"
1,"Z4QwXr",1,547,1997,91,"Iran (Islamic Rep. of)","IRN","IRN",155,"Portugal","POR","PRT",5,"0","0","-","0","0","0"
1,"Z4QwXr",1,548,1998,91,"Iran (Islamic Rep. of)","IRN","IRN",155,"Portugal","POR","PRT",5,"0","0","-","0","0","0"
1,"Z4QwXr",1,549,1999,91,"Iran (Islamic Rep. of)","IRN","IRN",155,"Portugal","POR","PRT",5,"0","0","-","0","0","0"
1,"Z4QwXr",1,550,2009,91,"Iran (Islamic Rep. of)","IRN","IRN",155,"Portugal","POR","PRT",5,"0","0","-","0","0","0"
1,"Z4QwXr",1,551,2010,91,"Iran (Islamic Rep. of)","IRN","IRN",155,"Portugal","POR","PRT",6,5,"0","-","0","0","0"
1,"Z4QwXr",1,552,2011,91,"Iran (Islamic Rep. of)","IRN","IRN",155,"Portugal","POR","PRT",7,14,"0","-","0","0","0"
1,"Z4QwXr",1,553,2012,91,"Iran (Islamic Rep. of)","IRN","IRN",155,"Portugal","POR","PRT",10,"0","0","-","0","0","0"
1,"Z4QwXr",1,554,2013,91,"Iran (Islamic Rep. of)","IRN","IRN",155,"Portugal","POR","PRT",13,"0","0","-","0","0","0"
1,"Z4QwXr",1,555,2014,91,"Iran (Islamic Rep. of)","IRN","IRN",155,"Portugal","POR","PRT",19,5,"0","-","0","0","0"
1,"Z4QwXr",1,556,2015,91,"Iran (Islamic Rep. of)","IRN","IRN",155,"Portugal","POR","PRT",23,9,"0","-","0","0","0"
1,"Z4QwXr",1,557,2016,91,"Iran (Islamic Rep. of)","IRN","IRN",155,"Portugal","POR","PRT",33,5,"0","-","0","0","0"
1,"Z4QwXr",1,558,2017,91,"Iran (Islamic Rep. of)","IRN","IRN",155,"Portugal","POR","PRT",38,"0","0","-","0","0","0"
1,"Z4QwXr",1,559,2018,91,"Iran (Islamic Rep. of)","IRN","IRN",155,"Portugal","POR","PRT",37,"0","0","-","0","0","0"
1,"Z4QwXr",1,560,2019,91,"Iran (Islamic Rep. of)","IRN","IRN",155,"Portugal","POR","PRT",41,23,"0","-","0","0","0"
1,"Z4QwXr",1,561,2020,91,"Iran (Islamic Rep. of)","IRN","IRN",155,"Portugal","POR","PRT",43,27,"0","-","0","0","0"
1,"Z4QwXr",1,562,2021,91,"Iran (Islamic Rep. of)","IRN","IRN",155,"Portugal","POR","PRT",50,27,"0","-","0","0","0"
1,"Z4QwXr",1,563,2022,91,"Iran (Islamic Rep. of)","IRN","IRN",155,"Portugal","POR","PRT",100,20,"0","-","0","0","0"
1,"Z4QwXr",1,564,2023,91,"Iran (Islamic Rep. of)","IRN","IRN",155,"Portugal","POR","PRT",86,19,"0","-","0","0","0"
1,"Z4QwXr",1,565,2024,91,"Iran (Islamic Rep. of)","IRN","IRN",155,"Portugal","POR","PRT",85,53,"0","-","0","0","0"
1,"Z4QwXr",1,566,2025,91,"Iran (Islamic Rep. of)","IRN","IRN",155,"Portugal","POR","PRT",82,57,"0","-","0","0","0"
1,"Z4QwXr",1,567,1997,92,"Iraq","IRQ","IRQ",155,"Portugal","POR","PRT",5,"0","0","-","0","0","0"
1,"Z4QwXr",1,568,1998,92,"Iraq","IRQ","IRQ",155,"Portugal","POR","PRT",5,"0","0","-","0","0","0"
1,"Z4QwXr",1,569,1999,92,"Iraq","IRQ","IRQ",155,"Portugal","POR","PRT",5,"0","0","-","0","0","0"
1,"Z4QwXr",1,570,2000,92,"Iraq","IRQ","IRQ",155,"Portugal","POR","PRT",5,"0","0","-","0","0","0"
1,"Z4QwXr",1,571,2001,92,"Iraq","IRQ","IRQ",155,"Portugal","POR","PRT",5,"0","0","-","0","0","0"
1,"Z4QwXr",1,572,2002,92,"Iraq","IRQ","IRQ",155,"Portugal","POR","PRT",5,"0","0","-","0","0","0"
1,"Z4QwXr",1,573,2003,92,"Iraq","IRQ","IRQ",155,"Portugal","POR","PRT",5,"0","0","-","0","0","0"
1,"Z4QwXr",1,574,2004,92,"Iraq","IRQ","IRQ",155,"Portugal","POR","PRT",5,"0","0","-","0","0","0"
1,"Z4QwXr",1,575,2005,92,"Iraq","IRQ","IRQ",155,"Portugal","POR","PRT",5,"0","0","-","0","0","0"
1,"Z4QwXr",1,576,2006,92,"Iraq","IRQ","IRQ",155,"Portugal","POR","PRT",5,"0","0","-","0","0","0"
1,"Z4QwXr",1,577,2007,92,"Iraq","IRQ","IRQ",155,"Portugal","POR","PRT",5,"0","0","-","0","0","0"
1,"Z4QwXr",1,578,2008,92,"Iraq","IRQ","IRQ",155,"Portugal","POR","PRT",5,"0","0","-","0","0","0"
1,"Z4QwXr",1,579,2009,92,"Iraq","IRQ","IRQ",155,"Portugal","POR","PRT",6,"0","0","-","0","0","0"
1,"Z4QwXr",1,580,2010,92,"Iraq","IRQ","IRQ",155,"Portugal","POR","PRT",6,"0","0","-","0","0","0"
1,"Z4QwXr",1,581,2011,92,"Iraq","IRQ","IRQ",155,"Portugal","POR","PRT",7,5,"0","-","0","0","0"
1,"Z4QwXr",1,582,2012,92,"Iraq","IRQ","IRQ",155,"Portugal","POR","PRT",6,5,"0","-","0","0","0"
1,"Z4QwXr",1,583,2013,92,"Iraq","IRQ","IRQ",155,"Portugal","POR","PRT",6,"0","0","-","0","0","0"
1,"Z4QwXr",1,584,2014,92,"Iraq","IRQ","IRQ",155,"Portugal","POR","PRT",7,"0","0","-","0","0","0"
1,"Z4QwXr",1,585,2015,92,"Iraq","IRQ","IRQ",155,"Portugal","POR","PRT",7,14,"0","-","0","0","0"
1,"Z4QwXr",1,586,2016,92,"Iraq","IRQ","IRQ",155,"Portugal","POR","PRT",19,75,"0","-","0","0","0"
1,"Z4QwXr",1,587,2017,92,"Iraq","IRQ","IRQ",155,"Portugal","POR","PRT",57,"0","0","-","0","0","0"
1,"Z4QwXr",1,588,2018,92,"Iraq","IRQ","IRQ",155,"Portugal","POR","PRT",162,"0","0","-","0","0","0"
1,"Z4QwXr",1,589,2019,92,"Iraq","IRQ","IRQ",155,"Portugal","POR","PRT",181,5,"0","-","0","0","0"
1,"Z4QwXr",1,590,2020,92,"Iraq","IRQ","IRQ",155,"Portugal","POR","PRT",187,"0","0","-","0","0","0"
1,"Z4QwXr",1,591,2021,92,"Iraq","IRQ","IRQ",155,"Portugal","POR","PRT",202,"0","0","-","0","0","0"
1,"Z4QwXr",1,592,2022,92,"Iraq","IRQ","IRQ",155,"Portugal","POR","PRT",245,"0","0","-","0","0","0"
1,"Z4QwXr",1,593,2023,92,"Iraq","IRQ","IRQ",155,"Portugal","POR","PRT",261,5,"0","-","0","0","0"
1,"Z4QwXr",1,594,2024,92,"Iraq","IRQ","IRQ",155,"Portugal","POR","PRT",305,5,"0","-","0","0","0"
1,"Z4QwXr",1,595,2025,92,"Iraq","IRQ","IRQ",155,"Portugal","POR","PRT",270,18,"0","-","0","0","0"
1,"Z4QwXr",1,596,2022,93,"Israel","ISR","ISR",155,"Portugal","POR","PRT",27,"0","0","-","0","0","0"
1,"Z4QwXr",1,597,2023,93,"Israel","ISR","ISR",155,"Portugal","POR","PRT",33,6,"0","-","0","0","0"
1,"Z4QwXr",1,598,2024,93,"Israel","ISR","ISR",155,"Portugal","POR","PRT",35,83,"0","-","0","0","0"
1,"Z4QwXr",1,599,2025,93,"Israel","ISR","ISR",155,"Portugal","POR","PRT",25,85,"0","-","0","0","0"
1,"Z4QwXr",1,600,2022,95,"Jamaica","JAM","JAM",155,"Portugal","POR","PRT",12,"0","0","-","0","0","0"
1,"Z4QwXr",1,601,2023,95,"Jamaica","JAM","JAM",155,"Portugal","POR","PRT",10,"0","0","-","0","0","0"
1,"Z4QwXr",1,602,2024,95,"Jamaica","JAM","JAM",155,"Portugal","POR","PRT",11,"0","0","-","0","0","0"
1,"Z4QwXr",1,603,2025,95,"Jamaica","JAM","JAM",155,"Portugal","POR","PRT",11,"0","0","-","0","0","0"
1,"Z4QwXr",1,604,2019,96,"Jordan","JOR","JOR",155,"Portugal","POR","PRT","0",5,"0","-","0","0","0"
1,"Z4QwXr",1,605,2020,96,"Jordan","JOR","JOR",155,"Portugal","POR","PRT","0",13,"0","-","0","0","0"
1,"Z4QwXr",1,606,2021,96,"Jordan","JOR","JOR",155,"Portugal","POR","PRT","0",14,"0","-","0","0","0"
1,"Z4QwXr",1,607,2022,96,"Jordan","JOR","JOR",155,"Portugal","POR","PRT",18,"0","0","-","0","0","0"
1,"Z4QwXr",1,608,2023,96,"Jordan","JOR","JOR",155,"Portugal","POR","PRT",21,"0","0","-","0","0","0"
1,"Z4QwXr",1,609,2024,96,"Jordan","JOR","JOR",155,"Portugal","POR","PRT",21,"0","0","-","0","0","0"
1,"Z4QwXr",1,610,2025,96,"Jordan","JOR","JOR",155,"Portugal","POR","PRT",11,5,"0","-","0","0","0"
1,"Z4QwXr",1,611,2002,98,"Kazakhstan","KAZ","KAZ",155,"Portugal","POR","PRT",5,"0","0","-","0","0","0"
1,"Z4QwXr",1,612,2003,98,"Kazakhstan","KAZ","KAZ",155,"Portugal","POR","PRT",5,"0","0","-","0","0","0"
1,"Z4QwXr",1,613,2004,98,"Kazakhstan","KAZ","KAZ",155,"Portugal","POR","PRT",5,"0","0","-","0","0","0"
1,"Z4QwXr",1,614,2005,98,"Kazakhstan","KAZ","KAZ",155,"Portugal","POR","PRT",5,"0","0","-","0","0","0"
1,"Z4QwXr",1,615,2006,98,"Kazakhstan","KAZ","KAZ",155,"Portugal","POR","PRT",5,"0","0","-","0","0","0"
1,"Z4QwXr",1,616,2007,98,"Kazakhstan","KAZ","KAZ",155,"Portugal","POR","PRT",5,"0","0","-","0","0","0"
1,"Z4QwXr",1,617,2008,98,"Kazakhstan","KAZ","KAZ",155,"Portugal","POR","PRT",5,"0","0","-","0","0","0"
1,"Z4QwXr",1,618,2009,98,"Kazakhstan","KAZ","KAZ",155,"Portugal","POR","PRT",5,"0","0","-","0","0","0"
1,"Z4QwXr",1,619,2010,98,"Kazakhstan","KAZ","KAZ",155,"Portugal","POR","PRT",5,"0","0","-","0","0","0"
1,"Z4QwXr",1,620,2011,98,"Kazakhstan","KAZ","KAZ",155,"Portugal","POR","PRT",5,"0","0","-","0","0","0"
1,"Z4QwXr",1,621,2022,98,"Kazakhstan","KAZ","KAZ",155,"Portugal","POR","PRT",14,"0","0","-","0","0","0"
1,"Z4QwXr",1,622,2023,98,"Kazakhstan","KAZ","KAZ",155,"Portugal","POR","PRT",13,"0","0","-","0","0","0"
1,"Z4QwXr",1,623,2024,98,"Kazakhstan","KAZ","KAZ",155,"Portugal","POR","PRT",15,"0","0","-","0","0","0"
1,"Z4QwXr",1,624,2025,98,"Kazakhstan","KAZ","KAZ",155,"Portugal","POR","PRT",15,"0","0","-","0","0","0"
1,"Z4QwXr",1,625,2011,99,"Kenya","KEN","KEN",155,"Portugal","POR","PRT","0",5,"0","-","0","0","0"
1,"Z4QwXr",1,626,2012,99,"Kenya","KEN","KEN",155,"Portugal","POR","PRT",5,"0","0","-","0","0","0"
1,"Z4QwXr",1,627,2013,99,"Kenya","KEN","KEN",155,"Portugal","POR","PRT",6,"0","0","-","0","0","0"
1,"Z4QwXr",1,628,2014,99,"Kenya","KEN","KEN",155,"Portugal","POR","PRT",6,"0","0","-","0","0","0"
1,"Z4QwXr",1,629,2015,99,"Kenya","KEN","KEN",155,"Portugal","POR","PRT",6,"0","0","-","0","0","0"
1,"Z4QwXr",1,630,2016,99,"Kenya","KEN","KEN",155,"Portugal","POR","PRT",6,"0","0","-","0","0","0"
1,"Z4QwXr",1,631,2017,99,"Kenya","KEN","KEN",155,"Portugal","POR","PRT",6,"0","0","-","0","0","0"
1,"Z4QwXr",1,632,2018,99,"Kenya","KEN","KEN",155,"Portugal","POR","PRT",6,"0","0","-","0","0","0"
1,"Z4QwXr",1,633,2019,99,"Kenya","KEN","KEN",155,"Portugal","POR","PRT",6,7,"0","-","0","0","0"
1,"Z4QwXr",1,634,2020,99,"Kenya","KEN","KEN",155,"Portugal","POR","PRT",6,"0","0","-","0","0","0"
1,"Z4QwXr",1,635,2021,99,"Kenya","KEN","KEN",155,"Portugal","POR","PRT",5,5,"0","-","0","0","0"
1,"Z4QwXr",1,636,2022,99,"Kenya","KEN","KEN",155,"Portugal","POR","PRT",27,"0","0","-","0","0","0"
1,"Z4QwXr",1,637,2023,99,"Kenya","KEN","KEN",155,"Portugal","POR","PRT",14,"0","0","-","0","0","0"
1,"Z4QwXr",1,638,2024,99,"Kenya","KEN","KEN",155,"Portugal","POR","PRT",15,5,"0","-","0","0","0"
1,"Z4QwXr",1,639,2025,99,"Kenya","KEN","KEN",155,"Portugal","POR","PRT",15,5,"0","-","0","0","0"
1,"Z4QwXr",1,640,1996,106,"Liberia","LBR","LBR",155,"Portugal","POR","PRT",70,"0","0","-","0","0","0"
1,"Z4QwXr",1,641,1997,106,"Liberia","LBR","LBR",155,"Portugal","POR","PRT",71,"0","0","-","0","0","0"
1,"Z4QwXr",1,642,1998,106,"Liberia","LBR","LBR",155,"Portugal","POR","PRT",71,"0","0","-","0","0","0"
1,"Z4QwXr",1,643,1999,106,"Liberia","LBR","LBR",155,"Portugal","POR","PRT",71,"0","0","-","0","0","0"
1,"Z4QwXr",1,644,2000,106,"Liberia","LBR","LBR",155,"Portugal","POR","PRT",70,"0","0","-","0","0","0"
1,"Z4QwXr",1,645,2001,106,"Liberia","LBR","LBR",155,"Portugal","POR","PRT",64,"0","0","-","0","0","0"
1,"Z4QwXr",1,646,2002,106,"Liberia","LBR","LBR",155,"Portugal","POR","PRT",63,"0","0","-","0","0","0"
1,"Z4QwXr",1,647,2003,106,"Liberia","LBR","LBR",155,"Portugal","POR","PRT",39,"0","0","-","0","0","0"
1,"Z4QwXr",1,648,2004,106,"Liberia","LBR","LBR",155,"Portugal","POR","PRT",39,"0","0","-","0","0","0"
1,"Z4QwXr",1,649,2005,106,"Liberia","LBR","LBR",155,"Portugal","POR","PRT",22,"0","0","-","0","0","0"
1,"Z4QwXr",1,650,2006,106,"Liberia","LBR","LBR",155,"Portugal","POR","PRT",5,"0","0","-","0","0","0"
1,"Z4QwXr",1,651,2007,106,"Liberia","LBR","LBR",155,"Portugal","POR","PRT",5,"0","0","-","0","0","0"
1,"Z4QwXr",1,652,2008,106,"Liberia","LBR","LBR",155,"Portugal","POR","PRT",5,"0","0","-","0","0","0"
1,"Z4QwXr",1,653,2009,106,"Liberia","LBR","LBR",155,"Portugal","POR","PRT",5,"0","0","-","0","0","0"
1,"Z4QwXr",1,654,2010,106,"Liberia","LBR","LBR",155,"Portugal","POR","PRT",5,"0","0","-","0","0","0"
1,"Z4QwXr",1,655,2011,106,"Liberia","LBR","LBR",155,"Portugal","POR","PRT",5,"0","0","-","0","0","0"
1,"Z4QwXr",1,656,2012,106,"Liberia","LBR","LBR",155,"Portugal","POR","PRT",5,"0","0","-","0","0","0"
1,"Z4QwXr",1,657,2013,106,"Liberia","LBR","LBR",155,"Portugal","POR","PRT",5,"0","0","-","0","0","0"
1,"Z4QwXr",1,658,2014,106,"Liberia","LBR","LBR",155,"Portugal","POR","PRT",5,"0","0","-","0","0","0"
1,"Z4QwXr",1,659,2015,106,"Liberia","LBR","LBR",155,"Portugal","POR","PRT",5,"0","0","-","0","0","0"
1,"Z4QwXr",1,660,2022,106,"Liberia","LBR","LBR",155,"Portugal","POR","PRT",24,5,"0","-","0","0","0"
1,"Z4QwXr",1,661,2023,106,"Liberia","LBR","LBR",155,"Portugal","POR","PRT",20,5,"0","-","0","0","0"
1,"Z4QwXr",1,662,2024,106,"Liberia","LBR","LBR",155,"Portugal","POR","PRT",17,5,"0","-","0","0","0"
1,"Z4QwXr",1,663,2025,106,"Liberia","LBR","LBR",155,"Portugal","POR","PRT",17,7,"0","-","0","0","0"
1,"Z4QwXr",1,664,2012,107,"Libya","LBY","LBY",155,"Portugal","POR","PRT","0",5,"0","-","0","0","0"
1,"Z4QwXr",1,665,2013,107,"Libya","LBY","LBY",155,"Portugal","POR","PRT",5,"0","0","-","0","0","0"
1,"Z4QwXr",1,666,2014,107,"Libya","LBY","LBY",155,"Portugal","POR","PRT",6,5,"0","-","0","0","0"
1,"Z4QwXr",1,667,2015,107,"Libya","LBY","LBY",155,"Portugal","POR","PRT",11,"0","0","-","0","0","0"
1,"Z4QwXr",1,668,2016,107,"Libya","LBY","LBY",155,"Portugal","POR","PRT",14,"0","0","-","0","0","0"
1,"Z4QwXr",1,669,2017,107,"Libya","LBY","LBY",155,"Portugal","POR","PRT",14,"0","0","-","0","0","0"
1,"Z4QwXr",1,670,2018,107,"Libya","LBY","LBY",155,"Portugal","POR","PRT",14,"0","0","-","0","0","0"
1,"Z4QwXr",1,671,2019,107,"Libya","LBY","LBY",155,"Portugal","POR","PRT",15,10,"0","-","0","0","0"
1,"Z4QwXr",1,672,2020,107,"Libya","LBY","LBY",155,"Portugal","POR","PRT",15,"0","0","-","0","0","0"
1,"Z4QwXr",1,673,2021,107,"Libya","LBY","LBY",155,"Portugal","POR","PRT",15,"0","0","-","0","0","0"
1,"Z4QwXr",1,674,2022,107,"Libya","LBY","LBY",155,"Portugal","POR","PRT",33,"0","0","-","0","0","0"
1,"Z4QwXr",1,675,2023,107,"Libya","LBY","LBY",155,"Portugal","POR","PRT",27,"0","0","-","0","0","0"
1,"Z4QwXr",1,676,2024,107,"Libya","LBY","LBY",155,"Portugal","POR","PRT",25,9,"0","-","0","0","0"
1,"Z4QwXr",1,677,2025,107,"Libya","LBY","LBY",155,"Portugal","POR","PRT",23,10,"0","-","0","0","0"
1,"Z4QwXr",1,678,2022,109,"Lebanon","LEB","LBN",155,"Portugal","POR","PRT",16,"0","0","-","0","0","0"
1,"Z4QwXr",1,679,2023,109,"Lebanon","LEB","LBN",155,"Portugal","POR","PRT",13,"0","0","-","0","0","0"
1,"Z4QwXr",1,680,2024,109,"Lebanon","LEB","LBN",155,"Portugal","POR","PRT",15,6,"0","-","0","0","0"
1,"Z4QwXr",1,681,2025,109,"Lebanon","LEB","LBN",155,"Portugal","POR","PRT",10,5,"0","-","0","0","0"
1,"Z4QwXr",1,682,1996,112,"Sri Lanka","LKA","LKA",155,"Portugal","POR","PRT",5,"0","0","-","0","0","0"
1,"Z4QwXr",1,683,1997,112,"Sri Lanka","LKA","LKA",155,"Portugal","POR","PRT",5,"0","0","-","0","0","0"
1,"Z4QwXr",1,684,1998,112,"Sri Lanka","LKA","LKA",155,"Portugal","POR","PRT",5,"0","0","-","0","0","0"
1,"Z4QwXr",1,685,1999,112,"Sri Lanka","LKA","LKA",155,"Portugal","POR","PRT",18,"0","0","-","0","0","0"
1,"Z4QwXr",1,686,2000,112,"Sri Lanka","LKA","LKA",155,"Portugal","POR","PRT",5,"0","0","-","0","0","0"
1,"Z4QwXr",1,687,2001,112,"Sri Lanka","LKA","LKA",155,"Portugal","POR","PRT",5,"0","0","-","0","0","0"
1,"Z4QwXr",1,688,2002,112,"Sri Lanka","LKA","LKA",155,"Portugal","POR","PRT",5,"0","0","-","0","0","0"
1,"Z4QwXr",1,689,2008,112,"Sri Lanka","LKA","LKA",155,"Portugal","POR","PRT",8,"0","0","-","0","0","0"
1,"Z4QwXr",1,690,2009,112,"Sri Lanka","LKA","LKA",155,"Portugal","POR","PRT",15,5,"0","-","0","0","0"
1,"Z4QwXr",1,691,2010,112,"Sri Lanka","LKA","LKA",155,"Portugal","POR","PRT",18,5,"0","-","0","0","0"
1,"Z4QwXr",1,692,2011,112,"Sri Lanka","LKA","LKA",155,"Portugal","POR","PRT",18,5,"0","-","0","0","0"
1,"Z4QwXr",1,693,2012,112,"Sri Lanka","LKA","LKA",155,"Portugal","POR","PRT",19,8,"0","-","0","0","0"
1,"Z4QwXr",1,694,2013,112,"Sri Lanka","LKA","LKA",155,"Portugal","POR","PRT",27,"0","0","-","0","0","0"
1,"Z4QwXr",1,695,2014,112,"Sri Lanka","LKA","LKA",155,"Portugal","POR","PRT",31,7,"0","-","0","0","0"
1,"Z4QwXr",1,696,2015,112,"Sri Lanka","LKA","LKA",155,"Portugal","POR","PRT",35,9,"0","-","0","0","0"
1,"Z4QwXr",1,697,2016,112,"Sri Lanka","LKA","LKA",155,"Portugal","POR","PRT",38,8,"0","-","0","0","0"
1,"Z4QwXr",1,698,2017,112,"Sri Lanka","LKA","LKA",155,"Portugal","POR","PRT",48,"0","0","-","0","0","0"
1,"Z4QwXr",1,699,2018,112,"Sri Lanka","LKA","LKA",155,"Portugal","POR","PRT",41,"0","0","-","0","0","0"
1,"Z4QwXr",1,700,2019,112,"Sri Lanka","LKA","LKA",155,"Portugal","POR","PRT",34,5,"0","-","0","0","0"
1,"Z4QwXr",1,701,2020,112,"Sri Lanka","LKA","LKA",155,"Portugal","POR","PRT",31,5,"0","-","0","0","0"
1,"Z4QwXr",1,702,2021,112,"Sri Lanka","LKA","LKA",155,"Portugal","POR","PRT",33,7,"0","-","0","0","0"
1,"Z4QwXr",1,703,2022,112,"Sri Lanka","LKA","LKA",155,"Portugal","POR","PRT",35,"0","0","-","0","0","0"
1,"Z4QwXr",1,704,2023,112,"Sri Lanka","LKA","LKA",155,"Portugal","POR","PRT",26,"0","0","-","0","0","0"
1,"Z4QwXr",1,705,2024,112,"Sri Lanka","LKA","LKA",155,"Portugal","POR","PRT",19,"0","0","-","0","0","0"
1,"Z4QwXr",1,706,2025,112,"Sri Lanka","LKA","LKA",155,"Portugal","POR","PRT",17,5,"0","-","0","0","0"
1,"Z4QwXr",1,707,2013,119,"Mauritania","MAU","MRT",155,"Portugal","POR","PRT",5,"0","0","-","0","0","0"
1,"Z4QwXr",1,708,2014,119,"Mauritania","MAU","MRT",155,"Portugal","POR","PRT",5,"0","0","-","0","0","0"
1,"Z4QwXr",1,709,2015,119,"Mauritania","MAU","MRT",155,"Portugal","POR","PRT",5,"0","0","-","0","0","0"
1,"Z4QwXr",1,710,2016,119,"Mauritania","MAU","MRT",155,"Portugal","POR","PRT",5,"0","0","-","0","0","0"
1,"Z4QwXr",1,711,2017,119,"Mauritania","MAU","MRT",155,"Portugal","POR","PRT",5,"0","0","-","0","0","0"
1,"Z4QwXr",1,712,2018,119,"Mauritania","MAU","MRT",155,"Portugal","POR","PRT",5,"0","0","-","0","0","0"
1,"Z4QwXr",1,713,2019,119,"Mauritania","MAU","MRT",155,"Portugal","POR","PRT",5,"0","0","-","0","0","0"
1,"Z4QwXr",1,714,2020,119,"Mauritania","MAU","MRT",155,"Portugal","POR","PRT","0",5,"0","-","0","0","0"
1,"Z4QwXr",1,715,2021,119,"Mauritania","MAU","MRT",155,"Portugal","POR","PRT","0",5,"0","-","0","0","0"
1,"Z4QwXr",1,716,2024,119,"Mauritania","MAU","MRT",155,"Portugal","POR","PRT","0",8,"0","-","0","0","0"
1,"Z4QwXr",1,717,2025,119,"Mauritania","MAU","MRT",155,"Portugal","POR","PRT","0",12,"0","-","0","0","0"
1,"Z4QwXr",1,718,2012,120,"North Macedonia","MCD","MKD",155,"Portugal","POR","PRT","0",5,"0","-","0","0","0"
1,"Z4QwXr",1,719,2013,120,"North Macedonia","MCD","MKD",155,"Portugal","POR","PRT","0",5,"0","-","0","0","0"
1,"Z4QwXr",1,720,2014,120,"North Macedonia","MCD","MKD",155,"Portugal","POR","PRT","0",5,"0","-","0","0","0"
1,"Z4QwXr",1,721,2022,122,"Rep. of Moldova","MDA","MDA",155,"Portugal","POR","PRT",58,"0","0","-","0","0","0"
1,"Z4QwXr",1,722,2023,122,"Rep. of Moldova","MDA","MDA",155,"Portugal","POR","PRT",55,5,"0","-","0","0","0"
1,"Z4QwXr",1,723,2024,122,"Rep. of Moldova","MDA","MDA",155,"Portugal","POR","PRT",60,5,"0","-","0","0","0"
1,"Z4QwXr",1,724,2025,122,"Rep. of Moldova","MDA","MDA",155,"Portugal","POR","PRT",55,5,"0","-","0","0","0"
1,"Z4QwXr",1,725,2022,124,"Mexico","MEX","MEX",155,"Portugal","POR","PRT",6,"0","0","-","0","0","0"
1,"Z4QwXr",1,726,2023,124,"Mexico","MEX","MEX",155,"Portugal","POR","PRT",5,"0","0","-","0","0","0"
1,"Z4QwXr",1,727,2024,124,"Mexico","MEX","MEX",155,"Portugal","POR","PRT",5,"0","0","-","0","0","0"
1,"Z4QwXr",1,728,2025,124,"Mexico","MEX","MEX",155,"Portugal","POR","PRT",5,"0","0","-","0","0","0"
1,"Z4QwXr",1,729,2013,126,"Mali","MLI","MLI",155,"Portugal","POR","PRT","0",6,"0","-","0","0","0"
1,"Z4QwXr",1,730,2014,126,"Mali","MLI","MLI",155,"Portugal","POR","PRT",6,5,"0","-","0","0","0"
1,"Z4QwXr",1,731,2015,126,"Mali","MLI","MLI",155,"Portugal","POR","PRT",8,"0","0","-","0","0","0"
1,"Z4QwXr",1,732,2016,126,"Mali","MLI","MLI",155,"Portugal","POR","PRT",8,5,"0","-","0","0","0"
1,"Z4QwXr",1,733,2017,126,"Mali","MLI","MLI",155,"Portugal","POR","PRT",13,"0","0","-","0","0","0"
1,"Z4QwXr",1,734,2018,126,"Mali","MLI","MLI",155,"Portugal","POR","PRT",13,"0","0","-","0","0","0"
1,"Z4QwXr",1,735,2019,126,"Mali","MLI","MLI",155,"Portugal","POR","PRT",13,16,"0","-","0","0","0"
1,"Z4QwXr",1,736,2020,126,"Mali","MLI","MLI",155,"Portugal","POR","PRT",14,31,"0","-","0","0","0"
1,"Z4QwXr",1,737,2021,126,"Mali","MLI","MLI",155,"Portugal","POR","PRT",15,33,"0","-","0","0","0"
1,"Z4QwXr",1,738,2022,126,"Mali","MLI","MLI",155,"Portugal","POR","PRT",28,5,"0","-","0","0","0"
1,"Z4QwXr",1,739,2023,126,"Mali","MLI","MLI",155,"Portugal","POR","PRT",27,5,"0","-","0","0","0"
1,"Z4QwXr",1,740,2024,126,"Mali","MLI","MLI",155,"Portugal","POR","PRT",24,22,"0","-","0","0","0"
1,"Z4QwXr",1,741,2025,126,"Mali","MLI","MLI",155,"Portugal","POR","PRT",23,33,"0","-","0","0","0"
1,"Z4QwXr",1,742,2022,128,"Malawi","MLW","MWI",155,"Portugal","POR","PRT",5,"0","0","-","0","0","0"
1,"Z4QwXr",1,743,2023,128,"Malawi","MLW","MWI",155,"Portugal","POR","PRT",5,"0","0","-","0","0","0"
1,"Z4QwXr",1,744,2024,128,"Malawi","MLW","MWI",155,"Portugal","POR","PRT",6,"0","0","-","0","0","0"
1,"Z4QwXr",1,745,2025,128,"Malawi","MLW","MWI",155,"Portugal","POR","PRT",6,"0","0","-","0","0","0"
1,"Z4QwXr",1,746,2002,129,"Mongolia","MNG","MNG",155,"Portugal","POR","PRT",6,"0","0","-","0","0","0"
1,"Z4QwXr",1,747,2003,129,"Mongolia","MNG","MNG",155,"Portugal","POR","PRT",6,"0","0","-","0","0","0"
1,"Z4QwXr",1,748,2004,129,"Mongolia","MNG","MNG",155,"Portugal","POR","PRT",6,"0","0","-","0","0","0"
1,"Z4QwXr",1,749,2005,129,"Mongolia","MNG","MNG",155,"Portugal","POR","PRT",6,"0","0","-","0","0","0"
1,"Z4QwXr",1,750,2006,129,"Mongolia","MNG","MNG",155,"Portugal","POR","PRT",6,"0","0","-","0","0","0"
1,"Z4QwXr",1,751,2007,129,"Mongolia","MNG","MNG",155,"Portugal","POR","PRT",6,"0","0","-","0","0","0"
1,"Z4QwXr",1,752,2008,129,"Mongolia","MNG","MNG",155,"Portugal","POR","PRT",6,"0","0","-","0","0","0"
1,"Z4QwXr",1,753,2009,129,"Mongolia","MNG","MNG",155,"Portugal","POR","PRT",6,"0","0","-","0","0","0"
1,"Z4QwXr",1,754,2010,129,"Mongolia","MNG","MNG",155,"Portugal","POR","PRT",6,"0","0","-","0","0","0"
1,"Z4QwXr",1,755,2011,129,"Mongolia","MNG","MNG",155,"Portugal","POR","PRT",6,"0","0","-","0","0","0"
1,"Z4QwXr",1,756,2011,130,"Morocco","MOR","MAR",155,"Portugal","POR","PRT","0",5,"0","-","0","0","0"
1,"Z4QwXr",1,757,2013,130,"Morocco","MOR","MAR",155,"Portugal","POR","PRT","0",6,"0","-","0","0","0"
1,"Z4QwXr",1,758,2014,130,"Morocco","MOR","MAR",155,"Portugal","POR","PRT",5,7,"0","-","0","0","0"
1,"Z4QwXr",1,759,2015,130,"Morocco","MOR","MAR",155,"Portugal","POR","PRT",7,5,"0","-","0","0","0"
1,"Z4QwXr",1,760,2016,130,"Morocco","MOR","MAR",155,"Portugal","POR","PRT",9,"0","0","-","0","0","0"
1,"Z4QwXr",1,761,2017,130,"Morocco","MOR","MAR",155,"Portugal","POR","PRT",9,"0","0","-","0","0","0"
1,"Z4QwXr",1,762,2018,130,"Morocco","MOR","MAR",155,"Portugal","POR","PRT",9,"0","0","-","0","0","0"
1,"Z4QwXr",1,763,2019,130,"Morocco","MOR","MAR",155,"Portugal","POR","PRT",9,28,"0","-","0","0","0"
1,"Z4QwXr",1,764,2020,130,"Morocco","MOR","MAR",155,"Portugal","POR","PRT",9,52,"0","-","0","0","0"
1,"Z4QwXr",1,765,2021,130,"Morocco","MOR","MAR",155,"Portugal","POR","PRT",9,126,"0","-","0","0","0"
1,"Z4QwXr",1,766,2022,130,"Morocco","MOR","MAR",155,"Portugal","POR","PRT",2075,21,"0","-","0","0","0"
1,"Z4QwXr",1,767,2023,130,"Morocco","MOR","MAR",155,"Portugal","POR","PRT",975,27,"0","-","0","0","0"
1,"Z4QwXr",1,768,2024,130,"Morocco","MOR","MAR",155,"Portugal","POR","PRT",988,66,"0","-","0","0","0"
1,"Z4QwXr",1,769,2025,130,"Morocco","MOR","MAR",155,"Portugal","POR","PRT",886,75,"0","-","0","0","0"
1,"Z4QwXr",1,770,1996,131,"Mozambique","MOZ","MOZ",155,"Portugal","POR","PRT",22,"0","0","-","0","0","0"
1,"Z4QwXr",1,771,1997,131,"Mozambique","MOZ","MOZ",155,"Portugal","POR","PRT",22,"0","0","-","0","0","0"
1,"Z4QwXr",1,772,1998,131,"Mozambique","MOZ","MOZ",155,"Portugal","POR","PRT",20,"0","0","-","0","0","0"
1,"Z4QwXr",1,773,1999,131,"Mozambique","MOZ","MOZ",155,"Portugal","POR","PRT",15,"0","0","-","0","0","0"
1,"Z4QwXr",1,774,2000,131,"Mozambique","MOZ","MOZ",155,"Portugal","POR","PRT",14,"0","0","-","0","0","0"
1,"Z4QwXr",1,775,2001,131,"Mozambique","MOZ","MOZ",155,"Portugal","POR","PRT",14,"0","0","-","0","0","0"
1,"Z4QwXr",1,776,2002,131,"Mozambique","MOZ","MOZ",155,"Portugal","POR","PRT",9,"0","0","-","0","0","0"
1,"Z4QwXr",1,777,2003,131,"Mozambique","MOZ","MOZ",155,"Portugal","POR","PRT",9,"0","0","-","0","0","0"
1,"Z4QwXr",1,778,2004,131,"Mozambique","MOZ","MOZ",155,"Portugal","POR","PRT",9,"0","0","-","0","0","0"
1,"Z4QwXr",1,779,2024,131,"Mozambique","MOZ","MOZ",155,"Portugal","POR","PRT","0",5,"0","-","0","0","0"
1,"Z4QwXr",1,780,2025,131,"Mozambique","MOZ","MOZ",155,"Portugal","POR","PRT","0",5,"0","-","0","0","0"
1,"Z4QwXr",1,781,2020,134,"Mauritius","MTS","MUS",155,"Portugal","POR","PRT","0",5,"0","-","0","0","0"
1,"Z4QwXr",1,782,2021,134,"Mauritius","MTS","MUS",155,"Portugal","POR","PRT","0",5,"0","-","0","0","0"
1,"Z4QwXr",1,783,2005,135,"Myanmar","MYA","MMR",155,"Portugal","POR","PRT",5,"0","0","-","0","0","0"
1,"Z4QwXr",1,784,2006,135,"Myanmar","MYA","MMR",155,"Portugal","POR","PRT",5,"0","0","-","0","0","0"
1,"Z4QwXr",1,785,2007,135,"Myanmar","MYA","MMR",155,"Portugal","POR","PRT",5,"0","0","-","0","0","0"
1,"Z4QwXr",1,786,2008,135,"Myanmar","MYA","MMR",155,"Portugal","POR","PRT",5,"0","0","-","0","0","0"
1,"Z4QwXr",1,787,2009,135,"Myanmar","MYA","MMR",155,"Portugal","POR","PRT",5,"0","0","-","0","0","0"
1,"Z4QwXr",1,788,2010,135,"Myanmar","MYA","MMR",155,"Portugal","POR","PRT",5,"0","0","-","0","0","0"
1,"Z4QwXr",1,789,2011,135,"Myanmar","MYA","MMR",155,"Portugal","POR","PRT",5,"0","0","-","0","0","0"
1,"Z4QwXr",1,790,2012,135,"Myanmar","MYA","MMR",155,"Portugal","POR","PRT",5,"0","0","-","0","0","0"
1,"Z4QwXr",1,791,2013,135,"Myanmar","MYA","MMR",155,"Portugal","POR","PRT",5,"0","0","-","0","0","0"
1,"Z4QwXr",1,792,2014,135,"Myanmar","MYA","MMR",155,"Portugal","POR","PRT",5,"0","0","-","0","0","0"
1,"Z4QwXr",1,793,2022,135,"Myanmar","MYA","MMR",155,"Portugal","POR","PRT","0",5,"0","-","0","0","0"
1,"Z4QwXr",1,794,2023,135,"Myanmar","MYA","MMR",155,"Portugal","POR","PRT","0",5,"0","-","0","0","0"
1,"Z4QwXr",1,795,2024,135,"Myanmar","MYA","MMR",155,"Portugal","POR","PRT","0",5,"0","-","0","0","0"
1,"Z4QwXr",1,796,2025,135,"Myanmar","MYA","MMR",155,"Portugal","POR","PRT","0",5,"0","-","0","0","0"
1,"Z4QwXr",1,797,2022,136,"Namibia","NAM","NAM",155,"Portugal","POR","PRT",21,"0","0","-","0","0","0"
1,"Z4QwXr",1,798,2023,136,"Namibia","NAM","NAM",155,"Portugal","POR","PRT",15,"0","0","-","0","0","0"
1,"Z4QwXr",1,799,2024,136,"Namibia","NAM","NAM",155,"Portugal","POR","PRT",15,"0","0","-","0","0","0"
1,"Z4QwXr",1,800,2025,136,"Namibia","NAM","NAM",155,"Portugal","POR","PRT",15,"0","0","-","0","0","0"
1,"Z4QwXr",1,801,2021,137,"Nepal","NEP","NPL",155,"Portugal","POR","PRT","0",5,"0","-","0","0","0"
1,"Z4QwXr",1,802,2022,137,"Nepal","NEP","NPL",155,"Portugal","POR","PRT",165,"0","0","-","0","0","0"
1,"Z4QwXr",1,803,2023,137,"Nepal","NEP","NPL",155,"Portugal","POR","PRT",153,"0","0","-","0","0","0"
1,"Z4QwXr",1,804,2024,137,"Nepal","NEP","NPL",155,"Portugal","POR","PRT",145,5,"0","-","0","0","0"
1,"Z4QwXr",1,805,2025,137,"Nepal","NEP","NPL",155,"Portugal","POR","PRT",140,5,"0","-","0","0","0"
1,"Z4QwXr",1,806,1996,141,"Nigeria","NIG","NGA",155,"Portugal","POR","PRT",9,"0","0","-","0","0","0"
1,"Z4QwXr",1,807,1997,141,"Nigeria","NIG","NGA",155,"Portugal","POR","PRT",9,"0","0","-","0","0","0"
1,"Z4QwXr",1,808,1998,141,"Nigeria","NIG","NGA",155,"Portugal","POR","PRT",9,"0","0","-","0","0","0"
1,"Z4QwXr",1,809,1999,141,"Nigeria","NIG","NGA",155,"Portugal","POR","PRT",9,"0","0","-","0","0","0"
1,"Z4QwXr",1,810,2000,141,"Nigeria","NIG","NGA",155,"Portugal","POR","PRT",11,"0","0","-","0","0","0"
1,"Z4QwXr",1,811,2001,141,"Nigeria","NIG","NGA",155,"Portugal","POR","PRT",9,"0","0","-","0","0","0"
1,"Z4QwXr",1,812,2002,141,"Nigeria","NIG","NGA",155,"Portugal","POR","PRT",5,"0","0","-","0","0","0"
1,"Z4QwXr",1,813,2003,141,"Nigeria","NIG","NGA",155,"Portugal","POR","PRT",5,"0","0","-","0","0","0"
1,"Z4QwXr",1,814,2004,141,"Nigeria","NIG","NGA",155,"Portugal","POR","PRT",5,"0","0","-","0","0","0"
1,"Z4QwXr",1,815,2005,141,"Nigeria","NIG","NGA",155,"Portugal","POR","PRT",5,"0","0","-","0","0","0"
1,"Z4QwXr",1,816,2008,141,"Nigeria","NIG","NGA",155,"Portugal","POR","PRT",5,"0","0","-","0","0","0"
1,"Z4QwXr",1,817,2009,141,"Nigeria","NIG","NGA",155,"Portugal","POR","PRT",5,"0","0","-","0","0","0"
1,"Z4QwXr",1,818,2010,141,"Nigeria","NIG","NGA",155,"Portugal","POR","PRT",6,"0","0","-","0","0","0"
1,"Z4QwXr",1,819,2011,141,"Nigeria","NIG","NGA",155,"Portugal","POR","PRT",6,18,"0","-","0","0","0"
1,"Z4QwXr",1,820,2012,141,"Nigeria","NIG","NGA",155,"Portugal","POR","PRT",11,16,"0","-","0","0","0"
1,"Z4QwXr",1,821,2013,141,"Nigeria","NIG","NGA",155,"Portugal","POR","PRT",18,7,"0","-","0","0","0"
1,"Z4QwXr",1,822,2014,141,"Nigeria","NIG","NGA",155,"Portugal","POR","PRT",22,5,"0","-","0","0","0"
1,"Z4QwXr",1,823,2015,141,"Nigeria","NIG","NGA",155,"Portugal","POR","PRT",25,5,"0","-","0","0","0"
1,"Z4QwXr",1,824,2016,141,"Nigeria","NIG","NGA",155,"Portugal","POR","PRT",27,"0","0","-","0","0","0"
1,"Z4QwXr",1,825,2017,141,"Nigeria","NIG","NGA",155,"Portugal","POR","PRT",27,"0","0","-","0","0","0"
1,"Z4QwXr",1,826,2018,141,"Nigeria","NIG","NGA",155,"Portugal","POR","PRT",24,"0","0","-","0","0","0"
1,"Z4QwXr",1,827,2019,141,"Nigeria","NIG","NGA",155,"Portugal","POR","PRT",25,48,"0","-","0","0","0"
1,"Z4QwXr",1,828,2020,141,"Nigeria","NIG","NGA",155,"Portugal","POR","PRT",23,59,"0","-","0","0","0"
1,"Z4QwXr",1,829,2021,141,"Nigeria","NIG","NGA",155,"Portugal","POR","PRT",30,66,"0","-","0","0","0"
1,"Z4QwXr",1,830,2022,141,"Nigeria","NIG","NGA",155,"Portugal","POR","PRT",3871,10,"0","-","0","0","0"
1,"Z4QwXr",1,831,2023,141,"Nigeria","NIG","NGA",155,"Portugal","POR","PRT",2342,23,"0","-","0","0","0"
1,"Z4QwXr",1,832,2024,141,"Nigeria","NIG","NGA",155,"Portugal","POR","PRT",2392,62,"0","-","0","0","0"
1,"Z4QwXr",1,833,2025,141,"Nigeria","NIG","NGA",155,"Portugal","POR","PRT",2216,72,"0","-","0","0","0"
1,"Z4QwXr",1,834,2010,147,"Pakistan","PAK","PAK",155,"Portugal","POR","PRT","0",5,"0","-","0","0","0"
1,"Z4QwXr",1,835,2011,147,"Pakistan","PAK","PAK",155,"Portugal","POR","PRT",6,9,"0","-","0","0","0"
1,"Z4QwXr",1,836,2012,147,"Pakistan","PAK","PAK",155,"Portugal","POR","PRT",7,7,"0","-","0","0","0"
1,"Z4QwXr",1,837,2013,147,"Pakistan","PAK","PAK",155,"Portugal","POR","PRT",10,25,"0","-","0","0","0"
1,"Z4QwXr",1,838,2014,147,"Pakistan","PAK","PAK",155,"Portugal","POR","PRT",26,27,"0","-","0","0","0"
1,"Z4QwXr",1,839,2015,147,"Pakistan","PAK","PAK",155,"Portugal","POR","PRT",31,61,"0","-","0","0","0"
1,"Z4QwXr",1,840,2016,147,"Pakistan","PAK","PAK",155,"Portugal","POR","PRT",50,15,"0","-","0","0","0"
1,"Z4QwXr",1,841,2017,147,"Pakistan","PAK","PAK",155,"Portugal","POR","PRT",60,"0","0","-","0","0","0"
1,"Z4QwXr",1,842,2018,147,"Pakistan","PAK","PAK",155,"Portugal","POR","PRT",65,5,"0","-","0","0","0"
1,"Z4QwXr",1,843,2019,147,"Pakistan","PAK","PAK",155,"Portugal","POR","PRT",69,12,"0","-","0","0","0"
1,"Z4QwXr",1,844,2020,147,"Pakistan","PAK","PAK",155,"Portugal","POR","PRT",82,9,"0","-","0","0","0"
1,"Z4QwXr",1,845,2021,147,"Pakistan","PAK","PAK",155,"Portugal","POR","PRT",80,42,"0","-","0","0","0"
1,"Z4QwXr",1,846,2022,147,"Pakistan","PAK","PAK",155,"Portugal","POR","PRT",763,60,"0","-","0","0","0"
1,"Z4QwXr",1,847,2023,147,"Pakistan","PAK","PAK",155,"Portugal","POR","PRT",558,60,"0","-","0","0","0"
1,"Z4QwXr",1,848,2024,147,"Pakistan","PAK","PAK",155,"Portugal","POR","PRT",558,73,"0","-","0","0","0"
1,"Z4QwXr",1,849,2025,147,"Pakistan","PAK","PAK",155,"Portugal","POR","PRT",521,74,"0","-","0","0","0"
1,"Z4QwXr",1,850,2023,150,"Peru","PER","PER",155,"Portugal","POR","PRT","0",7,"0","-","0","0","0"
1,"Z4QwXr",1,851,2024,150,"Peru","PER","PER",155,"Portugal","POR","PRT","0",15,"0","-","0","0","0"
1,"Z4QwXr",1,852,2025,150,"Peru","PER","PER",155,"Portugal","POR","PRT","0",30,"0","-","0","0","0"
1,"Z4QwXr",1,853,2022,151,"Philippines","PHI","PHL",155,"Portugal","POR","PRT",5,"0","0","-","0","0","0"
1,"Z4QwXr",1,854,2023,151,"Philippines","PHI","PHL",155,"Portugal","POR","PRT",5,"0","0","-","0","0","0"
1,"Z4QwXr",1,855,1996,158,"Romania","ROM","ROU",155,"Portugal","POR","PRT",5,"0","0","-","0","0","0"
1,"Z4QwXr",1,856,1997,158,"Romania","ROM","ROU",155,"Portugal","POR","PRT",5,"0","0","-","0","0","0"
1,"Z4QwXr",1,857,2022,159,"South Africa","RSA","ZAF",155,"Portugal","POR","PRT",12,"0","0","-","0","0","0"
1,"Z4QwXr",1,858,2023,159,"South Africa","RSA","ZAF",155,"Portugal","POR","PRT",10,"0","0","-","0","0","0"
1,"Z4QwXr",1,859,2024,159,"South Africa","RSA","ZAF",155,"Portugal","POR","PRT",11,"0","0","-","0","0","0"
1,"Z4QwXr",1,860,2025,159,"South Africa","RSA","ZAF",155,"Portugal","POR","PRT",6,"0","0","-","0","0","0"
1,"Z4QwXr",1,861,2006,160,"Russian Federation","RUS","RUS",155,"Portugal","POR","PRT",5,"0","0","-","0","0","0"
1,"Z4QwXr",1,862,2007,160,"Russian Federation","RUS","RUS",155,"Portugal","POR","PRT",5,"0","0","-","0","0","0"
1,"Z4QwXr",1,863,2008,160,"Russian Federation","RUS","RUS",155,"Portugal","POR","PRT",7,"0","0","-","0","0","0"
1,"Z4QwXr",1,864,2009,160,"Russian Federation","RUS","RUS",155,"Portugal","POR","PRT",7,"0","0","-","0","0","0"
1,"Z4QwXr",1,865,2010,160,"Russian Federation","RUS","RUS",155,"Portugal","POR","PRT",7,5,"0","-","0","0","0"
1,"Z4QwXr",1,866,2011,160,"Russian Federation","RUS","RUS",155,"Portugal","POR","PRT",11,9,"0","-","0","0","0"
1,"Z4QwXr",1,867,2012,160,"Russian Federation","RUS","RUS",155,"Portugal","POR","PRT",15,5,"0","-","0","0","0"
1,"Z4QwXr",1,868,2013,160,"Russian Federation","RUS","RUS",155,"Portugal","POR","PRT",18,10,"0","-","0","0","0"
1,"Z4QwXr",1,869,2014,160,"Russian Federation","RUS","RUS",155,"Portugal","POR","PRT",22,9,"0","-","0","0","0"
1,"Z4QwXr",1,870,2015,160,"Russian Federation","RUS","RUS",155,"Portugal","POR","PRT",23,11,"0","-","0","0","0"
1,"Z4QwXr",1,871,2016,160,"Russian Federation","RUS","RUS",155,"Portugal","POR","PRT",19,12,"0","-","0","0","0"
1,"Z4QwXr",1,872,2017,160,"Russian Federation","RUS","RUS",155,"Portugal","POR","PRT",18,5,"0","-","0","0","0"
1,"Z4QwXr",1,873,2018,160,"Russian Federation","RUS","RUS",155,"Portugal","POR","PRT",16,"0","0","-","0","0","0"
1,"Z4QwXr",1,874,2019,160,"Russian Federation","RUS","RUS",155,"Portugal","POR","PRT",16,9,"0","-","0","0","0"
1,"Z4QwXr",1,875,2020,160,"Russian Federation","RUS","RUS",155,"Portugal","POR","PRT",23,5,"0","-","0","0","0"
1,"Z4QwXr",1,876,2021,160,"Russian Federation","RUS","RUS",155,"Portugal","POR","PRT",22,"0","0","-","0","0","0"
1,"Z4QwXr",1,877,2022,160,"Russian Federation","RUS","RUS",155,"Portugal","POR","PRT",668,51,"0","-","0","0","0"
1,"Z4QwXr",1,878,2023,160,"Russian Federation","RUS","RUS",155,"Portugal","POR","PRT",571,24,"0","-","0","0","0"
1,"Z4QwXr",1,879,2024,160,"Russian Federation","RUS","RUS",155,"Portugal","POR","PRT",612,27,"0","-","0","0","0"
1,"Z4QwXr",1,880,2025,160,"Russian Federation","RUS","RUS",155,"Portugal","POR","PRT",507,37,"0","-","0","0","0"
1,"Z4QwXr",1,881,1999,161,"Rwanda","RWA","RWA",155,"Portugal","POR","PRT",9,"0","0","-","0","0","0"
1,"Z4QwXr",1,882,2000,161,"Rwanda","RWA","RWA",155,"Portugal","POR","PRT",16,"0","0","-","0","0","0"
1,"Z4QwXr",1,883,2001,161,"Rwanda","RWA","RWA",155,"Portugal","POR","PRT",17,"0","0","-","0","0","0"
1,"Z4QwXr",1,884,2002,161,"Rwanda","RWA","RWA",155,"Portugal","POR","PRT",17,"0","0","-","0","0","0"
1,"Z4QwXr",1,885,2003,161,"Rwanda","RWA","RWA",155,"Portugal","POR","PRT",17,"0","0","-","0","0","0"
1,"Z4QwXr",1,886,2004,161,"Rwanda","RWA","RWA",155,"Portugal","POR","PRT",17,"0","0","-","0","0","0"
1,"Z4QwXr",1,887,2005,161,"Rwanda","RWA","RWA",155,"Portugal","POR","PRT",15,"0","0","-","0","0","0"
1,"Z4QwXr",1,888,2006,161,"Rwanda","RWA","RWA",155,"Portugal","POR","PRT",15,"0","0","-","0","0","0"
1,"Z4QwXr",1,889,2007,161,"Rwanda","RWA","RWA",155,"Portugal","POR","PRT",15,"0","0","-","0","0","0"
1,"Z4QwXr",1,890,2008,161,"Rwanda","RWA","RWA",155,"Portugal","POR","PRT",15,"0","0","-","0","0","0"
1,"Z4QwXr",1,891,2009,161,"Rwanda","RWA","RWA",155,"Portugal","POR","PRT",8,"0","0","-","0","0","0"
1,"Z4QwXr",1,892,2013,161,"Rwanda","RWA","RWA",155,"Portugal","POR","PRT",5,"0","0","-","0","0","0"
1,"Z4QwXr",1,893,2014,161,"Rwanda","RWA","RWA",155,"Portugal","POR","PRT",5,"0","0","-","0","0","0"
1,"Z4QwXr",1,894,2015,161,"Rwanda","RWA","RWA",155,"Portugal","POR","PRT",5,"0","0","-","0","0","0"
1,"Z4QwXr",1,895,2016,161,"Rwanda","RWA","RWA",155,"Portugal","POR","PRT",5,"0","0","-","0","0","0"
1,"Z4QwXr",1,896,2017,161,"Rwanda","RWA","RWA",155,"Portugal","POR","PRT",5,"0","0","-","0","0","0"
1,"Z4QwXr",1,897,2018,161,"Rwanda","RWA","RWA",155,"Portugal","POR","PRT",5,"0","0","-","0","0","0"
1,"Z4QwXr",1,898,2019,161,"Rwanda","RWA","RWA",155,"Portugal","POR","PRT",5,"0","0","-","0","0","0"
1,"Z4QwXr",1,899,2022,161,"Rwanda","RWA","RWA",155,"Portugal","POR","PRT",7,"0","0","-","0","0","0"
1,"Z4QwXr",1,900,2023,161,"Rwanda","RWA","RWA",155,"Portugal","POR","PRT",5,"0","0","-","0","0","0"
1,"Z4QwXr",1,901,2024,161,"Rwanda","RWA","RWA",155,"Portugal","POR","PRT",5,"0","0","-","0","0","0"
1,"Z4QwXr",1,902,2025,161,"Rwanda","RWA","RWA",155,"Portugal","POR","PRT",5,"0","0","-","0","0","0"
1,"Z4QwXr",1,903,2015,164,"Serbia and Kosovo: S/RES/1244 (1999)","SRB","SRB",155,"Portugal","POR","PRT","0",5,"0","-","0","0","0"
1,"Z4QwXr",1,904,2011,165,"Senegal","SEN","SEN",155,"Portugal","POR","PRT","0",5,"0","-","0","0","0"
1,"Z4QwXr",1,905,2012,165,"Senegal","SEN","SEN",155,"Portugal","POR","PRT",5,5,"0","-","0","0","0"
1,"Z4QwXr",1,906,2013,165,"Senegal","SEN","SEN",155,"Portugal","POR","PRT",6,5,"0","-","0","0","0"
1,"Z4QwXr",1,907,2014,165,"Senegal","SEN","SEN",155,"Portugal","POR","PRT",7,"0","0","-","0","0","0"
1,"Z4QwXr",1,908,2015,165,"Senegal","SEN","SEN",155,"Portugal","POR","PRT",7,5,"0","-","0","0","0"
1,"Z4QwXr",1,909,2016,165,"Senegal","SEN","SEN",155,"Portugal","POR","PRT",7,"0","0","-","0","0","0"
1,"Z4QwXr",1,910,2017,165,"Senegal","SEN","SEN",155,"Portugal","POR","PRT",7,"0","0","-","0","0","0"
1,"Z4QwXr",1,911,2018,165,"Senegal","SEN","SEN",155,"Portugal","POR","PRT",7,"0","0","-","0","0","0"
1,"Z4QwXr",1,912,2019,165,"Senegal","SEN","SEN",155,"Portugal","POR","PRT",6,27,"0","-","0","0","0"
1,"Z4QwXr",1,913,2020,165,"Senegal","SEN","SEN",155,"Portugal","POR","PRT",5,44,"0","-","0","0","0"
1,"Z4QwXr",1,914,2021,165,"Senegal","SEN","SEN",155,"Portugal","POR","PRT",5,71,"0","-","0","0","0"
1,"Z4QwXr",1,915,2022,165,"Senegal","SEN","SEN",155,"Portugal","POR","PRT",6,23,"0","-","0","0","0"
1,"Z4QwXr",1,916,2023,165,"Senegal","SEN","SEN",155,"Portugal","POR","PRT",5,31,"0","-","0","0","0"
1,"Z4QwXr",1,917,2024,165,"Senegal","SEN","SEN",155,"Portugal","POR","PRT","0",127,"0","-","0","0","0"
1,"Z4QwXr",1,918,2025,165,"Senegal","SEN","SEN",155,"Portugal","POR","PRT","0",136,"0","-","0","0","0"
1,"Z4QwXr",1,919,1996,169,"Sierra Leone","SLE","SLE",155,"Portugal","POR","PRT",21,"0","0","-","0","0","0"
1,"Z4QwXr",1,920,1997,169,"Sierra Leone","SLE","SLE",155,"Portugal","POR","PRT",23,"0","0","-","0","0","0"
1,"Z4QwXr",1,921,1998,169,"Sierra Leone","SLE","SLE",155,"Portugal","POR","PRT",23,"0","0","-","0","0","0"
1,"Z4QwXr",1,922,1999,169,"Sierra Leone","SLE","SLE",155,"Portugal","POR","PRT",65,"0","0","-","0","0","0"
1,"Z4QwXr",1,923,2000,169,"Sierra Leone","SLE","SLE",155,"Portugal","POR","PRT",99,"0","0","-","0","0","0"
1,"Z4QwXr",1,924,2001,169,"Sierra Leone","SLE","SLE",155,"Portugal","POR","PRT",112,"0","0","-","0","0","0"
1,"Z4QwXr",1,925,2002,169,"Sierra Leone","SLE","SLE",155,"Portugal","POR","PRT",116,"0","0","-","0","0","0"
1,"Z4QwXr",1,926,2003,169,"Sierra Leone","SLE","SLE",155,"Portugal","POR","PRT",114,"0","0","-","0","0","0"
1,"Z4QwXr",1,927,2004,169,"Sierra Leone","SLE","SLE",155,"Portugal","POR","PRT",114,"0","0","-","0","0","0"
1,"Z4QwXr",1,928,2005,169,"Sierra Leone","SLE","SLE",155,"Portugal","POR","PRT",114,"0","0","-","0","0","0"
1,"Z4QwXr",1,929,2006,169,"Sierra Leone","SLE","SLE",155,"Portugal","POR","PRT",95,"0","0","-","0","0","0"
1,"Z4QwXr",1,930,2007,169,"Sierra Leone","SLE","SLE",155,"Portugal","POR","PRT",94,"0","0","-","0","0","0"
1,"Z4QwXr",1,931,2008,169,"Sierra Leone","SLE","SLE",155,"Portugal","POR","PRT",95,"0","0","-","0","0","0"
1,"Z4QwXr",1,932,2009,169,"Sierra Leone","SLE","SLE",155,"Portugal","POR","PRT",53,"0","0","-","0","0","0"
1,"Z4QwXr",1,933,2010,169,"Sierra Leone","SLE","SLE",155,"Portugal","POR","PRT",20,5,"0","-","0","0","0"
1,"Z4QwXr",1,934,2011,169,"Sierra Leone","SLE","SLE",155,"Portugal","POR","PRT",7,9,"0","-","0","0","0"
1,"Z4QwXr",1,935,2012,169,"Sierra Leone","SLE","SLE",155,"Portugal","POR","PRT",8,5,"0","-","0","0","0"
1,"Z4QwXr",1,936,2013,169,"Sierra Leone","SLE","SLE",155,"Portugal","POR","PRT",9,5,"0","-","0","0","0"
1,"Z4QwXr",1,937,2014,169,"Sierra Leone","SLE","SLE",155,"Portugal","POR","PRT",12,22,"0","-","0","0","0"
1,"Z4QwXr",1,938,2015,169,"Sierra Leone","SLE","SLE",155,"Portugal","POR","PRT",23,11,"0","-","0","0","0"
1,"Z4QwXr",1,939,2016,169,"Sierra Leone","SLE","SLE",155,"Portugal","POR","PRT",23,20,"0","-","0","0","0"
1,"Z4QwXr",1,940,2017,169,"Sierra Leone","SLE","SLE",155,"Portugal","POR","PRT",27,5,"0","-","0","0","0"
1,"Z4QwXr",1,941,2018,169,"Sierra Leone","SLE","SLE",155,"Portugal","POR","PRT",26,"0","0","-","0","0","0"
1,"Z4QwXr",1,942,2019,169,"Sierra Leone","SLE","SLE",155,"Portugal","POR","PRT",26,25,"0","-","0","0","0"
1,"Z4QwXr",1,943,2020,169,"Sierra Leone","SLE","SLE",155,"Portugal","POR","PRT",25,23,"0","-","0","0","0"
1,"Z4QwXr",1,944,2021,169,"Sierra Leone","SLE","SLE",155,"Portugal","POR","PRT",25,47,"0","-","0","0","0"
1,"Z4QwXr",1,945,2022,169,"Sierra Leone","SLE","SLE",155,"Portugal","POR","PRT",42,20,"0","-","0","0","0"
1,"Z4QwXr",1,946,2023,169,"Sierra Leone","SLE","SLE",155,"Portugal","POR","PRT",36,11,"0","-","0","0","0"
1,"Z4QwXr",1,947,2024,169,"Sierra Leone","SLE","SLE",155,"Portugal","POR","PRT",33,10,"0","-","0","0","0"
1,"Z4QwXr",1,948,2025,169,"Sierra Leone","SLE","SLE",155,"Portugal","POR","PRT",28,15,"0","-","0","0","0"
1,"Z4QwXr",1,949,2008,172,"Somalia","SOM","SOM",155,"Portugal","POR","PRT",19,"0","0","-","0","0","0"
1,"Z4QwXr",1,950,2009,172,"Somalia","SOM","SOM",155,"Portugal","POR","PRT",24,"0","0","-","0","0","0"
1,"Z4QwXr",1,951,2010,172,"Somalia","SOM","SOM",155,"Portugal","POR","PRT",24,"0","0","-","0","0","0"
1,"Z4QwXr",1,952,2011,172,"Somalia","SOM","SOM",155,"Portugal","POR","PRT",33,19,"0","-","0","0","0"
1,"Z4QwXr",1,953,2012,172,"Somalia","SOM","SOM",155,"Portugal","POR","PRT",40,9,"0","-","0","0","0"
1,"Z4QwXr",1,954,2013,172,"Somalia","SOM","SOM",155,"Portugal","POR","PRT",44,6,"0","-","0","0","0"
1,"Z4QwXr",1,955,2014,172,"Somalia","SOM","SOM",155,"Portugal","POR","PRT",46,5,"0","-","0","0","0"
1,"Z4QwXr",1,956,2015,172,"Somalia","SOM","SOM",155,"Portugal","POR","PRT",50,"0","0","-","0","0","0"
1,"Z4QwXr",1,957,2016,172,"Somalia","SOM","SOM",155,"Portugal","POR","PRT",51,"0","0","-","0","0","0"
1,"Z4QwXr",1,958,2017,172,"Somalia","SOM","SOM",155,"Portugal","POR","PRT",51,"0","0","-","0","0","0"
1,"Z4QwXr",1,959,2018,172,"Somalia","SOM","SOM",155,"Portugal","POR","PRT",37,5,"0","-","0","0","0"
1,"Z4QwXr",1,960,2019,172,"Somalia","SOM","SOM",155,"Portugal","POR","PRT",33,5,"0","-","0","0","0"
1,"Z4QwXr",1,961,2020,172,"Somalia","SOM","SOM",155,"Portugal","POR","PRT",34,"0","0","-","0","0","0"
1,"Z4QwXr",1,962,2021,172,"Somalia","SOM","SOM",155,"Portugal","POR","PRT",51,"0","0","-","0","0","0"
1,"Z4QwXr",1,963,2022,172,"Somalia","SOM","SOM",155,"Portugal","POR","PRT",53,9,"0","-","0","0","0"
1,"Z4QwXr",1,964,2023,172,"Somalia","SOM","SOM",155,"Portugal","POR","PRT",65,26,"0","-","0","0","0"
1,"Z4QwXr",1,965,2024,172,"Somalia","SOM","SOM",155,"Portugal","POR","PRT",64,50,"0","-","0","0","0"
1,"Z4QwXr",1,966,2025,172,"Somalia","SOM","SOM",155,"Portugal","POR","PRT",62,55,"0","-","0","0","0"
1,"Z4QwXr",1,967,1996,176,"Sao Tome and Principe","STP","STP",155,"Portugal","POR","PRT",10,"0","0","-","0","0","0"
1,"Z4QwXr",1,968,1997,176,"Sao Tome and Principe","STP","STP",155,"Portugal","POR","PRT",10,"0","0","-","0","0","0"
1,"Z4QwXr",1,969,1998,176,"Sao Tome and Principe","STP","STP",155,"Portugal","POR","PRT",9,"0","0","-","0","0","0"
1,"Z4QwXr",1,970,2019,176,"Sao Tome and Principe","STP","STP",155,"Portugal","POR","PRT","0",5,"0","-","0","0","0"
1,"Z4QwXr",1,971,1997,177,"Sudan","SUD","SDN",155,"Portugal","POR","PRT",5,"0","0","-","0","0","0"
1,"Z4QwXr",1,972,1998,177,"Sudan","SUD","SDN",155,"Portugal","POR","PRT",5,"0","0","-","0","0","0"
1,"Z4QwXr",1,973,1999,177,"Sudan","SUD","SDN",155,"Portugal","POR","PRT",5,"0","0","-","0","0","0"
1,"Z4QwXr",1,974,2000,177,"Sudan","SUD","SDN",155,"Portugal","POR","PRT",5,"0","0","-","0","0","0"
1,"Z4QwXr",1,975,2001,177,"Sudan","SUD","SDN",155,"Portugal","POR","PRT",5,"0","0","-","0","0","0"
1,"Z4QwXr",1,976,2002,177,"Sudan","SUD","SDN",155,"Portugal","POR","PRT",5,"0","0","-","0","0","0"
1,"Z4QwXr",1,977,2003,177,"Sudan","SUD","SDN",155,"Portugal","POR","PRT",5,"0","0","-","0","0","0"
1,"Z4QwXr",1,978,2004,177,"Sudan","SUD","SDN",155,"Portugal","POR","PRT",5,"0","0","-","0","0","0"
1,"Z4QwXr",1,979,2005,177,"Sudan","SUD","SDN",155,"Portugal","POR","PRT",5,"0","0","-","0","0","0"
1,"Z4QwXr",1,980,2006,177,"Sudan","SUD","SDN",155,"Portugal","POR","PRT",6,"0","0","-","0","0","0"
1,"Z4QwXr",1,981,2013,177,"Sudan","SUD","SDN",155,"Portugal","POR","PRT",5,"0","0","-","0","0","0"
1,"Z4QwXr",1,982,2014,177,"Sudan","SUD","SDN",155,"Portugal","POR","PRT",5,"0","0","-","0","0","0"
1,"Z4QwXr",1,983,2015,177,"Sudan","SUD","SDN",155,"Portugal","POR","PRT",5,"0","0","-","0","0","0"
1,"Z4QwXr",1,984,2016,177,"Sudan","SUD","SDN",155,"Portugal","POR","PRT",5,"0","0","-","0","0","0"
1,"Z4QwXr",1,985,2017,177,"Sudan","SUD","SDN",155,"Portugal","POR","PRT",5,"0","0","-","0","0","0"
1,"Z4QwXr",1,986,2018,177,"Sudan","SUD","SDN",155,"Portugal","POR","PRT",23,"0","0","-","0","0","0"
1,"Z4QwXr",1,987,2019,177,"Sudan","SUD","SDN",155,"Portugal","POR","PRT",49,12,"0","-","0","0","0"
1,"Z4QwXr",1,988,2020,177,"Sudan","SUD","SDN",155,"Portugal","POR","PRT",52,15,"0","-","0","0","0"
1,"Z4QwXr",1,989,2021,177,"Sudan","SUD","SDN",155,"Portugal","POR","PRT",62,10,"0","-","0","0","0"
1,"Z4QwXr",1,990,2022,177,"Sudan","SUD","SDN",155,"Portugal","POR","PRT",98,9,"0","-","0","0","0"
1,"Z4QwXr",1,991,2023,177,"Sudan","SUD","SDN",155,"Portugal","POR","PRT",95,"0","0","-","0","0","0"
1,"Z4QwXr",1,992,2024,177,"Sudan","SUD","SDN",155,"Portugal","POR","PRT",94,"0","0","-","0","0","0"
1,"Z4QwXr",1,993,2025,177,"Sudan","SUD","SDN",155,"Portugal","POR","PRT",106,"0","0","-","0","0","0"
1,"Z4QwXr",1,994,2018,179,"South Sudan","SSD","SSD",155,"Portugal","POR","PRT",15,"0","0","-","0","0","0"
1,"Z4QwXr",1,995,2019,179,"South Sudan","SSD","SSD",155,"Portugal","POR","PRT",30,"0","0","-","0","0","0"
1,"Z4QwXr",1,996,2020,179,"South Sudan","SSD","SSD",155,"Portugal","POR","PRT",30,"0","0","-","0","0","0"
1,"Z4QwXr",1,997,2021,179,"South Sudan","SSD","SSD",155,"Portugal","POR","PRT",30,"0","0","-","0","0","0"
1,"Z4QwXr",1,998,2022,179,"South Sudan","SSD","SSD",155,"Portugal","POR","PRT",33,"0","0","-","0","0","0"
1,"Z4QwXr",1,999,2023,179,"South Sudan","SSD","SSD",155,"Portugal","POR","PRT",17,"0","0","-","0","0","0"
1,"Z4QwXr",1,1000,2024,179,"South Sudan","SSD","SSD",155,"Portugal","POR","PRT",16,"0","0","-","0","0","0"
1,"Z4QwXr",1,1001,2025,179,"South Sudan","SSD","SSD",155,"Portugal","POR","PRT",24,"0","0","-","0","0","0"
1,"Z4QwXr",1,1002,2022,182,"Eswatini","SWA","SWZ",155,"Portugal","POR","PRT",25,"0","0","-","0","0","0"
1,"Z4QwXr",1,1003,2023,182,"Eswatini","SWA","SWZ",155,"Portugal","POR","PRT",21,"0","0","-","0","0","0"
1,"Z4QwXr",1,1004,2024,182,"Eswatini","SWA","SWZ",155,"Portugal","POR","PRT",25,"0","0","-","0","0","0"
1,"Z4QwXr",1,1005,2025,182,"Eswatini","SWA","SWZ",155,"Portugal","POR","PRT",20,"0","0","-","0","0","0"
1,"Z4QwXr",1,1006,2012,185,"Syrian Arab Rep.","SYR","SYR",155,"Portugal","POR","PRT","0",9,"0","-","0","0","0"
1,"Z4QwXr",1,1007,2013,185,"Syrian Arab Rep.","SYR","SYR",155,"Portugal","POR","PRT",14,8,"0","-","0","0","0"
1,"Z4QwXr",1,1008,2014,185,"Syrian Arab Rep.","SYR","SYR",155,"Portugal","POR","PRT",15,15,"0","-","0","0","0"
1,"Z4QwXr",1,1009,2015,185,"Syrian Arab Rep.","SYR","SYR",155,"Portugal","POR","PRT",17,28,"0","-","0","0","0"
1,"Z4QwXr",1,1010,2016,185,"Syrian Arab Rep.","SYR","SYR",155,"Portugal","POR","PRT",82,300,"0","-","0","0","0"
1,"Z4QwXr",1,1011,2017,185,"Syrian Arab Rep.","SYR","SYR",155,"Portugal","POR","PRT",307,"0","0","-","0","0","0"
1,"Z4QwXr",1,1012,2018,185,"Syrian Arab Rep.","SYR","SYR",155,"Portugal","POR","PRT",602,"0","0","-","0","0","0"
1,"Z4QwXr",1,1013,2019,185,"Syrian Arab Rep.","SYR","SYR",155,"Portugal","POR","PRT",768,5,"0","-","0","0","0"
1,"Z4QwXr",1,1014,2020,185,"Syrian Arab Rep.","SYR","SYR",155,"Portugal","POR","PRT",789,"0","0","-","0","0","0"
1,"Z4QwXr",1,1015,2021,185,"Syrian Arab Rep.","SYR","SYR",155,"Portugal","POR","PRT",861,"0","0","-","0","0","0"
1,"Z4QwXr",1,1016,2022,185,"Syrian Arab Rep.","SYR","SYR",155,"Portugal","POR","PRT",918,15,"0","-","0","0","0"
1,"Z4QwXr",1,1017,2023,185,"Syrian Arab Rep.","SYR","SYR",155,"Portugal","POR","PRT",951,17,"0","-","0","0","0"
1,"Z4QwXr",1,1018,2024,185,"Syrian Arab Rep.","SYR","SYR",155,"Portugal","POR","PRT",1005,"0","0","-","0","0","0"
1,"Z4QwXr",1,1019,2025,185,"Syrian Arab Rep.","SYR","SYR",155,"Portugal","POR","PRT",951,"0","0","-","0","0","0"
1,"Z4QwXr",1,1020,2022,186,"United Rep. of Tanzania","TAN","TZA",155,"Portugal","POR","PRT",15,"0","0","-","0","0","0"
1,"Z4QwXr",1,1021,2023,186,"United Rep. of Tanzania","TAN","TZA",155,"Portugal","POR","PRT",13,"0","0","-","0","0","0"
1,"Z4QwXr",1,1022,2024,186,"United Rep. of Tanzania","TAN","TZA",155,"Portugal","POR","PRT",15,"0","0","-","0","0","0"
1,"Z4QwXr",1,1023,2025,186,"United Rep. of Tanzania","TAN","TZA",155,"Portugal","POR","PRT",15,"0","0","-","0","0","0"
1,"Z4QwXr",1,1024,2022,189,"Tajikistan","TJK","TJK",155,"Portugal","POR","PRT",5,"0","0","-","0","0","0"
1,"Z4QwXr",1,1025,2023,189,"Tajikistan","TJK","TJK",155,"Portugal","POR","PRT",5,"0","0","-","0","0","0"
1,"Z4QwXr",1,1026,2024,189,"Tajikistan","TJK","TJK",155,"Portugal","POR","PRT",5,"0","0","-","0","0","0"
1,"Z4QwXr",1,1027,2025,189,"Tajikistan","TJK","TJK",155,"Portugal","POR","PRT",5,"0","0","-","0","0","0"
1,"Z4QwXr",1,1028,2022,190,"Turkmenistan","TKM","TKM",155,"Portugal","POR","PRT",9,"0","0","-","0","0","0"
1,"Z4QwXr",1,1029,2023,190,"Turkmenistan","TKM","TKM",155,"Portugal","POR","PRT",8,"0","0","-","0","0","0"
1,"Z4QwXr",1,1030,2024,190,"Turkmenistan","TKM","TKM",155,"Portugal","POR","PRT",10,"0","0","-","0","0","0"
1,"Z4QwXr",1,1031,2025,190,"Turkmenistan","TKM","TKM",155,"Portugal","POR","PRT",10,"0","0","-","0","0","0"
1,"Z4QwXr",1,1032,2022,191,"Timor-Leste","TMP","TLS",155,"Portugal","POR","PRT","0",7,"0","-","0","0","0"
1,"Z4QwXr",1,1033,2023,191,"Timor-Leste","TMP","TLS",155,"Portugal","POR","PRT","0",5,"0","-","0","0","0"
1,"Z4QwXr",1,1034,2024,191,"Timor-Leste","TMP","TLS",155,"Portugal","POR","PRT","0",5,"0","-","0","0","0"
1,"Z4QwXr",1,1035,2025,191,"Timor-Leste","TMP","TLS",155,"Portugal","POR","PRT","0",5,"0","-","0","0","0"
1,"Z4QwXr",1,1036,2014,192,"Togo","TOG","TGO",155,"Portugal","POR","PRT",5,5,"0","-","0","0","0"
1,"Z4QwXr",1,1037,2015,192,"Togo","TOG","TGO",155,"Portugal","POR","PRT",5,5,"0","-","0","0","0"
1,"Z4QwXr",1,1038,2016,192,"Togo","TOG","TGO",155,"Portugal","POR","PRT",6,"0","0","-","0","0","0"
1,"Z4QwXr",1,1039,2017,192,"Togo","TOG","TGO",155,"Portugal","POR","PRT",6,"0","0","-","0","0","0"
1,"Z4QwXr",1,1040,2018,192,"Togo","TOG","TGO",155,"Portugal","POR","PRT",6,"0","0","-","0","0","0"
1,"Z4QwXr",1,1041,2019,192,"Togo","TOG","TGO",155,"Portugal","POR","PRT",7,13,"0","-","0","0","0"
1,"Z4QwXr",1,1042,2020,192,"Togo","TOG","TGO",155,"Portugal","POR","PRT",6,13,"0","-","0","0","0"
1,"Z4QwXr",1,1043,2021,192,"Togo","TOG","TGO",155,"Portugal","POR","PRT",7,14,"0","-","0","0","0"
1,"Z4QwXr",1,1044,2022,192,"Togo","TOG","TGO",155,"Portugal","POR","PRT",8,"0","0","-","0","0","0"
1,"Z4QwXr",1,1045,2023,192,"Togo","TOG","TGO",155,"Portugal","POR","PRT",10,"0","0","-","0","0","0"
1,"Z4QwXr",1,1046,2024,192,"Togo","TOG","TGO",155,"Portugal","POR","PRT",8,"0","0","-","0","0","0"
1,"Z4QwXr",1,1047,2025,192,"Togo","TOG","TGO",155,"Portugal","POR","PRT",8,"0","0","-","0","0","0"
1,"Z4QwXr",1,1048,2015,195,"Tunisia","TUN","TUN",155,"Portugal","POR","PRT","0",5,"0","-","0","0","0"
1,"Z4QwXr",1,1049,2016,195,"Tunisia","TUN","TUN",155,"Portugal","POR","PRT","0",5,"0","-","0","0","0"
1,"Z4QwXr",1,1050,2022,195,"Tunisia","TUN","TUN",155,"Portugal","POR","PRT",84,"0","0","-","0","0","0"
1,"Z4QwXr",1,1051,2023,195,"Tunisia","TUN","TUN",155,"Portugal","POR","PRT",51,8,"0","-","0","0","0"
1,"Z4QwXr",1,1052,2024,195,"Tunisia","TUN","TUN",155,"Portugal","POR","PRT",51,11,"0","-","0","0","0"
1,"Z4QwXr",1,1053,2025,195,"Tunisia","TUN","TUN",155,"Portugal","POR","PRT",41,12,"0","-","0","0","0"
1,"Z4QwXr",1,1054,2011,196,"Türkiye","TUR","TUR",155,"Portugal","POR","PRT",5,"0","0","-","0","0","0"
1,"Z4QwXr",1,1055,2012,196,"Türkiye","TUR","TUR",155,"Portugal","POR","PRT",5,"0","0","-","0","0","0"
1,"Z4QwXr",1,1056,2013,196,"Türkiye","TUR","TUR",155,"Portugal","POR","PRT",5,"0","0","-","0","0","0"
1,"Z4QwXr",1,1057,2014,196,"Türkiye","TUR","TUR",155,"Portugal","POR","PRT",5,"0","0","-","0","0","0"
1,"Z4QwXr",1,1058,2015,196,"Türkiye","TUR","TUR",155,"Portugal","POR","PRT",5,"0","0","-","0","0","0"
1,"Z4QwXr",1,1059,2016,196,"Türkiye","TUR","TUR",155,"Portugal","POR","PRT",5,5,"0","-","0","0","0"
1,"Z4QwXr",1,1060,2017,196,"Türkiye","TUR","TUR",155,"Portugal","POR","PRT",5,"0","0","-","0","0","0"
1,"Z4QwXr",1,1061,2018,196,"Türkiye","TUR","TUR",155,"Portugal","POR","PRT",5,"0","0","-","0","0","0"
1,"Z4QwXr",1,1062,2019,196,"Türkiye","TUR","TUR",155,"Portugal","POR","PRT",8,10,"0","-","0","0","0"
1,"Z4QwXr",1,1063,2020,196,"Türkiye","TUR","TUR",155,"Portugal","POR","PRT",23,"0","0","-","0","0","0"
1,"Z4QwXr",1,1064,2021,196,"Türkiye","TUR","TUR",155,"Portugal","POR","PRT",29,13,"0","-","0","0","0"
1,"Z4QwXr",1,1065,2022,196,"Türkiye","TUR","TUR",155,"Portugal","POR","PRT",83,13,"0","-","0","0","0"
1,"Z4QwXr",1,1066,2023,196,"Türkiye","TUR","TUR",155,"Portugal","POR","PRT",66,11,"0","-","0","0","0"
1,"Z4QwXr",1,1067,2024,196,"Türkiye","TUR","TUR",155,"Portugal","POR","PRT",69,21,"0","-","0","0","0"
1,"Z4QwXr",1,1068,2025,196,"Türkiye","TUR","TUR",155,"Portugal","POR","PRT",64,25,"0","-","0","0","0"
1,"Z4QwXr",1,1069,2011,199,"Uganda","UGA","UGA",155,"Portugal","POR","PRT","0",5,"0","-","0","0","0"
1,"Z4QwXr",1,1070,2013,199,"Uganda","UGA","UGA",155,"Portugal","POR","PRT",5,"0","0","-","0","0","0"
1,"Z4QwXr",1,1071,2014,199,"Uganda","UGA","UGA",155,"Portugal","POR","PRT",5,"0","0","-","0","0","0"
1,"Z4QwXr",1,1072,2015,199,"Uganda","UGA","UGA",155,"Portugal","POR","PRT",5,"0","0","-","0","0","0"
1,"Z4QwXr",1,1073,2016,199,"Uganda","UGA","UGA",155,"Portugal","POR","PRT",5,"0","0","-","0","0","0"
1,"Z4QwXr",1,1074,2017,199,"Uganda","UGA","UGA",155,"Portugal","POR","PRT",5,"0","0","-","0","0","0"
1,"Z4QwXr",1,1075,2018,199,"Uganda","UGA","UGA",155,"Portugal","POR","PRT",5,"0","0","-","0","0","0"
1,"Z4QwXr",1,1076,2019,199,"Uganda","UGA","UGA",155,"Portugal","POR","PRT",5,"0","0","-","0","0","0"
1,"Z4QwXr",1,1077,2020,199,"Uganda","UGA","UGA",155,"Portugal","POR","PRT",5,"0","0","-","0","0","0"
1,"Z4QwXr",1,1078,2021,199,"Uganda","UGA","UGA",155,"Portugal","POR","PRT",5,"0","0","-","0","0","0"
1,"Z4QwXr",1,1079,2022,199,"Uganda","UGA","UGA",155,"Portugal","POR","PRT",7,"0","0","-","0","0","0"
1,"Z4QwXr",1,1080,2023,199,"Uganda","UGA","UGA",155,"Portugal","POR","PRT",5,"0","0","-","0","0","0"
1,"Z4QwXr",1,1081,2024,199,"Uganda","UGA","UGA",155,"Portugal","POR","PRT",5,"0","0","-","0","0","0"
1,"Z4QwXr",1,1082,2025,199,"Uganda","UGA","UGA",155,"Portugal","POR","PRT",5,"0","0","-","0","0","0"
1,"Z4QwXr",1,1083,2011,200,"Ukraine","UKR","UKR",155,"Portugal","POR","PRT","0",5,"0","-","0","0","0"
1,"Z4QwXr",1,1084,2012,200,"Ukraine","UKR","UKR",155,"Portugal","POR","PRT","0",5,"0","-","0","0","0"
1,"Z4QwXr",1,1085,2013,200,"Ukraine","UKR","UKR",155,"Portugal","POR","PRT","0",5,"0","-","0","0","0"
1,"Z4QwXr",1,1086,2014,200,"Ukraine","UKR","UKR",155,"Portugal","POR","PRT",16,137,"0","-","0","0","0"
1,"Z4QwXr",1,1087,2015,200,"Ukraine","UKR","UKR",155,"Portugal","POR","PRT",134,219,"0","-","0","0","0"
1,"Z4QwXr",1,1088,2016,200,"Ukraine","UKR","UKR",155,"Portugal","POR","PRT",328,99,"0","-","0","0","0"
1,"Z4QwXr",1,1089,2017,200,"Ukraine","UKR","UKR",155,"Portugal","POR","PRT",373,"0","0","-","0","0","0"
1,"Z4QwXr",1,1090,2018,200,"Ukraine","UKR","UKR",155,"Portugal","POR","PRT",423,15,"0","-","0","0","0"
1,"Z4QwXr",1,1091,2019,200,"Ukraine","UKR","UKR",155,"Portugal","POR","PRT",436,93,"0","-","0","0","0"
1,"Z4QwXr",1,1092,2020,200,"Ukraine","UKR","UKR",155,"Portugal","POR","PRT",443,59,"0","-","0","0","0"
1,"Z4QwXr",1,1093,2021,200,"Ukraine","UKR","UKR",155,"Portugal","POR","PRT",447,40,"0","-","0","0","0"
1,"Z4QwXr",1,1094,2022,200,"Ukraine","UKR","UKR",155,"Portugal","POR","PRT",44960,29,"0","-","0","0","0"
1,"Z4QwXr",1,1095,2023,200,"Ukraine","UKR","UKR",155,"Portugal","POR","PRT",51566,17,"0","-","0","0","0"
1,"Z4QwXr",1,1096,2024,200,"Ukraine","UKR","UKR",155,"Portugal","POR","PRT",57141,16,"0","-","0","0","0"
1,"Z4QwXr",1,1097,2025,200,"Ukraine","UKR","UKR",155,"Portugal","POR","PRT",55872,20,"0","-","0","0","0"
1,"Z4QwXr",1,1098,2020,202,"United States of America","USA","USA",155,"Portugal","POR","PRT","0",5,"0","-","0","0","0"
1,"Z4QwXr",1,1099,2021,202,"United States of America","USA","USA",155,"Portugal","POR","PRT","0",5,"0","-","0","0","0"
1,"Z4QwXr",1,1100,2022,202,"United States of America","USA","USA",155,"Portugal","POR","PRT",67,"0","0","-","0","0","0"
1,"Z4QwXr",1,1101,2023,202,"United States of America","USA","USA",155,"Portugal","POR","PRT",74,5,"0","-","0","0","0"
1,"Z4QwXr",1,1102,2024,202,"United States of America","USA","USA",155,"Portugal","POR","PRT",75,5,"0","-","0","0","0"
1,"Z4QwXr",1,1103,2025,202,"United States of America","USA","USA",155,"Portugal","POR","PRT",70,17,"0","-","0","0","0"
1,"Z4QwXr",1,1104,2009,203,"Uzbekistan","UZB","UZB",155,"Portugal","POR","PRT",5,"0","0","-","0","0","0"
1,"Z4QwXr",1,1105,2010,203,"Uzbekistan","UZB","UZB",155,"Portugal","POR","PRT",5,"0","0","-","0","0","0"
1,"Z4QwXr",1,1106,2011,203,"Uzbekistan","UZB","UZB",155,"Portugal","POR","PRT",5,"0","0","-","0","0","0"
1,"Z4QwXr",1,1107,2012,203,"Uzbekistan","UZB","UZB",155,"Portugal","POR","PRT",5,"0","0","-","0","0","0"
1,"Z4QwXr",1,1108,2013,203,"Uzbekistan","UZB","UZB",155,"Portugal","POR","PRT",5,"0","0","-","0","0","0"
1,"Z4QwXr",1,1109,2022,203,"Uzbekistan","UZB","UZB",155,"Portugal","POR","PRT",17,"0","0","-","0","0","0"
1,"Z4QwXr",1,1110,2023,203,"Uzbekistan","UZB","UZB",155,"Portugal","POR","PRT",16,"0","0","-","0","0","0"
1,"Z4QwXr",1,1111,2024,203,"Uzbekistan","UZB","UZB",155,"Portugal","POR","PRT",15,"0","0","-","0","0","0"
1,"Z4QwXr",1,1112,2025,203,"Uzbekistan","UZB","UZB",155,"Portugal","POR","PRT",15,5,"0","-","0","0","0"
1,"Z4QwXr",1,1113,2016,207,"Venezuela (Bolivarian Republic of)","VEN","VEN",155,"Portugal","POR","PRT","0",5,"0","-","0","0","0"
1,"Z4QwXr",1,1114,2019,207,"Venezuela (Bolivarian Republic of)","VEN","VEN",155,"Portugal","POR","PRT","0",67,"0","-","0","0","0"
1,"Z4QwXr",1,1115,2020,207,"Venezuela (Bolivarian Republic of)","VEN","VEN",155,"Portugal","POR","PRT","0",76,"0","-","0","0","0"
1,"Z4QwXr",1,1116,2021,207,"Venezuela (Bolivarian Republic of)","VEN","VEN",155,"Portugal","POR","PRT","0",76,"0","-","0","0","0"
1,"Z4QwXr",1,1117,2022,207,"Venezuela (Bolivarian Republic of)","VEN","VEN",155,"Portugal","POR","PRT",5,27,"0","-","0","0","0"
1,"Z4QwXr",1,1118,2023,207,"Venezuela (Bolivarian Republic of)","VEN","VEN",155,"Portugal","POR","PRT",5,41,"0","-","0","0","0"
1,"Z4QwXr",1,1119,2024,207,"Venezuela (Bolivarian Republic of)","VEN","VEN",155,"Portugal","POR","PRT",5,116,"0","-","0","0","0"
1,"Z4QwXr",1,1120,2025,207,"Venezuela (Bolivarian Republic of)","VEN","VEN",155,"Portugal","POR","PRT",5,116,"0","-","0","0","0"
1,"Z4QwXr",1,1121,2016,211,"Yemen","YEM","YEM",155,"Portugal","POR","PRT","0",5,"0","-","0","0","0"
1,"Z4QwXr",1,1122,2018,211,"Yemen","YEM","YEM",155,"Portugal","POR","PRT",7,"0","0","-","0","0","0"
1,"Z4QwXr",1,1123,2019,211,"Yemen","YEM","YEM",155,"Portugal","POR","PRT",9,"0","0","-","0","0","0"
1,"Z4QwXr",1,1124,2020,211,"Yemen","YEM","YEM",155,"Portugal","POR","PRT",9,"0","0","-","0","0","0"
1,"Z4QwXr",1,1125,2021,211,"Yemen","YEM","YEM",155,"Portugal","POR","PRT",9,"0","0","-","0","0","0"
1,"Z4QwXr",1,1126,2022,211,"Yemen","YEM","YEM",155,"Portugal","POR","PRT",18,"0","0","-","0","0","0"
1,"Z4QwXr",1,1127,2023,211,"Yemen","YEM","YEM",155,"Portugal","POR","PRT",13,"0","0","-","0","0","0"
1,"Z4QwXr",1,1128,2024,211,"Yemen","YEM","YEM",155,"Portugal","POR","PRT",13,"0","0","-","0","0","0"
1,"Z4QwXr",1,1129,2025,211,"Yemen","YEM","YEM",155,"Portugal","POR","PRT",13,"0","0","-","0","0","0"
1,"Z4QwXr",1,1130,2022,213,"Zambia","ZAM","ZMB",155,"Portugal","POR","PRT",22,"0","0","-","0","0","0"
1,"Z4QwXr",1,1131,2023,213,"Zambia","ZAM","ZMB",155,"Portugal","POR","PRT",17,"0","0","-","0","0","0"
1,"Z4QwXr",1,1132,2024,213,"Zambia","ZAM","ZMB",155,"Portugal","POR","PRT",15,"0","0","-","0","0","0"
1,"Z4QwXr",1,1133,2025,213,"Zambia","ZAM","ZMB",155,"Portugal","POR","PRT",15,"0","0","-","0","0","0"
1,"Z4QwXr",1,1134,2001,214,"Zimbabwe","ZIM","ZWE",155,"Portugal","POR","PRT",5,"0","0","-","0","0","0"
1,"Z4QwXr",1,1135,2002,214,"Zimbabwe","ZIM","ZWE",155,"Portugal","POR","PRT",5,"0","0","-","0","0","0"
1,"Z4QwXr",1,1136,2003,214,"Zimbabwe","ZIM","ZWE",155,"Portugal","POR","PRT",5,"0","0","-","0","0","0"
1,"Z4QwXr",1,1137,2004,214,"Zimbabwe","ZIM","ZWE",155,"Portugal","POR","PRT",5,"0","0","-","0","0","0"
1,"Z4QwXr",1,1138,2005,214,"Zimbabwe","ZIM","ZWE",155,"Portugal","POR","PRT",5,"0","0","-","0","0","0"
1,"Z4QwXr",1,1139,2006,214,"Zimbabwe","ZIM","ZWE",155,"Portugal","POR","PRT",5,"0","0","-","0","0","0"
1,"Z4QwXr",1,1140,2007,214,"Zimbabwe","ZIM","ZWE",155,"Portugal","POR","PRT",5,"0","0","-","0","0","0"
1,"Z4QwXr",1,1141,2008,214,"Zimbabwe","ZIM","ZWE",155,"Portugal","POR","PRT",5,"0","0","-","0","0","0"
1,"Z4QwXr",1,1142,2009,214,"Zimbabwe","ZIM","ZWE",155,"Portugal","POR","PRT",5,"0","0","-","0","0","0"
1,"Z4QwXr",1,1143,2010,214,"Zimbabwe","ZIM","ZWE",155,"Portugal","POR","PRT",5,"0","0","-","0","0","0"
1,"Z4QwXr",1,1144,2022,214,"Zimbabwe","ZIM","ZWE",155,"Portugal","POR","PRT",70,"0","0","-","0","0","0"
1,"Z4QwXr",1,1145,2023,214,"Zimbabwe","ZIM","ZWE",155,"Portugal","POR","PRT",58,7,"0","-","0","0","0"
1,"Z4QwXr",1,1146,2024,214,"Zimbabwe","ZIM","ZWE",155,"Portugal","POR","PRT",60,6,"0","-","0","0","0"
1,"Z4QwXr",1,1147,2025,214,"Zimbabwe","ZIM","ZWE",155,"Portugal","POR","PRT",55,6,"0","-","0","0","0"
1,"Z4QwXr",1,1148,2008,216,"Stateless","STA","XXA",155,"Portugal","POR","PRT","0","0","0","-",273,"0","0"
1,"Z4QwXr",1,1149,2009,216,"Stateless","STA","XXA",155,"Portugal","POR","PRT","0","0","0","-",31,"0","0"
1,"Z4QwXr",1,1150,2010,216,"Stateless","STA","XXA",155,"Portugal","POR","PRT","0","0","0","-",31,"0","0"
1,"Z4QwXr",1,1151,2011,216,"Stateless","STA","XXA",155,"Portugal","POR","PRT","0","0","0","-",31,"0","0"
1,"Z4QwXr",1,1152,2012,216,"Stateless","STA","XXA",155,"Portugal","POR","PRT","0","0","0","-",553,"0","0"
1,"Z4QwXr",1,1153,2013,216,"Stateless","STA","XXA",155,"Portugal","POR","PRT","0","0","0","-",553,"0","0"
1,"Z4QwXr",1,1154,2014,216,"Stateless","STA","XXA",155,"Portugal","POR","PRT","0","0","0","-",14,"0","0"
1,"Z4QwXr",1,1155,2015,216,"Stateless","STA","XXA",155,"Portugal","POR","PRT","0","0","0","-",14,"0","0"
1,"Z4QwXr",1,1156,2016,216,"Stateless","STA","XXA",155,"Portugal","POR","PRT","0","0","0","-",14,"0","0"
1,"Z4QwXr",1,1157,2017,216,"Stateless","STA","XXA",155,"Portugal","POR","PRT","0","0","0","-",14,"0","0"
1,"Z4QwXr",1,1158,2018,216,"Stateless","STA","XXA",155,"Portugal","POR","PRT",25,"0","0","-",14,"0","0"
1,"Z4QwXr",1,1159,2019,216,"Stateless","STA","XXA",155,"Portugal","POR","PRT",31,5,"0","-",50,"0",14
1,"Z4QwXr",1,1160,2020,216,"Stateless","STA","XXA",155,"Portugal","POR","PRT",31,"0","0","-",45,"0",14
1,"Z4QwXr",1,1161,2021,216,"Stateless","STA","XXA",155,"Portugal","POR","PRT",31,"0","0","-",45,"0",14
1,"Z4QwXr",1,1162,2022,216,"Stateless","STA","XXA",155,"Portugal","POR","PRT",24,"0","0","-",24,"0","0"
1,"Z4QwXr",1,1163,2023,216,"Stateless","STA","XXA",155,"Portugal","POR","PRT",31,"0","0","-",31,"0","0"
1,"Z4QwXr",1,1164,2024,216,"Stateless","STA","XXA",155,"Portugal","POR","PRT",31,"0","0","-",31,"0","0"
1,"Z4QwXr",1,1165,2025,216,"Stateless","STA","XXA",155,"Portugal","POR","PRT",31,"0","0","-",31,"0","0"
1,"Z4QwXr",1,1166,1975,262,"Unknown ","UKN","UNK",155,"Portugal","POR","PRT",150,"0","0","-","0","0","0"
1,"Z4QwXr",1,1167,1977,262,"Unknown ","UKN","UNK",155,"Portugal","POR","PRT",7500,"0","0","-","0","0","0"
1,"Z4QwXr",1,1168,1978,262,"Unknown ","UKN","UNK",155,"Portugal","POR","PRT",7500,"0","0","-","0","0","0"
1,"Z4QwXr",1,1169,1979,262,"Unknown ","UKN","UNK",155,"Portugal","POR","PRT",7600,"0","0","-","0","0","0"
1,"Z4QwXr",1,1170,1980,262,"Unknown ","UKN","UNK",155,"Portugal","POR","PRT",7600,"0","0","-","0","0","0"
1,"Z4QwXr",1,1171,1981,262,"Unknown ","UKN","UNK",155,"Portugal","POR","PRT",7600,"0","0","-","0","0","0"
1,"Z4QwXr",1,1172,1982,262,"Unknown ","UKN","UNK",155,"Portugal","POR","PRT",7600,"0","0","-","0","0","0"
1,"Z4QwXr",1,1173,1983,262,"Unknown ","UKN","UNK",155,"Portugal","POR","PRT",700,"0","0","-","0","0","0"
1,"Z4QwXr",1,1174,1984,262,"Unknown ","UKN","UNK",155,"Portugal","POR","PRT",600,"0","0","-","0","0","0"
1,"Z4QwXr",1,1175,1985,262,"Unknown ","UKN","UNK",155,"Portugal","POR","PRT",700,"0","0","-","0","0","0"
1,"Z4QwXr",1,1176,1986,262,"Unknown ","UKN","UNK",155,"Portugal","POR","PRT",800,"0","0","-","0","0","0"
1,"Z4QwXr",1,1177,1987,262,"Unknown ","UKN","UNK",155,"Portugal","POR","PRT",800,"0","0","-","0","0","0"
1,"Z4QwXr",1,1178,1988,262,"Unknown ","UKN","UNK",155,"Portugal","POR","PRT",789,"0","0","-","0","0","0"
1,"Z4QwXr",1,1179,1989,262,"Unknown ","UKN","UNK",155,"Portugal","POR","PRT",657,"0","0","-","0","0","0"
1,"Z4QwXr",1,1180,1990,262,"Unknown ","UKN","UNK",155,"Portugal","POR","PRT",867,"0","0","-","0","0","0"
1,"Z4QwXr",1,1181,1991,262,"Unknown ","UKN","UNK",155,"Portugal","POR","PRT",998,"0","0","-","0","0","0"
1,"Z4QwXr",1,1182,1992,262,"Unknown ","UKN","UNK",155,"Portugal","POR","PRT",1778,"0","0","-","0","0","0"
1,"Z4QwXr",1,1183,1993,262,"Unknown ","UKN","UNK",155,"Portugal","POR","PRT",600,"0","0","-","0","0","0"
1,"Z4QwXr",1,1184,1994,262,"Unknown ","UKN","UNK",155,"Portugal","POR","PRT",248,"0","0","-","0","0","0"
1,"Z4QwXr",1,1185,1995,262,"Unknown ","UKN","UNK",155,"Portugal","POR","PRT",248,"0","0","-","0","0","0"
1,"Z4QwXr",1,1186,1996,262,"Unknown ","UKN","UNK",155,"Portugal","POR","PRT",109,"0","0","-","0","0","0"
1,"Z4QwXr",1,1187,1997,262,"Unknown ","UKN","UNK",155,"Portugal","POR","PRT",104,"0","0","-","0","0","0"
1,"Z4QwXr",1,1188,1998,262,"Unknown ","UKN","UNK",155,"Portugal","POR","PRT",136,"0","0","-","0","0","0"
1,"Z4QwXr",1,1189,1999,262,"Unknown ","UKN","UNK",155,"Portugal","POR","PRT",92,"0","0","-","0","0","0"
1,"Z4QwXr",1,1190,2000,262,"Unknown ","UKN","UNK",155,"Portugal","POR","PRT",127,"0","0","-","0","0","0"
1,"Z4QwXr",1,1191,2001,262,"Unknown ","UKN","UNK",155,"Portugal","POR","PRT",115,"0","0","-","0","0","0"
1,"Z4QwXr",1,1192,2002,262,"Unknown ","UKN","UNK",155,"Portugal","POR","PRT",114,"0","0","-","0","0","0"
1,"Z4QwXr",1,1193,2003,262,"Unknown ","UKN","UNK",155,"Portugal","POR","PRT",97,"0","0","-","0","0","0"
1,"Z4QwXr",1,1194,2004,262,"Unknown ","UKN","UNK",155,"Portugal","POR","PRT",48,"0","0","-","0","0","0"
1,"Z4QwXr",1,1195,2005,262,"Unknown ","UKN","UNK",155,"Portugal","POR","PRT",65,"0","0","-","0","0","0"
1,"Z4QwXr",1,1196,2006,262,"Unknown ","UKN","UNK",155,"Portugal","POR","PRT",56,"0","0","-","0","0","0"
1,"Z4QwXr",1,1197,2007,262,"Unknown ","UKN","UNK",155,"Portugal","POR","PRT",56,"0","0","-","0","0","0"
1,"Z4QwXr",1,1198,2008,262,"Unknown ","UKN","UNK",155,"Portugal","POR","PRT",24,"0","0","-","0","0","0"
1,"Z4QwXr",1,1199,2009,262,"Unknown ","UKN","UNK",155,"Portugal","POR","PRT",24,"0","0","-","0","0","0"
1,"Z4QwXr",1,1200,2010,262,"Unknown ","UKN","UNK",155,"Portugal","POR","PRT",24,"0","0","-","0","0","0"
1,"Z4QwXr",1,1201,2011,262,"Unknown ","UKN","UNK",155,"Portugal","POR","PRT",24,"0","0","-","0","0","0"
1,"Z4QwXr",1,1202,2012,262,"Unknown ","UKN","UNK",155,"Portugal","POR","PRT",24,"0","0","-","0","0","0"
1,"Z4QwXr",1,1203,2013,262,"Unknown ","UKN","UNK",155,"Portugal","POR","PRT",24,"0","0","-","0","0","0"
1,"Z4QwXr",1,1204,2014,262,"Unknown ","UKN","UNK",155,"Portugal","POR","PRT",24,"0","0","-","0","0","0"
1,"Z4QwXr",1,1205,2020,262,"Unknown ","UKN","UNK",155,"Portugal","POR","PRT","0",8,"0","-","0","0","0"
1,"Z4QwXr",1,1206,2021,262,"Unknown ","UKN","UNK",155,"Portugal","POR","PRT","0",10,"0","-","0","0","0"
1,"Z4QwXr",1,1207,2022,262,"Unknown ","UKN","UNK",155,"Portugal","POR","PRT",28,"0","0","-","0","0","0"
1,"Z4QwXr",1,1208,2023,262,"Unknown ","UKN","UNK",155,"Portugal","POR","PRT",28,"0","0","-","0","0","0"
1,"Z4QwXr",1,1209,2024,262,"Unknown ","UKN","UNK",155,"Portugal","POR","PRT",45,"0","0","-","0","0","0"
1,"Z4QwXr",1,1210,2025,262,"Unknown ","UKN","UNK",155,"Portugal","POR","PRT",35,"0","0","-","0","0","0"
