"page","short-url","maxPages","items","year","coo_id","coo_name","coo","coo_iso","coa_id","coa_name","coa","coa_iso","refugees","asylum_seekers","returned_refugees","idps","returned_idps","stateless","ooc","oip","hst"
1,"75ayTB",1,1,2000,2,"Afghanistan","AFG","AFG",159,"South Africa","RSA","ZAF",5,8,"0","0","0","0","0","-","0"
1,"75ayTB",1,2,2001,2,"Afghanistan","AFG","AFG",159,"South Africa","RSA","ZAF",10,5,"0","0","0","0","0","-","0"
1,"75ayTB",1,3,2002,2,"Afghanistan","AFG","AFG",159,"South Africa","RSA","ZAF",15,7,"0","0","0","0","0","-","0"
1,"75ayTB",1,4,2003,2,"Afghanistan","AFG","AFG",159,"South Africa","RSA","ZAF",15,22,"0","0","0","0","0","-","0"
1,"75ayTB",1,5,2004,2,"Afghanistan","AFG","AFG",159,"South Africa","RSA","ZAF",15,22,"0","0","0","0","0","-","0"
1,"75ayTB",1,6,2005,2,"Afghanistan","AFG","AFG",159,"South Africa","RSA","ZAF",18,19,"0","0","0","0","0","-","0"
1,"75ayTB",1,7,2006,2,"Afghanistan","AFG","AFG",159,"South Africa","RSA","ZAF",18,"0","0","0","0","0","0","-","0"
1,"75ayTB",1,8,2007,2,"Afghanistan","AFG","AFG",159,"South Africa","RSA","ZAF",18,"0","0","0","0","0","0","-","0"
1,"75ayTB",1,9,2008,2,"Afghanistan","AFG","AFG",159,"South Africa","RSA","ZAF",18,"0","0","0","0","0","0","-","0"
1,"75ayTB",1,10,2009,2,"Afghanistan","AFG","AFG",159,"South Africa","RSA","ZAF",18,"0","0","0","0","0","0","-","0"
1,"75ayTB",1,11,2010,2,"Afghanistan","AFG","AFG",159,"South Africa","RSA","ZAF",18,"0","0","0","0","0","0","-","0"
1,"75ayTB",1,12,2011,2,"Afghanistan","AFG","AFG",159,"South Africa","RSA","ZAF",18,"0","0","0","0","0","0","-","0"
1,"75ayTB",1,13,2012,2,"Afghanistan","AFG","AFG",159,"South Africa","RSA","ZAF",20,"0","0","0","0","0","0","-","0"
1,"75ayTB",1,14,2013,2,"Afghanistan","AFG","AFG",159,"South Africa","RSA","ZAF",20,"0","0","0","0","0","0","-","0"
1,"75ayTB",1,15,2014,2,"Afghanistan","AFG","AFG",159,"South Africa","RSA","ZAF",10,5,"0","0","0","0","0","-","0"
1,"75ayTB",1,16,2015,2,"Afghanistan","AFG","AFG",159,"South Africa","RSA","ZAF",10,5,"0","0","0","0","0","-","0"
1,"75ayTB",1,17,2016,2,"Afghanistan","AFG","AFG",159,"South Africa","RSA","ZAF",6,"0","0","0","0","0","0","-","0"
1,"75ayTB",1,18,2019,2,"Afghanistan","AFG","AFG",159,"South Africa","RSA","ZAF","0",24,"0","0","0","0","0","-","0"
1,"75ayTB",1,19,2020,2,"Afghanistan","AFG","AFG",159,"South Africa","RSA","ZAF",5,20,"0","0","0","0","0","-","0"
1,"75ayTB",1,20,2021,2,"Afghanistan","AFG","AFG",159,"South Africa","RSA","ZAF",5,20,"0","0","0","0","0","-","0"
1,"75ayTB",1,21,2022,2,"Afghanistan","AFG","AFG",159,"South Africa","RSA","ZAF",5,13,"0","0","0","0","0","-","0"
1,"75ayTB",1,22,2023,2,"Afghanistan","AFG","AFG",159,"South Africa","RSA","ZAF",5,9,"0","0","0","0","0","-","0"
1,"75ayTB",1,23,2024,2,"Afghanistan","AFG","AFG",159,"South Africa","RSA","ZAF",5,5,"0","0","0","0","0","-","0"
1,"75ayTB",1,24,2025,2,"Afghanistan","AFG","AFG",159,"South Africa","RSA","ZAF",5,"0","0","0","0","0","0","-","0"
1,"75ayTB",1,25,2000,4,"Algeria","ALG","DZA",159,"South Africa","RSA","ZAF","0",108,"0","0","0","0","0","-","0"
1,"75ayTB",1,26,2001,4,"Algeria","ALG","DZA",159,"South Africa","RSA","ZAF","0",37,"0","0","0","0","0","-","0"
1,"75ayTB",1,27,2002,4,"Algeria","ALG","DZA",159,"South Africa","RSA","ZAF","0",44,"0","0","0","0","0","-","0"
1,"75ayTB",1,28,2003,4,"Algeria","ALG","DZA",159,"South Africa","RSA","ZAF","0",81,"0","0","0","0","0","-","0"
1,"75ayTB",1,29,2004,4,"Algeria","ALG","DZA",159,"South Africa","RSA","ZAF","0",81,"0","0","0","0","0","-","0"
1,"75ayTB",1,30,2005,4,"Algeria","ALG","DZA",159,"South Africa","RSA","ZAF","0",80,"0","0","0","0","0","-","0"
1,"75ayTB",1,31,2007,4,"Algeria","ALG","DZA",159,"South Africa","RSA","ZAF","0",168,"0","0","0","0","0","-","0"
1,"75ayTB",1,32,2008,4,"Algeria","ALG","DZA",159,"South Africa","RSA","ZAF","0",168,"0","0","0","0","0","-","0"
1,"75ayTB",1,33,2011,4,"Algeria","ALG","DZA",159,"South Africa","RSA","ZAF","0",16,"0","0","0","0","0","-","0"
1,"75ayTB",1,34,2012,4,"Algeria","ALG","DZA",159,"South Africa","RSA","ZAF","0",73,"0","0","0","0","0","-","0"
1,"75ayTB",1,35,2013,4,"Algeria","ALG","DZA",159,"South Africa","RSA","ZAF","0",112,"0","0","0","0","0","-","0"
1,"75ayTB",1,36,2014,4,"Algeria","ALG","DZA",159,"South Africa","RSA","ZAF",5,153,"0","0","0","0","0","-","0"
1,"75ayTB",1,37,2015,4,"Algeria","ALG","DZA",159,"South Africa","RSA","ZAF",5,242,"0","0","0","0","0","-","0"
1,"75ayTB",1,38,2016,4,"Algeria","ALG","DZA",159,"South Africa","RSA","ZAF",5,37,"0","0","0","0","0","-","0"
1,"75ayTB",1,39,2017,4,"Algeria","ALG","DZA",159,"South Africa","RSA","ZAF","0",12,"0","0","0","0","0","-","0"
1,"75ayTB",1,40,2018,4,"Algeria","ALG","DZA",159,"South Africa","RSA","ZAF","0",9,"0","0","0","0","0","-","0"
1,"75ayTB",1,41,2019,4,"Algeria","ALG","DZA",159,"South Africa","RSA","ZAF",5,230,"0","0","0","0","0","-","0"
1,"75ayTB",1,42,2020,4,"Algeria","ALG","DZA",159,"South Africa","RSA","ZAF",5,198,"0","0","0","0","0","-","0"
1,"75ayTB",1,43,2021,4,"Algeria","ALG","DZA",159,"South Africa","RSA","ZAF",5,184,"0","0","0","0","0","-","0"
1,"75ayTB",1,44,2022,4,"Algeria","ALG","DZA",159,"South Africa","RSA","ZAF",5,31,"0","0","0","0","0","-","0"
1,"75ayTB",1,45,2023,4,"Algeria","ALG","DZA",159,"South Africa","RSA","ZAF",5,42,"0","0","0","0","0","-","0"
1,"75ayTB",1,46,2024,4,"Algeria","ALG","DZA",159,"South Africa","RSA","ZAF",5,45,"0","0","0","0","0","-","0"
1,"75ayTB",1,47,2025,4,"Algeria","ALG","DZA",159,"South Africa","RSA","ZAF",5,40,"0","0","0","0","0","-","0"
1,"75ayTB",1,48,1994,6,"Angola","ANG","AGO",159,"South Africa","RSA","ZAF",581,"0","0","0","0","0","0","-","0"
1,"75ayTB",1,49,1995,6,"Angola","ANG","AGO",159,"South Africa","RSA","ZAF",3049,"0",5,"0","0","0","0","-","0"
1,"75ayTB",1,50,1996,6,"Angola","ANG","AGO",159,"South Africa","RSA","ZAF",3876,"0",308,"0","0","0","0","-","0"
1,"75ayTB",1,51,1997,6,"Angola","ANG","AGO",159,"South Africa","RSA","ZAF",2304,"0","0","0","0","0","0","-","0"
1,"75ayTB",1,52,1998,6,"Angola","ANG","AGO",159,"South Africa","RSA","ZAF",2502,"0","0","0","0","0","0","-","0"
1,"75ayTB",1,53,1999,6,"Angola","ANG","AGO",159,"South Africa","RSA","ZAF",3816,"0","0","0","0","0","0","-","0"
1,"75ayTB",1,54,2000,6,"Angola","ANG","AGO",159,"South Africa","RSA","ZAF",3897,371,"0","0","0","0","0","-","0"
1,"75ayTB",1,55,2001,6,"Angola","ANG","AGO",159,"South Africa","RSA","ZAF",4752,442,5,"0","0","0","0","-","0"
1,"75ayTB",1,56,2002,6,"Angola","ANG","AGO",159,"South Africa","RSA","ZAF",5291,5548,5,"0","0","0","0","-","0"
1,"75ayTB",1,57,2003,6,"Angola","ANG","AGO",159,"South Africa","RSA","ZAF",5773,5925,9,"0","0","0","0","-","0"
1,"75ayTB",1,58,2004,6,"Angola","ANG","AGO",159,"South Africa","RSA","ZAF",5774,6274,33,"0","0","0","0","-","0"
1,"75ayTB",1,59,2005,6,"Angola","ANG","AGO",159,"South Africa","RSA","ZAF",5764,6315,24,"0","0","0","0","-","0"
1,"75ayTB",1,60,2006,6,"Angola","ANG","AGO",159,"South Africa","RSA","ZAF",5759,"0",17,"0","0","0","0","-","0"
1,"75ayTB",1,61,2007,6,"Angola","ANG","AGO",159,"South Africa","RSA","ZAF",5752,65,10,"0","0","0","0","-","0"
1,"75ayTB",1,62,2008,6,"Angola","ANG","AGO",159,"South Africa","RSA","ZAF",5751,65,"0","0","0","0","0","-","0"
1,"75ayTB",1,63,2009,6,"Angola","ANG","AGO",159,"South Africa","RSA","ZAF",5758,"0","0","0","0","0","0","-","0"
1,"75ayTB",1,64,2010,6,"Angola","ANG","AGO",159,"South Africa","RSA","ZAF",5808,"0","0","0","0","0","0","-","0"
1,"75ayTB",1,65,2011,6,"Angola","ANG","AGO",159,"South Africa","RSA","ZAF",5808,6,"0","0","0","0","0","-","0"
1,"75ayTB",1,66,2012,6,"Angola","ANG","AGO",159,"South Africa","RSA","ZAF",5805,31,"0","0","0","0","0","-","0"
1,"75ayTB",1,67,2013,6,"Angola","ANG","AGO",159,"South Africa","RSA","ZAF","0",44,35,"0","0","0","0","-","0"
1,"75ayTB",1,68,2014,6,"Angola","ANG","AGO",159,"South Africa","RSA","ZAF","0",45,"0","0","0","0","0","-","0"
1,"75ayTB",1,69,2015,6,"Angola","ANG","AGO",159,"South Africa","RSA","ZAF",3042,220,"0","0","0","0","0","-","0"
1,"75ayTB",1,70,2016,6,"Angola","ANG","AGO",159,"South Africa","RSA","ZAF","0",172,"0","0","0","0","0","-","0"
1,"75ayTB",1,71,2017,6,"Angola","ANG","AGO",159,"South Africa","RSA","ZAF",25,"0","0","0","0","0","0","-","0"
1,"75ayTB",1,72,2018,6,"Angola","ANG","AGO",159,"South Africa","RSA","ZAF",25,"0","0","0","0","0","0","-","0"
1,"75ayTB",1,73,2019,6,"Angola","ANG","AGO",159,"South Africa","RSA","ZAF",23,12,"0","0","0","0","0","-","0"
1,"75ayTB",1,74,2020,6,"Angola","ANG","AGO",159,"South Africa","RSA","ZAF",24,12,"0","0","0","0","0","-","0"
1,"75ayTB",1,75,2021,6,"Angola","ANG","AGO",159,"South Africa","RSA","ZAF",24,11,"0","0","0","0","0","-","0"
1,"75ayTB",1,76,2022,6,"Angola","ANG","AGO",159,"South Africa","RSA","ZAF",22,5,"0","0","0","0","0","-","0"
1,"75ayTB",1,77,2023,6,"Angola","ANG","AGO",159,"South Africa","RSA","ZAF",21,"0","0","0","0","0","0","-","0"
1,"75ayTB",1,78,2024,6,"Angola","ANG","AGO",159,"South Africa","RSA","ZAF",24,5,"0","0","0","0","0","-","0"
1,"75ayTB",1,79,2025,6,"Angola","ANG","AGO",159,"South Africa","RSA","ZAF",24,8,"0","0","0","0","0","-","0"
1,"75ayTB",1,80,2000,8,"Egypt","ARE","EGY",159,"South Africa","RSA","ZAF","0",66,"0","0","0","0","0","-","0"
1,"75ayTB",1,81,2001,8,"Egypt","ARE","EGY",159,"South Africa","RSA","ZAF","0",29,"0","0","0","0","0","-","0"
1,"75ayTB",1,82,2002,8,"Egypt","ARE","EGY",159,"South Africa","RSA","ZAF","0",271,"0","0","0","0","0","-","0"
1,"75ayTB",1,83,2003,8,"Egypt","ARE","EGY",159,"South Africa","RSA","ZAF","0",461,"0","0","0","0","0","-","0"
1,"75ayTB",1,84,2004,8,"Egypt","ARE","EGY",159,"South Africa","RSA","ZAF","0",948,"0","0","0","0","0","-","0"
1,"75ayTB",1,85,2005,8,"Egypt","ARE","EGY",159,"South Africa","RSA","ZAF","0",1027,"0","0","0","0","0","-","0"
1,"75ayTB",1,86,2007,8,"Egypt","ARE","EGY",159,"South Africa","RSA","ZAF","0",206,"0","0","0","0","0","-","0"
1,"75ayTB",1,87,2008,8,"Egypt","ARE","EGY",159,"South Africa","RSA","ZAF","0",206,"0","0","0","0","0","-","0"
1,"75ayTB",1,88,2011,8,"Egypt","ARE","EGY",159,"South Africa","RSA","ZAF","0",173,"0","0","0","0","0","-","0"
1,"75ayTB",1,89,2012,8,"Egypt","ARE","EGY",159,"South Africa","RSA","ZAF","0",455,"0","0","0","0","0","-","0"
1,"75ayTB",1,90,2013,8,"Egypt","ARE","EGY",159,"South Africa","RSA","ZAF","0",523,"0","0","0","0","0","-","0"
1,"75ayTB",1,91,2014,8,"Egypt","ARE","EGY",159,"South Africa","RSA","ZAF",5,591,"0","0","0","0","0","-","0"
1,"75ayTB",1,92,2015,8,"Egypt","ARE","EGY",159,"South Africa","RSA","ZAF",5,700,"0","0","0","0","0","-","0"
1,"75ayTB",1,93,2016,8,"Egypt","ARE","EGY",159,"South Africa","RSA","ZAF",5,486,"0","0","0","0","0","-","0"
1,"75ayTB",1,94,2018,8,"Egypt","ARE","EGY",159,"South Africa","RSA","ZAF","0",9,"0","0","0","0","0","-","0"
1,"75ayTB",1,95,2019,8,"Egypt","ARE","EGY",159,"South Africa","RSA","ZAF",7,265,"0","0","0","0","0","-","0"
1,"75ayTB",1,96,2020,8,"Egypt","ARE","EGY",159,"South Africa","RSA","ZAF",7,240,"0","0","0","0","0","-","0"
1,"75ayTB",1,97,2021,8,"Egypt","ARE","EGY",159,"South Africa","RSA","ZAF",7,228,"0","0","0","0","0","-","0"
1,"75ayTB",1,98,2022,8,"Egypt","ARE","EGY",159,"South Africa","RSA","ZAF",5,56,"0","0","0","0","0","-","0"
1,"75ayTB",1,99,2023,8,"Egypt","ARE","EGY",159,"South Africa","RSA","ZAF",5,88,"0","0","0","0","0","-","0"
1,"75ayTB",1,100,2024,8,"Egypt","ARE","EGY",159,"South Africa","RSA","ZAF",5,89,"0","0","0","0","0","-","0"
1,"75ayTB",1,101,2025,8,"Egypt","ARE","EGY",159,"South Africa","RSA","ZAF",5,98,"0","0","0","0","0","-","0"
1,"75ayTB",1,102,2019,14,"Bahrain","BAH","BHR",159,"South Africa","RSA","ZAF","0",10,"0","0","0","0","0","-","0"
1,"75ayTB",1,103,2020,14,"Bahrain","BAH","BHR",159,"South Africa","RSA","ZAF","0",10,"0","0","0","0","0","-","0"
1,"75ayTB",1,104,2021,14,"Bahrain","BAH","BHR",159,"South Africa","RSA","ZAF","0",5,"0","0","0","0","0","-","0"
1,"75ayTB",1,105,1997,16,"Burundi","BDI","BDI",159,"South Africa","RSA","ZAF",389,"0","0","0","0","0","0","-","0"
1,"75ayTB",1,106,1998,16,"Burundi","BDI","BDI",159,"South Africa","RSA","ZAF",601,"0","0","0","0","0","0","-","0"
1,"75ayTB",1,107,1999,16,"Burundi","BDI","BDI",159,"South Africa","RSA","ZAF",604,"0","0","0","0","0","0","-","0"
1,"75ayTB",1,108,2000,16,"Burundi","BDI","BDI",159,"South Africa","RSA","ZAF",632,1165,"0","0","0","0","0","-","0"
1,"75ayTB",1,109,2001,16,"Burundi","BDI","BDI",159,"South Africa","RSA","ZAF",1439,335,"0","0","0","0","0","-","0"
1,"75ayTB",1,110,2002,16,"Burundi","BDI","BDI",159,"South Africa","RSA","ZAF",1715,1445,15,"0","0","0","0","-","0"
1,"75ayTB",1,111,2003,16,"Burundi","BDI","BDI",159,"South Africa","RSA","ZAF",1986,2034,13,"0","0","0","0","-","0"
1,"75ayTB",1,112,2004,16,"Burundi","BDI","BDI",159,"South Africa","RSA","ZAF",2075,2937,22,"0","0","0","0","-","0"
1,"75ayTB",1,113,2005,16,"Burundi","BDI","BDI",159,"South Africa","RSA","ZAF",2183,3754,58,"0","0","0","0","-","0"
1,"75ayTB",1,114,2006,16,"Burundi","BDI","BDI",159,"South Africa","RSA","ZAF",2196,"0",25,"0","0","0","0","-","0"
1,"75ayTB",1,115,2007,16,"Burundi","BDI","BDI",159,"South Africa","RSA","ZAF",2217,1719,29,"0","0","0","0","-","0"
1,"75ayTB",1,116,2008,16,"Burundi","BDI","BDI",159,"South Africa","RSA","ZAF",2155,1719,101,"0","0","0","0","-","0"
1,"75ayTB",1,117,2009,16,"Burundi","BDI","BDI",159,"South Africa","RSA","ZAF",2273,"0",21,"0","0","0","0","-","0"
1,"75ayTB",1,118,2010,16,"Burundi","BDI","BDI",159,"South Africa","RSA","ZAF",2412,"0",9,"0","0","0","0","-","0"
1,"75ayTB",1,119,2011,16,"Burundi","BDI","BDI",159,"South Africa","RSA","ZAF",2412,714,15,"0","0","0","0","-","0"
1,"75ayTB",1,120,2012,16,"Burundi","BDI","BDI",159,"South Africa","RSA","ZAF",2359,1459,13,"0","0","0","0","-","0"
1,"75ayTB",1,121,2013,16,"Burundi","BDI","BDI",159,"South Africa","RSA","ZAF",2330,1539,31,"0","0","0","0","-","0"
1,"75ayTB",1,122,2014,16,"Burundi","BDI","BDI",159,"South Africa","RSA","ZAF",3653,1358,7,"0","0","0","0","-","0"
1,"75ayTB",1,123,2015,16,"Burundi","BDI","BDI",159,"South Africa","RSA","ZAF",3819,1841,"0","0","0","0","0","-","0"
1,"75ayTB",1,124,2016,16,"Burundi","BDI","BDI",159,"South Africa","RSA","ZAF",2980,430,31,"0","0","0","0","-","0"
1,"75ayTB",1,125,2017,16,"Burundi","BDI","BDI",159,"South Africa","RSA","ZAF",3000,5865,"0","0","0","0","0","-","0"
1,"75ayTB",1,126,2018,16,"Burundi","BDI","BDI",159,"South Africa","RSA","ZAF",3033,6171,"0","0","0","0","0","-","0"
1,"75ayTB",1,127,2019,16,"Burundi","BDI","BDI",159,"South Africa","RSA","ZAF",2699,7171,"0","0","0","0","0","-","0"
1,"75ayTB",1,128,2020,16,"Burundi","BDI","BDI",159,"South Africa","RSA","ZAF",2636,6927,"0","0","0","0","0","-","0"
1,"75ayTB",1,129,2021,16,"Burundi","BDI","BDI",159,"South Africa","RSA","ZAF",2611,6752,26,"0","0","0","0","-","0"
1,"75ayTB",1,130,2022,16,"Burundi","BDI","BDI",159,"South Africa","RSA","ZAF",2360,4210,75,"0","0","0","0","-","0"
1,"75ayTB",1,131,2023,16,"Burundi","BDI","BDI",159,"South Africa","RSA","ZAF",2383,5228,128,"0","0","0","0","-","0"
1,"75ayTB",1,132,2024,16,"Burundi","BDI","BDI",159,"South Africa","RSA","ZAF",2554,5621,64,"0","0","0","0","-","0"
1,"75ayTB",1,133,2025,16,"Burundi","BDI","BDI",159,"South Africa","RSA","ZAF",2447,5652,"0","0","0","0","0","-","0"
1,"75ayTB",1,134,2000,18,"Benin","BEN","BEN",159,"South Africa","RSA","ZAF","0",82,"0","0","0","0","0","-","0"
1,"75ayTB",1,135,2001,18,"Benin","BEN","BEN",159,"South Africa","RSA","ZAF","0",15,"0","0","0","0","0","-","0"
1,"75ayTB",1,136,2002,18,"Benin","BEN","BEN",159,"South Africa","RSA","ZAF","0",44,"0","0","0","0","0","-","0"
1,"75ayTB",1,137,2003,18,"Benin","BEN","BEN",159,"South Africa","RSA","ZAF","0",67,"0","0","0","0","0","-","0"
1,"75ayTB",1,138,2004,18,"Benin","BEN","BEN",159,"South Africa","RSA","ZAF","0",81,"0","0","0","0","0","-","0"
1,"75ayTB",1,139,2005,18,"Benin","BEN","BEN",159,"South Africa","RSA","ZAF","0",93,"0","0","0","0","0","-","0"
1,"75ayTB",1,140,2007,18,"Benin","BEN","BEN",159,"South Africa","RSA","ZAF","0",35,"0","0","0","0","0","-","0"
1,"75ayTB",1,141,2008,18,"Benin","BEN","BEN",159,"South Africa","RSA","ZAF","0",35,"0","0","0","0","0","-","0"
1,"75ayTB",1,142,2011,18,"Benin","BEN","BEN",159,"South Africa","RSA","ZAF","0",6,"0","0","0","0","0","-","0"
1,"75ayTB",1,143,2012,18,"Benin","BEN","BEN",159,"South Africa","RSA","ZAF","0",25,"0","0","0","0","0","-","0"
1,"75ayTB",1,144,2013,18,"Benin","BEN","BEN",159,"South Africa","RSA","ZAF","0",26,"0","0","0","0","0","-","0"
1,"75ayTB",1,145,2014,18,"Benin","BEN","BEN",159,"South Africa","RSA","ZAF","0",32,"0","0","0","0","0","-","0"
1,"75ayTB",1,146,2015,18,"Benin","BEN","BEN",159,"South Africa","RSA","ZAF","0",60,"0","0","0","0","0","-","0"
1,"75ayTB",1,147,2016,18,"Benin","BEN","BEN",159,"South Africa","RSA","ZAF","0",10,"0","0","0","0","0","-","0"
1,"75ayTB",1,148,2019,18,"Benin","BEN","BEN",159,"South Africa","RSA","ZAF",5,47,"0","0","0","0","0","-","0"
1,"75ayTB",1,149,2020,18,"Benin","BEN","BEN",159,"South Africa","RSA","ZAF",5,36,"0","0","0","0","0","-","0"
1,"75ayTB",1,150,2021,18,"Benin","BEN","BEN",159,"South Africa","RSA","ZAF",5,36,"0","0","0","0","0","-","0"
1,"75ayTB",1,151,2022,18,"Benin","BEN","BEN",159,"South Africa","RSA","ZAF",5,10,"0","0","0","0","0","-","0"
1,"75ayTB",1,152,2023,18,"Benin","BEN","BEN",159,"South Africa","RSA","ZAF",5,11,"0","0","0","0","0","-","0"
1,"75ayTB",1,153,2024,18,"Benin","BEN","BEN",159,"South Africa","RSA","ZAF",5,11,"0","0","0","0","0","-","0"
1,"75ayTB",1,154,2025,18,"Benin","BEN","BEN",159,"South Africa","RSA","ZAF",5,10,"0","0","0","0","0","-","0"
1,"75ayTB",1,155,1995,20,"Bangladesh","BGD","BGD",159,"South Africa","RSA","ZAF",100,"0","0","0","0","0","0","-","0"
1,"75ayTB",1,156,1996,20,"Bangladesh","BGD","BGD",159,"South Africa","RSA","ZAF",452,"0","0","0","0","0","0","-","0"
1,"75ayTB",1,157,2000,20,"Bangladesh","BGD","BGD",159,"South Africa","RSA","ZAF","0",418,"0","0","0","0","0","-","0"
1,"75ayTB",1,158,2001,20,"Bangladesh","BGD","BGD",159,"South Africa","RSA","ZAF","0",423,"0","0","0","0","0","-","0"
1,"75ayTB",1,159,2002,20,"Bangladesh","BGD","BGD",159,"South Africa","RSA","ZAF","0",1442,"0","0","0","0","0","-","0"
1,"75ayTB",1,160,2003,20,"Bangladesh","BGD","BGD",159,"South Africa","RSA","ZAF","0",3279,"0","0","0","0","0","-","0"
1,"75ayTB",1,161,2004,20,"Bangladesh","BGD","BGD",159,"South Africa","RSA","ZAF","0",4697,"0","0","0","0","0","-","0"
1,"75ayTB",1,162,2005,20,"Bangladesh","BGD","BGD",159,"South Africa","RSA","ZAF","0",6274,"0","0","0","0","0","-","0"
1,"75ayTB",1,163,2007,20,"Bangladesh","BGD","BGD",159,"South Africa","RSA","ZAF",7,4818,"0","0","0","0","0","-","0"
1,"75ayTB",1,164,2008,20,"Bangladesh","BGD","BGD",159,"South Africa","RSA","ZAF",7,4818,"0","0","0","0","0","-","0"
1,"75ayTB",1,165,2009,20,"Bangladesh","BGD","BGD",159,"South Africa","RSA","ZAF",38,"0","0","0","0","0","0","-","0"
1,"75ayTB",1,166,2010,20,"Bangladesh","BGD","BGD",159,"South Africa","RSA","ZAF",82,"0","0","0","0","0","0","-","0"
1,"75ayTB",1,167,2011,20,"Bangladesh","BGD","BGD",159,"South Africa","RSA","ZAF",82,2699,"0","0","0","0","0","-","0"
1,"75ayTB",1,168,2012,20,"Bangladesh","BGD","BGD",159,"South Africa","RSA","ZAF",146,4390,"0","0","0","0","0","-","0"
1,"75ayTB",1,169,2013,20,"Bangladesh","BGD","BGD",159,"South Africa","RSA","ZAF",150,5214,"0","0","0","0","0","-","0"
1,"75ayTB",1,170,2014,20,"Bangladesh","BGD","BGD",159,"South Africa","RSA","ZAF",849,5051,"0","0","0","0","0","-","0"
1,"75ayTB",1,171,2015,20,"Bangladesh","BGD","BGD",159,"South Africa","RSA","ZAF",861,9340,"0","0","0","0","0","-","0"
1,"75ayTB",1,172,2016,20,"Bangladesh","BGD","BGD",159,"South Africa","RSA","ZAF",328,1623,"0","0","0","0","0","-","0"
1,"75ayTB",1,173,2017,20,"Bangladesh","BGD","BGD",159,"South Africa","RSA","ZAF",319,26366,"0","0","0","0","0","-","0"
1,"75ayTB",1,174,2018,20,"Bangladesh","BGD","BGD",159,"South Africa","RSA","ZAF",319,26431,"0","0","0","0","0","-","0"
1,"75ayTB",1,175,2019,20,"Bangladesh","BGD","BGD",159,"South Africa","RSA","ZAF",205,28347,"0","0","0","0","0","-","0"
1,"75ayTB",1,176,2020,20,"Bangladesh","BGD","BGD",159,"South Africa","RSA","ZAF",202,25482,"0","0","0","0","0","-","0"
1,"75ayTB",1,177,2021,20,"Bangladesh","BGD","BGD",159,"South Africa","RSA","ZAF",200,24561,"0","0","0","0","0","-","0"
1,"75ayTB",1,178,2022,20,"Bangladesh","BGD","BGD",159,"South Africa","RSA","ZAF",153,9719,"0","0","0","0","0","-","0"
1,"75ayTB",1,179,2023,20,"Bangladesh","BGD","BGD",159,"South Africa","RSA","ZAF",169,9239,"0","0","0","0","0","-","0"
1,"75ayTB",1,180,2024,20,"Bangladesh","BGD","BGD",159,"South Africa","RSA","ZAF",175,9396,"0","0","0","0","0","-","0"
1,"75ayTB",1,181,2025,20,"Bangladesh","BGD","BGD",159,"South Africa","RSA","ZAF",173,8588,"0","0","0","0","0","-","0"
1,"75ayTB",1,182,2014,21,"Bahamas","BHS","BHS",159,"South Africa","RSA","ZAF",5,"0","0","0","0","0","0","-","0"
1,"75ayTB",1,183,2015,21,"Bahamas","BHS","BHS",159,"South Africa","RSA","ZAF",5,"0","0","0","0","0","0","-","0"
1,"75ayTB",1,184,2019,21,"Bahamas","BHS","BHS",159,"South Africa","RSA","ZAF","0",14,"0","0","0","0","0","-","0"
1,"75ayTB",1,185,2020,21,"Bahamas","BHS","BHS",159,"South Africa","RSA","ZAF","0",14,"0","0","0","0","0","-","0"
1,"75ayTB",1,186,2021,21,"Bahamas","BHS","BHS",159,"South Africa","RSA","ZAF","0",14,"0","0","0","0","0","-","0"
1,"75ayTB",1,187,2022,21,"Bahamas","BHS","BHS",159,"South Africa","RSA","ZAF","0",7,"0","0","0","0","0","-","0"
1,"75ayTB",1,188,2024,21,"Bahamas","BHS","BHS",159,"South Africa","RSA","ZAF","0",5,"0","0","0","0","0","-","0"
1,"75ayTB",1,189,2001,23,"Burkina Faso","BKF","BFA",159,"South Africa","RSA","ZAF","0",17,"0","0","0","0","0","-","0"
1,"75ayTB",1,190,2007,23,"Burkina Faso","BKF","BFA",159,"South Africa","RSA","ZAF","0",11,"0","0","0","0","0","-","0"
1,"75ayTB",1,191,2008,23,"Burkina Faso","BKF","BFA",159,"South Africa","RSA","ZAF","0",11,"0","0","0","0","0","-","0"
1,"75ayTB",1,192,2011,23,"Burkina Faso","BKF","BFA",159,"South Africa","RSA","ZAF","0",10,"0","0","0","0","0","-","0"
1,"75ayTB",1,193,2012,23,"Burkina Faso","BKF","BFA",159,"South Africa","RSA","ZAF","0",18,"0","0","0","0","0","-","0"
1,"75ayTB",1,194,2013,23,"Burkina Faso","BKF","BFA",159,"South Africa","RSA","ZAF","0",18,"0","0","0","0","0","-","0"
1,"75ayTB",1,195,2014,23,"Burkina Faso","BKF","BFA",159,"South Africa","RSA","ZAF","0",20,"0","0","0","0","0","-","0"
1,"75ayTB",1,196,2015,23,"Burkina Faso","BKF","BFA",159,"South Africa","RSA","ZAF","0",50,"0","0","0","0","0","-","0"
1,"75ayTB",1,197,2019,23,"Burkina Faso","BKF","BFA",159,"South Africa","RSA","ZAF","0",44,"0","0","0","0","0","-","0"
1,"75ayTB",1,198,2020,23,"Burkina Faso","BKF","BFA",159,"South Africa","RSA","ZAF","0",43,"0","0","0","0","0","-","0"
1,"75ayTB",1,199,2021,23,"Burkina Faso","BKF","BFA",159,"South Africa","RSA","ZAF","0",40,"0","0","0","0","0","-","0"
1,"75ayTB",1,200,2022,23,"Burkina Faso","BKF","BFA",159,"South Africa","RSA","ZAF","0",18,"0","0","0","0","0","-","0"
1,"75ayTB",1,201,2023,23,"Burkina Faso","BKF","BFA",159,"South Africa","RSA","ZAF","0",9,"0","0","0","0","0","-","0"
1,"75ayTB",1,202,2024,23,"Burkina Faso","BKF","BFA",159,"South Africa","RSA","ZAF","0",15,"0","0","0","0","0","-","0"
1,"75ayTB",1,203,2025,23,"Burkina Faso","BKF","BFA",159,"South Africa","RSA","ZAF","0",19,"0","0","0","0","0","-","0"
1,"75ayTB",1,204,2012,26,"Botswana","BOT","BWA",159,"South Africa","RSA","ZAF","0",5,"0","0","0","0","0","-","0"
1,"75ayTB",1,205,2013,26,"Botswana","BOT","BWA",159,"South Africa","RSA","ZAF","0",6,"0","0","0","0","0","-","0"
1,"75ayTB",1,206,2014,26,"Botswana","BOT","BWA",159,"South Africa","RSA","ZAF","0",17,"0","0","0","0","0","-","0"
1,"75ayTB",1,207,2015,26,"Botswana","BOT","BWA",159,"South Africa","RSA","ZAF","0",24,"0","0","0","0","0","-","0"
1,"75ayTB",1,208,2016,26,"Botswana","BOT","BWA",159,"South Africa","RSA","ZAF","0",25,"0","0","0","0","0","-","0"
1,"75ayTB",1,209,2019,26,"Botswana","BOT","BWA",159,"South Africa","RSA","ZAF","0",5,"0","0","0","0","0","-","0"
1,"75ayTB",1,210,2000,29,"Bosnia and Herzegovina","BSN","BIH",159,"South Africa","RSA","ZAF",16,8,"0","0","0","0","0","-","0"
1,"75ayTB",1,211,2001,29,"Bosnia and Herzegovina","BSN","BIH",159,"South Africa","RSA","ZAF",24,6,"0","0","0","0","0","-","0"
1,"75ayTB",1,212,2002,29,"Bosnia and Herzegovina","BSN","BIH",159,"South Africa","RSA","ZAF",24,12,"0","0","0","0","0","-","0"
1,"75ayTB",1,213,2003,29,"Bosnia and Herzegovina","BSN","BIH",159,"South Africa","RSA","ZAF",27,"0","0","0","0","0","0","-","0"
1,"75ayTB",1,214,2004,29,"Bosnia and Herzegovina","BSN","BIH",159,"South Africa","RSA","ZAF",27,"0","0","0","0","0","0","-","0"
1,"75ayTB",1,215,2005,29,"Bosnia and Herzegovina","BSN","BIH",159,"South Africa","RSA","ZAF",27,"0","0","0","0","0","0","-","0"
1,"75ayTB",1,216,2006,29,"Bosnia and Herzegovina","BSN","BIH",159,"South Africa","RSA","ZAF",27,"0","0","0","0","0","0","-","0"
1,"75ayTB",1,217,2007,29,"Bosnia and Herzegovina","BSN","BIH",159,"South Africa","RSA","ZAF",27,"0","0","0","0","0","0","-","0"
1,"75ayTB",1,218,2008,29,"Bosnia and Herzegovina","BSN","BIH",159,"South Africa","RSA","ZAF",27,"0","0","0","0","0","0","-","0"
1,"75ayTB",1,219,2009,29,"Bosnia and Herzegovina","BSN","BIH",159,"South Africa","RSA","ZAF",27,"0","0","0","0","0","0","-","0"
1,"75ayTB",1,220,2010,29,"Bosnia and Herzegovina","BSN","BIH",159,"South Africa","RSA","ZAF",27,"0","0","0","0","0","0","-","0"
1,"75ayTB",1,221,2011,29,"Bosnia and Herzegovina","BSN","BIH",159,"South Africa","RSA","ZAF",27,"0","0","0","0","0","0","-","0"
1,"75ayTB",1,222,2012,29,"Bosnia and Herzegovina","BSN","BIH",159,"South Africa","RSA","ZAF",27,"0","0","0","0","0","0","-","0"
1,"75ayTB",1,223,2013,29,"Bosnia and Herzegovina","BSN","BIH",159,"South Africa","RSA","ZAF",27,"0","0","0","0","0","0","-","0"
1,"75ayTB",1,224,2000,30,"Bulgaria","BUL","BGR",159,"South Africa","RSA","ZAF","0",221,"0","0","0","0","0","-","0"
1,"75ayTB",1,225,2001,30,"Bulgaria","BUL","BGR",159,"South Africa","RSA","ZAF","0",238,"0","0","0","0","0","-","0"
1,"75ayTB",1,226,2002,30,"Bulgaria","BUL","BGR",159,"South Africa","RSA","ZAF","0",162,"0","0","0","0","0","-","0"
1,"75ayTB",1,227,2003,30,"Bulgaria","BUL","BGR",159,"South Africa","RSA","ZAF","0",188,"0","0","0","0","0","-","0"
1,"75ayTB",1,228,2004,30,"Bulgaria","BUL","BGR",159,"South Africa","RSA","ZAF","0",188,"0","0","0","0","0","-","0"
1,"75ayTB",1,229,2005,30,"Bulgaria","BUL","BGR",159,"South Africa","RSA","ZAF","0",188,"0","0","0","0","0","-","0"
1,"75ayTB",1,230,2011,30,"Bulgaria","BUL","BGR",159,"South Africa","RSA","ZAF","0",5,"0","0","0","0","0","-","0"
1,"75ayTB",1,231,2012,30,"Bulgaria","BUL","BGR",159,"South Africa","RSA","ZAF","0",5,"0","0","0","0","0","-","0"
1,"75ayTB",1,232,2013,30,"Bulgaria","BUL","BGR",159,"South Africa","RSA","ZAF","0",5,"0","0","0","0","0","-","0"
1,"75ayTB",1,233,2014,30,"Bulgaria","BUL","BGR",159,"South Africa","RSA","ZAF",5,5,"0","0","0","0","0","-","0"
1,"75ayTB",1,234,2015,30,"Bulgaria","BUL","BGR",159,"South Africa","RSA","ZAF",5,5,"0","0","0","0","0","-","0"
1,"75ayTB",1,235,2016,30,"Bulgaria","BUL","BGR",159,"South Africa","RSA","ZAF",5,"0","0","0","0","0","0","-","0"
1,"75ayTB",1,236,2019,30,"Bulgaria","BUL","BGR",159,"South Africa","RSA","ZAF",5,"0","0","0","0","0","0","-","0"
1,"75ayTB",1,237,2020,30,"Bulgaria","BUL","BGR",159,"South Africa","RSA","ZAF",5,"0","0","0","0","0","0","-","0"
1,"75ayTB",1,238,2024,30,"Bulgaria","BUL","BGR",159,"South Africa","RSA","ZAF","0",5,"0","0","0","0","0","-","0"
1,"75ayTB",1,239,2025,30,"Bulgaria","BUL","BGR",159,"South Africa","RSA","ZAF","0",5,"0","0","0","0","0","-","0"
1,"75ayTB",1,240,2012,34,"Central African Rep.","CAR","CAF",159,"South Africa","RSA","ZAF","0",5,"0","0","0","0","0","-","0"
1,"75ayTB",1,241,2014,34,"Central African Rep.","CAR","CAF",159,"South Africa","RSA","ZAF",8,7,"0","0","0","0","0","-","0"
1,"75ayTB",1,242,2015,34,"Central African Rep.","CAR","CAF",159,"South Africa","RSA","ZAF",8,7,"0","0","0","0","0","-","0"
1,"75ayTB",1,243,2016,34,"Central African Rep.","CAR","CAF",159,"South Africa","RSA","ZAF",5,7,"0","0","0","0","0","-","0"
1,"75ayTB",1,244,2019,34,"Central African Rep.","CAR","CAF",159,"South Africa","RSA","ZAF",9,6,"0","0","0","0","0","-","0"
1,"75ayTB",1,245,2020,34,"Central African Rep.","CAR","CAF",159,"South Africa","RSA","ZAF",9,5,"0","0","0","0","0","-","0"
1,"75ayTB",1,246,2021,34,"Central African Rep.","CAR","CAF",159,"South Africa","RSA","ZAF",9,5,"0","0","0","0","0","-","0"
1,"75ayTB",1,247,2022,34,"Central African Rep.","CAR","CAF",159,"South Africa","RSA","ZAF",8,5,"0","0","0","0","0","-","0"
1,"75ayTB",1,248,2023,34,"Central African Rep.","CAR","CAF",159,"South Africa","RSA","ZAF",8,"0","0","0","0","0","0","-","0"
1,"75ayTB",1,249,2024,34,"Central African Rep.","CAR","CAF",159,"South Africa","RSA","ZAF",9,5,"0","0","0","0","0","-","0"
1,"75ayTB",1,250,2025,34,"Central African Rep.","CAR","CAF",159,"South Africa","RSA","ZAF",9,5,"0","0","0","0","0","-","0"
1,"75ayTB",1,251,2002,36,"Chad","CHD","TCD",159,"South Africa","RSA","ZAF","0",5,"0","0","0","0","0","-","0"
1,"75ayTB",1,252,2003,36,"Chad","CHD","TCD",159,"South Africa","RSA","ZAF","0",7,"0","0","0","0","0","-","0"
1,"75ayTB",1,253,2004,36,"Chad","CHD","TCD",159,"South Africa","RSA","ZAF","0",9,"0","0","0","0","0","-","0"
1,"75ayTB",1,254,2005,36,"Chad","CHD","TCD",159,"South Africa","RSA","ZAF","0",10,"0","0","0","0","0","-","0"
1,"75ayTB",1,255,2007,36,"Chad","CHD","TCD",159,"South Africa","RSA","ZAF","0",14,"0","0","0","0","0","-","0"
1,"75ayTB",1,256,2008,36,"Chad","CHD","TCD",159,"South Africa","RSA","ZAF","0",14,"0","0","0","0","0","-","0"
1,"75ayTB",1,257,2014,36,"Chad","CHD","TCD",159,"South Africa","RSA","ZAF",6,"0","0","0","0","0","0","-","0"
1,"75ayTB",1,258,2015,36,"Chad","CHD","TCD",159,"South Africa","RSA","ZAF",5,"0","0","0","0","0","0","-","0"
1,"75ayTB",1,259,2016,36,"Chad","CHD","TCD",159,"South Africa","RSA","ZAF",5,"0","0","0","0","0","0","-","0"
1,"75ayTB",1,260,2019,36,"Chad","CHD","TCD",159,"South Africa","RSA","ZAF",5,5,"0","0","0","0","0","-","0"
1,"75ayTB",1,261,2020,36,"Chad","CHD","TCD",159,"South Africa","RSA","ZAF",5,5,"0","0","0","0","0","-","0"
1,"75ayTB",1,262,2021,36,"Chad","CHD","TCD",159,"South Africa","RSA","ZAF",5,5,"0","0","0","0","0","-","0"
1,"75ayTB",1,263,1995,37,"China","CHI","CHN",159,"South Africa","RSA","ZAF",53,"0","0","0","0","0","0","-","0"
1,"75ayTB",1,264,1996,37,"China","CHI","CHN",159,"South Africa","RSA","ZAF",469,"0","0","0","0","0","0","-","0"
1,"75ayTB",1,265,2000,37,"China","CHI","CHN",159,"South Africa","RSA","ZAF","0",392,"0","0","0","0","0","-","0"
1,"75ayTB",1,266,2001,37,"China","CHI","CHN",159,"South Africa","RSA","ZAF","0",318,"0","0","0","0","0","-","0"
1,"75ayTB",1,267,2002,37,"China","CHI","CHN",159,"South Africa","RSA","ZAF","0",1264,"0","0","0","0","0","-","0"
1,"75ayTB",1,268,2003,37,"China","CHI","CHN",159,"South Africa","RSA","ZAF","0",2142,"0","0","0","0","0","-","0"
1,"75ayTB",1,269,2004,37,"China","CHI","CHN",159,"South Africa","RSA","ZAF","0",3791,"0","0","0","0","0","-","0"
1,"75ayTB",1,270,2005,37,"China","CHI","CHN",159,"South Africa","RSA","ZAF","0",3894,"0","0","0","0","0","-","0"
1,"75ayTB",1,271,2007,37,"China","CHI","CHN",159,"South Africa","RSA","ZAF","0",1139,"0","0","0","0","0","-","0"
1,"75ayTB",1,272,2008,37,"China","CHI","CHN",159,"South Africa","RSA","ZAF","0",1139,"0","0","0","0","0","-","0"
1,"75ayTB",1,273,2011,37,"China","CHI","CHN",159,"South Africa","RSA","ZAF","0",649,"0","0","0","0","0","-","0"
1,"75ayTB",1,274,2012,37,"China","CHI","CHN",159,"South Africa","RSA","ZAF","0",1371,"0","0","0","0","0","-","0"
1,"75ayTB",1,275,2013,37,"China","CHI","CHN",159,"South Africa","RSA","ZAF","0",1556,"0","0","0","0","0","-","0"
1,"75ayTB",1,276,2014,37,"China","CHI","CHN",159,"South Africa","RSA","ZAF",7,1526,"0","0","0","0","0","-","0"
1,"75ayTB",1,277,2015,37,"China","CHI","CHN",159,"South Africa","RSA","ZAF",6,2050,"0","0","0","0","0","-","0"
1,"75ayTB",1,278,2016,37,"China","CHI","CHN",159,"South Africa","RSA","ZAF",5,1372,"0","0","0","0","0","-","0"
1,"75ayTB",1,279,2017,37,"China","CHI","CHN",159,"South Africa","RSA","ZAF","0",171,"0","0","0","0","0","-","0"
1,"75ayTB",1,280,2018,37,"China","CHI","CHN",159,"South Africa","RSA","ZAF","0",134,"0","0","0","0","0","-","0"
1,"75ayTB",1,281,2019,37,"China","CHI","CHN",159,"South Africa","RSA","ZAF","0",87,"0","0","0","0","0","-","0"
1,"75ayTB",1,282,2020,37,"China","CHI","CHN",159,"South Africa","RSA","ZAF","0",70,"0","0","0","0","0","-","0"
1,"75ayTB",1,283,2021,37,"China","CHI","CHN",159,"South Africa","RSA","ZAF","0",69,"0","0","0","0","0","-","0"
1,"75ayTB",1,284,2022,37,"China","CHI","CHN",159,"South Africa","RSA","ZAF","0",14,"0","0","0","0","0","-","0"
1,"75ayTB",1,285,2023,37,"China","CHI","CHN",159,"South Africa","RSA","ZAF","0",11,"0","0","0","0","0","-","0"
1,"75ayTB",1,286,2024,37,"China","CHI","CHN",159,"South Africa","RSA","ZAF","0",7,"0","0","0","0","0","-","0"
1,"75ayTB",1,287,2025,37,"China","CHI","CHN",159,"South Africa","RSA","ZAF","0",8,"0","0","0","0","0","-","0"
1,"75ayTB",1,288,2000,39,"Cameroon","CMR","CMR",159,"South Africa","RSA","ZAF","0",284,"0","0","0","0","0","-","0"
1,"75ayTB",1,289,2001,39,"Cameroon","CMR","CMR",159,"South Africa","RSA","ZAF","0",280,"0","0","0","0","0","-","0"
1,"75ayTB",1,290,2002,39,"Cameroon","CMR","CMR",159,"South Africa","RSA","ZAF",27,463,"0","0","0","0","0","-","0"
1,"75ayTB",1,291,2003,39,"Cameroon","CMR","CMR",159,"South Africa","RSA","ZAF",34,803,"0","0","0","0","0","-","0"
1,"75ayTB",1,292,2004,39,"Cameroon","CMR","CMR",159,"South Africa","RSA","ZAF",43,1187,"0","0","0","0","0","-","0"
1,"75ayTB",1,293,2005,39,"Cameroon","CMR","CMR",159,"South Africa","RSA","ZAF",54,1394,"0","0","0","0","0","-","0"
1,"75ayTB",1,294,2006,39,"Cameroon","CMR","CMR",159,"South Africa","RSA","ZAF",81,"0","0","0","0","0","0","-","0"
1,"75ayTB",1,295,2007,39,"Cameroon","CMR","CMR",159,"South Africa","RSA","ZAF",103,439,"0","0","0","0","0","-","0"
1,"75ayTB",1,296,2008,39,"Cameroon","CMR","CMR",159,"South Africa","RSA","ZAF",103,439,"0","0","0","0","0","-","0"
1,"75ayTB",1,297,2009,39,"Cameroon","CMR","CMR",159,"South Africa","RSA","ZAF",112,"0","0","0","0","0","0","-","0"
1,"75ayTB",1,298,2010,39,"Cameroon","CMR","CMR",159,"South Africa","RSA","ZAF",134,"0","0","0","0","0","0","-","0"
1,"75ayTB",1,299,2011,39,"Cameroon","CMR","CMR",159,"South Africa","RSA","ZAF",134,321,"0","0","0","0","0","-","0"
1,"75ayTB",1,300,2012,39,"Cameroon","CMR","CMR",159,"South Africa","RSA","ZAF",135,701,"0","0","0","0","0","-","0"
1,"75ayTB",1,301,2013,39,"Cameroon","CMR","CMR",159,"South Africa","RSA","ZAF",138,679,"0","0","0","0","0","-","0"
1,"75ayTB",1,302,2014,39,"Cameroon","CMR","CMR",159,"South Africa","RSA","ZAF",525,559,"0","0","0","0","0","-","0"
1,"75ayTB",1,303,2015,39,"Cameroon","CMR","CMR",159,"South Africa","RSA","ZAF",540,951,"0","0","0","0","0","-","0"
1,"75ayTB",1,304,2016,39,"Cameroon","CMR","CMR",159,"South Africa","RSA","ZAF",396,502,"0","0","0","0","0","-","0"
1,"75ayTB",1,305,2017,39,"Cameroon","CMR","CMR",159,"South Africa","RSA","ZAF",392,1691,"0","0","0","0","0","-","0"
1,"75ayTB",1,306,2018,39,"Cameroon","CMR","CMR",159,"South Africa","RSA","ZAF",392,1592,"0","0","0","0","0","-","0"
1,"75ayTB",1,307,2019,39,"Cameroon","CMR","CMR",159,"South Africa","RSA","ZAF",328,1983,"0","0","0","0","0","-","0"
1,"75ayTB",1,308,2020,39,"Cameroon","CMR","CMR",159,"South Africa","RSA","ZAF",326,1814,"0","0","0","0","0","-","0"
1,"75ayTB",1,309,2021,39,"Cameroon","CMR","CMR",159,"South Africa","RSA","ZAF",323,1684,"0","0","0","0","0","-","0"
1,"75ayTB",1,310,2022,39,"Cameroon","CMR","CMR",159,"South Africa","RSA","ZAF",282,764,"0","0","0","0","0","-","0"
1,"75ayTB",1,311,2023,39,"Cameroon","CMR","CMR",159,"South Africa","RSA","ZAF",291,735,"0","0","0","0","0","-","0"
1,"75ayTB",1,312,2024,39,"Cameroon","CMR","CMR",159,"South Africa","RSA","ZAF",314,790,"0","0","0","0","0","-","0"
1,"75ayTB",1,313,2025,39,"Cameroon","CMR","CMR",159,"South Africa","RSA","ZAF",286,796,"0","0","0","0","0","-","0"
1,"75ayTB",1,314,1998,40,"Congo","COB","COG",159,"South Africa","RSA","ZAF",531,"0","0","0","0","0","0","-","0"
1,"75ayTB",1,315,1999,40,"Congo","COB","COG",159,"South Africa","RSA","ZAF",530,"0","0","0","0","0","0","-","0"
1,"75ayTB",1,316,2000,40,"Congo","COB","COG",159,"South Africa","RSA","ZAF",592,658,"0","0","0","0","0","-","0"
1,"75ayTB",1,317,2001,40,"Congo","COB","COG",159,"South Africa","RSA","ZAF",811,275,"0","0","0","0","0","-","0"
1,"75ayTB",1,318,2002,40,"Congo","COB","COG",159,"South Africa","RSA","ZAF",927,938,"0","0","0","0","0","-","0"
1,"75ayTB",1,319,2003,40,"Congo","COB","COG",159,"South Africa","RSA","ZAF",1053,1585,"0","0","0","0","0","-","0"
1,"75ayTB",1,320,2004,40,"Congo","COB","COG",159,"South Africa","RSA","ZAF",1111,2044,"0","0","0","0","0","-","0"
1,"75ayTB",1,321,2005,40,"Congo","COB","COG",159,"South Africa","RSA","ZAF",1160,2865,"0","0","0","0","0","-","0"
1,"75ayTB",1,322,2006,40,"Congo","COB","COG",159,"South Africa","RSA","ZAF",1204,"0","0","0","0","0","0","-","0"
1,"75ayTB",1,323,2007,40,"Congo","COB","COG",159,"South Africa","RSA","ZAF",1297,1791,"0","0","0","0","0","-","0"
1,"75ayTB",1,324,2008,40,"Congo","COB","COG",159,"South Africa","RSA","ZAF",1297,1791,"0","0","0","0","0","-","0"
1,"75ayTB",1,325,2009,40,"Congo","COB","COG",159,"South Africa","RSA","ZAF",1906,"0",5,"0","0","0","0","-","0"
1,"75ayTB",1,326,2010,40,"Congo","COB","COG",159,"South Africa","RSA","ZAF",2172,"0","0","0","0","0","0","-","0"
1,"75ayTB",1,327,2011,40,"Congo","COB","COG",159,"South Africa","RSA","ZAF",2172,778,5,"0","0","0","0","-","0"
1,"75ayTB",1,328,2012,40,"Congo","COB","COG",159,"South Africa","RSA","ZAF",2336,1110,"0","0","0","0","0","-","0"
1,"75ayTB",1,329,2013,40,"Congo","COB","COG",159,"South Africa","RSA","ZAF",2646,914,7,"0","0","0","0","-","0"
1,"75ayTB",1,330,2014,40,"Congo","COB","COG",159,"South Africa","RSA","ZAF",6035,807,5,"0","0","0","0","-","0"
1,"75ayTB",1,331,2015,40,"Congo","COB","COG",159,"South Africa","RSA","ZAF",6566,1096,"0","0","0","0","0","-","0"
1,"75ayTB",1,332,2016,40,"Congo","COB","COG",159,"South Africa","RSA","ZAF",5394,525,"0","0","0","0","0","-","0"
1,"75ayTB",1,333,2017,40,"Congo","COB","COG",159,"South Africa","RSA","ZAF",5261,8800,"0","0","0","0","0","-","0"
1,"75ayTB",1,334,2018,40,"Congo","COB","COG",159,"South Africa","RSA","ZAF",5273,8694,"0","0","0","0","0","-","0"
1,"75ayTB",1,335,2019,40,"Congo","COB","COG",159,"South Africa","RSA","ZAF",4552,8115,"0","0","0","0","0","-","0"
1,"75ayTB",1,336,2020,40,"Congo","COB","COG",159,"South Africa","RSA","ZAF",4463,7878,"0","0","0","0","0","-","0"
1,"75ayTB",1,337,2021,40,"Congo","COB","COG",159,"South Africa","RSA","ZAF",4385,7778,"0","0","0","0","0","-","0"
1,"75ayTB",1,338,2022,40,"Congo","COB","COG",159,"South Africa","RSA","ZAF",3654,5007,"0","0","0","0","0","-","0"
1,"75ayTB",1,339,2023,40,"Congo","COB","COG",159,"South Africa","RSA","ZAF",3739,3206,"0","0","0","0","0","-","0"
1,"75ayTB",1,340,2024,40,"Congo","COB","COG",159,"South Africa","RSA","ZAF",3887,4250,"0","0","0","0","0","-","0"
1,"75ayTB",1,341,2025,40,"Congo","COB","COG",159,"South Africa","RSA","ZAF",3734,4214,"0","0","0","0","0","-","0"
1,"75ayTB",1,342,1994,41,"Dem. Rep. of the Congo","COD","COD",159,"South Africa","RSA","ZAF",808,"0","0","0","0","0","0","-","0"
1,"75ayTB",1,343,1995,41,"Dem. Rep. of the Congo","COD","COD",159,"South Africa","RSA","ZAF",2579,"0","0","0","0","0","0","-","0"
1,"75ayTB",1,344,1996,41,"Dem. Rep. of the Congo","COD","COD",159,"South Africa","RSA","ZAF",2505,"0",310,"0","0","0","0","-","0"
1,"75ayTB",1,345,1997,41,"Dem. Rep. of the Congo","COD","COD",159,"South Africa","RSA","ZAF",100,"0","0","0","0","0","0","-","0"
1,"75ayTB",1,346,1998,41,"Dem. Rep. of the Congo","COD","COD",159,"South Africa","RSA","ZAF",95,"0",6,"0","0","0","0","-","0"
1,"75ayTB",1,347,1999,41,"Dem. Rep. of the Congo","COD","COD",159,"South Africa","RSA","ZAF",4097,"0","0","0","0","0","0","-","0"
1,"75ayTB",1,348,2000,41,"Dem. Rep. of the Congo","COD","COD",159,"South Africa","RSA","ZAF",4454,759,15,"0","0","0","0","-","0"
1,"75ayTB",1,349,2001,41,"Dem. Rep. of the Congo","COD","COD",159,"South Africa","RSA","ZAF",4993,471,"0","0","0","0","0","-","0"
1,"75ayTB",1,350,2002,41,"Dem. Rep. of the Congo","COD","COD",159,"South Africa","RSA","ZAF",7243,9642,10,"0","0","0","0","-","0"
1,"75ayTB",1,351,2003,41,"Dem. Rep. of the Congo","COD","COD",159,"South Africa","RSA","ZAF",8890,14073,16,"0","0","0","0","-","0"
1,"75ayTB",1,352,2004,41,"Dem. Rep. of the Congo","COD","COD",159,"South Africa","RSA","ZAF",9516,17993,9,"0","0","0","0","-","0"
1,"75ayTB",1,353,2005,41,"Dem. Rep. of the Congo","COD","COD",159,"South Africa","RSA","ZAF",10609,19098,7,"0","0","0","0","-","0"
1,"75ayTB",1,354,2006,41,"Dem. Rep. of the Congo","COD","COD",159,"South Africa","RSA","ZAF",10772,"0",36,"0","0","0","0","-","0"
1,"75ayTB",1,355,2007,41,"Dem. Rep. of the Congo","COD","COD",159,"South Africa","RSA","ZAF",11127,11123,14,"0","0","0","0","-","0"
1,"75ayTB",1,356,2008,41,"Dem. Rep. of the Congo","COD","COD",159,"South Africa","RSA","ZAF",10999,11123,159,"0","0","0","0","-","0"
1,"75ayTB",1,357,2009,41,"Dem. Rep. of the Congo","COD","COD",159,"South Africa","RSA","ZAF",11708,"0",14,"0","0","0","0","-","0"
1,"75ayTB",1,358,2010,41,"Dem. Rep. of the Congo","COD","COD",159,"South Africa","RSA","ZAF",12973,"0",15,"0","0","0","0","-","0"
1,"75ayTB",1,359,2011,41,"Dem. Rep. of the Congo","COD","COD",159,"South Africa","RSA","ZAF",12973,4467,12,"0","0","0","0","-","0"
1,"75ayTB",1,360,2012,41,"Dem. Rep. of the Congo","COD","COD",159,"South Africa","RSA","ZAF",13386,9788,8,"0","0","0","0","-","0"
1,"75ayTB",1,361,2013,41,"Dem. Rep. of the Congo","COD","COD",159,"South Africa","RSA","ZAF",14414,11514,12,"0","0","0","0","-","0"
1,"75ayTB",1,362,2014,41,"Dem. Rep. of the Congo","COD","COD",159,"South Africa","RSA","ZAF",30125,12172,"0","0","0","0","0","-","0"
1,"75ayTB",1,363,2015,41,"Dem. Rep. of the Congo","COD","COD",159,"South Africa","RSA","ZAF",32582,16295,5,"0","0","0","0","-","0"
1,"75ayTB",1,364,2016,41,"Dem. Rep. of the Congo","COD","COD",159,"South Africa","RSA","ZAF",26156,5967,6,"0","0","0","0","-","0"
1,"75ayTB",1,365,2017,41,"Dem. Rep. of the Congo","COD","COD",159,"South Africa","RSA","ZAF",26043,32537,"0","0","0","0","0","-","0"
1,"75ayTB",1,366,2018,41,"Dem. Rep. of the Congo","COD","COD",159,"South Africa","RSA","ZAF",26263,33217,"0","0","0","0","0","-","0"
1,"75ayTB",1,367,2019,41,"Dem. Rep. of the Congo","COD","COD",159,"South Africa","RSA","ZAF",23160,36120,102,"0","0","0","0","-","0"
1,"75ayTB",1,368,2020,41,"Dem. Rep. of the Congo","COD","COD",159,"South Africa","RSA","ZAF",22816,34779,19,"0","0","0","0","-","0"
1,"75ayTB",1,369,2021,41,"Dem. Rep. of the Congo","COD","COD",159,"South Africa","RSA","ZAF",22658,34077,26,"0","0","0","0","-","0"
1,"75ayTB",1,370,2022,41,"Dem. Rep. of the Congo","COD","COD",159,"South Africa","RSA","ZAF",19777,22390,279,"0","0","0","0","-","0"
1,"75ayTB",1,371,2023,41,"Dem. Rep. of the Congo","COD","COD",159,"South Africa","RSA","ZAF",19834,22298,219,"0","0","0","0","-","0"
1,"75ayTB",1,372,2024,41,"Dem. Rep. of the Congo","COD","COD",159,"South Africa","RSA","ZAF",21120,25258,253,"0","0","0","0","-","0"
1,"75ayTB",1,373,2025,41,"Dem. Rep. of the Congo","COD","COD",159,"South Africa","RSA","ZAF",20451,25770,21,"0","0","0","0","-","0"
1,"75ayTB",1,374,2000,42,"Comoros","COI","COM",159,"South Africa","RSA","ZAF","0",76,"0","0","0","0","0","-","0"
1,"75ayTB",1,375,2001,42,"Comoros","COI","COM",159,"South Africa","RSA","ZAF","0",62,"0","0","0","0","0","-","0"
1,"75ayTB",1,376,2002,42,"Comoros","COI","COM",159,"South Africa","RSA","ZAF","0",26,"0","0","0","0","0","-","0"
1,"75ayTB",1,377,2003,42,"Comoros","COI","COM",159,"South Africa","RSA","ZAF","0",35,"0","0","0","0","0","-","0"
1,"75ayTB",1,378,2004,42,"Comoros","COI","COM",159,"South Africa","RSA","ZAF","0",512,"0","0","0","0","0","-","0"
1,"75ayTB",1,379,2005,42,"Comoros","COI","COM",159,"South Africa","RSA","ZAF","0",504,"0","0","0","0","0","-","0"
1,"75ayTB",1,380,2007,42,"Comoros","COI","COM",159,"South Africa","RSA","ZAF","0",31,"0","0","0","0","0","-","0"
1,"75ayTB",1,381,2008,42,"Comoros","COI","COM",159,"South Africa","RSA","ZAF","0",31,"0","0","0","0","0","-","0"
1,"75ayTB",1,382,2011,42,"Comoros","COI","COM",159,"South Africa","RSA","ZAF","0",13,"0","0","0","0","0","-","0"
1,"75ayTB",1,383,2012,42,"Comoros","COI","COM",159,"South Africa","RSA","ZAF","0",24,"0","0","0","0","0","-","0"
1,"75ayTB",1,384,2013,42,"Comoros","COI","COM",159,"South Africa","RSA","ZAF","0",23,"0","0","0","0","0","-","0"
1,"75ayTB",1,385,2014,42,"Comoros","COI","COM",159,"South Africa","RSA","ZAF",5,21,"0","0","0","0","0","-","0"
1,"75ayTB",1,386,2015,42,"Comoros","COI","COM",159,"South Africa","RSA","ZAF",5,29,"0","0","0","0","0","-","0"
1,"75ayTB",1,387,2016,42,"Comoros","COI","COM",159,"South Africa","RSA","ZAF",5,19,"0","0","0","0","0","-","0"
1,"75ayTB",1,388,2019,42,"Comoros","COI","COM",159,"South Africa","RSA","ZAF","0",20,"0","0","0","0","0","-","0"
1,"75ayTB",1,389,2020,42,"Comoros","COI","COM",159,"South Africa","RSA","ZAF","0",14,"0","0","0","0","0","-","0"
1,"75ayTB",1,390,2021,42,"Comoros","COI","COM",159,"South Africa","RSA","ZAF","0",14,"0","0","0","0","0","-","0"
1,"75ayTB",1,391,2022,42,"Comoros","COI","COM",159,"South Africa","RSA","ZAF","0",9,"0","0","0","0","0","-","0"
1,"75ayTB",1,392,2023,42,"Comoros","COI","COM",159,"South Africa","RSA","ZAF","0",8,"0","0","0","0","0","-","0"
1,"75ayTB",1,393,2024,42,"Comoros","COI","COM",159,"South Africa","RSA","ZAF","0",8,"0","0","0","0","0","-","0"
1,"75ayTB",1,394,2025,42,"Comoros","COI","COM",159,"South Africa","RSA","ZAF","0",6,"0","0","0","0","0","-","0"
1,"75ayTB",1,395,2016,44,"Colombia","COL","COL",159,"South Africa","RSA","ZAF","0",5,"0","0","0","0","0","-","0"
1,"75ayTB",1,396,2014,49,"Czechia","CZE","CZE",159,"South Africa","RSA","ZAF","0",5,"0","0","0","0","0","-","0"
1,"75ayTB",1,397,2015,49,"Czechia","CZE","CZE",159,"South Africa","RSA","ZAF","0",5,"0","0","0","0","0","-","0"
1,"75ayTB",1,398,2000,56,"Eritrea","ERT","ERI",159,"South Africa","RSA","ZAF","0",239,"0","0","0","0","0","-","0"
1,"75ayTB",1,399,2001,56,"Eritrea","ERT","ERI",159,"South Africa","RSA","ZAF","0",58,"0","0","0","0","0","-","0"
1,"75ayTB",1,400,2002,56,"Eritrea","ERT","ERI",159,"South Africa","RSA","ZAF","0",158,"0","0","0","0","0","-","0"
1,"75ayTB",1,401,2003,56,"Eritrea","ERT","ERI",159,"South Africa","RSA","ZAF","0",290,"0","0","0","0","0","-","0"
1,"75ayTB",1,402,2004,56,"Eritrea","ERT","ERI",159,"South Africa","RSA","ZAF","0",569,"0","0","0","0","0","-","0"
1,"75ayTB",1,403,2005,56,"Eritrea","ERT","ERI",159,"South Africa","RSA","ZAF",19,843,"0","0","0","0","0","-","0"
1,"75ayTB",1,404,2006,56,"Eritrea","ERT","ERI",159,"South Africa","RSA","ZAF",24,"0","0","0","0","0","0","-","0"
1,"75ayTB",1,405,2007,56,"Eritrea","ERT","ERI",159,"South Africa","RSA","ZAF",45,714,"0","0","0","0","0","-","0"
1,"75ayTB",1,406,2008,56,"Eritrea","ERT","ERI",159,"South Africa","RSA","ZAF",44,714,"0","0","0","0","0","-","0"
1,"75ayTB",1,407,2009,56,"Eritrea","ERT","ERI",159,"South Africa","RSA","ZAF",246,"0","0","0","0","0","0","-","0"
1,"75ayTB",1,408,2010,56,"Eritrea","ERT","ERI",159,"South Africa","RSA","ZAF",415,"0","0","0","0","0","0","-","0"
1,"75ayTB",1,409,2011,56,"Eritrea","ERT","ERI",159,"South Africa","RSA","ZAF",415,35,"0","0","0","0","0","-","0"
1,"75ayTB",1,410,2012,56,"Eritrea","ERT","ERI",159,"South Africa","RSA","ZAF",660,33,"0","0","0","0","0","-","0"
1,"75ayTB",1,411,2013,56,"Eritrea","ERT","ERI",159,"South Africa","RSA","ZAF",822,87,"0","0","0","0","0","-","0"
1,"75ayTB",1,412,2014,56,"Eritrea","ERT","ERI",159,"South Africa","RSA","ZAF",2219,304,"0","0","0","0","0","-","0"
1,"75ayTB",1,413,2015,56,"Eritrea","ERT","ERI",159,"South Africa","RSA","ZAF",2338,422,"0","0","0","0","0","-","0"
1,"75ayTB",1,414,2016,56,"Eritrea","ERT","ERI",159,"South Africa","RSA","ZAF",1978,51,"0","0","0","0","0","-","0"
1,"75ayTB",1,415,2017,56,"Eritrea","ERT","ERI",159,"South Africa","RSA","ZAF",1924,704,"0","0","0","0","0","-","0"
1,"75ayTB",1,416,2018,56,"Eritrea","ERT","ERI",159,"South Africa","RSA","ZAF",1943,817,"0","0","0","0","0","-","0"
1,"75ayTB",1,417,2019,56,"Eritrea","ERT","ERI",159,"South Africa","RSA","ZAF",1574,1098,"0","0","0","0","0","-","0"
1,"75ayTB",1,418,2020,56,"Eritrea","ERT","ERI",159,"South Africa","RSA","ZAF",1469,1058,"0","0","0","0","0","-","0"
1,"75ayTB",1,419,2021,56,"Eritrea","ERT","ERI",159,"South Africa","RSA","ZAF",1395,1033,"0","0","0","0","0","-","0"
1,"75ayTB",1,420,2022,56,"Eritrea","ERT","ERI",159,"South Africa","RSA","ZAF",1314,768,"0","0","0","0","0","-","0"
1,"75ayTB",1,421,2023,56,"Eritrea","ERT","ERI",159,"South Africa","RSA","ZAF",1317,823,"0","0","0","0","0","-","0"
1,"75ayTB",1,422,2024,56,"Eritrea","ERT","ERI",159,"South Africa","RSA","ZAF",1402,908,"0","0","0","0","0","-","0"
1,"75ayTB",1,423,2025,56,"Eritrea","ERT","ERI",159,"South Africa","RSA","ZAF",1356,883,"0","0","0","0","0","-","0"
1,"75ayTB",1,424,2012,57,"Estonia","EST","EST",159,"South Africa","RSA","ZAF","0",6,"0","0","0","0","0","-","0"
1,"75ayTB",1,425,2013,57,"Estonia","EST","EST",159,"South Africa","RSA","ZAF","0",7,"0","0","0","0","0","-","0"
1,"75ayTB",1,426,2014,57,"Estonia","EST","EST",159,"South Africa","RSA","ZAF",6,7,"0","0","0","0","0","-","0"
1,"75ayTB",1,427,2015,57,"Estonia","EST","EST",159,"South Africa","RSA","ZAF",6,7,"0","0","0","0","0","-","0"
1,"75ayTB",1,428,2016,57,"Estonia","EST","EST",159,"South Africa","RSA","ZAF",7,5,"0","0","0","0","0","-","0"
1,"75ayTB",1,429,2019,57,"Estonia","EST","EST",159,"South Africa","RSA","ZAF",5,12,"0","0","0","0","0","-","0"
1,"75ayTB",1,430,2020,57,"Estonia","EST","EST",159,"South Africa","RSA","ZAF",5,7,"0","0","0","0","0","-","0"
1,"75ayTB",1,431,2021,57,"Estonia","EST","EST",159,"South Africa","RSA","ZAF",5,6,"0","0","0","0","0","-","0"
1,"75ayTB",1,432,2022,57,"Estonia","EST","EST",159,"South Africa","RSA","ZAF",5,"0","0","0","0","0","0","-","0"
1,"75ayTB",1,433,2023,57,"Estonia","EST","EST",159,"South Africa","RSA","ZAF",5,"0","0","0","0","0","0","-","0"
1,"75ayTB",1,434,2024,57,"Estonia","EST","EST",159,"South Africa","RSA","ZAF",5,5,"0","0","0","0","0","-","0"
1,"75ayTB",1,435,2025,57,"Estonia","EST","EST",159,"South Africa","RSA","ZAF",5,5,"0","0","0","0","0","-","0"
1,"75ayTB",1,436,1994,58,"Ethiopia","ETH","ETH",159,"South Africa","RSA","ZAF",66,"0","0","0","0","0","0","-","0"
1,"75ayTB",1,437,1995,58,"Ethiopia","ETH","ETH",159,"South Africa","RSA","ZAF",128,"0","0","0","0","0","0","-","0"
1,"75ayTB",1,438,1996,58,"Ethiopia","ETH","ETH",159,"South Africa","RSA","ZAF",778,"0",13,"0","0","0","0","-","0"
1,"75ayTB",1,439,1999,58,"Ethiopia","ETH","ETH",159,"South Africa","RSA","ZAF",5,"0",8,"0","0","0","0","-","0"
1,"75ayTB",1,440,2000,58,"Ethiopia","ETH","ETH",159,"South Africa","RSA","ZAF",5,1355,"0","0","0","0","0","-","0"
1,"75ayTB",1,441,2001,58,"Ethiopia","ETH","ETH",159,"South Africa","RSA","ZAF",6,851,"0","0","0","0","0","-","0"
1,"75ayTB",1,442,2002,58,"Ethiopia","ETH","ETH",159,"South Africa","RSA","ZAF",13,1374,"0","0","0","0","0","-","0"
1,"75ayTB",1,443,2003,58,"Ethiopia","ETH","ETH",159,"South Africa","RSA","ZAF",21,2882,"0","0","0","0","0","-","0"
1,"75ayTB",1,444,2004,58,"Ethiopia","ETH","ETH",159,"South Africa","RSA","ZAF",23,5675,"0","0","0","0","0","-","0"
1,"75ayTB",1,445,2005,58,"Ethiopia","ETH","ETH",159,"South Africa","RSA","ZAF",78,8356,"0","0","0","0","0","-","0"
1,"75ayTB",1,446,2006,58,"Ethiopia","ETH","ETH",159,"South Africa","RSA","ZAF",125,"0","0","0","0","0","0","-","0"
1,"75ayTB",1,447,2007,58,"Ethiopia","ETH","ETH",159,"South Africa","RSA","ZAF",216,7050,"0","0","0","0","0","-","0"
1,"75ayTB",1,448,2008,58,"Ethiopia","ETH","ETH",159,"South Africa","RSA","ZAF",210,7050,"0","0","0","0","0","-","0"
1,"75ayTB",1,449,2009,58,"Ethiopia","ETH","ETH",159,"South Africa","RSA","ZAF",1509,"0","0","0","0","0","0","-","0"
1,"75ayTB",1,450,2010,58,"Ethiopia","ETH","ETH",159,"South Africa","RSA","ZAF",3398,"0","0","0","0","0","0","-","0"
1,"75ayTB",1,451,2011,58,"Ethiopia","ETH","ETH",159,"South Africa","RSA","ZAF",3398,3620,"0","0","0","0","0","-","0"
1,"75ayTB",1,452,2012,58,"Ethiopia","ETH","ETH",159,"South Africa","RSA","ZAF",5538,6219,"0","0","0","0","0","-","0"
1,"75ayTB",1,453,2013,58,"Ethiopia","ETH","ETH",159,"South Africa","RSA","ZAF",7582,7663,"0","0","0","0","0","-","0"
1,"75ayTB",1,454,2014,58,"Ethiopia","ETH","ETH",159,"South Africa","RSA","ZAF",18830,13383,"0","0","0","0","0","-","0"
1,"75ayTB",1,455,2015,58,"Ethiopia","ETH","ETH",159,"South Africa","RSA","ZAF",20324,19289,5,"0","0","0","0","-","0"
1,"75ayTB",1,456,2016,58,"Ethiopia","ETH","ETH",159,"South Africa","RSA","ZAF",17776,3784,"0","0","0","0","0","-","0"
1,"75ayTB",1,457,2017,58,"Ethiopia","ETH","ETH",159,"South Africa","RSA","ZAF",17562,49487,"0","0","0","0","0","-","0"
1,"75ayTB",1,458,2018,58,"Ethiopia","ETH","ETH",159,"South Africa","RSA","ZAF",17726,49347,"0","0","0","0","0","-","0"
1,"75ayTB",1,459,2019,58,"Ethiopia","ETH","ETH",159,"South Africa","RSA","ZAF",15990,51288,"0","0","0","0","0","-","0"
1,"75ayTB",1,460,2020,58,"Ethiopia","ETH","ETH",159,"South Africa","RSA","ZAF",15629,48099,"0","0","0","0","0","-","0"
1,"75ayTB",1,461,2021,58,"Ethiopia","ETH","ETH",159,"South Africa","RSA","ZAF",15284,46123,"0","0","0","0","0","-","0"
1,"75ayTB",1,462,2022,58,"Ethiopia","ETH","ETH",159,"South Africa","RSA","ZAF",13002,22814,"0","0","0","0","0","-","0"
1,"75ayTB",1,463,2023,58,"Ethiopia","ETH","ETH",159,"South Africa","RSA","ZAF",13400,25624,"0","0","0","0","0","-","0"
1,"75ayTB",1,464,2024,58,"Ethiopia","ETH","ETH",159,"South Africa","RSA","ZAF",14157,32716,"0","0","0","0","0","-","0"
1,"75ayTB",1,465,2025,58,"Ethiopia","ETH","ETH",159,"South Africa","RSA","ZAF",14121,32705,"0","0","0","0","0","-","0"
1,"75ayTB",1,466,2001,67,"Gabon","GAB","GAB",159,"South Africa","RSA","ZAF","0",6,"0","0","0","0","0","-","0"
1,"75ayTB",1,467,2012,67,"Gabon","GAB","GAB",159,"South Africa","RSA","ZAF","0",13,"0","0","0","0","0","-","0"
1,"75ayTB",1,468,2013,67,"Gabon","GAB","GAB",159,"South Africa","RSA","ZAF","0",11,"0","0","0","0","0","-","0"
1,"75ayTB",1,469,2014,67,"Gabon","GAB","GAB",159,"South Africa","RSA","ZAF","0",5,"0","0","0","0","0","-","0"
1,"75ayTB",1,470,2015,67,"Gabon","GAB","GAB",159,"South Africa","RSA","ZAF","0",21,"0","0","0","0","0","-","0"
1,"75ayTB",1,471,2016,67,"Gabon","GAB","GAB",159,"South Africa","RSA","ZAF","0",6,"0","0","0","0","0","-","0"
1,"75ayTB",1,472,2019,67,"Gabon","GAB","GAB",159,"South Africa","RSA","ZAF","0",12,"0","0","0","0","0","-","0"
1,"75ayTB",1,473,2020,67,"Gabon","GAB","GAB",159,"South Africa","RSA","ZAF","0",12,"0","0","0","0","0","-","0"
1,"75ayTB",1,474,2021,67,"Gabon","GAB","GAB",159,"South Africa","RSA","ZAF","0",11,"0","0","0","0","0","-","0"
1,"75ayTB",1,475,2022,67,"Gabon","GAB","GAB",159,"South Africa","RSA","ZAF","0",5,"0","0","0","0","0","-","0"
1,"75ayTB",1,476,2023,67,"Gabon","GAB","GAB",159,"South Africa","RSA","ZAF","0",5,"0","0","0","0","0","-","0"
1,"75ayTB",1,477,2025,67,"Gabon","GAB","GAB",159,"South Africa","RSA","ZAF","0",5,"0","0","0","0","0","-","0"
1,"75ayTB",1,478,2001,68,"Gambia","GAM","GMB",159,"South Africa","RSA","ZAF","0",5,"0","0","0","0","0","-","0"
1,"75ayTB",1,479,2007,68,"Gambia","GAM","GMB",159,"South Africa","RSA","ZAF","0",14,"0","0","0","0","0","-","0"
1,"75ayTB",1,480,2008,68,"Gambia","GAM","GMB",159,"South Africa","RSA","ZAF","0",14,"0","0","0","0","0","-","0"
1,"75ayTB",1,481,2012,68,"Gambia","GAM","GMB",159,"South Africa","RSA","ZAF","0",5,"0","0","0","0","0","-","0"
1,"75ayTB",1,482,2013,68,"Gambia","GAM","GMB",159,"South Africa","RSA","ZAF","0",5,"0","0","0","0","0","-","0"
1,"75ayTB",1,483,2014,68,"Gambia","GAM","GMB",159,"South Africa","RSA","ZAF","0",8,"0","0","0","0","0","-","0"
1,"75ayTB",1,484,2015,68,"Gambia","GAM","GMB",159,"South Africa","RSA","ZAF","0",17,"0","0","0","0","0","-","0"
1,"75ayTB",1,485,2016,68,"Gambia","GAM","GMB",159,"South Africa","RSA","ZAF","0",5,"0","0","0","0","0","-","0"
1,"75ayTB",1,486,2019,68,"Gambia","GAM","GMB",159,"South Africa","RSA","ZAF","0",5,"0","0","0","0","0","-","0"
1,"75ayTB",1,487,2020,68,"Gambia","GAM","GMB",159,"South Africa","RSA","ZAF","0",10,"0","0","0","0","0","-","0"
1,"75ayTB",1,488,2021,68,"Gambia","GAM","GMB",159,"South Africa","RSA","ZAF","0",5,"0","0","0","0","0","-","0"
1,"75ayTB",1,489,2022,68,"Gambia","GAM","GMB",159,"South Africa","RSA","ZAF","0",5,"0","0","0","0","0","-","0"
1,"75ayTB",1,490,2023,68,"Gambia","GAM","GMB",159,"South Africa","RSA","ZAF","0",6,"0","0","0","0","0","-","0"
1,"75ayTB",1,491,2024,68,"Gambia","GAM","GMB",159,"South Africa","RSA","ZAF","0",5,"0","0","0","0","0","-","0"
1,"75ayTB",1,492,2007,69,"Palestinian","GAZ","PSE",159,"South Africa","RSA","ZAF","0",12,"0","0","0","0","0","-","0"
1,"75ayTB",1,493,2008,69,"Palestinian","GAZ","PSE",159,"South Africa","RSA","ZAF","0",12,"0","0","0","0","0","-","0"
1,"75ayTB",1,494,2010,69,"Palestinian","GAZ","PSE",159,"South Africa","RSA","ZAF",5,"0","0","0","0","0","0","-","0"
1,"75ayTB",1,495,2011,69,"Palestinian","GAZ","PSE",159,"South Africa","RSA","ZAF",5,"0","0","0","0","0","0","-","0"
1,"75ayTB",1,496,2012,69,"Palestinian","GAZ","PSE",159,"South Africa","RSA","ZAF",5,5,"0","0","0","0","0","-","0"
1,"75ayTB",1,497,2013,69,"Palestinian","GAZ","PSE",159,"South Africa","RSA","ZAF",6,"0","0","0","0","0","0","-","0"
1,"75ayTB",1,498,2014,69,"Palestinian","GAZ","PSE",159,"South Africa","RSA","ZAF",32,"0","0","0","0","0","0","-","0"
1,"75ayTB",1,499,2015,69,"Palestinian","GAZ","PSE",159,"South Africa","RSA","ZAF",45,20,"0","0","0","0","0","-","0"
1,"75ayTB",1,500,2016,69,"Palestinian","GAZ","PSE",159,"South Africa","RSA","ZAF",38,13,"0","0","0","0","0","-","0"
1,"75ayTB",1,501,2017,69,"Palestinian","GAZ","PSE",159,"South Africa","RSA","ZAF",38,"0","0","0","0","0","0","-","0"
1,"75ayTB",1,502,2018,69,"Palestinian","GAZ","PSE",159,"South Africa","RSA","ZAF",38,"0","0","0","0","0","0","-","0"
1,"75ayTB",1,503,2019,69,"Palestinian","GAZ","PSE",159,"South Africa","RSA","ZAF",39,13,"0","0","0","0","0","-","0"
1,"75ayTB",1,504,2020,69,"Palestinian","GAZ","PSE",159,"South Africa","RSA","ZAF",37,11,"0","0","0","0","0","-","0"
1,"75ayTB",1,505,2021,69,"Palestinian","GAZ","PSE",159,"South Africa","RSA","ZAF",39,10,"0","0","0","0","0","-","0"
1,"75ayTB",1,506,2022,69,"Palestinian","GAZ","PSE",159,"South Africa","RSA","ZAF",28,"0","0","0","0","0","0","-","0"
1,"75ayTB",1,507,2023,69,"Palestinian","GAZ","PSE",159,"South Africa","RSA","ZAF",30,5,"0","0","0","0","0","-","0"
1,"75ayTB",1,508,2024,69,"Palestinian","GAZ","PSE",159,"South Africa","RSA","ZAF",46,20,"0","0","0","0","0","-","0"
1,"75ayTB",1,509,2025,69,"Palestinian","GAZ","PSE",159,"South Africa","RSA","ZAF",58,15,"0","0","0","0","0","-","0"
1,"75ayTB",1,510,2000,73,"Ghana","GHA","GHA",159,"South Africa","RSA","ZAF","0",346,"0","0","0","0","0","-","0"
1,"75ayTB",1,511,2001,73,"Ghana","GHA","GHA",159,"South Africa","RSA","ZAF",5,355,"0","0","0","0","0","-","0"
1,"75ayTB",1,512,2002,73,"Ghana","GHA","GHA",159,"South Africa","RSA","ZAF",5,403,"0","0","0","0","0","-","0"
1,"75ayTB",1,513,2003,73,"Ghana","GHA","GHA",159,"South Africa","RSA","ZAF",5,876,"0","0","0","0","0","-","0"
1,"75ayTB",1,514,2004,73,"Ghana","GHA","GHA",159,"South Africa","RSA","ZAF",5,1180,"0","0","0","0","0","-","0"
1,"75ayTB",1,515,2005,73,"Ghana","GHA","GHA",159,"South Africa","RSA","ZAF",8,1366,"0","0","0","0","0","-","0"
1,"75ayTB",1,516,2006,73,"Ghana","GHA","GHA",159,"South Africa","RSA","ZAF",8,"0","0","0","0","0","0","-","0"
1,"75ayTB",1,517,2007,73,"Ghana","GHA","GHA",159,"South Africa","RSA","ZAF",8,444,"0","0","0","0","0","-","0"
1,"75ayTB",1,518,2008,73,"Ghana","GHA","GHA",159,"South Africa","RSA","ZAF",8,444,"0","0","0","0","0","-","0"
1,"75ayTB",1,519,2009,73,"Ghana","GHA","GHA",159,"South Africa","RSA","ZAF",8,"0","0","0","0","0","0","-","0"
1,"75ayTB",1,520,2010,73,"Ghana","GHA","GHA",159,"South Africa","RSA","ZAF",9,"0","0","0","0","0","0","-","0"
1,"75ayTB",1,521,2011,73,"Ghana","GHA","GHA",159,"South Africa","RSA","ZAF",9,667,"0","0","0","0","0","-","0"
1,"75ayTB",1,522,2012,73,"Ghana","GHA","GHA",159,"South Africa","RSA","ZAF",10,1427,"0","0","0","0","0","-","0"
1,"75ayTB",1,523,2013,73,"Ghana","GHA","GHA",159,"South Africa","RSA","ZAF",10,1618,"0","0","0","0","0","-","0"
1,"75ayTB",1,524,2014,73,"Ghana","GHA","GHA",159,"South Africa","RSA","ZAF",16,1650,"0","0","0","0","0","-","0"
1,"75ayTB",1,525,2015,73,"Ghana","GHA","GHA",159,"South Africa","RSA","ZAF",16,3035,"0","0","0","0","0","-","0"
1,"75ayTB",1,526,2016,73,"Ghana","GHA","GHA",159,"South Africa","RSA","ZAF",6,1420,"0","0","0","0","0","-","0"
1,"75ayTB",1,527,2017,73,"Ghana","GHA","GHA",159,"South Africa","RSA","ZAF","0",2601,"0","0","0","0","0","-","0"
1,"75ayTB",1,528,2018,73,"Ghana","GHA","GHA",159,"South Africa","RSA","ZAF","0",2131,"0","0","0","0","0","-","0"
1,"75ayTB",1,529,2019,73,"Ghana","GHA","GHA",159,"South Africa","RSA","ZAF",7,1854,"0","0","0","0","0","-","0"
1,"75ayTB",1,530,2020,73,"Ghana","GHA","GHA",159,"South Africa","RSA","ZAF",7,1464,"0","0","0","0","0","-","0"
1,"75ayTB",1,531,2021,73,"Ghana","GHA","GHA",159,"South Africa","RSA","ZAF",7,1335,"0","0","0","0","0","-","0"
1,"75ayTB",1,532,2022,73,"Ghana","GHA","GHA",159,"South Africa","RSA","ZAF",5,385,"0","0","0","0","0","-","0"
1,"75ayTB",1,533,2023,73,"Ghana","GHA","GHA",159,"South Africa","RSA","ZAF",5,584,"0","0","0","0","0","-","0"
1,"75ayTB",1,534,2024,73,"Ghana","GHA","GHA",159,"South Africa","RSA","ZAF",5,562,"0","0","0","0","0","-","0"
1,"75ayTB",1,535,2025,73,"Ghana","GHA","GHA",159,"South Africa","RSA","ZAF",5,561,"0","0","0","0","0","-","0"
1,"75ayTB",1,536,2015,75,"Guinea-Bissau","GNB","GNB",159,"South Africa","RSA","ZAF","0",5,"0","0","0","0","0","-","0"
1,"75ayTB",1,537,2019,75,"Guinea-Bissau","GNB","GNB",159,"South Africa","RSA","ZAF","0",9,"0","0","0","0","0","-","0"
1,"75ayTB",1,538,2020,75,"Guinea-Bissau","GNB","GNB",159,"South Africa","RSA","ZAF","0",9,"0","0","0","0","0","-","0"
1,"75ayTB",1,539,2021,75,"Guinea-Bissau","GNB","GNB",159,"South Africa","RSA","ZAF","0",9,"0","0","0","0","0","-","0"
1,"75ayTB",1,540,2022,75,"Guinea-Bissau","GNB","GNB",159,"South Africa","RSA","ZAF","0",7,"0","0","0","0","0","-","0"
1,"75ayTB",1,541,2023,75,"Guinea-Bissau","GNB","GNB",159,"South Africa","RSA","ZAF","0",5,"0","0","0","0","0","-","0"
1,"75ayTB",1,542,2025,75,"Guinea-Bissau","GNB","GNB",159,"South Africa","RSA","ZAF","0",5,"0","0","0","0","0","-","0"
1,"75ayTB",1,543,2007,79,"Guinea","GUI","GIN",159,"South Africa","RSA","ZAF","0",32,"0","0","0","0","0","-","0"
1,"75ayTB",1,544,2008,79,"Guinea","GUI","GIN",159,"South Africa","RSA","ZAF","0",32,"0","0","0","0","0","-","0"
1,"75ayTB",1,545,2011,79,"Guinea","GUI","GIN",159,"South Africa","RSA","ZAF","0",7,"0","0","0","0","0","-","0"
1,"75ayTB",1,546,2012,79,"Guinea","GUI","GIN",159,"South Africa","RSA","ZAF","0",20,"0","0","0","0","0","-","0"
1,"75ayTB",1,547,2013,79,"Guinea","GUI","GIN",159,"South Africa","RSA","ZAF","0",20,"0","0","0","0","0","-","0"
1,"75ayTB",1,548,2014,79,"Guinea","GUI","GIN",159,"South Africa","RSA","ZAF","0",26,"0","0","0","0","0","-","0"
1,"75ayTB",1,549,2015,79,"Guinea","GUI","GIN",159,"South Africa","RSA","ZAF","0",38,"0","0","0","0","0","-","0"
1,"75ayTB",1,550,2016,79,"Guinea","GUI","GIN",159,"South Africa","RSA","ZAF","0",5,"0","0","0","0","0","-","0"
1,"75ayTB",1,551,2019,79,"Guinea","GUI","GIN",159,"South Africa","RSA","ZAF","0",59,"0","0","0","0","0","-","0"
1,"75ayTB",1,552,2020,79,"Guinea","GUI","GIN",159,"South Africa","RSA","ZAF","0",54,"0","0","0","0","0","-","0"
1,"75ayTB",1,553,2021,79,"Guinea","GUI","GIN",159,"South Africa","RSA","ZAF","0",51,"0","0","0","0","0","-","0"
1,"75ayTB",1,554,2022,79,"Guinea","GUI","GIN",159,"South Africa","RSA","ZAF","0",22,"0","0","0","0","0","-","0"
1,"75ayTB",1,555,2023,79,"Guinea","GUI","GIN",159,"South Africa","RSA","ZAF","0",13,"0","0","0","0","0","-","0"
1,"75ayTB",1,556,2024,79,"Guinea","GUI","GIN",159,"South Africa","RSA","ZAF","0",20,"0","0","0","0","0","-","0"
1,"75ayTB",1,557,2025,79,"Guinea","GUI","GIN",159,"South Africa","RSA","ZAF","0",20,"0","0","0","0","0","-","0"
1,"75ayTB",1,558,2007,81,"Haiti","HAI","HTI",159,"South Africa","RSA","ZAF","0",9,"0","0","0","0","0","-","0"
1,"75ayTB",1,559,2008,81,"Haiti","HAI","HTI",159,"South Africa","RSA","ZAF","0",9,"0","0","0","0","0","-","0"
1,"75ayTB",1,560,2000,84,"Croatia","HRV","HRV",159,"South Africa","RSA","ZAF",7,5,"0","0","0","0","0","-","0"
1,"75ayTB",1,561,2001,84,"Croatia","HRV","HRV",159,"South Africa","RSA","ZAF",8,"0","0","0","0","0","0","-","0"
1,"75ayTB",1,562,2002,84,"Croatia","HRV","HRV",159,"South Africa","RSA","ZAF",8,"0","0","0","0","0","0","-","0"
1,"75ayTB",1,563,2015,85,"Hungary","HUN","HUN",159,"South Africa","RSA","ZAF","0",17,"0","0","0","0","0","-","0"
1,"75ayTB",1,564,2016,85,"Hungary","HUN","HUN",159,"South Africa","RSA","ZAF","0",19,"0","0","0","0","0","-","0"
1,"75ayTB",1,565,2023,85,"Hungary","HUN","HUN",159,"South Africa","RSA","ZAF","0",5,"0","0","0","0","0","-","0"
1,"75ayTB",1,566,2024,85,"Hungary","HUN","HUN",159,"South Africa","RSA","ZAF","0",5,"0","0","0","0","0","-","0"
1,"75ayTB",1,567,2025,85,"Hungary","HUN","HUN",159,"South Africa","RSA","ZAF","0",5,"0","0","0","0","0","-","0"
1,"75ayTB",1,568,2013,86,"Iceland","ICE","ISL",159,"South Africa","RSA","ZAF","0",5,"0","0","0","0","0","-","0"
1,"75ayTB",1,569,2014,86,"Iceland","ICE","ISL",159,"South Africa","RSA","ZAF","0",5,"0","0","0","0","0","-","0"
1,"75ayTB",1,570,2015,86,"Iceland","ICE","ISL",159,"South Africa","RSA","ZAF","0",5,"0","0","0","0","0","-","0"
1,"75ayTB",1,571,2016,86,"Iceland","ICE","ISL",159,"South Africa","RSA","ZAF","0",5,"0","0","0","0","0","-","0"
1,"75ayTB",1,572,2000,87,"Cote d'Ivoire","ICO","CIV",159,"South Africa","RSA","ZAF","0",250,"0","0","0","0","0","-","0"
1,"75ayTB",1,573,2001,87,"Cote d'Ivoire","ICO","CIV",159,"South Africa","RSA","ZAF","0",235,"0","0","0","0","0","-","0"
1,"75ayTB",1,574,2002,87,"Cote d'Ivoire","ICO","CIV",159,"South Africa","RSA","ZAF",5,110,"0","0","0","0","0","-","0"
1,"75ayTB",1,575,2003,87,"Cote d'Ivoire","ICO","CIV",159,"South Africa","RSA","ZAF",5,175,"0","0","0","0","0","-","0"
1,"75ayTB",1,576,2004,87,"Cote d'Ivoire","ICO","CIV",159,"South Africa","RSA","ZAF",5,238,"0","0","0","0","0","-","0"
1,"75ayTB",1,577,2005,87,"Cote d'Ivoire","ICO","CIV",159,"South Africa","RSA","ZAF",6,261,"0","0","0","0","0","-","0"
1,"75ayTB",1,578,2006,87,"Cote d'Ivoire","ICO","CIV",159,"South Africa","RSA","ZAF",7,"0","0","0","0","0","0","-","0"
1,"75ayTB",1,579,2007,87,"Cote d'Ivoire","ICO","CIV",159,"South Africa","RSA","ZAF",7,192,"0","0","0","0","0","-","0"
1,"75ayTB",1,580,2008,87,"Cote d'Ivoire","ICO","CIV",159,"South Africa","RSA","ZAF",7,192,"0","0","0","0","0","-","0"
1,"75ayTB",1,581,2009,87,"Cote d'Ivoire","ICO","CIV",159,"South Africa","RSA","ZAF",7,"0","0","0","0","0","0","-","0"
1,"75ayTB",1,582,2010,87,"Cote d'Ivoire","ICO","CIV",159,"South Africa","RSA","ZAF",10,"0","0","0","0","0","0","-","0"
1,"75ayTB",1,583,2011,87,"Cote d'Ivoire","ICO","CIV",159,"South Africa","RSA","ZAF",10,38,"0","0","0","0","0","-","0"
1,"75ayTB",1,584,2012,87,"Cote d'Ivoire","ICO","CIV",159,"South Africa","RSA","ZAF",12,76,"0","0","0","0","0","-","0"
1,"75ayTB",1,585,2013,87,"Cote d'Ivoire","ICO","CIV",159,"South Africa","RSA","ZAF","0",104,"0","0","0","0","0","-","0"
1,"75ayTB",1,586,2014,87,"Cote d'Ivoire","ICO","CIV",159,"South Africa","RSA","ZAF",48,110,"0","0","0","0","0","-","0"
1,"75ayTB",1,587,2015,87,"Cote d'Ivoire","ICO","CIV",159,"South Africa","RSA","ZAF",48,141,"0","0","0","0","0","-","0"
1,"75ayTB",1,588,2016,87,"Cote d'Ivoire","ICO","CIV",159,"South Africa","RSA","ZAF",40,25,"0","0","0","0","0","-","0"
1,"75ayTB",1,589,2017,87,"Cote d'Ivoire","ICO","CIV",159,"South Africa","RSA","ZAF",41,"0","0","0","0","0","0","-","0"
1,"75ayTB",1,590,2018,87,"Cote d'Ivoire","ICO","CIV",159,"South Africa","RSA","ZAF",41,"0","0","0","0","0","0","-","0"
1,"75ayTB",1,591,2019,87,"Cote d'Ivoire","ICO","CIV",159,"South Africa","RSA","ZAF",28,177,"0","0","0","0","0","-","0"
1,"75ayTB",1,592,2020,87,"Cote d'Ivoire","ICO","CIV",159,"South Africa","RSA","ZAF",27,171,"0","0","0","0","0","-","0"
1,"75ayTB",1,593,2021,87,"Cote d'Ivoire","ICO","CIV",159,"South Africa","RSA","ZAF",26,168,"0","0","0","0","0","-","0"
1,"75ayTB",1,594,2022,87,"Cote d'Ivoire","ICO","CIV",159,"South Africa","RSA","ZAF",26,79,"0","0","0","0","0","-","0"
1,"75ayTB",1,595,2023,87,"Cote d'Ivoire","ICO","CIV",159,"South Africa","RSA","ZAF",26,35,"0","0","0","0","0","-","0"
1,"75ayTB",1,596,2024,87,"Cote d'Ivoire","ICO","CIV",159,"South Africa","RSA","ZAF",26,44,"0","0","0","0","0","-","0"
1,"75ayTB",1,597,2025,87,"Cote d'Ivoire","ICO","CIV",159,"South Africa","RSA","ZAF",26,49,"0","0","0","0","0","-","0"
1,"75ayTB",1,598,2000,88,"India","IND","IND",159,"South Africa","RSA","ZAF","0",1450,"0","0","0","0","0","-","0"
1,"75ayTB",1,599,2001,88,"India","IND","IND",159,"South Africa","RSA","ZAF","0",734,"0","0","0","0","0","-","0"
1,"75ayTB",1,600,2002,88,"India","IND","IND",159,"South Africa","RSA","ZAF","0",2286,"0","0","0","0","0","-","0"
1,"75ayTB",1,601,2003,88,"India","IND","IND",159,"South Africa","RSA","ZAF","0",4345,"0","0","0","0","0","-","0"
1,"75ayTB",1,602,2004,88,"India","IND","IND",159,"South Africa","RSA","ZAF","0",5925,"0","0","0","0","0","-","0"
1,"75ayTB",1,603,2005,88,"India","IND","IND",159,"South Africa","RSA","ZAF","0",6257,"0","0","0","0","0","-","0"
1,"75ayTB",1,604,2007,88,"India","IND","IND",159,"South Africa","RSA","ZAF","0",1749,"0","0","0","0","0","-","0"
1,"75ayTB",1,605,2008,88,"India","IND","IND",159,"South Africa","RSA","ZAF","0",1749,"0","0","0","0","0","-","0"
1,"75ayTB",1,606,2010,88,"India","IND","IND",159,"South Africa","RSA","ZAF",5,"0","0","0","0","0","0","-","0"
1,"75ayTB",1,607,2011,88,"India","IND","IND",159,"South Africa","RSA","ZAF",5,515,"0","0","0","0","0","-","0"
1,"75ayTB",1,608,2012,88,"India","IND","IND",159,"South Africa","RSA","ZAF",5,1781,"0","0","0","0","0","-","0"
1,"75ayTB",1,609,2013,88,"India","IND","IND",159,"South Africa","RSA","ZAF",5,2582,"0","0","0","0","0","-","0"
1,"75ayTB",1,610,2014,88,"India","IND","IND",159,"South Africa","RSA","ZAF",12,3343,"0","0","0","0","0","-","0"
1,"75ayTB",1,611,2015,88,"India","IND","IND",159,"South Africa","RSA","ZAF",11,5533,"0","0","0","0","0","-","0"
1,"75ayTB",1,612,2016,88,"India","IND","IND",159,"South Africa","RSA","ZAF",6,1559,"0","0","0","0","0","-","0"
1,"75ayTB",1,613,2017,88,"India","IND","IND",159,"South Africa","RSA","ZAF","0",4459,"0","0","0","0","0","-","0"
1,"75ayTB",1,614,2018,88,"India","IND","IND",159,"South Africa","RSA","ZAF","0",4329,"0","0","0","0","0","-","0"
1,"75ayTB",1,615,2019,88,"India","IND","IND",159,"South Africa","RSA","ZAF",5,4665,"0","0","0","0","0","-","0"
1,"75ayTB",1,616,2020,88,"India","IND","IND",159,"South Africa","RSA","ZAF",5,4112,"0","0","0","0","0","-","0"
1,"75ayTB",1,617,2021,88,"India","IND","IND",159,"South Africa","RSA","ZAF",5,3994,"0","0","0","0","0","-","0"
1,"75ayTB",1,618,2022,88,"India","IND","IND",159,"South Africa","RSA","ZAF","0",1844,"0","0","0","0","0","-","0"
1,"75ayTB",1,619,2023,88,"India","IND","IND",159,"South Africa","RSA","ZAF","0",1846,"0","0","0","0","0","-","0"
1,"75ayTB",1,620,2024,88,"India","IND","IND",159,"South Africa","RSA","ZAF",5,1795,"0","0","0","0","0","-","0"
1,"75ayTB",1,621,2025,88,"India","IND","IND",159,"South Africa","RSA","ZAF","0",1602,"0","0","0","0","0","-","0"
1,"75ayTB",1,622,2001,91,"Iran (Islamic Rep. of)","IRN","IRN",159,"South Africa","RSA","ZAF",5,12,"0","0","0","0","0","-","0"
1,"75ayTB",1,623,2002,91,"Iran (Islamic Rep. of)","IRN","IRN",159,"South Africa","RSA","ZAF",5,15,"0","0","0","0","0","-","0"
1,"75ayTB",1,624,2003,91,"Iran (Islamic Rep. of)","IRN","IRN",159,"South Africa","RSA","ZAF",5,26,"0","0","0","0","0","-","0"
1,"75ayTB",1,625,2004,91,"Iran (Islamic Rep. of)","IRN","IRN",159,"South Africa","RSA","ZAF",5,33,"0","0","0","0","0","-","0"
1,"75ayTB",1,626,2005,91,"Iran (Islamic Rep. of)","IRN","IRN",159,"South Africa","RSA","ZAF",5,32,"0","0","0","0","0","-","0"
1,"75ayTB",1,627,2012,91,"Iran (Islamic Rep. of)","IRN","IRN",159,"South Africa","RSA","ZAF","0",6,"0","0","0","0","0","-","0"
1,"75ayTB",1,628,2013,91,"Iran (Islamic Rep. of)","IRN","IRN",159,"South Africa","RSA","ZAF","0",5,"0","0","0","0","0","-","0"
1,"75ayTB",1,629,2014,91,"Iran (Islamic Rep. of)","IRN","IRN",159,"South Africa","RSA","ZAF",5,5,"0","0","0","0","0","-","0"
1,"75ayTB",1,630,2015,91,"Iran (Islamic Rep. of)","IRN","IRN",159,"South Africa","RSA","ZAF",5,5,"0","0","0","0","0","-","0"
1,"75ayTB",1,631,2024,91,"Iran (Islamic Rep. of)","IRN","IRN",159,"South Africa","RSA","ZAF","0",5,"0","0","0","0","0","-","0"
1,"75ayTB",1,632,2000,92,"Iraq","IRQ","IRQ",159,"South Africa","RSA","ZAF",7,22,"0","0","0","0","0","-","0"
1,"75ayTB",1,633,2001,92,"Iraq","IRQ","IRQ",159,"South Africa","RSA","ZAF",7,12,"0","0","0","0","0","-","0"
1,"75ayTB",1,634,2002,92,"Iraq","IRQ","IRQ",159,"South Africa","RSA","ZAF",11,41,"0","0","0","0","0","-","0"
1,"75ayTB",1,635,2003,92,"Iraq","IRQ","IRQ",159,"South Africa","RSA","ZAF",11,42,"0","0","0","0","0","-","0"
1,"75ayTB",1,636,2004,92,"Iraq","IRQ","IRQ",159,"South Africa","RSA","ZAF",11,45,"0","0","0","0","0","-","0"
1,"75ayTB",1,637,2005,92,"Iraq","IRQ","IRQ",159,"South Africa","RSA","ZAF",11,47,"0","0","0","0","0","-","0"
1,"75ayTB",1,638,2007,92,"Iraq","IRQ","IRQ",159,"South Africa","RSA","ZAF","0",5,"0","0","0","0","0","-","0"
1,"75ayTB",1,639,2008,92,"Iraq","IRQ","IRQ",159,"South Africa","RSA","ZAF","0",5,"0","0","0","0","0","-","0"
1,"75ayTB",1,640,2009,92,"Iraq","IRQ","IRQ",159,"South Africa","RSA","ZAF",5,"0","0","0","0","0","0","-","0"
1,"75ayTB",1,641,2010,92,"Iraq","IRQ","IRQ",159,"South Africa","RSA","ZAF",5,"0","0","0","0","0","0","-","0"
1,"75ayTB",1,642,2011,92,"Iraq","IRQ","IRQ",159,"South Africa","RSA","ZAF",5,"0","0","0","0","0","0","-","0"
1,"75ayTB",1,643,2012,92,"Iraq","IRQ","IRQ",159,"South Africa","RSA","ZAF",5,5,"0","0","0","0","0","-","0"
1,"75ayTB",1,644,2013,92,"Iraq","IRQ","IRQ",159,"South Africa","RSA","ZAF",5,9,"0","0","0","0","0","-","0"
1,"75ayTB",1,645,2014,92,"Iraq","IRQ","IRQ",159,"South Africa","RSA","ZAF",26,9,26,"0","0","0","0","-","0"
1,"75ayTB",1,646,2015,92,"Iraq","IRQ","IRQ",159,"South Africa","RSA","ZAF",26,16,9,"0","0","0","0","-","0"
1,"75ayTB",1,647,2016,92,"Iraq","IRQ","IRQ",159,"South Africa","RSA","ZAF",17,10,"0","0","0","0","0","-","0"
1,"75ayTB",1,648,2019,92,"Iraq","IRQ","IRQ",159,"South Africa","RSA","ZAF",14,6,"0","0","0","0","0","-","0"
1,"75ayTB",1,649,2020,92,"Iraq","IRQ","IRQ",159,"South Africa","RSA","ZAF",14,6,"0","0","0","0","0","-","0"
1,"75ayTB",1,650,2021,92,"Iraq","IRQ","IRQ",159,"South Africa","RSA","ZAF",14,6,"0","0","0","0","0","-","0"
1,"75ayTB",1,651,2022,92,"Iraq","IRQ","IRQ",159,"South Africa","RSA","ZAF",7,5,"0","0","0","0","0","-","0"
1,"75ayTB",1,652,2023,92,"Iraq","IRQ","IRQ",159,"South Africa","RSA","ZAF",7,"0","0","0","0","0","0","-","0"
1,"75ayTB",1,653,2024,92,"Iraq","IRQ","IRQ",159,"South Africa","RSA","ZAF",9,5,"0","0","0","0","0","-","0"
1,"75ayTB",1,654,2025,92,"Iraq","IRQ","IRQ",159,"South Africa","RSA","ZAF",9,5,"0","0","0","0","0","-","0"
1,"75ayTB",1,655,2015,95,"Jamaica","JAM","JAM",159,"South Africa","RSA","ZAF","0",5,"0","0","0","0","0","-","0"
1,"75ayTB",1,656,2011,96,"Jordan","JOR","JOR",159,"South Africa","RSA","ZAF","0",5,"0","0","0","0","0","-","0"
1,"75ayTB",1,657,2012,96,"Jordan","JOR","JOR",159,"South Africa","RSA","ZAF","0",10,"0","0","0","0","0","-","0"
1,"75ayTB",1,658,2013,96,"Jordan","JOR","JOR",159,"South Africa","RSA","ZAF","0",9,"0","0","0","0","0","-","0"
1,"75ayTB",1,659,2014,96,"Jordan","JOR","JOR",159,"South Africa","RSA","ZAF","0",7,"0","0","0","0","0","-","0"
1,"75ayTB",1,660,2015,96,"Jordan","JOR","JOR",159,"South Africa","RSA","ZAF","0",10,"0","0","0","0","0","-","0"
1,"75ayTB",1,661,2016,96,"Jordan","JOR","JOR",159,"South Africa","RSA","ZAF","0",7,"0","0","0","0","0","-","0"
1,"75ayTB",1,662,2019,96,"Jordan","JOR","JOR",159,"South Africa","RSA","ZAF",5,11,"0","0","0","0","0","-","0"
1,"75ayTB",1,663,2020,96,"Jordan","JOR","JOR",159,"South Africa","RSA","ZAF",5,5,"0","0","0","0","0","-","0"
1,"75ayTB",1,664,2021,96,"Jordan","JOR","JOR",159,"South Africa","RSA","ZAF",5,5,"0","0","0","0","0","-","0"
1,"75ayTB",1,665,2022,96,"Jordan","JOR","JOR",159,"South Africa","RSA","ZAF",5,7,"0","0","0","0","0","-","0"
1,"75ayTB",1,666,2023,96,"Jordan","JOR","JOR",159,"South Africa","RSA","ZAF",5,8,"0","0","0","0","0","-","0"
1,"75ayTB",1,667,2024,96,"Jordan","JOR","JOR",159,"South Africa","RSA","ZAF",5,5,"0","0","0","0","0","-","0"
1,"75ayTB",1,668,2025,96,"Jordan","JOR","JOR",159,"South Africa","RSA","ZAF",5,5,"0","0","0","0","0","-","0"
1,"75ayTB",1,669,2000,99,"Kenya","KEN","KEN",159,"South Africa","RSA","ZAF","0",304,"0","0","0","0","0","-","0"
1,"75ayTB",1,670,2001,99,"Kenya","KEN","KEN",159,"South Africa","RSA","ZAF","0",181,"0","0","0","0","0","-","0"
1,"75ayTB",1,671,2002,99,"Kenya","KEN","KEN",159,"South Africa","RSA","ZAF",11,9187,"0","0","0","0","0","-","0"
1,"75ayTB",1,672,2003,99,"Kenya","KEN","KEN",159,"South Africa","RSA","ZAF",12,9623,"0","0","0","0","0","-","0"
1,"75ayTB",1,673,2004,99,"Kenya","KEN","KEN",159,"South Africa","RSA","ZAF",12,10057,"0","0","0","0","0","-","0"
1,"75ayTB",1,674,2005,99,"Kenya","KEN","KEN",159,"South Africa","RSA","ZAF",14,10357,"0","0","0","0","0","-","0"
1,"75ayTB",1,675,2006,99,"Kenya","KEN","KEN",159,"South Africa","RSA","ZAF",22,"0","0","0","0","0","0","-","0"
1,"75ayTB",1,676,2007,99,"Kenya","KEN","KEN",159,"South Africa","RSA","ZAF",32,792,"0","0","0","0","0","-","0"
1,"75ayTB",1,677,2008,99,"Kenya","KEN","KEN",159,"South Africa","RSA","ZAF",32,792,"0","0","0","0","0","-","0"
1,"75ayTB",1,678,2009,99,"Kenya","KEN","KEN",159,"South Africa","RSA","ZAF",36,"0","0","0","0","0","0","-","0"
1,"75ayTB",1,679,2010,99,"Kenya","KEN","KEN",159,"South Africa","RSA","ZAF",52,"0","0","0","0","0","0","-","0"
1,"75ayTB",1,680,2011,99,"Kenya","KEN","KEN",159,"South Africa","RSA","ZAF",52,123,"0","0","0","0","0","-","0"
1,"75ayTB",1,681,2012,99,"Kenya","KEN","KEN",159,"South Africa","RSA","ZAF",53,267,"0","0","0","0","0","-","0"
1,"75ayTB",1,682,2013,99,"Kenya","KEN","KEN",159,"South Africa","RSA","ZAF",53,342,"0","0","0","0","0","-","0"
1,"75ayTB",1,683,2014,99,"Kenya","KEN","KEN",159,"South Africa","RSA","ZAF",199,409,"0","0","0","0","0","-","0"
1,"75ayTB",1,684,2015,99,"Kenya","KEN","KEN",159,"South Africa","RSA","ZAF",206,590,"0","0","0","0","0","-","0"
1,"75ayTB",1,685,2016,99,"Kenya","KEN","KEN",159,"South Africa","RSA","ZAF",153,94,"0","0","0","0","0","-","0"
1,"75ayTB",1,686,2017,99,"Kenya","KEN","KEN",159,"South Africa","RSA","ZAF",155,1097,"0","0","0","0","0","-","0"
1,"75ayTB",1,687,2018,99,"Kenya","KEN","KEN",159,"South Africa","RSA","ZAF",157,1072,"0","0","0","0","0","-","0"
1,"75ayTB",1,688,2019,99,"Kenya","KEN","KEN",159,"South Africa","RSA","ZAF",143,1034,"0","0","0","0","0","-","0"
1,"75ayTB",1,689,2020,99,"Kenya","KEN","KEN",159,"South Africa","RSA","ZAF",140,966,"0","0","0","0","0","-","0"
1,"75ayTB",1,690,2021,99,"Kenya","KEN","KEN",159,"South Africa","RSA","ZAF",141,950,"0","0","0","0","0","-","0"
1,"75ayTB",1,691,2022,99,"Kenya","KEN","KEN",159,"South Africa","RSA","ZAF",112,518,"0","0","0","0","0","-","0"
1,"75ayTB",1,692,2023,99,"Kenya","KEN","KEN",159,"South Africa","RSA","ZAF",118,392,"0","0","0","0","0","-","0"
1,"75ayTB",1,693,2024,99,"Kenya","KEN","KEN",159,"South Africa","RSA","ZAF",125,439,"0","0","0","0","0","-","0"
1,"75ayTB",1,694,2025,99,"Kenya","KEN","KEN",159,"South Africa","RSA","ZAF",108,426,"0","0","0","0","0","-","0"
1,"75ayTB",1,695,2002,100,"Kyrgyzstan","KGZ","KGZ",159,"South Africa","RSA","ZAF",11,"0","0","0","0","0","0","-","0"
1,"75ayTB",1,696,2003,100,"Kyrgyzstan","KGZ","KGZ",159,"South Africa","RSA","ZAF",18,"0","0","0","0","0","0","-","0"
1,"75ayTB",1,697,2004,100,"Kyrgyzstan","KGZ","KGZ",159,"South Africa","RSA","ZAF",18,"0","0","0","0","0","0","-","0"
1,"75ayTB",1,698,2005,100,"Kyrgyzstan","KGZ","KGZ",159,"South Africa","RSA","ZAF",18,"0","0","0","0","0","0","-","0"
1,"75ayTB",1,699,2006,100,"Kyrgyzstan","KGZ","KGZ",159,"South Africa","RSA","ZAF",18,"0","0","0","0","0","0","-","0"
1,"75ayTB",1,700,2007,100,"Kyrgyzstan","KGZ","KGZ",159,"South Africa","RSA","ZAF",18,"0","0","0","0","0","0","-","0"
1,"75ayTB",1,701,2008,100,"Kyrgyzstan","KGZ","KGZ",159,"South Africa","RSA","ZAF",18,"0","0","0","0","0","0","-","0"
1,"75ayTB",1,702,2009,100,"Kyrgyzstan","KGZ","KGZ",159,"South Africa","RSA","ZAF",18,"0","0","0","0","0","0","-","0"
1,"75ayTB",1,703,2010,100,"Kyrgyzstan","KGZ","KGZ",159,"South Africa","RSA","ZAF",18,"0","0","0","0","0","0","-","0"
1,"75ayTB",1,704,2011,100,"Kyrgyzstan","KGZ","KGZ",159,"South Africa","RSA","ZAF",18,"0","0","0","0","0","0","-","0"
1,"75ayTB",1,705,2012,100,"Kyrgyzstan","KGZ","KGZ",159,"South Africa","RSA","ZAF",18,"0","0","0","0","0","0","-","0"
1,"75ayTB",1,706,2013,100,"Kyrgyzstan","KGZ","KGZ",159,"South Africa","RSA","ZAF",18,"0","0","0","0","0","0","-","0"
1,"75ayTB",1,707,2014,100,"Kyrgyzstan","KGZ","KGZ",159,"South Africa","RSA","ZAF",6,"0","0","0","0","0","0","-","0"
1,"75ayTB",1,708,2015,100,"Kyrgyzstan","KGZ","KGZ",159,"South Africa","RSA","ZAF",6,"0","0","0","0","0","0","-","0"
1,"75ayTB",1,709,2016,100,"Kyrgyzstan","KGZ","KGZ",159,"South Africa","RSA","ZAF",5,"0","0","0","0","0","0","-","0"
1,"75ayTB",1,710,1994,106,"Liberia","LBR","LBR",159,"South Africa","RSA","ZAF",50,"0","0","0","0","0","0","-","0"
1,"75ayTB",1,711,2000,106,"Liberia","LBR","LBR",159,"South Africa","RSA","ZAF",120,122,"0","0","0","0","0","-","0"
1,"75ayTB",1,712,2001,106,"Liberia","LBR","LBR",159,"South Africa","RSA","ZAF",165,49,"0","0","0","0","0","-","0"
1,"75ayTB",1,713,2002,106,"Liberia","LBR","LBR",159,"South Africa","RSA","ZAF",194,82,"0","0","0","0","0","-","0"
1,"75ayTB",1,714,2003,106,"Liberia","LBR","LBR",159,"South Africa","RSA","ZAF",213,118,"0","0","0","0","0","-","0"
1,"75ayTB",1,715,2004,106,"Liberia","LBR","LBR",159,"South Africa","RSA","ZAF",214,214,"0","0","0","0","0","-","0"
1,"75ayTB",1,716,2005,106,"Liberia","LBR","LBR",159,"South Africa","RSA","ZAF",216,291,"0","0","0","0","0","-","0"
1,"75ayTB",1,717,2006,106,"Liberia","LBR","LBR",159,"South Africa","RSA","ZAF",217,"0","0","0","0","0","0","-","0"
1,"75ayTB",1,718,2007,106,"Liberia","LBR","LBR",159,"South Africa","RSA","ZAF",217,103,"0","0","0","0","0","-","0"
1,"75ayTB",1,719,2008,106,"Liberia","LBR","LBR",159,"South Africa","RSA","ZAF",213,103,5,"0","0","0","0","-","0"
1,"75ayTB",1,720,2009,106,"Liberia","LBR","LBR",159,"South Africa","RSA","ZAF",214,"0","0","0","0","0","0","-","0"
1,"75ayTB",1,721,2010,106,"Liberia","LBR","LBR",159,"South Africa","RSA","ZAF",214,"0","0","0","0","0","0","-","0"
1,"75ayTB",1,722,2011,106,"Liberia","LBR","LBR",159,"South Africa","RSA","ZAF",214,7,"0","0","0","0","0","-","0"
1,"75ayTB",1,723,2012,106,"Liberia","LBR","LBR",159,"South Africa","RSA","ZAF",214,30,"0","0","0","0","0","-","0"
1,"75ayTB",1,724,2013,106,"Liberia","LBR","LBR",159,"South Africa","RSA","ZAF",214,40,"0","0","0","0","0","-","0"
1,"75ayTB",1,725,2014,106,"Liberia","LBR","LBR",159,"South Africa","RSA","ZAF",85,43,"0","0","0","0","0","-","0"
1,"75ayTB",1,726,2015,106,"Liberia","LBR","LBR",159,"South Africa","RSA","ZAF",86,47,"0","0","0","0","0","-","0"
1,"75ayTB",1,727,2016,106,"Liberia","LBR","LBR",159,"South Africa","RSA","ZAF",58,15,"0","0","0","0","0","-","0"
1,"75ayTB",1,728,2017,106,"Liberia","LBR","LBR",159,"South Africa","RSA","ZAF",60,"0","0","0","0","0","0","-","0"
1,"75ayTB",1,729,2018,106,"Liberia","LBR","LBR",159,"South Africa","RSA","ZAF",60,"0","0","0","0","0","0","-","0"
1,"75ayTB",1,730,2019,106,"Liberia","LBR","LBR",159,"South Africa","RSA","ZAF",50,69,"0","0","0","0","0","-","0"
1,"75ayTB",1,731,2020,106,"Liberia","LBR","LBR",159,"South Africa","RSA","ZAF",47,55,"0","0","0","0","0","-","0"
1,"75ayTB",1,732,2021,106,"Liberia","LBR","LBR",159,"South Africa","RSA","ZAF",47,55,"0","0","0","0","0","-","0"
1,"75ayTB",1,733,2022,106,"Liberia","LBR","LBR",159,"South Africa","RSA","ZAF",43,21,"0","0","0","0","0","-","0"
1,"75ayTB",1,734,2023,106,"Liberia","LBR","LBR",159,"South Africa","RSA","ZAF",45,25,"0","0","0","0","0","-","0"
1,"75ayTB",1,735,2024,106,"Liberia","LBR","LBR",159,"South Africa","RSA","ZAF",47,19,"0","0","0","0","0","-","0"
1,"75ayTB",1,736,2025,106,"Liberia","LBR","LBR",159,"South Africa","RSA","ZAF",48,24,"0","0","0","0","0","-","0"
1,"75ayTB",1,737,2012,107,"Libya","LBY","LBY",159,"South Africa","RSA","ZAF","0",5,"0","0","0","0","0","-","0"
1,"75ayTB",1,738,2013,107,"Libya","LBY","LBY",159,"South Africa","RSA","ZAF","0",7,"0","0","0","0","0","-","0"
1,"75ayTB",1,739,2014,107,"Libya","LBY","LBY",159,"South Africa","RSA","ZAF","0",7,"0","0","0","0","0","-","0"
1,"75ayTB",1,740,2015,107,"Libya","LBY","LBY",159,"South Africa","RSA","ZAF","0",12,"0","0","0","0","0","-","0"
1,"75ayTB",1,741,2016,107,"Libya","LBY","LBY",159,"South Africa","RSA","ZAF","0",9,"0","0","0","0","0","-","0"
1,"75ayTB",1,742,2019,107,"Libya","LBY","LBY",159,"South Africa","RSA","ZAF","0",5,"0","0","0","0","0","-","0"
1,"75ayTB",1,743,2014,109,"Lebanon","LEB","LBN",159,"South Africa","RSA","ZAF",5,"0","0","0","0","0","0","-","0"
1,"75ayTB",1,744,2015,109,"Lebanon","LEB","LBN",159,"South Africa","RSA","ZAF",5,"0","0","0","0","0","0","-","0"
1,"75ayTB",1,745,2016,109,"Lebanon","LEB","LBN",159,"South Africa","RSA","ZAF","0",5,"0","0","0","0","0","-","0"
1,"75ayTB",1,746,2007,110,"Lesotho","LES","LSO",159,"South Africa","RSA","ZAF","0",12,"0","0","0","0","0","-","0"
1,"75ayTB",1,747,2008,110,"Lesotho","LES","LSO",159,"South Africa","RSA","ZAF","0",12,"0","0","0","0","0","-","0"
1,"75ayTB",1,748,2011,110,"Lesotho","LES","LSO",159,"South Africa","RSA","ZAF","0",158,"0","0","0","0","0","-","0"
1,"75ayTB",1,749,2012,110,"Lesotho","LES","LSO",159,"South Africa","RSA","ZAF","0",279,"0","0","0","0","0","-","0"
1,"75ayTB",1,750,2013,110,"Lesotho","LES","LSO",159,"South Africa","RSA","ZAF","0",676,"0","0","0","0","0","-","0"
1,"75ayTB",1,751,2014,110,"Lesotho","LES","LSO",159,"South Africa","RSA","ZAF",5,650,"0","0","0","0","0","-","0"
1,"75ayTB",1,752,2015,110,"Lesotho","LES","LSO",159,"South Africa","RSA","ZAF",5,1081,"0","0","0","0","0","-","0"
1,"75ayTB",1,753,2016,110,"Lesotho","LES","LSO",159,"South Africa","RSA","ZAF","0",688,"0","0","0","0","0","-","0"
1,"75ayTB",1,754,2019,110,"Lesotho","LES","LSO",159,"South Africa","RSA","ZAF","0",27,"0","0","0","0","0","-","0"
1,"75ayTB",1,755,2020,110,"Lesotho","LES","LSO",159,"South Africa","RSA","ZAF","0",20,"0","0","0","0","0","-","0"
1,"75ayTB",1,756,2021,110,"Lesotho","LES","LSO",159,"South Africa","RSA","ZAF","0",18,"0","0","0","0","0","-","0"
1,"75ayTB",1,757,2022,110,"Lesotho","LES","LSO",159,"South Africa","RSA","ZAF","0",5,"0","0","0","0","0","-","0"
1,"75ayTB",1,758,2023,110,"Lesotho","LES","LSO",159,"South Africa","RSA","ZAF","0",5,"0","0","0","0","0","-","0"
1,"75ayTB",1,759,2024,110,"Lesotho","LES","LSO",159,"South Africa","RSA","ZAF","0",9,"0","0","0","0","0","-","0"
1,"75ayTB",1,760,2025,110,"Lesotho","LES","LSO",159,"South Africa","RSA","ZAF","0",5,"0","0","0","0","0","-","0"
1,"75ayTB",1,761,2000,112,"Sri Lanka","LKA","LKA",159,"South Africa","RSA","ZAF","0",9,"0","0","0","0","0","-","0"
1,"75ayTB",1,762,2001,112,"Sri Lanka","LKA","LKA",159,"South Africa","RSA","ZAF","0",7,"0","0","0","0","0","-","0"
1,"75ayTB",1,763,2002,112,"Sri Lanka","LKA","LKA",159,"South Africa","RSA","ZAF",5,12,"0","0","0","0","0","-","0"
1,"75ayTB",1,764,2003,112,"Sri Lanka","LKA","LKA",159,"South Africa","RSA","ZAF",5,22,"0","0","0","0","0","-","0"
1,"75ayTB",1,765,2004,112,"Sri Lanka","LKA","LKA",159,"South Africa","RSA","ZAF",5,22,"0","0","0","0","0","-","0"
1,"75ayTB",1,766,2005,112,"Sri Lanka","LKA","LKA",159,"South Africa","RSA","ZAF","0",29,"0","0","0","0","0","-","0"
1,"75ayTB",1,767,2007,112,"Sri Lanka","LKA","LKA",159,"South Africa","RSA","ZAF","0",33,"0","0","0","0","0","-","0"
1,"75ayTB",1,768,2008,112,"Sri Lanka","LKA","LKA",159,"South Africa","RSA","ZAF","0",33,"0","0","0","0","0","-","0"
1,"75ayTB",1,769,2011,112,"Sri Lanka","LKA","LKA",159,"South Africa","RSA","ZAF","0",11,"0","0","0","0","0","-","0"
1,"75ayTB",1,770,2012,112,"Sri Lanka","LKA","LKA",159,"South Africa","RSA","ZAF","0",19,"0","0","0","0","0","-","0"
1,"75ayTB",1,771,2013,112,"Sri Lanka","LKA","LKA",159,"South Africa","RSA","ZAF",5,18,"0","0","0","0","0","-","0"
1,"75ayTB",1,772,2014,112,"Sri Lanka","LKA","LKA",159,"South Africa","RSA","ZAF",15,15,"0","0","0","0","0","-","0"
1,"75ayTB",1,773,2015,112,"Sri Lanka","LKA","LKA",159,"South Africa","RSA","ZAF",15,29,"0","0","0","0","0","-","0"
1,"75ayTB",1,774,2016,112,"Sri Lanka","LKA","LKA",159,"South Africa","RSA","ZAF",15,18,"0","0","0","0","0","-","0"
1,"75ayTB",1,775,2018,112,"Sri Lanka","LKA","LKA",159,"South Africa","RSA","ZAF","0",7,"0","0","0","0","0","-","0"
1,"75ayTB",1,776,2019,112,"Sri Lanka","LKA","LKA",159,"South Africa","RSA","ZAF",10,18,"0","0","0","0","0","-","0"
1,"75ayTB",1,777,2020,112,"Sri Lanka","LKA","LKA",159,"South Africa","RSA","ZAF",10,18,"0","0","0","0","0","-","0"
1,"75ayTB",1,778,2021,112,"Sri Lanka","LKA","LKA",159,"South Africa","RSA","ZAF",10,17,"0","0","0","0","0","-","0"
1,"75ayTB",1,779,2022,112,"Sri Lanka","LKA","LKA",159,"South Africa","RSA","ZAF",9,7,"0","0","0","0","0","-","0"
1,"75ayTB",1,780,2023,112,"Sri Lanka","LKA","LKA",159,"South Africa","RSA","ZAF",9,6,"0","0","0","0","0","-","0"
1,"75ayTB",1,781,2024,112,"Sri Lanka","LKA","LKA",159,"South Africa","RSA","ZAF",9,5,"0","0","0","0","0","-","0"
1,"75ayTB",1,782,2025,112,"Sri Lanka","LKA","LKA",159,"South Africa","RSA","ZAF",9,10,"0","0","0","0","0","-","0"
1,"75ayTB",1,783,2014,116,"China, Macao SAR","MAC","MAC",159,"South Africa","RSA","ZAF",5,"0","0","0","0","0","0","-","0"
1,"75ayTB",1,784,2015,116,"China, Macao SAR","MAC","MAC",159,"South Africa","RSA","ZAF",5,"0","0","0","0","0","0","-","0"
1,"75ayTB",1,785,2016,116,"China, Macao SAR","MAC","MAC",159,"South Africa","RSA","ZAF",5,"0","0","0","0","0","0","-","0"
1,"75ayTB",1,786,2014,117,"Madagascar","MAD","MDG",159,"South Africa","RSA","ZAF","0",5,"0","0","0","0","0","-","0"
1,"75ayTB",1,787,2015,117,"Madagascar","MAD","MDG",159,"South Africa","RSA","ZAF","0",10,"0","0","0","0","0","-","0"
1,"75ayTB",1,788,2000,126,"Mali","MLI","MLI",159,"South Africa","RSA","ZAF","0",39,"0","0","0","0","0","-","0"
1,"75ayTB",1,789,2001,126,"Mali","MLI","MLI",159,"South Africa","RSA","ZAF","0",116,"0","0","0","0","0","-","0"
1,"75ayTB",1,790,2002,126,"Mali","MLI","MLI",159,"South Africa","RSA","ZAF","0",17,"0","0","0","0","0","-","0"
1,"75ayTB",1,791,2003,126,"Mali","MLI","MLI",159,"South Africa","RSA","ZAF","0",26,"0","0","0","0","0","-","0"
1,"75ayTB",1,792,2004,126,"Mali","MLI","MLI",159,"South Africa","RSA","ZAF","0",31,"0","0","0","0","0","-","0"
1,"75ayTB",1,793,2005,126,"Mali","MLI","MLI",159,"South Africa","RSA","ZAF","0",32,"0","0","0","0","0","-","0"
1,"75ayTB",1,794,2007,126,"Mali","MLI","MLI",159,"South Africa","RSA","ZAF","0",109,"0","0","0","0","0","-","0"
1,"75ayTB",1,795,2008,126,"Mali","MLI","MLI",159,"South Africa","RSA","ZAF","0",109,"0","0","0","0","0","-","0"
1,"75ayTB",1,796,2011,126,"Mali","MLI","MLI",159,"South Africa","RSA","ZAF","0",13,"0","0","0","0","0","-","0"
1,"75ayTB",1,797,2012,126,"Mali","MLI","MLI",159,"South Africa","RSA","ZAF","0",34,"0","0","0","0","0","-","0"
1,"75ayTB",1,798,2013,126,"Mali","MLI","MLI",159,"South Africa","RSA","ZAF",5,42,"0","0","0","0","0","-","0"
1,"75ayTB",1,799,2014,126,"Mali","MLI","MLI",159,"South Africa","RSA","ZAF",6,61,"0","0","0","0","0","-","0"
1,"75ayTB",1,800,2015,126,"Mali","MLI","MLI",159,"South Africa","RSA","ZAF",6,128,"0","0","0","0","0","-","0"
1,"75ayTB",1,801,2016,126,"Mali","MLI","MLI",159,"South Africa","RSA","ZAF",5,72,"0","0","0","0","0","-","0"
1,"75ayTB",1,802,2019,126,"Mali","MLI","MLI",159,"South Africa","RSA","ZAF",5,133,"0","0","0","0","0","-","0"
1,"75ayTB",1,803,2020,126,"Mali","MLI","MLI",159,"South Africa","RSA","ZAF",5,123,"0","0","0","0","0","-","0"
1,"75ayTB",1,804,2021,126,"Mali","MLI","MLI",159,"South Africa","RSA","ZAF",5,120,"0","0","0","0","0","-","0"
1,"75ayTB",1,805,2022,126,"Mali","MLI","MLI",159,"South Africa","RSA","ZAF","0",50,"0","0","0","0","0","-","0"
1,"75ayTB",1,806,2023,126,"Mali","MLI","MLI",159,"South Africa","RSA","ZAF",5,32,"0","0","0","0","0","-","0"
1,"75ayTB",1,807,2024,126,"Mali","MLI","MLI",159,"South Africa","RSA","ZAF",5,37,"0","0","0","0","0","-","0"
1,"75ayTB",1,808,2025,126,"Mali","MLI","MLI",159,"South Africa","RSA","ZAF",5,40,"0","0","0","0","0","-","0"
1,"75ayTB",1,809,2002,128,"Malawi","MLW","MWI",159,"South Africa","RSA","ZAF","0",137,"0","0","0","0","0","-","0"
1,"75ayTB",1,810,2003,128,"Malawi","MLW","MWI",159,"South Africa","RSA","ZAF","0",1407,"0","0","0","0","0","-","0"
1,"75ayTB",1,811,2004,128,"Malawi","MLW","MWI",159,"South Africa","RSA","ZAF","0",2917,"0","0","0","0","0","-","0"
1,"75ayTB",1,812,2005,128,"Malawi","MLW","MWI",159,"South Africa","RSA","ZAF",7,3833,"0","0","0","0","0","-","0"
1,"75ayTB",1,813,2006,128,"Malawi","MLW","MWI",159,"South Africa","RSA","ZAF",7,"0","0","0","0","0","0","-","0"
1,"75ayTB",1,814,2007,128,"Malawi","MLW","MWI",159,"South Africa","RSA","ZAF",11,8171,"0","0","0","0","0","-","0"
1,"75ayTB",1,815,2008,128,"Malawi","MLW","MWI",159,"South Africa","RSA","ZAF",11,8171,"0","0","0","0","0","-","0"
1,"75ayTB",1,816,2009,128,"Malawi","MLW","MWI",159,"South Africa","RSA","ZAF",11,"0","0","0","0","0","0","-","0"
1,"75ayTB",1,817,2010,128,"Malawi","MLW","MWI",159,"South Africa","RSA","ZAF",11,"0","0","0","0","0","0","-","0"
1,"75ayTB",1,818,2011,128,"Malawi","MLW","MWI",159,"South Africa","RSA","ZAF",11,2754,"0","0","0","0","0","-","0"
1,"75ayTB",1,819,2012,128,"Malawi","MLW","MWI",159,"South Africa","RSA","ZAF",11,4343,"0","0","0","0","0","-","0"
1,"75ayTB",1,820,2013,128,"Malawi","MLW","MWI",159,"South Africa","RSA","ZAF",12,4017,"0","0","0","0","0","-","0"
1,"75ayTB",1,821,2014,128,"Malawi","MLW","MWI",159,"South Africa","RSA","ZAF",23,3583,"0","0","0","0","0","-","0"
1,"75ayTB",1,822,2015,128,"Malawi","MLW","MWI",159,"South Africa","RSA","ZAF",23,5350,"0","0","0","0","0","-","0"
1,"75ayTB",1,823,2016,128,"Malawi","MLW","MWI",159,"South Africa","RSA","ZAF",13,3396,"0","0","0","0","0","-","0"
1,"75ayTB",1,824,2017,128,"Malawi","MLW","MWI",159,"South Africa","RSA","ZAF","0",2761,"0","0","0","0","0","-","0"
1,"75ayTB",1,825,2018,128,"Malawi","MLW","MWI",159,"South Africa","RSA","ZAF","0",2344,"0","0","0","0","0","-","0"
1,"75ayTB",1,826,2019,128,"Malawi","MLW","MWI",159,"South Africa","RSA","ZAF",8,2015,"0","0","0","0","0","-","0"
1,"75ayTB",1,827,2020,128,"Malawi","MLW","MWI",159,"South Africa","RSA","ZAF",8,1611,"0","0","0","0","0","-","0"
1,"75ayTB",1,828,2021,128,"Malawi","MLW","MWI",159,"South Africa","RSA","ZAF",8,1520,"0","0","0","0","0","-","0"
1,"75ayTB",1,829,2022,128,"Malawi","MLW","MWI",159,"South Africa","RSA","ZAF",7,583,"0","0","0","0","0","-","0"
1,"75ayTB",1,830,2023,128,"Malawi","MLW","MWI",159,"South Africa","RSA","ZAF",7,628,"0","0","0","0","0","-","0"
1,"75ayTB",1,831,2024,128,"Malawi","MLW","MWI",159,"South Africa","RSA","ZAF",7,748,"0","0","0","0","0","-","0"
1,"75ayTB",1,832,2025,128,"Malawi","MLW","MWI",159,"South Africa","RSA","ZAF",6,759,"0","0","0","0","0","-","0"
1,"75ayTB",1,833,2001,130,"Morocco","MOR","MAR",159,"South Africa","RSA","ZAF","0",12,"0","0","0","0","0","-","0"
1,"75ayTB",1,834,2011,130,"Morocco","MOR","MAR",159,"South Africa","RSA","ZAF","0",7,"0","0","0","0","0","-","0"
1,"75ayTB",1,835,2012,130,"Morocco","MOR","MAR",159,"South Africa","RSA","ZAF","0",12,"0","0","0","0","0","-","0"
1,"75ayTB",1,836,2013,130,"Morocco","MOR","MAR",159,"South Africa","RSA","ZAF","0",11,"0","0","0","0","0","-","0"
1,"75ayTB",1,837,2014,130,"Morocco","MOR","MAR",159,"South Africa","RSA","ZAF",6,10,"0","0","0","0","0","-","0"
1,"75ayTB",1,838,2015,130,"Morocco","MOR","MAR",159,"South Africa","RSA","ZAF",6,16,"0","0","0","0","0","-","0"
1,"75ayTB",1,839,2016,130,"Morocco","MOR","MAR",159,"South Africa","RSA","ZAF",5,6,"0","0","0","0","0","-","0"
1,"75ayTB",1,840,2019,130,"Morocco","MOR","MAR",159,"South Africa","RSA","ZAF",5,11,"0","0","0","0","0","-","0"
1,"75ayTB",1,841,2020,130,"Morocco","MOR","MAR",159,"South Africa","RSA","ZAF",5,11,"0","0","0","0","0","-","0"
1,"75ayTB",1,842,2021,130,"Morocco","MOR","MAR",159,"South Africa","RSA","ZAF",5,6,"0","0","0","0","0","-","0"
1,"75ayTB",1,843,1993,131,"Mozambique","MOZ","MOZ",159,"South Africa","RSA","ZAF",250000,"0","0","0","0","0","0","-","0"
1,"75ayTB",1,844,1994,131,"Mozambique","MOZ","MOZ",159,"South Africa","RSA","ZAF",90000,"0",21000,"0","0","0","0","-","0"
1,"75ayTB",1,845,1995,131,"Mozambique","MOZ","MOZ",159,"South Africa","RSA","ZAF",89299,"0",20701,"0","0","0","0","-","0"
1,"75ayTB",1,846,2001,131,"Mozambique","MOZ","MOZ",159,"South Africa","RSA","ZAF","0",12,"0","0","0","0","0","-","0"
1,"75ayTB",1,847,2002,131,"Mozambique","MOZ","MOZ",159,"South Africa","RSA","ZAF","0",35,"0","0","0","0","0","-","0"
1,"75ayTB",1,848,2003,131,"Mozambique","MOZ","MOZ",159,"South Africa","RSA","ZAF","0",153,"0","0","0","0","0","-","0"
1,"75ayTB",1,849,2004,131,"Mozambique","MOZ","MOZ",159,"South Africa","RSA","ZAF","0",300,"0","0","0","0","0","-","0"
1,"75ayTB",1,850,2005,131,"Mozambique","MOZ","MOZ",159,"South Africa","RSA","ZAF","0",355,"0","0","0","0","0","-","0"
1,"75ayTB",1,851,2007,131,"Mozambique","MOZ","MOZ",159,"South Africa","RSA","ZAF","0",673,"0","0","0","0","0","-","0"
1,"75ayTB",1,852,2008,131,"Mozambique","MOZ","MOZ",159,"South Africa","RSA","ZAF","0",673,"0","0","0","0","0","-","0"
1,"75ayTB",1,853,2011,131,"Mozambique","MOZ","MOZ",159,"South Africa","RSA","ZAF","0",341,"0","0","0","0","0","-","0"
1,"75ayTB",1,854,2012,131,"Mozambique","MOZ","MOZ",159,"South Africa","RSA","ZAF","0",850,"0","0","0","0","0","-","0"
1,"75ayTB",1,855,2013,131,"Mozambique","MOZ","MOZ",159,"South Africa","RSA","ZAF","0",1416,"0","0","0","0","0","-","0"
1,"75ayTB",1,856,2014,131,"Mozambique","MOZ","MOZ",159,"South Africa","RSA","ZAF",5,1369,"0","0","0","0","0","-","0"
1,"75ayTB",1,857,2015,131,"Mozambique","MOZ","MOZ",159,"South Africa","RSA","ZAF",5,2125,"0","0","0","0","0","-","0"
1,"75ayTB",1,858,2016,131,"Mozambique","MOZ","MOZ",159,"South Africa","RSA","ZAF","0",1456,"0","0","0","0","0","-","0"
1,"75ayTB",1,859,2017,131,"Mozambique","MOZ","MOZ",159,"South Africa","RSA","ZAF","0",987,"0","0","0","0","0","-","0"
1,"75ayTB",1,860,2018,131,"Mozambique","MOZ","MOZ",159,"South Africa","RSA","ZAF","0",785,"0","0","0","0","0","-","0"
1,"75ayTB",1,861,2019,131,"Mozambique","MOZ","MOZ",159,"South Africa","RSA","ZAF","0",412,"0","0","0","0","0","-","0"
1,"75ayTB",1,862,2020,131,"Mozambique","MOZ","MOZ",159,"South Africa","RSA","ZAF","0",290,"0","0","0","0","0","-","0"
1,"75ayTB",1,863,2021,131,"Mozambique","MOZ","MOZ",159,"South Africa","RSA","ZAF","0",261,"0","0","0","0","0","-","0"
1,"75ayTB",1,864,2022,131,"Mozambique","MOZ","MOZ",159,"South Africa","RSA","ZAF","0",26,"0","0","0","0","0","-","0"
1,"75ayTB",1,865,2023,131,"Mozambique","MOZ","MOZ",159,"South Africa","RSA","ZAF","0",38,"0","0","0","0","0","-","0"
1,"75ayTB",1,866,2024,131,"Mozambique","MOZ","MOZ",159,"South Africa","RSA","ZAF","0",41,"0","0","0","0","0","-","0"
1,"75ayTB",1,867,2025,131,"Mozambique","MOZ","MOZ",159,"South Africa","RSA","ZAF","0",44,"0","0","0","0","0","-","0"
1,"75ayTB",1,868,2015,134,"Mauritius","MTS","MUS",159,"South Africa","RSA","ZAF","0",5,"0","0","0","0","0","-","0"
1,"75ayTB",1,869,2007,135,"Myanmar","MYA","MMR",159,"South Africa","RSA","ZAF","0",16,"0","0","0","0","0","-","0"
1,"75ayTB",1,870,2008,135,"Myanmar","MYA","MMR",159,"South Africa","RSA","ZAF","0",16,"0","0","0","0","0","-","0"
1,"75ayTB",1,871,2014,135,"Myanmar","MYA","MMR",159,"South Africa","RSA","ZAF",5,"0","0","0","0","0","0","-","0"
1,"75ayTB",1,872,2015,135,"Myanmar","MYA","MMR",159,"South Africa","RSA","ZAF",5,5,"0","0","0","0","0","-","0"
1,"75ayTB",1,873,2014,136,"Namibia","NAM","NAM",159,"South Africa","RSA","ZAF",5,"0","0","0","0","0","0","-","0"
1,"75ayTB",1,874,2015,136,"Namibia","NAM","NAM",159,"South Africa","RSA","ZAF",5,"0","0","0","0","0","0","-","0"
1,"75ayTB",1,875,2016,136,"Namibia","NAM","NAM",159,"South Africa","RSA","ZAF",5,"0","0","0","0","0","0","-","0"
1,"75ayTB",1,876,2012,137,"Nepal","NEP","NPL",159,"South Africa","RSA","ZAF","0",58,"0","0","0","0","0","-","0"
1,"75ayTB",1,877,2013,137,"Nepal","NEP","NPL",159,"South Africa","RSA","ZAF","0",78,"0","0","0","0","0","-","0"
1,"75ayTB",1,878,2014,137,"Nepal","NEP","NPL",159,"South Africa","RSA","ZAF","0",86,"0","0","0","0","0","-","0"
1,"75ayTB",1,879,2015,137,"Nepal","NEP","NPL",159,"South Africa","RSA","ZAF","0",140,"0","0","0","0","0","-","0"
1,"75ayTB",1,880,2016,137,"Nepal","NEP","NPL",159,"South Africa","RSA","ZAF","0",35,"0","0","0","0","0","-","0"
1,"75ayTB",1,881,2019,137,"Nepal","NEP","NPL",159,"South Africa","RSA","ZAF","0",146,"0","0","0","0","0","-","0"
1,"75ayTB",1,882,2020,137,"Nepal","NEP","NPL",159,"South Africa","RSA","ZAF","0",96,"0","0","0","0","0","-","0"
1,"75ayTB",1,883,2021,137,"Nepal","NEP","NPL",159,"South Africa","RSA","ZAF","0",88,"0","0","0","0","0","-","0"
1,"75ayTB",1,884,2022,137,"Nepal","NEP","NPL",159,"South Africa","RSA","ZAF","0",40,"0","0","0","0","0","-","0"
1,"75ayTB",1,885,2023,137,"Nepal","NEP","NPL",159,"South Africa","RSA","ZAF","0",75,"0","0","0","0","0","-","0"
1,"75ayTB",1,886,2024,137,"Nepal","NEP","NPL",159,"South Africa","RSA","ZAF","0",49,"0","0","0","0","0","-","0"
1,"75ayTB",1,887,2025,137,"Nepal","NEP","NPL",159,"South Africa","RSA","ZAF","0",38,"0","0","0","0","0","-","0"
1,"75ayTB",1,888,2007,139,"Niger","NGR","NER",159,"South Africa","RSA","ZAF","0",22,"0","0","0","0","0","-","0"
1,"75ayTB",1,889,2008,139,"Niger","NGR","NER",159,"South Africa","RSA","ZAF","0",22,"0","0","0","0","0","-","0"
1,"75ayTB",1,890,2011,139,"Niger","NGR","NER",159,"South Africa","RSA","ZAF","0",15,"0","0","0","0","0","-","0"
1,"75ayTB",1,891,2012,139,"Niger","NGR","NER",159,"South Africa","RSA","ZAF","0",8,"0","0","0","0","0","-","0"
1,"75ayTB",1,892,2013,139,"Niger","NGR","NER",159,"South Africa","RSA","ZAF","0",10,"0","0","0","0","0","-","0"
1,"75ayTB",1,893,2014,139,"Niger","NGR","NER",159,"South Africa","RSA","ZAF",5,11,"0","0","0","0","0","-","0"
1,"75ayTB",1,894,2015,139,"Niger","NGR","NER",159,"South Africa","RSA","ZAF",5,59,"0","0","0","0","0","-","0"
1,"75ayTB",1,895,2016,139,"Niger","NGR","NER",159,"South Africa","RSA","ZAF",5,"0","0","0","0","0","0","-","0"
1,"75ayTB",1,896,2017,139,"Niger","NGR","NER",159,"South Africa","RSA","ZAF","0",894,"0","0","0","0","0","-","0"
1,"75ayTB",1,897,2018,139,"Niger","NGR","NER",159,"South Africa","RSA","ZAF","0",861,"0","0","0","0","0","-","0"
1,"75ayTB",1,898,2019,139,"Niger","NGR","NER",159,"South Africa","RSA","ZAF","0",736,"0","0","0","0","0","-","0"
1,"75ayTB",1,899,2020,139,"Niger","NGR","NER",159,"South Africa","RSA","ZAF","0",700,"0","0","0","0","0","-","0"
1,"75ayTB",1,900,2021,139,"Niger","NGR","NER",159,"South Africa","RSA","ZAF","0",688,"0","0","0","0","0","-","0"
1,"75ayTB",1,901,2022,139,"Niger","NGR","NER",159,"South Africa","RSA","ZAF",5,249,"0","0","0","0","0","-","0"
1,"75ayTB",1,902,2023,139,"Niger","NGR","NER",159,"South Africa","RSA","ZAF",5,153,"0","0","0","0","0","-","0"
1,"75ayTB",1,903,2024,139,"Niger","NGR","NER",159,"South Africa","RSA","ZAF",5,206,"0","0","0","0","0","-","0"
1,"75ayTB",1,904,2025,139,"Niger","NGR","NER",159,"South Africa","RSA","ZAF","0",197,"0","0","0","0","0","-","0"
1,"75ayTB",1,905,1995,141,"Nigeria","NIG","NGA",159,"South Africa","RSA","ZAF",944,"0","0","0","0","0","0","-","0"
1,"75ayTB",1,906,1996,141,"Nigeria","NIG","NGA",159,"South Africa","RSA","ZAF",2584,"0",55,"0","0","0","0","-","0"
1,"75ayTB",1,907,1998,141,"Nigeria","NIG","NGA",159,"South Africa","RSA","ZAF",5,"0","0","0","0","0","0","-","0"
1,"75ayTB",1,908,1999,141,"Nigeria","NIG","NGA",159,"South Africa","RSA","ZAF",5,"0","0","0","0","0","0","-","0"
1,"75ayTB",1,909,2000,141,"Nigeria","NIG","NGA",159,"South Africa","RSA","ZAF",5,1036,"0","0","0","0","0","-","0"
1,"75ayTB",1,910,2001,141,"Nigeria","NIG","NGA",159,"South Africa","RSA","ZAF",9,715,"0","0","0","0","0","-","0"
1,"75ayTB",1,911,2002,141,"Nigeria","NIG","NGA",159,"South Africa","RSA","ZAF",22,3464,"0","0","0","0","0","-","0"
1,"75ayTB",1,912,2003,141,"Nigeria","NIG","NGA",159,"South Africa","RSA","ZAF",22,7982,"0","0","0","0","0","-","0"
1,"75ayTB",1,913,2004,141,"Nigeria","NIG","NGA",159,"South Africa","RSA","ZAF",23,8988,"0","0","0","0","0","-","0"
1,"75ayTB",1,914,2005,141,"Nigeria","NIG","NGA",159,"South Africa","RSA","ZAF",27,9712,"0","0","0","0","0","-","0"
1,"75ayTB",1,915,2006,141,"Nigeria","NIG","NGA",159,"South Africa","RSA","ZAF",27,"0","0","0","0","0","0","-","0"
1,"75ayTB",1,916,2007,141,"Nigeria","NIG","NGA",159,"South Africa","RSA","ZAF",33,1410,"0","0","0","0","0","-","0"
1,"75ayTB",1,917,2008,141,"Nigeria","NIG","NGA",159,"South Africa","RSA","ZAF",33,1410,"0","0","0","0","0","-","0"
1,"75ayTB",1,918,2009,141,"Nigeria","NIG","NGA",159,"South Africa","RSA","ZAF",33,"0","0","0","0","0","0","-","0"
1,"75ayTB",1,919,2010,141,"Nigeria","NIG","NGA",159,"South Africa","RSA","ZAF",34,"0","0","0","0","0","0","-","0"
1,"75ayTB",1,920,2011,141,"Nigeria","NIG","NGA",159,"South Africa","RSA","ZAF",34,1199,"0","0","0","0","0","-","0"
1,"75ayTB",1,921,2012,141,"Nigeria","NIG","NGA",159,"South Africa","RSA","ZAF",34,3456,"0","0","0","0","0","-","0"
1,"75ayTB",1,922,2013,141,"Nigeria","NIG","NGA",159,"South Africa","RSA","ZAF",34,4542,"0","0","0","0","0","-","0"
1,"75ayTB",1,923,2014,141,"Nigeria","NIG","NGA",159,"South Africa","RSA","ZAF",17,5154,"0","0","0","0","0","-","0"
1,"75ayTB",1,924,2015,141,"Nigeria","NIG","NGA",159,"South Africa","RSA","ZAF",9,10713,"0","0","0","0","0","-","0"
1,"75ayTB",1,925,2016,141,"Nigeria","NIG","NGA",159,"South Africa","RSA","ZAF",6,3446,"0","0","0","0","0","-","0"
1,"75ayTB",1,926,2017,141,"Nigeria","NIG","NGA",159,"South Africa","RSA","ZAF","0",8877,"0","0","0","0","0","-","0"
1,"75ayTB",1,927,2018,141,"Nigeria","NIG","NGA",159,"South Africa","RSA","ZAF","0",7763,"0","0","0","0","0","-","0"
1,"75ayTB",1,928,2019,141,"Nigeria","NIG","NGA",159,"South Africa","RSA","ZAF",9,6372,"0","0","0","0","0","-","0"
1,"75ayTB",1,929,2020,141,"Nigeria","NIG","NGA",159,"South Africa","RSA","ZAF",11,5519,"0","0","0","0","0","-","0"
1,"75ayTB",1,930,2021,141,"Nigeria","NIG","NGA",159,"South Africa","RSA","ZAF",11,5207,"0","0","0","0","0","-","0"
1,"75ayTB",1,931,2022,141,"Nigeria","NIG","NGA",159,"South Africa","RSA","ZAF",7,1733,"0","0","0","0","0","-","0"
1,"75ayTB",1,932,2023,141,"Nigeria","NIG","NGA",159,"South Africa","RSA","ZAF",7,1468,"0","0","0","0","0","-","0"
1,"75ayTB",1,933,2024,141,"Nigeria","NIG","NGA",159,"South Africa","RSA","ZAF",8,1599,"0","0","0","0","0","-","0"
1,"75ayTB",1,934,2025,141,"Nigeria","NIG","NGA",159,"South Africa","RSA","ZAF",8,1576,"0","0","0","0","0","-","0"
1,"75ayTB",1,935,2014,146,"Oman","OMN","OMN",159,"South Africa","RSA","ZAF",5,"0","0","0","0","0","0","-","0"
1,"75ayTB",1,936,2015,146,"Oman","OMN","OMN",159,"South Africa","RSA","ZAF",5,"0","0","0","0","0","0","-","0"
1,"75ayTB",1,937,1995,147,"Pakistan","PAK","PAK",159,"South Africa","RSA","ZAF",324,"0","0","0","0","0","0","-","0"
1,"75ayTB",1,938,1996,147,"Pakistan","PAK","PAK",159,"South Africa","RSA","ZAF",1904,"0",16,"0","0","0","0","-","0"
1,"75ayTB",1,939,1998,147,"Pakistan","PAK","PAK",159,"South Africa","RSA","ZAF",5,"0","0","0","0","0","0","-","0"
1,"75ayTB",1,940,1999,147,"Pakistan","PAK","PAK",159,"South Africa","RSA","ZAF",6,"0","0","0","0","0","0","-","0"
1,"75ayTB",1,941,2000,147,"Pakistan","PAK","PAK",159,"South Africa","RSA","ZAF",5,1389,"0","0","0","0","0","-","0"
1,"75ayTB",1,942,2001,147,"Pakistan","PAK","PAK",159,"South Africa","RSA","ZAF",10,1111,"0","0","0","0","0","-","0"
1,"75ayTB",1,943,2002,147,"Pakistan","PAK","PAK",159,"South Africa","RSA","ZAF",27,3268,"0","0","0","0","0","-","0"
1,"75ayTB",1,944,2003,147,"Pakistan","PAK","PAK",159,"South Africa","RSA","ZAF",28,7906,"0","0","0","0","0","-","0"
1,"75ayTB",1,945,2004,147,"Pakistan","PAK","PAK",159,"South Africa","RSA","ZAF",28,9080,"0","0","0","0","0","-","0"
1,"75ayTB",1,946,2005,147,"Pakistan","PAK","PAK",159,"South Africa","RSA","ZAF",29,9876,"0","0","0","0","0","-","0"
1,"75ayTB",1,947,2006,147,"Pakistan","PAK","PAK",159,"South Africa","RSA","ZAF",29,"0","0","0","0","0","0","-","0"
1,"75ayTB",1,948,2007,147,"Pakistan","PAK","PAK",159,"South Africa","RSA","ZAF",29,2047,"0","0","0","0","0","-","0"
1,"75ayTB",1,949,2008,147,"Pakistan","PAK","PAK",159,"South Africa","RSA","ZAF",29,2047,"0","0","0","0","0","-","0"
1,"75ayTB",1,950,2009,147,"Pakistan","PAK","PAK",159,"South Africa","RSA","ZAF",31,"0","0","0","0","0","0","-","0"
1,"75ayTB",1,951,2010,147,"Pakistan","PAK","PAK",159,"South Africa","RSA","ZAF",37,"0","0","0","0","0","0","-","0"
1,"75ayTB",1,952,2011,147,"Pakistan","PAK","PAK",159,"South Africa","RSA","ZAF",37,1348,"0","0","0","0","0","-","0"
1,"75ayTB",1,953,2012,147,"Pakistan","PAK","PAK",159,"South Africa","RSA","ZAF",38,3087,"0","0","0","0","0","-","0"
1,"75ayTB",1,954,2013,147,"Pakistan","PAK","PAK",159,"South Africa","RSA","ZAF",38,4515,"0","0","0","0","0","-","0"
1,"75ayTB",1,955,2014,147,"Pakistan","PAK","PAK",159,"South Africa","RSA","ZAF",37,5489,"0","0","0","0","0","-","0"
1,"75ayTB",1,956,2015,147,"Pakistan","PAK","PAK",159,"South Africa","RSA","ZAF",37,8167,"0","0","0","0","0","-","0"
1,"75ayTB",1,957,2016,147,"Pakistan","PAK","PAK",159,"South Africa","RSA","ZAF",17,2644,"0","0","0","0","0","-","0"
1,"75ayTB",1,958,2017,147,"Pakistan","PAK","PAK",159,"South Africa","RSA","ZAF","0",9993,"0","0","0","0","0","-","0"
1,"75ayTB",1,959,2018,147,"Pakistan","PAK","PAK",159,"South Africa","RSA","ZAF","0",9834,"0","0","0","0","0","-","0"
1,"75ayTB",1,960,2019,147,"Pakistan","PAK","PAK",159,"South Africa","RSA","ZAF",12,10281,"0","0","0","0","0","-","0"
1,"75ayTB",1,961,2020,147,"Pakistan","PAK","PAK",159,"South Africa","RSA","ZAF",10,8858,"0","0","0","0","0","-","0"
1,"75ayTB",1,962,2021,147,"Pakistan","PAK","PAK",159,"South Africa","RSA","ZAF",11,8559,"0","0","0","0","0","-","0"
1,"75ayTB",1,963,2022,147,"Pakistan","PAK","PAK",159,"South Africa","RSA","ZAF",5,3325,"0","0","0","0","0","-","0"
1,"75ayTB",1,964,2023,147,"Pakistan","PAK","PAK",159,"South Africa","RSA","ZAF",5,3249,"0","0","0","0","0","-","0"
1,"75ayTB",1,965,2024,147,"Pakistan","PAK","PAK",159,"South Africa","RSA","ZAF",7,3112,"0","0","0","0","0","-","0"
1,"75ayTB",1,966,2025,147,"Pakistan","PAK","PAK",159,"South Africa","RSA","ZAF",7,2429,"0","0","0","0","0","-","0"
1,"75ayTB",1,967,2012,151,"Philippines","PHI","PHL",159,"South Africa","RSA","ZAF","0",5,"0","0","0","0","0","-","0"
1,"75ayTB",1,968,2013,151,"Philippines","PHI","PHL",159,"South Africa","RSA","ZAF","0",6,"0","0","0","0","0","-","0"
1,"75ayTB",1,969,2014,151,"Philippines","PHI","PHL",159,"South Africa","RSA","ZAF","0",6,"0","0","0","0","0","-","0"
1,"75ayTB",1,970,2015,151,"Philippines","PHI","PHL",159,"South Africa","RSA","ZAF","0",6,"0","0","0","0","0","-","0"
1,"75ayTB",1,971,2016,151,"Philippines","PHI","PHL",159,"South Africa","RSA","ZAF","0",6,"0","0","0","0","0","-","0"
1,"75ayTB",1,972,2007,154,"Poland","POL","POL",159,"South Africa","RSA","ZAF",5,"0","0","0","0","0","0","-","0"
1,"75ayTB",1,973,2008,154,"Poland","POL","POL",159,"South Africa","RSA","ZAF",5,"0","0","0","0","0","0","-","0"
1,"75ayTB",1,974,2009,154,"Poland","POL","POL",159,"South Africa","RSA","ZAF",5,"0","0","0","0","0","0","-","0"
1,"75ayTB",1,975,2010,154,"Poland","POL","POL",159,"South Africa","RSA","ZAF",5,"0","0","0","0","0","0","-","0"
1,"75ayTB",1,976,2011,154,"Poland","POL","POL",159,"South Africa","RSA","ZAF",5,"0","0","0","0","0","0","-","0"
1,"75ayTB",1,977,2012,154,"Poland","POL","POL",159,"South Africa","RSA","ZAF",5,"0","0","0","0","0","0","-","0"
1,"75ayTB",1,978,2013,154,"Poland","POL","POL",159,"South Africa","RSA","ZAF",5,"0","0","0","0","0","0","-","0"
1,"75ayTB",1,979,2014,160,"Russian Federation","RUS","RUS",159,"South Africa","RSA","ZAF",13,"0","0","0","0","0","0","-","0"
1,"75ayTB",1,980,2015,160,"Russian Federation","RUS","RUS",159,"South Africa","RSA","ZAF",13,"0","0","0","0","0","0","-","0"
1,"75ayTB",1,981,2016,160,"Russian Federation","RUS","RUS",159,"South Africa","RSA","ZAF",11,"0","0","0","0","0","0","-","0"
1,"75ayTB",1,982,2019,160,"Russian Federation","RUS","RUS",159,"South Africa","RSA","ZAF",10,"0","0","0","0","0","0","-","0"
1,"75ayTB",1,983,2020,160,"Russian Federation","RUS","RUS",159,"South Africa","RSA","ZAF",10,"0","0","0","0","0","0","-","0"
1,"75ayTB",1,984,2021,160,"Russian Federation","RUS","RUS",159,"South Africa","RSA","ZAF",10,"0","0","0","0","0","0","-","0"
1,"75ayTB",1,985,2022,160,"Russian Federation","RUS","RUS",159,"South Africa","RSA","ZAF",9,"0","0","0","0","0","0","-","0"
1,"75ayTB",1,986,2023,160,"Russian Federation","RUS","RUS",159,"South Africa","RSA","ZAF",9,"0","0","0","0","0","0","-","0"
1,"75ayTB",1,987,2024,160,"Russian Federation","RUS","RUS",159,"South Africa","RSA","ZAF",9,"0","0","0","0","0","0","-","0"
1,"75ayTB",1,988,2025,160,"Russian Federation","RUS","RUS",159,"South Africa","RSA","ZAF",8,"0","0","0","0","0","0","-","0"
1,"75ayTB",1,989,1994,161,"Rwanda","RWA","RWA",159,"South Africa","RSA","ZAF",79,"0","0","0","0","0","0","-","0"
1,"75ayTB",1,990,1995,161,"Rwanda","RWA","RWA",159,"South Africa","RSA","ZAF",206,"0",15,"0","0","0","0","-","0"
1,"75ayTB",1,991,1996,161,"Rwanda","RWA","RWA",159,"South Africa","RSA","ZAF",492,"0",96,"0","0","0","0","-","0"
1,"75ayTB",1,992,1997,161,"Rwanda","RWA","RWA",159,"South Africa","RSA","ZAF",356,"0","0","0","0","0","0","-","0"
1,"75ayTB",1,993,1998,161,"Rwanda","RWA","RWA",159,"South Africa","RSA","ZAF",455,"0","0","0","0","0","0","-","0"
1,"75ayTB",1,994,1999,161,"Rwanda","RWA","RWA",159,"South Africa","RSA","ZAF",446,"0",5,"0","0","0","0","-","0"
1,"75ayTB",1,995,2000,161,"Rwanda","RWA","RWA",159,"South Africa","RSA","ZAF",402,432,"0","0","0","0","0","-","0"
1,"75ayTB",1,996,2001,161,"Rwanda","RWA","RWA",159,"South Africa","RSA","ZAF",820,203,"0","0","0","0","0","-","0"
1,"75ayTB",1,997,2002,161,"Rwanda","RWA","RWA",159,"South Africa","RSA","ZAF",982,457,9,"0","0","0","0","-","0"
1,"75ayTB",1,998,2003,161,"Rwanda","RWA","RWA",159,"South Africa","RSA","ZAF",1193,502,5,"0","0","0","0","-","0"
1,"75ayTB",1,999,2004,161,"Rwanda","RWA","RWA",159,"South Africa","RSA","ZAF",1266,614,5,"0","0","0","0","-","0"
1,"75ayTB",1,1000,2005,161,"Rwanda","RWA","RWA",159,"South Africa","RSA","ZAF",1276,725,5,"0","0","0","0","-","0"
1,"75ayTB",1,1001,2006,161,"Rwanda","RWA","RWA",159,"South Africa","RSA","ZAF",1278,"0","0","0","0","0","0","-","0"
1,"75ayTB",1,1002,2007,161,"Rwanda","RWA","RWA",159,"South Africa","RSA","ZAF",1282,571,5,"0","0","0","0","-","0"
1,"75ayTB",1,1003,2008,161,"Rwanda","RWA","RWA",159,"South Africa","RSA","ZAF",1266,571,11,"0","0","0","0","-","0"
1,"75ayTB",1,1004,2009,161,"Rwanda","RWA","RWA",159,"South Africa","RSA","ZAF",1282,"0","0","0","0","0","0","-","0"
1,"75ayTB",1,1005,2010,161,"Rwanda","RWA","RWA",159,"South Africa","RSA","ZAF",1374,"0",5,"0","0","0","0","-","0"
1,"75ayTB",1,1006,2011,161,"Rwanda","RWA","RWA",159,"South Africa","RSA","ZAF",1374,142,5,"0","0","0","0","-","0"
1,"75ayTB",1,1007,2012,161,"Rwanda","RWA","RWA",159,"South Africa","RSA","ZAF",1364,311,"0","0","0","0","0","-","0"
1,"75ayTB",1,1008,2013,161,"Rwanda","RWA","RWA",159,"South Africa","RSA","ZAF",1366,294,"0","0","0","0","0","-","0"
1,"75ayTB",1,1009,2014,161,"Rwanda","RWA","RWA",159,"South Africa","RSA","ZAF",1814,238,"0","0","0","0","0","-","0"
1,"75ayTB",1,1010,2015,161,"Rwanda","RWA","RWA",159,"South Africa","RSA","ZAF",1881,303,"0","0","0","0","0","-","0"
1,"75ayTB",1,1011,2016,161,"Rwanda","RWA","RWA",159,"South Africa","RSA","ZAF",1381,69,"0","0","0","0","0","-","0"
1,"75ayTB",1,1012,2017,161,"Rwanda","RWA","RWA",159,"South Africa","RSA","ZAF",1295,902,"0","0","0","0","0","-","0"
1,"75ayTB",1,1013,2018,161,"Rwanda","RWA","RWA",159,"South Africa","RSA","ZAF",1297,927,"0","0","0","0","0","-","0"
1,"75ayTB",1,1014,2019,161,"Rwanda","RWA","RWA",159,"South Africa","RSA","ZAF",1067,1083,"0","0","0","0","0","-","0"
1,"75ayTB",1,1015,2020,161,"Rwanda","RWA","RWA",159,"South Africa","RSA","ZAF",1016,1056,"0","0","0","0","0","-","0"
1,"75ayTB",1,1016,2021,161,"Rwanda","RWA","RWA",159,"South Africa","RSA","ZAF",1014,1040,"0","0","0","0","0","-","0"
1,"75ayTB",1,1017,2022,161,"Rwanda","RWA","RWA",159,"South Africa","RSA","ZAF",923,747,"0","0","0","0","0","-","0"
1,"75ayTB",1,1018,2023,161,"Rwanda","RWA","RWA",159,"South Africa","RSA","ZAF",918,807,"0","0","0","0","0","-","0"
1,"75ayTB",1,1019,2024,161,"Rwanda","RWA","RWA",159,"South Africa","RSA","ZAF",942,846,"0","0","0","0","0","-","0"
1,"75ayTB",1,1020,2025,161,"Rwanda","RWA","RWA",159,"South Africa","RSA","ZAF",823,872,"0","0","0","0","0","-","0"
1,"75ayTB",1,1021,1994,164,"Serbia and Kosovo: S/RES/1244 (1999)","SRB","SRB",159,"South Africa","RSA","ZAF",32,"0","0","0","0","0","0","-","0"
1,"75ayTB",1,1022,2000,164,"Serbia and Kosovo: S/RES/1244 (1999)","SRB","SRB",159,"South Africa","RSA","ZAF",25,48,"0","0","0","0","0","-","0"
1,"75ayTB",1,1023,2001,164,"Serbia and Kosovo: S/RES/1244 (1999)","SRB","SRB",159,"South Africa","RSA","ZAF",27,34,"0","0","0","0","0","-","0"
1,"75ayTB",1,1024,2002,164,"Serbia and Kosovo: S/RES/1244 (1999)","SRB","SRB",159,"South Africa","RSA","ZAF",29,57,"0","0","0","0","0","-","0"
1,"75ayTB",1,1025,2003,164,"Serbia and Kosovo: S/RES/1244 (1999)","SRB","SRB",159,"South Africa","RSA","ZAF",34,58,"0","0","0","0","0","-","0"
1,"75ayTB",1,1026,2004,164,"Serbia and Kosovo: S/RES/1244 (1999)","SRB","SRB",159,"South Africa","RSA","ZAF",34,64,"0","0","0","0","0","-","0"
1,"75ayTB",1,1027,2005,164,"Serbia and Kosovo: S/RES/1244 (1999)","SRB","SRB",159,"South Africa","RSA","ZAF",34,64,"0","0","0","0","0","-","0"
1,"75ayTB",1,1028,2006,164,"Serbia and Kosovo: S/RES/1244 (1999)","SRB","SRB",159,"South Africa","RSA","ZAF",34,"0","0","0","0","0","0","-","0"
1,"75ayTB",1,1029,2007,164,"Serbia and Kosovo: S/RES/1244 (1999)","SRB","SRB",159,"South Africa","RSA","ZAF",34,"0","0","0","0","0","0","-","0"
1,"75ayTB",1,1030,2008,164,"Serbia and Kosovo: S/RES/1244 (1999)","SRB","SRB",159,"South Africa","RSA","ZAF",34,"0","0","0","0","0","0","-","0"
1,"75ayTB",1,1031,2009,164,"Serbia and Kosovo: S/RES/1244 (1999)","SRB","SRB",159,"South Africa","RSA","ZAF",34,"0","0","0","0","0","0","-","0"
1,"75ayTB",1,1032,2010,164,"Serbia and Kosovo: S/RES/1244 (1999)","SRB","SRB",159,"South Africa","RSA","ZAF",34,"0","0","0","0","0","0","-","0"
1,"75ayTB",1,1033,2011,164,"Serbia and Kosovo: S/RES/1244 (1999)","SRB","SRB",159,"South Africa","RSA","ZAF",34,"0","0","0","0","0","0","-","0"
1,"75ayTB",1,1034,2012,164,"Serbia and Kosovo: S/RES/1244 (1999)","SRB","SRB",159,"South Africa","RSA","ZAF",34,5,"0","0","0","0","0","-","0"
1,"75ayTB",1,1035,2013,164,"Serbia and Kosovo: S/RES/1244 (1999)","SRB","SRB",159,"South Africa","RSA","ZAF",34,5,"0","0","0","0","0","-","0"
1,"75ayTB",1,1036,2014,164,"Serbia and Kosovo: S/RES/1244 (1999)","SRB","SRB",159,"South Africa","RSA","ZAF","0",5,"0","0","0","0","0","-","0"
1,"75ayTB",1,1037,2015,164,"Serbia and Kosovo: S/RES/1244 (1999)","SRB","SRB",159,"South Africa","RSA","ZAF","0",6,"0","0","0","0","0","-","0"
1,"75ayTB",1,1038,2016,164,"Serbia and Kosovo: S/RES/1244 (1999)","SRB","SRB",159,"South Africa","RSA","ZAF","0",5,"0","0","0","0","0","-","0"
1,"75ayTB",1,1039,2000,165,"Senegal","SEN","SEN",159,"South Africa","RSA","ZAF","0",655,"0","0","0","0","0","-","0"
1,"75ayTB",1,1040,2001,165,"Senegal","SEN","SEN",159,"South Africa","RSA","ZAF","0",952,"0","0","0","0","0","-","0"
1,"75ayTB",1,1041,2002,165,"Senegal","SEN","SEN",159,"South Africa","RSA","ZAF",5,429,"0","0","0","0","0","-","0"
1,"75ayTB",1,1042,2003,165,"Senegal","SEN","SEN",159,"South Africa","RSA","ZAF",5,476,"0","0","0","0","0","-","0"
1,"75ayTB",1,1043,2004,165,"Senegal","SEN","SEN",159,"South Africa","RSA","ZAF",5,626,"0","0","0","0","0","-","0"
1,"75ayTB",1,1044,2005,165,"Senegal","SEN","SEN",159,"South Africa","RSA","ZAF",5,876,"0","0","0","0","0","-","0"
1,"75ayTB",1,1045,2007,165,"Senegal","SEN","SEN",159,"South Africa","RSA","ZAF","0",233,"0","0","0","0","0","-","0"
1,"75ayTB",1,1046,2008,165,"Senegal","SEN","SEN",159,"South Africa","RSA","ZAF","0",233,"0","0","0","0","0","-","0"
1,"75ayTB",1,1047,2011,165,"Senegal","SEN","SEN",159,"South Africa","RSA","ZAF","0",164,"0","0","0","0","0","-","0"
1,"75ayTB",1,1048,2012,165,"Senegal","SEN","SEN",159,"South Africa","RSA","ZAF","0",242,"0","0","0","0","0","-","0"
1,"75ayTB",1,1049,2013,165,"Senegal","SEN","SEN",159,"South Africa","RSA","ZAF","0",303,"0","0","0","0","0","-","0"
1,"75ayTB",1,1050,2014,165,"Senegal","SEN","SEN",159,"South Africa","RSA","ZAF",5,436,"0","0","0","0","0","-","0"
1,"75ayTB",1,1051,2015,165,"Senegal","SEN","SEN",159,"South Africa","RSA","ZAF",5,650,"0","0","0","0","0","-","0"
1,"75ayTB",1,1052,2016,165,"Senegal","SEN","SEN",159,"South Africa","RSA","ZAF",5,139,"0","0","0","0","0","-","0"
1,"75ayTB",1,1053,2017,165,"Senegal","SEN","SEN",159,"South Africa","RSA","ZAF","0",834,"0","0","0","0","0","-","0"
1,"75ayTB",1,1054,2018,165,"Senegal","SEN","SEN",159,"South Africa","RSA","ZAF","0",846,"0","0","0","0","0","-","0"
1,"75ayTB",1,1055,2019,165,"Senegal","SEN","SEN",159,"South Africa","RSA","ZAF",5,913,"0","0","0","0","0","-","0"
1,"75ayTB",1,1056,2020,165,"Senegal","SEN","SEN",159,"South Africa","RSA","ZAF",5,833,"0","0","0","0","0","-","0"
1,"75ayTB",1,1057,2021,165,"Senegal","SEN","SEN",159,"South Africa","RSA","ZAF",5,779,"0","0","0","0","0","-","0"
1,"75ayTB",1,1058,2022,165,"Senegal","SEN","SEN",159,"South Africa","RSA","ZAF","0",326,"0","0","0","0","0","-","0"
1,"75ayTB",1,1059,2023,165,"Senegal","SEN","SEN",159,"South Africa","RSA","ZAF","0",234,"0","0","0","0","0","-","0"
1,"75ayTB",1,1060,2024,165,"Senegal","SEN","SEN",159,"South Africa","RSA","ZAF","0",242,"0","0","0","0","0","-","0"
1,"75ayTB",1,1061,2025,165,"Senegal","SEN","SEN",159,"South Africa","RSA","ZAF","0",230,"0","0","0","0","0","-","0"
1,"75ayTB",1,1062,2014,166,"Seychelles","SEY","SYC",159,"South Africa","RSA","ZAF",5,"0","0","0","0","0","0","-","0"
1,"75ayTB",1,1063,2015,166,"Seychelles","SEY","SYC",159,"South Africa","RSA","ZAF",5,"0","0","0","0","0","0","-","0"
1,"75ayTB",1,1064,2000,169,"Sierra Leone","SLE","SLE",159,"South Africa","RSA","ZAF","0",202,"0","0","0","0","0","-","0"
1,"75ayTB",1,1065,2001,169,"Sierra Leone","SLE","SLE",159,"South Africa","RSA","ZAF",41,30,"0","0","0","0","0","-","0"
1,"75ayTB",1,1066,2002,169,"Sierra Leone","SLE","SLE",159,"South Africa","RSA","ZAF",52,65,"0","0","0","0","0","-","0"
1,"75ayTB",1,1067,2003,169,"Sierra Leone","SLE","SLE",159,"South Africa","RSA","ZAF",52,101,"0","0","0","0","0","-","0"
1,"75ayTB",1,1068,2004,169,"Sierra Leone","SLE","SLE",159,"South Africa","RSA","ZAF",53,117,"0","0","0","0","0","-","0"
1,"75ayTB",1,1069,2005,169,"Sierra Leone","SLE","SLE",159,"South Africa","RSA","ZAF",52,127,"0","0","0","0","0","-","0"
1,"75ayTB",1,1070,2006,169,"Sierra Leone","SLE","SLE",159,"South Africa","RSA","ZAF",52,"0","0","0","0","0","0","-","0"
1,"75ayTB",1,1071,2007,169,"Sierra Leone","SLE","SLE",159,"South Africa","RSA","ZAF",52,51,"0","0","0","0","0","-","0"
1,"75ayTB",1,1072,2008,169,"Sierra Leone","SLE","SLE",159,"South Africa","RSA","ZAF",52,51,"0","0","0","0","0","-","0"
1,"75ayTB",1,1073,2009,169,"Sierra Leone","SLE","SLE",159,"South Africa","RSA","ZAF",52,"0","0","0","0","0","0","-","0"
1,"75ayTB",1,1074,2010,169,"Sierra Leone","SLE","SLE",159,"South Africa","RSA","ZAF",53,"0","0","0","0","0","0","-","0"
1,"75ayTB",1,1075,2011,169,"Sierra Leone","SLE","SLE",159,"South Africa","RSA","ZAF",53,"0","0","0","0","0","0","-","0"
1,"75ayTB",1,1076,2012,169,"Sierra Leone","SLE","SLE",159,"South Africa","RSA","ZAF",53,"0","0","0","0","0","0","-","0"
1,"75ayTB",1,1077,2013,169,"Sierra Leone","SLE","SLE",159,"South Africa","RSA","ZAF",53,"0","0","0","0","0","0","-","0"
1,"75ayTB",1,1078,2014,169,"Sierra Leone","SLE","SLE",159,"South Africa","RSA","ZAF",31,6,"0","0","0","0","0","-","0"
1,"75ayTB",1,1079,2015,169,"Sierra Leone","SLE","SLE",159,"South Africa","RSA","ZAF",32,13,"0","0","0","0","0","-","0"
1,"75ayTB",1,1080,2016,169,"Sierra Leone","SLE","SLE",159,"South Africa","RSA","ZAF",20,"0","0","0","0","0","0","-","0"
1,"75ayTB",1,1081,2019,169,"Sierra Leone","SLE","SLE",159,"South Africa","RSA","ZAF",20,13,"0","0","0","0","0","-","0"
1,"75ayTB",1,1082,2020,169,"Sierra Leone","SLE","SLE",159,"South Africa","RSA","ZAF",19,13,"0","0","0","0","0","-","0"
1,"75ayTB",1,1083,2021,169,"Sierra Leone","SLE","SLE",159,"South Africa","RSA","ZAF",19,13,"0","0","0","0","0","-","0"
1,"75ayTB",1,1084,2022,169,"Sierra Leone","SLE","SLE",159,"South Africa","RSA","ZAF",13,7,"0","0","0","0","0","-","0"
1,"75ayTB",1,1085,2023,169,"Sierra Leone","SLE","SLE",159,"South Africa","RSA","ZAF",12,5,"0","0","0","0","0","-","0"
1,"75ayTB",1,1086,2024,169,"Sierra Leone","SLE","SLE",159,"South Africa","RSA","ZAF",13,6,"0","0","0","0","0","-","0"
1,"75ayTB",1,1087,2025,169,"Sierra Leone","SLE","SLE",159,"South Africa","RSA","ZAF",11,6,"0","0","0","0","0","-","0"
1,"75ayTB",1,1088,2010,171,"Solomon Islands","SOL","SLB",159,"South Africa","RSA","ZAF",5,"0","0","0","0","0","0","-","0"
1,"75ayTB",1,1089,2011,171,"Solomon Islands","SOL","SLB",159,"South Africa","RSA","ZAF",5,"0","0","0","0","0","0","-","0"
1,"75ayTB",1,1090,2012,171,"Solomon Islands","SOL","SLB",159,"South Africa","RSA","ZAF",5,5,"0","0","0","0","0","-","0"
1,"75ayTB",1,1091,2013,171,"Solomon Islands","SOL","SLB",159,"South Africa","RSA","ZAF",6,5,"0","0","0","0","0","-","0"
1,"75ayTB",1,1092,2014,171,"Solomon Islands","SOL","SLB",159,"South Africa","RSA","ZAF",12,5,"0","0","0","0","0","-","0"
1,"75ayTB",1,1093,2015,171,"Solomon Islands","SOL","SLB",159,"South Africa","RSA","ZAF",10,5,"0","0","0","0","0","-","0"
1,"75ayTB",1,1094,2016,171,"Solomon Islands","SOL","SLB",159,"South Africa","RSA","ZAF",8,6,"0","0","0","0","0","-","0"
1,"75ayTB",1,1095,2019,171,"Solomon Islands","SOL","SLB",159,"South Africa","RSA","ZAF",7,"0","0","0","0","0","0","-","0"
1,"75ayTB",1,1096,2020,171,"Solomon Islands","SOL","SLB",159,"South Africa","RSA","ZAF",7,"0","0","0","0","0","0","-","0"
1,"75ayTB",1,1097,2021,171,"Solomon Islands","SOL","SLB",159,"South Africa","RSA","ZAF",7,"0","0","0","0","0","0","-","0"
1,"75ayTB",1,1098,2022,171,"Solomon Islands","SOL","SLB",159,"South Africa","RSA","ZAF",6,"0","0","0","0","0","0","-","0"
1,"75ayTB",1,1099,2023,171,"Solomon Islands","SOL","SLB",159,"South Africa","RSA","ZAF",6,"0","0","0","0","0","0","-","0"
1,"75ayTB",1,1100,2024,171,"Solomon Islands","SOL","SLB",159,"South Africa","RSA","ZAF",6,"0","0","0","0","0","0","-","0"
1,"75ayTB",1,1101,2025,171,"Solomon Islands","SOL","SLB",159,"South Africa","RSA","ZAF",6,"0","0","0","0","0","0","-","0"
1,"75ayTB",1,1102,1994,172,"Somalia","SOM","SOM",159,"South Africa","RSA","ZAF",96,"0","0","0","0","0","0","-","0"
1,"75ayTB",1,1103,1995,172,"Somalia","SOM","SOM",159,"South Africa","RSA","ZAF",857,"0","0","0","0","0","0","-","0"
1,"75ayTB",1,1104,1996,172,"Somalia","SOM","SOM",159,"South Africa","RSA","ZAF",2371,"0",52,"0","0","0","0","-","0"
1,"75ayTB",1,1105,1997,172,"Somalia","SOM","SOM",159,"South Africa","RSA","ZAF",3595,"0","0","0","0","0","0","-","0"
1,"75ayTB",1,1106,1998,172,"Somalia","SOM","SOM",159,"South Africa","RSA","ZAF",3910,"0",39,"0","0","0","0","-","0"
1,"75ayTB",1,1107,1999,172,"Somalia","SOM","SOM",159,"South Africa","RSA","ZAF",4704,"0",27,"0","0","0","0","-","0"
1,"75ayTB",1,1108,2000,172,"Somalia","SOM","SOM",159,"South Africa","RSA","ZAF",4810,626,5,"0","0","0","0","-","0"
1,"75ayTB",1,1109,2001,172,"Somalia","SOM","SOM",159,"South Africa","RSA","ZAF",5336,357,5,"0","0","0","0","-","0"
1,"75ayTB",1,1110,2002,172,"Somalia","SOM","SOM",159,"South Africa","RSA","ZAF",6515,3032,7,"0","0","0","0","-","0"
1,"75ayTB",1,1111,2003,172,"Somalia","SOM","SOM",159,"South Africa","RSA","ZAF",6890,4705,14,"0","0","0","0","-","0"
1,"75ayTB",1,1112,2004,172,"Somalia","SOM","SOM",159,"South Africa","RSA","ZAF",7118,8360,8,"0","0","0","0","-","0"
1,"75ayTB",1,1113,2005,172,"Somalia","SOM","SOM",159,"South Africa","RSA","ZAF",7548,11548,"0","0","0","0","0","-","0"
1,"75ayTB",1,1114,2006,172,"Somalia","SOM","SOM",159,"South Africa","RSA","ZAF",7818,"0","0","0","0","0","0","-","0"
1,"75ayTB",1,1115,2007,172,"Somalia","SOM","SOM",159,"South Africa","RSA","ZAF",8554,4011,10,"0","0","0","0","-","0"
1,"75ayTB",1,1116,2008,172,"Somalia","SOM","SOM",159,"South Africa","RSA","ZAF",8543,4011,5,"0","0","0","0","-","0"
1,"75ayTB",1,1117,2009,172,"Somalia","SOM","SOM",159,"South Africa","RSA","ZAF",9718,"0","0","0","0","0","0","-","0"
1,"75ayTB",1,1118,2010,172,"Somalia","SOM","SOM",159,"South Africa","RSA","ZAF",15186,"0","0","0","0","0","0","-","0"
1,"75ayTB",1,1119,2011,172,"Somalia","SOM","SOM",159,"South Africa","RSA","ZAF",15186,5678,"0","0","0","0","0","-","0"
1,"75ayTB",1,1120,2012,172,"Somalia","SOM","SOM",159,"South Africa","RSA","ZAF",17864,5526,"0","0","0","0","0","-","0"
1,"75ayTB",1,1121,2013,172,"Somalia","SOM","SOM",159,"South Africa","RSA","ZAF",20818,3665,"0","0","0","0","0","-","0"
1,"75ayTB",1,1122,2014,172,"Somalia","SOM","SOM",159,"South Africa","RSA","ZAF",40133,3360,"0","0","0","0","0","-","0"
1,"75ayTB",1,1123,2015,172,"Somalia","SOM","SOM",159,"South Africa","RSA","ZAF",41458,4207,"0","0","0","0","0","-","0"
1,"75ayTB",1,1124,2016,172,"Somalia","SOM","SOM",159,"South Africa","RSA","ZAF",28695,2690,"0","0","0","0","0","-","0"
1,"75ayTB",1,1125,2017,172,"Somalia","SOM","SOM",159,"South Africa","RSA","ZAF",26977,4014,"0","0","0","0","0","-","0"
1,"75ayTB",1,1126,2018,172,"Somalia","SOM","SOM",159,"South Africa","RSA","ZAF",27113,3969,"0","0","0","0","0","-","0"
1,"75ayTB",1,1127,2019,172,"Somalia","SOM","SOM",159,"South Africa","RSA","ZAF",23635,5054,"0","0","0","0","0","-","0"
1,"75ayTB",1,1128,2020,172,"Somalia","SOM","SOM",159,"South Africa","RSA","ZAF",23054,4736,"0","0","0","0","0","-","0"
1,"75ayTB",1,1129,2021,172,"Somalia","SOM","SOM",159,"South Africa","RSA","ZAF",22529,4551,"0","0","0","0","0","-","0"
1,"75ayTB",1,1130,2022,172,"Somalia","SOM","SOM",159,"South Africa","RSA","ZAF",20850,2505,"0","0","0","0","0","-","0"
1,"75ayTB",1,1131,2023,172,"Somalia","SOM","SOM",159,"South Africa","RSA","ZAF",20742,4406,"0","0","0","0","0","-","0"
1,"75ayTB",1,1132,2024,172,"Somalia","SOM","SOM",159,"South Africa","RSA","ZAF",22141,5153,"0","0","0","0","0","-","0"
1,"75ayTB",1,1133,2025,172,"Somalia","SOM","SOM",159,"South Africa","RSA","ZAF",21584,5025,"0","0","0","0","0","-","0"
1,"75ayTB",1,1134,2000,177,"Sudan","SUD","SDN",159,"South Africa","RSA","ZAF",76,129,"0","0","0","0","0","-","0"
1,"75ayTB",1,1135,2001,177,"Sudan","SUD","SDN",159,"South Africa","RSA","ZAF",120,39,"0","0","0","0","0","-","0"
1,"75ayTB",1,1136,2002,177,"Sudan","SUD","SDN",159,"South Africa","RSA","ZAF",152,75,"0","0","0","0","0","-","0"
1,"75ayTB",1,1137,2003,177,"Sudan","SUD","SDN",159,"South Africa","RSA","ZAF",177,91,"0","0","0","0","0","-","0"
1,"75ayTB",1,1138,2004,177,"Sudan","SUD","SDN",159,"South Africa","RSA","ZAF",175,113,"0","0","0","0","0","-","0"
1,"75ayTB",1,1139,2005,177,"Sudan","SUD","SDN",159,"South Africa","RSA","ZAF",173,121,"0","0","0","0","0","-","0"
1,"75ayTB",1,1140,2006,177,"Sudan","SUD","SDN",159,"South Africa","RSA","ZAF",172,"0","0","0","0","0","0","-","0"
1,"75ayTB",1,1141,2007,177,"Sudan","SUD","SDN",159,"South Africa","RSA","ZAF",172,44,"0","0","0","0","0","-","0"
1,"75ayTB",1,1142,2008,177,"Sudan","SUD","SDN",159,"South Africa","RSA","ZAF",168,44,5,"0","0","0","0","-","0"
1,"75ayTB",1,1143,2009,177,"Sudan","SUD","SDN",159,"South Africa","RSA","ZAF",174,"0","0","0","0","0","0","-","0"
1,"75ayTB",1,1144,2010,177,"Sudan","SUD","SDN",159,"South Africa","RSA","ZAF",179,"0","0","0","0","0","0","-","0"
1,"75ayTB",1,1145,2011,177,"Sudan","SUD","SDN",159,"South Africa","RSA","ZAF",179,22,"0","0","0","0","0","-","0"
1,"75ayTB",1,1146,2012,177,"Sudan","SUD","SDN",159,"South Africa","RSA","ZAF",182,36,"0","0","0","0","0","-","0"
1,"75ayTB",1,1147,2013,177,"Sudan","SUD","SDN",159,"South Africa","RSA","ZAF",181,45,"0","0","0","0","0","-","0"
1,"75ayTB",1,1148,2014,177,"Sudan","SUD","SDN",159,"South Africa","RSA","ZAF",183,50,"0","0","0","0","0","-","0"
1,"75ayTB",1,1149,2015,177,"Sudan","SUD","SDN",159,"South Africa","RSA","ZAF",192,68,"0","0","0","0","0","-","0"
1,"75ayTB",1,1150,2016,177,"Sudan","SUD","SDN",159,"South Africa","RSA","ZAF",115,31,"0","0","0","0","0","-","0"
1,"75ayTB",1,1151,2017,177,"Sudan","SUD","SDN",159,"South Africa","RSA","ZAF",112,"0","0","0","0","0","0","-","0"
1,"75ayTB",1,1152,2018,177,"Sudan","SUD","SDN",159,"South Africa","RSA","ZAF",112,"0","0","0","0","0","0","-","0"
1,"75ayTB",1,1153,2019,177,"Sudan","SUD","SDN",159,"South Africa","RSA","ZAF",95,62,"0","0","0","0","0","-","0"
1,"75ayTB",1,1154,2020,177,"Sudan","SUD","SDN",159,"South Africa","RSA","ZAF",93,60,"0","0","0","0","0","-","0"
1,"75ayTB",1,1155,2021,177,"Sudan","SUD","SDN",159,"South Africa","RSA","ZAF",86,62,"0","0","0","0","0","-","0"
1,"75ayTB",1,1156,2022,177,"Sudan","SUD","SDN",159,"South Africa","RSA","ZAF",72,38,"0","0","0","0","0","-","0"
1,"75ayTB",1,1157,2023,177,"Sudan","SUD","SDN",159,"South Africa","RSA","ZAF",71,32,"0","0","0","0","0","-","0"
1,"75ayTB",1,1158,2024,177,"Sudan","SUD","SDN",159,"South Africa","RSA","ZAF",73,33,"0","0","0","0","0","-","0"
1,"75ayTB",1,1159,2025,177,"Sudan","SUD","SDN",159,"South Africa","RSA","ZAF",72,33,"0","0","0","0","0","-","0"
1,"75ayTB",1,1160,2007,182,"Eswatini","SWA","SWZ",159,"South Africa","RSA","ZAF","0",58,"0","0","0","0","0","-","0"
1,"75ayTB",1,1161,2008,182,"Eswatini","SWA","SWZ",159,"South Africa","RSA","ZAF","0",58,"0","0","0","0","0","-","0"
1,"75ayTB",1,1162,2011,182,"Eswatini","SWA","SWZ",159,"South Africa","RSA","ZAF","0",79,"0","0","0","0","0","-","0"
1,"75ayTB",1,1163,2012,182,"Eswatini","SWA","SWZ",159,"South Africa","RSA","ZAF","0",89,"0","0","0","0","0","-","0"
1,"75ayTB",1,1164,2013,182,"Eswatini","SWA","SWZ",159,"South Africa","RSA","ZAF","0",101,"0","0","0","0","0","-","0"
1,"75ayTB",1,1165,2014,182,"Eswatini","SWA","SWZ",159,"South Africa","RSA","ZAF",12,100,"0","0","0","0","0","-","0"
1,"75ayTB",1,1166,2015,182,"Eswatini","SWA","SWZ",159,"South Africa","RSA","ZAF",10,123,"0","0","0","0","0","-","0"
1,"75ayTB",1,1167,2016,182,"Eswatini","SWA","SWZ",159,"South Africa","RSA","ZAF",8,100,"0","0","0","0","0","-","0"
1,"75ayTB",1,1168,2019,182,"Eswatini","SWA","SWZ",159,"South Africa","RSA","ZAF",7,19,"0","0","0","0","0","-","0"
1,"75ayTB",1,1169,2020,182,"Eswatini","SWA","SWZ",159,"South Africa","RSA","ZAF",7,18,"0","0","0","0","0","-","0"
1,"75ayTB",1,1170,2021,182,"Eswatini","SWA","SWZ",159,"South Africa","RSA","ZAF",7,18,"0","0","0","0","0","-","0"
1,"75ayTB",1,1171,2022,182,"Eswatini","SWA","SWZ",159,"South Africa","RSA","ZAF",6,"0","0","0","0","0","0","-","0"
1,"75ayTB",1,1172,2023,182,"Eswatini","SWA","SWZ",159,"South Africa","RSA","ZAF",9,"0","0","0","0","0","0","-","0"
1,"75ayTB",1,1173,2024,182,"Eswatini","SWA","SWZ",159,"South Africa","RSA","ZAF",9,5,"0","0","0","0","0","-","0"
1,"75ayTB",1,1174,2025,182,"Eswatini","SWA","SWZ",159,"South Africa","RSA","ZAF",10,"0","0","0","0","0","0","-","0"
1,"75ayTB",1,1175,2012,185,"Syrian Arab Rep.","SYR","SYR",159,"South Africa","RSA","ZAF","0",8,"0","0","0","0","0","-","0"
1,"75ayTB",1,1176,2013,185,"Syrian Arab Rep.","SYR","SYR",159,"South Africa","RSA","ZAF",8,10,"0","0","0","0","0","-","0"
1,"75ayTB",1,1177,2014,185,"Syrian Arab Rep.","SYR","SYR",159,"South Africa","RSA","ZAF",28,36,"0","0","0","0","0","-","0"
1,"75ayTB",1,1178,2015,185,"Syrian Arab Rep.","SYR","SYR",159,"South Africa","RSA","ZAF",31,58,"0","0","0","0","0","-","0"
1,"75ayTB",1,1179,2016,185,"Syrian Arab Rep.","SYR","SYR",159,"South Africa","RSA","ZAF",44,49,"0","0","0","0","0","-","0"
1,"75ayTB",1,1180,2017,185,"Syrian Arab Rep.","SYR","SYR",159,"South Africa","RSA","ZAF",45,"0","0","0","0","0","0","-","0"
1,"75ayTB",1,1181,2018,185,"Syrian Arab Rep.","SYR","SYR",159,"South Africa","RSA","ZAF",45,7,"0","0","0","0","0","-","0"
1,"75ayTB",1,1182,2019,185,"Syrian Arab Rep.","SYR","SYR",159,"South Africa","RSA","ZAF",40,20,"0","0","0","0","0","-","0"
1,"75ayTB",1,1183,2020,185,"Syrian Arab Rep.","SYR","SYR",159,"South Africa","RSA","ZAF",38,20,"0","0","0","0","0","-","0"
1,"75ayTB",1,1184,2021,185,"Syrian Arab Rep.","SYR","SYR",159,"South Africa","RSA","ZAF",38,20,"0","0","0","0","0","-","0"
1,"75ayTB",1,1185,2022,185,"Syrian Arab Rep.","SYR","SYR",159,"South Africa","RSA","ZAF",36,7,"0","0","0","0","0","-","0"
1,"75ayTB",1,1186,2023,185,"Syrian Arab Rep.","SYR","SYR",159,"South Africa","RSA","ZAF",39,13,"0","0","0","0","0","-","0"
1,"75ayTB",1,1187,2024,185,"Syrian Arab Rep.","SYR","SYR",159,"South Africa","RSA","ZAF",40,15,"0","0","0","0","0","-","0"
1,"75ayTB",1,1188,2025,185,"Syrian Arab Rep.","SYR","SYR",159,"South Africa","RSA","ZAF",40,23,"0","0","0","0","0","-","0"
1,"75ayTB",1,1189,2000,186,"United Rep. of Tanzania","TAN","TZA",159,"South Africa","RSA","ZAF","0",550,"0","0","0","0","0","-","0"
1,"75ayTB",1,1190,2001,186,"United Rep. of Tanzania","TAN","TZA",159,"South Africa","RSA","ZAF","0",309,"0","0","0","0","0","-","0"
1,"75ayTB",1,1191,2002,186,"United Rep. of Tanzania","TAN","TZA",159,"South Africa","RSA","ZAF",5,1969,"0","0","0","0","0","-","0"
1,"75ayTB",1,1192,2003,186,"United Rep. of Tanzania","TAN","TZA",159,"South Africa","RSA","ZAF",5,3174,"0","0","0","0","0","-","0"
1,"75ayTB",1,1193,2004,186,"United Rep. of Tanzania","TAN","TZA",159,"South Africa","RSA","ZAF",8,4082,"0","0","0","0","0","-","0"
1,"75ayTB",1,1194,2005,186,"United Rep. of Tanzania","TAN","TZA",159,"South Africa","RSA","ZAF",135,4981,"0","0","0","0","0","-","0"
1,"75ayTB",1,1195,2006,186,"United Rep. of Tanzania","TAN","TZA",159,"South Africa","RSA","ZAF",136,"0","0","0","0","0","0","-","0"
1,"75ayTB",1,1196,2007,186,"United Rep. of Tanzania","TAN","TZA",159,"South Africa","RSA","ZAF",136,2725,"0","0","0","0","0","-","0"
1,"75ayTB",1,1197,2008,186,"United Rep. of Tanzania","TAN","TZA",159,"South Africa","RSA","ZAF",136,2725,"0","0","0","0","0","-","0"
1,"75ayTB",1,1198,2009,186,"United Rep. of Tanzania","TAN","TZA",159,"South Africa","RSA","ZAF",137,"0","0","0","0","0","0","-","0"
1,"75ayTB",1,1199,2010,186,"United Rep. of Tanzania","TAN","TZA",159,"South Africa","RSA","ZAF",139,"0","0","0","0","0","0","-","0"
1,"75ayTB",1,1200,2011,186,"United Rep. of Tanzania","TAN","TZA",159,"South Africa","RSA","ZAF",139,311,"0","0","0","0","0","-","0"
1,"75ayTB",1,1201,2012,186,"United Rep. of Tanzania","TAN","TZA",159,"South Africa","RSA","ZAF",140,574,"0","0","0","0","0","-","0"
1,"75ayTB",1,1202,2013,186,"United Rep. of Tanzania","TAN","TZA",159,"South Africa","RSA","ZAF",141,656,"0","0","0","0","0","-","0"
1,"75ayTB",1,1203,2014,186,"United Rep. of Tanzania","TAN","TZA",159,"South Africa","RSA","ZAF",50,650,"0","0","0","0","0","-","0"
1,"75ayTB",1,1204,2015,186,"United Rep. of Tanzania","TAN","TZA",159,"South Africa","RSA","ZAF",50,1023,"0","0","0","0","0","-","0"
1,"75ayTB",1,1205,2016,186,"United Rep. of Tanzania","TAN","TZA",159,"South Africa","RSA","ZAF",36,477,"0","0","0","0","0","-","0"
1,"75ayTB",1,1206,2017,186,"United Rep. of Tanzania","TAN","TZA",159,"South Africa","RSA","ZAF",37,664,"0","0","0","0","0","-","0"
1,"75ayTB",1,1207,2018,186,"United Rep. of Tanzania","TAN","TZA",159,"South Africa","RSA","ZAF",37,614,"0","0","0","0","0","-","0"
1,"75ayTB",1,1208,2019,186,"United Rep. of Tanzania","TAN","TZA",159,"South Africa","RSA","ZAF",33,568,"0","0","0","0","0","-","0"
1,"75ayTB",1,1209,2020,186,"United Rep. of Tanzania","TAN","TZA",159,"South Africa","RSA","ZAF",33,519,"0","0","0","0","0","-","0"
1,"75ayTB",1,1210,2021,186,"United Rep. of Tanzania","TAN","TZA",159,"South Africa","RSA","ZAF",31,497,"0","0","0","0","0","-","0"
1,"75ayTB",1,1211,2022,186,"United Rep. of Tanzania","TAN","TZA",159,"South Africa","RSA","ZAF",28,235,"0","0","0","0","0","-","0"
1,"75ayTB",1,1212,2023,186,"United Rep. of Tanzania","TAN","TZA",159,"South Africa","RSA","ZAF",25,225,"0","0","0","0","0","-","0"
1,"75ayTB",1,1213,2024,186,"United Rep. of Tanzania","TAN","TZA",159,"South Africa","RSA","ZAF",28,262,"0","0","0","0","0","-","0"
1,"75ayTB",1,1214,2025,186,"United Rep. of Tanzania","TAN","TZA",159,"South Africa","RSA","ZAF",30,244,"0","0","0","0","0","-","0"
1,"75ayTB",1,1215,2007,188,"Thailand","THA","THA",159,"South Africa","RSA","ZAF","0",17,"0","0","0","0","0","-","0"
1,"75ayTB",1,1216,2008,188,"Thailand","THA","THA",159,"South Africa","RSA","ZAF","0",17,"0","0","0","0","0","-","0"
1,"75ayTB",1,1217,2011,188,"Thailand","THA","THA",159,"South Africa","RSA","ZAF","0",12,"0","0","0","0","0","-","0"
1,"75ayTB",1,1218,2012,188,"Thailand","THA","THA",159,"South Africa","RSA","ZAF","0",12,"0","0","0","0","0","-","0"
1,"75ayTB",1,1219,2013,188,"Thailand","THA","THA",159,"South Africa","RSA","ZAF","0",13,"0","0","0","0","0","-","0"
1,"75ayTB",1,1220,2014,188,"Thailand","THA","THA",159,"South Africa","RSA","ZAF","0",13,"0","0","0","0","0","-","0"
1,"75ayTB",1,1221,2015,188,"Thailand","THA","THA",159,"South Africa","RSA","ZAF","0",31,"0","0","0","0","0","-","0"
1,"75ayTB",1,1222,2016,188,"Thailand","THA","THA",159,"South Africa","RSA","ZAF","0",21,"0","0","0","0","0","-","0"
1,"75ayTB",1,1223,2019,188,"Thailand","THA","THA",159,"South Africa","RSA","ZAF","0",46,"0","0","0","0","0","-","0"
1,"75ayTB",1,1224,2020,188,"Thailand","THA","THA",159,"South Africa","RSA","ZAF","0",52,"0","0","0","0","0","-","0"
1,"75ayTB",1,1225,2021,188,"Thailand","THA","THA",159,"South Africa","RSA","ZAF","0",49,"0","0","0","0","0","-","0"
1,"75ayTB",1,1226,2022,188,"Thailand","THA","THA",159,"South Africa","RSA","ZAF","0",10,"0","0","0","0","0","-","0"
1,"75ayTB",1,1227,2023,188,"Thailand","THA","THA",159,"South Africa","RSA","ZAF","0",10,"0","0","0","0","0","-","0"
1,"75ayTB",1,1228,2024,188,"Thailand","THA","THA",159,"South Africa","RSA","ZAF","0",5,"0","0","0","0","0","-","0"
1,"75ayTB",1,1229,2019,191,"Timor-Leste","TMP","TLS",159,"South Africa","RSA","ZAF","0",7,"0","0","0","0","0","-","0"
1,"75ayTB",1,1230,2020,191,"Timor-Leste","TMP","TLS",159,"South Africa","RSA","ZAF","0",7,"0","0","0","0","0","-","0"
1,"75ayTB",1,1231,2021,191,"Timor-Leste","TMP","TLS",159,"South Africa","RSA","ZAF","0",7,"0","0","0","0","0","-","0"
1,"75ayTB",1,1232,2007,192,"Togo","TOG","TGO",159,"South Africa","RSA","ZAF","0",34,"0","0","0","0","0","-","0"
1,"75ayTB",1,1233,2008,192,"Togo","TOG","TGO",159,"South Africa","RSA","ZAF","0",34,"0","0","0","0","0","-","0"
1,"75ayTB",1,1234,2011,192,"Togo","TOG","TGO",159,"South Africa","RSA","ZAF","0",16,"0","0","0","0","0","-","0"
1,"75ayTB",1,1235,2012,192,"Togo","TOG","TGO",159,"South Africa","RSA","ZAF","0",20,"0","0","0","0","0","-","0"
1,"75ayTB",1,1236,2013,192,"Togo","TOG","TGO",159,"South Africa","RSA","ZAF","0",28,"0","0","0","0","0","-","0"
1,"75ayTB",1,1237,2014,192,"Togo","TOG","TGO",159,"South Africa","RSA","ZAF",8,24,"0","0","0","0","0","-","0"
1,"75ayTB",1,1238,2015,192,"Togo","TOG","TGO",159,"South Africa","RSA","ZAF",12,40,"0","0","0","0","0","-","0"
1,"75ayTB",1,1239,2016,192,"Togo","TOG","TGO",159,"South Africa","RSA","ZAF",12,21,"0","0","0","0","0","-","0"
1,"75ayTB",1,1240,2019,192,"Togo","TOG","TGO",159,"South Africa","RSA","ZAF",12,31,"0","0","0","0","0","-","0"
1,"75ayTB",1,1241,2020,192,"Togo","TOG","TGO",159,"South Africa","RSA","ZAF",12,30,"0","0","0","0","0","-","0"
1,"75ayTB",1,1242,2021,192,"Togo","TOG","TGO",159,"South Africa","RSA","ZAF",11,30,"0","0","0","0","0","-","0"
1,"75ayTB",1,1243,2022,192,"Togo","TOG","TGO",159,"South Africa","RSA","ZAF",12,12,"0","0","0","0","0","-","0"
1,"75ayTB",1,1244,2023,192,"Togo","TOG","TGO",159,"South Africa","RSA","ZAF",12,5,"0","0","0","0","0","-","0"
1,"75ayTB",1,1245,2024,192,"Togo","TOG","TGO",159,"South Africa","RSA","ZAF",12,5,"0","0","0","0","0","-","0"
1,"75ayTB",1,1246,2025,192,"Togo","TOG","TGO",159,"South Africa","RSA","ZAF",12,5,"0","0","0","0","0","-","0"
1,"75ayTB",1,1247,2007,195,"Tunisia","TUN","TUN",159,"South Africa","RSA","ZAF","0",5,"0","0","0","0","0","-","0"
1,"75ayTB",1,1248,2008,195,"Tunisia","TUN","TUN",159,"South Africa","RSA","ZAF","0",5,"0","0","0","0","0","-","0"
1,"75ayTB",1,1249,2011,195,"Tunisia","TUN","TUN",159,"South Africa","RSA","ZAF","0",5,"0","0","0","0","0","-","0"
1,"75ayTB",1,1250,2012,195,"Tunisia","TUN","TUN",159,"South Africa","RSA","ZAF","0",5,"0","0","0","0","0","-","0"
1,"75ayTB",1,1251,2013,195,"Tunisia","TUN","TUN",159,"South Africa","RSA","ZAF","0",5,"0","0","0","0","0","-","0"
1,"75ayTB",1,1252,2014,195,"Tunisia","TUN","TUN",159,"South Africa","RSA","ZAF","0",5,"0","0","0","0","0","-","0"
1,"75ayTB",1,1253,2015,195,"Tunisia","TUN","TUN",159,"South Africa","RSA","ZAF","0",5,"0","0","0","0","0","-","0"
1,"75ayTB",1,1254,2016,195,"Tunisia","TUN","TUN",159,"South Africa","RSA","ZAF","0",5,"0","0","0","0","0","-","0"
1,"75ayTB",1,1255,2012,196,"Türkiye","TUR","TUR",159,"South Africa","RSA","ZAF","0",5,"0","0","0","0","0","-","0"
1,"75ayTB",1,1256,2013,196,"Türkiye","TUR","TUR",159,"South Africa","RSA","ZAF","0",5,"0","0","0","0","0","-","0"
1,"75ayTB",1,1257,2014,196,"Türkiye","TUR","TUR",159,"South Africa","RSA","ZAF",5,"0","0","0","0","0","0","-","0"
1,"75ayTB",1,1258,2015,196,"Türkiye","TUR","TUR",159,"South Africa","RSA","ZAF",6,"0","0","0","0","0","0","-","0"
1,"75ayTB",1,1259,2016,196,"Türkiye","TUR","TUR",159,"South Africa","RSA","ZAF",7,"0","0","0","0","0","0","-","0"
1,"75ayTB",1,1260,2018,196,"Türkiye","TUR","TUR",159,"South Africa","RSA","ZAF","0",5,"0","0","0","0","0","-","0"
1,"75ayTB",1,1261,2019,196,"Türkiye","TUR","TUR",159,"South Africa","RSA","ZAF",5,5,"0","0","0","0","0","-","0"
1,"75ayTB",1,1262,2020,196,"Türkiye","TUR","TUR",159,"South Africa","RSA","ZAF",5,10,"0","0","0","0","0","-","0"
1,"75ayTB",1,1263,2021,196,"Türkiye","TUR","TUR",159,"South Africa","RSA","ZAF",5,10,"0","0","0","0","0","-","0"
1,"75ayTB",1,1264,2022,196,"Türkiye","TUR","TUR",159,"South Africa","RSA","ZAF",5,5,"0","0","0","0","0","-","0"
1,"75ayTB",1,1265,2023,196,"Türkiye","TUR","TUR",159,"South Africa","RSA","ZAF",5,10,"0","0","0","0","0","-","0"
1,"75ayTB",1,1266,2024,196,"Türkiye","TUR","TUR",159,"South Africa","RSA","ZAF",5,10,"0","0","0","0","0","-","0"
1,"75ayTB",1,1267,2025,196,"Türkiye","TUR","TUR",159,"South Africa","RSA","ZAF",5,10,"0","0","0","0","0","-","0"
1,"75ayTB",1,1268,2000,199,"Uganda","UGA","UGA",159,"South Africa","RSA","ZAF","0",471,"0","0","0","0","0","-","0"
1,"75ayTB",1,1269,2001,199,"Uganda","UGA","UGA",159,"South Africa","RSA","ZAF","0",244,"0","0","0","0","0","-","0"
1,"75ayTB",1,1270,2002,199,"Uganda","UGA","UGA",159,"South Africa","RSA","ZAF",26,841,"0","0","0","0","0","-","0"
1,"75ayTB",1,1271,2003,199,"Uganda","UGA","UGA",159,"South Africa","RSA","ZAF",30,1527,"0","0","0","0","0","-","0"
1,"75ayTB",1,1272,2004,199,"Uganda","UGA","UGA",159,"South Africa","RSA","ZAF",36,2136,"0","0","0","0","0","-","0"
1,"75ayTB",1,1273,2005,199,"Uganda","UGA","UGA",159,"South Africa","RSA","ZAF",55,3106,5,"0","0","0","0","-","0"
1,"75ayTB",1,1274,2006,199,"Uganda","UGA","UGA",159,"South Africa","RSA","ZAF",70,"0","0","0","0","0","0","-","0"
1,"75ayTB",1,1275,2007,199,"Uganda","UGA","UGA",159,"South Africa","RSA","ZAF",81,2239,"0","0","0","0","0","-","0"
1,"75ayTB",1,1276,2008,199,"Uganda","UGA","UGA",159,"South Africa","RSA","ZAF",79,2239,"0","0","0","0","0","-","0"
1,"75ayTB",1,1277,2009,199,"Uganda","UGA","UGA",159,"South Africa","RSA","ZAF",99,"0","0","0","0","0","0","-","0"
1,"75ayTB",1,1278,2010,199,"Uganda","UGA","UGA",159,"South Africa","RSA","ZAF",134,"0","0","0","0","0","0","-","0"
1,"75ayTB",1,1279,2011,199,"Uganda","UGA","UGA",159,"South Africa","RSA","ZAF",134,674,"0","0","0","0","0","-","0"
1,"75ayTB",1,1280,2012,199,"Uganda","UGA","UGA",159,"South Africa","RSA","ZAF",141,1454,"0","0","0","0","0","-","0"
1,"75ayTB",1,1281,2013,199,"Uganda","UGA","UGA",159,"South Africa","RSA","ZAF",146,1641,"0","0","0","0","0","-","0"
1,"75ayTB",1,1282,2014,199,"Uganda","UGA","UGA",159,"South Africa","RSA","ZAF",696,1762,"0","0","0","0","0","-","0"
1,"75ayTB",1,1283,2015,199,"Uganda","UGA","UGA",159,"South Africa","RSA","ZAF",729,2517,"0","0","0","0","0","-","0"
1,"75ayTB",1,1284,2016,199,"Uganda","UGA","UGA",159,"South Africa","RSA","ZAF",552,842,"0","0","0","0","0","-","0"
1,"75ayTB",1,1285,2017,199,"Uganda","UGA","UGA",159,"South Africa","RSA","ZAF",549,4586,"0","0","0","0","0","-","0"
1,"75ayTB",1,1286,2018,199,"Uganda","UGA","UGA",159,"South Africa","RSA","ZAF",549,4549,"0","0","0","0","0","-","0"
1,"75ayTB",1,1287,2019,199,"Uganda","UGA","UGA",159,"South Africa","RSA","ZAF",472,4374,"0","0","0","0","0","-","0"
1,"75ayTB",1,1288,2020,199,"Uganda","UGA","UGA",159,"South Africa","RSA","ZAF",459,4061,"0","0","0","0","0","-","0"
1,"75ayTB",1,1289,2021,199,"Uganda","UGA","UGA",159,"South Africa","RSA","ZAF",460,3927,"0","0","0","0","0","-","0"
1,"75ayTB",1,1290,2022,199,"Uganda","UGA","UGA",159,"South Africa","RSA","ZAF",381,2237,"0","0","0","0","0","-","0"
1,"75ayTB",1,1291,2023,199,"Uganda","UGA","UGA",159,"South Africa","RSA","ZAF",407,1785,"0","0","0","0","0","-","0"
1,"75ayTB",1,1292,2024,199,"Uganda","UGA","UGA",159,"South Africa","RSA","ZAF",418,2097,"0","0","0","0","0","-","0"
1,"75ayTB",1,1293,2025,199,"Uganda","UGA","UGA",159,"South Africa","RSA","ZAF",377,1924,"0","0","0","0","0","-","0"
1,"75ayTB",1,1294,2014,200,"Ukraine","UKR","UKR",159,"South Africa","RSA","ZAF",8,5,"0","0","0","0","0","-","0"
1,"75ayTB",1,1295,2015,200,"Ukraine","UKR","UKR",159,"South Africa","RSA","ZAF",8,13,"0","0","0","0","0","-","0"
1,"75ayTB",1,1296,2016,200,"Ukraine","UKR","UKR",159,"South Africa","RSA","ZAF",6,8,"0","0","0","0","0","-","0"
1,"75ayTB",1,1297,2019,200,"Ukraine","UKR","UKR",159,"South Africa","RSA","ZAF",5,"0","0","0","0","0","0","-","0"
1,"75ayTB",1,1298,2020,200,"Ukraine","UKR","UKR",159,"South Africa","RSA","ZAF",5,"0","0","0","0","0","0","-","0"
1,"75ayTB",1,1299,2021,200,"Ukraine","UKR","UKR",159,"South Africa","RSA","ZAF",5,"0","0","0","0","0","0","-","0"
1,"75ayTB",1,1300,2024,200,"Ukraine","UKR","UKR",159,"South Africa","RSA","ZAF",5,5,"0","0","0","0","0","-","0"
1,"75ayTB",1,1301,2025,200,"Ukraine","UKR","UKR",159,"South Africa","RSA","ZAF","0",5,"0","0","0","0","0","-","0"
1,"75ayTB",1,1302,2010,211,"Yemen","YEM","YEM",159,"South Africa","RSA","ZAF",5,"0","0","0","0","0","0","-","0"
1,"75ayTB",1,1303,2011,211,"Yemen","YEM","YEM",159,"South Africa","RSA","ZAF",5,"0","0","0","0","0","0","-","0"
1,"75ayTB",1,1304,2012,211,"Yemen","YEM","YEM",159,"South Africa","RSA","ZAF",5,5,"0","0","0","0","0","-","0"
1,"75ayTB",1,1305,2013,211,"Yemen","YEM","YEM",159,"South Africa","RSA","ZAF",5,5,"0","0","0","0","0","-","0"
1,"75ayTB",1,1306,2014,211,"Yemen","YEM","YEM",159,"South Africa","RSA","ZAF","0",5,"0","0","0","0","0","-","0"
1,"75ayTB",1,1307,2015,211,"Yemen","YEM","YEM",159,"South Africa","RSA","ZAF","0",6,"0","0","0","0","0","-","0"
1,"75ayTB",1,1308,2016,211,"Yemen","YEM","YEM",159,"South Africa","RSA","ZAF","0",8,"0","0","0","0","0","-","0"
1,"75ayTB",1,1309,2018,211,"Yemen","YEM","YEM",159,"South Africa","RSA","ZAF","0",6,"0","0","0","0","0","-","0"
1,"75ayTB",1,1310,2019,211,"Yemen","YEM","YEM",159,"South Africa","RSA","ZAF",5,15,"0","0","0","0","0","-","0"
1,"75ayTB",1,1311,2020,211,"Yemen","YEM","YEM",159,"South Africa","RSA","ZAF",5,10,"0","0","0","0","0","-","0"
1,"75ayTB",1,1312,2021,211,"Yemen","YEM","YEM",159,"South Africa","RSA","ZAF",5,10,"0","0","0","0","0","-","0"
1,"75ayTB",1,1313,2022,211,"Yemen","YEM","YEM",159,"South Africa","RSA","ZAF",5,"0","0","0","0","0","0","-","0"
1,"75ayTB",1,1314,2023,211,"Yemen","YEM","YEM",159,"South Africa","RSA","ZAF",5,"0","0","0","0","0","0","-","0"
1,"75ayTB",1,1315,2024,211,"Yemen","YEM","YEM",159,"South Africa","RSA","ZAF",5,5,"0","0","0","0","0","-","0"
1,"75ayTB",1,1316,2025,211,"Yemen","YEM","YEM",159,"South Africa","RSA","ZAF",5,10,"0","0","0","0","0","-","0"
1,"75ayTB",1,1317,2000,213,"Zambia","ZAM","ZMB",159,"South Africa","RSA","ZAF","0",96,"0","0","0","0","0","-","0"
1,"75ayTB",1,1318,2001,213,"Zambia","ZAM","ZMB",159,"South Africa","RSA","ZAF",6,59,"0","0","0","0","0","-","0"
1,"75ayTB",1,1319,2002,213,"Zambia","ZAM","ZMB",159,"South Africa","RSA","ZAF",11,101,"0","0","0","0","0","-","0"
1,"75ayTB",1,1320,2003,213,"Zambia","ZAM","ZMB",159,"South Africa","RSA","ZAF",8,170,5,"0","0","0","0","-","0"
1,"75ayTB",1,1321,2004,213,"Zambia","ZAM","ZMB",159,"South Africa","RSA","ZAF",8,281,"0","0","0","0","0","-","0"
1,"75ayTB",1,1322,2005,213,"Zambia","ZAM","ZMB",159,"South Africa","RSA","ZAF",10,388,"0","0","0","0","0","-","0"
1,"75ayTB",1,1323,2006,213,"Zambia","ZAM","ZMB",159,"South Africa","RSA","ZAF",10,"0","0","0","0","0","0","-","0"
1,"75ayTB",1,1324,2007,213,"Zambia","ZAM","ZMB",159,"South Africa","RSA","ZAF",11,446,"0","0","0","0","0","-","0"
1,"75ayTB",1,1325,2008,213,"Zambia","ZAM","ZMB",159,"South Africa","RSA","ZAF",11,446,"0","0","0","0","0","-","0"
1,"75ayTB",1,1326,2009,213,"Zambia","ZAM","ZMB",159,"South Africa","RSA","ZAF",14,"0","0","0","0","0","0","-","0"
1,"75ayTB",1,1327,2010,213,"Zambia","ZAM","ZMB",159,"South Africa","RSA","ZAF",19,"0","0","0","0","0","0","-","0"
1,"75ayTB",1,1328,2011,213,"Zambia","ZAM","ZMB",159,"South Africa","RSA","ZAF",19,132,"0","0","0","0","0","-","0"
1,"75ayTB",1,1329,2012,213,"Zambia","ZAM","ZMB",159,"South Africa","RSA","ZAF",17,202,"0","0","0","0","0","-","0"
1,"75ayTB",1,1330,2013,213,"Zambia","ZAM","ZMB",159,"South Africa","RSA","ZAF",18,222,"0","0","0","0","0","-","0"
1,"75ayTB",1,1331,2014,213,"Zambia","ZAM","ZMB",159,"South Africa","RSA","ZAF",85,196,"0","0","0","0","0","-","0"
1,"75ayTB",1,1332,2015,213,"Zambia","ZAM","ZMB",159,"South Africa","RSA","ZAF",90,318,"0","0","0","0","0","-","0"
1,"75ayTB",1,1333,2016,213,"Zambia","ZAM","ZMB",159,"South Africa","RSA","ZAF",67,180,"0","0","0","0","0","-","0"
1,"75ayTB",1,1334,2017,213,"Zambia","ZAM","ZMB",159,"South Africa","RSA","ZAF",64,"0","0","0","0","0","0","-","0"
1,"75ayTB",1,1335,2018,213,"Zambia","ZAM","ZMB",159,"South Africa","RSA","ZAF",64,"0","0","0","0","0","0","-","0"
1,"75ayTB",1,1336,2019,213,"Zambia","ZAM","ZMB",159,"South Africa","RSA","ZAF",62,227,"0","0","0","0","0","-","0"
1,"75ayTB",1,1337,2020,213,"Zambia","ZAM","ZMB",159,"South Africa","RSA","ZAF",60,209,"0","0","0","0","0","-","0"
1,"75ayTB",1,1338,2021,213,"Zambia","ZAM","ZMB",159,"South Africa","RSA","ZAF",60,202,"0","0","0","0","0","-","0"
1,"75ayTB",1,1339,2022,213,"Zambia","ZAM","ZMB",159,"South Africa","RSA","ZAF",51,104,"0","0","0","0","0","-","0"
1,"75ayTB",1,1340,2023,213,"Zambia","ZAM","ZMB",159,"South Africa","RSA","ZAF",51,100,"0","0","0","0","0","-","0"
1,"75ayTB",1,1341,2024,213,"Zambia","ZAM","ZMB",159,"South Africa","RSA","ZAF",52,108,"0","0","0","0","0","-","0"
1,"75ayTB",1,1342,2025,213,"Zambia","ZAM","ZMB",159,"South Africa","RSA","ZAF",47,103,"0","0","0","0","0","-","0"
1,"75ayTB",1,1343,2001,214,"Zimbabwe","ZIM","ZWE",159,"South Africa","RSA","ZAF","0",6,"0","0","0","0","0","-","0"
1,"75ayTB",1,1344,2002,214,"Zimbabwe","ZIM","ZWE",159,"South Africa","RSA","ZAF","0",114,"0","0","0","0","0","-","0"
1,"75ayTB",1,1345,2003,214,"Zimbabwe","ZIM","ZWE",159,"South Africa","RSA","ZAF",11,2677,"0","0","0","0","0","-","0"
1,"75ayTB",1,1346,2004,214,"Zimbabwe","ZIM","ZWE",159,"South Africa","RSA","ZAF",32,8466,"0","0","0","0","0","-","0"
1,"75ayTB",1,1347,2005,214,"Zimbabwe","ZIM","ZWE",159,"South Africa","RSA","ZAF",114,15978,"0","0","0","0","0","-","0"
1,"75ayTB",1,1348,2006,214,"Zimbabwe","ZIM","ZWE",159,"South Africa","RSA","ZAF",211,"0","0","0","0","0","0","-","0"
1,"75ayTB",1,1349,2007,214,"Zimbabwe","ZIM","ZWE",159,"South Africa","RSA","ZAF",477,33351,"0","0","0","0","0","-","0"
1,"75ayTB",1,1350,2008,214,"Zimbabwe","ZIM","ZWE",159,"South Africa","RSA","ZAF",473,33351,"0","0","0","0","0","-","0"
1,"75ayTB",1,1351,2009,214,"Zimbabwe","ZIM","ZWE",159,"South Africa","RSA","ZAF",673,"0","0","0","0","0","0","-","0"
1,"75ayTB",1,1352,2010,214,"Zimbabwe","ZIM","ZWE",159,"South Africa","RSA","ZAF",1100,"0",103,"0","0","0","0","-","0"
1,"75ayTB",1,1353,2011,214,"Zimbabwe","ZIM","ZWE",159,"South Africa","RSA","ZAF",1100,35044,"0","0","0","0","0","-","0"
1,"75ayTB",1,1354,2012,214,"Zimbabwe","ZIM","ZWE",159,"South Africa","RSA","ZAF",1095,40375,"0","0","0","0","0","-","0"
1,"75ayTB",1,1355,2013,214,"Zimbabwe","ZIM","ZWE",159,"South Africa","RSA","ZAF",1158,40523,"0","0","0","0","0","-","0"
1,"75ayTB",1,1356,2014,214,"Zimbabwe","ZIM","ZWE",159,"South Africa","RSA","ZAF",6217,40823,"0","0","0","0","0","-","0"
1,"75ayTB",1,1357,2015,214,"Zimbabwe","ZIM","ZWE",159,"South Africa","RSA","ZAF",6358,55978,"0","0","0","0","0","-","0"
1,"75ayTB",1,1358,2016,214,"Zimbabwe","ZIM","ZWE",159,"South Africa","RSA","ZAF",4596,41260,"0","0","0","0","0","-","0"
1,"75ayTB",1,1359,2017,214,"Zimbabwe","ZIM","ZWE",159,"South Africa","RSA","ZAF",4558,19290,"0","0","0","0","0","-","0"
1,"75ayTB",1,1360,2018,214,"Zimbabwe","ZIM","ZWE",159,"South Africa","RSA","ZAF",4561,14261,"0","0","0","0","0","-","0"
1,"75ayTB",1,1361,2019,214,"Zimbabwe","ZIM","ZWE",159,"South Africa","RSA","ZAF",4003,12825,"0","0","0","0","0","-","0"
1,"75ayTB",1,1362,2020,214,"Zimbabwe","ZIM","ZWE",159,"South Africa","RSA","ZAF",3954,10995,"0","0","0","0","0","-","0"
1,"75ayTB",1,1363,2021,214,"Zimbabwe","ZIM","ZWE",159,"South Africa","RSA","ZAF",3965,10468,"0","0","0","0","0","-","0"
1,"75ayTB",1,1364,2022,214,"Zimbabwe","ZIM","ZWE",159,"South Africa","RSA","ZAF",3343,3327,"0","0","0","0","0","-","0"
1,"75ayTB",1,1365,2023,214,"Zimbabwe","ZIM","ZWE",159,"South Africa","RSA","ZAF",3373,3365,"0","0","0","0","0","-","0"
1,"75ayTB",1,1366,2024,214,"Zimbabwe","ZIM","ZWE",159,"South Africa","RSA","ZAF",3437,3642,"0","0","0","0","0","-","0"
1,"75ayTB",1,1367,2025,214,"Zimbabwe","ZIM","ZWE",159,"South Africa","RSA","ZAF",2963,3507,"0","0","0","0","0","-","0"
1,"75ayTB",1,1368,1994,262,"Unknown ","UKN","UNK",159,"South Africa","RSA","ZAF",182,"0","0","0","0","0","0","-","0"
1,"75ayTB",1,1369,1995,262,"Unknown ","UKN","UNK",159,"South Africa","RSA","ZAF",3869,"0",5,"0","0","0","0","-","0"
1,"75ayTB",1,1370,1996,262,"Unknown ","UKN","UNK",159,"South Africa","RSA","ZAF",7214,"0",145,"0","0","0","0","-","0"
1,"75ayTB",1,1371,1997,262,"Unknown ","UKN","UNK",159,"South Africa","RSA","ZAF",72,"0","0","0","0","0","0","-","0"
1,"75ayTB",1,1372,1998,262,"Unknown ","UKN","UNK",159,"South Africa","RSA","ZAF",283,"0","0","0","0","0","0","-","0"
1,"75ayTB",1,1373,1999,262,"Unknown ","UKN","UNK",159,"South Africa","RSA","ZAF",326,"0","0","0","0","0","0","-","0"
1,"75ayTB",1,1374,2000,262,"Unknown ","UKN","UNK",159,"South Africa","RSA","ZAF","0",748,"0","0","0","0","0","-","0"
1,"75ayTB",1,1375,2001,262,"Unknown ","UKN","UNK",159,"South Africa","RSA","ZAF","0",1756,"0","0","0","0","0","-","0"
1,"75ayTB",1,1376,2002,262,"Unknown ","UKN","UNK",159,"South Africa","RSA","ZAF","0",3405,"0","0","0","0","0","-","0"
1,"75ayTB",1,1377,2003,262,"Unknown ","UKN","UNK",159,"South Africa","RSA","ZAF",24,4033,"0","0","0","0","0","-","0"
1,"75ayTB",1,1378,2004,262,"Unknown ","UKN","UNK",159,"South Africa","RSA","ZAF",30,4327,"0","0","0","0","0","-","0"
1,"75ayTB",1,1379,2005,262,"Unknown ","UKN","UNK",159,"South Africa","RSA","ZAF",61,5019,"0","0","0","0","0","-","0"
1,"75ayTB",1,1380,2006,262,"Unknown ","UKN","UNK",159,"South Africa","RSA","ZAF",4764,131107,"0","0","0","0","0","-","0"
1,"75ayTB",1,1381,2007,262,"Unknown ","UKN","UNK",159,"South Africa","RSA","ZAF",4764,81911,"0","0","0","0","0","-","0"
1,"75ayTB",1,1382,2008,262,"Unknown ","UKN","UNK",159,"South Africa","RSA","ZAF",11813,138171,"0","0","0","0","0","-","0"
1,"75ayTB",1,1383,2009,262,"Unknown ","UKN","UNK",159,"South Africa","RSA","ZAF",11826,309794,"0","0","0","0","0","-","0"
1,"75ayTB",1,1384,2010,262,"Unknown ","UKN","UNK",159,"South Africa","RSA","ZAF",11827,171702,"0","0","0","0","0","-","0"
1,"75ayTB",1,1385,2011,262,"Unknown ","UKN","UNK",159,"South Africa","RSA","ZAF",11827,156342,"0","0","0","0","0","-","0"
1,"75ayTB",1,1386,2012,262,"Unknown ","UKN","UNK",159,"South Africa","RSA","ZAF",13503,140027,"0","0","0","0","0","-","0"
1,"75ayTB",1,1387,2013,262,"Unknown ","UKN","UNK",159,"South Africa","RSA","ZAF",13503,139687,"0","0","0","0","0","-","0"
1,"75ayTB",1,1388,2014,262,"Unknown ","UKN","UNK",159,"South Africa","RSA","ZAF",6,358056,"0","0","0","0","0","-","0"
1,"75ayTB",1,1389,2015,262,"Unknown ","UKN","UNK",159,"South Africa","RSA","ZAF",28,940668,"0","0","0","0","0","-","0"
1,"75ayTB",1,1390,2016,262,"Unknown ","UKN","UNK",159,"South Africa","RSA","ZAF","0",142380,"0","0","0","0","0","-","0"
1,"75ayTB",1,1391,2017,262,"Unknown ","UKN","UNK",159,"South Africa","RSA","ZAF",237,3741,"0","0","0","0","0","-","0"
1,"75ayTB",1,1392,2018,262,"Unknown ","UKN","UNK",159,"South Africa","RSA","ZAF",237,3462,"0","0","0","0","0","-","0"
1,"75ayTB",1,1393,2020,262,"Unknown ","UKN","UNK",159,"South Africa","RSA","ZAF",5,"0","0","0","0","0","0","-","0"
1,"75ayTB",1,1394,2025,262,"Unknown ","UKN","UNK",159,"South Africa","RSA","ZAF",5,"0","0","0","0","0","0","-","0"
