"page","short-url","maxPages","items","year","coo_id","coo_name","coo","coo_iso","coa_id","coa_name","coa","coa_iso","refugees","asylum_seekers","returned_refugees","idps","returned_idps","stateless","ooc","oip","hst"
1,"73Swby",1,1,1995,2,"Afghanistan","AFG","AFG",160,"Russian Federation","RUS","RUS","0","0",40,"0","0","0","0","-","0"
1,"73Swby",1,2,1996,2,"Afghanistan","AFG","AFG",160,"Russian Federation","RUS","RUS",121,"0",22,"0","0","0","0","-","0"
1,"73Swby",1,3,1997,2,"Afghanistan","AFG","AFG",160,"Russian Federation","RUS","RUS",234,"0","0","0","0","0","0","-","0"
1,"73Swby",1,4,1998,2,"Afghanistan","AFG","AFG",160,"Russian Federation","RUS","RUS",376,"0","0","0","0","0","0","-","0"
1,"73Swby",1,5,1999,2,"Afghanistan","AFG","AFG",160,"Russian Federation","RUS","RUS",513,"0","0","0","0","0",100000,"-","0"
1,"73Swby",1,6,2000,2,"Afghanistan","AFG","AFG",160,"Russian Federation","RUS","RUS",521,620,"0","0","0","0",100000,"-","0"
1,"73Swby",1,7,2001,2,"Afghanistan","AFG","AFG",160,"Russian Federation","RUS","RUS",491,669,"0","0","0","0",100000,"-","0"
1,"73Swby",1,8,2002,2,"Afghanistan","AFG","AFG",160,"Russian Federation","RUS","RUS",1493,541,"0","0","0","0",100000,"-","0"
1,"73Swby",1,9,2003,2,"Afghanistan","AFG","AFG",160,"Russian Federation","RUS","RUS",1541,234,162,"0","0","0",100000,"-","0"
1,"73Swby",1,10,2004,2,"Afghanistan","AFG","AFG",160,"Russian Federation","RUS","RUS",1488,253,157,"0","0","0",100000,"-","0"
1,"73Swby",1,11,2005,2,"Afghanistan","AFG","AFG",160,"Russian Federation","RUS","RUS",1294,225,183,"0","0","0",100000,"-","0"
1,"73Swby",1,12,2006,2,"Afghanistan","AFG","AFG",160,"Russian Federation","RUS","RUS",1202,230,47,"0","0","0",100000,"-","0"
1,"73Swby",1,13,2007,2,"Afghanistan","AFG","AFG",160,"Russian Federation","RUS","RUS",1315,2072,49,"0","0","0","0","-","0"
1,"73Swby",1,14,2008,2,"Afghanistan","AFG","AFG",160,"Russian Federation","RUS","RUS",2365,841,31,"0","0","0","0","-","0"
1,"73Swby",1,15,2009,2,"Afghanistan","AFG","AFG",160,"Russian Federation","RUS","RUS",2079,646,54,"0","0","0","0","-","0"
1,"73Swby",1,16,2010,2,"Afghanistan","AFG","AFG",160,"Russian Federation","RUS","RUS",1953,597,38,"0","0","0","0","-","0"
1,"73Swby",1,17,2011,2,"Afghanistan","AFG","AFG",160,"Russian Federation","RUS","RUS",1687,397,22,"0","0","0","0","-","0"
1,"73Swby",1,18,2012,2,"Afghanistan","AFG","AFG",160,"Russian Federation","RUS","RUS",1300,348,15,"0","0","0",1092,"-","0"
1,"73Swby",1,19,2013,2,"Afghanistan","AFG","AFG",160,"Russian Federation","RUS","RUS",1117,209,19,"0","0","0",247,"-","0"
1,"73Swby",1,20,2014,2,"Afghanistan","AFG","AFG",160,"Russian Federation","RUS","RUS",1104,195,39,"0","0","0","0","-","0"
1,"73Swby",1,21,2015,2,"Afghanistan","AFG","AFG",160,"Russian Federation","RUS","RUS",945,291,5,"0","0","0","0","-","0"
1,"73Swby",1,22,2016,2,"Afghanistan","AFG","AFG",160,"Russian Federation","RUS","RUS",709,226,5,"0","0","0","0","-","0"
1,"73Swby",1,23,2017,2,"Afghanistan","AFG","AFG",160,"Russian Federation","RUS","RUS",661,167,8,"0","0","0","0","-","0"
1,"73Swby",1,24,2018,2,"Afghanistan","AFG","AFG",160,"Russian Federation","RUS","RUS",789,226,"0","0","0","0","0","-","0"
1,"73Swby",1,25,2019,2,"Afghanistan","AFG","AFG",160,"Russian Federation","RUS","RUS",795,268,5,"0","0","0","0","-","0"
1,"73Swby",1,26,2020,2,"Afghanistan","AFG","AFG",160,"Russian Federation","RUS","RUS",770,174,6,"0","0","0","0","-","0"
1,"73Swby",1,27,2021,2,"Afghanistan","AFG","AFG",160,"Russian Federation","RUS","RUS",921,193,"0","0","0","0","0","-","0"
1,"73Swby",1,28,2022,2,"Afghanistan","AFG","AFG",160,"Russian Federation","RUS","RUS",1324,265,"0","0","0","0","0","-","0"
1,"73Swby",1,29,2023,2,"Afghanistan","AFG","AFG",160,"Russian Federation","RUS","RUS",1233,325,21,"0","0","0","0","-","0"
1,"73Swby",1,30,2024,2,"Afghanistan","AFG","AFG",160,"Russian Federation","RUS","RUS",996,179,16,"0","0","0","0","-","0"
1,"73Swby",1,31,2025,2,"Afghanistan","AFG","AFG",160,"Russian Federation","RUS","RUS",973,131,"0","0","0","0","0","-","0"
1,"73Swby",1,32,2008,4,"Algeria","ALG","DZA",160,"Russian Federation","RUS","RUS",5,"0","0","0","0","0","0","-","0"
1,"73Swby",1,33,1995,6,"Angola","ANG","AGO",160,"Russian Federation","RUS","RUS","0","0",5,"0","0","0","0","-","0"
1,"73Swby",1,34,2001,6,"Angola","ANG","AGO",160,"Russian Federation","RUS","RUS","0",5,"0","0","0","0","0","-","0"
1,"73Swby",1,35,2007,6,"Angola","ANG","AGO",160,"Russian Federation","RUS","RUS",8,10,"0","0","0","0","0","-","0"
1,"73Swby",1,36,2008,6,"Angola","ANG","AGO",160,"Russian Federation","RUS","RUS",16,5,"0","0","0","0","0","-","0"
1,"73Swby",1,37,2009,6,"Angola","ANG","AGO",160,"Russian Federation","RUS","RUS",15,5,"0","0","0","0","0","-","0"
1,"73Swby",1,38,2010,6,"Angola","ANG","AGO",160,"Russian Federation","RUS","RUS",18,5,"0","0","0","0","0","-","0"
1,"73Swby",1,39,2011,6,"Angola","ANG","AGO",160,"Russian Federation","RUS","RUS",18,5,"0","0","0","0","0","-","0"
1,"73Swby",1,40,2012,6,"Angola","ANG","AGO",160,"Russian Federation","RUS","RUS",11,"0","0","0","0","0","0","-","0"
1,"73Swby",1,41,2015,6,"Angola","ANG","AGO",160,"Russian Federation","RUS","RUS",9,"0","0","0","0","0","0","-","0"
1,"73Swby",1,42,2010,8,"Egypt","ARE","EGY",160,"Russian Federation","RUS","RUS",9,9,"0","0","0","0","0","-","0"
1,"73Swby",1,43,2011,8,"Egypt","ARE","EGY",160,"Russian Federation","RUS","RUS",5,5,"0","0","0","0","0","-","0"
1,"73Swby",1,44,2012,8,"Egypt","ARE","EGY",160,"Russian Federation","RUS","RUS",8,5,"0","0","0","0","0","-","0"
1,"73Swby",1,45,2013,8,"Egypt","ARE","EGY",160,"Russian Federation","RUS","RUS",10,11,"0","0","0","0","0","-","0"
1,"73Swby",1,46,2014,8,"Egypt","ARE","EGY",160,"Russian Federation","RUS","RUS",23,20,"0","0","0","0","0","-","0"
1,"73Swby",1,47,2015,8,"Egypt","ARE","EGY",160,"Russian Federation","RUS","RUS",11,14,5,"0","0","0","0","-","0"
1,"73Swby",1,48,2016,8,"Egypt","ARE","EGY",160,"Russian Federation","RUS","RUS","0",5,"0","0","0","0","0","-","0"
1,"73Swby",1,49,2019,8,"Egypt","ARE","EGY",160,"Russian Federation","RUS","RUS","0",5,"0","0","0","0","0","-","0"
1,"73Swby",1,50,2020,8,"Egypt","ARE","EGY",160,"Russian Federation","RUS","RUS",5,"0","0","0","0","0","0","-","0"
1,"73Swby",1,51,2021,8,"Egypt","ARE","EGY",160,"Russian Federation","RUS","RUS",6,"0","0","0","0","0","0","-","0"
1,"73Swby",1,52,2022,8,"Egypt","ARE","EGY",160,"Russian Federation","RUS","RUS",5,5,"0","0","0","0","0","-","0"
1,"73Swby",1,53,2023,8,"Egypt","ARE","EGY",160,"Russian Federation","RUS","RUS",5,5,"0","0","0","0","0","-","0"
1,"73Swby",1,54,2024,8,"Egypt","ARE","EGY",160,"Russian Federation","RUS","RUS",5,"0","0","0","0","0","0","-","0"
1,"73Swby",1,55,2025,8,"Egypt","ARE","EGY",160,"Russian Federation","RUS","RUS",8,5,"0","0","0","0","0","-","0"
1,"73Swby",1,56,2018,9,"Argentina","ARG","ARG",160,"Russian Federation","RUS","RUS",5,"0","0","0","0","0","0","-","0"
1,"73Swby",1,57,2023,9,"Argentina","ARG","ARG",160,"Russian Federation","RUS","RUS",5,"0","0","0","0","0","0","-","0"
1,"73Swby",1,58,1996,10,"Armenia","ARM","ARM",160,"Russian Federation","RUS","RUS",2621,"0","0","0","0","0","0","-","0"
1,"73Swby",1,59,1997,10,"Armenia","ARM","ARM",160,"Russian Federation","RUS","RUS",2474,"0","0","0","0","0","0","-","0"
1,"73Swby",1,60,1998,10,"Armenia","ARM","ARM",160,"Russian Federation","RUS","RUS",1055,"0","0","0","0","0","0","-","0"
1,"73Swby",1,61,1999,10,"Armenia","ARM","ARM",160,"Russian Federation","RUS","RUS",498,"0","0","0","0","0","0","-","0"
1,"73Swby",1,62,2000,10,"Armenia","ARM","ARM",160,"Russian Federation","RUS","RUS",117,"0","0","0","0","0","0","-","0"
1,"73Swby",1,63,2001,10,"Armenia","ARM","ARM",160,"Russian Federation","RUS","RUS",104,"0","0","0","0","0","0","-","0"
1,"73Swby",1,64,2002,10,"Armenia","ARM","ARM",160,"Russian Federation","RUS","RUS",100,"0","0","0","0","0","0","-","0"
1,"73Swby",1,65,2003,10,"Armenia","ARM","ARM",160,"Russian Federation","RUS","RUS",87,"0","0","0","0","0","0","-","0"
1,"73Swby",1,66,2006,10,"Armenia","ARM","ARM",160,"Russian Federation","RUS","RUS","0",5,"0","0","0","0","0","-","0"
1,"73Swby",1,67,2007,10,"Armenia","ARM","ARM",160,"Russian Federation","RUS","RUS","0",7,"0","0","0","0","0","-","0"
1,"73Swby",1,68,2008,10,"Armenia","ARM","ARM",160,"Russian Federation","RUS","RUS","0",6,"0","0","0","0","0","-","0"
1,"73Swby",1,69,2009,10,"Armenia","ARM","ARM",160,"Russian Federation","RUS","RUS","0",5,"0","0","0","0","0","-","0"
1,"73Swby",1,70,2010,10,"Armenia","ARM","ARM",160,"Russian Federation","RUS","RUS","0",5,"0","0","0","0","0","-","0"
1,"73Swby",1,71,2011,10,"Armenia","ARM","ARM",160,"Russian Federation","RUS","RUS","0",5,"0","0","0","0","0","-","0"
1,"73Swby",1,72,2014,10,"Armenia","ARM","ARM",160,"Russian Federation","RUS","RUS","0",5,"0","0","0","0","0","-","0"
1,"73Swby",1,73,2015,10,"Armenia","ARM","ARM",160,"Russian Federation","RUS","RUS",5,10,"0","0","0","0","0","-","0"
1,"73Swby",1,74,2018,10,"Armenia","ARM","ARM",160,"Russian Federation","RUS","RUS","0",5,"0","0","0","0","0","-","0"
1,"73Swby",1,75,2019,10,"Armenia","ARM","ARM",160,"Russian Federation","RUS","RUS","0",5,"0","0","0","0","0","-","0"
1,"73Swby",1,76,2020,10,"Armenia","ARM","ARM",160,"Russian Federation","RUS","RUS",6,6,"0","0","0","0","0","-","0"
1,"73Swby",1,77,2021,10,"Armenia","ARM","ARM",160,"Russian Federation","RUS","RUS",13,5,"0","0","0","0","0","-","0"
1,"73Swby",1,78,2022,10,"Armenia","ARM","ARM",160,"Russian Federation","RUS","RUS",30,5,"0","0","0","0","0","-","0"
1,"73Swby",1,79,2023,10,"Armenia","ARM","ARM",160,"Russian Federation","RUS","RUS",37,10,"0","0","0","0","0","-","0"
1,"73Swby",1,80,2024,10,"Armenia","ARM","ARM",160,"Russian Federation","RUS","RUS",50,19,"0","0","0","0","0","-","0"
1,"73Swby",1,81,2025,10,"Armenia","ARM","ARM",160,"Russian Federation","RUS","RUS",65,10,"0","0","0","0","0","-","0"
1,"73Swby",1,82,2023,11,"Australia","AUL","AUS",160,"Russian Federation","RUS","RUS",5,5,"0","0","0","0","0","-","0"
1,"73Swby",1,83,2024,11,"Australia","AUL","AUS",160,"Russian Federation","RUS","RUS","0",5,"0","0","0","0","0","-","0"
1,"73Swby",1,84,1996,13,"Azerbaijan","AZE","AZE",160,"Russian Federation","RUS","RUS",35322,"0","0","0","0","0","0","-","0"
1,"73Swby",1,85,1997,13,"Azerbaijan","AZE","AZE",160,"Russian Federation","RUS","RUS",33755,"0","0","0","0","0","0","-","0"
1,"73Swby",1,86,1998,13,"Azerbaijan","AZE","AZE",160,"Russian Federation","RUS","RUS",18319,"0","0","0","0","0","0","-","0"
1,"73Swby",1,87,1999,13,"Azerbaijan","AZE","AZE",160,"Russian Federation","RUS","RUS",12881,"0","0","0","0","0","0","-","0"
1,"73Swby",1,88,2000,13,"Azerbaijan","AZE","AZE",160,"Russian Federation","RUS","RUS",780,7,"0","0","0","0","0","-","0"
1,"73Swby",1,89,2001,13,"Azerbaijan","AZE","AZE",160,"Russian Federation","RUS","RUS",456,"0","0","0","0","0","0","-","0"
1,"73Swby",1,90,2002,13,"Azerbaijan","AZE","AZE",160,"Russian Federation","RUS","RUS",302,20,"0","0","0","0","0","-","0"
1,"73Swby",1,91,2003,13,"Azerbaijan","AZE","AZE",160,"Russian Federation","RUS","RUS",263,5,"0","0","0","0","0","-","0"
1,"73Swby",1,92,2004,13,"Azerbaijan","AZE","AZE",160,"Russian Federation","RUS","RUS",28,"0","0","0","0","0","0","-","0"
1,"73Swby",1,93,2005,13,"Azerbaijan","AZE","AZE",160,"Russian Federation","RUS","RUS",19,5,"0","0","0","0","0","-","0"
1,"73Swby",1,94,2006,13,"Azerbaijan","AZE","AZE",160,"Russian Federation","RUS","RUS",19,5,"0","0","0","0","0","-","0"
1,"73Swby",1,95,2007,13,"Azerbaijan","AZE","AZE",160,"Russian Federation","RUS","RUS",23,27,"0","0","0","0","0","-","0"
1,"73Swby",1,96,2008,13,"Azerbaijan","AZE","AZE",160,"Russian Federation","RUS","RUS",33,15,"0","0","0","0","0","-","0"
1,"73Swby",1,97,2009,13,"Azerbaijan","AZE","AZE",160,"Russian Federation","RUS","RUS",31,6,"0","0","0","0","0","-","0"
1,"73Swby",1,98,2010,13,"Azerbaijan","AZE","AZE",160,"Russian Federation","RUS","RUS",17,10,"0","0","0","0","0","-","0"
1,"73Swby",1,99,2011,13,"Azerbaijan","AZE","AZE",160,"Russian Federation","RUS","RUS",19,5,"0","0","0","0","0","-","0"
1,"73Swby",1,100,2012,13,"Azerbaijan","AZE","AZE",160,"Russian Federation","RUS","RUS",19,"0","0","0","0","0","0","-","0"
1,"73Swby",1,101,2013,13,"Azerbaijan","AZE","AZE",160,"Russian Federation","RUS","RUS",14,5,"0","0","0","0","0","-","0"
1,"73Swby",1,102,2014,13,"Azerbaijan","AZE","AZE",160,"Russian Federation","RUS","RUS",11,"0","0","0","0","0","0","-","0"
1,"73Swby",1,103,2015,13,"Azerbaijan","AZE","AZE",160,"Russian Federation","RUS","RUS",18,"0","0","0","0","0","0","-","0"
1,"73Swby",1,104,2016,13,"Azerbaijan","AZE","AZE",160,"Russian Federation","RUS","RUS",19,5,"0","0","0","0","0","-","0"
1,"73Swby",1,105,2017,13,"Azerbaijan","AZE","AZE",160,"Russian Federation","RUS","RUS",15,5,"0","0","0","0","0","-","0"
1,"73Swby",1,106,2018,13,"Azerbaijan","AZE","AZE",160,"Russian Federation","RUS","RUS",12,6,"0","0","0","0","0","-","0"
1,"73Swby",1,107,2019,13,"Azerbaijan","AZE","AZE",160,"Russian Federation","RUS","RUS",18,11,"0","0","0","0","0","-","0"
1,"73Swby",1,108,2020,13,"Azerbaijan","AZE","AZE",160,"Russian Federation","RUS","RUS",20,7,"0","0","0","0","0","-","0"
1,"73Swby",1,109,2021,13,"Azerbaijan","AZE","AZE",160,"Russian Federation","RUS","RUS",24,"0","0","0","0","0","0","-","0"
1,"73Swby",1,110,2022,13,"Azerbaijan","AZE","AZE",160,"Russian Federation","RUS","RUS",43,5,"0","0","0","0","0","-","0"
1,"73Swby",1,111,2023,13,"Azerbaijan","AZE","AZE",160,"Russian Federation","RUS","RUS",43,5,"0","0","0","0","0","-","0"
1,"73Swby",1,112,2024,13,"Azerbaijan","AZE","AZE",160,"Russian Federation","RUS","RUS",32,6,"0","0","0","0","0","-","0"
1,"73Swby",1,113,2025,13,"Azerbaijan","AZE","AZE",160,"Russian Federation","RUS","RUS",44,21,"0","0","0","0","0","-","0"
1,"73Swby",1,114,2003,16,"Burundi","BDI","BDI",160,"Russian Federation","RUS","RUS","0",5,"0","0","0","0","0","-","0"
1,"73Swby",1,115,2018,17,"Belgium","BEL","BEL",160,"Russian Federation","RUS","RUS","0",15,"0","0","0","0","0","-","0"
1,"73Swby",1,116,2019,17,"Belgium","BEL","BEL",160,"Russian Federation","RUS","RUS","0",23,"0","0","0","0","0","-","0"
1,"73Swby",1,117,2020,17,"Belgium","BEL","BEL",160,"Russian Federation","RUS","RUS","0",17,"0","0","0","0","0","-","0"
1,"73Swby",1,118,2021,17,"Belgium","BEL","BEL",160,"Russian Federation","RUS","RUS","0",15,"0","0","0","0","0","-","0"
1,"73Swby",1,119,2008,20,"Bangladesh","BGD","BGD",160,"Russian Federation","RUS","RUS",7,5,"0","0","0","0","0","-","0"
1,"73Swby",1,120,2009,20,"Bangladesh","BGD","BGD",160,"Russian Federation","RUS","RUS",5,5,"0","0","0","0","0","-","0"
1,"73Swby",1,121,2010,20,"Bangladesh","BGD","BGD",160,"Russian Federation","RUS","RUS",5,"0","0","0","0","0","0","-","0"
1,"73Swby",1,122,2011,20,"Bangladesh","BGD","BGD",160,"Russian Federation","RUS","RUS",5,"0","0","0","0","0","0","-","0"
1,"73Swby",1,123,2012,20,"Bangladesh","BGD","BGD",160,"Russian Federation","RUS","RUS",13,5,"0","0","0","0","0","-","0"
1,"73Swby",1,124,2013,20,"Bangladesh","BGD","BGD",160,"Russian Federation","RUS","RUS",19,"0","0","0","0","0","0","-","0"
1,"73Swby",1,125,2014,20,"Bangladesh","BGD","BGD",160,"Russian Federation","RUS","RUS",9,"0","0","0","0","0","0","-","0"
1,"73Swby",1,126,2015,20,"Bangladesh","BGD","BGD",160,"Russian Federation","RUS","RUS",13,"0","0","0","0","0","0","-","0"
1,"73Swby",1,127,2016,20,"Bangladesh","BGD","BGD",160,"Russian Federation","RUS","RUS",5,"0","0","0","0","0","0","-","0"
1,"73Swby",1,128,2017,20,"Bangladesh","BGD","BGD",160,"Russian Federation","RUS","RUS",5,"0","0","0","0","0","0","-","0"
1,"73Swby",1,129,2018,20,"Bangladesh","BGD","BGD",160,"Russian Federation","RUS","RUS",5,5,"0","0","0","0","0","-","0"
1,"73Swby",1,130,2019,20,"Bangladesh","BGD","BGD",160,"Russian Federation","RUS","RUS",5,"0","0","0","0","0","0","-","0"
1,"73Swby",1,131,2020,20,"Bangladesh","BGD","BGD",160,"Russian Federation","RUS","RUS",5,"0","0","0","0","0","0","-","0"
1,"73Swby",1,132,2021,20,"Bangladesh","BGD","BGD",160,"Russian Federation","RUS","RUS",5,"0","0","0","0","0","0","-","0"
1,"73Swby",1,133,2022,20,"Bangladesh","BGD","BGD",160,"Russian Federation","RUS","RUS",5,"0","0","0","0","0","0","-","0"
1,"73Swby",1,134,2023,20,"Bangladesh","BGD","BGD",160,"Russian Federation","RUS","RUS",5,"0","0","0","0","0","0","-","0"
1,"73Swby",1,135,2024,20,"Bangladesh","BGD","BGD",160,"Russian Federation","RUS","RUS",5,7,"0","0","0","0","0","-","0"
1,"73Swby",1,136,2025,20,"Bangladesh","BGD","BGD",160,"Russian Federation","RUS","RUS",5,"0","0","0","0","0","0","-","0"
1,"73Swby",1,137,1996,24,"Belarus","BLR","BLR",160,"Russian Federation","RUS","RUS",320,"0","0","0","0","0","0","-","0"
1,"73Swby",1,138,1997,24,"Belarus","BLR","BLR",160,"Russian Federation","RUS","RUS",125,"0","0","0","0","0","0","-","0"
1,"73Swby",1,139,1998,24,"Belarus","BLR","BLR",160,"Russian Federation","RUS","RUS",26,"0","0","0","0","0","0","-","0"
1,"73Swby",1,140,1999,24,"Belarus","BLR","BLR",160,"Russian Federation","RUS","RUS",179,"0","0","0","0","0","0","-","0"
1,"73Swby",1,141,2007,24,"Belarus","BLR","BLR",160,"Russian Federation","RUS","RUS","0",15,"0","0","0","0","0","-","0"
1,"73Swby",1,142,2008,24,"Belarus","BLR","BLR",160,"Russian Federation","RUS","RUS",5,7,"0","0","0","0","0","-","0"
1,"73Swby",1,143,2009,24,"Belarus","BLR","BLR",160,"Russian Federation","RUS","RUS","0",5,"0","0","0","0","0","-","0"
1,"73Swby",1,144,2010,24,"Belarus","BLR","BLR",160,"Russian Federation","RUS","RUS","0",5,"0","0","0","0","0","-","0"
1,"73Swby",1,145,2011,24,"Belarus","BLR","BLR",160,"Russian Federation","RUS","RUS","0",8,"0","0","0","0","0","-","0"
1,"73Swby",1,146,2012,24,"Belarus","BLR","BLR",160,"Russian Federation","RUS","RUS","0",5,"0","0","0","0","0","-","0"
1,"73Swby",1,147,2014,24,"Belarus","BLR","BLR",160,"Russian Federation","RUS","RUS",5,"0","0","0","0","0","0","-","0"
1,"73Swby",1,148,2015,24,"Belarus","BLR","BLR",160,"Russian Federation","RUS","RUS","0",13,"0","0","0","0","0","-","0"
1,"73Swby",1,149,2016,24,"Belarus","BLR","BLR",160,"Russian Federation","RUS","RUS","0",6,"0","0","0","0","0","-","0"
1,"73Swby",1,150,2017,24,"Belarus","BLR","BLR",160,"Russian Federation","RUS","RUS","0",9,"0","0","0","0","0","-","0"
1,"73Swby",1,151,2022,24,"Belarus","BLR","BLR",160,"Russian Federation","RUS","RUS","0",10,"0","0","0","0","0","-","0"
1,"73Swby",1,152,2023,24,"Belarus","BLR","BLR",160,"Russian Federation","RUS","RUS",5,5,"0","0","0","0","0","-","0"
1,"73Swby",1,153,2024,24,"Belarus","BLR","BLR",160,"Russian Federation","RUS","RUS",11,5,"0","0","0","0","0","-","0"
1,"73Swby",1,154,2025,24,"Belarus","BLR","BLR",160,"Russian Federation","RUS","RUS",13,5,"0","0","0","0","0","-","0"
1,"73Swby",1,155,2024,25,"Bolivia (Plurinational State of)","BOL","BOL",160,"Russian Federation","RUS","RUS",5,"0","0","0","0","0","0","-","0"
1,"73Swby",1,156,2025,25,"Bolivia (Plurinational State of)","BOL","BOL",160,"Russian Federation","RUS","RUS",5,"0","0","0","0","0","0","-","0"
1,"73Swby",1,157,2016,29,"Bosnia and Herzegovina","BSN","BIH",160,"Russian Federation","RUS","RUS",5,"0","0","0","0","0","0","-","0"
1,"73Swby",1,158,2017,29,"Bosnia and Herzegovina","BSN","BIH",160,"Russian Federation","RUS","RUS",5,"0","0","0","0","0","0","-","0"
1,"73Swby",1,159,2018,29,"Bosnia and Herzegovina","BSN","BIH",160,"Russian Federation","RUS","RUS",5,"0","0","0","0","0","0","-","0"
1,"73Swby",1,160,2008,32,"Cambodia","CAM","KHM",160,"Russian Federation","RUS","RUS","0",5,"0","0","0","0","0","-","0"
1,"73Swby",1,161,2009,32,"Cambodia","CAM","KHM",160,"Russian Federation","RUS","RUS","0",5,"0","0","0","0","0","-","0"
1,"73Swby",1,162,2010,32,"Cambodia","CAM","KHM",160,"Russian Federation","RUS","RUS","0",10,"0","0","0","0","0","-","0"
1,"73Swby",1,163,2023,33,"Canada","CAN","CAN",160,"Russian Federation","RUS","RUS",5,5,"0","0","0","0","0","-","0"
1,"73Swby",1,164,2024,33,"Canada","CAN","CAN",160,"Russian Federation","RUS","RUS",21,"0","0","0","0","0","0","-","0"
1,"73Swby",1,165,2025,33,"Canada","CAN","CAN",160,"Russian Federation","RUS","RUS",15,"0","0","0","0","0","0","-","0"
1,"73Swby",1,166,2007,37,"China","CHI","CHN",160,"Russian Federation","RUS","RUS",6,"0","0","0","0","0","0","-","0"
1,"73Swby",1,167,2008,37,"China","CHI","CHN",160,"Russian Federation","RUS","RUS",15,5,"0","0","0","0","0","-","0"
1,"73Swby",1,168,2009,37,"China","CHI","CHN",160,"Russian Federation","RUS","RUS",9,"0","0","0","0","0","0","-","0"
1,"73Swby",1,169,2010,37,"China","CHI","CHN",160,"Russian Federation","RUS","RUS",5,"0","0","0","0","0","0","-","0"
1,"73Swby",1,170,2011,37,"China","CHI","CHN",160,"Russian Federation","RUS","RUS",5,"0","0","0","0","0","0","-","0"
1,"73Swby",1,171,2012,37,"China","CHI","CHN",160,"Russian Federation","RUS","RUS",9,5,"0","0","0","0","0","-","0"
1,"73Swby",1,172,2013,37,"China","CHI","CHN",160,"Russian Federation","RUS","RUS",11,"0","0","0","0","0","0","-","0"
1,"73Swby",1,173,2014,37,"China","CHI","CHN",160,"Russian Federation","RUS","RUS",5,"0","0","0","0","0","0","-","0"
1,"73Swby",1,174,2015,37,"China","CHI","CHN",160,"Russian Federation","RUS","RUS",5,"0","0","0","0","0","0","-","0"
1,"73Swby",1,175,2018,37,"China","CHI","CHN",160,"Russian Federation","RUS","RUS",5,"0","0","0","0","0","0","-","0"
1,"73Swby",1,176,2020,37,"China","CHI","CHN",160,"Russian Federation","RUS","RUS",19,295,"0","0","0","0","0","-","0"
1,"73Swby",1,177,2021,37,"China","CHI","CHN",160,"Russian Federation","RUS","RUS",23,16,"0","0","0","0","0","-","0"
1,"73Swby",1,178,2022,37,"China","CHI","CHN",160,"Russian Federation","RUS","RUS",14,5,"0","0","0","0","0","-","0"
1,"73Swby",1,179,2023,37,"China","CHI","CHN",160,"Russian Federation","RUS","RUS",5,"0","0","0","0","0","0","-","0"
1,"73Swby",1,180,2024,37,"China","CHI","CHN",160,"Russian Federation","RUS","RUS",5,5,"0","0","0","0","0","-","0"
1,"73Swby",1,181,1993,38,"Chile","CHL","CHL",160,"Russian Federation","RUS","RUS","0","0",120,"0","0","0","0","-","0"
1,"73Swby",1,182,1994,38,"Chile","CHL","CHL",160,"Russian Federation","RUS","RUS","0","0",42,"0","0","0","0","-","0"
1,"73Swby",1,183,1995,38,"Chile","CHL","CHL",160,"Russian Federation","RUS","RUS","0","0",20,"0","0","0","0","-","0"
1,"73Swby",1,184,2016,39,"Cameroon","CMR","CMR",160,"Russian Federation","RUS","RUS","0",5,"0","0","0","0","0","-","0"
1,"73Swby",1,185,2019,39,"Cameroon","CMR","CMR",160,"Russian Federation","RUS","RUS",5,"0","0","0","0","0","0","-","0"
1,"73Swby",1,186,2020,39,"Cameroon","CMR","CMR",160,"Russian Federation","RUS","RUS",5,5,"0","0","0","0","0","-","0"
1,"73Swby",1,187,2021,39,"Cameroon","CMR","CMR",160,"Russian Federation","RUS","RUS",5,5,"0","0","0","0","0","-","0"
1,"73Swby",1,188,2023,39,"Cameroon","CMR","CMR",160,"Russian Federation","RUS","RUS","0",5,"0","0","0","0","0","-","0"
1,"73Swby",1,189,2024,39,"Cameroon","CMR","CMR",160,"Russian Federation","RUS","RUS","0",20,"0","0","0","0","0","-","0"
1,"73Swby",1,190,2025,39,"Cameroon","CMR","CMR",160,"Russian Federation","RUS","RUS","0",5,"0","0","0","0","0","-","0"
1,"73Swby",1,191,2005,40,"Congo","COB","COG",160,"Russian Federation","RUS","RUS",5,5,"0","0","0","0","0","-","0"
1,"73Swby",1,192,2006,40,"Congo","COB","COG",160,"Russian Federation","RUS","RUS","0",5,"0","0","0","0","0","-","0"
1,"73Swby",1,193,2007,40,"Congo","COB","COG",160,"Russian Federation","RUS","RUS","0",23,"0","0","0","0","0","-","0"
1,"73Swby",1,194,2008,40,"Congo","COB","COG",160,"Russian Federation","RUS","RUS",14,7,"0","0","0","0","0","-","0"
1,"73Swby",1,195,2009,40,"Congo","COB","COG",160,"Russian Federation","RUS","RUS",19,5,"0","0","0","0","0","-","0"
1,"73Swby",1,196,2010,40,"Congo","COB","COG",160,"Russian Federation","RUS","RUS",8,5,"0","0","0","0","0","-","0"
1,"73Swby",1,197,2011,40,"Congo","COB","COG",160,"Russian Federation","RUS","RUS",5,"0","0","0","0","0","0","-","0"
1,"73Swby",1,198,2012,40,"Congo","COB","COG",160,"Russian Federation","RUS","RUS",5,"0","0","0","0","0","0","-","0"
1,"73Swby",1,199,2016,40,"Congo","COB","COG",160,"Russian Federation","RUS","RUS","0",6,"0","0","0","0","0","-","0"
1,"73Swby",1,200,2019,40,"Congo","COB","COG",160,"Russian Federation","RUS","RUS",5,"0","0","0","0","0","0","-","0"
1,"73Swby",1,201,2020,40,"Congo","COB","COG",160,"Russian Federation","RUS","RUS",5,"0","0","0","0","0","0","-","0"
1,"73Swby",1,202,2021,40,"Congo","COB","COG",160,"Russian Federation","RUS","RUS",5,"0","0","0","0","0","0","-","0"
1,"73Swby",1,203,2023,40,"Congo","COB","COG",160,"Russian Federation","RUS","RUS",5,"0","0","0","0","0","0","-","0"
1,"73Swby",1,204,2024,40,"Congo","COB","COG",160,"Russian Federation","RUS","RUS",8,"0","0","0","0","0","0","-","0"
1,"73Swby",1,205,1995,41,"Dem. Rep. of the Congo","COD","COD",160,"Russian Federation","RUS","RUS","0","0",5,"0","0","0","0","-","0"
1,"73Swby",1,206,1999,41,"Dem. Rep. of the Congo","COD","COD",160,"Russian Federation","RUS","RUS","0","0",5,"0","0","0","0","-","0"
1,"73Swby",1,207,2000,41,"Dem. Rep. of the Congo","COD","COD",160,"Russian Federation","RUS","RUS","0","0",5,"0","0","0","0","-","0"
1,"73Swby",1,208,2003,41,"Dem. Rep. of the Congo","COD","COD",160,"Russian Federation","RUS","RUS","0",5,"0","0","0","0","0","-","0"
1,"73Swby",1,209,2006,41,"Dem. Rep. of the Congo","COD","COD",160,"Russian Federation","RUS","RUS","0","0",5,"0","0","0","0","-","0"
1,"73Swby",1,210,2007,41,"Dem. Rep. of the Congo","COD","COD",160,"Russian Federation","RUS","RUS","0",32,5,"0","0","0","0","-","0"
1,"73Swby",1,211,2008,41,"Dem. Rep. of the Congo","COD","COD",160,"Russian Federation","RUS","RUS",12,12,"0","0","0","0","0","-","0"
1,"73Swby",1,212,2009,41,"Dem. Rep. of the Congo","COD","COD",160,"Russian Federation","RUS","RUS",15,5,"0","0","0","0","0","-","0"
1,"73Swby",1,213,2010,41,"Dem. Rep. of the Congo","COD","COD",160,"Russian Federation","RUS","RUS",14,5,"0","0","0","0","0","-","0"
1,"73Swby",1,214,2011,41,"Dem. Rep. of the Congo","COD","COD",160,"Russian Federation","RUS","RUS",8,11,"0","0","0","0","0","-","0"
1,"73Swby",1,215,2012,41,"Dem. Rep. of the Congo","COD","COD",160,"Russian Federation","RUS","RUS",15,13,"0","0","0","0","0","-","0"
1,"73Swby",1,216,2013,41,"Dem. Rep. of the Congo","COD","COD",160,"Russian Federation","RUS","RUS",10,"0","0","0","0","0","0","-","0"
1,"73Swby",1,217,2014,41,"Dem. Rep. of the Congo","COD","COD",160,"Russian Federation","RUS","RUS",9,"0","0","0","0","0","0","-","0"
1,"73Swby",1,218,2016,41,"Dem. Rep. of the Congo","COD","COD",160,"Russian Federation","RUS","RUS","0",11,"0","0","0","0","0","-","0"
1,"73Swby",1,219,2017,41,"Dem. Rep. of the Congo","COD","COD",160,"Russian Federation","RUS","RUS",5,6,5,"0","0","0","0","-","0"
1,"73Swby",1,220,2018,41,"Dem. Rep. of the Congo","COD","COD",160,"Russian Federation","RUS","RUS",12,5,"0","0","0","0","0","-","0"
1,"73Swby",1,221,2019,41,"Dem. Rep. of the Congo","COD","COD",160,"Russian Federation","RUS","RUS",5,5,5,"0","0","0","0","-","0"
1,"73Swby",1,222,2020,41,"Dem. Rep. of the Congo","COD","COD",160,"Russian Federation","RUS","RUS",7,5,"0","0","0","0","0","-","0"
1,"73Swby",1,223,2021,41,"Dem. Rep. of the Congo","COD","COD",160,"Russian Federation","RUS","RUS",14,"0","0","0","0","0","0","-","0"
1,"73Swby",1,224,2022,41,"Dem. Rep. of the Congo","COD","COD",160,"Russian Federation","RUS","RUS",11,5,"0","0","0","0","0","-","0"
1,"73Swby",1,225,2023,41,"Dem. Rep. of the Congo","COD","COD",160,"Russian Federation","RUS","RUS",8,5,"0","0","0","0","0","-","0"
1,"73Swby",1,226,2024,41,"Dem. Rep. of the Congo","COD","COD",160,"Russian Federation","RUS","RUS",11,10,"0","0","0","0","0","-","0"
1,"73Swby",1,227,2025,41,"Dem. Rep. of the Congo","COD","COD",160,"Russian Federation","RUS","RUS",13,10,"0","0","0","0","0","-","0"
1,"73Swby",1,228,2005,46,"Cuba","CUB","CUB",160,"Russian Federation","RUS","RUS","0",7,"0","0","0","0","0","-","0"
1,"73Swby",1,229,2007,46,"Cuba","CUB","CUB",160,"Russian Federation","RUS","RUS","0",5,"0","0","0","0","0","-","0"
1,"73Swby",1,230,2008,46,"Cuba","CUB","CUB",160,"Russian Federation","RUS","RUS",10,5,"0","0","0","0","0","-","0"
1,"73Swby",1,231,2009,46,"Cuba","CUB","CUB",160,"Russian Federation","RUS","RUS",7,5,"0","0","0","0","0","-","0"
1,"73Swby",1,232,2010,46,"Cuba","CUB","CUB",160,"Russian Federation","RUS","RUS",6,5,"0","0","0","0","0","-","0"
1,"73Swby",1,233,2011,46,"Cuba","CUB","CUB",160,"Russian Federation","RUS","RUS",5,"0","0","0","0","0","0","-","0"
1,"73Swby",1,234,2020,46,"Cuba","CUB","CUB",160,"Russian Federation","RUS","RUS",5,"0","0","0","0","0","0","-","0"
1,"73Swby",1,235,2021,46,"Cuba","CUB","CUB",160,"Russian Federation","RUS","RUS",7,5,"0","0","0","0","0","-","0"
1,"73Swby",1,236,2022,46,"Cuba","CUB","CUB",160,"Russian Federation","RUS","RUS","0",5,"0","0","0","0","0","-","0"
1,"73Swby",1,237,2023,46,"Cuba","CUB","CUB",160,"Russian Federation","RUS","RUS",5,6,"0","0","0","0","0","-","0"
1,"73Swby",1,238,2024,46,"Cuba","CUB","CUB",160,"Russian Federation","RUS","RUS",13,8,"0","0","0","0","0","-","0"
1,"73Swby",1,239,2025,46,"Cuba","CUB","CUB",160,"Russian Federation","RUS","RUS",12,10,"0","0","0","0","0","-","0"
1,"73Swby",1,240,2023,49,"Czechia","CZE","CZE",160,"Russian Federation","RUS","RUS",9,"0","0","0","0","0","0","-","0"
1,"73Swby",1,241,2024,49,"Czechia","CZE","CZE",160,"Russian Federation","RUS","RUS",10,"0","0","0","0","0","0","-","0"
1,"73Swby",1,242,2025,49,"Czechia","CZE","CZE",160,"Russian Federation","RUS","RUS",11,"0","0","0","0","0","0","-","0"
1,"73Swby",1,243,2007,56,"Eritrea","ERT","ERI",160,"Russian Federation","RUS","RUS","0",7,"0","0","0","0","0","-","0"
1,"73Swby",1,244,2008,56,"Eritrea","ERT","ERI",160,"Russian Federation","RUS","RUS",6,"0","0","0","0","0","0","-","0"
1,"73Swby",1,245,2009,56,"Eritrea","ERT","ERI",160,"Russian Federation","RUS","RUS",6,6,"0","0","0","0","0","-","0"
1,"73Swby",1,246,2010,56,"Eritrea","ERT","ERI",160,"Russian Federation","RUS","RUS",11,"0","0","0","0","0","0","-","0"
1,"73Swby",1,247,2011,56,"Eritrea","ERT","ERI",160,"Russian Federation","RUS","RUS",5,"0","0","0","0","0","0","-","0"
1,"73Swby",1,248,2014,56,"Eritrea","ERT","ERI",160,"Russian Federation","RUS","RUS",5,"0","0","0","0","0","0","-","0"
1,"73Swby",1,249,2018,56,"Eritrea","ERT","ERI",160,"Russian Federation","RUS","RUS","0",5,"0","0","0","0","0","-","0"
1,"73Swby",1,250,1996,57,"Estonia","EST","EST",160,"Russian Federation","RUS","RUS",902,"0","0","0","0","0","0","-","0"
1,"73Swby",1,251,1997,57,"Estonia","EST","EST",160,"Russian Federation","RUS","RUS",814,"0","0","0","0","0","0","-","0"
1,"73Swby",1,252,1998,57,"Estonia","EST","EST",160,"Russian Federation","RUS","RUS",372,"0","0","0","0","0","0","-","0"
1,"73Swby",1,253,1999,57,"Estonia","EST","EST",160,"Russian Federation","RUS","RUS",231,"0","0","0","0","0","0","-","0"
1,"73Swby",1,254,2000,57,"Estonia","EST","EST",160,"Russian Federation","RUS","RUS",41,"0","0","0","0","0","0","-","0"
1,"73Swby",1,255,2001,57,"Estonia","EST","EST",160,"Russian Federation","RUS","RUS",13,"0","0","0","0","0","0","-","0"
1,"73Swby",1,256,2002,57,"Estonia","EST","EST",160,"Russian Federation","RUS","RUS",13,"0","0","0","0","0","0","-","0"
1,"73Swby",1,257,2003,57,"Estonia","EST","EST",160,"Russian Federation","RUS","RUS",10,"0","0","0","0","0","0","-","0"
1,"73Swby",1,258,2020,57,"Estonia","EST","EST",160,"Russian Federation","RUS","RUS",5,"0","0","0","0","0","0","-","0"
1,"73Swby",1,259,2021,57,"Estonia","EST","EST",160,"Russian Federation","RUS","RUS",5,"0","0","0","0","0","0","-","0"
1,"73Swby",1,260,2022,57,"Estonia","EST","EST",160,"Russian Federation","RUS","RUS",5,"0","0","0","0","0","0","-","0"
1,"73Swby",1,261,2023,57,"Estonia","EST","EST",160,"Russian Federation","RUS","RUS",15,5,"0","0","0","0","0","-","0"
1,"73Swby",1,262,2024,57,"Estonia","EST","EST",160,"Russian Federation","RUS","RUS",45,5,"0","0","0","0","0","-","0"
1,"73Swby",1,263,2025,57,"Estonia","EST","EST",160,"Russian Federation","RUS","RUS",37,"0","0","0","0","0","0","-","0"
1,"73Swby",1,264,1995,58,"Ethiopia","ETH","ETH",160,"Russian Federation","RUS","RUS","0","0",5,"0","0","0","0","-","0"
1,"73Swby",1,265,1996,58,"Ethiopia","ETH","ETH",160,"Russian Federation","RUS","RUS","0","0",8,"0","0","0","0","-","0"
1,"73Swby",1,266,1998,58,"Ethiopia","ETH","ETH",160,"Russian Federation","RUS","RUS",5,"0","0","0","0","0","0","-","0"
1,"73Swby",1,267,1999,58,"Ethiopia","ETH","ETH",160,"Russian Federation","RUS","RUS",5,"0","0","0","0","0","0","-","0"
1,"73Swby",1,268,2000,58,"Ethiopia","ETH","ETH",160,"Russian Federation","RUS","RUS",39,"0","0","0","0","0","0","-","0"
1,"73Swby",1,269,2001,58,"Ethiopia","ETH","ETH",160,"Russian Federation","RUS","RUS",29,"0","0","0","0","0","0","-","0"
1,"73Swby",1,270,2002,58,"Ethiopia","ETH","ETH",160,"Russian Federation","RUS","RUS",11,"0","0","0","0","0","0","-","0"
1,"73Swby",1,271,2003,58,"Ethiopia","ETH","ETH",160,"Russian Federation","RUS","RUS",10,"0","0","0","0","0","0","-","0"
1,"73Swby",1,272,2004,58,"Ethiopia","ETH","ETH",160,"Russian Federation","RUS","RUS",5,5,"0","0","0","0","0","-","0"
1,"73Swby",1,273,2005,58,"Ethiopia","ETH","ETH",160,"Russian Federation","RUS","RUS",5,"0","0","0","0","0","0","-","0"
1,"73Swby",1,274,2006,58,"Ethiopia","ETH","ETH",160,"Russian Federation","RUS","RUS","0",5,"0","0","0","0","0","-","0"
1,"73Swby",1,275,2007,58,"Ethiopia","ETH","ETH",160,"Russian Federation","RUS","RUS","0",11,"0","0","0","0","0","-","0"
1,"73Swby",1,276,2008,58,"Ethiopia","ETH","ETH",160,"Russian Federation","RUS","RUS",12,10,"0","0","0","0","0","-","0"
1,"73Swby",1,277,2009,58,"Ethiopia","ETH","ETH",160,"Russian Federation","RUS","RUS",12,5,"0","0","0","0","0","-","0"
1,"73Swby",1,278,2010,58,"Ethiopia","ETH","ETH",160,"Russian Federation","RUS","RUS",11,5,"0","0","0","0","0","-","0"
1,"73Swby",1,279,2011,58,"Ethiopia","ETH","ETH",160,"Russian Federation","RUS","RUS",11,"0","0","0","0","0","0","-","0"
1,"73Swby",1,280,2015,58,"Ethiopia","ETH","ETH",160,"Russian Federation","RUS","RUS",5,"0","0","0","0","0","0","-","0"
1,"73Swby",1,281,2021,58,"Ethiopia","ETH","ETH",160,"Russian Federation","RUS","RUS","0",5,"0","0","0","0","0","-","0"
1,"73Swby",1,282,2023,58,"Ethiopia","ETH","ETH",160,"Russian Federation","RUS","RUS","0",5,"0","0","0","0","0","-","0"
1,"73Swby",1,283,2024,58,"Ethiopia","ETH","ETH",160,"Russian Federation","RUS","RUS","0",5,"0","0","0","0","0","-","0"
1,"73Swby",1,284,2023,64,"France","FRA","FRA",160,"Russian Federation","RUS","RUS",8,"0","0","0","0","0","0","-","0"
1,"73Swby",1,285,2024,64,"France","FRA","FRA",160,"Russian Federation","RUS","RUS",12,"0","0","0","0","0","0","-","0"
1,"73Swby",1,286,2025,64,"France","FRA","FRA",160,"Russian Federation","RUS","RUS",7,"0","0","0","0","0","0","-","0"
1,"73Swby",1,287,2006,69,"Palestinian","GAZ","PSE",160,"Russian Federation","RUS","RUS",5,"0","0","0","0","0","0","-","0"
1,"73Swby",1,288,2007,69,"Palestinian","GAZ","PSE",160,"Russian Federation","RUS","RUS",8,"0","0","0","0","0","0","-","0"
1,"73Swby",1,289,2008,69,"Palestinian","GAZ","PSE",160,"Russian Federation","RUS","RUS",19,24,"0","0","0","0","0","-","0"
1,"73Swby",1,290,2009,69,"Palestinian","GAZ","PSE",160,"Russian Federation","RUS","RUS",26,8,"0","0","0","0","0","-","0"
1,"73Swby",1,291,2010,69,"Palestinian","GAZ","PSE",160,"Russian Federation","RUS","RUS",18,7,"0","0","0","0","0","-","0"
1,"73Swby",1,292,2011,69,"Palestinian","GAZ","PSE",160,"Russian Federation","RUS","RUS",14,"0","0","0","0","0","0","-","0"
1,"73Swby",1,293,2012,69,"Palestinian","GAZ","PSE",160,"Russian Federation","RUS","RUS",8,"0","0","0","0","0","0","-","0"
1,"73Swby",1,294,2013,69,"Palestinian","GAZ","PSE",160,"Russian Federation","RUS","RUS",5,6,"0","0","0","0","0","-","0"
1,"73Swby",1,295,2014,69,"Palestinian","GAZ","PSE",160,"Russian Federation","RUS","RUS",9,5,"0","0","0","0","0","-","0"
1,"73Swby",1,296,2015,69,"Palestinian","GAZ","PSE",160,"Russian Federation","RUS","RUS",12,10,"0","0","0","0","0","-","0"
1,"73Swby",1,297,2016,69,"Palestinian","GAZ","PSE",160,"Russian Federation","RUS","RUS",12,5,"0","0","0","0","0","-","0"
1,"73Swby",1,298,2017,69,"Palestinian","GAZ","PSE",160,"Russian Federation","RUS","RUS",9,"0","0","0","0","0","0","-","0"
1,"73Swby",1,299,2018,69,"Palestinian","GAZ","PSE",160,"Russian Federation","RUS","RUS",12,5,"0","0","0","0","0","-","0"
1,"73Swby",1,300,2019,69,"Palestinian","GAZ","PSE",160,"Russian Federation","RUS","RUS",10,"0","0","0","0","0","0","-","0"
1,"73Swby",1,301,2020,69,"Palestinian","GAZ","PSE",160,"Russian Federation","RUS","RUS",5,"0","0","0","0","0","0","-","0"
1,"73Swby",1,302,2021,69,"Palestinian","GAZ","PSE",160,"Russian Federation","RUS","RUS",5,"0","0","0","0","0","0","-","0"
1,"73Swby",1,303,2022,69,"Palestinian","GAZ","PSE",160,"Russian Federation","RUS","RUS",5,"0","0","0","0","0","0","-","0"
1,"73Swby",1,304,2023,69,"Palestinian","GAZ","PSE",160,"Russian Federation","RUS","RUS",13,26,"0","0","0","0","0","-","0"
1,"73Swby",1,305,2024,69,"Palestinian","GAZ","PSE",160,"Russian Federation","RUS","RUS",280,14,"0","0","0","0","0","-","0"
1,"73Swby",1,306,2025,69,"Palestinian","GAZ","PSE",160,"Russian Federation","RUS","RUS",230,8,"0","0","0","0","0","-","0"
1,"73Swby",1,307,2023,70,"United Kingdom of Great Britain and Northern Ireland","GBR","GBR",160,"Russian Federation","RUS","RUS",6,6,"0","0","0","0","0","-","0"
1,"73Swby",1,308,2024,70,"United Kingdom of Great Britain and Northern Ireland","GBR","GBR",160,"Russian Federation","RUS","RUS",18,"0","0","0","0","0","0","-","0"
1,"73Swby",1,309,2025,70,"United Kingdom of Great Britain and Northern Ireland","GBR","GBR",160,"Russian Federation","RUS","RUS",15,"0","0","0","0","0","0","-","0"
1,"73Swby",1,310,1996,71,"Georgia","GEO","GEO",160,"Russian Federation","RUS","RUS",47762,"0","0","0","0","0","0","-","0"
1,"73Swby",1,311,1997,71,"Georgia","GEO","GEO",160,"Russian Federation","RUS","RUS",46195,"0","0","0","0","0","0","-","0"
1,"73Swby",1,312,1998,71,"Georgia","GEO","GEO",160,"Russian Federation","RUS","RUS",34314,"0",1495,"0","0","0","0","-","0"
1,"73Swby",1,313,1999,71,"Georgia","GEO","GEO",160,"Russian Federation","RUS","RUS",27993,"0",269,"0","0","0","0","-","0"
1,"73Swby",1,314,2000,71,"Georgia","GEO","GEO",160,"Russian Federation","RUS","RUS",19560,"0",81,"0","0","0","0","-","0"
1,"73Swby",1,315,2001,71,"Georgia","GEO","GEO",160,"Russian Federation","RUS","RUS",14832,5,60,"0","0","0","0","-","0"
1,"73Swby",1,316,2002,71,"Georgia","GEO","GEO",160,"Russian Federation","RUS","RUS",11368,"0",65,"0","0","0","0","-","0"
1,"73Swby",1,317,2003,71,"Georgia","GEO","GEO",160,"Russian Federation","RUS","RUS",6527,"0",117,"0","0","0","0","-","0"
1,"73Swby",1,318,2004,71,"Georgia","GEO","GEO",160,"Russian Federation","RUS","RUS",238,10,117,"0","0","0","0","-","0"
1,"73Swby",1,319,2005,71,"Georgia","GEO","GEO",160,"Russian Federation","RUS","RUS",119,5,41,"0","0","0","0","-","0"
1,"73Swby",1,320,2006,71,"Georgia","GEO","GEO",160,"Russian Federation","RUS","RUS",120,14,"0","0","0","0","0","-","0"
1,"73Swby",1,321,2007,71,"Georgia","GEO","GEO",160,"Russian Federation","RUS","RUS",205,483,"0","0","0","0","0","-","0"
1,"73Swby",1,322,2008,71,"Georgia","GEO","GEO",160,"Russian Federation","RUS","RUS",670,630,"0","0","0","0","0","-","0"
1,"73Swby",1,323,2009,71,"Georgia","GEO","GEO",160,"Russian Federation","RUS","RUS",2329,790,"0","0","0","0","0","-","0"
1,"73Swby",1,324,2010,71,"Georgia","GEO","GEO",160,"Russian Federation","RUS","RUS",2478,534,"0","0","0","0","0","-","0"
1,"73Swby",1,325,2011,71,"Georgia","GEO","GEO",160,"Russian Federation","RUS","RUS",1900,262,"0","0","0","0","0","-","0"
1,"73Swby",1,326,2012,71,"Georgia","GEO","GEO",160,"Russian Federation","RUS","RUS",1404,177,"0","0","0","0","0","-","0"
1,"73Swby",1,327,2013,71,"Georgia","GEO","GEO",160,"Russian Federation","RUS","RUS",762,64,"0","0","0","0","0","-","0"
1,"73Swby",1,328,2014,71,"Georgia","GEO","GEO",160,"Russian Federation","RUS","RUS",537,52,"0","0","0","0","0","-","0"
1,"73Swby",1,329,2015,71,"Georgia","GEO","GEO",160,"Russian Federation","RUS","RUS",344,41,"0","0","0","0","0","-","0"
1,"73Swby",1,330,2016,71,"Georgia","GEO","GEO",160,"Russian Federation","RUS","RUS",261,27,"0","0","0","0","0","-","0"
1,"73Swby",1,331,2017,71,"Georgia","GEO","GEO",160,"Russian Federation","RUS","RUS",198,12,"0","0","0","0","0","-","0"
1,"73Swby",1,332,2018,71,"Georgia","GEO","GEO",160,"Russian Federation","RUS","RUS",155,7,"0","0","0","0","0","-","0"
1,"73Swby",1,333,2019,71,"Georgia","GEO","GEO",160,"Russian Federation","RUS","RUS",147,5,"0","0","0","0","0","-","0"
1,"73Swby",1,334,2020,71,"Georgia","GEO","GEO",160,"Russian Federation","RUS","RUS",142,5,"0","0","0","0","0","-","0"
1,"73Swby",1,335,2021,71,"Georgia","GEO","GEO",160,"Russian Federation","RUS","RUS",134,5,"0","0","0","0","0","-","0"
1,"73Swby",1,336,2022,71,"Georgia","GEO","GEO",160,"Russian Federation","RUS","RUS",118,5,"0","0","0","0","0","-","0"
1,"73Swby",1,337,2023,71,"Georgia","GEO","GEO",160,"Russian Federation","RUS","RUS",125,6,"0","0","0","0","0","-","0"
1,"73Swby",1,338,2024,71,"Georgia","GEO","GEO",160,"Russian Federation","RUS","RUS",112,5,"0","0","0","0","0","-","0"
1,"73Swby",1,339,2025,71,"Georgia","GEO","GEO",160,"Russian Federation","RUS","RUS",107,5,"0","0","0","0","0","-","0"
1,"73Swby",1,340,2017,72,"Germany","GFR","DEU",160,"Russian Federation","RUS","RUS",10,5,"0","0","0","0","0","-","0"
1,"73Swby",1,341,2018,72,"Germany","GFR","DEU",160,"Russian Federation","RUS","RUS",9,"0","0","0","0","0","0","-","0"
1,"73Swby",1,342,2019,72,"Germany","GFR","DEU",160,"Russian Federation","RUS","RUS",11,5,"0","0","0","0","0","-","0"
1,"73Swby",1,343,2020,72,"Germany","GFR","DEU",160,"Russian Federation","RUS","RUS",15,"0","0","0","0","0","0","-","0"
1,"73Swby",1,344,2021,72,"Germany","GFR","DEU",160,"Russian Federation","RUS","RUS",15,"0","0","0","0","0","0","-","0"
1,"73Swby",1,345,2022,72,"Germany","GFR","DEU",160,"Russian Federation","RUS","RUS",42,12,"0","0","0","0","0","-","0"
1,"73Swby",1,346,2023,72,"Germany","GFR","DEU",160,"Russian Federation","RUS","RUS",149,13,"0","0","0","0","0","-","0"
1,"73Swby",1,347,2024,72,"Germany","GFR","DEU",160,"Russian Federation","RUS","RUS",189,60,"0","0","0","0","0","-","0"
1,"73Swby",1,348,2025,72,"Germany","GFR","DEU",160,"Russian Federation","RUS","RUS",185,41,"0","0","0","0","0","-","0"
1,"73Swby",1,349,2024,76,"Greece","GRE","GRC",160,"Russian Federation","RUS","RUS",5,"0","0","0","0","0","0","-","0"
1,"73Swby",1,350,2025,76,"Greece","GRE","GRC",160,"Russian Federation","RUS","RUS",5,"0","0","0","0","0","0","-","0"
1,"73Swby",1,351,2010,79,"Guinea","GUI","GIN",160,"Russian Federation","RUS","RUS","0",5,"0","0","0","0","0","-","0"
1,"73Swby",1,352,2011,79,"Guinea","GUI","GIN",160,"Russian Federation","RUS","RUS",5,"0","0","0","0","0","0","-","0"
1,"73Swby",1,353,2012,79,"Guinea","GUI","GIN",160,"Russian Federation","RUS","RUS",5,"0","0","0","0","0","0","-","0"
1,"73Swby",1,354,2015,79,"Guinea","GUI","GIN",160,"Russian Federation","RUS","RUS",7,"0","0","0","0","0","0","-","0"
1,"73Swby",1,355,2022,79,"Guinea","GUI","GIN",160,"Russian Federation","RUS","RUS",5,"0","0","0","0","0","0","-","0"
1,"73Swby",1,356,2023,79,"Guinea","GUI","GIN",160,"Russian Federation","RUS","RUS",5,"0","0","0","0","0","0","-","0"
1,"73Swby",1,357,2025,79,"Guinea","GUI","GIN",160,"Russian Federation","RUS","RUS",5,5,"0","0","0","0","0","-","0"
1,"73Swby",1,358,1994,81,"Haiti","HAI","HTI",160,"Russian Federation","RUS","RUS","0","0",8,"0","0","0","0","-","0"
1,"73Swby",1,359,2023,81,"Haiti","HAI","HTI",160,"Russian Federation","RUS","RUS",5,"0","0","0","0","0","0","-","0"
1,"73Swby",1,360,2024,81,"Haiti","HAI","HTI",160,"Russian Federation","RUS","RUS",5,5,"0","0","0","0","0","-","0"
1,"73Swby",1,361,2025,81,"Haiti","HAI","HTI",160,"Russian Federation","RUS","RUS",5,8,"0","0","0","0","0","-","0"
1,"73Swby",1,362,2025,85,"Hungary","HUN","HUN",160,"Russian Federation","RUS","RUS",9,"0","0","0","0","0","0","-","0"
1,"73Swby",1,363,2015,87,"Cote d'Ivoire","ICO","CIV",160,"Russian Federation","RUS","RUS","0",5,"0","0","0","0","0","-","0"
1,"73Swby",1,364,2016,87,"Cote d'Ivoire","ICO","CIV",160,"Russian Federation","RUS","RUS",5,5,"0","0","0","0","0","-","0"
1,"73Swby",1,365,2017,87,"Cote d'Ivoire","ICO","CIV",160,"Russian Federation","RUS","RUS",5,5,"0","0","0","0","0","-","0"
1,"73Swby",1,366,2018,87,"Cote d'Ivoire","ICO","CIV",160,"Russian Federation","RUS","RUS",5,"0","0","0","0","0","0","-","0"
1,"73Swby",1,367,2019,87,"Cote d'Ivoire","ICO","CIV",160,"Russian Federation","RUS","RUS",5,"0","0","0","0","0","0","-","0"
1,"73Swby",1,368,2020,87,"Cote d'Ivoire","ICO","CIV",160,"Russian Federation","RUS","RUS",5,"0","0","0","0","0","0","-","0"
1,"73Swby",1,369,2010,88,"India","IND","IND",160,"Russian Federation","RUS","RUS",5,"0","0","0","0","0","0","-","0"
1,"73Swby",1,370,2011,88,"India","IND","IND",160,"Russian Federation","RUS","RUS",5,"0","0","0","0","0","0","-","0"
1,"73Swby",1,371,2007,91,"Iran (Islamic Rep. of)","IRN","IRN",160,"Russian Federation","RUS","RUS",5,"0","0","0","0","0","0","-","0"
1,"73Swby",1,372,2008,91,"Iran (Islamic Rep. of)","IRN","IRN",160,"Russian Federation","RUS","RUS",19,"0","0","0","0","0","0","-","0"
1,"73Swby",1,373,2009,91,"Iran (Islamic Rep. of)","IRN","IRN",160,"Russian Federation","RUS","RUS",20,5,"0","0","0","0","0","-","0"
1,"73Swby",1,374,2010,91,"Iran (Islamic Rep. of)","IRN","IRN",160,"Russian Federation","RUS","RUS",13,"0","0","0","0","0","0","-","0"
1,"73Swby",1,375,2011,91,"Iran (Islamic Rep. of)","IRN","IRN",160,"Russian Federation","RUS","RUS",12,11,"0","0","0","0","0","-","0"
1,"73Swby",1,376,2012,91,"Iran (Islamic Rep. of)","IRN","IRN",160,"Russian Federation","RUS","RUS",5,5,"0","0","0","0","0","-","0"
1,"73Swby",1,377,2013,91,"Iran (Islamic Rep. of)","IRN","IRN",160,"Russian Federation","RUS","RUS",6,"0","0","0","0","0","0","-","0"
1,"73Swby",1,378,2014,91,"Iran (Islamic Rep. of)","IRN","IRN",160,"Russian Federation","RUS","RUS",7,"0","0","0","0","0","0","-","0"
1,"73Swby",1,379,2015,91,"Iran (Islamic Rep. of)","IRN","IRN",160,"Russian Federation","RUS","RUS",9,"0","0","0","0","0","0","-","0"
1,"73Swby",1,380,2016,91,"Iran (Islamic Rep. of)","IRN","IRN",160,"Russian Federation","RUS","RUS",7,"0","0","0","0","0","0","-","0"
1,"73Swby",1,381,2017,91,"Iran (Islamic Rep. of)","IRN","IRN",160,"Russian Federation","RUS","RUS",6,"0","0","0","0","0","0","-","0"
1,"73Swby",1,382,2018,91,"Iran (Islamic Rep. of)","IRN","IRN",160,"Russian Federation","RUS","RUS",5,"0","0","0","0","0","0","-","0"
1,"73Swby",1,383,2019,91,"Iran (Islamic Rep. of)","IRN","IRN",160,"Russian Federation","RUS","RUS",5,"0","0","0","0","0","0","-","0"
1,"73Swby",1,384,2020,91,"Iran (Islamic Rep. of)","IRN","IRN",160,"Russian Federation","RUS","RUS",5,5,"0","0","0","0","0","-","0"
1,"73Swby",1,385,2021,91,"Iran (Islamic Rep. of)","IRN","IRN",160,"Russian Federation","RUS","RUS",5,"0","0","0","0","0","0","-","0"
1,"73Swby",1,386,2022,91,"Iran (Islamic Rep. of)","IRN","IRN",160,"Russian Federation","RUS","RUS",5,"0","0","0","0","0","0","-","0"
1,"73Swby",1,387,2023,91,"Iran (Islamic Rep. of)","IRN","IRN",160,"Russian Federation","RUS","RUS",6,"0","0","0","0","0","0","-","0"
1,"73Swby",1,388,2024,91,"Iran (Islamic Rep. of)","IRN","IRN",160,"Russian Federation","RUS","RUS",8,"0","0","0","0","0","0","-","0"
1,"73Swby",1,389,2025,91,"Iran (Islamic Rep. of)","IRN","IRN",160,"Russian Federation","RUS","RUS",8,"0","0","0","0","0","0","-","0"
1,"73Swby",1,390,1994,92,"Iraq","IRQ","IRQ",160,"Russian Federation","RUS","RUS","0","0",28,"0","0","0","0","-","0"
1,"73Swby",1,391,2000,92,"Iraq","IRQ","IRQ",160,"Russian Federation","RUS","RUS","0",7,"0","0","0","0","0","-","0"
1,"73Swby",1,392,2001,92,"Iraq","IRQ","IRQ",160,"Russian Federation","RUS","RUS","0",17,"0","0","0","0","0","-","0"
1,"73Swby",1,393,2002,92,"Iraq","IRQ","IRQ",160,"Russian Federation","RUS","RUS","0",5,"0","0","0","0","0","-","0"
1,"73Swby",1,394,2003,92,"Iraq","IRQ","IRQ",160,"Russian Federation","RUS","RUS","0",5,"0","0","0","0","0","-","0"
1,"73Swby",1,395,2005,92,"Iraq","IRQ","IRQ",160,"Russian Federation","RUS","RUS",21,5,6,"0","0","0","0","-","0"
1,"73Swby",1,396,2006,92,"Iraq","IRQ","IRQ",160,"Russian Federation","RUS","RUS",14,5,7,"0","0","0","0","-","0"
1,"73Swby",1,397,2007,92,"Iraq","IRQ","IRQ",160,"Russian Federation","RUS","RUS",20,32,6,"0","0","0","0","-","0"
1,"73Swby",1,398,2008,92,"Iraq","IRQ","IRQ",160,"Russian Federation","RUS","RUS",100,22,"0","0","0","0","0","-","0"
1,"73Swby",1,399,2009,92,"Iraq","IRQ","IRQ",160,"Russian Federation","RUS","RUS",105,13,"0","0","0","0","0","-","0"
1,"73Swby",1,400,2010,92,"Iraq","IRQ","IRQ",160,"Russian Federation","RUS","RUS",82,6,"0","0","0","0","0","-","0"
1,"73Swby",1,401,2011,92,"Iraq","IRQ","IRQ",160,"Russian Federation","RUS","RUS",26,13,"0","0","0","0","0","-","0"
1,"73Swby",1,402,2012,92,"Iraq","IRQ","IRQ",160,"Russian Federation","RUS","RUS",19,6,5,"0","0","0","0","-","0"
1,"73Swby",1,403,2013,92,"Iraq","IRQ","IRQ",160,"Russian Federation","RUS","RUS",16,10,"0","0","0","0","0","-","0"
1,"73Swby",1,404,2014,92,"Iraq","IRQ","IRQ",160,"Russian Federation","RUS","RUS",13,10,19,"0","0","0","0","-","0"
1,"73Swby",1,405,2015,92,"Iraq","IRQ","IRQ",160,"Russian Federation","RUS","RUS",13,17,"0","0","0","0","0","-","0"
1,"73Swby",1,406,2016,92,"Iraq","IRQ","IRQ",160,"Russian Federation","RUS","RUS",23,32,"0","0","0","0","0","-","0"
1,"73Swby",1,407,2017,92,"Iraq","IRQ","IRQ",160,"Russian Federation","RUS","RUS",24,8,"0","0","0","0","0","-","0"
1,"73Swby",1,408,2018,92,"Iraq","IRQ","IRQ",160,"Russian Federation","RUS","RUS",17,5,"0","0","0","0","0","-","0"
1,"73Swby",1,409,2019,92,"Iraq","IRQ","IRQ",160,"Russian Federation","RUS","RUS",17,5,"0","0","0","0","0","-","0"
1,"73Swby",1,410,2020,92,"Iraq","IRQ","IRQ",160,"Russian Federation","RUS","RUS",16,"0","0","0","0","0","0","-","0"
1,"73Swby",1,411,2021,92,"Iraq","IRQ","IRQ",160,"Russian Federation","RUS","RUS",16,"0","0","0","0","0","0","-","0"
1,"73Swby",1,412,2022,92,"Iraq","IRQ","IRQ",160,"Russian Federation","RUS","RUS",14,"0","0","0","0","0","0","-","0"
1,"73Swby",1,413,2023,92,"Iraq","IRQ","IRQ",160,"Russian Federation","RUS","RUS",12,"0","0","0","0","0","0","-","0"
1,"73Swby",1,414,2024,92,"Iraq","IRQ","IRQ",160,"Russian Federation","RUS","RUS",12,5,"0","0","0","0","0","-","0"
1,"73Swby",1,415,2025,92,"Iraq","IRQ","IRQ",160,"Russian Federation","RUS","RUS",12,5,"0","0","0","0","0","-","0"
1,"73Swby",1,416,2007,93,"Israel","ISR","ISR",160,"Russian Federation","RUS","RUS",6,"0","0","0","0","0","0","-","0"
1,"73Swby",1,417,2021,93,"Israel","ISR","ISR",160,"Russian Federation","RUS","RUS",5,"0","0","0","0","0","0","-","0"
1,"73Swby",1,418,2022,93,"Israel","ISR","ISR",160,"Russian Federation","RUS","RUS",5,"0","0","0","0","0","0","-","0"
1,"73Swby",1,419,2023,93,"Israel","ISR","ISR",160,"Russian Federation","RUS","RUS",14,29,"0","0","0","0","0","-","0"
1,"73Swby",1,420,2024,93,"Israel","ISR","ISR",160,"Russian Federation","RUS","RUS",96,5,"0","0","0","0","0","-","0"
1,"73Swby",1,421,2025,93,"Israel","ISR","ISR",160,"Russian Federation","RUS","RUS",90,5,"0","0","0","0","0","-","0"
1,"73Swby",1,422,2024,94,"Italy","ITA","ITA",160,"Russian Federation","RUS","RUS",5,"0","0","0","0","0","0","-","0"
1,"73Swby",1,423,2025,94,"Italy","ITA","ITA",160,"Russian Federation","RUS","RUS",5,"0","0","0","0","0","0","-","0"
1,"73Swby",1,424,2000,96,"Jordan","JOR","JOR",160,"Russian Federation","RUS","RUS","0","0",34,"0","0","0","0","-","0"
1,"73Swby",1,425,2014,96,"Jordan","JOR","JOR",160,"Russian Federation","RUS","RUS",5,"0","0","0","0","0","0","-","0"
1,"73Swby",1,426,2015,96,"Jordan","JOR","JOR",160,"Russian Federation","RUS","RUS",5,"0","0","0","0","0","0","-","0"
1,"73Swby",1,427,1996,98,"Kazakhstan","KAZ","KAZ",160,"Russian Federation","RUS","RUS",39787,"0","0","0","0","0","0","-","0"
1,"73Swby",1,428,1997,98,"Kazakhstan","KAZ","KAZ",160,"Russian Federation","RUS","RUS",40173,"0","0","0","0","0","0","-","0"
1,"73Swby",1,429,1998,98,"Kazakhstan","KAZ","KAZ",160,"Russian Federation","RUS","RUS",19616,"0","0","0","0","0","0","-","0"
1,"73Swby",1,430,1999,98,"Kazakhstan","KAZ","KAZ",160,"Russian Federation","RUS","RUS",7668,"0","0","0","0","0","0","-","0"
1,"73Swby",1,431,2000,98,"Kazakhstan","KAZ","KAZ",160,"Russian Federation","RUS","RUS",747,30,"0","0","0","0","0","-","0"
1,"73Swby",1,432,2001,98,"Kazakhstan","KAZ","KAZ",160,"Russian Federation","RUS","RUS",472,5,"0","0","0","0","0","-","0"
1,"73Swby",1,433,2002,98,"Kazakhstan","KAZ","KAZ",160,"Russian Federation","RUS","RUS",365,7,"0","0","0","0","0","-","0"
1,"73Swby",1,434,2003,98,"Kazakhstan","KAZ","KAZ",160,"Russian Federation","RUS","RUS",328,6,"0","0","0","0","0","-","0"
1,"73Swby",1,435,2004,98,"Kazakhstan","KAZ","KAZ",160,"Russian Federation","RUS","RUS","0",8,"0","0","0","0","0","-","0"
1,"73Swby",1,436,2008,98,"Kazakhstan","KAZ","KAZ",160,"Russian Federation","RUS","RUS","0",5,"0","0","0","0","0","-","0"
1,"73Swby",1,437,2009,98,"Kazakhstan","KAZ","KAZ",160,"Russian Federation","RUS","RUS","0",5,"0","0","0","0","0","-","0"
1,"73Swby",1,438,2010,98,"Kazakhstan","KAZ","KAZ",160,"Russian Federation","RUS","RUS",5,5,"0","0","0","0","0","-","0"
1,"73Swby",1,439,2011,98,"Kazakhstan","KAZ","KAZ",160,"Russian Federation","RUS","RUS","0",16,"0","0","0","0","0","-","0"
1,"73Swby",1,440,2012,98,"Kazakhstan","KAZ","KAZ",160,"Russian Federation","RUS","RUS",5,11,"0","0","0","0","0","-","0"
1,"73Swby",1,441,2013,98,"Kazakhstan","KAZ","KAZ",160,"Russian Federation","RUS","RUS",5,"0","0","0","0","0","0","-","0"
1,"73Swby",1,442,2014,98,"Kazakhstan","KAZ","KAZ",160,"Russian Federation","RUS","RUS",5,"0","0","0","0","0","0","-","0"
1,"73Swby",1,443,2015,98,"Kazakhstan","KAZ","KAZ",160,"Russian Federation","RUS","RUS",5,5,"0","0","0","0","0","-","0"
1,"73Swby",1,444,2016,98,"Kazakhstan","KAZ","KAZ",160,"Russian Federation","RUS","RUS",5,5,"0","0","0","0","0","-","0"
1,"73Swby",1,445,2017,98,"Kazakhstan","KAZ","KAZ",160,"Russian Federation","RUS","RUS",5,6,"0","0","0","0","0","-","0"
1,"73Swby",1,446,2018,98,"Kazakhstan","KAZ","KAZ",160,"Russian Federation","RUS","RUS",10,7,"0","0","0","0","0","-","0"
1,"73Swby",1,447,2019,98,"Kazakhstan","KAZ","KAZ",160,"Russian Federation","RUS","RUS",12,13,"0","0","0","0","0","-","0"
1,"73Swby",1,448,2020,98,"Kazakhstan","KAZ","KAZ",160,"Russian Federation","RUS","RUS",12,10,"0","0","0","0","0","-","0"
1,"73Swby",1,449,2021,98,"Kazakhstan","KAZ","KAZ",160,"Russian Federation","RUS","RUS",31,5,"0","0","0","0","0","-","0"
1,"73Swby",1,450,2022,98,"Kazakhstan","KAZ","KAZ",160,"Russian Federation","RUS","RUS",41,7,"0","0","0","0","0","-","0"
1,"73Swby",1,451,2023,98,"Kazakhstan","KAZ","KAZ",160,"Russian Federation","RUS","RUS",81,13,"0","0","0","0","0","-","0"
1,"73Swby",1,452,2024,98,"Kazakhstan","KAZ","KAZ",160,"Russian Federation","RUS","RUS",114,17,"0","0","0","0","0","-","0"
1,"73Swby",1,453,2025,98,"Kazakhstan","KAZ","KAZ",160,"Russian Federation","RUS","RUS",133,5,"0","0","0","0","0","-","0"
1,"73Swby",1,454,1996,100,"Kyrgyzstan","KGZ","KGZ",160,"Russian Federation","RUS","RUS",17081,"0","0","0","0","0","0","-","0"
1,"73Swby",1,455,1997,100,"Kyrgyzstan","KGZ","KGZ",160,"Russian Federation","RUS","RUS",16255,"0","0","0","0","0","0","-","0"
1,"73Swby",1,456,1998,100,"Kyrgyzstan","KGZ","KGZ",160,"Russian Federation","RUS","RUS",7363,"0","0","0","0","0","0","-","0"
1,"73Swby",1,457,1999,100,"Kyrgyzstan","KGZ","KGZ",160,"Russian Federation","RUS","RUS",3749,"0","0","0","0","0","0","-","0"
1,"73Swby",1,458,2000,100,"Kyrgyzstan","KGZ","KGZ",160,"Russian Federation","RUS","RUS",321,"0","0","0","0","0","0","-","0"
1,"73Swby",1,459,2001,100,"Kyrgyzstan","KGZ","KGZ",160,"Russian Federation","RUS","RUS",84,5,"0","0","0","0","0","-","0"
1,"73Swby",1,460,2002,100,"Kyrgyzstan","KGZ","KGZ",160,"Russian Federation","RUS","RUS",70,"0","0","0","0","0","0","-","0"
1,"73Swby",1,461,2003,100,"Kyrgyzstan","KGZ","KGZ",160,"Russian Federation","RUS","RUS",64,"0","0","0","0","0","0","-","0"
1,"73Swby",1,462,2007,100,"Kyrgyzstan","KGZ","KGZ",160,"Russian Federation","RUS","RUS","0",5,"0","0","0","0","0","-","0"
1,"73Swby",1,463,2008,100,"Kyrgyzstan","KGZ","KGZ",160,"Russian Federation","RUS","RUS",5,"0","0","0","0","0","0","-","0"
1,"73Swby",1,464,2010,100,"Kyrgyzstan","KGZ","KGZ",160,"Russian Federation","RUS","RUS",8,96,"0","0","0","0","0","-","0"
1,"73Swby",1,465,2011,100,"Kyrgyzstan","KGZ","KGZ",160,"Russian Federation","RUS","RUS",22,40,"0","0","0","0","0","-","0"
1,"73Swby",1,466,2012,100,"Kyrgyzstan","KGZ","KGZ",160,"Russian Federation","RUS","RUS",42,23,"0","0","0","0","0","-","0"
1,"73Swby",1,467,2013,100,"Kyrgyzstan","KGZ","KGZ",160,"Russian Federation","RUS","RUS",35,10,"0","0","0","0","0","-","0"
1,"73Swby",1,468,2014,100,"Kyrgyzstan","KGZ","KGZ",160,"Russian Federation","RUS","RUS",38,15,"0","0","0","0","0","-","0"
1,"73Swby",1,469,2015,100,"Kyrgyzstan","KGZ","KGZ",160,"Russian Federation","RUS","RUS",51,15,"0","0","0","0","0","-","0"
1,"73Swby",1,470,2016,100,"Kyrgyzstan","KGZ","KGZ",160,"Russian Federation","RUS","RUS",23,10,"0","0","0","0","0","-","0"
1,"73Swby",1,471,2017,100,"Kyrgyzstan","KGZ","KGZ",160,"Russian Federation","RUS","RUS",25,10,"0","0","0","0","0","-","0"
1,"73Swby",1,472,2018,100,"Kyrgyzstan","KGZ","KGZ",160,"Russian Federation","RUS","RUS",20,7,"0","0","0","0","0","-","0"
1,"73Swby",1,473,2019,100,"Kyrgyzstan","KGZ","KGZ",160,"Russian Federation","RUS","RUS",32,14,"0","0","0","0","0","-","0"
1,"73Swby",1,474,2020,100,"Kyrgyzstan","KGZ","KGZ",160,"Russian Federation","RUS","RUS",29,5,"0","0","0","0","0","-","0"
1,"73Swby",1,475,2021,100,"Kyrgyzstan","KGZ","KGZ",160,"Russian Federation","RUS","RUS",35,5,"0","0","0","0","0","-","0"
1,"73Swby",1,476,2022,100,"Kyrgyzstan","KGZ","KGZ",160,"Russian Federation","RUS","RUS",33,5,"0","0","0","0","0","-","0"
1,"73Swby",1,477,2023,100,"Kyrgyzstan","KGZ","KGZ",160,"Russian Federation","RUS","RUS",27,5,"0","0","0","0","0","-","0"
1,"73Swby",1,478,2024,100,"Kyrgyzstan","KGZ","KGZ",160,"Russian Federation","RUS","RUS",38,7,"0","0","0","0","0","-","0"
1,"73Swby",1,479,2025,100,"Kyrgyzstan","KGZ","KGZ",160,"Russian Federation","RUS","RUS",45,"0","0","0","0","0","0","-","0"
1,"73Swby",1,480,2019,102,"Rep. of Korea","KOR","KOR",160,"Russian Federation","RUS","RUS",5,"0","0","0","0","0","0","-","0"
1,"73Swby",1,481,2020,102,"Rep. of Korea","KOR","KOR",160,"Russian Federation","RUS","RUS",5,"0","0","0","0","0","0","-","0"
1,"73Swby",1,482,2021,102,"Rep. of Korea","KOR","KOR",160,"Russian Federation","RUS","RUS",5,"0","0","0","0","0","0","-","0"
1,"73Swby",1,483,2022,102,"Rep. of Korea","KOR","KOR",160,"Russian Federation","RUS","RUS",5,"0","0","0","0","0","0","-","0"
1,"73Swby",1,484,2007,103,"Dem. People's Rep. of Korea","KRN","PRK",160,"Russian Federation","RUS","RUS","0",11,"0","0","0","0","0","-","0"
1,"73Swby",1,485,2008,103,"Dem. People's Rep. of Korea","KRN","PRK",160,"Russian Federation","RUS","RUS",6,9,"0","0","0","0","0","-","0"
1,"73Swby",1,486,2009,103,"Dem. People's Rep. of Korea","KRN","PRK",160,"Russian Federation","RUS","RUS",10,21,"0","0","0","0","0","-","0"
1,"73Swby",1,487,2010,103,"Dem. People's Rep. of Korea","KRN","PRK",160,"Russian Federation","RUS","RUS",14,16,"0","0","0","0","0","-","0"
1,"73Swby",1,488,2011,103,"Dem. People's Rep. of Korea","KRN","PRK",160,"Russian Federation","RUS","RUS",18,35,"0","0","0","0","0","-","0"
1,"73Swby",1,489,2012,103,"Dem. People's Rep. of Korea","KRN","PRK",160,"Russian Federation","RUS","RUS",44,29,"0","0","0","0","0","-","0"
1,"73Swby",1,490,2013,103,"Dem. People's Rep. of Korea","KRN","PRK",160,"Russian Federation","RUS","RUS",74,6,"0","0","0","0","0","-","0"
1,"73Swby",1,491,2014,103,"Dem. People's Rep. of Korea","KRN","PRK",160,"Russian Federation","RUS","RUS",56,5,"0","0","0","0","0","-","0"
1,"73Swby",1,492,2015,103,"Dem. People's Rep. of Korea","KRN","PRK",160,"Russian Federation","RUS","RUS",72,15,"0","0","0","0","0","-","0"
1,"73Swby",1,493,2016,103,"Dem. People's Rep. of Korea","KRN","PRK",160,"Russian Federation","RUS","RUS",79,11,"0","0","0","0","0","-","0"
1,"73Swby",1,494,2017,103,"Dem. People's Rep. of Korea","KRN","PRK",160,"Russian Federation","RUS","RUS",77,10,"0","0","0","0","0","-","0"
1,"73Swby",1,495,2018,103,"Dem. People's Rep. of Korea","KRN","PRK",160,"Russian Federation","RUS","RUS",57,14,"0","0","0","0","0","-","0"
1,"73Swby",1,496,2019,103,"Dem. People's Rep. of Korea","KRN","PRK",160,"Russian Federation","RUS","RUS",50,7,"0","0","0","0","0","-","0"
1,"73Swby",1,497,2020,103,"Dem. People's Rep. of Korea","KRN","PRK",160,"Russian Federation","RUS","RUS",53,5,"0","0","0","0","0","-","0"
1,"73Swby",1,498,2021,103,"Dem. People's Rep. of Korea","KRN","PRK",160,"Russian Federation","RUS","RUS",43,5,"0","0","0","0","0","-","0"
1,"73Swby",1,499,2022,103,"Dem. People's Rep. of Korea","KRN","PRK",160,"Russian Federation","RUS","RUS",37,"0","0","0","0","0","0","-","0"
1,"73Swby",1,500,2023,103,"Dem. People's Rep. of Korea","KRN","PRK",160,"Russian Federation","RUS","RUS",28,"0","0","0","0","0","0","-","0"
1,"73Swby",1,501,2008,106,"Liberia","LBR","LBR",160,"Russian Federation","RUS","RUS",5,"0","0","0","0","0","0","-","0"
1,"73Swby",1,502,2009,106,"Liberia","LBR","LBR",160,"Russian Federation","RUS","RUS",6,"0","0","0","0","0","0","-","0"
1,"73Swby",1,503,2010,106,"Liberia","LBR","LBR",160,"Russian Federation","RUS","RUS",5,"0","0","0","0","0","0","-","0"
1,"73Swby",1,504,2011,106,"Liberia","LBR","LBR",160,"Russian Federation","RUS","RUS",5,"0","0","0","0","0","0","-","0"
1,"73Swby",1,505,2016,107,"Libya","LBY","LBY",160,"Russian Federation","RUS","RUS",5,"0","0","0","0","0","0","-","0"
1,"73Swby",1,506,2021,107,"Libya","LBY","LBY",160,"Russian Federation","RUS","RUS",7,"0","0","0","0","0","0","-","0"
1,"73Swby",1,507,2022,107,"Libya","LBY","LBY",160,"Russian Federation","RUS","RUS",5,"0","0","0","0","0","0","-","0"
1,"73Swby",1,508,2023,107,"Libya","LBY","LBY",160,"Russian Federation","RUS","RUS",6,"0","0","0","0","0","0","-","0"
1,"73Swby",1,509,2024,107,"Libya","LBY","LBY",160,"Russian Federation","RUS","RUS",5,"0","0","0","0","0","0","-","0"
1,"73Swby",1,510,2025,107,"Libya","LBY","LBY",160,"Russian Federation","RUS","RUS",8,"0","0","0","0","0","0","-","0"
1,"73Swby",1,511,2005,109,"Lebanon","LEB","LBN",160,"Russian Federation","RUS","RUS",5,"0","0","0","0","0","0","-","0"
1,"73Swby",1,512,2006,109,"Lebanon","LEB","LBN",160,"Russian Federation","RUS","RUS",5,"0","0","0","0","0","0","-","0"
1,"73Swby",1,513,2008,109,"Lebanon","LEB","LBN",160,"Russian Federation","RUS","RUS",9,"0","0","0","0","0","0","-","0"
1,"73Swby",1,514,2009,109,"Lebanon","LEB","LBN",160,"Russian Federation","RUS","RUS",6,"0","0","0","0","0","0","-","0"
1,"73Swby",1,515,2010,109,"Lebanon","LEB","LBN",160,"Russian Federation","RUS","RUS",5,"0","0","0","0","0","0","-","0"
1,"73Swby",1,516,2011,109,"Lebanon","LEB","LBN",160,"Russian Federation","RUS","RUS",5,5,"0","0","0","0","0","-","0"
1,"73Swby",1,517,2012,109,"Lebanon","LEB","LBN",160,"Russian Federation","RUS","RUS",7,"0","0","0","0","0","0","-","0"
1,"73Swby",1,518,2013,109,"Lebanon","LEB","LBN",160,"Russian Federation","RUS","RUS",7,9,"0","0","0","0","0","-","0"
1,"73Swby",1,519,2014,109,"Lebanon","LEB","LBN",160,"Russian Federation","RUS","RUS",8,5,"0","0","0","0","0","-","0"
1,"73Swby",1,520,2015,109,"Lebanon","LEB","LBN",160,"Russian Federation","RUS","RUS",8,"0","0","0","0","0","0","-","0"
1,"73Swby",1,521,2016,109,"Lebanon","LEB","LBN",160,"Russian Federation","RUS","RUS",7,"0","0","0","0","0","0","-","0"
1,"73Swby",1,522,2017,109,"Lebanon","LEB","LBN",160,"Russian Federation","RUS","RUS",6,"0","0","0","0","0","0","-","0"
1,"73Swby",1,523,2018,109,"Lebanon","LEB","LBN",160,"Russian Federation","RUS","RUS",6,"0","0","0","0","0","0","-","0"
1,"73Swby",1,524,2019,109,"Lebanon","LEB","LBN",160,"Russian Federation","RUS","RUS",6,"0","0","0","0","0","0","-","0"
1,"73Swby",1,525,2020,109,"Lebanon","LEB","LBN",160,"Russian Federation","RUS","RUS",6,"0","0","0","0","0","0","-","0"
1,"73Swby",1,526,2021,109,"Lebanon","LEB","LBN",160,"Russian Federation","RUS","RUS",5,"0","0","0","0","0","0","-","0"
1,"73Swby",1,527,2022,109,"Lebanon","LEB","LBN",160,"Russian Federation","RUS","RUS",5,"0","0","0","0","0","0","-","0"
1,"73Swby",1,528,2023,109,"Lebanon","LEB","LBN",160,"Russian Federation","RUS","RUS",5,"0","0","0","0","0","0","-","0"
1,"73Swby",1,529,2024,109,"Lebanon","LEB","LBN",160,"Russian Federation","RUS","RUS","0",5,"0","0","0","0","0","-","0"
1,"73Swby",1,530,2025,109,"Lebanon","LEB","LBN",160,"Russian Federation","RUS","RUS",5,"0","0","0","0","0","0","-","0"
1,"73Swby",1,531,2008,112,"Sri Lanka","LKA","LKA",160,"Russian Federation","RUS","RUS","0",5,"0","0","0","0","0","-","0"
1,"73Swby",1,532,2010,112,"Sri Lanka","LKA","LKA",160,"Russian Federation","RUS","RUS",5,"0","0","0","0","0","0","-","0"
1,"73Swby",1,533,1996,113,"Lithuania","LTU","LTU",160,"Russian Federation","RUS","RUS",337,"0","0","0","0","0","0","-","0"
1,"73Swby",1,534,1997,113,"Lithuania","LTU","LTU",160,"Russian Federation","RUS","RUS",316,"0","0","0","0","0","0","-","0"
1,"73Swby",1,535,1998,113,"Lithuania","LTU","LTU",160,"Russian Federation","RUS","RUS",154,"0","0","0","0","0","0","-","0"
1,"73Swby",1,536,1999,113,"Lithuania","LTU","LTU",160,"Russian Federation","RUS","RUS",110,"0","0","0","0","0","0","-","0"
1,"73Swby",1,537,2000,113,"Lithuania","LTU","LTU",160,"Russian Federation","RUS","RUS",41,"0","0","0","0","0","0","-","0"
1,"73Swby",1,538,2001,113,"Lithuania","LTU","LTU",160,"Russian Federation","RUS","RUS",12,"0","0","0","0","0","0","-","0"
1,"73Swby",1,539,2002,113,"Lithuania","LTU","LTU",160,"Russian Federation","RUS","RUS",9,"0","0","0","0","0","0","-","0"
1,"73Swby",1,540,2003,113,"Lithuania","LTU","LTU",160,"Russian Federation","RUS","RUS",8,"0","0","0","0","0","0","-","0"
1,"73Swby",1,541,2016,113,"Lithuania","LTU","LTU",160,"Russian Federation","RUS","RUS",5,"0","0","0","0","0","0","-","0"
1,"73Swby",1,542,2017,113,"Lithuania","LTU","LTU",160,"Russian Federation","RUS","RUS",5,"0","0","0","0","0","0","-","0"
1,"73Swby",1,543,2018,113,"Lithuania","LTU","LTU",160,"Russian Federation","RUS","RUS",5,"0","0","0","0","0","0","-","0"
1,"73Swby",1,544,2021,113,"Lithuania","LTU","LTU",160,"Russian Federation","RUS","RUS",5,"0","0","0","0","0","0","-","0"
1,"73Swby",1,545,2022,113,"Lithuania","LTU","LTU",160,"Russian Federation","RUS","RUS",8,"0","0","0","0","0","0","-","0"
1,"73Swby",1,546,2023,113,"Lithuania","LTU","LTU",160,"Russian Federation","RUS","RUS",25,"0","0","0","0","0","0","-","0"
1,"73Swby",1,547,2024,113,"Lithuania","LTU","LTU",160,"Russian Federation","RUS","RUS",50,5,"0","0","0","0","0","-","0"
1,"73Swby",1,548,2025,113,"Lithuania","LTU","LTU",160,"Russian Federation","RUS","RUS",51,"0","0","0","0","0","0","-","0"
1,"73Swby",1,549,1996,115,"Latvia","LVA","LVA",160,"Russian Federation","RUS","RUS",1651,"0","0","0","0","0","0","-","0"
1,"73Swby",1,550,1997,115,"Latvia","LVA","LVA",160,"Russian Federation","RUS","RUS",1568,"0","0","0","0","0","0","-","0"
1,"73Swby",1,551,1998,115,"Latvia","LVA","LVA",160,"Russian Federation","RUS","RUS",754,"0","0","0","0","0","0","-","0"
1,"73Swby",1,552,1999,115,"Latvia","LVA","LVA",160,"Russian Federation","RUS","RUS",514,"0","0","0","0","0","0","-","0"
1,"73Swby",1,553,2000,115,"Latvia","LVA","LVA",160,"Russian Federation","RUS","RUS",39,"0","0","0","0","0","0","-","0"
1,"73Swby",1,554,2001,115,"Latvia","LVA","LVA",160,"Russian Federation","RUS","RUS",23,"0","0","0","0","0","0","-","0"
1,"73Swby",1,555,2002,115,"Latvia","LVA","LVA",160,"Russian Federation","RUS","RUS",20,"0","0","0","0","0","0","-","0"
1,"73Swby",1,556,2003,115,"Latvia","LVA","LVA",160,"Russian Federation","RUS","RUS",20,"0","0","0","0","0","0","-","0"
1,"73Swby",1,557,2015,115,"Latvia","LVA","LVA",160,"Russian Federation","RUS","RUS",6,"0","0","0","0","0","0","-","0"
1,"73Swby",1,558,2016,115,"Latvia","LVA","LVA",160,"Russian Federation","RUS","RUS",6,"0","0","0","0","0","0","-","0"
1,"73Swby",1,559,2017,115,"Latvia","LVA","LVA",160,"Russian Federation","RUS","RUS",5,"0","0","0","0","0","0","-","0"
1,"73Swby",1,560,2018,115,"Latvia","LVA","LVA",160,"Russian Federation","RUS","RUS",5,"0","0","0","0","0","0","-","0"
1,"73Swby",1,561,2019,115,"Latvia","LVA","LVA",160,"Russian Federation","RUS","RUS",5,"0","0","0","0","0","0","-","0"
1,"73Swby",1,562,2020,115,"Latvia","LVA","LVA",160,"Russian Federation","RUS","RUS",7,"0","0","0","0","0","0","-","0"
1,"73Swby",1,563,2021,115,"Latvia","LVA","LVA",160,"Russian Federation","RUS","RUS",9,"0","0","0","0","0","0","-","0"
1,"73Swby",1,564,2022,115,"Latvia","LVA","LVA",160,"Russian Federation","RUS","RUS",15,"0","0","0","0","0","0","-","0"
1,"73Swby",1,565,2023,115,"Latvia","LVA","LVA",160,"Russian Federation","RUS","RUS",58,"0","0","0","0","0","0","-","0"
1,"73Swby",1,566,2024,115,"Latvia","LVA","LVA",160,"Russian Federation","RUS","RUS",77,5,"0","0","0","0","0","-","0"
1,"73Swby",1,567,2025,115,"Latvia","LVA","LVA",160,"Russian Federation","RUS","RUS",79,"0","0","0","0","0","0","-","0"
1,"73Swby",1,568,1996,122,"Rep. of Moldova","MDA","MDA",160,"Russian Federation","RUS","RUS",5132,"0","0","0","0","0","0","-","0"
1,"73Swby",1,569,1997,122,"Rep. of Moldova","MDA","MDA",160,"Russian Federation","RUS","RUS",4476,"0","0","0","0","0","0","-","0"
1,"73Swby",1,570,1998,122,"Rep. of Moldova","MDA","MDA",160,"Russian Federation","RUS","RUS",2163,"0","0","0","0","0","0","-","0"
1,"73Swby",1,571,1999,122,"Rep. of Moldova","MDA","MDA",160,"Russian Federation","RUS","RUS",979,"0","0","0","0","0","0","-","0"
1,"73Swby",1,572,2000,122,"Rep. of Moldova","MDA","MDA",160,"Russian Federation","RUS","RUS",151,"0","0","0","0","0","0","-","0"
1,"73Swby",1,573,2001,122,"Rep. of Moldova","MDA","MDA",160,"Russian Federation","RUS","RUS",69,5,"0","0","0","0","0","-","0"
1,"73Swby",1,574,2002,122,"Rep. of Moldova","MDA","MDA",160,"Russian Federation","RUS","RUS",69,8,"0","0","0","0","0","-","0"
1,"73Swby",1,575,2003,122,"Rep. of Moldova","MDA","MDA",160,"Russian Federation","RUS","RUS",62,"0","0","0","0","0","0","-","0"
1,"73Swby",1,576,2007,122,"Rep. of Moldova","MDA","MDA",160,"Russian Federation","RUS","RUS","0",7,"0","0","0","0","0","-","0"
1,"73Swby",1,577,2009,122,"Rep. of Moldova","MDA","MDA",160,"Russian Federation","RUS","RUS",5,"0","0","0","0","0","0","-","0"
1,"73Swby",1,578,2010,122,"Rep. of Moldova","MDA","MDA",160,"Russian Federation","RUS","RUS",5,"0","0","0","0","0","0","-","0"
1,"73Swby",1,579,2011,122,"Rep. of Moldova","MDA","MDA",160,"Russian Federation","RUS","RUS","0",5,"0","0","0","0","0","-","0"
1,"73Swby",1,580,2012,122,"Rep. of Moldova","MDA","MDA",160,"Russian Federation","RUS","RUS",9,"0","0","0","0","0","0","-","0"
1,"73Swby",1,581,2013,122,"Rep. of Moldova","MDA","MDA",160,"Russian Federation","RUS","RUS",8,"0","0","0","0","0","0","-","0"
1,"73Swby",1,582,2014,122,"Rep. of Moldova","MDA","MDA",160,"Russian Federation","RUS","RUS",11,11,"0","0","0","0","0","-","0"
1,"73Swby",1,583,2015,122,"Rep. of Moldova","MDA","MDA",160,"Russian Federation","RUS","RUS",24,11,"0","0","0","0","0","-","0"
1,"73Swby",1,584,2016,122,"Rep. of Moldova","MDA","MDA",160,"Russian Federation","RUS","RUS",16,9,"0","0","0","0","0","-","0"
1,"73Swby",1,585,2017,122,"Rep. of Moldova","MDA","MDA",160,"Russian Federation","RUS","RUS",21,7,"0","0","0","0","0","-","0"
1,"73Swby",1,586,2018,122,"Rep. of Moldova","MDA","MDA",160,"Russian Federation","RUS","RUS",30,9,"0","0","0","0","0","-","0"
1,"73Swby",1,587,2019,122,"Rep. of Moldova","MDA","MDA",160,"Russian Federation","RUS","RUS",30,8,"0","0","0","0","0","-","0"
1,"73Swby",1,588,2020,122,"Rep. of Moldova","MDA","MDA",160,"Russian Federation","RUS","RUS",29,5,"0","0","0","0","0","-","0"
1,"73Swby",1,589,2021,122,"Rep. of Moldova","MDA","MDA",160,"Russian Federation","RUS","RUS",22,"0","0","0","0","0","0","-","0"
1,"73Swby",1,590,2022,122,"Rep. of Moldova","MDA","MDA",160,"Russian Federation","RUS","RUS",27,7,"0","0","0","0","0","-","0"
1,"73Swby",1,591,2023,122,"Rep. of Moldova","MDA","MDA",160,"Russian Federation","RUS","RUS",57,8,"0","0","0","0","0","-","0"
1,"73Swby",1,592,2024,122,"Rep. of Moldova","MDA","MDA",160,"Russian Federation","RUS","RUS",76,15,"0","0","0","0","0","-","0"
1,"73Swby",1,593,2025,122,"Rep. of Moldova","MDA","MDA",160,"Russian Federation","RUS","RUS",85,10,"0","0","0","0","0","-","0"
1,"73Swby",1,594,2023,133,"Montenegro","MNE","MNE",160,"Russian Federation","RUS","RUS",5,"0","0","0","0","0","0","-","0"
1,"73Swby",1,595,2024,133,"Montenegro","MNE","MNE",160,"Russian Federation","RUS","RUS",5,"0","0","0","0","0","0","-","0"
1,"73Swby",1,596,2025,137,"Nepal","NEP","NPL",160,"Russian Federation","RUS","RUS","0",5,"0","0","0","0","0","-","0"
1,"73Swby",1,597,2024,138,"Netherlands (Kingdom of the)","NET","NLD",160,"Russian Federation","RUS","RUS",5,"0","0","0","0","0","0","-","0"
1,"73Swby",1,598,2025,138,"Netherlands (Kingdom of the)","NET","NLD",160,"Russian Federation","RUS","RUS",5,"0","0","0","0","0","0","-","0"
1,"73Swby",1,599,2006,141,"Nigeria","NIG","NGA",160,"Russian Federation","RUS","RUS","0",5,"0","0","0","0","0","-","0"
1,"73Swby",1,600,2011,141,"Nigeria","NIG","NGA",160,"Russian Federation","RUS","RUS","0",5,"0","0","0","0","0","-","0"
1,"73Swby",1,601,2015,141,"Nigeria","NIG","NGA",160,"Russian Federation","RUS","RUS",5,"0","0","0","0","0","0","-","0"
1,"73Swby",1,602,2016,141,"Nigeria","NIG","NGA",160,"Russian Federation","RUS","RUS",5,"0","0","0","0","0","0","-","0"
1,"73Swby",1,603,2017,141,"Nigeria","NIG","NGA",160,"Russian Federation","RUS","RUS",5,"0","0","0","0","0","0","-","0"
1,"73Swby",1,604,2018,141,"Nigeria","NIG","NGA",160,"Russian Federation","RUS","RUS","0",5,"0","0","0","0","0","-","0"
1,"73Swby",1,605,2019,141,"Nigeria","NIG","NGA",160,"Russian Federation","RUS","RUS","0",5,"0","0","0","0","0","-","0"
1,"73Swby",1,606,2020,141,"Nigeria","NIG","NGA",160,"Russian Federation","RUS","RUS","0",5,"0","0","0","0","0","-","0"
1,"73Swby",1,607,2021,141,"Nigeria","NIG","NGA",160,"Russian Federation","RUS","RUS","0",5,"0","0","0","0","0","-","0"
1,"73Swby",1,608,2022,141,"Nigeria","NIG","NGA",160,"Russian Federation","RUS","RUS","0",5,"0","0","0","0","0","-","0"
1,"73Swby",1,609,2023,141,"Nigeria","NIG","NGA",160,"Russian Federation","RUS","RUS","0",6,"0","0","0","0","0","-","0"
1,"73Swby",1,610,2024,141,"Nigeria","NIG","NGA",160,"Russian Federation","RUS","RUS","0",5,"0","0","0","0","0","-","0"
1,"73Swby",1,611,2023,145,"New Zealand","NZL","NZL",160,"Russian Federation","RUS","RUS",5,"0","0","0","0","0","0","-","0"
1,"73Swby",1,612,2024,145,"New Zealand","NZL","NZL",160,"Russian Federation","RUS","RUS",5,"0","0","0","0","0","0","-","0"
1,"73Swby",1,613,2025,145,"New Zealand","NZL","NZL",160,"Russian Federation","RUS","RUS",5,"0","0","0","0","0","0","-","0"
1,"73Swby",1,614,2006,147,"Pakistan","PAK","PAK",160,"Russian Federation","RUS","RUS",5,"0","0","0","0","0","0","-","0"
1,"73Swby",1,615,2007,147,"Pakistan","PAK","PAK",160,"Russian Federation","RUS","RUS",5,"0","0","0","0","0","0","-","0"
1,"73Swby",1,616,2008,147,"Pakistan","PAK","PAK",160,"Russian Federation","RUS","RUS",9,5,"0","0","0","0","0","-","0"
1,"73Swby",1,617,2009,147,"Pakistan","PAK","PAK",160,"Russian Federation","RUS","RUS",5,6,5,"0","0","0","0","-","0"
1,"73Swby",1,618,2010,147,"Pakistan","PAK","PAK",160,"Russian Federation","RUS","RUS",5,"0","0","0","0","0","0","-","0"
1,"73Swby",1,619,2012,147,"Pakistan","PAK","PAK",160,"Russian Federation","RUS","RUS","0",5,"0","0","0","0","0","-","0"
1,"73Swby",1,620,2013,147,"Pakistan","PAK","PAK",160,"Russian Federation","RUS","RUS",5,5,"0","0","0","0","0","-","0"
1,"73Swby",1,621,2015,147,"Pakistan","PAK","PAK",160,"Russian Federation","RUS","RUS",5,10,"0","0","0","0","0","-","0"
1,"73Swby",1,622,2016,147,"Pakistan","PAK","PAK",160,"Russian Federation","RUS","RUS",5,5,"0","0","0","0","0","-","0"
1,"73Swby",1,623,2017,147,"Pakistan","PAK","PAK",160,"Russian Federation","RUS","RUS",5,5,"0","0","0","0","0","-","0"
1,"73Swby",1,624,2018,147,"Pakistan","PAK","PAK",160,"Russian Federation","RUS","RUS",5,"0","0","0","0","0","0","-","0"
1,"73Swby",1,625,2019,147,"Pakistan","PAK","PAK",160,"Russian Federation","RUS","RUS",5,"0","0","0","0","0","0","-","0"
1,"73Swby",1,626,2020,147,"Pakistan","PAK","PAK",160,"Russian Federation","RUS","RUS",5,"0","0","0","0","0","0","-","0"
1,"73Swby",1,627,2021,147,"Pakistan","PAK","PAK",160,"Russian Federation","RUS","RUS",6,"0","0","0","0","0","0","-","0"
1,"73Swby",1,628,2022,147,"Pakistan","PAK","PAK",160,"Russian Federation","RUS","RUS",5,"0","0","0","0","0","0","-","0"
1,"73Swby",1,629,2023,147,"Pakistan","PAK","PAK",160,"Russian Federation","RUS","RUS",5,"0","0","0","0","0","0","-","0"
1,"73Swby",1,630,2024,147,"Pakistan","PAK","PAK",160,"Russian Federation","RUS","RUS",5,7,"0","0","0","0","0","-","0"
1,"73Swby",1,631,2025,147,"Pakistan","PAK","PAK",160,"Russian Federation","RUS","RUS",5,10,"0","0","0","0","0","-","0"
1,"73Swby",1,632,2000,148,"Panama","PAN","PAN",160,"Russian Federation","RUS","RUS","0","0",5,"0","0","0","0","-","0"
1,"73Swby",1,633,2020,151,"Philippines","PHI","PHL",160,"Russian Federation","RUS","RUS",5,"0","0","0","0","0","0","-","0"
1,"73Swby",1,634,2021,151,"Philippines","PHI","PHL",160,"Russian Federation","RUS","RUS",5,"0","0","0","0","0","0","-","0"
1,"73Swby",1,635,2022,151,"Philippines","PHI","PHL",160,"Russian Federation","RUS","RUS",5,"0","0","0","0","0","0","-","0"
1,"73Swby",1,636,2023,151,"Philippines","PHI","PHL",160,"Russian Federation","RUS","RUS",5,"0","0","0","0","0","0","-","0"
1,"73Swby",1,637,2024,151,"Philippines","PHI","PHL",160,"Russian Federation","RUS","RUS",9,"0","0","0","0","0","0","-","0"
1,"73Swby",1,638,2025,151,"Philippines","PHI","PHL",160,"Russian Federation","RUS","RUS",10,"0","0","0","0","0","0","-","0"
1,"73Swby",1,639,2022,154,"Poland","POL","POL",160,"Russian Federation","RUS","RUS",5,"0","0","0","0","0","0","-","0"
1,"73Swby",1,640,2023,154,"Poland","POL","POL",160,"Russian Federation","RUS","RUS",7,"0","0","0","0","0","0","-","0"
1,"73Swby",1,641,2024,154,"Poland","POL","POL",160,"Russian Federation","RUS","RUS",12,"0","0","0","0","0","0","-","0"
1,"73Swby",1,642,2025,154,"Poland","POL","POL",160,"Russian Federation","RUS","RUS",9,"0","0","0","0","0","0","-","0"
1,"73Swby",1,643,1994,160,"Russian Federation","RUS","RUS",160,"Russian Federation","RUS","RUS","0","0","0",90800,"0","0","0","-","0"
1,"73Swby",1,644,1995,160,"Russian Federation","RUS","RUS",160,"Russian Federation","RUS","RUS","0","0","0",128000,"0","0","0","-","0"
1,"73Swby",1,645,1996,160,"Russian Federation","RUS","RUS",160,"Russian Federation","RUS","RUS","0","0","0",161312,"0","0","0","-","0"
1,"73Swby",1,646,1997,160,"Russian Federation","RUS","RUS",160,"Russian Federation","RUS","RUS","0","0","0",337000,"0","0",957000,"-","0"
1,"73Swby",1,647,1998,160,"Russian Federation","RUS","RUS",160,"Russian Federation","RUS","RUS","0","0","0",171871,"0","0",806383,"-","0"
1,"73Swby",1,648,1999,160,"Russian Federation","RUS","RUS",160,"Russian Federation","RUS","RUS","0","0","0",498354,29503,"0",724162,"-","0"
1,"73Swby",1,649,2000,160,"Russian Federation","RUS","RUS",160,"Russian Federation","RUS","RUS","0","0","0",490650,70000,"0",641558,"-","0"
1,"73Swby",1,650,2001,160,"Russian Federation","RUS","RUS",160,"Russian Federation","RUS","RUS","0","0","0",443288,47362,"0",513272,"-","0"
1,"73Swby",1,651,2002,160,"Russian Federation","RUS","RUS",160,"Russian Federation","RUS","RUS","0","0","0",371195,59404,"0",409609,"-","0"
1,"73Swby",1,652,2003,160,"Russian Federation","RUS","RUS",160,"Russian Federation","RUS","RUS","0","0","0",368220,19666,"0",290689,"-","0"
1,"73Swby",1,653,2004,160,"Russian Federation","RUS","RUS",160,"Russian Federation","RUS","RUS","0","0","0",334796,19019,"0",192584,"-","0"
1,"73Swby",1,654,2005,160,"Russian Federation","RUS","RUS",160,"Russian Federation","RUS","RUS","0","0","0",170544,1677,"0",131878,"-","0"
1,"73Swby",1,655,2006,160,"Russian Federation","RUS","RUS",160,"Russian Federation","RUS","RUS","0","0","0",158905,2017,"0",131878,"-","0"
1,"73Swby",1,656,2007,160,"Russian Federation","RUS","RUS",160,"Russian Federation","RUS","RUS","0","0","0",189274,1141,"0","0","-","0"
1,"73Swby",1,657,2008,160,"Russian Federation","RUS","RUS",160,"Russian Federation","RUS","RUS","0","0","0",91505,1096,"0","0","-","0"
1,"73Swby",1,658,2009,160,"Russian Federation","RUS","RUS",160,"Russian Federation","RUS","RUS","0","0","0",79950,878,"0","0","-","0"
1,"73Swby",1,659,2010,160,"Russian Federation","RUS","RUS",160,"Russian Federation","RUS","RUS","0","0","0",75371,758,"0","0","-","0"
1,"73Swby",1,660,2011,160,"Russian Federation","RUS","RUS",160,"Russian Federation","RUS","RUS","0","0","0",28450,166,"0",10246,"-","0"
1,"73Swby",1,661,2012,160,"Russian Federation","RUS","RUS",160,"Russian Federation","RUS","RUS","0","0","0","0","0","0",6576,"-","0"
1,"73Swby",1,662,2013,160,"Russian Federation","RUS","RUS",160,"Russian Federation","RUS","RUS","0","0","0","0","0","0",5612,"-","0"
1,"73Swby",1,663,2000,161,"Rwanda","RWA","RWA",160,"Russian Federation","RUS","RUS","0",6,"0","0","0","0","0","-","0"
1,"73Swby",1,664,2003,161,"Rwanda","RWA","RWA",160,"Russian Federation","RUS","RUS","0",5,"0","0","0","0","0","-","0"
1,"73Swby",1,665,2005,161,"Rwanda","RWA","RWA",160,"Russian Federation","RUS","RUS",7,"0","0","0","0","0","0","-","0"
1,"73Swby",1,666,2006,161,"Rwanda","RWA","RWA",160,"Russian Federation","RUS","RUS",8,"0","0","0","0","0","0","-","0"
1,"73Swby",1,667,2007,161,"Rwanda","RWA","RWA",160,"Russian Federation","RUS","RUS",8,"0","0","0","0","0","0","-","0"
1,"73Swby",1,668,2008,161,"Rwanda","RWA","RWA",160,"Russian Federation","RUS","RUS",15,"0","0","0","0","0","0","-","0"
1,"73Swby",1,669,2009,161,"Rwanda","RWA","RWA",160,"Russian Federation","RUS","RUS",7,"0","0","0","0","0","0","-","0"
1,"73Swby",1,670,2010,161,"Rwanda","RWA","RWA",160,"Russian Federation","RUS","RUS",5,"0","0","0","0","0","0","-","0"
1,"73Swby",1,671,2011,161,"Rwanda","RWA","RWA",160,"Russian Federation","RUS","RUS",5,"0","0","0","0","0","0","-","0"
1,"73Swby",1,672,2010,164,"Serbia and Kosovo: S/RES/1244 (1999)","SRB","SRB",160,"Russian Federation","RUS","RUS","0",5,"0","0","0","0","0","-","0"
1,"73Swby",1,673,2012,164,"Serbia and Kosovo: S/RES/1244 (1999)","SRB","SRB",160,"Russian Federation","RUS","RUS",5,"0","0","0","0","0","0","-","0"
1,"73Swby",1,674,2013,164,"Serbia and Kosovo: S/RES/1244 (1999)","SRB","SRB",160,"Russian Federation","RUS","RUS",5,"0","0","0","0","0","0","-","0"
1,"73Swby",1,675,2022,164,"Serbia and Kosovo: S/RES/1244 (1999)","SRB","SRB",160,"Russian Federation","RUS","RUS",5,"0","0","0","0","0","0","-","0"
1,"73Swby",1,676,2023,164,"Serbia and Kosovo: S/RES/1244 (1999)","SRB","SRB",160,"Russian Federation","RUS","RUS",5,"0","0","0","0","0","0","-","0"
1,"73Swby",1,677,2024,164,"Serbia and Kosovo: S/RES/1244 (1999)","SRB","SRB",160,"Russian Federation","RUS","RUS",6,"0","0","0","0","0","0","-","0"
1,"73Swby",1,678,2025,164,"Serbia and Kosovo: S/RES/1244 (1999)","SRB","SRB",160,"Russian Federation","RUS","RUS",7,"0","0","0","0","0","0","-","0"
1,"73Swby",1,679,1995,172,"Somalia","SOM","SOM",160,"Russian Federation","RUS","RUS","0","0",32,"0","0","0","0","-","0"
1,"73Swby",1,680,1996,172,"Somalia","SOM","SOM",160,"Russian Federation","RUS","RUS",2656,"0",25,"0","0","0","0","-","0"
1,"73Swby",1,681,1997,172,"Somalia","SOM","SOM",160,"Russian Federation","RUS","RUS",2656,"0","0","0","0","0","0","-","0"
1,"73Swby",1,682,1998,172,"Somalia","SOM","SOM",160,"Russian Federation","RUS","RUS",152,"0","0","0","0","0","0","-","0"
1,"73Swby",1,683,1999,172,"Somalia","SOM","SOM",160,"Russian Federation","RUS","RUS",150,"0","0","0","0","0","0","-","0"
1,"73Swby",1,684,2000,172,"Somalia","SOM","SOM",160,"Russian Federation","RUS","RUS",147,"0","0","0","0","0","0","-","0"
1,"73Swby",1,685,2001,172,"Somalia","SOM","SOM",160,"Russian Federation","RUS","RUS",29,"0","0","0","0","0","0","-","0"
1,"73Swby",1,686,2002,172,"Somalia","SOM","SOM",160,"Russian Federation","RUS","RUS",16,"0","0","0","0","0","0","-","0"
1,"73Swby",1,687,2003,172,"Somalia","SOM","SOM",160,"Russian Federation","RUS","RUS",7,"0","0","0","0","0","0","-","0"
1,"73Swby",1,688,2004,172,"Somalia","SOM","SOM",160,"Russian Federation","RUS","RUS",6,"0","0","0","0","0","0","-","0"
1,"73Swby",1,689,2008,172,"Somalia","SOM","SOM",160,"Russian Federation","RUS","RUS",16,"0","0","0","0","0","0","-","0"
1,"73Swby",1,690,2009,172,"Somalia","SOM","SOM",160,"Russian Federation","RUS","RUS",7,7,"0","0","0","0","0","-","0"
1,"73Swby",1,691,2010,172,"Somalia","SOM","SOM",160,"Russian Federation","RUS","RUS",20,12,"0","0","0","0","0","-","0"
1,"73Swby",1,692,2011,172,"Somalia","SOM","SOM",160,"Russian Federation","RUS","RUS",5,"0","0","0","0","0","0","-","0"
1,"73Swby",1,693,2012,172,"Somalia","SOM","SOM",160,"Russian Federation","RUS","RUS",5,"0","0","0","0","0","0","-","0"
1,"73Swby",1,694,2018,172,"Somalia","SOM","SOM",160,"Russian Federation","RUS","RUS","0",5,"0","0","0","0","0","-","0"
1,"73Swby",1,695,2005,174,"Viet Nam","SRV","VNM",160,"Russian Federation","RUS","RUS",5,"0","0","0","0","0","0","-","0"
1,"73Swby",1,696,2006,174,"Viet Nam","SRV","VNM",160,"Russian Federation","RUS","RUS",5,"0","0","0","0","0","0","-","0"
1,"73Swby",1,697,2007,174,"Viet Nam","SRV","VNM",160,"Russian Federation","RUS","RUS",5,"0","0","0","0","0","0","-","0"
1,"73Swby",1,698,2008,174,"Viet Nam","SRV","VNM",160,"Russian Federation","RUS","RUS",5,"0","0","0","0","0","0","-","0"
1,"73Swby",1,699,2009,174,"Viet Nam","SRV","VNM",160,"Russian Federation","RUS","RUS",5,"0","0","0","0","0","0","-","0"
1,"73Swby",1,700,2010,174,"Viet Nam","SRV","VNM",160,"Russian Federation","RUS","RUS",5,"0","0","0","0","0","0","-","0"
1,"73Swby",1,701,2011,174,"Viet Nam","SRV","VNM",160,"Russian Federation","RUS","RUS","0",5,"0","0","0","0","0","-","0"
1,"73Swby",1,702,2014,174,"Viet Nam","SRV","VNM",160,"Russian Federation","RUS","RUS","0",5,"0","0","0","0","0","-","0"
1,"73Swby",1,703,2022,174,"Viet Nam","SRV","VNM",160,"Russian Federation","RUS","RUS",5,"0","0","0","0","0","0","-","0"
1,"73Swby",1,704,2000,177,"Sudan","SUD","SDN",160,"Russian Federation","RUS","RUS",14,"0","0","0","0","0","0","-","0"
1,"73Swby",1,705,2001,177,"Sudan","SUD","SDN",160,"Russian Federation","RUS","RUS",11,"0","0","0","0","0","0","-","0"
1,"73Swby",1,706,2002,177,"Sudan","SUD","SDN",160,"Russian Federation","RUS","RUS",12,"0",5,"0","0","0","0","-","0"
1,"73Swby",1,707,2003,177,"Sudan","SUD","SDN",160,"Russian Federation","RUS","RUS",5,"0","0","0","0","0","0","-","0"
1,"73Swby",1,708,2007,177,"Sudan","SUD","SDN",160,"Russian Federation","RUS","RUS","0",17,"0","0","0","0","0","-","0"
1,"73Swby",1,709,2008,177,"Sudan","SUD","SDN",160,"Russian Federation","RUS","RUS","0",8,"0","0","0","0","0","-","0"
1,"73Swby",1,710,2009,177,"Sudan","SUD","SDN",160,"Russian Federation","RUS","RUS",5,5,"0","0","0","0","0","-","0"
1,"73Swby",1,711,2010,177,"Sudan","SUD","SDN",160,"Russian Federation","RUS","RUS",9,"0","0","0","0","0","0","-","0"
1,"73Swby",1,712,2011,177,"Sudan","SUD","SDN",160,"Russian Federation","RUS","RUS",5,5,"0","0","0","0","0","-","0"
1,"73Swby",1,713,2012,177,"Sudan","SUD","SDN",160,"Russian Federation","RUS","RUS","0",5,"0","0","0","0","0","-","0"
1,"73Swby",1,714,2013,177,"Sudan","SUD","SDN",160,"Russian Federation","RUS","RUS",5,5,"0","0","0","0","0","-","0"
1,"73Swby",1,715,2014,177,"Sudan","SUD","SDN",160,"Russian Federation","RUS","RUS",5,10,"0","0","0","0","0","-","0"
1,"73Swby",1,716,2015,177,"Sudan","SUD","SDN",160,"Russian Federation","RUS","RUS",5,5,"0","0","0","0","0","-","0"
1,"73Swby",1,717,2016,177,"Sudan","SUD","SDN",160,"Russian Federation","RUS","RUS",5,5,"0","0","0","0","0","-","0"
1,"73Swby",1,718,2017,177,"Sudan","SUD","SDN",160,"Russian Federation","RUS","RUS",6,5,"0","0","0","0","0","-","0"
1,"73Swby",1,719,2018,177,"Sudan","SUD","SDN",160,"Russian Federation","RUS","RUS",7,5,"0","0","0","0","0","-","0"
1,"73Swby",1,720,2019,177,"Sudan","SUD","SDN",160,"Russian Federation","RUS","RUS",6,"0","0","0","0","0","0","-","0"
1,"73Swby",1,721,2020,177,"Sudan","SUD","SDN",160,"Russian Federation","RUS","RUS",5,"0","0","0","0","0","0","-","0"
1,"73Swby",1,722,2021,177,"Sudan","SUD","SDN",160,"Russian Federation","RUS","RUS",5,"0","0","0","0","0","0","-","0"
1,"73Swby",1,723,2022,177,"Sudan","SUD","SDN",160,"Russian Federation","RUS","RUS",5,"0","0","0","0","0","0","-","0"
1,"73Swby",1,724,2023,177,"Sudan","SUD","SDN",160,"Russian Federation","RUS","RUS",18,8,"0","0","0","0","0","-","0"
1,"73Swby",1,725,2024,177,"Sudan","SUD","SDN",160,"Russian Federation","RUS","RUS",23,10,"0","0","0","0","0","-","0"
1,"73Swby",1,726,2025,177,"Sudan","SUD","SDN",160,"Russian Federation","RUS","RUS",24,5,"0","0","0","0","0","-","0"
1,"73Swby",1,727,2020,179,"South Sudan","SSD","SSD",160,"Russian Federation","RUS","RUS",5,"0","0","0","0","0","0","-","0"
1,"73Swby",1,728,2023,180,"Slovakia","SVK","SVK",160,"Russian Federation","RUS","RUS",5,"0","0","0","0","0","0","-","0"
1,"73Swby",1,729,2024,180,"Slovakia","SVK","SVK",160,"Russian Federation","RUS","RUS",5,"0","0","0","0","0","0","-","0"
1,"73Swby",1,730,2008,185,"Syrian Arab Rep.","SYR","SYR",160,"Russian Federation","RUS","RUS","0",5,"0","0","0","0","0","-","0"
1,"73Swby",1,731,2009,185,"Syrian Arab Rep.","SYR","SYR",160,"Russian Federation","RUS","RUS",5,5,"0","0","0","0","0","-","0"
1,"73Swby",1,732,2010,185,"Syrian Arab Rep.","SYR","SYR",160,"Russian Federation","RUS","RUS",5,"0","0","0","0","0","0","-","0"
1,"73Swby",1,733,2011,185,"Syrian Arab Rep.","SYR","SYR",160,"Russian Federation","RUS","RUS",5,13,"0","0","0","0","0","-","0"
1,"73Swby",1,734,2012,185,"Syrian Arab Rep.","SYR","SYR",160,"Russian Federation","RUS","RUS",53,91,"0","0","0","0",1400,"-","0"
1,"73Swby",1,735,2013,185,"Syrian Arab Rep.","SYR","SYR",160,"Russian Federation","RUS","RUS",1163,839,"0","0","0","0",1400,"-","0"
1,"73Swby",1,736,2014,185,"Syrian Arab Rep.","SYR","SYR",160,"Russian Federation","RUS","RUS",1927,413,"0","0","0","0","0","-","0"
1,"73Swby",1,737,2015,185,"Syrian Arab Rep.","SYR","SYR",160,"Russian Federation","RUS","RUS",1304,393,"0","0","0","0","0","-","0"
1,"73Swby",1,738,2016,185,"Syrian Arab Rep.","SYR","SYR",160,"Russian Federation","RUS","RUS",1319,383,"0","0","0","0","0","-","0"
1,"73Swby",1,739,2017,185,"Syrian Arab Rep.","SYR","SYR",160,"Russian Federation","RUS","RUS",1130,303,"0","0","0","0","0","-","0"
1,"73Swby",1,740,2018,185,"Syrian Arab Rep.","SYR","SYR",160,"Russian Federation","RUS","RUS",828,174,"0","0","0","0","0","-","0"
1,"73Swby",1,741,2019,185,"Syrian Arab Rep.","SYR","SYR",160,"Russian Federation","RUS","RUS",593,110,"0","0","0","0","0","-","0"
1,"73Swby",1,742,2020,185,"Syrian Arab Rep.","SYR","SYR",160,"Russian Federation","RUS","RUS",361,54,"0","0","0","0","0","-","0"
1,"73Swby",1,743,2021,185,"Syrian Arab Rep.","SYR","SYR",160,"Russian Federation","RUS","RUS",297,62,"0","0","0","0","0","-","0"
1,"73Swby",1,744,2022,185,"Syrian Arab Rep.","SYR","SYR",160,"Russian Federation","RUS","RUS",194,58,"0","0","0","0","0","-","0"
1,"73Swby",1,745,2023,185,"Syrian Arab Rep.","SYR","SYR",160,"Russian Federation","RUS","RUS",136,66,"0","0","0","0","0","-","0"
1,"73Swby",1,746,2024,185,"Syrian Arab Rep.","SYR","SYR",160,"Russian Federation","RUS","RUS",142,700,"0","0","0","0","0","-","0"
1,"73Swby",1,747,2025,185,"Syrian Arab Rep.","SYR","SYR",160,"Russian Federation","RUS","RUS",1911,721,"0","0","0","0","0","-","0"
1,"73Swby",1,748,1996,189,"Tajikistan","TJK","TJK",160,"Russian Federation","RUS","RUS",54031,"0","0","0","0","0","0","-","0"
1,"73Swby",1,749,1997,189,"Tajikistan","TJK","TJK",160,"Russian Federation","RUS","RUS",50192,"0","0","0","0","0","0","-","0"
1,"73Swby",1,750,1998,189,"Tajikistan","TJK","TJK",160,"Russian Federation","RUS","RUS",22952,"0","0","0","0","0","0","-","0"
1,"73Swby",1,751,1999,189,"Tajikistan","TJK","TJK",160,"Russian Federation","RUS","RUS",12299,"0","0","0","0","0","0","-","0"
1,"73Swby",1,752,2000,189,"Tajikistan","TJK","TJK",160,"Russian Federation","RUS","RUS",2061,5,"0","0","0","0","0","-","0"
1,"73Swby",1,753,2001,189,"Tajikistan","TJK","TJK",160,"Russian Federation","RUS","RUS",759,"0","0","0","0","0","0","-","0"
1,"73Swby",1,754,2002,189,"Tajikistan","TJK","TJK",160,"Russian Federation","RUS","RUS",698,7,"0","0","0","0","0","-","0"
1,"73Swby",1,755,2003,189,"Tajikistan","TJK","TJK",160,"Russian Federation","RUS","RUS",593,"0","0","0","0","0","0","-","0"
1,"73Swby",1,756,2004,189,"Tajikistan","TJK","TJK",160,"Russian Federation","RUS","RUS",15,"0","0","0","0","0","0","-","0"
1,"73Swby",1,757,2005,189,"Tajikistan","TJK","TJK",160,"Russian Federation","RUS","RUS",15,"0","0","0","0","0","0","-","0"
1,"73Swby",1,758,2006,189,"Tajikistan","TJK","TJK",160,"Russian Federation","RUS","RUS",13,"0","0","0","0","0","0","-","0"
1,"73Swby",1,759,2007,189,"Tajikistan","TJK","TJK",160,"Russian Federation","RUS","RUS",9,42,"0","0","0","0","0","-","0"
1,"73Swby",1,760,2008,189,"Tajikistan","TJK","TJK",160,"Russian Federation","RUS","RUS",16,28,"0","0","0","0","0","-","0"
1,"73Swby",1,761,2009,189,"Tajikistan","TJK","TJK",160,"Russian Federation","RUS","RUS",23,15,"0","0","0","0","0","-","0"
1,"73Swby",1,762,2010,189,"Tajikistan","TJK","TJK",160,"Russian Federation","RUS","RUS",28,15,"0","0","0","0","0","-","0"
1,"73Swby",1,763,2011,189,"Tajikistan","TJK","TJK",160,"Russian Federation","RUS","RUS",11,18,"0","0","0","0","0","-","0"
1,"73Swby",1,764,2012,189,"Tajikistan","TJK","TJK",160,"Russian Federation","RUS","RUS",30,13,"0","0","0","0","0","-","0"
1,"73Swby",1,765,2013,189,"Tajikistan","TJK","TJK",160,"Russian Federation","RUS","RUS",17,8,"0","0","0","0","0","-","0"
1,"73Swby",1,766,2014,189,"Tajikistan","TJK","TJK",160,"Russian Federation","RUS","RUS",22,12,"0","0","0","0","0","-","0"
1,"73Swby",1,767,2015,189,"Tajikistan","TJK","TJK",160,"Russian Federation","RUS","RUS",24,22,"0","0","0","0","0","-","0"
1,"73Swby",1,768,2016,189,"Tajikistan","TJK","TJK",160,"Russian Federation","RUS","RUS",33,9,"0","0","0","0","0","-","0"
1,"73Swby",1,769,2017,189,"Tajikistan","TJK","TJK",160,"Russian Federation","RUS","RUS",23,15,"0","0","0","0","0","-","0"
1,"73Swby",1,770,2018,189,"Tajikistan","TJK","TJK",160,"Russian Federation","RUS","RUS",25,13,"0","0","0","0","0","-","0"
1,"73Swby",1,771,2019,189,"Tajikistan","TJK","TJK",160,"Russian Federation","RUS","RUS",40,22,"0","0","0","0","0","-","0"
1,"73Swby",1,772,2020,189,"Tajikistan","TJK","TJK",160,"Russian Federation","RUS","RUS",42,14,"0","0","0","0","0","-","0"
1,"73Swby",1,773,2021,189,"Tajikistan","TJK","TJK",160,"Russian Federation","RUS","RUS",31,28,"0","0","0","0","0","-","0"
1,"73Swby",1,774,2022,189,"Tajikistan","TJK","TJK",160,"Russian Federation","RUS","RUS",30,19,"0","0","0","0","0","-","0"
1,"73Swby",1,775,2023,189,"Tajikistan","TJK","TJK",160,"Russian Federation","RUS","RUS",25,14,"0","0","0","0","0","-","0"
1,"73Swby",1,776,2024,189,"Tajikistan","TJK","TJK",160,"Russian Federation","RUS","RUS",35,11,"0","0","0","0","0","-","0"
1,"73Swby",1,777,2025,189,"Tajikistan","TJK","TJK",160,"Russian Federation","RUS","RUS",47,19,"0","0","0","0","0","-","0"
1,"73Swby",1,778,1996,190,"Turkmenistan","TKM","TKM",160,"Russian Federation","RUS","RUS",2882,"0","0","0","0","0","0","-","0"
1,"73Swby",1,779,1997,190,"Turkmenistan","TKM","TKM",160,"Russian Federation","RUS","RUS",3107,"0","0","0","0","0","0","-","0"
1,"73Swby",1,780,1998,190,"Turkmenistan","TKM","TKM",160,"Russian Federation","RUS","RUS",1450,"0","0","0","0","0","0","-","0"
1,"73Swby",1,781,1999,190,"Turkmenistan","TKM","TKM",160,"Russian Federation","RUS","RUS",901,"0","0","0","0","0","0","-","0"
1,"73Swby",1,782,2000,190,"Turkmenistan","TKM","TKM",160,"Russian Federation","RUS","RUS",128,"0","0","0","0","0","0","-","0"
1,"73Swby",1,783,2001,190,"Turkmenistan","TKM","TKM",160,"Russian Federation","RUS","RUS",109,"0","0","0","0","0","0","-","0"
1,"73Swby",1,784,2002,190,"Turkmenistan","TKM","TKM",160,"Russian Federation","RUS","RUS",69,5,"0","0","0","0","0","-","0"
1,"73Swby",1,785,2003,190,"Turkmenistan","TKM","TKM",160,"Russian Federation","RUS","RUS",56,"0","0","0","0","0","0","-","0"
1,"73Swby",1,786,2004,190,"Turkmenistan","TKM","TKM",160,"Russian Federation","RUS","RUS","0",8,"0","0","0","0","0","-","0"
1,"73Swby",1,787,2005,190,"Turkmenistan","TKM","TKM",160,"Russian Federation","RUS","RUS","0",5,"0","0","0","0","0","-","0"
1,"73Swby",1,788,2006,190,"Turkmenistan","TKM","TKM",160,"Russian Federation","RUS","RUS","0",5,"0","0","0","0","0","-","0"
1,"73Swby",1,789,2007,190,"Turkmenistan","TKM","TKM",160,"Russian Federation","RUS","RUS","0",28,"0","0","0","0","0","-","0"
1,"73Swby",1,790,2008,190,"Turkmenistan","TKM","TKM",160,"Russian Federation","RUS","RUS",5,15,"0","0","0","0","0","-","0"
1,"73Swby",1,791,2009,190,"Turkmenistan","TKM","TKM",160,"Russian Federation","RUS","RUS",12,13,"0","0","0","0","0","-","0"
1,"73Swby",1,792,2010,190,"Turkmenistan","TKM","TKM",160,"Russian Federation","RUS","RUS",9,5,"0","0","0","0","0","-","0"
1,"73Swby",1,793,2011,190,"Turkmenistan","TKM","TKM",160,"Russian Federation","RUS","RUS",5,"0","0","0","0","0","0","-","0"
1,"73Swby",1,794,2012,190,"Turkmenistan","TKM","TKM",160,"Russian Federation","RUS","RUS",10,5,"0","0","0","0","0","-","0"
1,"73Swby",1,795,2013,190,"Turkmenistan","TKM","TKM",160,"Russian Federation","RUS","RUS",6,"0","0","0","0","0","0","-","0"
1,"73Swby",1,796,2014,190,"Turkmenistan","TKM","TKM",160,"Russian Federation","RUS","RUS",10,5,"0","0","0","0","0","-","0"
1,"73Swby",1,797,2015,190,"Turkmenistan","TKM","TKM",160,"Russian Federation","RUS","RUS",12,5,"0","0","0","0","0","-","0"
1,"73Swby",1,798,2016,190,"Turkmenistan","TKM","TKM",160,"Russian Federation","RUS","RUS",8,6,"0","0","0","0","0","-","0"
1,"73Swby",1,799,2017,190,"Turkmenistan","TKM","TKM",160,"Russian Federation","RUS","RUS",5,5,"0","0","0","0","0","-","0"
1,"73Swby",1,800,2018,190,"Turkmenistan","TKM","TKM",160,"Russian Federation","RUS","RUS",7,"0","0","0","0","0","0","-","0"
1,"73Swby",1,801,2019,190,"Turkmenistan","TKM","TKM",160,"Russian Federation","RUS","RUS",12,5,"0","0","0","0","0","-","0"
1,"73Swby",1,802,2020,190,"Turkmenistan","TKM","TKM",160,"Russian Federation","RUS","RUS",24,5,"0","0","0","0","0","-","0"
1,"73Swby",1,803,2021,190,"Turkmenistan","TKM","TKM",160,"Russian Federation","RUS","RUS",51,5,"0","0","0","0","0","-","0"
1,"73Swby",1,804,2022,190,"Turkmenistan","TKM","TKM",160,"Russian Federation","RUS","RUS",79,5,"0","0","0","0","0","-","0"
1,"73Swby",1,805,2023,190,"Turkmenistan","TKM","TKM",160,"Russian Federation","RUS","RUS",109,8,"0","0","0","0","0","-","0"
1,"73Swby",1,806,2024,190,"Turkmenistan","TKM","TKM",160,"Russian Federation","RUS","RUS",139,13,"0","0","0","0","0","-","0"
1,"73Swby",1,807,2025,190,"Turkmenistan","TKM","TKM",160,"Russian Federation","RUS","RUS",165,"0","0","0","0","0","0","-","0"
1,"73Swby",1,808,2010,196,"Türkiye","TUR","TUR",160,"Russian Federation","RUS","RUS","0",6,"0","0","0","0","0","-","0"
1,"73Swby",1,809,2016,196,"Türkiye","TUR","TUR",160,"Russian Federation","RUS","RUS","0",5,"0","0","0","0","0","-","0"
1,"73Swby",1,810,2017,196,"Türkiye","TUR","TUR",160,"Russian Federation","RUS","RUS",5,"0","0","0","0","0","0","-","0"
1,"73Swby",1,811,2018,196,"Türkiye","TUR","TUR",160,"Russian Federation","RUS","RUS",6,"0","0","0","0","0","0","-","0"
1,"73Swby",1,812,2019,196,"Türkiye","TUR","TUR",160,"Russian Federation","RUS","RUS",5,"0","0","0","0","0","0","-","0"
1,"73Swby",1,813,2020,196,"Türkiye","TUR","TUR",160,"Russian Federation","RUS","RUS",5,"0","0","0","0","0","0","-","0"
1,"73Swby",1,814,2021,196,"Türkiye","TUR","TUR",160,"Russian Federation","RUS","RUS",5,"0","0","0","0","0","0","-","0"
1,"73Swby",1,815,2022,196,"Türkiye","TUR","TUR",160,"Russian Federation","RUS","RUS",6,"0","0","0","0","0","0","-","0"
1,"73Swby",1,816,2023,196,"Türkiye","TUR","TUR",160,"Russian Federation","RUS","RUS",6,5,"0","0","0","0","0","-","0"
1,"73Swby",1,817,2024,196,"Türkiye","TUR","TUR",160,"Russian Federation","RUS","RUS",5,"0","0","0","0","0","0","-","0"
1,"73Swby",1,818,2025,196,"Türkiye","TUR","TUR",160,"Russian Federation","RUS","RUS",5,"0","0","0","0","0","0","-","0"
1,"73Swby",1,819,1996,200,"Ukraine","UKR","UKR",160,"Russian Federation","RUS","RUS",2297,"0","0","0","0","0","0","-","0"
1,"73Swby",1,820,1997,200,"Ukraine","UKR","UKR",160,"Russian Federation","RUS","RUS",2326,"0","0","0","0","0","0","-","0"
1,"73Swby",1,821,1998,200,"Ukraine","UKR","UKR",160,"Russian Federation","RUS","RUS",1394,"0","0","0","0","0","0","-","0"
1,"73Swby",1,822,1999,200,"Ukraine","UKR","UKR",160,"Russian Federation","RUS","RUS",389,"0","0","0","0","0","0","-","0"
1,"73Swby",1,823,2000,200,"Ukraine","UKR","UKR",160,"Russian Federation","RUS","RUS",20,"0","0","0","0","0","0","-","0"
1,"73Swby",1,824,2001,200,"Ukraine","UKR","UKR",160,"Russian Federation","RUS","RUS",5,"0","0","0","0","0","0","-","0"
1,"73Swby",1,825,2006,200,"Ukraine","UKR","UKR",160,"Russian Federation","RUS","RUS","0",6,"0","0","0","0","0","-","0"
1,"73Swby",1,826,2007,200,"Ukraine","UKR","UKR",160,"Russian Federation","RUS","RUS","0",26,"0","0","0","0","0","-","0"
1,"73Swby",1,827,2008,200,"Ukraine","UKR","UKR",160,"Russian Federation","RUS","RUS",6,9,"0","0","0","0","0","-","0"
1,"73Swby",1,828,2009,200,"Ukraine","UKR","UKR",160,"Russian Federation","RUS","RUS",7,6,"0","0","0","0","0","-","0"
1,"73Swby",1,829,2010,200,"Ukraine","UKR","UKR",160,"Russian Federation","RUS","RUS",15,6,"0","0","0","0","0","-","0"
1,"73Swby",1,830,2011,200,"Ukraine","UKR","UKR",160,"Russian Federation","RUS","RUS",5,8,"0","0","0","0","0","-","0"
1,"73Swby",1,831,2012,200,"Ukraine","UKR","UKR",160,"Russian Federation","RUS","RUS",5,6,"0","0","0","0","0","-","0"
1,"73Swby",1,832,2013,200,"Ukraine","UKR","UKR",160,"Russian Federation","RUS","RUS",5,10,"0","0","0","0","0","-","0"
1,"73Swby",1,833,2014,200,"Ukraine","UKR","UKR",160,"Russian Federation","RUS","RUS",231787,2229,"0","0","0","0","0","-","0"
1,"73Swby",1,834,2015,200,"Ukraine","UKR","UKR",160,"Russian Federation","RUS","RUS",311407,1097,"0","0","0","0","0","-","0"
1,"73Swby",1,835,2016,200,"Ukraine","UKR","UKR",160,"Russian Federation","RUS","RUS",226232,2183,"0","0","0","0","0","-","0"
1,"73Swby",1,836,2017,200,"Ukraine","UKR","UKR",160,"Russian Federation","RUS","RUS",123600,1512,"0","0","0","0","0","-","0"
1,"73Swby",1,837,2018,200,"Ukraine","UKR","UKR",160,"Russian Federation","RUS","RUS",75146,795,"0","0","0","0","0","-","0"
1,"73Swby",1,838,2019,200,"Ukraine","UKR","UKR",160,"Russian Federation","RUS","RUS",40393,858,"0","0","0","0","0","-","0"
1,"73Swby",1,839,2020,200,"Ukraine","UKR","UKR",160,"Russian Federation","RUS","RUS",18428,148,"0","0","0","0","0","-","0"
1,"73Swby",1,840,2021,200,"Ukraine","UKR","UKR",160,"Russian Federation","RUS","RUS",8921,126,"0","0","0","0","0","-","0"
1,"73Swby",1,841,2022,200,"Ukraine","UKR","UKR",160,"Russian Federation","RUS","RUS",1275315,610,"0","0","0","0","0","-","0"
1,"73Swby",1,842,2023,200,"Ukraine","UKR","UKR",160,"Russian Federation","RUS","RUS",1227554,257,"0","0","0","0","0","-","0"
1,"73Swby",1,843,2024,200,"Ukraine","UKR","UKR",160,"Russian Federation","RUS","RUS",6894,149,"0","0","0","0","0","-","0"
1,"73Swby",1,844,2025,200,"Ukraine","UKR","UKR",160,"Russian Federation","RUS","RUS",6121,163,"0","0","0","0","0","-","0"
1,"73Swby",1,845,2008,202,"United States of America","USA","USA",160,"Russian Federation","RUS","RUS",5,"0","0","0","0","0","0","-","0"
1,"73Swby",1,846,2009,202,"United States of America","USA","USA",160,"Russian Federation","RUS","RUS",5,"0","0","0","0","0","0","-","0"
1,"73Swby",1,847,2010,202,"United States of America","USA","USA",160,"Russian Federation","RUS","RUS",5,"0","0","0","0","0","0","-","0"
1,"73Swby",1,848,2011,202,"United States of America","USA","USA",160,"Russian Federation","RUS","RUS",5,"0","0","0","0","0","0","-","0"
1,"73Swby",1,849,2012,202,"United States of America","USA","USA",160,"Russian Federation","RUS","RUS",5,"0","0","0","0","0","0","-","0"
1,"73Swby",1,850,2013,202,"United States of America","USA","USA",160,"Russian Federation","RUS","RUS",6,"0","0","0","0","0","0","-","0"
1,"73Swby",1,851,2014,202,"United States of America","USA","USA",160,"Russian Federation","RUS","RUS",6,"0","0","0","0","0","0","-","0"
1,"73Swby",1,852,2015,202,"United States of America","USA","USA",160,"Russian Federation","RUS","RUS",5,"0","0","0","0","0","0","-","0"
1,"73Swby",1,853,2016,202,"United States of America","USA","USA",160,"Russian Federation","RUS","RUS",5,"0","0","0","0","0","0","-","0"
1,"73Swby",1,854,2017,202,"United States of America","USA","USA",160,"Russian Federation","RUS","RUS",5,"0","0","0","0","0","0","-","0"
1,"73Swby",1,855,2018,202,"United States of America","USA","USA",160,"Russian Federation","RUS","RUS",5,"0","0","0","0","0","0","-","0"
1,"73Swby",1,856,2020,202,"United States of America","USA","USA",160,"Russian Federation","RUS","RUS",5,"0","0","0","0","0","0","-","0"
1,"73Swby",1,857,2021,202,"United States of America","USA","USA",160,"Russian Federation","RUS","RUS",5,"0","0","0","0","0","0","-","0"
1,"73Swby",1,858,2022,202,"United States of America","USA","USA",160,"Russian Federation","RUS","RUS",9,5,"0","0","0","0","0","-","0"
1,"73Swby",1,859,2023,202,"United States of America","USA","USA",160,"Russian Federation","RUS","RUS",20,5,"0","0","0","0","0","-","0"
1,"73Swby",1,860,2024,202,"United States of America","USA","USA",160,"Russian Federation","RUS","RUS",32,5,"0","0","0","0","0","-","0"
1,"73Swby",1,861,2025,202,"United States of America","USA","USA",160,"Russian Federation","RUS","RUS",33,6,"0","0","0","0","0","-","0"
1,"73Swby",1,862,1996,203,"Uzbekistan","UZB","UZB",160,"Russian Federation","RUS","RUS",33780,"0","0","0","0","0","0","-","0"
1,"73Swby",1,863,1997,203,"Uzbekistan","UZB","UZB",160,"Russian Federation","RUS","RUS",33049,"0","0","0","0","0","0","-","0"
1,"73Swby",1,864,1998,203,"Uzbekistan","UZB","UZB",160,"Russian Federation","RUS","RUS",18102,"0","0","0","0","0","0","-","0"
1,"73Swby",1,865,1999,203,"Uzbekistan","UZB","UZB",160,"Russian Federation","RUS","RUS",10985,"0","0","0","0","0","0","-","0"
1,"73Swby",1,866,2000,203,"Uzbekistan","UZB","UZB",160,"Russian Federation","RUS","RUS",1519,"0","0","0","0","0","0","-","0"
1,"73Swby",1,867,2001,203,"Uzbekistan","UZB","UZB",160,"Russian Federation","RUS","RUS",453,8,"0","0","0","0","0","-","0"
1,"73Swby",1,868,2002,203,"Uzbekistan","UZB","UZB",160,"Russian Federation","RUS","RUS",309,7,"0","0","0","0","0","-","0"
1,"73Swby",1,869,2003,203,"Uzbekistan","UZB","UZB",160,"Russian Federation","RUS","RUS",281,5,"0","0","0","0","0","-","0"
1,"73Swby",1,870,2004,203,"Uzbekistan","UZB","UZB",160,"Russian Federation","RUS","RUS",12,16,"0","0","0","0","0","-","0"
1,"73Swby",1,871,2005,203,"Uzbekistan","UZB","UZB",160,"Russian Federation","RUS","RUS",8,29,"0","0","0","0","0","-","0"
1,"73Swby",1,872,2006,203,"Uzbekistan","UZB","UZB",160,"Russian Federation","RUS","RUS",8,8,"0","0","0","0","0","-","0"
1,"73Swby",1,873,2007,203,"Uzbekistan","UZB","UZB",160,"Russian Federation","RUS","RUS",8,67,"0","0","0","0","0","-","0"
1,"73Swby",1,874,2008,203,"Uzbekistan","UZB","UZB",160,"Russian Federation","RUS","RUS",60,56,"0","0","0","0","0","-","0"
1,"73Swby",1,875,2009,203,"Uzbekistan","UZB","UZB",160,"Russian Federation","RUS","RUS",80,49,"0","0","0","0","0","-","0"
1,"73Swby",1,876,2010,203,"Uzbekistan","UZB","UZB",160,"Russian Federation","RUS","RUS",95,53,"0","0","0","0","0","-","0"
1,"73Swby",1,877,2011,203,"Uzbekistan","UZB","UZB",160,"Russian Federation","RUS","RUS",64,47,"0","0","0","0","0","-","0"
1,"73Swby",1,878,2012,203,"Uzbekistan","UZB","UZB",160,"Russian Federation","RUS","RUS",85,45,"0","0","0","0","0","-","0"
1,"73Swby",1,879,2013,203,"Uzbekistan","UZB","UZB",160,"Russian Federation","RUS","RUS",106,17,"0","0","0","0","0","-","0"
1,"73Swby",1,880,2014,203,"Uzbekistan","UZB","UZB",160,"Russian Federation","RUS","RUS",110,42,"0","0","0","0","0","-","0"
1,"73Swby",1,881,2015,203,"Uzbekistan","UZB","UZB",160,"Russian Federation","RUS","RUS",98,39,"0","0","0","0","0","-","0"
1,"73Swby",1,882,2016,203,"Uzbekistan","UZB","UZB",160,"Russian Federation","RUS","RUS",100,28,"0","0","0","0","0","-","0"
1,"73Swby",1,883,2017,203,"Uzbekistan","UZB","UZB",160,"Russian Federation","RUS","RUS",79,32,"0","0","0","0","0","-","0"
1,"73Swby",1,884,2018,203,"Uzbekistan","UZB","UZB",160,"Russian Federation","RUS","RUS",70,19,"0","0","0","0","0","-","0"
1,"73Swby",1,885,2019,203,"Uzbekistan","UZB","UZB",160,"Russian Federation","RUS","RUS",61,33,"0","0","0","0","0","-","0"
1,"73Swby",1,886,2020,203,"Uzbekistan","UZB","UZB",160,"Russian Federation","RUS","RUS",75,16,"0","0","0","0","0","-","0"
1,"73Swby",1,887,2021,203,"Uzbekistan","UZB","UZB",160,"Russian Federation","RUS","RUS",80,11,"0","0","0","0","0","-","0"
1,"73Swby",1,888,2022,203,"Uzbekistan","UZB","UZB",160,"Russian Federation","RUS","RUS",81,7,"0","0","0","0","0","-","0"
1,"73Swby",1,889,2023,203,"Uzbekistan","UZB","UZB",160,"Russian Federation","RUS","RUS",93,20,"0","0","0","0","0","-","0"
1,"73Swby",1,890,2024,203,"Uzbekistan","UZB","UZB",160,"Russian Federation","RUS","RUS",172,18,"0","0","0","0","0","-","0"
1,"73Swby",1,891,2025,203,"Uzbekistan","UZB","UZB",160,"Russian Federation","RUS","RUS",243,13,"0","0","0","0","0","-","0"
1,"73Swby",1,892,2018,207,"Venezuela (Bolivarian Republic of)","VEN","VEN",160,"Russian Federation","RUS","RUS","0",5,"0","0","0","0","0","-","0"
1,"73Swby",1,893,2011,211,"Yemen","YEM","YEM",160,"Russian Federation","RUS","RUS","0",5,"0","0","0","0","0","-","0"
1,"73Swby",1,894,2015,211,"Yemen","YEM","YEM",160,"Russian Federation","RUS","RUS",41,24,"0","0","0","0","0","-","0"
1,"73Swby",1,895,2016,211,"Yemen","YEM","YEM",160,"Russian Federation","RUS","RUS",51,23,"0","0","0","0","0","-","0"
1,"73Swby",1,896,2017,211,"Yemen","YEM","YEM",160,"Russian Federation","RUS","RUS",54,24,"0","0","0","0","0","-","0"
1,"73Swby",1,897,2018,211,"Yemen","YEM","YEM",160,"Russian Federation","RUS","RUS",92,9,"0","0","0","0","0","-","0"
1,"73Swby",1,898,2019,211,"Yemen","YEM","YEM",160,"Russian Federation","RUS","RUS",97,20,"0","0","0","0","0","-","0"
1,"73Swby",1,899,2020,211,"Yemen","YEM","YEM",160,"Russian Federation","RUS","RUS",88,11,"0","0","0","0","0","-","0"
1,"73Swby",1,900,2021,211,"Yemen","YEM","YEM",160,"Russian Federation","RUS","RUS",84,13,"0","0","0","0","0","-","0"
1,"73Swby",1,901,2022,211,"Yemen","YEM","YEM",160,"Russian Federation","RUS","RUS",85,6,"0","0","0","0","0","-","0"
1,"73Swby",1,902,2023,211,"Yemen","YEM","YEM",160,"Russian Federation","RUS","RUS",58,"0","0","0","0","0","0","-","0"
1,"73Swby",1,903,2024,211,"Yemen","YEM","YEM",160,"Russian Federation","RUS","RUS",55,8,"0","0","0","0","0","-","0"
1,"73Swby",1,904,2025,211,"Yemen","YEM","YEM",160,"Russian Federation","RUS","RUS",61,22,"0","0","0","0","0","-","0"
1,"73Swby",1,905,1998,216,"Stateless","STA","XXA",160,"Russian Federation","RUS","RUS","0","0","0","0","0","0",21179,"-","0"
1,"73Swby",1,906,1999,216,"Stateless","STA","XXA",160,"Russian Federation","RUS","RUS","0","0","0","0","0","0",21179,"-","0"
1,"73Swby",1,907,2000,216,"Stateless","STA","XXA",160,"Russian Federation","RUS","RUS","0","0","0","0","0","0",11000,"-","0"
1,"73Swby",1,908,2001,216,"Stateless","STA","XXA",160,"Russian Federation","RUS","RUS","0","0","0","0","0","0",11000,"-","0"
1,"73Swby",1,909,2002,216,"Stateless","STA","XXA",160,"Russian Federation","RUS","RUS","0","0","0","0","0","0",11000,"-","0"
1,"73Swby",1,910,2003,216,"Stateless","STA","XXA",160,"Russian Federation","RUS","RUS","0","0","0","0","0","0",11000,"-","0"
1,"73Swby",1,911,2004,216,"Stateless","STA","XXA",160,"Russian Federation","RUS","RUS","0","0","0","0","0",10755,"0","-","0"
1,"73Swby",1,912,2005,216,"Stateless","STA","XXA",160,"Russian Federation","RUS","RUS","0","0","0","0","0",71155,"0","-","0"
1,"73Swby",1,913,2006,216,"Stateless","STA","XXA",160,"Russian Federation","RUS","RUS","0","0","0","0","0",53982,"0","-","0"
1,"73Swby",1,914,2007,216,"Stateless","STA","XXA",160,"Russian Federation","RUS","RUS","0","0","0","0","0",51296,"0","-","0"
1,"73Swby",1,915,2008,216,"Stateless","STA","XXA",160,"Russian Federation","RUS","RUS","0","0","0","0","0",50000,"0","-","0"
1,"73Swby",1,916,2009,216,"Stateless","STA","XXA",160,"Russian Federation","RUS","RUS","0","0","0","0","0",50000,"0","-","0"
1,"73Swby",1,917,2010,216,"Stateless","STA","XXA",160,"Russian Federation","RUS","RUS","0","0","0","0","0",50000,"0","-","0"
1,"73Swby",1,918,2011,216,"Stateless","STA","XXA",160,"Russian Federation","RUS","RUS","0","0","0","0","0",178000,"0","-","0"
1,"73Swby",1,919,2012,216,"Stateless","STA","XXA",160,"Russian Federation","RUS","RUS","0","0","0","0","0",178000,"0","-","0"
1,"73Swby",1,920,2013,216,"Stateless","STA","XXA",160,"Russian Federation","RUS","RUS","0","0","0","0","0",178000,"0","-","0"
1,"73Swby",1,921,2014,216,"Stateless","STA","XXA",160,"Russian Federation","RUS","RUS","0","0","0","0","0",113474,"0","-","0"
1,"73Swby",1,922,2015,216,"Stateless","STA","XXA",160,"Russian Federation","RUS","RUS",13,"0","0","0","0",101813,"0","-","0"
1,"73Swby",1,923,2016,216,"Stateless","STA","XXA",160,"Russian Federation","RUS","RUS",21,5,"0","0","0",90771,"0","-","0"
1,"73Swby",1,924,2017,216,"Stateless","STA","XXA",160,"Russian Federation","RUS","RUS",17,5,"0","0","0",82148,"0","-","0"
1,"73Swby",1,925,2018,216,"Stateless","STA","XXA",160,"Russian Federation","RUS","RUS",22,5,"0","0","0",75679,"0","-","0"
1,"73Swby",1,926,2019,216,"Stateless","STA","XXA",160,"Russian Federation","RUS","RUS",28,13,"0","0","0",68251,"0","-","0"
1,"73Swby",1,927,2020,216,"Stateless","STA","XXA",160,"Russian Federation","RUS","RUS",31,11,"0","0","0",60185,"0","-","0"
1,"73Swby",1,928,2021,216,"Stateless","STA","XXA",160,"Russian Federation","RUS","RUS",36,5,"0","0","0",54061,"0","-","0"
1,"73Swby",1,929,2022,216,"Stateless","STA","XXA",160,"Russian Federation","RUS","RUS",29,5,"0","0","0",95195,"0","-","0"
1,"73Swby",1,930,2023,216,"Stateless","STA","XXA",160,"Russian Federation","RUS","RUS",31,5,"0","0","0",92209,"0","-","0"
1,"73Swby",1,931,2024,216,"Stateless","STA","XXA",160,"Russian Federation","RUS","RUS",42,5,"0","0","0",90185,"0","-","0"
1,"73Swby",1,932,2025,216,"Stateless","STA","XXA",160,"Russian Federation","RUS","RUS",41,"0","0","0","0",89027,"0","-","0"
1,"73Swby",1,933,1994,262,"Unknown ","UKN","UNK",160,"Russian Federation","RUS","RUS","0","0",23,"0","0","0","0","-","0"
1,"73Swby",1,934,1995,262,"Unknown ","UKN","UNK",160,"Russian Federation","RUS","RUS","0","0",15,"0","0","0","0","-","0"
1,"73Swby",1,935,1996,262,"Unknown ","UKN","UNK",160,"Russian Federation","RUS","RUS",7,"0",29,"0","0","0","0","-","0"
1,"73Swby",1,936,1997,262,"Unknown ","UKN","UNK",160,"Russian Federation","RUS","RUS",5,"0","0","0","0","0","0","-","0"
1,"73Swby",1,937,1998,262,"Unknown ","UKN","UNK",160,"Russian Federation","RUS","RUS",8,"0","0","0","0","0","0","-","0"
1,"73Swby",1,938,1999,262,"Unknown ","UKN","UNK",160,"Russian Federation","RUS","RUS",17,"0","0","0","0","0","0","-","0"
1,"73Swby",1,939,2000,262,"Unknown ","UKN","UNK",160,"Russian Federation","RUS","RUS",19,14,"0","0","0","0",1324,"-","0"
1,"73Swby",1,940,2001,262,"Unknown ","UKN","UNK",160,"Russian Federation","RUS","RUS",19,18,"0","0","0","0",5921,"-","0"
1,"73Swby",1,941,2002,262,"Unknown ","UKN","UNK",160,"Russian Federation","RUS","RUS",42,6,"0","0","0","0",5113,"-","0"
1,"73Swby",1,942,2003,262,"Unknown ","UKN","UNK",160,"Russian Federation","RUS","RUS",35,5,"0","0","0","0",5793,"-","0"
1,"73Swby",1,943,2004,262,"Unknown ","UKN","UNK",160,"Russian Federation","RUS","RUS",59,13,"0","0","0","0",5177,"-","0"
1,"73Swby",1,944,2005,262,"Unknown ","UKN","UNK",160,"Russian Federation","RUS","RUS",10,"0","0","0","0","0",5798,"-","0"
1,"73Swby",1,945,2006,262,"Unknown ","UKN","UNK",160,"Russian Federation","RUS","RUS",9,5,"0","0","0","0",3921,"-","0"
1,"73Swby",1,946,2007,262,"Unknown ","UKN","UNK",160,"Russian Federation","RUS","RUS",5,147,"0","0","0","0",2893,"-","0"
1,"73Swby",1,947,2008,262,"Unknown ","UKN","UNK",160,"Russian Federation","RUS","RUS","0",56,5,"0","0","0","0","-","0"
1,"73Swby",1,948,2009,262,"Unknown ","UKN","UNK",160,"Russian Federation","RUS","RUS",11,28,"0","0","0","0","0","-","0"
1,"73Swby",1,949,2010,262,"Unknown ","UKN","UNK",160,"Russian Federation","RUS","RUS",23,"0","0","0","0","0","0","-","0"
1,"73Swby",1,950,2011,262,"Unknown ","UKN","UNK",160,"Russian Federation","RUS","RUS",18,14,"0","0","0","0","0","-","0"
1,"73Swby",1,951,2012,262,"Unknown ","UKN","UNK",160,"Russian Federation","RUS","RUS",38,14,"0","0","0","0","0","-","0"
1,"73Swby",1,952,2013,262,"Unknown ","UKN","UNK",160,"Russian Federation","RUS","RUS",33,28,"0","0","0","0","0","-","0"
1,"73Swby",1,953,2014,262,"Unknown ","UKN","UNK",160,"Russian Federation","RUS","RUS",5,12,"0","0","0","0",2126,"-","0"
1,"73Swby",1,954,2015,262,"Unknown ","UKN","UNK",160,"Russian Federation","RUS","RUS",12,5,"0","0","0","0","0","-","0"
1,"73Swby",1,955,2016,262,"Unknown ","UKN","UNK",160,"Russian Federation","RUS","RUS",5,5,"0","0","0","0","0","-","0"
1,"73Swby",1,956,2017,262,"Unknown ","UKN","UNK",160,"Russian Federation","RUS","RUS","0",12,"0","0","0","0","0","-","0"
1,"73Swby",1,957,2018,262,"Unknown ","UKN","UNK",160,"Russian Federation","RUS","RUS","0",5,"0","0","0","0","0","-","0"
1,"73Swby",1,958,2019,262,"Unknown ","UKN","UNK",160,"Russian Federation","RUS","RUS",5,5,"0","0","0","0","0","-","0"
1,"73Swby",1,959,2020,262,"Unknown ","UKN","UNK",160,"Russian Federation","RUS","RUS","0",5,"0","0","0","0","0","-","0"
1,"73Swby",1,960,2021,262,"Unknown ","UKN","UNK",160,"Russian Federation","RUS","RUS",5,5,"0","0","0","0","0","-","0"
1,"73Swby",1,961,2022,262,"Unknown ","UKN","UNK",160,"Russian Federation","RUS","RUS",7,5,"0","0","0","0","0","-","0"
1,"73Swby",1,962,2023,262,"Unknown ","UKN","UNK",160,"Russian Federation","RUS","RUS",24,5,"0","0","0","0","0","-","0"
1,"73Swby",1,963,2024,262,"Unknown ","UKN","UNK",160,"Russian Federation","RUS","RUS",167,10,"0","0","0","0","0","-","0"
1,"73Swby",1,964,2025,262,"Unknown ","UKN","UNK",160,"Russian Federation","RUS","RUS",165,26,"0","0","0","0","0","-","0"
