"page","short-url","maxPages","items","year","coo_id","coo_name","coo","coo_iso","coa_id","coa_name","coa","coa_iso","refugees","asylum_seekers","idps","oip","stateless","hst","ooc"
1,"xyi69N",1,1,1990,2,"Afghanistan","AFG","AFG",183,"Sweden","SWE","SWE",378,"0","0","-","0","0","0"
1,"xyi69N",1,2,1991,2,"Afghanistan","AFG","AFG",183,"Sweden","SWE","SWE",512,"0","0","-","0","0","0"
1,"xyi69N",1,3,1992,2,"Afghanistan","AFG","AFG",183,"Sweden","SWE","SWE",556,"0","0","-","0","0","0"
1,"xyi69N",1,4,1993,2,"Afghanistan","AFG","AFG",183,"Sweden","SWE","SWE",682,"0","0","-","0","0","0"
1,"xyi69N",1,5,1994,2,"Afghanistan","AFG","AFG",183,"Sweden","SWE","SWE",841,"0","0","-","0","0","0"
1,"xyi69N",1,6,1995,2,"Afghanistan","AFG","AFG",183,"Sweden","SWE","SWE",833,"0","0","-","0","0","0"
1,"xyi69N",1,7,1996,2,"Afghanistan","AFG","AFG",183,"Sweden","SWE","SWE",1237,"0","0","-","0","0","0"
1,"xyi69N",1,8,1997,2,"Afghanistan","AFG","AFG",183,"Sweden","SWE","SWE",1320,"0","0","-","0","0","0"
1,"xyi69N",1,9,1998,2,"Afghanistan","AFG","AFG",183,"Sweden","SWE","SWE",1443,"0","0","-","0","0","0"
1,"xyi69N",1,10,1999,2,"Afghanistan","AFG","AFG",183,"Sweden","SWE","SWE",1451,"0","0","-","0","0","0"
1,"xyi69N",1,11,2000,2,"Afghanistan","AFG","AFG",183,"Sweden","SWE","SWE",2318,"0","0","-","0","0","0"
1,"xyi69N",1,12,2001,2,"Afghanistan","AFG","AFG",183,"Sweden","SWE","SWE",2732,"0","0","-","0","0","0"
1,"xyi69N",1,13,2002,2,"Afghanistan","AFG","AFG",183,"Sweden","SWE","SWE",3185,528,"0","-","0","0","0"
1,"xyi69N",1,14,2003,2,"Afghanistan","AFG","AFG",183,"Sweden","SWE","SWE",3425,877,"0","-","0","0","0"
1,"xyi69N",1,15,2004,2,"Afghanistan","AFG","AFG",183,"Sweden","SWE","SWE",3903,1172,"0","-","0","0","0"
1,"xyi69N",1,16,2005,2,"Afghanistan","AFG","AFG",183,"Sweden","SWE","SWE",4264,699,"0","-","0","0","0"
1,"xyi69N",1,17,2006,2,"Afghanistan","AFG","AFG",183,"Sweden","SWE","SWE",4278,591,"0","-","0","0","0"
1,"xyi69N",1,18,2007,2,"Afghanistan","AFG","AFG",183,"Sweden","SWE","SWE",2611,624,"0","-","0","0","0"
1,"xyi69N",1,19,2008,2,"Afghanistan","AFG","AFG",183,"Sweden","SWE","SWE",2946,604,"0","-","0","0","0"
1,"xyi69N",1,20,2009,2,"Afghanistan","AFG","AFG",183,"Sweden","SWE","SWE",3637,1061,"0","-","0","0","0"
1,"xyi69N",1,21,2010,2,"Afghanistan","AFG","AFG",183,"Sweden","SWE","SWE",4150,1708,"0","-","0","0","0"
1,"xyi69N",1,22,2011,2,"Afghanistan","AFG","AFG",183,"Sweden","SWE","SWE",6620,2204,"0","-","0","0","0"
1,"xyi69N",1,23,2012,2,"Afghanistan","AFG","AFG",183,"Sweden","SWE","SWE",8454,2353,"0","-","0","0","0"
1,"xyi69N",1,24,2013,2,"Afghanistan","AFG","AFG",183,"Sweden","SWE","SWE",10499,1698,"0","-","0","0","0"
1,"xyi69N",1,25,2014,2,"Afghanistan","AFG","AFG",183,"Sweden","SWE","SWE",12090,2263,"0","-","0","0","0"
1,"xyi69N",1,26,2015,2,"Afghanistan","AFG","AFG",183,"Sweden","SWE","SWE",13064,40614,"0","-","0","0","0"
1,"xyi69N",1,27,2016,2,"Afghanistan","AFG","AFG",183,"Sweden","SWE","SWE",16558,34217,"0","-","0","0","0"
1,"xyi69N",1,28,2017,2,"Afghanistan","AFG","AFG",183,"Sweden","SWE","SWE",25645,17812,"0","-","0","0","0"
1,"xyi69N",1,29,2018,2,"Afghanistan","AFG","AFG",183,"Sweden","SWE","SWE",28204,8614,"0","-","0","0","0"
1,"xyi69N",1,30,2019,2,"Afghanistan","AFG","AFG",183,"Sweden","SWE","SWE",30546,3015,"0","-","0","0","0"
1,"xyi69N",1,31,2020,2,"Afghanistan","AFG","AFG",183,"Sweden","SWE","SWE",29927,1358,"0","-","0","0","0"
1,"xyi69N",1,32,2021,2,"Afghanistan","AFG","AFG",183,"Sweden","SWE","SWE",27562,1824,"0","-","0","0","0"
1,"xyi69N",1,33,2022,2,"Afghanistan","AFG","AFG",183,"Sweden","SWE","SWE",26197,2052,"0","-","0","0","0"
1,"xyi69N",1,34,2023,2,"Afghanistan","AFG","AFG",183,"Sweden","SWE","SWE",22279,1191,"0","-","0","0","0"
1,"xyi69N",1,35,2024,2,"Afghanistan","AFG","AFG",183,"Sweden","SWE","SWE",25499,412,"0","-","0","0","0"
1,"xyi69N",1,36,2025,2,"Afghanistan","AFG","AFG",183,"Sweden","SWE","SWE",23895,359,"0","-","0","0","0"
1,"xyi69N",1,37,1990,3,"Albania","ALB","ALB",183,"Sweden","SWE","SWE",12,"0","0","-","0","0","0"
1,"xyi69N",1,38,1991,3,"Albania","ALB","ALB",183,"Sweden","SWE","SWE",17,"0","0","-","0","0","0"
1,"xyi69N",1,39,1992,3,"Albania","ALB","ALB",183,"Sweden","SWE","SWE",22,"0","0","-","0","0","0"
1,"xyi69N",1,40,1993,3,"Albania","ALB","ALB",183,"Sweden","SWE","SWE",24,"0","0","-","0","0","0"
1,"xyi69N",1,41,1994,3,"Albania","ALB","ALB",183,"Sweden","SWE","SWE",36,"0","0","-","0","0","0"
1,"xyi69N",1,42,1995,3,"Albania","ALB","ALB",183,"Sweden","SWE","SWE",36,"0","0","-","0","0","0"
1,"xyi69N",1,43,1996,3,"Albania","ALB","ALB",183,"Sweden","SWE","SWE",36,"0","0","-","0","0","0"
1,"xyi69N",1,44,1997,3,"Albania","ALB","ALB",183,"Sweden","SWE","SWE",47,"0","0","-","0","0","0"
1,"xyi69N",1,45,1998,3,"Albania","ALB","ALB",183,"Sweden","SWE","SWE",47,"0","0","-","0","0","0"
1,"xyi69N",1,46,1999,3,"Albania","ALB","ALB",183,"Sweden","SWE","SWE",47,"0","0","-","0","0","0"
1,"xyi69N",1,47,2000,3,"Albania","ALB","ALB",183,"Sweden","SWE","SWE",71,"0","0","-","0","0","0"
1,"xyi69N",1,48,2001,3,"Albania","ALB","ALB",183,"Sweden","SWE","SWE",83,"0","0","-","0","0","0"
1,"xyi69N",1,49,2002,3,"Albania","ALB","ALB",183,"Sweden","SWE","SWE",101,241,"0","-","0","0","0"
1,"xyi69N",1,50,2003,3,"Albania","ALB","ALB",183,"Sweden","SWE","SWE",116,233,"0","-","0","0","0"
1,"xyi69N",1,51,2004,3,"Albania","ALB","ALB",183,"Sweden","SWE","SWE",122,186,"0","-","0","0","0"
1,"xyi69N",1,52,2005,3,"Albania","ALB","ALB",183,"Sweden","SWE","SWE",150,79,"0","-","0","0","0"
1,"xyi69N",1,53,2006,3,"Albania","ALB","ALB",183,"Sweden","SWE","SWE",155,74,"0","-","0","0","0"
1,"xyi69N",1,54,2007,3,"Albania","ALB","ALB",183,"Sweden","SWE","SWE",172,98,"0","-","0","0","0"
1,"xyi69N",1,55,2008,3,"Albania","ALB","ALB",183,"Sweden","SWE","SWE",175,98,"0","-","0","0","0"
1,"xyi69N",1,56,2009,3,"Albania","ALB","ALB",183,"Sweden","SWE","SWE",183,78,"0","-","0","0","0"
1,"xyi69N",1,57,2010,3,"Albania","ALB","ALB",183,"Sweden","SWE","SWE",166,39,"0","-","0","0","0"
1,"xyi69N",1,58,2011,3,"Albania","ALB","ALB",183,"Sweden","SWE","SWE",170,166,"0","-","0","0","0"
1,"xyi69N",1,59,2012,3,"Albania","ALB","ALB",183,"Sweden","SWE","SWE",209,619,"0","-","0","0","0"
1,"xyi69N",1,60,2013,3,"Albania","ALB","ALB",183,"Sweden","SWE","SWE",252,722,"0","-","0","0","0"
1,"xyi69N",1,61,2014,3,"Albania","ALB","ALB",183,"Sweden","SWE","SWE",289,1256,"0","-","0","0","0"
1,"xyi69N",1,62,2015,3,"Albania","ALB","ALB",183,"Sweden","SWE","SWE",297,1036,"0","-","0","0","0"
1,"xyi69N",1,63,2016,3,"Albania","ALB","ALB",183,"Sweden","SWE","SWE",351,432,"0","-","0","0","0"
1,"xyi69N",1,64,2017,3,"Albania","ALB","ALB",183,"Sweden","SWE","SWE",329,384,"0","-","0","0","0"
1,"xyi69N",1,65,2018,3,"Albania","ALB","ALB",183,"Sweden","SWE","SWE",331,415,"0","-","0","0","0"
1,"xyi69N",1,66,2019,3,"Albania","ALB","ALB",183,"Sweden","SWE","SWE",327,376,"0","-","0","0","0"
1,"xyi69N",1,67,2020,3,"Albania","ALB","ALB",183,"Sweden","SWE","SWE",310,206,"0","-","0","0","0"
1,"xyi69N",1,68,2021,3,"Albania","ALB","ALB",183,"Sweden","SWE","SWE",290,155,"0","-","0","0","0"
1,"xyi69N",1,69,2022,3,"Albania","ALB","ALB",183,"Sweden","SWE","SWE",229,134,"0","-","0","0","0"
1,"xyi69N",1,70,2023,3,"Albania","ALB","ALB",183,"Sweden","SWE","SWE",167,131,"0","-","0","0","0"
1,"xyi69N",1,71,2024,3,"Albania","ALB","ALB",183,"Sweden","SWE","SWE",64,21,"0","-","0","0","0"
1,"xyi69N",1,72,2025,3,"Albania","ALB","ALB",183,"Sweden","SWE","SWE",54,23,"0","-","0","0","0"
1,"xyi69N",1,73,1990,4,"Algeria","ALG","DZA",183,"Sweden","SWE","SWE",13,"0","0","-","0","0","0"
1,"xyi69N",1,74,1991,4,"Algeria","ALG","DZA",183,"Sweden","SWE","SWE",50,"0","0","-","0","0","0"
1,"xyi69N",1,75,1992,4,"Algeria","ALG","DZA",183,"Sweden","SWE","SWE",64,"0","0","-","0","0","0"
1,"xyi69N",1,76,1993,4,"Algeria","ALG","DZA",183,"Sweden","SWE","SWE",74,"0","0","-","0","0","0"
1,"xyi69N",1,77,1994,4,"Algeria","ALG","DZA",183,"Sweden","SWE","SWE",94,"0","0","-","0","0","0"
1,"xyi69N",1,78,1995,4,"Algeria","ALG","DZA",183,"Sweden","SWE","SWE",96,"0","0","-","0","0","0"
1,"xyi69N",1,79,1996,4,"Algeria","ALG","DZA",183,"Sweden","SWE","SWE",99,"0","0","-","0","0","0"
1,"xyi69N",1,80,1997,4,"Algeria","ALG","DZA",183,"Sweden","SWE","SWE",110,"0","0","-","0","0","0"
1,"xyi69N",1,81,1998,4,"Algeria","ALG","DZA",183,"Sweden","SWE","SWE",112,"0","0","-","0","0","0"
1,"xyi69N",1,82,1999,4,"Algeria","ALG","DZA",183,"Sweden","SWE","SWE",112,"0","0","-","0","0","0"
1,"xyi69N",1,83,2000,4,"Algeria","ALG","DZA",183,"Sweden","SWE","SWE",115,"0","0","-","0","0","0"
1,"xyi69N",1,84,2001,4,"Algeria","ALG","DZA",183,"Sweden","SWE","SWE",92,"0","0","-","0","0","0"
1,"xyi69N",1,85,2002,4,"Algeria","ALG","DZA",183,"Sweden","SWE","SWE",91,330,"0","-","0","0","0"
1,"xyi69N",1,86,2003,4,"Algeria","ALG","DZA",183,"Sweden","SWE","SWE",92,331,"0","-","0","0","0"
1,"xyi69N",1,87,2004,4,"Algeria","ALG","DZA",183,"Sweden","SWE","SWE",74,291,"0","-","0","0","0"
1,"xyi69N",1,88,2005,4,"Algeria","ALG","DZA",183,"Sweden","SWE","SWE",94,131,"0","-","0","0","0"
1,"xyi69N",1,89,2006,4,"Algeria","ALG","DZA",183,"Sweden","SWE","SWE",93,111,"0","-","0","0","0"
1,"xyi69N",1,90,2007,4,"Algeria","ALG","DZA",183,"Sweden","SWE","SWE",81,122,"0","-","0","0","0"
1,"xyi69N",1,91,2008,4,"Algeria","ALG","DZA",183,"Sweden","SWE","SWE",92,113,"0","-","0","0","0"
1,"xyi69N",1,92,2009,4,"Algeria","ALG","DZA",183,"Sweden","SWE","SWE",93,115,"0","-","0","0","0"
1,"xyi69N",1,93,2010,4,"Algeria","ALG","DZA",183,"Sweden","SWE","SWE",86,135,"0","-","0","0","0"
1,"xyi69N",1,94,2011,4,"Algeria","ALG","DZA",183,"Sweden","SWE","SWE",78,140,"0","-","0","0","0"
1,"xyi69N",1,95,2012,4,"Algeria","ALG","DZA",183,"Sweden","SWE","SWE",66,127,"0","-","0","0","0"
1,"xyi69N",1,96,2013,4,"Algeria","ALG","DZA",183,"Sweden","SWE","SWE",62,148,"0","-","0","0","0"
1,"xyi69N",1,97,2014,4,"Algeria","ALG","DZA",183,"Sweden","SWE","SWE",74,236,"0","-","0","0","0"
1,"xyi69N",1,98,2015,4,"Algeria","ALG","DZA",183,"Sweden","SWE","SWE",61,249,"0","-","0","0","0"
1,"xyi69N",1,99,2016,4,"Algeria","ALG","DZA",183,"Sweden","SWE","SWE",67,181,"0","-","0","0","0"
1,"xyi69N",1,100,2017,4,"Algeria","ALG","DZA",183,"Sweden","SWE","SWE",66,121,"0","-","0","0","0"
1,"xyi69N",1,101,2018,4,"Algeria","ALG","DZA",183,"Sweden","SWE","SWE",60,87,"0","-","0","0","0"
1,"xyi69N",1,102,2019,4,"Algeria","ALG","DZA",183,"Sweden","SWE","SWE",60,70,"0","-","0","0","0"
1,"xyi69N",1,103,2020,4,"Algeria","ALG","DZA",183,"Sweden","SWE","SWE",61,62,"0","-","0","0","0"
1,"xyi69N",1,104,2021,4,"Algeria","ALG","DZA",183,"Sweden","SWE","SWE",55,69,"0","-","0","0","0"
1,"xyi69N",1,105,2022,4,"Algeria","ALG","DZA",183,"Sweden","SWE","SWE",61,56,"0","-","0","0","0"
1,"xyi69N",1,106,2023,4,"Algeria","ALG","DZA",183,"Sweden","SWE","SWE",49,50,"0","-","0","0","0"
1,"xyi69N",1,107,2024,4,"Algeria","ALG","DZA",183,"Sweden","SWE","SWE",74,21,"0","-","0","0","0"
1,"xyi69N",1,108,2025,4,"Algeria","ALG","DZA",183,"Sweden","SWE","SWE",74,20,"0","-","0","0","0"
1,"xyi69N",1,109,1990,6,"Angola","ANG","AGO",183,"Sweden","SWE","SWE",14,"0","0","-","0","0","0"
1,"xyi69N",1,110,1991,6,"Angola","ANG","AGO",183,"Sweden","SWE","SWE",62,"0","0","-","0","0","0"
1,"xyi69N",1,111,1992,6,"Angola","ANG","AGO",183,"Sweden","SWE","SWE",77,"0","0","-","0","0","0"
1,"xyi69N",1,112,1993,6,"Angola","ANG","AGO",183,"Sweden","SWE","SWE",84,"0","0","-","0","0","0"
1,"xyi69N",1,113,1994,6,"Angola","ANG","AGO",183,"Sweden","SWE","SWE",103,"0","0","-","0","0","0"
1,"xyi69N",1,114,1995,6,"Angola","ANG","AGO",183,"Sweden","SWE","SWE",110,"0","0","-","0","0","0"
1,"xyi69N",1,115,1996,6,"Angola","ANG","AGO",183,"Sweden","SWE","SWE",115,"0","0","-","0","0","0"
1,"xyi69N",1,116,1997,6,"Angola","ANG","AGO",183,"Sweden","SWE","SWE",120,"0","0","-","0","0","0"
1,"xyi69N",1,117,1998,6,"Angola","ANG","AGO",183,"Sweden","SWE","SWE",123,"0","0","-","0","0","0"
1,"xyi69N",1,118,1999,6,"Angola","ANG","AGO",183,"Sweden","SWE","SWE",123,"0","0","-","0","0","0"
1,"xyi69N",1,119,2000,6,"Angola","ANG","AGO",183,"Sweden","SWE","SWE",112,"0","0","-","0","0","0"
1,"xyi69N",1,120,2001,6,"Angola","ANG","AGO",183,"Sweden","SWE","SWE",72,"0","0","-","0","0","0"
1,"xyi69N",1,121,2002,6,"Angola","ANG","AGO",183,"Sweden","SWE","SWE",79,51,"0","-","0","0","0"
1,"xyi69N",1,122,2003,6,"Angola","ANG","AGO",183,"Sweden","SWE","SWE",84,107,"0","-","0","0","0"
1,"xyi69N",1,123,2004,6,"Angola","ANG","AGO",183,"Sweden","SWE","SWE",76,152,"0","-","0","0","0"
1,"xyi69N",1,124,2005,6,"Angola","ANG","AGO",183,"Sweden","SWE","SWE",74,50,"0","-","0","0","0"
1,"xyi69N",1,125,2006,6,"Angola","ANG","AGO",183,"Sweden","SWE","SWE",69,36,"0","-","0","0","0"
1,"xyi69N",1,126,2007,6,"Angola","ANG","AGO",183,"Sweden","SWE","SWE",97,33,"0","-","0","0","0"
1,"xyi69N",1,127,2008,6,"Angola","ANG","AGO",183,"Sweden","SWE","SWE",102,12,"0","-","0","0","0"
1,"xyi69N",1,128,2009,6,"Angola","ANG","AGO",183,"Sweden","SWE","SWE",107,21,"0","-","0","0","0"
1,"xyi69N",1,129,2010,6,"Angola","ANG","AGO",183,"Sweden","SWE","SWE",108,23,"0","-","0","0","0"
1,"xyi69N",1,130,2011,6,"Angola","ANG","AGO",183,"Sweden","SWE","SWE",102,16,"0","-","0","0","0"
1,"xyi69N",1,131,2012,6,"Angola","ANG","AGO",183,"Sweden","SWE","SWE",80,6,"0","-","0","0","0"
1,"xyi69N",1,132,2013,6,"Angola","ANG","AGO",183,"Sweden","SWE","SWE",76,14,"0","-","0","0","0"
1,"xyi69N",1,133,2014,6,"Angola","ANG","AGO",183,"Sweden","SWE","SWE",70,9,"0","-","0","0","0"
1,"xyi69N",1,134,2015,6,"Angola","ANG","AGO",183,"Sweden","SWE","SWE",68,15,"0","-","0","0","0"
1,"xyi69N",1,135,2016,6,"Angola","ANG","AGO",183,"Sweden","SWE","SWE",73,20,"0","-","0","0","0"
1,"xyi69N",1,136,2017,6,"Angola","ANG","AGO",183,"Sweden","SWE","SWE",38,29,"0","-","0","0","0"
1,"xyi69N",1,137,2018,6,"Angola","ANG","AGO",183,"Sweden","SWE","SWE",29,26,"0","-","0","0","0"
1,"xyi69N",1,138,2019,6,"Angola","ANG","AGO",183,"Sweden","SWE","SWE",23,30,"0","-","0","0","0"
1,"xyi69N",1,139,2020,6,"Angola","ANG","AGO",183,"Sweden","SWE","SWE",23,35,"0","-","0","0","0"
1,"xyi69N",1,140,2021,6,"Angola","ANG","AGO",183,"Sweden","SWE","SWE",21,13,"0","-","0","0","0"
1,"xyi69N",1,141,2022,6,"Angola","ANG","AGO",183,"Sweden","SWE","SWE",21,8,"0","-","0","0","0"
1,"xyi69N",1,142,2023,6,"Angola","ANG","AGO",183,"Sweden","SWE","SWE",15,16,"0","-","0","0","0"
1,"xyi69N",1,143,2024,6,"Angola","ANG","AGO",183,"Sweden","SWE","SWE",64,"0","0","-","0","0","0"
1,"xyi69N",1,144,2025,6,"Angola","ANG","AGO",183,"Sweden","SWE","SWE",57,"0","0","-","0","0","0"
1,"xyi69N",1,145,1990,8,"Egypt","ARE","EGY",183,"Sweden","SWE","SWE",33,"0","0","-","0","0","0"
1,"xyi69N",1,146,1991,8,"Egypt","ARE","EGY",183,"Sweden","SWE","SWE",83,"0","0","-","0","0","0"
1,"xyi69N",1,147,1992,8,"Egypt","ARE","EGY",183,"Sweden","SWE","SWE",130,"0","0","-","0","0","0"
1,"xyi69N",1,148,1993,8,"Egypt","ARE","EGY",183,"Sweden","SWE","SWE",140,"0","0","-","0","0","0"
1,"xyi69N",1,149,1994,8,"Egypt","ARE","EGY",183,"Sweden","SWE","SWE",174,"0","0","-","0","0","0"
1,"xyi69N",1,150,1995,8,"Egypt","ARE","EGY",183,"Sweden","SWE","SWE",179,"0","0","-","0","0","0"
1,"xyi69N",1,151,1996,8,"Egypt","ARE","EGY",183,"Sweden","SWE","SWE",183,"0","0","-","0","0","0"
1,"xyi69N",1,152,1997,8,"Egypt","ARE","EGY",183,"Sweden","SWE","SWE",190,"0","0","-","0","0","0"
1,"xyi69N",1,153,1998,8,"Egypt","ARE","EGY",183,"Sweden","SWE","SWE",208,"0","0","-","0","0","0"
1,"xyi69N",1,154,1999,8,"Egypt","ARE","EGY",183,"Sweden","SWE","SWE",208,"0","0","-","0","0","0"
1,"xyi69N",1,155,2000,8,"Egypt","ARE","EGY",183,"Sweden","SWE","SWE",184,"0","0","-","0","0","0"
1,"xyi69N",1,156,2001,8,"Egypt","ARE","EGY",183,"Sweden","SWE","SWE",139,"0","0","-","0","0","0"
1,"xyi69N",1,157,2002,8,"Egypt","ARE","EGY",183,"Sweden","SWE","SWE",104,156,"0","-","0","0","0"
1,"xyi69N",1,158,2003,8,"Egypt","ARE","EGY",183,"Sweden","SWE","SWE",108,128,"0","-","0","0","0"
1,"xyi69N",1,159,2004,8,"Egypt","ARE","EGY",183,"Sweden","SWE","SWE",85,122,"0","-","0","0","0"
1,"xyi69N",1,160,2005,8,"Egypt","ARE","EGY",183,"Sweden","SWE","SWE",89,118,"0","-","0","0","0"
1,"xyi69N",1,161,2006,8,"Egypt","ARE","EGY",183,"Sweden","SWE","SWE",100,111,"0","-","0","0","0"
1,"xyi69N",1,162,2007,8,"Egypt","ARE","EGY",183,"Sweden","SWE","SWE",109,131,"0","-","0","0","0"
1,"xyi69N",1,163,2008,8,"Egypt","ARE","EGY",183,"Sweden","SWE","SWE",96,103,"0","-","0","0","0"
1,"xyi69N",1,164,2009,8,"Egypt","ARE","EGY",183,"Sweden","SWE","SWE",107,129,"0","-","0","0","0"
1,"xyi69N",1,165,2010,8,"Egypt","ARE","EGY",183,"Sweden","SWE","SWE",112,146,"0","-","0","0","0"
1,"xyi69N",1,166,2011,8,"Egypt","ARE","EGY",183,"Sweden","SWE","SWE",124,113,"0","-","0","0","0"
1,"xyi69N",1,167,2012,8,"Egypt","ARE","EGY",183,"Sweden","SWE","SWE",142,106,"0","-","0","0","0"
1,"xyi69N",1,168,2013,8,"Egypt","ARE","EGY",183,"Sweden","SWE","SWE",173,232,"0","-","0","0","0"
1,"xyi69N",1,169,2014,8,"Egypt","ARE","EGY",183,"Sweden","SWE","SWE",228,468,"0","-","0","0","0"
1,"xyi69N",1,170,2015,8,"Egypt","ARE","EGY",183,"Sweden","SWE","SWE",274,541,"0","-","0","0","0"
1,"xyi69N",1,171,2016,8,"Egypt","ARE","EGY",183,"Sweden","SWE","SWE",341,396,"0","-","0","0","0"
1,"xyi69N",1,172,2017,8,"Egypt","ARE","EGY",183,"Sweden","SWE","SWE",347,384,"0","-","0","0","0"
1,"xyi69N",1,173,2018,8,"Egypt","ARE","EGY",183,"Sweden","SWE","SWE",362,572,"0","-","0","0","0"
1,"xyi69N",1,174,2019,8,"Egypt","ARE","EGY",183,"Sweden","SWE","SWE",391,506,"0","-","0","0","0"
1,"xyi69N",1,175,2020,8,"Egypt","ARE","EGY",183,"Sweden","SWE","SWE",409,295,"0","-","0","0","0"
1,"xyi69N",1,176,2021,8,"Egypt","ARE","EGY",183,"Sweden","SWE","SWE",422,154,"0","-","0","0","0"
1,"xyi69N",1,177,2022,8,"Egypt","ARE","EGY",183,"Sweden","SWE","SWE",408,128,"0","-","0","0","0"
1,"xyi69N",1,178,2023,8,"Egypt","ARE","EGY",183,"Sweden","SWE","SWE",363,72,"0","-","0","0","0"
1,"xyi69N",1,179,2024,8,"Egypt","ARE","EGY",183,"Sweden","SWE","SWE",199,44,"0","-","0","0","0"
1,"xyi69N",1,180,2025,8,"Egypt","ARE","EGY",183,"Sweden","SWE","SWE",187,68,"0","-","0","0","0"
1,"xyi69N",1,181,1990,9,"Argentina","ARG","ARG",183,"Sweden","SWE","SWE",275,"0","0","-","0","0","0"
1,"xyi69N",1,182,1991,9,"Argentina","ARG","ARG",183,"Sweden","SWE","SWE",145,"0","0","-","0","0","0"
1,"xyi69N",1,183,1992,9,"Argentina","ARG","ARG",183,"Sweden","SWE","SWE",81,"0","0","-","0","0","0"
1,"xyi69N",1,184,1993,9,"Argentina","ARG","ARG",183,"Sweden","SWE","SWE",43,"0","0","-","0","0","0"
1,"xyi69N",1,185,1994,9,"Argentina","ARG","ARG",183,"Sweden","SWE","SWE",47,"0","0","-","0","0","0"
1,"xyi69N",1,186,1995,9,"Argentina","ARG","ARG",183,"Sweden","SWE","SWE",48,"0","0","-","0","0","0"
1,"xyi69N",1,187,1996,9,"Argentina","ARG","ARG",183,"Sweden","SWE","SWE",48,"0","0","-","0","0","0"
1,"xyi69N",1,188,1997,9,"Argentina","ARG","ARG",183,"Sweden","SWE","SWE",48,"0","0","-","0","0","0"
1,"xyi69N",1,189,1998,9,"Argentina","ARG","ARG",183,"Sweden","SWE","SWE",48,"0","0","-","0","0","0"
1,"xyi69N",1,190,1999,9,"Argentina","ARG","ARG",183,"Sweden","SWE","SWE",48,"0","0","-","0","0","0"
1,"xyi69N",1,191,2000,9,"Argentina","ARG","ARG",183,"Sweden","SWE","SWE",23,"0","0","-","0","0","0"
1,"xyi69N",1,192,2001,9,"Argentina","ARG","ARG",183,"Sweden","SWE","SWE",15,"0","0","-","0","0","0"
1,"xyi69N",1,193,2002,9,"Argentina","ARG","ARG",183,"Sweden","SWE","SWE",10,10,"0","-","0","0","0"
1,"xyi69N",1,194,2003,9,"Argentina","ARG","ARG",183,"Sweden","SWE","SWE",10,"0","0","-","0","0","0"
1,"xyi69N",1,195,2004,9,"Argentina","ARG","ARG",183,"Sweden","SWE","SWE",6,"0","0","-","0","0","0"
1,"xyi69N",1,196,2005,9,"Argentina","ARG","ARG",183,"Sweden","SWE","SWE",5,"0","0","-","0","0","0"
1,"xyi69N",1,197,2006,9,"Argentina","ARG","ARG",183,"Sweden","SWE","SWE",5,"0","0","-","0","0","0"
1,"xyi69N",1,198,2007,9,"Argentina","ARG","ARG",183,"Sweden","SWE","SWE",5,"0","0","-","0","0","0"
1,"xyi69N",1,199,2008,9,"Argentina","ARG","ARG",183,"Sweden","SWE","SWE",5,"0","0","-","0","0","0"
1,"xyi69N",1,200,2009,9,"Argentina","ARG","ARG",183,"Sweden","SWE","SWE",5,"0","0","-","0","0","0"
1,"xyi69N",1,201,2010,9,"Argentina","ARG","ARG",183,"Sweden","SWE","SWE",5,"0","0","-","0","0","0"
1,"xyi69N",1,202,2013,9,"Argentina","ARG","ARG",183,"Sweden","SWE","SWE","0",6,"0","-","0","0","0"
1,"xyi69N",1,203,2015,9,"Argentina","ARG","ARG",183,"Sweden","SWE","SWE","0",5,"0","-","0","0","0"
1,"xyi69N",1,204,2018,9,"Argentina","ARG","ARG",183,"Sweden","SWE","SWE","0",5,"0","-","0","0","0"
1,"xyi69N",1,205,2019,9,"Argentina","ARG","ARG",183,"Sweden","SWE","SWE","0",8,"0","-","0","0","0"
1,"xyi69N",1,206,2021,9,"Argentina","ARG","ARG",183,"Sweden","SWE","SWE","0",5,"0","-","0","0","0"
1,"xyi69N",1,207,2022,9,"Argentina","ARG","ARG",183,"Sweden","SWE","SWE","0",12,"0","-","0","0","0"
1,"xyi69N",1,208,2023,9,"Argentina","ARG","ARG",183,"Sweden","SWE","SWE","0",5,"0","-","0","0","0"
1,"xyi69N",1,209,2024,9,"Argentina","ARG","ARG",183,"Sweden","SWE","SWE",15,"0","0","-","0","0","0"
1,"xyi69N",1,210,2025,9,"Argentina","ARG","ARG",183,"Sweden","SWE","SWE",17,"0","0","-","0","0","0"
1,"xyi69N",1,211,1994,10,"Armenia","ARM","ARM",183,"Sweden","SWE","SWE",56,"0","0","-","0","0","0"
1,"xyi69N",1,212,1995,10,"Armenia","ARM","ARM",183,"Sweden","SWE","SWE",59,"0","0","-","0","0","0"
1,"xyi69N",1,213,1996,10,"Armenia","ARM","ARM",183,"Sweden","SWE","SWE",60,"0","0","-","0","0","0"
1,"xyi69N",1,214,1997,10,"Armenia","ARM","ARM",183,"Sweden","SWE","SWE",65,"0","0","-","0","0","0"
1,"xyi69N",1,215,1998,10,"Armenia","ARM","ARM",183,"Sweden","SWE","SWE",99,"0","0","-","0","0","0"
1,"xyi69N",1,216,1999,10,"Armenia","ARM","ARM",183,"Sweden","SWE","SWE",99,"0","0","-","0","0","0"
1,"xyi69N",1,217,2000,10,"Armenia","ARM","ARM",183,"Sweden","SWE","SWE",187,"0","0","-","0","0","0"
1,"xyi69N",1,218,2001,10,"Armenia","ARM","ARM",183,"Sweden","SWE","SWE",245,"0","0","-","0","0","0"
1,"xyi69N",1,219,2002,10,"Armenia","ARM","ARM",183,"Sweden","SWE","SWE",307,348,"0","-","0","0","0"
1,"xyi69N",1,220,2003,10,"Armenia","ARM","ARM",183,"Sweden","SWE","SWE",352,439,"0","-","0","0","0"
1,"xyi69N",1,221,2004,10,"Armenia","ARM","ARM",183,"Sweden","SWE","SWE",346,484,"0","-","0","0","0"
1,"xyi69N",1,222,2005,10,"Armenia","ARM","ARM",183,"Sweden","SWE","SWE",411,193,"0","-","0","0","0"
1,"xyi69N",1,223,2006,10,"Armenia","ARM","ARM",183,"Sweden","SWE","SWE",445,162,"0","-","0","0","0"
1,"xyi69N",1,224,2007,10,"Armenia","ARM","ARM",183,"Sweden","SWE","SWE",566,223,"0","-","0","0","0"
1,"xyi69N",1,225,2008,10,"Armenia","ARM","ARM",183,"Sweden","SWE","SWE",597,295,"0","-","0","0","0"
1,"xyi69N",1,226,2009,10,"Armenia","ARM","ARM",183,"Sweden","SWE","SWE",630,250,"0","-","0","0","0"
1,"xyi69N",1,227,2010,10,"Armenia","ARM","ARM",183,"Sweden","SWE","SWE",599,242,"0","-","0","0","0"
1,"xyi69N",1,228,2011,10,"Armenia","ARM","ARM",183,"Sweden","SWE","SWE",600,203,"0","-","0","0","0"
1,"xyi69N",1,229,2012,10,"Armenia","ARM","ARM",183,"Sweden","SWE","SWE",548,196,"0","-","0","0","0"
1,"xyi69N",1,230,2013,10,"Armenia","ARM","ARM",183,"Sweden","SWE","SWE",552,310,"0","-","0","0","0"
1,"xyi69N",1,231,2014,10,"Armenia","ARM","ARM",183,"Sweden","SWE","SWE",573,322,"0","-","0","0","0"
1,"xyi69N",1,232,2015,10,"Armenia","ARM","ARM",183,"Sweden","SWE","SWE",559,390,"0","-","0","0","0"
1,"xyi69N",1,233,2016,10,"Armenia","ARM","ARM",183,"Sweden","SWE","SWE",593,308,"0","-","0","0","0"
1,"xyi69N",1,234,2017,10,"Armenia","ARM","ARM",183,"Sweden","SWE","SWE",474,281,"0","-","0","0","0"
1,"xyi69N",1,235,2018,10,"Armenia","ARM","ARM",183,"Sweden","SWE","SWE",413,271,"0","-","0","0","0"
1,"xyi69N",1,236,2019,10,"Armenia","ARM","ARM",183,"Sweden","SWE","SWE",378,212,"0","-","0","0","0"
1,"xyi69N",1,237,2020,10,"Armenia","ARM","ARM",183,"Sweden","SWE","SWE",340,133,"0","-","0","0","0"
1,"xyi69N",1,238,2021,10,"Armenia","ARM","ARM",183,"Sweden","SWE","SWE",291,120,"0","-","0","0","0"
1,"xyi69N",1,239,2022,10,"Armenia","ARM","ARM",183,"Sweden","SWE","SWE",333,150,"0","-","0","0","0"
1,"xyi69N",1,240,2023,10,"Armenia","ARM","ARM",183,"Sweden","SWE","SWE",284,134,"0","-","0","0","0"
1,"xyi69N",1,241,2024,10,"Armenia","ARM","ARM",183,"Sweden","SWE","SWE",218,45,"0","-","0","0","0"
1,"xyi69N",1,242,2025,10,"Armenia","ARM","ARM",183,"Sweden","SWE","SWE",207,41,"0","-","0","0","0"
1,"xyi69N",1,243,2013,11,"Australia","AUL","AUS",183,"Sweden","SWE","SWE",5,"0","0","-","0","0","0"
1,"xyi69N",1,244,2014,11,"Australia","AUL","AUS",183,"Sweden","SWE","SWE",5,"0","0","-","0","0","0"
1,"xyi69N",1,245,2015,11,"Australia","AUL","AUS",183,"Sweden","SWE","SWE",5,"0","0","-","0","0","0"
1,"xyi69N",1,246,2016,11,"Australia","AUL","AUS",183,"Sweden","SWE","SWE",5,"0","0","-","0","0","0"
1,"xyi69N",1,247,1994,13,"Azerbaijan","AZE","AZE",183,"Sweden","SWE","SWE",21,"0","0","-","0","0","0"
1,"xyi69N",1,248,1995,13,"Azerbaijan","AZE","AZE",183,"Sweden","SWE","SWE",25,"0","0","-","0","0","0"
1,"xyi69N",1,249,1996,13,"Azerbaijan","AZE","AZE",183,"Sweden","SWE","SWE",26,"0","0","-","0","0","0"
1,"xyi69N",1,250,1997,13,"Azerbaijan","AZE","AZE",183,"Sweden","SWE","SWE",30,"0","0","-","0","0","0"
1,"xyi69N",1,251,1998,13,"Azerbaijan","AZE","AZE",183,"Sweden","SWE","SWE",30,"0","0","-","0","0","0"
1,"xyi69N",1,252,1999,13,"Azerbaijan","AZE","AZE",183,"Sweden","SWE","SWE",30,"0","0","-","0","0","0"
1,"xyi69N",1,253,2000,13,"Azerbaijan","AZE","AZE",183,"Sweden","SWE","SWE",39,"0","0","-","0","0","0"
1,"xyi69N",1,254,2001,13,"Azerbaijan","AZE","AZE",183,"Sweden","SWE","SWE",47,"0","0","-","0","0","0"
1,"xyi69N",1,255,2002,13,"Azerbaijan","AZE","AZE",183,"Sweden","SWE","SWE",68,822,"0","-","0","0","0"
1,"xyi69N",1,256,2003,13,"Azerbaijan","AZE","AZE",183,"Sweden","SWE","SWE",111,1520,"0","-","0","0","0"
1,"xyi69N",1,257,2004,13,"Azerbaijan","AZE","AZE",183,"Sweden","SWE","SWE",197,1573,"0","-","0","0","0"
1,"xyi69N",1,258,2005,13,"Azerbaijan","AZE","AZE",183,"Sweden","SWE","SWE",326,336,"0","-","0","0","0"
1,"xyi69N",1,259,2006,13,"Azerbaijan","AZE","AZE",183,"Sweden","SWE","SWE",389,242,"0","-","0","0","0"
1,"xyi69N",1,260,2007,13,"Azerbaijan","AZE","AZE",183,"Sweden","SWE","SWE",597,336,"0","-","0","0","0"
1,"xyi69N",1,261,2008,13,"Azerbaijan","AZE","AZE",183,"Sweden","SWE","SWE",670,352,"0","-","0","0","0"
1,"xyi69N",1,262,2009,13,"Azerbaijan","AZE","AZE",183,"Sweden","SWE","SWE",724,487,"0","-","0","0","0"
1,"xyi69N",1,263,2010,13,"Azerbaijan","AZE","AZE",183,"Sweden","SWE","SWE",781,364,"0","-","0","0","0"
1,"xyi69N",1,264,2011,13,"Azerbaijan","AZE","AZE",183,"Sweden","SWE","SWE",830,300,"0","-","0","0","0"
1,"xyi69N",1,265,2012,13,"Azerbaijan","AZE","AZE",183,"Sweden","SWE","SWE",834,205,"0","-","0","0","0"
1,"xyi69N",1,266,2013,13,"Azerbaijan","AZE","AZE",183,"Sweden","SWE","SWE",889,305,"0","-","0","0","0"
1,"xyi69N",1,267,2014,13,"Azerbaijan","AZE","AZE",183,"Sweden","SWE","SWE",856,408,"0","-","0","0","0"
1,"xyi69N",1,268,2015,13,"Azerbaijan","AZE","AZE",183,"Sweden","SWE","SWE",783,572,"0","-","0","0","0"
1,"xyi69N",1,269,2016,13,"Azerbaijan","AZE","AZE",183,"Sweden","SWE","SWE",874,331,"0","-","0","0","0"
1,"xyi69N",1,270,2017,13,"Azerbaijan","AZE","AZE",183,"Sweden","SWE","SWE",685,380,"0","-","0","0","0"
1,"xyi69N",1,271,2018,13,"Azerbaijan","AZE","AZE",183,"Sweden","SWE","SWE",648,510,"0","-","0","0","0"
1,"xyi69N",1,272,2019,13,"Azerbaijan","AZE","AZE",183,"Sweden","SWE","SWE",651,453,"0","-","0","0","0"
1,"xyi69N",1,273,2020,13,"Azerbaijan","AZE","AZE",183,"Sweden","SWE","SWE",624,293,"0","-","0","0","0"
1,"xyi69N",1,274,2021,13,"Azerbaijan","AZE","AZE",183,"Sweden","SWE","SWE",585,216,"0","-","0","0","0"
1,"xyi69N",1,275,2022,13,"Azerbaijan","AZE","AZE",183,"Sweden","SWE","SWE",645,190,"0","-","0","0","0"
1,"xyi69N",1,276,2023,13,"Azerbaijan","AZE","AZE",183,"Sweden","SWE","SWE",541,210,"0","-","0","0","0"
1,"xyi69N",1,277,2024,13,"Azerbaijan","AZE","AZE",183,"Sweden","SWE","SWE",430,116,"0","-","0","0","0"
1,"xyi69N",1,278,2025,13,"Azerbaijan","AZE","AZE",183,"Sweden","SWE","SWE",418,53,"0","-","0","0","0"
1,"xyi69N",1,279,1991,14,"Bahrain","BAH","BHR",183,"Sweden","SWE","SWE",9,"0","0","-","0","0","0"
1,"xyi69N",1,280,1992,14,"Bahrain","BAH","BHR",183,"Sweden","SWE","SWE",9,"0","0","-","0","0","0"
1,"xyi69N",1,281,1993,14,"Bahrain","BAH","BHR",183,"Sweden","SWE","SWE",15,"0","0","-","0","0","0"
1,"xyi69N",1,282,1994,14,"Bahrain","BAH","BHR",183,"Sweden","SWE","SWE",15,"0","0","-","0","0","0"
1,"xyi69N",1,283,1995,14,"Bahrain","BAH","BHR",183,"Sweden","SWE","SWE",15,"0","0","-","0","0","0"
1,"xyi69N",1,284,1996,14,"Bahrain","BAH","BHR",183,"Sweden","SWE","SWE",15,"0","0","-","0","0","0"
1,"xyi69N",1,285,1997,14,"Bahrain","BAH","BHR",183,"Sweden","SWE","SWE",15,"0","0","-","0","0","0"
1,"xyi69N",1,286,1998,14,"Bahrain","BAH","BHR",183,"Sweden","SWE","SWE",15,"0","0","-","0","0","0"
1,"xyi69N",1,287,1999,14,"Bahrain","BAH","BHR",183,"Sweden","SWE","SWE",15,"0","0","-","0","0","0"
1,"xyi69N",1,288,2000,14,"Bahrain","BAH","BHR",183,"Sweden","SWE","SWE",27,"0","0","-","0","0","0"
1,"xyi69N",1,289,2001,14,"Bahrain","BAH","BHR",183,"Sweden","SWE","SWE",18,"0","0","-","0","0","0"
1,"xyi69N",1,290,2002,14,"Bahrain","BAH","BHR",183,"Sweden","SWE","SWE",18,"0","0","-","0","0","0"
1,"xyi69N",1,291,2003,14,"Bahrain","BAH","BHR",183,"Sweden","SWE","SWE",12,"0","0","-","0","0","0"
1,"xyi69N",1,292,2004,14,"Bahrain","BAH","BHR",183,"Sweden","SWE","SWE",12,"0","0","-","0","0","0"
1,"xyi69N",1,293,2005,14,"Bahrain","BAH","BHR",183,"Sweden","SWE","SWE",12,"0","0","-","0","0","0"
1,"xyi69N",1,294,2006,14,"Bahrain","BAH","BHR",183,"Sweden","SWE","SWE",12,"0","0","-","0","0","0"
1,"xyi69N",1,295,2007,14,"Bahrain","BAH","BHR",183,"Sweden","SWE","SWE",12,6,"0","-","0","0","0"
1,"xyi69N",1,296,2008,14,"Bahrain","BAH","BHR",183,"Sweden","SWE","SWE",12,5,"0","-","0","0","0"
1,"xyi69N",1,297,2009,14,"Bahrain","BAH","BHR",183,"Sweden","SWE","SWE",9,"0","0","-","0","0","0"
1,"xyi69N",1,298,2012,14,"Bahrain","BAH","BHR",183,"Sweden","SWE","SWE","0",32,"0","-","0","0","0"
1,"xyi69N",1,299,2013,14,"Bahrain","BAH","BHR",183,"Sweden","SWE","SWE","0",12,"0","-","0","0","0"
1,"xyi69N",1,300,2014,14,"Bahrain","BAH","BHR",183,"Sweden","SWE","SWE",14,"0","0","-","0","0","0"
1,"xyi69N",1,301,2015,14,"Bahrain","BAH","BHR",183,"Sweden","SWE","SWE",14,"0","0","-","0","0","0"
1,"xyi69N",1,302,2016,14,"Bahrain","BAH","BHR",183,"Sweden","SWE","SWE",15,5,"0","-","0","0","0"
1,"xyi69N",1,303,2017,14,"Bahrain","BAH","BHR",183,"Sweden","SWE","SWE",15,5,"0","-","0","0","0"
1,"xyi69N",1,304,2018,14,"Bahrain","BAH","BHR",183,"Sweden","SWE","SWE",15,5,"0","-","0","0","0"
1,"xyi69N",1,305,2019,14,"Bahrain","BAH","BHR",183,"Sweden","SWE","SWE",17,5,"0","-","0","0","0"
1,"xyi69N",1,306,2020,14,"Bahrain","BAH","BHR",183,"Sweden","SWE","SWE",17,5,"0","-","0","0","0"
1,"xyi69N",1,307,2021,14,"Bahrain","BAH","BHR",183,"Sweden","SWE","SWE",16,"0","0","-","0","0","0"
1,"xyi69N",1,308,2022,14,"Bahrain","BAH","BHR",183,"Sweden","SWE","SWE",16,5,"0","-","0","0","0"
1,"xyi69N",1,309,2023,14,"Bahrain","BAH","BHR",183,"Sweden","SWE","SWE",16,"0","0","-","0","0","0"
1,"xyi69N",1,310,2024,14,"Bahrain","BAH","BHR",183,"Sweden","SWE","SWE",5,"0","0","-","0","0","0"
1,"xyi69N",1,311,2025,14,"Bahrain","BAH","BHR",183,"Sweden","SWE","SWE",5,"0","0","-","0","0","0"
1,"xyi69N",1,312,1994,16,"Burundi","BDI","BDI",183,"Sweden","SWE","SWE",6,"0","0","-","0","0","0"
1,"xyi69N",1,313,1995,16,"Burundi","BDI","BDI",183,"Sweden","SWE","SWE",7,"0","0","-","0","0","0"
1,"xyi69N",1,314,1996,16,"Burundi","BDI","BDI",183,"Sweden","SWE","SWE",14,"0","0","-","0","0","0"
1,"xyi69N",1,315,1997,16,"Burundi","BDI","BDI",183,"Sweden","SWE","SWE",14,"0","0","-","0","0","0"
1,"xyi69N",1,316,1998,16,"Burundi","BDI","BDI",183,"Sweden","SWE","SWE",31,"0","0","-","0","0","0"
1,"xyi69N",1,317,1999,16,"Burundi","BDI","BDI",183,"Sweden","SWE","SWE",31,"0","0","-","0","0","0"
1,"xyi69N",1,318,2000,16,"Burundi","BDI","BDI",183,"Sweden","SWE","SWE",38,"0","0","-","0","0","0"
1,"xyi69N",1,319,2001,16,"Burundi","BDI","BDI",183,"Sweden","SWE","SWE",54,"0","0","-","0","0","0"
1,"xyi69N",1,320,2002,16,"Burundi","BDI","BDI",183,"Sweden","SWE","SWE",138,102,"0","-","0","0","0"
1,"xyi69N",1,321,2003,16,"Burundi","BDI","BDI",183,"Sweden","SWE","SWE",292,175,"0","-","0","0","0"
1,"xyi69N",1,322,2004,16,"Burundi","BDI","BDI",183,"Sweden","SWE","SWE",537,289,"0","-","0","0","0"
1,"xyi69N",1,323,2005,16,"Burundi","BDI","BDI",183,"Sweden","SWE","SWE",940,251,"0","-","0","0","0"
1,"xyi69N",1,324,2006,16,"Burundi","BDI","BDI",183,"Sweden","SWE","SWE",1201,194,"0","-","0","0","0"
1,"xyi69N",1,325,2007,16,"Burundi","BDI","BDI",183,"Sweden","SWE","SWE",1222,246,"0","-","0","0","0"
1,"xyi69N",1,326,2008,16,"Burundi","BDI","BDI",183,"Sweden","SWE","SWE",1253,129,"0","-","0","0","0"
1,"xyi69N",1,327,2009,16,"Burundi","BDI","BDI",183,"Sweden","SWE","SWE",1275,58,"0","-","0","0","0"
1,"xyi69N",1,328,2010,16,"Burundi","BDI","BDI",183,"Sweden","SWE","SWE",1292,25,"0","-","0","0","0"
1,"xyi69N",1,329,2011,16,"Burundi","BDI","BDI",183,"Sweden","SWE","SWE",1286,19,"0","-","0","0","0"
1,"xyi69N",1,330,2012,16,"Burundi","BDI","BDI",183,"Sweden","SWE","SWE",1203,22,"0","-","0","0","0"
1,"xyi69N",1,331,2013,16,"Burundi","BDI","BDI",183,"Sweden","SWE","SWE",1069,14,"0","-","0","0","0"
1,"xyi69N",1,332,2014,16,"Burundi","BDI","BDI",183,"Sweden","SWE","SWE",830,17,"0","-","0","0","0"
1,"xyi69N",1,333,2015,16,"Burundi","BDI","BDI",183,"Sweden","SWE","SWE",436,68,"0","-","0","0","0"
1,"xyi69N",1,334,2016,16,"Burundi","BDI","BDI",183,"Sweden","SWE","SWE",243,76,"0","-","0","0","0"
1,"xyi69N",1,335,2017,16,"Burundi","BDI","BDI",183,"Sweden","SWE","SWE",200,103,"0","-","0","0","0"
1,"xyi69N",1,336,2018,16,"Burundi","BDI","BDI",183,"Sweden","SWE","SWE",211,143,"0","-","0","0","0"
1,"xyi69N",1,337,2019,16,"Burundi","BDI","BDI",183,"Sweden","SWE","SWE",217,113,"0","-","0","0","0"
1,"xyi69N",1,338,2020,16,"Burundi","BDI","BDI",183,"Sweden","SWE","SWE",215,71,"0","-","0","0","0"
1,"xyi69N",1,339,2021,16,"Burundi","BDI","BDI",183,"Sweden","SWE","SWE",221,24,"0","-","0","0","0"
1,"xyi69N",1,340,2022,16,"Burundi","BDI","BDI",183,"Sweden","SWE","SWE",223,30,"0","-","0","0","0"
1,"xyi69N",1,341,2023,16,"Burundi","BDI","BDI",183,"Sweden","SWE","SWE",188,20,"0","-","0","0","0"
1,"xyi69N",1,342,2024,16,"Burundi","BDI","BDI",183,"Sweden","SWE","SWE",562,13,"0","-","0","0","0"
1,"xyi69N",1,343,2025,16,"Burundi","BDI","BDI",183,"Sweden","SWE","SWE",552,6,"0","-","0","0","0"
1,"xyi69N",1,344,2003,17,"Belgium","BEL","BEL",183,"Sweden","SWE","SWE",9,"0","0","-","0","0","0"
1,"xyi69N",1,345,2004,17,"Belgium","BEL","BEL",183,"Sweden","SWE","SWE",9,"0","0","-","0","0","0"
1,"xyi69N",1,346,2005,17,"Belgium","BEL","BEL",183,"Sweden","SWE","SWE",14,"0","0","-","0","0","0"
1,"xyi69N",1,347,2006,17,"Belgium","BEL","BEL",183,"Sweden","SWE","SWE",14,"0","0","-","0","0","0"
1,"xyi69N",1,348,2007,17,"Belgium","BEL","BEL",183,"Sweden","SWE","SWE",14,"0","0","-","0","0","0"
1,"xyi69N",1,349,2008,17,"Belgium","BEL","BEL",183,"Sweden","SWE","SWE",14,"0","0","-","0","0","0"
1,"xyi69N",1,350,2009,17,"Belgium","BEL","BEL",183,"Sweden","SWE","SWE",15,"0","0","-","0","0","0"
1,"xyi69N",1,351,2010,17,"Belgium","BEL","BEL",183,"Sweden","SWE","SWE",15,"0","0","-","0","0","0"
1,"xyi69N",1,352,2011,17,"Belgium","BEL","BEL",183,"Sweden","SWE","SWE",15,"0","0","-","0","0","0"
1,"xyi69N",1,353,2012,17,"Belgium","BEL","BEL",183,"Sweden","SWE","SWE",13,"0","0","-","0","0","0"
1,"xyi69N",1,354,2013,17,"Belgium","BEL","BEL",183,"Sweden","SWE","SWE",13,"0","0","-","0","0","0"
1,"xyi69N",1,355,2014,17,"Belgium","BEL","BEL",183,"Sweden","SWE","SWE",13,"0","0","-","0","0","0"
1,"xyi69N",1,356,2015,17,"Belgium","BEL","BEL",183,"Sweden","SWE","SWE",8,"0","0","-","0","0","0"
1,"xyi69N",1,357,2003,18,"Benin","BEN","BEN",183,"Sweden","SWE","SWE","0",6,"0","-","0","0","0"
1,"xyi69N",1,358,2004,18,"Benin","BEN","BEN",183,"Sweden","SWE","SWE","0",10,"0","-","0","0","0"
1,"xyi69N",1,359,2005,18,"Benin","BEN","BEN",183,"Sweden","SWE","SWE","0",5,"0","-","0","0","0"
1,"xyi69N",1,360,2006,18,"Benin","BEN","BEN",183,"Sweden","SWE","SWE","0",5,"0","-","0","0","0"
1,"xyi69N",1,361,2007,18,"Benin","BEN","BEN",183,"Sweden","SWE","SWE",5,6,"0","-","0","0","0"
1,"xyi69N",1,362,2008,18,"Benin","BEN","BEN",183,"Sweden","SWE","SWE",5,10,"0","-","0","0","0"
1,"xyi69N",1,363,2009,18,"Benin","BEN","BEN",183,"Sweden","SWE","SWE",5,5,"0","-","0","0","0"
1,"xyi69N",1,364,2010,18,"Benin","BEN","BEN",183,"Sweden","SWE","SWE",5,10,"0","-","0","0","0"
1,"xyi69N",1,365,2011,18,"Benin","BEN","BEN",183,"Sweden","SWE","SWE",5,"0","0","-","0","0","0"
1,"xyi69N",1,366,2012,18,"Benin","BEN","BEN",183,"Sweden","SWE","SWE",5,"0","0","-","0","0","0"
1,"xyi69N",1,367,2013,18,"Benin","BEN","BEN",183,"Sweden","SWE","SWE",5,"0","0","-","0","0","0"
1,"xyi69N",1,368,2014,18,"Benin","BEN","BEN",183,"Sweden","SWE","SWE",5,"0","0","-","0","0","0"
1,"xyi69N",1,369,2015,18,"Benin","BEN","BEN",183,"Sweden","SWE","SWE",5,5,"0","-","0","0","0"
1,"xyi69N",1,370,2016,18,"Benin","BEN","BEN",183,"Sweden","SWE","SWE",9,"0","0","-","0","0","0"
1,"xyi69N",1,371,2017,18,"Benin","BEN","BEN",183,"Sweden","SWE","SWE",5,5,"0","-","0","0","0"
1,"xyi69N",1,372,2018,18,"Benin","BEN","BEN",183,"Sweden","SWE","SWE",7,5,"0","-","0","0","0"
1,"xyi69N",1,373,2019,18,"Benin","BEN","BEN",183,"Sweden","SWE","SWE",10,"0","0","-","0","0","0"
1,"xyi69N",1,374,2020,18,"Benin","BEN","BEN",183,"Sweden","SWE","SWE",10,"0","0","-","0","0","0"
1,"xyi69N",1,375,2021,18,"Benin","BEN","BEN",183,"Sweden","SWE","SWE",10,"0","0","-","0","0","0"
1,"xyi69N",1,376,2022,18,"Benin","BEN","BEN",183,"Sweden","SWE","SWE",10,"0","0","-","0","0","0"
1,"xyi69N",1,377,2023,18,"Benin","BEN","BEN",183,"Sweden","SWE","SWE",8,"0","0","-","0","0","0"
1,"xyi69N",1,378,2024,18,"Benin","BEN","BEN",183,"Sweden","SWE","SWE",5,"0","0","-","0","0","0"
1,"xyi69N",1,379,2025,18,"Benin","BEN","BEN",183,"Sweden","SWE","SWE",5,"0","0","-","0","0","0"
1,"xyi69N",1,380,1990,20,"Bangladesh","BGD","BGD",183,"Sweden","SWE","SWE",464,"0","0","-","0","0","0"
1,"xyi69N",1,381,1991,20,"Bangladesh","BGD","BGD",183,"Sweden","SWE","SWE",586,"0","0","-","0","0","0"
1,"xyi69N",1,382,1992,20,"Bangladesh","BGD","BGD",183,"Sweden","SWE","SWE",656,"0","0","-","0","0","0"
1,"xyi69N",1,383,1993,20,"Bangladesh","BGD","BGD",183,"Sweden","SWE","SWE",692,"0","0","-","0","0","0"
1,"xyi69N",1,384,1994,20,"Bangladesh","BGD","BGD",183,"Sweden","SWE","SWE",801,"0","0","-","0","0","0"
1,"xyi69N",1,385,1995,20,"Bangladesh","BGD","BGD",183,"Sweden","SWE","SWE",823,"0","0","-","0","0","0"
1,"xyi69N",1,386,1996,20,"Bangladesh","BGD","BGD",183,"Sweden","SWE","SWE",815,"0","0","-","0","0","0"
1,"xyi69N",1,387,1997,20,"Bangladesh","BGD","BGD",183,"Sweden","SWE","SWE",745,"0","0","-","0","0","0"
1,"xyi69N",1,388,1998,20,"Bangladesh","BGD","BGD",183,"Sweden","SWE","SWE",768,"0","0","-","0","0","0"
1,"xyi69N",1,389,1999,20,"Bangladesh","BGD","BGD",183,"Sweden","SWE","SWE",597,"0","0","-","0","0","0"
1,"xyi69N",1,390,2000,20,"Bangladesh","BGD","BGD",183,"Sweden","SWE","SWE",513,"0","0","-","0","0","0"
1,"xyi69N",1,391,2001,20,"Bangladesh","BGD","BGD",183,"Sweden","SWE","SWE",422,"0","0","-","0","0","0"
1,"xyi69N",1,392,2002,20,"Bangladesh","BGD","BGD",183,"Sweden","SWE","SWE",394,209,"0","-","0","0","0"
1,"xyi69N",1,393,2003,20,"Bangladesh","BGD","BGD",183,"Sweden","SWE","SWE",393,190,"0","-","0","0","0"
1,"xyi69N",1,394,2004,20,"Bangladesh","BGD","BGD",183,"Sweden","SWE","SWE",315,213,"0","-","0","0","0"
1,"xyi69N",1,395,2005,20,"Bangladesh","BGD","BGD",183,"Sweden","SWE","SWE",335,136,"0","-","0","0","0"
1,"xyi69N",1,396,2006,20,"Bangladesh","BGD","BGD",183,"Sweden","SWE","SWE",297,75,"0","-","0","0","0"
1,"xyi69N",1,397,2007,20,"Bangladesh","BGD","BGD",183,"Sweden","SWE","SWE",279,125,"0","-","0","0","0"
1,"xyi69N",1,398,2008,20,"Bangladesh","BGD","BGD",183,"Sweden","SWE","SWE",280,121,"0","-","0","0","0"
1,"xyi69N",1,399,2009,20,"Bangladesh","BGD","BGD",183,"Sweden","SWE","SWE",291,130,"0","-","0","0","0"
1,"xyi69N",1,400,2010,20,"Bangladesh","BGD","BGD",183,"Sweden","SWE","SWE",285,112,"0","-","0","0","0"
1,"xyi69N",1,401,2011,20,"Bangladesh","BGD","BGD",183,"Sweden","SWE","SWE",271,125,"0","-","0","0","0"
1,"xyi69N",1,402,2012,20,"Bangladesh","BGD","BGD",183,"Sweden","SWE","SWE",251,76,"0","-","0","0","0"
1,"xyi69N",1,403,2013,20,"Bangladesh","BGD","BGD",183,"Sweden","SWE","SWE",252,147,"0","-","0","0","0"
1,"xyi69N",1,404,2014,20,"Bangladesh","BGD","BGD",183,"Sweden","SWE","SWE",250,199,"0","-","0","0","0"
1,"xyi69N",1,405,2015,20,"Bangladesh","BGD","BGD",183,"Sweden","SWE","SWE",228,388,"0","-","0","0","0"
1,"xyi69N",1,406,2016,20,"Bangladesh","BGD","BGD",183,"Sweden","SWE","SWE",244,333,"0","-","0","0","0"
1,"xyi69N",1,407,2017,20,"Bangladesh","BGD","BGD",183,"Sweden","SWE","SWE",229,312,"0","-","0","0","0"
1,"xyi69N",1,408,2018,20,"Bangladesh","BGD","BGD",183,"Sweden","SWE","SWE",230,345,"0","-","0","0","0"
1,"xyi69N",1,409,2019,20,"Bangladesh","BGD","BGD",183,"Sweden","SWE","SWE",253,361,"0","-","0","0","0"
1,"xyi69N",1,410,2020,20,"Bangladesh","BGD","BGD",183,"Sweden","SWE","SWE",241,273,"0","-","0","0","0"
1,"xyi69N",1,411,2021,20,"Bangladesh","BGD","BGD",183,"Sweden","SWE","SWE",250,152,"0","-","0","0","0"
1,"xyi69N",1,412,2022,20,"Bangladesh","BGD","BGD",183,"Sweden","SWE","SWE",235,102,"0","-","0","0","0"
1,"xyi69N",1,413,2023,20,"Bangladesh","BGD","BGD",183,"Sweden","SWE","SWE",180,57,"0","-","0","0","0"
1,"xyi69N",1,414,2024,20,"Bangladesh","BGD","BGD",183,"Sweden","SWE","SWE",158,43,"0","-","0","0","0"
1,"xyi69N",1,415,2025,20,"Bangladesh","BGD","BGD",183,"Sweden","SWE","SWE",153,32,"0","-","0","0","0"
1,"xyi69N",1,416,1996,22,"Bhutan","BHU","BTN",183,"Sweden","SWE","SWE",5,"0","0","-","0","0","0"
1,"xyi69N",1,417,1997,22,"Bhutan","BHU","BTN",183,"Sweden","SWE","SWE",5,"0","0","-","0","0","0"
1,"xyi69N",1,418,1998,22,"Bhutan","BHU","BTN",183,"Sweden","SWE","SWE",5,"0","0","-","0","0","0"
1,"xyi69N",1,419,1999,22,"Bhutan","BHU","BTN",183,"Sweden","SWE","SWE",5,"0","0","-","0","0","0"
1,"xyi69N",1,420,2000,22,"Bhutan","BHU","BTN",183,"Sweden","SWE","SWE",5,"0","0","-","0","0","0"
1,"xyi69N",1,421,2001,22,"Bhutan","BHU","BTN",183,"Sweden","SWE","SWE",5,"0","0","-","0","0","0"
1,"xyi69N",1,422,2002,22,"Bhutan","BHU","BTN",183,"Sweden","SWE","SWE",5,5,"0","-","0","0","0"
1,"xyi69N",1,423,2003,22,"Bhutan","BHU","BTN",183,"Sweden","SWE","SWE",5,"0","0","-","0","0","0"
1,"xyi69N",1,424,2004,22,"Bhutan","BHU","BTN",183,"Sweden","SWE","SWE",5,"0","0","-","0","0","0"
1,"xyi69N",1,425,2005,22,"Bhutan","BHU","BTN",183,"Sweden","SWE","SWE",5,"0","0","-","0","0","0"
1,"xyi69N",1,426,2006,22,"Bhutan","BHU","BTN",183,"Sweden","SWE","SWE",5,5,"0","-","0","0","0"
1,"xyi69N",1,427,2007,22,"Bhutan","BHU","BTN",183,"Sweden","SWE","SWE","0",8,"0","-","0","0","0"
1,"xyi69N",1,428,2008,22,"Bhutan","BHU","BTN",183,"Sweden","SWE","SWE",5,15,"0","-","0","0","0"
1,"xyi69N",1,429,2009,22,"Bhutan","BHU","BTN",183,"Sweden","SWE","SWE",8,10,"0","-","0","0","0"
1,"xyi69N",1,430,2010,22,"Bhutan","BHU","BTN",183,"Sweden","SWE","SWE",9,"0","0","-","0","0","0"
1,"xyi69N",1,431,2011,22,"Bhutan","BHU","BTN",183,"Sweden","SWE","SWE",9,"0","0","-","0","0","0"
1,"xyi69N",1,432,2012,22,"Bhutan","BHU","BTN",183,"Sweden","SWE","SWE",9,"0","0","-","0","0","0"
1,"xyi69N",1,433,2013,22,"Bhutan","BHU","BTN",183,"Sweden","SWE","SWE",9,"0","0","-","0","0","0"
1,"xyi69N",1,434,2014,22,"Bhutan","BHU","BTN",183,"Sweden","SWE","SWE",9,"0","0","-","0","0","0"
1,"xyi69N",1,435,2015,22,"Bhutan","BHU","BTN",183,"Sweden","SWE","SWE",9,"0","0","-","0","0","0"
1,"xyi69N",1,436,2016,22,"Bhutan","BHU","BTN",183,"Sweden","SWE","SWE",9,"0","0","-","0","0","0"
1,"xyi69N",1,437,2017,22,"Bhutan","BHU","BTN",183,"Sweden","SWE","SWE",8,"0","0","-","0","0","0"
1,"xyi69N",1,438,2018,22,"Bhutan","BHU","BTN",183,"Sweden","SWE","SWE",5,"0","0","-","0","0","0"
1,"xyi69N",1,439,1991,23,"Burkina Faso","BKF","BFA",183,"Sweden","SWE","SWE",6,"0","0","-","0","0","0"
1,"xyi69N",1,440,1992,23,"Burkina Faso","BKF","BFA",183,"Sweden","SWE","SWE",6,"0","0","-","0","0","0"
1,"xyi69N",1,441,1993,23,"Burkina Faso","BKF","BFA",183,"Sweden","SWE","SWE",6,"0","0","-","0","0","0"
1,"xyi69N",1,442,1994,23,"Burkina Faso","BKF","BFA",183,"Sweden","SWE","SWE",6,"0","0","-","0","0","0"
1,"xyi69N",1,443,1995,23,"Burkina Faso","BKF","BFA",183,"Sweden","SWE","SWE",6,"0","0","-","0","0","0"
1,"xyi69N",1,444,1996,23,"Burkina Faso","BKF","BFA",183,"Sweden","SWE","SWE",6,"0","0","-","0","0","0"
1,"xyi69N",1,445,1997,23,"Burkina Faso","BKF","BFA",183,"Sweden","SWE","SWE",6,"0","0","-","0","0","0"
1,"xyi69N",1,446,1998,23,"Burkina Faso","BKF","BFA",183,"Sweden","SWE","SWE",6,"0","0","-","0","0","0"
1,"xyi69N",1,447,1999,23,"Burkina Faso","BKF","BFA",183,"Sweden","SWE","SWE",6,"0","0","-","0","0","0"
1,"xyi69N",1,448,2000,23,"Burkina Faso","BKF","BFA",183,"Sweden","SWE","SWE",6,"0","0","-","0","0","0"
1,"xyi69N",1,449,2004,23,"Burkina Faso","BKF","BFA",183,"Sweden","SWE","SWE","0",5,"0","-","0","0","0"
1,"xyi69N",1,450,2006,23,"Burkina Faso","BKF","BFA",183,"Sweden","SWE","SWE","0",5,"0","-","0","0","0"
1,"xyi69N",1,451,2007,23,"Burkina Faso","BKF","BFA",183,"Sweden","SWE","SWE","0",5,"0","-","0","0","0"
1,"xyi69N",1,452,2010,23,"Burkina Faso","BKF","BFA",183,"Sweden","SWE","SWE",5,"0","0","-","0","0","0"
1,"xyi69N",1,453,2011,23,"Burkina Faso","BKF","BFA",183,"Sweden","SWE","SWE",5,5,"0","-","0","0","0"
1,"xyi69N",1,454,2012,23,"Burkina Faso","BKF","BFA",183,"Sweden","SWE","SWE",5,5,"0","-","0","0","0"
1,"xyi69N",1,455,2013,23,"Burkina Faso","BKF","BFA",183,"Sweden","SWE","SWE",5,10,"0","-","0","0","0"
1,"xyi69N",1,456,2014,23,"Burkina Faso","BKF","BFA",183,"Sweden","SWE","SWE",5,"0","0","-","0","0","0"
1,"xyi69N",1,457,2015,23,"Burkina Faso","BKF","BFA",183,"Sweden","SWE","SWE",5,"0","0","-","0","0","0"
1,"xyi69N",1,458,2016,23,"Burkina Faso","BKF","BFA",183,"Sweden","SWE","SWE",5,"0","0","-","0","0","0"
1,"xyi69N",1,459,2017,23,"Burkina Faso","BKF","BFA",183,"Sweden","SWE","SWE",5,6,"0","-","0","0","0"
1,"xyi69N",1,460,2018,23,"Burkina Faso","BKF","BFA",183,"Sweden","SWE","SWE","0",5,"0","-","0","0","0"
1,"xyi69N",1,461,2019,23,"Burkina Faso","BKF","BFA",183,"Sweden","SWE","SWE",5,5,"0","-","0","0","0"
1,"xyi69N",1,462,2020,23,"Burkina Faso","BKF","BFA",183,"Sweden","SWE","SWE",5,"0","0","-","0","0","0"
1,"xyi69N",1,463,2021,23,"Burkina Faso","BKF","BFA",183,"Sweden","SWE","SWE",5,"0","0","-","0","0","0"
1,"xyi69N",1,464,2022,23,"Burkina Faso","BKF","BFA",183,"Sweden","SWE","SWE",5,"0","0","-","0","0","0"
1,"xyi69N",1,465,2024,23,"Burkina Faso","BKF","BFA",183,"Sweden","SWE","SWE",11,"0","0","-","0","0","0"
1,"xyi69N",1,466,2025,23,"Burkina Faso","BKF","BFA",183,"Sweden","SWE","SWE",11,"0","0","-","0","0","0"
1,"xyi69N",1,467,1994,24,"Belarus","BLR","BLR",183,"Sweden","SWE","SWE",7,"0","0","-","0","0","0"
1,"xyi69N",1,468,1995,24,"Belarus","BLR","BLR",183,"Sweden","SWE","SWE",15,"0","0","-","0","0","0"
1,"xyi69N",1,469,1996,24,"Belarus","BLR","BLR",183,"Sweden","SWE","SWE",20,"0","0","-","0","0","0"
1,"xyi69N",1,470,1997,24,"Belarus","BLR","BLR",183,"Sweden","SWE","SWE",23,"0","0","-","0","0","0"
1,"xyi69N",1,471,1998,24,"Belarus","BLR","BLR",183,"Sweden","SWE","SWE",29,"0","0","-","0","0","0"
1,"xyi69N",1,472,1999,24,"Belarus","BLR","BLR",183,"Sweden","SWE","SWE",29,"0","0","-","0","0","0"
1,"xyi69N",1,473,2000,24,"Belarus","BLR","BLR",183,"Sweden","SWE","SWE",45,"0","0","-","0","0","0"
1,"xyi69N",1,474,2001,24,"Belarus","BLR","BLR",183,"Sweden","SWE","SWE",67,"0","0","-","0","0","0"
1,"xyi69N",1,475,2002,24,"Belarus","BLR","BLR",183,"Sweden","SWE","SWE",88,708,"0","-","0","0","0"
1,"xyi69N",1,476,2003,24,"Belarus","BLR","BLR",183,"Sweden","SWE","SWE",101,940,"0","-","0","0","0"
1,"xyi69N",1,477,2004,24,"Belarus","BLR","BLR",183,"Sweden","SWE","SWE",120,525,"0","-","0","0","0"
1,"xyi69N",1,478,2005,24,"Belarus","BLR","BLR",183,"Sweden","SWE","SWE",134,256,"0","-","0","0","0"
1,"xyi69N",1,479,2006,24,"Belarus","BLR","BLR",183,"Sweden","SWE","SWE",138,363,"0","-","0","0","0"
1,"xyi69N",1,480,2007,24,"Belarus","BLR","BLR",183,"Sweden","SWE","SWE",191,368,"0","-","0","0","0"
1,"xyi69N",1,481,2008,24,"Belarus","BLR","BLR",183,"Sweden","SWE","SWE",200,270,"0","-","0","0","0"
1,"xyi69N",1,482,2009,24,"Belarus","BLR","BLR",183,"Sweden","SWE","SWE",209,247,"0","-","0","0","0"
1,"xyi69N",1,483,2010,24,"Belarus","BLR","BLR",183,"Sweden","SWE","SWE",209,245,"0","-","0","0","0"
1,"xyi69N",1,484,2011,24,"Belarus","BLR","BLR",183,"Sweden","SWE","SWE",204,251,"0","-","0","0","0"
1,"xyi69N",1,485,2012,24,"Belarus","BLR","BLR",183,"Sweden","SWE","SWE",188,254,"0","-","0","0","0"
1,"xyi69N",1,486,2013,24,"Belarus","BLR","BLR",183,"Sweden","SWE","SWE",175,215,"0","-","0","0","0"
1,"xyi69N",1,487,2014,24,"Belarus","BLR","BLR",183,"Sweden","SWE","SWE",177,185,"0","-","0","0","0"
1,"xyi69N",1,488,2015,24,"Belarus","BLR","BLR",183,"Sweden","SWE","SWE",166,214,"0","-","0","0","0"
1,"xyi69N",1,489,2016,24,"Belarus","BLR","BLR",183,"Sweden","SWE","SWE",187,168,"0","-","0","0","0"
1,"xyi69N",1,490,2017,24,"Belarus","BLR","BLR",183,"Sweden","SWE","SWE",134,154,"0","-","0","0","0"
1,"xyi69N",1,491,2018,24,"Belarus","BLR","BLR",183,"Sweden","SWE","SWE",123,124,"0","-","0","0","0"
1,"xyi69N",1,492,2019,24,"Belarus","BLR","BLR",183,"Sweden","SWE","SWE",116,85,"0","-","0","0","0"
1,"xyi69N",1,493,2020,24,"Belarus","BLR","BLR",183,"Sweden","SWE","SWE",105,92,"0","-","0","0","0"
1,"xyi69N",1,494,2021,24,"Belarus","BLR","BLR",183,"Sweden","SWE","SWE",97,83,"0","-","0","0","0"
1,"xyi69N",1,495,2022,24,"Belarus","BLR","BLR",183,"Sweden","SWE","SWE",118,86,"0","-","0","0","0"
1,"xyi69N",1,496,2023,24,"Belarus","BLR","BLR",183,"Sweden","SWE","SWE",108,55,"0","-","0","0","0"
1,"xyi69N",1,497,2024,24,"Belarus","BLR","BLR",183,"Sweden","SWE","SWE",113,24,"0","-","0","0","0"
1,"xyi69N",1,498,2025,24,"Belarus","BLR","BLR",183,"Sweden","SWE","SWE",116,24,"0","-","0","0","0"
1,"xyi69N",1,499,1990,25,"Bolivia (Plurinational State of)","BOL","BOL",183,"Sweden","SWE","SWE",703,"0","0","-","0","0","0"
1,"xyi69N",1,500,1991,25,"Bolivia (Plurinational State of)","BOL","BOL",183,"Sweden","SWE","SWE",57,"0","0","-","0","0","0"
1,"xyi69N",1,501,1992,25,"Bolivia (Plurinational State of)","BOL","BOL",183,"Sweden","SWE","SWE",17,"0","0","-","0","0","0"
1,"xyi69N",1,502,1993,25,"Bolivia (Plurinational State of)","BOL","BOL",183,"Sweden","SWE","SWE",19,"0","0","-","0","0","0"
1,"xyi69N",1,503,1994,25,"Bolivia (Plurinational State of)","BOL","BOL",183,"Sweden","SWE","SWE",26,"0","0","-","0","0","0"
1,"xyi69N",1,504,1995,25,"Bolivia (Plurinational State of)","BOL","BOL",183,"Sweden","SWE","SWE",40,"0","0","-","0","0","0"
1,"xyi69N",1,505,1996,25,"Bolivia (Plurinational State of)","BOL","BOL",183,"Sweden","SWE","SWE",41,"0","0","-","0","0","0"
1,"xyi69N",1,506,1997,25,"Bolivia (Plurinational State of)","BOL","BOL",183,"Sweden","SWE","SWE",42,"0","0","-","0","0","0"
1,"xyi69N",1,507,1998,25,"Bolivia (Plurinational State of)","BOL","BOL",183,"Sweden","SWE","SWE",43,"0","0","-","0","0","0"
1,"xyi69N",1,508,1999,25,"Bolivia (Plurinational State of)","BOL","BOL",183,"Sweden","SWE","SWE",43,"0","0","-","0","0","0"
1,"xyi69N",1,509,2000,25,"Bolivia (Plurinational State of)","BOL","BOL",183,"Sweden","SWE","SWE",56,"0","0","-","0","0","0"
1,"xyi69N",1,510,2001,25,"Bolivia (Plurinational State of)","BOL","BOL",183,"Sweden","SWE","SWE",55,"0","0","-","0","0","0"
1,"xyi69N",1,511,2002,25,"Bolivia (Plurinational State of)","BOL","BOL",183,"Sweden","SWE","SWE",59,281,"0","-","0","0","0"
1,"xyi69N",1,512,2003,25,"Bolivia (Plurinational State of)","BOL","BOL",183,"Sweden","SWE","SWE",59,317,"0","-","0","0","0"
1,"xyi69N",1,513,2004,25,"Bolivia (Plurinational State of)","BOL","BOL",183,"Sweden","SWE","SWE",56,244,"0","-","0","0","0"
1,"xyi69N",1,514,2005,25,"Bolivia (Plurinational State of)","BOL","BOL",183,"Sweden","SWE","SWE",45,278,"0","-","0","0","0"
1,"xyi69N",1,515,2006,25,"Bolivia (Plurinational State of)","BOL","BOL",183,"Sweden","SWE","SWE",50,329,"0","-","0","0","0"
1,"xyi69N",1,516,2007,25,"Bolivia (Plurinational State of)","BOL","BOL",183,"Sweden","SWE","SWE",57,306,"0","-","0","0","0"
1,"xyi69N",1,517,2008,25,"Bolivia (Plurinational State of)","BOL","BOL",183,"Sweden","SWE","SWE",61,32,"0","-","0","0","0"
1,"xyi69N",1,518,2009,25,"Bolivia (Plurinational State of)","BOL","BOL",183,"Sweden","SWE","SWE",64,38,"0","-","0","0","0"
1,"xyi69N",1,519,2010,25,"Bolivia (Plurinational State of)","BOL","BOL",183,"Sweden","SWE","SWE",49,22,"0","-","0","0","0"
1,"xyi69N",1,520,2011,25,"Bolivia (Plurinational State of)","BOL","BOL",183,"Sweden","SWE","SWE",48,34,"0","-","0","0","0"
1,"xyi69N",1,521,2012,25,"Bolivia (Plurinational State of)","BOL","BOL",183,"Sweden","SWE","SWE",36,38,"0","-","0","0","0"
1,"xyi69N",1,522,2013,25,"Bolivia (Plurinational State of)","BOL","BOL",183,"Sweden","SWE","SWE",59,43,"0","-","0","0","0"
1,"xyi69N",1,523,2014,25,"Bolivia (Plurinational State of)","BOL","BOL",183,"Sweden","SWE","SWE",70,39,"0","-","0","0","0"
1,"xyi69N",1,524,2015,25,"Bolivia (Plurinational State of)","BOL","BOL",183,"Sweden","SWE","SWE",70,34,"0","-","0","0","0"
1,"xyi69N",1,525,2016,25,"Bolivia (Plurinational State of)","BOL","BOL",183,"Sweden","SWE","SWE",72,20,"0","-","0","0","0"
1,"xyi69N",1,526,2017,25,"Bolivia (Plurinational State of)","BOL","BOL",183,"Sweden","SWE","SWE",64,37,"0","-","0","0","0"
1,"xyi69N",1,527,2018,25,"Bolivia (Plurinational State of)","BOL","BOL",183,"Sweden","SWE","SWE",59,37,"0","-","0","0","0"
1,"xyi69N",1,528,2019,25,"Bolivia (Plurinational State of)","BOL","BOL",183,"Sweden","SWE","SWE",56,20,"0","-","0","0","0"
1,"xyi69N",1,529,2020,25,"Bolivia (Plurinational State of)","BOL","BOL",183,"Sweden","SWE","SWE",56,6,"0","-","0","0","0"
1,"xyi69N",1,530,2021,25,"Bolivia (Plurinational State of)","BOL","BOL",183,"Sweden","SWE","SWE",51,5,"0","-","0","0","0"
1,"xyi69N",1,531,2022,25,"Bolivia (Plurinational State of)","BOL","BOL",183,"Sweden","SWE","SWE",51,7,"0","-","0","0","0"
1,"xyi69N",1,532,2023,25,"Bolivia (Plurinational State of)","BOL","BOL",183,"Sweden","SWE","SWE",28,15,"0","-","0","0","0"
1,"xyi69N",1,533,2024,25,"Bolivia (Plurinational State of)","BOL","BOL",183,"Sweden","SWE","SWE",58,5,"0","-","0","0","0"
1,"xyi69N",1,534,2025,25,"Bolivia (Plurinational State of)","BOL","BOL",183,"Sweden","SWE","SWE",55,"0","0","-","0","0","0"
1,"xyi69N",1,535,2010,26,"Botswana","BOT","BWA",183,"Sweden","SWE","SWE","0",5,"0","-","0","0","0"
1,"xyi69N",1,536,2022,26,"Botswana","BOT","BWA",183,"Sweden","SWE","SWE","0",8,"0","-","0","0","0"
1,"xyi69N",1,537,1990,27,"Brazil","BRA","BRA",183,"Sweden","SWE","SWE",10,"0","0","-","0","0","0"
1,"xyi69N",1,538,1991,27,"Brazil","BRA","BRA",183,"Sweden","SWE","SWE",11,"0","0","-","0","0","0"
1,"xyi69N",1,539,1992,27,"Brazil","BRA","BRA",183,"Sweden","SWE","SWE",11,"0","0","-","0","0","0"
1,"xyi69N",1,540,1993,27,"Brazil","BRA","BRA",183,"Sweden","SWE","SWE",9,"0","0","-","0","0","0"
1,"xyi69N",1,541,1994,27,"Brazil","BRA","BRA",183,"Sweden","SWE","SWE",9,"0","0","-","0","0","0"
1,"xyi69N",1,542,1995,27,"Brazil","BRA","BRA",183,"Sweden","SWE","SWE",7,"0","0","-","0","0","0"
1,"xyi69N",1,543,1996,27,"Brazil","BRA","BRA",183,"Sweden","SWE","SWE",7,"0","0","-","0","0","0"
1,"xyi69N",1,544,1997,27,"Brazil","BRA","BRA",183,"Sweden","SWE","SWE",7,"0","0","-","0","0","0"
1,"xyi69N",1,545,1998,27,"Brazil","BRA","BRA",183,"Sweden","SWE","SWE",7,"0","0","-","0","0","0"
1,"xyi69N",1,546,1999,27,"Brazil","BRA","BRA",183,"Sweden","SWE","SWE",7,"0","0","-","0","0","0"
1,"xyi69N",1,547,2002,27,"Brazil","BRA","BRA",183,"Sweden","SWE","SWE","0",11,"0","-","0","0","0"
1,"xyi69N",1,548,2003,27,"Brazil","BRA","BRA",183,"Sweden","SWE","SWE","0",5,"0","-","0","0","0"
1,"xyi69N",1,549,2005,27,"Brazil","BRA","BRA",183,"Sweden","SWE","SWE","0",5,"0","-","0","0","0"
1,"xyi69N",1,550,2006,27,"Brazil","BRA","BRA",183,"Sweden","SWE","SWE","0",5,"0","-","0","0","0"
1,"xyi69N",1,551,2009,27,"Brazil","BRA","BRA",183,"Sweden","SWE","SWE","0",5,"0","-","0","0","0"
1,"xyi69N",1,552,2011,27,"Brazil","BRA","BRA",183,"Sweden","SWE","SWE",5,"0","0","-","0","0","0"
1,"xyi69N",1,553,2012,27,"Brazil","BRA","BRA",183,"Sweden","SWE","SWE",5,"0","0","-","0","0","0"
1,"xyi69N",1,554,2013,27,"Brazil","BRA","BRA",183,"Sweden","SWE","SWE",7,"0","0","-","0","0","0"
1,"xyi69N",1,555,2014,27,"Brazil","BRA","BRA",183,"Sweden","SWE","SWE",7,5,"0","-","0","0","0"
1,"xyi69N",1,556,2015,27,"Brazil","BRA","BRA",183,"Sweden","SWE","SWE",8,12,"0","-","0","0","0"
1,"xyi69N",1,557,2016,27,"Brazil","BRA","BRA",183,"Sweden","SWE","SWE",8,"0","0","-","0","0","0"
1,"xyi69N",1,558,2017,27,"Brazil","BRA","BRA",183,"Sweden","SWE","SWE",8,14,"0","-","0","0","0"
1,"xyi69N",1,559,2018,27,"Brazil","BRA","BRA",183,"Sweden","SWE","SWE",8,20,"0","-","0","0","0"
1,"xyi69N",1,560,2019,27,"Brazil","BRA","BRA",183,"Sweden","SWE","SWE",8,14,"0","-","0","0","0"
1,"xyi69N",1,561,2020,27,"Brazil","BRA","BRA",183,"Sweden","SWE","SWE",8,22,"0","-","0","0","0"
1,"xyi69N",1,562,2021,27,"Brazil","BRA","BRA",183,"Sweden","SWE","SWE",6,19,"0","-","0","0","0"
1,"xyi69N",1,563,2022,27,"Brazil","BRA","BRA",183,"Sweden","SWE","SWE",7,6,"0","-","0","0","0"
1,"xyi69N",1,564,2023,27,"Brazil","BRA","BRA",183,"Sweden","SWE","SWE",5,11,"0","-","0","0","0"
1,"xyi69N",1,565,2024,27,"Brazil","BRA","BRA",183,"Sweden","SWE","SWE",12,13,"0","-","0","0","0"
1,"xyi69N",1,566,2025,27,"Brazil","BRA","BRA",183,"Sweden","SWE","SWE",11,7,"0","-","0","0","0"
1,"xyi69N",1,567,1992,29,"Bosnia and Herzegovina","BSN","BIH",183,"Sweden","SWE","SWE",598,"0","0","-","0","0","0"
1,"xyi69N",1,568,1993,29,"Bosnia and Herzegovina","BSN","BIH",183,"Sweden","SWE","SWE",29298,"0","0","-","0","0","0"
1,"xyi69N",1,569,1994,29,"Bosnia and Herzegovina","BSN","BIH",183,"Sweden","SWE","SWE",47793,"0","0","-","0","0","0"
1,"xyi69N",1,570,1995,29,"Bosnia and Herzegovina","BSN","BIH",183,"Sweden","SWE","SWE",49340,"0","0","-","0","0","0"
1,"xyi69N",1,571,1996,29,"Bosnia and Herzegovina","BSN","BIH",183,"Sweden","SWE","SWE",49409,"0","0","-","0","0","0"
1,"xyi69N",1,572,1997,29,"Bosnia and Herzegovina","BSN","BIH",183,"Sweden","SWE","SWE",50931,"0","0","-","0","0","0"
1,"xyi69N",1,573,1998,29,"Bosnia and Herzegovina","BSN","BIH",183,"Sweden","SWE","SWE",51871,"0","0","-","0","0","0"
1,"xyi69N",1,574,1999,29,"Bosnia and Herzegovina","BSN","BIH",183,"Sweden","SWE","SWE",52472,"0","0","-","0","0","0"
1,"xyi69N",1,575,2000,29,"Bosnia and Herzegovina","BSN","BIH",183,"Sweden","SWE","SWE",52891,"0","0","-","0","0","0"
1,"xyi69N",1,576,2001,29,"Bosnia and Herzegovina","BSN","BIH",183,"Sweden","SWE","SWE",53396,"0","0","-","0","0","0"
1,"xyi69N",1,577,2002,29,"Bosnia and Herzegovina","BSN","BIH",183,"Sweden","SWE","SWE",53435,3022,"0","-","0","0","0"
1,"xyi69N",1,578,2003,29,"Bosnia and Herzegovina","BSN","BIH",183,"Sweden","SWE","SWE",25836,943,"0","-","0","0","0"
1,"xyi69N",1,579,2004,29,"Bosnia and Herzegovina","BSN","BIH",183,"Sweden","SWE","SWE",7177,406,"0","-","0","0","0"
1,"xyi69N",1,580,2005,29,"Bosnia and Herzegovina","BSN","BIH",183,"Sweden","SWE","SWE",5736,375,"0","-","0","0","0"
1,"xyi69N",1,581,2006,29,"Bosnia and Herzegovina","BSN","BIH",183,"Sweden","SWE","SWE",5703,113,"0","-","0","0","0"
1,"xyi69N",1,582,2007,29,"Bosnia and Herzegovina","BSN","BIH",183,"Sweden","SWE","SWE",4086,180,"0","-","0","0","0"
1,"xyi69N",1,583,2008,29,"Bosnia and Herzegovina","BSN","BIH",183,"Sweden","SWE","SWE",3221,99,"0","-","0","0","0"
1,"xyi69N",1,584,2009,29,"Bosnia and Herzegovina","BSN","BIH",183,"Sweden","SWE","SWE",3099,93,"0","-","0","0","0"
1,"xyi69N",1,585,2010,29,"Bosnia and Herzegovina","BSN","BIH",183,"Sweden","SWE","SWE",2341,78,"0","-","0","0","0"
1,"xyi69N",1,586,2011,29,"Bosnia and Herzegovina","BSN","BIH",183,"Sweden","SWE","SWE",1876,724,"0","-","0","0","0"
1,"xyi69N",1,587,2012,29,"Bosnia and Herzegovina","BSN","BIH",183,"Sweden","SWE","SWE",1239,291,"0","-","0","0","0"
1,"xyi69N",1,588,2013,29,"Bosnia and Herzegovina","BSN","BIH",183,"Sweden","SWE","SWE",590,225,"0","-","0","0","0"
1,"xyi69N",1,589,2014,29,"Bosnia and Herzegovina","BSN","BIH",183,"Sweden","SWE","SWE",360,266,"0","-","0","0","0"
1,"xyi69N",1,590,2015,29,"Bosnia and Herzegovina","BSN","BIH",183,"Sweden","SWE","SWE",261,209,"0","-","0","0","0"
1,"xyi69N",1,591,2016,29,"Bosnia and Herzegovina","BSN","BIH",183,"Sweden","SWE","SWE",226,126,"0","-","0","0","0"
1,"xyi69N",1,592,2017,29,"Bosnia and Herzegovina","BSN","BIH",183,"Sweden","SWE","SWE",160,98,"0","-","0","0","0"
1,"xyi69N",1,593,2018,29,"Bosnia and Herzegovina","BSN","BIH",183,"Sweden","SWE","SWE",119,92,"0","-","0","0","0"
1,"xyi69N",1,594,2019,29,"Bosnia and Herzegovina","BSN","BIH",183,"Sweden","SWE","SWE",95,84,"0","-","0","0","0"
1,"xyi69N",1,595,2020,29,"Bosnia and Herzegovina","BSN","BIH",183,"Sweden","SWE","SWE",77,86,"0","-","0","0","0"
1,"xyi69N",1,596,2021,29,"Bosnia and Herzegovina","BSN","BIH",183,"Sweden","SWE","SWE",58,56,"0","-","0","0","0"
1,"xyi69N",1,597,2022,29,"Bosnia and Herzegovina","BSN","BIH",183,"Sweden","SWE","SWE",59,48,"0","-","0","0","0"
1,"xyi69N",1,598,2023,29,"Bosnia and Herzegovina","BSN","BIH",183,"Sweden","SWE","SWE",23,58,"0","-","0","0","0"
1,"xyi69N",1,599,2024,29,"Bosnia and Herzegovina","BSN","BIH",183,"Sweden","SWE","SWE",1121,6,"0","-","0","0","0"
1,"xyi69N",1,600,2025,29,"Bosnia and Herzegovina","BSN","BIH",183,"Sweden","SWE","SWE",1104,"0","0","-","0","0","0"
1,"xyi69N",1,601,1990,30,"Bulgaria","BUL","BGR",183,"Sweden","SWE","SWE",789,"0","0","-","0","0","0"
1,"xyi69N",1,602,1991,30,"Bulgaria","BUL","BGR",183,"Sweden","SWE","SWE",1237,"0","0","-","0","0","0"
1,"xyi69N",1,603,1992,30,"Bulgaria","BUL","BGR",183,"Sweden","SWE","SWE",1394,"0","0","-","0","0","0"
1,"xyi69N",1,604,1993,30,"Bulgaria","BUL","BGR",183,"Sweden","SWE","SWE",1407,"0","0","-","0","0","0"
1,"xyi69N",1,605,1994,30,"Bulgaria","BUL","BGR",183,"Sweden","SWE","SWE",1417,"0","0","-","0","0","0"
1,"xyi69N",1,606,1995,30,"Bulgaria","BUL","BGR",183,"Sweden","SWE","SWE",1401,"0","0","-","0","0","0"
1,"xyi69N",1,607,1996,30,"Bulgaria","BUL","BGR",183,"Sweden","SWE","SWE",1379,"0","0","-","0","0","0"
1,"xyi69N",1,608,1997,30,"Bulgaria","BUL","BGR",183,"Sweden","SWE","SWE",1353,"0","0","-","0","0","0"
1,"xyi69N",1,609,1998,30,"Bulgaria","BUL","BGR",183,"Sweden","SWE","SWE",1311,"0","0","-","0","0","0"
1,"xyi69N",1,610,1999,30,"Bulgaria","BUL","BGR",183,"Sweden","SWE","SWE",914,"0","0","-","0","0","0"
1,"xyi69N",1,611,2000,30,"Bulgaria","BUL","BGR",183,"Sweden","SWE","SWE",658,"0","0","-","0","0","0"
1,"xyi69N",1,612,2001,30,"Bulgaria","BUL","BGR",183,"Sweden","SWE","SWE",195,"0","0","-","0","0","0"
1,"xyi69N",1,613,2002,30,"Bulgaria","BUL","BGR",183,"Sweden","SWE","SWE",38,239,"0","-","0","0","0"
1,"xyi69N",1,614,2003,30,"Bulgaria","BUL","BGR",183,"Sweden","SWE","SWE",35,105,"0","-","0","0","0"
1,"xyi69N",1,615,2004,30,"Bulgaria","BUL","BGR",183,"Sweden","SWE","SWE",28,99,"0","-","0","0","0"
1,"xyi69N",1,616,2005,30,"Bulgaria","BUL","BGR",183,"Sweden","SWE","SWE",27,94,"0","-","0","0","0"
1,"xyi69N",1,617,2006,30,"Bulgaria","BUL","BGR",183,"Sweden","SWE","SWE",31,50,"0","-","0","0","0"
1,"xyi69N",1,618,2007,30,"Bulgaria","BUL","BGR",183,"Sweden","SWE","SWE",32,29,"0","-","0","0","0"
1,"xyi69N",1,619,2008,30,"Bulgaria","BUL","BGR",183,"Sweden","SWE","SWE",32,10,"0","-","0","0","0"
1,"xyi69N",1,620,2009,30,"Bulgaria","BUL","BGR",183,"Sweden","SWE","SWE",32,12,"0","-","0","0","0"
1,"xyi69N",1,621,2010,30,"Bulgaria","BUL","BGR",183,"Sweden","SWE","SWE",29,7,"0","-","0","0","0"
1,"xyi69N",1,622,2011,30,"Bulgaria","BUL","BGR",183,"Sweden","SWE","SWE",40,6,"0","-","0","0","0"
1,"xyi69N",1,623,2012,30,"Bulgaria","BUL","BGR",183,"Sweden","SWE","SWE",33,5,"0","-","0","0","0"
1,"xyi69N",1,624,2013,30,"Bulgaria","BUL","BGR",183,"Sweden","SWE","SWE",26,7,"0","-","0","0","0"
1,"xyi69N",1,625,2014,30,"Bulgaria","BUL","BGR",183,"Sweden","SWE","SWE",23,5,"0","-","0","0","0"
1,"xyi69N",1,626,2015,30,"Bulgaria","BUL","BGR",183,"Sweden","SWE","SWE",22,5,"0","-","0","0","0"
1,"xyi69N",1,627,2016,30,"Bulgaria","BUL","BGR",183,"Sweden","SWE","SWE",19,5,"0","-","0","0","0"
1,"xyi69N",1,628,2017,30,"Bulgaria","BUL","BGR",183,"Sweden","SWE","SWE",16,"0","0","-","0","0","0"
1,"xyi69N",1,629,2018,30,"Bulgaria","BUL","BGR",183,"Sweden","SWE","SWE",16,"0","0","-","0","0","0"
1,"xyi69N",1,630,2019,30,"Bulgaria","BUL","BGR",183,"Sweden","SWE","SWE",16,5,"0","-","0","0","0"
1,"xyi69N",1,631,2020,30,"Bulgaria","BUL","BGR",183,"Sweden","SWE","SWE",16,"0","0","-","0","0","0"
1,"xyi69N",1,632,2021,30,"Bulgaria","BUL","BGR",183,"Sweden","SWE","SWE",5,"0","0","-","0","0","0"
1,"xyi69N",1,633,2022,30,"Bulgaria","BUL","BGR",183,"Sweden","SWE","SWE",8,"0","0","-","0","0","0"
1,"xyi69N",1,634,2024,30,"Bulgaria","BUL","BGR",183,"Sweden","SWE","SWE",23,"0","0","-","0","0","0"
1,"xyi69N",1,635,2025,30,"Bulgaria","BUL","BGR",183,"Sweden","SWE","SWE",23,"0","0","-","0","0","0"
1,"xyi69N",1,636,1990,32,"Cambodia","CAM","KHM",183,"Sweden","SWE","SWE",55,"0","0","-","0","0","0"
1,"xyi69N",1,637,1991,32,"Cambodia","CAM","KHM",183,"Sweden","SWE","SWE",20,"0","0","-","0","0","0"
1,"xyi69N",1,638,1992,32,"Cambodia","CAM","KHM",183,"Sweden","SWE","SWE",11,"0","0","-","0","0","0"
1,"xyi69N",1,639,1993,32,"Cambodia","CAM","KHM",183,"Sweden","SWE","SWE",10,"0","0","-","0","0","0"
1,"xyi69N",1,640,1994,32,"Cambodia","CAM","KHM",183,"Sweden","SWE","SWE",10,"0","0","-","0","0","0"
1,"xyi69N",1,641,1995,32,"Cambodia","CAM","KHM",183,"Sweden","SWE","SWE",10,"0","0","-","0","0","0"
1,"xyi69N",1,642,1996,32,"Cambodia","CAM","KHM",183,"Sweden","SWE","SWE",10,"0","0","-","0","0","0"
1,"xyi69N",1,643,1997,32,"Cambodia","CAM","KHM",183,"Sweden","SWE","SWE",10,"0","0","-","0","0","0"
1,"xyi69N",1,644,1998,32,"Cambodia","CAM","KHM",183,"Sweden","SWE","SWE",10,"0","0","-","0","0","0"
1,"xyi69N",1,645,1999,32,"Cambodia","CAM","KHM",183,"Sweden","SWE","SWE",10,"0","0","-","0","0","0"
1,"xyi69N",1,646,2003,32,"Cambodia","CAM","KHM",183,"Sweden","SWE","SWE","0",5,"0","-","0","0","0"
1,"xyi69N",1,647,2005,32,"Cambodia","CAM","KHM",183,"Sweden","SWE","SWE",9,5,"0","-","0","0","0"
1,"xyi69N",1,648,2006,32,"Cambodia","CAM","KHM",183,"Sweden","SWE","SWE",9,"0","0","-","0","0","0"
1,"xyi69N",1,649,2007,32,"Cambodia","CAM","KHM",183,"Sweden","SWE","SWE",7,"0","0","-","0","0","0"
1,"xyi69N",1,650,2008,32,"Cambodia","CAM","KHM",183,"Sweden","SWE","SWE",7,"0","0","-","0","0","0"
1,"xyi69N",1,651,2009,32,"Cambodia","CAM","KHM",183,"Sweden","SWE","SWE",7,"0","0","-","0","0","0"
1,"xyi69N",1,652,2010,32,"Cambodia","CAM","KHM",183,"Sweden","SWE","SWE",7,"0","0","-","0","0","0"
1,"xyi69N",1,653,2011,32,"Cambodia","CAM","KHM",183,"Sweden","SWE","SWE",7,"0","0","-","0","0","0"
1,"xyi69N",1,654,2012,32,"Cambodia","CAM","KHM",183,"Sweden","SWE","SWE",5,"0","0","-","0","0","0"
1,"xyi69N",1,655,2013,32,"Cambodia","CAM","KHM",183,"Sweden","SWE","SWE",5,"0","0","-","0","0","0"
1,"xyi69N",1,656,2014,32,"Cambodia","CAM","KHM",183,"Sweden","SWE","SWE",5,"0","0","-","0","0","0"
1,"xyi69N",1,657,2015,32,"Cambodia","CAM","KHM",183,"Sweden","SWE","SWE",5,"0","0","-","0","0","0"
1,"xyi69N",1,658,2016,32,"Cambodia","CAM","KHM",183,"Sweden","SWE","SWE",5,"0","0","-","0","0","0"
1,"xyi69N",1,659,1991,33,"Canada","CAN","CAN",183,"Sweden","SWE","SWE",5,"0","0","-","0","0","0"
1,"xyi69N",1,660,1992,33,"Canada","CAN","CAN",183,"Sweden","SWE","SWE",5,"0","0","-","0","0","0"
1,"xyi69N",1,661,1993,33,"Canada","CAN","CAN",183,"Sweden","SWE","SWE",5,"0","0","-","0","0","0"
1,"xyi69N",1,662,1994,33,"Canada","CAN","CAN",183,"Sweden","SWE","SWE",5,"0","0","-","0","0","0"
1,"xyi69N",1,663,1995,33,"Canada","CAN","CAN",183,"Sweden","SWE","SWE",5,"0","0","-","0","0","0"
1,"xyi69N",1,664,1996,33,"Canada","CAN","CAN",183,"Sweden","SWE","SWE",5,"0","0","-","0","0","0"
1,"xyi69N",1,665,1997,33,"Canada","CAN","CAN",183,"Sweden","SWE","SWE",5,"0","0","-","0","0","0"
1,"xyi69N",1,666,1998,33,"Canada","CAN","CAN",183,"Sweden","SWE","SWE",5,"0","0","-","0","0","0"
1,"xyi69N",1,667,1999,33,"Canada","CAN","CAN",183,"Sweden","SWE","SWE",5,"0","0","-","0","0","0"
1,"xyi69N",1,668,2000,33,"Canada","CAN","CAN",183,"Sweden","SWE","SWE",5,"0","0","-","0","0","0"
1,"xyi69N",1,669,2014,33,"Canada","CAN","CAN",183,"Sweden","SWE","SWE","0",5,"0","-","0","0","0"
1,"xyi69N",1,670,2015,33,"Canada","CAN","CAN",183,"Sweden","SWE","SWE","0",5,"0","-","0","0","0"
1,"xyi69N",1,671,2018,33,"Canada","CAN","CAN",183,"Sweden","SWE","SWE","0",5,"0","-","0","0","0"
1,"xyi69N",1,672,2022,33,"Canada","CAN","CAN",183,"Sweden","SWE","SWE",5,10,"0","-","0","0","0"
1,"xyi69N",1,673,2023,33,"Canada","CAN","CAN",183,"Sweden","SWE","SWE",6,"0","0","-","0","0","0"
1,"xyi69N",1,674,2024,33,"Canada","CAN","CAN",183,"Sweden","SWE","SWE",8,"0","0","-","0","0","0"
1,"xyi69N",1,675,2025,33,"Canada","CAN","CAN",183,"Sweden","SWE","SWE",6,"0","0","-","0","0","0"
1,"xyi69N",1,676,2004,34,"Central African Rep.","CAR","CAF",183,"Sweden","SWE","SWE",8,"0","0","-","0","0","0"
1,"xyi69N",1,677,2005,34,"Central African Rep.","CAR","CAF",183,"Sweden","SWE","SWE",18,"0","0","-","0","0","0"
1,"xyi69N",1,678,2006,34,"Central African Rep.","CAR","CAF",183,"Sweden","SWE","SWE",29,"0","0","-","0","0","0"
1,"xyi69N",1,679,2015,34,"Central African Rep.","CAR","CAF",183,"Sweden","SWE","SWE","0",5,"0","-","0","0","0"
1,"xyi69N",1,680,2018,34,"Central African Rep.","CAR","CAF",183,"Sweden","SWE","SWE",70,"0","0","-","0","0","0"
1,"xyi69N",1,681,2019,34,"Central African Rep.","CAR","CAF",183,"Sweden","SWE","SWE",70,"0","0","-","0","0","0"
1,"xyi69N",1,682,2020,34,"Central African Rep.","CAR","CAF",183,"Sweden","SWE","SWE",71,"0","0","-","0","0","0"
1,"xyi69N",1,683,2021,34,"Central African Rep.","CAR","CAF",183,"Sweden","SWE","SWE",71,"0","0","-","0","0","0"
1,"xyi69N",1,684,2022,34,"Central African Rep.","CAR","CAF",183,"Sweden","SWE","SWE",71,"0","0","-","0","0","0"
1,"xyi69N",1,685,2023,34,"Central African Rep.","CAR","CAF",183,"Sweden","SWE","SWE",5,"0","0","-","0","0","0"
1,"xyi69N",1,686,2024,34,"Central African Rep.","CAR","CAF",183,"Sweden","SWE","SWE",179,"0","0","-","0","0","0"
1,"xyi69N",1,687,2025,34,"Central African Rep.","CAR","CAF",183,"Sweden","SWE","SWE",180,"0","0","-","0","0","0"
1,"xyi69N",1,688,1991,36,"Chad","CHD","TCD",183,"Sweden","SWE","SWE",5,"0","0","-","0","0","0"
1,"xyi69N",1,689,1992,36,"Chad","CHD","TCD",183,"Sweden","SWE","SWE",12,"0","0","-","0","0","0"
1,"xyi69N",1,690,1993,36,"Chad","CHD","TCD",183,"Sweden","SWE","SWE",13,"0","0","-","0","0","0"
1,"xyi69N",1,691,1994,36,"Chad","CHD","TCD",183,"Sweden","SWE","SWE",14,"0","0","-","0","0","0"
1,"xyi69N",1,692,1995,36,"Chad","CHD","TCD",183,"Sweden","SWE","SWE",14,"0","0","-","0","0","0"
1,"xyi69N",1,693,1996,36,"Chad","CHD","TCD",183,"Sweden","SWE","SWE",14,"0","0","-","0","0","0"
1,"xyi69N",1,694,1997,36,"Chad","CHD","TCD",183,"Sweden","SWE","SWE",14,"0","0","-","0","0","0"
1,"xyi69N",1,695,1998,36,"Chad","CHD","TCD",183,"Sweden","SWE","SWE",15,"0","0","-","0","0","0"
1,"xyi69N",1,696,1999,36,"Chad","CHD","TCD",183,"Sweden","SWE","SWE",15,"0","0","-","0","0","0"
1,"xyi69N",1,697,2000,36,"Chad","CHD","TCD",183,"Sweden","SWE","SWE",15,"0","0","-","0","0","0"
1,"xyi69N",1,698,2001,36,"Chad","CHD","TCD",183,"Sweden","SWE","SWE",11,"0","0","-","0","0","0"
1,"xyi69N",1,699,2002,36,"Chad","CHD","TCD",183,"Sweden","SWE","SWE",5,8,"0","-","0","0","0"
1,"xyi69N",1,700,2003,36,"Chad","CHD","TCD",183,"Sweden","SWE","SWE",7,5,"0","-","0","0","0"
1,"xyi69N",1,701,2004,36,"Chad","CHD","TCD",183,"Sweden","SWE","SWE",6,5,"0","-","0","0","0"
1,"xyi69N",1,702,2005,36,"Chad","CHD","TCD",183,"Sweden","SWE","SWE",6,"0","0","-","0","0","0"
1,"xyi69N",1,703,2006,36,"Chad","CHD","TCD",183,"Sweden","SWE","SWE",11,"0","0","-","0","0","0"
1,"xyi69N",1,704,2007,36,"Chad","CHD","TCD",183,"Sweden","SWE","SWE",6,"0","0","-","0","0","0"
1,"xyi69N",1,705,2008,36,"Chad","CHD","TCD",183,"Sweden","SWE","SWE",5,5,"0","-","0","0","0"
1,"xyi69N",1,706,2009,36,"Chad","CHD","TCD",183,"Sweden","SWE","SWE",8,5,"0","-","0","0","0"
1,"xyi69N",1,707,2010,36,"Chad","CHD","TCD",183,"Sweden","SWE","SWE",8,5,"0","-","0","0","0"
1,"xyi69N",1,708,2011,36,"Chad","CHD","TCD",183,"Sweden","SWE","SWE",8,"0","0","-","0","0","0"
1,"xyi69N",1,709,2012,36,"Chad","CHD","TCD",183,"Sweden","SWE","SWE",8,5,"0","-","0","0","0"
1,"xyi69N",1,710,2013,36,"Chad","CHD","TCD",183,"Sweden","SWE","SWE",5,5,"0","-","0","0","0"
1,"xyi69N",1,711,2014,36,"Chad","CHD","TCD",183,"Sweden","SWE","SWE",6,16,"0","-","0","0","0"
1,"xyi69N",1,712,2015,36,"Chad","CHD","TCD",183,"Sweden","SWE","SWE",10,21,"0","-","0","0","0"
1,"xyi69N",1,713,2016,36,"Chad","CHD","TCD",183,"Sweden","SWE","SWE",19,10,"0","-","0","0","0"
1,"xyi69N",1,714,2017,36,"Chad","CHD","TCD",183,"Sweden","SWE","SWE",19,6,"0","-","0","0","0"
1,"xyi69N",1,715,2018,36,"Chad","CHD","TCD",183,"Sweden","SWE","SWE",22,"0","0","-","0","0","0"
1,"xyi69N",1,716,2019,36,"Chad","CHD","TCD",183,"Sweden","SWE","SWE",19,"0","0","-","0","0","0"
1,"xyi69N",1,717,2020,36,"Chad","CHD","TCD",183,"Sweden","SWE","SWE",19,"0","0","-","0","0","0"
1,"xyi69N",1,718,2021,36,"Chad","CHD","TCD",183,"Sweden","SWE","SWE",18,"0","0","-","0","0","0"
1,"xyi69N",1,719,2022,36,"Chad","CHD","TCD",183,"Sweden","SWE","SWE",18,"0","0","-","0","0","0"
1,"xyi69N",1,720,2023,36,"Chad","CHD","TCD",183,"Sweden","SWE","SWE",15,"0","0","-","0","0","0"
1,"xyi69N",1,721,2024,36,"Chad","CHD","TCD",183,"Sweden","SWE","SWE",16,"0","0","-","0","0","0"
1,"xyi69N",1,722,2025,36,"Chad","CHD","TCD",183,"Sweden","SWE","SWE",15,"0","0","-","0","0","0"
1,"xyi69N",1,723,1990,37,"China","CHI","CHN",183,"Sweden","SWE","SWE",235,"0","0","-","0","0","0"
1,"xyi69N",1,724,1991,37,"China","CHI","CHN",183,"Sweden","SWE","SWE",297,"0","0","-","0","0","0"
1,"xyi69N",1,725,1992,37,"China","CHI","CHN",183,"Sweden","SWE","SWE",341,"0","0","-","0","0","0"
1,"xyi69N",1,726,1993,37,"China","CHI","CHN",183,"Sweden","SWE","SWE",381,"0","0","-","0","0","0"
1,"xyi69N",1,727,1994,37,"China","CHI","CHN",183,"Sweden","SWE","SWE",402,"0","0","-","0","0","0"
1,"xyi69N",1,728,1995,37,"China","CHI","CHN",183,"Sweden","SWE","SWE",411,"0","0","-","0","0","0"
1,"xyi69N",1,729,1996,37,"China","CHI","CHN",183,"Sweden","SWE","SWE",418,"0","0","-","0","0","0"
1,"xyi69N",1,730,1997,37,"China","CHI","CHN",183,"Sweden","SWE","SWE",439,"0","0","-","0","0","0"
1,"xyi69N",1,731,1998,37,"China","CHI","CHN",183,"Sweden","SWE","SWE",456,"0","0","-","0","0","0"
1,"xyi69N",1,732,1999,37,"China","CHI","CHN",183,"Sweden","SWE","SWE",453,"0","0","-","0","0","0"
1,"xyi69N",1,733,2000,37,"China","CHI","CHN",183,"Sweden","SWE","SWE",280,"0","0","-","0","0","0"
1,"xyi69N",1,734,2001,37,"China","CHI","CHN",183,"Sweden","SWE","SWE",205,"0","0","-","0","0","0"
1,"xyi69N",1,735,2002,37,"China","CHI","CHN",183,"Sweden","SWE","SWE",182,97,"0","-","0","0","0"
1,"xyi69N",1,736,2003,37,"China","CHI","CHN",183,"Sweden","SWE","SWE",170,173,"0","-","0","0","0"
1,"xyi69N",1,737,2004,37,"China","CHI","CHN",183,"Sweden","SWE","SWE",197,170,"0","-","0","0","0"
1,"xyi69N",1,738,2005,37,"China","CHI","CHN",183,"Sweden","SWE","SWE",226,66,"0","-","0","0","0"
1,"xyi69N",1,739,2006,37,"China","CHI","CHN",183,"Sweden","SWE","SWE",236,63,"0","-","0","0","0"
1,"xyi69N",1,740,2007,37,"China","CHI","CHN",183,"Sweden","SWE","SWE",131,80,"0","-","0","0","0"
1,"xyi69N",1,741,2008,37,"China","CHI","CHN",183,"Sweden","SWE","SWE",125,100,"0","-","0","0","0"
1,"xyi69N",1,742,2009,37,"China","CHI","CHN",183,"Sweden","SWE","SWE",139,90,"0","-","0","0","0"
1,"xyi69N",1,743,2010,37,"China","CHI","CHN",183,"Sweden","SWE","SWE",148,91,"0","-","0","0","0"
1,"xyi69N",1,744,2011,37,"China","CHI","CHN",183,"Sweden","SWE","SWE",183,81,"0","-","0","0","0"
1,"xyi69N",1,745,2012,37,"China","CHI","CHN",183,"Sweden","SWE","SWE",255,38,"0","-","0","0","0"
1,"xyi69N",1,746,2013,37,"China","CHI","CHN",183,"Sweden","SWE","SWE",264,37,"0","-","0","0","0"
1,"xyi69N",1,747,2014,37,"China","CHI","CHN",183,"Sweden","SWE","SWE",272,67,"0","-","0","0","0"
1,"xyi69N",1,748,2015,37,"China","CHI","CHN",183,"Sweden","SWE","SWE",262,100,"0","-","0","0","0"
1,"xyi69N",1,749,2016,37,"China","CHI","CHN",183,"Sweden","SWE","SWE",298,63,"0","-","0","0","0"
1,"xyi69N",1,750,2017,37,"China","CHI","CHN",183,"Sweden","SWE","SWE",282,66,"0","-","0","0","0"
1,"xyi69N",1,751,2018,37,"China","CHI","CHN",183,"Sweden","SWE","SWE",282,69,"0","-","0","0","0"
1,"xyi69N",1,752,2019,37,"China","CHI","CHN",183,"Sweden","SWE","SWE",285,78,"0","-","0","0","0"
1,"xyi69N",1,753,2020,37,"China","CHI","CHN",183,"Sweden","SWE","SWE",276,46,"0","-","0","0","0"
1,"xyi69N",1,754,2021,37,"China","CHI","CHN",183,"Sweden","SWE","SWE",248,30,"0","-","0","0","0"
1,"xyi69N",1,755,2022,37,"China","CHI","CHN",183,"Sweden","SWE","SWE",183,28,"0","-","0","0","0"
1,"xyi69N",1,756,2023,37,"China","CHI","CHN",183,"Sweden","SWE","SWE",164,25,"0","-","0","0","0"
1,"xyi69N",1,757,2024,37,"China","CHI","CHN",183,"Sweden","SWE","SWE",191,19,"0","-","0","0","0"
1,"xyi69N",1,758,2025,37,"China","CHI","CHN",183,"Sweden","SWE","SWE",183,23,"0","-","0","0","0"
1,"xyi69N",1,759,1990,38,"Chile","CHL","CHL",183,"Sweden","SWE","SWE",13575,"0","0","-","0","0","0"
1,"xyi69N",1,760,1991,38,"Chile","CHL","CHL",183,"Sweden","SWE","SWE",13149,"0","0","-","0","0","0"
1,"xyi69N",1,761,1992,38,"Chile","CHL","CHL",183,"Sweden","SWE","SWE",12812,"0","0","-","0","0","0"
1,"xyi69N",1,762,1993,38,"Chile","CHL","CHL",183,"Sweden","SWE","SWE",12157,"0","0","-","0","0","0"
1,"xyi69N",1,763,1994,38,"Chile","CHL","CHL",183,"Sweden","SWE","SWE",11711,"0","0","-","0","0","0"
1,"xyi69N",1,764,1995,38,"Chile","CHL","CHL",183,"Sweden","SWE","SWE",11061,"0","0","-","0","0","0"
1,"xyi69N",1,765,1996,38,"Chile","CHL","CHL",183,"Sweden","SWE","SWE",9328,"0","0","-","0","0","0"
1,"xyi69N",1,766,1997,38,"Chile","CHL","CHL",183,"Sweden","SWE","SWE",7745,"0","0","-","0","0","0"
1,"xyi69N",1,767,1998,38,"Chile","CHL","CHL",183,"Sweden","SWE","SWE",6010,"0","0","-","0","0","0"
1,"xyi69N",1,768,1999,38,"Chile","CHL","CHL",183,"Sweden","SWE","SWE",604,"0","0","-","0","0","0"
1,"xyi69N",1,769,2000,38,"Chile","CHL","CHL",183,"Sweden","SWE","SWE",162,"0","0","-","0","0","0"
1,"xyi69N",1,770,2001,38,"Chile","CHL","CHL",183,"Sweden","SWE","SWE",123,"0","0","-","0","0","0"
1,"xyi69N",1,771,2002,38,"Chile","CHL","CHL",183,"Sweden","SWE","SWE",99,225,"0","-","0","0","0"
1,"xyi69N",1,772,2003,38,"Chile","CHL","CHL",183,"Sweden","SWE","SWE",95,37,"0","-","0","0","0"
1,"xyi69N",1,773,2004,38,"Chile","CHL","CHL",183,"Sweden","SWE","SWE",59,19,"0","-","0","0","0"
1,"xyi69N",1,774,2005,38,"Chile","CHL","CHL",183,"Sweden","SWE","SWE",63,6,"0","-","0","0","0"
1,"xyi69N",1,775,2006,38,"Chile","CHL","CHL",183,"Sweden","SWE","SWE",65,8,"0","-","0","0","0"
1,"xyi69N",1,776,2007,38,"Chile","CHL","CHL",183,"Sweden","SWE","SWE",59,39,"0","-","0","0","0"
1,"xyi69N",1,777,2008,38,"Chile","CHL","CHL",183,"Sweden","SWE","SWE",48,14,"0","-","0","0","0"
1,"xyi69N",1,778,2009,38,"Chile","CHL","CHL",183,"Sweden","SWE","SWE",48,17,"0","-","0","0","0"
1,"xyi69N",1,779,2010,38,"Chile","CHL","CHL",183,"Sweden","SWE","SWE",42,6,"0","-","0","0","0"
1,"xyi69N",1,780,2011,38,"Chile","CHL","CHL",183,"Sweden","SWE","SWE",31,13,"0","-","0","0","0"
1,"xyi69N",1,781,2012,38,"Chile","CHL","CHL",183,"Sweden","SWE","SWE",30,14,"0","-","0","0","0"
1,"xyi69N",1,782,2013,38,"Chile","CHL","CHL",183,"Sweden","SWE","SWE",30,12,"0","-","0","0","0"
1,"xyi69N",1,783,2014,38,"Chile","CHL","CHL",183,"Sweden","SWE","SWE",31,22,"0","-","0","0","0"
1,"xyi69N",1,784,2015,38,"Chile","CHL","CHL",183,"Sweden","SWE","SWE",24,16,"0","-","0","0","0"
1,"xyi69N",1,785,2016,38,"Chile","CHL","CHL",183,"Sweden","SWE","SWE",23,26,"0","-","0","0","0"
1,"xyi69N",1,786,2017,38,"Chile","CHL","CHL",183,"Sweden","SWE","SWE",19,18,"0","-","0","0","0"
1,"xyi69N",1,787,2018,38,"Chile","CHL","CHL",183,"Sweden","SWE","SWE",13,31,"0","-","0","0","0"
1,"xyi69N",1,788,2019,38,"Chile","CHL","CHL",183,"Sweden","SWE","SWE",13,35,"0","-","0","0","0"
1,"xyi69N",1,789,2020,38,"Chile","CHL","CHL",183,"Sweden","SWE","SWE",12,28,"0","-","0","0","0"
1,"xyi69N",1,790,2021,38,"Chile","CHL","CHL",183,"Sweden","SWE","SWE",9,17,"0","-","0","0","0"
1,"xyi69N",1,791,2022,38,"Chile","CHL","CHL",183,"Sweden","SWE","SWE",9,5,"0","-","0","0","0"
1,"xyi69N",1,792,2023,38,"Chile","CHL","CHL",183,"Sweden","SWE","SWE",5,5,"0","-","0","0","0"
1,"xyi69N",1,793,2024,38,"Chile","CHL","CHL",183,"Sweden","SWE","SWE",1131,5,"0","-","0","0","0"
1,"xyi69N",1,794,2025,38,"Chile","CHL","CHL",183,"Sweden","SWE","SWE",1108,5,"0","-","0","0","0"
1,"xyi69N",1,795,1996,39,"Cameroon","CMR","CMR",183,"Sweden","SWE","SWE",9,"0","0","-","0","0","0"
1,"xyi69N",1,796,1997,39,"Cameroon","CMR","CMR",183,"Sweden","SWE","SWE",9,"0","0","-","0","0","0"
1,"xyi69N",1,797,1998,39,"Cameroon","CMR","CMR",183,"Sweden","SWE","SWE",9,"0","0","-","0","0","0"
1,"xyi69N",1,798,1999,39,"Cameroon","CMR","CMR",183,"Sweden","SWE","SWE",9,"0","0","-","0","0","0"
1,"xyi69N",1,799,2000,39,"Cameroon","CMR","CMR",183,"Sweden","SWE","SWE",11,"0","0","-","0","0","0"
1,"xyi69N",1,800,2001,39,"Cameroon","CMR","CMR",183,"Sweden","SWE","SWE",10,"0","0","-","0","0","0"
1,"xyi69N",1,801,2002,39,"Cameroon","CMR","CMR",183,"Sweden","SWE","SWE",14,24,"0","-","0","0","0"
1,"xyi69N",1,802,2003,39,"Cameroon","CMR","CMR",183,"Sweden","SWE","SWE",16,58,"0","-","0","0","0"
1,"xyi69N",1,803,2004,39,"Cameroon","CMR","CMR",183,"Sweden","SWE","SWE",24,82,"0","-","0","0","0"
1,"xyi69N",1,804,2005,39,"Cameroon","CMR","CMR",183,"Sweden","SWE","SWE",29,59,"0","-","0","0","0"
1,"xyi69N",1,805,2006,39,"Cameroon","CMR","CMR",183,"Sweden","SWE","SWE",23,30,"0","-","0","0","0"
1,"xyi69N",1,806,2007,39,"Cameroon","CMR","CMR",183,"Sweden","SWE","SWE",37,49,"0","-","0","0","0"
1,"xyi69N",1,807,2008,39,"Cameroon","CMR","CMR",183,"Sweden","SWE","SWE",42,49,"0","-","0","0","0"
1,"xyi69N",1,808,2009,39,"Cameroon","CMR","CMR",183,"Sweden","SWE","SWE",49,32,"0","-","0","0","0"
1,"xyi69N",1,809,2010,39,"Cameroon","CMR","CMR",183,"Sweden","SWE","SWE",58,23,"0","-","0","0","0"
1,"xyi69N",1,810,2011,39,"Cameroon","CMR","CMR",183,"Sweden","SWE","SWE",70,31,"0","-","0","0","0"
1,"xyi69N",1,811,2012,39,"Cameroon","CMR","CMR",183,"Sweden","SWE","SWE",80,38,"0","-","0","0","0"
1,"xyi69N",1,812,2013,39,"Cameroon","CMR","CMR",183,"Sweden","SWE","SWE",126,36,"0","-","0","0","0"
1,"xyi69N",1,813,2014,39,"Cameroon","CMR","CMR",183,"Sweden","SWE","SWE",137,53,"0","-","0","0","0"
1,"xyi69N",1,814,2015,39,"Cameroon","CMR","CMR",183,"Sweden","SWE","SWE",142,75,"0","-","0","0","0"
1,"xyi69N",1,815,2016,39,"Cameroon","CMR","CMR",183,"Sweden","SWE","SWE",158,74,"0","-","0","0","0"
1,"xyi69N",1,816,2017,39,"Cameroon","CMR","CMR",183,"Sweden","SWE","SWE",152,101,"0","-","0","0","0"
1,"xyi69N",1,817,2018,39,"Cameroon","CMR","CMR",183,"Sweden","SWE","SWE",165,175,"0","-","0","0","0"
1,"xyi69N",1,818,2019,39,"Cameroon","CMR","CMR",183,"Sweden","SWE","SWE",187,206,"0","-","0","0","0"
1,"xyi69N",1,819,2020,39,"Cameroon","CMR","CMR",183,"Sweden","SWE","SWE",210,195,"0","-","0","0","0"
1,"xyi69N",1,820,2021,39,"Cameroon","CMR","CMR",183,"Sweden","SWE","SWE",231,135,"0","-","0","0","0"
1,"xyi69N",1,821,2022,39,"Cameroon","CMR","CMR",183,"Sweden","SWE","SWE",234,105,"0","-","0","0","0"
1,"xyi69N",1,822,2023,39,"Cameroon","CMR","CMR",183,"Sweden","SWE","SWE",187,60,"0","-","0","0","0"
1,"xyi69N",1,823,2024,39,"Cameroon","CMR","CMR",183,"Sweden","SWE","SWE",222,52,"0","-","0","0","0"
1,"xyi69N",1,824,2025,39,"Cameroon","CMR","CMR",183,"Sweden","SWE","SWE",222,44,"0","-","0","0","0"
1,"xyi69N",1,825,1991,40,"Congo","COB","COG",183,"Sweden","SWE","SWE",5,"0","0","-","0","0","0"
1,"xyi69N",1,826,1992,40,"Congo","COB","COG",183,"Sweden","SWE","SWE",7,"0","0","-","0","0","0"
1,"xyi69N",1,827,1993,40,"Congo","COB","COG",183,"Sweden","SWE","SWE",7,"0","0","-","0","0","0"
1,"xyi69N",1,828,1994,40,"Congo","COB","COG",183,"Sweden","SWE","SWE",7,"0","0","-","0","0","0"
1,"xyi69N",1,829,1995,40,"Congo","COB","COG",183,"Sweden","SWE","SWE",7,"0","0","-","0","0","0"
1,"xyi69N",1,830,1996,40,"Congo","COB","COG",183,"Sweden","SWE","SWE",7,"0","0","-","0","0","0"
1,"xyi69N",1,831,1997,40,"Congo","COB","COG",183,"Sweden","SWE","SWE",7,"0","0","-","0","0","0"
1,"xyi69N",1,832,1998,40,"Congo","COB","COG",183,"Sweden","SWE","SWE",8,"0","0","-","0","0","0"
1,"xyi69N",1,833,1999,40,"Congo","COB","COG",183,"Sweden","SWE","SWE",8,"0","0","-","0","0","0"
1,"xyi69N",1,834,2000,40,"Congo","COB","COG",183,"Sweden","SWE","SWE",18,"0","0","-","0","0","0"
1,"xyi69N",1,835,2001,40,"Congo","COB","COG",183,"Sweden","SWE","SWE",18,"0","0","-","0","0","0"
1,"xyi69N",1,836,2002,40,"Congo","COB","COG",183,"Sweden","SWE","SWE",22,45,"0","-","0","0","0"
1,"xyi69N",1,837,2003,40,"Congo","COB","COG",183,"Sweden","SWE","SWE",45,38,"0","-","0","0","0"
1,"xyi69N",1,838,2004,40,"Congo","COB","COG",183,"Sweden","SWE","SWE",57,20,"0","-","0","0","0"
1,"xyi69N",1,839,2005,40,"Congo","COB","COG",183,"Sweden","SWE","SWE",77,27,"0","-","0","0","0"
1,"xyi69N",1,840,2006,40,"Congo","COB","COG",183,"Sweden","SWE","SWE",214,27,"0","-","0","0","0"
1,"xyi69N",1,841,2007,40,"Congo","COB","COG",183,"Sweden","SWE","SWE",50,38,"0","-","0","0","0"
1,"xyi69N",1,842,2008,40,"Congo","COB","COG",183,"Sweden","SWE","SWE",53,15,"0","-","0","0","0"
1,"xyi69N",1,843,2009,40,"Congo","COB","COG",183,"Sweden","SWE","SWE",57,11,"0","-","0","0","0"
1,"xyi69N",1,844,2010,40,"Congo","COB","COG",183,"Sweden","SWE","SWE",52,11,"0","-","0","0","0"
1,"xyi69N",1,845,2011,40,"Congo","COB","COG",183,"Sweden","SWE","SWE",62,10,"0","-","0","0","0"
1,"xyi69N",1,846,2012,40,"Congo","COB","COG",183,"Sweden","SWE","SWE",60,25,"0","-","0","0","0"
1,"xyi69N",1,847,2013,40,"Congo","COB","COG",183,"Sweden","SWE","SWE",66,17,"0","-","0","0","0"
1,"xyi69N",1,848,2014,40,"Congo","COB","COG",183,"Sweden","SWE","SWE",65,17,"0","-","0","0","0"
1,"xyi69N",1,849,2015,40,"Congo","COB","COG",183,"Sweden","SWE","SWE",56,38,"0","-","0","0","0"
1,"xyi69N",1,850,2016,40,"Congo","COB","COG",183,"Sweden","SWE","SWE",59,47,"0","-","0","0","0"
1,"xyi69N",1,851,2017,40,"Congo","COB","COG",183,"Sweden","SWE","SWE",50,27,"0","-","0","0","0"
1,"xyi69N",1,852,2018,40,"Congo","COB","COG",183,"Sweden","SWE","SWE",46,27,"0","-","0","0","0"
1,"xyi69N",1,853,2019,40,"Congo","COB","COG",183,"Sweden","SWE","SWE",38,34,"0","-","0","0","0"
1,"xyi69N",1,854,2020,40,"Congo","COB","COG",183,"Sweden","SWE","SWE",36,20,"0","-","0","0","0"
1,"xyi69N",1,855,2021,40,"Congo","COB","COG",183,"Sweden","SWE","SWE",28,18,"0","-","0","0","0"
1,"xyi69N",1,856,2022,40,"Congo","COB","COG",183,"Sweden","SWE","SWE",32,26,"0","-","0","0","0"
1,"xyi69N",1,857,2023,40,"Congo","COB","COG",183,"Sweden","SWE","SWE",28,5,"0","-","0","0","0"
1,"xyi69N",1,858,2024,40,"Congo","COB","COG",183,"Sweden","SWE","SWE",75,5,"0","-","0","0","0"
1,"xyi69N",1,859,2025,40,"Congo","COB","COG",183,"Sweden","SWE","SWE",73,5,"0","-","0","0","0"
1,"xyi69N",1,860,1990,41,"Dem. Rep. of the Congo","COD","COD",183,"Sweden","SWE","SWE",33,"0","0","-","0","0","0"
1,"xyi69N",1,861,1991,41,"Dem. Rep. of the Congo","COD","COD",183,"Sweden","SWE","SWE",83,"0","0","-","0","0","0"
1,"xyi69N",1,862,1992,41,"Dem. Rep. of the Congo","COD","COD",183,"Sweden","SWE","SWE",97,"0","0","-","0","0","0"
1,"xyi69N",1,863,1993,41,"Dem. Rep. of the Congo","COD","COD",183,"Sweden","SWE","SWE",109,"0","0","-","0","0","0"
1,"xyi69N",1,864,1994,41,"Dem. Rep. of the Congo","COD","COD",183,"Sweden","SWE","SWE",175,"0","0","-","0","0","0"
1,"xyi69N",1,865,1995,41,"Dem. Rep. of the Congo","COD","COD",183,"Sweden","SWE","SWE",188,"0","0","-","0","0","0"
1,"xyi69N",1,866,1996,41,"Dem. Rep. of the Congo","COD","COD",183,"Sweden","SWE","SWE",201,"0","0","-","0","0","0"
1,"xyi69N",1,867,1997,41,"Dem. Rep. of the Congo","COD","COD",183,"Sweden","SWE","SWE",223,"0","0","-","0","0","0"
1,"xyi69N",1,868,1998,41,"Dem. Rep. of the Congo","COD","COD",183,"Sweden","SWE","SWE",240,"0","0","-","0","0","0"
1,"xyi69N",1,869,1999,41,"Dem. Rep. of the Congo","COD","COD",183,"Sweden","SWE","SWE",240,"0","0","-","0","0","0"
1,"xyi69N",1,870,2000,41,"Dem. Rep. of the Congo","COD","COD",183,"Sweden","SWE","SWE",248,"0","0","-","0","0","0"
1,"xyi69N",1,871,2001,41,"Dem. Rep. of the Congo","COD","COD",183,"Sweden","SWE","SWE",221,"0","0","-","0","0","0"
1,"xyi69N",1,872,2002,41,"Dem. Rep. of the Congo","COD","COD",183,"Sweden","SWE","SWE",228,106,"0","-","0","0","0"
1,"xyi69N",1,873,2003,41,"Dem. Rep. of the Congo","COD","COD",183,"Sweden","SWE","SWE",258,200,"0","-","0","0","0"
1,"xyi69N",1,874,2004,41,"Dem. Rep. of the Congo","COD","COD",183,"Sweden","SWE","SWE",228,203,"0","-","0","0","0"
1,"xyi69N",1,875,2005,41,"Dem. Rep. of the Congo","COD","COD",183,"Sweden","SWE","SWE",259,182,"0","-","0","0","0"
1,"xyi69N",1,876,2006,41,"Dem. Rep. of the Congo","COD","COD",183,"Sweden","SWE","SWE",259,74,"0","-","0","0","0"
1,"xyi69N",1,877,2007,41,"Dem. Rep. of the Congo","COD","COD",183,"Sweden","SWE","SWE",185,96,"0","-","0","0","0"
1,"xyi69N",1,878,2008,41,"Dem. Rep. of the Congo","COD","COD",183,"Sweden","SWE","SWE",190,75,"0","-","0","0","0"
1,"xyi69N",1,879,2009,41,"Dem. Rep. of the Congo","COD","COD",183,"Sweden","SWE","SWE",238,73,"0","-","0","0","0"
1,"xyi69N",1,880,2010,41,"Dem. Rep. of the Congo","COD","COD",183,"Sweden","SWE","SWE",240,87,"0","-","0","0","0"
1,"xyi69N",1,881,2011,41,"Dem. Rep. of the Congo","COD","COD",183,"Sweden","SWE","SWE",271,84,"0","-","0","0","0"
1,"xyi69N",1,882,2012,41,"Dem. Rep. of the Congo","COD","COD",183,"Sweden","SWE","SWE",287,50,"0","-","0","0","0"
1,"xyi69N",1,883,2013,41,"Dem. Rep. of the Congo","COD","COD",183,"Sweden","SWE","SWE",320,59,"0","-","0","0","0"
1,"xyi69N",1,884,2014,41,"Dem. Rep. of the Congo","COD","COD",183,"Sweden","SWE","SWE",328,70,"0","-","0","0","0"
1,"xyi69N",1,885,2015,41,"Dem. Rep. of the Congo","COD","COD",183,"Sweden","SWE","SWE",309,65,"0","-","0","0","0"
1,"xyi69N",1,886,2016,41,"Dem. Rep. of the Congo","COD","COD",183,"Sweden","SWE","SWE",326,78,"0","-","0","0","0"
1,"xyi69N",1,887,2017,41,"Dem. Rep. of the Congo","COD","COD",183,"Sweden","SWE","SWE",324,73,"0","-","0","0","0"
1,"xyi69N",1,888,2018,41,"Dem. Rep. of the Congo","COD","COD",183,"Sweden","SWE","SWE",917,122,"0","-","0","0","0"
1,"xyi69N",1,889,2019,41,"Dem. Rep. of the Congo","COD","COD",183,"Sweden","SWE","SWE",875,113,"0","-","0","0","0"
1,"xyi69N",1,890,2020,41,"Dem. Rep. of the Congo","COD","COD",183,"Sweden","SWE","SWE",861,99,"0","-","0","0","0"
1,"xyi69N",1,891,2021,41,"Dem. Rep. of the Congo","COD","COD",183,"Sweden","SWE","SWE",824,65,"0","-","0","0","0"
1,"xyi69N",1,892,2022,41,"Dem. Rep. of the Congo","COD","COD",183,"Sweden","SWE","SWE",829,75,"0","-","0","0","0"
1,"xyi69N",1,893,2023,41,"Dem. Rep. of the Congo","COD","COD",183,"Sweden","SWE","SWE",273,129,"0","-","0","0","0"
1,"xyi69N",1,894,2024,41,"Dem. Rep. of the Congo","COD","COD",183,"Sweden","SWE","SWE",5494,76,"0","-","0","0","0"
1,"xyi69N",1,895,2025,41,"Dem. Rep. of the Congo","COD","COD",183,"Sweden","SWE","SWE",5713,53,"0","-","0","0","0"
1,"xyi69N",1,896,2012,42,"Comoros","COI","COM",183,"Sweden","SWE","SWE","0",5,"0","-","0","0","0"
1,"xyi69N",1,897,2013,42,"Comoros","COI","COM",183,"Sweden","SWE","SWE",5,"0","0","-","0","0","0"
1,"xyi69N",1,898,2014,42,"Comoros","COI","COM",183,"Sweden","SWE","SWE",5,"0","0","-","0","0","0"
1,"xyi69N",1,899,2015,42,"Comoros","COI","COM",183,"Sweden","SWE","SWE",5,"0","0","-","0","0","0"
1,"xyi69N",1,900,2016,42,"Comoros","COI","COM",183,"Sweden","SWE","SWE",5,"0","0","-","0","0","0"
1,"xyi69N",1,901,2017,42,"Comoros","COI","COM",183,"Sweden","SWE","SWE",5,"0","0","-","0","0","0"
1,"xyi69N",1,902,2018,42,"Comoros","COI","COM",183,"Sweden","SWE","SWE",5,"0","0","-","0","0","0"
1,"xyi69N",1,903,2019,42,"Comoros","COI","COM",183,"Sweden","SWE","SWE",5,"0","0","-","0","0","0"
1,"xyi69N",1,904,2020,42,"Comoros","COI","COM",183,"Sweden","SWE","SWE",5,"0","0","-","0","0","0"
1,"xyi69N",1,905,2021,42,"Comoros","COI","COM",183,"Sweden","SWE","SWE",5,"0","0","-","0","0","0"
1,"xyi69N",1,906,2022,42,"Comoros","COI","COM",183,"Sweden","SWE","SWE",5,"0","0","-","0","0","0"
1,"xyi69N",1,907,1990,44,"Colombia","COL","COL",183,"Sweden","SWE","SWE",311,"0","0","-","0","0","0"
1,"xyi69N",1,908,1991,44,"Colombia","COL","COL",183,"Sweden","SWE","SWE",441,"0","0","-","0","0","0"
1,"xyi69N",1,909,1992,44,"Colombia","COL","COL",183,"Sweden","SWE","SWE",546,"0","0","-","0","0","0"
1,"xyi69N",1,910,1993,44,"Colombia","COL","COL",183,"Sweden","SWE","SWE",578,"0","0","-","0","0","0"
1,"xyi69N",1,911,1994,44,"Colombia","COL","COL",183,"Sweden","SWE","SWE",686,"0","0","-","0","0","0"
1,"xyi69N",1,912,1995,44,"Colombia","COL","COL",183,"Sweden","SWE","SWE",711,"0","0","-","0","0","0"
1,"xyi69N",1,913,1996,44,"Colombia","COL","COL",183,"Sweden","SWE","SWE",749,"0","0","-","0","0","0"
1,"xyi69N",1,914,1997,44,"Colombia","COL","COL",183,"Sweden","SWE","SWE",800,"0","0","-","0","0","0"
1,"xyi69N",1,915,1998,44,"Colombia","COL","COL",183,"Sweden","SWE","SWE",773,"0","0","-","0","0","0"
1,"xyi69N",1,916,1999,44,"Colombia","COL","COL",183,"Sweden","SWE","SWE",711,"0","0","-","0","0","0"
1,"xyi69N",1,917,2000,44,"Colombia","COL","COL",183,"Sweden","SWE","SWE",622,"0","0","-","0","0","0"
1,"xyi69N",1,918,2001,44,"Colombia","COL","COL",183,"Sweden","SWE","SWE",605,"0","0","-","0","0","0"
1,"xyi69N",1,919,2002,44,"Colombia","COL","COL",183,"Sweden","SWE","SWE",563,142,"0","-","0","0","0"
1,"xyi69N",1,920,2003,44,"Colombia","COL","COL",183,"Sweden","SWE","SWE",572,132,"0","-","0","0","0"
1,"xyi69N",1,921,2004,44,"Colombia","COL","COL",183,"Sweden","SWE","SWE",619,81,"0","-","0","0","0"
1,"xyi69N",1,922,2005,44,"Colombia","COL","COL",183,"Sweden","SWE","SWE",918,47,"0","-","0","0","0"
1,"xyi69N",1,923,2006,44,"Colombia","COL","COL",183,"Sweden","SWE","SWE",1379,15,"0","-","0","0","0"
1,"xyi69N",1,924,2007,44,"Colombia","COL","COL",183,"Sweden","SWE","SWE",285,15,"0","-","0","0","0"
1,"xyi69N",1,925,2008,44,"Colombia","COL","COL",183,"Sweden","SWE","SWE",244,7,"0","-","0","0","0"
1,"xyi69N",1,926,2009,44,"Colombia","COL","COL",183,"Sweden","SWE","SWE",237,13,"0","-","0","0","0"
1,"xyi69N",1,927,2010,44,"Colombia","COL","COL",183,"Sweden","SWE","SWE",186,17,"0","-","0","0","0"
1,"xyi69N",1,928,2011,44,"Colombia","COL","COL",183,"Sweden","SWE","SWE",105,14,"0","-","0","0","0"
1,"xyi69N",1,929,2012,44,"Colombia","COL","COL",183,"Sweden","SWE","SWE",60,13,"0","-","0","0","0"
1,"xyi69N",1,930,2013,44,"Colombia","COL","COL",183,"Sweden","SWE","SWE",55,5,"0","-","0","0","0"
1,"xyi69N",1,931,2014,44,"Colombia","COL","COL",183,"Sweden","SWE","SWE",41,24,"0","-","0","0","0"
1,"xyi69N",1,932,2015,44,"Colombia","COL","COL",183,"Sweden","SWE","SWE",31,17,"0","-","0","0","0"
1,"xyi69N",1,933,2016,44,"Colombia","COL","COL",183,"Sweden","SWE","SWE",31,89,"0","-","0","0","0"
1,"xyi69N",1,934,2017,44,"Colombia","COL","COL",183,"Sweden","SWE","SWE",30,152,"0","-","0","0","0"
1,"xyi69N",1,935,2018,44,"Colombia","COL","COL",183,"Sweden","SWE","SWE",32,294,"0","-","0","0","0"
1,"xyi69N",1,936,2019,44,"Colombia","COL","COL",183,"Sweden","SWE","SWE",39,322,"0","-","0","0","0"
1,"xyi69N",1,937,2020,44,"Colombia","COL","COL",183,"Sweden","SWE","SWE",40,101,"0","-","0","0","0"
1,"xyi69N",1,938,2021,44,"Colombia","COL","COL",183,"Sweden","SWE","SWE",40,126,"0","-","0","0","0"
1,"xyi69N",1,939,2022,44,"Colombia","COL","COL",183,"Sweden","SWE","SWE",40,373,"0","-","0","0","0"
1,"xyi69N",1,940,2023,44,"Colombia","COL","COL",183,"Sweden","SWE","SWE",43,237,"0","-","0","0","0"
1,"xyi69N",1,941,2024,44,"Colombia","COL","COL",183,"Sweden","SWE","SWE",278,117,"0","-","0","0","0"
1,"xyi69N",1,942,2025,44,"Colombia","COL","COL",183,"Sweden","SWE","SWE",268,100,"0","-","0","0","0"
1,"xyi69N",1,943,1992,45,"Costa Rica","COS","CRI",183,"Sweden","SWE","SWE",5,"0","0","-","0","0","0"
1,"xyi69N",1,944,1993,45,"Costa Rica","COS","CRI",183,"Sweden","SWE","SWE",5,"0","0","-","0","0","0"
1,"xyi69N",1,945,1994,45,"Costa Rica","COS","CRI",183,"Sweden","SWE","SWE",5,"0","0","-","0","0","0"
1,"xyi69N",1,946,1995,45,"Costa Rica","COS","CRI",183,"Sweden","SWE","SWE",5,"0","0","-","0","0","0"
1,"xyi69N",1,947,1996,45,"Costa Rica","COS","CRI",183,"Sweden","SWE","SWE",5,"0","0","-","0","0","0"
1,"xyi69N",1,948,1997,45,"Costa Rica","COS","CRI",183,"Sweden","SWE","SWE",5,"0","0","-","0","0","0"
1,"xyi69N",1,949,1998,45,"Costa Rica","COS","CRI",183,"Sweden","SWE","SWE",5,"0","0","-","0","0","0"
1,"xyi69N",1,950,1999,45,"Costa Rica","COS","CRI",183,"Sweden","SWE","SWE",5,"0","0","-","0","0","0"
1,"xyi69N",1,951,2000,45,"Costa Rica","COS","CRI",183,"Sweden","SWE","SWE",5,"0","0","-","0","0","0"
1,"xyi69N",1,952,2001,45,"Costa Rica","COS","CRI",183,"Sweden","SWE","SWE",5,"0","0","-","0","0","0"
1,"xyi69N",1,953,2005,45,"Costa Rica","COS","CRI",183,"Sweden","SWE","SWE",17,"0","0","-","0","0","0"
1,"xyi69N",1,954,2006,45,"Costa Rica","COS","CRI",183,"Sweden","SWE","SWE",36,"0","0","-","0","0","0"
1,"xyi69N",1,955,1991,46,"Cuba","CUB","CUB",183,"Sweden","SWE","SWE",17,"0","0","-","0","0","0"
1,"xyi69N",1,956,1992,46,"Cuba","CUB","CUB",183,"Sweden","SWE","SWE",54,"0","0","-","0","0","0"
1,"xyi69N",1,957,1993,46,"Cuba","CUB","CUB",183,"Sweden","SWE","SWE",195,"0","0","-","0","0","0"
1,"xyi69N",1,958,1994,46,"Cuba","CUB","CUB",183,"Sweden","SWE","SWE",355,"0","0","-","0","0","0"
1,"xyi69N",1,959,1995,46,"Cuba","CUB","CUB",183,"Sweden","SWE","SWE",412,"0","0","-","0","0","0"
1,"xyi69N",1,960,1996,46,"Cuba","CUB","CUB",183,"Sweden","SWE","SWE",431,"0","0","-","0","0","0"
1,"xyi69N",1,961,1997,46,"Cuba","CUB","CUB",183,"Sweden","SWE","SWE",443,"0","0","-","0","0","0"
1,"xyi69N",1,962,1998,46,"Cuba","CUB","CUB",183,"Sweden","SWE","SWE",488,"0","0","-","0","0","0"
1,"xyi69N",1,963,1999,46,"Cuba","CUB","CUB",183,"Sweden","SWE","SWE",586,"0","0","-","0","0","0"
1,"xyi69N",1,964,2000,46,"Cuba","CUB","CUB",183,"Sweden","SWE","SWE",492,"0","0","-","0","0","0"
1,"xyi69N",1,965,2001,46,"Cuba","CUB","CUB",183,"Sweden","SWE","SWE",484,"0","0","-","0","0","0"
1,"xyi69N",1,966,2002,46,"Cuba","CUB","CUB",183,"Sweden","SWE","SWE",452,35,"0","-","0","0","0"
1,"xyi69N",1,967,2003,46,"Cuba","CUB","CUB",183,"Sweden","SWE","SWE",317,39,"0","-","0","0","0"
1,"xyi69N",1,968,2004,46,"Cuba","CUB","CUB",183,"Sweden","SWE","SWE",167,32,"0","-","0","0","0"
1,"xyi69N",1,969,2005,46,"Cuba","CUB","CUB",183,"Sweden","SWE","SWE",120,31,"0","-","0","0","0"
1,"xyi69N",1,970,2006,46,"Cuba","CUB","CUB",183,"Sweden","SWE","SWE",111,17,"0","-","0","0","0"
1,"xyi69N",1,971,2007,46,"Cuba","CUB","CUB",183,"Sweden","SWE","SWE",106,19,"0","-","0","0","0"
1,"xyi69N",1,972,2008,46,"Cuba","CUB","CUB",183,"Sweden","SWE","SWE",73,25,"0","-","0","0","0"
1,"xyi69N",1,973,2009,46,"Cuba","CUB","CUB",183,"Sweden","SWE","SWE",86,32,"0","-","0","0","0"
1,"xyi69N",1,974,2010,46,"Cuba","CUB","CUB",183,"Sweden","SWE","SWE",91,17,"0","-","0","0","0"
1,"xyi69N",1,975,2011,46,"Cuba","CUB","CUB",183,"Sweden","SWE","SWE",92,20,"0","-","0","0","0"
1,"xyi69N",1,976,2012,46,"Cuba","CUB","CUB",183,"Sweden","SWE","SWE",88,33,"0","-","0","0","0"
1,"xyi69N",1,977,2013,46,"Cuba","CUB","CUB",183,"Sweden","SWE","SWE",89,27,"0","-","0","0","0"
1,"xyi69N",1,978,2014,46,"Cuba","CUB","CUB",183,"Sweden","SWE","SWE",84,58,"0","-","0","0","0"
1,"xyi69N",1,979,2015,46,"Cuba","CUB","CUB",183,"Sweden","SWE","SWE",77,56,"0","-","0","0","0"
1,"xyi69N",1,980,2016,46,"Cuba","CUB","CUB",183,"Sweden","SWE","SWE",71,50,"0","-","0","0","0"
1,"xyi69N",1,981,2017,46,"Cuba","CUB","CUB",183,"Sweden","SWE","SWE",60,65,"0","-","0","0","0"
1,"xyi69N",1,982,2018,46,"Cuba","CUB","CUB",183,"Sweden","SWE","SWE",49,42,"0","-","0","0","0"
1,"xyi69N",1,983,2019,46,"Cuba","CUB","CUB",183,"Sweden","SWE","SWE",36,26,"0","-","0","0","0"
1,"xyi69N",1,984,2020,46,"Cuba","CUB","CUB",183,"Sweden","SWE","SWE",31,22,"0","-","0","0","0"
1,"xyi69N",1,985,2021,46,"Cuba","CUB","CUB",183,"Sweden","SWE","SWE",23,17,"0","-","0","0","0"
1,"xyi69N",1,986,2022,46,"Cuba","CUB","CUB",183,"Sweden","SWE","SWE",24,22,"0","-","0","0","0"
1,"xyi69N",1,987,2023,46,"Cuba","CUB","CUB",183,"Sweden","SWE","SWE",16,11,"0","-","0","0","0"
1,"xyi69N",1,988,2024,46,"Cuba","CUB","CUB",183,"Sweden","SWE","SWE",61,11,"0","-","0","0","0"
1,"xyi69N",1,989,2025,46,"Cuba","CUB","CUB",183,"Sweden","SWE","SWE",62,13,"0","-","0","0","0"
1,"xyi69N",1,990,2014,47,"Cabo Verde","CVI","CPV",183,"Sweden","SWE","SWE","0",5,"0","-","0","0","0"
1,"xyi69N",1,991,1990,49,"Czechia","CZE","CZE",183,"Sweden","SWE","SWE",1078,"0","0","-","0","0","0"
1,"xyi69N",1,992,1991,49,"Czechia","CZE","CZE",183,"Sweden","SWE","SWE",1021,"0","0","-","0","0","0"
1,"xyi69N",1,993,1992,49,"Czechia","CZE","CZE",183,"Sweden","SWE","SWE",942,"0","0","-","0","0","0"
1,"xyi69N",1,994,1993,49,"Czechia","CZE","CZE",183,"Sweden","SWE","SWE",865,"0","0","-","0","0","0"
1,"xyi69N",1,995,1994,49,"Czechia","CZE","CZE",183,"Sweden","SWE","SWE",730,"0","0","-","0","0","0"
1,"xyi69N",1,996,1995,49,"Czechia","CZE","CZE",183,"Sweden","SWE","SWE",641,"0","0","-","0","0","0"
1,"xyi69N",1,997,1996,49,"Czechia","CZE","CZE",183,"Sweden","SWE","SWE",582,"0","0","-","0","0","0"
1,"xyi69N",1,998,1997,49,"Czechia","CZE","CZE",183,"Sweden","SWE","SWE",472,"0","0","-","0","0","0"
1,"xyi69N",1,999,1998,49,"Czechia","CZE","CZE",183,"Sweden","SWE","SWE",370,"0","0","-","0","0","0"
1,"xyi69N",1,1000,1999,49,"Czechia","CZE","CZE",183,"Sweden","SWE","SWE",81,"0","0","-","0","0","0"
1,"xyi69N",1,1001,2000,49,"Czechia","CZE","CZE",183,"Sweden","SWE","SWE",28,"0","0","-","0","0","0"
1,"xyi69N",1,1002,2001,49,"Czechia","CZE","CZE",183,"Sweden","SWE","SWE",7,"0","0","-","0","0","0"
1,"xyi69N",1,1003,2002,49,"Czechia","CZE","CZE",183,"Sweden","SWE","SWE","0",23,"0","-","0","0","0"
1,"xyi69N",1,1004,2003,49,"Czechia","CZE","CZE",183,"Sweden","SWE","SWE","0",5,"0","-","0","0","0"
1,"xyi69N",1,1005,2024,49,"Czechia","CZE","CZE",183,"Sweden","SWE","SWE",53,"0","0","-","0","0","0"
1,"xyi69N",1,1006,2025,49,"Czechia","CZE","CZE",183,"Sweden","SWE","SWE",53,"0","0","-","0","0","0"
1,"xyi69N",1,1007,2014,50,"Denmark","DEN","DNK",183,"Sweden","SWE","SWE",5,"0","0","-","0","0","0"
1,"xyi69N",1,1008,2015,50,"Denmark","DEN","DNK",183,"Sweden","SWE","SWE",5,"0","0","-","0","0","0"
1,"xyi69N",1,1009,1997,51,"Djibouti","DJB","DJI",183,"Sweden","SWE","SWE",7,"0","0","-","0","0","0"
1,"xyi69N",1,1010,1998,51,"Djibouti","DJB","DJI",183,"Sweden","SWE","SWE",9,"0","0","-","0","0","0"
1,"xyi69N",1,1011,1999,51,"Djibouti","DJB","DJI",183,"Sweden","SWE","SWE",9,"0","0","-","0","0","0"
1,"xyi69N",1,1012,2000,51,"Djibouti","DJB","DJI",183,"Sweden","SWE","SWE",10,"0","0","-","0","0","0"
1,"xyi69N",1,1013,2001,51,"Djibouti","DJB","DJI",183,"Sweden","SWE","SWE",10,"0","0","-","0","0","0"
1,"xyi69N",1,1014,2002,51,"Djibouti","DJB","DJI",183,"Sweden","SWE","SWE",10,"0","0","-","0","0","0"
1,"xyi69N",1,1015,2003,51,"Djibouti","DJB","DJI",183,"Sweden","SWE","SWE",9,"0","0","-","0","0","0"
1,"xyi69N",1,1016,2004,51,"Djibouti","DJB","DJI",183,"Sweden","SWE","SWE",9,"0","0","-","0","0","0"
1,"xyi69N",1,1017,2005,51,"Djibouti","DJB","DJI",183,"Sweden","SWE","SWE",9,"0","0","-","0","0","0"
1,"xyi69N",1,1018,2006,51,"Djibouti","DJB","DJI",183,"Sweden","SWE","SWE",8,"0","0","-","0","0","0"
1,"xyi69N",1,1019,2007,51,"Djibouti","DJB","DJI",183,"Sweden","SWE","SWE",5,"0","0","-","0","0","0"
1,"xyi69N",1,1020,2009,51,"Djibouti","DJB","DJI",183,"Sweden","SWE","SWE","0",5,"0","-","0","0","0"
1,"xyi69N",1,1021,2010,51,"Djibouti","DJB","DJI",183,"Sweden","SWE","SWE","0",5,"0","-","0","0","0"
1,"xyi69N",1,1022,2011,51,"Djibouti","DJB","DJI",183,"Sweden","SWE","SWE","0",5,"0","-","0","0","0"
1,"xyi69N",1,1023,2012,51,"Djibouti","DJB","DJI",183,"Sweden","SWE","SWE","0",5,"0","-","0","0","0"
1,"xyi69N",1,1024,2013,51,"Djibouti","DJB","DJI",183,"Sweden","SWE","SWE",6,18,"0","-","0","0","0"
1,"xyi69N",1,1025,2014,51,"Djibouti","DJB","DJI",183,"Sweden","SWE","SWE",8,24,"0","-","0","0","0"
1,"xyi69N",1,1026,2015,51,"Djibouti","DJB","DJI",183,"Sweden","SWE","SWE",9,44,"0","-","0","0","0"
1,"xyi69N",1,1027,2016,51,"Djibouti","DJB","DJI",183,"Sweden","SWE","SWE",20,47,"0","-","0","0","0"
1,"xyi69N",1,1028,2017,51,"Djibouti","DJB","DJI",183,"Sweden","SWE","SWE",21,33,"0","-","0","0","0"
1,"xyi69N",1,1029,2018,51,"Djibouti","DJB","DJI",183,"Sweden","SWE","SWE",22,28,"0","-","0","0","0"
1,"xyi69N",1,1030,2019,51,"Djibouti","DJB","DJI",183,"Sweden","SWE","SWE",23,33,"0","-","0","0","0"
1,"xyi69N",1,1031,2020,51,"Djibouti","DJB","DJI",183,"Sweden","SWE","SWE",31,20,"0","-","0","0","0"
1,"xyi69N",1,1032,2021,51,"Djibouti","DJB","DJI",183,"Sweden","SWE","SWE",30,17,"0","-","0","0","0"
1,"xyi69N",1,1033,2022,51,"Djibouti","DJB","DJI",183,"Sweden","SWE","SWE",32,10,"0","-","0","0","0"
1,"xyi69N",1,1034,2023,51,"Djibouti","DJB","DJI",183,"Sweden","SWE","SWE",27,11,"0","-","0","0","0"
1,"xyi69N",1,1035,2024,51,"Djibouti","DJB","DJI",183,"Sweden","SWE","SWE",20,5,"0","-","0","0","0"
1,"xyi69N",1,1036,2025,51,"Djibouti","DJB","DJI",183,"Sweden","SWE","SWE",18,"0","0","-","0","0","0"
1,"xyi69N",1,1037,1994,53,"Dominican Rep.","DOM","DOM",183,"Sweden","SWE","SWE",5,"0","0","-","0","0","0"
1,"xyi69N",1,1038,1995,53,"Dominican Rep.","DOM","DOM",183,"Sweden","SWE","SWE",5,"0","0","-","0","0","0"
1,"xyi69N",1,1039,1996,53,"Dominican Rep.","DOM","DOM",183,"Sweden","SWE","SWE",5,"0","0","-","0","0","0"
1,"xyi69N",1,1040,1997,53,"Dominican Rep.","DOM","DOM",183,"Sweden","SWE","SWE",5,"0","0","-","0","0","0"
1,"xyi69N",1,1041,1998,53,"Dominican Rep.","DOM","DOM",183,"Sweden","SWE","SWE",5,"0","0","-","0","0","0"
1,"xyi69N",1,1042,1999,53,"Dominican Rep.","DOM","DOM",183,"Sweden","SWE","SWE",5,"0","0","-","0","0","0"
1,"xyi69N",1,1043,2000,53,"Dominican Rep.","DOM","DOM",183,"Sweden","SWE","SWE",5,"0","0","-","0","0","0"
1,"xyi69N",1,1044,2001,53,"Dominican Rep.","DOM","DOM",183,"Sweden","SWE","SWE",5,"0","0","-","0","0","0"
1,"xyi69N",1,1045,2002,53,"Dominican Rep.","DOM","DOM",183,"Sweden","SWE","SWE",5,"0","0","-","0","0","0"
1,"xyi69N",1,1046,2003,53,"Dominican Rep.","DOM","DOM",183,"Sweden","SWE","SWE",5,"0","0","-","0","0","0"
1,"xyi69N",1,1047,2015,53,"Dominican Rep.","DOM","DOM",183,"Sweden","SWE","SWE","0",5,"0","-","0","0","0"
1,"xyi69N",1,1048,2016,53,"Dominican Rep.","DOM","DOM",183,"Sweden","SWE","SWE","0",5,"0","-","0","0","0"
1,"xyi69N",1,1049,1990,54,"Ecuador","ECU","ECU",183,"Sweden","SWE","SWE",5,"0","0","-","0","0","0"
1,"xyi69N",1,1050,1991,54,"Ecuador","ECU","ECU",183,"Sweden","SWE","SWE",27,"0","0","-","0","0","0"
1,"xyi69N",1,1051,1992,54,"Ecuador","ECU","ECU",183,"Sweden","SWE","SWE",38,"0","0","-","0","0","0"
1,"xyi69N",1,1052,1993,54,"Ecuador","ECU","ECU",183,"Sweden","SWE","SWE",38,"0","0","-","0","0","0"
1,"xyi69N",1,1053,1994,54,"Ecuador","ECU","ECU",183,"Sweden","SWE","SWE",48,"0","0","-","0","0","0"
1,"xyi69N",1,1054,1995,54,"Ecuador","ECU","ECU",183,"Sweden","SWE","SWE",48,"0","0","-","0","0","0"
1,"xyi69N",1,1055,1996,54,"Ecuador","ECU","ECU",183,"Sweden","SWE","SWE",48,"0","0","-","0","0","0"
1,"xyi69N",1,1056,1997,54,"Ecuador","ECU","ECU",183,"Sweden","SWE","SWE",51,"0","0","-","0","0","0"
1,"xyi69N",1,1057,1998,54,"Ecuador","ECU","ECU",183,"Sweden","SWE","SWE",51,"0","0","-","0","0","0"
1,"xyi69N",1,1058,1999,54,"Ecuador","ECU","ECU",183,"Sweden","SWE","SWE",51,"0","0","-","0","0","0"
1,"xyi69N",1,1059,2000,54,"Ecuador","ECU","ECU",183,"Sweden","SWE","SWE",48,"0","0","-","0","0","0"
1,"xyi69N",1,1060,2001,54,"Ecuador","ECU","ECU",183,"Sweden","SWE","SWE",25,"0","0","-","0","0","0"
1,"xyi69N",1,1061,2002,54,"Ecuador","ECU","ECU",183,"Sweden","SWE","SWE",23,316,"0","-","0","0","0"
1,"xyi69N",1,1062,2003,54,"Ecuador","ECU","ECU",183,"Sweden","SWE","SWE",49,205,"0","-","0","0","0"
1,"xyi69N",1,1063,2004,54,"Ecuador","ECU","ECU",183,"Sweden","SWE","SWE",49,65,"0","-","0","0","0"
1,"xyi69N",1,1064,2005,54,"Ecuador","ECU","ECU",183,"Sweden","SWE","SWE",60,28,"0","-","0","0","0"
1,"xyi69N",1,1065,2006,54,"Ecuador","ECU","ECU",183,"Sweden","SWE","SWE",85,16,"0","-","0","0","0"
1,"xyi69N",1,1066,2007,54,"Ecuador","ECU","ECU",183,"Sweden","SWE","SWE",56,16,"0","-","0","0","0"
1,"xyi69N",1,1067,2008,54,"Ecuador","ECU","ECU",183,"Sweden","SWE","SWE",58,5,"0","-","0","0","0"
1,"xyi69N",1,1068,2009,54,"Ecuador","ECU","ECU",183,"Sweden","SWE","SWE",60,8,"0","-","0","0","0"
1,"xyi69N",1,1069,2010,54,"Ecuador","ECU","ECU",183,"Sweden","SWE","SWE",60,"0","0","-","0","0","0"
1,"xyi69N",1,1070,2011,54,"Ecuador","ECU","ECU",183,"Sweden","SWE","SWE",59,7,"0","-","0","0","0"
1,"xyi69N",1,1071,2012,54,"Ecuador","ECU","ECU",183,"Sweden","SWE","SWE",50,9,"0","-","0","0","0"
1,"xyi69N",1,1072,2013,54,"Ecuador","ECU","ECU",183,"Sweden","SWE","SWE",24,"0","0","-","0","0","0"
1,"xyi69N",1,1073,2014,54,"Ecuador","ECU","ECU",183,"Sweden","SWE","SWE",18,5,"0","-","0","0","0"
1,"xyi69N",1,1074,2015,54,"Ecuador","ECU","ECU",183,"Sweden","SWE","SWE",14,5,"0","-","0","0","0"
1,"xyi69N",1,1075,2016,54,"Ecuador","ECU","ECU",183,"Sweden","SWE","SWE",11,6,"0","-","0","0","0"
1,"xyi69N",1,1076,2017,54,"Ecuador","ECU","ECU",183,"Sweden","SWE","SWE",8,17,"0","-","0","0","0"
1,"xyi69N",1,1077,2018,54,"Ecuador","ECU","ECU",183,"Sweden","SWE","SWE",6,17,"0","-","0","0","0"
1,"xyi69N",1,1078,2019,54,"Ecuador","ECU","ECU",183,"Sweden","SWE","SWE",5,18,"0","-","0","0","0"
1,"xyi69N",1,1079,2020,54,"Ecuador","ECU","ECU",183,"Sweden","SWE","SWE",5,5,"0","-","0","0","0"
1,"xyi69N",1,1080,2021,54,"Ecuador","ECU","ECU",183,"Sweden","SWE","SWE",5,5,"0","-","0","0","0"
1,"xyi69N",1,1081,2022,54,"Ecuador","ECU","ECU",183,"Sweden","SWE","SWE",6,5,"0","-","0","0","0"
1,"xyi69N",1,1082,2023,54,"Ecuador","ECU","ECU",183,"Sweden","SWE","SWE",5,5,"0","-","0","0","0"
1,"xyi69N",1,1083,2024,54,"Ecuador","ECU","ECU",183,"Sweden","SWE","SWE",16,5,"0","-","0","0","0"
1,"xyi69N",1,1084,2025,54,"Ecuador","ECU","ECU",183,"Sweden","SWE","SWE",22,5,"0","-","0","0","0"
1,"xyi69N",1,1085,2004,55,"Equatorial Guinea","EGU","GNQ",183,"Sweden","SWE","SWE",5,"0","0","-","0","0","0"
1,"xyi69N",1,1086,2005,55,"Equatorial Guinea","EGU","GNQ",183,"Sweden","SWE","SWE",15,"0","0","-","0","0","0"
1,"xyi69N",1,1087,2006,55,"Equatorial Guinea","EGU","GNQ",183,"Sweden","SWE","SWE",22,"0","0","-","0","0","0"
1,"xyi69N",1,1088,2010,55,"Equatorial Guinea","EGU","GNQ",183,"Sweden","SWE","SWE",5,"0","0","-","0","0","0"
1,"xyi69N",1,1089,2011,55,"Equatorial Guinea","EGU","GNQ",183,"Sweden","SWE","SWE",5,"0","0","-","0","0","0"
1,"xyi69N",1,1090,2012,55,"Equatorial Guinea","EGU","GNQ",183,"Sweden","SWE","SWE",5,"0","0","-","0","0","0"
1,"xyi69N",1,1091,2013,55,"Equatorial Guinea","EGU","GNQ",183,"Sweden","SWE","SWE","0",5,"0","-","0","0","0"
1,"xyi69N",1,1092,2016,55,"Equatorial Guinea","EGU","GNQ",183,"Sweden","SWE","SWE","0",5,"0","-","0","0","0"
1,"xyi69N",1,1093,2017,55,"Equatorial Guinea","EGU","GNQ",183,"Sweden","SWE","SWE","0",5,"0","-","0","0","0"
1,"xyi69N",1,1094,2018,55,"Equatorial Guinea","EGU","GNQ",183,"Sweden","SWE","SWE",5,10,"0","-","0","0","0"
1,"xyi69N",1,1095,2019,55,"Equatorial Guinea","EGU","GNQ",183,"Sweden","SWE","SWE",6,5,"0","-","0","0","0"
1,"xyi69N",1,1096,2020,55,"Equatorial Guinea","EGU","GNQ",183,"Sweden","SWE","SWE",5,9,"0","-","0","0","0"
1,"xyi69N",1,1097,2021,55,"Equatorial Guinea","EGU","GNQ",183,"Sweden","SWE","SWE",5,"0","0","-","0","0","0"
1,"xyi69N",1,1098,2022,55,"Equatorial Guinea","EGU","GNQ",183,"Sweden","SWE","SWE",5,"0","0","-","0","0","0"
1,"xyi69N",1,1099,2023,55,"Equatorial Guinea","EGU","GNQ",183,"Sweden","SWE","SWE",5,"0","0","-","0","0","0"
1,"xyi69N",1,1100,2024,55,"Equatorial Guinea","EGU","GNQ",183,"Sweden","SWE","SWE",6,"0","0","-","0","0","0"
1,"xyi69N",1,1101,2025,55,"Equatorial Guinea","EGU","GNQ",183,"Sweden","SWE","SWE",6,"0","0","-","0","0","0"
1,"xyi69N",1,1102,1994,56,"Eritrea","ERT","ERI",183,"Sweden","SWE","SWE",40,"0","0","-","0","0","0"
1,"xyi69N",1,1103,1995,56,"Eritrea","ERT","ERI",183,"Sweden","SWE","SWE",56,"0","0","-","0","0","0"
1,"xyi69N",1,1104,1996,56,"Eritrea","ERT","ERI",183,"Sweden","SWE","SWE",80,"0","0","-","0","0","0"
1,"xyi69N",1,1105,1997,56,"Eritrea","ERT","ERI",183,"Sweden","SWE","SWE",95,"0","0","-","0","0","0"
1,"xyi69N",1,1106,1998,56,"Eritrea","ERT","ERI",183,"Sweden","SWE","SWE",124,"0","0","-","0","0","0"
1,"xyi69N",1,1107,1999,56,"Eritrea","ERT","ERI",183,"Sweden","SWE","SWE",124,"0","0","-","0","0","0"
1,"xyi69N",1,1108,2000,56,"Eritrea","ERT","ERI",183,"Sweden","SWE","SWE",171,"0","0","-","0","0","0"
1,"xyi69N",1,1109,2001,56,"Eritrea","ERT","ERI",183,"Sweden","SWE","SWE",195,"0","0","-","0","0","0"
1,"xyi69N",1,1110,2002,56,"Eritrea","ERT","ERI",183,"Sweden","SWE","SWE",232,372,"0","-","0","0","0"
1,"xyi69N",1,1111,2003,56,"Eritrea","ERT","ERI",183,"Sweden","SWE","SWE",271,802,"0","-","0","0","0"
1,"xyi69N",1,1112,2004,56,"Eritrea","ERT","ERI",183,"Sweden","SWE","SWE",367,729,"0","-","0","0","0"
1,"xyi69N",1,1113,2005,56,"Eritrea","ERT","ERI",183,"Sweden","SWE","SWE",822,590,"0","-","0","0","0"
1,"xyi69N",1,1114,2006,56,"Eritrea","ERT","ERI",183,"Sweden","SWE","SWE",1051,589,"0","-","0","0","0"
1,"xyi69N",1,1115,2007,56,"Eritrea","ERT","ERI",183,"Sweden","SWE","SWE",1521,773,"0","-","0","0","0"
1,"xyi69N",1,1116,2008,56,"Eritrea","ERT","ERI",183,"Sweden","SWE","SWE",2165,606,"0","-","0","0","0"
1,"xyi69N",1,1117,2009,56,"Eritrea","ERT","ERI",183,"Sweden","SWE","SWE",3018,498,"0","-","0","0","0"
1,"xyi69N",1,1118,2010,56,"Eritrea","ERT","ERI",183,"Sweden","SWE","SWE",3921,580,"0","-","0","0","0"
1,"xyi69N",1,1119,2011,56,"Eritrea","ERT","ERI",183,"Sweden","SWE","SWE",5123,616,"0","-","0","0","0"
1,"xyi69N",1,1120,2012,56,"Eritrea","ERT","ERI",183,"Sweden","SWE","SWE",6414,986,"0","-","0","0","0"
1,"xyi69N",1,1121,2013,56,"Eritrea","ERT","ERI",183,"Sweden","SWE","SWE",8954,2027,"0","-","0","0","0"
1,"xyi69N",1,1122,2014,56,"Eritrea","ERT","ERI",183,"Sweden","SWE","SWE",14107,7091,"0","-","0","0","0"
1,"xyi69N",1,1123,2015,56,"Eritrea","ERT","ERI",183,"Sweden","SWE","SWE",20203,6598,"0","-","0","0","0"
1,"xyi69N",1,1124,2016,56,"Eritrea","ERT","ERI",183,"Sweden","SWE","SWE",25968,1278,"0","-","0","0","0"
1,"xyi69N",1,1125,2017,56,"Eritrea","ERT","ERI",183,"Sweden","SWE","SWE",27153,931,"0","-","0","0","0"
1,"xyi69N",1,1126,2018,56,"Eritrea","ERT","ERI",183,"Sweden","SWE","SWE",27653,768,"0","-","0","0","0"
1,"xyi69N",1,1127,2019,56,"Eritrea","ERT","ERI",183,"Sweden","SWE","SWE",27933,578,"0","-","0","0","0"
1,"xyi69N",1,1128,2020,56,"Eritrea","ERT","ERI",183,"Sweden","SWE","SWE",27421,461,"0","-","0","0","0"
1,"xyi69N",1,1129,2021,56,"Eritrea","ERT","ERI",183,"Sweden","SWE","SWE",26428,349,"0","-","0","0","0"
1,"xyi69N",1,1130,2022,56,"Eritrea","ERT","ERI",183,"Sweden","SWE","SWE",25302,319,"0","-","0","0","0"
1,"xyi69N",1,1131,2023,56,"Eritrea","ERT","ERI",183,"Sweden","SWE","SWE",22096,258,"0","-","0","0","0"
1,"xyi69N",1,1132,2024,56,"Eritrea","ERT","ERI",183,"Sweden","SWE","SWE",14552,217,"0","-","0","0","0"
1,"xyi69N",1,1133,2025,56,"Eritrea","ERT","ERI",183,"Sweden","SWE","SWE",14071,159,"0","-","0","0","0"
1,"xyi69N",1,1134,1992,57,"Estonia","EST","EST",183,"Sweden","SWE","SWE",59,"0","0","-","0","0","0"
1,"xyi69N",1,1135,1993,57,"Estonia","EST","EST",183,"Sweden","SWE","SWE",95,"0","0","-","0","0","0"
1,"xyi69N",1,1136,1994,57,"Estonia","EST","EST",183,"Sweden","SWE","SWE",120,"0","0","-","0","0","0"
1,"xyi69N",1,1137,1995,57,"Estonia","EST","EST",183,"Sweden","SWE","SWE",120,"0","0","-","0","0","0"
1,"xyi69N",1,1138,1996,57,"Estonia","EST","EST",183,"Sweden","SWE","SWE",123,"0","0","-","0","0","0"
1,"xyi69N",1,1139,1997,57,"Estonia","EST","EST",183,"Sweden","SWE","SWE",123,"0","0","-","0","0","0"
1,"xyi69N",1,1140,1998,57,"Estonia","EST","EST",183,"Sweden","SWE","SWE",124,"0","0","-","0","0","0"
1,"xyi69N",1,1141,1999,57,"Estonia","EST","EST",183,"Sweden","SWE","SWE",124,"0","0","-","0","0","0"
1,"xyi69N",1,1142,2000,57,"Estonia","EST","EST",183,"Sweden","SWE","SWE",124,"0","0","-","0","0","0"
1,"xyi69N",1,1143,2001,57,"Estonia","EST","EST",183,"Sweden","SWE","SWE",122,"0","0","-","0","0","0"
1,"xyi69N",1,1144,2002,57,"Estonia","EST","EST",183,"Sweden","SWE","SWE",68,5,"0","-","0","0","0"
1,"xyi69N",1,1145,2003,57,"Estonia","EST","EST",183,"Sweden","SWE","SWE",32,"0","0","-","0","0","0"
1,"xyi69N",1,1146,2004,57,"Estonia","EST","EST",183,"Sweden","SWE","SWE",8,"0","0","-","0","0","0"
1,"xyi69N",1,1147,2005,57,"Estonia","EST","EST",183,"Sweden","SWE","SWE",11,"0","0","-","0","0","0"
1,"xyi69N",1,1148,2006,57,"Estonia","EST","EST",183,"Sweden","SWE","SWE",8,"0","0","-","0","0","0"
1,"xyi69N",1,1149,2007,57,"Estonia","EST","EST",183,"Sweden","SWE","SWE",8,"0","0","-","0","0","0"
1,"xyi69N",1,1150,2008,57,"Estonia","EST","EST",183,"Sweden","SWE","SWE",8,"0","0","-","0","0","0"
1,"xyi69N",1,1151,2009,57,"Estonia","EST","EST",183,"Sweden","SWE","SWE",8,"0","0","-","0","0","0"
1,"xyi69N",1,1152,2010,57,"Estonia","EST","EST",183,"Sweden","SWE","SWE",8,"0","0","-","0","0","0"
1,"xyi69N",1,1153,2011,57,"Estonia","EST","EST",183,"Sweden","SWE","SWE",8,"0","0","-","0","0","0"
1,"xyi69N",1,1154,2012,57,"Estonia","EST","EST",183,"Sweden","SWE","SWE",5,"0","0","-","0","0","0"
1,"xyi69N",1,1155,2013,57,"Estonia","EST","EST",183,"Sweden","SWE","SWE",5,"0","0","-","0","0","0"
1,"xyi69N",1,1156,2014,57,"Estonia","EST","EST",183,"Sweden","SWE","SWE",5,"0","0","-","0","0","0"
1,"xyi69N",1,1157,2024,57,"Estonia","EST","EST",183,"Sweden","SWE","SWE",31,"0","0","-","0","0","0"
1,"xyi69N",1,1158,2025,57,"Estonia","EST","EST",183,"Sweden","SWE","SWE",31,"0","0","-","0","0","0"
1,"xyi69N",1,1159,1990,58,"Ethiopia","ETH","ETH",183,"Sweden","SWE","SWE",7076,"0","0","-","0","0","0"
1,"xyi69N",1,1160,1991,58,"Ethiopia","ETH","ETH",183,"Sweden","SWE","SWE",8452,"0","0","-","0","0","0"
1,"xyi69N",1,1161,1992,58,"Ethiopia","ETH","ETH",183,"Sweden","SWE","SWE",8600,"0","0","-","0","0","0"
1,"xyi69N",1,1162,1993,58,"Ethiopia","ETH","ETH",183,"Sweden","SWE","SWE",8546,"0","0","-","0","0","0"
1,"xyi69N",1,1163,1994,58,"Ethiopia","ETH","ETH",183,"Sweden","SWE","SWE",8502,"0","0","-","0","0","0"
1,"xyi69N",1,1164,1995,58,"Ethiopia","ETH","ETH",183,"Sweden","SWE","SWE",8206,"0","0","-","0","0","0"
1,"xyi69N",1,1165,1996,58,"Ethiopia","ETH","ETH",183,"Sweden","SWE","SWE",7631,"0","0","-","0","0","0"
1,"xyi69N",1,1166,1997,58,"Ethiopia","ETH","ETH",183,"Sweden","SWE","SWE",6352,"0","0","-","0","0","0"
1,"xyi69N",1,1167,1998,58,"Ethiopia","ETH","ETH",183,"Sweden","SWE","SWE",4975,"0","0","-","0","0","0"
1,"xyi69N",1,1168,1999,58,"Ethiopia","ETH","ETH",183,"Sweden","SWE","SWE",3298,"0","0","-","0","0","0"
1,"xyi69N",1,1169,2000,58,"Ethiopia","ETH","ETH",183,"Sweden","SWE","SWE",2149,"0","0","-","0","0","0"
1,"xyi69N",1,1170,2001,58,"Ethiopia","ETH","ETH",183,"Sweden","SWE","SWE",681,"0","0","-","0","0","0"
1,"xyi69N",1,1171,2002,58,"Ethiopia","ETH","ETH",183,"Sweden","SWE","SWE",440,137,"0","-","0","0","0"
1,"xyi69N",1,1172,2003,58,"Ethiopia","ETH","ETH",183,"Sweden","SWE","SWE",389,241,"0","-","0","0","0"
1,"xyi69N",1,1173,2004,58,"Ethiopia","ETH","ETH",183,"Sweden","SWE","SWE",294,209,"0","-","0","0","0"
1,"xyi69N",1,1174,2005,58,"Ethiopia","ETH","ETH",183,"Sweden","SWE","SWE",310,129,"0","-","0","0","0"
1,"xyi69N",1,1175,2006,58,"Ethiopia","ETH","ETH",183,"Sweden","SWE","SWE",386,113,"0","-","0","0","0"
1,"xyi69N",1,1176,2007,58,"Ethiopia","ETH","ETH",183,"Sweden","SWE","SWE",278,163,"0","-","0","0","0"
1,"xyi69N",1,1177,2008,58,"Ethiopia","ETH","ETH",183,"Sweden","SWE","SWE",287,146,"0","-","0","0","0"
1,"xyi69N",1,1178,2009,58,"Ethiopia","ETH","ETH",183,"Sweden","SWE","SWE",286,194,"0","-","0","0","0"
1,"xyi69N",1,1179,2010,58,"Ethiopia","ETH","ETH",183,"Sweden","SWE","SWE",326,168,"0","-","0","0","0"
1,"xyi69N",1,1180,2011,58,"Ethiopia","ETH","ETH",183,"Sweden","SWE","SWE",386,195,"0","-","0","0","0"
1,"xyi69N",1,1181,2012,58,"Ethiopia","ETH","ETH",183,"Sweden","SWE","SWE",452,213,"0","-","0","0","0"
1,"xyi69N",1,1182,2013,58,"Ethiopia","ETH","ETH",183,"Sweden","SWE","SWE",598,288,"0","-","0","0","0"
1,"xyi69N",1,1183,2014,58,"Ethiopia","ETH","ETH",183,"Sweden","SWE","SWE",749,517,"0","-","0","0","0"
1,"xyi69N",1,1184,2015,58,"Ethiopia","ETH","ETH",183,"Sweden","SWE","SWE",901,1813,"0","-","0","0","0"
1,"xyi69N",1,1185,2016,58,"Ethiopia","ETH","ETH",183,"Sweden","SWE","SWE",1572,1397,"0","-","0","0","0"
1,"xyi69N",1,1186,2017,58,"Ethiopia","ETH","ETH",183,"Sweden","SWE","SWE",2005,1022,"0","-","0","0","0"
1,"xyi69N",1,1187,2018,58,"Ethiopia","ETH","ETH",183,"Sweden","SWE","SWE",2360,870,"0","-","0","0","0"
1,"xyi69N",1,1188,2019,58,"Ethiopia","ETH","ETH",183,"Sweden","SWE","SWE",2561,614,"0","-","0","0","0"
1,"xyi69N",1,1189,2020,58,"Ethiopia","ETH","ETH",183,"Sweden","SWE","SWE",2532,477,"0","-","0","0","0"
1,"xyi69N",1,1190,2021,58,"Ethiopia","ETH","ETH",183,"Sweden","SWE","SWE",2500,399,"0","-","0","0","0"
1,"xyi69N",1,1191,2022,58,"Ethiopia","ETH","ETH",183,"Sweden","SWE","SWE",2534,319,"0","-","0","0","0"
1,"xyi69N",1,1192,2023,58,"Ethiopia","ETH","ETH",183,"Sweden","SWE","SWE",2062,235,"0","-","0","0","0"
1,"xyi69N",1,1193,2024,58,"Ethiopia","ETH","ETH",183,"Sweden","SWE","SWE",2824,127,"0","-","0","0","0"
1,"xyi69N",1,1194,2025,58,"Ethiopia","ETH","ETH",183,"Sweden","SWE","SWE",2662,107,"0","-","0","0","0"
1,"xyi69N",1,1195,2015,64,"France","FRA","FRA",183,"Sweden","SWE","SWE",5,"0","0","-","0","0","0"
1,"xyi69N",1,1196,2016,64,"France","FRA","FRA",183,"Sweden","SWE","SWE",5,"0","0","-","0","0","0"
1,"xyi69N",1,1197,2017,64,"France","FRA","FRA",183,"Sweden","SWE","SWE",5,"0","0","-","0","0","0"
1,"xyi69N",1,1198,2018,64,"France","FRA","FRA",183,"Sweden","SWE","SWE",5,"0","0","-","0","0","0"
1,"xyi69N",1,1199,2019,64,"France","FRA","FRA",183,"Sweden","SWE","SWE",5,"0","0","-","0","0","0"
1,"xyi69N",1,1200,2020,64,"France","FRA","FRA",183,"Sweden","SWE","SWE",5,"0","0","-","0","0","0"
1,"xyi69N",1,1201,1992,67,"Gabon","GAB","GAB",183,"Sweden","SWE","SWE",17,"0","0","-","0","0","0"
1,"xyi69N",1,1202,1993,67,"Gabon","GAB","GAB",183,"Sweden","SWE","SWE",17,"0","0","-","0","0","0"
1,"xyi69N",1,1203,1994,67,"Gabon","GAB","GAB",183,"Sweden","SWE","SWE",17,"0","0","-","0","0","0"
1,"xyi69N",1,1204,1995,67,"Gabon","GAB","GAB",183,"Sweden","SWE","SWE",17,"0","0","-","0","0","0"
1,"xyi69N",1,1205,1996,67,"Gabon","GAB","GAB",183,"Sweden","SWE","SWE",17,"0","0","-","0","0","0"
1,"xyi69N",1,1206,1997,67,"Gabon","GAB","GAB",183,"Sweden","SWE","SWE",17,"0","0","-","0","0","0"
1,"xyi69N",1,1207,1998,67,"Gabon","GAB","GAB",183,"Sweden","SWE","SWE",17,"0","0","-","0","0","0"
1,"xyi69N",1,1208,1999,67,"Gabon","GAB","GAB",183,"Sweden","SWE","SWE",17,"0","0","-","0","0","0"
1,"xyi69N",1,1209,2000,67,"Gabon","GAB","GAB",183,"Sweden","SWE","SWE",17,"0","0","-","0","0","0"
1,"xyi69N",1,1210,2001,67,"Gabon","GAB","GAB",183,"Sweden","SWE","SWE",17,"0","0","-","0","0","0"
1,"xyi69N",1,1211,2003,67,"Gabon","GAB","GAB",183,"Sweden","SWE","SWE","0",5,"0","-","0","0","0"
1,"xyi69N",1,1212,1990,68,"Gambia","GAM","GMB",183,"Sweden","SWE","SWE",5,"0","0","-","0","0","0"
1,"xyi69N",1,1213,1991,68,"Gambia","GAM","GMB",183,"Sweden","SWE","SWE",11,"0","0","-","0","0","0"
1,"xyi69N",1,1214,1992,68,"Gambia","GAM","GMB",183,"Sweden","SWE","SWE",11,"0","0","-","0","0","0"
1,"xyi69N",1,1215,1993,68,"Gambia","GAM","GMB",183,"Sweden","SWE","SWE",13,"0","0","-","0","0","0"
1,"xyi69N",1,1216,1994,68,"Gambia","GAM","GMB",183,"Sweden","SWE","SWE",14,"0","0","-","0","0","0"
1,"xyi69N",1,1217,1995,68,"Gambia","GAM","GMB",183,"Sweden","SWE","SWE",14,"0","0","-","0","0","0"
1,"xyi69N",1,1218,1996,68,"Gambia","GAM","GMB",183,"Sweden","SWE","SWE",16,"0","0","-","0","0","0"
1,"xyi69N",1,1219,1997,68,"Gambia","GAM","GMB",183,"Sweden","SWE","SWE",16,"0","0","-","0","0","0"
1,"xyi69N",1,1220,1998,68,"Gambia","GAM","GMB",183,"Sweden","SWE","SWE",19,"0","0","-","0","0","0"
1,"xyi69N",1,1221,1999,68,"Gambia","GAM","GMB",183,"Sweden","SWE","SWE",19,"0","0","-","0","0","0"
1,"xyi69N",1,1222,2000,68,"Gambia","GAM","GMB",183,"Sweden","SWE","SWE",16,"0","0","-","0","0","0"
1,"xyi69N",1,1223,2001,68,"Gambia","GAM","GMB",183,"Sweden","SWE","SWE",9,"0","0","-","0","0","0"
1,"xyi69N",1,1224,2002,68,"Gambia","GAM","GMB",183,"Sweden","SWE","SWE",9,5,"0","-","0","0","0"
1,"xyi69N",1,1225,2003,68,"Gambia","GAM","GMB",183,"Sweden","SWE","SWE",7,13,"0","-","0","0","0"
1,"xyi69N",1,1226,2004,68,"Gambia","GAM","GMB",183,"Sweden","SWE","SWE",7,19,"0","-","0","0","0"
1,"xyi69N",1,1227,2005,68,"Gambia","GAM","GMB",183,"Sweden","SWE","SWE",9,10,"0","-","0","0","0"
1,"xyi69N",1,1228,2006,68,"Gambia","GAM","GMB",183,"Sweden","SWE","SWE",18,11,"0","-","0","0","0"
1,"xyi69N",1,1229,2007,68,"Gambia","GAM","GMB",183,"Sweden","SWE","SWE",9,19,"0","-","0","0","0"
1,"xyi69N",1,1230,2008,68,"Gambia","GAM","GMB",183,"Sweden","SWE","SWE",11,22,"0","-","0","0","0"
1,"xyi69N",1,1231,2009,68,"Gambia","GAM","GMB",183,"Sweden","SWE","SWE",15,18,"0","-","0","0","0"
1,"xyi69N",1,1232,2010,68,"Gambia","GAM","GMB",183,"Sweden","SWE","SWE",27,43,"0","-","0","0","0"
1,"xyi69N",1,1233,2011,68,"Gambia","GAM","GMB",183,"Sweden","SWE","SWE",34,37,"0","-","0","0","0"
1,"xyi69N",1,1234,2012,68,"Gambia","GAM","GMB",183,"Sweden","SWE","SWE",45,59,"0","-","0","0","0"
1,"xyi69N",1,1235,2013,68,"Gambia","GAM","GMB",183,"Sweden","SWE","SWE",78,107,"0","-","0","0","0"
1,"xyi69N",1,1236,2014,68,"Gambia","GAM","GMB",183,"Sweden","SWE","SWE",99,115,"0","-","0","0","0"
1,"xyi69N",1,1237,2015,68,"Gambia","GAM","GMB",183,"Sweden","SWE","SWE",108,168,"0","-","0","0","0"
1,"xyi69N",1,1238,2016,68,"Gambia","GAM","GMB",183,"Sweden","SWE","SWE",139,152,"0","-","0","0","0"
1,"xyi69N",1,1239,2017,68,"Gambia","GAM","GMB",183,"Sweden","SWE","SWE",147,154,"0","-","0","0","0"
1,"xyi69N",1,1240,2018,68,"Gambia","GAM","GMB",183,"Sweden","SWE","SWE",158,156,"0","-","0","0","0"
1,"xyi69N",1,1241,2019,68,"Gambia","GAM","GMB",183,"Sweden","SWE","SWE",184,131,"0","-","0","0","0"
1,"xyi69N",1,1242,2020,68,"Gambia","GAM","GMB",183,"Sweden","SWE","SWE",180,105,"0","-","0","0","0"
1,"xyi69N",1,1243,2021,68,"Gambia","GAM","GMB",183,"Sweden","SWE","SWE",179,78,"0","-","0","0","0"
1,"xyi69N",1,1244,2022,68,"Gambia","GAM","GMB",183,"Sweden","SWE","SWE",171,83,"0","-","0","0","0"
1,"xyi69N",1,1245,2023,68,"Gambia","GAM","GMB",183,"Sweden","SWE","SWE",136,50,"0","-","0","0","0"
1,"xyi69N",1,1246,2024,68,"Gambia","GAM","GMB",183,"Sweden","SWE","SWE",164,42,"0","-","0","0","0"
1,"xyi69N",1,1247,2025,68,"Gambia","GAM","GMB",183,"Sweden","SWE","SWE",167,29,"0","-","0","0","0"
1,"xyi69N",1,1248,2014,69,"Palestinian","GAZ","PSE",183,"Sweden","SWE","SWE",7,29,"0","-","0","0","0"
1,"xyi69N",1,1249,2015,69,"Palestinian","GAZ","PSE",183,"Sweden","SWE","SWE",323,497,"0","-","0","0","0"
1,"xyi69N",1,1250,2016,69,"Palestinian","GAZ","PSE",183,"Sweden","SWE","SWE",882,474,"0","-","0","0","0"
1,"xyi69N",1,1251,2017,69,"Palestinian","GAZ","PSE",183,"Sweden","SWE","SWE",983,442,"0","-","0","0","0"
1,"xyi69N",1,1252,2018,69,"Palestinian","GAZ","PSE",183,"Sweden","SWE","SWE",1060,574,"0","-","0","0","0"
1,"xyi69N",1,1253,2019,69,"Palestinian","GAZ","PSE",183,"Sweden","SWE","SWE",1167,714,"0","-","0","0","0"
1,"xyi69N",1,1254,2020,69,"Palestinian","GAZ","PSE",183,"Sweden","SWE","SWE",1256,698,"0","-","0","0","0"
1,"xyi69N",1,1255,2021,69,"Palestinian","GAZ","PSE",183,"Sweden","SWE","SWE",1322,488,"0","-","0","0","0"
1,"xyi69N",1,1256,2022,69,"Palestinian","GAZ","PSE",183,"Sweden","SWE","SWE",1352,255,"0","-","0","0","0"
1,"xyi69N",1,1257,2023,69,"Palestinian","GAZ","PSE",183,"Sweden","SWE","SWE",1336,171,"0","-","0","0","0"
1,"xyi69N",1,1258,2024,69,"Palestinian","GAZ","PSE",183,"Sweden","SWE","SWE",1025,136,"0","-","0","0","0"
1,"xyi69N",1,1259,2025,69,"Palestinian","GAZ","PSE",183,"Sweden","SWE","SWE",911,172,"0","-","0","0","0"
1,"xyi69N",1,1260,2010,70,"United Kingdom of Great Britain and Northern Ireland","GBR","GBR",183,"Sweden","SWE","SWE",5,"0","0","-","0","0","0"
1,"xyi69N",1,1261,2011,70,"United Kingdom of Great Britain and Northern Ireland","GBR","GBR",183,"Sweden","SWE","SWE",5,"0","0","-","0","0","0"
1,"xyi69N",1,1262,2012,70,"United Kingdom of Great Britain and Northern Ireland","GBR","GBR",183,"Sweden","SWE","SWE",5,"0","0","-","0","0","0"
1,"xyi69N",1,1263,2013,70,"United Kingdom of Great Britain and Northern Ireland","GBR","GBR",183,"Sweden","SWE","SWE",6,"0","0","-","0","0","0"
1,"xyi69N",1,1264,2014,70,"United Kingdom of Great Britain and Northern Ireland","GBR","GBR",183,"Sweden","SWE","SWE",6,"0","0","-","0","0","0"
1,"xyi69N",1,1265,2015,70,"United Kingdom of Great Britain and Northern Ireland","GBR","GBR",183,"Sweden","SWE","SWE",6,"0","0","-","0","0","0"
1,"xyi69N",1,1266,2016,70,"United Kingdom of Great Britain and Northern Ireland","GBR","GBR",183,"Sweden","SWE","SWE",7,"0","0","-","0","0","0"
1,"xyi69N",1,1267,2017,70,"United Kingdom of Great Britain and Northern Ireland","GBR","GBR",183,"Sweden","SWE","SWE",7,5,"0","-","0","0","0"
1,"xyi69N",1,1268,2018,70,"United Kingdom of Great Britain and Northern Ireland","GBR","GBR",183,"Sweden","SWE","SWE",7,"0","0","-","0","0","0"
1,"xyi69N",1,1269,2019,70,"United Kingdom of Great Britain and Northern Ireland","GBR","GBR",183,"Sweden","SWE","SWE",7,"0","0","-","0","0","0"
1,"xyi69N",1,1270,2020,70,"United Kingdom of Great Britain and Northern Ireland","GBR","GBR",183,"Sweden","SWE","SWE",5,"0","0","-","0","0","0"
1,"xyi69N",1,1271,2021,70,"United Kingdom of Great Britain and Northern Ireland","GBR","GBR",183,"Sweden","SWE","SWE",5,"0","0","-","0","0","0"
1,"xyi69N",1,1272,2022,70,"United Kingdom of Great Britain and Northern Ireland","GBR","GBR",183,"Sweden","SWE","SWE",5,"0","0","-","0","0","0"
1,"xyi69N",1,1273,2024,70,"United Kingdom of Great Britain and Northern Ireland","GBR","GBR",183,"Sweden","SWE","SWE",5,"0","0","-","0","0","0"
1,"xyi69N",1,1274,2025,70,"United Kingdom of Great Britain and Northern Ireland","GBR","GBR",183,"Sweden","SWE","SWE",7,"0","0","-","0","0","0"
1,"xyi69N",1,1275,1994,71,"Georgia","GEO","GEO",183,"Sweden","SWE","SWE",26,"0","0","-","0","0","0"
1,"xyi69N",1,1276,1995,71,"Georgia","GEO","GEO",183,"Sweden","SWE","SWE",31,"0","0","-","0","0","0"
1,"xyi69N",1,1277,1996,71,"Georgia","GEO","GEO",183,"Sweden","SWE","SWE",31,"0","0","-","0","0","0"
1,"xyi69N",1,1278,1997,71,"Georgia","GEO","GEO",183,"Sweden","SWE","SWE",31,"0","0","-","0","0","0"
1,"xyi69N",1,1279,1998,71,"Georgia","GEO","GEO",183,"Sweden","SWE","SWE",33,"0","0","-","0","0","0"
1,"xyi69N",1,1280,1999,71,"Georgia","GEO","GEO",183,"Sweden","SWE","SWE",33,"0","0","-","0","0","0"
1,"xyi69N",1,1281,2000,71,"Georgia","GEO","GEO",183,"Sweden","SWE","SWE",40,"0","0","-","0","0","0"
1,"xyi69N",1,1282,2001,71,"Georgia","GEO","GEO",183,"Sweden","SWE","SWE",43,"0","0","-","0","0","0"
1,"xyi69N",1,1283,2002,71,"Georgia","GEO","GEO",183,"Sweden","SWE","SWE",51,421,"0","-","0","0","0"
1,"xyi69N",1,1284,2003,71,"Georgia","GEO","GEO",183,"Sweden","SWE","SWE",78,573,"0","-","0","0","0"
1,"xyi69N",1,1285,2004,71,"Georgia","GEO","GEO",183,"Sweden","SWE","SWE",77,229,"0","-","0","0","0"
1,"xyi69N",1,1286,2005,71,"Georgia","GEO","GEO",183,"Sweden","SWE","SWE",96,85,"0","-","0","0","0"
1,"xyi69N",1,1287,2006,71,"Georgia","GEO","GEO",183,"Sweden","SWE","SWE",106,80,"0","-","0","0","0"
1,"xyi69N",1,1288,2007,71,"Georgia","GEO","GEO",183,"Sweden","SWE","SWE",139,117,"0","-","0","0","0"
1,"xyi69N",1,1289,2008,71,"Georgia","GEO","GEO",183,"Sweden","SWE","SWE",148,193,"0","-","0","0","0"
1,"xyi69N",1,1290,2009,71,"Georgia","GEO","GEO",183,"Sweden","SWE","SWE",165,225,"0","-","0","0","0"
1,"xyi69N",1,1291,2010,71,"Georgia","GEO","GEO",183,"Sweden","SWE","SWE",173,166,"0","-","0","0","0"
1,"xyi69N",1,1292,2011,71,"Georgia","GEO","GEO",183,"Sweden","SWE","SWE",177,167,"0","-","0","0","0"
1,"xyi69N",1,1293,2012,71,"Georgia","GEO","GEO",183,"Sweden","SWE","SWE",170,254,"0","-","0","0","0"
1,"xyi69N",1,1294,2013,71,"Georgia","GEO","GEO",183,"Sweden","SWE","SWE",158,384,"0","-","0","0","0"
1,"xyi69N",1,1295,2014,71,"Georgia","GEO","GEO",183,"Sweden","SWE","SWE",161,566,"0","-","0","0","0"
1,"xyi69N",1,1296,2015,71,"Georgia","GEO","GEO",183,"Sweden","SWE","SWE",153,843,"0","-","0","0","0"
1,"xyi69N",1,1297,2016,71,"Georgia","GEO","GEO",183,"Sweden","SWE","SWE",173,533,"0","-","0","0","0"
1,"xyi69N",1,1298,2017,71,"Georgia","GEO","GEO",183,"Sweden","SWE","SWE",133,622,"0","-","0","0","0"
1,"xyi69N",1,1299,2018,71,"Georgia","GEO","GEO",183,"Sweden","SWE","SWE",123,604,"0","-","0","0","0"
1,"xyi69N",1,1300,2019,71,"Georgia","GEO","GEO",183,"Sweden","SWE","SWE",107,353,"0","-","0","0","0"
1,"xyi69N",1,1301,2020,71,"Georgia","GEO","GEO",183,"Sweden","SWE","SWE",95,266,"0","-","0","0","0"
1,"xyi69N",1,1302,2021,71,"Georgia","GEO","GEO",183,"Sweden","SWE","SWE",88,135,"0","-","0","0","0"
1,"xyi69N",1,1303,2022,71,"Georgia","GEO","GEO",183,"Sweden","SWE","SWE",129,77,"0","-","0","0","0"
1,"xyi69N",1,1304,2023,71,"Georgia","GEO","GEO",183,"Sweden","SWE","SWE",108,98,"0","-","0","0","0"
1,"xyi69N",1,1305,2024,71,"Georgia","GEO","GEO",183,"Sweden","SWE","SWE",98,25,"0","-","0","0","0"
1,"xyi69N",1,1306,2025,71,"Georgia","GEO","GEO",183,"Sweden","SWE","SWE",91,38,"0","-","0","0","0"
1,"xyi69N",1,1307,1991,72,"Germany","GFR","DEU",183,"Sweden","SWE","SWE",5,"0","0","-","0","0","0"
1,"xyi69N",1,1308,1992,72,"Germany","GFR","DEU",183,"Sweden","SWE","SWE",5,"0","0","-","0","0","0"
1,"xyi69N",1,1309,1993,72,"Germany","GFR","DEU",183,"Sweden","SWE","SWE",8,"0","0","-","0","0","0"
1,"xyi69N",1,1310,1994,72,"Germany","GFR","DEU",183,"Sweden","SWE","SWE",8,"0","0","-","0","0","0"
1,"xyi69N",1,1311,1995,72,"Germany","GFR","DEU",183,"Sweden","SWE","SWE",8,"0","0","-","0","0","0"
1,"xyi69N",1,1312,1996,72,"Germany","GFR","DEU",183,"Sweden","SWE","SWE",8,"0","0","-","0","0","0"
1,"xyi69N",1,1313,1997,72,"Germany","GFR","DEU",183,"Sweden","SWE","SWE",8,"0","0","-","0","0","0"
1,"xyi69N",1,1314,1998,72,"Germany","GFR","DEU",183,"Sweden","SWE","SWE",8,"0","0","-","0","0","0"
1,"xyi69N",1,1315,1999,72,"Germany","GFR","DEU",183,"Sweden","SWE","SWE",8,"0","0","-","0","0","0"
1,"xyi69N",1,1316,2000,72,"Germany","GFR","DEU",183,"Sweden","SWE","SWE",9,"0","0","-","0","0","0"
1,"xyi69N",1,1317,2001,72,"Germany","GFR","DEU",183,"Sweden","SWE","SWE",5,"0","0","-","0","0","0"
1,"xyi69N",1,1318,2002,72,"Germany","GFR","DEU",183,"Sweden","SWE","SWE",5,"0","0","-","0","0","0"
1,"xyi69N",1,1319,2008,72,"Germany","GFR","DEU",183,"Sweden","SWE","SWE",6,"0","0","-","0","0","0"
1,"xyi69N",1,1320,2009,72,"Germany","GFR","DEU",183,"Sweden","SWE","SWE",6,"0","0","-","0","0","0"
1,"xyi69N",1,1321,2010,72,"Germany","GFR","DEU",183,"Sweden","SWE","SWE",5,"0","0","-","0","0","0"
1,"xyi69N",1,1322,2011,72,"Germany","GFR","DEU",183,"Sweden","SWE","SWE",6,"0","0","-","0","0","0"
1,"xyi69N",1,1323,2012,72,"Germany","GFR","DEU",183,"Sweden","SWE","SWE",6,"0","0","-","0","0","0"
1,"xyi69N",1,1324,2013,72,"Germany","GFR","DEU",183,"Sweden","SWE","SWE",6,"0","0","-","0","0","0"
1,"xyi69N",1,1325,2014,72,"Germany","GFR","DEU",183,"Sweden","SWE","SWE",6,"0","0","-","0","0","0"
1,"xyi69N",1,1326,2015,72,"Germany","GFR","DEU",183,"Sweden","SWE","SWE",6,"0","0","-","0","0","0"
1,"xyi69N",1,1327,2016,72,"Germany","GFR","DEU",183,"Sweden","SWE","SWE",5,"0","0","-","0","0","0"
1,"xyi69N",1,1328,2017,72,"Germany","GFR","DEU",183,"Sweden","SWE","SWE",5,"0","0","-","0","0","0"
1,"xyi69N",1,1329,2024,72,"Germany","GFR","DEU",183,"Sweden","SWE","SWE",12,"0","0","-","0","0","0"
1,"xyi69N",1,1330,2025,72,"Germany","GFR","DEU",183,"Sweden","SWE","SWE",12,"0","0","-","0","0","0"
1,"xyi69N",1,1331,1991,73,"Ghana","GHA","GHA",183,"Sweden","SWE","SWE",39,"0","0","-","0","0","0"
1,"xyi69N",1,1332,1992,73,"Ghana","GHA","GHA",183,"Sweden","SWE","SWE",56,"0","0","-","0","0","0"
1,"xyi69N",1,1333,1993,73,"Ghana","GHA","GHA",183,"Sweden","SWE","SWE",56,"0","0","-","0","0","0"
1,"xyi69N",1,1334,1994,73,"Ghana","GHA","GHA",183,"Sweden","SWE","SWE",57,"0","0","-","0","0","0"
1,"xyi69N",1,1335,1995,73,"Ghana","GHA","GHA",183,"Sweden","SWE","SWE",57,"0","0","-","0","0","0"
1,"xyi69N",1,1336,1996,73,"Ghana","GHA","GHA",183,"Sweden","SWE","SWE",57,"0","0","-","0","0","0"
1,"xyi69N",1,1337,1997,73,"Ghana","GHA","GHA",183,"Sweden","SWE","SWE",57,"0","0","-","0","0","0"
1,"xyi69N",1,1338,1998,73,"Ghana","GHA","GHA",183,"Sweden","SWE","SWE",59,"0","0","-","0","0","0"
1,"xyi69N",1,1339,1999,73,"Ghana","GHA","GHA",183,"Sweden","SWE","SWE",59,"0","0","-","0","0","0"
1,"xyi69N",1,1340,2000,73,"Ghana","GHA","GHA",183,"Sweden","SWE","SWE",60,"0","0","-","0","0","0"
1,"xyi69N",1,1341,2001,73,"Ghana","GHA","GHA",183,"Sweden","SWE","SWE",23,"0","0","-","0","0","0"
1,"xyi69N",1,1342,2002,73,"Ghana","GHA","GHA",183,"Sweden","SWE","SWE",6,6,"0","-","0","0","0"
1,"xyi69N",1,1343,2003,73,"Ghana","GHA","GHA",183,"Sweden","SWE","SWE",6,14,"0","-","0","0","0"
1,"xyi69N",1,1344,2004,73,"Ghana","GHA","GHA",183,"Sweden","SWE","SWE",5,11,"0","-","0","0","0"
1,"xyi69N",1,1345,2005,73,"Ghana","GHA","GHA",183,"Sweden","SWE","SWE",5,"0","0","-","0","0","0"
1,"xyi69N",1,1346,2006,73,"Ghana","GHA","GHA",183,"Sweden","SWE","SWE",5,8,"0","-","0","0","0"
1,"xyi69N",1,1347,2007,73,"Ghana","GHA","GHA",183,"Sweden","SWE","SWE",5,20,"0","-","0","0","0"
1,"xyi69N",1,1348,2008,73,"Ghana","GHA","GHA",183,"Sweden","SWE","SWE",5,27,"0","-","0","0","0"
1,"xyi69N",1,1349,2009,73,"Ghana","GHA","GHA",183,"Sweden","SWE","SWE",5,47,"0","-","0","0","0"
1,"xyi69N",1,1350,2010,73,"Ghana","GHA","GHA",183,"Sweden","SWE","SWE",8,38,"0","-","0","0","0"
1,"xyi69N",1,1351,2011,73,"Ghana","GHA","GHA",183,"Sweden","SWE","SWE",17,23,"0","-","0","0","0"
1,"xyi69N",1,1352,2012,73,"Ghana","GHA","GHA",183,"Sweden","SWE","SWE",21,45,"0","-","0","0","0"
1,"xyi69N",1,1353,2013,73,"Ghana","GHA","GHA",183,"Sweden","SWE","SWE",33,32,"0","-","0","0","0"
1,"xyi69N",1,1354,2014,73,"Ghana","GHA","GHA",183,"Sweden","SWE","SWE",41,43,"0","-","0","0","0"
1,"xyi69N",1,1355,2015,73,"Ghana","GHA","GHA",183,"Sweden","SWE","SWE",43,73,"0","-","0","0","0"
1,"xyi69N",1,1356,2016,73,"Ghana","GHA","GHA",183,"Sweden","SWE","SWE",53,49,"0","-","0","0","0"
1,"xyi69N",1,1357,2017,73,"Ghana","GHA","GHA",183,"Sweden","SWE","SWE",56,66,"0","-","0","0","0"
1,"xyi69N",1,1358,2018,73,"Ghana","GHA","GHA",183,"Sweden","SWE","SWE",59,79,"0","-","0","0","0"
1,"xyi69N",1,1359,2019,73,"Ghana","GHA","GHA",183,"Sweden","SWE","SWE",62,87,"0","-","0","0","0"
1,"xyi69N",1,1360,2020,73,"Ghana","GHA","GHA",183,"Sweden","SWE","SWE",65,70,"0","-","0","0","0"
1,"xyi69N",1,1361,2021,73,"Ghana","GHA","GHA",183,"Sweden","SWE","SWE",57,50,"0","-","0","0","0"
1,"xyi69N",1,1362,2022,73,"Ghana","GHA","GHA",183,"Sweden","SWE","SWE",61,30,"0","-","0","0","0"
1,"xyi69N",1,1363,2023,73,"Ghana","GHA","GHA",183,"Sweden","SWE","SWE",44,27,"0","-","0","0","0"
1,"xyi69N",1,1364,2024,73,"Ghana","GHA","GHA",183,"Sweden","SWE","SWE",54,10,"0","-","0","0","0"
1,"xyi69N",1,1365,2025,73,"Ghana","GHA","GHA",183,"Sweden","SWE","SWE",45,10,"0","-","0","0","0"
1,"xyi69N",1,1366,2002,75,"Guinea-Bissau","GNB","GNB",183,"Sweden","SWE","SWE","0",6,"0","-","0","0","0"
1,"xyi69N",1,1367,2003,75,"Guinea-Bissau","GNB","GNB",183,"Sweden","SWE","SWE","0",6,"0","-","0","0","0"
1,"xyi69N",1,1368,2006,75,"Guinea-Bissau","GNB","GNB",183,"Sweden","SWE","SWE",5,"0","0","-","0","0","0"
1,"xyi69N",1,1369,2009,75,"Guinea-Bissau","GNB","GNB",183,"Sweden","SWE","SWE",5,"0","0","-","0","0","0"
1,"xyi69N",1,1370,2010,75,"Guinea-Bissau","GNB","GNB",183,"Sweden","SWE","SWE",5,"0","0","-","0","0","0"
1,"xyi69N",1,1371,2011,75,"Guinea-Bissau","GNB","GNB",183,"Sweden","SWE","SWE",5,"0","0","-","0","0","0"
1,"xyi69N",1,1372,2012,75,"Guinea-Bissau","GNB","GNB",183,"Sweden","SWE","SWE",5,9,"0","-","0","0","0"
1,"xyi69N",1,1373,2013,75,"Guinea-Bissau","GNB","GNB",183,"Sweden","SWE","SWE",6,11,"0","-","0","0","0"
1,"xyi69N",1,1374,2014,75,"Guinea-Bissau","GNB","GNB",183,"Sweden","SWE","SWE",7,5,"0","-","0","0","0"
1,"xyi69N",1,1375,2015,75,"Guinea-Bissau","GNB","GNB",183,"Sweden","SWE","SWE",7,8,"0","-","0","0","0"
1,"xyi69N",1,1376,2016,75,"Guinea-Bissau","GNB","GNB",183,"Sweden","SWE","SWE",7,5,"0","-","0","0","0"
1,"xyi69N",1,1377,2017,75,"Guinea-Bissau","GNB","GNB",183,"Sweden","SWE","SWE",7,5,"0","-","0","0","0"
1,"xyi69N",1,1378,2018,75,"Guinea-Bissau","GNB","GNB",183,"Sweden","SWE","SWE",9,5,"0","-","0","0","0"
1,"xyi69N",1,1379,2019,75,"Guinea-Bissau","GNB","GNB",183,"Sweden","SWE","SWE",9,5,"0","-","0","0","0"
1,"xyi69N",1,1380,2020,75,"Guinea-Bissau","GNB","GNB",183,"Sweden","SWE","SWE",8,5,"0","-","0","0","0"
1,"xyi69N",1,1381,2021,75,"Guinea-Bissau","GNB","GNB",183,"Sweden","SWE","SWE",8,5,"0","-","0","0","0"
1,"xyi69N",1,1382,2022,75,"Guinea-Bissau","GNB","GNB",183,"Sweden","SWE","SWE",7,5,"0","-","0","0","0"
1,"xyi69N",1,1383,2023,75,"Guinea-Bissau","GNB","GNB",183,"Sweden","SWE","SWE",5,5,"0","-","0","0","0"
1,"xyi69N",1,1384,2024,75,"Guinea-Bissau","GNB","GNB",183,"Sweden","SWE","SWE",5,"0","0","-","0","0","0"
1,"xyi69N",1,1385,2025,75,"Guinea-Bissau","GNB","GNB",183,"Sweden","SWE","SWE",5,"0","0","-","0","0","0"
1,"xyi69N",1,1386,1990,76,"Greece","GRE","GRC",183,"Sweden","SWE","SWE",16,"0","0","-","0","0","0"
1,"xyi69N",1,1387,1991,76,"Greece","GRE","GRC",183,"Sweden","SWE","SWE",6,"0","0","-","0","0","0"
1,"xyi69N",1,1388,2003,76,"Greece","GRE","GRC",183,"Sweden","SWE","SWE",5,"0","0","-","0","0","0"
1,"xyi69N",1,1389,2004,76,"Greece","GRE","GRC",183,"Sweden","SWE","SWE",5,"0","0","-","0","0","0"
1,"xyi69N",1,1390,2005,76,"Greece","GRE","GRC",183,"Sweden","SWE","SWE",5,"0","0","-","0","0","0"
1,"xyi69N",1,1391,2006,76,"Greece","GRE","GRC",183,"Sweden","SWE","SWE",5,"0","0","-","0","0","0"
1,"xyi69N",1,1392,2007,76,"Greece","GRE","GRC",183,"Sweden","SWE","SWE",5,"0","0","-","0","0","0"
1,"xyi69N",1,1393,2008,76,"Greece","GRE","GRC",183,"Sweden","SWE","SWE",5,"0","0","-","0","0","0"
1,"xyi69N",1,1394,2009,76,"Greece","GRE","GRC",183,"Sweden","SWE","SWE",5,"0","0","-","0","0","0"
1,"xyi69N",1,1395,2010,76,"Greece","GRE","GRC",183,"Sweden","SWE","SWE",5,"0","0","-","0","0","0"
1,"xyi69N",1,1396,2012,76,"Greece","GRE","GRC",183,"Sweden","SWE","SWE","0",5,"0","-","0","0","0"
1,"xyi69N",1,1397,2014,76,"Greece","GRE","GRC",183,"Sweden","SWE","SWE",9,10,"0","-","0","0","0"
1,"xyi69N",1,1398,2015,76,"Greece","GRE","GRC",183,"Sweden","SWE","SWE",13,6,"0","-","0","0","0"
1,"xyi69N",1,1399,2016,76,"Greece","GRE","GRC",183,"Sweden","SWE","SWE",18,"0","0","-","0","0","0"
1,"xyi69N",1,1400,2017,76,"Greece","GRE","GRC",183,"Sweden","SWE","SWE",18,"0","0","-","0","0","0"
1,"xyi69N",1,1401,2018,76,"Greece","GRE","GRC",183,"Sweden","SWE","SWE",18,"0","0","-","0","0","0"
1,"xyi69N",1,1402,2019,76,"Greece","GRE","GRC",183,"Sweden","SWE","SWE",18,"0","0","-","0","0","0"
1,"xyi69N",1,1403,2020,76,"Greece","GRE","GRC",183,"Sweden","SWE","SWE",18,"0","0","-","0","0","0"
1,"xyi69N",1,1404,2021,76,"Greece","GRE","GRC",183,"Sweden","SWE","SWE",18,"0","0","-","0","0","0"
1,"xyi69N",1,1405,2022,76,"Greece","GRE","GRC",183,"Sweden","SWE","SWE",18,"0","0","-","0","0","0"
1,"xyi69N",1,1406,2023,76,"Greece","GRE","GRC",183,"Sweden","SWE","SWE",18,"0","0","-","0","0","0"
1,"xyi69N",1,1407,2024,76,"Greece","GRE","GRC",183,"Sweden","SWE","SWE",5,"0","0","-","0","0","0"
1,"xyi69N",1,1408,2025,76,"Greece","GRE","GRC",183,"Sweden","SWE","SWE",5,"0","0","-","0","0","0"
1,"xyi69N",1,1409,1990,78,"Guatemala","GUA","GTM",183,"Sweden","SWE","SWE",57,"0","0","-","0","0","0"
1,"xyi69N",1,1410,1991,78,"Guatemala","GUA","GTM",183,"Sweden","SWE","SWE",67,"0","0","-","0","0","0"
1,"xyi69N",1,1411,1992,78,"Guatemala","GUA","GTM",183,"Sweden","SWE","SWE",75,"0","0","-","0","0","0"
1,"xyi69N",1,1412,1993,78,"Guatemala","GUA","GTM",183,"Sweden","SWE","SWE",75,"0","0","-","0","0","0"
1,"xyi69N",1,1413,1994,78,"Guatemala","GUA","GTM",183,"Sweden","SWE","SWE",76,"0","0","-","0","0","0"
1,"xyi69N",1,1414,1995,78,"Guatemala","GUA","GTM",183,"Sweden","SWE","SWE",76,"0","0","-","0","0","0"
1,"xyi69N",1,1415,1996,78,"Guatemala","GUA","GTM",183,"Sweden","SWE","SWE",76,"0","0","-","0","0","0"
1,"xyi69N",1,1416,1997,78,"Guatemala","GUA","GTM",183,"Sweden","SWE","SWE",76,"0","0","-","0","0","0"
1,"xyi69N",1,1417,1998,78,"Guatemala","GUA","GTM",183,"Sweden","SWE","SWE",76,"0","0","-","0","0","0"
1,"xyi69N",1,1418,1999,78,"Guatemala","GUA","GTM",183,"Sweden","SWE","SWE",76,"0","0","-","0","0","0"
1,"xyi69N",1,1419,2000,78,"Guatemala","GUA","GTM",183,"Sweden","SWE","SWE",61,"0","0","-","0","0","0"
1,"xyi69N",1,1420,2001,78,"Guatemala","GUA","GTM",183,"Sweden","SWE","SWE",25,"0","0","-","0","0","0"
1,"xyi69N",1,1421,2002,78,"Guatemala","GUA","GTM",183,"Sweden","SWE","SWE",5,6,"0","-","0","0","0"
1,"xyi69N",1,1422,2003,78,"Guatemala","GUA","GTM",183,"Sweden","SWE","SWE",8,5,"0","-","0","0","0"
1,"xyi69N",1,1423,2004,78,"Guatemala","GUA","GTM",183,"Sweden","SWE","SWE",7,5,"0","-","0","0","0"
1,"xyi69N",1,1424,2005,78,"Guatemala","GUA","GTM",183,"Sweden","SWE","SWE",7,5,"0","-","0","0","0"
1,"xyi69N",1,1425,2006,78,"Guatemala","GUA","GTM",183,"Sweden","SWE","SWE",7,10,"0","-","0","0","0"
1,"xyi69N",1,1426,2007,78,"Guatemala","GUA","GTM",183,"Sweden","SWE","SWE",7,10,"0","-","0","0","0"
1,"xyi69N",1,1427,2008,78,"Guatemala","GUA","GTM",183,"Sweden","SWE","SWE",7,"0","0","-","0","0","0"
1,"xyi69N",1,1428,2009,78,"Guatemala","GUA","GTM",183,"Sweden","SWE","SWE",7,"0","0","-","0","0","0"
1,"xyi69N",1,1429,2010,78,"Guatemala","GUA","GTM",183,"Sweden","SWE","SWE",7,"0","0","-","0","0","0"
1,"xyi69N",1,1430,2011,78,"Guatemala","GUA","GTM",183,"Sweden","SWE","SWE",5,5,"0","-","0","0","0"
1,"xyi69N",1,1431,2012,78,"Guatemala","GUA","GTM",183,"Sweden","SWE","SWE",10,"0","0","-","0","0","0"
1,"xyi69N",1,1432,2013,78,"Guatemala","GUA","GTM",183,"Sweden","SWE","SWE",6,15,"0","-","0","0","0"
1,"xyi69N",1,1433,2014,78,"Guatemala","GUA","GTM",183,"Sweden","SWE","SWE",9,5,"0","-","0","0","0"
1,"xyi69N",1,1434,2015,78,"Guatemala","GUA","GTM",183,"Sweden","SWE","SWE",9,"0","0","-","0","0","0"
1,"xyi69N",1,1435,2016,78,"Guatemala","GUA","GTM",183,"Sweden","SWE","SWE",9,"0","0","-","0","0","0"
1,"xyi69N",1,1436,2017,78,"Guatemala","GUA","GTM",183,"Sweden","SWE","SWE",9,5,"0","-","0","0","0"
1,"xyi69N",1,1437,2018,78,"Guatemala","GUA","GTM",183,"Sweden","SWE","SWE",10,5,"0","-","0","0","0"
1,"xyi69N",1,1438,2019,78,"Guatemala","GUA","GTM",183,"Sweden","SWE","SWE",10,13,"0","-","0","0","0"
1,"xyi69N",1,1439,2020,78,"Guatemala","GUA","GTM",183,"Sweden","SWE","SWE",10,7,"0","-","0","0","0"
1,"xyi69N",1,1440,2021,78,"Guatemala","GUA","GTM",183,"Sweden","SWE","SWE",11,"0","0","-","0","0","0"
1,"xyi69N",1,1441,2022,78,"Guatemala","GUA","GTM",183,"Sweden","SWE","SWE",6,5,"0","-","0","0","0"
1,"xyi69N",1,1442,2023,78,"Guatemala","GUA","GTM",183,"Sweden","SWE","SWE",5,5,"0","-","0","0","0"
1,"xyi69N",1,1443,2024,78,"Guatemala","GUA","GTM",183,"Sweden","SWE","SWE",15,"0","0","-","0","0","0"
1,"xyi69N",1,1444,2025,78,"Guatemala","GUA","GTM",183,"Sweden","SWE","SWE",15,"0","0","-","0","0","0"
1,"xyi69N",1,1445,1992,79,"Guinea","GUI","GIN",183,"Sweden","SWE","SWE",7,"0","0","-","0","0","0"
1,"xyi69N",1,1446,1993,79,"Guinea","GUI","GIN",183,"Sweden","SWE","SWE",7,"0","0","-","0","0","0"
1,"xyi69N",1,1447,1994,79,"Guinea","GUI","GIN",183,"Sweden","SWE","SWE",7,"0","0","-","0","0","0"
1,"xyi69N",1,1448,1995,79,"Guinea","GUI","GIN",183,"Sweden","SWE","SWE",7,"0","0","-","0","0","0"
1,"xyi69N",1,1449,1996,79,"Guinea","GUI","GIN",183,"Sweden","SWE","SWE",7,"0","0","-","0","0","0"
1,"xyi69N",1,1450,1997,79,"Guinea","GUI","GIN",183,"Sweden","SWE","SWE",7,"0","0","-","0","0","0"
1,"xyi69N",1,1451,1998,79,"Guinea","GUI","GIN",183,"Sweden","SWE","SWE",7,"0","0","-","0","0","0"
1,"xyi69N",1,1452,1999,79,"Guinea","GUI","GIN",183,"Sweden","SWE","SWE",7,"0","0","-","0","0","0"
1,"xyi69N",1,1453,2000,79,"Guinea","GUI","GIN",183,"Sweden","SWE","SWE",7,"0","0","-","0","0","0"
1,"xyi69N",1,1454,2001,79,"Guinea","GUI","GIN",183,"Sweden","SWE","SWE",8,"0","0","-","0","0","0"
1,"xyi69N",1,1455,2002,79,"Guinea","GUI","GIN",183,"Sweden","SWE","SWE",5,54,"0","-","0","0","0"
1,"xyi69N",1,1456,2003,79,"Guinea","GUI","GIN",183,"Sweden","SWE","SWE",5,71,"0","-","0","0","0"
1,"xyi69N",1,1457,2004,79,"Guinea","GUI","GIN",183,"Sweden","SWE","SWE",11,70,"0","-","0","0","0"
1,"xyi69N",1,1458,2005,79,"Guinea","GUI","GIN",183,"Sweden","SWE","SWE",14,44,"0","-","0","0","0"
1,"xyi69N",1,1459,2006,79,"Guinea","GUI","GIN",183,"Sweden","SWE","SWE",16,18,"0","-","0","0","0"
1,"xyi69N",1,1460,2007,79,"Guinea","GUI","GIN",183,"Sweden","SWE","SWE",25,37,"0","-","0","0","0"
1,"xyi69N",1,1461,2008,79,"Guinea","GUI","GIN",183,"Sweden","SWE","SWE",32,29,"0","-","0","0","0"
1,"xyi69N",1,1462,2009,79,"Guinea","GUI","GIN",183,"Sweden","SWE","SWE",41,45,"0","-","0","0","0"
1,"xyi69N",1,1463,2010,79,"Guinea","GUI","GIN",183,"Sweden","SWE","SWE",46,34,"0","-","0","0","0"
1,"xyi69N",1,1464,2011,79,"Guinea","GUI","GIN",183,"Sweden","SWE","SWE",50,36,"0","-","0","0","0"
1,"xyi69N",1,1465,2012,79,"Guinea","GUI","GIN",183,"Sweden","SWE","SWE",61,37,"0","-","0","0","0"
1,"xyi69N",1,1466,2013,79,"Guinea","GUI","GIN",183,"Sweden","SWE","SWE",73,30,"0","-","0","0","0"
1,"xyi69N",1,1467,2014,79,"Guinea","GUI","GIN",183,"Sweden","SWE","SWE",71,48,"0","-","0","0","0"
1,"xyi69N",1,1468,2015,79,"Guinea","GUI","GIN",183,"Sweden","SWE","SWE",73,51,"0","-","0","0","0"
1,"xyi69N",1,1469,2016,79,"Guinea","GUI","GIN",183,"Sweden","SWE","SWE",81,47,"0","-","0","0","0"
1,"xyi69N",1,1470,2017,79,"Guinea","GUI","GIN",183,"Sweden","SWE","SWE",80,42,"0","-","0","0","0"
1,"xyi69N",1,1471,2018,79,"Guinea","GUI","GIN",183,"Sweden","SWE","SWE",76,62,"0","-","0","0","0"
1,"xyi69N",1,1472,2019,79,"Guinea","GUI","GIN",183,"Sweden","SWE","SWE",72,46,"0","-","0","0","0"
1,"xyi69N",1,1473,2020,79,"Guinea","GUI","GIN",183,"Sweden","SWE","SWE",71,21,"0","-","0","0","0"
1,"xyi69N",1,1474,2021,79,"Guinea","GUI","GIN",183,"Sweden","SWE","SWE",66,15,"0","-","0","0","0"
1,"xyi69N",1,1475,2022,79,"Guinea","GUI","GIN",183,"Sweden","SWE","SWE",57,12,"0","-","0","0","0"
1,"xyi69N",1,1476,2023,79,"Guinea","GUI","GIN",183,"Sweden","SWE","SWE",44,17,"0","-","0","0","0"
1,"xyi69N",1,1477,2024,79,"Guinea","GUI","GIN",183,"Sweden","SWE","SWE",78,5,"0","-","0","0","0"
1,"xyi69N",1,1478,2025,79,"Guinea","GUI","GIN",183,"Sweden","SWE","SWE",72,8,"0","-","0","0","0"
1,"xyi69N",1,1479,1994,81,"Haiti","HAI","HTI",183,"Sweden","SWE","SWE",5,"0","0","-","0","0","0"
1,"xyi69N",1,1480,1995,81,"Haiti","HAI","HTI",183,"Sweden","SWE","SWE",5,"0","0","-","0","0","0"
1,"xyi69N",1,1481,1996,81,"Haiti","HAI","HTI",183,"Sweden","SWE","SWE",5,"0","0","-","0","0","0"
1,"xyi69N",1,1482,1997,81,"Haiti","HAI","HTI",183,"Sweden","SWE","SWE",5,"0","0","-","0","0","0"
1,"xyi69N",1,1483,1998,81,"Haiti","HAI","HTI",183,"Sweden","SWE","SWE",5,"0","0","-","0","0","0"
1,"xyi69N",1,1484,1999,81,"Haiti","HAI","HTI",183,"Sweden","SWE","SWE",5,"0","0","-","0","0","0"
1,"xyi69N",1,1485,2000,81,"Haiti","HAI","HTI",183,"Sweden","SWE","SWE",5,"0","0","-","0","0","0"
1,"xyi69N",1,1486,2001,81,"Haiti","HAI","HTI",183,"Sweden","SWE","SWE",5,"0","0","-","0","0","0"
1,"xyi69N",1,1487,2002,81,"Haiti","HAI","HTI",183,"Sweden","SWE","SWE",5,"0","0","-","0","0","0"
1,"xyi69N",1,1488,2003,81,"Haiti","HAI","HTI",183,"Sweden","SWE","SWE",5,"0","0","-","0","0","0"
1,"xyi69N",1,1489,2010,81,"Haiti","HAI","HTI",183,"Sweden","SWE","SWE","0",5,"0","-","0","0","0"
1,"xyi69N",1,1490,2022,81,"Haiti","HAI","HTI",183,"Sweden","SWE","SWE","0",5,"0","-","0","0","0"
1,"xyi69N",1,1491,2023,81,"Haiti","HAI","HTI",183,"Sweden","SWE","SWE","0",5,"0","-","0","0","0"
1,"xyi69N",1,1492,2024,81,"Haiti","HAI","HTI",183,"Sweden","SWE","SWE",5,"0","0","-","0","0","0"
1,"xyi69N",1,1493,2025,81,"Haiti","HAI","HTI",183,"Sweden","SWE","SWE",5,5,"0","-","0","0","0"
1,"xyi69N",1,1494,1990,83,"Honduras","HON","HND",183,"Sweden","SWE","SWE",8,"0","0","-","0","0","0"
1,"xyi69N",1,1495,1991,83,"Honduras","HON","HND",183,"Sweden","SWE","SWE",11,"0","0","-","0","0","0"
1,"xyi69N",1,1496,1992,83,"Honduras","HON","HND",183,"Sweden","SWE","SWE",12,"0","0","-","0","0","0"
1,"xyi69N",1,1497,1993,83,"Honduras","HON","HND",183,"Sweden","SWE","SWE",12,"0","0","-","0","0","0"
1,"xyi69N",1,1498,1994,83,"Honduras","HON","HND",183,"Sweden","SWE","SWE",12,"0","0","-","0","0","0"
1,"xyi69N",1,1499,1995,83,"Honduras","HON","HND",183,"Sweden","SWE","SWE",12,"0","0","-","0","0","0"
1,"xyi69N",1,1500,1996,83,"Honduras","HON","HND",183,"Sweden","SWE","SWE",13,"0","0","-","0","0","0"
1,"xyi69N",1,1501,1997,83,"Honduras","HON","HND",183,"Sweden","SWE","SWE",13,"0","0","-","0","0","0"
1,"xyi69N",1,1502,1998,83,"Honduras","HON","HND",183,"Sweden","SWE","SWE",10,"0","0","-","0","0","0"
1,"xyi69N",1,1503,1999,83,"Honduras","HON","HND",183,"Sweden","SWE","SWE",10,"0","0","-","0","0","0"
1,"xyi69N",1,1504,2000,83,"Honduras","HON","HND",183,"Sweden","SWE","SWE",8,"0","0","-","0","0","0"
1,"xyi69N",1,1505,2001,83,"Honduras","HON","HND",183,"Sweden","SWE","SWE",6,"0","0","-","0","0","0"
1,"xyi69N",1,1506,2002,83,"Honduras","HON","HND",183,"Sweden","SWE","SWE",5,16,"0","-","0","0","0"
1,"xyi69N",1,1507,2003,83,"Honduras","HON","HND",183,"Sweden","SWE","SWE",35,16,"0","-","0","0","0"
1,"xyi69N",1,1508,2004,83,"Honduras","HON","HND",183,"Sweden","SWE","SWE",38,7,"0","-","0","0","0"
1,"xyi69N",1,1509,2005,83,"Honduras","HON","HND",183,"Sweden","SWE","SWE",39,11,"0","-","0","0","0"
1,"xyi69N",1,1510,2006,83,"Honduras","HON","HND",183,"Sweden","SWE","SWE",39,5,"0","-","0","0","0"
1,"xyi69N",1,1511,2007,83,"Honduras","HON","HND",183,"Sweden","SWE","SWE",17,5,"0","-","0","0","0"
1,"xyi69N",1,1512,2008,83,"Honduras","HON","HND",183,"Sweden","SWE","SWE",17,"0","0","-","0","0","0"
1,"xyi69N",1,1513,2009,83,"Honduras","HON","HND",183,"Sweden","SWE","SWE",19,5,"0","-","0","0","0"
1,"xyi69N",1,1514,2010,83,"Honduras","HON","HND",183,"Sweden","SWE","SWE",16,10,"0","-","0","0","0"
1,"xyi69N",1,1515,2011,83,"Honduras","HON","HND",183,"Sweden","SWE","SWE",17,5,"0","-","0","0","0"
1,"xyi69N",1,1516,2012,83,"Honduras","HON","HND",183,"Sweden","SWE","SWE",17,5,"0","-","0","0","0"
1,"xyi69N",1,1517,2013,83,"Honduras","HON","HND",183,"Sweden","SWE","SWE",11,10,"0","-","0","0","0"
1,"xyi69N",1,1518,2014,83,"Honduras","HON","HND",183,"Sweden","SWE","SWE",10,5,"0","-","0","0","0"
1,"xyi69N",1,1519,2015,83,"Honduras","HON","HND",183,"Sweden","SWE","SWE",9,9,"0","-","0","0","0"
1,"xyi69N",1,1520,2016,83,"Honduras","HON","HND",183,"Sweden","SWE","SWE",14,16,"0","-","0","0","0"
1,"xyi69N",1,1521,2017,83,"Honduras","HON","HND",183,"Sweden","SWE","SWE",11,23,"0","-","0","0","0"
1,"xyi69N",1,1522,2018,83,"Honduras","HON","HND",183,"Sweden","SWE","SWE",13,31,"0","-","0","0","0"
1,"xyi69N",1,1523,2019,83,"Honduras","HON","HND",183,"Sweden","SWE","SWE",19,31,"0","-","0","0","0"
1,"xyi69N",1,1524,2020,83,"Honduras","HON","HND",183,"Sweden","SWE","SWE",27,12,"0","-","0","0","0"
1,"xyi69N",1,1525,2021,83,"Honduras","HON","HND",183,"Sweden","SWE","SWE",29,10,"0","-","0","0","0"
1,"xyi69N",1,1526,2022,83,"Honduras","HON","HND",183,"Sweden","SWE","SWE",29,33,"0","-","0","0","0"
1,"xyi69N",1,1527,2023,83,"Honduras","HON","HND",183,"Sweden","SWE","SWE",26,5,"0","-","0","0","0"
1,"xyi69N",1,1528,2024,83,"Honduras","HON","HND",183,"Sweden","SWE","SWE",17,"0","0","-","0","0","0"
1,"xyi69N",1,1529,2025,83,"Honduras","HON","HND",183,"Sweden","SWE","SWE",19,5,"0","-","0","0","0"
1,"xyi69N",1,1530,1993,84,"Croatia","HRV","HRV",183,"Sweden","SWE","SWE",92,"0","0","-","0","0","0"
1,"xyi69N",1,1531,1994,84,"Croatia","HRV","HRV",183,"Sweden","SWE","SWE",876,"0","0","-","0","0","0"
1,"xyi69N",1,1532,1995,84,"Croatia","HRV","HRV",183,"Sweden","SWE","SWE",927,"0","0","-","0","0","0"
1,"xyi69N",1,1533,1996,84,"Croatia","HRV","HRV",183,"Sweden","SWE","SWE",946,"0","0","-","0","0","0"
1,"xyi69N",1,1534,1997,84,"Croatia","HRV","HRV",183,"Sweden","SWE","SWE",1959,"0","0","-","0","0","0"
1,"xyi69N",1,1535,1998,84,"Croatia","HRV","HRV",183,"Sweden","SWE","SWE",2833,"0","0","-","0","0","0"
1,"xyi69N",1,1536,1999,84,"Croatia","HRV","HRV",183,"Sweden","SWE","SWE",2833,"0","0","-","0","0","0"
1,"xyi69N",1,1537,2000,84,"Croatia","HRV","HRV",183,"Sweden","SWE","SWE",2863,"0","0","-","0","0","0"
1,"xyi69N",1,1538,2001,84,"Croatia","HRV","HRV",183,"Sweden","SWE","SWE",2883,"0","0","-","0","0","0"
1,"xyi69N",1,1539,2002,84,"Croatia","HRV","HRV",183,"Sweden","SWE","SWE",2902,270,"0","-","0","0","0"
1,"xyi69N",1,1540,2003,84,"Croatia","HRV","HRV",183,"Sweden","SWE","SWE",2831,116,"0","-","0","0","0"
1,"xyi69N",1,1541,2004,84,"Croatia","HRV","HRV",183,"Sweden","SWE","SWE",2050,76,"0","-","0","0","0"
1,"xyi69N",1,1542,2005,84,"Croatia","HRV","HRV",183,"Sweden","SWE","SWE",2011,59,"0","-","0","0","0"
1,"xyi69N",1,1543,2006,84,"Croatia","HRV","HRV",183,"Sweden","SWE","SWE",1996,16,"0","-","0","0","0"
1,"xyi69N",1,1544,2007,84,"Croatia","HRV","HRV",183,"Sweden","SWE","SWE",987,12,"0","-","0","0","0"
1,"xyi69N",1,1545,2008,84,"Croatia","HRV","HRV",183,"Sweden","SWE","SWE",113,27,"0","-","0","0","0"
1,"xyi69N",1,1546,2009,84,"Croatia","HRV","HRV",183,"Sweden","SWE","SWE",113,5,"0","-","0","0","0"
1,"xyi69N",1,1547,2010,84,"Croatia","HRV","HRV",183,"Sweden","SWE","SWE",84,15,"0","-","0","0","0"
1,"xyi69N",1,1548,2011,84,"Croatia","HRV","HRV",183,"Sweden","SWE","SWE",65,12,"0","-","0","0","0"
1,"xyi69N",1,1549,2012,84,"Croatia","HRV","HRV",183,"Sweden","SWE","SWE",46,11,"0","-","0","0","0"
1,"xyi69N",1,1550,2013,84,"Croatia","HRV","HRV",183,"Sweden","SWE","SWE",25,5,"0","-","0","0","0"
1,"xyi69N",1,1551,2014,84,"Croatia","HRV","HRV",183,"Sweden","SWE","SWE",22,15,"0","-","0","0","0"
1,"xyi69N",1,1552,2015,84,"Croatia","HRV","HRV",183,"Sweden","SWE","SWE",10,5,"0","-","0","0","0"
1,"xyi69N",1,1553,2016,84,"Croatia","HRV","HRV",183,"Sweden","SWE","SWE",6,5,"0","-","0","0","0"
1,"xyi69N",1,1554,2017,84,"Croatia","HRV","HRV",183,"Sweden","SWE","SWE","0",5,"0","-","0","0","0"
1,"xyi69N",1,1555,2018,84,"Croatia","HRV","HRV",183,"Sweden","SWE","SWE","0",5,"0","-","0","0","0"
1,"xyi69N",1,1556,2019,84,"Croatia","HRV","HRV",183,"Sweden","SWE","SWE","0",5,"0","-","0","0","0"
1,"xyi69N",1,1557,2020,84,"Croatia","HRV","HRV",183,"Sweden","SWE","SWE","0",5,"0","-","0","0","0"
1,"xyi69N",1,1558,2021,84,"Croatia","HRV","HRV",183,"Sweden","SWE","SWE","0",5,"0","-","0","0","0"
1,"xyi69N",1,1559,2022,84,"Croatia","HRV","HRV",183,"Sweden","SWE","SWE","0",5,"0","-","0","0","0"
1,"xyi69N",1,1560,2023,84,"Croatia","HRV","HRV",183,"Sweden","SWE","SWE","0",5,"0","-","0","0","0"
1,"xyi69N",1,1561,2024,84,"Croatia","HRV","HRV",183,"Sweden","SWE","SWE",148,"0","0","-","0","0","0"
1,"xyi69N",1,1562,2025,84,"Croatia","HRV","HRV",183,"Sweden","SWE","SWE",147,"0","0","-","0","0","0"
1,"xyi69N",1,1563,1990,85,"Hungary","HUN","HUN",183,"Sweden","SWE","SWE",1882,"0","0","-","0","0","0"
1,"xyi69N",1,1564,1991,85,"Hungary","HUN","HUN",183,"Sweden","SWE","SWE",1710,"0","0","-","0","0","0"
1,"xyi69N",1,1565,1992,85,"Hungary","HUN","HUN",183,"Sweden","SWE","SWE",1604,"0","0","-","0","0","0"
1,"xyi69N",1,1566,1993,85,"Hungary","HUN","HUN",183,"Sweden","SWE","SWE",1525,"0","0","-","0","0","0"
1,"xyi69N",1,1567,1994,85,"Hungary","HUN","HUN",183,"Sweden","SWE","SWE",1449,"0","0","-","0","0","0"
1,"xyi69N",1,1568,1995,85,"Hungary","HUN","HUN",183,"Sweden","SWE","SWE",1370,"0","0","-","0","0","0"
1,"xyi69N",1,1569,1996,85,"Hungary","HUN","HUN",183,"Sweden","SWE","SWE",1195,"0","0","-","0","0","0"
1,"xyi69N",1,1570,1997,85,"Hungary","HUN","HUN",183,"Sweden","SWE","SWE",957,"0","0","-","0","0","0"
1,"xyi69N",1,1571,1998,85,"Hungary","HUN","HUN",183,"Sweden","SWE","SWE",632,"0","0","-","0","0","0"
1,"xyi69N",1,1572,1999,85,"Hungary","HUN","HUN",183,"Sweden","SWE","SWE",202,"0","0","-","0","0","0"
1,"xyi69N",1,1573,2000,85,"Hungary","HUN","HUN",183,"Sweden","SWE","SWE",31,"0","0","-","0","0","0"
1,"xyi69N",1,1574,2001,85,"Hungary","HUN","HUN",183,"Sweden","SWE","SWE",16,"0","0","-","0","0","0"
1,"xyi69N",1,1575,2002,85,"Hungary","HUN","HUN",183,"Sweden","SWE","SWE",11,5,"0","-","0","0","0"
1,"xyi69N",1,1576,2003,85,"Hungary","HUN","HUN",183,"Sweden","SWE","SWE",7,"0","0","-","0","0","0"
1,"xyi69N",1,1577,2004,85,"Hungary","HUN","HUN",183,"Sweden","SWE","SWE",7,"0","0","-","0","0","0"
1,"xyi69N",1,1578,2005,85,"Hungary","HUN","HUN",183,"Sweden","SWE","SWE",6,"0","0","-","0","0","0"
1,"xyi69N",1,1579,2006,85,"Hungary","HUN","HUN",183,"Sweden","SWE","SWE",6,49,"0","-","0","0","0"
1,"xyi69N",1,1580,2007,85,"Hungary","HUN","HUN",183,"Sweden","SWE","SWE",5,"0","0","-","0","0","0"
1,"xyi69N",1,1581,2008,85,"Hungary","HUN","HUN",183,"Sweden","SWE","SWE",5,"0","0","-","0","0","0"
1,"xyi69N",1,1582,2009,85,"Hungary","HUN","HUN",183,"Sweden","SWE","SWE",5,"0","0","-","0","0","0"
1,"xyi69N",1,1583,2015,85,"Hungary","HUN","HUN",183,"Sweden","SWE","SWE",5,"0","0","-","0","0","0"
1,"xyi69N",1,1584,2016,85,"Hungary","HUN","HUN",183,"Sweden","SWE","SWE",5,5,"0","-","0","0","0"
1,"xyi69N",1,1585,2017,85,"Hungary","HUN","HUN",183,"Sweden","SWE","SWE",5,5,"0","-","0","0","0"
1,"xyi69N",1,1586,2018,85,"Hungary","HUN","HUN",183,"Sweden","SWE","SWE",5,"0","0","-","0","0","0"
1,"xyi69N",1,1587,2019,85,"Hungary","HUN","HUN",183,"Sweden","SWE","SWE",5,"0","0","-","0","0","0"
1,"xyi69N",1,1588,2020,85,"Hungary","HUN","HUN",183,"Sweden","SWE","SWE",5,"0","0","-","0","0","0"
1,"xyi69N",1,1589,2021,85,"Hungary","HUN","HUN",183,"Sweden","SWE","SWE",5,"0","0","-","0","0","0"
1,"xyi69N",1,1590,2022,85,"Hungary","HUN","HUN",183,"Sweden","SWE","SWE",5,"0","0","-","0","0","0"
1,"xyi69N",1,1591,2024,85,"Hungary","HUN","HUN",183,"Sweden","SWE","SWE",179,"0","0","-","0","0","0"
1,"xyi69N",1,1592,2025,85,"Hungary","HUN","HUN",183,"Sweden","SWE","SWE",175,"0","0","-","0","0","0"
1,"xyi69N",1,1593,1991,87,"Cote d'Ivoire","ICO","CIV",183,"Sweden","SWE","SWE",10,"0","0","-","0","0","0"
1,"xyi69N",1,1594,1992,87,"Cote d'Ivoire","ICO","CIV",183,"Sweden","SWE","SWE",20,"0","0","-","0","0","0"
1,"xyi69N",1,1595,1993,87,"Cote d'Ivoire","ICO","CIV",183,"Sweden","SWE","SWE",23,"0","0","-","0","0","0"
1,"xyi69N",1,1596,1994,87,"Cote d'Ivoire","ICO","CIV",183,"Sweden","SWE","SWE",29,"0","0","-","0","0","0"
1,"xyi69N",1,1597,1995,87,"Cote d'Ivoire","ICO","CIV",183,"Sweden","SWE","SWE",30,"0","0","-","0","0","0"
1,"xyi69N",1,1598,1996,87,"Cote d'Ivoire","ICO","CIV",183,"Sweden","SWE","SWE",30,"0","0","-","0","0","0"
1,"xyi69N",1,1599,1997,87,"Cote d'Ivoire","ICO","CIV",183,"Sweden","SWE","SWE",30,"0","0","-","0","0","0"
1,"xyi69N",1,1600,1998,87,"Cote d'Ivoire","ICO","CIV",183,"Sweden","SWE","SWE",34,"0","0","-","0","0","0"
1,"xyi69N",1,1601,1999,87,"Cote d'Ivoire","ICO","CIV",183,"Sweden","SWE","SWE",34,"0","0","-","0","0","0"
1,"xyi69N",1,1602,2000,87,"Cote d'Ivoire","ICO","CIV",183,"Sweden","SWE","SWE",33,"0","0","-","0","0","0"
1,"xyi69N",1,1603,2001,87,"Cote d'Ivoire","ICO","CIV",183,"Sweden","SWE","SWE",25,"0","0","-","0","0","0"
1,"xyi69N",1,1604,2002,87,"Cote d'Ivoire","ICO","CIV",183,"Sweden","SWE","SWE",18,38,"0","-","0","0","0"
1,"xyi69N",1,1605,2003,87,"Cote d'Ivoire","ICO","CIV",183,"Sweden","SWE","SWE",17,80,"0","-","0","0","0"
1,"xyi69N",1,1606,2004,87,"Cote d'Ivoire","ICO","CIV",183,"Sweden","SWE","SWE",13,86,"0","-","0","0","0"
1,"xyi69N",1,1607,2005,87,"Cote d'Ivoire","ICO","CIV",183,"Sweden","SWE","SWE",26,53,"0","-","0","0","0"
1,"xyi69N",1,1608,2006,87,"Cote d'Ivoire","ICO","CIV",183,"Sweden","SWE","SWE",37,28,"0","-","0","0","0"
1,"xyi69N",1,1609,2007,87,"Cote d'Ivoire","ICO","CIV",183,"Sweden","SWE","SWE",33,35,"0","-","0","0","0"
1,"xyi69N",1,1610,2008,87,"Cote d'Ivoire","ICO","CIV",183,"Sweden","SWE","SWE",37,33,"0","-","0","0","0"
1,"xyi69N",1,1611,2009,87,"Cote d'Ivoire","ICO","CIV",183,"Sweden","SWE","SWE",40,35,"0","-","0","0","0"
1,"xyi69N",1,1612,2010,87,"Cote d'Ivoire","ICO","CIV",183,"Sweden","SWE","SWE",46,19,"0","-","0","0","0"
1,"xyi69N",1,1613,2011,87,"Cote d'Ivoire","ICO","CIV",183,"Sweden","SWE","SWE",60,28,"0","-","0","0","0"
1,"xyi69N",1,1614,2012,87,"Cote d'Ivoire","ICO","CIV",183,"Sweden","SWE","SWE",59,21,"0","-","0","0","0"
1,"xyi69N",1,1615,2013,87,"Cote d'Ivoire","ICO","CIV",183,"Sweden","SWE","SWE",72,26,"0","-","0","0","0"
1,"xyi69N",1,1616,2014,87,"Cote d'Ivoire","ICO","CIV",183,"Sweden","SWE","SWE",80,17,"0","-","0","0","0"
1,"xyi69N",1,1617,2015,87,"Cote d'Ivoire","ICO","CIV",183,"Sweden","SWE","SWE",71,37,"0","-","0","0","0"
1,"xyi69N",1,1618,2016,87,"Cote d'Ivoire","ICO","CIV",183,"Sweden","SWE","SWE",71,21,"0","-","0","0","0"
1,"xyi69N",1,1619,2017,87,"Cote d'Ivoire","ICO","CIV",183,"Sweden","SWE","SWE",61,25,"0","-","0","0","0"
1,"xyi69N",1,1620,2018,87,"Cote d'Ivoire","ICO","CIV",183,"Sweden","SWE","SWE",54,15,"0","-","0","0","0"
1,"xyi69N",1,1621,2019,87,"Cote d'Ivoire","ICO","CIV",183,"Sweden","SWE","SWE",51,17,"0","-","0","0","0"
1,"xyi69N",1,1622,2020,87,"Cote d'Ivoire","ICO","CIV",183,"Sweden","SWE","SWE",45,13,"0","-","0","0","0"
1,"xyi69N",1,1623,2021,87,"Cote d'Ivoire","ICO","CIV",183,"Sweden","SWE","SWE",30,8,"0","-","0","0","0"
1,"xyi69N",1,1624,2022,87,"Cote d'Ivoire","ICO","CIV",183,"Sweden","SWE","SWE",29,"0","0","-","0","0","0"
1,"xyi69N",1,1625,2023,87,"Cote d'Ivoire","ICO","CIV",183,"Sweden","SWE","SWE",22,13,"0","-","0","0","0"
1,"xyi69N",1,1626,2024,87,"Cote d'Ivoire","ICO","CIV",183,"Sweden","SWE","SWE",49,"0","0","-","0","0","0"
1,"xyi69N",1,1627,2025,87,"Cote d'Ivoire","ICO","CIV",183,"Sweden","SWE","SWE",49,"0","0","-","0","0","0"
1,"xyi69N",1,1628,1990,88,"India","IND","IND",183,"Sweden","SWE","SWE",10,"0","0","-","0","0","0"
1,"xyi69N",1,1629,1991,88,"India","IND","IND",183,"Sweden","SWE","SWE",16,"0","0","-","0","0","0"
1,"xyi69N",1,1630,1992,88,"India","IND","IND",183,"Sweden","SWE","SWE",54,"0","0","-","0","0","0"
1,"xyi69N",1,1631,1993,88,"India","IND","IND",183,"Sweden","SWE","SWE",68,"0","0","-","0","0","0"
1,"xyi69N",1,1632,1994,88,"India","IND","IND",183,"Sweden","SWE","SWE",92,"0","0","-","0","0","0"
1,"xyi69N",1,1633,1995,88,"India","IND","IND",183,"Sweden","SWE","SWE",97,"0","0","-","0","0","0"
1,"xyi69N",1,1634,1996,88,"India","IND","IND",183,"Sweden","SWE","SWE",98,"0","0","-","0","0","0"
1,"xyi69N",1,1635,1997,88,"India","IND","IND",183,"Sweden","SWE","SWE",106,"0","0","-","0","0","0"
1,"xyi69N",1,1636,1998,88,"India","IND","IND",183,"Sweden","SWE","SWE",109,"0","0","-","0","0","0"
1,"xyi69N",1,1637,1999,88,"India","IND","IND",183,"Sweden","SWE","SWE",109,"0","0","-","0","0","0"
1,"xyi69N",1,1638,2000,88,"India","IND","IND",183,"Sweden","SWE","SWE",110,"0","0","-","0","0","0"
1,"xyi69N",1,1639,2001,88,"India","IND","IND",183,"Sweden","SWE","SWE",111,"0","0","-","0","0","0"
1,"xyi69N",1,1640,2002,88,"India","IND","IND",183,"Sweden","SWE","SWE",74,97,"0","-","0","0","0"
1,"xyi69N",1,1641,2003,88,"India","IND","IND",183,"Sweden","SWE","SWE",61,124,"0","-","0","0","0"
1,"xyi69N",1,1642,2004,88,"India","IND","IND",183,"Sweden","SWE","SWE",43,119,"0","-","0","0","0"
1,"xyi69N",1,1643,2005,88,"India","IND","IND",183,"Sweden","SWE","SWE",53,72,"0","-","0","0","0"
1,"xyi69N",1,1644,2006,88,"India","IND","IND",183,"Sweden","SWE","SWE",54,47,"0","-","0","0","0"
1,"xyi69N",1,1645,2007,88,"India","IND","IND",183,"Sweden","SWE","SWE",62,48,"0","-","0","0","0"
1,"xyi69N",1,1646,2008,88,"India","IND","IND",183,"Sweden","SWE","SWE",64,55,"0","-","0","0","0"
1,"xyi69N",1,1647,2009,88,"India","IND","IND",183,"Sweden","SWE","SWE",64,46,"0","-","0","0","0"
1,"xyi69N",1,1648,2010,88,"India","IND","IND",183,"Sweden","SWE","SWE",58,41,"0","-","0","0","0"
1,"xyi69N",1,1649,2011,88,"India","IND","IND",183,"Sweden","SWE","SWE",52,38,"0","-","0","0","0"
1,"xyi69N",1,1650,2012,88,"India","IND","IND",183,"Sweden","SWE","SWE",51,36,"0","-","0","0","0"
1,"xyi69N",1,1651,2013,88,"India","IND","IND",183,"Sweden","SWE","SWE",56,29,"0","-","0","0","0"
1,"xyi69N",1,1652,2014,88,"India","IND","IND",183,"Sweden","SWE","SWE",51,38,"0","-","0","0","0"
1,"xyi69N",1,1653,2015,88,"India","IND","IND",183,"Sweden","SWE","SWE",42,83,"0","-","0","0","0"
1,"xyi69N",1,1654,2016,88,"India","IND","IND",183,"Sweden","SWE","SWE",45,85,"0","-","0","0","0"
1,"xyi69N",1,1655,2017,88,"India","IND","IND",183,"Sweden","SWE","SWE",29,64,"0","-","0","0","0"
1,"xyi69N",1,1656,2018,88,"India","IND","IND",183,"Sweden","SWE","SWE",24,91,"0","-","0","0","0"
1,"xyi69N",1,1657,2019,88,"India","IND","IND",183,"Sweden","SWE","SWE",23,105,"0","-","0","0","0"
1,"xyi69N",1,1658,2020,88,"India","IND","IND",183,"Sweden","SWE","SWE",19,58,"0","-","0","0","0"
1,"xyi69N",1,1659,2021,88,"India","IND","IND",183,"Sweden","SWE","SWE",20,36,"0","-","0","0","0"
1,"xyi69N",1,1660,2022,88,"India","IND","IND",183,"Sweden","SWE","SWE",23,49,"0","-","0","0","0"
1,"xyi69N",1,1661,2023,88,"India","IND","IND",183,"Sweden","SWE","SWE",14,27,"0","-","0","0","0"
1,"xyi69N",1,1662,2024,88,"India","IND","IND",183,"Sweden","SWE","SWE",29,27,"0","-","0","0","0"
1,"xyi69N",1,1663,2025,88,"India","IND","IND",183,"Sweden","SWE","SWE",29,26,"0","-","0","0","0"
1,"xyi69N",1,1664,1990,89,"Indonesia","INS","IDN",183,"Sweden","SWE","SWE",38,"0","0","-","0","0","0"
1,"xyi69N",1,1665,1991,89,"Indonesia","INS","IDN",183,"Sweden","SWE","SWE",25,"0","0","-","0","0","0"
1,"xyi69N",1,1666,1992,89,"Indonesia","INS","IDN",183,"Sweden","SWE","SWE",10,"0","0","-","0","0","0"
1,"xyi69N",1,1667,1993,89,"Indonesia","INS","IDN",183,"Sweden","SWE","SWE",10,"0","0","-","0","0","0"
1,"xyi69N",1,1668,1994,89,"Indonesia","INS","IDN",183,"Sweden","SWE","SWE",7,"0","0","-","0","0","0"
1,"xyi69N",1,1669,1997,89,"Indonesia","INS","IDN",183,"Sweden","SWE","SWE",5,"0","0","-","0","0","0"
1,"xyi69N",1,1670,1998,89,"Indonesia","INS","IDN",183,"Sweden","SWE","SWE",5,"0","0","-","0","0","0"
1,"xyi69N",1,1671,1999,89,"Indonesia","INS","IDN",183,"Sweden","SWE","SWE",5,"0","0","-","0","0","0"
1,"xyi69N",1,1672,2000,89,"Indonesia","INS","IDN",183,"Sweden","SWE","SWE",5,"0","0","-","0","0","0"
1,"xyi69N",1,1673,2001,89,"Indonesia","INS","IDN",183,"Sweden","SWE","SWE",5,"0","0","-","0","0","0"
1,"xyi69N",1,1674,2002,89,"Indonesia","INS","IDN",183,"Sweden","SWE","SWE",6,"0","0","-","0","0","0"
1,"xyi69N",1,1675,2003,89,"Indonesia","INS","IDN",183,"Sweden","SWE","SWE",6,"0","0","-","0","0","0"
1,"xyi69N",1,1676,2004,89,"Indonesia","INS","IDN",183,"Sweden","SWE","SWE",10,"0","0","-","0","0","0"
1,"xyi69N",1,1677,2005,89,"Indonesia","INS","IDN",183,"Sweden","SWE","SWE",11,"0","0","-","0","0","0"
1,"xyi69N",1,1678,2006,89,"Indonesia","INS","IDN",183,"Sweden","SWE","SWE",11,"0","0","-","0","0","0"
1,"xyi69N",1,1679,2007,89,"Indonesia","INS","IDN",183,"Sweden","SWE","SWE",5,11,"0","-","0","0","0"
1,"xyi69N",1,1680,2008,89,"Indonesia","INS","IDN",183,"Sweden","SWE","SWE",5,14,"0","-","0","0","0"
1,"xyi69N",1,1681,2009,89,"Indonesia","INS","IDN",183,"Sweden","SWE","SWE",6,7,"0","-","0","0","0"
1,"xyi69N",1,1682,2010,89,"Indonesia","INS","IDN",183,"Sweden","SWE","SWE",6,"0","0","-","0","0","0"
1,"xyi69N",1,1683,2011,89,"Indonesia","INS","IDN",183,"Sweden","SWE","SWE",8,"0","0","-","0","0","0"
1,"xyi69N",1,1684,2012,89,"Indonesia","INS","IDN",183,"Sweden","SWE","SWE",6,"0","0","-","0","0","0"
1,"xyi69N",1,1685,2013,89,"Indonesia","INS","IDN",183,"Sweden","SWE","SWE",6,"0","0","-","0","0","0"
1,"xyi69N",1,1686,2014,89,"Indonesia","INS","IDN",183,"Sweden","SWE","SWE",6,5,"0","-","0","0","0"
1,"xyi69N",1,1687,2015,89,"Indonesia","INS","IDN",183,"Sweden","SWE","SWE",5,16,"0","-","0","0","0"
1,"xyi69N",1,1688,2016,89,"Indonesia","INS","IDN",183,"Sweden","SWE","SWE",15,5,"0","-","0","0","0"
1,"xyi69N",1,1689,2017,89,"Indonesia","INS","IDN",183,"Sweden","SWE","SWE",15,"0","0","-","0","0","0"
1,"xyi69N",1,1690,2018,89,"Indonesia","INS","IDN",183,"Sweden","SWE","SWE",16,"0","0","-","0","0","0"
1,"xyi69N",1,1691,2019,89,"Indonesia","INS","IDN",183,"Sweden","SWE","SWE",16,"0","0","-","0","0","0"
1,"xyi69N",1,1692,2020,89,"Indonesia","INS","IDN",183,"Sweden","SWE","SWE",16,"0","0","-","0","0","0"
1,"xyi69N",1,1693,2021,89,"Indonesia","INS","IDN",183,"Sweden","SWE","SWE",15,"0","0","-","0","0","0"
1,"xyi69N",1,1694,2022,89,"Indonesia","INS","IDN",183,"Sweden","SWE","SWE",15,"0","0","-","0","0","0"
1,"xyi69N",1,1695,2023,89,"Indonesia","INS","IDN",183,"Sweden","SWE","SWE",15,"0","0","-","0","0","0"
1,"xyi69N",1,1696,2024,89,"Indonesia","INS","IDN",183,"Sweden","SWE","SWE",8,"0","0","-","0","0","0"
1,"xyi69N",1,1697,2025,89,"Indonesia","INS","IDN",183,"Sweden","SWE","SWE",9,"0","0","-","0","0","0"
1,"xyi69N",1,1698,1990,91,"Iran (Islamic Rep. of)","IRN","IRN",183,"Sweden","SWE","SWE",29948,"0","0","-","0","0","0"
1,"xyi69N",1,1699,1991,91,"Iran (Islamic Rep. of)","IRN","IRN",183,"Sweden","SWE","SWE",32500,"0","0","-","0","0","0"
1,"xyi69N",1,1700,1992,91,"Iran (Islamic Rep. of)","IRN","IRN",183,"Sweden","SWE","SWE",33750,"0","0","-","0","0","0"
1,"xyi69N",1,1701,1993,91,"Iran (Islamic Rep. of)","IRN","IRN",183,"Sweden","SWE","SWE",33673,"0","0","-","0","0","0"
1,"xyi69N",1,1702,1994,91,"Iran (Islamic Rep. of)","IRN","IRN",183,"Sweden","SWE","SWE",32885,"0","0","-","0","0","0"
1,"xyi69N",1,1703,1995,91,"Iran (Islamic Rep. of)","IRN","IRN",183,"Sweden","SWE","SWE",30471,"0","0","-","0","0","0"
1,"xyi69N",1,1704,1996,91,"Iran (Islamic Rep. of)","IRN","IRN",183,"Sweden","SWE","SWE",25383,"0","0","-","0","0","0"
1,"xyi69N",1,1705,1997,91,"Iran (Islamic Rep. of)","IRN","IRN",183,"Sweden","SWE","SWE",19636,"0","0","-","0","0","0"
1,"xyi69N",1,1706,1998,91,"Iran (Islamic Rep. of)","IRN","IRN",183,"Sweden","SWE","SWE",14559,"0","0","-","0","0","0"
1,"xyi69N",1,1707,1999,91,"Iran (Islamic Rep. of)","IRN","IRN",183,"Sweden","SWE","SWE",10360,"0","0","-","0","0","0"
1,"xyi69N",1,1708,2000,91,"Iran (Islamic Rep. of)","IRN","IRN",183,"Sweden","SWE","SWE",8897,"0","0","-","0","0","0"
1,"xyi69N",1,1709,2001,91,"Iran (Islamic Rep. of)","IRN","IRN",183,"Sweden","SWE","SWE",6791,"0","0","-","0","0","0"
1,"xyi69N",1,1710,2002,91,"Iran (Islamic Rep. of)","IRN","IRN",183,"Sweden","SWE","SWE",5594,1471,"0","-","0","0","0"
1,"xyi69N",1,1711,2003,91,"Iran (Islamic Rep. of)","IRN","IRN",183,"Sweden","SWE","SWE",5181,1559,"0","-","0","0","0"
1,"xyi69N",1,1712,2004,91,"Iran (Islamic Rep. of)","IRN","IRN",183,"Sweden","SWE","SWE",5258,1265,"0","-","0","0","0"
1,"xyi69N",1,1713,2005,91,"Iran (Islamic Rep. of)","IRN","IRN",183,"Sweden","SWE","SWE",5016,844,"0","-","0","0","0"
1,"xyi69N",1,1714,2006,91,"Iran (Islamic Rep. of)","IRN","IRN",183,"Sweden","SWE","SWE",5205,616,"0","-","0","0","0"
1,"xyi69N",1,1715,2007,91,"Iran (Islamic Rep. of)","IRN","IRN",183,"Sweden","SWE","SWE",1934,756,"0","-","0","0","0"
1,"xyi69N",1,1716,2008,91,"Iran (Islamic Rep. of)","IRN","IRN",183,"Sweden","SWE","SWE",1909,840,"0","-","0","0","0"
1,"xyi69N",1,1717,2009,91,"Iran (Islamic Rep. of)","IRN","IRN",183,"Sweden","SWE","SWE",2148,1142,"0","-","0","0","0"
1,"xyi69N",1,1718,2010,91,"Iran (Islamic Rep. of)","IRN","IRN",183,"Sweden","SWE","SWE",2360,1270,"0","-","0","0","0"
1,"xyi69N",1,1719,2011,91,"Iran (Islamic Rep. of)","IRN","IRN",183,"Sweden","SWE","SWE",2681,968,"0","-","0","0","0"
1,"xyi69N",1,1720,2012,91,"Iran (Islamic Rep. of)","IRN","IRN",183,"Sweden","SWE","SWE",2992,1134,"0","-","0","0","0"
1,"xyi69N",1,1721,2013,91,"Iran (Islamic Rep. of)","IRN","IRN",183,"Sweden","SWE","SWE",3763,772,"0","-","0","0","0"
1,"xyi69N",1,1722,2014,91,"Iran (Islamic Rep. of)","IRN","IRN",183,"Sweden","SWE","SWE",4152,919,"0","-","0","0","0"
1,"xyi69N",1,1723,2015,91,"Iran (Islamic Rep. of)","IRN","IRN",183,"Sweden","SWE","SWE",4232,4731,"0","-","0","0","0"
1,"xyi69N",1,1724,2016,91,"Iran (Islamic Rep. of)","IRN","IRN",183,"Sweden","SWE","SWE",4863,3958,"0","-","0","0","0"
1,"xyi69N",1,1725,2017,91,"Iran (Islamic Rep. of)","IRN","IRN",183,"Sweden","SWE","SWE",5867,3116,"0","-","0","0","0"
1,"xyi69N",1,1726,2018,91,"Iran (Islamic Rep. of)","IRN","IRN",183,"Sweden","SWE","SWE",6485,2954,"0","-","0","0","0"
1,"xyi69N",1,1727,2019,91,"Iran (Islamic Rep. of)","IRN","IRN",183,"Sweden","SWE","SWE",7408,2441,"0","-","0","0","0"
1,"xyi69N",1,1728,2020,91,"Iran (Islamic Rep. of)","IRN","IRN",183,"Sweden","SWE","SWE",7507,1757,"0","-","0","0","0"
1,"xyi69N",1,1729,2021,91,"Iran (Islamic Rep. of)","IRN","IRN",183,"Sweden","SWE","SWE",7350,800,"0","-","0","0","0"
1,"xyi69N",1,1730,2022,91,"Iran (Islamic Rep. of)","IRN","IRN",183,"Sweden","SWE","SWE",6872,651,"0","-","0","0","0"
1,"xyi69N",1,1731,2023,91,"Iran (Islamic Rep. of)","IRN","IRN",183,"Sweden","SWE","SWE",5465,707,"0","-","0","0","0"
1,"xyi69N",1,1732,2024,91,"Iran (Islamic Rep. of)","IRN","IRN",183,"Sweden","SWE","SWE",4949,366,"0","-","0","0","0"
1,"xyi69N",1,1733,2025,91,"Iran (Islamic Rep. of)","IRN","IRN",183,"Sweden","SWE","SWE",4840,497,"0","-","0","0","0"
1,"xyi69N",1,1734,1990,92,"Iraq","IRQ","IRQ",183,"Sweden","SWE","SWE",8949,"0","0","-","0","0","0"
1,"xyi69N",1,1735,1991,92,"Iraq","IRQ","IRQ",183,"Sweden","SWE","SWE",11418,"0","0","-","0","0","0"
1,"xyi69N",1,1736,1992,92,"Iraq","IRQ","IRQ",183,"Sweden","SWE","SWE",14395,"0","0","-","0","0","0"
1,"xyi69N",1,1737,1993,92,"Iraq","IRQ","IRQ",183,"Sweden","SWE","SWE",16841,"0","0","-","0","0","0"
1,"xyi69N",1,1738,1994,92,"Iraq","IRQ","IRQ",183,"Sweden","SWE","SWE",18537,"0","0","-","0","0","0"
1,"xyi69N",1,1739,1995,92,"Iraq","IRQ","IRQ",183,"Sweden","SWE","SWE",19492,"0","0","-","0","0","0"
1,"xyi69N",1,1740,1996,92,"Iraq","IRQ","IRQ",183,"Sweden","SWE","SWE",20152,"0","0","-","0","0","0"
1,"xyi69N",1,1741,1997,92,"Iraq","IRQ","IRQ",183,"Sweden","SWE","SWE",21420,"0","0","-","0","0","0"
1,"xyi69N",1,1742,1998,92,"Iraq","IRQ","IRQ",183,"Sweden","SWE","SWE",22623,"0","0","-","0","0","0"
1,"xyi69N",1,1743,1999,92,"Iraq","IRQ","IRQ",183,"Sweden","SWE","SWE",23585,"0","0","-","0","0","0"
1,"xyi69N",1,1744,2000,92,"Iraq","IRQ","IRQ",183,"Sweden","SWE","SWE",25570,"0","0","-","0","0","0"
1,"xyi69N",1,1745,2001,92,"Iraq","IRQ","IRQ",183,"Sweden","SWE","SWE",25889,"0","0","-","0","0","0"
1,"xyi69N",1,1746,2002,92,"Iraq","IRQ","IRQ",183,"Sweden","SWE","SWE",25698,6070,"0","-","0","0","0"
1,"xyi69N",1,1747,2003,92,"Iraq","IRQ","IRQ",183,"Sweden","SWE","SWE",23918,6314,"0","-","0","0","0"
1,"xyi69N",1,1748,2004,92,"Iraq","IRQ","IRQ",183,"Sweden","SWE","SWE",22028,4757,"0","-","0","0","0"
1,"xyi69N",1,1749,2005,92,"Iraq","IRQ","IRQ",183,"Sweden","SWE","SWE",21046,2136,"0","-","0","0","0"
1,"xyi69N",1,1750,2006,92,"Iraq","IRQ","IRQ",183,"Sweden","SWE","SWE",23852,5712,"0","-","0","0","0"
1,"xyi69N",1,1751,2007,92,"Iraq","IRQ","IRQ",183,"Sweden","SWE","SWE",30423,11382,"0","-","0","0","0"
1,"xyi69N",1,1752,2008,92,"Iraq","IRQ","IRQ",183,"Sweden","SWE","SWE",32120,7824,"0","-","0","0","0"
1,"xyi69N",1,1753,2009,92,"Iraq","IRQ","IRQ",183,"Sweden","SWE","SWE",31558,3106,"0","-","0","0","0"
1,"xyi69N",1,1754,2010,92,"Iraq","IRQ","IRQ",183,"Sweden","SWE","SWE",29013,1580,"0","-","0","0","0"
1,"xyi69N",1,1755,2011,92,"Iraq","IRQ","IRQ",183,"Sweden","SWE","SWE",27367,1058,"0","-","0","0","0"
1,"xyi69N",1,1756,2012,92,"Iraq","IRQ","IRQ",183,"Sweden","SWE","SWE",24741,898,"0","-","0","0","0"
1,"xyi69N",1,1757,2013,92,"Iraq","IRQ","IRQ",183,"Sweden","SWE","SWE",24006,1082,"0","-","0","0","0"
1,"xyi69N",1,1758,2014,92,"Iraq","IRQ","IRQ",183,"Sweden","SWE","SWE",24184,2665,"0","-","0","0","0"
1,"xyi69N",1,1759,2015,92,"Iraq","IRQ","IRQ",183,"Sweden","SWE","SWE",23886,20223,"0","-","0","0","0"
1,"xyi69N",1,1760,2016,92,"Iraq","IRQ","IRQ",183,"Sweden","SWE","SWE",21693,14051,"0","-","0","0","0"
1,"xyi69N",1,1761,2017,92,"Iraq","IRQ","IRQ",183,"Sweden","SWE","SWE",15524,7856,"0","-","0","0","0"
1,"xyi69N",1,1762,2018,92,"Iraq","IRQ","IRQ",183,"Sweden","SWE","SWE",12693,5060,"0","-","0","0","0"
1,"xyi69N",1,1763,2019,92,"Iraq","IRQ","IRQ",183,"Sweden","SWE","SWE",12460,2879,"0","-","0","0","0"
1,"xyi69N",1,1764,2020,92,"Iraq","IRQ","IRQ",183,"Sweden","SWE","SWE",11635,1430,"0","-","0","0","0"
1,"xyi69N",1,1765,2021,92,"Iraq","IRQ","IRQ",183,"Sweden","SWE","SWE",10643,1242,"0","-","0","0","0"
1,"xyi69N",1,1766,2022,92,"Iraq","IRQ","IRQ",183,"Sweden","SWE","SWE",10297,1456,"0","-","0","0","0"
1,"xyi69N",1,1767,2023,92,"Iraq","IRQ","IRQ",183,"Sweden","SWE","SWE",9063,1153,"0","-","0","0","0"
1,"xyi69N",1,1768,2024,92,"Iraq","IRQ","IRQ",183,"Sweden","SWE","SWE",5369,289,"0","-","0","0","0"
1,"xyi69N",1,1769,2025,92,"Iraq","IRQ","IRQ",183,"Sweden","SWE","SWE",5064,291,"0","-","0","0","0"
1,"xyi69N",1,1770,1991,93,"Israel","ISR","ISR",183,"Sweden","SWE","SWE",14,"0","0","-","0","0","0"
1,"xyi69N",1,1771,1992,93,"Israel","ISR","ISR",183,"Sweden","SWE","SWE",19,"0","0","-","0","0","0"
1,"xyi69N",1,1772,1993,93,"Israel","ISR","ISR",183,"Sweden","SWE","SWE",28,"0","0","-","0","0","0"
1,"xyi69N",1,1773,1994,93,"Israel","ISR","ISR",183,"Sweden","SWE","SWE",31,"0","0","-","0","0","0"
1,"xyi69N",1,1774,1995,93,"Israel","ISR","ISR",183,"Sweden","SWE","SWE",31,"0","0","-","0","0","0"
1,"xyi69N",1,1775,1996,93,"Israel","ISR","ISR",183,"Sweden","SWE","SWE",31,"0","0","-","0","0","0"
1,"xyi69N",1,1776,1997,93,"Israel","ISR","ISR",183,"Sweden","SWE","SWE",34,"0","0","-","0","0","0"
1,"xyi69N",1,1777,1998,93,"Israel","ISR","ISR",183,"Sweden","SWE","SWE",35,"0","0","-","0","0","0"
1,"xyi69N",1,1778,1999,93,"Israel","ISR","ISR",183,"Sweden","SWE","SWE",35,"0","0","-","0","0","0"
1,"xyi69N",1,1779,2000,93,"Israel","ISR","ISR",183,"Sweden","SWE","SWE",34,"0","0","-","0","0","0"
1,"xyi69N",1,1780,2001,93,"Israel","ISR","ISR",183,"Sweden","SWE","SWE",21,"0","0","-","0","0","0"
1,"xyi69N",1,1781,2002,93,"Israel","ISR","ISR",183,"Sweden","SWE","SWE",20,31,"0","-","0","0","0"
1,"xyi69N",1,1782,2003,93,"Israel","ISR","ISR",183,"Sweden","SWE","SWE",11,13,"0","-","0","0","0"
1,"xyi69N",1,1783,2004,93,"Israel","ISR","ISR",183,"Sweden","SWE","SWE",8,23,"0","-","0","0","0"
1,"xyi69N",1,1784,2005,93,"Israel","ISR","ISR",183,"Sweden","SWE","SWE",13,17,"0","-","0","0","0"
1,"xyi69N",1,1785,2006,93,"Israel","ISR","ISR",183,"Sweden","SWE","SWE",24,12,"0","-","0","0","0"
1,"xyi69N",1,1786,2007,93,"Israel","ISR","ISR",183,"Sweden","SWE","SWE",24,19,"0","-","0","0","0"
1,"xyi69N",1,1787,2008,93,"Israel","ISR","ISR",183,"Sweden","SWE","SWE",27,20,"0","-","0","0","0"
1,"xyi69N",1,1788,2009,93,"Israel","ISR","ISR",183,"Sweden","SWE","SWE",31,9,"0","-","0","0","0"
1,"xyi69N",1,1789,2010,93,"Israel","ISR","ISR",183,"Sweden","SWE","SWE",32,21,"0","-","0","0","0"
1,"xyi69N",1,1790,2011,93,"Israel","ISR","ISR",183,"Sweden","SWE","SWE",34,11,"0","-","0","0","0"
1,"xyi69N",1,1791,2012,93,"Israel","ISR","ISR",183,"Sweden","SWE","SWE",30,18,"0","-","0","0","0"
1,"xyi69N",1,1792,2013,93,"Israel","ISR","ISR",183,"Sweden","SWE","SWE",32,10,"0","-","0","0","0"
1,"xyi69N",1,1793,2014,93,"Israel","ISR","ISR",183,"Sweden","SWE","SWE",36,17,"0","-","0","0","0"
1,"xyi69N",1,1794,2015,93,"Israel","ISR","ISR",183,"Sweden","SWE","SWE",35,37,"0","-","0","0","0"
1,"xyi69N",1,1795,2016,93,"Israel","ISR","ISR",183,"Sweden","SWE","SWE",36,25,"0","-","0","0","0"
1,"xyi69N",1,1796,2017,93,"Israel","ISR","ISR",183,"Sweden","SWE","SWE",33,12,"0","-","0","0","0"
1,"xyi69N",1,1797,2018,93,"Israel","ISR","ISR",183,"Sweden","SWE","SWE",29,27,"0","-","0","0","0"
1,"xyi69N",1,1798,2019,93,"Israel","ISR","ISR",183,"Sweden","SWE","SWE",25,20,"0","-","0","0","0"
1,"xyi69N",1,1799,2020,93,"Israel","ISR","ISR",183,"Sweden","SWE","SWE",24,10,"0","-","0","0","0"
1,"xyi69N",1,1800,2021,93,"Israel","ISR","ISR",183,"Sweden","SWE","SWE",22,5,"0","-","0","0","0"
1,"xyi69N",1,1801,2022,93,"Israel","ISR","ISR",183,"Sweden","SWE","SWE",22,"0","0","-","0","0","0"
1,"xyi69N",1,1802,2023,93,"Israel","ISR","ISR",183,"Sweden","SWE","SWE",20,17,"0","-","0","0","0"
1,"xyi69N",1,1803,2024,93,"Israel","ISR","ISR",183,"Sweden","SWE","SWE",8,6,"0","-","0","0","0"
1,"xyi69N",1,1804,2025,93,"Israel","ISR","ISR",183,"Sweden","SWE","SWE",5,10,"0","-","0","0","0"
1,"xyi69N",1,1805,1994,94,"Italy","ITA","ITA",183,"Sweden","SWE","SWE",6,"0","0","-","0","0","0"
1,"xyi69N",1,1806,1995,94,"Italy","ITA","ITA",183,"Sweden","SWE","SWE",6,"0","0","-","0","0","0"
1,"xyi69N",1,1807,1996,94,"Italy","ITA","ITA",183,"Sweden","SWE","SWE",6,"0","0","-","0","0","0"
1,"xyi69N",1,1808,1997,94,"Italy","ITA","ITA",183,"Sweden","SWE","SWE",6,"0","0","-","0","0","0"
1,"xyi69N",1,1809,1998,94,"Italy","ITA","ITA",183,"Sweden","SWE","SWE",7,"0","0","-","0","0","0"
1,"xyi69N",1,1810,1999,94,"Italy","ITA","ITA",183,"Sweden","SWE","SWE",7,"0","0","-","0","0","0"
1,"xyi69N",1,1811,2000,94,"Italy","ITA","ITA",183,"Sweden","SWE","SWE",7,"0","0","-","0","0","0"
1,"xyi69N",1,1812,2001,94,"Italy","ITA","ITA",183,"Sweden","SWE","SWE",7,"0","0","-","0","0","0"
1,"xyi69N",1,1813,2002,94,"Italy","ITA","ITA",183,"Sweden","SWE","SWE",7,"0","0","-","0","0","0"
1,"xyi69N",1,1814,2003,94,"Italy","ITA","ITA",183,"Sweden","SWE","SWE",5,"0","0","-","0","0","0"
1,"xyi69N",1,1815,2010,94,"Italy","ITA","ITA",183,"Sweden","SWE","SWE","0",5,"0","-","0","0","0"
1,"xyi69N",1,1816,2011,94,"Italy","ITA","ITA",183,"Sweden","SWE","SWE",5,"0","0","-","0","0","0"
1,"xyi69N",1,1817,2012,94,"Italy","ITA","ITA",183,"Sweden","SWE","SWE",5,"0","0","-","0","0","0"
1,"xyi69N",1,1818,2013,94,"Italy","ITA","ITA",183,"Sweden","SWE","SWE",5,"0","0","-","0","0","0"
1,"xyi69N",1,1819,2014,94,"Italy","ITA","ITA",183,"Sweden","SWE","SWE",5,5,"0","-","0","0","0"
1,"xyi69N",1,1820,2015,94,"Italy","ITA","ITA",183,"Sweden","SWE","SWE",5,"0","0","-","0","0","0"
1,"xyi69N",1,1821,2016,94,"Italy","ITA","ITA",183,"Sweden","SWE","SWE",5,"0","0","-","0","0","0"
1,"xyi69N",1,1822,2017,94,"Italy","ITA","ITA",183,"Sweden","SWE","SWE",5,5,"0","-","0","0","0"
1,"xyi69N",1,1823,2018,94,"Italy","ITA","ITA",183,"Sweden","SWE","SWE",5,"0","0","-","0","0","0"
1,"xyi69N",1,1824,2019,94,"Italy","ITA","ITA",183,"Sweden","SWE","SWE",5,"0","0","-","0","0","0"
1,"xyi69N",1,1825,2024,94,"Italy","ITA","ITA",183,"Sweden","SWE","SWE",5,"0","0","-","0","0","0"
1,"xyi69N",1,1826,2025,94,"Italy","ITA","ITA",183,"Sweden","SWE","SWE",5,"0","0","-","0","0","0"
1,"xyi69N",1,1827,2018,95,"Jamaica","JAM","JAM",183,"Sweden","SWE","SWE","0",5,"0","-","0","0","0"
1,"xyi69N",1,1828,2019,95,"Jamaica","JAM","JAM",183,"Sweden","SWE","SWE","0",5,"0","-","0","0","0"
1,"xyi69N",1,1829,2021,95,"Jamaica","JAM","JAM",183,"Sweden","SWE","SWE",5,"0","0","-","0","0","0"
1,"xyi69N",1,1830,2022,95,"Jamaica","JAM","JAM",183,"Sweden","SWE","SWE",5,"0","0","-","0","0","0"
1,"xyi69N",1,1831,2023,95,"Jamaica","JAM","JAM",183,"Sweden","SWE","SWE",5,"0","0","-","0","0","0"
1,"xyi69N",1,1832,2024,95,"Jamaica","JAM","JAM",183,"Sweden","SWE","SWE",5,"0","0","-","0","0","0"
1,"xyi69N",1,1833,2025,95,"Jamaica","JAM","JAM",183,"Sweden","SWE","SWE",5,"0","0","-","0","0","0"
1,"xyi69N",1,1834,1990,96,"Jordan","JOR","JOR",183,"Sweden","SWE","SWE",23,"0","0","-","0","0","0"
1,"xyi69N",1,1835,1991,96,"Jordan","JOR","JOR",183,"Sweden","SWE","SWE",75,"0","0","-","0","0","0"
1,"xyi69N",1,1836,1992,96,"Jordan","JOR","JOR",183,"Sweden","SWE","SWE",93,"0","0","-","0","0","0"
1,"xyi69N",1,1837,1993,96,"Jordan","JOR","JOR",183,"Sweden","SWE","SWE",113,"0","0","-","0","0","0"
1,"xyi69N",1,1838,1994,96,"Jordan","JOR","JOR",183,"Sweden","SWE","SWE",130,"0","0","-","0","0","0"
1,"xyi69N",1,1839,1995,96,"Jordan","JOR","JOR",183,"Sweden","SWE","SWE",131,"0","0","-","0","0","0"
1,"xyi69N",1,1840,1996,96,"Jordan","JOR","JOR",183,"Sweden","SWE","SWE",131,"0","0","-","0","0","0"
1,"xyi69N",1,1841,1997,96,"Jordan","JOR","JOR",183,"Sweden","SWE","SWE",131,"0","0","-","0","0","0"
1,"xyi69N",1,1842,1998,96,"Jordan","JOR","JOR",183,"Sweden","SWE","SWE",150,"0","0","-","0","0","0"
1,"xyi69N",1,1843,1999,96,"Jordan","JOR","JOR",183,"Sweden","SWE","SWE",150,"0","0","-","0","0","0"
1,"xyi69N",1,1844,2000,96,"Jordan","JOR","JOR",183,"Sweden","SWE","SWE",136,"0","0","-","0","0","0"
1,"xyi69N",1,1845,2001,96,"Jordan","JOR","JOR",183,"Sweden","SWE","SWE",106,"0","0","-","0","0","0"
1,"xyi69N",1,1846,2002,96,"Jordan","JOR","JOR",183,"Sweden","SWE","SWE",100,80,"0","-","0","0","0"
1,"xyi69N",1,1847,2003,96,"Jordan","JOR","JOR",183,"Sweden","SWE","SWE",97,100,"0","-","0","0","0"
1,"xyi69N",1,1848,2004,96,"Jordan","JOR","JOR",183,"Sweden","SWE","SWE",94,112,"0","-","0","0","0"
1,"xyi69N",1,1849,2005,96,"Jordan","JOR","JOR",183,"Sweden","SWE","SWE",120,45,"0","-","0","0","0"
1,"xyi69N",1,1850,2006,96,"Jordan","JOR","JOR",183,"Sweden","SWE","SWE",131,61,"0","-","0","0","0"
1,"xyi69N",1,1851,2007,96,"Jordan","JOR","JOR",183,"Sweden","SWE","SWE",245,75,"0","-","0","0","0"
1,"xyi69N",1,1852,2008,96,"Jordan","JOR","JOR",183,"Sweden","SWE","SWE",293,99,"0","-","0","0","0"
1,"xyi69N",1,1853,2009,96,"Jordan","JOR","JOR",183,"Sweden","SWE","SWE",323,78,"0","-","0","0","0"
1,"xyi69N",1,1854,2010,96,"Jordan","JOR","JOR",183,"Sweden","SWE","SWE",328,88,"0","-","0","0","0"
1,"xyi69N",1,1855,2011,96,"Jordan","JOR","JOR",183,"Sweden","SWE","SWE",320,55,"0","-","0","0","0"
1,"xyi69N",1,1856,2012,96,"Jordan","JOR","JOR",183,"Sweden","SWE","SWE",316,97,"0","-","0","0","0"
1,"xyi69N",1,1857,2013,96,"Jordan","JOR","JOR",183,"Sweden","SWE","SWE",326,125,"0","-","0","0","0"
1,"xyi69N",1,1858,2014,96,"Jordan","JOR","JOR",183,"Sweden","SWE","SWE",381,189,"0","-","0","0","0"
1,"xyi69N",1,1859,2015,96,"Jordan","JOR","JOR",183,"Sweden","SWE","SWE",388,297,"0","-","0","0","0"
1,"xyi69N",1,1860,2016,96,"Jordan","JOR","JOR",183,"Sweden","SWE","SWE",445,282,"0","-","0","0","0"
1,"xyi69N",1,1861,2017,96,"Jordan","JOR","JOR",183,"Sweden","SWE","SWE",344,290,"0","-","0","0","0"
1,"xyi69N",1,1862,2018,96,"Jordan","JOR","JOR",183,"Sweden","SWE","SWE",294,271,"0","-","0","0","0"
1,"xyi69N",1,1863,2019,96,"Jordan","JOR","JOR",183,"Sweden","SWE","SWE",284,273,"0","-","0","0","0"
1,"xyi69N",1,1864,2020,96,"Jordan","JOR","JOR",183,"Sweden","SWE","SWE",279,185,"0","-","0","0","0"
1,"xyi69N",1,1865,2021,96,"Jordan","JOR","JOR",183,"Sweden","SWE","SWE",279,137,"0","-","0","0","0"
1,"xyi69N",1,1866,2022,96,"Jordan","JOR","JOR",183,"Sweden","SWE","SWE",291,111,"0","-","0","0","0"
1,"xyi69N",1,1867,2023,96,"Jordan","JOR","JOR",183,"Sweden","SWE","SWE",267,105,"0","-","0","0","0"
1,"xyi69N",1,1868,2024,96,"Jordan","JOR","JOR",183,"Sweden","SWE","SWE",183,54,"0","-","0","0","0"
1,"xyi69N",1,1869,2025,96,"Jordan","JOR","JOR",183,"Sweden","SWE","SWE",183,26,"0","-","0","0","0"
1,"xyi69N",1,1870,2012,97,"Japan","JPN","JPN",183,"Sweden","SWE","SWE","0",5,"0","-","0","0","0"
1,"xyi69N",1,1871,2015,97,"Japan","JPN","JPN",183,"Sweden","SWE","SWE","0",5,"0","-","0","0","0"
1,"xyi69N",1,1872,2016,97,"Japan","JPN","JPN",183,"Sweden","SWE","SWE","0",5,"0","-","0","0","0"
1,"xyi69N",1,1873,1998,98,"Kazakhstan","KAZ","KAZ",183,"Sweden","SWE","SWE",5,"0","0","-","0","0","0"
1,"xyi69N",1,1874,1999,98,"Kazakhstan","KAZ","KAZ",183,"Sweden","SWE","SWE",5,"0","0","-","0","0","0"
1,"xyi69N",1,1875,2000,98,"Kazakhstan","KAZ","KAZ",183,"Sweden","SWE","SWE",29,"0","0","-","0","0","0"
1,"xyi69N",1,1876,2001,98,"Kazakhstan","KAZ","KAZ",183,"Sweden","SWE","SWE",97,"0","0","-","0","0","0"
1,"xyi69N",1,1877,2002,98,"Kazakhstan","KAZ","KAZ",183,"Sweden","SWE","SWE",131,229,"0","-","0","0","0"
1,"xyi69N",1,1878,2003,98,"Kazakhstan","KAZ","KAZ",183,"Sweden","SWE","SWE",180,313,"0","-","0","0","0"
1,"xyi69N",1,1879,2004,98,"Kazakhstan","KAZ","KAZ",183,"Sweden","SWE","SWE",242,220,"0","-","0","0","0"
1,"xyi69N",1,1880,2005,98,"Kazakhstan","KAZ","KAZ",183,"Sweden","SWE","SWE",268,144,"0","-","0","0","0"
1,"xyi69N",1,1881,2006,98,"Kazakhstan","KAZ","KAZ",183,"Sweden","SWE","SWE",298,56,"0","-","0","0","0"
1,"xyi69N",1,1882,2007,98,"Kazakhstan","KAZ","KAZ",183,"Sweden","SWE","SWE",345,109,"0","-","0","0","0"
1,"xyi69N",1,1883,2008,98,"Kazakhstan","KAZ","KAZ",183,"Sweden","SWE","SWE",361,244,"0","-","0","0","0"
1,"xyi69N",1,1884,2009,98,"Kazakhstan","KAZ","KAZ",183,"Sweden","SWE","SWE",373,199,"0","-","0","0","0"
1,"xyi69N",1,1885,2010,98,"Kazakhstan","KAZ","KAZ",183,"Sweden","SWE","SWE",377,282,"0","-","0","0","0"
1,"xyi69N",1,1886,2011,98,"Kazakhstan","KAZ","KAZ",183,"Sweden","SWE","SWE",337,207,"0","-","0","0","0"
1,"xyi69N",1,1887,2012,98,"Kazakhstan","KAZ","KAZ",183,"Sweden","SWE","SWE",306,286,"0","-","0","0","0"
1,"xyi69N",1,1888,2013,98,"Kazakhstan","KAZ","KAZ",183,"Sweden","SWE","SWE",320,225,"0","-","0","0","0"
1,"xyi69N",1,1889,2014,98,"Kazakhstan","KAZ","KAZ",183,"Sweden","SWE","SWE",308,196,"0","-","0","0","0"
1,"xyi69N",1,1890,2015,98,"Kazakhstan","KAZ","KAZ",183,"Sweden","SWE","SWE",294,251,"0","-","0","0","0"
1,"xyi69N",1,1891,2016,98,"Kazakhstan","KAZ","KAZ",183,"Sweden","SWE","SWE",313,165,"0","-","0","0","0"
1,"xyi69N",1,1892,2017,98,"Kazakhstan","KAZ","KAZ",183,"Sweden","SWE","SWE",266,154,"0","-","0","0","0"
1,"xyi69N",1,1893,2018,98,"Kazakhstan","KAZ","KAZ",183,"Sweden","SWE","SWE",256,179,"0","-","0","0","0"
1,"xyi69N",1,1894,2019,98,"Kazakhstan","KAZ","KAZ",183,"Sweden","SWE","SWE",251,219,"0","-","0","0","0"
1,"xyi69N",1,1895,2020,98,"Kazakhstan","KAZ","KAZ",183,"Sweden","SWE","SWE",231,159,"0","-","0","0","0"
1,"xyi69N",1,1896,2021,98,"Kazakhstan","KAZ","KAZ",183,"Sweden","SWE","SWE",203,101,"0","-","0","0","0"
1,"xyi69N",1,1897,2022,98,"Kazakhstan","KAZ","KAZ",183,"Sweden","SWE","SWE",207,106,"0","-","0","0","0"
1,"xyi69N",1,1898,2023,98,"Kazakhstan","KAZ","KAZ",183,"Sweden","SWE","SWE",141,99,"0","-","0","0","0"
1,"xyi69N",1,1899,2024,98,"Kazakhstan","KAZ","KAZ",183,"Sweden","SWE","SWE",126,36,"0","-","0","0","0"
1,"xyi69N",1,1900,2025,98,"Kazakhstan","KAZ","KAZ",183,"Sweden","SWE","SWE",115,22,"0","-","0","0","0"
1,"xyi69N",1,1901,1990,99,"Kenya","KEN","KEN",183,"Sweden","SWE","SWE",7,"0","0","-","0","0","0"
1,"xyi69N",1,1902,1991,99,"Kenya","KEN","KEN",183,"Sweden","SWE","SWE",24,"0","0","-","0","0","0"
1,"xyi69N",1,1903,1992,99,"Kenya","KEN","KEN",183,"Sweden","SWE","SWE",35,"0","0","-","0","0","0"
1,"xyi69N",1,1904,1993,99,"Kenya","KEN","KEN",183,"Sweden","SWE","SWE",45,"0","0","-","0","0","0"
1,"xyi69N",1,1905,1994,99,"Kenya","KEN","KEN",183,"Sweden","SWE","SWE",54,"0","0","-","0","0","0"
1,"xyi69N",1,1906,1995,99,"Kenya","KEN","KEN",183,"Sweden","SWE","SWE",59,"0","0","-","0","0","0"
1,"xyi69N",1,1907,1996,99,"Kenya","KEN","KEN",183,"Sweden","SWE","SWE",62,"0","0","-","0","0","0"
1,"xyi69N",1,1908,1997,99,"Kenya","KEN","KEN",183,"Sweden","SWE","SWE",63,"0","0","-","0","0","0"
1,"xyi69N",1,1909,1998,99,"Kenya","KEN","KEN",183,"Sweden","SWE","SWE",69,"0","0","-","0","0","0"
1,"xyi69N",1,1910,1999,99,"Kenya","KEN","KEN",183,"Sweden","SWE","SWE",69,"0","0","-","0","0","0"
1,"xyi69N",1,1911,2000,99,"Kenya","KEN","KEN",183,"Sweden","SWE","SWE",71,"0","0","-","0","0","0"
1,"xyi69N",1,1912,2001,99,"Kenya","KEN","KEN",183,"Sweden","SWE","SWE",59,"0","0","-","0","0","0"
1,"xyi69N",1,1913,2002,99,"Kenya","KEN","KEN",183,"Sweden","SWE","SWE",54,5,"0","-","0","0","0"
1,"xyi69N",1,1914,2003,99,"Kenya","KEN","KEN",183,"Sweden","SWE","SWE",46,20,"0","-","0","0","0"
1,"xyi69N",1,1915,2004,99,"Kenya","KEN","KEN",183,"Sweden","SWE","SWE",39,21,"0","-","0","0","0"
1,"xyi69N",1,1916,2005,99,"Kenya","KEN","KEN",183,"Sweden","SWE","SWE",38,33,"0","-","0","0","0"
1,"xyi69N",1,1917,2006,99,"Kenya","KEN","KEN",183,"Sweden","SWE","SWE",37,24,"0","-","0","0","0"
1,"xyi69N",1,1918,2007,99,"Kenya","KEN","KEN",183,"Sweden","SWE","SWE",39,38,"0","-","0","0","0"
1,"xyi69N",1,1919,2008,99,"Kenya","KEN","KEN",183,"Sweden","SWE","SWE",40,59,"0","-","0","0","0"
1,"xyi69N",1,1920,2009,99,"Kenya","KEN","KEN",183,"Sweden","SWE","SWE",49,100,"0","-","0","0","0"
1,"xyi69N",1,1921,2010,99,"Kenya","KEN","KEN",183,"Sweden","SWE","SWE",54,113,"0","-","0","0","0"
1,"xyi69N",1,1922,2011,99,"Kenya","KEN","KEN",183,"Sweden","SWE","SWE",72,53,"0","-","0","0","0"
1,"xyi69N",1,1923,2012,99,"Kenya","KEN","KEN",183,"Sweden","SWE","SWE",68,54,"0","-","0","0","0"
1,"xyi69N",1,1924,2013,99,"Kenya","KEN","KEN",183,"Sweden","SWE","SWE",78,31,"0","-","0","0","0"
1,"xyi69N",1,1925,2014,99,"Kenya","KEN","KEN",183,"Sweden","SWE","SWE",85,36,"0","-","0","0","0"
1,"xyi69N",1,1926,2015,99,"Kenya","KEN","KEN",183,"Sweden","SWE","SWE",83,68,"0","-","0","0","0"
1,"xyi69N",1,1927,2016,99,"Kenya","KEN","KEN",183,"Sweden","SWE","SWE",93,82,"0","-","0","0","0"
1,"xyi69N",1,1928,2017,99,"Kenya","KEN","KEN",183,"Sweden","SWE","SWE",93,78,"0","-","0","0","0"
1,"xyi69N",1,1929,2018,99,"Kenya","KEN","KEN",183,"Sweden","SWE","SWE",96,66,"0","-","0","0","0"
1,"xyi69N",1,1930,2019,99,"Kenya","KEN","KEN",183,"Sweden","SWE","SWE",99,67,"0","-","0","0","0"
1,"xyi69N",1,1931,2020,99,"Kenya","KEN","KEN",183,"Sweden","SWE","SWE",94,54,"0","-","0","0","0"
1,"xyi69N",1,1932,2021,99,"Kenya","KEN","KEN",183,"Sweden","SWE","SWE",82,38,"0","-","0","0","0"
1,"xyi69N",1,1933,2022,99,"Kenya","KEN","KEN",183,"Sweden","SWE","SWE",82,21,"0","-","0","0","0"
1,"xyi69N",1,1934,2023,99,"Kenya","KEN","KEN",183,"Sweden","SWE","SWE",70,25,"0","-","0","0","0"
1,"xyi69N",1,1935,2024,99,"Kenya","KEN","KEN",183,"Sweden","SWE","SWE",91,24,"0","-","0","0","0"
1,"xyi69N",1,1936,2025,99,"Kenya","KEN","KEN",183,"Sweden","SWE","SWE",93,18,"0","-","0","0","0"
1,"xyi69N",1,1937,1996,100,"Kyrgyzstan","KGZ","KGZ",183,"Sweden","SWE","SWE",5,"0","0","-","0","0","0"
1,"xyi69N",1,1938,1997,100,"Kyrgyzstan","KGZ","KGZ",183,"Sweden","SWE","SWE",5,"0","0","-","0","0","0"
1,"xyi69N",1,1939,1998,100,"Kyrgyzstan","KGZ","KGZ",183,"Sweden","SWE","SWE",5,"0","0","-","0","0","0"
1,"xyi69N",1,1940,2000,100,"Kyrgyzstan","KGZ","KGZ",183,"Sweden","SWE","SWE",7,"0","0","-","0","0","0"
1,"xyi69N",1,1941,2001,100,"Kyrgyzstan","KGZ","KGZ",183,"Sweden","SWE","SWE",7,"0","0","-","0","0","0"
1,"xyi69N",1,1942,2002,100,"Kyrgyzstan","KGZ","KGZ",183,"Sweden","SWE","SWE",27,221,"0","-","0","0","0"
1,"xyi69N",1,1943,2003,100,"Kyrgyzstan","KGZ","KGZ",183,"Sweden","SWE","SWE",32,309,"0","-","0","0","0"
1,"xyi69N",1,1944,2004,100,"Kyrgyzstan","KGZ","KGZ",183,"Sweden","SWE","SWE",50,156,"0","-","0","0","0"
1,"xyi69N",1,1945,2005,100,"Kyrgyzstan","KGZ","KGZ",183,"Sweden","SWE","SWE",100,69,"0","-","0","0","0"
1,"xyi69N",1,1946,2006,100,"Kyrgyzstan","KGZ","KGZ",183,"Sweden","SWE","SWE",102,50,"0","-","0","0","0"
1,"xyi69N",1,1947,2007,100,"Kyrgyzstan","KGZ","KGZ",183,"Sweden","SWE","SWE",135,55,"0","-","0","0","0"
1,"xyi69N",1,1948,2008,100,"Kyrgyzstan","KGZ","KGZ",183,"Sweden","SWE","SWE",138,103,"0","-","0","0","0"
1,"xyi69N",1,1949,2009,100,"Kyrgyzstan","KGZ","KGZ",183,"Sweden","SWE","SWE",146,171,"0","-","0","0","0"
1,"xyi69N",1,1950,2010,100,"Kyrgyzstan","KGZ","KGZ",183,"Sweden","SWE","SWE",150,442,"0","-","0","0","0"
1,"xyi69N",1,1951,2011,100,"Kyrgyzstan","KGZ","KGZ",183,"Sweden","SWE","SWE",178,342,"0","-","0","0","0"
1,"xyi69N",1,1952,2012,100,"Kyrgyzstan","KGZ","KGZ",183,"Sweden","SWE","SWE",174,234,"0","-","0","0","0"
1,"xyi69N",1,1953,2013,100,"Kyrgyzstan","KGZ","KGZ",183,"Sweden","SWE","SWE",229,168,"0","-","0","0","0"
1,"xyi69N",1,1954,2014,100,"Kyrgyzstan","KGZ","KGZ",183,"Sweden","SWE","SWE",227,122,"0","-","0","0","0"
1,"xyi69N",1,1955,2015,100,"Kyrgyzstan","KGZ","KGZ",183,"Sweden","SWE","SWE",184,172,"0","-","0","0","0"
1,"xyi69N",1,1956,2016,100,"Kyrgyzstan","KGZ","KGZ",183,"Sweden","SWE","SWE",196,142,"0","-","0","0","0"
1,"xyi69N",1,1957,2017,100,"Kyrgyzstan","KGZ","KGZ",183,"Sweden","SWE","SWE",177,137,"0","-","0","0","0"
1,"xyi69N",1,1958,2018,100,"Kyrgyzstan","KGZ","KGZ",183,"Sweden","SWE","SWE",179,190,"0","-","0","0","0"
1,"xyi69N",1,1959,2019,100,"Kyrgyzstan","KGZ","KGZ",183,"Sweden","SWE","SWE",175,138,"0","-","0","0","0"
1,"xyi69N",1,1960,2020,100,"Kyrgyzstan","KGZ","KGZ",183,"Sweden","SWE","SWE",177,139,"0","-","0","0","0"
1,"xyi69N",1,1961,2021,100,"Kyrgyzstan","KGZ","KGZ",183,"Sweden","SWE","SWE",154,63,"0","-","0","0","0"
1,"xyi69N",1,1962,2022,100,"Kyrgyzstan","KGZ","KGZ",183,"Sweden","SWE","SWE",154,65,"0","-","0","0","0"
1,"xyi69N",1,1963,2023,100,"Kyrgyzstan","KGZ","KGZ",183,"Sweden","SWE","SWE",87,61,"0","-","0","0","0"
1,"xyi69N",1,1964,2024,100,"Kyrgyzstan","KGZ","KGZ",183,"Sweden","SWE","SWE",111,29,"0","-","0","0","0"
1,"xyi69N",1,1965,2025,100,"Kyrgyzstan","KGZ","KGZ",183,"Sweden","SWE","SWE",103,21,"0","-","0","0","0"
1,"xyi69N",1,1966,2003,101,"Kiribati","KIR","KIR",183,"Sweden","SWE","SWE",15,"0","0","-","0","0","0"
1,"xyi69N",1,1967,2004,101,"Kiribati","KIR","KIR",183,"Sweden","SWE","SWE",31,"0","0","-","0","0","0"
1,"xyi69N",1,1968,2005,101,"Kiribati","KIR","KIR",183,"Sweden","SWE","SWE",31,"0","0","-","0","0","0"
1,"xyi69N",1,1969,2006,101,"Kiribati","KIR","KIR",183,"Sweden","SWE","SWE",31,"0","0","-","0","0","0"
1,"xyi69N",1,1970,2007,101,"Kiribati","KIR","KIR",183,"Sweden","SWE","SWE",31,"0","0","-","0","0","0"
1,"xyi69N",1,1971,2008,101,"Kiribati","KIR","KIR",183,"Sweden","SWE","SWE",31,"0","0","-","0","0","0"
1,"xyi69N",1,1972,2009,101,"Kiribati","KIR","KIR",183,"Sweden","SWE","SWE",31,"0","0","-","0","0","0"
1,"xyi69N",1,1973,2010,101,"Kiribati","KIR","KIR",183,"Sweden","SWE","SWE",31,"0","0","-","0","0","0"
1,"xyi69N",1,1974,2011,101,"Kiribati","KIR","KIR",183,"Sweden","SWE","SWE",31,"0","0","-","0","0","0"
1,"xyi69N",1,1975,2012,101,"Kiribati","KIR","KIR",183,"Sweden","SWE","SWE",29,"0","0","-","0","0","0"
1,"xyi69N",1,1976,2013,101,"Kiribati","KIR","KIR",183,"Sweden","SWE","SWE",16,"0","0","-","0","0","0"
1,"xyi69N",1,1977,1994,102,"Rep. of Korea","KOR","KOR",183,"Sweden","SWE","SWE",5,"0","0","-","0","0","0"
1,"xyi69N",1,1978,1995,102,"Rep. of Korea","KOR","KOR",183,"Sweden","SWE","SWE",5,"0","0","-","0","0","0"
1,"xyi69N",1,1979,1996,102,"Rep. of Korea","KOR","KOR",183,"Sweden","SWE","SWE",5,"0","0","-","0","0","0"
1,"xyi69N",1,1980,1997,102,"Rep. of Korea","KOR","KOR",183,"Sweden","SWE","SWE",5,"0","0","-","0","0","0"
1,"xyi69N",1,1981,1998,102,"Rep. of Korea","KOR","KOR",183,"Sweden","SWE","SWE",5,"0","0","-","0","0","0"
1,"xyi69N",1,1982,1999,102,"Rep. of Korea","KOR","KOR",183,"Sweden","SWE","SWE",5,"0","0","-","0","0","0"
1,"xyi69N",1,1983,2000,102,"Rep. of Korea","KOR","KOR",183,"Sweden","SWE","SWE",5,"0","0","-","0","0","0"
1,"xyi69N",1,1984,2001,102,"Rep. of Korea","KOR","KOR",183,"Sweden","SWE","SWE",8,"0","0","-","0","0","0"
1,"xyi69N",1,1985,2002,102,"Rep. of Korea","KOR","KOR",183,"Sweden","SWE","SWE",8,"0","0","-","0","0","0"
1,"xyi69N",1,1986,2003,102,"Rep. of Korea","KOR","KOR",183,"Sweden","SWE","SWE",6,"0","0","-","0","0","0"
1,"xyi69N",1,1987,2004,102,"Rep. of Korea","KOR","KOR",183,"Sweden","SWE","SWE",5,"0","0","-","0","0","0"
1,"xyi69N",1,1988,2005,102,"Rep. of Korea","KOR","KOR",183,"Sweden","SWE","SWE",7,"0","0","-","0","0","0"
1,"xyi69N",1,1989,2006,102,"Rep. of Korea","KOR","KOR",183,"Sweden","SWE","SWE",7,"0","0","-","0","0","0"
1,"xyi69N",1,1990,2007,102,"Rep. of Korea","KOR","KOR",183,"Sweden","SWE","SWE",7,"0","0","-","0","0","0"
1,"xyi69N",1,1991,2008,102,"Rep. of Korea","KOR","KOR",183,"Sweden","SWE","SWE",8,"0","0","-","0","0","0"
1,"xyi69N",1,1992,2009,102,"Rep. of Korea","KOR","KOR",183,"Sweden","SWE","SWE",8,5,"0","-","0","0","0"
1,"xyi69N",1,1993,2010,102,"Rep. of Korea","KOR","KOR",183,"Sweden","SWE","SWE",11,"0","0","-","0","0","0"
1,"xyi69N",1,1994,2011,102,"Rep. of Korea","KOR","KOR",183,"Sweden","SWE","SWE",8,"0","0","-","0","0","0"
1,"xyi69N",1,1995,2012,102,"Rep. of Korea","KOR","KOR",183,"Sweden","SWE","SWE",8,5,"0","-","0","0","0"
1,"xyi69N",1,1996,2013,102,"Rep. of Korea","KOR","KOR",183,"Sweden","SWE","SWE",9,"0","0","-","0","0","0"
1,"xyi69N",1,1997,2014,102,"Rep. of Korea","KOR","KOR",183,"Sweden","SWE","SWE",10,"0","0","-","0","0","0"
1,"xyi69N",1,1998,2015,102,"Rep. of Korea","KOR","KOR",183,"Sweden","SWE","SWE",6,"0","0","-","0","0","0"
1,"xyi69N",1,1999,2016,102,"Rep. of Korea","KOR","KOR",183,"Sweden","SWE","SWE",6,"0","0","-","0","0","0"
1,"xyi69N",1,2000,2017,102,"Rep. of Korea","KOR","KOR",183,"Sweden","SWE","SWE",6,"0","0","-","0","0","0"
1,"xyi69N",1,2001,2018,102,"Rep. of Korea","KOR","KOR",183,"Sweden","SWE","SWE",6,5,"0","-","0","0","0"
1,"xyi69N",1,2002,2019,102,"Rep. of Korea","KOR","KOR",183,"Sweden","SWE","SWE",7,5,"0","-","0","0","0"
1,"xyi69N",1,2003,2020,102,"Rep. of Korea","KOR","KOR",183,"Sweden","SWE","SWE",7,6,"0","-","0","0","0"
1,"xyi69N",1,2004,2021,102,"Rep. of Korea","KOR","KOR",183,"Sweden","SWE","SWE",7,5,"0","-","0","0","0"
1,"xyi69N",1,2005,2022,102,"Rep. of Korea","KOR","KOR",183,"Sweden","SWE","SWE",8,5,"0","-","0","0","0"
1,"xyi69N",1,2006,2023,102,"Rep. of Korea","KOR","KOR",183,"Sweden","SWE","SWE","0",5,"0","-","0","0","0"
1,"xyi69N",1,2007,2024,102,"Rep. of Korea","KOR","KOR",183,"Sweden","SWE","SWE",5,"0","0","-","0","0","0"
1,"xyi69N",1,2008,2025,102,"Rep. of Korea","KOR","KOR",183,"Sweden","SWE","SWE",5,"0","0","-","0","0","0"
1,"xyi69N",1,2009,2005,103,"Dem. People's Rep. of Korea","KRN","PRK",183,"Sweden","SWE","SWE",6,"0","0","-","0","0","0"
1,"xyi69N",1,2010,2006,103,"Dem. People's Rep. of Korea","KRN","PRK",183,"Sweden","SWE","SWE",7,"0","0","-","0","0","0"
1,"xyi69N",1,2011,2007,103,"Dem. People's Rep. of Korea","KRN","PRK",183,"Sweden","SWE","SWE",7,"0","0","-","0","0","0"
1,"xyi69N",1,2012,2008,103,"Dem. People's Rep. of Korea","KRN","PRK",183,"Sweden","SWE","SWE",7,5,"0","-","0","0","0"
1,"xyi69N",1,2013,2009,103,"Dem. People's Rep. of Korea","KRN","PRK",183,"Sweden","SWE","SWE",8,5,"0","-","0","0","0"
1,"xyi69N",1,2014,2010,103,"Dem. People's Rep. of Korea","KRN","PRK",183,"Sweden","SWE","SWE",8,11,"0","-","0","0","0"
1,"xyi69N",1,2015,2011,103,"Dem. People's Rep. of Korea","KRN","PRK",183,"Sweden","SWE","SWE",9,5,"0","-","0","0","0"
1,"xyi69N",1,2016,2012,103,"Dem. People's Rep. of Korea","KRN","PRK",183,"Sweden","SWE","SWE",7,"0","0","-","0","0","0"
1,"xyi69N",1,2017,2013,103,"Dem. People's Rep. of Korea","KRN","PRK",183,"Sweden","SWE","SWE",8,5,"0","-","0","0","0"
1,"xyi69N",1,2018,2014,103,"Dem. People's Rep. of Korea","KRN","PRK",183,"Sweden","SWE","SWE",9,5,"0","-","0","0","0"
1,"xyi69N",1,2019,2015,103,"Dem. People's Rep. of Korea","KRN","PRK",183,"Sweden","SWE","SWE",6,5,"0","-","0","0","0"
1,"xyi69N",1,2020,2016,103,"Dem. People's Rep. of Korea","KRN","PRK",183,"Sweden","SWE","SWE",5,7,"0","-","0","0","0"
1,"xyi69N",1,2021,2017,103,"Dem. People's Rep. of Korea","KRN","PRK",183,"Sweden","SWE","SWE",5,10,"0","-","0","0","0"
1,"xyi69N",1,2022,2018,103,"Dem. People's Rep. of Korea","KRN","PRK",183,"Sweden","SWE","SWE",5,5,"0","-","0","0","0"
1,"xyi69N",1,2023,2019,103,"Dem. People's Rep. of Korea","KRN","PRK",183,"Sweden","SWE","SWE",5,"0","0","-","0","0","0"
1,"xyi69N",1,2024,2022,103,"Dem. People's Rep. of Korea","KRN","PRK",183,"Sweden","SWE","SWE","0",5,"0","-","0","0","0"
1,"xyi69N",1,2025,2024,103,"Dem. People's Rep. of Korea","KRN","PRK",183,"Sweden","SWE","SWE",10,"0","0","-","0","0","0"
1,"xyi69N",1,2026,2025,103,"Dem. People's Rep. of Korea","KRN","PRK",183,"Sweden","SWE","SWE",14,"0","0","-","0","0","0"
1,"xyi69N",1,2027,1990,104,"Kuwait","KUW","KWT",183,"Sweden","SWE","SWE",41,"0","0","-","0","0","0"
1,"xyi69N",1,2028,1991,104,"Kuwait","KUW","KWT",183,"Sweden","SWE","SWE",44,"0","0","-","0","0","0"
1,"xyi69N",1,2029,1992,104,"Kuwait","KUW","KWT",183,"Sweden","SWE","SWE",47,"0","0","-","0","0","0"
1,"xyi69N",1,2030,1993,104,"Kuwait","KUW","KWT",183,"Sweden","SWE","SWE",47,"0","0","-","0","0","0"
1,"xyi69N",1,2031,1994,104,"Kuwait","KUW","KWT",183,"Sweden","SWE","SWE",47,"0","0","-","0","0","0"
1,"xyi69N",1,2032,1995,104,"Kuwait","KUW","KWT",183,"Sweden","SWE","SWE",47,"0","0","-","0","0","0"
1,"xyi69N",1,2033,1996,104,"Kuwait","KUW","KWT",183,"Sweden","SWE","SWE",47,"0","0","-","0","0","0"
1,"xyi69N",1,2034,1997,104,"Kuwait","KUW","KWT",183,"Sweden","SWE","SWE",47,"0","0","-","0","0","0"
1,"xyi69N",1,2035,1998,104,"Kuwait","KUW","KWT",183,"Sweden","SWE","SWE",49,"0","0","-","0","0","0"
1,"xyi69N",1,2036,1999,104,"Kuwait","KUW","KWT",183,"Sweden","SWE","SWE",49,"0","0","-","0","0","0"
1,"xyi69N",1,2037,2000,104,"Kuwait","KUW","KWT",183,"Sweden","SWE","SWE",8,"0","0","-","0","0","0"
1,"xyi69N",1,2038,2001,104,"Kuwait","KUW","KWT",183,"Sweden","SWE","SWE",5,"0","0","-","0","0","0"
1,"xyi69N",1,2039,2004,104,"Kuwait","KUW","KWT",183,"Sweden","SWE","SWE","0",5,"0","-","0","0","0"
1,"xyi69N",1,2040,2005,104,"Kuwait","KUW","KWT",183,"Sweden","SWE","SWE",6,6,"0","-","0","0","0"
1,"xyi69N",1,2041,2006,104,"Kuwait","KUW","KWT",183,"Sweden","SWE","SWE",6,5,"0","-","0","0","0"
1,"xyi69N",1,2042,2007,104,"Kuwait","KUW","KWT",183,"Sweden","SWE","SWE",6,"0","0","-","0","0","0"
1,"xyi69N",1,2043,2008,104,"Kuwait","KUW","KWT",183,"Sweden","SWE","SWE",5,5,"0","-","0","0","0"
1,"xyi69N",1,2044,2009,104,"Kuwait","KUW","KWT",183,"Sweden","SWE","SWE",5,5,"0","-","0","0","0"
1,"xyi69N",1,2045,2010,104,"Kuwait","KUW","KWT",183,"Sweden","SWE","SWE",5,7,"0","-","0","0","0"
1,"xyi69N",1,2046,2011,104,"Kuwait","KUW","KWT",183,"Sweden","SWE","SWE",7,16,"0","-","0","0","0"
1,"xyi69N",1,2047,2012,104,"Kuwait","KUW","KWT",183,"Sweden","SWE","SWE",9,10,"0","-","0","0","0"
1,"xyi69N",1,2048,2013,104,"Kuwait","KUW","KWT",183,"Sweden","SWE","SWE",20,10,"0","-","0","0","0"
1,"xyi69N",1,2049,2014,104,"Kuwait","KUW","KWT",183,"Sweden","SWE","SWE",22,10,"0","-","0","0","0"
1,"xyi69N",1,2050,2015,104,"Kuwait","KUW","KWT",183,"Sweden","SWE","SWE",19,138,"0","-","0","0","0"
1,"xyi69N",1,2051,2016,104,"Kuwait","KUW","KWT",183,"Sweden","SWE","SWE",20,121,"0","-","0","0","0"
1,"xyi69N",1,2052,2017,104,"Kuwait","KUW","KWT",183,"Sweden","SWE","SWE",23,59,"0","-","0","0","0"
1,"xyi69N",1,2053,2018,104,"Kuwait","KUW","KWT",183,"Sweden","SWE","SWE",25,55,"0","-","0","0","0"
1,"xyi69N",1,2054,2019,104,"Kuwait","KUW","KWT",183,"Sweden","SWE","SWE",32,26,"0","-","0","0","0"
1,"xyi69N",1,2055,2020,104,"Kuwait","KUW","KWT",183,"Sweden","SWE","SWE",33,15,"0","-","0","0","0"
1,"xyi69N",1,2056,2021,104,"Kuwait","KUW","KWT",183,"Sweden","SWE","SWE",32,"0","0","-","0","0","0"
1,"xyi69N",1,2057,2022,104,"Kuwait","KUW","KWT",183,"Sweden","SWE","SWE",30,5,"0","-","0","0","0"
1,"xyi69N",1,2058,2023,104,"Kuwait","KUW","KWT",183,"Sweden","SWE","SWE",14,"0","0","-","0","0","0"
1,"xyi69N",1,2059,2024,104,"Kuwait","KUW","KWT",183,"Sweden","SWE","SWE",26,"0","0","-","0","0","0"
1,"xyi69N",1,2060,2025,104,"Kuwait","KUW","KWT",183,"Sweden","SWE","SWE",25,"0","0","-","0","0","0"
1,"xyi69N",1,2061,1990,105,"Lao People's Dem. Rep.","LAO","LAO",183,"Sweden","SWE","SWE",46,"0","0","-","0","0","0"
1,"xyi69N",1,2062,1991,105,"Lao People's Dem. Rep.","LAO","LAO",183,"Sweden","SWE","SWE",140,"0","0","-","0","0","0"
1,"xyi69N",1,2063,1992,105,"Lao People's Dem. Rep.","LAO","LAO",183,"Sweden","SWE","SWE",175,"0","0","-","0","0","0"
1,"xyi69N",1,2064,1993,105,"Lao People's Dem. Rep.","LAO","LAO",183,"Sweden","SWE","SWE",179,"0","0","-","0","0","0"
1,"xyi69N",1,2065,1994,105,"Lao People's Dem. Rep.","LAO","LAO",183,"Sweden","SWE","SWE",190,"0","0","-","0","0","0"
1,"xyi69N",1,2066,1995,105,"Lao People's Dem. Rep.","LAO","LAO",183,"Sweden","SWE","SWE",193,"0","0","-","0","0","0"
1,"xyi69N",1,2067,1996,105,"Lao People's Dem. Rep.","LAO","LAO",183,"Sweden","SWE","SWE",198,"0","0","-","0","0","0"
1,"xyi69N",1,2068,1997,105,"Lao People's Dem. Rep.","LAO","LAO",183,"Sweden","SWE","SWE",207,"0","0","-","0","0","0"
1,"xyi69N",1,2069,1998,105,"Lao People's Dem. Rep.","LAO","LAO",183,"Sweden","SWE","SWE",212,"0","0","-","0","0","0"
1,"xyi69N",1,2070,1999,105,"Lao People's Dem. Rep.","LAO","LAO",183,"Sweden","SWE","SWE",212,"0","0","-","0","0","0"
1,"xyi69N",1,2071,2000,105,"Lao People's Dem. Rep.","LAO","LAO",183,"Sweden","SWE","SWE",178,"0","0","-","0","0","0"
1,"xyi69N",1,2072,2001,105,"Lao People's Dem. Rep.","LAO","LAO",183,"Sweden","SWE","SWE",84,"0","0","-","0","0","0"
1,"xyi69N",1,2073,2002,105,"Lao People's Dem. Rep.","LAO","LAO",183,"Sweden","SWE","SWE",50,"0","0","-","0","0","0"
1,"xyi69N",1,2074,2003,105,"Lao People's Dem. Rep.","LAO","LAO",183,"Sweden","SWE","SWE",51,5,"0","-","0","0","0"
1,"xyi69N",1,2075,2004,105,"Lao People's Dem. Rep.","LAO","LAO",183,"Sweden","SWE","SWE",42,13,"0","-","0","0","0"
1,"xyi69N",1,2076,2005,105,"Lao People's Dem. Rep.","LAO","LAO",183,"Sweden","SWE","SWE",39,"0","0","-","0","0","0"
1,"xyi69N",1,2077,2006,105,"Lao People's Dem. Rep.","LAO","LAO",183,"Sweden","SWE","SWE",34,"0","0","-","0","0","0"
1,"xyi69N",1,2078,2007,105,"Lao People's Dem. Rep.","LAO","LAO",183,"Sweden","SWE","SWE",24,"0","0","-","0","0","0"
1,"xyi69N",1,2079,2008,105,"Lao People's Dem. Rep.","LAO","LAO",183,"Sweden","SWE","SWE",19,"0","0","-","0","0","0"
1,"xyi69N",1,2080,2009,105,"Lao People's Dem. Rep.","LAO","LAO",183,"Sweden","SWE","SWE",13,"0","0","-","0","0","0"
1,"xyi69N",1,2081,2010,105,"Lao People's Dem. Rep.","LAO","LAO",183,"Sweden","SWE","SWE",7,"0","0","-","0","0","0"
1,"xyi69N",1,2082,2011,105,"Lao People's Dem. Rep.","LAO","LAO",183,"Sweden","SWE","SWE",7,"0","0","-","0","0","0"
1,"xyi69N",1,2083,2012,105,"Lao People's Dem. Rep.","LAO","LAO",183,"Sweden","SWE","SWE",6,"0","0","-","0","0","0"
1,"xyi69N",1,2084,2024,105,"Lao People's Dem. Rep.","LAO","LAO",183,"Sweden","SWE","SWE",21,"0","0","-","0","0","0"
1,"xyi69N",1,2085,2025,105,"Lao People's Dem. Rep.","LAO","LAO",183,"Sweden","SWE","SWE",20,"0","0","-","0","0","0"
1,"xyi69N",1,2086,1991,106,"Liberia","LBR","LBR",183,"Sweden","SWE","SWE",14,"0","0","-","0","0","0"
1,"xyi69N",1,2087,1992,106,"Liberia","LBR","LBR",183,"Sweden","SWE","SWE",22,"0","0","-","0","0","0"
1,"xyi69N",1,2088,1993,106,"Liberia","LBR","LBR",183,"Sweden","SWE","SWE",22,"0","0","-","0","0","0"
1,"xyi69N",1,2089,1994,106,"Liberia","LBR","LBR",183,"Sweden","SWE","SWE",30,"0","0","-","0","0","0"
1,"xyi69N",1,2090,1995,106,"Liberia","LBR","LBR",183,"Sweden","SWE","SWE",36,"0","0","-","0","0","0"
1,"xyi69N",1,2091,1996,106,"Liberia","LBR","LBR",183,"Sweden","SWE","SWE",43,"0","0","-","0","0","0"
1,"xyi69N",1,2092,1997,106,"Liberia","LBR","LBR",183,"Sweden","SWE","SWE",44,"0","0","-","0","0","0"
1,"xyi69N",1,2093,1998,106,"Liberia","LBR","LBR",183,"Sweden","SWE","SWE",48,"0","0","-","0","0","0"
1,"xyi69N",1,2094,1999,106,"Liberia","LBR","LBR",183,"Sweden","SWE","SWE",48,"0","0","-","0","0","0"
1,"xyi69N",1,2095,2000,106,"Liberia","LBR","LBR",183,"Sweden","SWE","SWE",48,"0","0","-","0","0","0"
1,"xyi69N",1,2096,2001,106,"Liberia","LBR","LBR",183,"Sweden","SWE","SWE",37,"0","0","-","0","0","0"
1,"xyi69N",1,2097,2002,106,"Liberia","LBR","LBR",183,"Sweden","SWE","SWE",32,26,"0","-","0","0","0"
1,"xyi69N",1,2098,2003,106,"Liberia","LBR","LBR",183,"Sweden","SWE","SWE",142,90,"0","-","0","0","0"
1,"xyi69N",1,2099,2004,106,"Liberia","LBR","LBR",183,"Sweden","SWE","SWE",171,64,"0","-","0","0","0"
1,"xyi69N",1,2100,2005,106,"Liberia","LBR","LBR",183,"Sweden","SWE","SWE",175,44,"0","-","0","0","0"
1,"xyi69N",1,2101,2006,106,"Liberia","LBR","LBR",183,"Sweden","SWE","SWE",196,11,"0","-","0","0","0"
1,"xyi69N",1,2102,2007,106,"Liberia","LBR","LBR",183,"Sweden","SWE","SWE",34,15,"0","-","0","0","0"
1,"xyi69N",1,2103,2008,106,"Liberia","LBR","LBR",183,"Sweden","SWE","SWE",31,6,"0","-","0","0","0"
1,"xyi69N",1,2104,2009,106,"Liberia","LBR","LBR",183,"Sweden","SWE","SWE",32,14,"0","-","0","0","0"
1,"xyi69N",1,2105,2010,106,"Liberia","LBR","LBR",183,"Sweden","SWE","SWE",31,16,"0","-","0","0","0"
1,"xyi69N",1,2106,2011,106,"Liberia","LBR","LBR",183,"Sweden","SWE","SWE",32,8,"0","-","0","0","0"
1,"xyi69N",1,2107,2012,106,"Liberia","LBR","LBR",183,"Sweden","SWE","SWE",30,11,"0","-","0","0","0"
1,"xyi69N",1,2108,2013,106,"Liberia","LBR","LBR",183,"Sweden","SWE","SWE",22,16,"0","-","0","0","0"
1,"xyi69N",1,2109,2014,106,"Liberia","LBR","LBR",183,"Sweden","SWE","SWE",27,5,"0","-","0","0","0"
1,"xyi69N",1,2110,2015,106,"Liberia","LBR","LBR",183,"Sweden","SWE","SWE",22,10,"0","-","0","0","0"
1,"xyi69N",1,2111,2016,106,"Liberia","LBR","LBR",183,"Sweden","SWE","SWE",19,12,"0","-","0","0","0"
1,"xyi69N",1,2112,2017,106,"Liberia","LBR","LBR",183,"Sweden","SWE","SWE",13,13,"0","-","0","0","0"
1,"xyi69N",1,2113,2018,106,"Liberia","LBR","LBR",183,"Sweden","SWE","SWE",12,21,"0","-","0","0","0"
1,"xyi69N",1,2114,2019,106,"Liberia","LBR","LBR",183,"Sweden","SWE","SWE",13,11,"0","-","0","0","0"
1,"xyi69N",1,2115,2020,106,"Liberia","LBR","LBR",183,"Sweden","SWE","SWE",13,7,"0","-","0","0","0"
1,"xyi69N",1,2116,2021,106,"Liberia","LBR","LBR",183,"Sweden","SWE","SWE",10,5,"0","-","0","0","0"
1,"xyi69N",1,2117,2022,106,"Liberia","LBR","LBR",183,"Sweden","SWE","SWE",11,"0","0","-","0","0","0"
1,"xyi69N",1,2118,2023,106,"Liberia","LBR","LBR",183,"Sweden","SWE","SWE",10,"0","0","-","0","0","0"
1,"xyi69N",1,2119,2024,106,"Liberia","LBR","LBR",183,"Sweden","SWE","SWE",75,"0","0","-","0","0","0"
1,"xyi69N",1,2120,2025,106,"Liberia","LBR","LBR",183,"Sweden","SWE","SWE",75,5,"0","-","0","0","0"
1,"xyi69N",1,2121,1990,107,"Libya","LBY","LBY",183,"Sweden","SWE","SWE",5,"0","0","-","0","0","0"
1,"xyi69N",1,2122,1991,107,"Libya","LBY","LBY",183,"Sweden","SWE","SWE",14,"0","0","-","0","0","0"
1,"xyi69N",1,2123,1992,107,"Libya","LBY","LBY",183,"Sweden","SWE","SWE",24,"0","0","-","0","0","0"
1,"xyi69N",1,2124,1993,107,"Libya","LBY","LBY",183,"Sweden","SWE","SWE",24,"0","0","-","0","0","0"
1,"xyi69N",1,2125,1994,107,"Libya","LBY","LBY",183,"Sweden","SWE","SWE",26,"0","0","-","0","0","0"
1,"xyi69N",1,2126,1995,107,"Libya","LBY","LBY",183,"Sweden","SWE","SWE",26,"0","0","-","0","0","0"
1,"xyi69N",1,2127,1996,107,"Libya","LBY","LBY",183,"Sweden","SWE","SWE",26,"0","0","-","0","0","0"
1,"xyi69N",1,2128,1997,107,"Libya","LBY","LBY",183,"Sweden","SWE","SWE",29,"0","0","-","0","0","0"
1,"xyi69N",1,2129,1998,107,"Libya","LBY","LBY",183,"Sweden","SWE","SWE",30,"0","0","-","0","0","0"
1,"xyi69N",1,2130,1999,107,"Libya","LBY","LBY",183,"Sweden","SWE","SWE",30,"0","0","-","0","0","0"
1,"xyi69N",1,2131,2000,107,"Libya","LBY","LBY",183,"Sweden","SWE","SWE",29,"0","0","-","0","0","0"
1,"xyi69N",1,2132,2001,107,"Libya","LBY","LBY",183,"Sweden","SWE","SWE",20,"0","0","-","0","0","0"
1,"xyi69N",1,2133,2002,107,"Libya","LBY","LBY",183,"Sweden","SWE","SWE",24,464,"0","-","0","0","0"
1,"xyi69N",1,2134,2003,107,"Libya","LBY","LBY",183,"Sweden","SWE","SWE",31,533,"0","-","0","0","0"
1,"xyi69N",1,2135,2004,107,"Libya","LBY","LBY",183,"Sweden","SWE","SWE",40,578,"0","-","0","0","0"
1,"xyi69N",1,2136,2005,107,"Libya","LBY","LBY",183,"Sweden","SWE","SWE",105,453,"0","-","0","0","0"
1,"xyi69N",1,2137,2006,107,"Libya","LBY","LBY",183,"Sweden","SWE","SWE",111,343,"0","-","0","0","0"
1,"xyi69N",1,2138,2007,107,"Libya","LBY","LBY",183,"Sweden","SWE","SWE",154,419,"0","-","0","0","0"
1,"xyi69N",1,2139,2008,107,"Libya","LBY","LBY",183,"Sweden","SWE","SWE",177,529,"0","-","0","0","0"
1,"xyi69N",1,2140,2009,107,"Libya","LBY","LBY",183,"Sweden","SWE","SWE",200,381,"0","-","0","0","0"
1,"xyi69N",1,2141,2010,107,"Libya","LBY","LBY",183,"Sweden","SWE","SWE",213,246,"0","-","0","0","0"
1,"xyi69N",1,2142,2011,107,"Libya","LBY","LBY",183,"Sweden","SWE","SWE",346,252,"0","-","0","0","0"
1,"xyi69N",1,2143,2012,107,"Libya","LBY","LBY",183,"Sweden","SWE","SWE",355,148,"0","-","0","0","0"
1,"xyi69N",1,2144,2013,107,"Libya","LBY","LBY",183,"Sweden","SWE","SWE",380,150,"0","-","0","0","0"
1,"xyi69N",1,2145,2014,107,"Libya","LBY","LBY",183,"Sweden","SWE","SWE",408,347,"0","-","0","0","0"
1,"xyi69N",1,2146,2015,107,"Libya","LBY","LBY",183,"Sweden","SWE","SWE",375,353,"0","-","0","0","0"
1,"xyi69N",1,2147,2016,107,"Libya","LBY","LBY",183,"Sweden","SWE","SWE",437,225,"0","-","0","0","0"
1,"xyi69N",1,2148,2017,107,"Libya","LBY","LBY",183,"Sweden","SWE","SWE",404,167,"0","-","0","0","0"
1,"xyi69N",1,2149,2018,107,"Libya","LBY","LBY",183,"Sweden","SWE","SWE",397,115,"0","-","0","0","0"
1,"xyi69N",1,2150,2019,107,"Libya","LBY","LBY",183,"Sweden","SWE","SWE",393,90,"0","-","0","0","0"
1,"xyi69N",1,2151,2020,107,"Libya","LBY","LBY",183,"Sweden","SWE","SWE",384,65,"0","-","0","0","0"
1,"xyi69N",1,2152,2021,107,"Libya","LBY","LBY",183,"Sweden","SWE","SWE",263,53,"0","-","0","0","0"
1,"xyi69N",1,2153,2022,107,"Libya","LBY","LBY",183,"Sweden","SWE","SWE",245,40,"0","-","0","0","0"
1,"xyi69N",1,2154,2023,107,"Libya","LBY","LBY",183,"Sweden","SWE","SWE",198,33,"0","-","0","0","0"
1,"xyi69N",1,2155,2024,107,"Libya","LBY","LBY",183,"Sweden","SWE","SWE",196,21,"0","-","0","0","0"
1,"xyi69N",1,2156,2025,107,"Libya","LBY","LBY",183,"Sweden","SWE","SWE",193,13,"0","-","0","0","0"
1,"xyi69N",1,2157,1990,109,"Lebanon","LEB","LBN",183,"Sweden","SWE","SWE",4616,"0","0","-","0","0","0"
1,"xyi69N",1,2158,1991,109,"Lebanon","LEB","LBN",183,"Sweden","SWE","SWE",5807,"0","0","-","0","0","0"
1,"xyi69N",1,2159,1992,109,"Lebanon","LEB","LBN",183,"Sweden","SWE","SWE",6575,"0","0","-","0","0","0"
1,"xyi69N",1,2160,1993,109,"Lebanon","LEB","LBN",183,"Sweden","SWE","SWE",6624,"0","0","-","0","0","0"
1,"xyi69N",1,2161,1994,109,"Lebanon","LEB","LBN",183,"Sweden","SWE","SWE",6284,"0","0","-","0","0","0"
1,"xyi69N",1,2162,1995,109,"Lebanon","LEB","LBN",183,"Sweden","SWE","SWE",6125,"0","0","-","0","0","0"
1,"xyi69N",1,2163,1996,109,"Lebanon","LEB","LBN",183,"Sweden","SWE","SWE",5648,"0","0","-","0","0","0"
1,"xyi69N",1,2164,1997,109,"Lebanon","LEB","LBN",183,"Sweden","SWE","SWE",5483,"0","0","-","0","0","0"
1,"xyi69N",1,2165,1998,109,"Lebanon","LEB","LBN",183,"Sweden","SWE","SWE",5069,"0","0","-","0","0","0"
1,"xyi69N",1,2166,1999,109,"Lebanon","LEB","LBN",183,"Sweden","SWE","SWE",3192,"0","0","-","0","0","0"
1,"xyi69N",1,2167,2000,109,"Lebanon","LEB","LBN",183,"Sweden","SWE","SWE",2328,"0","0","-","0","0","0"
1,"xyi69N",1,2168,2001,109,"Lebanon","LEB","LBN",183,"Sweden","SWE","SWE",1201,"0","0","-","0","0","0"
1,"xyi69N",1,2169,2002,109,"Lebanon","LEB","LBN",183,"Sweden","SWE","SWE",481,421,"0","-","0","0","0"
1,"xyi69N",1,2170,2003,109,"Lebanon","LEB","LBN",183,"Sweden","SWE","SWE",462,519,"0","-","0","0","0"
1,"xyi69N",1,2171,2004,109,"Lebanon","LEB","LBN",183,"Sweden","SWE","SWE",406,437,"0","-","0","0","0"
1,"xyi69N",1,2172,2005,109,"Lebanon","LEB","LBN",183,"Sweden","SWE","SWE",451,177,"0","-","0","0","0"
1,"xyi69N",1,2173,2006,109,"Lebanon","LEB","LBN",183,"Sweden","SWE","SWE",440,606,"0","-","0","0","0"
1,"xyi69N",1,2174,2007,109,"Lebanon","LEB","LBN",183,"Sweden","SWE","SWE",435,648,"0","-","0","0","0"
1,"xyi69N",1,2175,2008,109,"Lebanon","LEB","LBN",183,"Sweden","SWE","SWE",424,353,"0","-","0","0","0"
1,"xyi69N",1,2176,2009,109,"Lebanon","LEB","LBN",183,"Sweden","SWE","SWE",445,181,"0","-","0","0","0"
1,"xyi69N",1,2177,2010,109,"Lebanon","LEB","LBN",183,"Sweden","SWE","SWE",454,164,"0","-","0","0","0"
1,"xyi69N",1,2178,2011,109,"Lebanon","LEB","LBN",183,"Sweden","SWE","SWE",415,136,"0","-","0","0","0"
1,"xyi69N",1,2179,2012,109,"Lebanon","LEB","LBN",183,"Sweden","SWE","SWE",380,286,"0","-","0","0","0"
1,"xyi69N",1,2180,2013,109,"Lebanon","LEB","LBN",183,"Sweden","SWE","SWE",453,316,"0","-","0","0","0"
1,"xyi69N",1,2181,2014,109,"Lebanon","LEB","LBN",183,"Sweden","SWE","SWE",511,472,"0","-","0","0","0"
1,"xyi69N",1,2182,2015,109,"Lebanon","LEB","LBN",183,"Sweden","SWE","SWE",532,831,"0","-","0","0","0"
1,"xyi69N",1,2183,2016,109,"Lebanon","LEB","LBN",183,"Sweden","SWE","SWE",638,601,"0","-","0","0","0"
1,"xyi69N",1,2184,2017,109,"Lebanon","LEB","LBN",183,"Sweden","SWE","SWE",534,571,"0","-","0","0","0"
1,"xyi69N",1,2185,2018,109,"Lebanon","LEB","LBN",183,"Sweden","SWE","SWE",528,478,"0","-","0","0","0"
1,"xyi69N",1,2186,2019,109,"Lebanon","LEB","LBN",183,"Sweden","SWE","SWE",542,455,"0","-","0","0","0"
1,"xyi69N",1,2187,2020,109,"Lebanon","LEB","LBN",183,"Sweden","SWE","SWE",523,267,"0","-","0","0","0"
1,"xyi69N",1,2188,2021,109,"Lebanon","LEB","LBN",183,"Sweden","SWE","SWE",509,227,"0","-","0","0","0"
1,"xyi69N",1,2189,2022,109,"Lebanon","LEB","LBN",183,"Sweden","SWE","SWE",518,233,"0","-","0","0","0"
1,"xyi69N",1,2190,2023,109,"Lebanon","LEB","LBN",183,"Sweden","SWE","SWE",387,159,"0","-","0","0","0"
1,"xyi69N",1,2191,2024,109,"Lebanon","LEB","LBN",183,"Sweden","SWE","SWE",312,167,"0","-","0","0","0"
1,"xyi69N",1,2192,2025,109,"Lebanon","LEB","LBN",183,"Sweden","SWE","SWE",340,88,"0","-","0","0","0"
1,"xyi69N",1,2193,1990,112,"Sri Lanka","LKA","LKA",183,"Sweden","SWE","SWE",124,"0","0","-","0","0","0"
1,"xyi69N",1,2194,1991,112,"Sri Lanka","LKA","LKA",183,"Sweden","SWE","SWE",343,"0","0","-","0","0","0"
1,"xyi69N",1,2195,1992,112,"Sri Lanka","LKA","LKA",183,"Sweden","SWE","SWE",457,"0","0","-","0","0","0"
1,"xyi69N",1,2196,1993,112,"Sri Lanka","LKA","LKA",183,"Sweden","SWE","SWE",489,"0","0","-","0","0","0"
1,"xyi69N",1,2197,1994,112,"Sri Lanka","LKA","LKA",183,"Sweden","SWE","SWE",518,"0","0","-","0","0","0"
1,"xyi69N",1,2198,1995,112,"Sri Lanka","LKA","LKA",183,"Sweden","SWE","SWE",518,"0","0","-","0","0","0"
1,"xyi69N",1,2199,1996,112,"Sri Lanka","LKA","LKA",183,"Sweden","SWE","SWE",520,"0","0","-","0","0","0"
1,"xyi69N",1,2200,1997,112,"Sri Lanka","LKA","LKA",183,"Sweden","SWE","SWE",534,"0","0","-","0","0","0"
1,"xyi69N",1,2201,1998,112,"Sri Lanka","LKA","LKA",183,"Sweden","SWE","SWE",540,"0","0","-","0","0","0"
1,"xyi69N",1,2202,1999,112,"Sri Lanka","LKA","LKA",183,"Sweden","SWE","SWE",466,"0","0","-","0","0","0"
1,"xyi69N",1,2203,2000,112,"Sri Lanka","LKA","LKA",183,"Sweden","SWE","SWE",419,"0","0","-","0","0","0"
1,"xyi69N",1,2204,2001,112,"Sri Lanka","LKA","LKA",183,"Sweden","SWE","SWE",208,"0","0","-","0","0","0"
1,"xyi69N",1,2205,2002,112,"Sri Lanka","LKA","LKA",183,"Sweden","SWE","SWE",102,41,"0","-","0","0","0"
1,"xyi69N",1,2206,2003,112,"Sri Lanka","LKA","LKA",183,"Sweden","SWE","SWE",81,31,"0","-","0","0","0"
1,"xyi69N",1,2207,2004,112,"Sri Lanka","LKA","LKA",183,"Sweden","SWE","SWE",65,27,"0","-","0","0","0"
1,"xyi69N",1,2208,2005,112,"Sri Lanka","LKA","LKA",183,"Sweden","SWE","SWE",71,34,"0","-","0","0","0"
1,"xyi69N",1,2209,2006,112,"Sri Lanka","LKA","LKA",183,"Sweden","SWE","SWE",85,18,"0","-","0","0","0"
1,"xyi69N",1,2210,2007,112,"Sri Lanka","LKA","LKA",183,"Sweden","SWE","SWE",30,37,"0","-","0","0","0"
1,"xyi69N",1,2211,2008,112,"Sri Lanka","LKA","LKA",183,"Sweden","SWE","SWE",37,33,"0","-","0","0","0"
1,"xyi69N",1,2212,2009,112,"Sri Lanka","LKA","LKA",183,"Sweden","SWE","SWE",43,50,"0","-","0","0","0"
1,"xyi69N",1,2213,2010,112,"Sri Lanka","LKA","LKA",183,"Sweden","SWE","SWE",47,45,"0","-","0","0","0"
1,"xyi69N",1,2214,2011,112,"Sri Lanka","LKA","LKA",183,"Sweden","SWE","SWE",43,17,"0","-","0","0","0"
1,"xyi69N",1,2215,2012,112,"Sri Lanka","LKA","LKA",183,"Sweden","SWE","SWE",42,11,"0","-","0","0","0"
1,"xyi69N",1,2216,2013,112,"Sri Lanka","LKA","LKA",183,"Sweden","SWE","SWE",47,20,"0","-","0","0","0"
1,"xyi69N",1,2217,2014,112,"Sri Lanka","LKA","LKA",183,"Sweden","SWE","SWE",49,30,"0","-","0","0","0"
1,"xyi69N",1,2218,2015,112,"Sri Lanka","LKA","LKA",183,"Sweden","SWE","SWE",49,36,"0","-","0","0","0"
1,"xyi69N",1,2219,2016,112,"Sri Lanka","LKA","LKA",183,"Sweden","SWE","SWE",57,30,"0","-","0","0","0"
1,"xyi69N",1,2220,2017,112,"Sri Lanka","LKA","LKA",183,"Sweden","SWE","SWE",48,41,"0","-","0","0","0"
1,"xyi69N",1,2221,2018,112,"Sri Lanka","LKA","LKA",183,"Sweden","SWE","SWE",35,52,"0","-","0","0","0"
1,"xyi69N",1,2222,2019,112,"Sri Lanka","LKA","LKA",183,"Sweden","SWE","SWE",28,58,"0","-","0","0","0"
1,"xyi69N",1,2223,2020,112,"Sri Lanka","LKA","LKA",183,"Sweden","SWE","SWE",28,45,"0","-","0","0","0"
1,"xyi69N",1,2224,2021,112,"Sri Lanka","LKA","LKA",183,"Sweden","SWE","SWE",27,27,"0","-","0","0","0"
1,"xyi69N",1,2225,2022,112,"Sri Lanka","LKA","LKA",183,"Sweden","SWE","SWE",26,32,"0","-","0","0","0"
1,"xyi69N",1,2226,2023,112,"Sri Lanka","LKA","LKA",183,"Sweden","SWE","SWE",23,26,"0","-","0","0","0"
1,"xyi69N",1,2227,2024,112,"Sri Lanka","LKA","LKA",183,"Sweden","SWE","SWE",91,5,"0","-","0","0","0"
1,"xyi69N",1,2228,2025,112,"Sri Lanka","LKA","LKA",183,"Sweden","SWE","SWE",88,14,"0","-","0","0","0"
1,"xyi69N",1,2229,1992,113,"Lithuania","LTU","LTU",183,"Sweden","SWE","SWE",5,"0","0","-","0","0","0"
1,"xyi69N",1,2230,1993,113,"Lithuania","LTU","LTU",183,"Sweden","SWE","SWE",5,"0","0","-","0","0","0"
1,"xyi69N",1,2231,1994,113,"Lithuania","LTU","LTU",183,"Sweden","SWE","SWE",11,"0","0","-","0","0","0"
1,"xyi69N",1,2232,1995,113,"Lithuania","LTU","LTU",183,"Sweden","SWE","SWE",14,"0","0","-","0","0","0"
1,"xyi69N",1,2233,1996,113,"Lithuania","LTU","LTU",183,"Sweden","SWE","SWE",14,"0","0","-","0","0","0"
1,"xyi69N",1,2234,1997,113,"Lithuania","LTU","LTU",183,"Sweden","SWE","SWE",14,"0","0","-","0","0","0"
1,"xyi69N",1,2235,1998,113,"Lithuania","LTU","LTU",183,"Sweden","SWE","SWE",14,"0","0","-","0","0","0"
1,"xyi69N",1,2236,1999,113,"Lithuania","LTU","LTU",183,"Sweden","SWE","SWE",14,"0","0","-","0","0","0"
1,"xyi69N",1,2237,2000,113,"Lithuania","LTU","LTU",183,"Sweden","SWE","SWE",14,"0","0","-","0","0","0"
1,"xyi69N",1,2238,2001,113,"Lithuania","LTU","LTU",183,"Sweden","SWE","SWE",14,"0","0","-","0","0","0"
1,"xyi69N",1,2239,2002,113,"Lithuania","LTU","LTU",183,"Sweden","SWE","SWE",15,24,"0","-","0","0","0"
1,"xyi69N",1,2240,2003,113,"Lithuania","LTU","LTU",183,"Sweden","SWE","SWE",18,10,"0","-","0","0","0"
1,"xyi69N",1,2241,2004,113,"Lithuania","LTU","LTU",183,"Sweden","SWE","SWE",10,5,"0","-","0","0","0"
1,"xyi69N",1,2242,2005,113,"Lithuania","LTU","LTU",183,"Sweden","SWE","SWE",11,12,"0","-","0","0","0"
1,"xyi69N",1,2243,2006,113,"Lithuania","LTU","LTU",183,"Sweden","SWE","SWE",11,5,"0","-","0","0","0"
1,"xyi69N",1,2244,2007,113,"Lithuania","LTU","LTU",183,"Sweden","SWE","SWE",11,"0","0","-","0","0","0"
1,"xyi69N",1,2245,2008,113,"Lithuania","LTU","LTU",183,"Sweden","SWE","SWE",12,"0","0","-","0","0","0"
1,"xyi69N",1,2246,2009,113,"Lithuania","LTU","LTU",183,"Sweden","SWE","SWE",12,"0","0","-","0","0","0"
1,"xyi69N",1,2247,2010,113,"Lithuania","LTU","LTU",183,"Sweden","SWE","SWE",12,7,"0","-","0","0","0"
1,"xyi69N",1,2248,2011,113,"Lithuania","LTU","LTU",183,"Sweden","SWE","SWE",14,8,"0","-","0","0","0"
1,"xyi69N",1,2249,2012,113,"Lithuania","LTU","LTU",183,"Sweden","SWE","SWE",10,7,"0","-","0","0","0"
1,"xyi69N",1,2250,2013,113,"Lithuania","LTU","LTU",183,"Sweden","SWE","SWE",7,7,"0","-","0","0","0"
1,"xyi69N",1,2251,2014,113,"Lithuania","LTU","LTU",183,"Sweden","SWE","SWE",7,7,"0","-","0","0","0"
1,"xyi69N",1,2252,2015,113,"Lithuania","LTU","LTU",183,"Sweden","SWE","SWE",5,7,"0","-","0","0","0"
1,"xyi69N",1,2253,2016,113,"Lithuania","LTU","LTU",183,"Sweden","SWE","SWE",5,7,"0","-","0","0","0"
1,"xyi69N",1,2254,2017,113,"Lithuania","LTU","LTU",183,"Sweden","SWE","SWE",5,7,"0","-","0","0","0"
1,"xyi69N",1,2255,2018,113,"Lithuania","LTU","LTU",183,"Sweden","SWE","SWE","0",7,"0","-","0","0","0"
1,"xyi69N",1,2256,2019,113,"Lithuania","LTU","LTU",183,"Sweden","SWE","SWE","0",7,"0","-","0","0","0"
1,"xyi69N",1,2257,2020,113,"Lithuania","LTU","LTU",183,"Sweden","SWE","SWE","0",7,"0","-","0","0","0"
1,"xyi69N",1,2258,2021,113,"Lithuania","LTU","LTU",183,"Sweden","SWE","SWE","0",7,"0","-","0","0","0"
1,"xyi69N",1,2259,2022,113,"Lithuania","LTU","LTU",183,"Sweden","SWE","SWE","0",7,"0","-","0","0","0"
1,"xyi69N",1,2260,2023,113,"Lithuania","LTU","LTU",183,"Sweden","SWE","SWE","0",7,"0","-","0","0","0"
1,"xyi69N",1,2261,1992,115,"Latvia","LVA","LVA",183,"Sweden","SWE","SWE",5,"0","0","-","0","0","0"
1,"xyi69N",1,2262,1993,115,"Latvia","LVA","LVA",183,"Sweden","SWE","SWE",5,"0","0","-","0","0","0"
1,"xyi69N",1,2263,1994,115,"Latvia","LVA","LVA",183,"Sweden","SWE","SWE",7,"0","0","-","0","0","0"
1,"xyi69N",1,2264,1995,115,"Latvia","LVA","LVA",183,"Sweden","SWE","SWE",15,"0","0","-","0","0","0"
1,"xyi69N",1,2265,1996,115,"Latvia","LVA","LVA",183,"Sweden","SWE","SWE",15,"0","0","-","0","0","0"
1,"xyi69N",1,2266,1997,115,"Latvia","LVA","LVA",183,"Sweden","SWE","SWE",15,"0","0","-","0","0","0"
1,"xyi69N",1,2267,1998,115,"Latvia","LVA","LVA",183,"Sweden","SWE","SWE",15,"0","0","-","0","0","0"
1,"xyi69N",1,2268,1999,115,"Latvia","LVA","LVA",183,"Sweden","SWE","SWE",15,"0","0","-","0","0","0"
1,"xyi69N",1,2269,2000,115,"Latvia","LVA","LVA",183,"Sweden","SWE","SWE",15,"0","0","-","0","0","0"
1,"xyi69N",1,2270,2001,115,"Latvia","LVA","LVA",183,"Sweden","SWE","SWE",18,"0","0","-","0","0","0"
1,"xyi69N",1,2271,2002,115,"Latvia","LVA","LVA",183,"Sweden","SWE","SWE",14,8,"0","-","0","0","0"
1,"xyi69N",1,2272,2003,115,"Latvia","LVA","LVA",183,"Sweden","SWE","SWE",18,5,"0","-","0","0","0"
1,"xyi69N",1,2273,2004,115,"Latvia","LVA","LVA",183,"Sweden","SWE","SWE",15,5,"0","-","0","0","0"
1,"xyi69N",1,2274,2005,115,"Latvia","LVA","LVA",183,"Sweden","SWE","SWE",7,"0","0","-","0","0","0"
1,"xyi69N",1,2275,2006,115,"Latvia","LVA","LVA",183,"Sweden","SWE","SWE",7,"0","0","-","0","0","0"
1,"xyi69N",1,2276,2007,115,"Latvia","LVA","LVA",183,"Sweden","SWE","SWE",7,5,"0","-","0","0","0"
1,"xyi69N",1,2277,2008,115,"Latvia","LVA","LVA",183,"Sweden","SWE","SWE",14,"0","0","-","0","0","0"
1,"xyi69N",1,2278,2009,115,"Latvia","LVA","LVA",183,"Sweden","SWE","SWE",14,"0","0","-","0","0","0"
1,"xyi69N",1,2279,2010,115,"Latvia","LVA","LVA",183,"Sweden","SWE","SWE",14,"0","0","-","0","0","0"
1,"xyi69N",1,2280,2011,115,"Latvia","LVA","LVA",183,"Sweden","SWE","SWE",11,"0","0","-","0","0","0"
1,"xyi69N",1,2281,2012,115,"Latvia","LVA","LVA",183,"Sweden","SWE","SWE",11,5,"0","-","0","0","0"
1,"xyi69N",1,2282,2013,115,"Latvia","LVA","LVA",183,"Sweden","SWE","SWE",8,"0","0","-","0","0","0"
1,"xyi69N",1,2283,2014,115,"Latvia","LVA","LVA",183,"Sweden","SWE","SWE",8,"0","0","-","0","0","0"
1,"xyi69N",1,2284,2015,115,"Latvia","LVA","LVA",183,"Sweden","SWE","SWE",8,"0","0","-","0","0","0"
1,"xyi69N",1,2285,2016,115,"Latvia","LVA","LVA",183,"Sweden","SWE","SWE",8,"0","0","-","0","0","0"
1,"xyi69N",1,2286,2017,115,"Latvia","LVA","LVA",183,"Sweden","SWE","SWE",8,"0","0","-","0","0","0"
1,"xyi69N",1,2287,2024,115,"Latvia","LVA","LVA",183,"Sweden","SWE","SWE",7,"0","0","-","0","0","0"
1,"xyi69N",1,2288,2025,115,"Latvia","LVA","LVA",183,"Sweden","SWE","SWE",7,"0","0","-","0","0","0"
1,"xyi69N",1,2289,2013,117,"Madagascar","MAD","MDG",183,"Sweden","SWE","SWE","0",5,"0","-","0","0","0"
1,"xyi69N",1,2290,2014,117,"Madagascar","MAD","MDG",183,"Sweden","SWE","SWE","0",5,"0","-","0","0","0"
1,"xyi69N",1,2291,1992,119,"Mauritania","MAU","MRT",183,"Sweden","SWE","SWE",5,"0","0","-","0","0","0"
1,"xyi69N",1,2292,1993,119,"Mauritania","MAU","MRT",183,"Sweden","SWE","SWE",5,"0","0","-","0","0","0"
1,"xyi69N",1,2293,1994,119,"Mauritania","MAU","MRT",183,"Sweden","SWE","SWE",5,"0","0","-","0","0","0"
1,"xyi69N",1,2294,1995,119,"Mauritania","MAU","MRT",183,"Sweden","SWE","SWE",5,"0","0","-","0","0","0"
1,"xyi69N",1,2295,1996,119,"Mauritania","MAU","MRT",183,"Sweden","SWE","SWE",5,"0","0","-","0","0","0"
1,"xyi69N",1,2296,1997,119,"Mauritania","MAU","MRT",183,"Sweden","SWE","SWE",6,"0","0","-","0","0","0"
1,"xyi69N",1,2297,1998,119,"Mauritania","MAU","MRT",183,"Sweden","SWE","SWE",6,"0","0","-","0","0","0"
1,"xyi69N",1,2298,1999,119,"Mauritania","MAU","MRT",183,"Sweden","SWE","SWE",6,"0","0","-","0","0","0"
1,"xyi69N",1,2299,2000,119,"Mauritania","MAU","MRT",183,"Sweden","SWE","SWE",6,"0","0","-","0","0","0"
1,"xyi69N",1,2300,2001,119,"Mauritania","MAU","MRT",183,"Sweden","SWE","SWE",5,"0","0","-","0","0","0"
1,"xyi69N",1,2301,2002,119,"Mauritania","MAU","MRT",183,"Sweden","SWE","SWE",5,10,"0","-","0","0","0"
1,"xyi69N",1,2302,2003,119,"Mauritania","MAU","MRT",183,"Sweden","SWE","SWE",5,16,"0","-","0","0","0"
1,"xyi69N",1,2303,2004,119,"Mauritania","MAU","MRT",183,"Sweden","SWE","SWE",5,17,"0","-","0","0","0"
1,"xyi69N",1,2304,2005,119,"Mauritania","MAU","MRT",183,"Sweden","SWE","SWE",6,12,"0","-","0","0","0"
1,"xyi69N",1,2305,2006,119,"Mauritania","MAU","MRT",183,"Sweden","SWE","SWE",7,5,"0","-","0","0","0"
1,"xyi69N",1,2306,2007,119,"Mauritania","MAU","MRT",183,"Sweden","SWE","SWE",7,"0","0","-","0","0","0"
1,"xyi69N",1,2307,2008,119,"Mauritania","MAU","MRT",183,"Sweden","SWE","SWE",7,5,"0","-","0","0","0"
1,"xyi69N",1,2308,2009,119,"Mauritania","MAU","MRT",183,"Sweden","SWE","SWE",9,10,"0","-","0","0","0"
1,"xyi69N",1,2309,2010,119,"Mauritania","MAU","MRT",183,"Sweden","SWE","SWE",9,8,"0","-","0","0","0"
1,"xyi69N",1,2310,2011,119,"Mauritania","MAU","MRT",183,"Sweden","SWE","SWE",8,"0","0","-","0","0","0"
1,"xyi69N",1,2311,2012,119,"Mauritania","MAU","MRT",183,"Sweden","SWE","SWE",6,10,"0","-","0","0","0"
1,"xyi69N",1,2312,2013,119,"Mauritania","MAU","MRT",183,"Sweden","SWE","SWE",9,12,"0","-","0","0","0"
1,"xyi69N",1,2313,2014,119,"Mauritania","MAU","MRT",183,"Sweden","SWE","SWE",13,6,"0","-","0","0","0"
1,"xyi69N",1,2314,2015,119,"Mauritania","MAU","MRT",183,"Sweden","SWE","SWE",13,8,"0","-","0","0","0"
1,"xyi69N",1,2315,2016,119,"Mauritania","MAU","MRT",183,"Sweden","SWE","SWE",12,5,"0","-","0","0","0"
1,"xyi69N",1,2316,2017,119,"Mauritania","MAU","MRT",183,"Sweden","SWE","SWE",12,5,"0","-","0","0","0"
1,"xyi69N",1,2317,2018,119,"Mauritania","MAU","MRT",183,"Sweden","SWE","SWE",14,"0","0","-","0","0","0"
1,"xyi69N",1,2318,2019,119,"Mauritania","MAU","MRT",183,"Sweden","SWE","SWE",13,5,"0","-","0","0","0"
1,"xyi69N",1,2319,2020,119,"Mauritania","MAU","MRT",183,"Sweden","SWE","SWE",13,"0","0","-","0","0","0"
1,"xyi69N",1,2320,2021,119,"Mauritania","MAU","MRT",183,"Sweden","SWE","SWE",13,"0","0","-","0","0","0"
1,"xyi69N",1,2321,2022,119,"Mauritania","MAU","MRT",183,"Sweden","SWE","SWE",13,"0","0","-","0","0","0"
1,"xyi69N",1,2322,2023,119,"Mauritania","MAU","MRT",183,"Sweden","SWE","SWE",8,"0","0","-","0","0","0"
1,"xyi69N",1,2323,2024,119,"Mauritania","MAU","MRT",183,"Sweden","SWE","SWE",9,"0","0","-","0","0","0"
1,"xyi69N",1,2324,2025,119,"Mauritania","MAU","MRT",183,"Sweden","SWE","SWE",9,"0","0","-","0","0","0"
1,"xyi69N",1,2325,1994,120,"North Macedonia","MCD","MKD",183,"Sweden","SWE","SWE",149,"0","0","-","0","0","0"
1,"xyi69N",1,2326,1995,120,"North Macedonia","MCD","MKD",183,"Sweden","SWE","SWE",225,"0","0","-","0","0","0"
1,"xyi69N",1,2327,1996,120,"North Macedonia","MCD","MKD",183,"Sweden","SWE","SWE",225,"0","0","-","0","0","0"
1,"xyi69N",1,2328,1997,120,"North Macedonia","MCD","MKD",183,"Sweden","SWE","SWE",241,"0","0","-","0","0","0"
1,"xyi69N",1,2329,1998,120,"North Macedonia","MCD","MKD",183,"Sweden","SWE","SWE",242,"0","0","-","0","0","0"
1,"xyi69N",1,2330,1999,120,"North Macedonia","MCD","MKD",183,"Sweden","SWE","SWE",242,"0","0","-","0","0","0"
1,"xyi69N",1,2331,2000,120,"North Macedonia","MCD","MKD",183,"Sweden","SWE","SWE",286,"0","0","-","0","0","0"
1,"xyi69N",1,2332,2001,120,"North Macedonia","MCD","MKD",183,"Sweden","SWE","SWE",297,"0","0","-","0","0","0"
1,"xyi69N",1,2333,2002,120,"North Macedonia","MCD","MKD",183,"Sweden","SWE","SWE",311,581,"0","-","0","0","0"
1,"xyi69N",1,2334,2003,120,"North Macedonia","MCD","MKD",183,"Sweden","SWE","SWE",329,363,"0","-","0","0","0"
1,"xyi69N",1,2335,2004,120,"North Macedonia","MCD","MKD",183,"Sweden","SWE","SWE",202,232,"0","-","0","0","0"
1,"xyi69N",1,2336,2005,120,"North Macedonia","MCD","MKD",183,"Sweden","SWE","SWE",157,70,"0","-","0","0","0"
1,"xyi69N",1,2337,2006,120,"North Macedonia","MCD","MKD",183,"Sweden","SWE","SWE",159,59,"0","-","0","0","0"
1,"xyi69N",1,2338,2007,120,"North Macedonia","MCD","MKD",183,"Sweden","SWE","SWE",164,51,"0","-","0","0","0"
1,"xyi69N",1,2339,2008,120,"North Macedonia","MCD","MKD",183,"Sweden","SWE","SWE",167,31,"0","-","0","0","0"
1,"xyi69N",1,2340,2009,120,"North Macedonia","MCD","MKD",183,"Sweden","SWE","SWE",161,41,"0","-","0","0","0"
1,"xyi69N",1,2341,2010,120,"North Macedonia","MCD","MKD",183,"Sweden","SWE","SWE",130,327,"0","-","0","0","0"
1,"xyi69N",1,2342,2011,120,"North Macedonia","MCD","MKD",183,"Sweden","SWE","SWE",132,246,"0","-","0","0","0"
1,"xyi69N",1,2343,2012,120,"North Macedonia","MCD","MKD",183,"Sweden","SWE","SWE",118,336,"0","-","0","0","0"
1,"xyi69N",1,2344,2013,120,"North Macedonia","MCD","MKD",183,"Sweden","SWE","SWE",107,190,"0","-","0","0","0"
1,"xyi69N",1,2345,2014,120,"North Macedonia","MCD","MKD",183,"Sweden","SWE","SWE",95,248,"0","-","0","0","0"
1,"xyi69N",1,2346,2015,120,"North Macedonia","MCD","MKD",183,"Sweden","SWE","SWE",72,158,"0","-","0","0","0"
1,"xyi69N",1,2347,2016,120,"North Macedonia","MCD","MKD",183,"Sweden","SWE","SWE",76,90,"0","-","0","0","0"
1,"xyi69N",1,2348,2017,120,"North Macedonia","MCD","MKD",183,"Sweden","SWE","SWE",55,88,"0","-","0","0","0"
1,"xyi69N",1,2349,2018,120,"North Macedonia","MCD","MKD",183,"Sweden","SWE","SWE",51,49,"0","-","0","0","0"
1,"xyi69N",1,2350,2019,120,"North Macedonia","MCD","MKD",183,"Sweden","SWE","SWE",51,107,"0","-","0","0","0"
1,"xyi69N",1,2351,2020,120,"North Macedonia","MCD","MKD",183,"Sweden","SWE","SWE",44,35,"0","-","0","0","0"
1,"xyi69N",1,2352,2021,120,"North Macedonia","MCD","MKD",183,"Sweden","SWE","SWE",36,23,"0","-","0","0","0"
1,"xyi69N",1,2353,2022,120,"North Macedonia","MCD","MKD",183,"Sweden","SWE","SWE",37,21,"0","-","0","0","0"
1,"xyi69N",1,2354,2023,120,"North Macedonia","MCD","MKD",183,"Sweden","SWE","SWE",29,19,"0","-","0","0","0"
1,"xyi69N",1,2355,2024,120,"North Macedonia","MCD","MKD",183,"Sweden","SWE","SWE",48,5,"0","-","0","0","0"
1,"xyi69N",1,2356,2025,120,"North Macedonia","MCD","MKD",183,"Sweden","SWE","SWE",45,10,"0","-","0","0","0"
1,"xyi69N",1,2357,1993,122,"Rep. of Moldova","MDA","MDA",183,"Sweden","SWE","SWE",5,"0","0","-","0","0","0"
1,"xyi69N",1,2358,1994,122,"Rep. of Moldova","MDA","MDA",183,"Sweden","SWE","SWE",5,"0","0","-","0","0","0"
1,"xyi69N",1,2359,1995,122,"Rep. of Moldova","MDA","MDA",183,"Sweden","SWE","SWE",5,"0","0","-","0","0","0"
1,"xyi69N",1,2360,1996,122,"Rep. of Moldova","MDA","MDA",183,"Sweden","SWE","SWE",5,"0","0","-","0","0","0"
1,"xyi69N",1,2361,1997,122,"Rep. of Moldova","MDA","MDA",183,"Sweden","SWE","SWE",5,"0","0","-","0","0","0"
1,"xyi69N",1,2362,1998,122,"Rep. of Moldova","MDA","MDA",183,"Sweden","SWE","SWE",5,"0","0","-","0","0","0"
1,"xyi69N",1,2363,1999,122,"Rep. of Moldova","MDA","MDA",183,"Sweden","SWE","SWE",5,"0","0","-","0","0","0"
1,"xyi69N",1,2364,2000,122,"Rep. of Moldova","MDA","MDA",183,"Sweden","SWE","SWE",5,"0","0","-","0","0","0"
1,"xyi69N",1,2365,2001,122,"Rep. of Moldova","MDA","MDA",183,"Sweden","SWE","SWE",5,"0","0","-","0","0","0"
1,"xyi69N",1,2366,2002,122,"Rep. of Moldova","MDA","MDA",183,"Sweden","SWE","SWE",9,123,"0","-","0","0","0"
1,"xyi69N",1,2367,2003,122,"Rep. of Moldova","MDA","MDA",183,"Sweden","SWE","SWE",10,84,"0","-","0","0","0"
1,"xyi69N",1,2368,2004,122,"Rep. of Moldova","MDA","MDA",183,"Sweden","SWE","SWE",15,53,"0","-","0","0","0"
1,"xyi69N",1,2369,2005,122,"Rep. of Moldova","MDA","MDA",183,"Sweden","SWE","SWE",16,33,"0","-","0","0","0"
1,"xyi69N",1,2370,2006,122,"Rep. of Moldova","MDA","MDA",183,"Sweden","SWE","SWE",16,82,"0","-","0","0","0"
1,"xyi69N",1,2371,2007,122,"Rep. of Moldova","MDA","MDA",183,"Sweden","SWE","SWE",16,26,"0","-","0","0","0"
1,"xyi69N",1,2372,2008,122,"Rep. of Moldova","MDA","MDA",183,"Sweden","SWE","SWE",16,13,"0","-","0","0","0"
1,"xyi69N",1,2373,2009,122,"Rep. of Moldova","MDA","MDA",183,"Sweden","SWE","SWE",16,10,"0","-","0","0","0"
1,"xyi69N",1,2374,2010,122,"Rep. of Moldova","MDA","MDA",183,"Sweden","SWE","SWE",16,"0","0","-","0","0","0"
1,"xyi69N",1,2375,2011,122,"Rep. of Moldova","MDA","MDA",183,"Sweden","SWE","SWE",16,5,"0","-","0","0","0"
1,"xyi69N",1,2376,2012,122,"Rep. of Moldova","MDA","MDA",183,"Sweden","SWE","SWE",12,15,"0","-","0","0","0"
1,"xyi69N",1,2377,2013,122,"Rep. of Moldova","MDA","MDA",183,"Sweden","SWE","SWE",8,10,"0","-","0","0","0"
1,"xyi69N",1,2378,2014,122,"Rep. of Moldova","MDA","MDA",183,"Sweden","SWE","SWE",5,29,"0","-","0","0","0"
1,"xyi69N",1,2379,2015,122,"Rep. of Moldova","MDA","MDA",183,"Sweden","SWE","SWE",5,35,"0","-","0","0","0"
1,"xyi69N",1,2380,2016,122,"Rep. of Moldova","MDA","MDA",183,"Sweden","SWE","SWE",8,25,"0","-","0","0","0"
1,"xyi69N",1,2381,2017,122,"Rep. of Moldova","MDA","MDA",183,"Sweden","SWE","SWE",8,5,"0","-","0","0","0"
1,"xyi69N",1,2382,2018,122,"Rep. of Moldova","MDA","MDA",183,"Sweden","SWE","SWE",8,5,"0","-","0","0","0"
1,"xyi69N",1,2383,2019,122,"Rep. of Moldova","MDA","MDA",183,"Sweden","SWE","SWE",8,5,"0","-","0","0","0"
1,"xyi69N",1,2384,2020,122,"Rep. of Moldova","MDA","MDA",183,"Sweden","SWE","SWE",8,10,"0","-","0","0","0"
1,"xyi69N",1,2385,2021,122,"Rep. of Moldova","MDA","MDA",183,"Sweden","SWE","SWE",8,13,"0","-","0","0","0"
1,"xyi69N",1,2386,2022,122,"Rep. of Moldova","MDA","MDA",183,"Sweden","SWE","SWE",23,16,"0","-","0","0","0"
1,"xyi69N",1,2387,2023,122,"Rep. of Moldova","MDA","MDA",183,"Sweden","SWE","SWE",23,5,"0","-","0","0","0"
1,"xyi69N",1,2388,2024,122,"Rep. of Moldova","MDA","MDA",183,"Sweden","SWE","SWE",15,5,"0","-","0","0","0"
1,"xyi69N",1,2389,2025,122,"Rep. of Moldova","MDA","MDA",183,"Sweden","SWE","SWE",10,"0","0","-","0","0","0"
1,"xyi69N",1,2390,2012,124,"Mexico","MEX","MEX",183,"Sweden","SWE","SWE","0",5,"0","-","0","0","0"
1,"xyi69N",1,2391,2013,124,"Mexico","MEX","MEX",183,"Sweden","SWE","SWE","0",13,"0","-","0","0","0"
1,"xyi69N",1,2392,2014,124,"Mexico","MEX","MEX",183,"Sweden","SWE","SWE","0",12,"0","-","0","0","0"
1,"xyi69N",1,2393,2015,124,"Mexico","MEX","MEX",183,"Sweden","SWE","SWE","0",6,"0","-","0","0","0"
1,"xyi69N",1,2394,2016,124,"Mexico","MEX","MEX",183,"Sweden","SWE","SWE","0",5,"0","-","0","0","0"
1,"xyi69N",1,2395,2017,124,"Mexico","MEX","MEX",183,"Sweden","SWE","SWE","0",5,"0","-","0","0","0"
1,"xyi69N",1,2396,2018,124,"Mexico","MEX","MEX",183,"Sweden","SWE","SWE","0",5,"0","-","0","0","0"
1,"xyi69N",1,2397,2019,124,"Mexico","MEX","MEX",183,"Sweden","SWE","SWE","0",5,"0","-","0","0","0"
1,"xyi69N",1,2398,2021,124,"Mexico","MEX","MEX",183,"Sweden","SWE","SWE","0",5,"0","-","0","0","0"
1,"xyi69N",1,2399,2022,124,"Mexico","MEX","MEX",183,"Sweden","SWE","SWE","0",5,"0","-","0","0","0"
1,"xyi69N",1,2400,2023,124,"Mexico","MEX","MEX",183,"Sweden","SWE","SWE","0",9,"0","-","0","0","0"
1,"xyi69N",1,2401,2025,124,"Mexico","MEX","MEX",183,"Sweden","SWE","SWE","0",5,"0","-","0","0","0"
1,"xyi69N",1,2402,1991,126,"Mali","MLI","MLI",183,"Sweden","SWE","SWE",5,"0","0","-","0","0","0"
1,"xyi69N",1,2403,1992,126,"Mali","MLI","MLI",183,"Sweden","SWE","SWE",5,"0","0","-","0","0","0"
1,"xyi69N",1,2404,1993,126,"Mali","MLI","MLI",183,"Sweden","SWE","SWE",5,"0","0","-","0","0","0"
1,"xyi69N",1,2405,1994,126,"Mali","MLI","MLI",183,"Sweden","SWE","SWE",7,"0","0","-","0","0","0"
1,"xyi69N",1,2406,1995,126,"Mali","MLI","MLI",183,"Sweden","SWE","SWE",7,"0","0","-","0","0","0"
1,"xyi69N",1,2407,1996,126,"Mali","MLI","MLI",183,"Sweden","SWE","SWE",8,"0","0","-","0","0","0"
1,"xyi69N",1,2408,1997,126,"Mali","MLI","MLI",183,"Sweden","SWE","SWE",8,"0","0","-","0","0","0"
1,"xyi69N",1,2409,1998,126,"Mali","MLI","MLI",183,"Sweden","SWE","SWE",8,"0","0","-","0","0","0"
1,"xyi69N",1,2410,1999,126,"Mali","MLI","MLI",183,"Sweden","SWE","SWE",8,"0","0","-","0","0","0"
1,"xyi69N",1,2411,2000,126,"Mali","MLI","MLI",183,"Sweden","SWE","SWE",7,"0","0","-","0","0","0"
1,"xyi69N",1,2412,2001,126,"Mali","MLI","MLI",183,"Sweden","SWE","SWE",5,"0","0","-","0","0","0"
1,"xyi69N",1,2413,2002,126,"Mali","MLI","MLI",183,"Sweden","SWE","SWE",5,5,"0","-","0","0","0"
1,"xyi69N",1,2414,2003,126,"Mali","MLI","MLI",183,"Sweden","SWE","SWE",5,5,"0","-","0","0","0"
1,"xyi69N",1,2415,2004,126,"Mali","MLI","MLI",183,"Sweden","SWE","SWE","0",5,"0","-","0","0","0"
1,"xyi69N",1,2416,2005,126,"Mali","MLI","MLI",183,"Sweden","SWE","SWE","0",5,"0","-","0","0","0"
1,"xyi69N",1,2417,2008,126,"Mali","MLI","MLI",183,"Sweden","SWE","SWE","0",5,"0","-","0","0","0"
1,"xyi69N",1,2418,2009,126,"Mali","MLI","MLI",183,"Sweden","SWE","SWE",5,"0","0","-","0","0","0"
1,"xyi69N",1,2419,2010,126,"Mali","MLI","MLI",183,"Sweden","SWE","SWE",5,5,"0","-","0","0","0"
1,"xyi69N",1,2420,2011,126,"Mali","MLI","MLI",183,"Sweden","SWE","SWE",7,5,"0","-","0","0","0"
1,"xyi69N",1,2421,2012,126,"Mali","MLI","MLI",183,"Sweden","SWE","SWE",10,34,"0","-","0","0","0"
1,"xyi69N",1,2422,2013,126,"Mali","MLI","MLI",183,"Sweden","SWE","SWE",17,43,"0","-","0","0","0"
1,"xyi69N",1,2423,2014,126,"Mali","MLI","MLI",183,"Sweden","SWE","SWE",23,22,"0","-","0","0","0"
1,"xyi69N",1,2424,2015,126,"Mali","MLI","MLI",183,"Sweden","SWE","SWE",23,18,"0","-","0","0","0"
1,"xyi69N",1,2425,2016,126,"Mali","MLI","MLI",183,"Sweden","SWE","SWE",23,8,"0","-","0","0","0"
1,"xyi69N",1,2426,2017,126,"Mali","MLI","MLI",183,"Sweden","SWE","SWE",24,11,"0","-","0","0","0"
1,"xyi69N",1,2427,2018,126,"Mali","MLI","MLI",183,"Sweden","SWE","SWE",45,5,"0","-","0","0","0"
1,"xyi69N",1,2428,2019,126,"Mali","MLI","MLI",183,"Sweden","SWE","SWE",42,10,"0","-","0","0","0"
1,"xyi69N",1,2429,2020,126,"Mali","MLI","MLI",183,"Sweden","SWE","SWE",43,5,"0","-","0","0","0"
1,"xyi69N",1,2430,2021,126,"Mali","MLI","MLI",183,"Sweden","SWE","SWE",41,5,"0","-","0","0","0"
1,"xyi69N",1,2431,2022,126,"Mali","MLI","MLI",183,"Sweden","SWE","SWE",38,"0","0","-","0","0","0"
1,"xyi69N",1,2432,2023,126,"Mali","MLI","MLI",183,"Sweden","SWE","SWE",11,10,"0","-","0","0","0"
1,"xyi69N",1,2433,2024,126,"Mali","MLI","MLI",183,"Sweden","SWE","SWE",77,5,"0","-","0","0","0"
1,"xyi69N",1,2434,2025,126,"Mali","MLI","MLI",183,"Sweden","SWE","SWE",78,"0","0","-","0","0","0"
1,"xyi69N",1,2435,1991,127,"Malaysia","MLS","MYS",183,"Sweden","SWE","SWE",5,"0","0","-","0","0","0"
1,"xyi69N",1,2436,1992,127,"Malaysia","MLS","MYS",183,"Sweden","SWE","SWE",5,"0","0","-","0","0","0"
1,"xyi69N",1,2437,1993,127,"Malaysia","MLS","MYS",183,"Sweden","SWE","SWE",5,"0","0","-","0","0","0"
1,"xyi69N",1,2438,1994,127,"Malaysia","MLS","MYS",183,"Sweden","SWE","SWE",5,"0","0","-","0","0","0"
1,"xyi69N",1,2439,1995,127,"Malaysia","MLS","MYS",183,"Sweden","SWE","SWE",5,"0","0","-","0","0","0"
1,"xyi69N",1,2440,1996,127,"Malaysia","MLS","MYS",183,"Sweden","SWE","SWE",5,"0","0","-","0","0","0"
1,"xyi69N",1,2441,1997,127,"Malaysia","MLS","MYS",183,"Sweden","SWE","SWE",5,"0","0","-","0","0","0"
1,"xyi69N",1,2442,1998,127,"Malaysia","MLS","MYS",183,"Sweden","SWE","SWE",6,"0","0","-","0","0","0"
1,"xyi69N",1,2443,1999,127,"Malaysia","MLS","MYS",183,"Sweden","SWE","SWE",6,"0","0","-","0","0","0"
1,"xyi69N",1,2444,2000,127,"Malaysia","MLS","MYS",183,"Sweden","SWE","SWE",9,"0","0","-","0","0","0"
1,"xyi69N",1,2445,2001,127,"Malaysia","MLS","MYS",183,"Sweden","SWE","SWE",6,"0","0","-","0","0","0"
1,"xyi69N",1,2446,2002,127,"Malaysia","MLS","MYS",183,"Sweden","SWE","SWE",7,"0","0","-","0","0","0"
1,"xyi69N",1,2447,2003,127,"Malaysia","MLS","MYS",183,"Sweden","SWE","SWE",7,6,"0","-","0","0","0"
1,"xyi69N",1,2448,2004,127,"Malaysia","MLS","MYS",183,"Sweden","SWE","SWE",13,5,"0","-","0","0","0"
1,"xyi69N",1,2449,2005,127,"Malaysia","MLS","MYS",183,"Sweden","SWE","SWE",13,"0","0","-","0","0","0"
1,"xyi69N",1,2450,2006,127,"Malaysia","MLS","MYS",183,"Sweden","SWE","SWE",13,"0","0","-","0","0","0"
1,"xyi69N",1,2451,2007,127,"Malaysia","MLS","MYS",183,"Sweden","SWE","SWE",11,"0","0","-","0","0","0"
1,"xyi69N",1,2452,2008,127,"Malaysia","MLS","MYS",183,"Sweden","SWE","SWE",8,"0","0","-","0","0","0"
1,"xyi69N",1,2453,2009,127,"Malaysia","MLS","MYS",183,"Sweden","SWE","SWE",5,"0","0","-","0","0","0"
1,"xyi69N",1,2454,2010,127,"Malaysia","MLS","MYS",183,"Sweden","SWE","SWE",5,"0","0","-","0","0","0"
1,"xyi69N",1,2455,2011,127,"Malaysia","MLS","MYS",183,"Sweden","SWE","SWE",5,"0","0","-","0","0","0"
1,"xyi69N",1,2456,2012,127,"Malaysia","MLS","MYS",183,"Sweden","SWE","SWE",5,"0","0","-","0","0","0"
1,"xyi69N",1,2457,2013,127,"Malaysia","MLS","MYS",183,"Sweden","SWE","SWE",5,5,"0","-","0","0","0"
1,"xyi69N",1,2458,2014,127,"Malaysia","MLS","MYS",183,"Sweden","SWE","SWE","0",5,"0","-","0","0","0"
1,"xyi69N",1,2459,2015,127,"Malaysia","MLS","MYS",183,"Sweden","SWE","SWE","0",5,"0","-","0","0","0"
1,"xyi69N",1,2460,2016,127,"Malaysia","MLS","MYS",183,"Sweden","SWE","SWE",5,"0","0","-","0","0","0"
1,"xyi69N",1,2461,2017,127,"Malaysia","MLS","MYS",183,"Sweden","SWE","SWE",8,5,"0","-","0","0","0"
1,"xyi69N",1,2462,2018,127,"Malaysia","MLS","MYS",183,"Sweden","SWE","SWE",10,"0","0","-","0","0","0"
1,"xyi69N",1,2463,2019,127,"Malaysia","MLS","MYS",183,"Sweden","SWE","SWE",13,6,"0","-","0","0","0"
1,"xyi69N",1,2464,2020,127,"Malaysia","MLS","MYS",183,"Sweden","SWE","SWE",14,10,"0","-","0","0","0"
1,"xyi69N",1,2465,2021,127,"Malaysia","MLS","MYS",183,"Sweden","SWE","SWE",14,"0","0","-","0","0","0"
1,"xyi69N",1,2466,2022,127,"Malaysia","MLS","MYS",183,"Sweden","SWE","SWE",14,"0","0","-","0","0","0"
1,"xyi69N",1,2467,2023,127,"Malaysia","MLS","MYS",183,"Sweden","SWE","SWE",13,"0","0","-","0","0","0"
1,"xyi69N",1,2468,2024,127,"Malaysia","MLS","MYS",183,"Sweden","SWE","SWE",16,5,"0","-","0","0","0"
1,"xyi69N",1,2469,2025,127,"Malaysia","MLS","MYS",183,"Sweden","SWE","SWE",15,"0","0","-","0","0","0"
1,"xyi69N",1,2470,1994,128,"Malawi","MLW","MWI",183,"Sweden","SWE","SWE",5,"0","0","-","0","0","0"
1,"xyi69N",1,2471,1995,128,"Malawi","MLW","MWI",183,"Sweden","SWE","SWE",5,"0","0","-","0","0","0"
1,"xyi69N",1,2472,1996,128,"Malawi","MLW","MWI",183,"Sweden","SWE","SWE",5,"0","0","-","0","0","0"
1,"xyi69N",1,2473,1997,128,"Malawi","MLW","MWI",183,"Sweden","SWE","SWE",5,"0","0","-","0","0","0"
1,"xyi69N",1,2474,1998,128,"Malawi","MLW","MWI",183,"Sweden","SWE","SWE",5,"0","0","-","0","0","0"
1,"xyi69N",1,2475,1999,128,"Malawi","MLW","MWI",183,"Sweden","SWE","SWE",5,"0","0","-","0","0","0"
1,"xyi69N",1,2476,2000,128,"Malawi","MLW","MWI",183,"Sweden","SWE","SWE",5,"0","0","-","0","0","0"
1,"xyi69N",1,2477,2001,128,"Malawi","MLW","MWI",183,"Sweden","SWE","SWE",5,"0","0","-","0","0","0"
1,"xyi69N",1,2478,2002,128,"Malawi","MLW","MWI",183,"Sweden","SWE","SWE",5,"0","0","-","0","0","0"
1,"xyi69N",1,2479,2003,128,"Malawi","MLW","MWI",183,"Sweden","SWE","SWE",5,"0","0","-","0","0","0"
1,"xyi69N",1,2480,2002,129,"Mongolia","MNG","MNG",183,"Sweden","SWE","SWE","0",240,"0","-","0","0","0"
1,"xyi69N",1,2481,2003,129,"Mongolia","MNG","MNG",183,"Sweden","SWE","SWE","0",185,"0","-","0","0","0"
1,"xyi69N",1,2482,2004,129,"Mongolia","MNG","MNG",183,"Sweden","SWE","SWE",9,149,"0","-","0","0","0"
1,"xyi69N",1,2483,2005,129,"Mongolia","MNG","MNG",183,"Sweden","SWE","SWE",12,198,"0","-","0","0","0"
1,"xyi69N",1,2484,2006,129,"Mongolia","MNG","MNG",183,"Sweden","SWE","SWE",20,303,"0","-","0","0","0"
1,"xyi69N",1,2485,2007,129,"Mongolia","MNG","MNG",183,"Sweden","SWE","SWE",64,564,"0","-","0","0","0"
1,"xyi69N",1,2486,2008,129,"Mongolia","MNG","MNG",183,"Sweden","SWE","SWE",81,533,"0","-","0","0","0"
1,"xyi69N",1,2487,2009,129,"Mongolia","MNG","MNG",183,"Sweden","SWE","SWE",98,543,"0","-","0","0","0"
1,"xyi69N",1,2488,2010,129,"Mongolia","MNG","MNG",183,"Sweden","SWE","SWE",125,629,"0","-","0","0","0"
1,"xyi69N",1,2489,2011,129,"Mongolia","MNG","MNG",183,"Sweden","SWE","SWE",151,609,"0","-","0","0","0"
1,"xyi69N",1,2490,2012,129,"Mongolia","MNG","MNG",183,"Sweden","SWE","SWE",158,251,"0","-","0","0","0"
1,"xyi69N",1,2491,2013,129,"Mongolia","MNG","MNG",183,"Sweden","SWE","SWE",198,323,"0","-","0","0","0"
1,"xyi69N",1,2492,2014,129,"Mongolia","MNG","MNG",183,"Sweden","SWE","SWE",240,564,"0","-","0","0","0"
1,"xyi69N",1,2493,2015,129,"Mongolia","MNG","MNG",183,"Sweden","SWE","SWE",283,1208,"0","-","0","0","0"
1,"xyi69N",1,2494,2016,129,"Mongolia","MNG","MNG",183,"Sweden","SWE","SWE",352,598,"0","-","0","0","0"
1,"xyi69N",1,2495,2017,129,"Mongolia","MNG","MNG",183,"Sweden","SWE","SWE",315,359,"0","-","0","0","0"
1,"xyi69N",1,2496,2018,129,"Mongolia","MNG","MNG",183,"Sweden","SWE","SWE",300,339,"0","-","0","0","0"
1,"xyi69N",1,2497,2019,129,"Mongolia","MNG","MNG",183,"Sweden","SWE","SWE",287,241,"0","-","0","0","0"
1,"xyi69N",1,2498,2020,129,"Mongolia","MNG","MNG",183,"Sweden","SWE","SWE",260,318,"0","-","0","0","0"
1,"xyi69N",1,2499,2021,129,"Mongolia","MNG","MNG",183,"Sweden","SWE","SWE",240,139,"0","-","0","0","0"
1,"xyi69N",1,2500,2022,129,"Mongolia","MNG","MNG",183,"Sweden","SWE","SWE",236,120,"0","-","0","0","0"
1,"xyi69N",1,2501,2023,129,"Mongolia","MNG","MNG",183,"Sweden","SWE","SWE",191,112,"0","-","0","0","0"
1,"xyi69N",1,2502,2024,129,"Mongolia","MNG","MNG",183,"Sweden","SWE","SWE",199,22,"0","-","0","0","0"
1,"xyi69N",1,2503,2025,129,"Mongolia","MNG","MNG",183,"Sweden","SWE","SWE",189,11,"0","-","0","0","0"
1,"xyi69N",1,2504,1990,130,"Morocco","MOR","MAR",183,"Sweden","SWE","SWE",9,"0","0","-","0","0","0"
1,"xyi69N",1,2505,1991,130,"Morocco","MOR","MAR",183,"Sweden","SWE","SWE",23,"0","0","-","0","0","0"
1,"xyi69N",1,2506,1992,130,"Morocco","MOR","MAR",183,"Sweden","SWE","SWE",36,"0","0","-","0","0","0"
1,"xyi69N",1,2507,1993,130,"Morocco","MOR","MAR",183,"Sweden","SWE","SWE",50,"0","0","-","0","0","0"
1,"xyi69N",1,2508,1994,130,"Morocco","MOR","MAR",183,"Sweden","SWE","SWE",60,"0","0","-","0","0","0"
1,"xyi69N",1,2509,1995,130,"Morocco","MOR","MAR",183,"Sweden","SWE","SWE",61,"0","0","-","0","0","0"
1,"xyi69N",1,2510,1996,130,"Morocco","MOR","MAR",183,"Sweden","SWE","SWE",61,"0","0","-","0","0","0"
1,"xyi69N",1,2511,1997,130,"Morocco","MOR","MAR",183,"Sweden","SWE","SWE",62,"0","0","-","0","0","0"
1,"xyi69N",1,2512,1998,130,"Morocco","MOR","MAR",183,"Sweden","SWE","SWE",65,"0","0","-","0","0","0"
1,"xyi69N",1,2513,1999,130,"Morocco","MOR","MAR",183,"Sweden","SWE","SWE",65,"0","0","-","0","0","0"
1,"xyi69N",1,2514,2000,130,"Morocco","MOR","MAR",183,"Sweden","SWE","SWE",61,"0","0","-","0","0","0"
1,"xyi69N",1,2515,2001,130,"Morocco","MOR","MAR",183,"Sweden","SWE","SWE",49,"0","0","-","0","0","0"
1,"xyi69N",1,2516,2002,130,"Morocco","MOR","MAR",183,"Sweden","SWE","SWE",41,42,"0","-","0","0","0"
1,"xyi69N",1,2517,2003,130,"Morocco","MOR","MAR",183,"Sweden","SWE","SWE",35,44,"0","-","0","0","0"
1,"xyi69N",1,2518,2004,130,"Morocco","MOR","MAR",183,"Sweden","SWE","SWE",29,41,"0","-","0","0","0"
1,"xyi69N",1,2519,2005,130,"Morocco","MOR","MAR",183,"Sweden","SWE","SWE",39,32,"0","-","0","0","0"
1,"xyi69N",1,2520,2006,130,"Morocco","MOR","MAR",183,"Sweden","SWE","SWE",42,35,"0","-","0","0","0"
1,"xyi69N",1,2521,2007,130,"Morocco","MOR","MAR",183,"Sweden","SWE","SWE",47,46,"0","-","0","0","0"
1,"xyi69N",1,2522,2008,130,"Morocco","MOR","MAR",183,"Sweden","SWE","SWE",47,41,"0","-","0","0","0"
1,"xyi69N",1,2523,2009,130,"Morocco","MOR","MAR",183,"Sweden","SWE","SWE",55,28,"0","-","0","0","0"
1,"xyi69N",1,2524,2010,130,"Morocco","MOR","MAR",183,"Sweden","SWE","SWE",55,50,"0","-","0","0","0"
1,"xyi69N",1,2525,2011,130,"Morocco","MOR","MAR",183,"Sweden","SWE","SWE",66,87,"0","-","0","0","0"
1,"xyi69N",1,2526,2012,130,"Morocco","MOR","MAR",183,"Sweden","SWE","SWE",65,186,"0","-","0","0","0"
1,"xyi69N",1,2527,2013,130,"Morocco","MOR","MAR",183,"Sweden","SWE","SWE",98,309,"0","-","0","0","0"
1,"xyi69N",1,2528,2014,130,"Morocco","MOR","MAR",183,"Sweden","SWE","SWE",148,441,"0","-","0","0","0"
1,"xyi69N",1,2529,2015,130,"Morocco","MOR","MAR",183,"Sweden","SWE","SWE",170,609,"0","-","0","0","0"
1,"xyi69N",1,2530,2016,130,"Morocco","MOR","MAR",183,"Sweden","SWE","SWE",205,434,"0","-","0","0","0"
1,"xyi69N",1,2531,2017,130,"Morocco","MOR","MAR",183,"Sweden","SWE","SWE",230,368,"0","-","0","0","0"
1,"xyi69N",1,2532,2018,130,"Morocco","MOR","MAR",183,"Sweden","SWE","SWE",240,318,"0","-","0","0","0"
1,"xyi69N",1,2533,2019,130,"Morocco","MOR","MAR",183,"Sweden","SWE","SWE",250,238,"0","-","0","0","0"
1,"xyi69N",1,2534,2020,130,"Morocco","MOR","MAR",183,"Sweden","SWE","SWE",259,176,"0","-","0","0","0"
1,"xyi69N",1,2535,2021,130,"Morocco","MOR","MAR",183,"Sweden","SWE","SWE",256,148,"0","-","0","0","0"
1,"xyi69N",1,2536,2022,130,"Morocco","MOR","MAR",183,"Sweden","SWE","SWE",261,137,"0","-","0","0","0"
1,"xyi69N",1,2537,2023,130,"Morocco","MOR","MAR",183,"Sweden","SWE","SWE",213,94,"0","-","0","0","0"
1,"xyi69N",1,2538,2024,130,"Morocco","MOR","MAR",183,"Sweden","SWE","SWE",174,40,"0","-","0","0","0"
1,"xyi69N",1,2539,2025,130,"Morocco","MOR","MAR",183,"Sweden","SWE","SWE",164,44,"0","-","0","0","0"
1,"xyi69N",1,2540,2018,131,"Mozambique","MOZ","MOZ",183,"Sweden","SWE","SWE","0",8,"0","-","0","0","0"
1,"xyi69N",1,2541,2019,131,"Mozambique","MOZ","MOZ",183,"Sweden","SWE","SWE","0",9,"0","-","0","0","0"
1,"xyi69N",1,2542,2020,131,"Mozambique","MOZ","MOZ",183,"Sweden","SWE","SWE","0",6,"0","-","0","0","0"
1,"xyi69N",1,2543,2021,131,"Mozambique","MOZ","MOZ",183,"Sweden","SWE","SWE","0",5,"0","-","0","0","0"
1,"xyi69N",1,2544,2006,133,"Montenegro","MNE","MNE",183,"Sweden","SWE","SWE",5,13,"0","-","0","0","0"
1,"xyi69N",1,2545,2007,133,"Montenegro","MNE","MNE",183,"Sweden","SWE","SWE",22,77,"0","-","0","0","0"
1,"xyi69N",1,2546,2008,133,"Montenegro","MNE","MNE",183,"Sweden","SWE","SWE",32,39,"0","-","0","0","0"
1,"xyi69N",1,2547,2009,133,"Montenegro","MNE","MNE",183,"Sweden","SWE","SWE",36,26,"0","-","0","0","0"
1,"xyi69N",1,2548,2010,133,"Montenegro","MNE","MNE",183,"Sweden","SWE","SWE",42,25,"0","-","0","0","0"
1,"xyi69N",1,2549,2011,133,"Montenegro","MNE","MNE",183,"Sweden","SWE","SWE",49,69,"0","-","0","0","0"
1,"xyi69N",1,2550,2012,133,"Montenegro","MNE","MNE",183,"Sweden","SWE","SWE",49,24,"0","-","0","0","0"
1,"xyi69N",1,2551,2013,133,"Montenegro","MNE","MNE",183,"Sweden","SWE","SWE",56,60,"0","-","0","0","0"
1,"xyi69N",1,2552,2014,133,"Montenegro","MNE","MNE",183,"Sweden","SWE","SWE",62,81,"0","-","0","0","0"
1,"xyi69N",1,2553,2015,133,"Montenegro","MNE","MNE",183,"Sweden","SWE","SWE",62,40,"0","-","0","0","0"
1,"xyi69N",1,2554,2016,133,"Montenegro","MNE","MNE",183,"Sweden","SWE","SWE",59,29,"0","-","0","0","0"
1,"xyi69N",1,2555,2017,133,"Montenegro","MNE","MNE",183,"Sweden","SWE","SWE",40,31,"0","-","0","0","0"
1,"xyi69N",1,2556,2018,133,"Montenegro","MNE","MNE",183,"Sweden","SWE","SWE",30,33,"0","-","0","0","0"
1,"xyi69N",1,2557,2019,133,"Montenegro","MNE","MNE",183,"Sweden","SWE","SWE",34,14,"0","-","0","0","0"
1,"xyi69N",1,2558,2020,133,"Montenegro","MNE","MNE",183,"Sweden","SWE","SWE",28,13,"0","-","0","0","0"
1,"xyi69N",1,2559,2021,133,"Montenegro","MNE","MNE",183,"Sweden","SWE","SWE",21,18,"0","-","0","0","0"
1,"xyi69N",1,2560,2022,133,"Montenegro","MNE","MNE",183,"Sweden","SWE","SWE",21,9,"0","-","0","0","0"
1,"xyi69N",1,2561,2023,133,"Montenegro","MNE","MNE",183,"Sweden","SWE","SWE",14,9,"0","-","0","0","0"
1,"xyi69N",1,2562,2024,133,"Montenegro","MNE","MNE",183,"Sweden","SWE","SWE",60,"0","0","-","0","0","0"
1,"xyi69N",1,2563,2025,133,"Montenegro","MNE","MNE",183,"Sweden","SWE","SWE",60,6,"0","-","0","0","0"
1,"xyi69N",1,2564,1991,135,"Myanmar","MYA","MMR",183,"Sweden","SWE","SWE",5,"0","0","-","0","0","0"
1,"xyi69N",1,2565,1992,135,"Myanmar","MYA","MMR",183,"Sweden","SWE","SWE",9,"0","0","-","0","0","0"
1,"xyi69N",1,2566,1993,135,"Myanmar","MYA","MMR",183,"Sweden","SWE","SWE",25,"0","0","-","0","0","0"
1,"xyi69N",1,2567,1994,135,"Myanmar","MYA","MMR",183,"Sweden","SWE","SWE",39,"0","0","-","0","0","0"
1,"xyi69N",1,2568,1995,135,"Myanmar","MYA","MMR",183,"Sweden","SWE","SWE",40,"0","0","-","0","0","0"
1,"xyi69N",1,2569,1996,135,"Myanmar","MYA","MMR",183,"Sweden","SWE","SWE",41,"0","0","-","0","0","0"
1,"xyi69N",1,2570,1997,135,"Myanmar","MYA","MMR",183,"Sweden","SWE","SWE",41,"0","0","-","0","0","0"
1,"xyi69N",1,2571,1998,135,"Myanmar","MYA","MMR",183,"Sweden","SWE","SWE",42,"0","0","-","0","0","0"
1,"xyi69N",1,2572,1999,135,"Myanmar","MYA","MMR",183,"Sweden","SWE","SWE",42,"0","0","-","0","0","0"
1,"xyi69N",1,2573,2000,135,"Myanmar","MYA","MMR",183,"Sweden","SWE","SWE",43,"0","0","-","0","0","0"
1,"xyi69N",1,2574,2001,135,"Myanmar","MYA","MMR",183,"Sweden","SWE","SWE",38,"0","0","-","0","0","0"
1,"xyi69N",1,2575,2002,135,"Myanmar","MYA","MMR",183,"Sweden","SWE","SWE",35,21,"0","-","0","0","0"
1,"xyi69N",1,2576,2003,135,"Myanmar","MYA","MMR",183,"Sweden","SWE","SWE",31,30,"0","-","0","0","0"
1,"xyi69N",1,2577,2004,135,"Myanmar","MYA","MMR",183,"Sweden","SWE","SWE",156,29,"0","-","0","0","0"
1,"xyi69N",1,2578,2005,135,"Myanmar","MYA","MMR",183,"Sweden","SWE","SWE",569,14,"0","-","0","0","0"
1,"xyi69N",1,2579,2006,135,"Myanmar","MYA","MMR",183,"Sweden","SWE","SWE",867,7,"0","-","0","0","0"
1,"xyi69N",1,2580,2007,135,"Myanmar","MYA","MMR",183,"Sweden","SWE","SWE",39,8,"0","-","0","0","0"
1,"xyi69N",1,2581,2008,135,"Myanmar","MYA","MMR",183,"Sweden","SWE","SWE",40,6,"0","-","0","0","0"
1,"xyi69N",1,2582,2009,135,"Myanmar","MYA","MMR",183,"Sweden","SWE","SWE",46,7,"0","-","0","0","0"
1,"xyi69N",1,2583,2010,135,"Myanmar","MYA","MMR",183,"Sweden","SWE","SWE",46,5,"0","-","0","0","0"
1,"xyi69N",1,2584,2011,135,"Myanmar","MYA","MMR",183,"Sweden","SWE","SWE",50,5,"0","-","0","0","0"
1,"xyi69N",1,2585,2012,135,"Myanmar","MYA","MMR",183,"Sweden","SWE","SWE",49,"0","0","-","0","0","0"
1,"xyi69N",1,2586,2013,135,"Myanmar","MYA","MMR",183,"Sweden","SWE","SWE",43,"0","0","-","0","0","0"
1,"xyi69N",1,2587,2014,135,"Myanmar","MYA","MMR",183,"Sweden","SWE","SWE",32,5,"0","-","0","0","0"
1,"xyi69N",1,2588,2015,135,"Myanmar","MYA","MMR",183,"Sweden","SWE","SWE",26,9,"0","-","0","0","0"
1,"xyi69N",1,2589,2016,135,"Myanmar","MYA","MMR",183,"Sweden","SWE","SWE",19,11,"0","-","0","0","0"
1,"xyi69N",1,2590,2017,135,"Myanmar","MYA","MMR",183,"Sweden","SWE","SWE",16,5,"0","-","0","0","0"
1,"xyi69N",1,2591,2018,135,"Myanmar","MYA","MMR",183,"Sweden","SWE","SWE",15,11,"0","-","0","0","0"
1,"xyi69N",1,2592,2019,135,"Myanmar","MYA","MMR",183,"Sweden","SWE","SWE",10,12,"0","-","0","0","0"
1,"xyi69N",1,2593,2020,135,"Myanmar","MYA","MMR",183,"Sweden","SWE","SWE",9,9,"0","-","0","0","0"
1,"xyi69N",1,2594,2021,135,"Myanmar","MYA","MMR",183,"Sweden","SWE","SWE",6,5,"0","-","0","0","0"
1,"xyi69N",1,2595,2022,135,"Myanmar","MYA","MMR",183,"Sweden","SWE","SWE",9,9,"0","-","0","0","0"
1,"xyi69N",1,2596,2023,135,"Myanmar","MYA","MMR",183,"Sweden","SWE","SWE",22,"0","0","-","0","0","0"
1,"xyi69N",1,2597,2024,135,"Myanmar","MYA","MMR",183,"Sweden","SWE","SWE",207,6,"0","-","0","0","0"
1,"xyi69N",1,2598,2025,135,"Myanmar","MYA","MMR",183,"Sweden","SWE","SWE",199,11,"0","-","0","0","0"
1,"xyi69N",1,2599,2006,136,"Namibia","NAM","NAM",183,"Sweden","SWE","SWE",5,"0","0","-","0","0","0"
1,"xyi69N",1,2600,2024,136,"Namibia","NAM","NAM",183,"Sweden","SWE","SWE",33,"0","0","-","0","0","0"
1,"xyi69N",1,2601,2025,136,"Namibia","NAM","NAM",183,"Sweden","SWE","SWE",34,"0","0","-","0","0","0"
1,"xyi69N",1,2602,2002,137,"Nepal","NEP","NPL",183,"Sweden","SWE","SWE","0",38,"0","-","0","0","0"
1,"xyi69N",1,2603,2003,137,"Nepal","NEP","NPL",183,"Sweden","SWE","SWE","0",52,"0","-","0","0","0"
1,"xyi69N",1,2604,2004,137,"Nepal","NEP","NPL",183,"Sweden","SWE","SWE",5,61,"0","-","0","0","0"
1,"xyi69N",1,2605,2005,137,"Nepal","NEP","NPL",183,"Sweden","SWE","SWE",8,59,"0","-","0","0","0"
1,"xyi69N",1,2606,2006,137,"Nepal","NEP","NPL",183,"Sweden","SWE","SWE",17,15,"0","-","0","0","0"
1,"xyi69N",1,2607,2007,137,"Nepal","NEP","NPL",183,"Sweden","SWE","SWE",10,36,"0","-","0","0","0"
1,"xyi69N",1,2608,2008,137,"Nepal","NEP","NPL",183,"Sweden","SWE","SWE",13,100,"0","-","0","0","0"
1,"xyi69N",1,2609,2009,137,"Nepal","NEP","NPL",183,"Sweden","SWE","SWE",16,62,"0","-","0","0","0"
1,"xyi69N",1,2610,2010,137,"Nepal","NEP","NPL",183,"Sweden","SWE","SWE",19,26,"0","-","0","0","0"
1,"xyi69N",1,2611,2011,137,"Nepal","NEP","NPL",183,"Sweden","SWE","SWE",22,16,"0","-","0","0","0"
1,"xyi69N",1,2612,2012,137,"Nepal","NEP","NPL",183,"Sweden","SWE","SWE",22,13,"0","-","0","0","0"
1,"xyi69N",1,2613,2013,137,"Nepal","NEP","NPL",183,"Sweden","SWE","SWE",25,11,"0","-","0","0","0"
1,"xyi69N",1,2614,2014,137,"Nepal","NEP","NPL",183,"Sweden","SWE","SWE",21,9,"0","-","0","0","0"
1,"xyi69N",1,2615,2015,137,"Nepal","NEP","NPL",183,"Sweden","SWE","SWE",19,70,"0","-","0","0","0"
1,"xyi69N",1,2616,2016,137,"Nepal","NEP","NPL",183,"Sweden","SWE","SWE",20,34,"0","-","0","0","0"
1,"xyi69N",1,2617,2017,137,"Nepal","NEP","NPL",183,"Sweden","SWE","SWE",19,12,"0","-","0","0","0"
1,"xyi69N",1,2618,2018,137,"Nepal","NEP","NPL",183,"Sweden","SWE","SWE",16,20,"0","-","0","0","0"
1,"xyi69N",1,2619,2019,137,"Nepal","NEP","NPL",183,"Sweden","SWE","SWE",14,20,"0","-","0","0","0"
1,"xyi69N",1,2620,2020,137,"Nepal","NEP","NPL",183,"Sweden","SWE","SWE",11,14,"0","-","0","0","0"
1,"xyi69N",1,2621,2021,137,"Nepal","NEP","NPL",183,"Sweden","SWE","SWE",9,5,"0","-","0","0","0"
1,"xyi69N",1,2622,2022,137,"Nepal","NEP","NPL",183,"Sweden","SWE","SWE",8,5,"0","-","0","0","0"
1,"xyi69N",1,2623,2023,137,"Nepal","NEP","NPL",183,"Sweden","SWE","SWE",5,10,"0","-","0","0","0"
1,"xyi69N",1,2624,2024,137,"Nepal","NEP","NPL",183,"Sweden","SWE","SWE",19,10,"0","-","0","0","0"
1,"xyi69N",1,2625,2025,137,"Nepal","NEP","NPL",183,"Sweden","SWE","SWE",21,5,"0","-","0","0","0"
1,"xyi69N",1,2626,2003,138,"Netherlands (Kingdom of the)","NET","NLD",183,"Sweden","SWE","SWE","0",5,"0","-","0","0","0"
1,"xyi69N",1,2627,2006,138,"Netherlands (Kingdom of the)","NET","NLD",183,"Sweden","SWE","SWE",5,"0","0","-","0","0","0"
1,"xyi69N",1,2628,2007,138,"Netherlands (Kingdom of the)","NET","NLD",183,"Sweden","SWE","SWE",5,5,"0","-","0","0","0"
1,"xyi69N",1,2629,2008,138,"Netherlands (Kingdom of the)","NET","NLD",183,"Sweden","SWE","SWE",5,"0","0","-","0","0","0"
1,"xyi69N",1,2630,2009,138,"Netherlands (Kingdom of the)","NET","NLD",183,"Sweden","SWE","SWE",5,"0","0","-","0","0","0"
1,"xyi69N",1,2631,2010,138,"Netherlands (Kingdom of the)","NET","NLD",183,"Sweden","SWE","SWE",5,"0","0","-","0","0","0"
1,"xyi69N",1,2632,2011,138,"Netherlands (Kingdom of the)","NET","NLD",183,"Sweden","SWE","SWE",5,"0","0","-","0","0","0"
1,"xyi69N",1,2633,2012,138,"Netherlands (Kingdom of the)","NET","NLD",183,"Sweden","SWE","SWE",5,"0","0","-","0","0","0"
1,"xyi69N",1,2634,2015,138,"Netherlands (Kingdom of the)","NET","NLD",183,"Sweden","SWE","SWE","0",5,"0","-","0","0","0"
1,"xyi69N",1,2635,2024,138,"Netherlands (Kingdom of the)","NET","NLD",183,"Sweden","SWE","SWE",5,"0","0","-","0","0","0"
1,"xyi69N",1,2636,2025,138,"Netherlands (Kingdom of the)","NET","NLD",183,"Sweden","SWE","SWE",5,"0","0","-","0","0","0"
1,"xyi69N",1,2637,2002,139,"Niger","NGR","NER",183,"Sweden","SWE","SWE","0",7,"0","-","0","0","0"
1,"xyi69N",1,2638,2003,139,"Niger","NGR","NER",183,"Sweden","SWE","SWE","0",13,"0","-","0","0","0"
1,"xyi69N",1,2639,2004,139,"Niger","NGR","NER",183,"Sweden","SWE","SWE","0",13,"0","-","0","0","0"
1,"xyi69N",1,2640,2005,139,"Niger","NGR","NER",183,"Sweden","SWE","SWE","0",5,"0","-","0","0","0"
1,"xyi69N",1,2641,2007,139,"Niger","NGR","NER",183,"Sweden","SWE","SWE","0",5,"0","-","0","0","0"
1,"xyi69N",1,2642,2008,139,"Niger","NGR","NER",183,"Sweden","SWE","SWE","0",5,"0","-","0","0","0"
1,"xyi69N",1,2643,2010,139,"Niger","NGR","NER",183,"Sweden","SWE","SWE","0",5,"0","-","0","0","0"
1,"xyi69N",1,2644,2011,139,"Niger","NGR","NER",183,"Sweden","SWE","SWE","0",5,"0","-","0","0","0"
1,"xyi69N",1,2645,2012,139,"Niger","NGR","NER",183,"Sweden","SWE","SWE",5,5,"0","-","0","0","0"
1,"xyi69N",1,2646,2013,139,"Niger","NGR","NER",183,"Sweden","SWE","SWE",5,"0","0","-","0","0","0"
1,"xyi69N",1,2647,2014,139,"Niger","NGR","NER",183,"Sweden","SWE","SWE",5,"0","0","-","0","0","0"
1,"xyi69N",1,2648,2015,139,"Niger","NGR","NER",183,"Sweden","SWE","SWE","0",5,"0","-","0","0","0"
1,"xyi69N",1,2649,2016,139,"Niger","NGR","NER",183,"Sweden","SWE","SWE",5,5,"0","-","0","0","0"
1,"xyi69N",1,2650,2017,139,"Niger","NGR","NER",183,"Sweden","SWE","SWE",5,"0","0","-","0","0","0"
1,"xyi69N",1,2651,2018,139,"Niger","NGR","NER",183,"Sweden","SWE","SWE",5,"0","0","-","0","0","0"
1,"xyi69N",1,2652,2019,139,"Niger","NGR","NER",183,"Sweden","SWE","SWE",5,"0","0","-","0","0","0"
1,"xyi69N",1,2653,2020,139,"Niger","NGR","NER",183,"Sweden","SWE","SWE",5,"0","0","-","0","0","0"
1,"xyi69N",1,2654,2021,139,"Niger","NGR","NER",183,"Sweden","SWE","SWE",5,"0","0","-","0","0","0"
1,"xyi69N",1,2655,2022,139,"Niger","NGR","NER",183,"Sweden","SWE","SWE",5,"0","0","-","0","0","0"
1,"xyi69N",1,2656,1990,140,"Nicaragua","NIC","NIC",183,"Sweden","SWE","SWE",5,"0","0","-","0","0","0"
1,"xyi69N",1,2657,1991,140,"Nicaragua","NIC","NIC",183,"Sweden","SWE","SWE",9,"0","0","-","0","0","0"
1,"xyi69N",1,2658,1992,140,"Nicaragua","NIC","NIC",183,"Sweden","SWE","SWE",9,"0","0","-","0","0","0"
1,"xyi69N",1,2659,1993,140,"Nicaragua","NIC","NIC",183,"Sweden","SWE","SWE",11,"0","0","-","0","0","0"
1,"xyi69N",1,2660,1994,140,"Nicaragua","NIC","NIC",183,"Sweden","SWE","SWE",17,"0","0","-","0","0","0"
1,"xyi69N",1,2661,1995,140,"Nicaragua","NIC","NIC",183,"Sweden","SWE","SWE",19,"0","0","-","0","0","0"
1,"xyi69N",1,2662,1996,140,"Nicaragua","NIC","NIC",183,"Sweden","SWE","SWE",19,"0","0","-","0","0","0"
1,"xyi69N",1,2663,1997,140,"Nicaragua","NIC","NIC",183,"Sweden","SWE","SWE",20,"0","0","-","0","0","0"
1,"xyi69N",1,2664,1998,140,"Nicaragua","NIC","NIC",183,"Sweden","SWE","SWE",20,"0","0","-","0","0","0"
1,"xyi69N",1,2665,1999,140,"Nicaragua","NIC","NIC",183,"Sweden","SWE","SWE",20,"0","0","-","0","0","0"
1,"xyi69N",1,2666,2000,140,"Nicaragua","NIC","NIC",183,"Sweden","SWE","SWE",17,"0","0","-","0","0","0"
1,"xyi69N",1,2667,2001,140,"Nicaragua","NIC","NIC",183,"Sweden","SWE","SWE",12,"0","0","-","0","0","0"
1,"xyi69N",1,2668,2002,140,"Nicaragua","NIC","NIC",183,"Sweden","SWE","SWE",14,5,"0","-","0","0","0"
1,"xyi69N",1,2669,2003,140,"Nicaragua","NIC","NIC",183,"Sweden","SWE","SWE",13,"0","0","-","0","0","0"
1,"xyi69N",1,2670,2004,140,"Nicaragua","NIC","NIC",183,"Sweden","SWE","SWE",7,5,"0","-","0","0","0"
1,"xyi69N",1,2671,2005,140,"Nicaragua","NIC","NIC",183,"Sweden","SWE","SWE",5,"0","0","-","0","0","0"
1,"xyi69N",1,2672,2006,140,"Nicaragua","NIC","NIC",183,"Sweden","SWE","SWE",9,5,"0","-","0","0","0"
1,"xyi69N",1,2673,2007,140,"Nicaragua","NIC","NIC",183,"Sweden","SWE","SWE",5,28,"0","-","0","0","0"
1,"xyi69N",1,2674,2008,140,"Nicaragua","NIC","NIC",183,"Sweden","SWE","SWE",5,32,"0","-","0","0","0"
1,"xyi69N",1,2675,2009,140,"Nicaragua","NIC","NIC",183,"Sweden","SWE","SWE",5,30,"0","-","0","0","0"
1,"xyi69N",1,2676,2010,140,"Nicaragua","NIC","NIC",183,"Sweden","SWE","SWE",7,16,"0","-","0","0","0"
1,"xyi69N",1,2677,2011,140,"Nicaragua","NIC","NIC",183,"Sweden","SWE","SWE",7,14,"0","-","0","0","0"
1,"xyi69N",1,2678,2012,140,"Nicaragua","NIC","NIC",183,"Sweden","SWE","SWE",6,17,"0","-","0","0","0"
1,"xyi69N",1,2679,2013,140,"Nicaragua","NIC","NIC",183,"Sweden","SWE","SWE",5,5,"0","-","0","0","0"
1,"xyi69N",1,2680,2014,140,"Nicaragua","NIC","NIC",183,"Sweden","SWE","SWE",6,12,"0","-","0","0","0"
1,"xyi69N",1,2681,2015,140,"Nicaragua","NIC","NIC",183,"Sweden","SWE","SWE",6,19,"0","-","0","0","0"
1,"xyi69N",1,2682,2016,140,"Nicaragua","NIC","NIC",183,"Sweden","SWE","SWE",9,27,"0","-","0","0","0"
1,"xyi69N",1,2683,2017,140,"Nicaragua","NIC","NIC",183,"Sweden","SWE","SWE",9,59,"0","-","0","0","0"
1,"xyi69N",1,2684,2018,140,"Nicaragua","NIC","NIC",183,"Sweden","SWE","SWE",9,243,"0","-","0","0","0"
1,"xyi69N",1,2685,2019,140,"Nicaragua","NIC","NIC",183,"Sweden","SWE","SWE",38,238,"0","-","0","0","0"
1,"xyi69N",1,2686,2020,140,"Nicaragua","NIC","NIC",183,"Sweden","SWE","SWE",63,72,"0","-","0","0","0"
1,"xyi69N",1,2687,2021,140,"Nicaragua","NIC","NIC",183,"Sweden","SWE","SWE",63,40,"0","-","0","0","0"
1,"xyi69N",1,2688,2022,140,"Nicaragua","NIC","NIC",183,"Sweden","SWE","SWE",70,164,"0","-","0","0","0"
1,"xyi69N",1,2689,2023,140,"Nicaragua","NIC","NIC",183,"Sweden","SWE","SWE",118,88,"0","-","0","0","0"
1,"xyi69N",1,2690,2024,140,"Nicaragua","NIC","NIC",183,"Sweden","SWE","SWE",117,50,"0","-","0","0","0"
1,"xyi69N",1,2691,2025,140,"Nicaragua","NIC","NIC",183,"Sweden","SWE","SWE",114,25,"0","-","0","0","0"
1,"xyi69N",1,2692,1991,141,"Nigeria","NIG","NGA",183,"Sweden","SWE","SWE",7,"0","0","-","0","0","0"
1,"xyi69N",1,2693,1992,141,"Nigeria","NIG","NGA",183,"Sweden","SWE","SWE",19,"0","0","-","0","0","0"
1,"xyi69N",1,2694,1993,141,"Nigeria","NIG","NGA",183,"Sweden","SWE","SWE",21,"0","0","-","0","0","0"
1,"xyi69N",1,2695,1994,141,"Nigeria","NIG","NGA",183,"Sweden","SWE","SWE",25,"0","0","-","0","0","0"
1,"xyi69N",1,2696,1995,141,"Nigeria","NIG","NGA",183,"Sweden","SWE","SWE",26,"0","0","-","0","0","0"
1,"xyi69N",1,2697,1996,141,"Nigeria","NIG","NGA",183,"Sweden","SWE","SWE",31,"0","0","-","0","0","0"
1,"xyi69N",1,2698,1997,141,"Nigeria","NIG","NGA",183,"Sweden","SWE","SWE",34,"0","0","-","0","0","0"
1,"xyi69N",1,2699,1998,141,"Nigeria","NIG","NGA",183,"Sweden","SWE","SWE",35,"0","0","-","0","0","0"
1,"xyi69N",1,2700,1999,141,"Nigeria","NIG","NGA",183,"Sweden","SWE","SWE",35,"0","0","-","0","0","0"
1,"xyi69N",1,2701,2000,141,"Nigeria","NIG","NGA",183,"Sweden","SWE","SWE",37,"0","0","-","0","0","0"
1,"xyi69N",1,2702,2001,141,"Nigeria","NIG","NGA",183,"Sweden","SWE","SWE",35,"0","0","-","0","0","0"
1,"xyi69N",1,2703,2002,141,"Nigeria","NIG","NGA",183,"Sweden","SWE","SWE",25,172,"0","-","0","0","0"
1,"xyi69N",1,2704,2003,141,"Nigeria","NIG","NGA",183,"Sweden","SWE","SWE",26,418,"0","-","0","0","0"
1,"xyi69N",1,2705,2004,141,"Nigeria","NIG","NGA",183,"Sweden","SWE","SWE",30,328,"0","-","0","0","0"
1,"xyi69N",1,2706,2005,141,"Nigeria","NIG","NGA",183,"Sweden","SWE","SWE",43,151,"0","-","0","0","0"
1,"xyi69N",1,2707,2006,141,"Nigeria","NIG","NGA",183,"Sweden","SWE","SWE",40,85,"0","-","0","0","0"
1,"xyi69N",1,2708,2007,141,"Nigeria","NIG","NGA",183,"Sweden","SWE","SWE",47,144,"0","-","0","0","0"
1,"xyi69N",1,2709,2008,141,"Nigeria","NIG","NGA",183,"Sweden","SWE","SWE",67,158,"0","-","0","0","0"
1,"xyi69N",1,2710,2009,141,"Nigeria","NIG","NGA",183,"Sweden","SWE","SWE",93,207,"0","-","0","0","0"
1,"xyi69N",1,2711,2010,141,"Nigeria","NIG","NGA",183,"Sweden","SWE","SWE",124,225,"0","-","0","0","0"
1,"xyi69N",1,2712,2011,141,"Nigeria","NIG","NGA",183,"Sweden","SWE","SWE",147,225,"0","-","0","0","0"
1,"xyi69N",1,2713,2012,141,"Nigeria","NIG","NGA",183,"Sweden","SWE","SWE",178,339,"0","-","0","0","0"
1,"xyi69N",1,2714,2013,141,"Nigeria","NIG","NGA",183,"Sweden","SWE","SWE",257,362,"0","-","0","0","0"
1,"xyi69N",1,2715,2014,141,"Nigeria","NIG","NGA",183,"Sweden","SWE","SWE",365,376,"0","-","0","0","0"
1,"xyi69N",1,2716,2015,141,"Nigeria","NIG","NGA",183,"Sweden","SWE","SWE",398,510,"0","-","0","0","0"
1,"xyi69N",1,2717,2016,141,"Nigeria","NIG","NGA",183,"Sweden","SWE","SWE",483,465,"0","-","0","0","0"
1,"xyi69N",1,2718,2017,141,"Nigeria","NIG","NGA",183,"Sweden","SWE","SWE",510,515,"0","-","0","0","0"
1,"xyi69N",1,2719,2018,141,"Nigeria","NIG","NGA",183,"Sweden","SWE","SWE",539,571,"0","-","0","0","0"
1,"xyi69N",1,2720,2019,141,"Nigeria","NIG","NGA",183,"Sweden","SWE","SWE",588,539,"0","-","0","0","0"
1,"xyi69N",1,2721,2020,141,"Nigeria","NIG","NGA",183,"Sweden","SWE","SWE",590,439,"0","-","0","0","0"
1,"xyi69N",1,2722,2021,141,"Nigeria","NIG","NGA",183,"Sweden","SWE","SWE",598,327,"0","-","0","0","0"
1,"xyi69N",1,2723,2022,141,"Nigeria","NIG","NGA",183,"Sweden","SWE","SWE",616,267,"0","-","0","0","0"
1,"xyi69N",1,2724,2023,141,"Nigeria","NIG","NGA",183,"Sweden","SWE","SWE",543,194,"0","-","0","0","0"
1,"xyi69N",1,2725,2024,141,"Nigeria","NIG","NGA",183,"Sweden","SWE","SWE",509,127,"0","-","0","0","0"
1,"xyi69N",1,2726,2025,141,"Nigeria","NIG","NGA",183,"Sweden","SWE","SWE",491,99,"0","-","0","0","0"
1,"xyi69N",1,2727,2011,143,"Norway","NOR","NOR",183,"Sweden","SWE","SWE",5,"0","0","-","0","0","0"
1,"xyi69N",1,2728,2012,143,"Norway","NOR","NOR",183,"Sweden","SWE","SWE",5,"0","0","-","0","0","0"
1,"xyi69N",1,2729,2013,143,"Norway","NOR","NOR",183,"Sweden","SWE","SWE",5,"0","0","-","0","0","0"
1,"xyi69N",1,2730,2014,143,"Norway","NOR","NOR",183,"Sweden","SWE","SWE",5,"0","0","-","0","0","0"
1,"xyi69N",1,2731,2015,143,"Norway","NOR","NOR",183,"Sweden","SWE","SWE",5,"0","0","-","0","0","0"
1,"xyi69N",1,2732,2016,143,"Norway","NOR","NOR",183,"Sweden","SWE","SWE",5,5,"0","-","0","0","0"
1,"xyi69N",1,2733,2017,143,"Norway","NOR","NOR",183,"Sweden","SWE","SWE",5,"0","0","-","0","0","0"
1,"xyi69N",1,2734,2024,143,"Norway","NOR","NOR",183,"Sweden","SWE","SWE",5,"0","0","-","0","0","0"
1,"xyi69N",1,2735,2025,143,"Norway","NOR","NOR",183,"Sweden","SWE","SWE",5,"0","0","-","0","0","0"
1,"xyi69N",1,2736,1990,147,"Pakistan","PAK","PAK",183,"Sweden","SWE","SWE",41,"0","0","-","0","0","0"
1,"xyi69N",1,2737,1991,147,"Pakistan","PAK","PAK",183,"Sweden","SWE","SWE",42,"0","0","-","0","0","0"
1,"xyi69N",1,2738,1992,147,"Pakistan","PAK","PAK",183,"Sweden","SWE","SWE",56,"0","0","-","0","0","0"
1,"xyi69N",1,2739,1993,147,"Pakistan","PAK","PAK",183,"Sweden","SWE","SWE",56,"0","0","-","0","0","0"
1,"xyi69N",1,2740,1994,147,"Pakistan","PAK","PAK",183,"Sweden","SWE","SWE",75,"0","0","-","0","0","0"
1,"xyi69N",1,2741,1995,147,"Pakistan","PAK","PAK",183,"Sweden","SWE","SWE",76,"0","0","-","0","0","0"
1,"xyi69N",1,2742,1996,147,"Pakistan","PAK","PAK",183,"Sweden","SWE","SWE",80,"0","0","-","0","0","0"
1,"xyi69N",1,2743,1997,147,"Pakistan","PAK","PAK",183,"Sweden","SWE","SWE",94,"0","0","-","0","0","0"
1,"xyi69N",1,2744,1998,147,"Pakistan","PAK","PAK",183,"Sweden","SWE","SWE",92,"0","0","-","0","0","0"
1,"xyi69N",1,2745,1999,147,"Pakistan","PAK","PAK",183,"Sweden","SWE","SWE",92,"0","0","-","0","0","0"
1,"xyi69N",1,2746,2000,147,"Pakistan","PAK","PAK",183,"Sweden","SWE","SWE",88,"0","0","-","0","0","0"
1,"xyi69N",1,2747,2001,147,"Pakistan","PAK","PAK",183,"Sweden","SWE","SWE",111,"0","0","-","0","0","0"
1,"xyi69N",1,2748,2002,147,"Pakistan","PAK","PAK",183,"Sweden","SWE","SWE",135,112,"0","-","0","0","0"
1,"xyi69N",1,2749,2003,147,"Pakistan","PAK","PAK",183,"Sweden","SWE","SWE",170,121,"0","-","0","0","0"
1,"xyi69N",1,2750,2004,147,"Pakistan","PAK","PAK",183,"Sweden","SWE","SWE",161,108,"0","-","0","0","0"
1,"xyi69N",1,2751,2005,147,"Pakistan","PAK","PAK",183,"Sweden","SWE","SWE",178,70,"0","-","0","0","0"
1,"xyi69N",1,2752,2006,147,"Pakistan","PAK","PAK",183,"Sweden","SWE","SWE",201,65,"0","-","0","0","0"
1,"xyi69N",1,2753,2007,147,"Pakistan","PAK","PAK",183,"Sweden","SWE","SWE",164,85,"0","-","0","0","0"
1,"xyi69N",1,2754,2008,147,"Pakistan","PAK","PAK",183,"Sweden","SWE","SWE",174,76,"0","-","0","0","0"
1,"xyi69N",1,2755,2009,147,"Pakistan","PAK","PAK",183,"Sweden","SWE","SWE",183,91,"0","-","0","0","0"
1,"xyi69N",1,2756,2010,147,"Pakistan","PAK","PAK",183,"Sweden","SWE","SWE",186,120,"0","-","0","0","0"
1,"xyi69N",1,2757,2011,147,"Pakistan","PAK","PAK",183,"Sweden","SWE","SWE",202,174,"0","-","0","0","0"
1,"xyi69N",1,2758,2012,147,"Pakistan","PAK","PAK",183,"Sweden","SWE","SWE",209,226,"0","-","0","0","0"
1,"xyi69N",1,2759,2013,147,"Pakistan","PAK","PAK",183,"Sweden","SWE","SWE",248,219,"0","-","0","0","0"
1,"xyi69N",1,2760,2014,147,"Pakistan","PAK","PAK",183,"Sweden","SWE","SWE",305,294,"0","-","0","0","0"
1,"xyi69N",1,2761,2015,147,"Pakistan","PAK","PAK",183,"Sweden","SWE","SWE",322,630,"0","-","0","0","0"
1,"xyi69N",1,2762,2016,147,"Pakistan","PAK","PAK",183,"Sweden","SWE","SWE",393,529,"0","-","0","0","0"
1,"xyi69N",1,2763,2017,147,"Pakistan","PAK","PAK",183,"Sweden","SWE","SWE",461,433,"0","-","0","0","0"
1,"xyi69N",1,2764,2018,147,"Pakistan","PAK","PAK",183,"Sweden","SWE","SWE",503,535,"0","-","0","0","0"
1,"xyi69N",1,2765,2019,147,"Pakistan","PAK","PAK",183,"Sweden","SWE","SWE",595,515,"0","-","0","0","0"
1,"xyi69N",1,2766,2020,147,"Pakistan","PAK","PAK",183,"Sweden","SWE","SWE",622,342,"0","-","0","0","0"
1,"xyi69N",1,2767,2021,147,"Pakistan","PAK","PAK",183,"Sweden","SWE","SWE",609,203,"0","-","0","0","0"
1,"xyi69N",1,2768,2022,147,"Pakistan","PAK","PAK",183,"Sweden","SWE","SWE",580,157,"0","-","0","0","0"
1,"xyi69N",1,2769,2023,147,"Pakistan","PAK","PAK",183,"Sweden","SWE","SWE",513,137,"0","-","0","0","0"
1,"xyi69N",1,2770,2024,147,"Pakistan","PAK","PAK",183,"Sweden","SWE","SWE",356,77,"0","-","0","0","0"
1,"xyi69N",1,2771,2025,147,"Pakistan","PAK","PAK",183,"Sweden","SWE","SWE",364,76,"0","-","0","0","0"
1,"xyi69N",1,2772,1990,148,"Panama","PAN","PAN",183,"Sweden","SWE","SWE",13,"0","0","-","0","0","0"
1,"xyi69N",1,2773,1991,148,"Panama","PAN","PAN",183,"Sweden","SWE","SWE",21,"0","0","-","0","0","0"
1,"xyi69N",1,2774,1992,148,"Panama","PAN","PAN",183,"Sweden","SWE","SWE",25,"0","0","-","0","0","0"
1,"xyi69N",1,2775,1993,148,"Panama","PAN","PAN",183,"Sweden","SWE","SWE",28,"0","0","-","0","0","0"
1,"xyi69N",1,2776,1994,148,"Panama","PAN","PAN",183,"Sweden","SWE","SWE",32,"0","0","-","0","0","0"
1,"xyi69N",1,2777,1995,148,"Panama","PAN","PAN",183,"Sweden","SWE","SWE",32,"0","0","-","0","0","0"
1,"xyi69N",1,2778,1996,148,"Panama","PAN","PAN",183,"Sweden","SWE","SWE",32,"0","0","-","0","0","0"
1,"xyi69N",1,2779,1997,148,"Panama","PAN","PAN",183,"Sweden","SWE","SWE",32,"0","0","-","0","0","0"
1,"xyi69N",1,2780,1998,148,"Panama","PAN","PAN",183,"Sweden","SWE","SWE",32,"0","0","-","0","0","0"
1,"xyi69N",1,2781,1999,148,"Panama","PAN","PAN",183,"Sweden","SWE","SWE",32,"0","0","-","0","0","0"
1,"xyi69N",1,2782,2000,148,"Panama","PAN","PAN",183,"Sweden","SWE","SWE",19,"0","0","-","0","0","0"
1,"xyi69N",1,2783,2001,148,"Panama","PAN","PAN",183,"Sweden","SWE","SWE",11,"0","0","-","0","0","0"
1,"xyi69N",1,2784,2002,148,"Panama","PAN","PAN",183,"Sweden","SWE","SWE",7,"0","0","-","0","0","0"
1,"xyi69N",1,2785,2003,148,"Panama","PAN","PAN",183,"Sweden","SWE","SWE",5,"0","0","-","0","0","0"
1,"xyi69N",1,2786,2004,148,"Panama","PAN","PAN",183,"Sweden","SWE","SWE","0",5,"0","-","0","0","0"
1,"xyi69N",1,2787,2005,148,"Panama","PAN","PAN",183,"Sweden","SWE","SWE","0",5,"0","-","0","0","0"
1,"xyi69N",1,2788,2007,148,"Panama","PAN","PAN",183,"Sweden","SWE","SWE","0",5,"0","-","0","0","0"
1,"xyi69N",1,2789,1990,149,"Paraguay","PAR","PRY",183,"Sweden","SWE","SWE",19,"0","0","-","0","0","0"
1,"xyi69N",1,2790,1991,149,"Paraguay","PAR","PRY",183,"Sweden","SWE","SWE",8,"0","0","-","0","0","0"
1,"xyi69N",1,2791,1992,149,"Paraguay","PAR","PRY",183,"Sweden","SWE","SWE",5,"0","0","-","0","0","0"
1,"xyi69N",1,2792,1993,149,"Paraguay","PAR","PRY",183,"Sweden","SWE","SWE",5,"0","0","-","0","0","0"
1,"xyi69N",1,2793,1994,149,"Paraguay","PAR","PRY",183,"Sweden","SWE","SWE",5,"0","0","-","0","0","0"
1,"xyi69N",1,2794,1995,149,"Paraguay","PAR","PRY",183,"Sweden","SWE","SWE",5,"0","0","-","0","0","0"
1,"xyi69N",1,2795,1996,149,"Paraguay","PAR","PRY",183,"Sweden","SWE","SWE",5,"0","0","-","0","0","0"
1,"xyi69N",1,2796,1997,149,"Paraguay","PAR","PRY",183,"Sweden","SWE","SWE",5,"0","0","-","0","0","0"
1,"xyi69N",1,2797,1998,149,"Paraguay","PAR","PRY",183,"Sweden","SWE","SWE",5,"0","0","-","0","0","0"
1,"xyi69N",1,2798,1999,149,"Paraguay","PAR","PRY",183,"Sweden","SWE","SWE",5,"0","0","-","0","0","0"
1,"xyi69N",1,2799,2000,149,"Paraguay","PAR","PRY",183,"Sweden","SWE","SWE",5,"0","0","-","0","0","0"
1,"xyi69N",1,2800,2003,149,"Paraguay","PAR","PRY",183,"Sweden","SWE","SWE","0",5,"0","-","0","0","0"
1,"xyi69N",1,2801,2007,149,"Paraguay","PAR","PRY",183,"Sweden","SWE","SWE","0",6,"0","-","0","0","0"
1,"xyi69N",1,2802,2010,149,"Paraguay","PAR","PRY",183,"Sweden","SWE","SWE","0",5,"0","-","0","0","0"
1,"xyi69N",1,2803,2016,149,"Paraguay","PAR","PRY",183,"Sweden","SWE","SWE","0",5,"0","-","0","0","0"
1,"xyi69N",1,2804,2022,149,"Paraguay","PAR","PRY",183,"Sweden","SWE","SWE","0",5,"0","-","0","0","0"
1,"xyi69N",1,2805,1990,150,"Peru","PER","PER",183,"Sweden","SWE","SWE",191,"0","0","-","0","0","0"
1,"xyi69N",1,2806,1991,150,"Peru","PER","PER",183,"Sweden","SWE","SWE",379,"0","0","-","0","0","0"
1,"xyi69N",1,2807,1992,150,"Peru","PER","PER",183,"Sweden","SWE","SWE",487,"0","0","-","0","0","0"
1,"xyi69N",1,2808,1993,150,"Peru","PER","PER",183,"Sweden","SWE","SWE",675,"0","0","-","0","0","0"
1,"xyi69N",1,2809,1994,150,"Peru","PER","PER",183,"Sweden","SWE","SWE",1077,"0","0","-","0","0","0"
1,"xyi69N",1,2810,1995,150,"Peru","PER","PER",183,"Sweden","SWE","SWE",1156,"0","0","-","0","0","0"
1,"xyi69N",1,2811,1996,150,"Peru","PER","PER",183,"Sweden","SWE","SWE",1207,"0","0","-","0","0","0"
1,"xyi69N",1,2812,1997,150,"Peru","PER","PER",183,"Sweden","SWE","SWE",1343,"0","0","-","0","0","0"
1,"xyi69N",1,2813,1998,150,"Peru","PER","PER",183,"Sweden","SWE","SWE",1523,"0","0","-","0","0","0"
1,"xyi69N",1,2814,1999,150,"Peru","PER","PER",183,"Sweden","SWE","SWE",1492,"0","0","-","0","0","0"
1,"xyi69N",1,2815,2000,150,"Peru","PER","PER",183,"Sweden","SWE","SWE",1396,"0","0","-","0","0","0"
1,"xyi69N",1,2816,2001,150,"Peru","PER","PER",183,"Sweden","SWE","SWE",1239,"0","0","-","0","0","0"
1,"xyi69N",1,2817,2002,150,"Peru","PER","PER",183,"Sweden","SWE","SWE",1132,176,"0","-","0","0","0"
1,"xyi69N",1,2818,2003,150,"Peru","PER","PER",183,"Sweden","SWE","SWE",951,148,"0","-","0","0","0"
1,"xyi69N",1,2819,2004,150,"Peru","PER","PER",183,"Sweden","SWE","SWE",564,59,"0","-","0","0","0"
1,"xyi69N",1,2820,2005,150,"Peru","PER","PER",183,"Sweden","SWE","SWE",500,35,"0","-","0","0","0"
1,"xyi69N",1,2821,2006,150,"Peru","PER","PER",183,"Sweden","SWE","SWE",454,18,"0","-","0","0","0"
1,"xyi69N",1,2822,2007,150,"Peru","PER","PER",183,"Sweden","SWE","SWE",307,26,"0","-","0","0","0"
1,"xyi69N",1,2823,2008,150,"Peru","PER","PER",183,"Sweden","SWE","SWE",133,22,"0","-","0","0","0"
1,"xyi69N",1,2824,2009,150,"Peru","PER","PER",183,"Sweden","SWE","SWE",128,24,"0","-","0","0","0"
1,"xyi69N",1,2825,2010,150,"Peru","PER","PER",183,"Sweden","SWE","SWE",82,5,"0","-","0","0","0"
1,"xyi69N",1,2826,2011,150,"Peru","PER","PER",183,"Sweden","SWE","SWE",48,5,"0","-","0","0","0"
1,"xyi69N",1,2827,2012,150,"Peru","PER","PER",183,"Sweden","SWE","SWE",40,"0","0","-","0","0","0"
1,"xyi69N",1,2828,2013,150,"Peru","PER","PER",183,"Sweden","SWE","SWE",35,7,"0","-","0","0","0"
1,"xyi69N",1,2829,2014,150,"Peru","PER","PER",183,"Sweden","SWE","SWE",27,7,"0","-","0","0","0"
1,"xyi69N",1,2830,2015,150,"Peru","PER","PER",183,"Sweden","SWE","SWE",15,5,"0","-","0","0","0"
1,"xyi69N",1,2831,2016,150,"Peru","PER","PER",183,"Sweden","SWE","SWE",11,13,"0","-","0","0","0"
1,"xyi69N",1,2832,2017,150,"Peru","PER","PER",183,"Sweden","SWE","SWE",11,66,"0","-","0","0","0"
1,"xyi69N",1,2833,2018,150,"Peru","PER","PER",183,"Sweden","SWE","SWE",10,105,"0","-","0","0","0"
1,"xyi69N",1,2834,2019,150,"Peru","PER","PER",183,"Sweden","SWE","SWE",10,108,"0","-","0","0","0"
1,"xyi69N",1,2835,2020,150,"Peru","PER","PER",183,"Sweden","SWE","SWE",9,41,"0","-","0","0","0"
1,"xyi69N",1,2836,2021,150,"Peru","PER","PER",183,"Sweden","SWE","SWE",7,38,"0","-","0","0","0"
1,"xyi69N",1,2837,2022,150,"Peru","PER","PER",183,"Sweden","SWE","SWE",8,202,"0","-","0","0","0"
1,"xyi69N",1,2838,2023,150,"Peru","PER","PER",183,"Sweden","SWE","SWE",6,138,"0","-","0","0","0"
1,"xyi69N",1,2839,2024,150,"Peru","PER","PER",183,"Sweden","SWE","SWE",73,55,"0","-","0","0","0"
1,"xyi69N",1,2840,2025,150,"Peru","PER","PER",183,"Sweden","SWE","SWE",75,34,"0","-","0","0","0"
1,"xyi69N",1,2841,1990,151,"Philippines","PHI","PHL",183,"Sweden","SWE","SWE",6,"0","0","-","0","0","0"
1,"xyi69N",1,2842,1991,151,"Philippines","PHI","PHL",183,"Sweden","SWE","SWE",10,"0","0","-","0","0","0"
1,"xyi69N",1,2843,1992,151,"Philippines","PHI","PHL",183,"Sweden","SWE","SWE",12,"0","0","-","0","0","0"
1,"xyi69N",1,2844,1993,151,"Philippines","PHI","PHL",183,"Sweden","SWE","SWE",12,"0","0","-","0","0","0"
1,"xyi69N",1,2845,1994,151,"Philippines","PHI","PHL",183,"Sweden","SWE","SWE",12,"0","0","-","0","0","0"
1,"xyi69N",1,2846,1995,151,"Philippines","PHI","PHL",183,"Sweden","SWE","SWE",12,"0","0","-","0","0","0"
1,"xyi69N",1,2847,1996,151,"Philippines","PHI","PHL",183,"Sweden","SWE","SWE",12,"0","0","-","0","0","0"
1,"xyi69N",1,2848,1997,151,"Philippines","PHI","PHL",183,"Sweden","SWE","SWE",12,"0","0","-","0","0","0"
1,"xyi69N",1,2849,1998,151,"Philippines","PHI","PHL",183,"Sweden","SWE","SWE",12,"0","0","-","0","0","0"
1,"xyi69N",1,2850,1999,151,"Philippines","PHI","PHL",183,"Sweden","SWE","SWE",12,"0","0","-","0","0","0"
1,"xyi69N",1,2851,2000,151,"Philippines","PHI","PHL",183,"Sweden","SWE","SWE",7,"0","0","-","0","0","0"
1,"xyi69N",1,2852,2001,151,"Philippines","PHI","PHL",183,"Sweden","SWE","SWE",5,"0","0","-","0","0","0"
1,"xyi69N",1,2853,2002,151,"Philippines","PHI","PHL",183,"Sweden","SWE","SWE",6,5,"0","-","0","0","0"
1,"xyi69N",1,2854,2003,151,"Philippines","PHI","PHL",183,"Sweden","SWE","SWE",6,5,"0","-","0","0","0"
1,"xyi69N",1,2855,2004,151,"Philippines","PHI","PHL",183,"Sweden","SWE","SWE",15,5,"0","-","0","0","0"
1,"xyi69N",1,2856,2005,151,"Philippines","PHI","PHL",183,"Sweden","SWE","SWE",31,6,"0","-","0","0","0"
1,"xyi69N",1,2857,2006,151,"Philippines","PHI","PHL",183,"Sweden","SWE","SWE",31,9,"0","-","0","0","0"
1,"xyi69N",1,2858,2007,151,"Philippines","PHI","PHL",183,"Sweden","SWE","SWE",37,"0","0","-","0","0","0"
1,"xyi69N",1,2859,2008,151,"Philippines","PHI","PHL",183,"Sweden","SWE","SWE",37,"0","0","-","0","0","0"
1,"xyi69N",1,2860,2009,151,"Philippines","PHI","PHL",183,"Sweden","SWE","SWE",37,"0","0","-","0","0","0"
1,"xyi69N",1,2861,2010,151,"Philippines","PHI","PHL",183,"Sweden","SWE","SWE",38,5,"0","-","0","0","0"
1,"xyi69N",1,2862,2011,151,"Philippines","PHI","PHL",183,"Sweden","SWE","SWE",38,5,"0","-","0","0","0"
1,"xyi69N",1,2863,2012,151,"Philippines","PHI","PHL",183,"Sweden","SWE","SWE",33,7,"0","-","0","0","0"
1,"xyi69N",1,2864,2013,151,"Philippines","PHI","PHL",183,"Sweden","SWE","SWE",35,5,"0","-","0","0","0"
1,"xyi69N",1,2865,2014,151,"Philippines","PHI","PHL",183,"Sweden","SWE","SWE",30,13,"0","-","0","0","0"
1,"xyi69N",1,2866,2015,151,"Philippines","PHI","PHL",183,"Sweden","SWE","SWE",15,24,"0","-","0","0","0"
1,"xyi69N",1,2867,2016,151,"Philippines","PHI","PHL",183,"Sweden","SWE","SWE",18,22,"0","-","0","0","0"
1,"xyi69N",1,2868,2017,151,"Philippines","PHI","PHL",183,"Sweden","SWE","SWE",7,26,"0","-","0","0","0"
1,"xyi69N",1,2869,2018,151,"Philippines","PHI","PHL",183,"Sweden","SWE","SWE",7,24,"0","-","0","0","0"
1,"xyi69N",1,2870,2019,151,"Philippines","PHI","PHL",183,"Sweden","SWE","SWE",7,19,"0","-","0","0","0"
1,"xyi69N",1,2871,2020,151,"Philippines","PHI","PHL",183,"Sweden","SWE","SWE",6,9,"0","-","0","0","0"
1,"xyi69N",1,2872,2021,151,"Philippines","PHI","PHL",183,"Sweden","SWE","SWE",6,12,"0","-","0","0","0"
1,"xyi69N",1,2873,2022,151,"Philippines","PHI","PHL",183,"Sweden","SWE","SWE",5,10,"0","-","0","0","0"
1,"xyi69N",1,2874,2023,151,"Philippines","PHI","PHL",183,"Sweden","SWE","SWE",5,5,"0","-","0","0","0"
1,"xyi69N",1,2875,2024,151,"Philippines","PHI","PHL",183,"Sweden","SWE","SWE",5,18,"0","-","0","0","0"
1,"xyi69N",1,2876,2025,151,"Philippines","PHI","PHL",183,"Sweden","SWE","SWE",7,11,"0","-","0","0","0"
1,"xyi69N",1,2877,1990,154,"Poland","POL","POL",183,"Sweden","SWE","SWE",6091,"0","0","-","0","0","0"
1,"xyi69N",1,2878,1991,154,"Poland","POL","POL",183,"Sweden","SWE","SWE",6079,"0","0","-","0","0","0"
1,"xyi69N",1,2879,1992,154,"Poland","POL","POL",183,"Sweden","SWE","SWE",3121,"0","0","-","0","0","0"
1,"xyi69N",1,2880,1993,154,"Poland","POL","POL",183,"Sweden","SWE","SWE",2577,"0","0","-","0","0","0"
1,"xyi69N",1,2881,1994,154,"Poland","POL","POL",183,"Sweden","SWE","SWE",2152,"0","0","-","0","0","0"
1,"xyi69N",1,2882,1995,154,"Poland","POL","POL",183,"Sweden","SWE","SWE",1753,"0","0","-","0","0","0"
1,"xyi69N",1,2883,1996,154,"Poland","POL","POL",183,"Sweden","SWE","SWE",1143,"0","0","-","0","0","0"
1,"xyi69N",1,2884,1997,154,"Poland","POL","POL",183,"Sweden","SWE","SWE",811,"0","0","-","0","0","0"
1,"xyi69N",1,2885,1998,154,"Poland","POL","POL",183,"Sweden","SWE","SWE",609,"0","0","-","0","0","0"
1,"xyi69N",1,2886,1999,154,"Poland","POL","POL",183,"Sweden","SWE","SWE",245,"0","0","-","0","0","0"
1,"xyi69N",1,2887,2000,154,"Poland","POL","POL",183,"Sweden","SWE","SWE",113,"0","0","-","0","0","0"
1,"xyi69N",1,2888,2001,154,"Poland","POL","POL",183,"Sweden","SWE","SWE",82,"0","0","-","0","0","0"
1,"xyi69N",1,2889,2002,154,"Poland","POL","POL",183,"Sweden","SWE","SWE",53,5,"0","-","0","0","0"
1,"xyi69N",1,2890,2003,154,"Poland","POL","POL",183,"Sweden","SWE","SWE",45,11,"0","-","0","0","0"
1,"xyi69N",1,2891,2004,154,"Poland","POL","POL",183,"Sweden","SWE","SWE",36,5,"0","-","0","0","0"
1,"xyi69N",1,2892,2005,154,"Poland","POL","POL",183,"Sweden","SWE","SWE",35,6,"0","-","0","0","0"
1,"xyi69N",1,2893,2006,154,"Poland","POL","POL",183,"Sweden","SWE","SWE",35,"0","0","-","0","0","0"
1,"xyi69N",1,2894,2007,154,"Poland","POL","POL",183,"Sweden","SWE","SWE",28,"0","0","-","0","0","0"
1,"xyi69N",1,2895,2008,154,"Poland","POL","POL",183,"Sweden","SWE","SWE",20,"0","0","-","0","0","0"
1,"xyi69N",1,2896,2009,154,"Poland","POL","POL",183,"Sweden","SWE","SWE",20,"0","0","-","0","0","0"
1,"xyi69N",1,2897,2010,154,"Poland","POL","POL",183,"Sweden","SWE","SWE",14,"0","0","-","0","0","0"
1,"xyi69N",1,2898,2011,154,"Poland","POL","POL",183,"Sweden","SWE","SWE",7,"0","0","-","0","0","0"
1,"xyi69N",1,2899,2012,154,"Poland","POL","POL",183,"Sweden","SWE","SWE",5,5,"0","-","0","0","0"
1,"xyi69N",1,2900,2013,154,"Poland","POL","POL",183,"Sweden","SWE","SWE",5,5,"0","-","0","0","0"
1,"xyi69N",1,2901,2015,154,"Poland","POL","POL",183,"Sweden","SWE","SWE",5,"0","0","-","0","0","0"
1,"xyi69N",1,2902,2016,154,"Poland","POL","POL",183,"Sweden","SWE","SWE",5,"0","0","-","0","0","0"
1,"xyi69N",1,2903,2017,154,"Poland","POL","POL",183,"Sweden","SWE","SWE",5,"0","0","-","0","0","0"
1,"xyi69N",1,2904,2018,154,"Poland","POL","POL",183,"Sweden","SWE","SWE",5,"0","0","-","0","0","0"
1,"xyi69N",1,2905,2019,154,"Poland","POL","POL",183,"Sweden","SWE","SWE",5,"0","0","-","0","0","0"
1,"xyi69N",1,2906,2020,154,"Poland","POL","POL",183,"Sweden","SWE","SWE",5,"0","0","-","0","0","0"
1,"xyi69N",1,2907,2022,154,"Poland","POL","POL",183,"Sweden","SWE","SWE",5,"0","0","-","0","0","0"
1,"xyi69N",1,2908,2024,154,"Poland","POL","POL",183,"Sweden","SWE","SWE",297,"0","0","-","0","0","0"
1,"xyi69N",1,2909,2025,154,"Poland","POL","POL",183,"Sweden","SWE","SWE",289,"0","0","-","0","0","0"
1,"xyi69N",1,2910,1990,158,"Romania","ROM","ROU",183,"Sweden","SWE","SWE",3905,"0","0","-","0","0","0"
1,"xyi69N",1,2911,1991,158,"Romania","ROM","ROU",183,"Sweden","SWE","SWE",4405,"0","0","-","0","0","0"
1,"xyi69N",1,2912,1992,158,"Romania","ROM","ROU",183,"Sweden","SWE","SWE",4542,"0","0","-","0","0","0"
1,"xyi69N",1,2913,1993,158,"Romania","ROM","ROU",183,"Sweden","SWE","SWE",4602,"0","0","-","0","0","0"
1,"xyi69N",1,2914,1994,158,"Romania","ROM","ROU",183,"Sweden","SWE","SWE",4324,"0","0","-","0","0","0"
1,"xyi69N",1,2915,1995,158,"Romania","ROM","ROU",183,"Sweden","SWE","SWE",4040,"0","0","-","0","0","0"
1,"xyi69N",1,2916,1996,158,"Romania","ROM","ROU",183,"Sweden","SWE","SWE",3389,"0","0","-","0","0","0"
1,"xyi69N",1,2917,1997,158,"Romania","ROM","ROU",183,"Sweden","SWE","SWE",2706,"0","0","-","0","0","0"
1,"xyi69N",1,2918,1998,158,"Romania","ROM","ROU",183,"Sweden","SWE","SWE",1784,"0","0","-","0","0","0"
1,"xyi69N",1,2919,1999,158,"Romania","ROM","ROU",183,"Sweden","SWE","SWE",1028,"0","0","-","0","0","0"
1,"xyi69N",1,2920,2000,158,"Romania","ROM","ROU",183,"Sweden","SWE","SWE",944,"0","0","-","0","0","0"
1,"xyi69N",1,2921,2001,158,"Romania","ROM","ROU",183,"Sweden","SWE","SWE",342,"0","0","-","0","0","0"
1,"xyi69N",1,2922,2002,158,"Romania","ROM","ROU",183,"Sweden","SWE","SWE",118,112,"0","-","0","0","0"
1,"xyi69N",1,2923,2003,158,"Romania","ROM","ROU",183,"Sweden","SWE","SWE",58,90,"0","-","0","0","0"
1,"xyi69N",1,2924,2004,158,"Romania","ROM","ROU",183,"Sweden","SWE","SWE",34,35,"0","-","0","0","0"
1,"xyi69N",1,2925,2005,158,"Romania","ROM","ROU",183,"Sweden","SWE","SWE",24,21,"0","-","0","0","0"
1,"xyi69N",1,2926,2006,158,"Romania","ROM","ROU",183,"Sweden","SWE","SWE",25,181,"0","-","0","0","0"
1,"xyi69N",1,2927,2007,158,"Romania","ROM","ROU",183,"Sweden","SWE","SWE",26,18,"0","-","0","0","0"
1,"xyi69N",1,2928,2008,158,"Romania","ROM","ROU",183,"Sweden","SWE","SWE",27,5,"0","-","0","0","0"
1,"xyi69N",1,2929,2009,158,"Romania","ROM","ROU",183,"Sweden","SWE","SWE",30,"0","0","-","0","0","0"
1,"xyi69N",1,2930,2010,158,"Romania","ROM","ROU",183,"Sweden","SWE","SWE",38,"0","0","-","0","0","0"
1,"xyi69N",1,2931,2011,158,"Romania","ROM","ROU",183,"Sweden","SWE","SWE",42,"0","0","-","0","0","0"
1,"xyi69N",1,2932,2012,158,"Romania","ROM","ROU",183,"Sweden","SWE","SWE",38,7,"0","-","0","0","0"
1,"xyi69N",1,2933,2013,158,"Romania","ROM","ROU",183,"Sweden","SWE","SWE",49,7,"0","-","0","0","0"
1,"xyi69N",1,2934,2014,158,"Romania","ROM","ROU",183,"Sweden","SWE","SWE",70,5,"0","-","0","0","0"
1,"xyi69N",1,2935,2015,158,"Romania","ROM","ROU",183,"Sweden","SWE","SWE",70,5,"0","-","0","0","0"
1,"xyi69N",1,2936,2016,158,"Romania","ROM","ROU",183,"Sweden","SWE","SWE",73,5,"0","-","0","0","0"
1,"xyi69N",1,2937,2017,158,"Romania","ROM","ROU",183,"Sweden","SWE","SWE",63,"0","0","-","0","0","0"
1,"xyi69N",1,2938,2018,158,"Romania","ROM","ROU",183,"Sweden","SWE","SWE",59,"0","0","-","0","0","0"
1,"xyi69N",1,2939,2019,158,"Romania","ROM","ROU",183,"Sweden","SWE","SWE",56,"0","0","-","0","0","0"
1,"xyi69N",1,2940,2020,158,"Romania","ROM","ROU",183,"Sweden","SWE","SWE",45,"0","0","-","0","0","0"
1,"xyi69N",1,2941,2021,158,"Romania","ROM","ROU",183,"Sweden","SWE","SWE",38,5,"0","-","0","0","0"
1,"xyi69N",1,2942,2022,158,"Romania","ROM","ROU",183,"Sweden","SWE","SWE",38,"0","0","-","0","0","0"
1,"xyi69N",1,2943,2023,158,"Romania","ROM","ROU",183,"Sweden","SWE","SWE",27,"0","0","-","0","0","0"
1,"xyi69N",1,2944,2024,158,"Romania","ROM","ROU",183,"Sweden","SWE","SWE",46,"0","0","-","0","0","0"
1,"xyi69N",1,2945,2025,158,"Romania","ROM","ROU",183,"Sweden","SWE","SWE",45,"0","0","-","0","0","0"
1,"xyi69N",1,2946,1990,159,"South Africa","RSA","ZAF",183,"Sweden","SWE","SWE",25,"0","0","-","0","0","0"
1,"xyi69N",1,2947,1991,159,"South Africa","RSA","ZAF",183,"Sweden","SWE","SWE",23,"0","0","-","0","0","0"
1,"xyi69N",1,2948,1992,159,"South Africa","RSA","ZAF",183,"Sweden","SWE","SWE",13,"0","0","-","0","0","0"
1,"xyi69N",1,2949,1993,159,"South Africa","RSA","ZAF",183,"Sweden","SWE","SWE",26,"0","0","-","0","0","0"
1,"xyi69N",1,2950,1994,159,"South Africa","RSA","ZAF",183,"Sweden","SWE","SWE",26,"0","0","-","0","0","0"
1,"xyi69N",1,2951,1995,159,"South Africa","RSA","ZAF",183,"Sweden","SWE","SWE",26,"0","0","-","0","0","0"
1,"xyi69N",1,2952,1996,159,"South Africa","RSA","ZAF",183,"Sweden","SWE","SWE",26,"0","0","-","0","0","0"
1,"xyi69N",1,2953,1997,159,"South Africa","RSA","ZAF",183,"Sweden","SWE","SWE",27,"0","0","-","0","0","0"
1,"xyi69N",1,2954,1998,159,"South Africa","RSA","ZAF",183,"Sweden","SWE","SWE",27,"0","0","-","0","0","0"
1,"xyi69N",1,2955,1999,159,"South Africa","RSA","ZAF",183,"Sweden","SWE","SWE",27,"0","0","-","0","0","0"
1,"xyi69N",1,2956,2000,159,"South Africa","RSA","ZAF",183,"Sweden","SWE","SWE",16,"0","0","-","0","0","0"
1,"xyi69N",1,2957,2001,159,"South Africa","RSA","ZAF",183,"Sweden","SWE","SWE",14,"0","0","-","0","0","0"
1,"xyi69N",1,2958,2002,159,"South Africa","RSA","ZAF",183,"Sweden","SWE","SWE",14,"0","0","-","0","0","0"
1,"xyi69N",1,2959,2010,159,"South Africa","RSA","ZAF",183,"Sweden","SWE","SWE","0",5,"0","-","0","0","0"
1,"xyi69N",1,2960,2013,159,"South Africa","RSA","ZAF",183,"Sweden","SWE","SWE","0",5,"0","-","0","0","0"
1,"xyi69N",1,2961,2015,159,"South Africa","RSA","ZAF",183,"Sweden","SWE","SWE","0",11,"0","-","0","0","0"
1,"xyi69N",1,2962,2017,159,"South Africa","RSA","ZAF",183,"Sweden","SWE","SWE","0",14,"0","-","0","0","0"
1,"xyi69N",1,2963,2018,159,"South Africa","RSA","ZAF",183,"Sweden","SWE","SWE","0",10,"0","-","0","0","0"
1,"xyi69N",1,2964,2019,159,"South Africa","RSA","ZAF",183,"Sweden","SWE","SWE","0",6,"0","-","0","0","0"
1,"xyi69N",1,2965,2020,159,"South Africa","RSA","ZAF",183,"Sweden","SWE","SWE","0",7,"0","-","0","0","0"
1,"xyi69N",1,2966,2022,159,"South Africa","RSA","ZAF",183,"Sweden","SWE","SWE","0",17,"0","-","0","0","0"
1,"xyi69N",1,2967,2023,159,"South Africa","RSA","ZAF",183,"Sweden","SWE","SWE","0",5,"0","-","0","0","0"
1,"xyi69N",1,2968,2024,159,"South Africa","RSA","ZAF",183,"Sweden","SWE","SWE",5,7,"0","-","0","0","0"
1,"xyi69N",1,2969,2025,159,"South Africa","RSA","ZAF",183,"Sweden","SWE","SWE",8,6,"0","-","0","0","0"
1,"xyi69N",1,2970,1990,160,"Russian Federation","RUS","RUS",183,"Sweden","SWE","SWE",650,"0","0","-","0","0","0"
1,"xyi69N",1,2971,1991,160,"Russian Federation","RUS","RUS",183,"Sweden","SWE","SWE",1212,"0","0","-","0","0","0"
1,"xyi69N",1,2972,1992,160,"Russian Federation","RUS","RUS",183,"Sweden","SWE","SWE",1355,"0","0","-","0","0","0"
1,"xyi69N",1,2973,1993,160,"Russian Federation","RUS","RUS",183,"Sweden","SWE","SWE",1491,"0","0","-","0","0","0"
1,"xyi69N",1,2974,1994,160,"Russian Federation","RUS","RUS",183,"Sweden","SWE","SWE",1768,"0","0","-","0","0","0"
1,"xyi69N",1,2975,1995,160,"Russian Federation","RUS","RUS",183,"Sweden","SWE","SWE",1800,"0","0","-","0","0","0"
1,"xyi69N",1,2976,1996,160,"Russian Federation","RUS","RUS",183,"Sweden","SWE","SWE",1806,"0","0","-","0","0","0"
1,"xyi69N",1,2977,1997,160,"Russian Federation","RUS","RUS",183,"Sweden","SWE","SWE",1773,"0","0","-","0","0","0"
1,"xyi69N",1,2978,1998,160,"Russian Federation","RUS","RUS",183,"Sweden","SWE","SWE",1656,"0","0","-","0","0","0"
1,"xyi69N",1,2979,1999,160,"Russian Federation","RUS","RUS",183,"Sweden","SWE","SWE",1455,"0","0","-","0","0","0"
1,"xyi69N",1,2980,2000,160,"Russian Federation","RUS","RUS",183,"Sweden","SWE","SWE",1490,"0","0","-","0","0","0"
1,"xyi69N",1,2981,2001,160,"Russian Federation","RUS","RUS",183,"Sweden","SWE","SWE",996,"0","0","-","0","0","0"
1,"xyi69N",1,2982,2002,160,"Russian Federation","RUS","RUS",183,"Sweden","SWE","SWE",978,1495,"0","-","0","0","0"
1,"xyi69N",1,2983,2003,160,"Russian Federation","RUS","RUS",183,"Sweden","SWE","SWE",1017,1539,"0","-","0","0","0"
1,"xyi69N",1,2984,2004,160,"Russian Federation","RUS","RUS",183,"Sweden","SWE","SWE",1078,839,"0","-","0","0","0"
1,"xyi69N",1,2985,2005,160,"Russian Federation","RUS","RUS",183,"Sweden","SWE","SWE",1178,535,"0","-","0","0","0"
1,"xyi69N",1,2986,2006,160,"Russian Federation","RUS","RUS",183,"Sweden","SWE","SWE",1493,515,"0","-","0","0","0"
1,"xyi69N",1,2987,2007,160,"Russian Federation","RUS","RUS",183,"Sweden","SWE","SWE",1488,648,"0","-","0","0","0"
1,"xyi69N",1,2988,2008,160,"Russian Federation","RUS","RUS",183,"Sweden","SWE","SWE",1583,643,"0","-","0","0","0"
1,"xyi69N",1,2989,2009,160,"Russian Federation","RUS","RUS",183,"Sweden","SWE","SWE",1705,751,"0","-","0","0","0"
1,"xyi69N",1,2990,2010,160,"Russian Federation","RUS","RUS",183,"Sweden","SWE","SWE",1739,767,"0","-","0","0","0"
1,"xyi69N",1,2991,2011,160,"Russian Federation","RUS","RUS",183,"Sweden","SWE","SWE",1786,713,"0","-","0","0","0"
1,"xyi69N",1,2992,2012,160,"Russian Federation","RUS","RUS",183,"Sweden","SWE","SWE",1770,676,"0","-","0","0","0"
1,"xyi69N",1,2993,2013,160,"Russian Federation","RUS","RUS",183,"Sweden","SWE","SWE",1941,723,"0","-","0","0","0"
1,"xyi69N",1,2994,2014,160,"Russian Federation","RUS","RUS",183,"Sweden","SWE","SWE",2014,818,"0","-","0","0","0"
1,"xyi69N",1,2995,2015,160,"Russian Federation","RUS","RUS",183,"Sweden","SWE","SWE",2003,825,"0","-","0","0","0"
1,"xyi69N",1,2996,2016,160,"Russian Federation","RUS","RUS",183,"Sweden","SWE","SWE",1925,647,"0","-","0","0","0"
1,"xyi69N",1,2997,2017,160,"Russian Federation","RUS","RUS",183,"Sweden","SWE","SWE",1628,635,"0","-","0","0","0"
1,"xyi69N",1,2998,2018,160,"Russian Federation","RUS","RUS",183,"Sweden","SWE","SWE",1554,692,"0","-","0","0","0"
1,"xyi69N",1,2999,2019,160,"Russian Federation","RUS","RUS",183,"Sweden","SWE","SWE",1506,662,"0","-","0","0","0"
1,"xyi69N",1,3000,2020,160,"Russian Federation","RUS","RUS",183,"Sweden","SWE","SWE",1427,415,"0","-","0","0","0"
1,"xyi69N",1,3001,2021,160,"Russian Federation","RUS","RUS",183,"Sweden","SWE","SWE",1314,354,"0","-","0","0","0"
1,"xyi69N",1,3002,2022,160,"Russian Federation","RUS","RUS",183,"Sweden","SWE","SWE",1341,593,"0","-","0","0","0"
1,"xyi69N",1,3003,2023,160,"Russian Federation","RUS","RUS",183,"Sweden","SWE","SWE",1019,344,"0","-","0","0","0"
1,"xyi69N",1,3004,2024,160,"Russian Federation","RUS","RUS",183,"Sweden","SWE","SWE",1126,178,"0","-","0","0","0"
1,"xyi69N",1,3005,2025,160,"Russian Federation","RUS","RUS",183,"Sweden","SWE","SWE",1051,144,"0","-","0","0","0"
1,"xyi69N",1,3006,1992,161,"Rwanda","RWA","RWA",183,"Sweden","SWE","SWE",7,"0","0","-","0","0","0"
1,"xyi69N",1,3007,1993,161,"Rwanda","RWA","RWA",183,"Sweden","SWE","SWE",12,"0","0","-","0","0","0"
1,"xyi69N",1,3008,1994,161,"Rwanda","RWA","RWA",183,"Sweden","SWE","SWE",45,"0","0","-","0","0","0"
1,"xyi69N",1,3009,1995,161,"Rwanda","RWA","RWA",183,"Sweden","SWE","SWE",45,"0","0","-","0","0","0"
1,"xyi69N",1,3010,1996,161,"Rwanda","RWA","RWA",183,"Sweden","SWE","SWE",46,"0","0","-","0","0","0"
1,"xyi69N",1,3011,1997,161,"Rwanda","RWA","RWA",183,"Sweden","SWE","SWE",53,"0","0","-","0","0","0"
1,"xyi69N",1,3012,1998,161,"Rwanda","RWA","RWA",183,"Sweden","SWE","SWE",66,"0","0","-","0","0","0"
1,"xyi69N",1,3013,1999,161,"Rwanda","RWA","RWA",183,"Sweden","SWE","SWE",66,"0","0","-","0","0","0"
1,"xyi69N",1,3014,2000,161,"Rwanda","RWA","RWA",183,"Sweden","SWE","SWE",84,"0","0","-","0","0","0"
1,"xyi69N",1,3015,2001,161,"Rwanda","RWA","RWA",183,"Sweden","SWE","SWE",96,"0","0","-","0","0","0"
1,"xyi69N",1,3016,2002,161,"Rwanda","RWA","RWA",183,"Sweden","SWE","SWE",97,20,"0","-","0","0","0"
1,"xyi69N",1,3017,2003,161,"Rwanda","RWA","RWA",183,"Sweden","SWE","SWE",113,40,"0","-","0","0","0"
1,"xyi69N",1,3018,2004,161,"Rwanda","RWA","RWA",183,"Sweden","SWE","SWE",105,38,"0","-","0","0","0"
1,"xyi69N",1,3019,2005,161,"Rwanda","RWA","RWA",183,"Sweden","SWE","SWE",113,37,"0","-","0","0","0"
1,"xyi69N",1,3020,2006,161,"Rwanda","RWA","RWA",183,"Sweden","SWE","SWE",121,10,"0","-","0","0","0"
1,"xyi69N",1,3021,2007,161,"Rwanda","RWA","RWA",183,"Sweden","SWE","SWE",69,9,"0","-","0","0","0"
1,"xyi69N",1,3022,2008,161,"Rwanda","RWA","RWA",183,"Sweden","SWE","SWE",61,15,"0","-","0","0","0"
1,"xyi69N",1,3023,2009,161,"Rwanda","RWA","RWA",183,"Sweden","SWE","SWE",62,10,"0","-","0","0","0"
1,"xyi69N",1,3024,2010,161,"Rwanda","RWA","RWA",183,"Sweden","SWE","SWE",48,5,"0","-","0","0","0"
1,"xyi69N",1,3025,2011,161,"Rwanda","RWA","RWA",183,"Sweden","SWE","SWE",44,5,"0","-","0","0","0"
1,"xyi69N",1,3026,2012,161,"Rwanda","RWA","RWA",183,"Sweden","SWE","SWE",41,7,"0","-","0","0","0"
1,"xyi69N",1,3027,2013,161,"Rwanda","RWA","RWA",183,"Sweden","SWE","SWE",43,11,"0","-","0","0","0"
1,"xyi69N",1,3028,2014,161,"Rwanda","RWA","RWA",183,"Sweden","SWE","SWE",40,18,"0","-","0","0","0"
1,"xyi69N",1,3029,2015,161,"Rwanda","RWA","RWA",183,"Sweden","SWE","SWE",38,22,"0","-","0","0","0"
1,"xyi69N",1,3030,2016,161,"Rwanda","RWA","RWA",183,"Sweden","SWE","SWE",42,21,"0","-","0","0","0"
1,"xyi69N",1,3031,2017,161,"Rwanda","RWA","RWA",183,"Sweden","SWE","SWE",38,36,"0","-","0","0","0"
1,"xyi69N",1,3032,2018,161,"Rwanda","RWA","RWA",183,"Sweden","SWE","SWE",37,47,"0","-","0","0","0"
1,"xyi69N",1,3033,2019,161,"Rwanda","RWA","RWA",183,"Sweden","SWE","SWE",42,88,"0","-","0","0","0"
1,"xyi69N",1,3034,2020,161,"Rwanda","RWA","RWA",183,"Sweden","SWE","SWE",55,57,"0","-","0","0","0"
1,"xyi69N",1,3035,2021,161,"Rwanda","RWA","RWA",183,"Sweden","SWE","SWE",55,31,"0","-","0","0","0"
1,"xyi69N",1,3036,2022,161,"Rwanda","RWA","RWA",183,"Sweden","SWE","SWE",62,29,"0","-","0","0","0"
1,"xyi69N",1,3037,2023,161,"Rwanda","RWA","RWA",183,"Sweden","SWE","SWE",63,34,"0","-","0","0","0"
1,"xyi69N",1,3038,2024,161,"Rwanda","RWA","RWA",183,"Sweden","SWE","SWE",169,24,"0","-","0","0","0"
1,"xyi69N",1,3039,2025,161,"Rwanda","RWA","RWA",183,"Sweden","SWE","SWE",164,23,"0","-","0","0","0"
1,"xyi69N",1,3040,1990,162,"El Salvador","SAL","SLV",183,"Sweden","SWE","SWE",1856,"0","0","-","0","0","0"
1,"xyi69N",1,3041,1991,162,"El Salvador","SAL","SLV",183,"Sweden","SWE","SWE",2253,"0","0","-","0","0","0"
1,"xyi69N",1,3042,1992,162,"El Salvador","SAL","SLV",183,"Sweden","SWE","SWE",2395,"0","0","-","0","0","0"
1,"xyi69N",1,3043,1993,162,"El Salvador","SAL","SLV",183,"Sweden","SWE","SWE",2349,"0","0","-","0","0","0"
1,"xyi69N",1,3044,1994,162,"El Salvador","SAL","SLV",183,"Sweden","SWE","SWE",2104,"0","0","-","0","0","0"
1,"xyi69N",1,3045,1995,162,"El Salvador","SAL","SLV",183,"Sweden","SWE","SWE",1888,"0","0","-","0","0","0"
1,"xyi69N",1,3046,1996,162,"El Salvador","SAL","SLV",183,"Sweden","SWE","SWE",1596,"0","0","-","0","0","0"
1,"xyi69N",1,3047,1997,162,"El Salvador","SAL","SLV",183,"Sweden","SWE","SWE",1442,"0","0","-","0","0","0"
1,"xyi69N",1,3048,1998,162,"El Salvador","SAL","SLV",183,"Sweden","SWE","SWE",1153,"0","0","-","0","0","0"
1,"xyi69N",1,3049,1999,162,"El Salvador","SAL","SLV",183,"Sweden","SWE","SWE",911,"0","0","-","0","0","0"
1,"xyi69N",1,3050,2000,162,"El Salvador","SAL","SLV",183,"Sweden","SWE","SWE",638,"0","0","-","0","0","0"
1,"xyi69N",1,3051,2001,162,"El Salvador","SAL","SLV",183,"Sweden","SWE","SWE",238,"0","0","-","0","0","0"
1,"xyi69N",1,3052,2002,162,"El Salvador","SAL","SLV",183,"Sweden","SWE","SWE",95,109,"0","-","0","0","0"
1,"xyi69N",1,3053,2003,162,"El Salvador","SAL","SLV",183,"Sweden","SWE","SWE",88,29,"0","-","0","0","0"
1,"xyi69N",1,3054,2004,162,"El Salvador","SAL","SLV",183,"Sweden","SWE","SWE",28,11,"0","-","0","0","0"
1,"xyi69N",1,3055,2005,162,"El Salvador","SAL","SLV",183,"Sweden","SWE","SWE",22,20,"0","-","0","0","0"
1,"xyi69N",1,3056,2006,162,"El Salvador","SAL","SLV",183,"Sweden","SWE","SWE",28,28,"0","-","0","0","0"
1,"xyi69N",1,3057,2007,162,"El Salvador","SAL","SLV",183,"Sweden","SWE","SWE",29,53,"0","-","0","0","0"
1,"xyi69N",1,3058,2008,162,"El Salvador","SAL","SLV",183,"Sweden","SWE","SWE",29,43,"0","-","0","0","0"
1,"xyi69N",1,3059,2009,162,"El Salvador","SAL","SLV",183,"Sweden","SWE","SWE",32,44,"0","-","0","0","0"
1,"xyi69N",1,3060,2010,162,"El Salvador","SAL","SLV",183,"Sweden","SWE","SWE",29,31,"0","-","0","0","0"
1,"xyi69N",1,3061,2011,162,"El Salvador","SAL","SLV",183,"Sweden","SWE","SWE",35,43,"0","-","0","0","0"
1,"xyi69N",1,3062,2012,162,"El Salvador","SAL","SLV",183,"Sweden","SWE","SWE",43,30,"0","-","0","0","0"
1,"xyi69N",1,3063,2013,162,"El Salvador","SAL","SLV",183,"Sweden","SWE","SWE",41,27,"0","-","0","0","0"
1,"xyi69N",1,3064,2014,162,"El Salvador","SAL","SLV",183,"Sweden","SWE","SWE",45,110,"0","-","0","0","0"
1,"xyi69N",1,3065,2015,162,"El Salvador","SAL","SLV",183,"Sweden","SWE","SWE",59,189,"0","-","0","0","0"
1,"xyi69N",1,3066,2016,162,"El Salvador","SAL","SLV",183,"Sweden","SWE","SWE",76,174,"0","-","0","0","0"
1,"xyi69N",1,3067,2017,162,"El Salvador","SAL","SLV",183,"Sweden","SWE","SWE",78,159,"0","-","0","0","0"
1,"xyi69N",1,3068,2018,162,"El Salvador","SAL","SLV",183,"Sweden","SWE","SWE",94,224,"0","-","0","0","0"
1,"xyi69N",1,3069,2019,162,"El Salvador","SAL","SLV",183,"Sweden","SWE","SWE",127,215,"0","-","0","0","0"
1,"xyi69N",1,3070,2020,162,"El Salvador","SAL","SLV",183,"Sweden","SWE","SWE",146,74,"0","-","0","0","0"
1,"xyi69N",1,3071,2021,162,"El Salvador","SAL","SLV",183,"Sweden","SWE","SWE",142,43,"0","-","0","0","0"
1,"xyi69N",1,3072,2022,162,"El Salvador","SAL","SLV",183,"Sweden","SWE","SWE",138,108,"0","-","0","0","0"
1,"xyi69N",1,3073,2023,162,"El Salvador","SAL","SLV",183,"Sweden","SWE","SWE",125,57,"0","-","0","0","0"
1,"xyi69N",1,3074,2024,162,"El Salvador","SAL","SLV",183,"Sweden","SWE","SWE",157,17,"0","-","0","0","0"
1,"xyi69N",1,3075,2025,162,"El Salvador","SAL","SLV",183,"Sweden","SWE","SWE",153,12,"0","-","0","0","0"
1,"xyi69N",1,3076,1993,163,"Saudi Arabia","SAU","SAU",183,"Sweden","SWE","SWE",5,"0","0","-","0","0","0"
1,"xyi69N",1,3077,1994,163,"Saudi Arabia","SAU","SAU",183,"Sweden","SWE","SWE",5,"0","0","-","0","0","0"
1,"xyi69N",1,3078,1995,163,"Saudi Arabia","SAU","SAU",183,"Sweden","SWE","SWE",5,"0","0","-","0","0","0"
1,"xyi69N",1,3079,1996,163,"Saudi Arabia","SAU","SAU",183,"Sweden","SWE","SWE",5,"0","0","-","0","0","0"
1,"xyi69N",1,3080,1997,163,"Saudi Arabia","SAU","SAU",183,"Sweden","SWE","SWE",5,"0","0","-","0","0","0"
1,"xyi69N",1,3081,1998,163,"Saudi Arabia","SAU","SAU",183,"Sweden","SWE","SWE",5,"0","0","-","0","0","0"
1,"xyi69N",1,3082,1999,163,"Saudi Arabia","SAU","SAU",183,"Sweden","SWE","SWE",5,"0","0","-","0","0","0"
1,"xyi69N",1,3083,2000,163,"Saudi Arabia","SAU","SAU",183,"Sweden","SWE","SWE",6,"0","0","-","0","0","0"
1,"xyi69N",1,3084,2001,163,"Saudi Arabia","SAU","SAU",183,"Sweden","SWE","SWE",6,"0","0","-","0","0","0"
1,"xyi69N",1,3085,2002,163,"Saudi Arabia","SAU","SAU",183,"Sweden","SWE","SWE",6,6,"0","-","0","0","0"
1,"xyi69N",1,3086,2003,163,"Saudi Arabia","SAU","SAU",183,"Sweden","SWE","SWE",5,10,"0","-","0","0","0"
1,"xyi69N",1,3087,2004,163,"Saudi Arabia","SAU","SAU",183,"Sweden","SWE","SWE",5,"0","0","-","0","0","0"
1,"xyi69N",1,3088,2005,163,"Saudi Arabia","SAU","SAU",183,"Sweden","SWE","SWE",5,"0","0","-","0","0","0"
1,"xyi69N",1,3089,2006,163,"Saudi Arabia","SAU","SAU",183,"Sweden","SWE","SWE",5,"0","0","-","0","0","0"
1,"xyi69N",1,3090,2009,163,"Saudi Arabia","SAU","SAU",183,"Sweden","SWE","SWE",5,"0","0","-","0","0","0"
1,"xyi69N",1,3091,2010,163,"Saudi Arabia","SAU","SAU",183,"Sweden","SWE","SWE",5,9,"0","-","0","0","0"
1,"xyi69N",1,3092,2011,163,"Saudi Arabia","SAU","SAU",183,"Sweden","SWE","SWE",7,5,"0","-","0","0","0"
1,"xyi69N",1,3093,2012,163,"Saudi Arabia","SAU","SAU",183,"Sweden","SWE","SWE",8,6,"0","-","0","0","0"
1,"xyi69N",1,3094,2013,163,"Saudi Arabia","SAU","SAU",183,"Sweden","SWE","SWE",13,"0","0","-","0","0","0"
1,"xyi69N",1,3095,2014,163,"Saudi Arabia","SAU","SAU",183,"Sweden","SWE","SWE",13,16,"0","-","0","0","0"
1,"xyi69N",1,3096,2015,163,"Saudi Arabia","SAU","SAU",183,"Sweden","SWE","SWE",29,33,"0","-","0","0","0"
1,"xyi69N",1,3097,2016,163,"Saudi Arabia","SAU","SAU",183,"Sweden","SWE","SWE",44,21,"0","-","0","0","0"
1,"xyi69N",1,3098,2017,163,"Saudi Arabia","SAU","SAU",183,"Sweden","SWE","SWE",46,22,"0","-","0","0","0"
1,"xyi69N",1,3099,2018,163,"Saudi Arabia","SAU","SAU",183,"Sweden","SWE","SWE",50,15,"0","-","0","0","0"
1,"xyi69N",1,3100,2019,163,"Saudi Arabia","SAU","SAU",183,"Sweden","SWE","SWE",55,11,"0","-","0","0","0"
1,"xyi69N",1,3101,2020,163,"Saudi Arabia","SAU","SAU",183,"Sweden","SWE","SWE",62,5,"0","-","0","0","0"
1,"xyi69N",1,3102,2021,163,"Saudi Arabia","SAU","SAU",183,"Sweden","SWE","SWE",60,"0","0","-","0","0","0"
1,"xyi69N",1,3103,2022,163,"Saudi Arabia","SAU","SAU",183,"Sweden","SWE","SWE",62,"0","0","-","0","0","0"
1,"xyi69N",1,3104,2023,163,"Saudi Arabia","SAU","SAU",183,"Sweden","SWE","SWE",54,"0","0","-","0","0","0"
1,"xyi69N",1,3105,2024,163,"Saudi Arabia","SAU","SAU",183,"Sweden","SWE","SWE",23,"0","0","-","0","0","0"
1,"xyi69N",1,3106,2025,163,"Saudi Arabia","SAU","SAU",183,"Sweden","SWE","SWE",20,"0","0","-","0","0","0"
1,"xyi69N",1,3107,1990,164,"Serbia and Kosovo: S/RES/1244 (1999)","SRB","SRB",183,"Sweden","SWE","SWE",1598,"0","0","-","0","0","0"
1,"xyi69N",1,3108,1991,164,"Serbia and Kosovo: S/RES/1244 (1999)","SRB","SRB",183,"Sweden","SWE","SWE",2647,"0","0","-","0","0","0"
1,"xyi69N",1,3109,1992,164,"Serbia and Kosovo: S/RES/1244 (1999)","SRB","SRB",183,"Sweden","SWE","SWE",3123,"0","0","-","0","0","0"
1,"xyi69N",1,3110,1993,164,"Serbia and Kosovo: S/RES/1244 (1999)","SRB","SRB",183,"Sweden","SWE","SWE",4788,"0","0","-","0","0","0"
1,"xyi69N",1,3111,1994,164,"Serbia and Kosovo: S/RES/1244 (1999)","SRB","SRB",183,"Sweden","SWE","SWE",21492,"0","0","-","0","0","0"
1,"xyi69N",1,3112,1995,164,"Serbia and Kosovo: S/RES/1244 (1999)","SRB","SRB",183,"Sweden","SWE","SWE",22188,"0","0","-","0","0","0"
1,"xyi69N",1,3113,1996,164,"Serbia and Kosovo: S/RES/1244 (1999)","SRB","SRB",183,"Sweden","SWE","SWE",22463,"0","0","-","0","0","0"
1,"xyi69N",1,3114,1997,164,"Serbia and Kosovo: S/RES/1244 (1999)","SRB","SRB",183,"Sweden","SWE","SWE",25358,"0","0","-","0","0","0"
1,"xyi69N",1,3115,1998,164,"Serbia and Kosovo: S/RES/1244 (1999)","SRB","SRB",183,"Sweden","SWE","SWE",26471,"0","0","-","0","0","0"
1,"xyi69N",1,3116,1999,164,"Serbia and Kosovo: S/RES/1244 (1999)","SRB","SRB",183,"Sweden","SWE","SWE",26333,"0","0","-","0","0","0"
1,"xyi69N",1,3117,2000,164,"Serbia and Kosovo: S/RES/1244 (1999)","SRB","SRB",183,"Sweden","SWE","SWE",27514,"0","0","-","0","0","0"
1,"xyi69N",1,3118,2001,164,"Serbia and Kosovo: S/RES/1244 (1999)","SRB","SRB",183,"Sweden","SWE","SWE",27965,"0","0","-","0","0","0"
1,"xyi69N",1,3119,2002,164,"Serbia and Kosovo: S/RES/1244 (1999)","SRB","SRB",183,"Sweden","SWE","SWE",28727,5514,"0","-","0","0","0"
1,"xyi69N",1,3120,2003,164,"Serbia and Kosovo: S/RES/1244 (1999)","SRB","SRB",183,"Sweden","SWE","SWE",27897,4577,"0","-","0","0","0"
1,"xyi69N",1,3121,2004,164,"Serbia and Kosovo: S/RES/1244 (1999)","SRB","SRB",183,"Sweden","SWE","SWE",11844,3384,"0","-","0","0","0"
1,"xyi69N",1,3122,2005,164,"Serbia and Kosovo: S/RES/1244 (1999)","SRB","SRB",183,"Sweden","SWE","SWE",11953,2260,"0","-","0","0","0"
1,"xyi69N",1,3123,2006,164,"Serbia and Kosovo: S/RES/1244 (1999)","SRB","SRB",183,"Sweden","SWE","SWE",12000,1406,"0","-","0","0","0"
1,"xyi69N",1,3124,2007,164,"Serbia and Kosovo: S/RES/1244 (1999)","SRB","SRB",183,"Sweden","SWE","SWE",9589,2221,"0","-","0","0","0"
1,"xyi69N",1,3125,2008,164,"Serbia and Kosovo: S/RES/1244 (1999)","SRB","SRB",183,"Sweden","SWE","SWE",8692,1884,"0","-","0","0","0"
1,"xyi69N",1,3126,2009,164,"Serbia and Kosovo: S/RES/1244 (1999)","SRB","SRB",183,"Sweden","SWE","SWE",8852,1256,"0","-","0","0","0"
1,"xyi69N",1,3127,2010,164,"Serbia and Kosovo: S/RES/1244 (1999)","SRB","SRB",183,"Sweden","SWE","SWE",6848,2824,"0","-","0","0","0"
1,"xyi69N",1,3128,2011,164,"Serbia and Kosovo: S/RES/1244 (1999)","SRB","SRB",183,"Sweden","SWE","SWE",5529,2478,"0","-","0","0","0"
1,"xyi69N",1,3129,2012,164,"Serbia and Kosovo: S/RES/1244 (1999)","SRB","SRB",183,"Sweden","SWE","SWE",4315,1741,"0","-","0","0","0"
1,"xyi69N",1,3130,2013,164,"Serbia and Kosovo: S/RES/1244 (1999)","SRB","SRB",183,"Sweden","SWE","SWE",3608,1471,"0","-","0","0","0"
1,"xyi69N",1,3131,2014,164,"Serbia and Kosovo: S/RES/1244 (1999)","SRB","SRB",183,"Sweden","SWE","SWE",3082,2008,"0","-","0","0","0"
1,"xyi69N",1,3132,2015,164,"Serbia and Kosovo: S/RES/1244 (1999)","SRB","SRB",183,"Sweden","SWE","SWE",2390,940,"0","-","0","0","0"
1,"xyi69N",1,3133,2016,164,"Serbia and Kosovo: S/RES/1244 (1999)","SRB","SRB",183,"Sweden","SWE","SWE",2071,529,"0","-","0","0","0"
1,"xyi69N",1,3134,2017,164,"Serbia and Kosovo: S/RES/1244 (1999)","SRB","SRB",183,"Sweden","SWE","SWE",1455,389,"0","-","0","0","0"
1,"xyi69N",1,3135,2018,164,"Serbia and Kosovo: S/RES/1244 (1999)","SRB","SRB",183,"Sweden","SWE","SWE",1105,373,"0","-","0","0","0"
1,"xyi69N",1,3136,2019,164,"Serbia and Kosovo: S/RES/1244 (1999)","SRB","SRB",183,"Sweden","SWE","SWE",861,351,"0","-","0","0","0"
1,"xyi69N",1,3137,2020,164,"Serbia and Kosovo: S/RES/1244 (1999)","SRB","SRB",183,"Sweden","SWE","SWE",687,311,"0","-","0","0","0"
1,"xyi69N",1,3138,2021,164,"Serbia and Kosovo: S/RES/1244 (1999)","SRB","SRB",183,"Sweden","SWE","SWE",517,231,"0","-","0","0","0"
1,"xyi69N",1,3139,2022,164,"Serbia and Kosovo: S/RES/1244 (1999)","SRB","SRB",183,"Sweden","SWE","SWE",508,217,"0","-","0","0","0"
1,"xyi69N",1,3140,2023,164,"Serbia and Kosovo: S/RES/1244 (1999)","SRB","SRB",183,"Sweden","SWE","SWE",357,175,"0","-","0","0","0"
1,"xyi69N",1,3141,2024,164,"Serbia and Kosovo: S/RES/1244 (1999)","SRB","SRB",183,"Sweden","SWE","SWE",951,59,"0","-","0","0","0"
1,"xyi69N",1,3142,2025,164,"Serbia and Kosovo: S/RES/1244 (1999)","SRB","SRB",183,"Sweden","SWE","SWE",1045,30,"0","-","0","0","0"
1,"xyi69N",1,3143,1993,165,"Senegal","SEN","SEN",183,"Sweden","SWE","SWE",5,"0","0","-","0","0","0"
1,"xyi69N",1,3144,1994,165,"Senegal","SEN","SEN",183,"Sweden","SWE","SWE",5,"0","0","-","0","0","0"
1,"xyi69N",1,3145,1995,165,"Senegal","SEN","SEN",183,"Sweden","SWE","SWE",6,"0","0","-","0","0","0"
1,"xyi69N",1,3146,1996,165,"Senegal","SEN","SEN",183,"Sweden","SWE","SWE",6,"0","0","-","0","0","0"
1,"xyi69N",1,3147,1997,165,"Senegal","SEN","SEN",183,"Sweden","SWE","SWE",11,"0","0","-","0","0","0"
1,"xyi69N",1,3148,1998,165,"Senegal","SEN","SEN",183,"Sweden","SWE","SWE",11,"0","0","-","0","0","0"
1,"xyi69N",1,3149,1999,165,"Senegal","SEN","SEN",183,"Sweden","SWE","SWE",11,"0","0","-","0","0","0"
1,"xyi69N",1,3150,2000,165,"Senegal","SEN","SEN",183,"Sweden","SWE","SWE",11,"0","0","-","0","0","0"
1,"xyi69N",1,3151,2001,165,"Senegal","SEN","SEN",183,"Sweden","SWE","SWE",10,"0","0","-","0","0","0"
1,"xyi69N",1,3152,2002,165,"Senegal","SEN","SEN",183,"Sweden","SWE","SWE",10,"0","0","-","0","0","0"
1,"xyi69N",1,3153,2003,165,"Senegal","SEN","SEN",183,"Sweden","SWE","SWE",6,5,"0","-","0","0","0"
1,"xyi69N",1,3154,2004,165,"Senegal","SEN","SEN",183,"Sweden","SWE","SWE",6,"0","0","-","0","0","0"
1,"xyi69N",1,3155,2005,165,"Senegal","SEN","SEN",183,"Sweden","SWE","SWE",5,"0","0","-","0","0","0"
1,"xyi69N",1,3156,2006,165,"Senegal","SEN","SEN",183,"Sweden","SWE","SWE",5,"0","0","-","0","0","0"
1,"xyi69N",1,3157,2007,165,"Senegal","SEN","SEN",183,"Sweden","SWE","SWE","0",9,"0","-","0","0","0"
1,"xyi69N",1,3158,2008,165,"Senegal","SEN","SEN",183,"Sweden","SWE","SWE","0",11,"0","-","0","0","0"
1,"xyi69N",1,3159,2009,165,"Senegal","SEN","SEN",183,"Sweden","SWE","SWE",5,17,"0","-","0","0","0"
1,"xyi69N",1,3160,2010,165,"Senegal","SEN","SEN",183,"Sweden","SWE","SWE",5,14,"0","-","0","0","0"
1,"xyi69N",1,3161,2011,165,"Senegal","SEN","SEN",183,"Sweden","SWE","SWE",7,13,"0","-","0","0","0"
1,"xyi69N",1,3162,2012,165,"Senegal","SEN","SEN",183,"Sweden","SWE","SWE",11,22,"0","-","0","0","0"
1,"xyi69N",1,3163,2013,165,"Senegal","SEN","SEN",183,"Sweden","SWE","SWE",16,33,"0","-","0","0","0"
1,"xyi69N",1,3164,2014,165,"Senegal","SEN","SEN",183,"Sweden","SWE","SWE",27,49,"0","-","0","0","0"
1,"xyi69N",1,3165,2015,165,"Senegal","SEN","SEN",183,"Sweden","SWE","SWE",31,47,"0","-","0","0","0"
1,"xyi69N",1,3166,2016,165,"Senegal","SEN","SEN",183,"Sweden","SWE","SWE",43,29,"0","-","0","0","0"
1,"xyi69N",1,3167,2017,165,"Senegal","SEN","SEN",183,"Sweden","SWE","SWE",45,25,"0","-","0","0","0"
1,"xyi69N",1,3168,2018,165,"Senegal","SEN","SEN",183,"Sweden","SWE","SWE",55,25,"0","-","0","0","0"
1,"xyi69N",1,3169,2019,165,"Senegal","SEN","SEN",183,"Sweden","SWE","SWE",56,27,"0","-","0","0","0"
1,"xyi69N",1,3170,2020,165,"Senegal","SEN","SEN",183,"Sweden","SWE","SWE",57,25,"0","-","0","0","0"
1,"xyi69N",1,3171,2021,165,"Senegal","SEN","SEN",183,"Sweden","SWE","SWE",57,27,"0","-","0","0","0"
1,"xyi69N",1,3172,2022,165,"Senegal","SEN","SEN",183,"Sweden","SWE","SWE",53,12,"0","-","0","0","0"
1,"xyi69N",1,3173,2023,165,"Senegal","SEN","SEN",183,"Sweden","SWE","SWE",39,11,"0","-","0","0","0"
1,"xyi69N",1,3174,2024,165,"Senegal","SEN","SEN",183,"Sweden","SWE","SWE",67,11,"0","-","0","0","0"
1,"xyi69N",1,3175,2025,165,"Senegal","SEN","SEN",183,"Sweden","SWE","SWE",66,6,"0","-","0","0","0"
1,"xyi69N",1,3176,2007,168,"Singapore","SIN","SGP",183,"Sweden","SWE","SWE",5,"0","0","-","0","0","0"
1,"xyi69N",1,3177,1997,169,"Sierra Leone","SLE","SLE",183,"Sweden","SWE","SWE",5,"0","0","-","0","0","0"
1,"xyi69N",1,3178,1998,169,"Sierra Leone","SLE","SLE",183,"Sweden","SWE","SWE",7,"0","0","-","0","0","0"
1,"xyi69N",1,3179,1999,169,"Sierra Leone","SLE","SLE",183,"Sweden","SWE","SWE",7,"0","0","-","0","0","0"
1,"xyi69N",1,3180,2000,169,"Sierra Leone","SLE","SLE",183,"Sweden","SWE","SWE",14,"0","0","-","0","0","0"
1,"xyi69N",1,3181,2001,169,"Sierra Leone","SLE","SLE",183,"Sweden","SWE","SWE",21,"0","0","-","0","0","0"
1,"xyi69N",1,3182,2002,169,"Sierra Leone","SLE","SLE",183,"Sweden","SWE","SWE",26,40,"0","-","0","0","0"
1,"xyi69N",1,3183,2003,169,"Sierra Leone","SLE","SLE",183,"Sweden","SWE","SWE",97,94,"0","-","0","0","0"
1,"xyi69N",1,3184,2004,169,"Sierra Leone","SLE","SLE",183,"Sweden","SWE","SWE",137,61,"0","-","0","0","0"
1,"xyi69N",1,3185,2005,169,"Sierra Leone","SLE","SLE",183,"Sweden","SWE","SWE",142,27,"0","-","0","0","0"
1,"xyi69N",1,3186,2006,169,"Sierra Leone","SLE","SLE",183,"Sweden","SWE","SWE",145,25,"0","-","0","0","0"
1,"xyi69N",1,3187,2007,169,"Sierra Leone","SLE","SLE",183,"Sweden","SWE","SWE",44,25,"0","-","0","0","0"
1,"xyi69N",1,3188,2008,169,"Sierra Leone","SLE","SLE",183,"Sweden","SWE","SWE",45,29,"0","-","0","0","0"
1,"xyi69N",1,3189,2009,169,"Sierra Leone","SLE","SLE",183,"Sweden","SWE","SWE",47,21,"0","-","0","0","0"
1,"xyi69N",1,3190,2010,169,"Sierra Leone","SLE","SLE",183,"Sweden","SWE","SWE",42,21,"0","-","0","0","0"
1,"xyi69N",1,3191,2011,169,"Sierra Leone","SLE","SLE",183,"Sweden","SWE","SWE",42,25,"0","-","0","0","0"
1,"xyi69N",1,3192,2012,169,"Sierra Leone","SLE","SLE",183,"Sweden","SWE","SWE",44,29,"0","-","0","0","0"
1,"xyi69N",1,3193,2013,169,"Sierra Leone","SLE","SLE",183,"Sweden","SWE","SWE",55,34,"0","-","0","0","0"
1,"xyi69N",1,3194,2014,169,"Sierra Leone","SLE","SLE",183,"Sweden","SWE","SWE",66,25,"0","-","0","0","0"
1,"xyi69N",1,3195,2015,169,"Sierra Leone","SLE","SLE",183,"Sweden","SWE","SWE",64,43,"0","-","0","0","0"
1,"xyi69N",1,3196,2016,169,"Sierra Leone","SLE","SLE",183,"Sweden","SWE","SWE",70,29,"0","-","0","0","0"
1,"xyi69N",1,3197,2017,169,"Sierra Leone","SLE","SLE",183,"Sweden","SWE","SWE",69,34,"0","-","0","0","0"
1,"xyi69N",1,3198,2018,169,"Sierra Leone","SLE","SLE",183,"Sweden","SWE","SWE",68,29,"0","-","0","0","0"
1,"xyi69N",1,3199,2019,169,"Sierra Leone","SLE","SLE",183,"Sweden","SWE","SWE",70,19,"0","-","0","0","0"
1,"xyi69N",1,3200,2020,169,"Sierra Leone","SLE","SLE",183,"Sweden","SWE","SWE",71,17,"0","-","0","0","0"
1,"xyi69N",1,3201,2021,169,"Sierra Leone","SLE","SLE",183,"Sweden","SWE","SWE",68,10,"0","-","0","0","0"
1,"xyi69N",1,3202,2022,169,"Sierra Leone","SLE","SLE",183,"Sweden","SWE","SWE",63,20,"0","-","0","0","0"
1,"xyi69N",1,3203,2023,169,"Sierra Leone","SLE","SLE",183,"Sweden","SWE","SWE",48,23,"0","-","0","0","0"
1,"xyi69N",1,3204,2024,169,"Sierra Leone","SLE","SLE",183,"Sweden","SWE","SWE",86,5,"0","-","0","0","0"
1,"xyi69N",1,3205,2025,169,"Sierra Leone","SLE","SLE",183,"Sweden","SWE","SWE",84,8,"0","-","0","0","0"
1,"xyi69N",1,3206,1990,172,"Somalia","SOM","SOM",183,"Sweden","SWE","SWE",1083,"0","0","-","0","0","0"
1,"xyi69N",1,3207,1991,172,"Somalia","SOM","SOM",183,"Sweden","SWE","SWE",3033,"0","0","-","0","0","0"
1,"xyi69N",1,3208,1992,172,"Somalia","SOM","SOM",183,"Sweden","SWE","SWE",4431,"0","0","-","0","0","0"
1,"xyi69N",1,3209,1993,172,"Somalia","SOM","SOM",183,"Sweden","SWE","SWE",5083,"0","0","-","0","0","0"
1,"xyi69N",1,3210,1994,172,"Somalia","SOM","SOM",183,"Sweden","SWE","SWE",7129,"0","0","-","0","0","0"
1,"xyi69N",1,3211,1995,172,"Somalia","SOM","SOM",183,"Sweden","SWE","SWE",7288,"0","0","-","0","0","0"
1,"xyi69N",1,3212,1996,172,"Somalia","SOM","SOM",183,"Sweden","SWE","SWE",7475,"0","0","-","0","0","0"
1,"xyi69N",1,3213,1997,172,"Somalia","SOM","SOM",183,"Sweden","SWE","SWE",7556,"0","0","-","0","0","0"
1,"xyi69N",1,3214,1998,172,"Somalia","SOM","SOM",183,"Sweden","SWE","SWE",7601,"0","0","-","0","0","0"
1,"xyi69N",1,3215,1999,172,"Somalia","SOM","SOM",183,"Sweden","SWE","SWE",7670,"0","0","-","0","0","0"
1,"xyi69N",1,3216,2000,172,"Somalia","SOM","SOM",183,"Sweden","SWE","SWE",7302,"0","0","-","0","0","0"
1,"xyi69N",1,3217,2001,172,"Somalia","SOM","SOM",183,"Sweden","SWE","SWE",5560,"0","0","-","0","0","0"
1,"xyi69N",1,3218,2002,172,"Somalia","SOM","SOM",183,"Sweden","SWE","SWE",4461,885,"0","-","0","0","0"
1,"xyi69N",1,3219,2003,172,"Somalia","SOM","SOM",183,"Sweden","SWE","SWE",4258,2518,"0","-","0","0","0"
1,"xyi69N",1,3220,2004,172,"Somalia","SOM","SOM",183,"Sweden","SWE","SWE",2932,2179,"0","-","0","0","0"
1,"xyi69N",1,3221,2005,172,"Somalia","SOM","SOM",183,"Sweden","SWE","SWE",3486,992,"0","-","0","0","0"
1,"xyi69N",1,3222,2006,172,"Somalia","SOM","SOM",183,"Sweden","SWE","SWE",4066,489,"0","-","0","0","0"
1,"xyi69N",1,3223,2007,172,"Somalia","SOM","SOM",183,"Sweden","SWE","SWE",5332,1943,"0","-","0","0","0"
1,"xyi69N",1,3224,2008,172,"Somalia","SOM","SOM",183,"Sweden","SWE","SWE",6753,2876,"0","-","0","0","0"
1,"xyi69N",1,3225,2009,172,"Somalia","SOM","SOM",183,"Sweden","SWE","SWE",10636,2889,"0","-","0","0","0"
1,"xyi69N",1,3226,2010,172,"Somalia","SOM","SOM",183,"Sweden","SWE","SWE",15238,1553,"0","-","0","0","0"
1,"xyi69N",1,3227,2011,172,"Somalia","SOM","SOM",183,"Sweden","SWE","SWE",17602,1744,"0","-","0","0","0"
1,"xyi69N",1,3228,2012,172,"Somalia","SOM","SOM",183,"Sweden","SWE","SWE",19416,2563,"0","-","0","0","0"
1,"xyi69N",1,3229,2013,172,"Somalia","SOM","SOM",183,"Sweden","SWE","SWE",20613,1911,"0","-","0","0","0"
1,"xyi69N",1,3230,2014,172,"Somalia","SOM","SOM",183,"Sweden","SWE","SWE",21189,3907,"0","-","0","0","0"
1,"xyi69N",1,3231,2015,172,"Somalia","SOM","SOM",183,"Sweden","SWE","SWE",21501,5728,"0","-","0","0","0"
1,"xyi69N",1,3232,2016,172,"Somalia","SOM","SOM",183,"Sweden","SWE","SWE",22548,3890,"0","-","0","0","0"
1,"xyi69N",1,3233,2017,172,"Somalia","SOM","SOM",183,"Sweden","SWE","SWE",21973,2326,"0","-","0","0","0"
1,"xyi69N",1,3234,2018,172,"Somalia","SOM","SOM",183,"Sweden","SWE","SWE",21032,1611,"0","-","0","0","0"
1,"xyi69N",1,3235,2019,172,"Somalia","SOM","SOM",183,"Sweden","SWE","SWE",17593,1084,"0","-","0","0","0"
1,"xyi69N",1,3236,2020,172,"Somalia","SOM","SOM",183,"Sweden","SWE","SWE",12784,683,"0","-","0","0","0"
1,"xyi69N",1,3237,2021,172,"Somalia","SOM","SOM",183,"Sweden","SWE","SWE",10330,528,"0","-","0","0","0"
1,"xyi69N",1,3238,2022,172,"Somalia","SOM","SOM",183,"Sweden","SWE","SWE",8307,383,"0","-","0","0","0"
1,"xyi69N",1,3239,2023,172,"Somalia","SOM","SOM",183,"Sweden","SWE","SWE",6271,266,"0","-","0","0","0"
1,"xyi69N",1,3240,2024,172,"Somalia","SOM","SOM",183,"Sweden","SWE","SWE",7281,172,"0","-","0","0","0"
1,"xyi69N",1,3241,2025,172,"Somalia","SOM","SOM",183,"Sweden","SWE","SWE",6946,100,"0","-","0","0","0"
1,"xyi69N",1,3242,2014,173,"Spain","SPA","ESP",183,"Sweden","SWE","SWE","0",5,"0","-","0","0","0"
1,"xyi69N",1,3243,2015,173,"Spain","SPA","ESP",183,"Sweden","SWE","SWE","0",6,"0","-","0","0","0"
1,"xyi69N",1,3244,2016,173,"Spain","SPA","ESP",183,"Sweden","SWE","SWE","0",5,"0","-","0","0","0"
1,"xyi69N",1,3245,2018,173,"Spain","SPA","ESP",183,"Sweden","SWE","SWE","0",5,"0","-","0","0","0"
1,"xyi69N",1,3246,1990,174,"Viet Nam","SRV","VNM",183,"Sweden","SWE","SWE",5626,"0","0","-","0","0","0"
1,"xyi69N",1,3247,1991,174,"Viet Nam","SRV","VNM",183,"Sweden","SWE","SWE",5286,"0","0","-","0","0","0"
1,"xyi69N",1,3248,1992,174,"Viet Nam","SRV","VNM",183,"Sweden","SWE","SWE",5112,"0","0","-","0","0","0"
1,"xyi69N",1,3249,1993,174,"Viet Nam","SRV","VNM",183,"Sweden","SWE","SWE",4991,"0","0","-","0","0","0"
1,"xyi69N",1,3250,1994,174,"Viet Nam","SRV","VNM",183,"Sweden","SWE","SWE",4488,"0","0","-","0","0","0"
1,"xyi69N",1,3251,1995,174,"Viet Nam","SRV","VNM",183,"Sweden","SWE","SWE",4325,"0","0","-","0","0","0"
1,"xyi69N",1,3252,1996,174,"Viet Nam","SRV","VNM",183,"Sweden","SWE","SWE",3866,"0","0","-","0","0","0"
1,"xyi69N",1,3253,1997,174,"Viet Nam","SRV","VNM",183,"Sweden","SWE","SWE",3480,"0","0","-","0","0","0"
1,"xyi69N",1,3254,1998,174,"Viet Nam","SRV","VNM",183,"Sweden","SWE","SWE",3061,"0","0","-","0","0","0"
1,"xyi69N",1,3255,1999,174,"Viet Nam","SRV","VNM",183,"Sweden","SWE","SWE",2410,"0","0","-","0","0","0"
1,"xyi69N",1,3256,2000,174,"Viet Nam","SRV","VNM",183,"Sweden","SWE","SWE",1464,"0","0","-","0","0","0"
1,"xyi69N",1,3257,2001,174,"Viet Nam","SRV","VNM",183,"Sweden","SWE","SWE",826,"0","0","-","0","0","0"
1,"xyi69N",1,3258,2002,174,"Viet Nam","SRV","VNM",183,"Sweden","SWE","SWE",365,33,"0","-","0","0","0"
1,"xyi69N",1,3259,2003,174,"Viet Nam","SRV","VNM",183,"Sweden","SWE","SWE",340,89,"0","-","0","0","0"
1,"xyi69N",1,3260,2004,174,"Viet Nam","SRV","VNM",183,"Sweden","SWE","SWE",123,68,"0","-","0","0","0"
1,"xyi69N",1,3261,2005,174,"Viet Nam","SRV","VNM",183,"Sweden","SWE","SWE",122,22,"0","-","0","0","0"
1,"xyi69N",1,3262,2006,174,"Viet Nam","SRV","VNM",183,"Sweden","SWE","SWE",130,28,"0","-","0","0","0"
1,"xyi69N",1,3263,2007,174,"Viet Nam","SRV","VNM",183,"Sweden","SWE","SWE",92,57,"0","-","0","0","0"
1,"xyi69N",1,3264,2008,174,"Viet Nam","SRV","VNM",183,"Sweden","SWE","SWE",101,48,"0","-","0","0","0"
1,"xyi69N",1,3265,2009,174,"Viet Nam","SRV","VNM",183,"Sweden","SWE","SWE",111,106,"0","-","0","0","0"
1,"xyi69N",1,3266,2010,174,"Viet Nam","SRV","VNM",183,"Sweden","SWE","SWE",103,110,"0","-","0","0","0"
1,"xyi69N",1,3267,2011,174,"Viet Nam","SRV","VNM",183,"Sweden","SWE","SWE",97,38,"0","-","0","0","0"
1,"xyi69N",1,3268,2012,174,"Viet Nam","SRV","VNM",183,"Sweden","SWE","SWE",82,28,"0","-","0","0","0"
1,"xyi69N",1,3269,2013,174,"Viet Nam","SRV","VNM",183,"Sweden","SWE","SWE",82,22,"0","-","0","0","0"
1,"xyi69N",1,3270,2014,174,"Viet Nam","SRV","VNM",183,"Sweden","SWE","SWE",78,41,"0","-","0","0","0"
1,"xyi69N",1,3271,2015,174,"Viet Nam","SRV","VNM",183,"Sweden","SWE","SWE",76,28,"0","-","0","0","0"
1,"xyi69N",1,3272,2016,174,"Viet Nam","SRV","VNM",183,"Sweden","SWE","SWE",78,39,"0","-","0","0","0"
1,"xyi69N",1,3273,2017,174,"Viet Nam","SRV","VNM",183,"Sweden","SWE","SWE",68,29,"0","-","0","0","0"
1,"xyi69N",1,3274,2018,174,"Viet Nam","SRV","VNM",183,"Sweden","SWE","SWE",55,52,"0","-","0","0","0"
1,"xyi69N",1,3275,2019,174,"Viet Nam","SRV","VNM",183,"Sweden","SWE","SWE",42,40,"0","-","0","0","0"
1,"xyi69N",1,3276,2020,174,"Viet Nam","SRV","VNM",183,"Sweden","SWE","SWE",34,22,"0","-","0","0","0"
1,"xyi69N",1,3277,2021,174,"Viet Nam","SRV","VNM",183,"Sweden","SWE","SWE",19,40,"0","-","0","0","0"
1,"xyi69N",1,3278,2022,174,"Viet Nam","SRV","VNM",183,"Sweden","SWE","SWE",36,42,"0","-","0","0","0"
1,"xyi69N",1,3279,2023,174,"Viet Nam","SRV","VNM",183,"Sweden","SWE","SWE",21,28,"0","-","0","0","0"
1,"xyi69N",1,3280,2024,174,"Viet Nam","SRV","VNM",183,"Sweden","SWE","SWE",69,20,"0","-","0","0","0"
1,"xyi69N",1,3281,2025,174,"Viet Nam","SRV","VNM",183,"Sweden","SWE","SWE",60,14,"0","-","0","0","0"
1,"xyi69N",1,3282,2015,175,"Saint Kitts and Nevis","STK","KNA",183,"Sweden","SWE","SWE","0",5,"0","-","0","0","0"
1,"xyi69N",1,3283,1990,177,"Sudan","SUD","SDN",183,"Sweden","SWE","SWE",11,"0","0","-","0","0","0"
1,"xyi69N",1,3284,1991,177,"Sudan","SUD","SDN",183,"Sweden","SWE","SWE",34,"0","0","-","0","0","0"
1,"xyi69N",1,3285,1992,177,"Sudan","SUD","SDN",183,"Sweden","SWE","SWE",73,"0","0","-","0","0","0"
1,"xyi69N",1,3286,1993,177,"Sudan","SUD","SDN",183,"Sweden","SWE","SWE",116,"0","0","-","0","0","0"
1,"xyi69N",1,3287,1994,177,"Sudan","SUD","SDN",183,"Sweden","SWE","SWE",128,"0","0","-","0","0","0"
1,"xyi69N",1,3288,1995,177,"Sudan","SUD","SDN",183,"Sweden","SWE","SWE",130,"0","0","-","0","0","0"
1,"xyi69N",1,3289,1996,177,"Sudan","SUD","SDN",183,"Sweden","SWE","SWE",131,"0","0","-","0","0","0"
1,"xyi69N",1,3290,1997,177,"Sudan","SUD","SDN",183,"Sweden","SWE","SWE",134,"0","0","-","0","0","0"
1,"xyi69N",1,3291,1998,177,"Sudan","SUD","SDN",183,"Sweden","SWE","SWE",147,"0","0","-","0","0","0"
1,"xyi69N",1,3292,1999,177,"Sudan","SUD","SDN",183,"Sweden","SWE","SWE",147,"0","0","-","0","0","0"
1,"xyi69N",1,3293,2000,177,"Sudan","SUD","SDN",183,"Sweden","SWE","SWE",155,"0","0","-","0","0","0"
1,"xyi69N",1,3294,2001,177,"Sudan","SUD","SDN",183,"Sweden","SWE","SWE",138,"0","0","-","0","0","0"
1,"xyi69N",1,3295,2002,177,"Sudan","SUD","SDN",183,"Sweden","SWE","SWE",103,56,"0","-","0","0","0"
1,"xyi69N",1,3296,2003,177,"Sudan","SUD","SDN",183,"Sweden","SWE","SWE",90,95,"0","-","0","0","0"
1,"xyi69N",1,3297,2004,177,"Sudan","SUD","SDN",183,"Sweden","SWE","SWE",169,86,"0","-","0","0","0"
1,"xyi69N",1,3298,2005,177,"Sudan","SUD","SDN",183,"Sweden","SWE","SWE",202,67,"0","-","0","0","0"
1,"xyi69N",1,3299,2006,177,"Sudan","SUD","SDN",183,"Sweden","SWE","SWE",241,41,"0","-","0","0","0"
1,"xyi69N",1,3300,2007,177,"Sudan","SUD","SDN",183,"Sweden","SWE","SWE",112,73,"0","-","0","0","0"
1,"xyi69N",1,3301,2008,177,"Sudan","SUD","SDN",183,"Sweden","SWE","SWE",141,72,"0","-","0","0","0"
1,"xyi69N",1,3302,2009,177,"Sudan","SUD","SDN",183,"Sweden","SWE","SWE",187,54,"0","-","0","0","0"
1,"xyi69N",1,3303,2010,177,"Sudan","SUD","SDN",183,"Sweden","SWE","SWE",209,69,"0","-","0","0","0"
1,"xyi69N",1,3304,2011,177,"Sudan","SUD","SDN",183,"Sweden","SWE","SWE",254,56,"0","-","0","0","0"
1,"xyi69N",1,3305,2012,177,"Sudan","SUD","SDN",183,"Sweden","SWE","SWE",295,142,"0","-","0","0","0"
1,"xyi69N",1,3306,2013,177,"Sudan","SUD","SDN",183,"Sweden","SWE","SWE",379,107,"0","-","0","0","0"
1,"xyi69N",1,3307,2014,177,"Sudan","SUD","SDN",183,"Sweden","SWE","SWE",417,406,"0","-","0","0","0"
1,"xyi69N",1,3308,2015,177,"Sudan","SUD","SDN",183,"Sweden","SWE","SWE",474,671,"0","-","0","0","0"
1,"xyi69N",1,3309,2016,177,"Sudan","SUD","SDN",183,"Sweden","SWE","SWE",702,423,"0","-","0","0","0"
1,"xyi69N",1,3310,2017,177,"Sudan","SUD","SDN",183,"Sweden","SWE","SWE",841,241,"0","-","0","0","0"
1,"xyi69N",1,3311,2018,177,"Sudan","SUD","SDN",183,"Sweden","SWE","SWE",1075,205,"0","-","0","0","0"
1,"xyi69N",1,3312,2019,177,"Sudan","SUD","SDN",183,"Sweden","SWE","SWE",1128,185,"0","-","0","0","0"
1,"xyi69N",1,3313,2020,177,"Sudan","SUD","SDN",183,"Sweden","SWE","SWE",1132,142,"0","-","0","0","0"
1,"xyi69N",1,3314,2021,177,"Sudan","SUD","SDN",183,"Sweden","SWE","SWE",1091,89,"0","-","0","0","0"
1,"xyi69N",1,3315,2022,177,"Sudan","SUD","SDN",183,"Sweden","SWE","SWE",1060,56,"0","-","0","0","0"
1,"xyi69N",1,3316,2023,177,"Sudan","SUD","SDN",183,"Sweden","SWE","SWE",754,65,"0","-","0","0","0"
1,"xyi69N",1,3317,2024,177,"Sudan","SUD","SDN",183,"Sweden","SWE","SWE",2272,59,"0","-","0","0","0"
1,"xyi69N",1,3318,2025,177,"Sudan","SUD","SDN",183,"Sweden","SWE","SWE",2142,38,"0","-","0","0","0"
1,"xyi69N",1,3319,2014,179,"South Sudan","SSD","SSD",183,"Sweden","SWE","SWE","0",5,"0","-","0","0","0"
1,"xyi69N",1,3320,2015,179,"South Sudan","SSD","SSD",183,"Sweden","SWE","SWE","0",5,"0","-","0","0","0"
1,"xyi69N",1,3321,2017,179,"South Sudan","SSD","SSD",183,"Sweden","SWE","SWE",5,5,"0","-","0","0","0"
1,"xyi69N",1,3322,2018,179,"South Sudan","SSD","SSD",183,"Sweden","SWE","SWE",61,"0","0","-","0","0","0"
1,"xyi69N",1,3323,2019,179,"South Sudan","SSD","SSD",183,"Sweden","SWE","SWE",63,"0","0","-","0","0","0"
1,"xyi69N",1,3324,2020,179,"South Sudan","SSD","SSD",183,"Sweden","SWE","SWE",63,"0","0","-","0","0","0"
1,"xyi69N",1,3325,2021,179,"South Sudan","SSD","SSD",183,"Sweden","SWE","SWE",63,"0","0","-","0","0","0"
1,"xyi69N",1,3326,2022,179,"South Sudan","SSD","SSD",183,"Sweden","SWE","SWE",64,"0","0","-","0","0","0"
1,"xyi69N",1,3327,2023,179,"South Sudan","SSD","SSD",183,"Sweden","SWE","SWE",8,"0","0","-","0","0","0"
1,"xyi69N",1,3328,2024,179,"South Sudan","SSD","SSD",183,"Sweden","SWE","SWE",921,5,"0","-","0","0","0"
1,"xyi69N",1,3329,2025,179,"South Sudan","SSD","SSD",183,"Sweden","SWE","SWE",932,"0","0","-","0","0","0"
1,"xyi69N",1,3330,2000,180,"Slovakia","SVK","SVK",183,"Sweden","SWE","SWE",13,"0","0","-","0","0","0"
1,"xyi69N",1,3331,2001,180,"Slovakia","SVK","SVK",183,"Sweden","SWE","SWE",14,"0","0","-","0","0","0"
1,"xyi69N",1,3332,2002,180,"Slovakia","SVK","SVK",183,"Sweden","SWE","SWE",14,110,"0","-","0","0","0"
1,"xyi69N",1,3333,2003,180,"Slovakia","SVK","SVK",183,"Sweden","SWE","SWE",14,18,"0","-","0","0","0"
1,"xyi69N",1,3334,2004,180,"Slovakia","SVK","SVK",183,"Sweden","SWE","SWE",14,"0","0","-","0","0","0"
1,"xyi69N",1,3335,2005,180,"Slovakia","SVK","SVK",183,"Sweden","SWE","SWE",15,7,"0","-","0","0","0"
1,"xyi69N",1,3336,2006,180,"Slovakia","SVK","SVK",183,"Sweden","SWE","SWE",15,5,"0","-","0","0","0"
1,"xyi69N",1,3337,2007,180,"Slovakia","SVK","SVK",183,"Sweden","SWE","SWE",16,"0","0","-","0","0","0"
1,"xyi69N",1,3338,2008,180,"Slovakia","SVK","SVK",183,"Sweden","SWE","SWE",16,"0","0","-","0","0","0"
1,"xyi69N",1,3339,2009,180,"Slovakia","SVK","SVK",183,"Sweden","SWE","SWE",18,"0","0","-","0","0","0"
1,"xyi69N",1,3340,2010,180,"Slovakia","SVK","SVK",183,"Sweden","SWE","SWE",6,"0","0","-","0","0","0"
1,"xyi69N",1,3341,2011,180,"Slovakia","SVK","SVK",183,"Sweden","SWE","SWE",8,"0","0","-","0","0","0"
1,"xyi69N",1,3342,2012,180,"Slovakia","SVK","SVK",183,"Sweden","SWE","SWE",8,"0","0","-","0","0","0"
1,"xyi69N",1,3343,2013,180,"Slovakia","SVK","SVK",183,"Sweden","SWE","SWE",8,10,"0","-","0","0","0"
1,"xyi69N",1,3344,2014,180,"Slovakia","SVK","SVK",183,"Sweden","SWE","SWE",8,"0","0","-","0","0","0"
1,"xyi69N",1,3345,2015,180,"Slovakia","SVK","SVK",183,"Sweden","SWE","SWE",7,"0","0","-","0","0","0"
1,"xyi69N",1,3346,2016,180,"Slovakia","SVK","SVK",183,"Sweden","SWE","SWE",7,"0","0","-","0","0","0"
1,"xyi69N",1,3347,2017,180,"Slovakia","SVK","SVK",183,"Sweden","SWE","SWE",6,"0","0","-","0","0","0"
1,"xyi69N",1,3348,2018,180,"Slovakia","SVK","SVK",183,"Sweden","SWE","SWE",6,5,"0","-","0","0","0"
1,"xyi69N",1,3349,2019,180,"Slovakia","SVK","SVK",183,"Sweden","SWE","SWE",5,5,"0","-","0","0","0"
1,"xyi69N",1,3350,2020,180,"Slovakia","SVK","SVK",183,"Sweden","SWE","SWE",5,5,"0","-","0","0","0"
1,"xyi69N",1,3351,2024,180,"Slovakia","SVK","SVK",183,"Sweden","SWE","SWE",38,"0","0","-","0","0","0"
1,"xyi69N",1,3352,2025,180,"Slovakia","SVK","SVK",183,"Sweden","SWE","SWE",37,"0","0","-","0","0","0"
1,"xyi69N",1,3353,1994,181,"Slovenia","SVN","SVN",183,"Sweden","SWE","SWE",19,"0","0","-","0","0","0"
1,"xyi69N",1,3354,1995,181,"Slovenia","SVN","SVN",183,"Sweden","SWE","SWE",19,"0","0","-","0","0","0"
1,"xyi69N",1,3355,1996,181,"Slovenia","SVN","SVN",183,"Sweden","SWE","SWE",19,"0","0","-","0","0","0"
1,"xyi69N",1,3356,1997,181,"Slovenia","SVN","SVN",183,"Sweden","SWE","SWE",19,"0","0","-","0","0","0"
1,"xyi69N",1,3357,1998,181,"Slovenia","SVN","SVN",183,"Sweden","SWE","SWE",20,"0","0","-","0","0","0"
1,"xyi69N",1,3358,1999,181,"Slovenia","SVN","SVN",183,"Sweden","SWE","SWE",20,"0","0","-","0","0","0"
1,"xyi69N",1,3359,2000,181,"Slovenia","SVN","SVN",183,"Sweden","SWE","SWE",20,"0","0","-","0","0","0"
1,"xyi69N",1,3360,2001,181,"Slovenia","SVN","SVN",183,"Sweden","SWE","SWE",20,"0","0","-","0","0","0"
1,"xyi69N",1,3361,2002,181,"Slovenia","SVN","SVN",183,"Sweden","SWE","SWE",20,5,"0","-","0","0","0"
1,"xyi69N",1,3362,2003,181,"Slovenia","SVN","SVN",183,"Sweden","SWE","SWE",21,5,"0","-","0","0","0"
1,"xyi69N",1,3363,2024,181,"Slovenia","SVN","SVN",183,"Sweden","SWE","SWE",5,"0","0","-","0","0","0"
1,"xyi69N",1,3364,2025,181,"Slovenia","SVN","SVN",183,"Sweden","SWE","SWE",5,"0","0","-","0","0","0"
1,"xyi69N",1,3365,2012,182,"Eswatini","SWA","SWZ",183,"Sweden","SWE","SWE","0",5,"0","-","0","0","0"
1,"xyi69N",1,3366,2019,182,"Eswatini","SWA","SWZ",183,"Sweden","SWE","SWE",5,"0","0","-","0","0","0"
1,"xyi69N",1,3367,2020,182,"Eswatini","SWA","SWZ",183,"Sweden","SWE","SWE",5,5,"0","-","0","0","0"
1,"xyi69N",1,3368,2021,182,"Eswatini","SWA","SWZ",183,"Sweden","SWE","SWE",5,"0","0","-","0","0","0"
1,"xyi69N",1,3369,2022,182,"Eswatini","SWA","SWZ",183,"Sweden","SWE","SWE",5,"0","0","-","0","0","0"
1,"xyi69N",1,3370,2002,183,"Sweden","SWE","SWE",183,"Sweden","SWE","SWE","0",5,"0","-","0","0","0"
1,"xyi69N",1,3371,2003,183,"Sweden","SWE","SWE",183,"Sweden","SWE","SWE",5,"0","0","-","0","0","0"
1,"xyi69N",1,3372,2010,183,"Sweden","SWE","SWE",183,"Sweden","SWE","SWE","0",5,"0","-","0","0","0"
1,"xyi69N",1,3373,2011,183,"Sweden","SWE","SWE",183,"Sweden","SWE","SWE","0",5,"0","-","0","0","0"
1,"xyi69N",1,3374,2012,183,"Sweden","SWE","SWE",183,"Sweden","SWE","SWE","0",21,"0","-","0","0","0"
1,"xyi69N",1,3375,1990,185,"Syrian Arab Rep.","SYR","SYR",183,"Sweden","SWE","SWE",1796,"0","0","-","0","0","0"
1,"xyi69N",1,3376,1991,185,"Syrian Arab Rep.","SYR","SYR",183,"Sweden","SWE","SWE",2679,"0","0","-","0","0","0"
1,"xyi69N",1,3377,1992,185,"Syrian Arab Rep.","SYR","SYR",183,"Sweden","SWE","SWE",3157,"0","0","-","0","0","0"
1,"xyi69N",1,3378,1993,185,"Syrian Arab Rep.","SYR","SYR",183,"Sweden","SWE","SWE",3216,"0","0","-","0","0","0"
1,"xyi69N",1,3379,1994,185,"Syrian Arab Rep.","SYR","SYR",183,"Sweden","SWE","SWE",3384,"0","0","-","0","0","0"
1,"xyi69N",1,3380,1995,185,"Syrian Arab Rep.","SYR","SYR",183,"Sweden","SWE","SWE",3364,"0","0","-","0","0","0"
1,"xyi69N",1,3381,1996,185,"Syrian Arab Rep.","SYR","SYR",183,"Sweden","SWE","SWE",3240,"0","0","-","0","0","0"
1,"xyi69N",1,3382,1997,185,"Syrian Arab Rep.","SYR","SYR",183,"Sweden","SWE","SWE",3165,"0","0","-","0","0","0"
1,"xyi69N",1,3383,1998,185,"Syrian Arab Rep.","SYR","SYR",183,"Sweden","SWE","SWE",3014,"0","0","-","0","0","0"
1,"xyi69N",1,3384,1999,185,"Syrian Arab Rep.","SYR","SYR",183,"Sweden","SWE","SWE",2419,"0","0","-","0","0","0"
1,"xyi69N",1,3385,2000,185,"Syrian Arab Rep.","SYR","SYR",183,"Sweden","SWE","SWE",2028,"0","0","-","0","0","0"
1,"xyi69N",1,3386,2001,185,"Syrian Arab Rep.","SYR","SYR",183,"Sweden","SWE","SWE",1268,"0","0","-","0","0","0"
1,"xyi69N",1,3387,2002,185,"Syrian Arab Rep.","SYR","SYR",183,"Sweden","SWE","SWE",970,871,"0","-","0","0","0"
1,"xyi69N",1,3388,2003,185,"Syrian Arab Rep.","SYR","SYR",183,"Sweden","SWE","SWE",1048,886,"0","-","0","0","0"
1,"xyi69N",1,3389,2004,185,"Syrian Arab Rep.","SYR","SYR",183,"Sweden","SWE","SWE",940,606,"0","-","0","0","0"
1,"xyi69N",1,3390,2005,185,"Syrian Arab Rep.","SYR","SYR",183,"Sweden","SWE","SWE",1032,367,"0","-","0","0","0"
1,"xyi69N",1,3391,2006,185,"Syrian Arab Rep.","SYR","SYR",183,"Sweden","SWE","SWE",1065,462,"0","-","0","0","0"
1,"xyi69N",1,3392,2007,185,"Syrian Arab Rep.","SYR","SYR",183,"Sweden","SWE","SWE",1081,544,"0","-","0","0","0"
1,"xyi69N",1,3393,2008,185,"Syrian Arab Rep.","SYR","SYR",183,"Sweden","SWE","SWE",1084,617,"0","-","0","0","0"
1,"xyi69N",1,3394,2009,185,"Syrian Arab Rep.","SYR","SYR",183,"Sweden","SWE","SWE",1118,594,"0","-","0","0","0"
1,"xyi69N",1,3395,2010,185,"Syrian Arab Rep.","SYR","SYR",183,"Sweden","SWE","SWE",1169,371,"0","-","0","0","0"
1,"xyi69N",1,3396,2011,185,"Syrian Arab Rep.","SYR","SYR",183,"Sweden","SWE","SWE",1206,485,"0","-","0","0","0"
1,"xyi69N",1,3397,2012,185,"Syrian Arab Rep.","SYR","SYR",183,"Sweden","SWE","SWE",6051,3751,"0","-","0","0","0"
1,"xyi69N",1,3398,2013,185,"Syrian Arab Rep.","SYR","SYR",183,"Sweden","SWE","SWE",17984,6808,"0","-","0","0","0"
1,"xyi69N",1,3399,2014,185,"Syrian Arab Rep.","SYR","SYR",183,"Sweden","SWE","SWE",34285,19011,"0","-","0","0","0"
1,"xyi69N",1,3400,2015,185,"Syrian Arab Rep.","SYR","SYR",183,"Sweden","SWE","SWE",52707,49286,"0","-","0","0","0"
1,"xyi69N",1,3401,2016,185,"Syrian Arab Rep.","SYR","SYR",183,"Sweden","SWE","SWE",96914,7085,"0","-","0","0","0"
1,"xyi69N",1,3402,2017,185,"Syrian Arab Rep.","SYR","SYR",183,"Sweden","SWE","SWE",103614,3531,"0","-","0","0","0"
1,"xyi69N",1,3403,2018,185,"Syrian Arab Rep.","SYR","SYR",183,"Sweden","SWE","SWE",109343,2353,"0","-","0","0","0"
1,"xyi69N",1,3404,2019,185,"Syrian Arab Rep.","SYR","SYR",183,"Sweden","SWE","SWE",113418,2226,"0","-","0","0","0"
1,"xyi69N",1,3405,2020,185,"Syrian Arab Rep.","SYR","SYR",183,"Sweden","SWE","SWE",114609,1544,"0","-","0","0","0"
1,"xyi69N",1,3406,2021,185,"Syrian Arab Rep.","SYR","SYR",183,"Sweden","SWE","SWE",115233,1510,"0","-","0","0","0"
1,"xyi69N",1,3407,2022,185,"Syrian Arab Rep.","SYR","SYR",183,"Sweden","SWE","SWE",111199,1233,"0","-","0","0","0"
1,"xyi69N",1,3408,2023,185,"Syrian Arab Rep.","SYR","SYR",183,"Sweden","SWE","SWE",94873,856,"0","-","0","0","0"
1,"xyi69N",1,3409,2024,185,"Syrian Arab Rep.","SYR","SYR",183,"Sweden","SWE","SWE",25632,727,"0","-","0","0","0"
1,"xyi69N",1,3410,2025,185,"Syrian Arab Rep.","SYR","SYR",183,"Sweden","SWE","SWE",23241,868,"0","-","0","0","0"
1,"xyi69N",1,3411,1990,186,"United Rep. of Tanzania","TAN","TZA",183,"Sweden","SWE","SWE",5,"0","0","-","0","0","0"
1,"xyi69N",1,3412,1991,186,"United Rep. of Tanzania","TAN","TZA",183,"Sweden","SWE","SWE",8,"0","0","-","0","0","0"
1,"xyi69N",1,3413,1992,186,"United Rep. of Tanzania","TAN","TZA",183,"Sweden","SWE","SWE",8,"0","0","-","0","0","0"
1,"xyi69N",1,3414,1993,186,"United Rep. of Tanzania","TAN","TZA",183,"Sweden","SWE","SWE",11,"0","0","-","0","0","0"
1,"xyi69N",1,3415,1994,186,"United Rep. of Tanzania","TAN","TZA",183,"Sweden","SWE","SWE",13,"0","0","-","0","0","0"
1,"xyi69N",1,3416,1995,186,"United Rep. of Tanzania","TAN","TZA",183,"Sweden","SWE","SWE",15,"0","0","-","0","0","0"
1,"xyi69N",1,3417,1996,186,"United Rep. of Tanzania","TAN","TZA",183,"Sweden","SWE","SWE",15,"0","0","-","0","0","0"
1,"xyi69N",1,3418,1997,186,"United Rep. of Tanzania","TAN","TZA",183,"Sweden","SWE","SWE",15,"0","0","-","0","0","0"
1,"xyi69N",1,3419,1998,186,"United Rep. of Tanzania","TAN","TZA",183,"Sweden","SWE","SWE",20,"0","0","-","0","0","0"
1,"xyi69N",1,3420,1999,186,"United Rep. of Tanzania","TAN","TZA",183,"Sweden","SWE","SWE",20,"0","0","-","0","0","0"
1,"xyi69N",1,3421,2000,186,"United Rep. of Tanzania","TAN","TZA",183,"Sweden","SWE","SWE",21,"0","0","-","0","0","0"
1,"xyi69N",1,3422,2001,186,"United Rep. of Tanzania","TAN","TZA",183,"Sweden","SWE","SWE",18,"0","0","-","0","0","0"
1,"xyi69N",1,3423,2002,186,"United Rep. of Tanzania","TAN","TZA",183,"Sweden","SWE","SWE",22,5,"0","-","0","0","0"
1,"xyi69N",1,3424,2003,186,"United Rep. of Tanzania","TAN","TZA",183,"Sweden","SWE","SWE",19,5,"0","-","0","0","0"
1,"xyi69N",1,3425,2004,186,"United Rep. of Tanzania","TAN","TZA",183,"Sweden","SWE","SWE",17,5,"0","-","0","0","0"
1,"xyi69N",1,3426,2005,186,"United Rep. of Tanzania","TAN","TZA",183,"Sweden","SWE","SWE",15,5,"0","-","0","0","0"
1,"xyi69N",1,3427,2006,186,"United Rep. of Tanzania","TAN","TZA",183,"Sweden","SWE","SWE",16,6,"0","-","0","0","0"
1,"xyi69N",1,3428,2007,186,"United Rep. of Tanzania","TAN","TZA",183,"Sweden","SWE","SWE",16,"0","0","-","0","0","0"
1,"xyi69N",1,3429,2008,186,"United Rep. of Tanzania","TAN","TZA",183,"Sweden","SWE","SWE",11,10,"0","-","0","0","0"
1,"xyi69N",1,3430,2009,186,"United Rep. of Tanzania","TAN","TZA",183,"Sweden","SWE","SWE",16,24,"0","-","0","0","0"
1,"xyi69N",1,3431,2010,186,"United Rep. of Tanzania","TAN","TZA",183,"Sweden","SWE","SWE",14,15,"0","-","0","0","0"
1,"xyi69N",1,3432,2011,186,"United Rep. of Tanzania","TAN","TZA",183,"Sweden","SWE","SWE",20,30,"0","-","0","0","0"
1,"xyi69N",1,3433,2012,186,"United Rep. of Tanzania","TAN","TZA",183,"Sweden","SWE","SWE",19,10,"0","-","0","0","0"
1,"xyi69N",1,3434,2013,186,"United Rep. of Tanzania","TAN","TZA",183,"Sweden","SWE","SWE",22,22,"0","-","0","0","0"
1,"xyi69N",1,3435,2014,186,"United Rep. of Tanzania","TAN","TZA",183,"Sweden","SWE","SWE",24,31,"0","-","0","0","0"
1,"xyi69N",1,3436,2015,186,"United Rep. of Tanzania","TAN","TZA",183,"Sweden","SWE","SWE",28,45,"0","-","0","0","0"
1,"xyi69N",1,3437,2016,186,"United Rep. of Tanzania","TAN","TZA",183,"Sweden","SWE","SWE",34,61,"0","-","0","0","0"
1,"xyi69N",1,3438,2017,186,"United Rep. of Tanzania","TAN","TZA",183,"Sweden","SWE","SWE",40,52,"0","-","0","0","0"
1,"xyi69N",1,3439,2018,186,"United Rep. of Tanzania","TAN","TZA",183,"Sweden","SWE","SWE",46,68,"0","-","0","0","0"
1,"xyi69N",1,3440,2019,186,"United Rep. of Tanzania","TAN","TZA",183,"Sweden","SWE","SWE",52,79,"0","-","0","0","0"
1,"xyi69N",1,3441,2020,186,"United Rep. of Tanzania","TAN","TZA",183,"Sweden","SWE","SWE",62,67,"0","-","0","0","0"
1,"xyi69N",1,3442,2021,186,"United Rep. of Tanzania","TAN","TZA",183,"Sweden","SWE","SWE",65,39,"0","-","0","0","0"
1,"xyi69N",1,3443,2022,186,"United Rep. of Tanzania","TAN","TZA",183,"Sweden","SWE","SWE",68,38,"0","-","0","0","0"
1,"xyi69N",1,3444,2023,186,"United Rep. of Tanzania","TAN","TZA",183,"Sweden","SWE","SWE",70,30,"0","-","0","0","0"
1,"xyi69N",1,3445,2024,186,"United Rep. of Tanzania","TAN","TZA",183,"Sweden","SWE","SWE",90,11,"0","-","0","0","0"
1,"xyi69N",1,3446,2025,186,"United Rep. of Tanzania","TAN","TZA",183,"Sweden","SWE","SWE",94,10,"0","-","0","0","0"
1,"xyi69N",1,3447,1990,188,"Thailand","THA","THA",183,"Sweden","SWE","SWE",18,"0","0","-","0","0","0"
1,"xyi69N",1,3448,1991,188,"Thailand","THA","THA",183,"Sweden","SWE","SWE",29,"0","0","-","0","0","0"
1,"xyi69N",1,3449,1992,188,"Thailand","THA","THA",183,"Sweden","SWE","SWE",33,"0","0","-","0","0","0"
1,"xyi69N",1,3450,1993,188,"Thailand","THA","THA",183,"Sweden","SWE","SWE",33,"0","0","-","0","0","0"
1,"xyi69N",1,3451,1994,188,"Thailand","THA","THA",183,"Sweden","SWE","SWE",46,"0","0","-","0","0","0"
1,"xyi69N",1,3452,1995,188,"Thailand","THA","THA",183,"Sweden","SWE","SWE",46,"0","0","-","0","0","0"
1,"xyi69N",1,3453,1996,188,"Thailand","THA","THA",183,"Sweden","SWE","SWE",47,"0","0","-","0","0","0"
1,"xyi69N",1,3454,1997,188,"Thailand","THA","THA",183,"Sweden","SWE","SWE",47,"0","0","-","0","0","0"
1,"xyi69N",1,3455,1998,188,"Thailand","THA","THA",183,"Sweden","SWE","SWE",54,"0","0","-","0","0","0"
1,"xyi69N",1,3456,1999,188,"Thailand","THA","THA",183,"Sweden","SWE","SWE",54,"0","0","-","0","0","0"
1,"xyi69N",1,3457,2000,188,"Thailand","THA","THA",183,"Sweden","SWE","SWE",52,"0","0","-","0","0","0"
1,"xyi69N",1,3458,2001,188,"Thailand","THA","THA",183,"Sweden","SWE","SWE",37,"0","0","-","0","0","0"
1,"xyi69N",1,3459,2002,188,"Thailand","THA","THA",183,"Sweden","SWE","SWE",26,5,"0","-","0","0","0"
1,"xyi69N",1,3460,2003,188,"Thailand","THA","THA",183,"Sweden","SWE","SWE",27,11,"0","-","0","0","0"
1,"xyi69N",1,3461,2004,188,"Thailand","THA","THA",183,"Sweden","SWE","SWE",17,16,"0","-","0","0","0"
1,"xyi69N",1,3462,2005,188,"Thailand","THA","THA",183,"Sweden","SWE","SWE",19,6,"0","-","0","0","0"
1,"xyi69N",1,3463,2006,188,"Thailand","THA","THA",183,"Sweden","SWE","SWE",18,"0","0","-","0","0","0"
1,"xyi69N",1,3464,2007,188,"Thailand","THA","THA",183,"Sweden","SWE","SWE",20,5,"0","-","0","0","0"
1,"xyi69N",1,3465,2008,188,"Thailand","THA","THA",183,"Sweden","SWE","SWE",15,13,"0","-","0","0","0"
1,"xyi69N",1,3466,2009,188,"Thailand","THA","THA",183,"Sweden","SWE","SWE",17,6,"0","-","0","0","0"
1,"xyi69N",1,3467,2010,188,"Thailand","THA","THA",183,"Sweden","SWE","SWE",18,5,"0","-","0","0","0"
1,"xyi69N",1,3468,2011,188,"Thailand","THA","THA",183,"Sweden","SWE","SWE",17,"0","0","-","0","0","0"
1,"xyi69N",1,3469,2012,188,"Thailand","THA","THA",183,"Sweden","SWE","SWE",14,5,"0","-","0","0","0"
1,"xyi69N",1,3470,2013,188,"Thailand","THA","THA",183,"Sweden","SWE","SWE",13,"0","0","-","0","0","0"
1,"xyi69N",1,3471,2014,188,"Thailand","THA","THA",183,"Sweden","SWE","SWE",14,13,"0","-","0","0","0"
1,"xyi69N",1,3472,2015,188,"Thailand","THA","THA",183,"Sweden","SWE","SWE",12,19,"0","-","0","0","0"
1,"xyi69N",1,3473,2016,188,"Thailand","THA","THA",183,"Sweden","SWE","SWE",12,16,"0","-","0","0","0"
1,"xyi69N",1,3474,2017,188,"Thailand","THA","THA",183,"Sweden","SWE","SWE",8,17,"0","-","0","0","0"
1,"xyi69N",1,3475,2018,188,"Thailand","THA","THA",183,"Sweden","SWE","SWE",6,18,"0","-","0","0","0"
1,"xyi69N",1,3476,2019,188,"Thailand","THA","THA",183,"Sweden","SWE","SWE",5,7,"0","-","0","0","0"
1,"xyi69N",1,3477,2020,188,"Thailand","THA","THA",183,"Sweden","SWE","SWE","0",8,"0","-","0","0","0"
1,"xyi69N",1,3478,2021,188,"Thailand","THA","THA",183,"Sweden","SWE","SWE","0",10,"0","-","0","0","0"
1,"xyi69N",1,3479,2022,188,"Thailand","THA","THA",183,"Sweden","SWE","SWE",5,10,"0","-","0","0","0"
1,"xyi69N",1,3480,2023,188,"Thailand","THA","THA",183,"Sweden","SWE","SWE","0",6,"0","-","0","0","0"
1,"xyi69N",1,3481,2024,188,"Thailand","THA","THA",183,"Sweden","SWE","SWE",21,10,"0","-","0","0","0"
1,"xyi69N",1,3482,2025,188,"Thailand","THA","THA",183,"Sweden","SWE","SWE",20,5,"0","-","0","0","0"
1,"xyi69N",1,3483,1992,189,"Tajikistan","TJK","TJK",183,"Sweden","SWE","SWE",8,"0","0","-","0","0","0"
1,"xyi69N",1,3484,1993,189,"Tajikistan","TJK","TJK",183,"Sweden","SWE","SWE",8,"0","0","-","0","0","0"
1,"xyi69N",1,3485,1994,189,"Tajikistan","TJK","TJK",183,"Sweden","SWE","SWE",14,"0","0","-","0","0","0"
1,"xyi69N",1,3486,1995,189,"Tajikistan","TJK","TJK",183,"Sweden","SWE","SWE",17,"0","0","-","0","0","0"
1,"xyi69N",1,3487,1996,189,"Tajikistan","TJK","TJK",183,"Sweden","SWE","SWE",22,"0","0","-","0","0","0"
1,"xyi69N",1,3488,1997,189,"Tajikistan","TJK","TJK",183,"Sweden","SWE","SWE",26,"0","0","-","0","0","0"
1,"xyi69N",1,3489,1998,189,"Tajikistan","TJK","TJK",183,"Sweden","SWE","SWE",29,"0","0","-","0","0","0"
1,"xyi69N",1,3490,1999,189,"Tajikistan","TJK","TJK",183,"Sweden","SWE","SWE",29,"0","0","-","0","0","0"
1,"xyi69N",1,3491,2000,189,"Tajikistan","TJK","TJK",183,"Sweden","SWE","SWE",36,"0","0","-","0","0","0"
1,"xyi69N",1,3492,2001,189,"Tajikistan","TJK","TJK",183,"Sweden","SWE","SWE",42,"0","0","-","0","0","0"
1,"xyi69N",1,3493,2002,189,"Tajikistan","TJK","TJK",183,"Sweden","SWE","SWE",44,69,"0","-","0","0","0"
1,"xyi69N",1,3494,2003,189,"Tajikistan","TJK","TJK",183,"Sweden","SWE","SWE",47,60,"0","-","0","0","0"
1,"xyi69N",1,3495,2004,189,"Tajikistan","TJK","TJK",183,"Sweden","SWE","SWE",45,54,"0","-","0","0","0"
1,"xyi69N",1,3496,2005,189,"Tajikistan","TJK","TJK",183,"Sweden","SWE","SWE",42,32,"0","-","0","0","0"
1,"xyi69N",1,3497,2006,189,"Tajikistan","TJK","TJK",183,"Sweden","SWE","SWE",41,17,"0","-","0","0","0"
1,"xyi69N",1,3498,2007,189,"Tajikistan","TJK","TJK",183,"Sweden","SWE","SWE",54,7,"0","-","0","0","0"
1,"xyi69N",1,3499,2008,189,"Tajikistan","TJK","TJK",183,"Sweden","SWE","SWE",52,16,"0","-","0","0","0"
1,"xyi69N",1,3500,2009,189,"Tajikistan","TJK","TJK",183,"Sweden","SWE","SWE",48,35,"0","-","0","0","0"
1,"xyi69N",1,3501,2010,189,"Tajikistan","TJK","TJK",183,"Sweden","SWE","SWE",45,47,"0","-","0","0","0"
1,"xyi69N",1,3502,2011,189,"Tajikistan","TJK","TJK",183,"Sweden","SWE","SWE",46,30,"0","-","0","0","0"
1,"xyi69N",1,3503,2012,189,"Tajikistan","TJK","TJK",183,"Sweden","SWE","SWE",38,37,"0","-","0","0","0"
1,"xyi69N",1,3504,2013,189,"Tajikistan","TJK","TJK",183,"Sweden","SWE","SWE",44,41,"0","-","0","0","0"
1,"xyi69N",1,3505,2014,189,"Tajikistan","TJK","TJK",183,"Sweden","SWE","SWE",47,36,"0","-","0","0","0"
1,"xyi69N",1,3506,2015,189,"Tajikistan","TJK","TJK",183,"Sweden","SWE","SWE",50,95,"0","-","0","0","0"
1,"xyi69N",1,3507,2016,189,"Tajikistan","TJK","TJK",183,"Sweden","SWE","SWE",65,47,"0","-","0","0","0"
1,"xyi69N",1,3508,2017,189,"Tajikistan","TJK","TJK",183,"Sweden","SWE","SWE",58,65,"0","-","0","0","0"
1,"xyi69N",1,3509,2018,189,"Tajikistan","TJK","TJK",183,"Sweden","SWE","SWE",58,106,"0","-","0","0","0"
1,"xyi69N",1,3510,2019,189,"Tajikistan","TJK","TJK",183,"Sweden","SWE","SWE",60,108,"0","-","0","0","0"
1,"xyi69N",1,3511,2020,189,"Tajikistan","TJK","TJK",183,"Sweden","SWE","SWE",65,97,"0","-","0","0","0"
1,"xyi69N",1,3512,2021,189,"Tajikistan","TJK","TJK",183,"Sweden","SWE","SWE",62,25,"0","-","0","0","0"
1,"xyi69N",1,3513,2022,189,"Tajikistan","TJK","TJK",183,"Sweden","SWE","SWE",79,67,"0","-","0","0","0"
1,"xyi69N",1,3514,2023,189,"Tajikistan","TJK","TJK",183,"Sweden","SWE","SWE",73,34,"0","-","0","0","0"
1,"xyi69N",1,3515,2024,189,"Tajikistan","TJK","TJK",183,"Sweden","SWE","SWE",51,14,"0","-","0","0","0"
1,"xyi69N",1,3516,2025,189,"Tajikistan","TJK","TJK",183,"Sweden","SWE","SWE",50,10,"0","-","0","0","0"
1,"xyi69N",1,3517,1994,190,"Turkmenistan","TKM","TKM",183,"Sweden","SWE","SWE",7,"0","0","-","0","0","0"
1,"xyi69N",1,3518,1995,190,"Turkmenistan","TKM","TKM",183,"Sweden","SWE","SWE",45,"0","0","-","0","0","0"
1,"xyi69N",1,3519,1996,190,"Turkmenistan","TKM","TKM",183,"Sweden","SWE","SWE",46,"0","0","-","0","0","0"
1,"xyi69N",1,3520,1997,190,"Turkmenistan","TKM","TKM",183,"Sweden","SWE","SWE",46,"0","0","-","0","0","0"
1,"xyi69N",1,3521,1998,190,"Turkmenistan","TKM","TKM",183,"Sweden","SWE","SWE",49,"0","0","-","0","0","0"
1,"xyi69N",1,3522,1999,190,"Turkmenistan","TKM","TKM",183,"Sweden","SWE","SWE",49,"0","0","-","0","0","0"
1,"xyi69N",1,3523,2000,190,"Turkmenistan","TKM","TKM",183,"Sweden","SWE","SWE",57,"0","0","-","0","0","0"
1,"xyi69N",1,3524,2001,190,"Turkmenistan","TKM","TKM",183,"Sweden","SWE","SWE",57,"0","0","-","0","0","0"
1,"xyi69N",1,3525,2002,190,"Turkmenistan","TKM","TKM",183,"Sweden","SWE","SWE",59,59,"0","-","0","0","0"
1,"xyi69N",1,3526,2003,190,"Turkmenistan","TKM","TKM",183,"Sweden","SWE","SWE",73,74,"0","-","0","0","0"
1,"xyi69N",1,3527,2004,190,"Turkmenistan","TKM","TKM",183,"Sweden","SWE","SWE",89,73,"0","-","0","0","0"
1,"xyi69N",1,3528,2005,190,"Turkmenistan","TKM","TKM",183,"Sweden","SWE","SWE",68,30,"0","-","0","0","0"
1,"xyi69N",1,3529,2006,190,"Turkmenistan","TKM","TKM",183,"Sweden","SWE","SWE",72,11,"0","-","0","0","0"
1,"xyi69N",1,3530,2007,190,"Turkmenistan","TKM","TKM",183,"Sweden","SWE","SWE",67,15,"0","-","0","0","0"
1,"xyi69N",1,3531,2008,190,"Turkmenistan","TKM","TKM",183,"Sweden","SWE","SWE",69,14,"0","-","0","0","0"
1,"xyi69N",1,3532,2009,190,"Turkmenistan","TKM","TKM",183,"Sweden","SWE","SWE",70,13,"0","-","0","0","0"
1,"xyi69N",1,3533,2010,190,"Turkmenistan","TKM","TKM",183,"Sweden","SWE","SWE",62,12,"0","-","0","0","0"
1,"xyi69N",1,3534,2011,190,"Turkmenistan","TKM","TKM",183,"Sweden","SWE","SWE",63,6,"0","-","0","0","0"
1,"xyi69N",1,3535,2012,190,"Turkmenistan","TKM","TKM",183,"Sweden","SWE","SWE",61,12,"0","-","0","0","0"
1,"xyi69N",1,3536,2013,190,"Turkmenistan","TKM","TKM",183,"Sweden","SWE","SWE",55,5,"0","-","0","0","0"
1,"xyi69N",1,3537,2014,190,"Turkmenistan","TKM","TKM",183,"Sweden","SWE","SWE",47,5,"0","-","0","0","0"
1,"xyi69N",1,3538,2015,190,"Turkmenistan","TKM","TKM",183,"Sweden","SWE","SWE",30,10,"0","-","0","0","0"
1,"xyi69N",1,3539,2016,190,"Turkmenistan","TKM","TKM",183,"Sweden","SWE","SWE",25,"0","0","-","0","0","0"
1,"xyi69N",1,3540,2017,190,"Turkmenistan","TKM","TKM",183,"Sweden","SWE","SWE",13,10,"0","-","0","0","0"
1,"xyi69N",1,3541,2018,190,"Turkmenistan","TKM","TKM",183,"Sweden","SWE","SWE",8,10,"0","-","0","0","0"
1,"xyi69N",1,3542,2019,190,"Turkmenistan","TKM","TKM",183,"Sweden","SWE","SWE",9,5,"0","-","0","0","0"
1,"xyi69N",1,3543,2020,190,"Turkmenistan","TKM","TKM",183,"Sweden","SWE","SWE",13,10,"0","-","0","0","0"
1,"xyi69N",1,3544,2021,190,"Turkmenistan","TKM","TKM",183,"Sweden","SWE","SWE",16,10,"0","-","0","0","0"
1,"xyi69N",1,3545,2022,190,"Turkmenistan","TKM","TKM",183,"Sweden","SWE","SWE",24,16,"0","-","0","0","0"
1,"xyi69N",1,3546,2023,190,"Turkmenistan","TKM","TKM",183,"Sweden","SWE","SWE",23,10,"0","-","0","0","0"
1,"xyi69N",1,3547,2024,190,"Turkmenistan","TKM","TKM",183,"Sweden","SWE","SWE",30,"0","0","-","0","0","0"
1,"xyi69N",1,3548,2025,190,"Turkmenistan","TKM","TKM",183,"Sweden","SWE","SWE",30,"0","0","-","0","0","0"
1,"xyi69N",1,3549,1991,192,"Togo","TOG","TGO",183,"Sweden","SWE","SWE",12,"0","0","-","0","0","0"
1,"xyi69N",1,3550,1992,192,"Togo","TOG","TGO",183,"Sweden","SWE","SWE",21,"0","0","-","0","0","0"
1,"xyi69N",1,3551,1993,192,"Togo","TOG","TGO",183,"Sweden","SWE","SWE",27,"0","0","-","0","0","0"
1,"xyi69N",1,3552,1994,192,"Togo","TOG","TGO",183,"Sweden","SWE","SWE",29,"0","0","-","0","0","0"
1,"xyi69N",1,3553,1995,192,"Togo","TOG","TGO",183,"Sweden","SWE","SWE",37,"0","0","-","0","0","0"
1,"xyi69N",1,3554,1996,192,"Togo","TOG","TGO",183,"Sweden","SWE","SWE",39,"0","0","-","0","0","0"
1,"xyi69N",1,3555,1997,192,"Togo","TOG","TGO",183,"Sweden","SWE","SWE",51,"0","0","-","0","0","0"
1,"xyi69N",1,3556,1998,192,"Togo","TOG","TGO",183,"Sweden","SWE","SWE",63,"0","0","-","0","0","0"
1,"xyi69N",1,3557,1999,192,"Togo","TOG","TGO",183,"Sweden","SWE","SWE",63,"0","0","-","0","0","0"
1,"xyi69N",1,3558,2000,192,"Togo","TOG","TGO",183,"Sweden","SWE","SWE",63,"0","0","-","0","0","0"
1,"xyi69N",1,3559,2001,192,"Togo","TOG","TGO",183,"Sweden","SWE","SWE",51,"0","0","-","0","0","0"
1,"xyi69N",1,3560,2002,192,"Togo","TOG","TGO",183,"Sweden","SWE","SWE",42,18,"0","-","0","0","0"
1,"xyi69N",1,3561,2003,192,"Togo","TOG","TGO",183,"Sweden","SWE","SWE",36,32,"0","-","0","0","0"
1,"xyi69N",1,3562,2004,192,"Togo","TOG","TGO",183,"Sweden","SWE","SWE",34,28,"0","-","0","0","0"
1,"xyi69N",1,3563,2005,192,"Togo","TOG","TGO",183,"Sweden","SWE","SWE",29,27,"0","-","0","0","0"
1,"xyi69N",1,3564,2006,192,"Togo","TOG","TGO",183,"Sweden","SWE","SWE",29,15,"0","-","0","0","0"
1,"xyi69N",1,3565,2007,192,"Togo","TOG","TGO",183,"Sweden","SWE","SWE",22,23,"0","-","0","0","0"
1,"xyi69N",1,3566,2008,192,"Togo","TOG","TGO",183,"Sweden","SWE","SWE",13,13,"0","-","0","0","0"
1,"xyi69N",1,3567,2009,192,"Togo","TOG","TGO",183,"Sweden","SWE","SWE",13,6,"0","-","0","0","0"
1,"xyi69N",1,3568,2010,192,"Togo","TOG","TGO",183,"Sweden","SWE","SWE",13,10,"0","-","0","0","0"
1,"xyi69N",1,3569,2011,192,"Togo","TOG","TGO",183,"Sweden","SWE","SWE",16,5,"0","-","0","0","0"
1,"xyi69N",1,3570,2012,192,"Togo","TOG","TGO",183,"Sweden","SWE","SWE",17,"0","0","-","0","0","0"
1,"xyi69N",1,3571,2013,192,"Togo","TOG","TGO",183,"Sweden","SWE","SWE",17,13,"0","-","0","0","0"
1,"xyi69N",1,3572,2014,192,"Togo","TOG","TGO",183,"Sweden","SWE","SWE",17,5,"0","-","0","0","0"
1,"xyi69N",1,3573,2015,192,"Togo","TOG","TGO",183,"Sweden","SWE","SWE",14,6,"0","-","0","0","0"
1,"xyi69N",1,3574,2016,192,"Togo","TOG","TGO",183,"Sweden","SWE","SWE",12,5,"0","-","0","0","0"
1,"xyi69N",1,3575,2017,192,"Togo","TOG","TGO",183,"Sweden","SWE","SWE",7,"0","0","-","0","0","0"
1,"xyi69N",1,3576,2018,192,"Togo","TOG","TGO",183,"Sweden","SWE","SWE",5,"0","0","-","0","0","0"
1,"xyi69N",1,3577,2019,192,"Togo","TOG","TGO",183,"Sweden","SWE","SWE",5,"0","0","-","0","0","0"
1,"xyi69N",1,3578,2020,192,"Togo","TOG","TGO",183,"Sweden","SWE","SWE",5,5,"0","-","0","0","0"
1,"xyi69N",1,3579,2024,192,"Togo","TOG","TGO",183,"Sweden","SWE","SWE",6,"0","0","-","0","0","0"
1,"xyi69N",1,3580,2025,192,"Togo","TOG","TGO",183,"Sweden","SWE","SWE",6,"0","0","-","0","0","0"
1,"xyi69N",1,3581,1990,195,"Tunisia","TUN","TUN",183,"Sweden","SWE","SWE",35,"0","0","-","0","0","0"
1,"xyi69N",1,3582,1991,195,"Tunisia","TUN","TUN",183,"Sweden","SWE","SWE",56,"0","0","-","0","0","0"
1,"xyi69N",1,3583,1992,195,"Tunisia","TUN","TUN",183,"Sweden","SWE","SWE",72,"0","0","-","0","0","0"
1,"xyi69N",1,3584,1993,195,"Tunisia","TUN","TUN",183,"Sweden","SWE","SWE",91,"0","0","-","0","0","0"
1,"xyi69N",1,3585,1994,195,"Tunisia","TUN","TUN",183,"Sweden","SWE","SWE",115,"0","0","-","0","0","0"
1,"xyi69N",1,3586,1995,195,"Tunisia","TUN","TUN",183,"Sweden","SWE","SWE",121,"0","0","-","0","0","0"
1,"xyi69N",1,3587,1996,195,"Tunisia","TUN","TUN",183,"Sweden","SWE","SWE",127,"0","0","-","0","0","0"
1,"xyi69N",1,3588,1997,195,"Tunisia","TUN","TUN",183,"Sweden","SWE","SWE",148,"0","0","-","0","0","0"
1,"xyi69N",1,3589,1998,195,"Tunisia","TUN","TUN",183,"Sweden","SWE","SWE",152,"0","0","-","0","0","0"
1,"xyi69N",1,3590,1999,195,"Tunisia","TUN","TUN",183,"Sweden","SWE","SWE",152,"0","0","-","0","0","0"
1,"xyi69N",1,3591,2000,195,"Tunisia","TUN","TUN",183,"Sweden","SWE","SWE",117,"0","0","-","0","0","0"
1,"xyi69N",1,3592,2001,195,"Tunisia","TUN","TUN",183,"Sweden","SWE","SWE",98,"0","0","-","0","0","0"
1,"xyi69N",1,3593,2002,195,"Tunisia","TUN","TUN",183,"Sweden","SWE","SWE",95,94,"0","-","0","0","0"
1,"xyi69N",1,3594,2003,195,"Tunisia","TUN","TUN",183,"Sweden","SWE","SWE",78,112,"0","-","0","0","0"
1,"xyi69N",1,3595,2004,195,"Tunisia","TUN","TUN",183,"Sweden","SWE","SWE",56,88,"0","-","0","0","0"
1,"xyi69N",1,3596,2005,195,"Tunisia","TUN","TUN",183,"Sweden","SWE","SWE",70,40,"0","-","0","0","0"
1,"xyi69N",1,3597,2006,195,"Tunisia","TUN","TUN",183,"Sweden","SWE","SWE",67,40,"0","-","0","0","0"
1,"xyi69N",1,3598,2007,195,"Tunisia","TUN","TUN",183,"Sweden","SWE","SWE",43,75,"0","-","0","0","0"
1,"xyi69N",1,3599,2008,195,"Tunisia","TUN","TUN",183,"Sweden","SWE","SWE",41,78,"0","-","0","0","0"
1,"xyi69N",1,3600,2009,195,"Tunisia","TUN","TUN",183,"Sweden","SWE","SWE",42,40,"0","-","0","0","0"
1,"xyi69N",1,3601,2010,195,"Tunisia","TUN","TUN",183,"Sweden","SWE","SWE",47,29,"0","-","0","0","0"
1,"xyi69N",1,3602,2011,195,"Tunisia","TUN","TUN",183,"Sweden","SWE","SWE",53,127,"0","-","0","0","0"
1,"xyi69N",1,3603,2012,195,"Tunisia","TUN","TUN",183,"Sweden","SWE","SWE",41,67,"0","-","0","0","0"
1,"xyi69N",1,3604,2013,195,"Tunisia","TUN","TUN",183,"Sweden","SWE","SWE",44,83,"0","-","0","0","0"
1,"xyi69N",1,3605,2014,195,"Tunisia","TUN","TUN",183,"Sweden","SWE","SWE",46,157,"0","-","0","0","0"
1,"xyi69N",1,3606,2015,195,"Tunisia","TUN","TUN",183,"Sweden","SWE","SWE",41,141,"0","-","0","0","0"
1,"xyi69N",1,3607,2016,195,"Tunisia","TUN","TUN",183,"Sweden","SWE","SWE",58,81,"0","-","0","0","0"
1,"xyi69N",1,3608,2017,195,"Tunisia","TUN","TUN",183,"Sweden","SWE","SWE",55,98,"0","-","0","0","0"
1,"xyi69N",1,3609,2018,195,"Tunisia","TUN","TUN",183,"Sweden","SWE","SWE",53,104,"0","-","0","0","0"
1,"xyi69N",1,3610,2019,195,"Tunisia","TUN","TUN",183,"Sweden","SWE","SWE",52,71,"0","-","0","0","0"
1,"xyi69N",1,3611,2020,195,"Tunisia","TUN","TUN",183,"Sweden","SWE","SWE",51,53,"0","-","0","0","0"
1,"xyi69N",1,3612,2021,195,"Tunisia","TUN","TUN",183,"Sweden","SWE","SWE",44,45,"0","-","0","0","0"
1,"xyi69N",1,3613,2022,195,"Tunisia","TUN","TUN",183,"Sweden","SWE","SWE",47,58,"0","-","0","0","0"
1,"xyi69N",1,3614,2023,195,"Tunisia","TUN","TUN",183,"Sweden","SWE","SWE",42,42,"0","-","0","0","0"
1,"xyi69N",1,3615,2024,195,"Tunisia","TUN","TUN",183,"Sweden","SWE","SWE",52,21,"0","-","0","0","0"
1,"xyi69N",1,3616,2025,195,"Tunisia","TUN","TUN",183,"Sweden","SWE","SWE",54,17,"0","-","0","0","0"
1,"xyi69N",1,3617,1990,196,"Türkiye","TUR","TUR",183,"Sweden","SWE","SWE",3282,"0","0","-","0","0","0"
1,"xyi69N",1,3618,1991,196,"Türkiye","TUR","TUR",183,"Sweden","SWE","SWE",3957,"0","0","-","0","0","0"
1,"xyi69N",1,3619,1992,196,"Türkiye","TUR","TUR",183,"Sweden","SWE","SWE",4081,"0","0","-","0","0","0"
1,"xyi69N",1,3620,1993,196,"Türkiye","TUR","TUR",183,"Sweden","SWE","SWE",3875,"0","0","-","0","0","0"
1,"xyi69N",1,3621,1994,196,"Türkiye","TUR","TUR",183,"Sweden","SWE","SWE",3771,"0","0","-","0","0","0"
1,"xyi69N",1,3622,1995,196,"Türkiye","TUR","TUR",183,"Sweden","SWE","SWE",3605,"0","0","-","0","0","0"
1,"xyi69N",1,3623,1996,196,"Türkiye","TUR","TUR",183,"Sweden","SWE","SWE",3369,"0","0","-","0","0","0"
1,"xyi69N",1,3624,1997,196,"Türkiye","TUR","TUR",183,"Sweden","SWE","SWE",3193,"0","0","-","0","0","0"
1,"xyi69N",1,3625,1998,196,"Türkiye","TUR","TUR",183,"Sweden","SWE","SWE",2978,"0","0","-","0","0","0"
1,"xyi69N",1,3626,1999,196,"Türkiye","TUR","TUR",183,"Sweden","SWE","SWE",2301,"0","0","-","0","0","0"
1,"xyi69N",1,3627,2000,196,"Türkiye","TUR","TUR",183,"Sweden","SWE","SWE",1897,"0","0","-","0","0","0"
1,"xyi69N",1,3628,2001,196,"Türkiye","TUR","TUR",183,"Sweden","SWE","SWE",1185,"0","0","-","0","0","0"
1,"xyi69N",1,3629,2002,196,"Türkiye","TUR","TUR",183,"Sweden","SWE","SWE",903,918,"0","-","0","0","0"
1,"xyi69N",1,3630,2003,196,"Türkiye","TUR","TUR",183,"Sweden","SWE","SWE",887,960,"0","-","0","0","0"
1,"xyi69N",1,3631,2004,196,"Türkiye","TUR","TUR",183,"Sweden","SWE","SWE",750,570,"0","-","0","0","0"
1,"xyi69N",1,3632,2005,196,"Türkiye","TUR","TUR",183,"Sweden","SWE","SWE",792,329,"0","-","0","0","0"
1,"xyi69N",1,3633,2006,196,"Türkiye","TUR","TUR",183,"Sweden","SWE","SWE",740,319,"0","-","0","0","0"
1,"xyi69N",1,3634,2007,196,"Türkiye","TUR","TUR",183,"Sweden","SWE","SWE",705,383,"0","-","0","0","0"
1,"xyi69N",1,3635,2008,196,"Türkiye","TUR","TUR",183,"Sweden","SWE","SWE",654,257,"0","-","0","0","0"
1,"xyi69N",1,3636,2009,196,"Türkiye","TUR","TUR",183,"Sweden","SWE","SWE",676,203,"0","-","0","0","0"
1,"xyi69N",1,3637,2010,196,"Türkiye","TUR","TUR",183,"Sweden","SWE","SWE",627,198,"0","-","0","0","0"
1,"xyi69N",1,3638,2011,196,"Türkiye","TUR","TUR",183,"Sweden","SWE","SWE",551,135,"0","-","0","0","0"
1,"xyi69N",1,3639,2012,196,"Türkiye","TUR","TUR",183,"Sweden","SWE","SWE",503,117,"0","-","0","0","0"
1,"xyi69N",1,3640,2013,196,"Türkiye","TUR","TUR",183,"Sweden","SWE","SWE",451,141,"0","-","0","0","0"
1,"xyi69N",1,3641,2014,196,"Türkiye","TUR","TUR",183,"Sweden","SWE","SWE",395,195,"0","-","0","0","0"
1,"xyi69N",1,3642,2015,196,"Türkiye","TUR","TUR",183,"Sweden","SWE","SWE",341,291,"0","-","0","0","0"
1,"xyi69N",1,3643,2016,196,"Türkiye","TUR","TUR",183,"Sweden","SWE","SWE",341,808,"0","-","0","0","0"
1,"xyi69N",1,3644,2017,196,"Türkiye","TUR","TUR",183,"Sweden","SWE","SWE",270,1342,"0","-","0","0","0"
1,"xyi69N",1,3645,2018,196,"Türkiye","TUR","TUR",183,"Sweden","SWE","SWE",846,920,"0","-","0","0","0"
1,"xyi69N",1,3646,2019,196,"Türkiye","TUR","TUR",183,"Sweden","SWE","SWE",1638,940,"0","-","0","0","0"
1,"xyi69N",1,3647,2020,196,"Türkiye","TUR","TUR",183,"Sweden","SWE","SWE",2015,619,"0","-","0","0","0"
1,"xyi69N",1,3648,2021,196,"Türkiye","TUR","TUR",183,"Sweden","SWE","SWE",2303,539,"0","-","0","0","0"
1,"xyi69N",1,3649,2022,196,"Türkiye","TUR","TUR",183,"Sweden","SWE","SWE",2595,438,"0","-","0","0","0"
1,"xyi69N",1,3650,2023,196,"Türkiye","TUR","TUR",183,"Sweden","SWE","SWE",2109,430,"0","-","0","0","0"
1,"xyi69N",1,3651,2024,196,"Türkiye","TUR","TUR",183,"Sweden","SWE","SWE",1908,255,"0","-","0","0","0"
1,"xyi69N",1,3652,2025,196,"Türkiye","TUR","TUR",183,"Sweden","SWE","SWE",1727,216,"0","-","0","0","0"
1,"xyi69N",1,3653,2014,198,"United Arab Emirates","UAE","ARE",183,"Sweden","SWE","SWE","0",5,"0","-","0","0","0"
1,"xyi69N",1,3654,2017,198,"United Arab Emirates","UAE","ARE",183,"Sweden","SWE","SWE",5,"0","0","-","0","0","0"
1,"xyi69N",1,3655,2018,198,"United Arab Emirates","UAE","ARE",183,"Sweden","SWE","SWE",5,"0","0","-","0","0","0"
1,"xyi69N",1,3656,2019,198,"United Arab Emirates","UAE","ARE",183,"Sweden","SWE","SWE",5,"0","0","-","0","0","0"
1,"xyi69N",1,3657,2020,198,"United Arab Emirates","UAE","ARE",183,"Sweden","SWE","SWE",5,"0","0","-","0","0","0"
1,"xyi69N",1,3658,2021,198,"United Arab Emirates","UAE","ARE",183,"Sweden","SWE","SWE",5,"0","0","-","0","0","0"
1,"xyi69N",1,3659,2022,198,"United Arab Emirates","UAE","ARE",183,"Sweden","SWE","SWE",5,"0","0","-","0","0","0"
1,"xyi69N",1,3660,2023,198,"United Arab Emirates","UAE","ARE",183,"Sweden","SWE","SWE",5,"0","0","-","0","0","0"
1,"xyi69N",1,3661,1990,199,"Uganda","UGA","UGA",183,"Sweden","SWE","SWE",429,"0","0","-","0","0","0"
1,"xyi69N",1,3662,1991,199,"Uganda","UGA","UGA",183,"Sweden","SWE","SWE",548,"0","0","-","0","0","0"
1,"xyi69N",1,3663,1992,199,"Uganda","UGA","UGA",183,"Sweden","SWE","SWE",604,"0","0","-","0","0","0"
1,"xyi69N",1,3664,1993,199,"Uganda","UGA","UGA",183,"Sweden","SWE","SWE",623,"0","0","-","0","0","0"
1,"xyi69N",1,3665,1994,199,"Uganda","UGA","UGA",183,"Sweden","SWE","SWE",760,"0","0","-","0","0","0"
1,"xyi69N",1,3666,1995,199,"Uganda","UGA","UGA",183,"Sweden","SWE","SWE",745,"0","0","-","0","0","0"
1,"xyi69N",1,3667,1996,199,"Uganda","UGA","UGA",183,"Sweden","SWE","SWE",751,"0","0","-","0","0","0"
1,"xyi69N",1,3668,1997,199,"Uganda","UGA","UGA",183,"Sweden","SWE","SWE",737,"0","0","-","0","0","0"
1,"xyi69N",1,3669,1998,199,"Uganda","UGA","UGA",183,"Sweden","SWE","SWE",713,"0","0","-","0","0","0"
1,"xyi69N",1,3670,1999,199,"Uganda","UGA","UGA",183,"Sweden","SWE","SWE",596,"0","0","-","0","0","0"
1,"xyi69N",1,3671,2000,199,"Uganda","UGA","UGA",183,"Sweden","SWE","SWE",570,"0","0","-","0","0","0"
1,"xyi69N",1,3672,2001,199,"Uganda","UGA","UGA",183,"Sweden","SWE","SWE",449,"0","0","-","0","0","0"
1,"xyi69N",1,3673,2002,199,"Uganda","UGA","UGA",183,"Sweden","SWE","SWE",386,43,"0","-","0","0","0"
1,"xyi69N",1,3674,2003,199,"Uganda","UGA","UGA",183,"Sweden","SWE","SWE",338,41,"0","-","0","0","0"
1,"xyi69N",1,3675,2004,199,"Uganda","UGA","UGA",183,"Sweden","SWE","SWE",161,31,"0","-","0","0","0"
1,"xyi69N",1,3676,2005,199,"Uganda","UGA","UGA",183,"Sweden","SWE","SWE",135,34,"0","-","0","0","0"
1,"xyi69N",1,3677,2006,199,"Uganda","UGA","UGA",183,"Sweden","SWE","SWE",119,28,"0","-","0","0","0"
1,"xyi69N",1,3678,2007,199,"Uganda","UGA","UGA",183,"Sweden","SWE","SWE",74,47,"0","-","0","0","0"
1,"xyi69N",1,3679,2008,199,"Uganda","UGA","UGA",183,"Sweden","SWE","SWE",44,49,"0","-","0","0","0"
1,"xyi69N",1,3680,2009,199,"Uganda","UGA","UGA",183,"Sweden","SWE","SWE",54,55,"0","-","0","0","0"
1,"xyi69N",1,3681,2010,199,"Uganda","UGA","UGA",183,"Sweden","SWE","SWE",66,69,"0","-","0","0","0"
1,"xyi69N",1,3682,2011,199,"Uganda","UGA","UGA",183,"Sweden","SWE","SWE",121,76,"0","-","0","0","0"
1,"xyi69N",1,3683,2012,199,"Uganda","UGA","UGA",183,"Sweden","SWE","SWE",191,169,"0","-","0","0","0"
1,"xyi69N",1,3684,2013,199,"Uganda","UGA","UGA",183,"Sweden","SWE","SWE",406,168,"0","-","0","0","0"
1,"xyi69N",1,3685,2014,199,"Uganda","UGA","UGA",183,"Sweden","SWE","SWE",522,165,"0","-","0","0","0"
1,"xyi69N",1,3686,2015,199,"Uganda","UGA","UGA",183,"Sweden","SWE","SWE",578,149,"0","-","0","0","0"
1,"xyi69N",1,3687,2016,199,"Uganda","UGA","UGA",183,"Sweden","SWE","SWE",639,116,"0","-","0","0","0"
1,"xyi69N",1,3688,2017,199,"Uganda","UGA","UGA",183,"Sweden","SWE","SWE",669,98,"0","-","0","0","0"
1,"xyi69N",1,3689,2018,199,"Uganda","UGA","UGA",183,"Sweden","SWE","SWE",696,123,"0","-","0","0","0"
1,"xyi69N",1,3690,2019,199,"Uganda","UGA","UGA",183,"Sweden","SWE","SWE",726,158,"0","-","0","0","0"
1,"xyi69N",1,3691,2020,199,"Uganda","UGA","UGA",183,"Sweden","SWE","SWE",768,142,"0","-","0","0","0"
1,"xyi69N",1,3692,2021,199,"Uganda","UGA","UGA",183,"Sweden","SWE","SWE",748,79,"0","-","0","0","0"
1,"xyi69N",1,3693,2022,199,"Uganda","UGA","UGA",183,"Sweden","SWE","SWE",708,95,"0","-","0","0","0"
1,"xyi69N",1,3694,2023,199,"Uganda","UGA","UGA",183,"Sweden","SWE","SWE",574,106,"0","-","0","0","0"
1,"xyi69N",1,3695,2024,199,"Uganda","UGA","UGA",183,"Sweden","SWE","SWE",676,88,"0","-","0","0","0"
1,"xyi69N",1,3696,2025,199,"Uganda","UGA","UGA",183,"Sweden","SWE","SWE",700,71,"0","-","0","0","0"
1,"xyi69N",1,3697,1992,200,"Ukraine","UKR","UKR",183,"Sweden","SWE","SWE",14,"0","0","-","0","0","0"
1,"xyi69N",1,3698,1993,200,"Ukraine","UKR","UKR",183,"Sweden","SWE","SWE",43,"0","0","-","0","0","0"
1,"xyi69N",1,3699,1994,200,"Ukraine","UKR","UKR",183,"Sweden","SWE","SWE",109,"0","0","-","0","0","0"
1,"xyi69N",1,3700,1995,200,"Ukraine","UKR","UKR",183,"Sweden","SWE","SWE",135,"0","0","-","0","0","0"
1,"xyi69N",1,3701,1996,200,"Ukraine","UKR","UKR",183,"Sweden","SWE","SWE",157,"0","0","-","0","0","0"
1,"xyi69N",1,3702,1997,200,"Ukraine","UKR","UKR",183,"Sweden","SWE","SWE",165,"0","0","-","0","0","0"
1,"xyi69N",1,3703,1998,200,"Ukraine","UKR","UKR",183,"Sweden","SWE","SWE",179,"0","0","-","0","0","0"
1,"xyi69N",1,3704,1999,200,"Ukraine","UKR","UKR",183,"Sweden","SWE","SWE",179,"0","0","-","0","0","0"
1,"xyi69N",1,3705,2000,200,"Ukraine","UKR","UKR",183,"Sweden","SWE","SWE",203,"0","0","-","0","0","0"
1,"xyi69N",1,3706,2001,200,"Ukraine","UKR","UKR",183,"Sweden","SWE","SWE",236,"0","0","-","0","0","0"
1,"xyi69N",1,3707,2002,200,"Ukraine","UKR","UKR",183,"Sweden","SWE","SWE",229,617,"0","-","0","0","0"
1,"xyi69N",1,3708,2003,200,"Ukraine","UKR","UKR",183,"Sweden","SWE","SWE",218,437,"0","-","0","0","0"
1,"xyi69N",1,3709,2004,200,"Ukraine","UKR","UKR",183,"Sweden","SWE","SWE",179,216,"0","-","0","0","0"
1,"xyi69N",1,3710,2005,200,"Ukraine","UKR","UKR",183,"Sweden","SWE","SWE",172,90,"0","-","0","0","0"
1,"xyi69N",1,3711,2006,200,"Ukraine","UKR","UKR",183,"Sweden","SWE","SWE",165,73,"0","-","0","0","0"
1,"xyi69N",1,3712,2007,200,"Ukraine","UKR","UKR",183,"Sweden","SWE","SWE",172,75,"0","-","0","0","0"
1,"xyi69N",1,3713,2008,200,"Ukraine","UKR","UKR",183,"Sweden","SWE","SWE",162,38,"0","-","0","0","0"
1,"xyi69N",1,3714,2009,200,"Ukraine","UKR","UKR",183,"Sweden","SWE","SWE",163,114,"0","-","0","0","0"
1,"xyi69N",1,3715,2010,200,"Ukraine","UKR","UKR",183,"Sweden","SWE","SWE",140,111,"0","-","0","0","0"
1,"xyi69N",1,3716,2011,200,"Ukraine","UKR","UKR",183,"Sweden","SWE","SWE",118,140,"0","-","0","0","0"
1,"xyi69N",1,3717,2012,200,"Ukraine","UKR","UKR",183,"Sweden","SWE","SWE",111,87,"0","-","0","0","0"
1,"xyi69N",1,3718,2013,200,"Ukraine","UKR","UKR",183,"Sweden","SWE","SWE",107,92,"0","-","0","0","0"
1,"xyi69N",1,3719,2014,200,"Ukraine","UKR","UKR",183,"Sweden","SWE","SWE",114,1094,"0","-","0","0","0"
1,"xyi69N",1,3720,2015,200,"Ukraine","UKR","UKR",183,"Sweden","SWE","SWE",133,1697,"0","-","0","0","0"
1,"xyi69N",1,3721,2016,200,"Ukraine","UKR","UKR",183,"Sweden","SWE","SWE",203,810,"0","-","0","0","0"
1,"xyi69N",1,3722,2017,200,"Ukraine","UKR","UKR",183,"Sweden","SWE","SWE",208,387,"0","-","0","0","0"
1,"xyi69N",1,3723,2018,200,"Ukraine","UKR","UKR",183,"Sweden","SWE","SWE",215,445,"0","-","0","0","0"
1,"xyi69N",1,3724,2019,200,"Ukraine","UKR","UKR",183,"Sweden","SWE","SWE",223,471,"0","-","0","0","0"
1,"xyi69N",1,3725,2020,200,"Ukraine","UKR","UKR",183,"Sweden","SWE","SWE",232,390,"0","-","0","0","0"
1,"xyi69N",1,3726,2021,200,"Ukraine","UKR","UKR",183,"Sweden","SWE","SWE",226,334,"0","-","0","0","0"
1,"xyi69N",1,3727,2022,200,"Ukraine","UKR","UKR",183,"Sweden","SWE","SWE",46857,989,"0","-","0","0","0"
1,"xyi69N",1,3728,2023,200,"Ukraine","UKR","UKR",183,"Sweden","SWE","SWE",43467,1111,"0","-","0","0","0"
1,"xyi69N",1,3729,2024,200,"Ukraine","UKR","UKR",183,"Sweden","SWE","SWE",45993,151,"0","-","0","0","0"
1,"xyi69N",1,3730,2025,200,"Ukraine","UKR","UKR",183,"Sweden","SWE","SWE",44075,139,"0","-","0","0","0"
1,"xyi69N",1,3731,1990,201,"Uruguay","URU","URY",183,"Sweden","SWE","SWE",694,"0","0","-","0","0","0"
1,"xyi69N",1,3732,1991,201,"Uruguay","URU","URY",183,"Sweden","SWE","SWE",506,"0","0","-","0","0","0"
1,"xyi69N",1,3733,1992,201,"Uruguay","URU","URY",183,"Sweden","SWE","SWE",392,"0","0","-","0","0","0"
1,"xyi69N",1,3734,1993,201,"Uruguay","URU","URY",183,"Sweden","SWE","SWE",125,"0","0","-","0","0","0"
1,"xyi69N",1,3735,1994,201,"Uruguay","URU","URY",183,"Sweden","SWE","SWE",25,"0","0","-","0","0","0"
1,"xyi69N",1,3736,1995,201,"Uruguay","URU","URY",183,"Sweden","SWE","SWE",17,"0","0","-","0","0","0"
1,"xyi69N",1,3737,1996,201,"Uruguay","URU","URY",183,"Sweden","SWE","SWE",15,"0","0","-","0","0","0"
1,"xyi69N",1,3738,1997,201,"Uruguay","URU","URY",183,"Sweden","SWE","SWE",15,"0","0","-","0","0","0"
1,"xyi69N",1,3739,1998,201,"Uruguay","URU","URY",183,"Sweden","SWE","SWE",15,"0","0","-","0","0","0"
1,"xyi69N",1,3740,1999,201,"Uruguay","URU","URY",183,"Sweden","SWE","SWE",15,"0","0","-","0","0","0"
1,"xyi69N",1,3741,2000,201,"Uruguay","URU","URY",183,"Sweden","SWE","SWE",15,"0","0","-","0","0","0"
1,"xyi69N",1,3742,2001,201,"Uruguay","URU","URY",183,"Sweden","SWE","SWE",8,"0","0","-","0","0","0"
1,"xyi69N",1,3743,2002,201,"Uruguay","URU","URY",183,"Sweden","SWE","SWE",9,5,"0","-","0","0","0"
1,"xyi69N",1,3744,2003,201,"Uruguay","URU","URY",183,"Sweden","SWE","SWE",5,"0","0","-","0","0","0"
1,"xyi69N",1,3745,2016,201,"Uruguay","URU","URY",183,"Sweden","SWE","SWE","0",5,"0","-","0","0","0"
1,"xyi69N",1,3746,2024,201,"Uruguay","URU","URY",183,"Sweden","SWE","SWE",10,"0","0","-","0","0","0"
1,"xyi69N",1,3747,2025,201,"Uruguay","URU","URY",183,"Sweden","SWE","SWE",10,"0","0","-","0","0","0"
1,"xyi69N",1,3748,1991,202,"United States of America","USA","USA",183,"Sweden","SWE","SWE",8,"0","0","-","0","0","0"
1,"xyi69N",1,3749,1992,202,"United States of America","USA","USA",183,"Sweden","SWE","SWE",8,"0","0","-","0","0","0"
1,"xyi69N",1,3750,1993,202,"United States of America","USA","USA",183,"Sweden","SWE","SWE",10,"0","0","-","0","0","0"
1,"xyi69N",1,3751,1994,202,"United States of America","USA","USA",183,"Sweden","SWE","SWE",10,"0","0","-","0","0","0"
1,"xyi69N",1,3752,1995,202,"United States of America","USA","USA",183,"Sweden","SWE","SWE",10,"0","0","-","0","0","0"
1,"xyi69N",1,3753,1996,202,"United States of America","USA","USA",183,"Sweden","SWE","SWE",11,"0","0","-","0","0","0"
1,"xyi69N",1,3754,1997,202,"United States of America","USA","USA",183,"Sweden","SWE","SWE",12,"0","0","-","0","0","0"
1,"xyi69N",1,3755,1998,202,"United States of America","USA","USA",183,"Sweden","SWE","SWE",14,"0","0","-","0","0","0"
1,"xyi69N",1,3756,1999,202,"United States of America","USA","USA",183,"Sweden","SWE","SWE",14,"0","0","-","0","0","0"
1,"xyi69N",1,3757,2000,202,"United States of America","USA","USA",183,"Sweden","SWE","SWE",20,"0","0","-","0","0","0"
1,"xyi69N",1,3758,2001,202,"United States of America","USA","USA",183,"Sweden","SWE","SWE",14,"0","0","-","0","0","0"
1,"xyi69N",1,3759,2002,202,"United States of America","USA","USA",183,"Sweden","SWE","SWE",15,5,"0","-","0","0","0"
1,"xyi69N",1,3760,2003,202,"United States of America","USA","USA",183,"Sweden","SWE","SWE",13,5,"0","-","0","0","0"
1,"xyi69N",1,3761,2004,202,"United States of America","USA","USA",183,"Sweden","SWE","SWE",17,"0","0","-","0","0","0"
1,"xyi69N",1,3762,2005,202,"United States of America","USA","USA",183,"Sweden","SWE","SWE",17,11,"0","-","0","0","0"
1,"xyi69N",1,3763,2006,202,"United States of America","USA","USA",183,"Sweden","SWE","SWE",18,7,"0","-","0","0","0"
1,"xyi69N",1,3764,2007,202,"United States of America","USA","USA",183,"Sweden","SWE","SWE",18,5,"0","-","0","0","0"
1,"xyi69N",1,3765,2008,202,"United States of America","USA","USA",183,"Sweden","SWE","SWE",18,"0","0","-","0","0","0"
1,"xyi69N",1,3766,2009,202,"United States of America","USA","USA",183,"Sweden","SWE","SWE",17,"0","0","-","0","0","0"
1,"xyi69N",1,3767,2010,202,"United States of America","USA","USA",183,"Sweden","SWE","SWE",11,"0","0","-","0","0","0"
1,"xyi69N",1,3768,2011,202,"United States of America","USA","USA",183,"Sweden","SWE","SWE",11,"0","0","-","0","0","0"
1,"xyi69N",1,3769,2012,202,"United States of America","USA","USA",183,"Sweden","SWE","SWE",10,15,"0","-","0","0","0"
1,"xyi69N",1,3770,2013,202,"United States of America","USA","USA",183,"Sweden","SWE","SWE",14,19,"0","-","0","0","0"
1,"xyi69N",1,3771,2014,202,"United States of America","USA","USA",183,"Sweden","SWE","SWE",15,9,"0","-","0","0","0"
1,"xyi69N",1,3772,2015,202,"United States of America","USA","USA",183,"Sweden","SWE","SWE",21,11,"0","-","0","0","0"
1,"xyi69N",1,3773,2016,202,"United States of America","USA","USA",183,"Sweden","SWE","SWE",20,13,"0","-","0","0","0"
1,"xyi69N",1,3774,2017,202,"United States of America","USA","USA",183,"Sweden","SWE","SWE",20,6,"0","-","0","0","0"
1,"xyi69N",1,3775,2018,202,"United States of America","USA","USA",183,"Sweden","SWE","SWE",20,15,"0","-","0","0","0"
1,"xyi69N",1,3776,2019,202,"United States of America","USA","USA",183,"Sweden","SWE","SWE",22,25,"0","-","0","0","0"
1,"xyi69N",1,3777,2020,202,"United States of America","USA","USA",183,"Sweden","SWE","SWE",22,14,"0","-","0","0","0"
1,"xyi69N",1,3778,2021,202,"United States of America","USA","USA",183,"Sweden","SWE","SWE",21,7,"0","-","0","0","0"
1,"xyi69N",1,3779,2022,202,"United States of America","USA","USA",183,"Sweden","SWE","SWE",30,12,"0","-","0","0","0"
1,"xyi69N",1,3780,2023,202,"United States of America","USA","USA",183,"Sweden","SWE","SWE",25,11,"0","-","0","0","0"
1,"xyi69N",1,3781,2024,202,"United States of America","USA","USA",183,"Sweden","SWE","SWE",23,5,"0","-","0","0","0"
1,"xyi69N",1,3782,2025,202,"United States of America","USA","USA",183,"Sweden","SWE","SWE",25,5,"0","-","0","0","0"
1,"xyi69N",1,3783,1994,203,"Uzbekistan","UZB","UZB",183,"Sweden","SWE","SWE",19,"0","0","-","0","0","0"
1,"xyi69N",1,3784,1995,203,"Uzbekistan","UZB","UZB",183,"Sweden","SWE","SWE",28,"0","0","-","0","0","0"
1,"xyi69N",1,3785,1996,203,"Uzbekistan","UZB","UZB",183,"Sweden","SWE","SWE",28,"0","0","-","0","0","0"
1,"xyi69N",1,3786,1997,203,"Uzbekistan","UZB","UZB",183,"Sweden","SWE","SWE",29,"0","0","-","0","0","0"
1,"xyi69N",1,3787,1998,203,"Uzbekistan","UZB","UZB",183,"Sweden","SWE","SWE",40,"0","0","-","0","0","0"
1,"xyi69N",1,3788,1999,203,"Uzbekistan","UZB","UZB",183,"Sweden","SWE","SWE",40,"0","0","-","0","0","0"
1,"xyi69N",1,3789,2000,203,"Uzbekistan","UZB","UZB",183,"Sweden","SWE","SWE",57,"0","0","-","0","0","0"
1,"xyi69N",1,3790,2001,203,"Uzbekistan","UZB","UZB",183,"Sweden","SWE","SWE",65,"0","0","-","0","0","0"
1,"xyi69N",1,3791,2002,203,"Uzbekistan","UZB","UZB",183,"Sweden","SWE","SWE",91,711,"0","-","0","0","0"
1,"xyi69N",1,3792,2003,203,"Uzbekistan","UZB","UZB",183,"Sweden","SWE","SWE",156,724,"0","-","0","0","0"
1,"xyi69N",1,3793,2004,203,"Uzbekistan","UZB","UZB",183,"Sweden","SWE","SWE",227,466,"0","-","0","0","0"
1,"xyi69N",1,3794,2005,203,"Uzbekistan","UZB","UZB",183,"Sweden","SWE","SWE",788,366,"0","-","0","0","0"
1,"xyi69N",1,3795,2006,203,"Uzbekistan","UZB","UZB",183,"Sweden","SWE","SWE",1275,830,"0","-","0","0","0"
1,"xyi69N",1,3796,2007,203,"Uzbekistan","UZB","UZB",183,"Sweden","SWE","SWE",1282,672,"0","-","0","0","0"
1,"xyi69N",1,3797,2008,203,"Uzbekistan","UZB","UZB",183,"Sweden","SWE","SWE",1328,789,"0","-","0","0","0"
1,"xyi69N",1,3798,2009,203,"Uzbekistan","UZB","UZB",183,"Sweden","SWE","SWE",1379,500,"0","-","0","0","0"
1,"xyi69N",1,3799,2010,203,"Uzbekistan","UZB","UZB",183,"Sweden","SWE","SWE",1413,321,"0","-","0","0","0"
1,"xyi69N",1,3800,2011,203,"Uzbekistan","UZB","UZB",183,"Sweden","SWE","SWE",1468,327,"0","-","0","0","0"
1,"xyi69N",1,3801,2012,203,"Uzbekistan","UZB","UZB",183,"Sweden","SWE","SWE",1487,261,"0","-","0","0","0"
1,"xyi69N",1,3802,2013,203,"Uzbekistan","UZB","UZB",183,"Sweden","SWE","SWE",1504,265,"0","-","0","0","0"
1,"xyi69N",1,3803,2014,203,"Uzbekistan","UZB","UZB",183,"Sweden","SWE","SWE",1481,317,"0","-","0","0","0"
1,"xyi69N",1,3804,2015,203,"Uzbekistan","UZB","UZB",183,"Sweden","SWE","SWE",998,465,"0","-","0","0","0"
1,"xyi69N",1,3805,2016,203,"Uzbekistan","UZB","UZB",183,"Sweden","SWE","SWE",886,405,"0","-","0","0","0"
1,"xyi69N",1,3806,2017,203,"Uzbekistan","UZB","UZB",183,"Sweden","SWE","SWE",616,455,"0","-","0","0","0"
1,"xyi69N",1,3807,2018,203,"Uzbekistan","UZB","UZB",183,"Sweden","SWE","SWE",586,823,"0","-","0","0","0"
1,"xyi69N",1,3808,2019,203,"Uzbekistan","UZB","UZB",183,"Sweden","SWE","SWE",565,1371,"0","-","0","0","0"
1,"xyi69N",1,3809,2020,203,"Uzbekistan","UZB","UZB",183,"Sweden","SWE","SWE",535,1366,"0","-","0","0","0"
1,"xyi69N",1,3810,2021,203,"Uzbekistan","UZB","UZB",183,"Sweden","SWE","SWE",495,453,"0","-","0","0","0"
1,"xyi69N",1,3811,2022,203,"Uzbekistan","UZB","UZB",183,"Sweden","SWE","SWE",501,447,"0","-","0","0","0"
1,"xyi69N",1,3812,2023,203,"Uzbekistan","UZB","UZB",183,"Sweden","SWE","SWE",431,384,"0","-","0","0","0"
1,"xyi69N",1,3813,2024,203,"Uzbekistan","UZB","UZB",183,"Sweden","SWE","SWE",518,167,"0","-","0","0","0"
1,"xyi69N",1,3814,2025,203,"Uzbekistan","UZB","UZB",183,"Sweden","SWE","SWE",506,128,"0","-","0","0","0"
1,"xyi69N",1,3815,1992,207,"Venezuela (Bolivarian Republic of)","VEN","VEN",183,"Sweden","SWE","SWE",5,"0","0","-","0","0","0"
1,"xyi69N",1,3816,1993,207,"Venezuela (Bolivarian Republic of)","VEN","VEN",183,"Sweden","SWE","SWE",5,"0","0","-","0","0","0"
1,"xyi69N",1,3817,1994,207,"Venezuela (Bolivarian Republic of)","VEN","VEN",183,"Sweden","SWE","SWE",7,"0","0","-","0","0","0"
1,"xyi69N",1,3818,1995,207,"Venezuela (Bolivarian Republic of)","VEN","VEN",183,"Sweden","SWE","SWE",7,"0","0","-","0","0","0"
1,"xyi69N",1,3819,1996,207,"Venezuela (Bolivarian Republic of)","VEN","VEN",183,"Sweden","SWE","SWE",7,"0","0","-","0","0","0"
1,"xyi69N",1,3820,1997,207,"Venezuela (Bolivarian Republic of)","VEN","VEN",183,"Sweden","SWE","SWE",7,"0","0","-","0","0","0"
1,"xyi69N",1,3821,1998,207,"Venezuela (Bolivarian Republic of)","VEN","VEN",183,"Sweden","SWE","SWE",7,"0","0","-","0","0","0"
1,"xyi69N",1,3822,1999,207,"Venezuela (Bolivarian Republic of)","VEN","VEN",183,"Sweden","SWE","SWE",7,"0","0","-","0","0","0"
1,"xyi69N",1,3823,2000,207,"Venezuela (Bolivarian Republic of)","VEN","VEN",183,"Sweden","SWE","SWE",8,"0","0","-","0","0","0"
1,"xyi69N",1,3824,2001,207,"Venezuela (Bolivarian Republic of)","VEN","VEN",183,"Sweden","SWE","SWE",7,"0","0","-","0","0","0"
1,"xyi69N",1,3825,2002,207,"Venezuela (Bolivarian Republic of)","VEN","VEN",183,"Sweden","SWE","SWE",5,5,"0","-","0","0","0"
1,"xyi69N",1,3826,2003,207,"Venezuela (Bolivarian Republic of)","VEN","VEN",183,"Sweden","SWE","SWE",9,7,"0","-","0","0","0"
1,"xyi69N",1,3827,2004,207,"Venezuela (Bolivarian Republic of)","VEN","VEN",183,"Sweden","SWE","SWE",6,"0","0","-","0","0","0"
1,"xyi69N",1,3828,2005,207,"Venezuela (Bolivarian Republic of)","VEN","VEN",183,"Sweden","SWE","SWE",6,5,"0","-","0","0","0"
1,"xyi69N",1,3829,2006,207,"Venezuela (Bolivarian Republic of)","VEN","VEN",183,"Sweden","SWE","SWE",6,5,"0","-","0","0","0"
1,"xyi69N",1,3830,2007,207,"Venezuela (Bolivarian Republic of)","VEN","VEN",183,"Sweden","SWE","SWE",6,5,"0","-","0","0","0"
1,"xyi69N",1,3831,2008,207,"Venezuela (Bolivarian Republic of)","VEN","VEN",183,"Sweden","SWE","SWE",6,5,"0","-","0","0","0"
1,"xyi69N",1,3832,2009,207,"Venezuela (Bolivarian Republic of)","VEN","VEN",183,"Sweden","SWE","SWE",7,5,"0","-","0","0","0"
1,"xyi69N",1,3833,2010,207,"Venezuela (Bolivarian Republic of)","VEN","VEN",183,"Sweden","SWE","SWE",6,10,"0","-","0","0","0"
1,"xyi69N",1,3834,2011,207,"Venezuela (Bolivarian Republic of)","VEN","VEN",183,"Sweden","SWE","SWE",6,5,"0","-","0","0","0"
1,"xyi69N",1,3835,2012,207,"Venezuela (Bolivarian Republic of)","VEN","VEN",183,"Sweden","SWE","SWE",6,11,"0","-","0","0","0"
1,"xyi69N",1,3836,2013,207,"Venezuela (Bolivarian Republic of)","VEN","VEN",183,"Sweden","SWE","SWE",5,7,"0","-","0","0","0"
1,"xyi69N",1,3837,2014,207,"Venezuela (Bolivarian Republic of)","VEN","VEN",183,"Sweden","SWE","SWE",5,42,"0","-","0","0","0"
1,"xyi69N",1,3838,2015,207,"Venezuela (Bolivarian Republic of)","VEN","VEN",183,"Sweden","SWE","SWE",5,44,"0","-","0","0","0"
1,"xyi69N",1,3839,2016,207,"Venezuela (Bolivarian Republic of)","VEN","VEN",183,"Sweden","SWE","SWE",6,58,"0","-","0","0","0"
1,"xyi69N",1,3840,2017,207,"Venezuela (Bolivarian Republic of)","VEN","VEN",183,"Sweden","SWE","SWE",6,91,"0","-","0","0","0"
1,"xyi69N",1,3841,2018,207,"Venezuela (Bolivarian Republic of)","VEN","VEN",183,"Sweden","SWE","SWE",8,146,"0","-","0","0","0"
1,"xyi69N",1,3842,2019,207,"Venezuela (Bolivarian Republic of)","VEN","VEN",183,"Sweden","SWE","SWE",13,220,"0","-","0","0","0"
1,"xyi69N",1,3843,2020,207,"Venezuela (Bolivarian Republic of)","VEN","VEN",183,"Sweden","SWE","SWE",28,94,"0","-","0","0","0"
1,"xyi69N",1,3844,2021,207,"Venezuela (Bolivarian Republic of)","VEN","VEN",183,"Sweden","SWE","SWE",41,41,"0","-","0","0","0"
1,"xyi69N",1,3845,2022,207,"Venezuela (Bolivarian Republic of)","VEN","VEN",183,"Sweden","SWE","SWE",41,59,"0","-","0","0","0"
1,"xyi69N",1,3846,2023,207,"Venezuela (Bolivarian Republic of)","VEN","VEN",183,"Sweden","SWE","SWE",53,56,"0","-","0","0","0"
1,"xyi69N",1,3847,2024,207,"Venezuela (Bolivarian Republic of)","VEN","VEN",183,"Sweden","SWE","SWE",62,38,"0","-","0","0","0"
1,"xyi69N",1,3848,2025,207,"Venezuela (Bolivarian Republic of)","VEN","VEN",183,"Sweden","SWE","SWE",62,33,"0","-","0","0","0"
1,"xyi69N",1,3849,1991,211,"Yemen","YEM","YEM",183,"Sweden","SWE","SWE",9,"0","0","-","0","0","0"
1,"xyi69N",1,3850,1992,211,"Yemen","YEM","YEM",183,"Sweden","SWE","SWE",16,"0","0","-","0","0","0"
1,"xyi69N",1,3851,1993,211,"Yemen","YEM","YEM",183,"Sweden","SWE","SWE",22,"0","0","-","0","0","0"
1,"xyi69N",1,3852,1994,211,"Yemen","YEM","YEM",183,"Sweden","SWE","SWE",22,"0","0","-","0","0","0"
1,"xyi69N",1,3853,1995,211,"Yemen","YEM","YEM",183,"Sweden","SWE","SWE",22,"0","0","-","0","0","0"
1,"xyi69N",1,3854,1996,211,"Yemen","YEM","YEM",183,"Sweden","SWE","SWE",22,"0","0","-","0","0","0"
1,"xyi69N",1,3855,1997,211,"Yemen","YEM","YEM",183,"Sweden","SWE","SWE",22,"0","0","-","0","0","0"
1,"xyi69N",1,3856,1998,211,"Yemen","YEM","YEM",183,"Sweden","SWE","SWE",22,"0","0","-","0","0","0"
1,"xyi69N",1,3857,1999,211,"Yemen","YEM","YEM",183,"Sweden","SWE","SWE",22,"0","0","-","0","0","0"
1,"xyi69N",1,3858,2000,211,"Yemen","YEM","YEM",183,"Sweden","SWE","SWE",21,"0","0","-","0","0","0"
1,"xyi69N",1,3859,2001,211,"Yemen","YEM","YEM",183,"Sweden","SWE","SWE",17,"0","0","-","0","0","0"
1,"xyi69N",1,3860,2002,211,"Yemen","YEM","YEM",183,"Sweden","SWE","SWE",16,52,"0","-","0","0","0"
1,"xyi69N",1,3861,2003,211,"Yemen","YEM","YEM",183,"Sweden","SWE","SWE",15,60,"0","-","0","0","0"
1,"xyi69N",1,3862,2004,211,"Yemen","YEM","YEM",183,"Sweden","SWE","SWE",22,32,"0","-","0","0","0"
1,"xyi69N",1,3863,2005,211,"Yemen","YEM","YEM",183,"Sweden","SWE","SWE",28,53,"0","-","0","0","0"
1,"xyi69N",1,3864,2006,211,"Yemen","YEM","YEM",183,"Sweden","SWE","SWE",44,44,"0","-","0","0","0"
1,"xyi69N",1,3865,2007,211,"Yemen","YEM","YEM",183,"Sweden","SWE","SWE",56,57,"0","-","0","0","0"
1,"xyi69N",1,3866,2008,211,"Yemen","YEM","YEM",183,"Sweden","SWE","SWE",69,121,"0","-","0","0","0"
1,"xyi69N",1,3867,2009,211,"Yemen","YEM","YEM",183,"Sweden","SWE","SWE",126,103,"0","-","0","0","0"
1,"xyi69N",1,3868,2010,211,"Yemen","YEM","YEM",183,"Sweden","SWE","SWE",178,143,"0","-","0","0","0"
1,"xyi69N",1,3869,2011,211,"Yemen","YEM","YEM",183,"Sweden","SWE","SWE",325,89,"0","-","0","0","0"
1,"xyi69N",1,3870,2012,211,"Yemen","YEM","YEM",183,"Sweden","SWE","SWE",390,217,"0","-","0","0","0"
1,"xyi69N",1,3871,2013,211,"Yemen","YEM","YEM",183,"Sweden","SWE","SWE",499,112,"0","-","0","0","0"
1,"xyi69N",1,3872,2014,211,"Yemen","YEM","YEM",183,"Sweden","SWE","SWE",536,232,"0","-","0","0","0"
1,"xyi69N",1,3873,2015,211,"Yemen","YEM","YEM",183,"Sweden","SWE","SWE",610,481,"0","-","0","0","0"
1,"xyi69N",1,3874,2016,211,"Yemen","YEM","YEM",183,"Sweden","SWE","SWE",929,290,"0","-","0","0","0"
1,"xyi69N",1,3875,2017,211,"Yemen","YEM","YEM",183,"Sweden","SWE","SWE",1099,186,"0","-","0","0","0"
1,"xyi69N",1,3876,2018,211,"Yemen","YEM","YEM",183,"Sweden","SWE","SWE",1343,228,"0","-","0","0","0"
1,"xyi69N",1,3877,2019,211,"Yemen","YEM","YEM",183,"Sweden","SWE","SWE",1659,193,"0","-","0","0","0"
1,"xyi69N",1,3878,2020,211,"Yemen","YEM","YEM",183,"Sweden","SWE","SWE",1822,83,"0","-","0","0","0"
1,"xyi69N",1,3879,2021,211,"Yemen","YEM","YEM",183,"Sweden","SWE","SWE",1727,62,"0","-","0","0","0"
1,"xyi69N",1,3880,2022,211,"Yemen","YEM","YEM",183,"Sweden","SWE","SWE",1731,67,"0","-","0","0","0"
1,"xyi69N",1,3881,2023,211,"Yemen","YEM","YEM",183,"Sweden","SWE","SWE",1593,45,"0","-","0","0","0"
1,"xyi69N",1,3882,2024,211,"Yemen","YEM","YEM",183,"Sweden","SWE","SWE",985,48,"0","-","0","0","0"
1,"xyi69N",1,3883,2025,211,"Yemen","YEM","YEM",183,"Sweden","SWE","SWE",942,32,"0","-","0","0","0"
1,"xyi69N",1,3884,2012,213,"Zambia","ZAM","ZMB",183,"Sweden","SWE","SWE",5,"0","0","-","0","0","0"
1,"xyi69N",1,3885,2013,213,"Zambia","ZAM","ZMB",183,"Sweden","SWE","SWE",5,"0","0","-","0","0","0"
1,"xyi69N",1,3886,2014,213,"Zambia","ZAM","ZMB",183,"Sweden","SWE","SWE",7,5,"0","-","0","0","0"
1,"xyi69N",1,3887,2015,213,"Zambia","ZAM","ZMB",183,"Sweden","SWE","SWE",9,11,"0","-","0","0","0"
1,"xyi69N",1,3888,2016,213,"Zambia","ZAM","ZMB",183,"Sweden","SWE","SWE",10,6,"0","-","0","0","0"
1,"xyi69N",1,3889,2017,213,"Zambia","ZAM","ZMB",183,"Sweden","SWE","SWE",11,5,"0","-","0","0","0"
1,"xyi69N",1,3890,2018,213,"Zambia","ZAM","ZMB",183,"Sweden","SWE","SWE",11,10,"0","-","0","0","0"
1,"xyi69N",1,3891,2019,213,"Zambia","ZAM","ZMB",183,"Sweden","SWE","SWE",13,5,"0","-","0","0","0"
1,"xyi69N",1,3892,2020,213,"Zambia","ZAM","ZMB",183,"Sweden","SWE","SWE",13,5,"0","-","0","0","0"
1,"xyi69N",1,3893,2021,213,"Zambia","ZAM","ZMB",183,"Sweden","SWE","SWE",13,"0","0","-","0","0","0"
1,"xyi69N",1,3894,2022,213,"Zambia","ZAM","ZMB",183,"Sweden","SWE","SWE",11,"0","0","-","0","0","0"
1,"xyi69N",1,3895,2023,213,"Zambia","ZAM","ZMB",183,"Sweden","SWE","SWE",11,5,"0","-","0","0","0"
1,"xyi69N",1,3896,2024,213,"Zambia","ZAM","ZMB",183,"Sweden","SWE","SWE",11,5,"0","-","0","0","0"
1,"xyi69N",1,3897,2025,213,"Zambia","ZAM","ZMB",183,"Sweden","SWE","SWE",14,"0","0","-","0","0","0"
1,"xyi69N",1,3898,2002,214,"Zimbabwe","ZIM","ZWE",183,"Sweden","SWE","SWE","0",10,"0","-","0","0","0"
1,"xyi69N",1,3899,2003,214,"Zimbabwe","ZIM","ZWE",183,"Sweden","SWE","SWE","0",20,"0","-","0","0","0"
1,"xyi69N",1,3900,2004,214,"Zimbabwe","ZIM","ZWE",183,"Sweden","SWE","SWE",5,21,"0","-","0","0","0"
1,"xyi69N",1,3901,2005,214,"Zimbabwe","ZIM","ZWE",183,"Sweden","SWE","SWE",15,8,"0","-","0","0","0"
1,"xyi69N",1,3902,2006,214,"Zimbabwe","ZIM","ZWE",183,"Sweden","SWE","SWE",23,15,"0","-","0","0","0"
1,"xyi69N",1,3903,2007,214,"Zimbabwe","ZIM","ZWE",183,"Sweden","SWE","SWE",24,16,"0","-","0","0","0"
1,"xyi69N",1,3904,2008,214,"Zimbabwe","ZIM","ZWE",183,"Sweden","SWE","SWE",27,19,"0","-","0","0","0"
1,"xyi69N",1,3905,2009,214,"Zimbabwe","ZIM","ZWE",183,"Sweden","SWE","SWE",32,12,"0","-","0","0","0"
1,"xyi69N",1,3906,2010,214,"Zimbabwe","ZIM","ZWE",183,"Sweden","SWE","SWE",33,5,"0","-","0","0","0"
1,"xyi69N",1,3907,2011,214,"Zimbabwe","ZIM","ZWE",183,"Sweden","SWE","SWE",35,10,"0","-","0","0","0"
1,"xyi69N",1,3908,2012,214,"Zimbabwe","ZIM","ZWE",183,"Sweden","SWE","SWE",36,5,"0","-","0","0","0"
1,"xyi69N",1,3909,2013,214,"Zimbabwe","ZIM","ZWE",183,"Sweden","SWE","SWE",40,5,"0","-","0","0","0"
1,"xyi69N",1,3910,2014,214,"Zimbabwe","ZIM","ZWE",183,"Sweden","SWE","SWE",41,5,"0","-","0","0","0"
1,"xyi69N",1,3911,2015,214,"Zimbabwe","ZIM","ZWE",183,"Sweden","SWE","SWE",31,7,"0","-","0","0","0"
1,"xyi69N",1,3912,2016,214,"Zimbabwe","ZIM","ZWE",183,"Sweden","SWE","SWE",28,11,"0","-","0","0","0"
1,"xyi69N",1,3913,2017,214,"Zimbabwe","ZIM","ZWE",183,"Sweden","SWE","SWE",24,11,"0","-","0","0","0"
1,"xyi69N",1,3914,2018,214,"Zimbabwe","ZIM","ZWE",183,"Sweden","SWE","SWE",21,7,"0","-","0","0","0"
1,"xyi69N",1,3915,2019,214,"Zimbabwe","ZIM","ZWE",183,"Sweden","SWE","SWE",19,5,"0","-","0","0","0"
1,"xyi69N",1,3916,2020,214,"Zimbabwe","ZIM","ZWE",183,"Sweden","SWE","SWE",18,10,"0","-","0","0","0"
1,"xyi69N",1,3917,2021,214,"Zimbabwe","ZIM","ZWE",183,"Sweden","SWE","SWE",16,5,"0","-","0","0","0"
1,"xyi69N",1,3918,2022,214,"Zimbabwe","ZIM","ZWE",183,"Sweden","SWE","SWE",14,13,"0","-","0","0","0"
1,"xyi69N",1,3919,2023,214,"Zimbabwe","ZIM","ZWE",183,"Sweden","SWE","SWE",12,8,"0","-","0","0","0"
1,"xyi69N",1,3920,2024,214,"Zimbabwe","ZIM","ZWE",183,"Sweden","SWE","SWE",24,"0","0","-","0","0","0"
1,"xyi69N",1,3921,2025,214,"Zimbabwe","ZIM","ZWE",183,"Sweden","SWE","SWE",26,"0","0","-","0","0","0"
1,"xyi69N",1,3922,1990,216,"Stateless","STA","XXA",183,"Sweden","SWE","SWE",4499,"0","0","-","0","0","0"
1,"xyi69N",1,3923,1991,216,"Stateless","STA","XXA",183,"Sweden","SWE","SWE",5632,"0","0","-","0","0","0"
1,"xyi69N",1,3924,1992,216,"Stateless","STA","XXA",183,"Sweden","SWE","SWE",5610,"0","0","-","0","0","0"
1,"xyi69N",1,3925,1993,216,"Stateless","STA","XXA",183,"Sweden","SWE","SWE",5712,"0","0","-","0","0","0"
1,"xyi69N",1,3926,1994,216,"Stateless","STA","XXA",183,"Sweden","SWE","SWE",5547,"0","0","-","0","0","0"
1,"xyi69N",1,3927,1995,216,"Stateless","STA","XXA",183,"Sweden","SWE","SWE",5467,"0","0","-","0","0","0"
1,"xyi69N",1,3928,1996,216,"Stateless","STA","XXA",183,"Sweden","SWE","SWE",4647,"0","0","-","0","0","0"
1,"xyi69N",1,3929,1997,216,"Stateless","STA","XXA",183,"Sweden","SWE","SWE",4743,"0","0","-","0","0","0"
1,"xyi69N",1,3930,1998,216,"Stateless","STA","XXA",183,"Sweden","SWE","SWE",4835,"0","0","-","0","0","0"
1,"xyi69N",1,3931,1999,216,"Stateless","STA","XXA",183,"Sweden","SWE","SWE",2189,"0","0","-","0","0","0"
1,"xyi69N",1,3932,2000,216,"Stateless","STA","XXA",183,"Sweden","SWE","SWE",1867,"0","0","-","0","0","0"
1,"xyi69N",1,3933,2001,216,"Stateless","STA","XXA",183,"Sweden","SWE","SWE",850,"0","0","-","0","0","0"
1,"xyi69N",1,3934,2002,216,"Stateless","STA","XXA",183,"Sweden","SWE","SWE",1076,1110,"0","-","0","0","0"
1,"xyi69N",1,3935,2003,216,"Stateless","STA","XXA",183,"Sweden","SWE","SWE",1481,1931,"0","-","0","0","0"
1,"xyi69N",1,3936,2004,216,"Stateless","STA","XXA",183,"Sweden","SWE","SWE",1811,2009,"0","-","0","0","0"
1,"xyi69N",1,3937,2005,216,"Stateless","STA","XXA",183,"Sweden","SWE","SWE",2028,868,"0","-",5299,"0","0"
1,"xyi69N",1,3938,2006,216,"Stateless","STA","XXA",183,"Sweden","SWE","SWE",2218,739,"0","-",5571,"0","0"
1,"xyi69N",1,3939,2007,216,"Stateless","STA","XXA",183,"Sweden","SWE","SWE",2768,1242,"0","-",5571,"0","0"
1,"xyi69N",1,3940,2008,216,"Stateless","STA","XXA",183,"Sweden","SWE","SWE",3158,1030,"0","-",6239,"0","0"
1,"xyi69N",1,3941,2009,216,"Stateless","STA","XXA",183,"Sweden","SWE","SWE",3573,784,"0","-",7758,"0","0"
1,"xyi69N",1,3942,2010,216,"Stateless","STA","XXA",183,"Sweden","SWE","SWE",3858,831,"0","-",9344,"0","0"
1,"xyi69N",1,3943,2011,216,"Stateless","STA","XXA",183,"Sweden","SWE","SWE",4304,640,"0","-",10344,"0","0"
1,"xyi69N",1,3944,2012,216,"Stateless","STA","XXA",183,"Sweden","SWE","SWE",4948,1379,"0","-",9596,"0","0"
1,"xyi69N",1,3945,2013,216,"Stateless","STA","XXA",183,"Sweden","SWE","SWE",8570,3299,"0","-",20450,"0","0"
1,"xyi69N",1,3946,2014,216,"Stateless","STA","XXA",183,"Sweden","SWE","SWE",12476,5794,"0","-",27167,"0","0"
1,"xyi69N",1,3947,2015,216,"Stateless","STA","XXA",183,"Sweden","SWE","SWE",15410,8865,"0","-",31062,"0","0"
1,"xyi69N",1,3948,2016,216,"Stateless","STA","XXA",183,"Sweden","SWE","SWE",21119,2941,"0","-",36036,"0","0"
1,"xyi69N",1,3949,2017,216,"Stateless","STA","XXA",183,"Sweden","SWE","SWE",22072,1837,"0","-",35101,"0","0"
1,"xyi69N",1,3950,2018,216,"Stateless","STA","XXA",183,"Sweden","SWE","SWE",22109,1340,"0","-",31819,"0","0"
1,"xyi69N",1,3951,2019,216,"Stateless","STA","XXA",183,"Sweden","SWE","SWE",22392,1032,"0","-",53729,"0","0"
1,"xyi69N",1,3952,2020,216,"Stateless","STA","XXA",183,"Sweden","SWE","SWE",22218,692,"0","-",50414,"0","0"
1,"xyi69N",1,3953,2021,216,"Stateless","STA","XXA",183,"Sweden","SWE","SWE",21762,560,"0","-",46933,"0","0"
1,"xyi69N",1,3954,2022,216,"Stateless","STA","XXA",183,"Sweden","SWE","SWE",20991,483,"0","-",42511,"0","0"
1,"xyi69N",1,3955,2023,216,"Stateless","STA","XXA",183,"Sweden","SWE","SWE",16624,360,"0","-",18698,"0","0"
1,"xyi69N",1,3956,2024,216,"Stateless","STA","XXA",183,"Sweden","SWE","SWE",3572,236,"0","-",6835,"0","0"
1,"xyi69N",1,3957,2025,216,"Stateless","STA","XXA",183,"Sweden","SWE","SWE",3613,201,"0","-",6427,"0","0"
1,"xyi69N",1,3958,1951,262,"Unknown ","UKN","UNK",183,"Sweden","SWE","SWE",44000,"0","0","-","0","0","0"
1,"xyi69N",1,3959,1952,262,"Unknown ","UKN","UNK",183,"Sweden","SWE","SWE",42000,"0","0","-","0","0","0"
1,"xyi69N",1,3960,1953,262,"Unknown ","UKN","UNK",183,"Sweden","SWE","SWE",37000,"0","0","-","0","0","0"
1,"xyi69N",1,3961,1954,262,"Unknown ","UKN","UNK",183,"Sweden","SWE","SWE",33000,"0","0","-","0","0","0"
1,"xyi69N",1,3962,1955,262,"Unknown ","UKN","UNK",183,"Sweden","SWE","SWE",28000,"0","0","-","0","0","0"
1,"xyi69N",1,3963,1956,262,"Unknown ","UKN","UNK",183,"Sweden","SWE","SWE",31000,"0","0","-","0","0","0"
1,"xyi69N",1,3964,1957,262,"Unknown ","UKN","UNK",183,"Sweden","SWE","SWE",33000,"0","0","-","0","0","0"
1,"xyi69N",1,3965,1958,262,"Unknown ","UKN","UNK",183,"Sweden","SWE","SWE",31000,"0","0","-","0","0","0"
1,"xyi69N",1,3966,1959,262,"Unknown ","UKN","UNK",183,"Sweden","SWE","SWE",28000,"0","0","-","0","0","0"
1,"xyi69N",1,3967,1960,262,"Unknown ","UKN","UNK",183,"Sweden","SWE","SWE",26000,"0","0","-","0","0","0"
1,"xyi69N",1,3968,1961,262,"Unknown ","UKN","UNK",183,"Sweden","SWE","SWE",26000,"0","0","-","0","0","0"
1,"xyi69N",1,3969,1962,262,"Unknown ","UKN","UNK",183,"Sweden","SWE","SWE",26000,"0","0","-","0","0","0"
1,"xyi69N",1,3970,1963,262,"Unknown ","UKN","UNK",183,"Sweden","SWE","SWE",26000,"0","0","-","0","0","0"
1,"xyi69N",1,3971,1964,262,"Unknown ","UKN","UNK",183,"Sweden","SWE","SWE",24000,"0","0","-","0","0","0"
1,"xyi69N",1,3972,1965,262,"Unknown ","UKN","UNK",183,"Sweden","SWE","SWE",22000,"0","0","-","0","0","0"
1,"xyi69N",1,3973,1966,262,"Unknown ","UKN","UNK",183,"Sweden","SWE","SWE",20000,"0","0","-","0","0","0"
1,"xyi69N",1,3974,1967,262,"Unknown ","UKN","UNK",183,"Sweden","SWE","SWE",18000,"0","0","-","0","0","0"
1,"xyi69N",1,3975,1968,262,"Unknown ","UKN","UNK",183,"Sweden","SWE","SWE",17000,"0","0","-","0","0","0"
1,"xyi69N",1,3976,1969,262,"Unknown ","UKN","UNK",183,"Sweden","SWE","SWE",17000,"0","0","-","0","0","0"
1,"xyi69N",1,3977,1970,262,"Unknown ","UKN","UNK",183,"Sweden","SWE","SWE",20000,"0","0","-","0","0","0"
1,"xyi69N",1,3978,1971,262,"Unknown ","UKN","UNK",183,"Sweden","SWE","SWE",20000,"0","0","-","0","0","0"
1,"xyi69N",1,3979,1972,262,"Unknown ","UKN","UNK",183,"Sweden","SWE","SWE",20000,"0","0","-","0","0","0"
1,"xyi69N",1,3980,1973,262,"Unknown ","UKN","UNK",183,"Sweden","SWE","SWE",20000,"0","0","-","0","0","0"
1,"xyi69N",1,3981,1974,262,"Unknown ","UKN","UNK",183,"Sweden","SWE","SWE",20000,"0","0","-","0","0","0"
1,"xyi69N",1,3982,1975,262,"Unknown ","UKN","UNK",183,"Sweden","SWE","SWE",20000,"0","0","-","0","0","0"
1,"xyi69N",1,3983,1976,262,"Unknown ","UKN","UNK",183,"Sweden","SWE","SWE",20000,"0","0","-","0","0","0"
1,"xyi69N",1,3984,1977,262,"Unknown ","UKN","UNK",183,"Sweden","SWE","SWE",20000,"0","0","-","0","0","0"
1,"xyi69N",1,3985,1978,262,"Unknown ","UKN","UNK",183,"Sweden","SWE","SWE",20000,"0","0","-","0","0","0"
1,"xyi69N",1,3986,1979,262,"Unknown ","UKN","UNK",183,"Sweden","SWE","SWE",20000,"0","0","-","0","0","0"
1,"xyi69N",1,3987,1980,262,"Unknown ","UKN","UNK",183,"Sweden","SWE","SWE",20000,"0","0","-","0","0","0"
1,"xyi69N",1,3988,1981,262,"Unknown ","UKN","UNK",183,"Sweden","SWE","SWE",20000,"0","0","-","0","0","0"
1,"xyi69N",1,3989,1982,262,"Unknown ","UKN","UNK",183,"Sweden","SWE","SWE",20000,"0","0","-","0","0","0"
1,"xyi69N",1,3990,1983,262,"Unknown ","UKN","UNK",183,"Sweden","SWE","SWE",43000,"0","0","-","0","0","0"
1,"xyi69N",1,3991,1984,262,"Unknown ","UKN","UNK",183,"Sweden","SWE","SWE",90600,"0","0","-","0","0","0"
1,"xyi69N",1,3992,1985,262,"Unknown ","UKN","UNK",183,"Sweden","SWE","SWE",90600,"0","0","-","0","0","0"
1,"xyi69N",1,3993,1986,262,"Unknown ","UKN","UNK",183,"Sweden","SWE","SWE",120000,"0","0","-","0","0","0"
1,"xyi69N",1,3994,1987,262,"Unknown ","UKN","UNK",183,"Sweden","SWE","SWE",130000,"0","0","-","0","0","0"
1,"xyi69N",1,3995,1988,262,"Unknown ","UKN","UNK",183,"Sweden","SWE","SWE",139783,"0","0","-","0","0","0"
1,"xyi69N",1,3996,1989,262,"Unknown ","UKN","UNK",183,"Sweden","SWE","SWE",139783,"0","0","-","0","0","0"
1,"xyi69N",1,3997,1990,262,"Unknown ","UKN","UNK",183,"Sweden","SWE","SWE",6933,"0","0","-","0","0","0"
1,"xyi69N",1,3998,1991,262,"Unknown ","UKN","UNK",183,"Sweden","SWE","SWE",6937,"0","0","-","0","0","0"
1,"xyi69N",1,3999,1992,262,"Unknown ","UKN","UNK",183,"Sweden","SWE","SWE",7572,"0","0","-","0","0","0"
1,"xyi69N",1,4000,1993,262,"Unknown ","UKN","UNK",183,"Sweden","SWE","SWE",6139,"0","0","-","0","0","0"
1,"xyi69N",1,4001,1994,262,"Unknown ","UKN","UNK",183,"Sweden","SWE","SWE",5990,"0","0","-","0","0","0"
1,"xyi69N",1,4002,1995,262,"Unknown ","UKN","UNK",183,"Sweden","SWE","SWE",5561,"0","0","-","0","0","0"
1,"xyi69N",1,4003,1996,262,"Unknown ","UKN","UNK",183,"Sweden","SWE","SWE",6958,"0","0","-","0","0","0"
1,"xyi69N",1,4004,1997,262,"Unknown ","UKN","UNK",183,"Sweden","SWE","SWE",6169,"0","0","-","0","0","0"
1,"xyi69N",1,4005,1998,262,"Unknown ","UKN","UNK",183,"Sweden","SWE","SWE",4727,"0","0","-","0","0","0"
1,"xyi69N",1,4006,1999,262,"Unknown ","UKN","UNK",183,"Sweden","SWE","SWE",4719,"0","0","-","0","0","0"
1,"xyi69N",1,4007,2000,262,"Unknown ","UKN","UNK",183,"Sweden","SWE","SWE",5658,10800,"0","-","0","0","0"
1,"xyi69N",1,4008,2001,262,"Unknown ","UKN","UNK",183,"Sweden","SWE","SWE",5810,17600,"0","-","0","0","0"
1,"xyi69N",1,4009,2002,262,"Unknown ","UKN","UNK",183,"Sweden","SWE","SWE",5436,135,"0","-","0","0","0"
1,"xyi69N",1,4010,2003,262,"Unknown ","UKN","UNK",183,"Sweden","SWE","SWE",5406,165,"0","-","0","0","0"
1,"xyi69N",1,4011,2004,262,"Unknown ","UKN","UNK",183,"Sweden","SWE","SWE",5343,274,"0","-","0","0","0"
1,"xyi69N",1,4012,2005,262,"Unknown ","UKN","UNK",183,"Sweden","SWE","SWE",5332,181,"0","-","0","0","0"
1,"xyi69N",1,4013,2006,262,"Unknown ","UKN","UNK",183,"Sweden","SWE","SWE",3973,130,"0","-","0","0","0"
1,"xyi69N",1,4014,2007,262,"Unknown ","UKN","UNK",183,"Sweden","SWE","SWE",2812,341,"0","-","0","0","0"
1,"xyi69N",1,4015,2008,262,"Unknown ","UKN","UNK",183,"Sweden","SWE","SWE",2786,479,"0","-","0","0","0"
1,"xyi69N",1,4016,2009,262,"Unknown ","UKN","UNK",183,"Sweden","SWE","SWE",718,615,"0","-","0","0","0"
1,"xyi69N",1,4017,2010,262,"Unknown ","UKN","UNK",183,"Sweden","SWE","SWE",666,721,"0","-","0","0","0"
1,"xyi69N",1,4018,2011,262,"Unknown ","UKN","UNK",183,"Sweden","SWE","SWE",709,537,"0","-","0","0","0"
1,"xyi69N",1,4019,2012,262,"Unknown ","UKN","UNK",183,"Sweden","SWE","SWE",750,477,"0","-","0","0","0"
1,"xyi69N",1,4020,2013,262,"Unknown ","UKN","UNK",183,"Sweden","SWE","SWE",848,450,"0","-","0","0","0"
1,"xyi69N",1,4021,2014,262,"Unknown ","UKN","UNK",183,"Sweden","SWE","SWE",866,507,"0","-","0","0","0"
1,"xyi69N",1,4022,2015,262,"Unknown ","UKN","UNK",183,"Sweden","SWE","SWE",904,1292,"0","-","0","0","0"
1,"xyi69N",1,4023,2016,262,"Unknown ","UKN","UNK",183,"Sweden","SWE","SWE",631,1257,"0","-","0","0","0"
1,"xyi69N",1,4024,2017,262,"Unknown ","UKN","UNK",183,"Sweden","SWE","SWE",622,869,"0","-","0","0","0"
1,"xyi69N",1,4025,2018,262,"Unknown ","UKN","UNK",183,"Sweden","SWE","SWE",604,761,"0","-","0","0","0"
1,"xyi69N",1,4026,2019,262,"Unknown ","UKN","UNK",183,"Sweden","SWE","SWE",586,681,"0","-","0","0","0"
1,"xyi69N",1,4027,2020,262,"Unknown ","UKN","UNK",183,"Sweden","SWE","SWE",570,311,"0","-","0","0","0"
1,"xyi69N",1,4028,2021,262,"Unknown ","UKN","UNK",183,"Sweden","SWE","SWE",537,278,"0","-","0","0","0"
1,"xyi69N",1,4029,2022,262,"Unknown ","UKN","UNK",183,"Sweden","SWE","SWE",504,225,"0","-","0","0","0"
1,"xyi69N",1,4030,2023,262,"Unknown ","UKN","UNK",183,"Sweden","SWE","SWE",433,108,"0","-","0","0","0"
1,"xyi69N",1,4031,2024,262,"Unknown ","UKN","UNK",183,"Sweden","SWE","SWE",651,88,"0","-","0","0","0"
1,"xyi69N",1,4032,2025,262,"Unknown ","UKN","UNK",183,"Sweden","SWE","SWE",516,73,"0","-","0","0","0"
