"page","short-url","maxPages","items","year","coo_id","coo_name","coo","coo_iso","coa_id","coa_name","coa","coa_iso","refugees","asylum_seekers","idps","oip","stateless","hst","ooc"
1,"QOvT0n",1,1,1988,2,"Afghanistan","AFG","AFG",202,"United States of America","USA","USA",12853,"0","0","-","0","0","0"
1,"QOvT0n",1,2,1989,2,"Afghanistan","AFG","AFG",202,"United States of America","USA","USA",12196,"0","0","-","0","0","0"
1,"QOvT0n",1,3,1990,2,"Afghanistan","AFG","AFG",202,"United States of America","USA","USA",11488,"0","0","-","0","0","0"
1,"QOvT0n",1,4,1991,2,"Afghanistan","AFG","AFG",202,"United States of America","USA","USA",10388,"0","0","-","0","0","0"
1,"QOvT0n",1,5,1992,2,"Afghanistan","AFG","AFG",202,"United States of America","USA","USA",8686,"0","0","-","0","0","0"
1,"QOvT0n",1,6,1993,2,"Afghanistan","AFG","AFG",202,"United States of America","USA","USA",7728,"0","0","-","0","0","0"
1,"QOvT0n",1,7,1994,2,"Afghanistan","AFG","AFG",202,"United States of America","USA","USA",6169,"0","0","-","0","0","0"
1,"QOvT0n",1,8,1995,2,"Afghanistan","AFG","AFG",202,"United States of America","USA","USA",4992,"0","0","-","0","0","0"
1,"QOvT0n",1,9,1996,2,"Afghanistan","AFG","AFG",202,"United States of America","USA","USA",3804,"0","0","-","0","0","0"
1,"QOvT0n",1,10,1997,2,"Afghanistan","AFG","AFG",202,"United States of America","USA","USA",2651,"0","0","-","0","0","0"
1,"QOvT0n",1,11,1998,2,"Afghanistan","AFG","AFG",202,"United States of America","USA","USA",1872,"0","0","-","0","0","0"
1,"QOvT0n",1,12,1999,2,"Afghanistan","AFG","AFG",202,"United States of America","USA","USA",2587,"0","0","-","0","0","0"
1,"QOvT0n",1,13,2000,2,"Afghanistan","AFG","AFG",202,"United States of America","USA","USA",4322,321,"0","-","0","0","0"
1,"QOvT0n",1,14,2001,2,"Afghanistan","AFG","AFG",202,"United States of America","USA","USA",7426,330,"0","-","0","0","0"
1,"QOvT0n",1,15,2002,2,"Afghanistan","AFG","AFG",202,"United States of America","USA","USA",8932,295,"0","-","0","0","0"
1,"QOvT0n",1,16,2003,2,"Afghanistan","AFG","AFG",202,"United States of America","USA","USA",9601,220,"0","-","0","0","0"
1,"QOvT0n",1,17,2004,2,"Afghanistan","AFG","AFG",202,"United States of America","USA","USA",9778,145,"0","-","0","0","0"
1,"QOvT0n",1,18,2005,2,"Afghanistan","AFG","AFG",202,"United States of America","USA","USA",8831,100,"0","-","0","0","0"
1,"QOvT0n",1,19,2006,2,"Afghanistan","AFG","AFG",202,"United States of America","USA","USA",13242,106,"0","-","0","0","0"
1,"QOvT0n",1,20,2007,2,"Afghanistan","AFG","AFG",202,"United States of America","USA","USA",2365,73,"0","-","0","0","0"
1,"QOvT0n",1,21,2008,2,"Afghanistan","AFG","AFG",202,"United States of America","USA","USA",2101,63,"0","-","0","0","0"
1,"QOvT0n",1,22,2009,2,"Afghanistan","AFG","AFG",202,"United States of America","USA","USA",1711,60,"0","-","0","0","0"
1,"QOvT0n",1,23,2010,2,"Afghanistan","AFG","AFG",202,"United States of America","USA","USA",1364,46,"0","-","0","0","0"
1,"QOvT0n",1,24,2011,2,"Afghanistan","AFG","AFG",202,"United States of America","USA","USA",1103,107,"0","-","0","0","0"
1,"QOvT0n",1,25,2012,2,"Afghanistan","AFG","AFG",202,"United States of America","USA","USA",1017,130,"0","-","0","0","0"
1,"QOvT0n",1,26,2013,2,"Afghanistan","AFG","AFG",202,"United States of America","USA","USA",1071,238,"0","-","0","0","0"
1,"QOvT0n",1,27,2014,2,"Afghanistan","AFG","AFG",202,"United States of America","USA","USA",1210,412,"0","-","0","0","0"
1,"QOvT0n",1,28,2015,2,"Afghanistan","AFG","AFG",202,"United States of America","USA","USA",1361,609,"0","-","0","0","0"
1,"QOvT0n",1,29,2016,2,"Afghanistan","AFG","AFG",202,"United States of America","USA","USA",1466,784,"0","-","0","0","0"
1,"QOvT0n",1,30,2017,2,"Afghanistan","AFG","AFG",202,"United States of America","USA","USA",1564,810,"0","-","0","0","0"
1,"QOvT0n",1,31,2018,2,"Afghanistan","AFG","AFG",202,"United States of America","USA","USA",1599,765,"0","-","0","0","0"
1,"QOvT0n",1,32,2019,2,"Afghanistan","AFG","AFG",202,"United States of America","USA","USA",1629,727,"0","-","0","0","0"
1,"QOvT0n",1,33,2020,2,"Afghanistan","AFG","AFG",202,"United States of America","USA","USA",1592,796,"0","-","0","0","0"
1,"QOvT0n",1,34,2021,2,"Afghanistan","AFG","AFG",202,"United States of America","USA","USA",1649,1212,"0","-","0","0","0"
1,"QOvT0n",1,35,2022,2,"Afghanistan","AFG","AFG",202,"United States of America","USA","USA",8931,12833,"0","-","0","0","0"
1,"QOvT0n",1,36,2023,2,"Afghanistan","AFG","AFG",202,"United States of America","USA","USA",32348,11411,"0","-","0","0","0"
1,"QOvT0n",1,37,2024,2,"Afghanistan","AFG","AFG",202,"United States of America","USA","USA",46137,10897,"0","-","0","0","0"
1,"QOvT0n",1,38,2025,2,"Afghanistan","AFG","AFG",202,"United States of America","USA","USA",46137,10897,"0","-","0","0","0"
1,"QOvT0n",1,39,1988,3,"Albania","ALB","ALB",202,"United States of America","USA","USA",295,"0","0","-","0","0","0"
1,"QOvT0n",1,40,1989,3,"Albania","ALB","ALB",202,"United States of America","USA","USA",296,"0","0","-","0","0","0"
1,"QOvT0n",1,41,1990,3,"Albania","ALB","ALB",202,"United States of America","USA","USA",349,"0","0","-","0","0","0"
1,"QOvT0n",1,42,1991,3,"Albania","ALB","ALB",202,"United States of America","USA","USA",1628,"0","0","-","0","0","0"
1,"QOvT0n",1,43,1992,3,"Albania","ALB","ALB",202,"United States of America","USA","USA",2711,"0","0","-","0","0","0"
1,"QOvT0n",1,44,1993,3,"Albania","ALB","ALB",202,"United States of America","USA","USA",3127,"0","0","-","0","0","0"
1,"QOvT0n",1,45,1994,3,"Albania","ALB","ALB",202,"United States of America","USA","USA",3298,"0","0","-","0","0","0"
1,"QOvT0n",1,46,1995,3,"Albania","ALB","ALB",202,"United States of America","USA","USA",3437,"0","0","-","0","0","0"
1,"QOvT0n",1,47,1996,3,"Albania","ALB","ALB",202,"United States of America","USA","USA",2611,"0","0","-","0","0","0"
1,"QOvT0n",1,48,1997,3,"Albania","ALB","ALB",202,"United States of America","USA","USA",1999,"0","0","-","0","0","0"
1,"QOvT0n",1,49,1998,3,"Albania","ALB","ALB",202,"United States of America","USA","USA",2286,"0","0","-","0","0","0"
1,"QOvT0n",1,50,1999,3,"Albania","ALB","ALB",202,"United States of America","USA","USA",2886,"0","0","-","0","0","0"
1,"QOvT0n",1,51,2000,3,"Albania","ALB","ALB",202,"United States of America","USA","USA",3549,1746,"0","-","0","0","0"
1,"QOvT0n",1,52,2001,3,"Albania","ALB","ALB",202,"United States of America","USA","USA",4174,2517,"0","-","0","0","0"
1,"QOvT0n",1,53,2002,3,"Albania","ALB","ALB",202,"United States of America","USA","USA",4534,3219,"0","-","0","0","0"
1,"QOvT0n",1,54,2003,3,"Albania","ALB","ALB",202,"United States of America","USA","USA",3952,2983,"0","-","0","0","0"
1,"QOvT0n",1,55,2004,3,"Albania","ALB","ALB",202,"United States of America","USA","USA",4004,2330,"0","-","0","0","0"
1,"QOvT0n",1,56,2005,3,"Albania","ALB","ALB",202,"United States of America","USA","USA",4399,1638,"0","-","0","0","0"
1,"QOvT0n",1,57,2006,3,"Albania","ALB","ALB",202,"United States of America","USA","USA",7792,1240,"0","-","0","0","0"
1,"QOvT0n",1,58,2007,3,"Albania","ALB","ALB",202,"United States of America","USA","USA",7748,615,"0","-","0","0","0"
1,"QOvT0n",1,59,2008,3,"Albania","ALB","ALB",202,"United States of America","USA","USA",7232,466,"0","-","0","0","0"
1,"QOvT0n",1,60,2009,3,"Albania","ALB","ALB",202,"United States of America","USA","USA",6720,439,"0","-","0","0","0"
1,"QOvT0n",1,61,2010,3,"Albania","ALB","ALB",202,"United States of America","USA","USA",6004,18,"0","-","0","0","0"
1,"QOvT0n",1,62,2011,3,"Albania","ALB","ALB",202,"United States of America","USA","USA",5202,22,"0","-","0","0","0"
1,"QOvT0n",1,63,2012,3,"Albania","ALB","ALB",202,"United States of America","USA","USA",4422,38,"0","-","0","0","0"
1,"QOvT0n",1,64,2013,3,"Albania","ALB","ALB",202,"United States of America","USA","USA",3541,397,"0","-","0","0","0"
1,"QOvT0n",1,65,2014,3,"Albania","ALB","ALB",202,"United States of America","USA","USA",2751,988,"0","-","0","0","0"
1,"QOvT0n",1,66,2015,3,"Albania","ALB","ALB",202,"United States of America","USA","USA",2194,1229,"0","-","0","0","0"
1,"QOvT0n",1,67,2016,3,"Albania","ALB","ALB",202,"United States of America","USA","USA",1738,1336,"0","-","0","0","0"
1,"QOvT0n",1,68,2017,3,"Albania","ALB","ALB",202,"United States of America","USA","USA",1527,1636,"0","-","0","0","0"
1,"QOvT0n",1,69,2018,3,"Albania","ALB","ALB",202,"United States of America","USA","USA",1516,1717,"0","-","0","0","0"
1,"QOvT0n",1,70,2019,3,"Albania","ALB","ALB",202,"United States of America","USA","USA",1436,1902,"0","-","0","0","0"
1,"QOvT0n",1,71,2020,3,"Albania","ALB","ALB",202,"United States of America","USA","USA",1314,2129,"0","-","0","0","0"
1,"QOvT0n",1,72,2021,3,"Albania","ALB","ALB",202,"United States of America","USA","USA",1272,2821,"0","-","0","0","0"
1,"QOvT0n",1,73,2022,3,"Albania","ALB","ALB",202,"United States of America","USA","USA",1433,2670,"0","-","0","0","0"
1,"QOvT0n",1,74,2023,3,"Albania","ALB","ALB",202,"United States of America","USA","USA",1575,2869,"0","-","0","0","0"
1,"QOvT0n",1,75,2024,3,"Albania","ALB","ALB",202,"United States of America","USA","USA",1617,3038,"0","-","0","0","0"
1,"QOvT0n",1,76,2025,3,"Albania","ALB","ALB",202,"United States of America","USA","USA",1617,3038,"0","-","0","0","0"
1,"QOvT0n",1,77,1995,4,"Algeria","ALG","DZA",202,"United States of America","USA","USA",101,"0","0","-","0","0","0"
1,"QOvT0n",1,78,1996,4,"Algeria","ALG","DZA",202,"United States of America","USA","USA",209,"0","0","-","0","0","0"
1,"QOvT0n",1,79,1997,4,"Algeria","ALG","DZA",202,"United States of America","USA","USA",320,"0","0","-","0","0","0"
1,"QOvT0n",1,80,1998,4,"Algeria","ALG","DZA",202,"United States of America","USA","USA",551,"0","0","-","0","0","0"
1,"QOvT0n",1,81,1999,4,"Algeria","ALG","DZA",202,"United States of America","USA","USA",775,"0","0","-","0","0","0"
1,"QOvT0n",1,82,2000,4,"Algeria","ALG","DZA",202,"United States of America","USA","USA",846,155,"0","-","0","0","0"
1,"QOvT0n",1,83,2001,4,"Algeria","ALG","DZA",202,"United States of America","USA","USA",847,148,"0","-","0","0","0"
1,"QOvT0n",1,84,2002,4,"Algeria","ALG","DZA",202,"United States of America","USA","USA",775,147,"0","-","0","0","0"
1,"QOvT0n",1,85,2003,4,"Algeria","ALG","DZA",202,"United States of America","USA","USA",557,165,"0","-","0","0","0"
1,"QOvT0n",1,86,2004,4,"Algeria","ALG","DZA",202,"United States of America","USA","USA",318,146,"0","-","0","0","0"
1,"QOvT0n",1,87,2005,4,"Algeria","ALG","DZA",202,"United States of America","USA","USA",244,93,"0","-","0","0","0"
1,"QOvT0n",1,88,2006,4,"Algeria","ALG","DZA",202,"United States of America","USA","USA",1031,65,"0","-","0","0","0"
1,"QOvT0n",1,89,2007,4,"Algeria","ALG","DZA",202,"United States of America","USA","USA",856,23,"0","-","0","0","0"
1,"QOvT0n",1,90,2008,4,"Algeria","ALG","DZA",202,"United States of America","USA","USA",619,23,"0","-","0","0","0"
1,"QOvT0n",1,91,2009,4,"Algeria","ALG","DZA",202,"United States of America","USA","USA",387,24,"0","-","0","0","0"
1,"QOvT0n",1,92,2010,4,"Algeria","ALG","DZA",202,"United States of America","USA","USA",283,5,"0","-","0","0","0"
1,"QOvT0n",1,93,2011,4,"Algeria","ALG","DZA",202,"United States of America","USA","USA",236,9,"0","-","0","0","0"
1,"QOvT0n",1,94,2012,4,"Algeria","ALG","DZA",202,"United States of America","USA","USA",216,6,"0","-","0","0","0"
1,"QOvT0n",1,95,2013,4,"Algeria","ALG","DZA",202,"United States of America","USA","USA",189,41,"0","-","0","0","0"
1,"QOvT0n",1,96,2014,4,"Algeria","ALG","DZA",202,"United States of America","USA","USA",172,56,"0","-","0","0","0"
1,"QOvT0n",1,97,2015,4,"Algeria","ALG","DZA",202,"United States of America","USA","USA",145,99,"0","-","0","0","0"
1,"QOvT0n",1,98,2016,4,"Algeria","ALG","DZA",202,"United States of America","USA","USA",131,148,"0","-","0","0","0"
1,"QOvT0n",1,99,2017,4,"Algeria","ALG","DZA",202,"United States of America","USA","USA",131,274,"0","-","0","0","0"
1,"QOvT0n",1,100,2018,4,"Algeria","ALG","DZA",202,"United States of America","USA","USA",147,333,"0","-","0","0","0"
1,"QOvT0n",1,101,2019,4,"Algeria","ALG","DZA",202,"United States of America","USA","USA",158,376,"0","-","0","0","0"
1,"QOvT0n",1,102,2020,4,"Algeria","ALG","DZA",202,"United States of America","USA","USA",155,434,"0","-","0","0","0"
1,"QOvT0n",1,103,2021,4,"Algeria","ALG","DZA",202,"United States of America","USA","USA",147,541,"0","-","0","0","0"
1,"QOvT0n",1,104,2022,4,"Algeria","ALG","DZA",202,"United States of America","USA","USA",131,575,"0","-","0","0","0"
1,"QOvT0n",1,105,2023,4,"Algeria","ALG","DZA",202,"United States of America","USA","USA",126,801,"0","-","0","0","0"
1,"QOvT0n",1,106,2024,4,"Algeria","ALG","DZA",202,"United States of America","USA","USA",120,1154,"0","-","0","0","0"
1,"QOvT0n",1,107,2025,4,"Algeria","ALG","DZA",202,"United States of America","USA","USA",120,1154,"0","-","0","0","0"
1,"QOvT0n",1,108,2001,5,"Andorra","AND","AND",202,"United States of America","USA","USA","0",7,"0","-","0","0","0"
1,"QOvT0n",1,109,2002,5,"Andorra","AND","AND",202,"United States of America","USA","USA","0",5,"0","-","0","0","0"
1,"QOvT0n",1,110,2003,5,"Andorra","AND","AND",202,"United States of America","USA","USA","0",5,"0","-","0","0","0"
1,"QOvT0n",1,111,2004,5,"Andorra","AND","AND",202,"United States of America","USA","USA","0",5,"0","-","0","0","0"
1,"QOvT0n",1,112,2005,5,"Andorra","AND","AND",202,"United States of America","USA","USA",5,5,"0","-","0","0","0"
1,"QOvT0n",1,113,2006,5,"Andorra","AND","AND",202,"United States of America","USA","USA",5,"0","0","-","0","0","0"
1,"QOvT0n",1,114,2007,5,"Andorra","AND","AND",202,"United States of America","USA","USA",5,"0","0","-","0","0","0"
1,"QOvT0n",1,115,2008,5,"Andorra","AND","AND",202,"United States of America","USA","USA",5,"0","0","-","0","0","0"
1,"QOvT0n",1,116,2009,5,"Andorra","AND","AND",202,"United States of America","USA","USA",5,"0","0","-","0","0","0"
1,"QOvT0n",1,117,2010,5,"Andorra","AND","AND",202,"United States of America","USA","USA",5,"0","0","-","0","0","0"
1,"QOvT0n",1,118,2011,5,"Andorra","AND","AND",202,"United States of America","USA","USA",5,"0","0","-","0","0","0"
1,"QOvT0n",1,119,2012,5,"Andorra","AND","AND",202,"United States of America","USA","USA",6,"0","0","-","0","0","0"
1,"QOvT0n",1,120,2013,5,"Andorra","AND","AND",202,"United States of America","USA","USA",5,"0","0","-","0","0","0"
1,"QOvT0n",1,121,2014,5,"Andorra","AND","AND",202,"United States of America","USA","USA",5,"0","0","-","0","0","0"
1,"QOvT0n",1,122,2015,5,"Andorra","AND","AND",202,"United States of America","USA","USA",5,"0","0","-","0","0","0"
1,"QOvT0n",1,123,1988,6,"Angola","ANG","AGO",202,"United States of America","USA","USA",212,"0","0","-","0","0","0"
1,"QOvT0n",1,124,1989,6,"Angola","ANG","AGO",202,"United States of America","USA","USA",149,"0","0","-","0","0","0"
1,"QOvT0n",1,125,1990,6,"Angola","ANG","AGO",202,"United States of America","USA","USA",133,"0","0","-","0","0","0"
1,"QOvT0n",1,126,1991,6,"Angola","ANG","AGO",202,"United States of America","USA","USA",151,"0","0","-","0","0","0"
1,"QOvT0n",1,127,1992,6,"Angola","ANG","AGO",202,"United States of America","USA","USA",115,"0","0","-","0","0","0"
1,"QOvT0n",1,128,1993,6,"Angola","ANG","AGO",202,"United States of America","USA","USA",102,"0","0","-","0","0","0"
1,"QOvT0n",1,129,1994,6,"Angola","ANG","AGO",202,"United States of America","USA","USA",90,"0","0","-","0","0","0"
1,"QOvT0n",1,130,1995,6,"Angola","ANG","AGO",202,"United States of America","USA","USA",33,"0","0","-","0","0","0"
1,"QOvT0n",1,131,1996,6,"Angola","ANG","AGO",202,"United States of America","USA","USA",19,"0","0","-","0","0","0"
1,"QOvT0n",1,132,1997,6,"Angola","ANG","AGO",202,"United States of America","USA","USA",22,"0","0","-","0","0","0"
1,"QOvT0n",1,133,1998,6,"Angola","ANG","AGO",202,"United States of America","USA","USA",38,"0","0","-","0","0","0"
1,"QOvT0n",1,134,1999,6,"Angola","ANG","AGO",202,"United States of America","USA","USA",77,"0","0","-","0","0","0"
1,"QOvT0n",1,135,2000,6,"Angola","ANG","AGO",202,"United States of America","USA","USA",134,43,"0","-","0","0","0"
1,"QOvT0n",1,136,2001,6,"Angola","ANG","AGO",202,"United States of America","USA","USA",217,62,"0","-","0","0","0"
1,"QOvT0n",1,137,2002,6,"Angola","ANG","AGO",202,"United States of America","USA","USA",266,63,"0","-","0","0","0"
1,"QOvT0n",1,138,2003,6,"Angola","ANG","AGO",202,"United States of America","USA","USA",208,64,"0","-","0","0","0"
1,"QOvT0n",1,139,2004,6,"Angola","ANG","AGO",202,"United States of America","USA","USA",232,79,"0","-","0","0","0"
1,"QOvT0n",1,140,2005,6,"Angola","ANG","AGO",202,"United States of America","USA","USA",254,62,"0","-","0","0","0"
1,"QOvT0n",1,141,2006,6,"Angola","ANG","AGO",202,"United States of America","USA","USA",371,40,"0","-","0","0","0"
1,"QOvT0n",1,142,2007,6,"Angola","ANG","AGO",202,"United States of America","USA","USA",253,26,"0","-","0","0","0"
1,"QOvT0n",1,143,2008,6,"Angola","ANG","AGO",202,"United States of America","USA","USA",248,19,"0","-","0","0","0"
1,"QOvT0n",1,144,2009,6,"Angola","ANG","AGO",202,"United States of America","USA","USA",249,18,"0","-","0","0","0"
1,"QOvT0n",1,145,2010,6,"Angola","ANG","AGO",202,"United States of America","USA","USA",201,5,"0","-","0","0","0"
1,"QOvT0n",1,146,2011,6,"Angola","ANG","AGO",202,"United States of America","USA","USA",163,6,"0","-","0","0","0"
1,"QOvT0n",1,147,2012,6,"Angola","ANG","AGO",202,"United States of America","USA","USA",134,17,"0","-","0","0","0"
1,"QOvT0n",1,148,2013,6,"Angola","ANG","AGO",202,"United States of America","USA","USA",125,136,"0","-","0","0","0"
1,"QOvT0n",1,149,2014,6,"Angola","ANG","AGO",202,"United States of America","USA","USA",122,322,"0","-","0","0","0"
1,"QOvT0n",1,150,2015,6,"Angola","ANG","AGO",202,"United States of America","USA","USA",133,560,"0","-","0","0","0"
1,"QOvT0n",1,151,2016,6,"Angola","ANG","AGO",202,"United States of America","USA","USA",130,827,"0","-","0","0","0"
1,"QOvT0n",1,152,2017,6,"Angola","ANG","AGO",202,"United States of America","USA","USA",157,1143,"0","-","0","0","0"
1,"QOvT0n",1,153,2018,6,"Angola","ANG","AGO",202,"United States of America","USA","USA",207,1416,"0","-","0","0","0"
1,"QOvT0n",1,154,2019,6,"Angola","ANG","AGO",202,"United States of America","USA","USA",246,1684,"0","-","0","0","0"
1,"QOvT0n",1,155,2020,6,"Angola","ANG","AGO",202,"United States of America","USA","USA",264,2095,"0","-","0","0","0"
1,"QOvT0n",1,156,2021,6,"Angola","ANG","AGO",202,"United States of America","USA","USA",299,3361,"0","-","0","0","0"
1,"QOvT0n",1,157,2022,6,"Angola","ANG","AGO",202,"United States of America","USA","USA",365,4368,"0","-","0","0","0"
1,"QOvT0n",1,158,2023,6,"Angola","ANG","AGO",202,"United States of America","USA","USA",572,7990,"0","-","0","0","0"
1,"QOvT0n",1,159,2024,6,"Angola","ANG","AGO",202,"United States of America","USA","USA",654,9807,"0","-","0","0","0"
1,"QOvT0n",1,160,2025,6,"Angola","ANG","AGO",202,"United States of America","USA","USA",654,9807,"0","-","0","0","0"
1,"QOvT0n",1,161,2002,7,"Antigua and Barbuda","ANT","ATG",202,"United States of America","USA","USA","0",5,"0","-","0","0","0"
1,"QOvT0n",1,162,2011,7,"Antigua and Barbuda","ANT","ATG",202,"United States of America","USA","USA",5,"0","0","-","0","0","0"
1,"QOvT0n",1,163,2012,7,"Antigua and Barbuda","ANT","ATG",202,"United States of America","USA","USA",5,"0","0","-","0","0","0"
1,"QOvT0n",1,164,2013,7,"Antigua and Barbuda","ANT","ATG",202,"United States of America","USA","USA",5,"0","0","-","0","0","0"
1,"QOvT0n",1,165,2014,7,"Antigua and Barbuda","ANT","ATG",202,"United States of America","USA","USA",5,9,"0","-","0","0","0"
1,"QOvT0n",1,166,2015,7,"Antigua and Barbuda","ANT","ATG",202,"United States of America","USA","USA",5,5,"0","-","0","0","0"
1,"QOvT0n",1,167,2016,7,"Antigua and Barbuda","ANT","ATG",202,"United States of America","USA","USA",5,10,"0","-","0","0","0"
1,"QOvT0n",1,168,2017,7,"Antigua and Barbuda","ANT","ATG",202,"United States of America","USA","USA",5,10,"0","-","0","0","0"
1,"QOvT0n",1,169,2018,7,"Antigua and Barbuda","ANT","ATG",202,"United States of America","USA","USA",5,5,"0","-","0","0","0"
1,"QOvT0n",1,170,2019,7,"Antigua and Barbuda","ANT","ATG",202,"United States of America","USA","USA",8,12,"0","-","0","0","0"
1,"QOvT0n",1,171,2020,7,"Antigua and Barbuda","ANT","ATG",202,"United States of America","USA","USA",7,13,"0","-","0","0","0"
1,"QOvT0n",1,172,2021,7,"Antigua and Barbuda","ANT","ATG",202,"United States of America","USA","USA",6,10,"0","-","0","0","0"
1,"QOvT0n",1,173,2022,7,"Antigua and Barbuda","ANT","ATG",202,"United States of America","USA","USA",6,20,"0","-","0","0","0"
1,"QOvT0n",1,174,2023,7,"Antigua and Barbuda","ANT","ATG",202,"United States of America","USA","USA",7,21,"0","-","0","0","0"
1,"QOvT0n",1,175,2024,7,"Antigua and Barbuda","ANT","ATG",202,"United States of America","USA","USA",7,31,"0","-","0","0","0"
1,"QOvT0n",1,176,2025,7,"Antigua and Barbuda","ANT","ATG",202,"United States of America","USA","USA",7,31,"0","-","0","0","0"
1,"QOvT0n",1,177,1990,8,"Egypt","ARE","EGY",202,"United States of America","USA","USA",5,"0","0","-","0","0","0"
1,"QOvT0n",1,178,1991,8,"Egypt","ARE","EGY",202,"United States of America","USA","USA",5,"0","0","-","0","0","0"
1,"QOvT0n",1,179,1992,8,"Egypt","ARE","EGY",202,"United States of America","USA","USA",15,"0","0","-","0","0","0"
1,"QOvT0n",1,180,1993,8,"Egypt","ARE","EGY",202,"United States of America","USA","USA",43,"0","0","-","0","0","0"
1,"QOvT0n",1,181,1994,8,"Egypt","ARE","EGY",202,"United States of America","USA","USA",97,"0","0","-","0","0","0"
1,"QOvT0n",1,182,1995,8,"Egypt","ARE","EGY",202,"United States of America","USA","USA",301,"0","0","-","0","0","0"
1,"QOvT0n",1,183,1996,8,"Egypt","ARE","EGY",202,"United States of America","USA","USA",458,"0","0","-","0","0","0"
1,"QOvT0n",1,184,1997,8,"Egypt","ARE","EGY",202,"United States of America","USA","USA",671,"0","0","-","0","0","0"
1,"QOvT0n",1,185,1998,8,"Egypt","ARE","EGY",202,"United States of America","USA","USA",1116,"0","0","-","0","0","0"
1,"QOvT0n",1,186,1999,8,"Egypt","ARE","EGY",202,"United States of America","USA","USA",1681,"0","0","-","0","0","0"
1,"QOvT0n",1,187,2000,8,"Egypt","ARE","EGY",202,"United States of America","USA","USA",2196,666,"0","-","0","0","0"
1,"QOvT0n",1,188,2001,8,"Egypt","ARE","EGY",202,"United States of America","USA","USA",2701,770,"0","-","0","0","0"
1,"QOvT0n",1,189,2002,8,"Egypt","ARE","EGY",202,"United States of America","USA","USA",3052,973,"0","-","0","0","0"
1,"QOvT0n",1,190,2003,8,"Egypt","ARE","EGY",202,"United States of America","USA","USA",2465,915,"0","-","0","0","0"
1,"QOvT0n",1,191,2004,8,"Egypt","ARE","EGY",202,"United States of America","USA","USA",2269,769,"0","-","0","0","0"
1,"QOvT0n",1,192,2005,8,"Egypt","ARE","EGY",202,"United States of America","USA","USA",2375,715,"0","-","0","0","0"
1,"QOvT0n",1,193,2006,8,"Egypt","ARE","EGY",202,"United States of America","USA","USA",4546,742,"0","-","0","0","0"
1,"QOvT0n",1,194,2007,8,"Egypt","ARE","EGY",202,"United States of America","USA","USA",4788,559,"0","-","0","0","0"
1,"QOvT0n",1,195,2008,8,"Egypt","ARE","EGY",202,"United States of America","USA","USA",4774,620,"0","-","0","0","0"
1,"QOvT0n",1,196,2009,8,"Egypt","ARE","EGY",202,"United States of America","USA","USA",4657,578,"0","-","0","0","0"
1,"QOvT0n",1,197,2010,8,"Egypt","ARE","EGY",202,"United States of America","USA","USA",4407,97,"0","-","0","0","0"
1,"QOvT0n",1,198,2011,8,"Egypt","ARE","EGY",202,"United States of America","USA","USA",4972,390,"0","-","0","0","0"
1,"QOvT0n",1,199,2012,8,"Egypt","ARE","EGY",202,"United States of America","USA","USA",6297,905,"0","-","0","0","0"
1,"QOvT0n",1,200,2013,8,"Egypt","ARE","EGY",202,"United States of America","USA","USA",8497,2090,"0","-","0","0","0"
1,"QOvT0n",1,201,2014,8,"Egypt","ARE","EGY",202,"United States of America","USA","USA",10047,2756,"0","-","0","0","0"
1,"QOvT0n",1,202,2015,8,"Egypt","ARE","EGY",202,"United States of America","USA","USA",10852,3120,"0","-","0","0","0"
1,"QOvT0n",1,203,2016,8,"Egypt","ARE","EGY",202,"United States of America","USA","USA",11220,3710,"0","-","0","0","0"
1,"QOvT0n",1,204,2017,8,"Egypt","ARE","EGY",202,"United States of America","USA","USA",11926,4599,"0","-","0","0","0"
1,"QOvT0n",1,205,2018,8,"Egypt","ARE","EGY",202,"United States of America","USA","USA",13163,4677,"0","-","0","0","0"
1,"QOvT0n",1,206,2019,8,"Egypt","ARE","EGY",202,"United States of America","USA","USA",14291,4721,"0","-","0","0","0"
1,"QOvT0n",1,207,2020,8,"Egypt","ARE","EGY",202,"United States of America","USA","USA",14359,5461,"0","-","0","0","0"
1,"QOvT0n",1,208,2021,8,"Egypt","ARE","EGY",202,"United States of America","USA","USA",14248,9451,"0","-","0","0","0"
1,"QOvT0n",1,209,2022,8,"Egypt","ARE","EGY",202,"United States of America","USA","USA",13383,9598,"0","-","0","0","0"
1,"QOvT0n",1,210,2023,8,"Egypt","ARE","EGY",202,"United States of America","USA","USA",11969,13328,"0","-","0","0","0"
1,"QOvT0n",1,211,2024,8,"Egypt","ARE","EGY",202,"United States of America","USA","USA",11543,16820,"0","-","0","0","0"
1,"QOvT0n",1,212,2025,8,"Egypt","ARE","EGY",202,"United States of America","USA","USA",11543,16820,"0","-","0","0","0"
1,"QOvT0n",1,213,1996,9,"Argentina","ARG","ARG",202,"United States of America","USA","USA",5,"0","0","-","0","0","0"
1,"QOvT0n",1,214,1997,9,"Argentina","ARG","ARG",202,"United States of America","USA","USA",5,"0","0","-","0","0","0"
1,"QOvT0n",1,215,1998,9,"Argentina","ARG","ARG",202,"United States of America","USA","USA",7,"0","0","-","0","0","0"
1,"QOvT0n",1,216,1999,9,"Argentina","ARG","ARG",202,"United States of America","USA","USA",15,"0","0","-","0","0","0"
1,"QOvT0n",1,217,2000,9,"Argentina","ARG","ARG",202,"United States of America","USA","USA",36,217,"0","-","0","0","0"
1,"QOvT0n",1,218,2001,9,"Argentina","ARG","ARG",202,"United States of America","USA","USA",44,139,"0","-","0","0","0"
1,"QOvT0n",1,219,2002,9,"Argentina","ARG","ARG",202,"United States of America","USA","USA",64,283,"0","-","0","0","0"
1,"QOvT0n",1,220,2003,9,"Argentina","ARG","ARG",202,"United States of America","USA","USA",73,764,"0","-","0","0","0"
1,"QOvT0n",1,221,2004,9,"Argentina","ARG","ARG",202,"United States of America","USA","USA",87,429,"0","-","0","0","0"
1,"QOvT0n",1,222,2005,9,"Argentina","ARG","ARG",202,"United States of America","USA","USA",89,255,"0","-","0","0","0"
1,"QOvT0n",1,223,2006,9,"Argentina","ARG","ARG",202,"United States of America","USA","USA",139,147,"0","-","0","0","0"
1,"QOvT0n",1,224,2007,9,"Argentina","ARG","ARG",202,"United States of America","USA","USA",143,75,"0","-","0","0","0"
1,"QOvT0n",1,225,2008,9,"Argentina","ARG","ARG",202,"United States of America","USA","USA",150,69,"0","-","0","0","0"
1,"QOvT0n",1,226,2009,9,"Argentina","ARG","ARG",202,"United States of America","USA","USA",152,64,"0","-","0","0","0"
1,"QOvT0n",1,227,2010,9,"Argentina","ARG","ARG",202,"United States of America","USA","USA",137,5,"0","-","0","0","0"
1,"QOvT0n",1,228,2011,9,"Argentina","ARG","ARG",202,"United States of America","USA","USA",142,"0","0","-","0","0","0"
1,"QOvT0n",1,229,2012,9,"Argentina","ARG","ARG",202,"United States of America","USA","USA",123,7,"0","-","0","0","0"
1,"QOvT0n",1,230,2013,9,"Argentina","ARG","ARG",202,"United States of America","USA","USA",105,46,"0","-","0","0","0"
1,"QOvT0n",1,231,2014,9,"Argentina","ARG","ARG",202,"United States of America","USA","USA",85,87,"0","-","0","0","0"
1,"QOvT0n",1,232,2015,9,"Argentina","ARG","ARG",202,"United States of America","USA","USA",73,126,"0","-","0","0","0"
1,"QOvT0n",1,233,2016,9,"Argentina","ARG","ARG",202,"United States of America","USA","USA",59,160,"0","-","0","0","0"
1,"QOvT0n",1,234,2017,9,"Argentina","ARG","ARG",202,"United States of America","USA","USA",55,232,"0","-","0","0","0"
1,"QOvT0n",1,235,2018,9,"Argentina","ARG","ARG",202,"United States of America","USA","USA",45,231,"0","-","0","0","0"
1,"QOvT0n",1,236,2019,9,"Argentina","ARG","ARG",202,"United States of America","USA","USA",41,264,"0","-","0","0","0"
1,"QOvT0n",1,237,2020,9,"Argentina","ARG","ARG",202,"United States of America","USA","USA",32,313,"0","-","0","0","0"
1,"QOvT0n",1,238,2021,9,"Argentina","ARG","ARG",202,"United States of America","USA","USA",23,499,"0","-","0","0","0"
1,"QOvT0n",1,239,2022,9,"Argentina","ARG","ARG",202,"United States of America","USA","USA",18,751,"0","-","0","0","0"
1,"QOvT0n",1,240,2023,9,"Argentina","ARG","ARG",202,"United States of America","USA","USA",24,1656,"0","-","0","0","0"
1,"QOvT0n",1,241,2024,9,"Argentina","ARG","ARG",202,"United States of America","USA","USA",26,2377,"0","-","0","0","0"
1,"QOvT0n",1,242,2025,9,"Argentina","ARG","ARG",202,"United States of America","USA","USA",26,2377,"0","-","0","0","0"
1,"QOvT0n",1,243,1993,10,"Armenia","ARM","ARM",202,"United States of America","USA","USA",30,"0","0","-","0","0","0"
1,"QOvT0n",1,244,1994,10,"Armenia","ARM","ARM",202,"United States of America","USA","USA",105,"0","0","-","0","0","0"
1,"QOvT0n",1,245,1995,10,"Armenia","ARM","ARM",202,"United States of America","USA","USA",527,"0","0","-","0","0","0"
1,"QOvT0n",1,246,1996,10,"Armenia","ARM","ARM",202,"United States of America","USA","USA",904,"0","0","-","0","0","0"
1,"QOvT0n",1,247,1997,10,"Armenia","ARM","ARM",202,"United States of America","USA","USA",1209,"0","0","-","0","0","0"
1,"QOvT0n",1,248,1998,10,"Armenia","ARM","ARM",202,"United States of America","USA","USA",1534,"0","0","-","0","0","0"
1,"QOvT0n",1,249,1999,10,"Armenia","ARM","ARM",202,"United States of America","USA","USA",1989,"0","0","-","0","0","0"
1,"QOvT0n",1,250,2000,10,"Armenia","ARM","ARM",202,"United States of America","USA","USA",2806,1686,"0","-","0","0","0"
1,"QOvT0n",1,251,2001,10,"Armenia","ARM","ARM",202,"United States of America","USA","USA",4127,2599,"0","-","0","0","0"
1,"QOvT0n",1,252,2002,10,"Armenia","ARM","ARM",202,"United States of America","USA","USA",5143,2695,"0","-","0","0","0"
1,"QOvT0n",1,253,2003,10,"Armenia","ARM","ARM",202,"United States of America","USA","USA",4537,2199,"0","-","0","0","0"
1,"QOvT0n",1,254,2004,10,"Armenia","ARM","ARM",202,"United States of America","USA","USA",4599,1794,"0","-","0","0","0"
1,"QOvT0n",1,255,2005,10,"Armenia","ARM","ARM",202,"United States of America","USA","USA",5150,1558,"0","-","0","0","0"
1,"QOvT0n",1,256,2006,10,"Armenia","ARM","ARM",202,"United States of America","USA","USA",8039,1394,"0","-","0","0","0"
1,"QOvT0n",1,257,2007,10,"Armenia","ARM","ARM",202,"United States of America","USA","USA",7830,1121,"0","-","0","0","0"
1,"QOvT0n",1,258,2008,10,"Armenia","ARM","ARM",202,"United States of America","USA","USA",7731,1075,"0","-","0","0","0"
1,"QOvT0n",1,259,2009,10,"Armenia","ARM","ARM",202,"United States of America","USA","USA",7569,1043,"0","-","0","0","0"
1,"QOvT0n",1,260,2010,10,"Armenia","ARM","ARM",202,"United States of America","USA","USA",6636,27,"0","-","0","0","0"
1,"QOvT0n",1,261,2011,10,"Armenia","ARM","ARM",202,"United States of America","USA","USA",5234,29,"0","-","0","0","0"
1,"QOvT0n",1,262,2012,10,"Armenia","ARM","ARM",202,"United States of America","USA","USA",4076,52,"0","-","0","0","0"
1,"QOvT0n",1,263,2013,10,"Armenia","ARM","ARM",202,"United States of America","USA","USA",3273,301,"0","-","0","0","0"
1,"QOvT0n",1,264,2014,10,"Armenia","ARM","ARM",202,"United States of America","USA","USA",2816,631,"0","-","0","0","0"
1,"QOvT0n",1,265,2015,10,"Armenia","ARM","ARM",202,"United States of America","USA","USA",2440,854,"0","-","0","0","0"
1,"QOvT0n",1,266,2016,10,"Armenia","ARM","ARM",202,"United States of America","USA","USA",1993,1361,"0","-","0","0","0"
1,"QOvT0n",1,267,2017,10,"Armenia","ARM","ARM",202,"United States of America","USA","USA",1663,2032,"0","-","0","0","0"
1,"QOvT0n",1,268,2018,10,"Armenia","ARM","ARM",202,"United States of America","USA","USA",1639,2456,"0","-","0","0","0"
1,"QOvT0n",1,269,2019,10,"Armenia","ARM","ARM",202,"United States of America","USA","USA",1551,2925,"0","-","0","0","0"
1,"QOvT0n",1,270,2020,10,"Armenia","ARM","ARM",202,"United States of America","USA","USA",1360,3468,"0","-","0","0","0"
1,"QOvT0n",1,271,2021,10,"Armenia","ARM","ARM",202,"United States of America","USA","USA",1286,5344,"0","-","0","0","0"
1,"QOvT0n",1,272,2022,10,"Armenia","ARM","ARM",202,"United States of America","USA","USA",1468,8553,"0","-","0","0","0"
1,"QOvT0n",1,273,2023,10,"Armenia","ARM","ARM",202,"United States of America","USA","USA",1649,12123,"0","-","0","0","0"
1,"QOvT0n",1,274,2024,10,"Armenia","ARM","ARM",202,"United States of America","USA","USA",1812,13911,"0","-","0","0","0"
1,"QOvT0n",1,275,2025,10,"Armenia","ARM","ARM",202,"United States of America","USA","USA",1812,13911,"0","-","0","0","0"
1,"QOvT0n",1,276,2000,11,"Australia","AUL","AUS",202,"United States of America","USA","USA","0",5,"0","-","0","0","0"
1,"QOvT0n",1,277,2001,11,"Australia","AUL","AUS",202,"United States of America","USA","USA","0",5,"0","-","0","0","0"
1,"QOvT0n",1,278,2002,11,"Australia","AUL","AUS",202,"United States of America","USA","USA","0",9,"0","-","0","0","0"
1,"QOvT0n",1,279,2006,11,"Australia","AUL","AUS",202,"United States of America","USA","USA","0",5,"0","-","0","0","0"
1,"QOvT0n",1,280,2018,11,"Australia","AUL","AUS",202,"United States of America","USA","USA","0",10,"0","-","0","0","0"
1,"QOvT0n",1,281,2019,11,"Australia","AUL","AUS",202,"United States of America","USA","USA",5,13,"0","-","0","0","0"
1,"QOvT0n",1,282,2020,11,"Australia","AUL","AUS",202,"United States of America","USA","USA",5,12,"0","-","0","0","0"
1,"QOvT0n",1,283,2021,11,"Australia","AUL","AUS",202,"United States of America","USA","USA","0",14,"0","-","0","0","0"
1,"QOvT0n",1,284,2022,11,"Australia","AUL","AUS",202,"United States of America","USA","USA","0",8,"0","-","0","0","0"
1,"QOvT0n",1,285,2023,11,"Australia","AUL","AUS",202,"United States of America","USA","USA","0",46,"0","-","0","0","0"
1,"QOvT0n",1,286,2024,11,"Australia","AUL","AUS",202,"United States of America","USA","USA","0",58,"0","-","0","0","0"
1,"QOvT0n",1,287,2025,11,"Australia","AUL","AUS",202,"United States of America","USA","USA","0",58,"0","-","0","0","0"
1,"QOvT0n",1,288,2002,12,"Austria","AUS","AUT",202,"United States of America","USA","USA","0",5,"0","-","0","0","0"
1,"QOvT0n",1,289,2003,12,"Austria","AUS","AUT",202,"United States of America","USA","USA","0",6,"0","-","0","0","0"
1,"QOvT0n",1,290,2004,12,"Austria","AUS","AUT",202,"United States of America","USA","USA","0",5,"0","-","0","0","0"
1,"QOvT0n",1,291,2006,12,"Austria","AUS","AUT",202,"United States of America","USA","USA",5,10,"0","-","0","0","0"
1,"QOvT0n",1,292,2007,12,"Austria","AUS","AUT",202,"United States of America","USA","USA",5,"0","0","-","0","0","0"
1,"QOvT0n",1,293,2008,12,"Austria","AUS","AUT",202,"United States of America","USA","USA",5,"0","0","-","0","0","0"
1,"QOvT0n",1,294,2009,12,"Austria","AUS","AUT",202,"United States of America","USA","USA",5,"0","0","-","0","0","0"
1,"QOvT0n",1,295,2010,12,"Austria","AUS","AUT",202,"United States of America","USA","USA",5,"0","0","-","0","0","0"
1,"QOvT0n",1,296,2011,12,"Austria","AUS","AUT",202,"United States of America","USA","USA",5,"0","0","-","0","0","0"
1,"QOvT0n",1,297,2012,12,"Austria","AUS","AUT",202,"United States of America","USA","USA",5,"0","0","-","0","0","0"
1,"QOvT0n",1,298,2013,12,"Austria","AUS","AUT",202,"United States of America","USA","USA",5,5,"0","-","0","0","0"
1,"QOvT0n",1,299,2014,12,"Austria","AUS","AUT",202,"United States of America","USA","USA",5,"0","0","-","0","0","0"
1,"QOvT0n",1,300,2015,12,"Austria","AUS","AUT",202,"United States of America","USA","USA","0",5,"0","-","0","0","0"
1,"QOvT0n",1,301,2017,12,"Austria","AUS","AUT",202,"United States of America","USA","USA",5,12,"0","-","0","0","0"
1,"QOvT0n",1,302,2018,12,"Austria","AUS","AUT",202,"United States of America","USA","USA",14,"0","0","-","0","0","0"
1,"QOvT0n",1,303,2019,12,"Austria","AUS","AUT",202,"United States of America","USA","USA",13,"0","0","-","0","0","0"
1,"QOvT0n",1,304,2020,12,"Austria","AUS","AUT",202,"United States of America","USA","USA",13,"0","0","-","0","0","0"
1,"QOvT0n",1,305,2021,12,"Austria","AUS","AUT",202,"United States of America","USA","USA",13,5,"0","-","0","0","0"
1,"QOvT0n",1,306,2022,12,"Austria","AUS","AUT",202,"United States of America","USA","USA",18,12,"0","-","0","0","0"
1,"QOvT0n",1,307,2023,12,"Austria","AUS","AUT",202,"United States of America","USA","USA",18,13,"0","-","0","0","0"
1,"QOvT0n",1,308,2024,12,"Austria","AUS","AUT",202,"United States of America","USA","USA",18,14,"0","-","0","0","0"
1,"QOvT0n",1,309,2025,12,"Austria","AUS","AUT",202,"United States of America","USA","USA",18,14,"0","-","0","0","0"
1,"QOvT0n",1,310,1995,13,"Azerbaijan","AZE","AZE",202,"United States of America","USA","USA",81,"0","0","-","0","0","0"
1,"QOvT0n",1,311,1996,13,"Azerbaijan","AZE","AZE",202,"United States of America","USA","USA",219,"0","0","-","0","0","0"
1,"QOvT0n",1,312,1997,13,"Azerbaijan","AZE","AZE",202,"United States of America","USA","USA",326,"0","0","-","0","0","0"
1,"QOvT0n",1,313,1998,13,"Azerbaijan","AZE","AZE",202,"United States of America","USA","USA",516,"0","0","-","0","0","0"
1,"QOvT0n",1,314,1999,13,"Azerbaijan","AZE","AZE",202,"United States of America","USA","USA",913,"0","0","-","0","0","0"
1,"QOvT0n",1,315,2000,13,"Azerbaijan","AZE","AZE",202,"United States of America","USA","USA",1379,299,"0","-","0","0","0"
1,"QOvT0n",1,316,2001,13,"Azerbaijan","AZE","AZE",202,"United States of America","USA","USA",2092,418,"0","-","0","0","0"
1,"QOvT0n",1,317,2002,13,"Azerbaijan","AZE","AZE",202,"United States of America","USA","USA",2415,336,"0","-","0","0","0"
1,"QOvT0n",1,318,2003,13,"Azerbaijan","AZE","AZE",202,"United States of America","USA","USA",2312,267,"0","-","0","0","0"
1,"QOvT0n",1,319,2004,13,"Azerbaijan","AZE","AZE",202,"United States of America","USA","USA",2559,184,"0","-","0","0","0"
1,"QOvT0n",1,320,2005,13,"Azerbaijan","AZE","AZE",202,"United States of America","USA","USA",2703,154,"0","-","0","0","0"
1,"QOvT0n",1,321,2006,13,"Azerbaijan","AZE","AZE",202,"United States of America","USA","USA",3673,105,"0","-","0","0","0"
1,"QOvT0n",1,322,2007,13,"Azerbaijan","AZE","AZE",202,"United States of America","USA","USA",1508,61,"0","-","0","0","0"
1,"QOvT0n",1,323,2008,13,"Azerbaijan","AZE","AZE",202,"United States of America","USA","USA",1501,59,"0","-","0","0","0"
1,"QOvT0n",1,324,2009,13,"Azerbaijan","AZE","AZE",202,"United States of America","USA","USA",1500,56,"0","-","0","0","0"
1,"QOvT0n",1,325,2010,13,"Azerbaijan","AZE","AZE",202,"United States of America","USA","USA",1236,6,"0","-","0","0","0"
1,"QOvT0n",1,326,2011,13,"Azerbaijan","AZE","AZE",202,"United States of America","USA","USA",865,15,"0","-","0","0","0"
1,"QOvT0n",1,327,2012,13,"Azerbaijan","AZE","AZE",202,"United States of America","USA","USA",582,23,"0","-","0","0","0"
1,"QOvT0n",1,328,2013,13,"Azerbaijan","AZE","AZE",202,"United States of America","USA","USA",464,65,"0","-","0","0","0"
1,"QOvT0n",1,329,2014,13,"Azerbaijan","AZE","AZE",202,"United States of America","USA","USA",384,157,"0","-","0","0","0"
1,"QOvT0n",1,330,2015,13,"Azerbaijan","AZE","AZE",202,"United States of America","USA","USA",339,212,"0","-","0","0","0"
1,"QOvT0n",1,331,2016,13,"Azerbaijan","AZE","AZE",202,"United States of America","USA","USA",294,437,"0","-","0","0","0"
1,"QOvT0n",1,332,2017,13,"Azerbaijan","AZE","AZE",202,"United States of America","USA","USA",298,875,"0","-","0","0","0"
1,"QOvT0n",1,333,2018,13,"Azerbaijan","AZE","AZE",202,"United States of America","USA","USA",386,1003,"0","-","0","0","0"
1,"QOvT0n",1,334,2019,13,"Azerbaijan","AZE","AZE",202,"United States of America","USA","USA",474,1098,"0","-","0","0","0"
1,"QOvT0n",1,335,2020,13,"Azerbaijan","AZE","AZE",202,"United States of America","USA","USA",487,1195,"0","-","0","0","0"
1,"QOvT0n",1,336,2021,13,"Azerbaijan","AZE","AZE",202,"United States of America","USA","USA",521,1672,"0","-","0","0","0"
1,"QOvT0n",1,337,2022,13,"Azerbaijan","AZE","AZE",202,"United States of America","USA","USA",584,1942,"0","-","0","0","0"
1,"QOvT0n",1,338,2023,13,"Azerbaijan","AZE","AZE",202,"United States of America","USA","USA",638,2436,"0","-","0","0","0"
1,"QOvT0n",1,339,2024,13,"Azerbaijan","AZE","AZE",202,"United States of America","USA","USA",710,2910,"0","-","0","0","0"
1,"QOvT0n",1,340,2025,13,"Azerbaijan","AZE","AZE",202,"United States of America","USA","USA",710,2910,"0","-","0","0","0"
1,"QOvT0n",1,341,2000,14,"Bahrain","BAH","BHR",202,"United States of America","USA","USA",12,13,"0","-","0","0","0"
1,"QOvT0n",1,342,2001,14,"Bahrain","BAH","BHR",202,"United States of America","USA","USA","0",5,"0","-","0","0","0"
1,"QOvT0n",1,343,2002,14,"Bahrain","BAH","BHR",202,"United States of America","USA","USA","0",5,"0","-","0","0","0"
1,"QOvT0n",1,344,2003,14,"Bahrain","BAH","BHR",202,"United States of America","USA","USA",12,5,"0","-","0","0","0"
1,"QOvT0n",1,345,2004,14,"Bahrain","BAH","BHR",202,"United States of America","USA","USA",15,18,"0","-","0","0","0"
1,"QOvT0n",1,346,2005,14,"Bahrain","BAH","BHR",202,"United States of America","USA","USA",14,16,"0","-","0","0","0"
1,"QOvT0n",1,347,2006,14,"Bahrain","BAH","BHR",202,"United States of America","USA","USA",19,9,"0","-","0","0","0"
1,"QOvT0n",1,348,2007,14,"Bahrain","BAH","BHR",202,"United States of America","USA","USA",19,"0","0","-","0","0","0"
1,"QOvT0n",1,349,2008,14,"Bahrain","BAH","BHR",202,"United States of America","USA","USA",17,"0","0","-","0","0","0"
1,"QOvT0n",1,350,2009,14,"Bahrain","BAH","BHR",202,"United States of America","USA","USA",17,"0","0","-","0","0","0"
1,"QOvT0n",1,351,2010,14,"Bahrain","BAH","BHR",202,"United States of America","USA","USA",17,"0","0","-","0","0","0"
1,"QOvT0n",1,352,2011,14,"Bahrain","BAH","BHR",202,"United States of America","USA","USA",26,7,"0","-","0","0","0"
1,"QOvT0n",1,353,2012,14,"Bahrain","BAH","BHR",202,"United States of America","USA","USA",40,6,"0","-","0","0","0"
1,"QOvT0n",1,354,2013,14,"Bahrain","BAH","BHR",202,"United States of America","USA","USA",39,15,"0","-","0","0","0"
1,"QOvT0n",1,355,2014,14,"Bahrain","BAH","BHR",202,"United States of America","USA","USA",41,23,"0","-","0","0","0"
1,"QOvT0n",1,356,2015,14,"Bahrain","BAH","BHR",202,"United States of America","USA","USA",44,22,"0","-","0","0","0"
1,"QOvT0n",1,357,2016,14,"Bahrain","BAH","BHR",202,"United States of America","USA","USA",45,20,"0","-","0","0","0"
1,"QOvT0n",1,358,2017,14,"Bahrain","BAH","BHR",202,"United States of America","USA","USA",45,29,"0","-","0","0","0"
1,"QOvT0n",1,359,2018,14,"Bahrain","BAH","BHR",202,"United States of America","USA","USA",47,28,"0","-","0","0","0"
1,"QOvT0n",1,360,2019,14,"Bahrain","BAH","BHR",202,"United States of America","USA","USA",47,34,"0","-","0","0","0"
1,"QOvT0n",1,361,2020,14,"Bahrain","BAH","BHR",202,"United States of America","USA","USA",43,38,"0","-","0","0","0"
1,"QOvT0n",1,362,2021,14,"Bahrain","BAH","BHR",202,"United States of America","USA","USA",35,64,"0","-","0","0","0"
1,"QOvT0n",1,363,2022,14,"Bahrain","BAH","BHR",202,"United States of America","USA","USA",21,60,"0","-","0","0","0"
1,"QOvT0n",1,364,2023,14,"Bahrain","BAH","BHR",202,"United States of America","USA","USA",16,69,"0","-","0","0","0"
1,"QOvT0n",1,365,2024,14,"Bahrain","BAH","BHR",202,"United States of America","USA","USA",18,76,"0","-","0","0","0"
1,"QOvT0n",1,366,2025,14,"Bahrain","BAH","BHR",202,"United States of America","USA","USA",18,76,"0","-","0","0","0"
1,"QOvT0n",1,367,2001,15,"Barbados","BAR","BRB",202,"United States of America","USA","USA","0",5,"0","-","0","0","0"
1,"QOvT0n",1,368,2002,15,"Barbados","BAR","BRB",202,"United States of America","USA","USA","0",5,"0","-","0","0","0"
1,"QOvT0n",1,369,2006,15,"Barbados","BAR","BRB",202,"United States of America","USA","USA",5,"0","0","-","0","0","0"
1,"QOvT0n",1,370,2007,15,"Barbados","BAR","BRB",202,"United States of America","USA","USA",5,"0","0","-","0","0","0"
1,"QOvT0n",1,371,2013,15,"Barbados","BAR","BRB",202,"United States of America","USA","USA","0",5,"0","-","0","0","0"
1,"QOvT0n",1,372,2014,15,"Barbados","BAR","BRB",202,"United States of America","USA","USA","0",5,"0","-","0","0","0"
1,"QOvT0n",1,373,2016,15,"Barbados","BAR","BRB",202,"United States of America","USA","USA","0",5,"0","-","0","0","0"
1,"QOvT0n",1,374,2017,15,"Barbados","BAR","BRB",202,"United States of America","USA","USA","0",10,"0","-","0","0","0"
1,"QOvT0n",1,375,2018,15,"Barbados","BAR","BRB",202,"United States of America","USA","USA","0",10,"0","-","0","0","0"
1,"QOvT0n",1,376,2019,15,"Barbados","BAR","BRB",202,"United States of America","USA","USA","0",5,"0","-","0","0","0"
1,"QOvT0n",1,377,2020,15,"Barbados","BAR","BRB",202,"United States of America","USA","USA","0",5,"0","-","0","0","0"
1,"QOvT0n",1,378,2022,15,"Barbados","BAR","BRB",202,"United States of America","USA","USA","0",5,"0","-","0","0","0"
1,"QOvT0n",1,379,2023,15,"Barbados","BAR","BRB",202,"United States of America","USA","USA","0",5,"0","-","0","0","0"
1,"QOvT0n",1,380,2024,15,"Barbados","BAR","BRB",202,"United States of America","USA","USA","0",5,"0","-","0","0","0"
1,"QOvT0n",1,381,2025,15,"Barbados","BAR","BRB",202,"United States of America","USA","USA","0",5,"0","-","0","0","0"
1,"QOvT0n",1,382,1993,16,"Burundi","BDI","BDI",202,"United States of America","USA","USA",33,"0","0","-","0","0","0"
1,"QOvT0n",1,383,1994,16,"Burundi","BDI","BDI",202,"United States of America","USA","USA",36,"0","0","-","0","0","0"
1,"QOvT0n",1,384,1995,16,"Burundi","BDI","BDI",202,"United States of America","USA","USA",146,"0","0","-","0","0","0"
1,"QOvT0n",1,385,1996,16,"Burundi","BDI","BDI",202,"United States of America","USA","USA",257,"0","0","-","0","0","0"
1,"QOvT0n",1,386,1997,16,"Burundi","BDI","BDI",202,"United States of America","USA","USA",372,"0","0","-","0","0","0"
1,"QOvT0n",1,387,1998,16,"Burundi","BDI","BDI",202,"United States of America","USA","USA",411,"0","0","-","0","0","0"
1,"QOvT0n",1,388,1999,16,"Burundi","BDI","BDI",202,"United States of America","USA","USA",694,"0","0","-","0","0","0"
1,"QOvT0n",1,389,2000,16,"Burundi","BDI","BDI",202,"United States of America","USA","USA",797,82,"0","-","0","0","0"
1,"QOvT0n",1,390,2001,16,"Burundi","BDI","BDI",202,"United States of America","USA","USA",870,71,"0","-","0","0","0"
1,"QOvT0n",1,391,2002,16,"Burundi","BDI","BDI",202,"United States of America","USA","USA",902,86,"0","-","0","0","0"
1,"QOvT0n",1,392,2003,16,"Burundi","BDI","BDI",202,"United States of America","USA","USA",839,94,"0","-","0","0","0"
1,"QOvT0n",1,393,2004,16,"Burundi","BDI","BDI",202,"United States of America","USA","USA",857,80,"0","-","0","0","0"
1,"QOvT0n",1,394,2005,16,"Burundi","BDI","BDI",202,"United States of America","USA","USA",957,67,"0","-","0","0","0"
1,"QOvT0n",1,395,2006,16,"Burundi","BDI","BDI",202,"United States of America","USA","USA",2094,69,"0","-","0","0","0"
1,"QOvT0n",1,396,2007,16,"Burundi","BDI","BDI",202,"United States of America","USA","USA",544,23,"0","-","0","0","0"
1,"QOvT0n",1,397,2008,16,"Burundi","BDI","BDI",202,"United States of America","USA","USA",525,27,"0","-","0","0","0"
1,"QOvT0n",1,398,2009,16,"Burundi","BDI","BDI",202,"United States of America","USA","USA",493,19,"0","-","0","0","0"
1,"QOvT0n",1,399,2010,16,"Burundi","BDI","BDI",202,"United States of America","USA","USA",474,14,"0","-","0","0","0"
1,"QOvT0n",1,400,2011,16,"Burundi","BDI","BDI",202,"United States of America","USA","USA",441,49,"0","-","0","0","0"
1,"QOvT0n",1,401,2012,16,"Burundi","BDI","BDI",202,"United States of America","USA","USA",464,133,"0","-","0","0","0"
1,"QOvT0n",1,402,2013,16,"Burundi","BDI","BDI",202,"United States of America","USA","USA",462,255,"0","-","0","0","0"
1,"QOvT0n",1,403,2014,16,"Burundi","BDI","BDI",202,"United States of America","USA","USA",563,433,"0","-","0","0","0"
1,"QOvT0n",1,404,2015,16,"Burundi","BDI","BDI",202,"United States of America","USA","USA",652,557,"0","-","0","0","0"
1,"QOvT0n",1,405,2016,16,"Burundi","BDI","BDI",202,"United States of America","USA","USA",704,620,"0","-","0","0","0"
1,"QOvT0n",1,406,2017,16,"Burundi","BDI","BDI",202,"United States of America","USA","USA",747,693,"0","-","0","0","0"
1,"QOvT0n",1,407,2018,16,"Burundi","BDI","BDI",202,"United States of America","USA","USA",789,655,"0","-","0","0","0"
1,"QOvT0n",1,408,2019,16,"Burundi","BDI","BDI",202,"United States of America","USA","USA",846,612,"0","-","0","0","0"
1,"QOvT0n",1,409,2020,16,"Burundi","BDI","BDI",202,"United States of America","USA","USA",849,621,"0","-","0","0","0"
1,"QOvT0n",1,410,2021,16,"Burundi","BDI","BDI",202,"United States of America","USA","USA",839,767,"0","-","0","0","0"
1,"QOvT0n",1,411,2022,16,"Burundi","BDI","BDI",202,"United States of America","USA","USA",782,830,"0","-","0","0","0"
1,"QOvT0n",1,412,2023,16,"Burundi","BDI","BDI",202,"United States of America","USA","USA",763,770,"0","-","0","0","0"
1,"QOvT0n",1,413,2024,16,"Burundi","BDI","BDI",202,"United States of America","USA","USA",729,803,"0","-","0","0","0"
1,"QOvT0n",1,414,2025,16,"Burundi","BDI","BDI",202,"United States of America","USA","USA",729,803,"0","-","0","0","0"
1,"QOvT0n",1,415,1998,17,"Belgium","BEL","BEL",202,"United States of America","USA","USA",5,"0","0","-","0","0","0"
1,"QOvT0n",1,416,1999,17,"Belgium","BEL","BEL",202,"United States of America","USA","USA",5,"0","0","-","0","0","0"
1,"QOvT0n",1,417,2000,17,"Belgium","BEL","BEL",202,"United States of America","USA","USA",5,20,"0","-","0","0","0"
1,"QOvT0n",1,418,2001,17,"Belgium","BEL","BEL",202,"United States of America","USA","USA","0",18,"0","-","0","0","0"
1,"QOvT0n",1,419,2002,17,"Belgium","BEL","BEL",202,"United States of America","USA","USA","0",24,"0","-","0","0","0"
1,"QOvT0n",1,420,2003,17,"Belgium","BEL","BEL",202,"United States of America","USA","USA",5,6,"0","-","0","0","0"
1,"QOvT0n",1,421,2004,17,"Belgium","BEL","BEL",202,"United States of America","USA","USA",6,17,"0","-","0","0","0"
1,"QOvT0n",1,422,2005,17,"Belgium","BEL","BEL",202,"United States of America","USA","USA",6,20,"0","-","0","0","0"
1,"QOvT0n",1,423,2006,17,"Belgium","BEL","BEL",202,"United States of America","USA","USA",19,29,"0","-","0","0","0"
1,"QOvT0n",1,424,2007,17,"Belgium","BEL","BEL",202,"United States of America","USA","USA",19,5,"0","-","0","0","0"
1,"QOvT0n",1,425,2008,17,"Belgium","BEL","BEL",202,"United States of America","USA","USA",19,10,"0","-","0","0","0"
1,"QOvT0n",1,426,2009,17,"Belgium","BEL","BEL",202,"United States of America","USA","USA",26,10,"0","-","0","0","0"
1,"QOvT0n",1,427,2010,17,"Belgium","BEL","BEL",202,"United States of America","USA","USA",32,"0","0","-","0","0","0"
1,"QOvT0n",1,428,2011,17,"Belgium","BEL","BEL",202,"United States of America","USA","USA",34,"0","0","-","0","0","0"
1,"QOvT0n",1,429,2012,17,"Belgium","BEL","BEL",202,"United States of America","USA","USA",38,"0","0","-","0","0","0"
1,"QOvT0n",1,430,2013,17,"Belgium","BEL","BEL",202,"United States of America","USA","USA",42,13,"0","-","0","0","0"
1,"QOvT0n",1,431,2014,17,"Belgium","BEL","BEL",202,"United States of America","USA","USA",42,16,"0","-","0","0","0"
1,"QOvT0n",1,432,2015,17,"Belgium","BEL","BEL",202,"United States of America","USA","USA",37,15,"0","-","0","0","0"
1,"QOvT0n",1,433,2016,17,"Belgium","BEL","BEL",202,"United States of America","USA","USA",32,10,"0","-","0","0","0"
1,"QOvT0n",1,434,2017,17,"Belgium","BEL","BEL",202,"United States of America","USA","USA",32,19,"0","-","0","0","0"
1,"QOvT0n",1,435,2018,17,"Belgium","BEL","BEL",202,"United States of America","USA","USA",29,34,"0","-","0","0","0"
1,"QOvT0n",1,436,2019,17,"Belgium","BEL","BEL",202,"United States of America","USA","USA",23,32,"0","-","0","0","0"
1,"QOvT0n",1,437,2020,17,"Belgium","BEL","BEL",202,"United States of America","USA","USA",17,34,"0","-","0","0","0"
1,"QOvT0n",1,438,2021,17,"Belgium","BEL","BEL",202,"United States of America","USA","USA",13,54,"0","-","0","0","0"
1,"QOvT0n",1,439,2022,17,"Belgium","BEL","BEL",202,"United States of America","USA","USA",6,54,"0","-","0","0","0"
1,"QOvT0n",1,440,2023,17,"Belgium","BEL","BEL",202,"United States of America","USA","USA","0",90,"0","-","0","0","0"
1,"QOvT0n",1,441,2024,17,"Belgium","BEL","BEL",202,"United States of America","USA","USA","0",116,"0","-","0","0","0"
1,"QOvT0n",1,442,2025,17,"Belgium","BEL","BEL",202,"United States of America","USA","USA","0",116,"0","-","0","0","0"
1,"QOvT0n",1,443,1997,18,"Benin","BEN","BEN",202,"United States of America","USA","USA",6,"0","0","-","0","0","0"
1,"QOvT0n",1,444,1998,18,"Benin","BEN","BEN",202,"United States of America","USA","USA",7,"0","0","-","0","0","0"
1,"QOvT0n",1,445,1999,18,"Benin","BEN","BEN",202,"United States of America","USA","USA",7,"0","0","-","0","0","0"
1,"QOvT0n",1,446,2000,18,"Benin","BEN","BEN",202,"United States of America","USA","USA",13,6,"0","-","0","0","0"
1,"QOvT0n",1,447,2001,18,"Benin","BEN","BEN",202,"United States of America","USA","USA","0",8,"0","-","0","0","0"
1,"QOvT0n",1,448,2002,18,"Benin","BEN","BEN",202,"United States of America","USA","USA","0",8,"0","-","0","0","0"
1,"QOvT0n",1,449,2003,18,"Benin","BEN","BEN",202,"United States of America","USA","USA",15,16,"0","-","0","0","0"
1,"QOvT0n",1,450,2004,18,"Benin","BEN","BEN",202,"United States of America","USA","USA",23,15,"0","-","0","0","0"
1,"QOvT0n",1,451,2005,18,"Benin","BEN","BEN",202,"United States of America","USA","USA",28,15,"0","-","0","0","0"
1,"QOvT0n",1,452,2006,18,"Benin","BEN","BEN",202,"United States of America","USA","USA",36,11,"0","-","0","0","0"
1,"QOvT0n",1,453,2007,18,"Benin","BEN","BEN",202,"United States of America","USA","USA",41,8,"0","-","0","0","0"
1,"QOvT0n",1,454,2008,18,"Benin","BEN","BEN",202,"United States of America","USA","USA",44,10,"0","-","0","0","0"
1,"QOvT0n",1,455,2009,18,"Benin","BEN","BEN",202,"United States of America","USA","USA",53,10,"0","-","0","0","0"
1,"QOvT0n",1,456,2010,18,"Benin","BEN","BEN",202,"United States of America","USA","USA",61,"0","0","-","0","0","0"
1,"QOvT0n",1,457,2011,18,"Benin","BEN","BEN",202,"United States of America","USA","USA",69,5,"0","-","0","0","0"
1,"QOvT0n",1,458,2012,18,"Benin","BEN","BEN",202,"United States of America","USA","USA",64,9,"0","-","0","0","0"
1,"QOvT0n",1,459,2013,18,"Benin","BEN","BEN",202,"United States of America","USA","USA",73,28,"0","-","0","0","0"
1,"QOvT0n",1,460,2014,18,"Benin","BEN","BEN",202,"United States of America","USA","USA",76,65,"0","-","0","0","0"
1,"QOvT0n",1,461,2015,18,"Benin","BEN","BEN",202,"United States of America","USA","USA",85,113,"0","-","0","0","0"
1,"QOvT0n",1,462,2016,18,"Benin","BEN","BEN",202,"United States of America","USA","USA",90,155,"0","-","0","0","0"
1,"QOvT0n",1,463,2017,18,"Benin","BEN","BEN",202,"United States of America","USA","USA",97,186,"0","-","0","0","0"
1,"QOvT0n",1,464,2018,18,"Benin","BEN","BEN",202,"United States of America","USA","USA",95,202,"0","-","0","0","0"
1,"QOvT0n",1,465,2019,18,"Benin","BEN","BEN",202,"United States of America","USA","USA",89,198,"0","-","0","0","0"
1,"QOvT0n",1,466,2020,18,"Benin","BEN","BEN",202,"United States of America","USA","USA",82,240,"0","-","0","0","0"
1,"QOvT0n",1,467,2021,18,"Benin","BEN","BEN",202,"United States of America","USA","USA",76,280,"0","-","0","0","0"
1,"QOvT0n",1,468,2022,18,"Benin","BEN","BEN",202,"United States of America","USA","USA",76,334,"0","-","0","0","0"
1,"QOvT0n",1,469,2023,18,"Benin","BEN","BEN",202,"United States of America","USA","USA",72,421,"0","-","0","0","0"
1,"QOvT0n",1,470,2024,18,"Benin","BEN","BEN",202,"United States of America","USA","USA",67,603,"0","-","0","0","0"
1,"QOvT0n",1,471,2025,18,"Benin","BEN","BEN",202,"United States of America","USA","USA",67,603,"0","-","0","0","0"
1,"QOvT0n",1,472,2005,19,"Bermuda","BER","BMU",202,"United States of America","USA","USA","0",5,"0","-","0","0","0"
1,"QOvT0n",1,473,2023,19,"Bermuda","BER","BMU",202,"United States of America","USA","USA",5,99,"0","-","0","0","0"
1,"QOvT0n",1,474,2024,19,"Bermuda","BER","BMU",202,"United States of America","USA","USA",5,94,"0","-","0","0","0"
1,"QOvT0n",1,475,2025,19,"Bermuda","BER","BMU",202,"United States of America","USA","USA",5,94,"0","-","0","0","0"
1,"QOvT0n",1,476,1994,20,"Bangladesh","BGD","BGD",202,"United States of America","USA","USA",89,"0","0","-","0","0","0"
1,"QOvT0n",1,477,1995,20,"Bangladesh","BGD","BGD",202,"United States of America","USA","USA",493,"0","0","-","0","0","0"
1,"QOvT0n",1,478,1996,20,"Bangladesh","BGD","BGD",202,"United States of America","USA","USA",855,"0","0","-","0","0","0"
1,"QOvT0n",1,479,1997,20,"Bangladesh","BGD","BGD",202,"United States of America","USA","USA",1090,"0","0","-","0","0","0"
1,"QOvT0n",1,480,1998,20,"Bangladesh","BGD","BGD",202,"United States of America","USA","USA",1298,"0","0","-","0","0","0"
1,"QOvT0n",1,481,1999,20,"Bangladesh","BGD","BGD",202,"United States of America","USA","USA",1480,"0","0","-","0","0","0"
1,"QOvT0n",1,482,2000,20,"Bangladesh","BGD","BGD",202,"United States of America","USA","USA",1396,1213,"0","-","0","0","0"
1,"QOvT0n",1,483,2001,20,"Bangladesh","BGD","BGD",202,"United States of America","USA","USA",1265,984,"0","-","0","0","0"
1,"QOvT0n",1,484,2002,20,"Bangladesh","BGD","BGD",202,"United States of America","USA","USA",1216,900,"0","-","0","0","0"
1,"QOvT0n",1,485,2003,20,"Bangladesh","BGD","BGD",202,"United States of America","USA","USA",975,879,"0","-","0","0","0"
1,"QOvT0n",1,486,2004,20,"Bangladesh","BGD","BGD",202,"United States of America","USA","USA",887,781,"0","-","0","0","0"
1,"QOvT0n",1,487,2005,20,"Bangladesh","BGD","BGD",202,"United States of America","USA","USA",884,652,"0","-","0","0","0"
1,"QOvT0n",1,488,2006,20,"Bangladesh","BGD","BGD",202,"United States of America","USA","USA",1930,532,"0","-","0","0","0"
1,"QOvT0n",1,489,2007,20,"Bangladesh","BGD","BGD",202,"United States of America","USA","USA",1928,254,"0","-","0","0","0"
1,"QOvT0n",1,490,2008,20,"Bangladesh","BGD","BGD",202,"United States of America","USA","USA",1808,347,"0","-","0","0","0"
1,"QOvT0n",1,491,2009,20,"Bangladesh","BGD","BGD",202,"United States of America","USA","USA",1627,327,"0","-","0","0","0"
1,"QOvT0n",1,492,2010,20,"Bangladesh","BGD","BGD",202,"United States of America","USA","USA",1388,17,"0","-","0","0","0"
1,"QOvT0n",1,493,2011,20,"Bangladesh","BGD","BGD",202,"United States of America","USA","USA",1281,39,"0","-","0","0","0"
1,"QOvT0n",1,494,2012,20,"Bangladesh","BGD","BGD",202,"United States of America","USA","USA",1117,65,"0","-","0","0","0"
1,"QOvT0n",1,495,2013,20,"Bangladesh","BGD","BGD",202,"United States of America","USA","USA",1069,521,"0","-","0","0","0"
1,"QOvT0n",1,496,2014,20,"Bangladesh","BGD","BGD",202,"United States of America","USA","USA",1096,1867,"0","-","0","0","0"
1,"QOvT0n",1,497,2015,20,"Bangladesh","BGD","BGD",202,"United States of America","USA","USA",1121,3375,"0","-","0","0","0"
1,"QOvT0n",1,498,2016,20,"Bangladesh","BGD","BGD",202,"United States of America","USA","USA",1085,4650,"0","-","0","0","0"
1,"QOvT0n",1,499,2017,20,"Bangladesh","BGD","BGD",202,"United States of America","USA","USA",1248,6225,"0","-","0","0","0"
1,"QOvT0n",1,500,2018,20,"Bangladesh","BGD","BGD",202,"United States of America","USA","USA",1628,6444,"0","-","0","0","0"
1,"QOvT0n",1,501,2019,20,"Bangladesh","BGD","BGD",202,"United States of America","USA","USA",2038,7303,"0","-","0","0","0"
1,"QOvT0n",1,502,2020,20,"Bangladesh","BGD","BGD",202,"United States of America","USA","USA",2162,7952,"0","-","0","0","0"
1,"QOvT0n",1,503,2021,20,"Bangladesh","BGD","BGD",202,"United States of America","USA","USA",2344,10262,"0","-","0","0","0"
1,"QOvT0n",1,504,2022,20,"Bangladesh","BGD","BGD",202,"United States of America","USA","USA",3086,11953,"0","-","0","0","0"
1,"QOvT0n",1,505,2023,20,"Bangladesh","BGD","BGD",202,"United States of America","USA","USA",3959,15552,"0","-","0","0","0"
1,"QOvT0n",1,506,2024,20,"Bangladesh","BGD","BGD",202,"United States of America","USA","USA",4335,18480,"0","-","0","0","0"
1,"QOvT0n",1,507,2025,20,"Bangladesh","BGD","BGD",202,"United States of America","USA","USA",4335,18480,"0","-","0","0","0"
1,"QOvT0n",1,508,2000,21,"Bahamas","BHS","BHS",202,"United States of America","USA","USA","0",7,"0","-","0","0","0"
1,"QOvT0n",1,509,2001,21,"Bahamas","BHS","BHS",202,"United States of America","USA","USA","0",26,"0","-","0","0","0"
1,"QOvT0n",1,510,2002,21,"Bahamas","BHS","BHS",202,"United States of America","USA","USA","0",21,"0","-","0","0","0"
1,"QOvT0n",1,511,2003,21,"Bahamas","BHS","BHS",202,"United States of America","USA","USA","0",18,"0","-","0","0","0"
1,"QOvT0n",1,512,2004,21,"Bahamas","BHS","BHS",202,"United States of America","USA","USA","0",19,"0","-","0","0","0"
1,"QOvT0n",1,513,2005,21,"Bahamas","BHS","BHS",202,"United States of America","USA","USA","0",18,"0","-","0","0","0"
1,"QOvT0n",1,514,2006,21,"Bahamas","BHS","BHS",202,"United States of America","USA","USA",7,17,"0","-","0","0","0"
1,"QOvT0n",1,515,2007,21,"Bahamas","BHS","BHS",202,"United States of America","USA","USA",9,8,"0","-","0","0","0"
1,"QOvT0n",1,516,2008,21,"Bahamas","BHS","BHS",202,"United States of America","USA","USA",11,5,"0","-","0","0","0"
1,"QOvT0n",1,517,2009,21,"Bahamas","BHS","BHS",202,"United States of America","USA","USA",12,5,"0","-","0","0","0"
1,"QOvT0n",1,518,2010,21,"Bahamas","BHS","BHS",202,"United States of America","USA","USA",12,"0","0","-","0","0","0"
1,"QOvT0n",1,519,2011,21,"Bahamas","BHS","BHS",202,"United States of America","USA","USA",174,"0","0","-","0","0","0"
1,"QOvT0n",1,520,2012,21,"Bahamas","BHS","BHS",202,"United States of America","USA","USA",180,"0","0","-","0","0","0"
1,"QOvT0n",1,521,2013,21,"Bahamas","BHS","BHS",202,"United States of America","USA","USA",185,10,"0","-","0","0","0"
1,"QOvT0n",1,522,2014,21,"Bahamas","BHS","BHS",202,"United States of America","USA","USA",185,22,"0","-","0","0","0"
1,"QOvT0n",1,523,2015,21,"Bahamas","BHS","BHS",202,"United States of America","USA","USA",180,28,"0","-","0","0","0"
1,"QOvT0n",1,524,2016,21,"Bahamas","BHS","BHS",202,"United States of America","USA","USA",180,49,"0","-","0","0","0"
1,"QOvT0n",1,525,2017,21,"Bahamas","BHS","BHS",202,"United States of America","USA","USA",179,61,"0","-","0","0","0"
1,"QOvT0n",1,526,2018,21,"Bahamas","BHS","BHS",202,"United States of America","USA","USA",180,86,"0","-","0","0","0"
1,"QOvT0n",1,527,2019,21,"Bahamas","BHS","BHS",202,"United States of America","USA","USA",181,96,"0","-","0","0","0"
1,"QOvT0n",1,528,2020,21,"Bahamas","BHS","BHS",202,"United States of America","USA","USA",181,127,"0","-","0","0","0"
1,"QOvT0n",1,529,2021,21,"Bahamas","BHS","BHS",202,"United States of America","USA","USA",181,240,"0","-","0","0","0"
1,"QOvT0n",1,530,2022,21,"Bahamas","BHS","BHS",202,"United States of America","USA","USA",178,415,"0","-","0","0","0"
1,"QOvT0n",1,531,2023,21,"Bahamas","BHS","BHS",202,"United States of America","USA","USA",175,1097,"0","-","0","0","0"
1,"QOvT0n",1,532,2024,21,"Bahamas","BHS","BHS",202,"United States of America","USA","USA",175,1758,"0","-","0","0","0"
1,"QOvT0n",1,533,2025,21,"Bahamas","BHS","BHS",202,"United States of America","USA","USA",175,1758,"0","-","0","0","0"
1,"QOvT0n",1,534,2000,22,"Bhutan","BHU","BTN",202,"United States of America","USA","USA","0",6,"0","-","0","0","0"
1,"QOvT0n",1,535,2001,22,"Bhutan","BHU","BTN",202,"United States of America","USA","USA","0",21,"0","-","0","0","0"
1,"QOvT0n",1,536,2002,22,"Bhutan","BHU","BTN",202,"United States of America","USA","USA","0",11,"0","-","0","0","0"
1,"QOvT0n",1,537,2003,22,"Bhutan","BHU","BTN",202,"United States of America","USA","USA",39,14,"0","-","0","0","0"
1,"QOvT0n",1,538,2004,22,"Bhutan","BHU","BTN",202,"United States of America","USA","USA",42,5,"0","-","0","0","0"
1,"QOvT0n",1,539,2005,22,"Bhutan","BHU","BTN",202,"United States of America","USA","USA",59,5,"0","-","0","0","0"
1,"QOvT0n",1,540,2006,22,"Bhutan","BHU","BTN",202,"United States of America","USA","USA",77,5,"0","-","0","0","0"
1,"QOvT0n",1,541,2007,22,"Bhutan","BHU","BTN",202,"United States of America","USA","USA",81,5,"0","-","0","0","0"
1,"QOvT0n",1,542,2008,22,"Bhutan","BHU","BTN",202,"United States of America","USA","USA",86,5,"0","-","0","0","0"
1,"QOvT0n",1,543,2009,22,"Bhutan","BHU","BTN",202,"United States of America","USA","USA",98,5,"0","-","0","0","0"
1,"QOvT0n",1,544,2010,22,"Bhutan","BHU","BTN",202,"United States of America","USA","USA",99,"0","0","-","0","0","0"
1,"QOvT0n",1,545,2011,22,"Bhutan","BHU","BTN",202,"United States of America","USA","USA",85,"0","0","-","0","0","0"
1,"QOvT0n",1,546,2012,22,"Bhutan","BHU","BTN",202,"United States of America","USA","USA",70,"0","0","-","0","0","0"
1,"QOvT0n",1,547,2013,22,"Bhutan","BHU","BTN",202,"United States of America","USA","USA",60,8,"0","-","0","0","0"
1,"QOvT0n",1,548,2014,22,"Bhutan","BHU","BTN",202,"United States of America","USA","USA",57,44,"0","-","0","0","0"
1,"QOvT0n",1,549,2015,22,"Bhutan","BHU","BTN",202,"United States of America","USA","USA",58,127,"0","-","0","0","0"
1,"QOvT0n",1,550,2016,22,"Bhutan","BHU","BTN",202,"United States of America","USA","USA",50,227,"0","-","0","0","0"
1,"QOvT0n",1,551,2017,22,"Bhutan","BHU","BTN",202,"United States of America","USA","USA",43,323,"0","-","0","0","0"
1,"QOvT0n",1,552,2018,22,"Bhutan","BHU","BTN",202,"United States of America","USA","USA",41,330,"0","-","0","0","0"
1,"QOvT0n",1,553,2019,22,"Bhutan","BHU","BTN",202,"United States of America","USA","USA",34,353,"0","-","0","0","0"
1,"QOvT0n",1,554,2020,22,"Bhutan","BHU","BTN",202,"United States of America","USA","USA",34,358,"0","-","0","0","0"
1,"QOvT0n",1,555,2021,22,"Bhutan","BHU","BTN",202,"United States of America","USA","USA",27,435,"0","-","0","0","0"
1,"QOvT0n",1,556,2022,22,"Bhutan","BHU","BTN",202,"United States of America","USA","USA",34,406,"0","-","0","0","0"
1,"QOvT0n",1,557,2023,22,"Bhutan","BHU","BTN",202,"United States of America","USA","USA",39,421,"0","-","0","0","0"
1,"QOvT0n",1,558,2024,22,"Bhutan","BHU","BTN",202,"United States of America","USA","USA",42,484,"0","-","0","0","0"
1,"QOvT0n",1,559,2025,22,"Bhutan","BHU","BTN",202,"United States of America","USA","USA",42,484,"0","-","0","0","0"
1,"QOvT0n",1,560,1997,23,"Burkina Faso","BKF","BFA",202,"United States of America","USA","USA",11,"0","0","-","0","0","0"
1,"QOvT0n",1,561,1998,23,"Burkina Faso","BKF","BFA",202,"United States of America","USA","USA",14,"0","0","-","0","0","0"
1,"QOvT0n",1,562,1999,23,"Burkina Faso","BKF","BFA",202,"United States of America","USA","USA",23,"0","0","-","0","0","0"
1,"QOvT0n",1,563,2000,23,"Burkina Faso","BKF","BFA",202,"United States of America","USA","USA",30,14,"0","-","0","0","0"
1,"QOvT0n",1,564,2001,23,"Burkina Faso","BKF","BFA",202,"United States of America","USA","USA","0",17,"0","-","0","0","0"
1,"QOvT0n",1,565,2002,23,"Burkina Faso","BKF","BFA",202,"United States of America","USA","USA","0",31,"0","-","0","0","0"
1,"QOvT0n",1,566,2003,23,"Burkina Faso","BKF","BFA",202,"United States of America","USA","USA",33,40,"0","-","0","0","0"
1,"QOvT0n",1,567,2004,23,"Burkina Faso","BKF","BFA",202,"United States of America","USA","USA",37,34,"0","-","0","0","0"
1,"QOvT0n",1,568,2005,23,"Burkina Faso","BKF","BFA",202,"United States of America","USA","USA",57,58,"0","-","0","0","0"
1,"QOvT0n",1,569,2006,23,"Burkina Faso","BKF","BFA",202,"United States of America","USA","USA",99,64,"0","-","0","0","0"
1,"QOvT0n",1,570,2007,23,"Burkina Faso","BKF","BFA",202,"United States of America","USA","USA",151,105,"0","-","0","0","0"
1,"QOvT0n",1,571,2008,23,"Burkina Faso","BKF","BFA",202,"United States of America","USA","USA",188,143,"0","-","0","0","0"
1,"QOvT0n",1,572,2009,23,"Burkina Faso","BKF","BFA",202,"United States of America","USA","USA",249,137,"0","-","0","0","0"
1,"QOvT0n",1,573,2010,23,"Burkina Faso","BKF","BFA",202,"United States of America","USA","USA",343,30,"0","-","0","0","0"
1,"QOvT0n",1,574,2011,23,"Burkina Faso","BKF","BFA",202,"United States of America","USA","USA",436,47,"0","-","0","0","0"
1,"QOvT0n",1,575,2012,23,"Burkina Faso","BKF","BFA",202,"United States of America","USA","USA",548,88,"0","-","0","0","0"
1,"QOvT0n",1,576,2013,23,"Burkina Faso","BKF","BFA",202,"United States of America","USA","USA",669,192,"0","-","0","0","0"
1,"QOvT0n",1,577,2014,23,"Burkina Faso","BKF","BFA",202,"United States of America","USA","USA",827,780,"0","-","0","0","0"
1,"QOvT0n",1,578,2015,23,"Burkina Faso","BKF","BFA",202,"United States of America","USA","USA",929,1615,"0","-","0","0","0"
1,"QOvT0n",1,579,2016,23,"Burkina Faso","BKF","BFA",202,"United States of America","USA","USA",1007,2733,"0","-","0","0","0"
1,"QOvT0n",1,580,2017,23,"Burkina Faso","BKF","BFA",202,"United States of America","USA","USA",1163,3388,"0","-","0","0","0"
1,"QOvT0n",1,581,2018,23,"Burkina Faso","BKF","BFA",202,"United States of America","USA","USA",1300,3303,"0","-","0","0","0"
1,"QOvT0n",1,582,2019,23,"Burkina Faso","BKF","BFA",202,"United States of America","USA","USA",1403,3292,"0","-","0","0","0"
1,"QOvT0n",1,583,2020,23,"Burkina Faso","BKF","BFA",202,"United States of America","USA","USA",1377,3335,"0","-","0","0","0"
1,"QOvT0n",1,584,2021,23,"Burkina Faso","BKF","BFA",202,"United States of America","USA","USA",1373,3628,"0","-","0","0","0"
1,"QOvT0n",1,585,2022,23,"Burkina Faso","BKF","BFA",202,"United States of America","USA","USA",1470,3199,"0","-","0","0","0"
1,"QOvT0n",1,586,2023,23,"Burkina Faso","BKF","BFA",202,"United States of America","USA","USA",1595,3685,"0","-","0","0","0"
1,"QOvT0n",1,587,2024,23,"Burkina Faso","BKF","BFA",202,"United States of America","USA","USA",1647,4276,"0","-","0","0","0"
1,"QOvT0n",1,588,2025,23,"Burkina Faso","BKF","BFA",202,"United States of America","USA","USA",1647,4276,"0","-","0","0","0"
1,"QOvT0n",1,589,1995,24,"Belarus","BLR","BLR",202,"United States of America","USA","USA",19,"0","0","-","0","0","0"
1,"QOvT0n",1,590,1996,24,"Belarus","BLR","BLR",202,"United States of America","USA","USA",49,"0","0","-","0","0","0"
1,"QOvT0n",1,591,1997,24,"Belarus","BLR","BLR",202,"United States of America","USA","USA",83,"0","0","-","0","0","0"
1,"QOvT0n",1,592,1998,24,"Belarus","BLR","BLR",202,"United States of America","USA","USA",127,"0","0","-","0","0","0"
1,"QOvT0n",1,593,1999,24,"Belarus","BLR","BLR",202,"United States of America","USA","USA",1161,"0","0","-","0","0","0"
1,"QOvT0n",1,594,2000,24,"Belarus","BLR","BLR",202,"United States of America","USA","USA",2245,112,"0","-","0","0","0"
1,"QOvT0n",1,595,2001,24,"Belarus","BLR","BLR",202,"United States of America","USA","USA",3239,126,"0","-","0","0","0"
1,"QOvT0n",1,596,2002,24,"Belarus","BLR","BLR",202,"United States of America","USA","USA",3294,204,"0","-","0","0","0"
1,"QOvT0n",1,597,2003,24,"Belarus","BLR","BLR",202,"United States of America","USA","USA",3965,257,"0","-","0","0","0"
1,"QOvT0n",1,598,2004,24,"Belarus","BLR","BLR",202,"United States of America","USA","USA",3817,370,"0","-","0","0","0"
1,"QOvT0n",1,599,2005,24,"Belarus","BLR","BLR",202,"United States of America","USA","USA",4240,406,"0","-","0","0","0"
1,"QOvT0n",1,600,2006,24,"Belarus","BLR","BLR",202,"United States of America","USA","USA",6258,361,"0","-","0","0","0"
1,"QOvT0n",1,601,2007,24,"Belarus","BLR","BLR",202,"United States of America","USA","USA",1387,174,"0","-","0","0","0"
1,"QOvT0n",1,602,2008,24,"Belarus","BLR","BLR",202,"United States of America","USA","USA",1509,178,"0","-","0","0","0"
1,"QOvT0n",1,603,2009,24,"Belarus","BLR","BLR",202,"United States of America","USA","USA",1690,156,"0","-","0","0","0"
1,"QOvT0n",1,604,2010,24,"Belarus","BLR","BLR",202,"United States of America","USA","USA",1733,32,"0","-","0","0","0"
1,"QOvT0n",1,605,2011,24,"Belarus","BLR","BLR",202,"United States of America","USA","USA",1882,80,"0","-","0","0","0"
1,"QOvT0n",1,606,2012,24,"Belarus","BLR","BLR",202,"United States of America","USA","USA",2054,96,"0","-","0","0","0"
1,"QOvT0n",1,607,2013,24,"Belarus","BLR","BLR",202,"United States of America","USA","USA",2039,151,"0","-","0","0","0"
1,"QOvT0n",1,608,2014,24,"Belarus","BLR","BLR",202,"United States of America","USA","USA",1923,346,"0","-","0","0","0"
1,"QOvT0n",1,609,2015,24,"Belarus","BLR","BLR",202,"United States of America","USA","USA",1804,493,"0","-","0","0","0"
1,"QOvT0n",1,610,2016,24,"Belarus","BLR","BLR",202,"United States of America","USA","USA",1623,955,"0","-","0","0","0"
1,"QOvT0n",1,611,2017,24,"Belarus","BLR","BLR",202,"United States of America","USA","USA",1537,1769,"0","-","0","0","0"
1,"QOvT0n",1,612,2018,24,"Belarus","BLR","BLR",202,"United States of America","USA","USA",1634,1970,"0","-","0","0","0"
1,"QOvT0n",1,613,2019,24,"Belarus","BLR","BLR",202,"United States of America","USA","USA",1631,2193,"0","-","0","0","0"
1,"QOvT0n",1,614,2020,24,"Belarus","BLR","BLR",202,"United States of America","USA","USA",1547,2477,"0","-","0","0","0"
1,"QOvT0n",1,615,2021,24,"Belarus","BLR","BLR",202,"United States of America","USA","USA",1488,3591,"0","-","0","0","0"
1,"QOvT0n",1,616,2022,24,"Belarus","BLR","BLR",202,"United States of America","USA","USA",1459,4660,"0","-","0","0","0"
1,"QOvT0n",1,617,2023,24,"Belarus","BLR","BLR",202,"United States of America","USA","USA",1630,7031,"0","-","0","0","0"
1,"QOvT0n",1,618,2024,24,"Belarus","BLR","BLR",202,"United States of America","USA","USA",1769,7467,"0","-","0","0","0"
1,"QOvT0n",1,619,2025,24,"Belarus","BLR","BLR",202,"United States of America","USA","USA",1769,7467,"0","-","0","0","0"
1,"QOvT0n",1,620,1992,25,"Bolivia (Plurinational State of)","BOL","BOL",202,"United States of America","USA","USA",6,"0","0","-","0","0","0"
1,"QOvT0n",1,621,1993,25,"Bolivia (Plurinational State of)","BOL","BOL",202,"United States of America","USA","USA",6,"0","0","-","0","0","0"
1,"QOvT0n",1,622,1994,25,"Bolivia (Plurinational State of)","BOL","BOL",202,"United States of America","USA","USA",6,"0","0","-","0","0","0"
1,"QOvT0n",1,623,1995,25,"Bolivia (Plurinational State of)","BOL","BOL",202,"United States of America","USA","USA",14,"0","0","-","0","0","0"
1,"QOvT0n",1,624,1996,25,"Bolivia (Plurinational State of)","BOL","BOL",202,"United States of America","USA","USA",28,"0","0","-","0","0","0"
1,"QOvT0n",1,625,1997,25,"Bolivia (Plurinational State of)","BOL","BOL",202,"United States of America","USA","USA",36,"0","0","-","0","0","0"
1,"QOvT0n",1,626,1998,25,"Bolivia (Plurinational State of)","BOL","BOL",202,"United States of America","USA","USA",46,"0","0","-","0","0","0"
1,"QOvT0n",1,627,1999,25,"Bolivia (Plurinational State of)","BOL","BOL",202,"United States of America","USA","USA",46,"0","0","-","0","0","0"
1,"QOvT0n",1,628,2000,25,"Bolivia (Plurinational State of)","BOL","BOL",202,"United States of America","USA","USA",38,55,"0","-","0","0","0"
1,"QOvT0n",1,629,2001,25,"Bolivia (Plurinational State of)","BOL","BOL",202,"United States of America","USA","USA","0",70,"0","-","0","0","0"
1,"QOvT0n",1,630,2002,25,"Bolivia (Plurinational State of)","BOL","BOL",202,"United States of America","USA","USA","0",85,"0","-","0","0","0"
1,"QOvT0n",1,631,2003,25,"Bolivia (Plurinational State of)","BOL","BOL",202,"United States of America","USA","USA",28,67,"0","-","0","0","0"
1,"QOvT0n",1,632,2004,25,"Bolivia (Plurinational State of)","BOL","BOL",202,"United States of America","USA","USA",40,66,"0","-","0","0","0"
1,"QOvT0n",1,633,2005,25,"Bolivia (Plurinational State of)","BOL","BOL",202,"United States of America","USA","USA",53,50,"0","-","0","0","0"
1,"QOvT0n",1,634,2006,25,"Bolivia (Plurinational State of)","BOL","BOL",202,"United States of America","USA","USA",61,47,"0","-","0","0","0"
1,"QOvT0n",1,635,2007,25,"Bolivia (Plurinational State of)","BOL","BOL",202,"United States of America","USA","USA",67,39,"0","-","0","0","0"
1,"QOvT0n",1,636,2008,25,"Bolivia (Plurinational State of)","BOL","BOL",202,"United States of America","USA","USA",76,29,"0","-","0","0","0"
1,"QOvT0n",1,637,2009,25,"Bolivia (Plurinational State of)","BOL","BOL",202,"United States of America","USA","USA",87,34,"0","-","0","0","0"
1,"QOvT0n",1,638,2010,25,"Bolivia (Plurinational State of)","BOL","BOL",202,"United States of America","USA","USA",107,8,"0","-","0","0","0"
1,"QOvT0n",1,639,2011,25,"Bolivia (Plurinational State of)","BOL","BOL",202,"United States of America","USA","USA",120,19,"0","-","0","0","0"
1,"QOvT0n",1,640,2012,25,"Bolivia (Plurinational State of)","BOL","BOL",202,"United States of America","USA","USA",137,26,"0","-","0","0","0"
1,"QOvT0n",1,641,2013,25,"Bolivia (Plurinational State of)","BOL","BOL",202,"United States of America","USA","USA",123,89,"0","-","0","0","0"
1,"QOvT0n",1,642,2014,25,"Bolivia (Plurinational State of)","BOL","BOL",202,"United States of America","USA","USA",118,177,"0","-","0","0","0"
1,"QOvT0n",1,643,2015,25,"Bolivia (Plurinational State of)","BOL","BOL",202,"United States of America","USA","USA",110,238,"0","-","0","0","0"
1,"QOvT0n",1,644,2016,25,"Bolivia (Plurinational State of)","BOL","BOL",202,"United States of America","USA","USA",114,298,"0","-","0","0","0"
1,"QOvT0n",1,645,2017,25,"Bolivia (Plurinational State of)","BOL","BOL",202,"United States of America","USA","USA",113,381,"0","-","0","0","0"
1,"QOvT0n",1,646,2018,25,"Bolivia (Plurinational State of)","BOL","BOL",202,"United States of America","USA","USA",105,405,"0","-","0","0","0"
1,"QOvT0n",1,647,2019,25,"Bolivia (Plurinational State of)","BOL","BOL",202,"United States of America","USA","USA",111,453,"0","-","0","0","0"
1,"QOvT0n",1,648,2020,25,"Bolivia (Plurinational State of)","BOL","BOL",202,"United States of America","USA","USA",96,483,"0","-","0","0","0"
1,"QOvT0n",1,649,2021,25,"Bolivia (Plurinational State of)","BOL","BOL",202,"United States of America","USA","USA",81,845,"0","-","0","0","0"
1,"QOvT0n",1,650,2022,25,"Bolivia (Plurinational State of)","BOL","BOL",202,"United States of America","USA","USA",75,1359,"0","-","0","0","0"
1,"QOvT0n",1,651,2023,25,"Bolivia (Plurinational State of)","BOL","BOL",202,"United States of America","USA","USA",86,3452,"0","-","0","0","0"
1,"QOvT0n",1,652,2024,25,"Bolivia (Plurinational State of)","BOL","BOL",202,"United States of America","USA","USA",131,5969,"0","-","0","0","0"
1,"QOvT0n",1,653,2025,25,"Bolivia (Plurinational State of)","BOL","BOL",202,"United States of America","USA","USA",131,5969,"0","-","0","0","0"
1,"QOvT0n",1,654,2007,26,"Botswana","BOT","BWA",202,"United States of America","USA","USA",5,"0","0","-","0","0","0"
1,"QOvT0n",1,655,2008,26,"Botswana","BOT","BWA",202,"United States of America","USA","USA",5,"0","0","-","0","0","0"
1,"QOvT0n",1,656,2009,26,"Botswana","BOT","BWA",202,"United States of America","USA","USA",5,"0","0","-","0","0","0"
1,"QOvT0n",1,657,2010,26,"Botswana","BOT","BWA",202,"United States of America","USA","USA",5,"0","0","-","0","0","0"
1,"QOvT0n",1,658,2011,26,"Botswana","BOT","BWA",202,"United States of America","USA","USA",5,"0","0","-","0","0","0"
1,"QOvT0n",1,659,2012,26,"Botswana","BOT","BWA",202,"United States of America","USA","USA",5,"0","0","-","0","0","0"
1,"QOvT0n",1,660,2013,26,"Botswana","BOT","BWA",202,"United States of America","USA","USA",5,"0","0","-","0","0","0"
1,"QOvT0n",1,661,2014,26,"Botswana","BOT","BWA",202,"United States of America","USA","USA",5,5,"0","-","0","0","0"
1,"QOvT0n",1,662,2015,26,"Botswana","BOT","BWA",202,"United States of America","USA","USA",5,11,"0","-","0","0","0"
1,"QOvT0n",1,663,2016,26,"Botswana","BOT","BWA",202,"United States of America","USA","USA","0",6,"0","-","0","0","0"
1,"QOvT0n",1,664,2017,26,"Botswana","BOT","BWA",202,"United States of America","USA","USA","0",9,"0","-","0","0","0"
1,"QOvT0n",1,665,2018,26,"Botswana","BOT","BWA",202,"United States of America","USA","USA","0",7,"0","-","0","0","0"
1,"QOvT0n",1,666,2019,26,"Botswana","BOT","BWA",202,"United States of America","USA","USA","0",6,"0","-","0","0","0"
1,"QOvT0n",1,667,2020,26,"Botswana","BOT","BWA",202,"United States of America","USA","USA","0",5,"0","-","0","0","0"
1,"QOvT0n",1,668,2021,26,"Botswana","BOT","BWA",202,"United States of America","USA","USA","0",10,"0","-","0","0","0"
1,"QOvT0n",1,669,2022,26,"Botswana","BOT","BWA",202,"United States of America","USA","USA","0",24,"0","-","0","0","0"
1,"QOvT0n",1,670,2023,26,"Botswana","BOT","BWA",202,"United States of America","USA","USA","0",50,"0","-","0","0","0"
1,"QOvT0n",1,671,2024,26,"Botswana","BOT","BWA",202,"United States of America","USA","USA","0",82,"0","-","0","0","0"
1,"QOvT0n",1,672,2025,26,"Botswana","BOT","BWA",202,"United States of America","USA","USA","0",82,"0","-","0","0","0"
1,"QOvT0n",1,673,1994,27,"Brazil","BRA","BRA",202,"United States of America","USA","USA",5,"0","0","-","0","0","0"
1,"QOvT0n",1,674,1995,27,"Brazil","BRA","BRA",202,"United States of America","USA","USA",21,"0","0","-","0","0","0"
1,"QOvT0n",1,675,1996,27,"Brazil","BRA","BRA",202,"United States of America","USA","USA",46,"0","0","-","0","0","0"
1,"QOvT0n",1,676,1997,27,"Brazil","BRA","BRA",202,"United States of America","USA","USA",60,"0","0","-","0","0","0"
1,"QOvT0n",1,677,1998,27,"Brazil","BRA","BRA",202,"United States of America","USA","USA",90,"0","0","-","0","0","0"
1,"QOvT0n",1,678,1999,27,"Brazil","BRA","BRA",202,"United States of America","USA","USA",151,"0","0","-","0","0","0"
1,"QOvT0n",1,679,2000,27,"Brazil","BRA","BRA",202,"United States of America","USA","USA",173,573,"0","-","0","0","0"
1,"QOvT0n",1,680,2001,27,"Brazil","BRA","BRA",202,"United States of America","USA","USA",195,568,"0","-","0","0","0"
1,"QOvT0n",1,681,2002,27,"Brazil","BRA","BRA",202,"United States of America","USA","USA",231,527,"0","-","0","0","0"
1,"QOvT0n",1,682,2003,27,"Brazil","BRA","BRA",202,"United States of America","USA","USA",158,556,"0","-","0","0","0"
1,"QOvT0n",1,683,2004,27,"Brazil","BRA","BRA",202,"United States of America","USA","USA",198,877,"0","-","0","0","0"
1,"QOvT0n",1,684,2005,27,"Brazil","BRA","BRA",202,"United States of America","USA","USA",261,486,"0","-","0","0","0"
1,"QOvT0n",1,685,2006,27,"Brazil","BRA","BRA",202,"United States of America","USA","USA",435,360,"0","-","0","0","0"
1,"QOvT0n",1,686,2007,27,"Brazil","BRA","BRA",202,"United States of America","USA","USA",501,197,"0","-","0","0","0"
1,"QOvT0n",1,687,2008,27,"Brazil","BRA","BRA",202,"United States of America","USA","USA",528,189,"0","-","0","0","0"
1,"QOvT0n",1,688,2009,27,"Brazil","BRA","BRA",202,"United States of America","USA","USA",593,166,"0","-","0","0","0"
1,"QOvT0n",1,689,2010,27,"Brazil","BRA","BRA",202,"United States of America","USA","USA",628,31,"0","-","0","0","0"
1,"QOvT0n",1,690,2011,27,"Brazil","BRA","BRA",202,"United States of America","USA","USA",662,36,"0","-","0","0","0"
1,"QOvT0n",1,691,2012,27,"Brazil","BRA","BRA",202,"United States of America","USA","USA",679,110,"0","-","0","0","0"
1,"QOvT0n",1,692,2013,27,"Brazil","BRA","BRA",202,"United States of America","USA","USA",669,453,"0","-","0","0","0"
1,"QOvT0n",1,693,2014,27,"Brazil","BRA","BRA",202,"United States of America","USA","USA",656,1090,"0","-","0","0","0"
1,"QOvT0n",1,694,2015,27,"Brazil","BRA","BRA",202,"United States of America","USA","USA",627,2001,"0","-","0","0","0"
1,"QOvT0n",1,695,2016,27,"Brazil","BRA","BRA",202,"United States of America","USA","USA",594,3478,"0","-","0","0","0"
1,"QOvT0n",1,696,2017,27,"Brazil","BRA","BRA",202,"United States of America","USA","USA",593,6052,"0","-","0","0","0"
1,"QOvT0n",1,697,2018,27,"Brazil","BRA","BRA",202,"United States of America","USA","USA",709,7378,"0","-","0","0","0"
1,"QOvT0n",1,698,2019,27,"Brazil","BRA","BRA",202,"United States of America","USA","USA",932,9217,"0","-","0","0","0"
1,"QOvT0n",1,699,2020,27,"Brazil","BRA","BRA",202,"United States of America","USA","USA",989,13245,"0","-","0","0","0"
1,"QOvT0n",1,700,2021,27,"Brazil","BRA","BRA",202,"United States of America","USA","USA",1032,19429,"0","-","0","0","0"
1,"QOvT0n",1,701,2022,27,"Brazil","BRA","BRA",202,"United States of America","USA","USA",1444,39573,"0","-","0","0","0"
1,"QOvT0n",1,702,2023,27,"Brazil","BRA","BRA",202,"United States of America","USA","USA",2292,57870,"0","-","0","0","0"
1,"QOvT0n",1,703,2024,27,"Brazil","BRA","BRA",202,"United States of America","USA","USA",2619,70508,"0","-","0","0","0"
1,"QOvT0n",1,704,2025,27,"Brazil","BRA","BRA",202,"United States of America","USA","USA",2619,70508,"0","-","0","0","0"
1,"QOvT0n",1,705,2005,28,"Brunei Darussalam","BRU","BRN",202,"United States of America","USA","USA",47,"0","0","-","0","0","0"
1,"QOvT0n",1,706,1993,29,"Bosnia and Herzegovina","BSN","BIH",202,"United States of America","USA","USA",1887,"0","0","-","0","0","0"
1,"QOvT0n",1,707,1994,29,"Bosnia and Herzegovina","BSN","BIH",202,"United States of America","USA","USA",9248,"0","0","-","0","0","0"
1,"QOvT0n",1,708,1995,29,"Bosnia and Herzegovina","BSN","BIH",202,"United States of America","USA","USA",19413,"0","0","-","0","0","0"
1,"QOvT0n",1,709,1996,29,"Bosnia and Herzegovina","BSN","BIH",202,"United States of America","USA","USA",31656,"0","0","-","0","0","0"
1,"QOvT0n",1,710,1997,29,"Bosnia and Herzegovina","BSN","BIH",202,"United States of America","USA","USA",53082,"0","0","-","0","0","0"
1,"QOvT0n",1,711,1998,29,"Bosnia and Herzegovina","BSN","BIH",202,"United States of America","USA","USA",82137,"0","0","-","0","0","0"
1,"QOvT0n",1,712,1999,29,"Bosnia and Herzegovina","BSN","BIH",202,"United States of America","USA","USA",97504,"0","0","-","0","0","0"
1,"QOvT0n",1,713,2000,29,"Bosnia and Herzegovina","BSN","BIH",202,"United States of America","USA","USA",106410,51,"0","-","0","0","0"
1,"QOvT0n",1,714,2001,29,"Bosnia and Herzegovina","BSN","BIH",202,"United States of America","USA","USA",108803,75,"0","-","0","0","0"
1,"QOvT0n",1,715,2002,29,"Bosnia and Herzegovina","BSN","BIH",202,"United States of America","USA","USA",92293,64,"0","-","0","0","0"
1,"QOvT0n",1,716,2003,29,"Bosnia and Herzegovina","BSN","BIH",202,"United States of America","USA","USA",61834,72,"0","-","0","0","0"
1,"QOvT0n",1,717,2004,29,"Bosnia and Herzegovina","BSN","BIH",202,"United States of America","USA","USA",39393,77,"0","-","0","0","0"
1,"QOvT0n",1,718,2005,29,"Bosnia and Herzegovina","BSN","BIH",202,"United States of America","USA","USA",20446,70,"0","-","0","0","0"
1,"QOvT0n",1,719,2006,29,"Bosnia and Herzegovina","BSN","BIH",202,"United States of America","USA","USA",114615,70,"0","-","0","0","0"
1,"QOvT0n",1,720,2007,29,"Bosnia and Herzegovina","BSN","BIH",202,"United States of America","USA","USA",312,34,"0","-","0","0","0"
1,"QOvT0n",1,721,2008,29,"Bosnia and Herzegovina","BSN","BIH",202,"United States of America","USA","USA",288,36,"0","-","0","0","0"
1,"QOvT0n",1,722,2009,29,"Bosnia and Herzegovina","BSN","BIH",202,"United States of America","USA","USA",303,36,"0","-","0","0","0"
1,"QOvT0n",1,723,2010,29,"Bosnia and Herzegovina","BSN","BIH",202,"United States of America","USA","USA",272,5,"0","-","0","0","0"
1,"QOvT0n",1,724,2011,29,"Bosnia and Herzegovina","BSN","BIH",202,"United States of America","USA","USA",244,"0","0","-","0","0","0"
1,"QOvT0n",1,725,2012,29,"Bosnia and Herzegovina","BSN","BIH",202,"United States of America","USA","USA",200,8,"0","-","0","0","0"
1,"QOvT0n",1,726,2013,29,"Bosnia and Herzegovina","BSN","BIH",202,"United States of America","USA","USA",182,53,"0","-","0","0","0"
1,"QOvT0n",1,727,2014,29,"Bosnia and Herzegovina","BSN","BIH",202,"United States of America","USA","USA",175,76,"0","-","0","0","0"
1,"QOvT0n",1,728,2015,29,"Bosnia and Herzegovina","BSN","BIH",202,"United States of America","USA","USA",151,109,"0","-","0","0","0"
1,"QOvT0n",1,729,2016,29,"Bosnia and Herzegovina","BSN","BIH",202,"United States of America","USA","USA",126,126,"0","-","0","0","0"
1,"QOvT0n",1,730,2017,29,"Bosnia and Herzegovina","BSN","BIH",202,"United States of America","USA","USA",101,157,"0","-","0","0","0"
1,"QOvT0n",1,731,2018,29,"Bosnia and Herzegovina","BSN","BIH",202,"United States of America","USA","USA",100,192,"0","-","0","0","0"
1,"QOvT0n",1,732,2019,29,"Bosnia and Herzegovina","BSN","BIH",202,"United States of America","USA","USA",98,174,"0","-","0","0","0"
1,"QOvT0n",1,733,2020,29,"Bosnia and Herzegovina","BSN","BIH",202,"United States of America","USA","USA",92,200,"0","-","0","0","0"
1,"QOvT0n",1,734,2021,29,"Bosnia and Herzegovina","BSN","BIH",202,"United States of America","USA","USA",85,218,"0","-","0","0","0"
1,"QOvT0n",1,735,2022,29,"Bosnia and Herzegovina","BSN","BIH",202,"United States of America","USA","USA",86,234,"0","-","0","0","0"
1,"QOvT0n",1,736,2023,29,"Bosnia and Herzegovina","BSN","BIH",202,"United States of America","USA","USA",88,242,"0","-","0","0","0"
1,"QOvT0n",1,737,2024,29,"Bosnia and Herzegovina","BSN","BIH",202,"United States of America","USA","USA",86,249,"0","-","0","0","0"
1,"QOvT0n",1,738,2025,29,"Bosnia and Herzegovina","BSN","BIH",202,"United States of America","USA","USA",86,249,"0","-","0","0","0"
1,"QOvT0n",1,739,1988,30,"Bulgaria","BUL","BGR",202,"United States of America","USA","USA",745,"0","0","-","0","0","0"
1,"QOvT0n",1,740,1989,30,"Bulgaria","BUL","BGR",202,"United States of America","USA","USA",727,"0","0","-","0","0","0"
1,"QOvT0n",1,741,1990,30,"Bulgaria","BUL","BGR",202,"United States of America","USA","USA",944,"0","0","-","0","0","0"
1,"QOvT0n",1,742,1991,30,"Bulgaria","BUL","BGR",202,"United States of America","USA","USA",1365,"0","0","-","0","0","0"
1,"QOvT0n",1,743,1992,30,"Bulgaria","BUL","BGR",202,"United States of America","USA","USA",1417,"0","0","-","0","0","0"
1,"QOvT0n",1,744,1993,30,"Bulgaria","BUL","BGR",202,"United States of America","USA","USA",1372,"0","0","-","0","0","0"
1,"QOvT0n",1,745,1994,30,"Bulgaria","BUL","BGR",202,"United States of America","USA","USA",1289,"0","0","-","0","0","0"
1,"QOvT0n",1,746,1995,30,"Bulgaria","BUL","BGR",202,"United States of America","USA","USA",1011,"0","0","-","0","0","0"
1,"QOvT0n",1,747,1996,30,"Bulgaria","BUL","BGR",202,"United States of America","USA","USA",501,"0","0","-","0","0","0"
1,"QOvT0n",1,748,1997,30,"Bulgaria","BUL","BGR",202,"United States of America","USA","USA",449,"0","0","-","0","0","0"
1,"QOvT0n",1,749,1998,30,"Bulgaria","BUL","BGR",202,"United States of America","USA","USA",503,"0","0","-","0","0","0"
1,"QOvT0n",1,750,1999,30,"Bulgaria","BUL","BGR",202,"United States of America","USA","USA",586,"0","0","-","0","0","0"
1,"QOvT0n",1,751,2000,30,"Bulgaria","BUL","BGR",202,"United States of America","USA","USA",649,600,"0","-","0","0","0"
1,"QOvT0n",1,752,2001,30,"Bulgaria","BUL","BGR",202,"United States of America","USA","USA",705,617,"0","-","0","0","0"
1,"QOvT0n",1,753,2002,30,"Bulgaria","BUL","BGR",202,"United States of America","USA","USA",703,615,"0","-","0","0","0"
1,"QOvT0n",1,754,2003,30,"Bulgaria","BUL","BGR",202,"United States of America","USA","USA",507,566,"0","-","0","0","0"
1,"QOvT0n",1,755,2004,30,"Bulgaria","BUL","BGR",202,"United States of America","USA","USA",440,536,"0","-","0","0","0"
1,"QOvT0n",1,756,2005,30,"Bulgaria","BUL","BGR",202,"United States of America","USA","USA",510,495,"0","-","0","0","0"
1,"QOvT0n",1,757,2006,30,"Bulgaria","BUL","BGR",202,"United States of America","USA","USA",1132,373,"0","-","0","0","0"
1,"QOvT0n",1,758,2007,30,"Bulgaria","BUL","BGR",202,"United States of America","USA","USA",1152,247,"0","-","0","0","0"
1,"QOvT0n",1,759,2008,30,"Bulgaria","BUL","BGR",202,"United States of America","USA","USA",1092,147,"0","-","0","0","0"
1,"QOvT0n",1,760,2009,30,"Bulgaria","BUL","BGR",202,"United States of America","USA","USA",1021,127,"0","-","0","0","0"
1,"QOvT0n",1,761,2010,30,"Bulgaria","BUL","BGR",202,"United States of America","USA","USA",961,6,"0","-","0","0","0"
1,"QOvT0n",1,762,2011,30,"Bulgaria","BUL","BGR",202,"United States of America","USA","USA",877,6,"0","-","0","0","0"
1,"QOvT0n",1,763,2012,30,"Bulgaria","BUL","BGR",202,"United States of America","USA","USA",796,12,"0","-","0","0","0"
1,"QOvT0n",1,764,2013,30,"Bulgaria","BUL","BGR",202,"United States of America","USA","USA",714,68,"0","-","0","0","0"
1,"QOvT0n",1,765,2014,30,"Bulgaria","BUL","BGR",202,"United States of America","USA","USA",652,122,"0","-","0","0","0"
1,"QOvT0n",1,766,2015,30,"Bulgaria","BUL","BGR",202,"United States of America","USA","USA",544,149,"0","-","0","0","0"
1,"QOvT0n",1,767,2016,30,"Bulgaria","BUL","BGR",202,"United States of America","USA","USA",432,185,"0","-","0","0","0"
1,"QOvT0n",1,768,2017,30,"Bulgaria","BUL","BGR",202,"United States of America","USA","USA",352,230,"0","-","0","0","0"
1,"QOvT0n",1,769,2018,30,"Bulgaria","BUL","BGR",202,"United States of America","USA","USA",277,254,"0","-","0","0","0"
1,"QOvT0n",1,770,2019,30,"Bulgaria","BUL","BGR",202,"United States of America","USA","USA",234,265,"0","-","0","0","0"
1,"QOvT0n",1,771,2020,30,"Bulgaria","BUL","BGR",202,"United States of America","USA","USA",200,283,"0","-","0","0","0"
1,"QOvT0n",1,772,2021,30,"Bulgaria","BUL","BGR",202,"United States of America","USA","USA",169,307,"0","-","0","0","0"
1,"QOvT0n",1,773,2022,30,"Bulgaria","BUL","BGR",202,"United States of America","USA","USA",144,305,"0","-","0","0","0"
1,"QOvT0n",1,774,2023,30,"Bulgaria","BUL","BGR",202,"United States of America","USA","USA",138,307,"0","-","0","0","0"
1,"QOvT0n",1,775,2024,30,"Bulgaria","BUL","BGR",202,"United States of America","USA","USA",132,310,"0","-","0","0","0"
1,"QOvT0n",1,776,2025,30,"Bulgaria","BUL","BGR",202,"United States of America","USA","USA",132,310,"0","-","0","0","0"
1,"QOvT0n",1,777,1999,31,"Belize","BZE","BLZ",202,"United States of America","USA","USA",6,"0","0","-","0","0","0"
1,"QOvT0n",1,778,2000,31,"Belize","BZE","BLZ",202,"United States of America","USA","USA",7,14,"0","-","0","0","0"
1,"QOvT0n",1,779,2001,31,"Belize","BZE","BLZ",202,"United States of America","USA","USA","0",22,"0","-","0","0","0"
1,"QOvT0n",1,780,2002,31,"Belize","BZE","BLZ",202,"United States of America","USA","USA","0",23,"0","-","0","0","0"
1,"QOvT0n",1,781,2003,31,"Belize","BZE","BLZ",202,"United States of America","USA","USA",9,22,"0","-","0","0","0"
1,"QOvT0n",1,782,2004,31,"Belize","BZE","BLZ",202,"United States of America","USA","USA",6,18,"0","-","0","0","0"
1,"QOvT0n",1,783,2005,31,"Belize","BZE","BLZ",202,"United States of America","USA","USA",5,19,"0","-","0","0","0"
1,"QOvT0n",1,784,2006,31,"Belize","BZE","BLZ",202,"United States of America","USA","USA",13,14,"0","-","0","0","0"
1,"QOvT0n",1,785,2007,31,"Belize","BZE","BLZ",202,"United States of America","USA","USA",13,"0","0","-","0","0","0"
1,"QOvT0n",1,786,2008,31,"Belize","BZE","BLZ",202,"United States of America","USA","USA",13,9,"0","-","0","0","0"
1,"QOvT0n",1,787,2009,31,"Belize","BZE","BLZ",202,"United States of America","USA","USA",11,9,"0","-","0","0","0"
1,"QOvT0n",1,788,2010,31,"Belize","BZE","BLZ",202,"United States of America","USA","USA",16,5,"0","-","0","0","0"
1,"QOvT0n",1,789,2011,31,"Belize","BZE","BLZ",202,"United States of America","USA","USA",24,"0","0","-","0","0","0"
1,"QOvT0n",1,790,2012,31,"Belize","BZE","BLZ",202,"United States of America","USA","USA",29,5,"0","-","0","0","0"
1,"QOvT0n",1,791,2013,31,"Belize","BZE","BLZ",202,"United States of America","USA","USA",30,48,"0","-","0","0","0"
1,"QOvT0n",1,792,2014,31,"Belize","BZE","BLZ",202,"United States of America","USA","USA",33,78,"0","-","0","0","0"
1,"QOvT0n",1,793,2015,31,"Belize","BZE","BLZ",202,"United States of America","USA","USA",38,91,"0","-","0","0","0"
1,"QOvT0n",1,794,2016,31,"Belize","BZE","BLZ",202,"United States of America","USA","USA",40,150,"0","-","0","0","0"
1,"QOvT0n",1,795,2017,31,"Belize","BZE","BLZ",202,"United States of America","USA","USA",43,194,"0","-","0","0","0"
1,"QOvT0n",1,796,2018,31,"Belize","BZE","BLZ",202,"United States of America","USA","USA",44,204,"0","-","0","0","0"
1,"QOvT0n",1,797,2019,31,"Belize","BZE","BLZ",202,"United States of America","USA","USA",43,239,"0","-","0","0","0"
1,"QOvT0n",1,798,2020,31,"Belize","BZE","BLZ",202,"United States of America","USA","USA",39,279,"0","-","0","0","0"
1,"QOvT0n",1,799,2021,31,"Belize","BZE","BLZ",202,"United States of America","USA","USA",38,296,"0","-","0","0","0"
1,"QOvT0n",1,800,2022,31,"Belize","BZE","BLZ",202,"United States of America","USA","USA",34,404,"0","-","0","0","0"
1,"QOvT0n",1,801,2023,31,"Belize","BZE","BLZ",202,"United States of America","USA","USA",38,880,"0","-","0","0","0"
1,"QOvT0n",1,802,2024,31,"Belize","BZE","BLZ",202,"United States of America","USA","USA",49,1291,"0","-","0","0","0"
1,"QOvT0n",1,803,2025,31,"Belize","BZE","BLZ",202,"United States of America","USA","USA",49,1291,"0","-","0","0","0"
1,"QOvT0n",1,804,1988,32,"Cambodia","CAM","KHM",202,"United States of America","USA","USA",53081,"0","0","-","0","0","0"
1,"QOvT0n",1,805,1989,32,"Cambodia","CAM","KHM",202,"United States of America","USA","USA",35146,"0","0","-","0","0","0"
1,"QOvT0n",1,806,1990,32,"Cambodia","CAM","KHM",202,"United States of America","USA","USA",16049,"0","0","-","0","0","0"
1,"QOvT0n",1,807,1991,32,"Cambodia","CAM","KHM",202,"United States of America","USA","USA",6260,"0","0","-","0","0","0"
1,"QOvT0n",1,808,1992,32,"Cambodia","CAM","KHM",202,"United States of America","USA","USA",4721,"0","0","-","0","0","0"
1,"QOvT0n",1,809,1993,32,"Cambodia","CAM","KHM",202,"United States of America","USA","USA",1916,"0","0","-","0","0","0"
1,"QOvT0n",1,810,1995,32,"Cambodia","CAM","KHM",202,"United States of America","USA","USA",55,"0","0","-","0","0","0"
1,"QOvT0n",1,811,1996,32,"Cambodia","CAM","KHM",202,"United States of America","USA","USA",67,"0","0","-","0","0","0"
1,"QOvT0n",1,812,1997,32,"Cambodia","CAM","KHM",202,"United States of America","USA","USA",82,"0","0","-","0","0","0"
1,"QOvT0n",1,813,1998,32,"Cambodia","CAM","KHM",202,"United States of America","USA","USA",231,"0","0","-","0","0","0"
1,"QOvT0n",1,814,1999,32,"Cambodia","CAM","KHM",202,"United States of America","USA","USA",409,"0","0","-","0","0","0"
1,"QOvT0n",1,815,2000,32,"Cambodia","CAM","KHM",202,"United States of America","USA","USA",458,186,"0","-","0","0","0"
1,"QOvT0n",1,816,2001,32,"Cambodia","CAM","KHM",202,"United States of America","USA","USA",513,236,"0","-","0","0","0"
1,"QOvT0n",1,817,2002,32,"Cambodia","CAM","KHM",202,"United States of America","USA","USA",549,358,"0","-","0","0","0"
1,"QOvT0n",1,818,2003,32,"Cambodia","CAM","KHM",202,"United States of America","USA","USA",334,348,"0","-","0","0","0"
1,"QOvT0n",1,819,2004,32,"Cambodia","CAM","KHM",202,"United States of America","USA","USA",300,333,"0","-","0","0","0"
1,"QOvT0n",1,820,2005,32,"Cambodia","CAM","KHM",202,"United States of America","USA","USA",315,271,"0","-","0","0","0"
1,"QOvT0n",1,821,2006,32,"Cambodia","CAM","KHM",202,"United States of America","USA","USA",828,201,"0","-","0","0","0"
1,"QOvT0n",1,822,2007,32,"Cambodia","CAM","KHM",202,"United States of America","USA","USA",816,104,"0","-","0","0","0"
1,"QOvT0n",1,823,2008,32,"Cambodia","CAM","KHM",202,"United States of America","USA","USA",663,75,"0","-","0","0","0"
1,"QOvT0n",1,824,2009,32,"Cambodia","CAM","KHM",202,"United States of America","USA","USA",508,73,"0","-","0","0","0"
1,"QOvT0n",1,825,2010,32,"Cambodia","CAM","KHM",202,"United States of America","USA","USA",426,5,"0","-","0","0","0"
1,"QOvT0n",1,826,2011,32,"Cambodia","CAM","KHM",202,"United States of America","USA","USA",403,5,"0","-","0","0","0"
1,"QOvT0n",1,827,2012,32,"Cambodia","CAM","KHM",202,"United States of America","USA","USA",356,5,"0","-","0","0","0"
1,"QOvT0n",1,828,2013,32,"Cambodia","CAM","KHM",202,"United States of America","USA","USA",343,35,"0","-","0","0","0"
1,"QOvT0n",1,829,2014,32,"Cambodia","CAM","KHM",202,"United States of America","USA","USA",267,35,"0","-","0","0","0"
1,"QOvT0n",1,830,2015,32,"Cambodia","CAM","KHM",202,"United States of America","USA","USA",208,49,"0","-","0","0","0"
1,"QOvT0n",1,831,2016,32,"Cambodia","CAM","KHM",202,"United States of America","USA","USA",175,40,"0","-","0","0","0"
1,"QOvT0n",1,832,2017,32,"Cambodia","CAM","KHM",202,"United States of America","USA","USA",139,46,"0","-","0","0","0"
1,"QOvT0n",1,833,2018,32,"Cambodia","CAM","KHM",202,"United States of America","USA","USA",148,64,"0","-","0","0","0"
1,"QOvT0n",1,834,2019,32,"Cambodia","CAM","KHM",202,"United States of America","USA","USA",142,63,"0","-","0","0","0"
1,"QOvT0n",1,835,2020,32,"Cambodia","CAM","KHM",202,"United States of America","USA","USA",128,71,"0","-","0","0","0"
1,"QOvT0n",1,836,2021,32,"Cambodia","CAM","KHM",202,"United States of America","USA","USA",120,69,"0","-","0","0","0"
1,"QOvT0n",1,837,2022,32,"Cambodia","CAM","KHM",202,"United States of America","USA","USA",108,92,"0","-","0","0","0"
1,"QOvT0n",1,838,2023,32,"Cambodia","CAM","KHM",202,"United States of America","USA","USA",69,96,"0","-","0","0","0"
1,"QOvT0n",1,839,2024,32,"Cambodia","CAM","KHM",202,"United States of America","USA","USA",67,125,"0","-","0","0","0"
1,"QOvT0n",1,840,2025,32,"Cambodia","CAM","KHM",202,"United States of America","USA","USA",67,125,"0","-","0","0","0"
1,"QOvT0n",1,841,1996,33,"Canada","CAN","CAN",202,"United States of America","USA","USA",5,"0","0","-","0","0","0"
1,"QOvT0n",1,842,1997,33,"Canada","CAN","CAN",202,"United States of America","USA","USA",7,"0","0","-","0","0","0"
1,"QOvT0n",1,843,1998,33,"Canada","CAN","CAN",202,"United States of America","USA","USA",11,"0","0","-","0","0","0"
1,"QOvT0n",1,844,1999,33,"Canada","CAN","CAN",202,"United States of America","USA","USA",14,"0","0","-","0","0","0"
1,"QOvT0n",1,845,2000,33,"Canada","CAN","CAN",202,"United States of America","USA","USA",20,7,"0","-","0","0","0"
1,"QOvT0n",1,846,2001,33,"Canada","CAN","CAN",202,"United States of America","USA","USA","0",9,"0","-","0","0","0"
1,"QOvT0n",1,847,2002,33,"Canada","CAN","CAN",202,"United States of America","USA","USA","0",20,"0","-","0","0","0"
1,"QOvT0n",1,848,2003,33,"Canada","CAN","CAN",202,"United States of America","USA","USA",13,22,"0","-","0","0","0"
1,"QOvT0n",1,849,2004,33,"Canada","CAN","CAN",202,"United States of America","USA","USA",17,18,"0","-","0","0","0"
1,"QOvT0n",1,850,2005,33,"Canada","CAN","CAN",202,"United States of America","USA","USA",11,35,"0","-","0","0","0"
1,"QOvT0n",1,851,2006,33,"Canada","CAN","CAN",202,"United States of America","USA","USA",37,44,"0","-","0","0","0"
1,"QOvT0n",1,852,2007,33,"Canada","CAN","CAN",202,"United States of America","USA","USA",38,13,"0","-","0","0","0"
1,"QOvT0n",1,853,2008,33,"Canada","CAN","CAN",202,"United States of America","USA","USA",32,9,"0","-","0","0","0"
1,"QOvT0n",1,854,2009,33,"Canada","CAN","CAN",202,"United States of America","USA","USA",40,9,"0","-","0","0","0"
1,"QOvT0n",1,855,2010,33,"Canada","CAN","CAN",202,"United States of America","USA","USA",40,"0","0","-","0","0","0"
1,"QOvT0n",1,856,2011,33,"Canada","CAN","CAN",202,"United States of America","USA","USA",55,"0","0","-","0","0","0"
1,"QOvT0n",1,857,2012,33,"Canada","CAN","CAN",202,"United States of America","USA","USA",58,"0","0","-","0","0","0"
1,"QOvT0n",1,858,2013,33,"Canada","CAN","CAN",202,"United States of America","USA","USA",54,13,"0","-","0","0","0"
1,"QOvT0n",1,859,2014,33,"Canada","CAN","CAN",202,"United States of America","USA","USA",49,41,"0","-","0","0","0"
1,"QOvT0n",1,860,2015,33,"Canada","CAN","CAN",202,"United States of America","USA","USA",45,38,"0","-","0","0","0"
1,"QOvT0n",1,861,2016,33,"Canada","CAN","CAN",202,"United States of America","USA","USA",43,37,"0","-","0","0","0"
1,"QOvT0n",1,862,2017,33,"Canada","CAN","CAN",202,"United States of America","USA","USA",42,40,"0","-","0","0","0"
1,"QOvT0n",1,863,2018,33,"Canada","CAN","CAN",202,"United States of America","USA","USA",42,54,"0","-","0","0","0"
1,"QOvT0n",1,864,2019,33,"Canada","CAN","CAN",202,"United States of America","USA","USA",31,55,"0","-","0","0","0"
1,"QOvT0n",1,865,2020,33,"Canada","CAN","CAN",202,"United States of America","USA","USA",26,65,"0","-","0","0","0"
1,"QOvT0n",1,866,2021,33,"Canada","CAN","CAN",202,"United States of America","USA","USA",15,82,"0","-","0","0","0"
1,"QOvT0n",1,867,2022,33,"Canada","CAN","CAN",202,"United States of America","USA","USA",29,132,"0","-","0","0","0"
1,"QOvT0n",1,868,2023,33,"Canada","CAN","CAN",202,"United States of America","USA","USA",29,213,"0","-","0","0","0"
1,"QOvT0n",1,869,2024,33,"Canada","CAN","CAN",202,"United States of America","USA","USA",29,262,"0","-","0","0","0"
1,"QOvT0n",1,870,2025,33,"Canada","CAN","CAN",202,"United States of America","USA","USA",29,262,"0","-","0","0","0"
1,"QOvT0n",1,871,1998,34,"Central African Rep.","CAR","CAF",202,"United States of America","USA","USA",5,"0","0","-","0","0","0"
1,"QOvT0n",1,872,1999,34,"Central African Rep.","CAR","CAF",202,"United States of America","USA","USA",8,"0","0","-","0","0","0"
1,"QOvT0n",1,873,2000,34,"Central African Rep.","CAR","CAF",202,"United States of America","USA","USA",7,5,"0","-","0","0","0"
1,"QOvT0n",1,874,2001,34,"Central African Rep.","CAR","CAF",202,"United States of America","USA","USA","0",15,"0","-","0","0","0"
1,"QOvT0n",1,875,2002,34,"Central African Rep.","CAR","CAF",202,"United States of America","USA","USA","0",69,"0","-","0","0","0"
1,"QOvT0n",1,876,2003,34,"Central African Rep.","CAR","CAF",202,"United States of America","USA","USA",65,99,"0","-","0","0","0"
1,"QOvT0n",1,877,2004,34,"Central African Rep.","CAR","CAF",202,"United States of America","USA","USA",95,112,"0","-","0","0","0"
1,"QOvT0n",1,878,2005,34,"Central African Rep.","CAR","CAF",202,"United States of America","USA","USA",167,84,"0","-","0","0","0"
1,"QOvT0n",1,879,2006,34,"Central African Rep.","CAR","CAF",202,"United States of America","USA","USA",199,64,"0","-","0","0","0"
1,"QOvT0n",1,880,2007,34,"Central African Rep.","CAR","CAF",202,"United States of America","USA","USA",165,24,"0","-","0","0","0"
1,"QOvT0n",1,881,2008,34,"Central African Rep.","CAR","CAF",202,"United States of America","USA","USA",185,37,"0","-","0","0","0"
1,"QOvT0n",1,882,2009,34,"Central African Rep.","CAR","CAF",202,"United States of America","USA","USA",213,36,"0","-","0","0","0"
1,"QOvT0n",1,883,2010,34,"Central African Rep.","CAR","CAF",202,"United States of America","USA","USA",241,8,"0","-","0","0","0"
1,"QOvT0n",1,884,2011,34,"Central African Rep.","CAR","CAF",202,"United States of America","USA","USA",246,7,"0","-","0","0","0"
1,"QOvT0n",1,885,2012,34,"Central African Rep.","CAR","CAF",202,"United States of America","USA","USA",228,11,"0","-","0","0","0"
1,"QOvT0n",1,886,2013,34,"Central African Rep.","CAR","CAF",202,"United States of America","USA","USA",209,24,"0","-","0","0","0"
1,"QOvT0n",1,887,2014,34,"Central African Rep.","CAR","CAF",202,"United States of America","USA","USA",215,83,"0","-","0","0","0"
1,"QOvT0n",1,888,2015,34,"Central African Rep.","CAR","CAF",202,"United States of America","USA","USA",211,95,"0","-","0","0","0"
1,"QOvT0n",1,889,2016,34,"Central African Rep.","CAR","CAF",202,"United States of America","USA","USA",197,112,"0","-","0","0","0"
1,"QOvT0n",1,890,2017,34,"Central African Rep.","CAR","CAF",202,"United States of America","USA","USA",210,116,"0","-","0","0","0"
1,"QOvT0n",1,891,2018,34,"Central African Rep.","CAR","CAF",202,"United States of America","USA","USA",215,106,"0","-","0","0","0"
1,"QOvT0n",1,892,2019,34,"Central African Rep.","CAR","CAF",202,"United States of America","USA","USA",199,99,"0","-","0","0","0"
1,"QOvT0n",1,893,2020,34,"Central African Rep.","CAR","CAF",202,"United States of America","USA","USA",181,111,"0","-","0","0","0"
1,"QOvT0n",1,894,2021,34,"Central African Rep.","CAR","CAF",202,"United States of America","USA","USA",175,143,"0","-","0","0","0"
1,"QOvT0n",1,895,2022,34,"Central African Rep.","CAR","CAF",202,"United States of America","USA","USA",170,143,"0","-","0","0","0"
1,"QOvT0n",1,896,2023,34,"Central African Rep.","CAR","CAF",202,"United States of America","USA","USA",165,139,"0","-","0","0","0"
1,"QOvT0n",1,897,2024,34,"Central African Rep.","CAR","CAF",202,"United States of America","USA","USA",160,157,"0","-","0","0","0"
1,"QOvT0n",1,898,2025,34,"Central African Rep.","CAR","CAF",202,"United States of America","USA","USA",160,157,"0","-","0","0","0"
1,"QOvT0n",1,899,2013,35,"Cayman Islands","CAY","CYM",202,"United States of America","USA","USA",6,"0","0","-","0","0","0"
1,"QOvT0n",1,900,2014,35,"Cayman Islands","CAY","CYM",202,"United States of America","USA","USA",6,"0","0","-","0","0","0"
1,"QOvT0n",1,901,2015,35,"Cayman Islands","CAY","CYM",202,"United States of America","USA","USA",6,"0","0","-","0","0","0"
1,"QOvT0n",1,902,2016,35,"Cayman Islands","CAY","CYM",202,"United States of America","USA","USA",6,"0","0","-","0","0","0"
1,"QOvT0n",1,903,2017,35,"Cayman Islands","CAY","CYM",202,"United States of America","USA","USA",6,"0","0","-","0","0","0"
1,"QOvT0n",1,904,2018,35,"Cayman Islands","CAY","CYM",202,"United States of America","USA","USA",6,"0","0","-","0","0","0"
1,"QOvT0n",1,905,2019,35,"Cayman Islands","CAY","CYM",202,"United States of America","USA","USA",6,"0","0","-","0","0","0"
1,"QOvT0n",1,906,2020,35,"Cayman Islands","CAY","CYM",202,"United States of America","USA","USA",5,"0","0","-","0","0","0"
1,"QOvT0n",1,907,2021,35,"Cayman Islands","CAY","CYM",202,"United States of America","USA","USA",5,"0","0","-","0","0","0"
1,"QOvT0n",1,908,2022,35,"Cayman Islands","CAY","CYM",202,"United States of America","USA","USA",5,"0","0","-","0","0","0"
1,"QOvT0n",1,909,1997,36,"Chad","CHD","TCD",202,"United States of America","USA","USA",46,"0","0","-","0","0","0"
1,"QOvT0n",1,910,1998,36,"Chad","CHD","TCD",202,"United States of America","USA","USA",102,"0","0","-","0","0","0"
1,"QOvT0n",1,911,1999,36,"Chad","CHD","TCD",202,"United States of America","USA","USA",150,"0","0","-","0","0","0"
1,"QOvT0n",1,912,2000,36,"Chad","CHD","TCD",202,"United States of America","USA","USA",156,15,"0","-","0","0","0"
1,"QOvT0n",1,913,2001,36,"Chad","CHD","TCD",202,"United States of America","USA","USA","0",27,"0","-","0","0","0"
1,"QOvT0n",1,914,2002,36,"Chad","CHD","TCD",202,"United States of America","USA","USA","0",25,"0","-","0","0","0"
1,"QOvT0n",1,915,2003,36,"Chad","CHD","TCD",202,"United States of America","USA","USA",86,44,"0","-","0","0","0"
1,"QOvT0n",1,916,2004,36,"Chad","CHD","TCD",202,"United States of America","USA","USA",84,51,"0","-","0","0","0"
1,"QOvT0n",1,917,2005,36,"Chad","CHD","TCD",202,"United States of America","USA","USA",136,72,"0","-","0","0","0"
1,"QOvT0n",1,918,2006,36,"Chad","CHD","TCD",202,"United States of America","USA","USA",317,117,"0","-","0","0","0"
1,"QOvT0n",1,919,2007,36,"Chad","CHD","TCD",202,"United States of America","USA","USA",260,103,"0","-","0","0","0"
1,"QOvT0n",1,920,2008,36,"Chad","CHD","TCD",202,"United States of America","USA","USA",305,103,"0","-","0","0","0"
1,"QOvT0n",1,921,2009,36,"Chad","CHD","TCD",202,"United States of America","USA","USA",370,93,"0","-","0","0","0"
1,"QOvT0n",1,922,2010,36,"Chad","CHD","TCD",202,"United States of America","USA","USA",417,11,"0","-","0","0","0"
1,"QOvT0n",1,923,2011,36,"Chad","CHD","TCD",202,"United States of America","USA","USA",429,9,"0","-","0","0","0"
1,"QOvT0n",1,924,2012,36,"Chad","CHD","TCD",202,"United States of America","USA","USA",436,8,"0","-","0","0","0"
1,"QOvT0n",1,925,2013,36,"Chad","CHD","TCD",202,"United States of America","USA","USA",414,30,"0","-","0","0","0"
1,"QOvT0n",1,926,2014,36,"Chad","CHD","TCD",202,"United States of America","USA","USA",403,96,"0","-","0","0","0"
1,"QOvT0n",1,927,2015,36,"Chad","CHD","TCD",202,"United States of America","USA","USA",390,154,"0","-","0","0","0"
1,"QOvT0n",1,928,2016,36,"Chad","CHD","TCD",202,"United States of America","USA","USA",363,185,"0","-","0","0","0"
1,"QOvT0n",1,929,2017,36,"Chad","CHD","TCD",202,"United States of America","USA","USA",335,218,"0","-","0","0","0"
1,"QOvT0n",1,930,2018,36,"Chad","CHD","TCD",202,"United States of America","USA","USA",309,212,"0","-","0","0","0"
1,"QOvT0n",1,931,2019,36,"Chad","CHD","TCD",202,"United States of America","USA","USA",276,223,"0","-","0","0","0"
1,"QOvT0n",1,932,2020,36,"Chad","CHD","TCD",202,"United States of America","USA","USA",242,241,"0","-","0","0","0"
1,"QOvT0n",1,933,2021,36,"Chad","CHD","TCD",202,"United States of America","USA","USA",220,273,"0","-","0","0","0"
1,"QOvT0n",1,934,2022,36,"Chad","CHD","TCD",202,"United States of America","USA","USA",221,298,"0","-","0","0","0"
1,"QOvT0n",1,935,2023,36,"Chad","CHD","TCD",202,"United States of America","USA","USA",218,558,"0","-","0","0","0"
1,"QOvT0n",1,936,2024,36,"Chad","CHD","TCD",202,"United States of America","USA","USA",215,1062,"0","-","0","0","0"
1,"QOvT0n",1,937,2025,36,"Chad","CHD","TCD",202,"United States of America","USA","USA",215,1062,"0","-","0","0","0"
1,"QOvT0n",1,938,1988,37,"China","CHI","CHN",202,"United States of America","USA","USA",229,"0","0","-","0","0","0"
1,"QOvT0n",1,939,1989,37,"China","CHI","CHN",202,"United States of America","USA","USA",368,"0","0","-","0","0","0"
1,"QOvT0n",1,940,1990,37,"China","CHI","CHN",202,"United States of America","USA","USA",1025,"0","0","-","0","0","0"
1,"QOvT0n",1,941,1991,37,"China","CHI","CHN",202,"United States of America","USA","USA",1355,"0","0","-","0","0","0"
1,"QOvT0n",1,942,1992,37,"China","CHI","CHN",202,"United States of America","USA","USA",1606,"0","0","-","0","0","0"
1,"QOvT0n",1,943,1993,37,"China","CHI","CHN",202,"United States of America","USA","USA",1852,"0","0","-","0","0","0"
1,"QOvT0n",1,944,1994,37,"China","CHI","CHN",202,"United States of America","USA","USA",2111,"0","0","-","0","0","0"
1,"QOvT0n",1,945,1995,37,"China","CHI","CHN",202,"United States of America","USA","USA",2120,"0","0","-","0","0","0"
1,"QOvT0n",1,946,1996,37,"China","CHI","CHN",202,"United States of America","USA","USA",2477,"0","0","-","0","0","0"
1,"QOvT0n",1,947,1997,37,"China","CHI","CHN",202,"United States of America","USA","USA",3509,"0","0","-","0","0","0"
1,"QOvT0n",1,948,1998,37,"China","CHI","CHN",202,"United States of America","USA","USA",5418,"0","0","-","0","0","0"
1,"QOvT0n",1,949,1999,37,"China","CHI","CHN",202,"United States of America","USA","USA",7499,"0","0","-","0","0","0"
1,"QOvT0n",1,950,2000,37,"China","CHI","CHN",202,"United States of America","USA","USA",11148,11810,"0","-","0","0","0"
1,"QOvT0n",1,951,2001,37,"China","CHI","CHN",202,"United States of America","USA","USA",17105,13359,"0","-","0","0","0"
1,"QOvT0n",1,952,2002,37,"China","CHI","CHN",202,"United States of America","USA","USA",23696,15587,"0","-","0","0","0"
1,"QOvT0n",1,953,2003,37,"China","CHI","CHN",202,"United States of America","USA","USA",21300,12776,"0","-","0","0","0"
1,"QOvT0n",1,954,2004,37,"China","CHI","CHN",202,"United States of America","USA","USA",18956,10301,"0","-","0","0","0"
1,"QOvT0n",1,955,2005,37,"China","CHI","CHN",202,"United States of America","USA","USA",26131,10005,"0","-","0","0","0"
1,"QOvT0n",1,956,2006,37,"China","CHI","CHN",202,"United States of America","USA","USA",41007,11151,"0","-","0","0","0"
1,"QOvT0n",1,957,2007,37,"China","CHI","CHN",202,"United States of America","USA","USA",45194,8835,"0","-","0","0","0"
1,"QOvT0n",1,958,2008,37,"China","CHI","CHN",202,"United States of America","USA","USA",47277,11964,"0","-","0","0","0"
1,"QOvT0n",1,959,2009,37,"China","CHI","CHN",202,"United States of America","USA","USA",51480,11916,"0","-","0","0","0"
1,"QOvT0n",1,960,2010,37,"China","CHI","CHN",202,"United States of America","USA","USA",54598,1553,"0","-","0","0","0"
1,"QOvT0n",1,961,2011,37,"China","CHI","CHN",202,"United States of America","USA","USA",58352,3426,"0","-","0","0","0"
1,"QOvT0n",1,962,2012,37,"China","CHI","CHN",202,"United States of America","USA","USA",60615,5403,"0","-","0","0","0"
1,"QOvT0n",1,963,2013,37,"China","CHI","CHN",202,"United States of America","USA","USA",65558,12398,"0","-","0","0","0"
1,"QOvT0n",1,964,2014,37,"China","CHI","CHN",202,"United States of America","USA","USA",71902,37242,"0","-","0","0","0"
1,"QOvT0n",1,965,2015,37,"China","CHI","CHN",202,"United States of America","USA","USA",74020,45500,"0","-","0","0","0"
1,"QOvT0n",1,966,2016,37,"China","CHI","CHN",202,"United States of America","USA","USA",72507,57450,"0","-","0","0","0"
1,"QOvT0n",1,967,2017,37,"China","CHI","CHN",202,"United States of America","USA","USA",74476,68414,"0","-","0","0","0"
1,"QOvT0n",1,968,2018,37,"China","CHI","CHN",202,"United States of America","USA","USA",77710,66561,"0","-","0","0","0"
1,"QOvT0n",1,969,2019,37,"China","CHI","CHN",202,"United States of America","USA","USA",78752,68794,"0","-","0","0","0"
1,"QOvT0n",1,970,2020,37,"China","CHI","CHN",202,"United States of America","USA","USA",74948,75843,"0","-","0","0","0"
1,"QOvT0n",1,971,2021,37,"China","CHI","CHN",202,"United States of America","USA","USA",68937,88722,"0","-","0","0","0"
1,"QOvT0n",1,972,2022,37,"China","CHI","CHN",202,"United States of America","USA","USA",64066,88554,"0","-","0","0","0"
1,"QOvT0n",1,973,2023,37,"China","CHI","CHN",202,"United States of America","USA","USA",61378,112495,"0","-","0","0","0"
1,"QOvT0n",1,974,2024,37,"China","CHI","CHN",202,"United States of America","USA","USA",60044,147909,"0","-","0","0","0"
1,"QOvT0n",1,975,2025,37,"China","CHI","CHN",202,"United States of America","USA","USA",60044,147909,"0","-","0","0","0"
1,"QOvT0n",1,976,1997,38,"Chile","CHL","CHL",202,"United States of America","USA","USA",5,"0","0","-","0","0","0"
1,"QOvT0n",1,977,1998,38,"Chile","CHL","CHL",202,"United States of America","USA","USA",14,"0","0","-","0","0","0"
1,"QOvT0n",1,978,1999,38,"Chile","CHL","CHL",202,"United States of America","USA","USA",14,"0","0","-","0","0","0"
1,"QOvT0n",1,979,2000,38,"Chile","CHL","CHL",202,"United States of America","USA","USA",17,42,"0","-","0","0","0"
1,"QOvT0n",1,980,2001,38,"Chile","CHL","CHL",202,"United States of America","USA","USA","0",45,"0","-","0","0","0"
1,"QOvT0n",1,981,2002,38,"Chile","CHL","CHL",202,"United States of America","USA","USA","0",73,"0","-","0","0","0"
1,"QOvT0n",1,982,2003,38,"Chile","CHL","CHL",202,"United States of America","USA","USA",29,58,"0","-","0","0","0"
1,"QOvT0n",1,983,2004,38,"Chile","CHL","CHL",202,"United States of America","USA","USA",44,40,"0","-","0","0","0"
1,"QOvT0n",1,984,2005,38,"Chile","CHL","CHL",202,"United States of America","USA","USA",59,25,"0","-","0","0","0"
1,"QOvT0n",1,985,2006,38,"Chile","CHL","CHL",202,"United States of America","USA","USA",78,20,"0","-","0","0","0"
1,"QOvT0n",1,986,2007,38,"Chile","CHL","CHL",202,"United States of America","USA","USA",81,8,"0","-","0","0","0"
1,"QOvT0n",1,987,2008,38,"Chile","CHL","CHL",202,"United States of America","USA","USA",74,7,"0","-","0","0","0"
1,"QOvT0n",1,988,2009,38,"Chile","CHL","CHL",202,"United States of America","USA","USA",82,7,"0","-","0","0","0"
1,"QOvT0n",1,989,2010,38,"Chile","CHL","CHL",202,"United States of America","USA","USA",81,5,"0","-","0","0","0"
1,"QOvT0n",1,990,2011,38,"Chile","CHL","CHL",202,"United States of America","USA","USA",74,6,"0","-","0","0","0"
1,"QOvT0n",1,991,2012,38,"Chile","CHL","CHL",202,"United States of America","USA","USA",69,5,"0","-","0","0","0"
1,"QOvT0n",1,992,2013,38,"Chile","CHL","CHL",202,"United States of America","USA","USA",60,30,"0","-","0","0","0"
1,"QOvT0n",1,993,2014,38,"Chile","CHL","CHL",202,"United States of America","USA","USA",42,59,"0","-","0","0","0"
1,"QOvT0n",1,994,2015,38,"Chile","CHL","CHL",202,"United States of America","USA","USA",33,85,"0","-","0","0","0"
1,"QOvT0n",1,995,2016,38,"Chile","CHL","CHL",202,"United States of America","USA","USA",29,105,"0","-","0","0","0"
1,"QOvT0n",1,996,2017,38,"Chile","CHL","CHL",202,"United States of America","USA","USA",27,161,"0","-","0","0","0"
1,"QOvT0n",1,997,2018,38,"Chile","CHL","CHL",202,"United States of America","USA","USA",25,179,"0","-","0","0","0"
1,"QOvT0n",1,998,2019,38,"Chile","CHL","CHL",202,"United States of America","USA","USA",23,220,"0","-","0","0","0"
1,"QOvT0n",1,999,2020,38,"Chile","CHL","CHL",202,"United States of America","USA","USA",21,418,"0","-","0","0","0"
1,"QOvT0n",1,1000,2021,38,"Chile","CHL","CHL",202,"United States of America","USA","USA",23,874,"0","-","0","0","0"
1,"QOvT0n",1,1001,2022,38,"Chile","CHL","CHL",202,"United States of America","USA","USA",87,2850,"0","-","0","0","0"
1,"QOvT0n",1,1002,2023,38,"Chile","CHL","CHL",202,"United States of America","USA","USA",131,7983,"0","-","0","0","0"
1,"QOvT0n",1,1003,2024,38,"Chile","CHL","CHL",202,"United States of America","USA","USA",147,12653,"0","-","0","0","0"
1,"QOvT0n",1,1004,2025,38,"Chile","CHL","CHL",202,"United States of America","USA","USA",147,12653,"0","-","0","0","0"
1,"QOvT0n",1,1005,1992,39,"Cameroon","CMR","CMR",202,"United States of America","USA","USA",19,"0","0","-","0","0","0"
1,"QOvT0n",1,1006,1993,39,"Cameroon","CMR","CMR",202,"United States of America","USA","USA",45,"0","0","-","0","0","0"
1,"QOvT0n",1,1007,1994,39,"Cameroon","CMR","CMR",202,"United States of America","USA","USA",119,"0","0","-","0","0","0"
1,"QOvT0n",1,1008,1995,39,"Cameroon","CMR","CMR",202,"United States of America","USA","USA",304,"0","0","-","0","0","0"
1,"QOvT0n",1,1009,1996,39,"Cameroon","CMR","CMR",202,"United States of America","USA","USA",423,"0","0","-","0","0","0"
1,"QOvT0n",1,1010,1997,39,"Cameroon","CMR","CMR",202,"United States of America","USA","USA",547,"0","0","-","0","0","0"
1,"QOvT0n",1,1011,1998,39,"Cameroon","CMR","CMR",202,"United States of America","USA","USA",755,"0","0","-","0","0","0"
1,"QOvT0n",1,1012,1999,39,"Cameroon","CMR","CMR",202,"United States of America","USA","USA",1006,"0","0","-","0","0","0"
1,"QOvT0n",1,1013,2000,39,"Cameroon","CMR","CMR",202,"United States of America","USA","USA",1376,440,"0","-","0","0","0"
1,"QOvT0n",1,1014,2001,39,"Cameroon","CMR","CMR",202,"United States of America","USA","USA",1849,492,"0","-","0","0","0"
1,"QOvT0n",1,1015,2002,39,"Cameroon","CMR","CMR",202,"United States of America","USA","USA",2759,876,"0","-","0","0","0"
1,"QOvT0n",1,1016,2003,39,"Cameroon","CMR","CMR",202,"United States of America","USA","USA",2962,1226,"0","-","0","0","0"
1,"QOvT0n",1,1017,2004,39,"Cameroon","CMR","CMR",202,"United States of America","USA","USA",3413,1319,"0","-","0","0","0"
1,"QOvT0n",1,1018,2005,39,"Cameroon","CMR","CMR",202,"United States of America","USA","USA",4684,1066,"0","-","0","0","0"
1,"QOvT0n",1,1019,2006,39,"Cameroon","CMR","CMR",202,"United States of America","USA","USA",6712,870,"0","-","0","0","0"
1,"QOvT0n",1,1020,2007,39,"Cameroon","CMR","CMR",202,"United States of America","USA","USA",7067,730,"0","-","0","0","0"
1,"QOvT0n",1,1021,2008,39,"Cameroon","CMR","CMR",202,"United States of America","USA","USA",7278,641,"0","-","0","0","0"
1,"QOvT0n",1,1022,2009,39,"Cameroon","CMR","CMR",202,"United States of America","USA","USA",7420,562,"0","-","0","0","0"
1,"QOvT0n",1,1023,2010,39,"Cameroon","CMR","CMR",202,"United States of America","USA","USA",7299,68,"0","-","0","0","0"
1,"QOvT0n",1,1024,2011,39,"Cameroon","CMR","CMR",202,"United States of America","USA","USA",7282,98,"0","-","0","0","0"
1,"QOvT0n",1,1025,2012,39,"Cameroon","CMR","CMR",202,"United States of America","USA","USA",6676,121,"0","-","0","0","0"
1,"QOvT0n",1,1026,2013,39,"Cameroon","CMR","CMR",202,"United States of America","USA","USA",5714,431,"0","-","0","0","0"
1,"QOvT0n",1,1027,2014,39,"Cameroon","CMR","CMR",202,"United States of America","USA","USA",5016,915,"0","-","0","0","0"
1,"QOvT0n",1,1028,2015,39,"Cameroon","CMR","CMR",202,"United States of America","USA","USA",4530,1580,"0","-","0","0","0"
1,"QOvT0n",1,1029,2016,39,"Cameroon","CMR","CMR",202,"United States of America","USA","USA",4085,2753,"0","-","0","0","0"
1,"QOvT0n",1,1030,2017,39,"Cameroon","CMR","CMR",202,"United States of America","USA","USA",3992,4056,"0","-","0","0","0"
1,"QOvT0n",1,1031,2018,39,"Cameroon","CMR","CMR",202,"United States of America","USA","USA",4300,4414,"0","-","0","0","0"
1,"QOvT0n",1,1032,2019,39,"Cameroon","CMR","CMR",202,"United States of America","USA","USA",5000,5078,"0","-","0","0","0"
1,"QOvT0n",1,1033,2020,39,"Cameroon","CMR","CMR",202,"United States of America","USA","USA",5204,5274,"0","-","0","0","0"
1,"QOvT0n",1,1034,2021,39,"Cameroon","CMR","CMR",202,"United States of America","USA","USA",5081,5485,"0","-","0","0","0"
1,"QOvT0n",1,1035,2022,39,"Cameroon","CMR","CMR",202,"United States of America","USA","USA",5214,5885,"0","-","0","0","0"
1,"QOvT0n",1,1036,2023,39,"Cameroon","CMR","CMR",202,"United States of America","USA","USA",5562,8984,"0","-","0","0","0"
1,"QOvT0n",1,1037,2024,39,"Cameroon","CMR","CMR",202,"United States of America","USA","USA",5898,10269,"0","-","0","0","0"
1,"QOvT0n",1,1038,2025,39,"Cameroon","CMR","CMR",202,"United States of America","USA","USA",5898,10269,"0","-","0","0","0"
1,"QOvT0n",1,1039,1997,40,"Congo","COB","COG",202,"United States of America","USA","USA",5,"0","0","-","0","0","0"
1,"QOvT0n",1,1040,1998,40,"Congo","COB","COG",202,"United States of America","USA","USA",133,"0","0","-","0","0","0"
1,"QOvT0n",1,1041,1999,40,"Congo","COB","COG",202,"United States of America","USA","USA",509,"0","0","-","0","0","0"
1,"QOvT0n",1,1042,2000,40,"Congo","COB","COG",202,"United States of America","USA","USA",917,387,"0","-","0","0","0"
1,"QOvT0n",1,1043,2001,40,"Congo","COB","COG",202,"United States of America","USA","USA",1224,513,"0","-","0","0","0"
1,"QOvT0n",1,1044,2002,40,"Congo","COB","COG",202,"United States of America","USA","USA",1640,666,"0","-","0","0","0"
1,"QOvT0n",1,1045,2003,40,"Congo","COB","COG",202,"United States of America","USA","USA",1622,670,"0","-","0","0","0"
1,"QOvT0n",1,1046,2004,40,"Congo","COB","COG",202,"United States of America","USA","USA",1499,504,"0","-","0","0","0"
1,"QOvT0n",1,1047,2005,40,"Congo","COB","COG",202,"United States of America","USA","USA",1608,426,"0","-","0","0","0"
1,"QOvT0n",1,1048,2006,40,"Congo","COB","COG",202,"United States of America","USA","USA",2763,358,"0","-","0","0","0"
1,"QOvT0n",1,1049,2007,40,"Congo","COB","COG",202,"United States of America","USA","USA",2617,249,"0","-","0","0","0"
1,"QOvT0n",1,1050,2008,40,"Congo","COB","COG",202,"United States of America","USA","USA",2580,172,"0","-","0","0","0"
1,"QOvT0n",1,1051,2009,40,"Congo","COB","COG",202,"United States of America","USA","USA",2327,158,"0","-","0","0","0"
1,"QOvT0n",1,1052,2010,40,"Congo","COB","COG",202,"United States of America","USA","USA",2071,39,"0","-","0","0","0"
1,"QOvT0n",1,1053,2011,40,"Congo","COB","COG",202,"United States of America","USA","USA",1853,69,"0","-","0","0","0"
1,"QOvT0n",1,1054,2012,40,"Congo","COB","COG",202,"United States of America","USA","USA",1608,103,"0","-","0","0","0"
1,"QOvT0n",1,1055,2013,40,"Congo","COB","COG",202,"United States of America","USA","USA",1491,271,"0","-","0","0","0"
1,"QOvT0n",1,1056,2014,40,"Congo","COB","COG",202,"United States of America","USA","USA",1351,566,"0","-","0","0","0"
1,"QOvT0n",1,1057,2015,40,"Congo","COB","COG",202,"United States of America","USA","USA",1344,901,"0","-","0","0","0"
1,"QOvT0n",1,1058,2016,40,"Congo","COB","COG",202,"United States of America","USA","USA",1301,1219,"0","-","0","0","0"
1,"QOvT0n",1,1059,2017,40,"Congo","COB","COG",202,"United States of America","USA","USA",1331,1516,"0","-","0","0","0"
1,"QOvT0n",1,1060,2018,40,"Congo","COB","COG",202,"United States of America","USA","USA",1247,270,"0","-","0","0","0"
1,"QOvT0n",1,1061,2019,40,"Congo","COB","COG",202,"United States of America","USA","USA",1186,428,"0","-","0","0","0"
1,"QOvT0n",1,1062,2020,40,"Congo","COB","COG",202,"United States of America","USA","USA",1120,2029,"0","-","0","0","0"
1,"QOvT0n",1,1063,2021,40,"Congo","COB","COG",202,"United States of America","USA","USA",1038,2582,"0","-","0","0","0"
1,"QOvT0n",1,1064,2022,40,"Congo","COB","COG",202,"United States of America","USA","USA",944,1793,"0","-","0","0","0"
1,"QOvT0n",1,1065,2023,40,"Congo","COB","COG",202,"United States of America","USA","USA",880,3528,"0","-","0","0","0"
1,"QOvT0n",1,1066,2024,40,"Congo","COB","COG",202,"United States of America","USA","USA",880,4176,"0","-","0","0","0"
1,"QOvT0n",1,1067,2025,40,"Congo","COB","COG",202,"United States of America","USA","USA",880,4176,"0","-","0","0","0"
1,"QOvT0n",1,1068,1988,41,"Dem. Rep. of the Congo","COD","COD",202,"United States of America","USA","USA",69,"0","0","-","0","0","0"
1,"QOvT0n",1,1069,1989,41,"Dem. Rep. of the Congo","COD","COD",202,"United States of America","USA","USA",51,"0","0","-","0","0","0"
1,"QOvT0n",1,1070,1990,41,"Dem. Rep. of the Congo","COD","COD",202,"United States of America","USA","USA",123,"0","0","-","0","0","0"
1,"QOvT0n",1,1071,1991,41,"Dem. Rep. of the Congo","COD","COD",202,"United States of America","USA","USA",192,"0","0","-","0","0","0"
1,"QOvT0n",1,1072,1992,41,"Dem. Rep. of the Congo","COD","COD",202,"United States of America","USA","USA",283,"0","0","-","0","0","0"
1,"QOvT0n",1,1073,1993,41,"Dem. Rep. of the Congo","COD","COD",202,"United States of America","USA","USA",472,"0","0","-","0","0","0"
1,"QOvT0n",1,1074,1994,41,"Dem. Rep. of the Congo","COD","COD",202,"United States of America","USA","USA",546,"0","0","-","0","0","0"
1,"QOvT0n",1,1075,1995,41,"Dem. Rep. of the Congo","COD","COD",202,"United States of America","USA","USA",791,"0","0","-","0","0","0"
1,"QOvT0n",1,1076,1996,41,"Dem. Rep. of the Congo","COD","COD",202,"United States of America","USA","USA",929,"0","0","-","0","0","0"
1,"QOvT0n",1,1077,1997,41,"Dem. Rep. of the Congo","COD","COD",202,"United States of America","USA","USA",1066,"0","0","-","0","0","0"
1,"QOvT0n",1,1078,1998,41,"Dem. Rep. of the Congo","COD","COD",202,"United States of America","USA","USA",1204,"0","0","-","0","0","0"
1,"QOvT0n",1,1079,1999,41,"Dem. Rep. of the Congo","COD","COD",202,"United States of America","USA","USA",1448,"0","0","-","0","0","0"
1,"QOvT0n",1,1080,2000,41,"Dem. Rep. of the Congo","COD","COD",202,"United States of America","USA","USA",2742,145,"0","-","0","0","0"
1,"QOvT0n",1,1081,2001,41,"Dem. Rep. of the Congo","COD","COD",202,"United States of America","USA","USA",3126,128,"0","-","0","0","0"
1,"QOvT0n",1,1082,2002,41,"Dem. Rep. of the Congo","COD","COD",202,"United States of America","USA","USA",3240,213,"0","-","0","0","0"
1,"QOvT0n",1,1083,2003,41,"Dem. Rep. of the Congo","COD","COD",202,"United States of America","USA","USA",2922,165,"0","-","0","0","0"
1,"QOvT0n",1,1084,2004,41,"Dem. Rep. of the Congo","COD","COD",202,"United States of America","USA","USA",3261,199,"0","-","0","0","0"
1,"QOvT0n",1,1085,2005,41,"Dem. Rep. of the Congo","COD","COD",202,"United States of America","USA","USA",2373,169,"0","-","0","0","0"
1,"QOvT0n",1,1086,2006,41,"Dem. Rep. of the Congo","COD","COD",202,"United States of America","USA","USA",5443,115,"0","-","0","0","0"
1,"QOvT0n",1,1087,2007,41,"Dem. Rep. of the Congo","COD","COD",202,"United States of America","USA","USA",1886,69,"0","-","0","0","0"
1,"QOvT0n",1,1088,2008,41,"Dem. Rep. of the Congo","COD","COD",202,"United States of America","USA","USA",1614,61,"0","-","0","0","0"
1,"QOvT0n",1,1089,2009,41,"Dem. Rep. of the Congo","COD","COD",202,"United States of America","USA","USA",1384,51,"0","-","0","0","0"
1,"QOvT0n",1,1090,2010,41,"Dem. Rep. of the Congo","COD","COD",202,"United States of America","USA","USA",1176,23,"0","-","0","0","0"
1,"QOvT0n",1,1091,2011,41,"Dem. Rep. of the Congo","COD","COD",202,"United States of America","USA","USA",1079,32,"0","-","0","0","0"
1,"QOvT0n",1,1092,2012,41,"Dem. Rep. of the Congo","COD","COD",202,"United States of America","USA","USA",891,87,"0","-","0","0","0"
1,"QOvT0n",1,1093,2013,41,"Dem. Rep. of the Congo","COD","COD",202,"United States of America","USA","USA",834,269,"0","-","0","0","0"
1,"QOvT0n",1,1094,2014,41,"Dem. Rep. of the Congo","COD","COD",202,"United States of America","USA","USA",817,468,"0","-","0","0","0"
1,"QOvT0n",1,1095,2015,41,"Dem. Rep. of the Congo","COD","COD",202,"United States of America","USA","USA",842,686,"0","-","0","0","0"
1,"QOvT0n",1,1096,2016,41,"Dem. Rep. of the Congo","COD","COD",202,"United States of America","USA","USA",847,1018,"0","-","0","0","0"
1,"QOvT0n",1,1097,2017,41,"Dem. Rep. of the Congo","COD","COD",202,"United States of America","USA","USA",939,1324,"0","-","0","0","0"
1,"QOvT0n",1,1098,2018,41,"Dem. Rep. of the Congo","COD","COD",202,"United States of America","USA","USA",1232,2819,"0","-","0","0","0"
1,"QOvT0n",1,1099,2019,41,"Dem. Rep. of the Congo","COD","COD",202,"United States of America","USA","USA",1448,2912,"0","-","0","0","0"
1,"QOvT0n",1,1100,2020,41,"Dem. Rep. of the Congo","COD","COD",202,"United States of America","USA","USA",1469,1975,"0","-","0","0","0"
1,"QOvT0n",1,1101,2021,41,"Dem. Rep. of the Congo","COD","COD",202,"United States of America","USA","USA",1460,2543,"0","-","0","0","0"
1,"QOvT0n",1,1102,2022,41,"Dem. Rep. of the Congo","COD","COD",202,"United States of America","USA","USA",1555,4275,"0","-","0","0","0"
1,"QOvT0n",1,1103,2023,41,"Dem. Rep. of the Congo","COD","COD",202,"United States of America","USA","USA",1655,4121,"0","-","0","0","0"
1,"QOvT0n",1,1104,2024,41,"Dem. Rep. of the Congo","COD","COD",202,"United States of America","USA","USA",1704,4654,"0","-","0","0","0"
1,"QOvT0n",1,1105,2025,41,"Dem. Rep. of the Congo","COD","COD",202,"United States of America","USA","USA",1704,4654,"0","-","0","0","0"
1,"QOvT0n",1,1106,2000,42,"Comoros","COI","COM",202,"United States of America","USA","USA",5,"0","0","-","0","0","0"
1,"QOvT0n",1,1107,2003,42,"Comoros","COI","COM",202,"United States of America","USA","USA",5,"0","0","-","0","0","0"
1,"QOvT0n",1,1108,2004,42,"Comoros","COI","COM",202,"United States of America","USA","USA",5,"0","0","-","0","0","0"
1,"QOvT0n",1,1109,2005,42,"Comoros","COI","COM",202,"United States of America","USA","USA",22,5,"0","-","0","0","0"
1,"QOvT0n",1,1110,2006,42,"Comoros","COI","COM",202,"United States of America","USA","USA",7,"0","0","-","0","0","0"
1,"QOvT0n",1,1111,2007,42,"Comoros","COI","COM",202,"United States of America","USA","USA",8,"0","0","-","0","0","0"
1,"QOvT0n",1,1112,2008,42,"Comoros","COI","COM",202,"United States of America","USA","USA",7,"0","0","-","0","0","0"
1,"QOvT0n",1,1113,2009,42,"Comoros","COI","COM",202,"United States of America","USA","USA",7,"0","0","-","0","0","0"
1,"QOvT0n",1,1114,2010,42,"Comoros","COI","COM",202,"United States of America","USA","USA",6,"0","0","-","0","0","0"
1,"QOvT0n",1,1115,2011,42,"Comoros","COI","COM",202,"United States of America","USA","USA",6,"0","0","-","0","0","0"
1,"QOvT0n",1,1116,2012,42,"Comoros","COI","COM",202,"United States of America","USA","USA",7,"0","0","-","0","0","0"
1,"QOvT0n",1,1117,2013,42,"Comoros","COI","COM",202,"United States of America","USA","USA",7,"0","0","-","0","0","0"
1,"QOvT0n",1,1118,2014,42,"Comoros","COI","COM",202,"United States of America","USA","USA",6,"0","0","-","0","0","0"
1,"QOvT0n",1,1119,2015,42,"Comoros","COI","COM",202,"United States of America","USA","USA",5,"0","0","-","0","0","0"
1,"QOvT0n",1,1120,2016,42,"Comoros","COI","COM",202,"United States of America","USA","USA",5,"0","0","-","0","0","0"
1,"QOvT0n",1,1121,2017,42,"Comoros","COI","COM",202,"United States of America","USA","USA",5,"0","0","-","0","0","0"
1,"QOvT0n",1,1122,2018,42,"Comoros","COI","COM",202,"United States of America","USA","USA",5,"0","0","-","0","0","0"
1,"QOvT0n",1,1123,2019,42,"Comoros","COI","COM",202,"United States of America","USA","USA",5,10,"0","-","0","0","0"
1,"QOvT0n",1,1124,2020,42,"Comoros","COI","COM",202,"United States of America","USA","USA",5,5,"0","-","0","0","0"
1,"QOvT0n",1,1125,2021,42,"Comoros","COI","COM",202,"United States of America","USA","USA",5,5,"0","-","0","0","0"
1,"QOvT0n",1,1126,2022,42,"Comoros","COI","COM",202,"United States of America","USA","USA",5,5,"0","-","0","0","0"
1,"QOvT0n",1,1127,2023,42,"Comoros","COI","COM",202,"United States of America","USA","USA",5,228,"0","-","0","0","0"
1,"QOvT0n",1,1128,2024,42,"Comoros","COI","COM",202,"United States of America","USA","USA",5,222,"0","-","0","0","0"
1,"QOvT0n",1,1129,2025,42,"Comoros","COI","COM",202,"United States of America","USA","USA",5,222,"0","-","0","0","0"
1,"QOvT0n",1,1130,1990,44,"Colombia","COL","COL",202,"United States of America","USA","USA",19,"0","0","-","0","0","0"
1,"QOvT0n",1,1131,1991,44,"Colombia","COL","COL",202,"United States of America","USA","USA",19,"0","0","-","0","0","0"
1,"QOvT0n",1,1132,1992,44,"Colombia","COL","COL",202,"United States of America","USA","USA",35,"0","0","-","0","0","0"
1,"QOvT0n",1,1133,1993,44,"Colombia","COL","COL",202,"United States of America","USA","USA",71,"0","0","-","0","0","0"
1,"QOvT0n",1,1134,1994,44,"Colombia","COL","COL",202,"United States of America","USA","USA",140,"0","0","-","0","0","0"
1,"QOvT0n",1,1135,1995,44,"Colombia","COL","COL",202,"United States of America","USA","USA",250,"0","0","-","0","0","0"
1,"QOvT0n",1,1136,1996,44,"Colombia","COL","COL",202,"United States of America","USA","USA",407,"0","0","-","0","0","0"
1,"QOvT0n",1,1137,1997,44,"Colombia","COL","COL",202,"United States of America","USA","USA",488,"0","0","-","0","0","0"
1,"QOvT0n",1,1138,1998,44,"Colombia","COL","COL",202,"United States of America","USA","USA",594,"0","0","-","0","0","0"
1,"QOvT0n",1,1139,1999,44,"Colombia","COL","COL",202,"United States of America","USA","USA",852,"0","0","-","0","0","0"
1,"QOvT0n",1,1140,2000,44,"Colombia","COL","COL",202,"United States of America","USA","USA",2614,2489,"0","-","0","0","0"
1,"QOvT0n",1,1141,2001,44,"Colombia","COL","COL",202,"United States of America","USA","USA",6663,8038,"0","-","0","0","0"
1,"QOvT0n",1,1142,2002,44,"Colombia","COL","COL",202,"United States of America","USA","USA",11135,14504,"0","-","0","0","0"
1,"QOvT0n",1,1143,2003,44,"Colombia","COL","COL",202,"United States of America","USA","USA",11590,14759,"0","-","0","0","0"
1,"QOvT0n",1,1144,2004,44,"Colombia","COL","COL",202,"United States of America","USA","USA",14920,11979,"0","-","0","0","0"
1,"QOvT0n",1,1145,2005,44,"Colombia","COL","COL",202,"United States of America","USA","USA",19967,8813,"0","-","0","0","0"
1,"QOvT0n",1,1146,2006,44,"Colombia","COL","COL",202,"United States of America","USA","USA",24770,6096,"0","-","0","0","0"
1,"QOvT0n",1,1147,2007,44,"Colombia","COL","COL",202,"United States of America","USA","USA",25261,3715,"0","-","0","0","0"
1,"QOvT0n",1,1148,2008,44,"Colombia","COL","COL",202,"United States of America","USA","USA",26446,2365,"0","-","0","0","0"
1,"QOvT0n",1,1149,2009,44,"Colombia","COL","COL",202,"United States of America","USA","USA",27002,2128,"0","-","0","0","0"
1,"QOvT0n",1,1150,2010,44,"Colombia","COL","COL",202,"United States of America","USA","USA",25607,165,"0","-","0","0","0"
1,"QOvT0n",1,1151,2011,44,"Colombia","COL","COL",202,"United States of America","USA","USA",22004,177,"0","-","0","0","0"
1,"QOvT0n",1,1152,2012,44,"Colombia","COL","COL",202,"United States of America","USA","USA",17766,178,"0","-","0","0","0"
1,"QOvT0n",1,1153,2013,44,"Colombia","COL","COL",202,"United States of America","USA","USA",13913,383,"0","-","0","0","0"
1,"QOvT0n",1,1154,2014,44,"Colombia","COL","COL",202,"United States of America","USA","USA",10552,1744,"0","-","0","0","0"
1,"QOvT0n",1,1155,2015,44,"Colombia","COL","COL",202,"United States of America","USA","USA",8043,2568,"0","-","0","0","0"
1,"QOvT0n",1,1156,2016,44,"Colombia","COL","COL",202,"United States of America","USA","USA",5803,4002,"0","-","0","0","0"
1,"QOvT0n",1,1157,2017,44,"Colombia","COL","COL",202,"United States of America","USA","USA",4264,7002,"0","-","0","0","0"
1,"QOvT0n",1,1158,2018,44,"Colombia","COL","COL",202,"United States of America","USA","USA",3292,9398,"0","-","0","0","0"
1,"QOvT0n",1,1159,2019,44,"Colombia","COL","COL",202,"United States of America","USA","USA",2936,12570,"0","-","0","0","0"
1,"QOvT0n",1,1160,2020,44,"Colombia","COL","COL",202,"United States of America","USA","USA",2668,16868,"0","-","0","0","0"
1,"QOvT0n",1,1161,2021,44,"Colombia","COL","COL",202,"United States of America","USA","USA",2557,38168,"0","-","0","0","0"
1,"QOvT0n",1,1162,2022,44,"Colombia","COL","COL",202,"United States of America","USA","USA",2984,68819,"0","-","0","0","0"
1,"QOvT0n",1,1163,2023,44,"Colombia","COL","COL",202,"United States of America","USA","USA",4272,178750,"0","-","0","0","0"
1,"QOvT0n",1,1164,2024,44,"Colombia","COL","COL",202,"United States of America","USA","USA",4842,250260,"0","-","0","0","0"
1,"QOvT0n",1,1165,2025,44,"Colombia","COL","COL",202,"United States of America","USA","USA",4842,250260,"0","-","0","0","0"
1,"QOvT0n",1,1166,2000,45,"Costa Rica","COS","CRI",202,"United States of America","USA","USA","0",15,"0","-","0","0","0"
1,"QOvT0n",1,1167,2001,45,"Costa Rica","COS","CRI",202,"United States of America","USA","USA","0",24,"0","-","0","0","0"
1,"QOvT0n",1,1168,2002,45,"Costa Rica","COS","CRI",202,"United States of America","USA","USA","0",32,"0","-","0","0","0"
1,"QOvT0n",1,1169,2003,45,"Costa Rica","COS","CRI",202,"United States of America","USA","USA","0",35,"0","-","0","0","0"
1,"QOvT0n",1,1170,2004,45,"Costa Rica","COS","CRI",202,"United States of America","USA","USA",8,25,"0","-","0","0","0"
1,"QOvT0n",1,1171,2005,45,"Costa Rica","COS","CRI",202,"United States of America","USA","USA",10,26,"0","-","0","0","0"
1,"QOvT0n",1,1172,2006,45,"Costa Rica","COS","CRI",202,"United States of America","USA","USA",13,20,"0","-","0","0","0"
1,"QOvT0n",1,1173,2007,45,"Costa Rica","COS","CRI",202,"United States of America","USA","USA",15,18,"0","-","0","0","0"
1,"QOvT0n",1,1174,2008,45,"Costa Rica","COS","CRI",202,"United States of America","USA","USA",15,9,"0","-","0","0","0"
1,"QOvT0n",1,1175,2009,45,"Costa Rica","COS","CRI",202,"United States of America","USA","USA",16,9,"0","-","0","0","0"
1,"QOvT0n",1,1176,2010,45,"Costa Rica","COS","CRI",202,"United States of America","USA","USA",17,"0","0","-","0","0","0"
1,"QOvT0n",1,1177,2011,45,"Costa Rica","COS","CRI",202,"United States of America","USA","USA",19,5,"0","-","0","0","0"
1,"QOvT0n",1,1178,2012,45,"Costa Rica","COS","CRI",202,"United States of America","USA","USA",20,5,"0","-","0","0","0"
1,"QOvT0n",1,1179,2013,45,"Costa Rica","COS","CRI",202,"United States of America","USA","USA",181,442,"0","-","0","0","0"
1,"QOvT0n",1,1180,2014,45,"Costa Rica","COS","CRI",202,"United States of America","USA","USA",175,115,"0","-","0","0","0"
1,"QOvT0n",1,1181,2015,45,"Costa Rica","COS","CRI",202,"United States of America","USA","USA",174,208,"0","-","0","0","0"
1,"QOvT0n",1,1182,2016,45,"Costa Rica","COS","CRI",202,"United States of America","USA","USA",172,292,"0","-","0","0","0"
1,"QOvT0n",1,1183,2017,45,"Costa Rica","COS","CRI",202,"United States of America","USA","USA",170,443,"0","-","0","0","0"
1,"QOvT0n",1,1184,2018,45,"Costa Rica","COS","CRI",202,"United States of America","USA","USA",171,486,"0","-","0","0","0"
1,"QOvT0n",1,1185,2019,45,"Costa Rica","COS","CRI",202,"United States of America","USA","USA",172,550,"0","-","0","0","0"
1,"QOvT0n",1,1186,2020,45,"Costa Rica","COS","CRI",202,"United States of America","USA","USA",171,601,"0","-","0","0","0"
1,"QOvT0n",1,1187,2021,45,"Costa Rica","COS","CRI",202,"United States of America","USA","USA",174,718,"0","-","0","0","0"
1,"QOvT0n",1,1188,2022,45,"Costa Rica","COS","CRI",202,"United States of America","USA","USA",183,900,"0","-","0","0","0"
1,"QOvT0n",1,1189,2023,45,"Costa Rica","COS","CRI",202,"United States of America","USA","USA",68,1285,"0","-","0","0","0"
1,"QOvT0n",1,1190,2024,45,"Costa Rica","COS","CRI",202,"United States of America","USA","USA",71,1878,"0","-","0","0","0"
1,"QOvT0n",1,1191,2025,45,"Costa Rica","COS","CRI",202,"United States of America","USA","USA",71,1878,"0","-","0","0","0"
1,"QOvT0n",1,1192,1988,46,"Cuba","CUB","CUB",202,"United States of America","USA","USA",3863,"0","0","-","0","0","0"
1,"QOvT0n",1,1193,1989,46,"Cuba","CUB","CUB",202,"United States of America","USA","USA",7668,"0","0","-","0","0","0"
1,"QOvT0n",1,1194,1990,46,"Cuba","CUB","CUB",202,"United States of America","USA","USA",12450,"0","0","-","0","0","0"
1,"QOvT0n",1,1195,1991,46,"Cuba","CUB","CUB",202,"United States of America","USA","USA",16317,"0","0","-","0","0","0"
1,"QOvT0n",1,1196,1992,46,"Cuba","CUB","CUB",202,"United States of America","USA","USA",19934,"0","0","-","0","0","0"
1,"QOvT0n",1,1197,1993,46,"Cuba","CUB","CUB",202,"United States of America","USA","USA",20276,"0","0","-","0","0","0"
1,"QOvT0n",1,1198,1994,46,"Cuba","CUB","CUB",202,"United States of America","USA","USA",19550,"0","0","-","0","0","0"
1,"QOvT0n",1,1199,1995,46,"Cuba","CUB","CUB",202,"United States of America","USA","USA",21519,"0","0","-","0","0","0"
1,"QOvT0n",1,1200,1996,46,"Cuba","CUB","CUB",202,"United States of America","USA","USA",21865,"0","0","-","0","0","0"
1,"QOvT0n",1,1201,1997,46,"Cuba","CUB","CUB",202,"United States of America","USA","USA",21308,"0","0","-","0","0","0"
1,"QOvT0n",1,1202,1998,46,"Cuba","CUB","CUB",202,"United States of America","USA","USA",19890,"0","0","-","0","0","0"
1,"QOvT0n",1,1203,1999,46,"Cuba","CUB","CUB",202,"United States of America","USA","USA",19177,"0","0","-","0","0","0"
1,"QOvT0n",1,1204,2000,46,"Cuba","CUB","CUB",202,"United States of America","USA","USA",15683,3049,"0","-","0","0","0"
1,"QOvT0n",1,1205,2001,46,"Cuba","CUB","CUB",202,"United States of America","USA","USA",14414,2989,"0","-","0","0","0"
1,"QOvT0n",1,1206,2002,46,"Cuba","CUB","CUB",202,"United States of America","USA","USA",13001,2173,"0","-","0","0","0"
1,"QOvT0n",1,1207,2003,46,"Cuba","CUB","CUB",202,"United States of America","USA","USA",11279,1756,"0","-","0","0","0"
1,"QOvT0n",1,1208,2004,46,"Cuba","CUB","CUB",202,"United States of America","USA","USA",11820,1540,"0","-","0","0","0"
1,"QOvT0n",1,1209,2005,46,"Cuba","CUB","CUB",202,"United States of America","USA","USA",14990,1179,"0","-","0","0","0"
1,"QOvT0n",1,1210,2006,46,"Cuba","CUB","CUB",202,"United States of America","USA","USA",29399,712,"0","-","0","0","0"
1,"QOvT0n",1,1211,2007,46,"Cuba","CUB","CUB",202,"United States of America","USA","USA",1823,211,"0","-","0","0","0"
1,"QOvT0n",1,1212,2008,46,"Cuba","CUB","CUB",202,"United States of America","USA","USA",1481,106,"0","-","0","0","0"
1,"QOvT0n",1,1213,2009,46,"Cuba","CUB","CUB",202,"United States of America","USA","USA",1097,72,"0","-","0","0","0"
1,"QOvT0n",1,1214,2010,46,"Cuba","CUB","CUB",202,"United States of America","USA","USA",858,10,"0","-","0","0","0"
1,"QOvT0n",1,1215,2011,46,"Cuba","CUB","CUB",202,"United States of America","USA","USA",731,18,"0","-","0","0","0"
1,"QOvT0n",1,1216,2012,46,"Cuba","CUB","CUB",202,"United States of America","USA","USA",677,22,"0","-","0","0","0"
1,"QOvT0n",1,1217,2013,46,"Cuba","CUB","CUB",202,"United States of America","USA","USA",600,154,"0","-","0","0","0"
1,"QOvT0n",1,1218,2014,46,"Cuba","CUB","CUB",202,"United States of America","USA","USA",578,235,"0","-","0","0","0"
1,"QOvT0n",1,1219,2015,46,"Cuba","CUB","CUB",202,"United States of America","USA","USA",476,267,"0","-","0","0","0"
1,"QOvT0n",1,1220,2016,46,"Cuba","CUB","CUB",202,"United States of America","USA","USA",406,377,"0","-","0","0","0"
1,"QOvT0n",1,1221,2017,46,"Cuba","CUB","CUB",202,"United States of America","USA","USA",431,1008,"0","-","0","0","0"
1,"QOvT0n",1,1222,2018,46,"Cuba","CUB","CUB",202,"United States of America","USA","USA",611,1398,"0","-","0","0","0"
1,"QOvT0n",1,1223,2019,46,"Cuba","CUB","CUB",202,"United States of America","USA","USA",1765,5899,"0","-","0","0","0"
1,"QOvT0n",1,1224,2020,46,"Cuba","CUB","CUB",202,"United States of America","USA","USA",2591,9751,"0","-","0","0","0"
1,"QOvT0n",1,1225,2021,46,"Cuba","CUB","CUB",202,"United States of America","USA","USA",2689,18040,"0","-","0","0","0"
1,"QOvT0n",1,1226,2022,46,"Cuba","CUB","CUB",202,"United States of America","USA","USA",2968,168748,"0","-","0","0","0"
1,"QOvT0n",1,1227,2023,46,"Cuba","CUB","CUB",202,"United States of America","USA","USA",3703,230055,"0","-","0","0","0"
1,"QOvT0n",1,1228,2024,46,"Cuba","CUB","CUB",202,"United States of America","USA","USA",4327,218225,"0","-","0","0","0"
1,"QOvT0n",1,1229,2025,46,"Cuba","CUB","CUB",202,"United States of America","USA","USA",4327,218225,"0","-","0","0","0"
1,"QOvT0n",1,1230,2000,47,"Cabo Verde","CVI","CPV",202,"United States of America","USA","USA","0",13,"0","-","0","0","0"
1,"QOvT0n",1,1231,2001,47,"Cabo Verde","CVI","CPV",202,"United States of America","USA","USA","0",19,"0","-","0","0","0"
1,"QOvT0n",1,1232,2002,47,"Cabo Verde","CVI","CPV",202,"United States of America","USA","USA","0",11,"0","-","0","0","0"
1,"QOvT0n",1,1233,2003,47,"Cabo Verde","CVI","CPV",202,"United States of America","USA","USA","0",11,"0","-","0","0","0"
1,"QOvT0n",1,1234,2004,47,"Cabo Verde","CVI","CPV",202,"United States of America","USA","USA","0",11,"0","-","0","0","0"
1,"QOvT0n",1,1235,2005,47,"Cabo Verde","CVI","CPV",202,"United States of America","USA","USA","0",14,"0","-","0","0","0"
1,"QOvT0n",1,1236,2006,47,"Cabo Verde","CVI","CPV",202,"United States of America","USA","USA","0",5,"0","-","0","0","0"
1,"QOvT0n",1,1237,2007,47,"Cabo Verde","CVI","CPV",202,"United States of America","USA","USA","0",5,"0","-","0","0","0"
1,"QOvT0n",1,1238,2013,47,"Cabo Verde","CVI","CPV",202,"United States of America","USA","USA","0",5,"0","-","0","0","0"
1,"QOvT0n",1,1239,2014,47,"Cabo Verde","CVI","CPV",202,"United States of America","USA","USA","0",8,"0","-","0","0","0"
1,"QOvT0n",1,1240,2015,47,"Cabo Verde","CVI","CPV",202,"United States of America","USA","USA","0",12,"0","-","0","0","0"
1,"QOvT0n",1,1241,2016,47,"Cabo Verde","CVI","CPV",202,"United States of America","USA","USA","0",17,"0","-","0","0","0"
1,"QOvT0n",1,1242,2017,47,"Cabo Verde","CVI","CPV",202,"United States of America","USA","USA","0",23,"0","-","0","0","0"
1,"QOvT0n",1,1243,2018,47,"Cabo Verde","CVI","CPV",202,"United States of America","USA","USA","0",23,"0","-","0","0","0"
1,"QOvT0n",1,1244,2019,47,"Cabo Verde","CVI","CPV",202,"United States of America","USA","USA","0",33,"0","-","0","0","0"
1,"QOvT0n",1,1245,2020,47,"Cabo Verde","CVI","CPV",202,"United States of America","USA","USA","0",33,"0","-","0","0","0"
1,"QOvT0n",1,1246,2021,47,"Cabo Verde","CVI","CPV",202,"United States of America","USA","USA","0",42,"0","-","0","0","0"
1,"QOvT0n",1,1247,2022,47,"Cabo Verde","CVI","CPV",202,"United States of America","USA","USA","0",57,"0","-","0","0","0"
1,"QOvT0n",1,1248,2023,47,"Cabo Verde","CVI","CPV",202,"United States of America","USA","USA","0",154,"0","-","0","0","0"
1,"QOvT0n",1,1249,2024,47,"Cabo Verde","CVI","CPV",202,"United States of America","USA","USA","0",216,"0","-","0","0","0"
1,"QOvT0n",1,1250,2025,47,"Cabo Verde","CVI","CPV",202,"United States of America","USA","USA","0",216,"0","-","0","0","0"
1,"QOvT0n",1,1251,2018,48,"Cyprus","CYP","CYP",202,"United States of America","USA","USA","0",5,"0","-","0","0","0"
1,"QOvT0n",1,1252,2019,48,"Cyprus","CYP","CYP",202,"United States of America","USA","USA","0",5,"0","-","0","0","0"
1,"QOvT0n",1,1253,2020,48,"Cyprus","CYP","CYP",202,"United States of America","USA","USA","0",7,"0","-","0","0","0"
1,"QOvT0n",1,1254,2022,48,"Cyprus","CYP","CYP",202,"United States of America","USA","USA","0",7,"0","-","0","0","0"
1,"QOvT0n",1,1255,2023,48,"Cyprus","CYP","CYP",202,"United States of America","USA","USA","0",16,"0","-","0","0","0"
1,"QOvT0n",1,1256,2024,48,"Cyprus","CYP","CYP",202,"United States of America","USA","USA","0",22,"0","-","0","0","0"
1,"QOvT0n",1,1257,2025,48,"Cyprus","CYP","CYP",202,"United States of America","USA","USA","0",22,"0","-","0","0","0"
1,"QOvT0n",1,1258,1988,49,"Czechia","CZE","CZE",202,"United States of America","USA","USA",5167,"0","0","-","0","0","0"
1,"QOvT0n",1,1259,1989,49,"Czechia","CZE","CZE",202,"United States of America","USA","USA",5239,"0","0","-","0","0","0"
1,"QOvT0n",1,1260,1990,49,"Czechia","CZE","CZE",202,"United States of America","USA","USA",4622,"0","0","-","0","0","0"
1,"QOvT0n",1,1261,1991,49,"Czechia","CZE","CZE",202,"United States of America","USA","USA",3191,"0","0","-","0","0","0"
1,"QOvT0n",1,1262,1992,49,"Czechia","CZE","CZE",202,"United States of America","USA","USA",2137,"0","0","-","0","0","0"
1,"QOvT0n",1,1263,1993,49,"Czechia","CZE","CZE",202,"United States of America","USA","USA",1470,"0","0","-","0","0","0"
1,"QOvT0n",1,1264,1994,49,"Czechia","CZE","CZE",202,"United States of America","USA","USA",552,"0","0","-","0","0","0"
1,"QOvT0n",1,1265,1995,49,"Czechia","CZE","CZE",202,"United States of America","USA","USA",188,"0","0","-","0","0","0"
1,"QOvT0n",1,1266,1996,49,"Czechia","CZE","CZE",202,"United States of America","USA","USA",32,"0","0","-","0","0","0"
1,"QOvT0n",1,1267,1997,49,"Czechia","CZE","CZE",202,"United States of America","USA","USA",16,"0","0","-","0","0","0"
1,"QOvT0n",1,1268,1998,49,"Czechia","CZE","CZE",202,"United States of America","USA","USA",11,"0","0","-","0","0","0"
1,"QOvT0n",1,1269,1999,49,"Czechia","CZE","CZE",202,"United States of America","USA","USA",5,"0","0","-","0","0","0"
1,"QOvT0n",1,1270,2000,49,"Czechia","CZE","CZE",202,"United States of America","USA","USA",6,8,"0","-","0","0","0"
1,"QOvT0n",1,1271,2001,49,"Czechia","CZE","CZE",202,"United States of America","USA","USA","0",33,"0","-","0","0","0"
1,"QOvT0n",1,1272,2002,49,"Czechia","CZE","CZE",202,"United States of America","USA","USA","0",58,"0","-","0","0","0"
1,"QOvT0n",1,1273,2003,49,"Czechia","CZE","CZE",202,"United States of America","USA","USA",12,76,"0","-","0","0","0"
1,"QOvT0n",1,1274,2004,49,"Czechia","CZE","CZE",202,"United States of America","USA","USA",23,69,"0","-","0","0","0"
1,"QOvT0n",1,1275,2005,49,"Czechia","CZE","CZE",202,"United States of America","USA","USA",23,125,"0","-","0","0","0"
1,"QOvT0n",1,1276,2006,49,"Czechia","CZE","CZE",202,"United States of America","USA","USA",34,89,"0","-","0","0","0"
1,"QOvT0n",1,1277,2007,49,"Czechia","CZE","CZE",202,"United States of America","USA","USA",36,36,"0","-","0","0","0"
1,"QOvT0n",1,1278,2008,49,"Czechia","CZE","CZE",202,"United States of America","USA","USA",37,17,"0","-","0","0","0"
1,"QOvT0n",1,1279,2009,49,"Czechia","CZE","CZE",202,"United States of America","USA","USA",38,17,"0","-","0","0","0"
1,"QOvT0n",1,1280,2010,49,"Czechia","CZE","CZE",202,"United States of America","USA","USA",43,"0","0","-","0","0","0"
1,"QOvT0n",1,1281,2011,49,"Czechia","CZE","CZE",202,"United States of America","USA","USA",38,"0","0","-","0","0","0"
1,"QOvT0n",1,1282,2012,49,"Czechia","CZE","CZE",202,"United States of America","USA","USA",33,"0","0","-","0","0","0"
1,"QOvT0n",1,1283,2013,49,"Czechia","CZE","CZE",202,"United States of America","USA","USA",29,13,"0","-","0","0","0"
1,"QOvT0n",1,1284,2014,49,"Czechia","CZE","CZE",202,"United States of America","USA","USA",23,13,"0","-","0","0","0"
1,"QOvT0n",1,1285,2015,49,"Czechia","CZE","CZE",202,"United States of America","USA","USA",20,21,"0","-","0","0","0"
1,"QOvT0n",1,1286,2016,49,"Czechia","CZE","CZE",202,"United States of America","USA","USA",15,19,"0","-","0","0","0"
1,"QOvT0n",1,1287,2017,49,"Czechia","CZE","CZE",202,"United States of America","USA","USA",18,22,"0","-","0","0","0"
1,"QOvT0n",1,1288,2018,49,"Czechia","CZE","CZE",202,"United States of America","USA","USA",15,27,"0","-","0","0","0"
1,"QOvT0n",1,1289,2019,49,"Czechia","CZE","CZE",202,"United States of America","USA","USA",13,33,"0","-","0","0","0"
1,"QOvT0n",1,1290,2020,49,"Czechia","CZE","CZE",202,"United States of America","USA","USA",8,59,"0","-","0","0","0"
1,"QOvT0n",1,1291,2021,49,"Czechia","CZE","CZE",202,"United States of America","USA","USA",8,74,"0","-","0","0","0"
1,"QOvT0n",1,1292,2022,49,"Czechia","CZE","CZE",202,"United States of America","USA","USA",8,61,"0","-","0","0","0"
1,"QOvT0n",1,1293,2023,49,"Czechia","CZE","CZE",202,"United States of America","USA","USA",8,31,"0","-","0","0","0"
1,"QOvT0n",1,1294,2024,49,"Czechia","CZE","CZE",202,"United States of America","USA","USA",8,42,"0","-","0","0","0"
1,"QOvT0n",1,1295,2025,49,"Czechia","CZE","CZE",202,"United States of America","USA","USA",8,42,"0","-","0","0","0"
1,"QOvT0n",1,1296,2000,50,"Denmark","DEN","DNK",202,"United States of America","USA","USA",5,"0","0","-","0","0","0"
1,"QOvT0n",1,1297,2003,50,"Denmark","DEN","DNK",202,"United States of America","USA","USA",5,5,"0","-","0","0","0"
1,"QOvT0n",1,1298,2004,50,"Denmark","DEN","DNK",202,"United States of America","USA","USA",5,"0","0","-","0","0","0"
1,"QOvT0n",1,1299,2006,50,"Denmark","DEN","DNK",202,"United States of America","USA","USA",5,"0","0","-","0","0","0"
1,"QOvT0n",1,1300,2007,50,"Denmark","DEN","DNK",202,"United States of America","USA","USA",5,"0","0","-","0","0","0"
1,"QOvT0n",1,1301,2008,50,"Denmark","DEN","DNK",202,"United States of America","USA","USA",5,"0","0","-","0","0","0"
1,"QOvT0n",1,1302,2009,50,"Denmark","DEN","DNK",202,"United States of America","USA","USA",5,"0","0","-","0","0","0"
1,"QOvT0n",1,1303,2013,50,"Denmark","DEN","DNK",202,"United States of America","USA","USA","0",5,"0","-","0","0","0"
1,"QOvT0n",1,1304,2014,50,"Denmark","DEN","DNK",202,"United States of America","USA","USA","0",10,"0","-","0","0","0"
1,"QOvT0n",1,1305,2015,50,"Denmark","DEN","DNK",202,"United States of America","USA","USA","0",10,"0","-","0","0","0"
1,"QOvT0n",1,1306,2016,50,"Denmark","DEN","DNK",202,"United States of America","USA","USA","0",5,"0","-","0","0","0"
1,"QOvT0n",1,1307,2017,50,"Denmark","DEN","DNK",202,"United States of America","USA","USA","0",5,"0","-","0","0","0"
1,"QOvT0n",1,1308,2018,50,"Denmark","DEN","DNK",202,"United States of America","USA","USA","0",5,"0","-","0","0","0"
1,"QOvT0n",1,1309,2019,50,"Denmark","DEN","DNK",202,"United States of America","USA","USA","0",5,"0","-","0","0","0"
1,"QOvT0n",1,1310,2020,50,"Denmark","DEN","DNK",202,"United States of America","USA","USA","0",5,"0","-","0","0","0"
1,"QOvT0n",1,1311,2021,50,"Denmark","DEN","DNK",202,"United States of America","USA","USA","0",5,"0","-","0","0","0"
1,"QOvT0n",1,1312,2022,50,"Denmark","DEN","DNK",202,"United States of America","USA","USA","0",13,"0","-","0","0","0"
1,"QOvT0n",1,1313,2023,50,"Denmark","DEN","DNK",202,"United States of America","USA","USA","0",5,"0","-","0","0","0"
1,"QOvT0n",1,1314,2024,50,"Denmark","DEN","DNK",202,"United States of America","USA","USA","0",13,"0","-","0","0","0"
1,"QOvT0n",1,1315,2025,50,"Denmark","DEN","DNK",202,"United States of America","USA","USA","0",13,"0","-","0","0","0"
1,"QOvT0n",1,1316,1997,51,"Djibouti","DJB","DJI",202,"United States of America","USA","USA",16,"0","0","-","0","0","0"
1,"QOvT0n",1,1317,1998,51,"Djibouti","DJB","DJI",202,"United States of America","USA","USA",31,"0","0","-","0","0","0"
1,"QOvT0n",1,1318,1999,51,"Djibouti","DJB","DJI",202,"United States of America","USA","USA",39,"0","0","-","0","0","0"
1,"QOvT0n",1,1319,2000,51,"Djibouti","DJB","DJI",202,"United States of America","USA","USA",39,"0","0","-","0","0","0"
1,"QOvT0n",1,1320,2001,51,"Djibouti","DJB","DJI",202,"United States of America","USA","USA","0",5,"0","-","0","0","0"
1,"QOvT0n",1,1321,2003,51,"Djibouti","DJB","DJI",202,"United States of America","USA","USA",9,"0","0","-","0","0","0"
1,"QOvT0n",1,1322,2004,51,"Djibouti","DJB","DJI",202,"United States of America","USA","USA",8,"0","0","-","0","0","0"
1,"QOvT0n",1,1323,2005,51,"Djibouti","DJB","DJI",202,"United States of America","USA","USA",21,"0","0","-","0","0","0"
1,"QOvT0n",1,1324,2006,51,"Djibouti","DJB","DJI",202,"United States of America","USA","USA",47,"0","0","-","0","0","0"
1,"QOvT0n",1,1325,2007,51,"Djibouti","DJB","DJI",202,"United States of America","USA","USA",5,"0","0","-","0","0","0"
1,"QOvT0n",1,1326,2008,51,"Djibouti","DJB","DJI",202,"United States of America","USA","USA",6,"0","0","-","0","0","0"
1,"QOvT0n",1,1327,2009,51,"Djibouti","DJB","DJI",202,"United States of America","USA","USA",20,5,"0","-","0","0","0"
1,"QOvT0n",1,1328,2010,51,"Djibouti","DJB","DJI",202,"United States of America","USA","USA",36,18,"0","-","0","0","0"
1,"QOvT0n",1,1329,2011,51,"Djibouti","DJB","DJI",202,"United States of America","USA","USA",73,20,"0","-","0","0","0"
1,"QOvT0n",1,1330,2012,51,"Djibouti","DJB","DJI",202,"United States of America","USA","USA",88,56,"0","-","0","0","0"
1,"QOvT0n",1,1331,2013,51,"Djibouti","DJB","DJI",202,"United States of America","USA","USA",124,74,"0","-","0","0","0"
1,"QOvT0n",1,1332,2014,51,"Djibouti","DJB","DJI",202,"United States of America","USA","USA",165,110,"0","-","0","0","0"
1,"QOvT0n",1,1333,2015,51,"Djibouti","DJB","DJI",202,"United States of America","USA","USA",224,126,"0","-","0","0","0"
1,"QOvT0n",1,1334,2016,51,"Djibouti","DJB","DJI",202,"United States of America","USA","USA",250,268,"0","-","0","0","0"
1,"QOvT0n",1,1335,2017,51,"Djibouti","DJB","DJI",202,"United States of America","USA","USA",282,535,"0","-","0","0","0"
1,"QOvT0n",1,1336,2018,51,"Djibouti","DJB","DJI",202,"United States of America","USA","USA",302,525,"0","-","0","0","0"
1,"QOvT0n",1,1337,2019,51,"Djibouti","DJB","DJI",202,"United States of America","USA","USA",352,468,"0","-","0","0","0"
1,"QOvT0n",1,1338,2020,51,"Djibouti","DJB","DJI",202,"United States of America","USA","USA",361,469,"0","-","0","0","0"
1,"QOvT0n",1,1339,2021,51,"Djibouti","DJB","DJI",202,"United States of America","USA","USA",359,649,"0","-","0","0","0"
1,"QOvT0n",1,1340,2022,51,"Djibouti","DJB","DJI",202,"United States of America","USA","USA",372,614,"0","-","0","0","0"
1,"QOvT0n",1,1341,2023,51,"Djibouti","DJB","DJI",202,"United States of America","USA","USA",382,745,"0","-","0","0","0"
1,"QOvT0n",1,1342,2024,51,"Djibouti","DJB","DJI",202,"United States of America","USA","USA",393,958,"0","-","0","0","0"
1,"QOvT0n",1,1343,2025,51,"Djibouti","DJB","DJI",202,"United States of America","USA","USA",393,958,"0","-","0","0","0"
1,"QOvT0n",1,1344,2000,52,"Dominica","DMA","DMA",202,"United States of America","USA","USA","0",6,"0","-","0","0","0"
1,"QOvT0n",1,1345,2005,52,"Dominica","DMA","DMA",202,"United States of America","USA","USA","0",5,"0","-","0","0","0"
1,"QOvT0n",1,1346,2006,52,"Dominica","DMA","DMA",202,"United States of America","USA","USA",7,10,"0","-","0","0","0"
1,"QOvT0n",1,1347,2007,52,"Dominica","DMA","DMA",202,"United States of America","USA","USA",7,"0","0","-","0","0","0"
1,"QOvT0n",1,1348,2008,52,"Dominica","DMA","DMA",202,"United States of America","USA","USA",7,"0","0","-","0","0","0"
1,"QOvT0n",1,1349,2009,52,"Dominica","DMA","DMA",202,"United States of America","USA","USA",7,"0","0","-","0","0","0"
1,"QOvT0n",1,1350,2010,52,"Dominica","DMA","DMA",202,"United States of America","USA","USA",8,"0","0","-","0","0","0"
1,"QOvT0n",1,1351,2011,52,"Dominica","DMA","DMA",202,"United States of America","USA","USA",10,5,"0","-","0","0","0"
1,"QOvT0n",1,1352,2012,52,"Dominica","DMA","DMA",202,"United States of America","USA","USA",11,"0","0","-","0","0","0"
1,"QOvT0n",1,1353,2013,52,"Dominica","DMA","DMA",202,"United States of America","USA","USA",11,5,"0","-","0","0","0"
1,"QOvT0n",1,1354,2014,52,"Dominica","DMA","DMA",202,"United States of America","USA","USA",12,13,"0","-","0","0","0"
1,"QOvT0n",1,1355,2015,52,"Dominica","DMA","DMA",202,"United States of America","USA","USA",12,17,"0","-","0","0","0"
1,"QOvT0n",1,1356,2016,52,"Dominica","DMA","DMA",202,"United States of America","USA","USA",7,24,"0","-","0","0","0"
1,"QOvT0n",1,1357,2017,52,"Dominica","DMA","DMA",202,"United States of America","USA","USA",10,32,"0","-","0","0","0"
1,"QOvT0n",1,1358,2018,52,"Dominica","DMA","DMA",202,"United States of America","USA","USA",11,25,"0","-","0","0","0"
1,"QOvT0n",1,1359,2019,52,"Dominica","DMA","DMA",202,"United States of America","USA","USA",16,22,"0","-","0","0","0"
1,"QOvT0n",1,1360,2020,52,"Dominica","DMA","DMA",202,"United States of America","USA","USA",15,25,"0","-","0","0","0"
1,"QOvT0n",1,1361,2021,52,"Dominica","DMA","DMA",202,"United States of America","USA","USA",14,61,"0","-","0","0","0"
1,"QOvT0n",1,1362,2022,52,"Dominica","DMA","DMA",202,"United States of America","USA","USA",14,44,"0","-","0","0","0"
1,"QOvT0n",1,1363,2023,52,"Dominica","DMA","DMA",202,"United States of America","USA","USA",15,195,"0","-","0","0","0"
1,"QOvT0n",1,1364,2024,52,"Dominica","DMA","DMA",202,"United States of America","USA","USA",15,424,"0","-","0","0","0"
1,"QOvT0n",1,1365,2025,52,"Dominica","DMA","DMA",202,"United States of America","USA","USA",15,424,"0","-","0","0","0"
1,"QOvT0n",1,1366,1997,53,"Dominican Rep.","DOM","DOM",202,"United States of America","USA","USA",5,"0","0","-","0","0","0"
1,"QOvT0n",1,1367,1998,53,"Dominican Rep.","DOM","DOM",202,"United States of America","USA","USA",5,"0","0","-","0","0","0"
1,"QOvT0n",1,1368,1999,53,"Dominican Rep.","DOM","DOM",202,"United States of America","USA","USA",5,"0","0","-","0","0","0"
1,"QOvT0n",1,1369,2000,53,"Dominican Rep.","DOM","DOM",202,"United States of America","USA","USA",5,19,"0","-","0","0","0"
1,"QOvT0n",1,1370,2001,53,"Dominican Rep.","DOM","DOM",202,"United States of America","USA","USA","0",46,"0","-","0","0","0"
1,"QOvT0n",1,1371,2002,53,"Dominican Rep.","DOM","DOM",202,"United States of America","USA","USA","0",55,"0","-","0","0","0"
1,"QOvT0n",1,1372,2003,53,"Dominican Rep.","DOM","DOM",202,"United States of America","USA","USA",13,59,"0","-","0","0","0"
1,"QOvT0n",1,1373,2004,53,"Dominican Rep.","DOM","DOM",202,"United States of America","USA","USA",16,65,"0","-","0","0","0"
1,"QOvT0n",1,1374,2005,53,"Dominican Rep.","DOM","DOM",202,"United States of America","USA","USA",18,55,"0","-","0","0","0"
1,"QOvT0n",1,1375,2006,53,"Dominican Rep.","DOM","DOM",202,"United States of America","USA","USA",22,54,"0","-","0","0","0"
1,"QOvT0n",1,1376,2007,53,"Dominican Rep.","DOM","DOM",202,"United States of America","USA","USA",27,20,"0","-","0","0","0"
1,"QOvT0n",1,1377,2008,53,"Dominican Rep.","DOM","DOM",202,"United States of America","USA","USA",28,16,"0","-","0","0","0"
1,"QOvT0n",1,1378,2009,53,"Dominican Rep.","DOM","DOM",202,"United States of America","USA","USA",33,11,"0","-","0","0","0"
1,"QOvT0n",1,1379,2010,53,"Dominican Rep.","DOM","DOM",202,"United States of America","USA","USA",44,"0","0","-","0","0","0"
1,"QOvT0n",1,1380,2011,53,"Dominican Rep.","DOM","DOM",202,"United States of America","USA","USA",49,11,"0","-","0","0","0"
1,"QOvT0n",1,1381,2012,53,"Dominican Rep.","DOM","DOM",202,"United States of America","USA","USA",60,18,"0","-","0","0","0"
1,"QOvT0n",1,1382,2013,53,"Dominican Rep.","DOM","DOM",202,"United States of America","USA","USA",71,297,"0","-","0","0","0"
1,"QOvT0n",1,1383,2014,53,"Dominican Rep.","DOM","DOM",202,"United States of America","USA","USA",100,406,"0","-","0","0","0"
1,"QOvT0n",1,1384,2015,53,"Dominican Rep.","DOM","DOM",202,"United States of America","USA","USA",114,557,"0","-","0","0","0"
1,"QOvT0n",1,1385,2016,53,"Dominican Rep.","DOM","DOM",202,"United States of America","USA","USA",151,763,"0","-","0","0","0"
1,"QOvT0n",1,1386,2017,53,"Dominican Rep.","DOM","DOM",202,"United States of America","USA","USA",179,936,"0","-","0","0","0"
1,"QOvT0n",1,1387,2018,53,"Dominican Rep.","DOM","DOM",202,"United States of America","USA","USA",208,1003,"0","-","0","0","0"
1,"QOvT0n",1,1388,2019,53,"Dominican Rep.","DOM","DOM",202,"United States of America","USA","USA",246,1046,"0","-","0","0","0"
1,"QOvT0n",1,1389,2020,53,"Dominican Rep.","DOM","DOM",202,"United States of America","USA","USA",255,1141,"0","-","0","0","0"
1,"QOvT0n",1,1390,2021,53,"Dominican Rep.","DOM","DOM",202,"United States of America","USA","USA",247,1359,"0","-","0","0","0"
1,"QOvT0n",1,1391,2022,53,"Dominican Rep.","DOM","DOM",202,"United States of America","USA","USA",251,2037,"0","-","0","0","0"
1,"QOvT0n",1,1392,2023,53,"Dominican Rep.","DOM","DOM",202,"United States of America","USA","USA",294,5917,"0","-","0","0","0"
1,"QOvT0n",1,1393,2024,53,"Dominican Rep.","DOM","DOM",202,"United States of America","USA","USA",307,10412,"0","-","0","0","0"
1,"QOvT0n",1,1394,2025,53,"Dominican Rep.","DOM","DOM",202,"United States of America","USA","USA",307,10412,"0","-","0","0","0"
1,"QOvT0n",1,1395,1993,54,"Ecuador","ECU","ECU",202,"United States of America","USA","USA",5,"0","0","-","0","0","0"
1,"QOvT0n",1,1396,1994,54,"Ecuador","ECU","ECU",202,"United States of America","USA","USA",10,"0","0","-","0","0","0"
1,"QOvT0n",1,1397,1995,54,"Ecuador","ECU","ECU",202,"United States of America","USA","USA",12,"0","0","-","0","0","0"
1,"QOvT0n",1,1398,1996,54,"Ecuador","ECU","ECU",202,"United States of America","USA","USA",19,"0","0","-","0","0","0"
1,"QOvT0n",1,1399,1997,54,"Ecuador","ECU","ECU",202,"United States of America","USA","USA",22,"0","0","-","0","0","0"
1,"QOvT0n",1,1400,1998,54,"Ecuador","ECU","ECU",202,"United States of America","USA","USA",25,"0","0","-","0","0","0"
1,"QOvT0n",1,1401,1999,54,"Ecuador","ECU","ECU",202,"United States of America","USA","USA",41,"0","0","-","0","0","0"
1,"QOvT0n",1,1402,2000,54,"Ecuador","ECU","ECU",202,"United States of America","USA","USA",42,121,"0","-","0","0","0"
1,"QOvT0n",1,1403,2001,54,"Ecuador","ECU","ECU",202,"United States of America","USA","USA","0",284,"0","-","0","0","0"
1,"QOvT0n",1,1404,2002,54,"Ecuador","ECU","ECU",202,"United States of America","USA","USA","0",245,"0","-","0","0","0"
1,"QOvT0n",1,1405,2003,54,"Ecuador","ECU","ECU",202,"United States of America","USA","USA",55,230,"0","-","0","0","0"
1,"QOvT0n",1,1406,2004,54,"Ecuador","ECU","ECU",202,"United States of America","USA","USA",50,223,"0","-","0","0","0"
1,"QOvT0n",1,1407,2005,54,"Ecuador","ECU","ECU",202,"United States of America","USA","USA",76,184,"0","-","0","0","0"
1,"QOvT0n",1,1408,2006,54,"Ecuador","ECU","ECU",202,"United States of America","USA","USA",130,173,"0","-","0","0","0"
1,"QOvT0n",1,1409,2007,54,"Ecuador","ECU","ECU",202,"United States of America","USA","USA",133,97,"0","-","0","0","0"
1,"QOvT0n",1,1410,2008,54,"Ecuador","ECU","ECU",202,"United States of America","USA","USA",138,94,"0","-","0","0","0"
1,"QOvT0n",1,1411,2009,54,"Ecuador","ECU","ECU",202,"United States of America","USA","USA",135,94,"0","-","0","0","0"
1,"QOvT0n",1,1412,2010,54,"Ecuador","ECU","ECU",202,"United States of America","USA","USA",148,60,"0","-","0","0","0"
1,"QOvT0n",1,1413,2011,54,"Ecuador","ECU","ECU",202,"United States of America","USA","USA",168,141,"0","-","0","0","0"
1,"QOvT0n",1,1414,2012,54,"Ecuador","ECU","ECU",202,"United States of America","USA","USA",185,418,"0","-","0","0","0"
1,"QOvT0n",1,1415,2013,54,"Ecuador","ECU","ECU",202,"United States of America","USA","USA",209,2248,"0","-","0","0","0"
1,"QOvT0n",1,1416,2014,54,"Ecuador","ECU","ECU",202,"United States of America","USA","USA",334,6889,"0","-","0","0","0"
1,"QOvT0n",1,1417,2015,54,"Ecuador","ECU","ECU",202,"United States of America","USA","USA",579,10326,"0","-","0","0","0"
1,"QOvT0n",1,1418,2016,54,"Ecuador","ECU","ECU",202,"United States of America","USA","USA",745,13540,"0","-","0","0","0"
1,"QOvT0n",1,1419,2017,54,"Ecuador","ECU","ECU",202,"United States of America","USA","USA",948,17082,"0","-","0","0","0"
1,"QOvT0n",1,1420,2018,54,"Ecuador","ECU","ECU",202,"United States of America","USA","USA",1144,17302,"0","-","0","0","0"
1,"QOvT0n",1,1421,2019,54,"Ecuador","ECU","ECU",202,"United States of America","USA","USA",1378,18557,"0","-","0","0","0"
1,"QOvT0n",1,1422,2020,54,"Ecuador","ECU","ECU",202,"United States of America","USA","USA",1453,20863,"0","-","0","0","0"
1,"QOvT0n",1,1423,2021,54,"Ecuador","ECU","ECU",202,"United States of America","USA","USA",1525,25743,"0","-","0","0","0"
1,"QOvT0n",1,1424,2022,54,"Ecuador","ECU","ECU",202,"United States of America","USA","USA",2656,37244,"0","-","0","0","0"
1,"QOvT0n",1,1425,2023,54,"Ecuador","ECU","ECU",202,"United States of America","USA","USA",3645,60720,"0","-","0","0","0"
1,"QOvT0n",1,1426,2024,54,"Ecuador","ECU","ECU",202,"United States of America","USA","USA",4003,95585,"0","-","0","0","0"
1,"QOvT0n",1,1427,2025,54,"Ecuador","ECU","ECU",202,"United States of America","USA","USA",4003,95585,"0","-","0","0","0"
1,"QOvT0n",1,1428,1998,55,"Equatorial Guinea","EGU","GNQ",202,"United States of America","USA","USA",5,"0","0","-","0","0","0"
1,"QOvT0n",1,1429,1999,55,"Equatorial Guinea","EGU","GNQ",202,"United States of America","USA","USA",5,"0","0","-","0","0","0"
1,"QOvT0n",1,1430,2000,55,"Equatorial Guinea","EGU","GNQ",202,"United States of America","USA","USA",16,"0","0","-","0","0","0"
1,"QOvT0n",1,1431,2001,55,"Equatorial Guinea","EGU","GNQ",202,"United States of America","USA","USA","0",5,"0","-","0","0","0"
1,"QOvT0n",1,1432,2005,55,"Equatorial Guinea","EGU","GNQ",202,"United States of America","USA","USA",30,"0","0","-","0","0","0"
1,"QOvT0n",1,1433,2006,55,"Equatorial Guinea","EGU","GNQ",202,"United States of America","USA","USA",42,"0","0","-","0","0","0"
1,"QOvT0n",1,1434,2007,55,"Equatorial Guinea","EGU","GNQ",202,"United States of America","USA","USA",7,"0","0","-","0","0","0"
1,"QOvT0n",1,1435,2008,55,"Equatorial Guinea","EGU","GNQ",202,"United States of America","USA","USA",6,"0","0","-","0","0","0"
1,"QOvT0n",1,1436,2009,55,"Equatorial Guinea","EGU","GNQ",202,"United States of America","USA","USA",7,"0","0","-","0","0","0"
1,"QOvT0n",1,1437,2010,55,"Equatorial Guinea","EGU","GNQ",202,"United States of America","USA","USA",7,"0","0","-","0","0","0"
1,"QOvT0n",1,1438,2011,55,"Equatorial Guinea","EGU","GNQ",202,"United States of America","USA","USA",10,"0","0","-","0","0","0"
1,"QOvT0n",1,1439,2012,55,"Equatorial Guinea","EGU","GNQ",202,"United States of America","USA","USA",10,"0","0","-","0","0","0"
1,"QOvT0n",1,1440,2013,55,"Equatorial Guinea","EGU","GNQ",202,"United States of America","USA","USA",11,"0","0","-","0","0","0"
1,"QOvT0n",1,1441,2014,55,"Equatorial Guinea","EGU","GNQ",202,"United States of America","USA","USA",11,"0","0","-","0","0","0"
1,"QOvT0n",1,1442,2015,55,"Equatorial Guinea","EGU","GNQ",202,"United States of America","USA","USA",10,5,"0","-","0","0","0"
1,"QOvT0n",1,1443,2016,55,"Equatorial Guinea","EGU","GNQ",202,"United States of America","USA","USA",9,5,"0","-","0","0","0"
1,"QOvT0n",1,1444,2017,55,"Equatorial Guinea","EGU","GNQ",202,"United States of America","USA","USA",9,24,"0","-","0","0","0"
1,"QOvT0n",1,1445,2018,55,"Equatorial Guinea","EGU","GNQ",202,"United States of America","USA","USA",11,42,"0","-","0","0","0"
1,"QOvT0n",1,1446,2019,55,"Equatorial Guinea","EGU","GNQ",202,"United States of America","USA","USA",17,52,"0","-","0","0","0"
1,"QOvT0n",1,1447,2020,55,"Equatorial Guinea","EGU","GNQ",202,"United States of America","USA","USA",17,71,"0","-","0","0","0"
1,"QOvT0n",1,1448,2021,55,"Equatorial Guinea","EGU","GNQ",202,"United States of America","USA","USA",17,97,"0","-","0","0","0"
1,"QOvT0n",1,1449,2022,55,"Equatorial Guinea","EGU","GNQ",202,"United States of America","USA","USA",17,109,"0","-","0","0","0"
1,"QOvT0n",1,1450,2023,55,"Equatorial Guinea","EGU","GNQ",202,"United States of America","USA","USA",17,254,"0","-","0","0","0"
1,"QOvT0n",1,1451,2024,55,"Equatorial Guinea","EGU","GNQ",202,"United States of America","USA","USA",17,442,"0","-","0","0","0"
1,"QOvT0n",1,1452,2025,55,"Equatorial Guinea","EGU","GNQ",202,"United States of America","USA","USA",17,442,"0","-","0","0","0"
1,"QOvT0n",1,1453,1995,56,"Eritrea","ERT","ERI",202,"United States of America","USA","USA",5,"0","0","-","0","0","0"
1,"QOvT0n",1,1454,1996,56,"Eritrea","ERT","ERI",202,"United States of America","USA","USA",23,"0","0","-","0","0","0"
1,"QOvT0n",1,1455,1997,56,"Eritrea","ERT","ERI",202,"United States of America","USA","USA",46,"0","0","-","0","0","0"
1,"QOvT0n",1,1456,1998,56,"Eritrea","ERT","ERI",202,"United States of America","USA","USA",187,"0","0","-","0","0","0"
1,"QOvT0n",1,1457,1999,56,"Eritrea","ERT","ERI",202,"United States of America","USA","USA",437,"0","0","-","0","0","0"
1,"QOvT0n",1,1458,2000,56,"Eritrea","ERT","ERI",202,"United States of America","USA","USA",807,194,"0","-","0","0","0"
1,"QOvT0n",1,1459,2001,56,"Eritrea","ERT","ERI",202,"United States of America","USA","USA",1153,213,"0","-","0","0","0"
1,"QOvT0n",1,1460,2002,56,"Eritrea","ERT","ERI",202,"United States of America","USA","USA",1380,247,"0","-","0","0","0"
1,"QOvT0n",1,1461,2003,56,"Eritrea","ERT","ERI",202,"United States of America","USA","USA",1246,201,"0","-","0","0","0"
1,"QOvT0n",1,1462,2004,56,"Eritrea","ERT","ERI",202,"United States of America","USA","USA",1277,192,"0","-","0","0","0"
1,"QOvT0n",1,1463,2005,56,"Eritrea","ERT","ERI",202,"United States of America","USA","USA",1734,212,"0","-","0","0","0"
1,"QOvT0n",1,1464,2006,56,"Eritrea","ERT","ERI",202,"United States of America","USA","USA",3201,189,"0","-","0","0","0"
1,"QOvT0n",1,1465,2007,56,"Eritrea","ERT","ERI",202,"United States of America","USA","USA",2157,144,"0","-","0","0","0"
1,"QOvT0n",1,1466,2008,56,"Eritrea","ERT","ERI",202,"United States of America","USA","USA",2395,164,"0","-","0","0","0"
1,"QOvT0n",1,1467,2009,56,"Eritrea","ERT","ERI",202,"United States of America","USA","USA",2677,170,"0","-","0","0","0"
1,"QOvT0n",1,1468,2010,56,"Eritrea","ERT","ERI",202,"United States of America","USA","USA",2815,52,"0","-","0","0","0"
1,"QOvT0n",1,1469,2011,56,"Eritrea","ERT","ERI",202,"United States of America","USA","USA",3315,63,"0","-","0","0","0"
1,"QOvT0n",1,1470,2012,56,"Eritrea","ERT","ERI",202,"United States of America","USA","USA",3512,48,"0","-","0","0","0"
1,"QOvT0n",1,1471,2013,56,"Eritrea","ERT","ERI",202,"United States of America","USA","USA",3619,285,"0","-","0","0","0"
1,"QOvT0n",1,1472,2014,56,"Eritrea","ERT","ERI",202,"United States of America","USA","USA",3868,479,"0","-","0","0","0"
1,"QOvT0n",1,1473,2015,56,"Eritrea","ERT","ERI",202,"United States of America","USA","USA",4085,945,"0","-","0","0","0"
1,"QOvT0n",1,1474,2016,56,"Eritrea","ERT","ERI",202,"United States of America","USA","USA",4480,1447,"0","-","0","0","0"
1,"QOvT0n",1,1475,2017,56,"Eritrea","ERT","ERI",202,"United States of America","USA","USA",5145,1697,"0","-","0","0","0"
1,"QOvT0n",1,1476,2018,56,"Eritrea","ERT","ERI",202,"United States of America","USA","USA",5725,1372,"0","-","0","0","0"
1,"QOvT0n",1,1477,2019,56,"Eritrea","ERT","ERI",202,"United States of America","USA","USA",5941,1056,"0","-","0","0","0"
1,"QOvT0n",1,1478,2020,56,"Eritrea","ERT","ERI",202,"United States of America","USA","USA",5765,1019,"0","-","0","0","0"
1,"QOvT0n",1,1479,2021,56,"Eritrea","ERT","ERI",202,"United States of America","USA","USA",5271,1073,"0","-","0","0","0"
1,"QOvT0n",1,1480,2022,56,"Eritrea","ERT","ERI",202,"United States of America","USA","USA",5036,1414,"0","-","0","0","0"
1,"QOvT0n",1,1481,2023,56,"Eritrea","ERT","ERI",202,"United States of America","USA","USA",4990,2404,"0","-","0","0","0"
1,"QOvT0n",1,1482,2024,56,"Eritrea","ERT","ERI",202,"United States of America","USA","USA",4956,2646,"0","-","0","0","0"
1,"QOvT0n",1,1483,2025,56,"Eritrea","ERT","ERI",202,"United States of America","USA","USA",4956,2646,"0","-","0","0","0"
1,"QOvT0n",1,1484,1995,57,"Estonia","EST","EST",202,"United States of America","USA","USA",15,"0","0","-","0","0","0"
1,"QOvT0n",1,1485,1996,57,"Estonia","EST","EST",202,"United States of America","USA","USA",53,"0","0","-","0","0","0"
1,"QOvT0n",1,1486,1997,57,"Estonia","EST","EST",202,"United States of America","USA","USA",99,"0","0","-","0","0","0"
1,"QOvT0n",1,1487,1998,57,"Estonia","EST","EST",202,"United States of America","USA","USA",121,"0","0","-","0","0","0"
1,"QOvT0n",1,1488,1999,57,"Estonia","EST","EST",202,"United States of America","USA","USA",195,"0","0","-","0","0","0"
1,"QOvT0n",1,1489,2000,57,"Estonia","EST","EST",202,"United States of America","USA","USA",241,39,"0","-","0","0","0"
1,"QOvT0n",1,1490,2001,57,"Estonia","EST","EST",202,"United States of America","USA","USA",277,58,"0","-","0","0","0"
1,"QOvT0n",1,1491,2002,57,"Estonia","EST","EST",202,"United States of America","USA","USA",284,114,"0","-","0","0","0"
1,"QOvT0n",1,1492,2003,57,"Estonia","EST","EST",202,"United States of America","USA","USA",295,129,"0","-","0","0","0"
1,"QOvT0n",1,1493,2004,57,"Estonia","EST","EST",202,"United States of America","USA","USA",261,131,"0","-","0","0","0"
1,"QOvT0n",1,1494,2005,57,"Estonia","EST","EST",202,"United States of America","USA","USA",242,117,"0","-","0","0","0"
1,"QOvT0n",1,1495,2006,57,"Estonia","EST","EST",202,"United States of America","USA","USA",401,113,"0","-","0","0","0"
1,"QOvT0n",1,1496,2007,57,"Estonia","EST","EST",202,"United States of America","USA","USA",120,50,"0","-","0","0","0"
1,"QOvT0n",1,1497,2008,57,"Estonia","EST","EST",202,"United States of America","USA","USA",108,33,"0","-","0","0","0"
1,"QOvT0n",1,1498,2009,57,"Estonia","EST","EST",202,"United States of America","USA","USA",109,27,"0","-","0","0","0"
1,"QOvT0n",1,1499,2010,57,"Estonia","EST","EST",202,"United States of America","USA","USA",111,"0","0","-","0","0","0"
1,"QOvT0n",1,1500,2011,57,"Estonia","EST","EST",202,"United States of America","USA","USA",93,"0","0","-","0","0","0"
1,"QOvT0n",1,1501,2012,57,"Estonia","EST","EST",202,"United States of America","USA","USA",328,"0","0","-","0","0","0"
1,"QOvT0n",1,1502,2013,57,"Estonia","EST","EST",202,"United States of America","USA","USA",310,15,"0","-","0","0","0"
1,"QOvT0n",1,1503,2014,57,"Estonia","EST","EST",202,"United States of America","USA","USA",294,19,"0","-","0","0","0"
1,"QOvT0n",1,1504,2015,57,"Estonia","EST","EST",202,"United States of America","USA","USA",279,27,"0","-","0","0","0"
1,"QOvT0n",1,1505,2016,57,"Estonia","EST","EST",202,"United States of America","USA","USA",276,32,"0","-","0","0","0"
1,"QOvT0n",1,1506,2017,57,"Estonia","EST","EST",202,"United States of America","USA","USA",266,36,"0","-","0","0","0"
1,"QOvT0n",1,1507,2018,57,"Estonia","EST","EST",202,"United States of America","USA","USA",264,37,"0","-","0","0","0"
1,"QOvT0n",1,1508,2019,57,"Estonia","EST","EST",202,"United States of America","USA","USA",254,38,"0","-","0","0","0"
1,"QOvT0n",1,1509,2020,57,"Estonia","EST","EST",202,"United States of America","USA","USA",252,36,"0","-","0","0","0"
1,"QOvT0n",1,1510,2021,57,"Estonia","EST","EST",202,"United States of America","USA","USA",250,37,"0","-","0","0","0"
1,"QOvT0n",1,1511,2022,57,"Estonia","EST","EST",202,"United States of America","USA","USA",25,56,"0","-","0","0","0"
1,"QOvT0n",1,1512,2023,57,"Estonia","EST","EST",202,"United States of America","USA","USA",25,48,"0","-","0","0","0"
1,"QOvT0n",1,1513,2024,57,"Estonia","EST","EST",202,"United States of America","USA","USA",25,44,"0","-","0","0","0"
1,"QOvT0n",1,1514,2025,57,"Estonia","EST","EST",202,"United States of America","USA","USA",25,44,"0","-","0","0","0"
1,"QOvT0n",1,1515,1988,58,"Ethiopia","ETH","ETH",202,"United States of America","USA","USA",10439,"0","0","-","0","0","0"
1,"QOvT0n",1,1516,1989,58,"Ethiopia","ETH","ETH",202,"United States of America","USA","USA",9829,"0","0","-","0","0","0"
1,"QOvT0n",1,1517,1990,58,"Ethiopia","ETH","ETH",202,"United States of America","USA","USA",11442,"0","0","-","0","0","0"
1,"QOvT0n",1,1518,1991,58,"Ethiopia","ETH","ETH",202,"United States of America","USA","USA",14310,"0","0","-","0","0","0"
1,"QOvT0n",1,1519,1992,58,"Ethiopia","ETH","ETH",202,"United States of America","USA","USA",15593,"0","0","-","0","0","0"
1,"QOvT0n",1,1520,1993,58,"Ethiopia","ETH","ETH",202,"United States of America","USA","USA",16684,"0","0","-","0","0","0"
1,"QOvT0n",1,1521,1994,58,"Ethiopia","ETH","ETH",202,"United States of America","USA","USA",15395,"0","0","-","0","0","0"
1,"QOvT0n",1,1522,1995,58,"Ethiopia","ETH","ETH",202,"United States of America","USA","USA",13305,"0","0","-","0","0","0"
1,"QOvT0n",1,1523,1996,58,"Ethiopia","ETH","ETH",202,"United States of America","USA","USA",10230,"0","0","-","0","0","0"
1,"QOvT0n",1,1524,1997,58,"Ethiopia","ETH","ETH",202,"United States of America","USA","USA",7832,"0","0","-","0","0","0"
1,"QOvT0n",1,1525,1998,58,"Ethiopia","ETH","ETH",202,"United States of America","USA","USA",5600,"0","0","-","0","0","0"
1,"QOvT0n",1,1526,1999,58,"Ethiopia","ETH","ETH",202,"United States of America","USA","USA",7849,"0","0","-","0","0","0"
1,"QOvT0n",1,1527,2000,58,"Ethiopia","ETH","ETH",202,"United States of America","USA","USA",9765,1283,"0","-","0","0","0"
1,"QOvT0n",1,1528,2001,58,"Ethiopia","ETH","ETH",202,"United States of America","USA","USA",11536,1506,"0","-","0","0","0"
1,"QOvT0n",1,1529,2002,58,"Ethiopia","ETH","ETH",202,"United States of America","USA","USA",12454,1419,"0","-","0","0","0"
1,"QOvT0n",1,1530,2003,58,"Ethiopia","ETH","ETH",202,"United States of America","USA","USA",12835,1205,"0","-","0","0","0"
1,"QOvT0n",1,1531,2004,58,"Ethiopia","ETH","ETH",202,"United States of America","USA","USA",12980,1073,"0","-","0","0","0"
1,"QOvT0n",1,1532,2005,58,"Ethiopia","ETH","ETH",202,"United States of America","USA","USA",13844,979,"0","-","0","0","0"
1,"QOvT0n",1,1533,2006,58,"Ethiopia","ETH","ETH",202,"United States of America","USA","USA",24853,1134,"0","-","0","0","0"
1,"QOvT0n",1,1534,2007,58,"Ethiopia","ETH","ETH",202,"United States of America","USA","USA",12530,1005,"0","-","0","0","0"
1,"QOvT0n",1,1535,2008,58,"Ethiopia","ETH","ETH",202,"United States of America","USA","USA",12514,930,"0","-","0","0","0"
1,"QOvT0n",1,1536,2009,58,"Ethiopia","ETH","ETH",202,"United States of America","USA","USA",12237,909,"0","-","0","0","0"
1,"QOvT0n",1,1537,2010,58,"Ethiopia","ETH","ETH",202,"United States of America","USA","USA",11421,205,"0","-","0","0","0"
1,"QOvT0n",1,1538,2011,58,"Ethiopia","ETH","ETH",202,"United States of America","USA","USA",11132,267,"0","-","0","0","0"
1,"QOvT0n",1,1539,2012,58,"Ethiopia","ETH","ETH",202,"United States of America","USA","USA",10508,354,"0","-","0","0","0"
1,"QOvT0n",1,1540,2013,58,"Ethiopia","ETH","ETH",202,"United States of America","USA","USA",10472,1258,"0","-","0","0","0"
1,"QOvT0n",1,1541,2014,58,"Ethiopia","ETH","ETH",202,"United States of America","USA","USA",10384,2139,"0","-","0","0","0"
1,"QOvT0n",1,1542,2015,58,"Ethiopia","ETH","ETH",202,"United States of America","USA","USA",10566,2925,"0","-","0","0","0"
1,"QOvT0n",1,1543,2016,58,"Ethiopia","ETH","ETH",202,"United States of America","USA","USA",10216,4411,"0","-","0","0","0"
1,"QOvT0n",1,1544,2017,58,"Ethiopia","ETH","ETH",202,"United States of America","USA","USA",9987,5506,"0","-","0","0","0"
1,"QOvT0n",1,1545,2018,58,"Ethiopia","ETH","ETH",202,"United States of America","USA","USA",9635,5679,"0","-","0","0","0"
1,"QOvT0n",1,1546,2019,58,"Ethiopia","ETH","ETH",202,"United States of America","USA","USA",9079,5556,"0","-","0","0","0"
1,"QOvT0n",1,1547,2020,58,"Ethiopia","ETH","ETH",202,"United States of America","USA","USA",8245,5885,"0","-","0","0","0"
1,"QOvT0n",1,1548,2021,58,"Ethiopia","ETH","ETH",202,"United States of America","USA","USA",7659,8671,"0","-","0","0","0"
1,"QOvT0n",1,1549,2022,58,"Ethiopia","ETH","ETH",202,"United States of America","USA","USA",7661,9964,"0","-","0","0","0"
1,"QOvT0n",1,1550,2023,58,"Ethiopia","ETH","ETH",202,"United States of America","USA","USA",7456,13038,"0","-","0","0","0"
1,"QOvT0n",1,1551,2024,58,"Ethiopia","ETH","ETH",202,"United States of America","USA","USA",7636,14720,"0","-","0","0","0"
1,"QOvT0n",1,1552,2025,58,"Ethiopia","ETH","ETH",202,"United States of America","USA","USA",7636,14720,"0","-","0","0","0"
1,"QOvT0n",1,1553,2017,59,"French Guiana","FGU","GUF",202,"United States of America","USA","USA","0",5,"0","-","0","0","0"
1,"QOvT0n",1,1554,2018,59,"French Guiana","FGU","GUF",202,"United States of America","USA","USA","0",5,"0","-","0","0","0"
1,"QOvT0n",1,1555,2019,59,"French Guiana","FGU","GUF",202,"United States of America","USA","USA","0",5,"0","-","0","0","0"
1,"QOvT0n",1,1556,2020,59,"French Guiana","FGU","GUF",202,"United States of America","USA","USA","0",8,"0","-","0","0","0"
1,"QOvT0n",1,1557,2022,59,"French Guiana","FGU","GUF",202,"United States of America","USA","USA","0",13,"0","-","0","0","0"
1,"QOvT0n",1,1558,2023,59,"French Guiana","FGU","GUF",202,"United States of America","USA","USA","0",51,"0","-","0","0","0"
1,"QOvT0n",1,1559,2024,59,"French Guiana","FGU","GUF",202,"United States of America","USA","USA","0",135,"0","-","0","0","0"
1,"QOvT0n",1,1560,2025,59,"French Guiana","FGU","GUF",202,"United States of America","USA","USA","0",135,"0","-","0","0","0"
1,"QOvT0n",1,1561,1992,60,"Fiji","FIJ","FJI",202,"United States of America","USA","USA",19,"0","0","-","0","0","0"
1,"QOvT0n",1,1562,1993,60,"Fiji","FIJ","FJI",202,"United States of America","USA","USA",89,"0","0","-","0","0","0"
1,"QOvT0n",1,1563,1994,60,"Fiji","FIJ","FJI",202,"United States of America","USA","USA",118,"0","0","-","0","0","0"
1,"QOvT0n",1,1564,1995,60,"Fiji","FIJ","FJI",202,"United States of America","USA","USA",194,"0","0","-","0","0","0"
1,"QOvT0n",1,1565,1996,60,"Fiji","FIJ","FJI",202,"United States of America","USA","USA",283,"0","0","-","0","0","0"
1,"QOvT0n",1,1566,1997,60,"Fiji","FIJ","FJI",202,"United States of America","USA","USA",299,"0","0","-","0","0","0"
1,"QOvT0n",1,1567,1998,60,"Fiji","FIJ","FJI",202,"United States of America","USA","USA",257,"0","0","-","0","0","0"
1,"QOvT0n",1,1568,1999,60,"Fiji","FIJ","FJI",202,"United States of America","USA","USA",290,"0","0","-","0","0","0"
1,"QOvT0n",1,1569,2000,60,"Fiji","FIJ","FJI",202,"United States of America","USA","USA",370,1091,"0","-","0","0","0"
1,"QOvT0n",1,1570,2001,60,"Fiji","FIJ","FJI",202,"United States of America","USA","USA",680,1321,"0","-","0","0","0"
1,"QOvT0n",1,1571,2002,60,"Fiji","FIJ","FJI",202,"United States of America","USA","USA",878,1229,"0","-","0","0","0"
1,"QOvT0n",1,1572,2003,60,"Fiji","FIJ","FJI",202,"United States of America","USA","USA",762,916,"0","-","0","0","0"
1,"QOvT0n",1,1573,2004,60,"Fiji","FIJ","FJI",202,"United States of America","USA","USA",835,485,"0","-","0","0","0"
1,"QOvT0n",1,1574,2005,60,"Fiji","FIJ","FJI",202,"United States of America","USA","USA",906,302,"0","-","0","0","0"
1,"QOvT0n",1,1575,2006,60,"Fiji","FIJ","FJI",202,"United States of America","USA","USA",1206,188,"0","-","0","0","0"
1,"QOvT0n",1,1576,2007,60,"Fiji","FIJ","FJI",202,"United States of America","USA","USA",1248,113,"0","-","0","0","0"
1,"QOvT0n",1,1577,2008,60,"Fiji","FIJ","FJI",202,"United States of America","USA","USA",1280,96,"0","-","0","0","0"
1,"QOvT0n",1,1578,2009,60,"Fiji","FIJ","FJI",202,"United States of America","USA","USA",1279,95,"0","-","0","0","0"
1,"QOvT0n",1,1579,2010,60,"Fiji","FIJ","FJI",202,"United States of America","USA","USA",1157,"0","0","-","0","0","0"
1,"QOvT0n",1,1580,2011,60,"Fiji","FIJ","FJI",202,"United States of America","USA","USA",821,5,"0","-","0","0","0"
1,"QOvT0n",1,1581,2012,60,"Fiji","FIJ","FJI",202,"United States of America","USA","USA",617,7,"0","-","0","0","0"
1,"QOvT0n",1,1582,2013,60,"Fiji","FIJ","FJI",202,"United States of America","USA","USA",489,40,"0","-","0","0","0"
1,"QOvT0n",1,1583,2014,60,"Fiji","FIJ","FJI",202,"United States of America","USA","USA",377,86,"0","-","0","0","0"
1,"QOvT0n",1,1584,2015,60,"Fiji","FIJ","FJI",202,"United States of America","USA","USA",339,96,"0","-","0","0","0"
1,"QOvT0n",1,1585,2016,60,"Fiji","FIJ","FJI",202,"United States of America","USA","USA",278,126,"0","-","0","0","0"
1,"QOvT0n",1,1586,2017,60,"Fiji","FIJ","FJI",202,"United States of America","USA","USA",231,196,"0","-","0","0","0"
1,"QOvT0n",1,1587,2018,60,"Fiji","FIJ","FJI",202,"United States of America","USA","USA",185,253,"0","-","0","0","0"
1,"QOvT0n",1,1588,2019,60,"Fiji","FIJ","FJI",202,"United States of America","USA","USA",154,278,"0","-","0","0","0"
1,"QOvT0n",1,1589,2020,60,"Fiji","FIJ","FJI",202,"United States of America","USA","USA",126,323,"0","-","0","0","0"
1,"QOvT0n",1,1590,2021,60,"Fiji","FIJ","FJI",202,"United States of America","USA","USA",114,425,"0","-","0","0","0"
1,"QOvT0n",1,1591,2022,60,"Fiji","FIJ","FJI",202,"United States of America","USA","USA",85,511,"0","-","0","0","0"
1,"QOvT0n",1,1592,2023,60,"Fiji","FIJ","FJI",202,"United States of America","USA","USA",74,580,"0","-","0","0","0"
1,"QOvT0n",1,1593,2024,60,"Fiji","FIJ","FJI",202,"United States of America","USA","USA",64,616,"0","-","0","0","0"
1,"QOvT0n",1,1594,2025,60,"Fiji","FIJ","FJI",202,"United States of America","USA","USA",64,616,"0","-","0","0","0"
1,"QOvT0n",1,1595,1998,61,"Finland","FIN","FIN",202,"United States of America","USA","USA",5,"0","0","-","0","0","0"
1,"QOvT0n",1,1596,1999,61,"Finland","FIN","FIN",202,"United States of America","USA","USA",5,"0","0","-","0","0","0"
1,"QOvT0n",1,1597,2000,61,"Finland","FIN","FIN",202,"United States of America","USA","USA",5,5,"0","-","0","0","0"
1,"QOvT0n",1,1598,2001,61,"Finland","FIN","FIN",202,"United States of America","USA","USA","0",5,"0","-","0","0","0"
1,"QOvT0n",1,1599,2002,61,"Finland","FIN","FIN",202,"United States of America","USA","USA","0",5,"0","-","0","0","0"
1,"QOvT0n",1,1600,2003,61,"Finland","FIN","FIN",202,"United States of America","USA","USA","0",5,"0","-","0","0","0"
1,"QOvT0n",1,1601,2004,61,"Finland","FIN","FIN",202,"United States of America","USA","USA","0",5,"0","-","0","0","0"
1,"QOvT0n",1,1602,2005,61,"Finland","FIN","FIN",202,"United States of America","USA","USA","0",5,"0","-","0","0","0"
1,"QOvT0n",1,1603,2006,61,"Finland","FIN","FIN",202,"United States of America","USA","USA",5,"0","0","-","0","0","0"
1,"QOvT0n",1,1604,2007,61,"Finland","FIN","FIN",202,"United States of America","USA","USA",5,"0","0","-","0","0","0"
1,"QOvT0n",1,1605,2009,61,"Finland","FIN","FIN",202,"United States of America","USA","USA",6,"0","0","-","0","0","0"
1,"QOvT0n",1,1606,2010,61,"Finland","FIN","FIN",202,"United States of America","USA","USA",6,"0","0","-","0","0","0"
1,"QOvT0n",1,1607,2011,61,"Finland","FIN","FIN",202,"United States of America","USA","USA",6,"0","0","-","0","0","0"
1,"QOvT0n",1,1608,2012,61,"Finland","FIN","FIN",202,"United States of America","USA","USA",5,"0","0","-","0","0","0"
1,"QOvT0n",1,1609,2013,61,"Finland","FIN","FIN",202,"United States of America","USA","USA",5,"0","0","-","0","0","0"
1,"QOvT0n",1,1610,2014,61,"Finland","FIN","FIN",202,"United States of America","USA","USA",5,"0","0","-","0","0","0"
1,"QOvT0n",1,1611,2015,61,"Finland","FIN","FIN",202,"United States of America","USA","USA",5,"0","0","-","0","0","0"
1,"QOvT0n",1,1612,2016,61,"Finland","FIN","FIN",202,"United States of America","USA","USA",5,"0","0","-","0","0","0"
1,"QOvT0n",1,1613,2017,61,"Finland","FIN","FIN",202,"United States of America","USA","USA",5,"0","0","-","0","0","0"
1,"QOvT0n",1,1614,2018,61,"Finland","FIN","FIN",202,"United States of America","USA","USA",5,"0","0","-","0","0","0"
1,"QOvT0n",1,1615,2022,61,"Finland","FIN","FIN",202,"United States of America","USA","USA","0",5,"0","-","0","0","0"
1,"QOvT0n",1,1616,2023,61,"Finland","FIN","FIN",202,"United States of America","USA","USA","0",29,"0","-","0","0","0"
1,"QOvT0n",1,1617,2024,61,"Finland","FIN","FIN",202,"United States of America","USA","USA","0",33,"0","-","0","0","0"
1,"QOvT0n",1,1618,2025,61,"Finland","FIN","FIN",202,"United States of America","USA","USA","0",33,"0","-","0","0","0"
1,"QOvT0n",1,1619,2005,62,"New Caledonia","FNC","NCL",202,"United States of America","USA","USA","0",7,"0","-","0","0","0"
1,"QOvT0n",1,1620,1996,64,"France","FRA","FRA",202,"United States of America","USA","USA",7,"0","0","-","0","0","0"
1,"QOvT0n",1,1621,1997,64,"France","FRA","FRA",202,"United States of America","USA","USA",13,"0","0","-","0","0","0"
1,"QOvT0n",1,1622,1998,64,"France","FRA","FRA",202,"United States of America","USA","USA",14,"0","0","-","0","0","0"
1,"QOvT0n",1,1623,1999,64,"France","FRA","FRA",202,"United States of America","USA","USA",14,"0","0","-","0","0","0"
1,"QOvT0n",1,1624,2000,64,"France","FRA","FRA",202,"United States of America","USA","USA",13,28,"0","-","0","0","0"
1,"QOvT0n",1,1625,2001,64,"France","FRA","FRA",202,"United States of America","USA","USA","0",30,"0","-","0","0","0"
1,"QOvT0n",1,1626,2002,64,"France","FRA","FRA",202,"United States of America","USA","USA","0",35,"0","-","0","0","0"
1,"QOvT0n",1,1627,2003,64,"France","FRA","FRA",202,"United States of America","USA","USA",12,40,"0","-","0","0","0"
1,"QOvT0n",1,1628,2004,64,"France","FRA","FRA",202,"United States of America","USA","USA",21,34,"0","-","0","0","0"
1,"QOvT0n",1,1629,2005,64,"France","FRA","FRA",202,"United States of America","USA","USA",24,30,"0","-","0","0","0"
1,"QOvT0n",1,1630,2006,64,"France","FRA","FRA",202,"United States of America","USA","USA",33,22,"0","-","0","0","0"
1,"QOvT0n",1,1631,2007,64,"France","FRA","FRA",202,"United States of America","USA","USA",36,14,"0","-","0","0","0"
1,"QOvT0n",1,1632,2008,64,"France","FRA","FRA",202,"United States of America","USA","USA",34,10,"0","-","0","0","0"
1,"QOvT0n",1,1633,2009,64,"France","FRA","FRA",202,"United States of America","USA","USA",35,5,"0","-","0","0","0"
1,"QOvT0n",1,1634,2010,64,"France","FRA","FRA",202,"United States of America","USA","USA",38,"0","0","-","0","0","0"
1,"QOvT0n",1,1635,2011,64,"France","FRA","FRA",202,"United States of America","USA","USA",43,5,"0","-","0","0","0"
1,"QOvT0n",1,1636,2012,64,"France","FRA","FRA",202,"United States of America","USA","USA",42,5,"0","-","0","0","0"
1,"QOvT0n",1,1637,2013,64,"France","FRA","FRA",202,"United States of America","USA","USA",36,26,"0","-","0","0","0"
1,"QOvT0n",1,1638,2014,64,"France","FRA","FRA",202,"United States of America","USA","USA",29,25,"0","-","0","0","0"
1,"QOvT0n",1,1639,2015,64,"France","FRA","FRA",202,"United States of America","USA","USA",24,42,"0","-","0","0","0"
1,"QOvT0n",1,1640,2016,64,"France","FRA","FRA",202,"United States of America","USA","USA",24,74,"0","-","0","0","0"
1,"QOvT0n",1,1641,2017,64,"France","FRA","FRA",202,"United States of America","USA","USA",24,70,"0","-","0","0","0"
1,"QOvT0n",1,1642,2018,64,"France","FRA","FRA",202,"United States of America","USA","USA",24,128,"0","-","0","0","0"
1,"QOvT0n",1,1643,2019,64,"France","FRA","FRA",202,"United States of America","USA","USA",23,141,"0","-","0","0","0"
1,"QOvT0n",1,1644,2020,64,"France","FRA","FRA",202,"United States of America","USA","USA",21,77,"0","-","0","0","0"
1,"QOvT0n",1,1645,2021,64,"France","FRA","FRA",202,"United States of America","USA","USA",17,132,"0","-","0","0","0"
1,"QOvT0n",1,1646,2022,64,"France","FRA","FRA",202,"United States of America","USA","USA",19,198,"0","-","0","0","0"
1,"QOvT0n",1,1647,2023,64,"France","FRA","FRA",202,"United States of America","USA","USA",19,261,"0","-","0","0","0"
1,"QOvT0n",1,1648,2024,64,"France","FRA","FRA",202,"United States of America","USA","USA",19,298,"0","-","0","0","0"
1,"QOvT0n",1,1649,2025,64,"France","FRA","FRA",202,"United States of America","USA","USA",19,298,"0","-","0","0","0"
1,"QOvT0n",1,1650,2002,66,"Micronesia (Federated States of)","FSM","FSM",202,"United States of America","USA","USA","0",5,"0","-","0","0","0"
1,"QOvT0n",1,1651,2003,66,"Micronesia (Federated States of)","FSM","FSM",202,"United States of America","USA","USA","0",5,"0","-","0","0","0"
1,"QOvT0n",1,1652,2004,66,"Micronesia (Federated States of)","FSM","FSM",202,"United States of America","USA","USA","0",5,"0","-","0","0","0"
1,"QOvT0n",1,1653,2015,66,"Micronesia (Federated States of)","FSM","FSM",202,"United States of America","USA","USA","0",6,"0","-","0","0","0"
1,"QOvT0n",1,1654,2022,66,"Micronesia (Federated States of)","FSM","FSM",202,"United States of America","USA","USA","0",5,"0","-","0","0","0"
1,"QOvT0n",1,1655,2024,66,"Micronesia (Federated States of)","FSM","FSM",202,"United States of America","USA","USA","0",5,"0","-","0","0","0"
1,"QOvT0n",1,1656,2025,66,"Micronesia (Federated States of)","FSM","FSM",202,"United States of America","USA","USA","0",5,"0","-","0","0","0"
1,"QOvT0n",1,1657,1998,67,"Gabon","GAB","GAB",202,"United States of America","USA","USA",5,"0","0","-","0","0","0"
1,"QOvT0n",1,1658,1999,67,"Gabon","GAB","GAB",202,"United States of America","USA","USA",5,"0","0","-","0","0","0"
1,"QOvT0n",1,1659,2000,67,"Gabon","GAB","GAB",202,"United States of America","USA","USA",5,"0","0","-","0","0","0"
1,"QOvT0n",1,1660,2002,67,"Gabon","GAB","GAB",202,"United States of America","USA","USA","0",5,"0","-","0","0","0"
1,"QOvT0n",1,1661,2003,67,"Gabon","GAB","GAB",202,"United States of America","USA","USA",7,11,"0","-","0","0","0"
1,"QOvT0n",1,1662,2004,67,"Gabon","GAB","GAB",202,"United States of America","USA","USA",16,6,"0","-","0","0","0"
1,"QOvT0n",1,1663,2005,67,"Gabon","GAB","GAB",202,"United States of America","USA","USA",24,12,"0","-","0","0","0"
1,"QOvT0n",1,1664,2006,67,"Gabon","GAB","GAB",202,"United States of America","USA","USA",31,11,"0","-","0","0","0"
1,"QOvT0n",1,1665,2007,67,"Gabon","GAB","GAB",202,"United States of America","USA","USA",35,5,"0","-","0","0","0"
1,"QOvT0n",1,1666,2008,67,"Gabon","GAB","GAB",202,"United States of America","USA","USA",37,"0","0","-","0","0","0"
1,"QOvT0n",1,1667,2009,67,"Gabon","GAB","GAB",202,"United States of America","USA","USA",44,"0","0","-","0","0","0"
1,"QOvT0n",1,1668,2010,67,"Gabon","GAB","GAB",202,"United States of America","USA","USA",51,"0","0","-","0","0","0"
1,"QOvT0n",1,1669,2011,67,"Gabon","GAB","GAB",202,"United States of America","USA","USA",55,5,"0","-","0","0","0"
1,"QOvT0n",1,1670,2012,67,"Gabon","GAB","GAB",202,"United States of America","USA","USA",58,"0","0","-","0","0","0"
1,"QOvT0n",1,1671,2013,67,"Gabon","GAB","GAB",202,"United States of America","USA","USA",53,22,"0","-","0","0","0"
1,"QOvT0n",1,1672,2014,67,"Gabon","GAB","GAB",202,"United States of America","USA","USA",44,35,"0","-","0","0","0"
1,"QOvT0n",1,1673,2015,67,"Gabon","GAB","GAB",202,"United States of America","USA","USA",45,57,"0","-","0","0","0"
1,"QOvT0n",1,1674,2016,67,"Gabon","GAB","GAB",202,"United States of America","USA","USA",40,101,"0","-","0","0","0"
1,"QOvT0n",1,1675,2017,67,"Gabon","GAB","GAB",202,"United States of America","USA","USA",40,181,"0","-","0","0","0"
1,"QOvT0n",1,1676,2018,67,"Gabon","GAB","GAB",202,"United States of America","USA","USA",49,217,"0","-","0","0","0"
1,"QOvT0n",1,1677,2019,67,"Gabon","GAB","GAB",202,"United States of America","USA","USA",49,254,"0","-","0","0","0"
1,"QOvT0n",1,1678,2020,67,"Gabon","GAB","GAB",202,"United States of America","USA","USA",53,284,"0","-","0","0","0"
1,"QOvT0n",1,1679,2021,67,"Gabon","GAB","GAB",202,"United States of America","USA","USA",48,344,"0","-","0","0","0"
1,"QOvT0n",1,1680,2022,67,"Gabon","GAB","GAB",202,"United States of America","USA","USA",59,398,"0","-","0","0","0"
1,"QOvT0n",1,1681,2023,67,"Gabon","GAB","GAB",202,"United States of America","USA","USA",64,450,"0","-","0","0","0"
1,"QOvT0n",1,1682,2024,67,"Gabon","GAB","GAB",202,"United States of America","USA","USA",65,523,"0","-","0","0","0"
1,"QOvT0n",1,1683,2025,67,"Gabon","GAB","GAB",202,"United States of America","USA","USA",65,523,"0","-","0","0","0"
1,"QOvT0n",1,1684,1995,68,"Gambia","GAM","GMB",202,"United States of America","USA","USA",72,"0","0","-","0","0","0"
1,"QOvT0n",1,1685,1996,68,"Gambia","GAM","GMB",202,"United States of America","USA","USA",173,"0","0","-","0","0","0"
1,"QOvT0n",1,1686,1997,68,"Gambia","GAM","GMB",202,"United States of America","USA","USA",276,"0","0","-","0","0","0"
1,"QOvT0n",1,1687,1998,68,"Gambia","GAM","GMB",202,"United States of America","USA","USA",410,"0","0","-","0","0","0"
1,"QOvT0n",1,1688,1999,68,"Gambia","GAM","GMB",202,"United States of America","USA","USA",507,"0","0","-","0","0","0"
1,"QOvT0n",1,1689,2000,68,"Gambia","GAM","GMB",202,"United States of America","USA","USA",497,220,"0","-","0","0","0"
1,"QOvT0n",1,1690,2001,68,"Gambia","GAM","GMB",202,"United States of America","USA","USA",452,211,"0","-","0","0","0"
1,"QOvT0n",1,1691,2002,68,"Gambia","GAM","GMB",202,"United States of America","USA","USA",389,211,"0","-","0","0","0"
1,"QOvT0n",1,1692,2003,68,"Gambia","GAM","GMB",202,"United States of America","USA","USA",242,240,"0","-","0","0","0"
1,"QOvT0n",1,1693,2004,68,"Gambia","GAM","GMB",202,"United States of America","USA","USA",236,309,"0","-","0","0","0"
1,"QOvT0n",1,1694,2005,68,"Gambia","GAM","GMB",202,"United States of America","USA","USA",289,403,"0","-","0","0","0"
1,"QOvT0n",1,1695,2006,68,"Gambia","GAM","GMB",202,"United States of America","USA","USA",721,404,"0","-","0","0","0"
1,"QOvT0n",1,1696,2007,68,"Gambia","GAM","GMB",202,"United States of America","USA","USA",642,386,"0","-","0","0","0"
1,"QOvT0n",1,1697,2008,68,"Gambia","GAM","GMB",202,"United States of America","USA","USA",644,353,"0","-","0","0","0"
1,"QOvT0n",1,1698,2009,68,"Gambia","GAM","GMB",202,"United States of America","USA","USA",714,332,"0","-","0","0","0"
1,"QOvT0n",1,1699,2010,68,"Gambia","GAM","GMB",202,"United States of America","USA","USA",774,42,"0","-","0","0","0"
1,"QOvT0n",1,1700,2011,68,"Gambia","GAM","GMB",202,"United States of America","USA","USA",887,91,"0","-","0","0","0"
1,"QOvT0n",1,1701,2012,68,"Gambia","GAM","GMB",202,"United States of America","USA","USA",1049,99,"0","-","0","0","0"
1,"QOvT0n",1,1702,2013,68,"Gambia","GAM","GMB",202,"United States of America","USA","USA",1133,299,"0","-","0","0","0"
1,"QOvT0n",1,1703,2014,68,"Gambia","GAM","GMB",202,"United States of America","USA","USA",1264,750,"0","-","0","0","0"
1,"QOvT0n",1,1704,2015,68,"Gambia","GAM","GMB",202,"United States of America","USA","USA",1371,861,"0","-","0","0","0"
1,"QOvT0n",1,1705,2016,68,"Gambia","GAM","GMB",202,"United States of America","USA","USA",1425,931,"0","-","0","0","0"
1,"QOvT0n",1,1706,2017,68,"Gambia","GAM","GMB",202,"United States of America","USA","USA",1503,903,"0","-","0","0","0"
1,"QOvT0n",1,1707,2018,68,"Gambia","GAM","GMB",202,"United States of America","USA","USA",1521,836,"0","-","0","0","0"
1,"QOvT0n",1,1708,2019,68,"Gambia","GAM","GMB",202,"United States of America","USA","USA",1511,816,"0","-","0","0","0"
1,"QOvT0n",1,1709,2020,68,"Gambia","GAM","GMB",202,"United States of America","USA","USA",1449,815,"0","-","0","0","0"
1,"QOvT0n",1,1710,2021,68,"Gambia","GAM","GMB",202,"United States of America","USA","USA",1357,805,"0","-","0","0","0"
1,"QOvT0n",1,1711,2022,68,"Gambia","GAM","GMB",202,"United States of America","USA","USA",1229,784,"0","-","0","0","0"
1,"QOvT0n",1,1712,2023,68,"Gambia","GAM","GMB",202,"United States of America","USA","USA",1134,924,"0","-","0","0","0"
1,"QOvT0n",1,1713,2024,68,"Gambia","GAM","GMB",202,"United States of America","USA","USA",1075,1388,"0","-","0","0","0"
1,"QOvT0n",1,1714,2025,68,"Gambia","GAM","GMB",202,"United States of America","USA","USA",1075,1388,"0","-","0","0","0"
1,"QOvT0n",1,1715,1999,69,"Palestinian","GAZ","PSE",202,"United States of America","USA","USA",5,"0","0","-","0","0","0"
1,"QOvT0n",1,1716,2000,69,"Palestinian","GAZ","PSE",202,"United States of America","USA","USA",5,"0","0","-","0","0","0"
1,"QOvT0n",1,1717,2002,69,"Palestinian","GAZ","PSE",202,"United States of America","USA","USA","0",11,"0","-","0","0","0"
1,"QOvT0n",1,1718,2003,69,"Palestinian","GAZ","PSE",202,"United States of America","USA","USA","0",11,"0","-","0","0","0"
1,"QOvT0n",1,1719,2004,69,"Palestinian","GAZ","PSE",202,"United States of America","USA","USA",5,15,"0","-","0","0","0"
1,"QOvT0n",1,1720,2005,69,"Palestinian","GAZ","PSE",202,"United States of America","USA","USA","0",21,"0","-","0","0","0"
1,"QOvT0n",1,1721,2006,69,"Palestinian","GAZ","PSE",202,"United States of America","USA","USA",5,8,"0","-","0","0","0"
1,"QOvT0n",1,1722,2007,69,"Palestinian","GAZ","PSE",202,"United States of America","USA","USA",6,5,"0","-","0","0","0"
1,"QOvT0n",1,1723,2008,69,"Palestinian","GAZ","PSE",202,"United States of America","USA","USA",5,5,"0","-","0","0","0"
1,"QOvT0n",1,1724,2009,69,"Palestinian","GAZ","PSE",202,"United States of America","USA","USA",5,"0","0","-","0","0","0"
1,"QOvT0n",1,1725,2010,69,"Palestinian","GAZ","PSE",202,"United States of America","USA","USA",6,"0","0","-","0","0","0"
1,"QOvT0n",1,1726,2011,69,"Palestinian","GAZ","PSE",202,"United States of America","USA","USA",7,"0","0","-","0","0","0"
1,"QOvT0n",1,1727,2012,69,"Palestinian","GAZ","PSE",202,"United States of America","USA","USA",8,"0","0","-","0","0","0"
1,"QOvT0n",1,1728,2013,69,"Palestinian","GAZ","PSE",202,"United States of America","USA","USA",6,9,"0","-","0","0","0"
1,"QOvT0n",1,1729,2014,69,"Palestinian","GAZ","PSE",202,"United States of America","USA","USA",5,9,"0","-","0","0","0"
1,"QOvT0n",1,1730,2015,69,"Palestinian","GAZ","PSE",202,"United States of America","USA","USA",5,16,"0","-","0","0","0"
1,"QOvT0n",1,1731,2016,69,"Palestinian","GAZ","PSE",202,"United States of America","USA","USA",5,33,"0","-","0","0","0"
1,"QOvT0n",1,1732,2017,69,"Palestinian","GAZ","PSE",202,"United States of America","USA","USA",5,57,"0","-","0","0","0"
1,"QOvT0n",1,1733,2018,69,"Palestinian","GAZ","PSE",202,"United States of America","USA","USA",5,77,"0","-","0","0","0"
1,"QOvT0n",1,1734,2019,69,"Palestinian","GAZ","PSE",202,"United States of America","USA","USA",14,99,"0","-","0","0","0"
1,"QOvT0n",1,1735,2020,69,"Palestinian","GAZ","PSE",202,"United States of America","USA","USA",21,102,"0","-","0","0","0"
1,"QOvT0n",1,1736,2021,69,"Palestinian","GAZ","PSE",202,"United States of America","USA","USA",20,136,"0","-","0","0","0"
1,"QOvT0n",1,1737,2022,69,"Palestinian","GAZ","PSE",202,"United States of America","USA","USA",26,324,"0","-","0","0","0"
1,"QOvT0n",1,1738,2023,69,"Palestinian","GAZ","PSE",202,"United States of America","USA","USA",36,89,"0","-","0","0","0"
1,"QOvT0n",1,1739,2024,69,"Palestinian","GAZ","PSE",202,"United States of America","USA","USA",36,83,"0","-","0","0","0"
1,"QOvT0n",1,1740,2025,69,"Palestinian","GAZ","PSE",202,"United States of America","USA","USA",36,83,"0","-","0","0","0"
1,"QOvT0n",1,1741,1995,70,"United Kingdom of Great Britain and Northern Ireland","GBR","GBR",202,"United States of America","USA","USA",10,"0","0","-","0","0","0"
1,"QOvT0n",1,1742,1996,70,"United Kingdom of Great Britain and Northern Ireland","GBR","GBR",202,"United States of America","USA","USA",28,"0","0","-","0","0","0"
1,"QOvT0n",1,1743,1997,70,"United Kingdom of Great Britain and Northern Ireland","GBR","GBR",202,"United States of America","USA","USA",36,"0","0","-","0","0","0"
1,"QOvT0n",1,1744,1998,70,"United Kingdom of Great Britain and Northern Ireland","GBR","GBR",202,"United States of America","USA","USA",50,"0","0","-","0","0","0"
1,"QOvT0n",1,1745,1999,70,"United Kingdom of Great Britain and Northern Ireland","GBR","GBR",202,"United States of America","USA","USA",73,"0","0","-","0","0","0"
1,"QOvT0n",1,1746,2000,70,"United Kingdom of Great Britain and Northern Ireland","GBR","GBR",202,"United States of America","USA","USA",77,56,"0","-","0","0","0"
1,"QOvT0n",1,1747,2001,70,"United Kingdom of Great Britain and Northern Ireland","GBR","GBR",202,"United States of America","USA","USA",77,72,"0","-","0","0","0"
1,"QOvT0n",1,1748,2002,70,"United Kingdom of Great Britain and Northern Ireland","GBR","GBR",202,"United States of America","USA","USA",84,51,"0","-","0","0","0"
1,"QOvT0n",1,1749,2003,70,"United Kingdom of Great Britain and Northern Ireland","GBR","GBR",202,"United States of America","USA","USA",64,51,"0","-","0","0","0"
1,"QOvT0n",1,1750,2004,70,"United Kingdom of Great Britain and Northern Ireland","GBR","GBR",202,"United States of America","USA","USA",55,46,"0","-","0","0","0"
1,"QOvT0n",1,1751,2005,70,"United Kingdom of Great Britain and Northern Ireland","GBR","GBR",202,"United States of America","USA","USA",45,57,"0","-","0","0","0"
1,"QOvT0n",1,1752,2006,70,"United Kingdom of Great Britain and Northern Ireland","GBR","GBR",202,"United States of America","USA","USA",101,32,"0","-","0","0","0"
1,"QOvT0n",1,1753,2007,70,"United Kingdom of Great Britain and Northern Ireland","GBR","GBR",202,"United States of America","USA","USA",103,21,"0","-","0","0","0"
1,"QOvT0n",1,1754,2008,70,"United Kingdom of Great Britain and Northern Ireland","GBR","GBR",202,"United States of America","USA","USA",92,24,"0","-","0","0","0"
1,"QOvT0n",1,1755,2009,70,"United Kingdom of Great Britain and Northern Ireland","GBR","GBR",202,"United States of America","USA","USA",80,19,"0","-","0","0","0"
1,"QOvT0n",1,1756,2010,70,"United Kingdom of Great Britain and Northern Ireland","GBR","GBR",202,"United States of America","USA","USA",68,5,"0","-","0","0","0"
1,"QOvT0n",1,1757,2011,70,"United Kingdom of Great Britain and Northern Ireland","GBR","GBR",202,"United States of America","USA","USA",58,"0","0","-","0","0","0"
1,"QOvT0n",1,1758,2012,70,"United Kingdom of Great Britain and Northern Ireland","GBR","GBR",202,"United States of America","USA","USA",53,5,"0","-","0","0","0"
1,"QOvT0n",1,1759,2013,70,"United Kingdom of Great Britain and Northern Ireland","GBR","GBR",202,"United States of America","USA","USA",52,37,"0","-","0","0","0"
1,"QOvT0n",1,1760,2014,70,"United Kingdom of Great Britain and Northern Ireland","GBR","GBR",202,"United States of America","USA","USA",52,69,"0","-","0","0","0"
1,"QOvT0n",1,1761,2015,70,"United Kingdom of Great Britain and Northern Ireland","GBR","GBR",202,"United States of America","USA","USA",44,82,"0","-","0","0","0"
1,"QOvT0n",1,1762,2016,70,"United Kingdom of Great Britain and Northern Ireland","GBR","GBR",202,"United States of America","USA","USA",42,80,"0","-","0","0","0"
1,"QOvT0n",1,1763,2017,70,"United Kingdom of Great Britain and Northern Ireland","GBR","GBR",202,"United States of America","USA","USA",39,108,"0","-","0","0","0"
1,"QOvT0n",1,1764,2018,70,"United Kingdom of Great Britain and Northern Ireland","GBR","GBR",202,"United States of America","USA","USA",36,114,"0","-","0","0","0"
1,"QOvT0n",1,1765,2019,70,"United Kingdom of Great Britain and Northern Ireland","GBR","GBR",202,"United States of America","USA","USA",32,110,"0","-","0","0","0"
1,"QOvT0n",1,1766,2020,70,"United Kingdom of Great Britain and Northern Ireland","GBR","GBR",202,"United States of America","USA","USA",30,113,"0","-","0","0","0"
1,"QOvT0n",1,1767,2021,70,"United Kingdom of Great Britain and Northern Ireland","GBR","GBR",202,"United States of America","USA","USA",27,144,"0","-","0","0","0"
1,"QOvT0n",1,1768,2022,70,"United Kingdom of Great Britain and Northern Ireland","GBR","GBR",202,"United States of America","USA","USA",37,176,"0","-","0","0","0"
1,"QOvT0n",1,1769,2023,70,"United Kingdom of Great Britain and Northern Ireland","GBR","GBR",202,"United States of America","USA","USA",27,233,"0","-","0","0","0"
1,"QOvT0n",1,1770,2024,70,"United Kingdom of Great Britain and Northern Ireland","GBR","GBR",202,"United States of America","USA","USA",25,315,"0","-","0","0","0"
1,"QOvT0n",1,1771,2025,70,"United Kingdom of Great Britain and Northern Ireland","GBR","GBR",202,"United States of America","USA","USA",25,315,"0","-","0","0","0"
1,"QOvT0n",1,1772,1995,71,"Georgia","GEO","GEO",202,"United States of America","USA","USA",84,"0","0","-","0","0","0"
1,"QOvT0n",1,1773,1996,71,"Georgia","GEO","GEO",202,"United States of America","USA","USA",185,"0","0","-","0","0","0"
1,"QOvT0n",1,1774,1997,71,"Georgia","GEO","GEO",202,"United States of America","USA","USA",261,"0","0","-","0","0","0"
1,"QOvT0n",1,1775,1998,71,"Georgia","GEO","GEO",202,"United States of America","USA","USA",354,"0","0","-","0","0","0"
1,"QOvT0n",1,1776,1999,71,"Georgia","GEO","GEO",202,"United States of America","USA","USA",598,"0","0","-","0","0","0"
1,"QOvT0n",1,1777,2000,71,"Georgia","GEO","GEO",202,"United States of America","USA","USA",753,310,"0","-","0","0","0"
1,"QOvT0n",1,1778,2001,71,"Georgia","GEO","GEO",202,"United States of America","USA","USA",889,328,"0","-","0","0","0"
1,"QOvT0n",1,1779,2002,71,"Georgia","GEO","GEO",202,"United States of America","USA","USA",967,374,"0","-","0","0","0"
1,"QOvT0n",1,1780,2003,71,"Georgia","GEO","GEO",202,"United States of America","USA","USA",770,411,"0","-","0","0","0"
1,"QOvT0n",1,1781,2004,71,"Georgia","GEO","GEO",202,"United States of America","USA","USA",791,395,"0","-","0","0","0"
1,"QOvT0n",1,1782,2005,71,"Georgia","GEO","GEO",202,"United States of America","USA","USA",817,310,"0","-","0","0","0"
1,"QOvT0n",1,1783,2006,71,"Georgia","GEO","GEO",202,"United States of America","USA","USA",1289,244,"0","-","0","0","0"
1,"QOvT0n",1,1784,2007,71,"Georgia","GEO","GEO",202,"United States of America","USA","USA",1093,138,"0","-","0","0","0"
1,"QOvT0n",1,1785,2008,71,"Georgia","GEO","GEO",202,"United States of America","USA","USA",1111,107,"0","-","0","0","0"
1,"QOvT0n",1,1786,2009,71,"Georgia","GEO","GEO",202,"United States of America","USA","USA",1090,98,"0","-","0","0","0"
1,"QOvT0n",1,1787,2010,71,"Georgia","GEO","GEO",202,"United States of America","USA","USA",928,10,"0","-","0","0","0"
1,"QOvT0n",1,1788,2011,71,"Georgia","GEO","GEO",202,"United States of America","USA","USA",802,12,"0","-","0","0","0"
1,"QOvT0n",1,1789,2012,71,"Georgia","GEO","GEO",202,"United States of America","USA","USA",693,9,"0","-","0","0","0"
1,"QOvT0n",1,1790,2013,71,"Georgia","GEO","GEO",202,"United States of America","USA","USA",608,89,"0","-","0","0","0"
1,"QOvT0n",1,1791,2014,71,"Georgia","GEO","GEO",202,"United States of America","USA","USA",496,212,"0","-","0","0","0"
1,"QOvT0n",1,1792,2015,71,"Georgia","GEO","GEO",202,"United States of America","USA","USA",422,415,"0","-","0","0","0"
1,"QOvT0n",1,1793,2016,71,"Georgia","GEO","GEO",202,"United States of America","USA","USA",370,801,"0","-","0","0","0"
1,"QOvT0n",1,1794,2017,71,"Georgia","GEO","GEO",202,"United States of America","USA","USA",382,1469,"0","-","0","0","0"
1,"QOvT0n",1,1795,2018,71,"Georgia","GEO","GEO",202,"United States of America","USA","USA",411,1581,"0","-","0","0","0"
1,"QOvT0n",1,1796,2019,71,"Georgia","GEO","GEO",202,"United States of America","USA","USA",456,1852,"0","-","0","0","0"
1,"QOvT0n",1,1797,2020,71,"Georgia","GEO","GEO",202,"United States of America","USA","USA",456,2005,"0","-","0","0","0"
1,"QOvT0n",1,1798,2021,71,"Georgia","GEO","GEO",202,"United States of America","USA","USA",465,2573,"0","-","0","0","0"
1,"QOvT0n",1,1799,2022,71,"Georgia","GEO","GEO",202,"United States of America","USA","USA",566,4845,"0","-","0","0","0"
1,"QOvT0n",1,1800,2023,71,"Georgia","GEO","GEO",202,"United States of America","USA","USA",749,13230,"0","-","0","0","0"
1,"QOvT0n",1,1801,2024,71,"Georgia","GEO","GEO",202,"United States of America","USA","USA",988,16053,"0","-","0","0","0"
1,"QOvT0n",1,1802,2025,71,"Georgia","GEO","GEO",202,"United States of America","USA","USA",988,16053,"0","-","0","0","0"
1,"QOvT0n",1,1803,1996,72,"Germany","GFR","DEU",202,"United States of America","USA","USA",5,"0","0","-","0","0","0"
1,"QOvT0n",1,1804,1997,72,"Germany","GFR","DEU",202,"United States of America","USA","USA",7,"0","0","-","0","0","0"
1,"QOvT0n",1,1805,1998,72,"Germany","GFR","DEU",202,"United States of America","USA","USA",13,"0","0","-","0","0","0"
1,"QOvT0n",1,1806,1999,72,"Germany","GFR","DEU",202,"United States of America","USA","USA",17,"0","0","-","0","0","0"
1,"QOvT0n",1,1807,2000,72,"Germany","GFR","DEU",202,"United States of America","USA","USA",23,34,"0","-","0","0","0"
1,"QOvT0n",1,1808,2001,72,"Germany","GFR","DEU",202,"United States of America","USA","USA","0",36,"0","-","0","0","0"
1,"QOvT0n",1,1809,2002,72,"Germany","GFR","DEU",202,"United States of America","USA","USA","0",42,"0","-","0","0","0"
1,"QOvT0n",1,1810,2003,72,"Germany","GFR","DEU",202,"United States of America","USA","USA",28,37,"0","-","0","0","0"
1,"QOvT0n",1,1811,2004,72,"Germany","GFR","DEU",202,"United States of America","USA","USA",30,38,"0","-","0","0","0"
1,"QOvT0n",1,1812,2005,72,"Germany","GFR","DEU",202,"United States of America","USA","USA",29,28,"0","-","0","0","0"
1,"QOvT0n",1,1813,2006,72,"Germany","GFR","DEU",202,"United States of America","USA","USA",61,42,"0","-","0","0","0"
1,"QOvT0n",1,1814,2007,72,"Germany","GFR","DEU",202,"United States of America","USA","USA",64,10,"0","-","0","0","0"
1,"QOvT0n",1,1815,2008,72,"Germany","GFR","DEU",202,"United States of America","USA","USA",62,12,"0","-","0","0","0"
1,"QOvT0n",1,1816,2009,72,"Germany","GFR","DEU",202,"United States of America","USA","USA",60,7,"0","-","0","0","0"
1,"QOvT0n",1,1817,2010,72,"Germany","GFR","DEU",202,"United States of America","USA","USA",64,"0","0","-","0","0","0"
1,"QOvT0n",1,1818,2011,72,"Germany","GFR","DEU",202,"United States of America","USA","USA",64,"0","0","-","0","0","0"
1,"QOvT0n",1,1819,2012,72,"Germany","GFR","DEU",202,"United States of America","USA","USA",64,6,"0","-","0","0","0"
1,"QOvT0n",1,1820,2013,72,"Germany","GFR","DEU",202,"United States of America","USA","USA",59,53,"0","-","0","0","0"
1,"QOvT0n",1,1821,2014,72,"Germany","GFR","DEU",202,"United States of America","USA","USA",59,77,"0","-","0","0","0"
1,"QOvT0n",1,1822,2015,72,"Germany","GFR","DEU",202,"United States of America","USA","USA",54,76,"0","-","0","0","0"
1,"QOvT0n",1,1823,2016,72,"Germany","GFR","DEU",202,"United States of America","USA","USA",41,104,"0","-","0","0","0"
1,"QOvT0n",1,1824,2017,72,"Germany","GFR","DEU",202,"United States of America","USA","USA",40,125,"0","-","0","0","0"
1,"QOvT0n",1,1825,2018,72,"Germany","GFR","DEU",202,"United States of America","USA","USA",42,125,"0","-","0","0","0"
1,"QOvT0n",1,1826,2019,72,"Germany","GFR","DEU",202,"United States of America","USA","USA",43,125,"0","-","0","0","0"
1,"QOvT0n",1,1827,2020,72,"Germany","GFR","DEU",202,"United States of America","USA","USA",36,132,"0","-","0","0","0"
1,"QOvT0n",1,1828,2021,72,"Germany","GFR","DEU",202,"United States of America","USA","USA",29,176,"0","-","0","0","0"
1,"QOvT0n",1,1829,2022,72,"Germany","GFR","DEU",202,"United States of America","USA","USA",41,401,"0","-","0","0","0"
1,"QOvT0n",1,1830,2023,72,"Germany","GFR","DEU",202,"United States of America","USA","USA",40,587,"0","-","0","0","0"
1,"QOvT0n",1,1831,2024,72,"Germany","GFR","DEU",202,"United States of America","USA","USA",38,620,"0","-","0","0","0"
1,"QOvT0n",1,1832,2025,72,"Germany","GFR","DEU",202,"United States of America","USA","USA",38,620,"0","-","0","0","0"
1,"QOvT0n",1,1833,1990,73,"Ghana","GHA","GHA",202,"United States of America","USA","USA",5,"0","0","-","0","0","0"
1,"QOvT0n",1,1834,1991,73,"Ghana","GHA","GHA",202,"United States of America","USA","USA",5,"0","0","-","0","0","0"
1,"QOvT0n",1,1835,1992,73,"Ghana","GHA","GHA",202,"United States of America","USA","USA",12,"0","0","-","0","0","0"
1,"QOvT0n",1,1836,1993,73,"Ghana","GHA","GHA",202,"United States of America","USA","USA",26,"0","0","-","0","0","0"
1,"QOvT0n",1,1837,1994,73,"Ghana","GHA","GHA",202,"United States of America","USA","USA",70,"0","0","-","0","0","0"
1,"QOvT0n",1,1838,1995,73,"Ghana","GHA","GHA",202,"United States of America","USA","USA",203,"0","0","-","0","0","0"
1,"QOvT0n",1,1839,1996,73,"Ghana","GHA","GHA",202,"United States of America","USA","USA",292,"0","0","-","0","0","0"
1,"QOvT0n",1,1840,1997,73,"Ghana","GHA","GHA",202,"United States of America","USA","USA",324,"0","0","-","0","0","0"
1,"QOvT0n",1,1841,1998,73,"Ghana","GHA","GHA",202,"United States of America","USA","USA",343,"0","0","-","0","0","0"
1,"QOvT0n",1,1842,1999,73,"Ghana","GHA","GHA",202,"United States of America","USA","USA",343,"0","0","-","0","0","0"
1,"QOvT0n",1,1843,2000,73,"Ghana","GHA","GHA",202,"United States of America","USA","USA",257,278,"0","-","0","0","0"
1,"QOvT0n",1,1844,2001,73,"Ghana","GHA","GHA",202,"United States of America","USA","USA","0",208,"0","-","0","0","0"
1,"QOvT0n",1,1845,2002,73,"Ghana","GHA","GHA",202,"United States of America","USA","USA","0",171,"0","-","0","0","0"
1,"QOvT0n",1,1846,2003,73,"Ghana","GHA","GHA",202,"United States of America","USA","USA",109,158,"0","-","0","0","0"
1,"QOvT0n",1,1847,2004,73,"Ghana","GHA","GHA",202,"United States of America","USA","USA",101,145,"0","-","0","0","0"
1,"QOvT0n",1,1848,2005,73,"Ghana","GHA","GHA",202,"United States of America","USA","USA",101,144,"0","-","0","0","0"
1,"QOvT0n",1,1849,2006,73,"Ghana","GHA","GHA",202,"United States of America","USA","USA",243,137,"0","-","0","0","0"
1,"QOvT0n",1,1850,2007,73,"Ghana","GHA","GHA",202,"United States of America","USA","USA",235,55,"0","-","0","0","0"
1,"QOvT0n",1,1851,2008,73,"Ghana","GHA","GHA",202,"United States of America","USA","USA",216,37,"0","-","0","0","0"
1,"QOvT0n",1,1852,2009,73,"Ghana","GHA","GHA",202,"United States of America","USA","USA",225,31,"0","-","0","0","0"
1,"QOvT0n",1,1853,2010,73,"Ghana","GHA","GHA",202,"United States of America","USA","USA",192,5,"0","-","0","0","0"
1,"QOvT0n",1,1854,2011,73,"Ghana","GHA","GHA",202,"United States of America","USA","USA",184,10,"0","-","0","0","0"
1,"QOvT0n",1,1855,2012,73,"Ghana","GHA","GHA",202,"United States of America","USA","USA",185,18,"0","-","0","0","0"
1,"QOvT0n",1,1856,2013,73,"Ghana","GHA","GHA",202,"United States of America","USA","USA",196,219,"0","-","0","0","0"
1,"QOvT0n",1,1857,2014,73,"Ghana","GHA","GHA",202,"United States of America","USA","USA",211,359,"0","-","0","0","0"
1,"QOvT0n",1,1858,2015,73,"Ghana","GHA","GHA",202,"United States of America","USA","USA",262,667,"0","-","0","0","0"
1,"QOvT0n",1,1859,2016,73,"Ghana","GHA","GHA",202,"United States of America","USA","USA",361,967,"0","-","0","0","0"
1,"QOvT0n",1,1860,2017,73,"Ghana","GHA","GHA",202,"United States of America","USA","USA",399,983,"0","-","0","0","0"
1,"QOvT0n",1,1861,2018,73,"Ghana","GHA","GHA",202,"United States of America","USA","USA",429,935,"0","-","0","0","0"
1,"QOvT0n",1,1862,2019,73,"Ghana","GHA","GHA",202,"United States of America","USA","USA",481,912,"0","-","0","0","0"
1,"QOvT0n",1,1863,2020,73,"Ghana","GHA","GHA",202,"United States of America","USA","USA",491,963,"0","-","0","0","0"
1,"QOvT0n",1,1864,2021,73,"Ghana","GHA","GHA",202,"United States of America","USA","USA",499,1049,"0","-","0","0","0"
1,"QOvT0n",1,1865,2022,73,"Ghana","GHA","GHA",202,"United States of America","USA","USA",544,1930,"0","-","0","0","0"
1,"QOvT0n",1,1866,2023,73,"Ghana","GHA","GHA",202,"United States of America","USA","USA",690,4500,"0","-","0","0","0"
1,"QOvT0n",1,1867,2024,73,"Ghana","GHA","GHA",202,"United States of America","USA","USA",812,5744,"0","-","0","0","0"
1,"QOvT0n",1,1868,2025,73,"Ghana","GHA","GHA",202,"United States of America","USA","USA",812,5744,"0","-","0","0","0"
1,"QOvT0n",1,1869,2002,74,"Gibraltar","GIB","GIB",202,"United States of America","USA","USA","0",5,"0","-","0","0","0"
1,"QOvT0n",1,1870,1998,75,"Guinea-Bissau","GNB","GNB",202,"United States of America","USA","USA",5,"0","0","-","0","0","0"
1,"QOvT0n",1,1871,1999,75,"Guinea-Bissau","GNB","GNB",202,"United States of America","USA","USA",5,"0","0","-","0","0","0"
1,"QOvT0n",1,1872,2000,75,"Guinea-Bissau","GNB","GNB",202,"United States of America","USA","USA","0",10,"0","-","0","0","0"
1,"QOvT0n",1,1873,2001,75,"Guinea-Bissau","GNB","GNB",202,"United States of America","USA","USA","0",18,"0","-","0","0","0"
1,"QOvT0n",1,1874,2002,75,"Guinea-Bissau","GNB","GNB",202,"United States of America","USA","USA",5,25,"0","-","0","0","0"
1,"QOvT0n",1,1875,2003,75,"Guinea-Bissau","GNB","GNB",202,"United States of America","USA","USA",7,31,"0","-","0","0","0"
1,"QOvT0n",1,1876,2004,75,"Guinea-Bissau","GNB","GNB",202,"United States of America","USA","USA",17,29,"0","-","0","0","0"
1,"QOvT0n",1,1877,2005,75,"Guinea-Bissau","GNB","GNB",202,"United States of America","USA","USA",17,23,"0","-","0","0","0"
1,"QOvT0n",1,1878,2006,75,"Guinea-Bissau","GNB","GNB",202,"United States of America","USA","USA",30,18,"0","-","0","0","0"
1,"QOvT0n",1,1879,2007,75,"Guinea-Bissau","GNB","GNB",202,"United States of America","USA","USA",33,11,"0","-","0","0","0"
1,"QOvT0n",1,1880,2008,75,"Guinea-Bissau","GNB","GNB",202,"United States of America","USA","USA",34,"0","0","-","0","0","0"
1,"QOvT0n",1,1881,2009,75,"Guinea-Bissau","GNB","GNB",202,"United States of America","USA","USA",38,5,"0","-","0","0","0"
1,"QOvT0n",1,1882,2010,75,"Guinea-Bissau","GNB","GNB",202,"United States of America","USA","USA",39,"0","0","-","0","0","0"
1,"QOvT0n",1,1883,2011,75,"Guinea-Bissau","GNB","GNB",202,"United States of America","USA","USA",39,"0","0","-","0","0","0"
1,"QOvT0n",1,1884,2012,75,"Guinea-Bissau","GNB","GNB",202,"United States of America","USA","USA",38,"0","0","-","0","0","0"
1,"QOvT0n",1,1885,2013,75,"Guinea-Bissau","GNB","GNB",202,"United States of America","USA","USA",37,5,"0","-","0","0","0"
1,"QOvT0n",1,1886,2014,75,"Guinea-Bissau","GNB","GNB",202,"United States of America","USA","USA",30,11,"0","-","0","0","0"
1,"QOvT0n",1,1887,2015,75,"Guinea-Bissau","GNB","GNB",202,"United States of America","USA","USA",24,16,"0","-","0","0","0"
1,"QOvT0n",1,1888,2016,75,"Guinea-Bissau","GNB","GNB",202,"United States of America","USA","USA",25,16,"0","-","0","0","0"
1,"QOvT0n",1,1889,2017,75,"Guinea-Bissau","GNB","GNB",202,"United States of America","USA","USA",24,19,"0","-","0","0","0"
1,"QOvT0n",1,1890,2018,75,"Guinea-Bissau","GNB","GNB",202,"United States of America","USA","USA",23,20,"0","-","0","0","0"
1,"QOvT0n",1,1891,2019,75,"Guinea-Bissau","GNB","GNB",202,"United States of America","USA","USA",19,26,"0","-","0","0","0"
1,"QOvT0n",1,1892,2020,75,"Guinea-Bissau","GNB","GNB",202,"United States of America","USA","USA",18,37,"0","-","0","0","0"
1,"QOvT0n",1,1893,2021,75,"Guinea-Bissau","GNB","GNB",202,"United States of America","USA","USA",18,48,"0","-","0","0","0"
1,"QOvT0n",1,1894,2022,75,"Guinea-Bissau","GNB","GNB",202,"United States of America","USA","USA",20,64,"0","-","0","0","0"
1,"QOvT0n",1,1895,2023,75,"Guinea-Bissau","GNB","GNB",202,"United States of America","USA","USA",16,117,"0","-","0","0","0"
1,"QOvT0n",1,1896,2024,75,"Guinea-Bissau","GNB","GNB",202,"United States of America","USA","USA",19,188,"0","-","0","0","0"
1,"QOvT0n",1,1897,2025,75,"Guinea-Bissau","GNB","GNB",202,"United States of America","USA","USA",19,188,"0","-","0","0","0"
1,"QOvT0n",1,1898,1998,76,"Greece","GRE","GRC",202,"United States of America","USA","USA",5,"0","0","-","0","0","0"
1,"QOvT0n",1,1899,1999,76,"Greece","GRE","GRC",202,"United States of America","USA","USA",5,"0","0","-","0","0","0"
1,"QOvT0n",1,1900,2000,76,"Greece","GRE","GRC",202,"United States of America","USA","USA",5,8,"0","-","0","0","0"
1,"QOvT0n",1,1901,2001,76,"Greece","GRE","GRC",202,"United States of America","USA","USA","0",19,"0","-","0","0","0"
1,"QOvT0n",1,1902,2002,76,"Greece","GRE","GRC",202,"United States of America","USA","USA","0",17,"0","-","0","0","0"
1,"QOvT0n",1,1903,2003,76,"Greece","GRE","GRC",202,"United States of America","USA","USA",7,21,"0","-","0","0","0"
1,"QOvT0n",1,1904,2004,76,"Greece","GRE","GRC",202,"United States of America","USA","USA",11,17,"0","-","0","0","0"
1,"QOvT0n",1,1905,2005,76,"Greece","GRE","GRC",202,"United States of America","USA","USA",11,20,"0","-","0","0","0"
1,"QOvT0n",1,1906,2006,76,"Greece","GRE","GRC",202,"United States of America","USA","USA",26,18,"0","-","0","0","0"
1,"QOvT0n",1,1907,2007,76,"Greece","GRE","GRC",202,"United States of America","USA","USA",30,"0","0","-","0","0","0"
1,"QOvT0n",1,1908,2008,76,"Greece","GRE","GRC",202,"United States of America","USA","USA",29,"0","0","-","0","0","0"
1,"QOvT0n",1,1909,2009,76,"Greece","GRE","GRC",202,"United States of America","USA","USA",30,"0","0","-","0","0","0"
1,"QOvT0n",1,1910,2010,76,"Greece","GRE","GRC",202,"United States of America","USA","USA",30,"0","0","-","0","0","0"
1,"QOvT0n",1,1911,2011,76,"Greece","GRE","GRC",202,"United States of America","USA","USA",31,"0","0","-","0","0","0"
1,"QOvT0n",1,1912,2012,76,"Greece","GRE","GRC",202,"United States of America","USA","USA",29,5,"0","-","0","0","0"
1,"QOvT0n",1,1913,2013,76,"Greece","GRE","GRC",202,"United States of America","USA","USA",24,21,"0","-","0","0","0"
1,"QOvT0n",1,1914,2014,76,"Greece","GRE","GRC",202,"United States of America","USA","USA",27,29,"0","-","0","0","0"
1,"QOvT0n",1,1915,2015,76,"Greece","GRE","GRC",202,"United States of America","USA","USA",22,18,"0","-","0","0","0"
1,"QOvT0n",1,1916,2016,76,"Greece","GRE","GRC",202,"United States of America","USA","USA",19,25,"0","-","0","0","0"
1,"QOvT0n",1,1917,2017,76,"Greece","GRE","GRC",202,"United States of America","USA","USA",15,48,"0","-","0","0","0"
1,"QOvT0n",1,1918,2018,76,"Greece","GRE","GRC",202,"United States of America","USA","USA",15,68,"0","-","0","0","0"
1,"QOvT0n",1,1919,2019,76,"Greece","GRE","GRC",202,"United States of America","USA","USA",15,71,"0","-","0","0","0"
1,"QOvT0n",1,1920,2020,76,"Greece","GRE","GRC",202,"United States of America","USA","USA",14,77,"0","-","0","0","0"
1,"QOvT0n",1,1921,2021,76,"Greece","GRE","GRC",202,"United States of America","USA","USA",14,88,"0","-","0","0","0"
1,"QOvT0n",1,1922,2022,76,"Greece","GRE","GRC",202,"United States of America","USA","USA",16,89,"0","-","0","0","0"
1,"QOvT0n",1,1923,2023,76,"Greece","GRE","GRC",202,"United States of America","USA","USA",16,123,"0","-","0","0","0"
1,"QOvT0n",1,1924,2024,76,"Greece","GRE","GRC",202,"United States of America","USA","USA",10,125,"0","-","0","0","0"
1,"QOvT0n",1,1925,2025,76,"Greece","GRE","GRC",202,"United States of America","USA","USA",10,125,"0","-","0","0","0"
1,"QOvT0n",1,1926,2008,77,"Grenada","GRN","GRD",202,"United States of America","USA","USA",5,"0","0","-","0","0","0"
1,"QOvT0n",1,1927,2009,77,"Grenada","GRN","GRD",202,"United States of America","USA","USA",7,"0","0","-","0","0","0"
1,"QOvT0n",1,1928,2010,77,"Grenada","GRN","GRD",202,"United States of America","USA","USA",14,"0","0","-","0","0","0"
1,"QOvT0n",1,1929,2011,77,"Grenada","GRN","GRD",202,"United States of America","USA","USA",17,9,"0","-","0","0","0"
1,"QOvT0n",1,1930,2012,77,"Grenada","GRN","GRD",202,"United States of America","USA","USA",19,16,"0","-","0","0","0"
1,"QOvT0n",1,1931,2013,77,"Grenada","GRN","GRD",202,"United States of America","USA","USA",20,15,"0","-","0","0","0"
1,"QOvT0n",1,1932,2014,77,"Grenada","GRN","GRD",202,"United States of America","USA","USA",23,37,"0","-","0","0","0"
1,"QOvT0n",1,1933,2015,77,"Grenada","GRN","GRD",202,"United States of America","USA","USA",23,35,"0","-","0","0","0"
1,"QOvT0n",1,1934,2016,77,"Grenada","GRN","GRD",202,"United States of America","USA","USA",24,33,"0","-","0","0","0"
1,"QOvT0n",1,1935,2017,77,"Grenada","GRN","GRD",202,"United States of America","USA","USA",24,36,"0","-","0","0","0"
1,"QOvT0n",1,1936,2018,77,"Grenada","GRN","GRD",202,"United States of America","USA","USA",22,38,"0","-","0","0","0"
1,"QOvT0n",1,1937,2019,77,"Grenada","GRN","GRD",202,"United States of America","USA","USA",25,40,"0","-","0","0","0"
1,"QOvT0n",1,1938,2020,77,"Grenada","GRN","GRD",202,"United States of America","USA","USA",20,38,"0","-","0","0","0"
1,"QOvT0n",1,1939,2021,77,"Grenada","GRN","GRD",202,"United States of America","USA","USA",18,40,"0","-","0","0","0"
1,"QOvT0n",1,1940,2022,77,"Grenada","GRN","GRD",202,"United States of America","USA","USA",14,34,"0","-","0","0","0"
1,"QOvT0n",1,1941,2023,77,"Grenada","GRN","GRD",202,"United States of America","USA","USA",15,31,"0","-","0","0","0"
1,"QOvT0n",1,1942,2024,77,"Grenada","GRN","GRD",202,"United States of America","USA","USA",15,39,"0","-","0","0","0"
1,"QOvT0n",1,1943,2025,77,"Grenada","GRN","GRD",202,"United States of America","USA","USA",15,39,"0","-","0","0","0"
1,"QOvT0n",1,1944,1988,78,"Guatemala","GUA","GTM",202,"United States of America","USA","USA",73,"0","0","-","0","0","0"
1,"QOvT0n",1,1945,1989,78,"Guatemala","GUA","GTM",202,"United States of America","USA","USA",169,"0","0","-","0","0","0"
1,"QOvT0n",1,1946,1990,78,"Guatemala","GUA","GTM",202,"United States of America","USA","USA",223,"0","0","-","0","0","0"
1,"QOvT0n",1,1947,1991,78,"Guatemala","GUA","GTM",202,"United States of America","USA","USA",265,"0","0","-","0","0","0"
1,"QOvT0n",1,1948,1992,78,"Guatemala","GUA","GTM",202,"United States of America","USA","USA",352,"0","0","-","0","0","0"
1,"QOvT0n",1,1949,1993,78,"Guatemala","GUA","GTM",202,"United States of America","USA","USA",482,"0","0","-","0","0","0"
1,"QOvT0n",1,1950,1994,78,"Guatemala","GUA","GTM",202,"United States of America","USA","USA",753,"0","0","-","0","0","0"
1,"QOvT0n",1,1951,1995,78,"Guatemala","GUA","GTM",202,"United States of America","USA","USA",1928,"0","0","-","0","0","0"
1,"QOvT0n",1,1952,1996,78,"Guatemala","GUA","GTM",202,"United States of America","USA","USA",3037,"0","0","-","0","0","0"
1,"QOvT0n",1,1953,1997,78,"Guatemala","GUA","GTM",202,"United States of America","USA","USA",3468,"0","0","-","0","0","0"
1,"QOvT0n",1,1954,1998,78,"Guatemala","GUA","GTM",202,"United States of America","USA","USA",3973,"0","0","-","0","0","0"
1,"QOvT0n",1,1955,1999,78,"Guatemala","GUA","GTM",202,"United States of America","USA","USA",4278,"0","0","-","0","0","0"
1,"QOvT0n",1,1956,2000,78,"Guatemala","GUA","GTM",202,"United States of America","USA","USA",3612,101646,"0","-","0","0","0"
1,"QOvT0n",1,1957,2001,78,"Guatemala","GUA","GTM",202,"United States of America","USA","USA",2815,99314,"0","-","0","0","0"
1,"QOvT0n",1,1958,2002,78,"Guatemala","GUA","GTM",202,"United States of America","USA","USA",2589,95821,"0","-","0","0","0"
1,"QOvT0n",1,1959,2003,78,"Guatemala","GUA","GTM",202,"United States of America","USA","USA",1921,88289,"0","-","0","0","0"
1,"QOvT0n",1,1960,2004,78,"Guatemala","GUA","GTM",202,"United States of America","USA","USA",1542,58364,"0","-","0","0","0"
1,"QOvT0n",1,1961,2005,78,"Guatemala","GUA","GTM",202,"United States of America","USA","USA",1748,31697,"0","-","0","0","0"
1,"QOvT0n",1,1962,2006,78,"Guatemala","GUA","GTM",202,"United States of America","USA","USA",4839,20329,"0","-","0","0","0"
1,"QOvT0n",1,1963,2007,78,"Guatemala","GUA","GTM",202,"United States of America","USA","USA",5111,14694,"0","-","0","0","0"
1,"QOvT0n",1,1964,2008,78,"Guatemala","GUA","GTM",202,"United States of America","USA","USA",4877,9795,"0","-","0","0","0"
1,"QOvT0n",1,1965,2009,78,"Guatemala","GUA","GTM",202,"United States of America","USA","USA",4703,8528,"0","-","0","0","0"
1,"QOvT0n",1,1966,2010,78,"Guatemala","GUA","GTM",202,"United States of America","USA","USA",4621,362,"0","-","0","0","0"
1,"QOvT0n",1,1967,2011,78,"Guatemala","GUA","GTM",202,"United States of America","USA","USA",4940,543,"0","-","0","0","0"
1,"QOvT0n",1,1968,2012,78,"Guatemala","GUA","GTM",202,"United States of America","USA","USA",5174,932,"0","-","0","0","0"
1,"QOvT0n",1,1969,2013,78,"Guatemala","GUA","GTM",202,"United States of America","USA","USA",5292,8168,"0","-","0","0","0"
1,"QOvT0n",1,1970,2014,78,"Guatemala","GUA","GTM",202,"United States of America","USA","USA",6098,15591,"0","-","0","0","0"
1,"QOvT0n",1,1971,2015,78,"Guatemala","GUA","GTM",202,"United States of America","USA","USA",8864,26670,"0","-","0","0","0"
1,"QOvT0n",1,1972,2016,78,"Guatemala","GUA","GTM",202,"United States of America","USA","USA",11328,45508,"0","-","0","0","0"
1,"QOvT0n",1,1973,2017,78,"Guatemala","GUA","GTM",202,"United States of America","USA","USA",14971,71443,"0","-","0","0","0"
1,"QOvT0n",1,1974,2018,78,"Guatemala","GUA","GTM",202,"United States of America","USA","USA",17610,84848,"0","-","0","0","0"
1,"QOvT0n",1,1975,2019,78,"Guatemala","GUA","GTM",202,"United States of America","USA","USA",20883,114404,"0","-","0","0","0"
1,"QOvT0n",1,1976,2020,78,"Guatemala","GUA","GTM",202,"United States of America","USA","USA",21951,139527,"0","-","0","0","0"
1,"QOvT0n",1,1977,2021,78,"Guatemala","GUA","GTM",202,"United States of America","USA","USA",23180,152784,"0","-","0","0","0"
1,"QOvT0n",1,1978,2022,78,"Guatemala","GUA","GTM",202,"United States of America","USA","USA",25552,157113,"0","-","0","0","0"
1,"QOvT0n",1,1979,2023,78,"Guatemala","GUA","GTM",202,"United States of America","USA","USA",27821,164775,"0","-","0","0","0"
1,"QOvT0n",1,1980,2024,78,"Guatemala","GUA","GTM",202,"United States of America","USA","USA",28452,184014,"0","-","0","0","0"
1,"QOvT0n",1,1981,2025,78,"Guatemala","GUA","GTM",202,"United States of America","USA","USA",28452,184014,"0","-","0","0","0"
1,"QOvT0n",1,1982,1995,79,"Guinea","GUI","GIN",202,"United States of America","USA","USA",45,"0","0","-","0","0","0"
1,"QOvT0n",1,1983,1996,79,"Guinea","GUI","GIN",202,"United States of America","USA","USA",99,"0","0","-","0","0","0"
1,"QOvT0n",1,1984,1997,79,"Guinea","GUI","GIN",202,"United States of America","USA","USA",137,"0","0","-","0","0","0"
1,"QOvT0n",1,1985,1998,79,"Guinea","GUI","GIN",202,"United States of America","USA","USA",221,"0","0","-","0","0","0"
1,"QOvT0n",1,1986,1999,79,"Guinea","GUI","GIN",202,"United States of America","USA","USA",302,"0","0","-","0","0","0"
1,"QOvT0n",1,1987,2000,79,"Guinea","GUI","GIN",202,"United States of America","USA","USA",432,360,"0","-","0","0","0"
1,"QOvT0n",1,1988,2001,79,"Guinea","GUI","GIN",202,"United States of America","USA","USA",672,675,"0","-","0","0","0"
1,"QOvT0n",1,1989,2002,79,"Guinea","GUI","GIN",202,"United States of America","USA","USA",952,1027,"0","-","0","0","0"
1,"QOvT0n",1,1990,2003,79,"Guinea","GUI","GIN",202,"United States of America","USA","USA",958,1173,"0","-","0","0","0"
1,"QOvT0n",1,1991,2004,79,"Guinea","GUI","GIN",202,"United States of America","USA","USA",1252,1242,"0","-","0","0","0"
1,"QOvT0n",1,1992,2005,79,"Guinea","GUI","GIN",202,"United States of America","USA","USA",1771,1250,"0","-","0","0","0"
1,"QOvT0n",1,1993,2006,79,"Guinea","GUI","GIN",202,"United States of America","USA","USA",2642,1072,"0","-","0","0","0"
1,"QOvT0n",1,1994,2007,79,"Guinea","GUI","GIN",202,"United States of America","USA","USA",3040,925,"0","-","0","0","0"
1,"QOvT0n",1,1995,2008,79,"Guinea","GUI","GIN",202,"United States of America","USA","USA",3290,891,"0","-","0","0","0"
1,"QOvT0n",1,1996,2009,79,"Guinea","GUI","GIN",202,"United States of America","USA","USA",3557,832,"0","-","0","0","0"
1,"QOvT0n",1,1997,2010,79,"Guinea","GUI","GIN",202,"United States of America","USA","USA",3739,86,"0","-","0","0","0"
1,"QOvT0n",1,1998,2011,79,"Guinea","GUI","GIN",202,"United States of America","USA","USA",3756,63,"0","-","0","0","0"
1,"QOvT0n",1,1999,2012,79,"Guinea","GUI","GIN",202,"United States of America","USA","USA",3643,75,"0","-","0","0","0"
1,"QOvT0n",1,2000,2013,79,"Guinea","GUI","GIN",202,"United States of America","USA","USA",3466,209,"0","-","0","0","0"
1,"QOvT0n",1,2001,2014,79,"Guinea","GUI","GIN",202,"United States of America","USA","USA",3145,680,"0","-","0","0","0"
1,"QOvT0n",1,2002,2015,79,"Guinea","GUI","GIN",202,"United States of America","USA","USA",2862,778,"0","-","0","0","0"
1,"QOvT0n",1,2003,2016,79,"Guinea","GUI","GIN",202,"United States of America","USA","USA",2476,1020,"0","-","0","0","0"
1,"QOvT0n",1,2004,2017,79,"Guinea","GUI","GIN",202,"United States of America","USA","USA",2305,1223,"0","-","0","0","0"
1,"QOvT0n",1,2005,2018,79,"Guinea","GUI","GIN",202,"United States of America","USA","USA",2146,1126,"0","-","0","0","0"
1,"QOvT0n",1,2006,2019,79,"Guinea","GUI","GIN",202,"United States of America","USA","USA",2001,1098,"0","-","0","0","0"
1,"QOvT0n",1,2007,2020,79,"Guinea","GUI","GIN",202,"United States of America","USA","USA",1755,1164,"0","-","0","0","0"
1,"QOvT0n",1,2008,2021,79,"Guinea","GUI","GIN",202,"United States of America","USA","USA",1584,1218,"0","-","0","0","0"
1,"QOvT0n",1,2009,2022,79,"Guinea","GUI","GIN",202,"United States of America","USA","USA",1477,1443,"0","-","0","0","0"
1,"QOvT0n",1,2010,2023,79,"Guinea","GUI","GIN",202,"United States of America","USA","USA",1472,3215,"0","-","0","0","0"
1,"QOvT0n",1,2011,2024,79,"Guinea","GUI","GIN",202,"United States of America","USA","USA",1499,15447,"0","-","0","0","0"
1,"QOvT0n",1,2012,2025,79,"Guinea","GUI","GIN",202,"United States of America","USA","USA",1499,15447,"0","-","0","0","0"
1,"QOvT0n",1,2013,1996,80,"Guyana","GUY","GUY",202,"United States of America","USA","USA",7,"0","0","-","0","0","0"
1,"QOvT0n",1,2014,1997,80,"Guyana","GUY","GUY",202,"United States of America","USA","USA",8,"0","0","-","0","0","0"
1,"QOvT0n",1,2015,1998,80,"Guyana","GUY","GUY",202,"United States of America","USA","USA",10,"0","0","-","0","0","0"
1,"QOvT0n",1,2016,1999,80,"Guyana","GUY","GUY",202,"United States of America","USA","USA",10,"0","0","-","0","0","0"
1,"QOvT0n",1,2017,2000,80,"Guyana","GUY","GUY",202,"United States of America","USA","USA",13,65,"0","-","0","0","0"
1,"QOvT0n",1,2018,2001,80,"Guyana","GUY","GUY",202,"United States of America","USA","USA","0",85,"0","-","0","0","0"
1,"QOvT0n",1,2019,2002,80,"Guyana","GUY","GUY",202,"United States of America","USA","USA","0",135,"0","-","0","0","0"
1,"QOvT0n",1,2020,2003,80,"Guyana","GUY","GUY",202,"United States of America","USA","USA",26,313,"0","-","0","0","0"
1,"QOvT0n",1,2021,2004,80,"Guyana","GUY","GUY",202,"United States of America","USA","USA",57,215,"0","-","0","0","0"
1,"QOvT0n",1,2022,2005,80,"Guyana","GUY","GUY",202,"United States of America","USA","USA",89,133,"0","-","0","0","0"
1,"QOvT0n",1,2023,2006,80,"Guyana","GUY","GUY",202,"United States of America","USA","USA",115,91,"0","-","0","0","0"
1,"QOvT0n",1,2024,2007,80,"Guyana","GUY","GUY",202,"United States of America","USA","USA",126,41,"0","-","0","0","0"
1,"QOvT0n",1,2025,2008,80,"Guyana","GUY","GUY",202,"United States of America","USA","USA",127,36,"0","-","0","0","0"
1,"QOvT0n",1,2026,2009,80,"Guyana","GUY","GUY",202,"United States of America","USA","USA",128,39,"0","-","0","0","0"
1,"QOvT0n",1,2027,2010,80,"Guyana","GUY","GUY",202,"United States of America","USA","USA",137,"0","0","-","0","0","0"
1,"QOvT0n",1,2028,2011,80,"Guyana","GUY","GUY",202,"United States of America","USA","USA",134,7,"0","-","0","0","0"
1,"QOvT0n",1,2029,2012,80,"Guyana","GUY","GUY",202,"United States of America","USA","USA",145,8,"0","-","0","0","0"
1,"QOvT0n",1,2030,2013,80,"Guyana","GUY","GUY",202,"United States of America","USA","USA",141,60,"0","-","0","0","0"
1,"QOvT0n",1,2031,2014,80,"Guyana","GUY","GUY",202,"United States of America","USA","USA",116,119,"0","-","0","0","0"
1,"QOvT0n",1,2032,2015,80,"Guyana","GUY","GUY",202,"United States of America","USA","USA",90,160,"0","-","0","0","0"
1,"QOvT0n",1,2033,2016,80,"Guyana","GUY","GUY",202,"United States of America","USA","USA",78,214,"0","-","0","0","0"
1,"QOvT0n",1,2034,2017,80,"Guyana","GUY","GUY",202,"United States of America","USA","USA",75,332,"0","-","0","0","0"
1,"QOvT0n",1,2035,2018,80,"Guyana","GUY","GUY",202,"United States of America","USA","USA",98,376,"0","-","0","0","0"
1,"QOvT0n",1,2036,2019,80,"Guyana","GUY","GUY",202,"United States of America","USA","USA",114,394,"0","-","0","0","0"
1,"QOvT0n",1,2037,2020,80,"Guyana","GUY","GUY",202,"United States of America","USA","USA",106,437,"0","-","0","0","0"
1,"QOvT0n",1,2038,2021,80,"Guyana","GUY","GUY",202,"United States of America","USA","USA",110,526,"0","-","0","0","0"
1,"QOvT0n",1,2039,2022,80,"Guyana","GUY","GUY",202,"United States of America","USA","USA",120,523,"0","-","0","0","0"
1,"QOvT0n",1,2040,2023,80,"Guyana","GUY","GUY",202,"United States of America","USA","USA",118,760,"0","-","0","0","0"
1,"QOvT0n",1,2041,2024,80,"Guyana","GUY","GUY",202,"United States of America","USA","USA",116,1081,"0","-","0","0","0"
1,"QOvT0n",1,2042,2025,80,"Guyana","GUY","GUY",202,"United States of America","USA","USA",116,1081,"0","-","0","0","0"
1,"QOvT0n",1,2043,1988,81,"Haiti","HAI","HTI",202,"United States of America","USA","USA",13,"0","0","-","0","0","0"
1,"QOvT0n",1,2044,1989,81,"Haiti","HAI","HTI",202,"United States of America","USA","USA",24,"0","0","-","0","0","0"
1,"QOvT0n",1,2045,1990,81,"Haiti","HAI","HTI",202,"United States of America","USA","USA",27,"0","0","-","0","0","0"
1,"QOvT0n",1,2046,1991,81,"Haiti","HAI","HTI",202,"United States of America","USA","USA",23,"0","0","-","0","0","0"
1,"QOvT0n",1,2047,1992,81,"Haiti","HAI","HTI",202,"United States of America","USA","USA",197,"0","0","-","0","0","0"
1,"QOvT0n",1,2048,1993,81,"Haiti","HAI","HTI",202,"United States of America","USA","USA",2132,"0","0","-","0","0","0"
1,"QOvT0n",1,2049,1994,81,"Haiti","HAI","HTI",202,"United States of America","USA","USA",6947,"0","0","-","0","0","0"
1,"QOvT0n",1,2050,1995,81,"Haiti","HAI","HTI",202,"United States of America","USA","USA",9279,"0","0","-","0","0","0"
1,"QOvT0n",1,2051,1996,81,"Haiti","HAI","HTI",202,"United States of America","USA","USA",11008,"0","0","-","0","0","0"
1,"QOvT0n",1,2052,1997,81,"Haiti","HAI","HTI",202,"United States of America","USA","USA",11888,"0","0","-","0","0","0"
1,"QOvT0n",1,2053,1998,81,"Haiti","HAI","HTI",202,"United States of America","USA","USA",10577,"0","0","-","0","0","0"
1,"QOvT0n",1,2054,1999,81,"Haiti","HAI","HTI",202,"United States of America","USA","USA",6302,"0","0","-","0","0","0"
1,"QOvT0n",1,2055,2000,81,"Haiti","HAI","HTI",202,"United States of America","USA","USA",5160,19425,"0","-","0","0","0"
1,"QOvT0n",1,2056,2001,81,"Haiti","HAI","HTI",202,"United States of America","USA","USA",5251,21690,"0","-","0","0","0"
1,"QOvT0n",1,2057,2002,81,"Haiti","HAI","HTI",202,"United States of America","USA","USA",5662,21891,"0","-","0","0","0"
1,"QOvT0n",1,2058,2003,81,"Haiti","HAI","HTI",202,"United States of America","USA","USA",5389,18139,"0","-","0","0","0"
1,"QOvT0n",1,2059,2004,81,"Haiti","HAI","HTI",202,"United States of America","USA","USA",6760,16047,"0","-","0","0","0"
1,"QOvT0n",1,2060,2005,81,"Haiti","HAI","HTI",202,"United States of America","USA","USA",10560,13131,"0","-","0","0","0"
1,"QOvT0n",1,2061,2006,81,"Haiti","HAI","HTI",202,"United States of America","USA","USA",17171,9805,"0","-","0","0","0"
1,"QOvT0n",1,2062,2007,81,"Haiti","HAI","HTI",202,"United States of America","USA","USA",17728,5947,"0","-","0","0","0"
1,"QOvT0n",1,2063,2008,81,"Haiti","HAI","HTI",202,"United States of America","USA","USA",18174,4222,"0","-","0","0","0"
1,"QOvT0n",1,2064,2009,81,"Haiti","HAI","HTI",202,"United States of America","USA","USA",18733,3955,"0","-","0","0","0"
1,"QOvT0n",1,2065,2010,81,"Haiti","HAI","HTI",202,"United States of America","USA","USA",18487,199,"0","-","0","0","0"
1,"QOvT0n",1,2066,2011,81,"Haiti","HAI","HTI",202,"United States of America","USA","USA",24013,161,"0","-","0","0","0"
1,"QOvT0n",1,2067,2012,81,"Haiti","HAI","HTI",202,"United States of America","USA","USA",26849,304,"0","-","0","0","0"
1,"QOvT0n",1,2068,2013,81,"Haiti","HAI","HTI",202,"United States of America","USA","USA",25891,2046,"0","-","0","0","0"
1,"QOvT0n",1,2069,2014,81,"Haiti","HAI","HTI",202,"United States of America","USA","USA",24170,3426,"0","-","0","0","0"
1,"QOvT0n",1,2070,2015,81,"Haiti","HAI","HTI",202,"United States of America","USA","USA",21508,4956,"0","-","0","0","0"
1,"QOvT0n",1,2071,2016,81,"Haiti","HAI","HTI",202,"United States of America","USA","USA",18484,9245,"0","-","0","0","0"
1,"QOvT0n",1,2072,2017,81,"Haiti","HAI","HTI",202,"United States of America","USA","USA",17055,15184,"0","-","0","0","0"
1,"QOvT0n",1,2073,2018,81,"Haiti","HAI","HTI",202,"United States of America","USA","USA",16192,17073,"0","-","0","0","0"
1,"QOvT0n",1,2074,2019,81,"Haiti","HAI","HTI",202,"United States of America","USA","USA",15698,19061,"0","-","0","0","0"
1,"QOvT0n",1,2075,2020,81,"Haiti","HAI","HTI",202,"United States of America","USA","USA",15125,25292,"0","-","0","0","0"
1,"QOvT0n",1,2076,2021,81,"Haiti","HAI","HTI",202,"United States of America","USA","USA",14695,38333,"0","-","0","0","0"
1,"QOvT0n",1,2077,2022,81,"Haiti","HAI","HTI",202,"United States of America","USA","USA",14538,74297,"0","-","0","0","0"
1,"QOvT0n",1,2078,2023,81,"Haiti","HAI","HTI",202,"United States of America","USA","USA",14447,129075,"0","-","0","0","0"
1,"QOvT0n",1,2079,2024,81,"Haiti","HAI","HTI",202,"United States of America","USA","USA",14241,170305,"0","-","0","0","0"
1,"QOvT0n",1,2080,2025,81,"Haiti","HAI","HTI",202,"United States of America","USA","USA",14241,170305,"0","-","0","0","0"
1,"QOvT0n",1,2081,2001,82,"China, Hong Kong SAR","HKG","HKG",202,"United States of America","USA","USA","0",11,"0","-","0","0","0"
1,"QOvT0n",1,2082,2002,82,"China, Hong Kong SAR","HKG","HKG",202,"United States of America","USA","USA","0",10,"0","-","0","0","0"
1,"QOvT0n",1,2083,2003,82,"China, Hong Kong SAR","HKG","HKG",202,"United States of America","USA","USA",6,8,"0","-","0","0","0"
1,"QOvT0n",1,2084,2004,82,"China, Hong Kong SAR","HKG","HKG",202,"United States of America","USA","USA",7,5,"0","-","0","0","0"
1,"QOvT0n",1,2085,2005,82,"China, Hong Kong SAR","HKG","HKG",202,"United States of America","USA","USA","0",5,"0","-","0","0","0"
1,"QOvT0n",1,2086,2006,82,"China, Hong Kong SAR","HKG","HKG",202,"United States of America","USA","USA",8,5,"0","-","0","0","0"
1,"QOvT0n",1,2087,2007,82,"China, Hong Kong SAR","HKG","HKG",202,"United States of America","USA","USA",9,"0","0","-","0","0","0"
1,"QOvT0n",1,2088,2008,82,"China, Hong Kong SAR","HKG","HKG",202,"United States of America","USA","USA",9,"0","0","-","0","0","0"
1,"QOvT0n",1,2089,2009,82,"China, Hong Kong SAR","HKG","HKG",202,"United States of America","USA","USA",10,"0","0","-","0","0","0"
1,"QOvT0n",1,2090,2010,82,"China, Hong Kong SAR","HKG","HKG",202,"United States of America","USA","USA",10,"0","0","-","0","0","0"
1,"QOvT0n",1,2091,2011,82,"China, Hong Kong SAR","HKG","HKG",202,"United States of America","USA","USA",8,5,"0","-","0","0","0"
1,"QOvT0n",1,2092,2012,82,"China, Hong Kong SAR","HKG","HKG",202,"United States of America","USA","USA",6,"0","0","-","0","0","0"
1,"QOvT0n",1,2093,2013,82,"China, Hong Kong SAR","HKG","HKG",202,"United States of America","USA","USA",5,5,"0","-","0","0","0"
1,"QOvT0n",1,2094,2014,82,"China, Hong Kong SAR","HKG","HKG",202,"United States of America","USA","USA",5,15,"0","-","0","0","0"
1,"QOvT0n",1,2095,2015,82,"China, Hong Kong SAR","HKG","HKG",202,"United States of America","USA","USA",5,16,"0","-","0","0","0"
1,"QOvT0n",1,2096,2016,82,"China, Hong Kong SAR","HKG","HKG",202,"United States of America","USA","USA",5,"0","0","-","0","0","0"
1,"QOvT0n",1,2097,2017,82,"China, Hong Kong SAR","HKG","HKG",202,"United States of America","USA","USA","0",17,"0","-","0","0","0"
1,"QOvT0n",1,2098,2018,82,"China, Hong Kong SAR","HKG","HKG",202,"United States of America","USA","USA","0",6,"0","-","0","0","0"
1,"QOvT0n",1,2099,2019,82,"China, Hong Kong SAR","HKG","HKG",202,"United States of America","USA","USA","0",15,"0","-","0","0","0"
1,"QOvT0n",1,2100,2020,82,"China, Hong Kong SAR","HKG","HKG",202,"United States of America","USA","USA",5,69,"0","-","0","0","0"
1,"QOvT0n",1,2101,2021,82,"China, Hong Kong SAR","HKG","HKG",202,"United States of America","USA","USA",11,182,"0","-","0","0","0"
1,"QOvT0n",1,2102,2022,82,"China, Hong Kong SAR","HKG","HKG",202,"United States of America","USA","USA",27,254,"0","-","0","0","0"
1,"QOvT0n",1,2103,2023,82,"China, Hong Kong SAR","HKG","HKG",202,"United States of America","USA","USA",29,325,"0","-","0","0","0"
1,"QOvT0n",1,2104,2024,82,"China, Hong Kong SAR","HKG","HKG",202,"United States of America","USA","USA",29,347,"0","-","0","0","0"
1,"QOvT0n",1,2105,2025,82,"China, Hong Kong SAR","HKG","HKG",202,"United States of America","USA","USA",29,347,"0","-","0","0","0"
1,"QOvT0n",1,2106,1990,83,"Honduras","HON","HND",202,"United States of America","USA","USA",5,"0","0","-","0","0","0"
1,"QOvT0n",1,2107,1991,83,"Honduras","HON","HND",202,"United States of America","USA","USA",5,"0","0","-","0","0","0"
1,"QOvT0n",1,2108,1992,83,"Honduras","HON","HND",202,"United States of America","USA","USA",24,"0","0","-","0","0","0"
1,"QOvT0n",1,2109,1993,83,"Honduras","HON","HND",202,"United States of America","USA","USA",56,"0","0","-","0","0","0"
1,"QOvT0n",1,2110,1994,83,"Honduras","HON","HND",202,"United States of America","USA","USA",148,"0","0","-","0","0","0"
1,"QOvT0n",1,2111,1995,83,"Honduras","HON","HND",202,"United States of America","USA","USA",360,"0","0","-","0","0","0"
1,"QOvT0n",1,2112,1996,83,"Honduras","HON","HND",202,"United States of America","USA","USA",551,"0","0","-","0","0","0"
1,"QOvT0n",1,2113,1997,83,"Honduras","HON","HND",202,"United States of America","USA","USA",644,"0","0","-","0","0","0"
1,"QOvT0n",1,2114,1998,83,"Honduras","HON","HND",202,"United States of America","USA","USA",705,"0","0","-","0","0","0"
1,"QOvT0n",1,2115,1999,83,"Honduras","HON","HND",202,"United States of America","USA","USA",706,"0","0","-","0","0","0"
1,"QOvT0n",1,2116,2000,83,"Honduras","HON","HND",202,"United States of America","USA","USA",528,1044,"0","-","0","0","0"
1,"QOvT0n",1,2117,2001,83,"Honduras","HON","HND",202,"United States of America","USA","USA",382,971,"0","-","0","0","0"
1,"QOvT0n",1,2118,2002,83,"Honduras","HON","HND",202,"United States of America","USA","USA",308,948,"0","-","0","0","0"
1,"QOvT0n",1,2119,2003,83,"Honduras","HON","HND",202,"United States of America","USA","USA",225,953,"0","-","0","0","0"
1,"QOvT0n",1,2120,2004,83,"Honduras","HON","HND",202,"United States of America","USA","USA",183,997,"0","-","0","0","0"
1,"QOvT0n",1,2121,2005,83,"Honduras","HON","HND",202,"United States of America","USA","USA",256,1057,"0","-","0","0","0"
1,"QOvT0n",1,2122,2006,83,"Honduras","HON","HND",202,"United States of America","USA","USA",639,1148,"0","-","0","0","0"
1,"QOvT0n",1,2123,2007,83,"Honduras","HON","HND",202,"United States of America","USA","USA",612,396,"0","-","0","0","0"
1,"QOvT0n",1,2124,2008,83,"Honduras","HON","HND",202,"United States of America","USA","USA",549,332,"0","-","0","0","0"
1,"QOvT0n",1,2125,2009,83,"Honduras","HON","HND",202,"United States of America","USA","USA",542,352,"0","-","0","0","0"
1,"QOvT0n",1,2126,2010,83,"Honduras","HON","HND",202,"United States of America","USA","USA",635,100,"0","-","0","0","0"
1,"QOvT0n",1,2127,2011,83,"Honduras","HON","HND",202,"United States of America","USA","USA",1174,150,"0","-","0","0","0"
1,"QOvT0n",1,2128,2012,83,"Honduras","HON","HND",202,"United States of America","USA","USA",1674,211,"0","-","0","0","0"
1,"QOvT0n",1,2129,2013,83,"Honduras","HON","HND",202,"United States of America","USA","USA",2122,4436,"0","-","0","0","0"
1,"QOvT0n",1,2130,2014,83,"Honduras","HON","HND",202,"United States of America","USA","USA",2797,8612,"0","-","0","0","0"
1,"QOvT0n",1,2131,2015,83,"Honduras","HON","HND",202,"United States of America","USA","USA",4918,18418,"0","-","0","0","0"
1,"QOvT0n",1,2132,2016,83,"Honduras","HON","HND",202,"United States of America","USA","USA",7128,32614,"0","-","0","0","0"
1,"QOvT0n",1,2133,2017,83,"Honduras","HON","HND",202,"United States of America","USA","USA",10107,53905,"0","-","0","0","0"
1,"QOvT0n",1,2134,2018,83,"Honduras","HON","HND",202,"United States of America","USA","USA",12578,60417,"0","-","0","0","0"
1,"QOvT0n",1,2135,2019,83,"Honduras","HON","HND",202,"United States of America","USA","USA",15110,81375,"0","-","0","0","0"
1,"QOvT0n",1,2136,2020,83,"Honduras","HON","HND",202,"United States of America","USA","USA",15940,101617,"0","-","0","0","0"
1,"QOvT0n",1,2137,2021,83,"Honduras","HON","HND",202,"United States of America","USA","USA",17149,113713,"0","-","0","0","0"
1,"QOvT0n",1,2138,2022,83,"Honduras","HON","HND",202,"United States of America","USA","USA",19319,128780,"0","-","0","0","0"
1,"QOvT0n",1,2139,2023,83,"Honduras","HON","HND",202,"United States of America","USA","USA",21659,143425,"0","-","0","0","0"
1,"QOvT0n",1,2140,2024,83,"Honduras","HON","HND",202,"United States of America","USA","USA",22479,164784,"0","-","0","0","0"
1,"QOvT0n",1,2141,2025,83,"Honduras","HON","HND",202,"United States of America","USA","USA",22479,164784,"0","-","0","0","0"
1,"QOvT0n",1,2142,1993,84,"Croatia","HRV","HRV",202,"United States of America","USA","USA",9,"0","0","-","0","0","0"
1,"QOvT0n",1,2143,1994,84,"Croatia","HRV","HRV",202,"United States of America","USA","USA",61,"0","0","-","0","0","0"
1,"QOvT0n",1,2144,1995,84,"Croatia","HRV","HRV",202,"United States of America","USA","USA",133,"0","0","-","0","0","0"
1,"QOvT0n",1,2145,1996,84,"Croatia","HRV","HRV",202,"United States of America","USA","USA",211,"0","0","-","0","0","0"
1,"QOvT0n",1,2146,1997,84,"Croatia","HRV","HRV",202,"United States of America","USA","USA",264,"0","0","-","0","0","0"
1,"QOvT0n",1,2147,1998,84,"Croatia","HRV","HRV",202,"United States of America","USA","USA",298,"0","0","-","0","0","0"
1,"QOvT0n",1,2148,1999,84,"Croatia","HRV","HRV",202,"United States of America","USA","USA",1949,"0","0","-","0","0","0"
1,"QOvT0n",1,2149,2000,84,"Croatia","HRV","HRV",202,"United States of America","USA","USA",4927,80,"0","-","0","0","0"
1,"QOvT0n",1,2150,2001,84,"Croatia","HRV","HRV",202,"United States of America","USA","USA",5892,51,"0","-","0","0","0"
1,"QOvT0n",1,2151,2002,84,"Croatia","HRV","HRV",202,"United States of America","USA","USA",6258,43,"0","-","0","0","0"
1,"QOvT0n",1,2152,2003,84,"Croatia","HRV","HRV",202,"United States of America","USA","USA",6296,35,"0","-","0","0","0"
1,"QOvT0n",1,2153,2004,84,"Croatia","HRV","HRV",202,"United States of America","USA","USA",4732,39,"0","-","0","0","0"
1,"QOvT0n",1,2154,2005,84,"Croatia","HRV","HRV",202,"United States of America","USA","USA",1753,33,"0","-","0","0","0"
1,"QOvT0n",1,2155,2006,84,"Croatia","HRV","HRV",202,"United States of America","USA","USA",6519,25,"0","-","0","0","0"
1,"QOvT0n",1,2156,2007,84,"Croatia","HRV","HRV",202,"United States of America","USA","USA",171,5,"0","-","0","0","0"
1,"QOvT0n",1,2157,2008,84,"Croatia","HRV","HRV",202,"United States of America","USA","USA",130,"0","0","-","0","0","0"
1,"QOvT0n",1,2158,2009,84,"Croatia","HRV","HRV",202,"United States of America","USA","USA",128,"0","0","-","0","0","0"
1,"QOvT0n",1,2159,2010,84,"Croatia","HRV","HRV",202,"United States of America","USA","USA",79,"0","0","-","0","0","0"
1,"QOvT0n",1,2160,2011,84,"Croatia","HRV","HRV",202,"United States of America","USA","USA",67,5,"0","-","0","0","0"
1,"QOvT0n",1,2161,2012,84,"Croatia","HRV","HRV",202,"United States of America","USA","USA",60,"0","0","-","0","0","0"
1,"QOvT0n",1,2162,2013,84,"Croatia","HRV","HRV",202,"United States of America","USA","USA",64,11,"0","-","0","0","0"
1,"QOvT0n",1,2163,2014,84,"Croatia","HRV","HRV",202,"United States of America","USA","USA",59,13,"0","-","0","0","0"
1,"QOvT0n",1,2164,2015,84,"Croatia","HRV","HRV",202,"United States of America","USA","USA",51,20,"0","-","0","0","0"
1,"QOvT0n",1,2165,2016,84,"Croatia","HRV","HRV",202,"United States of America","USA","USA",45,24,"0","-","0","0","0"
1,"QOvT0n",1,2166,2017,84,"Croatia","HRV","HRV",202,"United States of America","USA","USA",34,34,"0","-","0","0","0"
1,"QOvT0n",1,2167,2018,84,"Croatia","HRV","HRV",202,"United States of America","USA","USA",32,37,"0","-","0","0","0"
1,"QOvT0n",1,2168,2019,84,"Croatia","HRV","HRV",202,"United States of America","USA","USA",31,33,"0","-","0","0","0"
1,"QOvT0n",1,2169,2020,84,"Croatia","HRV","HRV",202,"United States of America","USA","USA",27,37,"0","-","0","0","0"
1,"QOvT0n",1,2170,2021,84,"Croatia","HRV","HRV",202,"United States of America","USA","USA",20,27,"0","-","0","0","0"
1,"QOvT0n",1,2171,2022,84,"Croatia","HRV","HRV",202,"United States of America","USA","USA",15,59,"0","-","0","0","0"
1,"QOvT0n",1,2172,2023,84,"Croatia","HRV","HRV",202,"United States of America","USA","USA",5,60,"0","-","0","0","0"
1,"QOvT0n",1,2173,2024,84,"Croatia","HRV","HRV",202,"United States of America","USA","USA",5,74,"0","-","0","0","0"
1,"QOvT0n",1,2174,2025,84,"Croatia","HRV","HRV",202,"United States of America","USA","USA",5,74,"0","-","0","0","0"
1,"QOvT0n",1,2175,1988,85,"Hungary","HUN","HUN",202,"United States of America","USA","USA",3513,"0","0","-","0","0","0"
1,"QOvT0n",1,2176,1989,85,"Hungary","HUN","HUN",202,"United States of America","USA","USA",3990,"0","0","-","0","0","0"
1,"QOvT0n",1,2177,1990,85,"Hungary","HUN","HUN",202,"United States of America","USA","USA",3689,"0","0","-","0","0","0"
1,"QOvT0n",1,2178,1991,85,"Hungary","HUN","HUN",202,"United States of America","USA","USA",2921,"0","0","-","0","0","0"
1,"QOvT0n",1,2179,1992,85,"Hungary","HUN","HUN",202,"United States of America","USA","USA",2240,"0","0","-","0","0","0"
1,"QOvT0n",1,2180,1993,85,"Hungary","HUN","HUN",202,"United States of America","USA","USA",1418,"0","0","-","0","0","0"
1,"QOvT0n",1,2181,1994,85,"Hungary","HUN","HUN",202,"United States of America","USA","USA",311,"0","0","-","0","0","0"
1,"QOvT0n",1,2182,1995,85,"Hungary","HUN","HUN",202,"United States of America","USA","USA",53,"0","0","-","0","0","0"
1,"QOvT0n",1,2183,1996,85,"Hungary","HUN","HUN",202,"United States of America","USA","USA",58,"0","0","-","0","0","0"
1,"QOvT0n",1,2184,1997,85,"Hungary","HUN","HUN",202,"United States of America","USA","USA",65,"0","0","-","0","0","0"
1,"QOvT0n",1,2185,1998,85,"Hungary","HUN","HUN",202,"United States of America","USA","USA",69,"0","0","-","0","0","0"
1,"QOvT0n",1,2186,1999,85,"Hungary","HUN","HUN",202,"United States of America","USA","USA",76,"0","0","-","0","0","0"
1,"QOvT0n",1,2187,2000,85,"Hungary","HUN","HUN",202,"United States of America","USA","USA",46,25,"0","-","0","0","0"
1,"QOvT0n",1,2188,2001,85,"Hungary","HUN","HUN",202,"United States of America","USA","USA","0",134,"0","-","0","0","0"
1,"QOvT0n",1,2189,2002,85,"Hungary","HUN","HUN",202,"United States of America","USA","USA","0",132,"0","-","0","0","0"
1,"QOvT0n",1,2190,2003,85,"Hungary","HUN","HUN",202,"United States of America","USA","USA",21,101,"0","-","0","0","0"
1,"QOvT0n",1,2191,2004,85,"Hungary","HUN","HUN",202,"United States of America","USA","USA",17,78,"0","-","0","0","0"
1,"QOvT0n",1,2192,2005,85,"Hungary","HUN","HUN",202,"United States of America","USA","USA",20,80,"0","-","0","0","0"
1,"QOvT0n",1,2193,2006,85,"Hungary","HUN","HUN",202,"United States of America","USA","USA",41,50,"0","-","0","0","0"
1,"QOvT0n",1,2194,2007,85,"Hungary","HUN","HUN",202,"United States of America","USA","USA",43,16,"0","-","0","0","0"
1,"QOvT0n",1,2195,2008,85,"Hungary","HUN","HUN",202,"United States of America","USA","USA",37,13,"0","-","0","0","0"
1,"QOvT0n",1,2196,2009,85,"Hungary","HUN","HUN",202,"United States of America","USA","USA",31,13,"0","-","0","0","0"
1,"QOvT0n",1,2197,2010,85,"Hungary","HUN","HUN",202,"United States of America","USA","USA",31,5,"0","-","0","0","0"
1,"QOvT0n",1,2198,2011,85,"Hungary","HUN","HUN",202,"United States of America","USA","USA",28,"0","0","-","0","0","0"
1,"QOvT0n",1,2199,2012,85,"Hungary","HUN","HUN",202,"United States of America","USA","USA",27,5,"0","-","0","0","0"
1,"QOvT0n",1,2200,2013,85,"Hungary","HUN","HUN",202,"United States of America","USA","USA",27,32,"0","-","0","0","0"
1,"QOvT0n",1,2201,2014,85,"Hungary","HUN","HUN",202,"United States of America","USA","USA",25,59,"0","-","0","0","0"
1,"QOvT0n",1,2202,2015,85,"Hungary","HUN","HUN",202,"United States of America","USA","USA",21,79,"0","-","0","0","0"
1,"QOvT0n",1,2203,2016,85,"Hungary","HUN","HUN",202,"United States of America","USA","USA",19,103,"0","-","0","0","0"
1,"QOvT0n",1,2204,2017,85,"Hungary","HUN","HUN",202,"United States of America","USA","USA",18,173,"0","-","0","0","0"
1,"QOvT0n",1,2205,2018,85,"Hungary","HUN","HUN",202,"United States of America","USA","USA",18,212,"0","-","0","0","0"
1,"QOvT0n",1,2206,2019,85,"Hungary","HUN","HUN",202,"United States of America","USA","USA",16,247,"0","-","0","0","0"
1,"QOvT0n",1,2207,2020,85,"Hungary","HUN","HUN",202,"United States of America","USA","USA",12,297,"0","-","0","0","0"
1,"QOvT0n",1,2208,2021,85,"Hungary","HUN","HUN",202,"United States of America","USA","USA",9,410,"0","-","0","0","0"
1,"QOvT0n",1,2209,2022,85,"Hungary","HUN","HUN",202,"United States of America","USA","USA",15,445,"0","-","0","0","0"
1,"QOvT0n",1,2210,2023,85,"Hungary","HUN","HUN",202,"United States of America","USA","USA",19,574,"0","-","0","0","0"
1,"QOvT0n",1,2211,2024,85,"Hungary","HUN","HUN",202,"United States of America","USA","USA",17,764,"0","-","0","0","0"
1,"QOvT0n",1,2212,2025,85,"Hungary","HUN","HUN",202,"United States of America","USA","USA",17,764,"0","-","0","0","0"
1,"QOvT0n",1,2213,2003,86,"Iceland","ICE","ISL",202,"United States of America","USA","USA","0",5,"0","-","0","0","0"
1,"QOvT0n",1,2214,2004,86,"Iceland","ICE","ISL",202,"United States of America","USA","USA","0",6,"0","-","0","0","0"
1,"QOvT0n",1,2215,2005,86,"Iceland","ICE","ISL",202,"United States of America","USA","USA",5,"0","0","-","0","0","0"
1,"QOvT0n",1,2216,2006,86,"Iceland","ICE","ISL",202,"United States of America","USA","USA",5,"0","0","-","0","0","0"
1,"QOvT0n",1,2217,2007,86,"Iceland","ICE","ISL",202,"United States of America","USA","USA",5,"0","0","-","0","0","0"
1,"QOvT0n",1,2218,2008,86,"Iceland","ICE","ISL",202,"United States of America","USA","USA",5,"0","0","-","0","0","0"
1,"QOvT0n",1,2219,2009,86,"Iceland","ICE","ISL",202,"United States of America","USA","USA",5,"0","0","-","0","0","0"
1,"QOvT0n",1,2220,2010,86,"Iceland","ICE","ISL",202,"United States of America","USA","USA",5,"0","0","-","0","0","0"
1,"QOvT0n",1,2221,2022,86,"Iceland","ICE","ISL",202,"United States of America","USA","USA","0",5,"0","-","0","0","0"
1,"QOvT0n",1,2222,1992,87,"Cote d'Ivoire","ICO","CIV",202,"United States of America","USA","USA",5,"0","0","-","0","0","0"
1,"QOvT0n",1,2223,1993,87,"Cote d'Ivoire","ICO","CIV",202,"United States of America","USA","USA",6,"0","0","-","0","0","0"
1,"QOvT0n",1,2224,1994,87,"Cote d'Ivoire","ICO","CIV",202,"United States of America","USA","USA",22,"0","0","-","0","0","0"
1,"QOvT0n",1,2225,1995,87,"Cote d'Ivoire","ICO","CIV",202,"United States of America","USA","USA",77,"0","0","-","0","0","0"
1,"QOvT0n",1,2226,1996,87,"Cote d'Ivoire","ICO","CIV",202,"United States of America","USA","USA",129,"0","0","-","0","0","0"
1,"QOvT0n",1,2227,1997,87,"Cote d'Ivoire","ICO","CIV",202,"United States of America","USA","USA",161,"0","0","-","0","0","0"
1,"QOvT0n",1,2228,1998,87,"Cote d'Ivoire","ICO","CIV",202,"United States of America","USA","USA",187,"0","0","-","0","0","0"
1,"QOvT0n",1,2229,1999,87,"Cote d'Ivoire","ICO","CIV",202,"United States of America","USA","USA",204,"0","0","-","0","0","0"
1,"QOvT0n",1,2230,2000,87,"Cote d'Ivoire","ICO","CIV",202,"United States of America","USA","USA",189,128,"0","-","0","0","0"
1,"QOvT0n",1,2231,2001,87,"Cote d'Ivoire","ICO","CIV",202,"United States of America","USA","USA",199,147,"0","-","0","0","0"
1,"QOvT0n",1,2232,2002,87,"Cote d'Ivoire","ICO","CIV",202,"United States of America","USA","USA",207,165,"0","-","0","0","0"
1,"QOvT0n",1,2233,2003,87,"Cote d'Ivoire","ICO","CIV",202,"United States of America","USA","USA",272,453,"0","-","0","0","0"
1,"QOvT0n",1,2234,2004,87,"Cote d'Ivoire","ICO","CIV",202,"United States of America","USA","USA",412,575,"0","-","0","0","0"
1,"QOvT0n",1,2235,2005,87,"Cote d'Ivoire","ICO","CIV",202,"United States of America","USA","USA",696,627,"0","-","0","0","0"
1,"QOvT0n",1,2236,2006,87,"Cote d'Ivoire","ICO","CIV",202,"United States of America","USA","USA",1064,605,"0","-","0","0","0"
1,"QOvT0n",1,2237,2007,87,"Cote d'Ivoire","ICO","CIV",202,"United States of America","USA","USA",1186,540,"0","-","0","0","0"
1,"QOvT0n",1,2238,2008,87,"Cote d'Ivoire","ICO","CIV",202,"United States of America","USA","USA",1293,479,"0","-","0","0","0"
1,"QOvT0n",1,2239,2009,87,"Cote d'Ivoire","ICO","CIV",202,"United States of America","USA","USA",1433,466,"0","-","0","0","0"
1,"QOvT0n",1,2240,2010,87,"Cote d'Ivoire","ICO","CIV",202,"United States of America","USA","USA",1511,40,"0","-","0","0","0"
1,"QOvT0n",1,2241,2011,87,"Cote d'Ivoire","ICO","CIV",202,"United States of America","USA","USA",1712,84,"0","-","0","0","0"
1,"QOvT0n",1,2242,2012,87,"Cote d'Ivoire","ICO","CIV",202,"United States of America","USA","USA",1842,101,"0","-","0","0","0"
1,"QOvT0n",1,2243,2013,87,"Cote d'Ivoire","ICO","CIV",202,"United States of America","USA","USA",1788,202,"0","-","0","0","0"
1,"QOvT0n",1,2244,2014,87,"Cote d'Ivoire","ICO","CIV",202,"United States of America","USA","USA",1709,592,"0","-","0","0","0"
1,"QOvT0n",1,2245,2015,87,"Cote d'Ivoire","ICO","CIV",202,"United States of America","USA","USA",1574,670,"0","-","0","0","0"
1,"QOvT0n",1,2246,2016,87,"Cote d'Ivoire","ICO","CIV",202,"United States of America","USA","USA",1389,856,"0","-","0","0","0"
1,"QOvT0n",1,2247,2017,87,"Cote d'Ivoire","ICO","CIV",202,"United States of America","USA","USA",1263,1092,"0","-","0","0","0"
1,"QOvT0n",1,2248,2018,87,"Cote d'Ivoire","ICO","CIV",202,"United States of America","USA","USA",1233,1157,"0","-","0","0","0"
1,"QOvT0n",1,2249,2019,87,"Cote d'Ivoire","ICO","CIV",202,"United States of America","USA","USA",1162,1199,"0","-","0","0","0"
1,"QOvT0n",1,2250,2020,87,"Cote d'Ivoire","ICO","CIV",202,"United States of America","USA","USA",1096,1302,"0","-","0","0","0"
1,"QOvT0n",1,2251,2021,87,"Cote d'Ivoire","ICO","CIV",202,"United States of America","USA","USA",907,1449,"0","-","0","0","0"
1,"QOvT0n",1,2252,2022,87,"Cote d'Ivoire","ICO","CIV",202,"United States of America","USA","USA",811,1638,"0","-","0","0","0"
1,"QOvT0n",1,2253,2023,87,"Cote d'Ivoire","ICO","CIV",202,"United States of America","USA","USA",754,1525,"0","-","0","0","0"
1,"QOvT0n",1,2254,2024,87,"Cote d'Ivoire","ICO","CIV",202,"United States of America","USA","USA",728,1792,"0","-","0","0","0"
1,"QOvT0n",1,2255,2025,87,"Cote d'Ivoire","ICO","CIV",202,"United States of America","USA","USA",728,1792,"0","-","0","0","0"
1,"QOvT0n",1,2256,1988,88,"India","IND","IND",202,"United States of America","USA","USA",5,"0","0","-","0","0","0"
1,"QOvT0n",1,2257,1989,88,"India","IND","IND",202,"United States of America","USA","USA",8,"0","0","-","0","0","0"
1,"QOvT0n",1,2258,1990,88,"India","IND","IND",202,"United States of America","USA","USA",8,"0","0","-","0","0","0"
1,"QOvT0n",1,2259,1991,88,"India","IND","IND",202,"United States of America","USA","USA",21,"0","0","-","0","0","0"
1,"QOvT0n",1,2260,1992,88,"India","IND","IND",202,"United States of America","USA","USA",99,"0","0","-","0","0","0"
1,"QOvT0n",1,2261,1993,88,"India","IND","IND",202,"United States of America","USA","USA",452,"0","0","-","0","0","0"
1,"QOvT0n",1,2262,1994,88,"India","IND","IND",202,"United States of America","USA","USA",1032,"0","0","-","0","0","0"
1,"QOvT0n",1,2263,1995,88,"India","IND","IND",202,"United States of America","USA","USA",2328,"0","0","-","0","0","0"
1,"QOvT0n",1,2264,1996,88,"India","IND","IND",202,"United States of America","USA","USA",4396,"0","0","-","0","0","0"
1,"QOvT0n",1,2265,1997,88,"India","IND","IND",202,"United States of America","USA","USA",5503,"0","0","-","0","0","0"
1,"QOvT0n",1,2266,1998,88,"India","IND","IND",202,"United States of America","USA","USA",5863,"0","0","-","0","0","0"
1,"QOvT0n",1,2267,1999,88,"India","IND","IND",202,"United States of America","USA","USA",6194,"0","0","-","0","0","0"
1,"QOvT0n",1,2268,2000,88,"India","IND","IND",202,"United States of America","USA","USA",6374,4998,"0","-","0","0","0"
1,"QOvT0n",1,2269,2001,88,"India","IND","IND",202,"United States of America","USA","USA",6075,5157,"0","-","0","0","0"
1,"QOvT0n",1,2270,2002,88,"India","IND","IND",202,"United States of America","USA","USA",6696,4852,"0","-","0","0","0"
1,"QOvT0n",1,2271,2003,88,"India","IND","IND",202,"United States of America","USA","USA",5659,3903,"0","-","0","0","0"
1,"QOvT0n",1,2272,2004,88,"India","IND","IND",202,"United States of America","USA","USA",5224,3042,"0","-","0","0","0"
1,"QOvT0n",1,2273,2005,88,"India","IND","IND",202,"United States of America","USA","USA",5442,2734,"0","-","0","0","0"
1,"QOvT0n",1,2274,2006,88,"India","IND","IND",202,"United States of America","USA","USA",10584,2109,"0","-","0","0","0"
1,"QOvT0n",1,2275,2007,88,"India","IND","IND",202,"United States of America","USA","USA",9957,1290,"0","-","0","0","0"
1,"QOvT0n",1,2276,2008,88,"India","IND","IND",202,"United States of America","USA","USA",9482,1353,"0","-","0","0","0"
1,"QOvT0n",1,2277,2009,88,"India","IND","IND",202,"United States of America","USA","USA",8954,1321,"0","-","0","0","0"
1,"QOvT0n",1,2278,2010,88,"India","IND","IND",202,"United States of America","USA","USA",7841,90,"0","-","0","0","0"
1,"QOvT0n",1,2279,2011,88,"India","IND","IND",202,"United States of America","USA","USA",6657,200,"0","-","0","0","0"
1,"QOvT0n",1,2280,2012,88,"India","IND","IND",202,"United States of America","USA","USA",5041,368,"0","-","0","0","0"
1,"QOvT0n",1,2281,2013,88,"India","IND","IND",202,"United States of America","USA","USA",4500,4033,"0","-","0","0","0"
1,"QOvT0n",1,2282,2014,88,"India","IND","IND",202,"United States of America","USA","USA",4484,7327,"0","-","0","0","0"
1,"QOvT0n",1,2283,2015,88,"India","IND","IND",202,"United States of America","USA","USA",4581,10548,"0","-","0","0","0"
1,"QOvT0n",1,2284,2016,88,"India","IND","IND",202,"United States of America","USA","USA",4515,16108,"0","-","0","0","0"
1,"QOvT0n",1,2285,2017,88,"India","IND","IND",202,"United States of America","USA","USA",4836,23395,"0","-","0","0","0"
1,"QOvT0n",1,2286,2018,88,"India","IND","IND",202,"United States of America","USA","USA",6110,28489,"0","-","0","0","0"
1,"QOvT0n",1,2287,2019,88,"India","IND","IND",202,"United States of America","USA","USA",8174,33996,"0","-","0","0","0"
1,"QOvT0n",1,2288,2020,88,"India","IND","IND",202,"United States of America","USA","USA",8677,37896,"0","-","0","0","0"
1,"QOvT0n",1,2289,2021,88,"India","IND","IND",202,"United States of America","USA","USA",9315,46602,"0","-","0","0","0"
1,"QOvT0n",1,2290,2022,88,"India","IND","IND",202,"United States of America","USA","USA",11646,61238,"0","-","0","0","0"
1,"QOvT0n",1,2291,2023,88,"India","IND","IND",202,"United States of America","USA","USA",14015,102432,"0","-","0","0","0"
1,"QOvT0n",1,2292,2024,88,"India","IND","IND",202,"United States of America","USA","USA",15062,125897,"0","-","0","0","0"
1,"QOvT0n",1,2293,2025,88,"India","IND","IND",202,"United States of America","USA","USA",15062,125897,"0","-","0","0","0"
1,"QOvT0n",1,2294,1995,89,"Indonesia","INS","IDN",202,"United States of America","USA","USA",6,"0","0","-","0","0","0"
1,"QOvT0n",1,2295,1996,89,"Indonesia","INS","IDN",202,"United States of America","USA","USA",6,"0","0","-","0","0","0"
1,"QOvT0n",1,2296,1997,89,"Indonesia","INS","IDN",202,"United States of America","USA","USA",9,"0","0","-","0","0","0"
1,"QOvT0n",1,2297,1998,89,"Indonesia","INS","IDN",202,"United States of America","USA","USA",30,"0","0","-","0","0","0"
1,"QOvT0n",1,2298,1999,89,"Indonesia","INS","IDN",202,"United States of America","USA","USA",1616,"0","0","-","0","0","0"
1,"QOvT0n",1,2299,2000,89,"Indonesia","INS","IDN",202,"United States of America","USA","USA",2778,886,"0","-","0","0","0"
1,"QOvT0n",1,2300,2001,89,"Indonesia","INS","IDN",202,"United States of America","USA","USA",3610,1955,"0","-","0","0","0"
1,"QOvT0n",1,2301,2002,89,"Indonesia","INS","IDN",202,"United States of America","USA","USA",4383,2614,"0","-","0","0","0"
1,"QOvT0n",1,2302,2003,89,"Indonesia","INS","IDN",202,"United States of America","USA","USA",4285,5047,"0","-","0","0","0"
1,"QOvT0n",1,2303,2004,89,"Indonesia","INS","IDN",202,"United States of America","USA","USA",3107,4840,"0","-","0","0","0"
1,"QOvT0n",1,2304,2005,89,"Indonesia","INS","IDN",202,"United States of America","USA","USA",3126,3570,"0","-","0","0","0"
1,"QOvT0n",1,2305,2006,89,"Indonesia","INS","IDN",202,"United States of America","USA","USA",6650,2549,"0","-","0","0","0"
1,"QOvT0n",1,2306,2007,89,"Indonesia","INS","IDN",202,"United States of America","USA","USA",7300,1916,"0","-","0","0","0"
1,"QOvT0n",1,2307,2008,89,"Indonesia","INS","IDN",202,"United States of America","USA","USA",7845,1800,"0","-","0","0","0"
1,"QOvT0n",1,2308,2009,89,"Indonesia","INS","IDN",202,"United States of America","USA","USA",6558,1675,"0","-","0","0","0"
1,"QOvT0n",1,2309,2010,89,"Indonesia","INS","IDN",202,"United States of America","USA","USA",5604,58,"0","-","0","0","0"
1,"QOvT0n",1,2310,2011,89,"Indonesia","INS","IDN",202,"United States of America","USA","USA",5056,98,"0","-","0","0","0"
1,"QOvT0n",1,2311,2012,89,"Indonesia","INS","IDN",202,"United States of America","USA","USA",4481,125,"0","-","0","0","0"
1,"QOvT0n",1,2312,2013,89,"Indonesia","INS","IDN",202,"United States of America","USA","USA",4027,337,"0","-","0","0","0"
1,"QOvT0n",1,2313,2014,89,"Indonesia","INS","IDN",202,"United States of America","USA","USA",3604,982,"0","-","0","0","0"
1,"QOvT0n",1,2314,2015,89,"Indonesia","INS","IDN",202,"United States of America","USA","USA",3183,979,"0","-","0","0","0"
1,"QOvT0n",1,2315,2016,89,"Indonesia","INS","IDN",202,"United States of America","USA","USA",2524,1138,"0","-","0","0","0"
1,"QOvT0n",1,2316,2017,89,"Indonesia","INS","IDN",202,"United States of America","USA","USA",1834,1792,"0","-","0","0","0"
1,"QOvT0n",1,2317,2018,89,"Indonesia","INS","IDN",202,"United States of America","USA","USA",1379,2036,"0","-","0","0","0"
1,"QOvT0n",1,2318,2019,89,"Indonesia","INS","IDN",202,"United States of America","USA","USA",1228,2271,"0","-","0","0","0"
1,"QOvT0n",1,2319,2020,89,"Indonesia","INS","IDN",202,"United States of America","USA","USA",1084,2492,"0","-","0","0","0"
1,"QOvT0n",1,2320,2021,89,"Indonesia","INS","IDN",202,"United States of America","USA","USA",930,3219,"0","-","0","0","0"
1,"QOvT0n",1,2321,2022,89,"Indonesia","INS","IDN",202,"United States of America","USA","USA",849,3580,"0","-","0","0","0"
1,"QOvT0n",1,2322,2023,89,"Indonesia","INS","IDN",202,"United States of America","USA","USA",883,6434,"0","-","0","0","0"
1,"QOvT0n",1,2323,2024,89,"Indonesia","INS","IDN",202,"United States of America","USA","USA",872,10414,"0","-","0","0","0"
1,"QOvT0n",1,2324,2025,89,"Indonesia","INS","IDN",202,"United States of America","USA","USA",872,10414,"0","-","0","0","0"
1,"QOvT0n",1,2325,2003,90,"Ireland","IRE","IRL",202,"United States of America","USA","USA","0",5,"0","-","0","0","0"
1,"QOvT0n",1,2326,2004,90,"Ireland","IRE","IRL",202,"United States of America","USA","USA","0",5,"0","-","0","0","0"
1,"QOvT0n",1,2327,2013,90,"Ireland","IRE","IRL",202,"United States of America","USA","USA","0",7,"0","-","0","0","0"
1,"QOvT0n",1,2328,2014,90,"Ireland","IRE","IRL",202,"United States of America","USA","USA","0",10,"0","-","0","0","0"
1,"QOvT0n",1,2329,2015,90,"Ireland","IRE","IRL",202,"United States of America","USA","USA","0",15,"0","-","0","0","0"
1,"QOvT0n",1,2330,2016,90,"Ireland","IRE","IRL",202,"United States of America","USA","USA","0",21,"0","-","0","0","0"
1,"QOvT0n",1,2331,2017,90,"Ireland","IRE","IRL",202,"United States of America","USA","USA","0",30,"0","-","0","0","0"
1,"QOvT0n",1,2332,2018,90,"Ireland","IRE","IRL",202,"United States of America","USA","USA","0",26,"0","-","0","0","0"
1,"QOvT0n",1,2333,2019,90,"Ireland","IRE","IRL",202,"United States of America","USA","USA","0",29,"0","-","0","0","0"
1,"QOvT0n",1,2334,2020,90,"Ireland","IRE","IRL",202,"United States of America","USA","USA","0",28,"0","-","0","0","0"
1,"QOvT0n",1,2335,2021,90,"Ireland","IRE","IRL",202,"United States of America","USA","USA","0",33,"0","-","0","0","0"
1,"QOvT0n",1,2336,2022,90,"Ireland","IRE","IRL",202,"United States of America","USA","USA","0",66,"0","-","0","0","0"
1,"QOvT0n",1,2337,2023,90,"Ireland","IRE","IRL",202,"United States of America","USA","USA","0",120,"0","-","0","0","0"
1,"QOvT0n",1,2338,2024,90,"Ireland","IRE","IRL",202,"United States of America","USA","USA","0",180,"0","-","0","0","0"
1,"QOvT0n",1,2339,2025,90,"Ireland","IRE","IRL",202,"United States of America","USA","USA","0",180,"0","-","0","0","0"
1,"QOvT0n",1,2340,1988,91,"Iran (Islamic Rep. of)","IRN","IRN",202,"United States of America","USA","USA",37955,"0","0","-","0","0","0"
1,"QOvT0n",1,2341,1989,91,"Iran (Islamic Rep. of)","IRN","IRN",202,"United States of America","USA","USA",33504,"0","0","-","0","0","0"
1,"QOvT0n",1,2342,1990,91,"Iran (Islamic Rep. of)","IRN","IRN",202,"United States of America","USA","USA",29510,"0","0","-","0","0","0"
1,"QOvT0n",1,2343,1991,91,"Iran (Islamic Rep. of)","IRN","IRN",202,"United States of America","USA","USA",27718,"0","0","-","0","0","0"
1,"QOvT0n",1,2344,1992,91,"Iran (Islamic Rep. of)","IRN","IRN",202,"United States of America","USA","USA",21871,"0","0","-","0","0","0"
1,"QOvT0n",1,2345,1993,91,"Iran (Islamic Rep. of)","IRN","IRN",202,"United States of America","USA","USA",16105,"0","0","-","0","0","0"
1,"QOvT0n",1,2346,1994,91,"Iran (Islamic Rep. of)","IRN","IRN",202,"United States of America","USA","USA",11686,"0","0","-","0","0","0"
1,"QOvT0n",1,2347,1995,91,"Iran (Islamic Rep. of)","IRN","IRN",202,"United States of America","USA","USA",9936,"0","0","-","0","0","0"
1,"QOvT0n",1,2348,1996,91,"Iran (Islamic Rep. of)","IRN","IRN",202,"United States of America","USA","USA",8988,"0","0","-","0","0","0"
1,"QOvT0n",1,2349,1997,91,"Iran (Islamic Rep. of)","IRN","IRN",202,"United States of America","USA","USA",8701,"0","0","-","0","0","0"
1,"QOvT0n",1,2350,1998,91,"Iran (Islamic Rep. of)","IRN","IRN",202,"United States of America","USA","USA",9814,"0","0","-","0","0","0"
1,"QOvT0n",1,2351,1999,91,"Iran (Islamic Rep. of)","IRN","IRN",202,"United States of America","USA","USA",11134,"0","0","-","0","0","0"
1,"QOvT0n",1,2352,2000,91,"Iran (Islamic Rep. of)","IRN","IRN",202,"United States of America","USA","USA",15472,1380,"0","-","0","0","0"
1,"QOvT0n",1,2353,2001,91,"Iran (Islamic Rep. of)","IRN","IRN",202,"United States of America","USA","USA",21268,1389,"0","-","0","0","0"
1,"QOvT0n",1,2354,2002,91,"Iran (Islamic Rep. of)","IRN","IRN",202,"United States of America","USA","USA",21766,1331,"0","-","0","0","0"
1,"QOvT0n",1,2355,2003,91,"Iran (Islamic Rep. of)","IRN","IRN",202,"United States of America","USA","USA",21185,1138,"0","-","0","0","0"
1,"QOvT0n",1,2356,2004,91,"Iran (Islamic Rep. of)","IRN","IRN",202,"United States of America","USA","USA",20540,849,"0","-","0","0","0"
1,"QOvT0n",1,2357,2005,91,"Iran (Islamic Rep. of)","IRN","IRN",202,"United States of America","USA","USA",17429,735,"0","-","0","0","0"
1,"QOvT0n",1,2358,2006,91,"Iran (Islamic Rep. of)","IRN","IRN",202,"United States of America","USA","USA",33714,761,"0","-","0","0","0"
1,"QOvT0n",1,2359,2007,91,"Iran (Islamic Rep. of)","IRN","IRN",202,"United States of America","USA","USA",6845,526,"0","-","0","0","0"
1,"QOvT0n",1,2360,2008,91,"Iran (Islamic Rep. of)","IRN","IRN",202,"United States of America","USA","USA",6347,392,"0","-","0","0","0"
1,"QOvT0n",1,2361,2009,91,"Iran (Islamic Rep. of)","IRN","IRN",202,"United States of America","USA","USA",5731,349,"0","-","0","0","0"
1,"QOvT0n",1,2362,2010,91,"Iran (Islamic Rep. of)","IRN","IRN",202,"United States of America","USA","USA",5173,76,"0","-","0","0","0"
1,"QOvT0n",1,2363,2011,91,"Iran (Islamic Rep. of)","IRN","IRN",202,"United States of America","USA","USA",4657,191,"0","-","0","0","0"
1,"QOvT0n",1,2364,2012,91,"Iran (Islamic Rep. of)","IRN","IRN",202,"United States of America","USA","USA",4313,314,"0","-","0","0","0"
1,"QOvT0n",1,2365,2013,91,"Iran (Islamic Rep. of)","IRN","IRN",202,"United States of America","USA","USA",4492,914,"0","-","0","0","0"
1,"QOvT0n",1,2366,2014,91,"Iran (Islamic Rep. of)","IRN","IRN",202,"United States of America","USA","USA",4848,1619,"0","-","0","0","0"
1,"QOvT0n",1,2367,2015,91,"Iran (Islamic Rep. of)","IRN","IRN",202,"United States of America","USA","USA",5216,2288,"0","-","0","0","0"
1,"QOvT0n",1,2368,2016,91,"Iran (Islamic Rep. of)","IRN","IRN",202,"United States of America","USA","USA",5400,2842,"0","-","0","0","0"
1,"QOvT0n",1,2369,2017,91,"Iran (Islamic Rep. of)","IRN","IRN",202,"United States of America","USA","USA",5536,3266,"0","-","0","0","0"
1,"QOvT0n",1,2370,2018,91,"Iran (Islamic Rep. of)","IRN","IRN",202,"United States of America","USA","USA",5648,3158,"0","-","0","0","0"
1,"QOvT0n",1,2371,2019,91,"Iran (Islamic Rep. of)","IRN","IRN",202,"United States of America","USA","USA",5824,2816,"0","-","0","0","0"
1,"QOvT0n",1,2372,2020,91,"Iran (Islamic Rep. of)","IRN","IRN",202,"United States of America","USA","USA",5582,2944,"0","-","0","0","0"
1,"QOvT0n",1,2373,2021,91,"Iran (Islamic Rep. of)","IRN","IRN",202,"United States of America","USA","USA",5331,3685,"0","-","0","0","0"
1,"QOvT0n",1,2374,2022,91,"Iran (Islamic Rep. of)","IRN","IRN",202,"United States of America","USA","USA",5275,3558,"0","-","0","0","0"
1,"QOvT0n",1,2375,2023,91,"Iran (Islamic Rep. of)","IRN","IRN",202,"United States of America","USA","USA",5396,3999,"0","-","0","0","0"
1,"QOvT0n",1,2376,2024,91,"Iran (Islamic Rep. of)","IRN","IRN",202,"United States of America","USA","USA",5347,4603,"0","-","0","0","0"
1,"QOvT0n",1,2377,2025,91,"Iran (Islamic Rep. of)","IRN","IRN",202,"United States of America","USA","USA",5347,4603,"0","-","0","0","0"
1,"QOvT0n",1,2378,1988,92,"Iraq","IRQ","IRQ",202,"United States of America","USA","USA",1058,"0","0","-","0","0","0"
1,"QOvT0n",1,2379,1989,92,"Iraq","IRQ","IRQ",202,"United States of America","USA","USA",994,"0","0","-","0","0","0"
1,"QOvT0n",1,2380,1990,92,"Iraq","IRQ","IRQ",202,"United States of America","USA","USA",818,"0","0","-","0","0","0"
1,"QOvT0n",1,2381,1991,92,"Iraq","IRQ","IRQ",202,"United States of America","USA","USA",1367,"0","0","-","0","0","0"
1,"QOvT0n",1,2382,1992,92,"Iraq","IRQ","IRQ",202,"United States of America","USA","USA",4661,"0","0","-","0","0","0"
1,"QOvT0n",1,2383,1993,92,"Iraq","IRQ","IRQ",202,"United States of America","USA","USA",9305,"0","0","-","0","0","0"
1,"QOvT0n",1,2384,1994,92,"Iraq","IRQ","IRQ",202,"United States of America","USA","USA",14372,"0","0","-","0","0","0"
1,"QOvT0n",1,2385,1995,92,"Iraq","IRQ","IRQ",202,"United States of America","USA","USA",17985,"0","0","-","0","0","0"
1,"QOvT0n",1,2386,1996,92,"Iraq","IRQ","IRQ",202,"United States of America","USA","USA",20617,"0","0","-","0","0","0"
1,"QOvT0n",1,2387,1997,92,"Iraq","IRQ","IRQ",202,"United States of America","USA","USA",25384,"0","0","-","0","0","0"
1,"QOvT0n",1,2388,1998,92,"Iraq","IRQ","IRQ",202,"United States of America","USA","USA",22343,"0","0","-","0","0","0"
1,"QOvT0n",1,2389,1999,92,"Iraq","IRQ","IRQ",202,"United States of America","USA","USA",19398,"0","0","-","0","0","0"
1,"QOvT0n",1,2390,2000,92,"Iraq","IRQ","IRQ",202,"United States of America","USA","USA",19290,370,"0","-","0","0","0"
1,"QOvT0n",1,2391,2001,92,"Iraq","IRQ","IRQ",202,"United States of America","USA","USA",19077,713,"0","-","0","0","0"
1,"QOvT0n",1,2392,2002,92,"Iraq","IRQ","IRQ",202,"United States of America","USA","USA",12017,749,"0","-","0","0","0"
1,"QOvT0n",1,2393,2003,92,"Iraq","IRQ","IRQ",202,"United States of America","USA","USA",10523,671,"0","-","0","0","0"
1,"QOvT0n",1,2394,2004,92,"Iraq","IRQ","IRQ",202,"United States of America","USA","USA",8582,475,"0","-","0","0","0"
1,"QOvT0n",1,2395,2005,92,"Iraq","IRQ","IRQ",202,"United States of America","USA","USA",5993,477,"0","-","0","0","0"
1,"QOvT0n",1,2396,2006,92,"Iraq","IRQ","IRQ",202,"United States of America","USA","USA",19755,554,"0","-","0","0","0"
1,"QOvT0n",1,2397,2007,92,"Iraq","IRQ","IRQ",202,"United States of America","USA","USA",4335,432,"0","-","0","0","0"
1,"QOvT0n",1,2398,2008,92,"Iraq","IRQ","IRQ",202,"United States of America","USA","USA",4787,346,"0","-","0","0","0"
1,"QOvT0n",1,2399,2009,92,"Iraq","IRQ","IRQ",202,"United States of America","USA","USA",5427,225,"0","-","0","0","0"
1,"QOvT0n",1,2400,2010,92,"Iraq","IRQ","IRQ",202,"United States of America","USA","USA",5429,122,"0","-","0","0","0"
1,"QOvT0n",1,2401,2011,92,"Iraq","IRQ","IRQ",202,"United States of America","USA","USA",5126,175,"0","-","0","0","0"
1,"QOvT0n",1,2402,2012,92,"Iraq","IRQ","IRQ",202,"United States of America","USA","USA",4759,325,"0","-","0","0","0"
1,"QOvT0n",1,2403,2013,92,"Iraq","IRQ","IRQ",202,"United States of America","USA","USA",4863,942,"0","-","0","0","0"
1,"QOvT0n",1,2404,2014,92,"Iraq","IRQ","IRQ",202,"United States of America","USA","USA",5284,1951,"0","-","0","0","0"
1,"QOvT0n",1,2405,2015,92,"Iraq","IRQ","IRQ",202,"United States of America","USA","USA",5760,2729,"0","-","0","0","0"
1,"QOvT0n",1,2406,2016,92,"Iraq","IRQ","IRQ",202,"United States of America","USA","USA",6082,3631,"0","-","0","0","0"
1,"QOvT0n",1,2407,2017,92,"Iraq","IRQ","IRQ",202,"United States of America","USA","USA",6130,3869,"0","-","0","0","0"
1,"QOvT0n",1,2408,2018,92,"Iraq","IRQ","IRQ",202,"United States of America","USA","USA",5947,3626,"0","-","0","0","0"
1,"QOvT0n",1,2409,2019,92,"Iraq","IRQ","IRQ",202,"United States of America","USA","USA",5632,3339,"0","-","0","0","0"
1,"QOvT0n",1,2410,2020,92,"Iraq","IRQ","IRQ",202,"United States of America","USA","USA",5437,3432,"0","-","0","0","0"
1,"QOvT0n",1,2411,2021,92,"Iraq","IRQ","IRQ",202,"United States of America","USA","USA",5339,4510,"0","-","0","0","0"
1,"QOvT0n",1,2412,2022,92,"Iraq","IRQ","IRQ",202,"United States of America","USA","USA",5368,4065,"0","-","0","0","0"
1,"QOvT0n",1,2413,2023,92,"Iraq","IRQ","IRQ",202,"United States of America","USA","USA",5274,3987,"0","-","0","0","0"
1,"QOvT0n",1,2414,2024,92,"Iraq","IRQ","IRQ",202,"United States of America","USA","USA",5191,4030,"0","-","0","0","0"
1,"QOvT0n",1,2415,2025,92,"Iraq","IRQ","IRQ",202,"United States of America","USA","USA",5191,4030,"0","-","0","0","0"
1,"QOvT0n",1,2416,1990,93,"Israel","ISR","ISR",202,"United States of America","USA","USA",5,"0","0","-","0","0","0"
1,"QOvT0n",1,2417,1991,93,"Israel","ISR","ISR",202,"United States of America","USA","USA",5,"0","0","-","0","0","0"
1,"QOvT0n",1,2418,1992,93,"Israel","ISR","ISR",202,"United States of America","USA","USA",9,"0","0","-","0","0","0"
1,"QOvT0n",1,2419,1993,93,"Israel","ISR","ISR",202,"United States of America","USA","USA",39,"0","0","-","0","0","0"
1,"QOvT0n",1,2420,1994,93,"Israel","ISR","ISR",202,"United States of America","USA","USA",68,"0","0","-","0","0","0"
1,"QOvT0n",1,2421,1995,93,"Israel","ISR","ISR",202,"United States of America","USA","USA",66,"0","0","-","0","0","0"
1,"QOvT0n",1,2422,1996,93,"Israel","ISR","ISR",202,"United States of America","USA","USA",69,"0","0","-","0","0","0"
1,"QOvT0n",1,2423,1997,93,"Israel","ISR","ISR",202,"United States of America","USA","USA",69,"0","0","-","0","0","0"
1,"QOvT0n",1,2424,1998,93,"Israel","ISR","ISR",202,"United States of America","USA","USA",48,"0","0","-","0","0","0"
1,"QOvT0n",1,2425,1999,93,"Israel","ISR","ISR",202,"United States of America","USA","USA",39,"0","0","-","0","0","0"
1,"QOvT0n",1,2426,2000,93,"Israel","ISR","ISR",202,"United States of America","USA","USA",44,68,"0","-","0","0","0"
1,"QOvT0n",1,2427,2001,93,"Israel","ISR","ISR",202,"United States of America","USA","USA","0",101,"0","-","0","0","0"
1,"QOvT0n",1,2428,2002,93,"Israel","ISR","ISR",202,"United States of America","USA","USA","0",138,"0","-","0","0","0"
1,"QOvT0n",1,2429,2003,93,"Israel","ISR","ISR",202,"United States of America","USA","USA",61,152,"0","-","0","0","0"
1,"QOvT0n",1,2430,2004,93,"Israel","ISR","ISR",202,"United States of America","USA","USA",59,166,"0","-","0","0","0"
1,"QOvT0n",1,2431,2005,93,"Israel","ISR","ISR",202,"United States of America","USA","USA",89,136,"0","-","0","0","0"
1,"QOvT0n",1,2432,2006,93,"Israel","ISR","ISR",202,"United States of America","USA","USA",141,112,"0","-","0","0","0"
1,"QOvT0n",1,2433,2007,93,"Israel","ISR","ISR",202,"United States of America","USA","USA",152,83,"0","-","0","0","0"
1,"QOvT0n",1,2434,2008,93,"Israel","ISR","ISR",202,"United States of America","USA","USA",165,55,"0","-","0","0","0"
1,"QOvT0n",1,2435,2009,93,"Israel","ISR","ISR",202,"United States of America","USA","USA",178,51,"0","-","0","0","0"
1,"QOvT0n",1,2436,2010,93,"Israel","ISR","ISR",202,"United States of America","USA","USA",191,5,"0","-","0","0","0"
1,"QOvT0n",1,2437,2011,93,"Israel","ISR","ISR",202,"United States of America","USA","USA",195,7,"0","-","0","0","0"
1,"QOvT0n",1,2438,2012,93,"Israel","ISR","ISR",202,"United States of America","USA","USA",188,16,"0","-","0","0","0"
1,"QOvT0n",1,2439,2013,93,"Israel","ISR","ISR",202,"United States of America","USA","USA",174,52,"0","-","0","0","0"
1,"QOvT0n",1,2440,2014,93,"Israel","ISR","ISR",202,"United States of America","USA","USA",163,133,"0","-","0","0","0"
1,"QOvT0n",1,2441,2015,93,"Israel","ISR","ISR",202,"United States of America","USA","USA",145,192,"0","-","0","0","0"
1,"QOvT0n",1,2442,2016,93,"Israel","ISR","ISR",202,"United States of America","USA","USA",131,302,"0","-","0","0","0"
1,"QOvT0n",1,2443,2017,93,"Israel","ISR","ISR",202,"United States of America","USA","USA",138,437,"0","-","0","0","0"
1,"QOvT0n",1,2444,2018,93,"Israel","ISR","ISR",202,"United States of America","USA","USA",138,477,"0","-","0","0","0"
1,"QOvT0n",1,2445,2019,93,"Israel","ISR","ISR",202,"United States of America","USA","USA",130,480,"0","-","0","0","0"
1,"QOvT0n",1,2446,2020,93,"Israel","ISR","ISR",202,"United States of America","USA","USA",115,476,"0","-","0","0","0"
1,"QOvT0n",1,2447,2021,93,"Israel","ISR","ISR",202,"United States of America","USA","USA",97,637,"0","-","0","0","0"
1,"QOvT0n",1,2448,2022,93,"Israel","ISR","ISR",202,"United States of America","USA","USA",99,584,"0","-","0","0","0"
1,"QOvT0n",1,2449,2023,93,"Israel","ISR","ISR",202,"United States of America","USA","USA",104,744,"0","-","0","0","0"
1,"QOvT0n",1,2450,2024,93,"Israel","ISR","ISR",202,"United States of America","USA","USA",110,898,"0","-","0","0","0"
1,"QOvT0n",1,2451,2025,93,"Israel","ISR","ISR",202,"United States of America","USA","USA",110,898,"0","-","0","0","0"
1,"QOvT0n",1,2452,1997,94,"Italy","ITA","ITA",202,"United States of America","USA","USA",5,"0","0","-","0","0","0"
1,"QOvT0n",1,2453,1998,94,"Italy","ITA","ITA",202,"United States of America","USA","USA",5,"0","0","-","0","0","0"
1,"QOvT0n",1,2454,1999,94,"Italy","ITA","ITA",202,"United States of America","USA","USA",5,"0","0","-","0","0","0"
1,"QOvT0n",1,2455,2000,94,"Italy","ITA","ITA",202,"United States of America","USA","USA",8,6,"0","-","0","0","0"
1,"QOvT0n",1,2456,2001,94,"Italy","ITA","ITA",202,"United States of America","USA","USA","0",8,"0","-","0","0","0"
1,"QOvT0n",1,2457,2002,94,"Italy","ITA","ITA",202,"United States of America","USA","USA","0",14,"0","-","0","0","0"
1,"QOvT0n",1,2458,2003,94,"Italy","ITA","ITA",202,"United States of America","USA","USA",5,7,"0","-","0","0","0"
1,"QOvT0n",1,2459,2004,94,"Italy","ITA","ITA",202,"United States of America","USA","USA",7,10,"0","-","0","0","0"
1,"QOvT0n",1,2460,2005,94,"Italy","ITA","ITA",202,"United States of America","USA","USA",5,9,"0","-","0","0","0"
1,"QOvT0n",1,2461,2006,94,"Italy","ITA","ITA",202,"United States of America","USA","USA",14,6,"0","-","0","0","0"
1,"QOvT0n",1,2462,2007,94,"Italy","ITA","ITA",202,"United States of America","USA","USA",14,"0","0","-","0","0","0"
1,"QOvT0n",1,2463,2008,94,"Italy","ITA","ITA",202,"United States of America","USA","USA",14,"0","0","-","0","0","0"
1,"QOvT0n",1,2464,2009,94,"Italy","ITA","ITA",202,"United States of America","USA","USA",14,"0","0","-","0","0","0"
1,"QOvT0n",1,2465,2010,94,"Italy","ITA","ITA",202,"United States of America","USA","USA",16,"0","0","-","0","0","0"
1,"QOvT0n",1,2466,2011,94,"Italy","ITA","ITA",202,"United States of America","USA","USA",25,"0","0","-","0","0","0"
1,"QOvT0n",1,2467,2012,94,"Italy","ITA","ITA",202,"United States of America","USA","USA",27,"0","0","-","0","0","0"
1,"QOvT0n",1,2468,2013,94,"Italy","ITA","ITA",202,"United States of America","USA","USA",25,19,"0","-","0","0","0"
1,"QOvT0n",1,2469,2014,94,"Italy","ITA","ITA",202,"United States of America","USA","USA",24,38,"0","-","0","0","0"
1,"QOvT0n",1,2470,2015,94,"Italy","ITA","ITA",202,"United States of America","USA","USA",22,51,"0","-","0","0","0"
1,"QOvT0n",1,2471,2016,94,"Italy","ITA","ITA",202,"United States of America","USA","USA",19,76,"0","-","0","0","0"
1,"QOvT0n",1,2472,2017,94,"Italy","ITA","ITA",202,"United States of America","USA","USA",20,145,"0","-","0","0","0"
1,"QOvT0n",1,2473,2018,94,"Italy","ITA","ITA",202,"United States of America","USA","USA",22,190,"0","-","0","0","0"
1,"QOvT0n",1,2474,2019,94,"Italy","ITA","ITA",202,"United States of America","USA","USA",22,240,"0","-","0","0","0"
1,"QOvT0n",1,2475,2020,94,"Italy","ITA","ITA",202,"United States of America","USA","USA",17,299,"0","-","0","0","0"
1,"QOvT0n",1,2476,2021,94,"Italy","ITA","ITA",202,"United States of America","USA","USA",9,462,"0","-","0","0","0"
1,"QOvT0n",1,2477,2022,94,"Italy","ITA","ITA",202,"United States of America","USA","USA",18,403,"0","-","0","0","0"
1,"QOvT0n",1,2478,2023,94,"Italy","ITA","ITA",202,"United States of America","USA","USA",18,1225,"0","-","0","0","0"
1,"QOvT0n",1,2479,2024,94,"Italy","ITA","ITA",202,"United States of America","USA","USA",18,1547,"0","-","0","0","0"
1,"QOvT0n",1,2480,2025,94,"Italy","ITA","ITA",202,"United States of America","USA","USA",18,1547,"0","-","0","0","0"
1,"QOvT0n",1,2481,1993,95,"Jamaica","JAM","JAM",202,"United States of America","USA","USA",5,"0","0","-","0","0","0"
1,"QOvT0n",1,2482,1994,95,"Jamaica","JAM","JAM",202,"United States of America","USA","USA",5,"0","0","-","0","0","0"
1,"QOvT0n",1,2483,1995,95,"Jamaica","JAM","JAM",202,"United States of America","USA","USA",5,"0","0","-","0","0","0"
1,"QOvT0n",1,2484,1996,95,"Jamaica","JAM","JAM",202,"United States of America","USA","USA",8,"0","0","-","0","0","0"
1,"QOvT0n",1,2485,1997,95,"Jamaica","JAM","JAM",202,"United States of America","USA","USA",9,"0","0","-","0","0","0"
1,"QOvT0n",1,2486,1998,95,"Jamaica","JAM","JAM",202,"United States of America","USA","USA",14,"0","0","-","0","0","0"
1,"QOvT0n",1,2487,1999,95,"Jamaica","JAM","JAM",202,"United States of America","USA","USA",15,"0","0","-","0","0","0"
1,"QOvT0n",1,2488,2000,95,"Jamaica","JAM","JAM",202,"United States of America","USA","USA",15,58,"0","-","0","0","0"
1,"QOvT0n",1,2489,2001,95,"Jamaica","JAM","JAM",202,"United States of America","USA","USA","0",89,"0","-","0","0","0"
1,"QOvT0n",1,2490,2002,95,"Jamaica","JAM","JAM",202,"United States of America","USA","USA","0",80,"0","-","0","0","0"
1,"QOvT0n",1,2491,2003,95,"Jamaica","JAM","JAM",202,"United States of America","USA","USA",14,82,"0","-","0","0","0"
1,"QOvT0n",1,2492,2004,95,"Jamaica","JAM","JAM",202,"United States of America","USA","USA",19,133,"0","-","0","0","0"
1,"QOvT0n",1,2493,2005,95,"Jamaica","JAM","JAM",202,"United States of America","USA","USA",27,121,"0","-","0","0","0"
1,"QOvT0n",1,2494,2006,95,"Jamaica","JAM","JAM",202,"United States of America","USA","USA",54,126,"0","-","0","0","0"
1,"QOvT0n",1,2495,2007,95,"Jamaica","JAM","JAM",202,"United States of America","USA","USA",66,63,"0","-","0","0","0"
1,"QOvT0n",1,2496,2008,95,"Jamaica","JAM","JAM",202,"United States of America","USA","USA",84,59,"0","-","0","0","0"
1,"QOvT0n",1,2497,2009,95,"Jamaica","JAM","JAM",202,"United States of America","USA","USA",137,59,"0","-","0","0","0"
1,"QOvT0n",1,2498,2010,95,"Jamaica","JAM","JAM",202,"United States of America","USA","USA",210,27,"0","-","0","0","0"
1,"QOvT0n",1,2499,2011,95,"Jamaica","JAM","JAM",202,"United States of America","USA","USA",277,32,"0","-","0","0","0"
1,"QOvT0n",1,2500,2012,95,"Jamaica","JAM","JAM",202,"United States of America","USA","USA",340,40,"0","-","0","0","0"
1,"QOvT0n",1,2501,2013,95,"Jamaica","JAM","JAM",202,"United States of America","USA","USA",380,255,"0","-","0","0","0"
1,"QOvT0n",1,2502,2014,95,"Jamaica","JAM","JAM",202,"United States of America","USA","USA",454,354,"0","-","0","0","0"
1,"QOvT0n",1,2503,2015,95,"Jamaica","JAM","JAM",202,"United States of America","USA","USA",514,504,"0","-","0","0","0"
1,"QOvT0n",1,2504,2016,95,"Jamaica","JAM","JAM",202,"United States of America","USA","USA",590,680,"0","-","0","0","0"
1,"QOvT0n",1,2505,2017,95,"Jamaica","JAM","JAM",202,"United States of America","USA","USA",697,915,"0","-","0","0","0"
1,"QOvT0n",1,2506,2018,95,"Jamaica","JAM","JAM",202,"United States of America","USA","USA",832,958,"0","-","0","0","0"
1,"QOvT0n",1,2507,2019,95,"Jamaica","JAM","JAM",202,"United States of America","USA","USA",926,1049,"0","-","0","0","0"
1,"QOvT0n",1,2508,2020,95,"Jamaica","JAM","JAM",202,"United States of America","USA","USA",896,1164,"0","-","0","0","0"
1,"QOvT0n",1,2509,2021,95,"Jamaica","JAM","JAM",202,"United States of America","USA","USA",892,1419,"0","-","0","0","0"
1,"QOvT0n",1,2510,2022,95,"Jamaica","JAM","JAM",202,"United States of America","USA","USA",900,2206,"0","-","0","0","0"
1,"QOvT0n",1,2511,2023,95,"Jamaica","JAM","JAM",202,"United States of America","USA","USA",975,5641,"0","-","0","0","0"
1,"QOvT0n",1,2512,2024,95,"Jamaica","JAM","JAM",202,"United States of America","USA","USA",1022,7451,"0","-","0","0","0"
1,"QOvT0n",1,2513,2025,95,"Jamaica","JAM","JAM",202,"United States of America","USA","USA",1022,7451,"0","-","0","0","0"
1,"QOvT0n",1,2514,1990,96,"Jordan","JOR","JOR",202,"United States of America","USA","USA",5,"0","0","-","0","0","0"
1,"QOvT0n",1,2515,1991,96,"Jordan","JOR","JOR",202,"United States of America","USA","USA",5,"0","0","-","0","0","0"
1,"QOvT0n",1,2516,1992,96,"Jordan","JOR","JOR",202,"United States of America","USA","USA",34,"0","0","-","0","0","0"
1,"QOvT0n",1,2517,1993,96,"Jordan","JOR","JOR",202,"United States of America","USA","USA",69,"0","0","-","0","0","0"
1,"QOvT0n",1,2518,1994,96,"Jordan","JOR","JOR",202,"United States of America","USA","USA",107,"0","0","-","0","0","0"
1,"QOvT0n",1,2519,1995,96,"Jordan","JOR","JOR",202,"United States of America","USA","USA",165,"0","0","-","0","0","0"
1,"QOvT0n",1,2520,1996,96,"Jordan","JOR","JOR",202,"United States of America","USA","USA",197,"0","0","-","0","0","0"
1,"QOvT0n",1,2521,1997,96,"Jordan","JOR","JOR",202,"United States of America","USA","USA",204,"0","0","-","0","0","0"
1,"QOvT0n",1,2522,1998,96,"Jordan","JOR","JOR",202,"United States of America","USA","USA",228,"0","0","-","0","0","0"
1,"QOvT0n",1,2523,1999,96,"Jordan","JOR","JOR",202,"United States of America","USA","USA",257,"0","0","-","0","0","0"
1,"QOvT0n",1,2524,2000,96,"Jordan","JOR","JOR",202,"United States of America","USA","USA",242,319,"0","-","0","0","0"
1,"QOvT0n",1,2525,2001,96,"Jordan","JOR","JOR",202,"United States of America","USA","USA",273,296,"0","-","0","0","0"
1,"QOvT0n",1,2526,2002,96,"Jordan","JOR","JOR",202,"United States of America","USA","USA",294,397,"0","-","0","0","0"
1,"QOvT0n",1,2527,2003,96,"Jordan","JOR","JOR",202,"United States of America","USA","USA",209,326,"0","-","0","0","0"
1,"QOvT0n",1,2528,2004,96,"Jordan","JOR","JOR",202,"United States of America","USA","USA",216,341,"0","-","0","0","0"
1,"QOvT0n",1,2529,2005,96,"Jordan","JOR","JOR",202,"United States of America","USA","USA",260,282,"0","-","0","0","0"
1,"QOvT0n",1,2530,2006,96,"Jordan","JOR","JOR",202,"United States of America","USA","USA",434,255,"0","-","0","0","0"
1,"QOvT0n",1,2531,2007,96,"Jordan","JOR","JOR",202,"United States of America","USA","USA",447,164,"0","-","0","0","0"
1,"QOvT0n",1,2532,2008,96,"Jordan","JOR","JOR",202,"United States of America","USA","USA",442,127,"0","-","0","0","0"
1,"QOvT0n",1,2533,2009,96,"Jordan","JOR","JOR",202,"United States of America","USA","USA",449,117,"0","-","0","0","0"
1,"QOvT0n",1,2534,2010,96,"Jordan","JOR","JOR",202,"United States of America","USA","USA",439,13,"0","-","0","0","0"
1,"QOvT0n",1,2535,2011,96,"Jordan","JOR","JOR",202,"United States of America","USA","USA",415,29,"0","-","0","0","0"
1,"QOvT0n",1,2536,2012,96,"Jordan","JOR","JOR",202,"United States of America","USA","USA",399,39,"0","-","0","0","0"
1,"QOvT0n",1,2537,2013,96,"Jordan","JOR","JOR",202,"United States of America","USA","USA",383,165,"0","-","0","0","0"
1,"QOvT0n",1,2538,2014,96,"Jordan","JOR","JOR",202,"United States of America","USA","USA",377,321,"0","-","0","0","0"
1,"QOvT0n",1,2539,2015,96,"Jordan","JOR","JOR",202,"United States of America","USA","USA",382,607,"0","-","0","0","0"
1,"QOvT0n",1,2540,2016,96,"Jordan","JOR","JOR",202,"United States of America","USA","USA",388,1086,"0","-","0","0","0"
1,"QOvT0n",1,2541,2017,96,"Jordan","JOR","JOR",202,"United States of America","USA","USA",428,1820,"0","-","0","0","0"
1,"QOvT0n",1,2542,2018,96,"Jordan","JOR","JOR",202,"United States of America","USA","USA",557,2045,"0","-","0","0","0"
1,"QOvT0n",1,2543,2019,96,"Jordan","JOR","JOR",202,"United States of America","USA","USA",621,2289,"0","-","0","0","0"
1,"QOvT0n",1,2544,2020,96,"Jordan","JOR","JOR",202,"United States of America","USA","USA",619,2658,"0","-","0","0","0"
1,"QOvT0n",1,2545,2021,96,"Jordan","JOR","JOR",202,"United States of America","USA","USA",670,3848,"0","-","0","0","0"
1,"QOvT0n",1,2546,2022,96,"Jordan","JOR","JOR",202,"United States of America","USA","USA",695,3348,"0","-","0","0","0"
1,"QOvT0n",1,2547,2023,96,"Jordan","JOR","JOR",202,"United States of America","USA","USA",752,5027,"0","-","0","0","0"
1,"QOvT0n",1,2548,2024,96,"Jordan","JOR","JOR",202,"United States of America","USA","USA",765,6507,"0","-","0","0","0"
1,"QOvT0n",1,2549,2025,96,"Jordan","JOR","JOR",202,"United States of America","USA","USA",765,6507,"0","-","0","0","0"
1,"QOvT0n",1,2550,2000,97,"Japan","JPN","JPN",202,"United States of America","USA","USA","0",11,"0","-","0","0","0"
1,"QOvT0n",1,2551,2001,97,"Japan","JPN","JPN",202,"United States of America","USA","USA","0",18,"0","-","0","0","0"
1,"QOvT0n",1,2552,2002,97,"Japan","JPN","JPN",202,"United States of America","USA","USA","0",13,"0","-","0","0","0"
1,"QOvT0n",1,2553,2003,97,"Japan","JPN","JPN",202,"United States of America","USA","USA",5,22,"0","-","0","0","0"
1,"QOvT0n",1,2554,2004,97,"Japan","JPN","JPN",202,"United States of America","USA","USA",5,65,"0","-","0","0","0"
1,"QOvT0n",1,2555,2005,97,"Japan","JPN","JPN",202,"United States of America","USA","USA",5,51,"0","-","0","0","0"
1,"QOvT0n",1,2556,2006,97,"Japan","JPN","JPN",202,"United States of America","USA","USA",9,27,"0","-","0","0","0"
1,"QOvT0n",1,2557,2007,97,"Japan","JPN","JPN",202,"United States of America","USA","USA",9,14,"0","-","0","0","0"
1,"QOvT0n",1,2558,2008,97,"Japan","JPN","JPN",202,"United States of America","USA","USA",9,13,"0","-","0","0","0"
1,"QOvT0n",1,2559,2009,97,"Japan","JPN","JPN",202,"United States of America","USA","USA",11,13,"0","-","0","0","0"
1,"QOvT0n",1,2560,2010,97,"Japan","JPN","JPN",202,"United States of America","USA","USA",11,"0","0","-","0","0","0"
1,"QOvT0n",1,2561,2011,97,"Japan","JPN","JPN",202,"United States of America","USA","USA",13,"0","0","-","0","0","0"
1,"QOvT0n",1,2562,2012,97,"Japan","JPN","JPN",202,"United States of America","USA","USA",12,5,"0","-","0","0","0"
1,"QOvT0n",1,2563,2013,97,"Japan","JPN","JPN",202,"United States of America","USA","USA",11,27,"0","-","0","0","0"
1,"QOvT0n",1,2564,2014,97,"Japan","JPN","JPN",202,"United States of America","USA","USA",11,46,"0","-","0","0","0"
1,"QOvT0n",1,2565,2015,97,"Japan","JPN","JPN",202,"United States of America","USA","USA",9,53,"0","-","0","0","0"
1,"QOvT0n",1,2566,2016,97,"Japan","JPN","JPN",202,"United States of America","USA","USA",6,61,"0","-","0","0","0"
1,"QOvT0n",1,2567,2017,97,"Japan","JPN","JPN",202,"United States of America","USA","USA",6,78,"0","-","0","0","0"
1,"QOvT0n",1,2568,2018,97,"Japan","JPN","JPN",202,"United States of America","USA","USA",8,82,"0","-","0","0","0"
1,"QOvT0n",1,2569,2019,97,"Japan","JPN","JPN",202,"United States of America","USA","USA",6,79,"0","-","0","0","0"
1,"QOvT0n",1,2570,2020,97,"Japan","JPN","JPN",202,"United States of America","USA","USA",6,81,"0","-","0","0","0"
1,"QOvT0n",1,2571,2021,97,"Japan","JPN","JPN",202,"United States of America","USA","USA",7,90,"0","-","0","0","0"
1,"QOvT0n",1,2572,2022,97,"Japan","JPN","JPN",202,"United States of America","USA","USA",7,99,"0","-","0","0","0"
1,"QOvT0n",1,2573,2023,97,"Japan","JPN","JPN",202,"United States of America","USA","USA",7,90,"0","-","0","0","0"
1,"QOvT0n",1,2574,2024,97,"Japan","JPN","JPN",202,"United States of America","USA","USA",7,92,"0","-","0","0","0"
1,"QOvT0n",1,2575,2025,97,"Japan","JPN","JPN",202,"United States of America","USA","USA",7,92,"0","-","0","0","0"
1,"QOvT0n",1,2576,1995,98,"Kazakhstan","KAZ","KAZ",202,"United States of America","USA","USA",17,"0","0","-","0","0","0"
1,"QOvT0n",1,2577,1996,98,"Kazakhstan","KAZ","KAZ",202,"United States of America","USA","USA",52,"0","0","-","0","0","0"
1,"QOvT0n",1,2578,1997,98,"Kazakhstan","KAZ","KAZ",202,"United States of America","USA","USA",91,"0","0","-","0","0","0"
1,"QOvT0n",1,2579,1998,98,"Kazakhstan","KAZ","KAZ",202,"United States of America","USA","USA",143,"0","0","-","0","0","0"
1,"QOvT0n",1,2580,1999,98,"Kazakhstan","KAZ","KAZ",202,"United States of America","USA","USA",601,"0","0","-","0","0","0"
1,"QOvT0n",1,2581,2000,98,"Kazakhstan","KAZ","KAZ",202,"United States of America","USA","USA",959,131,"0","-","0","0","0"
1,"QOvT0n",1,2582,2001,98,"Kazakhstan","KAZ","KAZ",202,"United States of America","USA","USA",1258,145,"0","-","0","0","0"
1,"QOvT0n",1,2583,2002,98,"Kazakhstan","KAZ","KAZ",202,"United States of America","USA","USA",1492,141,"0","-","0","0","0"
1,"QOvT0n",1,2584,2003,98,"Kazakhstan","KAZ","KAZ",202,"United States of America","USA","USA",1544,135,"0","-","0","0","0"
1,"QOvT0n",1,2585,2004,98,"Kazakhstan","KAZ","KAZ",202,"United States of America","USA","USA",1460,87,"0","-","0","0","0"
1,"QOvT0n",1,2586,2005,98,"Kazakhstan","KAZ","KAZ",202,"United States of America","USA","USA",1248,99,"0","-","0","0","0"
1,"QOvT0n",1,2587,2006,98,"Kazakhstan","KAZ","KAZ",202,"United States of America","USA","USA",2240,92,"0","-","0","0","0"
1,"QOvT0n",1,2588,2007,98,"Kazakhstan","KAZ","KAZ",202,"United States of America","USA","USA",486,32,"0","-","0","0","0"
1,"QOvT0n",1,2589,2008,98,"Kazakhstan","KAZ","KAZ",202,"United States of America","USA","USA",501,60,"0","-","0","0","0"
1,"QOvT0n",1,2590,2009,98,"Kazakhstan","KAZ","KAZ",202,"United States of America","USA","USA",514,52,"0","-","0","0","0"
1,"QOvT0n",1,2591,2010,98,"Kazakhstan","KAZ","KAZ",202,"United States of America","USA","USA",469,13,"0","-","0","0","0"
1,"QOvT0n",1,2592,2011,98,"Kazakhstan","KAZ","KAZ",202,"United States of America","USA","USA",503,48,"0","-","0","0","0"
1,"QOvT0n",1,2593,2012,98,"Kazakhstan","KAZ","KAZ",202,"United States of America","USA","USA",536,86,"0","-","0","0","0"
1,"QOvT0n",1,2594,2013,98,"Kazakhstan","KAZ","KAZ",202,"United States of America","USA","USA",558,226,"0","-","0","0","0"
1,"QOvT0n",1,2595,2014,98,"Kazakhstan","KAZ","KAZ",202,"United States of America","USA","USA",594,475,"0","-","0","0","0"
1,"QOvT0n",1,2596,2015,98,"Kazakhstan","KAZ","KAZ",202,"United States of America","USA","USA",628,678,"0","-","0","0","0"
1,"QOvT0n",1,2597,2016,98,"Kazakhstan","KAZ","KAZ",202,"United States of America","USA","USA",658,1051,"0","-","0","0","0"
1,"QOvT0n",1,2598,2017,98,"Kazakhstan","KAZ","KAZ",202,"United States of America","USA","USA",707,1558,"0","-","0","0","0"
1,"QOvT0n",1,2599,2018,98,"Kazakhstan","KAZ","KAZ",202,"United States of America","USA","USA",843,1809,"0","-","0","0","0"
1,"QOvT0n",1,2600,2019,98,"Kazakhstan","KAZ","KAZ",202,"United States of America","USA","USA",1025,2196,"0","-","0","0","0"
1,"QOvT0n",1,2601,2020,98,"Kazakhstan","KAZ","KAZ",202,"United States of America","USA","USA",1056,2860,"0","-","0","0","0"
1,"QOvT0n",1,2602,2021,98,"Kazakhstan","KAZ","KAZ",202,"United States of America","USA","USA",1099,4551,"0","-","0","0","0"
1,"QOvT0n",1,2603,2022,98,"Kazakhstan","KAZ","KAZ",202,"United States of America","USA","USA",1191,4976,"0","-","0","0","0"
1,"QOvT0n",1,2604,2023,98,"Kazakhstan","KAZ","KAZ",202,"United States of America","USA","USA",1268,6750,"0","-","0","0","0"
1,"QOvT0n",1,2605,2024,98,"Kazakhstan","KAZ","KAZ",202,"United States of America","USA","USA",1337,7763,"0","-","0","0","0"
1,"QOvT0n",1,2606,2025,98,"Kazakhstan","KAZ","KAZ",202,"United States of America","USA","USA",1337,7763,"0","-","0","0","0"
1,"QOvT0n",1,2607,1995,99,"Kenya","KEN","KEN",202,"United States of America","USA","USA",41,"0","0","-","0","0","0"
1,"QOvT0n",1,2608,1996,99,"Kenya","KEN","KEN",202,"United States of America","USA","USA",70,"0","0","-","0","0","0"
1,"QOvT0n",1,2609,1997,99,"Kenya","KEN","KEN",202,"United States of America","USA","USA",107,"0","0","-","0","0","0"
1,"QOvT0n",1,2610,1998,99,"Kenya","KEN","KEN",202,"United States of America","USA","USA",194,"0","0","-","0","0","0"
1,"QOvT0n",1,2611,1999,99,"Kenya","KEN","KEN",202,"United States of America","USA","USA",335,"0","0","-","0","0","0"
1,"QOvT0n",1,2612,2000,99,"Kenya","KEN","KEN",202,"United States of America","USA","USA",449,185,"0","-","0","0","0"
1,"QOvT0n",1,2613,2001,99,"Kenya","KEN","KEN",202,"United States of America","USA","USA",582,198,"0","-","0","0","0"
1,"QOvT0n",1,2614,2002,99,"Kenya","KEN","KEN",202,"United States of America","USA","USA",813,530,"0","-","0","0","0"
1,"QOvT0n",1,2615,2003,99,"Kenya","KEN","KEN",202,"United States of America","USA","USA",808,802,"0","-","0","0","0"
1,"QOvT0n",1,2616,2004,99,"Kenya","KEN","KEN",202,"United States of America","USA","USA",855,835,"0","-","0","0","0"
1,"QOvT0n",1,2617,2005,99,"Kenya","KEN","KEN",202,"United States of America","USA","USA",1130,781,"0","-","0","0","0"
1,"QOvT0n",1,2618,2006,99,"Kenya","KEN","KEN",202,"United States of America","USA","USA",1666,658,"0","-","0","0","0"
1,"QOvT0n",1,2619,2007,99,"Kenya","KEN","KEN",202,"United States of America","USA","USA",1855,450,"0","-","0","0","0"
1,"QOvT0n",1,2620,2008,99,"Kenya","KEN","KEN",202,"United States of America","USA","USA",2081,521,"0","-","0","0","0"
1,"QOvT0n",1,2621,2009,99,"Kenya","KEN","KEN",202,"United States of America","USA","USA",2297,511,"0","-","0","0","0"
1,"QOvT0n",1,2622,2010,99,"Kenya","KEN","KEN",202,"United States of America","USA","USA",2465,79,"0","-","0","0","0"
1,"QOvT0n",1,2623,2011,99,"Kenya","KEN","KEN",202,"United States of America","USA","USA",2551,101,"0","-","0","0","0"
1,"QOvT0n",1,2624,2012,99,"Kenya","KEN","KEN",202,"United States of America","USA","USA",2512,197,"0","-","0","0","0"
1,"QOvT0n",1,2625,2013,99,"Kenya","KEN","KEN",202,"United States of America","USA","USA",2365,531,"0","-","0","0","0"
1,"QOvT0n",1,2626,2014,99,"Kenya","KEN","KEN",202,"United States of America","USA","USA",2305,1013,"0","-","0","0","0"
1,"QOvT0n",1,2627,2015,99,"Kenya","KEN","KEN",202,"United States of America","USA","USA",2258,1258,"0","-","0","0","0"
1,"QOvT0n",1,2628,2016,99,"Kenya","KEN","KEN",202,"United States of America","USA","USA",2196,1872,"0","-","0","0","0"
1,"QOvT0n",1,2629,2017,99,"Kenya","KEN","KEN",202,"United States of America","USA","USA",2087,2905,"0","-","0","0","0"
1,"QOvT0n",1,2630,2018,99,"Kenya","KEN","KEN",202,"United States of America","USA","USA",1987,3836,"0","-","0","0","0"
1,"QOvT0n",1,2631,2019,99,"Kenya","KEN","KEN",202,"United States of America","USA","USA",1931,4485,"0","-","0","0","0"
1,"QOvT0n",1,2632,2020,99,"Kenya","KEN","KEN",202,"United States of America","USA","USA",1735,5586,"0","-","0","0","0"
1,"QOvT0n",1,2633,2021,99,"Kenya","KEN","KEN",202,"United States of America","USA","USA",1617,6810,"0","-","0","0","0"
1,"QOvT0n",1,2634,2022,99,"Kenya","KEN","KEN",202,"United States of America","USA","USA",1518,7512,"0","-","0","0","0"
1,"QOvT0n",1,2635,2023,99,"Kenya","KEN","KEN",202,"United States of America","USA","USA",1458,9463,"0","-","0","0","0"
1,"QOvT0n",1,2636,2024,99,"Kenya","KEN","KEN",202,"United States of America","USA","USA",1414,10645,"0","-","0","0","0"
1,"QOvT0n",1,2637,2025,99,"Kenya","KEN","KEN",202,"United States of America","USA","USA",1414,10645,"0","-","0","0","0"
1,"QOvT0n",1,2638,1995,100,"Kyrgyzstan","KGZ","KGZ",202,"United States of America","USA","USA",6,"0","0","-","0","0","0"
1,"QOvT0n",1,2639,1996,100,"Kyrgyzstan","KGZ","KGZ",202,"United States of America","USA","USA",18,"0","0","-","0","0","0"
1,"QOvT0n",1,2640,1997,100,"Kyrgyzstan","KGZ","KGZ",202,"United States of America","USA","USA",32,"0","0","-","0","0","0"
1,"QOvT0n",1,2641,1998,100,"Kyrgyzstan","KGZ","KGZ",202,"United States of America","USA","USA",38,"0","0","-","0","0","0"
1,"QOvT0n",1,2642,1999,100,"Kyrgyzstan","KGZ","KGZ",202,"United States of America","USA","USA",196,"0","0","-","0","0","0"
1,"QOvT0n",1,2643,2000,100,"Kyrgyzstan","KGZ","KGZ",202,"United States of America","USA","USA",362,32,"0","-","0","0","0"
1,"QOvT0n",1,2644,2001,100,"Kyrgyzstan","KGZ","KGZ",202,"United States of America","USA","USA",478,68,"0","-","0","0","0"
1,"QOvT0n",1,2645,2002,100,"Kyrgyzstan","KGZ","KGZ",202,"United States of America","USA","USA",558,71,"0","-","0","0","0"
1,"QOvT0n",1,2646,2003,100,"Kyrgyzstan","KGZ","KGZ",202,"United States of America","USA","USA",593,80,"0","-","0","0","0"
1,"QOvT0n",1,2647,2004,100,"Kyrgyzstan","KGZ","KGZ",202,"United States of America","USA","USA",576,67,"0","-","0","0","0"
1,"QOvT0n",1,2648,2005,100,"Kyrgyzstan","KGZ","KGZ",202,"United States of America","USA","USA",500,57,"0","-","0","0","0"
1,"QOvT0n",1,2649,2006,100,"Kyrgyzstan","KGZ","KGZ",202,"United States of America","USA","USA",870,46,"0","-","0","0","0"
1,"QOvT0n",1,2650,2007,100,"Kyrgyzstan","KGZ","KGZ",202,"United States of America","USA","USA",236,21,"0","-","0","0","0"
1,"QOvT0n",1,2651,2008,100,"Kyrgyzstan","KGZ","KGZ",202,"United States of America","USA","USA",265,27,"0","-","0","0","0"
1,"QOvT0n",1,2652,2009,100,"Kyrgyzstan","KGZ","KGZ",202,"United States of America","USA","USA",301,31,"0","-","0","0","0"
1,"QOvT0n",1,2653,2010,100,"Kyrgyzstan","KGZ","KGZ",202,"United States of America","USA","USA",344,44,"0","-","0","0","0"
1,"QOvT0n",1,2654,2011,100,"Kyrgyzstan","KGZ","KGZ",202,"United States of America","USA","USA",493,69,"0","-","0","0","0"
1,"QOvT0n",1,2655,2012,100,"Kyrgyzstan","KGZ","KGZ",202,"United States of America","USA","USA",626,137,"0","-","0","0","0"
1,"QOvT0n",1,2656,2013,100,"Kyrgyzstan","KGZ","KGZ",202,"United States of America","USA","USA",710,411,"0","-","0","0","0"
1,"QOvT0n",1,2657,2014,100,"Kyrgyzstan","KGZ","KGZ",202,"United States of America","USA","USA",833,1142,"0","-","0","0","0"
1,"QOvT0n",1,2658,2015,100,"Kyrgyzstan","KGZ","KGZ",202,"United States of America","USA","USA",986,1315,"0","-","0","0","0"
1,"QOvT0n",1,2659,2016,100,"Kyrgyzstan","KGZ","KGZ",202,"United States of America","USA","USA",1089,1373,"0","-","0","0","0"
1,"QOvT0n",1,2660,2017,100,"Kyrgyzstan","KGZ","KGZ",202,"United States of America","USA","USA",1270,1407,"0","-","0","0","0"
1,"QOvT0n",1,2661,2018,100,"Kyrgyzstan","KGZ","KGZ",202,"United States of America","USA","USA",1412,1430,"0","-","0","0","0"
1,"QOvT0n",1,2662,2019,100,"Kyrgyzstan","KGZ","KGZ",202,"United States of America","USA","USA",1584,1528,"0","-","0","0","0"
1,"QOvT0n",1,2663,2020,100,"Kyrgyzstan","KGZ","KGZ",202,"United States of America","USA","USA",1612,1876,"0","-","0","0","0"
1,"QOvT0n",1,2664,2021,100,"Kyrgyzstan","KGZ","KGZ",202,"United States of America","USA","USA",1590,2210,"0","-","0","0","0"
1,"QOvT0n",1,2665,2022,100,"Kyrgyzstan","KGZ","KGZ",202,"United States of America","USA","USA",1607,3496,"0","-","0","0","0"
1,"QOvT0n",1,2666,2023,100,"Kyrgyzstan","KGZ","KGZ",202,"United States of America","USA","USA",1652,6610,"0","-","0","0","0"
1,"QOvT0n",1,2667,2024,100,"Kyrgyzstan","KGZ","KGZ",202,"United States of America","USA","USA",1666,9573,"0","-","0","0","0"
1,"QOvT0n",1,2668,2025,100,"Kyrgyzstan","KGZ","KGZ",202,"United States of America","USA","USA",1666,9573,"0","-","0","0","0"
1,"QOvT0n",1,2669,2005,101,"Kiribati","KIR","KIR",202,"United States of America","USA","USA","0",5,"0","-","0","0","0"
1,"QOvT0n",1,2670,2006,101,"Kiribati","KIR","KIR",202,"United States of America","USA","USA","0",5,"0","-","0","0","0"
1,"QOvT0n",1,2671,1997,102,"Rep. of Korea","KOR","KOR",202,"United States of America","USA","USA",5,"0","0","-","0","0","0"
1,"QOvT0n",1,2672,1998,102,"Rep. of Korea","KOR","KOR",202,"United States of America","USA","USA",5,"0","0","-","0","0","0"
1,"QOvT0n",1,2673,1999,102,"Rep. of Korea","KOR","KOR",202,"United States of America","USA","USA",5,"0","0","-","0","0","0"
1,"QOvT0n",1,2674,2000,102,"Rep. of Korea","KOR","KOR",202,"United States of America","USA","USA",7,25,"0","-","0","0","0"
1,"QOvT0n",1,2675,2001,102,"Rep. of Korea","KOR","KOR",202,"United States of America","USA","USA","0",29,"0","-","0","0","0"
1,"QOvT0n",1,2676,2002,102,"Rep. of Korea","KOR","KOR",202,"United States of America","USA","USA","0",32,"0","-","0","0","0"
1,"QOvT0n",1,2677,2003,102,"Rep. of Korea","KOR","KOR",202,"United States of America","USA","USA",5,27,"0","-","0","0","0"
1,"QOvT0n",1,2678,2004,102,"Rep. of Korea","KOR","KOR",202,"United States of America","USA","USA",8,32,"0","-","0","0","0"
1,"QOvT0n",1,2679,2005,102,"Rep. of Korea","KOR","KOR",202,"United States of America","USA","USA",10,22,"0","-","0","0","0"
1,"QOvT0n",1,2680,2006,102,"Rep. of Korea","KOR","KOR",202,"United States of America","USA","USA",15,39,"0","-","0","0","0"
1,"QOvT0n",1,2681,2007,102,"Rep. of Korea","KOR","KOR",202,"United States of America","USA","USA",16,32,"0","-","0","0","0"
1,"QOvT0n",1,2682,2008,102,"Rep. of Korea","KOR","KOR",202,"United States of America","USA","USA",16,42,"0","-","0","0","0"
1,"QOvT0n",1,2683,2009,102,"Rep. of Korea","KOR","KOR",202,"United States of America","USA","USA",18,27,"0","-","0","0","0"
1,"QOvT0n",1,2684,2010,102,"Rep. of Korea","KOR","KOR",202,"United States of America","USA","USA",22,5,"0","-","0","0","0"
1,"QOvT0n",1,2685,2011,102,"Rep. of Korea","KOR","KOR",202,"United States of America","USA","USA",29,5,"0","-","0","0","0"
1,"QOvT0n",1,2686,2012,102,"Rep. of Korea","KOR","KOR",202,"United States of America","USA","USA",31,9,"0","-","0","0","0"
1,"QOvT0n",1,2687,2013,102,"Rep. of Korea","KOR","KOR",202,"United States of America","USA","USA",30,59,"0","-","0","0","0"
1,"QOvT0n",1,2688,2014,102,"Rep. of Korea","KOR","KOR",202,"United States of America","USA","USA",27,85,"0","-","0","0","0"
1,"QOvT0n",1,2689,2015,102,"Rep. of Korea","KOR","KOR",202,"United States of America","USA","USA",29,99,"0","-","0","0","0"
1,"QOvT0n",1,2690,2016,102,"Rep. of Korea","KOR","KOR",202,"United States of America","USA","USA",30,109,"0","-","0","0","0"
1,"QOvT0n",1,2691,2017,102,"Rep. of Korea","KOR","KOR",202,"United States of America","USA","USA",29,166,"0","-","0","0","0"
1,"QOvT0n",1,2692,2018,102,"Rep. of Korea","KOR","KOR",202,"United States of America","USA","USA",33,207,"0","-","0","0","0"
1,"QOvT0n",1,2693,2019,102,"Rep. of Korea","KOR","KOR",202,"United States of America","USA","USA",32,162,"0","-","0","0","0"
1,"QOvT0n",1,2694,2020,102,"Rep. of Korea","KOR","KOR",202,"United States of America","USA","USA",27,246,"0","-","0","0","0"
1,"QOvT0n",1,2695,2021,102,"Rep. of Korea","KOR","KOR",202,"United States of America","USA","USA",21,290,"0","-","0","0","0"
1,"QOvT0n",1,2696,2022,102,"Rep. of Korea","KOR","KOR",202,"United States of America","USA","USA",21,208,"0","-","0","0","0"
1,"QOvT0n",1,2697,2023,102,"Rep. of Korea","KOR","KOR",202,"United States of America","USA","USA",21,262,"0","-","0","0","0"
1,"QOvT0n",1,2698,2024,102,"Rep. of Korea","KOR","KOR",202,"United States of America","USA","USA",21,294,"0","-","0","0","0"
1,"QOvT0n",1,2699,2025,102,"Rep. of Korea","KOR","KOR",202,"United States of America","USA","USA",21,294,"0","-","0","0","0"
1,"QOvT0n",1,2700,2001,103,"Dem. People's Rep. of Korea","KRN","PRK",202,"United States of America","USA","USA","0",5,"0","-","0","0","0"
1,"QOvT0n",1,2701,2003,103,"Dem. People's Rep. of Korea","KRN","PRK",202,"United States of America","USA","USA",7,8,"0","-","0","0","0"
1,"QOvT0n",1,2702,2004,103,"Dem. People's Rep. of Korea","KRN","PRK",202,"United States of America","USA","USA",9,8,"0","-","0","0","0"
1,"QOvT0n",1,2703,2005,103,"Dem. People's Rep. of Korea","KRN","PRK",202,"United States of America","USA","USA",9,13,"0","-","0","0","0"
1,"QOvT0n",1,2704,2006,103,"Dem. People's Rep. of Korea","KRN","PRK",202,"United States of America","USA","USA",29,19,"0","-","0","0","0"
1,"QOvT0n",1,2705,2007,103,"Dem. People's Rep. of Korea","KRN","PRK",202,"United States of America","USA","USA",22,7,"0","-","0","0","0"
1,"QOvT0n",1,2706,2008,103,"Dem. People's Rep. of Korea","KRN","PRK",202,"United States of America","USA","USA",22,13,"0","-","0","0","0"
1,"QOvT0n",1,2707,2009,103,"Dem. People's Rep. of Korea","KRN","PRK",202,"United States of America","USA","USA",25,8,"0","-","0","0","0"
1,"QOvT0n",1,2708,2010,103,"Dem. People's Rep. of Korea","KRN","PRK",202,"United States of America","USA","USA",25,"0","0","-","0","0","0"
1,"QOvT0n",1,2709,2011,103,"Dem. People's Rep. of Korea","KRN","PRK",202,"United States of America","USA","USA",25,"0","0","-","0","0","0"
1,"QOvT0n",1,2710,2012,103,"Dem. People's Rep. of Korea","KRN","PRK",202,"United States of America","USA","USA",23,5,"0","-","0","0","0"
1,"QOvT0n",1,2711,2013,103,"Dem. People's Rep. of Korea","KRN","PRK",202,"United States of America","USA","USA",23,"0","0","-","0","0","0"
1,"QOvT0n",1,2712,2014,103,"Dem. People's Rep. of Korea","KRN","PRK",202,"United States of America","USA","USA",22,11,"0","-","0","0","0"
1,"QOvT0n",1,2713,2015,103,"Dem. People's Rep. of Korea","KRN","PRK",202,"United States of America","USA","USA",19,7,"0","-","0","0","0"
1,"QOvT0n",1,2714,2016,103,"Dem. People's Rep. of Korea","KRN","PRK",202,"United States of America","USA","USA",13,13,"0","-","0","0","0"
1,"QOvT0n",1,2715,2017,103,"Dem. People's Rep. of Korea","KRN","PRK",202,"United States of America","USA","USA",12,25,"0","-","0","0","0"
1,"QOvT0n",1,2716,2018,103,"Dem. People's Rep. of Korea","KRN","PRK",202,"United States of America","USA","USA",8,35,"0","-","0","0","0"
1,"QOvT0n",1,2717,2019,103,"Dem. People's Rep. of Korea","KRN","PRK",202,"United States of America","USA","USA",6,26,"0","-","0","0","0"
1,"QOvT0n",1,2718,2020,103,"Dem. People's Rep. of Korea","KRN","PRK",202,"United States of America","USA","USA",6,26,"0","-","0","0","0"
1,"QOvT0n",1,2719,2021,103,"Dem. People's Rep. of Korea","KRN","PRK",202,"United States of America","USA","USA",6,36,"0","-","0","0","0"
1,"QOvT0n",1,2720,2022,103,"Dem. People's Rep. of Korea","KRN","PRK",202,"United States of America","USA","USA",7,63,"0","-","0","0","0"
1,"QOvT0n",1,2721,2023,103,"Dem. People's Rep. of Korea","KRN","PRK",202,"United States of America","USA","USA",7,47,"0","-","0","0","0"
1,"QOvT0n",1,2722,2024,103,"Dem. People's Rep. of Korea","KRN","PRK",202,"United States of America","USA","USA",7,45,"0","-","0","0","0"
1,"QOvT0n",1,2723,2025,103,"Dem. People's Rep. of Korea","KRN","PRK",202,"United States of America","USA","USA",7,45,"0","-","0","0","0"
1,"QOvT0n",1,2724,1992,104,"Kuwait","KUW","KWT",202,"United States of America","USA","USA",20,"0","0","-","0","0","0"
1,"QOvT0n",1,2725,1993,104,"Kuwait","KUW","KWT",202,"United States of America","USA","USA",20,"0","0","-","0","0","0"
1,"QOvT0n",1,2726,1994,104,"Kuwait","KUW","KWT",202,"United States of America","USA","USA",20,"0","0","-","0","0","0"
1,"QOvT0n",1,2727,1995,104,"Kuwait","KUW","KWT",202,"United States of America","USA","USA",69,"0","0","-","0","0","0"
1,"QOvT0n",1,2728,1996,104,"Kuwait","KUW","KWT",202,"United States of America","USA","USA",103,"0","0","-","0","0","0"
1,"QOvT0n",1,2729,1997,104,"Kuwait","KUW","KWT",202,"United States of America","USA","USA",90,"0","0","-","0","0","0"
1,"QOvT0n",1,2730,1998,104,"Kuwait","KUW","KWT",202,"United States of America","USA","USA",107,"0","0","-","0","0","0"
1,"QOvT0n",1,2731,1999,104,"Kuwait","KUW","KWT",202,"United States of America","USA","USA",120,"0","0","-","0","0","0"
1,"QOvT0n",1,2732,2000,104,"Kuwait","KUW","KWT",202,"United States of America","USA","USA",88,34,"0","-","0","0","0"
1,"QOvT0n",1,2733,2001,104,"Kuwait","KUW","KWT",202,"United States of America","USA","USA",66,67,"0","-","0","0","0"
1,"QOvT0n",1,2734,2002,104,"Kuwait","KUW","KWT",202,"United States of America","USA","USA",74,73,"0","-","0","0","0"
1,"QOvT0n",1,2735,2003,104,"Kuwait","KUW","KWT",202,"United States of America","USA","USA",55,66,"0","-","0","0","0"
1,"QOvT0n",1,2736,2004,104,"Kuwait","KUW","KWT",202,"United States of America","USA","USA",67,44,"0","-","0","0","0"
1,"QOvT0n",1,2737,2005,104,"Kuwait","KUW","KWT",202,"United States of America","USA","USA",67,34,"0","-","0","0","0"
1,"QOvT0n",1,2738,2006,104,"Kuwait","KUW","KWT",202,"United States of America","USA","USA",119,28,"0","-","0","0","0"
1,"QOvT0n",1,2739,2007,104,"Kuwait","KUW","KWT",202,"United States of America","USA","USA",89,14,"0","-","0","0","0"
1,"QOvT0n",1,2740,2008,104,"Kuwait","KUW","KWT",202,"United States of America","USA","USA",71,12,"0","-","0","0","0"
1,"QOvT0n",1,2741,2009,104,"Kuwait","KUW","KWT",202,"United States of America","USA","USA",69,5,"0","-","0","0","0"
1,"QOvT0n",1,2742,2010,104,"Kuwait","KUW","KWT",202,"United States of America","USA","USA",71,"0","0","-","0","0","0"
1,"QOvT0n",1,2743,2011,104,"Kuwait","KUW","KWT",202,"United States of America","USA","USA",72,5,"0","-","0","0","0"
1,"QOvT0n",1,2744,2012,104,"Kuwait","KUW","KWT",202,"United States of America","USA","USA",74,6,"0","-","0","0","0"
1,"QOvT0n",1,2745,2013,104,"Kuwait","KUW","KWT",202,"United States of America","USA","USA",102,31,"0","-","0","0","0"
1,"QOvT0n",1,2746,2014,104,"Kuwait","KUW","KWT",202,"United States of America","USA","USA",105,74,"0","-","0","0","0"
1,"QOvT0n",1,2747,2015,104,"Kuwait","KUW","KWT",202,"United States of America","USA","USA",107,104,"0","-","0","0","0"
1,"QOvT0n",1,2748,2016,104,"Kuwait","KUW","KWT",202,"United States of America","USA","USA",112,153,"0","-","0","0","0"
1,"QOvT0n",1,2749,2017,104,"Kuwait","KUW","KWT",202,"United States of America","USA","USA",130,185,"0","-","0","0","0"
1,"QOvT0n",1,2750,2018,104,"Kuwait","KUW","KWT",202,"United States of America","USA","USA",148,195,"0","-","0","0","0"
1,"QOvT0n",1,2751,2019,104,"Kuwait","KUW","KWT",202,"United States of America","USA","USA",147,198,"0","-","0","0","0"
1,"QOvT0n",1,2752,2020,104,"Kuwait","KUW","KWT",202,"United States of America","USA","USA",144,198,"0","-","0","0","0"
1,"QOvT0n",1,2753,2021,104,"Kuwait","KUW","KWT",202,"United States of America","USA","USA",136,304,"0","-","0","0","0"
1,"QOvT0n",1,2754,2022,104,"Kuwait","KUW","KWT",202,"United States of America","USA","USA",152,870,"0","-","0","0","0"
1,"QOvT0n",1,2755,2023,104,"Kuwait","KUW","KWT",202,"United States of America","USA","USA",148,294,"0","-","0","0","0"
1,"QOvT0n",1,2756,2024,104,"Kuwait","KUW","KWT",202,"United States of America","USA","USA",141,300,"0","-","0","0","0"
1,"QOvT0n",1,2757,2025,104,"Kuwait","KUW","KWT",202,"United States of America","USA","USA",141,300,"0","-","0","0","0"
1,"QOvT0n",1,2758,1988,105,"Lao People's Dem. Rep.","LAO","LAO",202,"United States of America","USA","USA",55713,"0","0","-","0","0","0"
1,"QOvT0n",1,2759,1989,105,"Lao People's Dem. Rep.","LAO","LAO",202,"United States of America","USA","USA",60853,"0","0","-","0","0","0"
1,"QOvT0n",1,2760,1990,105,"Lao People's Dem. Rep.","LAO","LAO",202,"United States of America","USA","USA",64245,"0","0","-","0","0","0"
1,"QOvT0n",1,2761,1991,105,"Lao People's Dem. Rep.","LAO","LAO",202,"United States of America","USA","USA",60660,"0","0","-","0","0","0"
1,"QOvT0n",1,2762,1992,105,"Lao People's Dem. Rep.","LAO","LAO",202,"United States of America","USA","USA",52465,"0","0","-","0","0","0"
1,"QOvT0n",1,2763,1993,105,"Lao People's Dem. Rep.","LAO","LAO",202,"United States of America","USA","USA",44951,"0","0","-","0","0","0"
1,"QOvT0n",1,2764,1994,105,"Lao People's Dem. Rep.","LAO","LAO",202,"United States of America","USA","USA",38869,"0","0","-","0","0","0"
1,"QOvT0n",1,2765,1995,105,"Lao People's Dem. Rep.","LAO","LAO",202,"United States of America","USA","USA",33786,"0","0","-","0","0","0"
1,"QOvT0n",1,2766,1996,105,"Lao People's Dem. Rep.","LAO","LAO",202,"United States of America","USA","USA",26746,"0","0","-","0","0","0"
1,"QOvT0n",1,2767,1997,105,"Lao People's Dem. Rep.","LAO","LAO",202,"United States of America","USA","USA",20356,"0","0","-","0","0","0"
1,"QOvT0n",1,2768,1998,105,"Lao People's Dem. Rep.","LAO","LAO",202,"United States of America","USA","USA",13354,"0","0","-","0","0","0"
1,"QOvT0n",1,2769,1999,105,"Lao People's Dem. Rep.","LAO","LAO",202,"United States of America","USA","USA",7041,"0","0","-","0","0","0"
1,"QOvT0n",1,2770,2000,105,"Lao People's Dem. Rep.","LAO","LAO",202,"United States of America","USA","USA",3387,194,"0","-","0","0","0"
1,"QOvT0n",1,2771,2001,105,"Lao People's Dem. Rep.","LAO","LAO",202,"United States of America","USA","USA",1188,942,"0","-","0","0","0"
1,"QOvT0n",1,2772,2002,105,"Lao People's Dem. Rep.","LAO","LAO",202,"United States of America","USA","USA",247,886,"0","-","0","0","0"
1,"QOvT0n",1,2773,2003,105,"Lao People's Dem. Rep.","LAO","LAO",202,"United States of America","USA","USA",229,436,"0","-","0","0","0"
1,"QOvT0n",1,2774,2004,105,"Lao People's Dem. Rep.","LAO","LAO",202,"United States of America","USA","USA",6214,308,"0","-","0","0","0"
1,"QOvT0n",1,2775,2005,105,"Lao People's Dem. Rep.","LAO","LAO",202,"United States of America","USA","USA",14713,244,"0","-","0","0","0"
1,"QOvT0n",1,2776,2006,105,"Lao People's Dem. Rep.","LAO","LAO",202,"United States of America","USA","USA",16684,165,"0","-","0","0","0"
1,"QOvT0n",1,2777,2007,105,"Lao People's Dem. Rep.","LAO","LAO",202,"United States of America","USA","USA",294,79,"0","-","0","0","0"
1,"QOvT0n",1,2778,2008,105,"Lao People's Dem. Rep.","LAO","LAO",202,"United States of America","USA","USA",268,79,"0","-","0","0","0"
1,"QOvT0n",1,2779,2009,105,"Lao People's Dem. Rep.","LAO","LAO",202,"United States of America","USA","USA",267,76,"0","-","0","0","0"
1,"QOvT0n",1,2780,2010,105,"Lao People's Dem. Rep.","LAO","LAO",202,"United States of America","USA","USA",284,5,"0","-","0","0","0"
1,"QOvT0n",1,2781,2011,105,"Lao People's Dem. Rep.","LAO","LAO",202,"United States of America","USA","USA",268,5,"0","-","0","0","0"
1,"QOvT0n",1,2782,2012,105,"Lao People's Dem. Rep.","LAO","LAO",202,"United States of America","USA","USA",252,5,"0","-","0","0","0"
1,"QOvT0n",1,2783,2013,105,"Lao People's Dem. Rep.","LAO","LAO",202,"United States of America","USA","USA",225,35,"0","-","0","0","0"
1,"QOvT0n",1,2784,2014,105,"Lao People's Dem. Rep.","LAO","LAO",202,"United States of America","USA","USA",199,95,"0","-","0","0","0"
1,"QOvT0n",1,2785,2015,105,"Lao People's Dem. Rep.","LAO","LAO",202,"United States of America","USA","USA",173,133,"0","-","0","0","0"
1,"QOvT0n",1,2786,2016,105,"Lao People's Dem. Rep.","LAO","LAO",202,"United States of America","USA","USA",151,139,"0","-","0","0","0"
1,"QOvT0n",1,2787,2017,105,"Lao People's Dem. Rep.","LAO","LAO",202,"United States of America","USA","USA",108,174,"0","-","0","0","0"
1,"QOvT0n",1,2788,2018,105,"Lao People's Dem. Rep.","LAO","LAO",202,"United States of America","USA","USA",97,162,"0","-","0","0","0"
1,"QOvT0n",1,2789,2019,105,"Lao People's Dem. Rep.","LAO","LAO",202,"United States of America","USA","USA",79,156,"0","-","0","0","0"
1,"QOvT0n",1,2790,2020,105,"Lao People's Dem. Rep.","LAO","LAO",202,"United States of America","USA","USA",65,170,"0","-","0","0","0"
1,"QOvT0n",1,2791,2021,105,"Lao People's Dem. Rep.","LAO","LAO",202,"United States of America","USA","USA",61,186,"0","-","0","0","0"
1,"QOvT0n",1,2792,2022,105,"Lao People's Dem. Rep.","LAO","LAO",202,"United States of America","USA","USA",58,188,"0","-","0","0","0"
1,"QOvT0n",1,2793,2023,105,"Lao People's Dem. Rep.","LAO","LAO",202,"United States of America","USA","USA",53,284,"0","-","0","0","0"
1,"QOvT0n",1,2794,2024,105,"Lao People's Dem. Rep.","LAO","LAO",202,"United States of America","USA","USA",55,364,"0","-","0","0","0"
1,"QOvT0n",1,2795,2025,105,"Lao People's Dem. Rep.","LAO","LAO",202,"United States of America","USA","USA",55,364,"0","-","0","0","0"
1,"QOvT0n",1,2796,1988,106,"Liberia","LBR","LBR",202,"United States of America","USA","USA",18,"0","0","-","0","0","0"
1,"QOvT0n",1,2797,1989,106,"Liberia","LBR","LBR",202,"United States of America","USA","USA",38,"0","0","-","0","0","0"
1,"QOvT0n",1,2798,1990,106,"Liberia","LBR","LBR",202,"United States of America","USA","USA",48,"0","0","-","0","0","0"
1,"QOvT0n",1,2799,1991,106,"Liberia","LBR","LBR",202,"United States of America","USA","USA",96,"0","0","-","0","0","0"
1,"QOvT0n",1,2800,1992,106,"Liberia","LBR","LBR",202,"United States of America","USA","USA",935,"0","0","-","0","0","0"
1,"QOvT0n",1,2801,1993,106,"Liberia","LBR","LBR",202,"United States of America","USA","USA",2138,"0","0","-","0","0","0"
1,"QOvT0n",1,2802,1994,106,"Liberia","LBR","LBR",202,"United States of America","USA","USA",3033,"0","0","-","0","0","0"
1,"QOvT0n",1,2803,1995,106,"Liberia","LBR","LBR",202,"United States of America","USA","USA",3768,"0","0","-","0","0","0"
1,"QOvT0n",1,2804,1996,106,"Liberia","LBR","LBR",202,"United States of America","USA","USA",4609,"0","0","-","0","0","0"
1,"QOvT0n",1,2805,1997,106,"Liberia","LBR","LBR",202,"United States of America","USA","USA",4717,"0","0","-","0","0","0"
1,"QOvT0n",1,2806,1998,106,"Liberia","LBR","LBR",202,"United States of America","USA","USA",5627,"0","0","-","0","0","0"
1,"QOvT0n",1,2807,1999,106,"Liberia","LBR","LBR",202,"United States of America","USA","USA",8004,"0","0","-","0","0","0"
1,"QOvT0n",1,2808,2000,106,"Liberia","LBR","LBR",202,"United States of America","USA","USA",10822,1351,"0","-","0","0","0"
1,"QOvT0n",1,2809,2001,106,"Liberia","LBR","LBR",202,"United States of America","USA","USA",14430,1544,"0","-","0","0","0"
1,"QOvT0n",1,2810,2002,106,"Liberia","LBR","LBR",202,"United States of America","USA","USA",14868,1475,"0","-","0","0","0"
1,"QOvT0n",1,2811,2003,106,"Liberia","LBR","LBR",202,"United States of America","USA","USA",15484,1258,"0","-","0","0","0"
1,"QOvT0n",1,2812,2004,106,"Liberia","LBR","LBR",202,"United States of America","USA","USA",19554,832,"0","-","0","0","0"
1,"QOvT0n",1,2813,2005,106,"Liberia","LBR","LBR",202,"United States of America","USA","USA",21466,654,"0","-","0","0","0"
1,"QOvT0n",1,2814,2006,106,"Liberia","LBR","LBR",202,"United States of America","USA","USA",33992,524,"0","-","0","0","0"
1,"QOvT0n",1,2815,2007,106,"Liberia","LBR","LBR",202,"United States of America","USA","USA",6055,321,"0","-","0","0","0"
1,"QOvT0n",1,2816,2008,106,"Liberia","LBR","LBR",202,"United States of America","USA","USA",5474,304,"0","-","0","0","0"
1,"QOvT0n",1,2817,2009,106,"Liberia","LBR","LBR",202,"United States of America","USA","USA",4733,258,"0","-","0","0","0"
1,"QOvT0n",1,2818,2010,106,"Liberia","LBR","LBR",202,"United States of America","USA","USA",3905,25,"0","-","0","0","0"
1,"QOvT0n",1,2819,2011,106,"Liberia","LBR","LBR",202,"United States of America","USA","USA",2964,32,"0","-","0","0","0"
1,"QOvT0n",1,2820,2012,106,"Liberia","LBR","LBR",202,"United States of America","USA","USA",2149,43,"0","-","0","0","0"
1,"QOvT0n",1,2821,2013,106,"Liberia","LBR","LBR",202,"United States of America","USA","USA",1685,195,"0","-","0","0","0"
1,"QOvT0n",1,2822,2014,106,"Liberia","LBR","LBR",202,"United States of America","USA","USA",1357,421,"0","-","0","0","0"
1,"QOvT0n",1,2823,2015,106,"Liberia","LBR","LBR",202,"United States of America","USA","USA",1266,478,"0","-","0","0","0"
1,"QOvT0n",1,2824,2016,106,"Liberia","LBR","LBR",202,"United States of America","USA","USA",1176,685,"0","-","0","0","0"
1,"QOvT0n",1,2825,2017,106,"Liberia","LBR","LBR",202,"United States of America","USA","USA",1179,956,"0","-","0","0","0"
1,"QOvT0n",1,2826,2018,106,"Liberia","LBR","LBR",202,"United States of America","USA","USA",1252,985,"0","-","0","0","0"
1,"QOvT0n",1,2827,2019,106,"Liberia","LBR","LBR",202,"United States of America","USA","USA",1276,1040,"0","-","0","0","0"
1,"QOvT0n",1,2828,2020,106,"Liberia","LBR","LBR",202,"United States of America","USA","USA",1239,1154,"0","-","0","0","0"
1,"QOvT0n",1,2829,2021,106,"Liberia","LBR","LBR",202,"United States of America","USA","USA",1208,1207,"0","-","0","0","0"
1,"QOvT0n",1,2830,2022,106,"Liberia","LBR","LBR",202,"United States of America","USA","USA",1187,1088,"0","-","0","0","0"
1,"QOvT0n",1,2831,2023,106,"Liberia","LBR","LBR",202,"United States of America","USA","USA",1129,1105,"0","-","0","0","0"
1,"QOvT0n",1,2832,2024,106,"Liberia","LBR","LBR",202,"United States of America","USA","USA",1090,1409,"0","-","0","0","0"
1,"QOvT0n",1,2833,2025,106,"Liberia","LBR","LBR",202,"United States of America","USA","USA",1090,1409,"0","-","0","0","0"
1,"QOvT0n",1,2834,1988,107,"Libya","LBY","LBY",202,"United States of America","USA","USA",356,"0","0","-","0","0","0"
1,"QOvT0n",1,2835,1989,107,"Libya","LBY","LBY",202,"United States of America","USA","USA",379,"0","0","-","0","0","0"
1,"QOvT0n",1,2836,1990,107,"Libya","LBY","LBY",202,"United States of America","USA","USA",315,"0","0","-","0","0","0"
1,"QOvT0n",1,2837,1991,107,"Libya","LBY","LBY",202,"United States of America","USA","USA",610,"0","0","-","0","0","0"
1,"QOvT0n",1,2838,1992,107,"Libya","LBY","LBY",202,"United States of America","USA","USA",494,"0","0","-","0","0","0"
1,"QOvT0n",1,2839,1993,107,"Libya","LBY","LBY",202,"United States of America","USA","USA",415,"0","0","-","0","0","0"
1,"QOvT0n",1,2840,1994,107,"Libya","LBY","LBY",202,"United States of America","USA","USA",378,"0","0","-","0","0","0"
1,"QOvT0n",1,2841,1995,107,"Libya","LBY","LBY",202,"United States of America","USA","USA",374,"0","0","-","0","0","0"
1,"QOvT0n",1,2842,1996,107,"Libya","LBY","LBY",202,"United States of America","USA","USA",31,"0","0","-","0","0","0"
1,"QOvT0n",1,2843,1997,107,"Libya","LBY","LBY",202,"United States of America","USA","USA",39,"0","0","-","0","0","0"
1,"QOvT0n",1,2844,1998,107,"Libya","LBY","LBY",202,"United States of America","USA","USA",52,"0","0","-","0","0","0"
1,"QOvT0n",1,2845,1999,107,"Libya","LBY","LBY",202,"United States of America","USA","USA",56,"0","0","-","0","0","0"
1,"QOvT0n",1,2846,2000,107,"Libya","LBY","LBY",202,"United States of America","USA","USA",46,5,"0","-","0","0","0"
1,"QOvT0n",1,2847,2001,107,"Libya","LBY","LBY",202,"United States of America","USA","USA",55,18,"0","-","0","0","0"
1,"QOvT0n",1,2848,2002,107,"Libya","LBY","LBY",202,"United States of America","USA","USA",52,17,"0","-","0","0","0"
1,"QOvT0n",1,2849,2003,107,"Libya","LBY","LBY",202,"United States of America","USA","USA",33,15,"0","-","0","0","0"
1,"QOvT0n",1,2850,2004,107,"Libya","LBY","LBY",202,"United States of America","USA","USA",29,17,"0","-","0","0","0"
1,"QOvT0n",1,2851,2005,107,"Libya","LBY","LBY",202,"United States of America","USA","USA",27,27,"0","-","0","0","0"
1,"QOvT0n",1,2852,2006,107,"Libya","LBY","LBY",202,"United States of America","USA","USA",68,20,"0","-","0","0","0"
1,"QOvT0n",1,2853,2007,107,"Libya","LBY","LBY",202,"United States of America","USA","USA",63,5,"0","-","0","0","0"
1,"QOvT0n",1,2854,2008,107,"Libya","LBY","LBY",202,"United States of America","USA","USA",49,"0","0","-","0","0","0"
1,"QOvT0n",1,2855,2009,107,"Libya","LBY","LBY",202,"United States of America","USA","USA",49,"0","0","-","0","0","0"
1,"QOvT0n",1,2856,2010,107,"Libya","LBY","LBY",202,"United States of America","USA","USA",50,"0","0","-","0","0","0"
1,"QOvT0n",1,2857,2011,107,"Libya","LBY","LBY",202,"United States of America","USA","USA",115,37,"0","-","0","0","0"
1,"QOvT0n",1,2858,2012,107,"Libya","LBY","LBY",202,"United States of America","USA","USA",137,37,"0","-","0","0","0"
1,"QOvT0n",1,2859,2013,107,"Libya","LBY","LBY",202,"United States of America","USA","USA",159,81,"0","-","0","0","0"
1,"QOvT0n",1,2860,2014,107,"Libya","LBY","LBY",202,"United States of America","USA","USA",182,250,"0","-","0","0","0"
1,"QOvT0n",1,2861,2015,107,"Libya","LBY","LBY",202,"United States of America","USA","USA",212,494,"0","-","0","0","0"
1,"QOvT0n",1,2862,2016,107,"Libya","LBY","LBY",202,"United States of America","USA","USA",236,827,"0","-","0","0","0"
1,"QOvT0n",1,2863,2017,107,"Libya","LBY","LBY",202,"United States of America","USA","USA",280,1041,"0","-","0","0","0"
1,"QOvT0n",1,2864,2018,107,"Libya","LBY","LBY",202,"United States of America","USA","USA",361,1034,"0","-","0","0","0"
1,"QOvT0n",1,2865,2019,107,"Libya","LBY","LBY",202,"United States of America","USA","USA",395,1027,"0","-","0","0","0"
1,"QOvT0n",1,2866,2020,107,"Libya","LBY","LBY",202,"United States of America","USA","USA",416,1028,"0","-","0","0","0"
1,"QOvT0n",1,2867,2021,107,"Libya","LBY","LBY",202,"United States of America","USA","USA",385,1892,"0","-","0","0","0"
1,"QOvT0n",1,2868,2022,107,"Libya","LBY","LBY",202,"United States of America","USA","USA",438,1914,"0","-","0","0","0"
1,"QOvT0n",1,2869,2023,107,"Libya","LBY","LBY",202,"United States of America","USA","USA",469,1889,"0","-","0","0","0"
1,"QOvT0n",1,2870,2024,107,"Libya","LBY","LBY",202,"United States of America","USA","USA",467,1937,"0","-","0","0","0"
1,"QOvT0n",1,2871,2025,107,"Libya","LBY","LBY",202,"United States of America","USA","USA",467,1937,"0","-","0","0","0"
1,"QOvT0n",1,2872,1999,108,"Saint Lucia","LCA","LCA",202,"United States of America","USA","USA",5,"0","0","-","0","0","0"
1,"QOvT0n",1,2873,2000,108,"Saint Lucia","LCA","LCA",202,"United States of America","USA","USA",5,7,"0","-","0","0","0"
1,"QOvT0n",1,2874,2002,108,"Saint Lucia","LCA","LCA",202,"United States of America","USA","USA",5,5,"0","-","0","0","0"
1,"QOvT0n",1,2875,2003,108,"Saint Lucia","LCA","LCA",202,"United States of America","USA","USA",5,"0","0","-","0","0","0"
1,"QOvT0n",1,2876,2004,108,"Saint Lucia","LCA","LCA",202,"United States of America","USA","USA","0",5,"0","-","0","0","0"
1,"QOvT0n",1,2877,2005,108,"Saint Lucia","LCA","LCA",202,"United States of America","USA","USA","0",5,"0","-","0","0","0"
1,"QOvT0n",1,2878,2006,108,"Saint Lucia","LCA","LCA",202,"United States of America","USA","USA",5,5,"0","-","0","0","0"
1,"QOvT0n",1,2879,2007,108,"Saint Lucia","LCA","LCA",202,"United States of America","USA","USA",5,"0","0","-","0","0","0"
1,"QOvT0n",1,2880,2008,108,"Saint Lucia","LCA","LCA",202,"United States of America","USA","USA",5,"0","0","-","0","0","0"
1,"QOvT0n",1,2881,2010,108,"Saint Lucia","LCA","LCA",202,"United States of America","USA","USA",6,"0","0","-","0","0","0"
1,"QOvT0n",1,2882,2011,108,"Saint Lucia","LCA","LCA",202,"United States of America","USA","USA",9,"0","0","-","0","0","0"
1,"QOvT0n",1,2883,2012,108,"Saint Lucia","LCA","LCA",202,"United States of America","USA","USA",11,"0","0","-","0","0","0"
1,"QOvT0n",1,2884,2013,108,"Saint Lucia","LCA","LCA",202,"United States of America","USA","USA",9,5,"0","-","0","0","0"
1,"QOvT0n",1,2885,2014,108,"Saint Lucia","LCA","LCA",202,"United States of America","USA","USA",9,6,"0","-","0","0","0"
1,"QOvT0n",1,2886,2015,108,"Saint Lucia","LCA","LCA",202,"United States of America","USA","USA",9,12,"0","-","0","0","0"
1,"QOvT0n",1,2887,2016,108,"Saint Lucia","LCA","LCA",202,"United States of America","USA","USA",9,12,"0","-","0","0","0"
1,"QOvT0n",1,2888,2017,108,"Saint Lucia","LCA","LCA",202,"United States of America","USA","USA",9,21,"0","-","0","0","0"
1,"QOvT0n",1,2889,2018,108,"Saint Lucia","LCA","LCA",202,"United States of America","USA","USA",9,21,"0","-","0","0","0"
1,"QOvT0n",1,2890,2019,108,"Saint Lucia","LCA","LCA",202,"United States of America","USA","USA",9,21,"0","-","0","0","0"
1,"QOvT0n",1,2891,2020,108,"Saint Lucia","LCA","LCA",202,"United States of America","USA","USA",6,24,"0","-","0","0","0"
1,"QOvT0n",1,2892,2021,108,"Saint Lucia","LCA","LCA",202,"United States of America","USA","USA",5,24,"0","-","0","0","0"
1,"QOvT0n",1,2893,2022,108,"Saint Lucia","LCA","LCA",202,"United States of America","USA","USA",5,18,"0","-","0","0","0"
1,"QOvT0n",1,2894,2023,108,"Saint Lucia","LCA","LCA",202,"United States of America","USA","USA",5,37,"0","-","0","0","0"
1,"QOvT0n",1,2895,2024,108,"Saint Lucia","LCA","LCA",202,"United States of America","USA","USA",5,41,"0","-","0","0","0"
1,"QOvT0n",1,2896,2025,108,"Saint Lucia","LCA","LCA",202,"United States of America","USA","USA",5,41,"0","-","0","0","0"
1,"QOvT0n",1,2897,1988,109,"Lebanon","LEB","LBN",202,"United States of America","USA","USA",171,"0","0","-","0","0","0"
1,"QOvT0n",1,2898,1989,109,"Lebanon","LEB","LBN",202,"United States of America","USA","USA",228,"0","0","-","0","0","0"
1,"QOvT0n",1,2899,1990,109,"Lebanon","LEB","LBN",202,"United States of America","USA","USA",287,"0","0","-","0","0","0"
1,"QOvT0n",1,2900,1991,109,"Lebanon","LEB","LBN",202,"United States of America","USA","USA",350,"0","0","-","0","0","0"
1,"QOvT0n",1,2901,1992,109,"Lebanon","LEB","LBN",202,"United States of America","USA","USA",383,"0","0","-","0","0","0"
1,"QOvT0n",1,2902,1993,109,"Lebanon","LEB","LBN",202,"United States of America","USA","USA",375,"0","0","-","0","0","0"
1,"QOvT0n",1,2903,1994,109,"Lebanon","LEB","LBN",202,"United States of America","USA","USA",390,"0","0","-","0","0","0"
1,"QOvT0n",1,2904,1995,109,"Lebanon","LEB","LBN",202,"United States of America","USA","USA",423,"0","0","-","0","0","0"
1,"QOvT0n",1,2905,1996,109,"Lebanon","LEB","LBN",202,"United States of America","USA","USA",450,"0","0","-","0","0","0"
1,"QOvT0n",1,2906,1997,109,"Lebanon","LEB","LBN",202,"United States of America","USA","USA",438,"0","0","-","0","0","0"
1,"QOvT0n",1,2907,1998,109,"Lebanon","LEB","LBN",202,"United States of America","USA","USA",466,"0","0","-","0","0","0"
1,"QOvT0n",1,2908,1999,109,"Lebanon","LEB","LBN",202,"United States of America","USA","USA",470,"0","0","-","0","0","0"
1,"QOvT0n",1,2909,2000,109,"Lebanon","LEB","LBN",202,"United States of America","USA","USA",447,419,"0","-","0","0","0"
1,"QOvT0n",1,2910,2001,109,"Lebanon","LEB","LBN",202,"United States of America","USA","USA",469,431,"0","-","0","0","0"
1,"QOvT0n",1,2911,2002,109,"Lebanon","LEB","LBN",202,"United States of America","USA","USA",500,454,"0","-","0","0","0"
1,"QOvT0n",1,2912,2003,109,"Lebanon","LEB","LBN",202,"United States of America","USA","USA",349,484,"0","-","0","0","0"
1,"QOvT0n",1,2913,2004,109,"Lebanon","LEB","LBN",202,"United States of America","USA","USA",367,427,"0","-","0","0","0"
1,"QOvT0n",1,2914,2005,109,"Lebanon","LEB","LBN",202,"United States of America","USA","USA",386,375,"0","-","0","0","0"
1,"QOvT0n",1,2915,2006,109,"Lebanon","LEB","LBN",202,"United States of America","USA","USA",674,320,"0","-","0","0","0"
1,"QOvT0n",1,2916,2007,109,"Lebanon","LEB","LBN",202,"United States of America","USA","USA",683,211,"0","-","0","0","0"
1,"QOvT0n",1,2917,2008,109,"Lebanon","LEB","LBN",202,"United States of America","USA","USA",655,171,"0","-","0","0","0"
1,"QOvT0n",1,2918,2009,109,"Lebanon","LEB","LBN",202,"United States of America","USA","USA",662,146,"0","-","0","0","0"
1,"QOvT0n",1,2919,2010,109,"Lebanon","LEB","LBN",202,"United States of America","USA","USA",613,13,"0","-","0","0","0"
1,"QOvT0n",1,2920,2011,109,"Lebanon","LEB","LBN",202,"United States of America","USA","USA",570,23,"0","-","0","0","0"
1,"QOvT0n",1,2921,2012,109,"Lebanon","LEB","LBN",202,"United States of America","USA","USA",515,29,"0","-","0","0","0"
1,"QOvT0n",1,2922,2013,109,"Lebanon","LEB","LBN",202,"United States of America","USA","USA",482,115,"0","-","0","0","0"
1,"QOvT0n",1,2923,2014,109,"Lebanon","LEB","LBN",202,"United States of America","USA","USA",434,272,"0","-","0","0","0"
1,"QOvT0n",1,2924,2015,109,"Lebanon","LEB","LBN",202,"United States of America","USA","USA",413,433,"0","-","0","0","0"
1,"QOvT0n",1,2925,2016,109,"Lebanon","LEB","LBN",202,"United States of America","USA","USA",404,575,"0","-","0","0","0"
1,"QOvT0n",1,2926,2017,109,"Lebanon","LEB","LBN",202,"United States of America","USA","USA",378,699,"0","-","0","0","0"
1,"QOvT0n",1,2927,2018,109,"Lebanon","LEB","LBN",202,"United States of America","USA","USA",396,732,"0","-","0","0","0"
1,"QOvT0n",1,2928,2019,109,"Lebanon","LEB","LBN",202,"United States of America","USA","USA",411,810,"0","-","0","0","0"
1,"QOvT0n",1,2929,2020,109,"Lebanon","LEB","LBN",202,"United States of America","USA","USA",381,1078,"0","-","0","0","0"
1,"QOvT0n",1,2930,2021,109,"Lebanon","LEB","LBN",202,"United States of America","USA","USA",381,1918,"0","-","0","0","0"
1,"QOvT0n",1,2931,2022,109,"Lebanon","LEB","LBN",202,"United States of America","USA","USA",417,2202,"0","-","0","0","0"
1,"QOvT0n",1,2932,2023,109,"Lebanon","LEB","LBN",202,"United States of America","USA","USA",443,2410,"0","-","0","0","0"
1,"QOvT0n",1,2933,2024,109,"Lebanon","LEB","LBN",202,"United States of America","USA","USA",478,2564,"0","-","0","0","0"
1,"QOvT0n",1,2934,2025,109,"Lebanon","LEB","LBN",202,"United States of America","USA","USA",478,2564,"0","-","0","0","0"
1,"QOvT0n",1,2935,2002,110,"Lesotho","LES","LSO",202,"United States of America","USA","USA","0",5,"0","-","0","0","0"
1,"QOvT0n",1,2936,2003,110,"Lesotho","LES","LSO",202,"United States of America","USA","USA","0",5,"0","-","0","0","0"
1,"QOvT0n",1,2937,2004,110,"Lesotho","LES","LSO",202,"United States of America","USA","USA","0",5,"0","-","0","0","0"
1,"QOvT0n",1,2938,2005,110,"Lesotho","LES","LSO",202,"United States of America","USA","USA","0",6,"0","-","0","0","0"
1,"QOvT0n",1,2939,2006,110,"Lesotho","LES","LSO",202,"United States of America","USA","USA","0",5,"0","-","0","0","0"
1,"QOvT0n",1,2940,2013,110,"Lesotho","LES","LSO",202,"United States of America","USA","USA",5,"0","0","-","0","0","0"
1,"QOvT0n",1,2941,2014,110,"Lesotho","LES","LSO",202,"United States of America","USA","USA",5,"0","0","-","0","0","0"
1,"QOvT0n",1,2942,2015,110,"Lesotho","LES","LSO",202,"United States of America","USA","USA",5,"0","0","-","0","0","0"
1,"QOvT0n",1,2943,2016,110,"Lesotho","LES","LSO",202,"United States of America","USA","USA",5,"0","0","-","0","0","0"
1,"QOvT0n",1,2944,2017,110,"Lesotho","LES","LSO",202,"United States of America","USA","USA",6,"0","0","-","0","0","0"
1,"QOvT0n",1,2945,2018,110,"Lesotho","LES","LSO",202,"United States of America","USA","USA",6,"0","0","-","0","0","0"
1,"QOvT0n",1,2946,2019,110,"Lesotho","LES","LSO",202,"United States of America","USA","USA",6,"0","0","-","0","0","0"
1,"QOvT0n",1,2947,2020,110,"Lesotho","LES","LSO",202,"United States of America","USA","USA",6,"0","0","-","0","0","0"
1,"QOvT0n",1,2948,2021,110,"Lesotho","LES","LSO",202,"United States of America","USA","USA",6,"0","0","-","0","0","0"
1,"QOvT0n",1,2949,2022,110,"Lesotho","LES","LSO",202,"United States of America","USA","USA",7,"0","0","-","0","0","0"
1,"QOvT0n",1,2950,2023,110,"Lesotho","LES","LSO",202,"United States of America","USA","USA",7,10,"0","-","0","0","0"
1,"QOvT0n",1,2951,2024,110,"Lesotho","LES","LSO",202,"United States of America","USA","USA",7,11,"0","-","0","0","0"
1,"QOvT0n",1,2952,2025,110,"Lesotho","LES","LSO",202,"United States of America","USA","USA",7,11,"0","-","0","0","0"
1,"QOvT0n",1,2953,1989,112,"Sri Lanka","LKA","LKA",202,"United States of America","USA","USA",6,"0","0","-","0","0","0"
1,"QOvT0n",1,2954,1990,112,"Sri Lanka","LKA","LKA",202,"United States of America","USA","USA",16,"0","0","-","0","0","0"
1,"QOvT0n",1,2955,1991,112,"Sri Lanka","LKA","LKA",202,"United States of America","USA","USA",19,"0","0","-","0","0","0"
1,"QOvT0n",1,2956,1992,112,"Sri Lanka","LKA","LKA",202,"United States of America","USA","USA",63,"0","0","-","0","0","0"
1,"QOvT0n",1,2957,1993,112,"Sri Lanka","LKA","LKA",202,"United States of America","USA","USA",78,"0","0","-","0","0","0"
1,"QOvT0n",1,2958,1994,112,"Sri Lanka","LKA","LKA",202,"United States of America","USA","USA",136,"0","0","-","0","0","0"
1,"QOvT0n",1,2959,1995,112,"Sri Lanka","LKA","LKA",202,"United States of America","USA","USA",229,"0","0","-","0","0","0"
1,"QOvT0n",1,2960,1996,112,"Sri Lanka","LKA","LKA",202,"United States of America","USA","USA",301,"0","0","-","0","0","0"
1,"QOvT0n",1,2961,1997,112,"Sri Lanka","LKA","LKA",202,"United States of America","USA","USA",418,"0","0","-","0","0","0"
1,"QOvT0n",1,2962,1998,112,"Sri Lanka","LKA","LKA",202,"United States of America","USA","USA",681,"0","0","-","0","0","0"
1,"QOvT0n",1,2963,1999,112,"Sri Lanka","LKA","LKA",202,"United States of America","USA","USA",894,"0","0","-","0","0","0"
1,"QOvT0n",1,2964,2000,112,"Sri Lanka","LKA","LKA",202,"United States of America","USA","USA",1084,300,"0","-","0","0","0"
1,"QOvT0n",1,2965,2001,112,"Sri Lanka","LKA","LKA",202,"United States of America","USA","USA",1401,375,"0","-","0","0","0"
1,"QOvT0n",1,2966,2002,112,"Sri Lanka","LKA","LKA",202,"United States of America","USA","USA",1452,334,"0","-","0","0","0"
1,"QOvT0n",1,2967,2003,112,"Sri Lanka","LKA","LKA",202,"United States of America","USA","USA",1036,254,"0","-","0","0","0"
1,"QOvT0n",1,2968,2004,112,"Sri Lanka","LKA","LKA",202,"United States of America","USA","USA",834,255,"0","-","0","0","0"
1,"QOvT0n",1,2969,2005,112,"Sri Lanka","LKA","LKA",202,"United States of America","USA","USA",770,289,"0","-","0","0","0"
1,"QOvT0n",1,2970,2006,112,"Sri Lanka","LKA","LKA",202,"United States of America","USA","USA",1827,281,"0","-","0","0","0"
1,"QOvT0n",1,2971,2007,112,"Sri Lanka","LKA","LKA",202,"United States of America","USA","USA",1862,224,"0","-","0","0","0"
1,"QOvT0n",1,2972,2008,112,"Sri Lanka","LKA","LKA",202,"United States of America","USA","USA",1615,379,"0","-","0","0","0"
1,"QOvT0n",1,2973,2009,112,"Sri Lanka","LKA","LKA",202,"United States of America","USA","USA",1560,347,"0","-","0","0","0"
1,"QOvT0n",1,2974,2010,112,"Sri Lanka","LKA","LKA",202,"United States of America","USA","USA",1482,47,"0","-","0","0","0"
1,"QOvT0n",1,2975,2011,112,"Sri Lanka","LKA","LKA",202,"United States of America","USA","USA",1310,59,"0","-","0","0","0"
1,"QOvT0n",1,2976,2012,112,"Sri Lanka","LKA","LKA",202,"United States of America","USA","USA",1252,94,"0","-","0","0","0"
1,"QOvT0n",1,2977,2013,112,"Sri Lanka","LKA","LKA",202,"United States of America","USA","USA",1318,275,"0","-","0","0","0"
1,"QOvT0n",1,2978,2014,112,"Sri Lanka","LKA","LKA",202,"United States of America","USA","USA",1322,746,"0","-","0","0","0"
1,"QOvT0n",1,2979,2015,112,"Sri Lanka","LKA","LKA",202,"United States of America","USA","USA",1313,995,"0","-","0","0","0"
1,"QOvT0n",1,2980,2016,112,"Sri Lanka","LKA","LKA",202,"United States of America","USA","USA",1271,1219,"0","-","0","0","0"
1,"QOvT0n",1,2981,2017,112,"Sri Lanka","LKA","LKA",202,"United States of America","USA","USA",1270,1545,"0","-","0","0","0"
1,"QOvT0n",1,2982,2018,112,"Sri Lanka","LKA","LKA",202,"United States of America","USA","USA",1281,1624,"0","-","0","0","0"
1,"QOvT0n",1,2983,2019,112,"Sri Lanka","LKA","LKA",202,"United States of America","USA","USA",1232,1746,"0","-","0","0","0"
1,"QOvT0n",1,2984,2020,112,"Sri Lanka","LKA","LKA",202,"United States of America","USA","USA",1096,1890,"0","-","0","0","0"
1,"QOvT0n",1,2985,2021,112,"Sri Lanka","LKA","LKA",202,"United States of America","USA","USA",1007,2252,"0","-","0","0","0"
1,"QOvT0n",1,2986,2022,112,"Sri Lanka","LKA","LKA",202,"United States of America","USA","USA",939,2388,"0","-","0","0","0"
1,"QOvT0n",1,2987,2023,112,"Sri Lanka","LKA","LKA",202,"United States of America","USA","USA",901,2704,"0","-","0","0","0"
1,"QOvT0n",1,2988,2024,112,"Sri Lanka","LKA","LKA",202,"United States of America","USA","USA",886,2948,"0","-","0","0","0"
1,"QOvT0n",1,2989,2025,112,"Sri Lanka","LKA","LKA",202,"United States of America","USA","USA",886,2948,"0","-","0","0","0"
1,"QOvT0n",1,2990,1990,113,"Lithuania","LTU","LTU",202,"United States of America","USA","USA",5,"0","0","-","0","0","0"
1,"QOvT0n",1,2991,1991,113,"Lithuania","LTU","LTU",202,"United States of America","USA","USA",5,"0","0","-","0","0","0"
1,"QOvT0n",1,2992,1992,113,"Lithuania","LTU","LTU",202,"United States of America","USA","USA",5,"0","0","-","0","0","0"
1,"QOvT0n",1,2993,1993,113,"Lithuania","LTU","LTU",202,"United States of America","USA","USA",5,"0","0","-","0","0","0"
1,"QOvT0n",1,2994,1994,113,"Lithuania","LTU","LTU",202,"United States of America","USA","USA",5,"0","0","-","0","0","0"
1,"QOvT0n",1,2995,1995,113,"Lithuania","LTU","LTU",202,"United States of America","USA","USA",13,"0","0","-","0","0","0"
1,"QOvT0n",1,2996,1996,113,"Lithuania","LTU","LTU",202,"United States of America","USA","USA",14,"0","0","-","0","0","0"
1,"QOvT0n",1,2997,1997,113,"Lithuania","LTU","LTU",202,"United States of America","USA","USA",28,"0","0","-","0","0","0"
1,"QOvT0n",1,2998,1998,113,"Lithuania","LTU","LTU",202,"United States of America","USA","USA",31,"0","0","-","0","0","0"
1,"QOvT0n",1,2999,1999,113,"Lithuania","LTU","LTU",202,"United States of America","USA","USA",49,"0","0","-","0","0","0"
1,"QOvT0n",1,3000,2000,113,"Lithuania","LTU","LTU",202,"United States of America","USA","USA",53,30,"0","-","0","0","0"
1,"QOvT0n",1,3001,2001,113,"Lithuania","LTU","LTU",202,"United States of America","USA","USA",96,67,"0","-","0","0","0"
1,"QOvT0n",1,3002,2002,113,"Lithuania","LTU","LTU",202,"United States of America","USA","USA",97,138,"0","-","0","0","0"
1,"QOvT0n",1,3003,2003,113,"Lithuania","LTU","LTU",202,"United States of America","USA","USA",121,140,"0","-","0","0","0"
1,"QOvT0n",1,3004,2004,113,"Lithuania","LTU","LTU",202,"United States of America","USA","USA",132,164,"0","-","0","0","0"
1,"QOvT0n",1,3005,2005,113,"Lithuania","LTU","LTU",202,"United States of America","USA","USA",147,146,"0","-","0","0","0"
1,"QOvT0n",1,3006,2006,113,"Lithuania","LTU","LTU",202,"United States of America","USA","USA",201,132,"0","-","0","0","0"
1,"QOvT0n",1,3007,2007,113,"Lithuania","LTU","LTU",202,"United States of America","USA","USA",106,62,"0","-","0","0","0"
1,"QOvT0n",1,3008,2008,113,"Lithuania","LTU","LTU",202,"United States of America","USA","USA",104,36,"0","-","0","0","0"
1,"QOvT0n",1,3009,2009,113,"Lithuania","LTU","LTU",202,"United States of America","USA","USA",104,31,"0","-","0","0","0"
1,"QOvT0n",1,3010,2010,113,"Lithuania","LTU","LTU",202,"United States of America","USA","USA",100,"0","0","-","0","0","0"
1,"QOvT0n",1,3011,2011,113,"Lithuania","LTU","LTU",202,"United States of America","USA","USA",95,"0","0","-","0","0","0"
1,"QOvT0n",1,3012,2012,113,"Lithuania","LTU","LTU",202,"United States of America","USA","USA",81,"0","0","-","0","0","0"
1,"QOvT0n",1,3013,2013,113,"Lithuania","LTU","LTU",202,"United States of America","USA","USA",63,6,"0","-","0","0","0"
1,"QOvT0n",1,3014,2014,113,"Lithuania","LTU","LTU",202,"United States of America","USA","USA",47,26,"0","-","0","0","0"
1,"QOvT0n",1,3015,2015,113,"Lithuania","LTU","LTU",202,"United States of America","USA","USA",38,40,"0","-","0","0","0"
1,"QOvT0n",1,3016,2016,113,"Lithuania","LTU","LTU",202,"United States of America","USA","USA",18,45,"0","-","0","0","0"
1,"QOvT0n",1,3017,2017,113,"Lithuania","LTU","LTU",202,"United States of America","USA","USA",20,51,"0","-","0","0","0"
1,"QOvT0n",1,3018,2018,113,"Lithuania","LTU","LTU",202,"United States of America","USA","USA",19,62,"0","-","0","0","0"
1,"QOvT0n",1,3019,2019,113,"Lithuania","LTU","LTU",202,"United States of America","USA","USA",24,62,"0","-","0","0","0"
1,"QOvT0n",1,3020,2020,113,"Lithuania","LTU","LTU",202,"United States of America","USA","USA",21,59,"0","-","0","0","0"
1,"QOvT0n",1,3021,2021,113,"Lithuania","LTU","LTU",202,"United States of America","USA","USA",15,87,"0","-","0","0","0"
1,"QOvT0n",1,3022,2022,113,"Lithuania","LTU","LTU",202,"United States of America","USA","USA",15,81,"0","-","0","0","0"
1,"QOvT0n",1,3023,2023,113,"Lithuania","LTU","LTU",202,"United States of America","USA","USA",15,96,"0","-","0","0","0"
1,"QOvT0n",1,3024,2024,113,"Lithuania","LTU","LTU",202,"United States of America","USA","USA",15,117,"0","-","0","0","0"
1,"QOvT0n",1,3025,2025,113,"Lithuania","LTU","LTU",202,"United States of America","USA","USA",15,117,"0","-","0","0","0"
1,"QOvT0n",1,3026,1995,115,"Latvia","LVA","LVA",202,"United States of America","USA","USA",19,"0","0","-","0","0","0"
1,"QOvT0n",1,3027,1996,115,"Latvia","LVA","LVA",202,"United States of America","USA","USA",41,"0","0","-","0","0","0"
1,"QOvT0n",1,3028,1997,115,"Latvia","LVA","LVA",202,"United States of America","USA","USA",61,"0","0","-","0","0","0"
1,"QOvT0n",1,3029,1998,115,"Latvia","LVA","LVA",202,"United States of America","USA","USA",77,"0","0","-","0","0","0"
1,"QOvT0n",1,3030,1999,115,"Latvia","LVA","LVA",202,"United States of America","USA","USA",244,"0","0","-","0","0","0"
1,"QOvT0n",1,3031,2000,115,"Latvia","LVA","LVA",202,"United States of America","USA","USA",343,48,"0","-","0","0","0"
1,"QOvT0n",1,3032,2001,115,"Latvia","LVA","LVA",202,"United States of America","USA","USA",454,88,"0","-","0","0","0"
1,"QOvT0n",1,3033,2002,115,"Latvia","LVA","LVA",202,"United States of America","USA","USA",506,114,"0","-","0","0","0"
1,"QOvT0n",1,3034,2003,115,"Latvia","LVA","LVA",202,"United States of America","USA","USA",539,134,"0","-","0","0","0"
1,"QOvT0n",1,3035,2004,115,"Latvia","LVA","LVA",202,"United States of America","USA","USA",449,119,"0","-","0","0","0"
1,"QOvT0n",1,3036,2005,115,"Latvia","LVA","LVA",202,"United States of America","USA","USA",393,97,"0","-","0","0","0"
1,"QOvT0n",1,3037,2006,115,"Latvia","LVA","LVA",202,"United States of America","USA","USA",717,66,"0","-","0","0","0"
1,"QOvT0n",1,3038,2007,115,"Latvia","LVA","LVA",202,"United States of America","USA","USA",147,22,"0","-","0","0","0"
1,"QOvT0n",1,3039,2008,115,"Latvia","LVA","LVA",202,"United States of America","USA","USA",136,10,"0","-","0","0","0"
1,"QOvT0n",1,3040,2009,115,"Latvia","LVA","LVA",202,"United States of America","USA","USA",135,5,"0","-","0","0","0"
1,"QOvT0n",1,3041,2010,115,"Latvia","LVA","LVA",202,"United States of America","USA","USA",127,5,"0","-","0","0","0"
1,"QOvT0n",1,3042,2011,115,"Latvia","LVA","LVA",202,"United States of America","USA","USA",118,"0","0","-","0","0","0"
1,"QOvT0n",1,3043,2012,115,"Latvia","LVA","LVA",202,"United States of America","USA","USA",105,"0","0","-","0","0","0"
1,"QOvT0n",1,3044,2013,115,"Latvia","LVA","LVA",202,"United States of America","USA","USA",82,18,"0","-","0","0","0"
1,"QOvT0n",1,3045,2014,115,"Latvia","LVA","LVA",202,"United States of America","USA","USA",55,37,"0","-","0","0","0"
1,"QOvT0n",1,3046,2015,115,"Latvia","LVA","LVA",202,"United States of America","USA","USA",44,60,"0","-","0","0","0"
1,"QOvT0n",1,3047,2016,115,"Latvia","LVA","LVA",202,"United States of America","USA","USA",27,68,"0","-","0","0","0"
1,"QOvT0n",1,3048,2017,115,"Latvia","LVA","LVA",202,"United States of America","USA","USA",19,86,"0","-","0","0","0"
1,"QOvT0n",1,3049,2018,115,"Latvia","LVA","LVA",202,"United States of America","USA","USA",24,82,"0","-","0","0","0"
1,"QOvT0n",1,3050,2019,115,"Latvia","LVA","LVA",202,"United States of America","USA","USA",21,81,"0","-","0","0","0"
1,"QOvT0n",1,3051,2020,115,"Latvia","LVA","LVA",202,"United States of America","USA","USA",21,82,"0","-","0","0","0"
1,"QOvT0n",1,3052,2021,115,"Latvia","LVA","LVA",202,"United States of America","USA","USA",16,110,"0","-","0","0","0"
1,"QOvT0n",1,3053,2022,115,"Latvia","LVA","LVA",202,"United States of America","USA","USA",11,139,"0","-","0","0","0"
1,"QOvT0n",1,3054,2023,115,"Latvia","LVA","LVA",202,"United States of America","USA","USA",15,136,"0","-","0","0","0"
1,"QOvT0n",1,3055,2024,115,"Latvia","LVA","LVA",202,"United States of America","USA","USA",15,139,"0","-","0","0","0"
1,"QOvT0n",1,3056,2025,115,"Latvia","LVA","LVA",202,"United States of America","USA","USA",15,139,"0","-","0","0","0"
1,"QOvT0n",1,3057,2001,116,"China, Macao SAR","MAC","MAC",202,"United States of America","USA","USA","0",5,"0","-","0","0","0"
1,"QOvT0n",1,3058,2002,116,"China, Macao SAR","MAC","MAC",202,"United States of America","USA","USA","0",8,"0","-","0","0","0"
1,"QOvT0n",1,3059,2003,116,"China, Macao SAR","MAC","MAC",202,"United States of America","USA","USA","0",5,"0","-","0","0","0"
1,"QOvT0n",1,3060,2013,116,"China, Macao SAR","MAC","MAC",202,"United States of America","USA","USA","0",5,"0","-","0","0","0"
1,"QOvT0n",1,3061,2014,116,"China, Macao SAR","MAC","MAC",202,"United States of America","USA","USA","0",11,"0","-","0","0","0"
1,"QOvT0n",1,3062,2015,116,"China, Macao SAR","MAC","MAC",202,"United States of America","USA","USA","0",20,"0","-","0","0","0"
1,"QOvT0n",1,3063,2017,116,"China, Macao SAR","MAC","MAC",202,"United States of America","USA","USA","0",5,"0","-","0","0","0"
1,"QOvT0n",1,3064,2020,116,"China, Macao SAR","MAC","MAC",202,"United States of America","USA","USA","0",11,"0","-","0","0","0"
1,"QOvT0n",1,3065,2021,116,"China, Macao SAR","MAC","MAC",202,"United States of America","USA","USA","0",6,"0","-","0","0","0"
1,"QOvT0n",1,3066,2022,116,"China, Macao SAR","MAC","MAC",202,"United States of America","USA","USA",10,10,"0","-","0","0","0"
1,"QOvT0n",1,3067,2023,116,"China, Macao SAR","MAC","MAC",202,"United States of America","USA","USA",10,6,"0","-","0","0","0"
1,"QOvT0n",1,3068,2024,116,"China, Macao SAR","MAC","MAC",202,"United States of America","USA","USA",10,8,"0","-","0","0","0"
1,"QOvT0n",1,3069,2025,116,"China, Macao SAR","MAC","MAC",202,"United States of America","USA","USA",10,8,"0","-","0","0","0"
1,"QOvT0n",1,3070,1998,117,"Madagascar","MAD","MDG",202,"United States of America","USA","USA",5,"0","0","-","0","0","0"
1,"QOvT0n",1,3071,1999,117,"Madagascar","MAD","MDG",202,"United States of America","USA","USA",7,"0","0","-","0","0","0"
1,"QOvT0n",1,3072,2000,117,"Madagascar","MAD","MDG",202,"United States of America","USA","USA",10,5,"0","-","0","0","0"
1,"QOvT0n",1,3073,2001,117,"Madagascar","MAD","MDG",202,"United States of America","USA","USA","0",5,"0","-","0","0","0"
1,"QOvT0n",1,3074,2002,117,"Madagascar","MAD","MDG",202,"United States of America","USA","USA","0",5,"0","-","0","0","0"
1,"QOvT0n",1,3075,2003,117,"Madagascar","MAD","MDG",202,"United States of America","USA","USA",10,12,"0","-","0","0","0"
1,"QOvT0n",1,3076,2004,117,"Madagascar","MAD","MDG",202,"United States of America","USA","USA",7,8,"0","-","0","0","0"
1,"QOvT0n",1,3077,2005,117,"Madagascar","MAD","MDG",202,"United States of America","USA","USA",9,10,"0","-","0","0","0"
1,"QOvT0n",1,3078,2006,117,"Madagascar","MAD","MDG",202,"United States of America","USA","USA",18,12,"0","-","0","0","0"
1,"QOvT0n",1,3079,2007,117,"Madagascar","MAD","MDG",202,"United States of America","USA","USA",15,"0","0","-","0","0","0"
1,"QOvT0n",1,3080,2008,117,"Madagascar","MAD","MDG",202,"United States of America","USA","USA",16,5,"0","-","0","0","0"
1,"QOvT0n",1,3081,2009,117,"Madagascar","MAD","MDG",202,"United States of America","USA","USA",15,5,"0","-","0","0","0"
1,"QOvT0n",1,3082,2010,117,"Madagascar","MAD","MDG",202,"United States of America","USA","USA",18,5,"0","-","0","0","0"
1,"QOvT0n",1,3083,2011,117,"Madagascar","MAD","MDG",202,"United States of America","USA","USA",20,"0","0","-","0","0","0"
1,"QOvT0n",1,3084,2012,117,"Madagascar","MAD","MDG",202,"United States of America","USA","USA",17,"0","0","-","0","0","0"
1,"QOvT0n",1,3085,2013,117,"Madagascar","MAD","MDG",202,"United States of America","USA","USA",15,"0","0","-","0","0","0"
1,"QOvT0n",1,3086,2014,117,"Madagascar","MAD","MDG",202,"United States of America","USA","USA",19,7,"0","-","0","0","0"
1,"QOvT0n",1,3087,2015,117,"Madagascar","MAD","MDG",202,"United States of America","USA","USA",18,7,"0","-","0","0","0"
1,"QOvT0n",1,3088,2016,117,"Madagascar","MAD","MDG",202,"United States of America","USA","USA",17,5,"0","-","0","0","0"
1,"QOvT0n",1,3089,2017,117,"Madagascar","MAD","MDG",202,"United States of America","USA","USA",17,5,"0","-","0","0","0"
1,"QOvT0n",1,3090,2018,117,"Madagascar","MAD","MDG",202,"United States of America","USA","USA",14,14,"0","-","0","0","0"
1,"QOvT0n",1,3091,2019,117,"Madagascar","MAD","MDG",202,"United States of America","USA","USA",12,14,"0","-","0","0","0"
1,"QOvT0n",1,3092,2020,117,"Madagascar","MAD","MDG",202,"United States of America","USA","USA",8,15,"0","-","0","0","0"
1,"QOvT0n",1,3093,2021,117,"Madagascar","MAD","MDG",202,"United States of America","USA","USA",7,24,"0","-","0","0","0"
1,"QOvT0n",1,3094,2022,117,"Madagascar","MAD","MDG",202,"United States of America","USA","USA",7,32,"0","-","0","0","0"
1,"QOvT0n",1,3095,2023,117,"Madagascar","MAD","MDG",202,"United States of America","USA","USA",7,48,"0","-","0","0","0"
1,"QOvT0n",1,3096,2024,117,"Madagascar","MAD","MDG",202,"United States of America","USA","USA",5,74,"0","-","0","0","0"
1,"QOvT0n",1,3097,2025,117,"Madagascar","MAD","MDG",202,"United States of America","USA","USA",5,74,"0","-","0","0","0"
1,"QOvT0n",1,3098,2023,118,"Martinique","MAR","MTQ",202,"United States of America","USA","USA","0",5,"0","-","0","0","0"
1,"QOvT0n",1,3099,2024,118,"Martinique","MAR","MTQ",202,"United States of America","USA","USA","0",5,"0","-","0","0","0"
1,"QOvT0n",1,3100,2025,118,"Martinique","MAR","MTQ",202,"United States of America","USA","USA","0",5,"0","-","0","0","0"
1,"QOvT0n",1,3101,1995,119,"Mauritania","MAU","MRT",202,"United States of America","USA","USA",296,"0","0","-","0","0","0"
1,"QOvT0n",1,3102,1996,119,"Mauritania","MAU","MRT",202,"United States of America","USA","USA",815,"0","0","-","0","0","0"
1,"QOvT0n",1,3103,1997,119,"Mauritania","MAU","MRT",202,"United States of America","USA","USA",1206,"0","0","-","0","0","0"
1,"QOvT0n",1,3104,1998,119,"Mauritania","MAU","MRT",202,"United States of America","USA","USA",1587,"0","0","-","0","0","0"
1,"QOvT0n",1,3105,1999,119,"Mauritania","MAU","MRT",202,"United States of America","USA","USA",1930,"0","0","-","0","0","0"
1,"QOvT0n",1,3106,2000,119,"Mauritania","MAU","MRT",202,"United States of America","USA","USA",1900,1207,"0","-","0","0","0"
1,"QOvT0n",1,3107,2001,119,"Mauritania","MAU","MRT",202,"United States of America","USA","USA",1833,1739,"0","-","0","0","0"
1,"QOvT0n",1,3108,2002,119,"Mauritania","MAU","MRT",202,"United States of America","USA","USA",1687,2479,"0","-","0","0","0"
1,"QOvT0n",1,3109,2003,119,"Mauritania","MAU","MRT",202,"United States of America","USA","USA",1415,2377,"0","-","0","0","0"
1,"QOvT0n",1,3110,2004,119,"Mauritania","MAU","MRT",202,"United States of America","USA","USA",1300,2115,"0","-","0","0","0"
1,"QOvT0n",1,3111,2005,119,"Mauritania","MAU","MRT",202,"United States of America","USA","USA",1483,1470,"0","-","0","0","0"
1,"QOvT0n",1,3112,2006,119,"Mauritania","MAU","MRT",202,"United States of America","USA","USA",3131,1085,"0","-","0","0","0"
1,"QOvT0n",1,3113,2007,119,"Mauritania","MAU","MRT",202,"United States of America","USA","USA",2870,626,"0","-","0","0","0"
1,"QOvT0n",1,3114,2008,119,"Mauritania","MAU","MRT",202,"United States of America","USA","USA",2428,373,"0","-","0","0","0"
1,"QOvT0n",1,3115,2009,119,"Mauritania","MAU","MRT",202,"United States of America","USA","USA",2167,368,"0","-","0","0","0"
1,"QOvT0n",1,3116,2010,119,"Mauritania","MAU","MRT",202,"United States of America","USA","USA",2009,36,"0","-","0","0","0"
1,"QOvT0n",1,3117,2011,119,"Mauritania","MAU","MRT",202,"United States of America","USA","USA",1887,21,"0","-","0","0","0"
1,"QOvT0n",1,3118,2012,119,"Mauritania","MAU","MRT",202,"United States of America","USA","USA",1731,35,"0","-","0","0","0"
1,"QOvT0n",1,3119,2013,119,"Mauritania","MAU","MRT",202,"United States of America","USA","USA",1544,148,"0","-","0","0","0"
1,"QOvT0n",1,3120,2014,119,"Mauritania","MAU","MRT",202,"United States of America","USA","USA",1327,528,"0","-","0","0","0"
1,"QOvT0n",1,3121,2015,119,"Mauritania","MAU","MRT",202,"United States of America","USA","USA",1174,725,"0","-","0","0","0"
1,"QOvT0n",1,3122,2016,119,"Mauritania","MAU","MRT",202,"United States of America","USA","USA",991,838,"0","-","0","0","0"
1,"QOvT0n",1,3123,2017,119,"Mauritania","MAU","MRT",202,"United States of America","USA","USA",944,858,"0","-","0","0","0"
1,"QOvT0n",1,3124,2018,119,"Mauritania","MAU","MRT",202,"United States of America","USA","USA",983,810,"0","-","0","0","0"
1,"QOvT0n",1,3125,2019,119,"Mauritania","MAU","MRT",202,"United States of America","USA","USA",990,911,"0","-","0","0","0"
1,"QOvT0n",1,3126,2020,119,"Mauritania","MAU","MRT",202,"United States of America","USA","USA",956,1077,"0","-","0","0","0"
1,"QOvT0n",1,3127,2021,119,"Mauritania","MAU","MRT",202,"United States of America","USA","USA",916,1115,"0","-","0","0","0"
1,"QOvT0n",1,3128,2022,119,"Mauritania","MAU","MRT",202,"United States of America","USA","USA",905,1219,"0","-","0","0","0"
1,"QOvT0n",1,3129,2023,119,"Mauritania","MAU","MRT",202,"United States of America","USA","USA",916,11194,"0","-","0","0","0"
1,"QOvT0n",1,3130,2024,119,"Mauritania","MAU","MRT",202,"United States of America","USA","USA",958,18798,"0","-","0","0","0"
1,"QOvT0n",1,3131,2025,119,"Mauritania","MAU","MRT",202,"United States of America","USA","USA",958,18798,"0","-","0","0","0"
1,"QOvT0n",1,3132,1995,120,"North Macedonia","MCD","MKD",202,"United States of America","USA","USA",13,"0","0","-","0","0","0"
1,"QOvT0n",1,3133,1996,120,"North Macedonia","MCD","MKD",202,"United States of America","USA","USA",28,"0","0","-","0","0","0"
1,"QOvT0n",1,3134,1998,120,"North Macedonia","MCD","MKD",202,"United States of America","USA","USA",110,"0","0","-","0","0","0"
1,"QOvT0n",1,3135,1999,120,"North Macedonia","MCD","MKD",202,"United States of America","USA","USA",129,"0","0","-","0","0","0"
1,"QOvT0n",1,3136,2000,120,"North Macedonia","MCD","MKD",202,"United States of America","USA","USA",122,115,"0","-","0","0","0"
1,"QOvT0n",1,3137,2001,120,"North Macedonia","MCD","MKD",202,"United States of America","USA","USA",161,145,"0","-","0","0","0"
1,"QOvT0n",1,3138,2002,120,"North Macedonia","MCD","MKD",202,"United States of America","USA","USA",163,191,"0","-","0","0","0"
1,"QOvT0n",1,3139,2003,120,"North Macedonia","MCD","MKD",202,"United States of America","USA","USA",146,186,"0","-","0","0","0"
1,"QOvT0n",1,3140,2004,120,"North Macedonia","MCD","MKD",202,"United States of America","USA","USA",150,139,"0","-","0","0","0"
1,"QOvT0n",1,3141,2005,120,"North Macedonia","MCD","MKD",202,"United States of America","USA","USA",184,103,"0","-","0","0","0"
1,"QOvT0n",1,3142,2006,120,"North Macedonia","MCD","MKD",202,"United States of America","USA","USA",256,76,"0","-","0","0","0"
1,"QOvT0n",1,3143,2007,120,"North Macedonia","MCD","MKD",202,"United States of America","USA","USA",250,32,"0","-","0","0","0"
1,"QOvT0n",1,3144,2008,120,"North Macedonia","MCD","MKD",202,"United States of America","USA","USA",248,29,"0","-","0","0","0"
1,"QOvT0n",1,3145,2009,120,"North Macedonia","MCD","MKD",202,"United States of America","USA","USA",256,21,"0","-","0","0","0"
1,"QOvT0n",1,3146,2010,120,"North Macedonia","MCD","MKD",202,"United States of America","USA","USA",256,6,"0","-","0","0","0"
1,"QOvT0n",1,3147,2011,120,"North Macedonia","MCD","MKD",202,"United States of America","USA","USA",224,5,"0","-","0","0","0"
1,"QOvT0n",1,3148,2012,120,"North Macedonia","MCD","MKD",202,"United States of America","USA","USA",187,14,"0","-","0","0","0"
1,"QOvT0n",1,3149,2013,120,"North Macedonia","MCD","MKD",202,"United States of America","USA","USA",179,24,"0","-","0","0","0"
1,"QOvT0n",1,3150,2014,120,"North Macedonia","MCD","MKD",202,"United States of America","USA","USA",169,65,"0","-","0","0","0"
1,"QOvT0n",1,3151,2015,120,"North Macedonia","MCD","MKD",202,"United States of America","USA","USA",147,90,"0","-","0","0","0"
1,"QOvT0n",1,3152,2016,120,"North Macedonia","MCD","MKD",202,"United States of America","USA","USA",119,118,"0","-","0","0","0"
1,"QOvT0n",1,3153,2017,120,"North Macedonia","MCD","MKD",202,"United States of America","USA","USA",108,163,"0","-","0","0","0"
1,"QOvT0n",1,3154,2018,120,"North Macedonia","MCD","MKD",202,"United States of America","USA","USA",123,179,"0","-","0","0","0"
1,"QOvT0n",1,3155,2019,120,"North Macedonia","MCD","MKD",202,"United States of America","USA","USA",121,193,"0","-","0","0","0"
1,"QOvT0n",1,3156,2020,120,"North Macedonia","MCD","MKD",202,"United States of America","USA","USA",110,220,"0","-","0","0","0"
1,"QOvT0n",1,3157,2021,120,"North Macedonia","MCD","MKD",202,"United States of America","USA","USA",102,245,"0","-","0","0","0"
1,"QOvT0n",1,3158,2022,120,"North Macedonia","MCD","MKD",202,"United States of America","USA","USA",107,227,"0","-","0","0","0"
1,"QOvT0n",1,3159,2023,120,"North Macedonia","MCD","MKD",202,"United States of America","USA","USA",89,230,"0","-","0","0","0"
1,"QOvT0n",1,3160,2024,120,"North Macedonia","MCD","MKD",202,"United States of America","USA","USA",83,233,"0","-","0","0","0"
1,"QOvT0n",1,3161,2025,120,"North Macedonia","MCD","MKD",202,"United States of America","USA","USA",83,233,"0","-","0","0","0"
1,"QOvT0n",1,3162,2005,121,"Monaco","MCO","MCO",202,"United States of America","USA","USA","0",5,"0","-","0","0","0"
1,"QOvT0n",1,3163,2006,121,"Monaco","MCO","MCO",202,"United States of America","USA","USA","0",5,"0","-","0","0","0"
1,"QOvT0n",1,3164,2011,121,"Monaco","MCO","MCO",202,"United States of America","USA","USA",5,"0","0","-","0","0","0"
1,"QOvT0n",1,3165,2012,121,"Monaco","MCO","MCO",202,"United States of America","USA","USA",5,"0","0","-","0","0","0"
1,"QOvT0n",1,3166,2013,121,"Monaco","MCO","MCO",202,"United States of America","USA","USA",5,"0","0","-","0","0","0"
1,"QOvT0n",1,3167,2014,121,"Monaco","MCO","MCO",202,"United States of America","USA","USA",5,"0","0","-","0","0","0"
1,"QOvT0n",1,3168,2015,121,"Monaco","MCO","MCO",202,"United States of America","USA","USA",5,"0","0","-","0","0","0"
1,"QOvT0n",1,3169,2016,121,"Monaco","MCO","MCO",202,"United States of America","USA","USA",5,"0","0","-","0","0","0"
1,"QOvT0n",1,3170,2017,121,"Monaco","MCO","MCO",202,"United States of America","USA","USA",5,"0","0","-","0","0","0"
1,"QOvT0n",1,3171,2018,121,"Monaco","MCO","MCO",202,"United States of America","USA","USA",5,"0","0","-","0","0","0"
1,"QOvT0n",1,3172,2019,121,"Monaco","MCO","MCO",202,"United States of America","USA","USA",5,"0","0","-","0","0","0"
1,"QOvT0n",1,3173,1995,122,"Rep. of Moldova","MDA","MDA",202,"United States of America","USA","USA",15,"0","0","-","0","0","0"
1,"QOvT0n",1,3174,1996,122,"Rep. of Moldova","MDA","MDA",202,"United States of America","USA","USA",40,"0","0","-","0","0","0"
1,"QOvT0n",1,3175,1998,122,"Rep. of Moldova","MDA","MDA",202,"United States of America","USA","USA",78,"0","0","-","0","0","0"
1,"QOvT0n",1,3176,1999,122,"Rep. of Moldova","MDA","MDA",202,"United States of America","USA","USA",1100,"0","0","-","0","0","0"
1,"QOvT0n",1,3177,2000,122,"Rep. of Moldova","MDA","MDA",202,"United States of America","USA","USA",2128,45,"0","-","0","0","0"
1,"QOvT0n",1,3178,2001,122,"Rep. of Moldova","MDA","MDA",202,"United States of America","USA","USA",3194,58,"0","-","0","0","0"
1,"QOvT0n",1,3179,2002,122,"Rep. of Moldova","MDA","MDA",202,"United States of America","USA","USA",4213,93,"0","-","0","0","0"
1,"QOvT0n",1,3180,2003,122,"Rep. of Moldova","MDA","MDA",202,"United States of America","USA","USA",4799,76,"0","-","0","0","0"
1,"QOvT0n",1,3181,2004,122,"Rep. of Moldova","MDA","MDA",202,"United States of America","USA","USA",5513,68,"0","-","0","0","0"
1,"QOvT0n",1,3182,2005,122,"Rep. of Moldova","MDA","MDA",202,"United States of America","USA","USA",5534,83,"0","-","0","0","0"
1,"QOvT0n",1,3183,2006,122,"Rep. of Moldova","MDA","MDA",202,"United States of America","USA","USA",8338,102,"0","-","0","0","0"
1,"QOvT0n",1,3184,2007,122,"Rep. of Moldova","MDA","MDA",202,"United States of America","USA","USA",209,73,"0","-","0","0","0"
1,"QOvT0n",1,3185,2008,122,"Rep. of Moldova","MDA","MDA",202,"United States of America","USA","USA",266,163,"0","-","0","0","0"
1,"QOvT0n",1,3186,2009,122,"Rep. of Moldova","MDA","MDA",202,"United States of America","USA","USA",404,184,"0","-","0","0","0"
1,"QOvT0n",1,3187,2010,122,"Rep. of Moldova","MDA","MDA",202,"United States of America","USA","USA",519,30,"0","-","0","0","0"
1,"QOvT0n",1,3188,2011,122,"Rep. of Moldova","MDA","MDA",202,"United States of America","USA","USA",696,84,"0","-","0","0","0"
1,"QOvT0n",1,3189,2012,122,"Rep. of Moldova","MDA","MDA",202,"United States of America","USA","USA",906,120,"0","-","0","0","0"
1,"QOvT0n",1,3190,2013,122,"Rep. of Moldova","MDA","MDA",202,"United States of America","USA","USA",1028,413,"0","-","0","0","0"
1,"QOvT0n",1,3191,2014,122,"Rep. of Moldova","MDA","MDA",202,"United States of America","USA","USA",1138,1011,"0","-","0","0","0"
1,"QOvT0n",1,3192,2015,122,"Rep. of Moldova","MDA","MDA",202,"United States of America","USA","USA",1237,1361,"0","-","0","0","0"
1,"QOvT0n",1,3193,2016,122,"Rep. of Moldova","MDA","MDA",202,"United States of America","USA","USA",1322,1738,"0","-","0","0","0"
1,"QOvT0n",1,3194,2017,122,"Rep. of Moldova","MDA","MDA",202,"United States of America","USA","USA",1400,2204,"0","-","0","0","0"
1,"QOvT0n",1,3195,2018,122,"Rep. of Moldova","MDA","MDA",202,"United States of America","USA","USA",1502,2214,"0","-","0","0","0"
1,"QOvT0n",1,3196,2019,122,"Rep. of Moldova","MDA","MDA",202,"United States of America","USA","USA",1530,2215,"0","-","0","0","0"
1,"QOvT0n",1,3197,2020,122,"Rep. of Moldova","MDA","MDA",202,"United States of America","USA","USA",1466,2324,"0","-","0","0","0"
1,"QOvT0n",1,3198,2021,122,"Rep. of Moldova","MDA","MDA",202,"United States of America","USA","USA",1344,3079,"0","-","0","0","0"
1,"QOvT0n",1,3199,2022,122,"Rep. of Moldova","MDA","MDA",202,"United States of America","USA","USA",1230,3060,"0","-","0","0","0"
1,"QOvT0n",1,3200,2023,122,"Rep. of Moldova","MDA","MDA",202,"United States of America","USA","USA",1209,3329,"0","-","0","0","0"
1,"QOvT0n",1,3201,2024,122,"Rep. of Moldova","MDA","MDA",202,"United States of America","USA","USA",1201,3368,"0","-","0","0","0"
1,"QOvT0n",1,3202,2025,122,"Rep. of Moldova","MDA","MDA",202,"United States of America","USA","USA",1201,3368,"0","-","0","0","0"
1,"QOvT0n",1,3203,2006,123,"Maldives","MDV","MDV",202,"United States of America","USA","USA",5,"0","0","-","0","0","0"
1,"QOvT0n",1,3204,2007,123,"Maldives","MDV","MDV",202,"United States of America","USA","USA",5,"0","0","-","0","0","0"
1,"QOvT0n",1,3205,2008,123,"Maldives","MDV","MDV",202,"United States of America","USA","USA",5,"0","0","-","0","0","0"
1,"QOvT0n",1,3206,2009,123,"Maldives","MDV","MDV",202,"United States of America","USA","USA",5,"0","0","-","0","0","0"
1,"QOvT0n",1,3207,2010,123,"Maldives","MDV","MDV",202,"United States of America","USA","USA",6,"0","0","-","0","0","0"
1,"QOvT0n",1,3208,2011,123,"Maldives","MDV","MDV",202,"United States of America","USA","USA",6,"0","0","-","0","0","0"
1,"QOvT0n",1,3209,2012,123,"Maldives","MDV","MDV",202,"United States of America","USA","USA",8,"0","0","-","0","0","0"
1,"QOvT0n",1,3210,2013,123,"Maldives","MDV","MDV",202,"United States of America","USA","USA",8,"0","0","-","0","0","0"
1,"QOvT0n",1,3211,2014,123,"Maldives","MDV","MDV",202,"United States of America","USA","USA",8,"0","0","-","0","0","0"
1,"QOvT0n",1,3212,2015,123,"Maldives","MDV","MDV",202,"United States of America","USA","USA",6,"0","0","-","0","0","0"
1,"QOvT0n",1,3213,2016,123,"Maldives","MDV","MDV",202,"United States of America","USA","USA",6,"0","0","-","0","0","0"
1,"QOvT0n",1,3214,2017,123,"Maldives","MDV","MDV",202,"United States of America","USA","USA",6,5,"0","-","0","0","0"
1,"QOvT0n",1,3215,2018,123,"Maldives","MDV","MDV",202,"United States of America","USA","USA",6,5,"0","-","0","0","0"
1,"QOvT0n",1,3216,2019,123,"Maldives","MDV","MDV",202,"United States of America","USA","USA",5,"0","0","-","0","0","0"
1,"QOvT0n",1,3217,2020,123,"Maldives","MDV","MDV",202,"United States of America","USA","USA",5,"0","0","-","0","0","0"
1,"QOvT0n",1,3218,2021,123,"Maldives","MDV","MDV",202,"United States of America","USA","USA",5,5,"0","-","0","0","0"
1,"QOvT0n",1,3219,2022,123,"Maldives","MDV","MDV",202,"United States of America","USA","USA",5,5,"0","-","0","0","0"
1,"QOvT0n",1,3220,2023,123,"Maldives","MDV","MDV",202,"United States of America","USA","USA",5,5,"0","-","0","0","0"
1,"QOvT0n",1,3221,2024,123,"Maldives","MDV","MDV",202,"United States of America","USA","USA",5,5,"0","-","0","0","0"
1,"QOvT0n",1,3222,2025,123,"Maldives","MDV","MDV",202,"United States of America","USA","USA",5,5,"0","-","0","0","0"
1,"QOvT0n",1,3223,1994,124,"Mexico","MEX","MEX",202,"United States of America","USA","USA",9,"0","0","-","0","0","0"
1,"QOvT0n",1,3224,1995,124,"Mexico","MEX","MEX",202,"United States of America","USA","USA",105,"0","0","-","0","0","0"
1,"QOvT0n",1,3225,1996,124,"Mexico","MEX","MEX",202,"United States of America","USA","USA",203,"0","0","-","0","0","0"
1,"QOvT0n",1,3226,1997,124,"Mexico","MEX","MEX",202,"United States of America","USA","USA",272,"0","0","-","0","0","0"
1,"QOvT0n",1,3227,1998,124,"Mexico","MEX","MEX",202,"United States of America","USA","USA",347,"0","0","-","0","0","0"
1,"QOvT0n",1,3228,1999,124,"Mexico","MEX","MEX",202,"United States of America","USA","USA",449,"0","0","-","0","0","0"
1,"QOvT0n",1,3229,2000,124,"Mexico","MEX","MEX",202,"United States of America","USA","USA",470,11902,"0","-","0","0","0"
1,"QOvT0n",1,3230,2001,124,"Mexico","MEX","MEX",202,"United States of America","USA","USA",477,20812,"0","-","0","0","0"
1,"QOvT0n",1,3231,2002,124,"Mexico","MEX","MEX",202,"United States of America","USA","USA",488,28034,"0","-","0","0","0"
1,"QOvT0n",1,3232,2003,124,"Mexico","MEX","MEX",202,"United States of America","USA","USA",439,23269,"0","-","0","0","0"
1,"QOvT0n",1,3233,2004,124,"Mexico","MEX","MEX",202,"United States of America","USA","USA",424,15431,"0","-","0","0","0"
1,"QOvT0n",1,3234,2005,124,"Mexico","MEX","MEX",202,"United States of America","USA","USA",502,9435,"0","-","0","0","0"
1,"QOvT0n",1,3235,2006,124,"Mexico","MEX","MEX",202,"United States of America","USA","USA",962,6972,"0","-","0","0","0"
1,"QOvT0n",1,3236,2007,124,"Mexico","MEX","MEX",202,"United States of America","USA","USA",1082,6513,"0","-","0","0","0"
1,"QOvT0n",1,3237,2008,124,"Mexico","MEX","MEX",202,"United States of America","USA","USA",1227,6772,"0","-","0","0","0"
1,"QOvT0n",1,3238,2009,124,"Mexico","MEX","MEX",202,"United States of America","USA","USA",1384,6472,"0","-","0","0","0"
1,"QOvT0n",1,3239,2010,124,"Mexico","MEX","MEX",202,"United States of America","USA","USA",1476,597,"0","-","0","0","0"
1,"QOvT0n",1,3240,2011,124,"Mexico","MEX","MEX",202,"United States of America","USA","USA",1829,1311,"0","-","0","0","0"
1,"QOvT0n",1,3241,2012,124,"Mexico","MEX","MEX",202,"United States of America","USA","USA",2352,2169,"0","-","0","0","0"
1,"QOvT0n",1,3242,2013,124,"Mexico","MEX","MEX",202,"United States of America","USA","USA",2795,11757,"0","-","0","0","0"
1,"QOvT0n",1,3243,2014,124,"Mexico","MEX","MEX",202,"United States of America","USA","USA",3807,29255,"0","-","0","0","0"
1,"QOvT0n",1,3244,2015,124,"Mexico","MEX","MEX",202,"United States of America","USA","USA",4822,46057,"0","-","0","0","0"
1,"QOvT0n",1,3245,2016,124,"Mexico","MEX","MEX",202,"United States of America","USA","USA",6161,63823,"0","-","0","0","0"
1,"QOvT0n",1,3246,2017,124,"Mexico","MEX","MEX",202,"United States of America","USA","USA",7709,83501,"0","-","0","0","0"
1,"QOvT0n",1,3247,2018,124,"Mexico","MEX","MEX",202,"United States of America","USA","USA",9271,85596,"0","-","0","0","0"
1,"QOvT0n",1,3248,2019,124,"Mexico","MEX","MEX",202,"United States of America","USA","USA",11410,94275,"0","-","0","0","0"
1,"QOvT0n",1,3249,2020,124,"Mexico","MEX","MEX",202,"United States of America","USA","USA",12076,104529,"0","-","0","0","0"
1,"QOvT0n",1,3250,2021,124,"Mexico","MEX","MEX",202,"United States of America","USA","USA",12606,111313,"0","-","0","0","0"
1,"QOvT0n",1,3251,2022,124,"Mexico","MEX","MEX",202,"United States of America","USA","USA",13236,106046,"0","-","0","0","0"
1,"QOvT0n",1,3252,2023,124,"Mexico","MEX","MEX",202,"United States of America","USA","USA",13825,126368,"0","-","0","0","0"
1,"QOvT0n",1,3253,2024,124,"Mexico","MEX","MEX",202,"United States of America","USA","USA",14022,173388,"0","-","0","0","0"
1,"QOvT0n",1,3254,2025,124,"Mexico","MEX","MEX",202,"United States of America","USA","USA",14022,173388,"0","-","0","0","0"
1,"QOvT0n",1,3255,2013,125,"Marshall Islands","MHL","MHL",202,"United States of America","USA","USA",5,5,"0","-","0","0","0"
1,"QOvT0n",1,3256,2014,125,"Marshall Islands","MHL","MHL",202,"United States of America","USA","USA",5,6,"0","-","0","0","0"
1,"QOvT0n",1,3257,2015,125,"Marshall Islands","MHL","MHL",202,"United States of America","USA","USA",5,6,"0","-","0","0","0"
1,"QOvT0n",1,3258,2016,125,"Marshall Islands","MHL","MHL",202,"United States of America","USA","USA",5,"0","0","-","0","0","0"
1,"QOvT0n",1,3259,2017,125,"Marshall Islands","MHL","MHL",202,"United States of America","USA","USA",7,"0","0","-","0","0","0"
1,"QOvT0n",1,3260,2018,125,"Marshall Islands","MHL","MHL",202,"United States of America","USA","USA",7,"0","0","-","0","0","0"
1,"QOvT0n",1,3261,2019,125,"Marshall Islands","MHL","MHL",202,"United States of America","USA","USA",7,"0","0","-","0","0","0"
1,"QOvT0n",1,3262,2020,125,"Marshall Islands","MHL","MHL",202,"United States of America","USA","USA",7,"0","0","-","0","0","0"
1,"QOvT0n",1,3263,2021,125,"Marshall Islands","MHL","MHL",202,"United States of America","USA","USA",7,"0","0","-","0","0","0"
1,"QOvT0n",1,3264,2023,125,"Marshall Islands","MHL","MHL",202,"United States of America","USA","USA","0",5,"0","-","0","0","0"
1,"QOvT0n",1,3265,2024,125,"Marshall Islands","MHL","MHL",202,"United States of America","USA","USA","0",5,"0","-","0","0","0"
1,"QOvT0n",1,3266,2025,125,"Marshall Islands","MHL","MHL",202,"United States of America","USA","USA","0",5,"0","-","0","0","0"
1,"QOvT0n",1,3267,1994,126,"Mali","MLI","MLI",202,"United States of America","USA","USA",5,"0","0","-","0","0","0"
1,"QOvT0n",1,3268,1995,126,"Mali","MLI","MLI",202,"United States of America","USA","USA",23,"0","0","-","0","0","0"
1,"QOvT0n",1,3269,1996,126,"Mali","MLI","MLI",202,"United States of America","USA","USA",37,"0","0","-","0","0","0"
1,"QOvT0n",1,3270,1997,126,"Mali","MLI","MLI",202,"United States of America","USA","USA",48,"0","0","-","0","0","0"
1,"QOvT0n",1,3271,1998,126,"Mali","MLI","MLI",202,"United States of America","USA","USA",52,"0","0","-","0","0","0"
1,"QOvT0n",1,3272,1999,126,"Mali","MLI","MLI",202,"United States of America","USA","USA",62,"0","0","-","0","0","0"
1,"QOvT0n",1,3273,2000,126,"Mali","MLI","MLI",202,"United States of America","USA","USA",53,54,"0","-","0","0","0"
1,"QOvT0n",1,3274,2001,126,"Mali","MLI","MLI",202,"United States of America","USA","USA","0",84,"0","-","0","0","0"
1,"QOvT0n",1,3275,2002,126,"Mali","MLI","MLI",202,"United States of America","USA","USA",57,94,"0","-","0","0","0"
1,"QOvT0n",1,3276,2003,126,"Mali","MLI","MLI",202,"United States of America","USA","USA",55,112,"0","-","0","0","0"
1,"QOvT0n",1,3277,2004,126,"Mali","MLI","MLI",202,"United States of America","USA","USA",64,115,"0","-","0","0","0"
1,"QOvT0n",1,3278,2005,126,"Mali","MLI","MLI",202,"United States of America","USA","USA",113,229,"0","-","0","0","0"
1,"QOvT0n",1,3279,2006,126,"Mali","MLI","MLI",202,"United States of America","USA","USA",228,291,"0","-","0","0","0"
1,"QOvT0n",1,3280,2007,126,"Mali","MLI","MLI",202,"United States of America","USA","USA",329,399,"0","-","0","0","0"
1,"QOvT0n",1,3281,2008,126,"Mali","MLI","MLI",202,"United States of America","USA","USA",393,446,"0","-","0","0","0"
1,"QOvT0n",1,3282,2009,126,"Mali","MLI","MLI",202,"United States of America","USA","USA",513,461,"0","-","0","0","0"
1,"QOvT0n",1,3283,2010,126,"Mali","MLI","MLI",202,"United States of America","USA","USA",664,44,"0","-","0","0","0"
1,"QOvT0n",1,3284,2011,126,"Mali","MLI","MLI",202,"United States of America","USA","USA",812,55,"0","-","0","0","0"
1,"QOvT0n",1,3285,2012,126,"Mali","MLI","MLI",202,"United States of America","USA","USA",949,86,"0","-","0","0","0"
1,"QOvT0n",1,3286,2013,126,"Mali","MLI","MLI",202,"United States of America","USA","USA",1071,240,"0","-","0","0","0"
1,"QOvT0n",1,3287,2014,126,"Mali","MLI","MLI",202,"United States of America","USA","USA",1178,638,"0","-","0","0","0"
1,"QOvT0n",1,3288,2015,126,"Mali","MLI","MLI",202,"United States of America","USA","USA",1239,611,"0","-","0","0","0"
1,"QOvT0n",1,3289,2016,126,"Mali","MLI","MLI",202,"United States of America","USA","USA",1215,612,"0","-","0","0","0"
1,"QOvT0n",1,3290,2017,126,"Mali","MLI","MLI",202,"United States of America","USA","USA",1191,611,"0","-","0","0","0"
1,"QOvT0n",1,3291,2018,126,"Mali","MLI","MLI",202,"United States of America","USA","USA",1191,574,"0","-","0","0","0"
1,"QOvT0n",1,3292,2019,126,"Mali","MLI","MLI",202,"United States of America","USA","USA",1129,563,"0","-","0","0","0"
1,"QOvT0n",1,3293,2020,126,"Mali","MLI","MLI",202,"United States of America","USA","USA",1015,604,"0","-","0","0","0"
1,"QOvT0n",1,3294,2021,126,"Mali","MLI","MLI",202,"United States of America","USA","USA",896,645,"0","-","0","0","0"
1,"QOvT0n",1,3295,2022,126,"Mali","MLI","MLI",202,"United States of America","USA","USA",800,679,"0","-","0","0","0"
1,"QOvT0n",1,3296,2023,126,"Mali","MLI","MLI",202,"United States of America","USA","USA",718,956,"0","-","0","0","0"
1,"QOvT0n",1,3297,2024,126,"Mali","MLI","MLI",202,"United States of America","USA","USA",687,1360,"0","-","0","0","0"
1,"QOvT0n",1,3298,2025,126,"Mali","MLI","MLI",202,"United States of America","USA","USA",687,1360,"0","-","0","0","0"
1,"QOvT0n",1,3299,1998,127,"Malaysia","MLS","MYS",202,"United States of America","USA","USA",6,"0","0","-","0","0","0"
1,"QOvT0n",1,3300,1999,127,"Malaysia","MLS","MYS",202,"United States of America","USA","USA",25,"0","0","-","0","0","0"
1,"QOvT0n",1,3301,2000,127,"Malaysia","MLS","MYS",202,"United States of America","USA","USA",29,25,"0","-","0","0","0"
1,"QOvT0n",1,3302,2001,127,"Malaysia","MLS","MYS",202,"United States of America","USA","USA","0",37,"0","-","0","0","0"
1,"QOvT0n",1,3303,2002,127,"Malaysia","MLS","MYS",202,"United States of America","USA","USA","0",52,"0","-","0","0","0"
1,"QOvT0n",1,3304,2003,127,"Malaysia","MLS","MYS",202,"United States of America","USA","USA",79,46,"0","-","0","0","0"
1,"QOvT0n",1,3305,2004,127,"Malaysia","MLS","MYS",202,"United States of America","USA","USA",93,50,"0","-","0","0","0"
1,"QOvT0n",1,3306,2005,127,"Malaysia","MLS","MYS",202,"United States of America","USA","USA",130,37,"0","-","0","0","0"
1,"QOvT0n",1,3307,2006,127,"Malaysia","MLS","MYS",202,"United States of America","USA","USA",155,29,"0","-","0","0","0"
1,"QOvT0n",1,3308,2007,127,"Malaysia","MLS","MYS",202,"United States of America","USA","USA",165,15,"0","-","0","0","0"
1,"QOvT0n",1,3309,2008,127,"Malaysia","MLS","MYS",202,"United States of America","USA","USA",170,22,"0","-","0","0","0"
1,"QOvT0n",1,3310,2009,127,"Malaysia","MLS","MYS",202,"United States of America","USA","USA",175,22,"0","-","0","0","0"
1,"QOvT0n",1,3311,2010,127,"Malaysia","MLS","MYS",202,"United States of America","USA","USA",182,5,"0","-","0","0","0"
1,"QOvT0n",1,3312,2011,127,"Malaysia","MLS","MYS",202,"United States of America","USA","USA",165,9,"0","-","0","0","0"
1,"QOvT0n",1,3313,2012,127,"Malaysia","MLS","MYS",202,"United States of America","USA","USA",137,15,"0","-","0","0","0"
1,"QOvT0n",1,3314,2013,127,"Malaysia","MLS","MYS",202,"United States of America","USA","USA",113,47,"0","-","0","0","0"
1,"QOvT0n",1,3315,2014,127,"Malaysia","MLS","MYS",202,"United States of America","USA","USA",114,152,"0","-","0","0","0"
1,"QOvT0n",1,3316,2015,127,"Malaysia","MLS","MYS",202,"United States of America","USA","USA",103,206,"0","-","0","0","0"
1,"QOvT0n",1,3317,2016,127,"Malaysia","MLS","MYS",202,"United States of America","USA","USA",100,251,"0","-","0","0","0"
1,"QOvT0n",1,3318,2017,127,"Malaysia","MLS","MYS",202,"United States of America","USA","USA",93,313,"0","-","0","0","0"
1,"QOvT0n",1,3319,2018,127,"Malaysia","MLS","MYS",202,"United States of America","USA","USA",94,301,"0","-","0","0","0"
1,"QOvT0n",1,3320,2019,127,"Malaysia","MLS","MYS",202,"United States of America","USA","USA",97,348,"0","-","0","0","0"
1,"QOvT0n",1,3321,2020,127,"Malaysia","MLS","MYS",202,"United States of America","USA","USA",93,374,"0","-","0","0","0"
1,"QOvT0n",1,3322,2021,127,"Malaysia","MLS","MYS",202,"United States of America","USA","USA",88,409,"0","-","0","0","0"
1,"QOvT0n",1,3323,2022,127,"Malaysia","MLS","MYS",202,"United States of America","USA","USA",83,346,"0","-","0","0","0"
1,"QOvT0n",1,3324,2023,127,"Malaysia","MLS","MYS",202,"United States of America","USA","USA",77,356,"0","-","0","0","0"
1,"QOvT0n",1,3325,2024,127,"Malaysia","MLS","MYS",202,"United States of America","USA","USA",71,397,"0","-","0","0","0"
1,"QOvT0n",1,3326,2025,127,"Malaysia","MLS","MYS",202,"United States of America","USA","USA",71,397,"0","-","0","0","0"
1,"QOvT0n",1,3327,1996,128,"Malawi","MLW","MWI",202,"United States of America","USA","USA",5,"0","0","-","0","0","0"
1,"QOvT0n",1,3328,1997,128,"Malawi","MLW","MWI",202,"United States of America","USA","USA",5,"0","0","-","0","0","0"
1,"QOvT0n",1,3329,1998,128,"Malawi","MLW","MWI",202,"United States of America","USA","USA",8,"0","0","-","0","0","0"
1,"QOvT0n",1,3330,1999,128,"Malawi","MLW","MWI",202,"United States of America","USA","USA",8,"0","0","-","0","0","0"
1,"QOvT0n",1,3331,2000,128,"Malawi","MLW","MWI",202,"United States of America","USA","USA",8,5,"0","-","0","0","0"
1,"QOvT0n",1,3332,2001,128,"Malawi","MLW","MWI",202,"United States of America","USA","USA","0",5,"0","-","0","0","0"
1,"QOvT0n",1,3333,2002,128,"Malawi","MLW","MWI",202,"United States of America","USA","USA",12,"0","0","-","0","0","0"
1,"QOvT0n",1,3334,2003,128,"Malawi","MLW","MWI",202,"United States of America","USA","USA",10,18,"0","-","0","0","0"
1,"QOvT0n",1,3335,2004,128,"Malawi","MLW","MWI",202,"United States of America","USA","USA",18,10,"0","-","0","0","0"
1,"QOvT0n",1,3336,2005,128,"Malawi","MLW","MWI",202,"United States of America","USA","USA",21,8,"0","-","0","0","0"
1,"QOvT0n",1,3337,2006,128,"Malawi","MLW","MWI",202,"United States of America","USA","USA",26,23,"0","-","0","0","0"
1,"QOvT0n",1,3338,2007,128,"Malawi","MLW","MWI",202,"United States of America","USA","USA",30,"0","0","-","0","0","0"
1,"QOvT0n",1,3339,2008,128,"Malawi","MLW","MWI",202,"United States of America","USA","USA",28,5,"0","-","0","0","0"
1,"QOvT0n",1,3340,2009,128,"Malawi","MLW","MWI",202,"United States of America","USA","USA",36,5,"0","-","0","0","0"
1,"QOvT0n",1,3341,2010,128,"Malawi","MLW","MWI",202,"United States of America","USA","USA",41,"0","0","-","0","0","0"
1,"QOvT0n",1,3342,2011,128,"Malawi","MLW","MWI",202,"United States of America","USA","USA",42,"0","0","-","0","0","0"
1,"QOvT0n",1,3343,2012,128,"Malawi","MLW","MWI",202,"United States of America","USA","USA",40,5,"0","-","0","0","0"
1,"QOvT0n",1,3344,2013,128,"Malawi","MLW","MWI",202,"United States of America","USA","USA",39,10,"0","-","0","0","0"
1,"QOvT0n",1,3345,2014,128,"Malawi","MLW","MWI",202,"United States of America","USA","USA",31,7,"0","-","0","0","0"
1,"QOvT0n",1,3346,2015,128,"Malawi","MLW","MWI",202,"United States of America","USA","USA",28,28,"0","-","0","0","0"
1,"QOvT0n",1,3347,2016,128,"Malawi","MLW","MWI",202,"United States of America","USA","USA",31,50,"0","-","0","0","0"
1,"QOvT0n",1,3348,2017,128,"Malawi","MLW","MWI",202,"United States of America","USA","USA",33,71,"0","-","0","0","0"
1,"QOvT0n",1,3349,2018,128,"Malawi","MLW","MWI",202,"United States of America","USA","USA",35,99,"0","-","0","0","0"
1,"QOvT0n",1,3350,2019,128,"Malawi","MLW","MWI",202,"United States of America","USA","USA",37,115,"0","-","0","0","0"
1,"QOvT0n",1,3351,2020,128,"Malawi","MLW","MWI",202,"United States of America","USA","USA",35,137,"0","-","0","0","0"
1,"QOvT0n",1,3352,2021,128,"Malawi","MLW","MWI",202,"United States of America","USA","USA",34,178,"0","-","0","0","0"
1,"QOvT0n",1,3353,2022,128,"Malawi","MLW","MWI",202,"United States of America","USA","USA",25,224,"0","-","0","0","0"
1,"QOvT0n",1,3354,2023,128,"Malawi","MLW","MWI",202,"United States of America","USA","USA",25,569,"0","-","0","0","0"
1,"QOvT0n",1,3355,2024,128,"Malawi","MLW","MWI",202,"United States of America","USA","USA",27,1019,"0","-","0","0","0"
1,"QOvT0n",1,3356,2025,128,"Malawi","MLW","MWI",202,"United States of America","USA","USA",27,1019,"0","-","0","0","0"
1,"QOvT0n",1,3357,1996,129,"Mongolia","MNG","MNG",202,"United States of America","USA","USA",5,"0","0","-","0","0","0"
1,"QOvT0n",1,3358,1997,129,"Mongolia","MNG","MNG",202,"United States of America","USA","USA",5,"0","0","-","0","0","0"
1,"QOvT0n",1,3359,1998,129,"Mongolia","MNG","MNG",202,"United States of America","USA","USA",5,"0","0","-","0","0","0"
1,"QOvT0n",1,3360,1999,129,"Mongolia","MNG","MNG",202,"United States of America","USA","USA",5,"0","0","-","0","0","0"
1,"QOvT0n",1,3361,2000,129,"Mongolia","MNG","MNG",202,"United States of America","USA","USA",5,11,"0","-","0","0","0"
1,"QOvT0n",1,3362,2001,129,"Mongolia","MNG","MNG",202,"United States of America","USA","USA","0",23,"0","-","0","0","0"
1,"QOvT0n",1,3363,2002,129,"Mongolia","MNG","MNG",202,"United States of America","USA","USA","0",27,"0","-","0","0","0"
1,"QOvT0n",1,3364,2003,129,"Mongolia","MNG","MNG",202,"United States of America","USA","USA",27,69,"0","-","0","0","0"
1,"QOvT0n",1,3365,2004,129,"Mongolia","MNG","MNG",202,"United States of America","USA","USA",65,108,"0","-","0","0","0"
1,"QOvT0n",1,3366,2005,129,"Mongolia","MNG","MNG",202,"United States of America","USA","USA",151,177,"0","-","0","0","0"
1,"QOvT0n",1,3367,2006,129,"Mongolia","MNG","MNG",202,"United States of America","USA","USA",228,216,"0","-","0","0","0"
1,"QOvT0n",1,3368,2007,129,"Mongolia","MNG","MNG",202,"United States of America","USA","USA",348,149,"0","-","0","0","0"
1,"QOvT0n",1,3369,2008,129,"Mongolia","MNG","MNG",202,"United States of America","USA","USA",442,204,"0","-","0","0","0"
1,"QOvT0n",1,3370,2009,129,"Mongolia","MNG","MNG",202,"United States of America","USA","USA",512,215,"0","-","0","0","0"
1,"QOvT0n",1,3371,2010,129,"Mongolia","MNG","MNG",202,"United States of America","USA","USA",652,33,"0","-","0","0","0"
1,"QOvT0n",1,3372,2011,129,"Mongolia","MNG","MNG",202,"United States of America","USA","USA",795,34,"0","-","0","0","0"
1,"QOvT0n",1,3373,2012,129,"Mongolia","MNG","MNG",202,"United States of America","USA","USA",844,69,"0","-","0","0","0"
1,"QOvT0n",1,3374,2013,129,"Mongolia","MNG","MNG",202,"United States of America","USA","USA",881,199,"0","-","0","0","0"
1,"QOvT0n",1,3375,2014,129,"Mongolia","MNG","MNG",202,"United States of America","USA","USA",902,598,"0","-","0","0","0"
1,"QOvT0n",1,3376,2015,129,"Mongolia","MNG","MNG",202,"United States of America","USA","USA",874,786,"0","-","0","0","0"
1,"QOvT0n",1,3377,2016,129,"Mongolia","MNG","MNG",202,"United States of America","USA","USA",836,1325,"0","-","0","0","0"
1,"QOvT0n",1,3378,2017,129,"Mongolia","MNG","MNG",202,"United States of America","USA","USA",766,1882,"0","-","0","0","0"
1,"QOvT0n",1,3379,2018,129,"Mongolia","MNG","MNG",202,"United States of America","USA","USA",758,1995,"0","-","0","0","0"
1,"QOvT0n",1,3380,2019,129,"Mongolia","MNG","MNG",202,"United States of America","USA","USA",804,2067,"0","-","0","0","0"
1,"QOvT0n",1,3381,2020,129,"Mongolia","MNG","MNG",202,"United States of America","USA","USA",726,2234,"0","-","0","0","0"
1,"QOvT0n",1,3382,2021,129,"Mongolia","MNG","MNG",202,"United States of America","USA","USA",635,3501,"0","-","0","0","0"
1,"QOvT0n",1,3383,2022,129,"Mongolia","MNG","MNG",202,"United States of America","USA","USA",646,3544,"0","-","0","0","0"
1,"QOvT0n",1,3384,2023,129,"Mongolia","MNG","MNG",202,"United States of America","USA","USA",631,3746,"0","-","0","0","0"
1,"QOvT0n",1,3385,2024,129,"Mongolia","MNG","MNG",202,"United States of America","USA","USA",621,3947,"0","-","0","0","0"
1,"QOvT0n",1,3386,2025,129,"Mongolia","MNG","MNG",202,"United States of America","USA","USA",621,3947,"0","-","0","0","0"
1,"QOvT0n",1,3387,1996,130,"Morocco","MOR","MAR",202,"United States of America","USA","USA",5,"0","0","-","0","0","0"
1,"QOvT0n",1,3388,1997,130,"Morocco","MOR","MAR",202,"United States of America","USA","USA",5,"0","0","-","0","0","0"
1,"QOvT0n",1,3389,1998,130,"Morocco","MOR","MAR",202,"United States of America","USA","USA",15,"0","0","-","0","0","0"
1,"QOvT0n",1,3390,1999,130,"Morocco","MOR","MAR",202,"United States of America","USA","USA",18,"0","0","-","0","0","0"
1,"QOvT0n",1,3391,2000,130,"Morocco","MOR","MAR",202,"United States of America","USA","USA",25,14,"0","-","0","0","0"
1,"QOvT0n",1,3392,2001,130,"Morocco","MOR","MAR",202,"United States of America","USA","USA","0",29,"0","-","0","0","0"
1,"QOvT0n",1,3393,2002,130,"Morocco","MOR","MAR",202,"United States of America","USA","USA",45,51,"0","-","0","0","0"
1,"QOvT0n",1,3394,2003,130,"Morocco","MOR","MAR",202,"United States of America","USA","USA",33,49,"0","-","0","0","0"
1,"QOvT0n",1,3395,2004,130,"Morocco","MOR","MAR",202,"United States of America","USA","USA",39,70,"0","-","0","0","0"
1,"QOvT0n",1,3396,2005,130,"Morocco","MOR","MAR",202,"United States of America","USA","USA",45,92,"0","-","0","0","0"
1,"QOvT0n",1,3397,2006,130,"Morocco","MOR","MAR",202,"United States of America","USA","USA",87,78,"0","-","0","0","0"
1,"QOvT0n",1,3398,2007,130,"Morocco","MOR","MAR",202,"United States of America","USA","USA",94,48,"0","-","0","0","0"
1,"QOvT0n",1,3399,2008,130,"Morocco","MOR","MAR",202,"United States of America","USA","USA",99,30,"0","-","0","0","0"
1,"QOvT0n",1,3400,2009,130,"Morocco","MOR","MAR",202,"United States of America","USA","USA",106,25,"0","-","0","0","0"
1,"QOvT0n",1,3401,2010,130,"Morocco","MOR","MAR",202,"United States of America","USA","USA",103,5,"0","-","0","0","0"
1,"QOvT0n",1,3402,2011,130,"Morocco","MOR","MAR",202,"United States of America","USA","USA",112,7,"0","-","0","0","0"
1,"QOvT0n",1,3403,2012,130,"Morocco","MOR","MAR",202,"United States of America","USA","USA",117,9,"0","-","0","0","0"
1,"QOvT0n",1,3404,2013,130,"Morocco","MOR","MAR",202,"United States of America","USA","USA",114,45,"0","-","0","0","0"
1,"QOvT0n",1,3405,2014,130,"Morocco","MOR","MAR",202,"United States of America","USA","USA",118,101,"0","-","0","0","0"
1,"QOvT0n",1,3406,2015,130,"Morocco","MOR","MAR",202,"United States of America","USA","USA",117,132,"0","-","0","0","0"
1,"QOvT0n",1,3407,2016,130,"Morocco","MOR","MAR",202,"United States of America","USA","USA",113,144,"0","-","0","0","0"
1,"QOvT0n",1,3408,2017,130,"Morocco","MOR","MAR",202,"United States of America","USA","USA",114,198,"0","-","0","0","0"
1,"QOvT0n",1,3409,2018,130,"Morocco","MOR","MAR",202,"United States of America","USA","USA",111,215,"0","-","0","0","0"
1,"QOvT0n",1,3410,2019,130,"Morocco","MOR","MAR",202,"United States of America","USA","USA",125,212,"0","-","0","0","0"
1,"QOvT0n",1,3411,2020,130,"Morocco","MOR","MAR",202,"United States of America","USA","USA",124,243,"0","-","0","0","0"
1,"QOvT0n",1,3412,2021,130,"Morocco","MOR","MAR",202,"United States of America","USA","USA",132,312,"0","-","0","0","0"
1,"QOvT0n",1,3413,2022,130,"Morocco","MOR","MAR",202,"United States of America","USA","USA",111,334,"0","-","0","0","0"
1,"QOvT0n",1,3414,2023,130,"Morocco","MOR","MAR",202,"United States of America","USA","USA",110,494,"0","-","0","0","0"
1,"QOvT0n",1,3415,2024,130,"Morocco","MOR","MAR",202,"United States of America","USA","USA",109,984,"0","-","0","0","0"
1,"QOvT0n",1,3416,2025,130,"Morocco","MOR","MAR",202,"United States of America","USA","USA",109,984,"0","-","0","0","0"
1,"QOvT0n",1,3417,1988,131,"Mozambique","MOZ","MOZ",202,"United States of America","USA","USA",54,"0","0","-","0","0","0"
1,"QOvT0n",1,3418,1989,131,"Mozambique","MOZ","MOZ",202,"United States of America","USA","USA",32,"0","0","-","0","0","0"
1,"QOvT0n",1,3419,1990,131,"Mozambique","MOZ","MOZ",202,"United States of America","USA","USA",28,"0","0","-","0","0","0"
1,"QOvT0n",1,3420,1991,131,"Mozambique","MOZ","MOZ",202,"United States of America","USA","USA",39,"0","0","-","0","0","0"
1,"QOvT0n",1,3421,1992,131,"Mozambique","MOZ","MOZ",202,"United States of America","USA","USA",40,"0","0","-","0","0","0"
1,"QOvT0n",1,3422,1993,131,"Mozambique","MOZ","MOZ",202,"United States of America","USA","USA",27,"0","0","-","0","0","0"
1,"QOvT0n",1,3423,1994,131,"Mozambique","MOZ","MOZ",202,"United States of America","USA","USA",24,"0","0","-","0","0","0"
1,"QOvT0n",1,3424,1995,131,"Mozambique","MOZ","MOZ",202,"United States of America","USA","USA",21,"0","0","-","0","0","0"
1,"QOvT0n",1,3425,1996,131,"Mozambique","MOZ","MOZ",202,"United States of America","USA","USA",9,"0","0","-","0","0","0"
1,"QOvT0n",1,3426,1997,131,"Mozambique","MOZ","MOZ",202,"United States of America","USA","USA",5,"0","0","-","0","0","0"
1,"QOvT0n",1,3427,1998,131,"Mozambique","MOZ","MOZ",202,"United States of America","USA","USA",5,"0","0","-","0","0","0"
1,"QOvT0n",1,3428,2015,131,"Mozambique","MOZ","MOZ",202,"United States of America","USA","USA","0",5,"0","-","0","0","0"
1,"QOvT0n",1,3429,2016,131,"Mozambique","MOZ","MOZ",202,"United States of America","USA","USA","0",7,"0","-","0","0","0"
1,"QOvT0n",1,3430,2017,131,"Mozambique","MOZ","MOZ",202,"United States of America","USA","USA","0",31,"0","-","0","0","0"
1,"QOvT0n",1,3431,2018,131,"Mozambique","MOZ","MOZ",202,"United States of America","USA","USA",5,37,"0","-","0","0","0"
1,"QOvT0n",1,3432,2019,131,"Mozambique","MOZ","MOZ",202,"United States of America","USA","USA",21,36,"0","-","0","0","0"
1,"QOvT0n",1,3433,2020,131,"Mozambique","MOZ","MOZ",202,"United States of America","USA","USA",24,38,"0","-","0","0","0"
1,"QOvT0n",1,3434,2021,131,"Mozambique","MOZ","MOZ",202,"United States of America","USA","USA",28,53,"0","-","0","0","0"
1,"QOvT0n",1,3435,2022,131,"Mozambique","MOZ","MOZ",202,"United States of America","USA","USA",32,57,"0","-","0","0","0"
1,"QOvT0n",1,3436,2023,131,"Mozambique","MOZ","MOZ",202,"United States of America","USA","USA",32,99,"0","-","0","0","0"
1,"QOvT0n",1,3437,2024,131,"Mozambique","MOZ","MOZ",202,"United States of America","USA","USA",32,169,"0","-","0","0","0"
1,"QOvT0n",1,3438,2025,131,"Mozambique","MOZ","MOZ",202,"United States of America","USA","USA",32,169,"0","-","0","0","0"
1,"QOvT0n",1,3439,1999,132,"Malta","MTA","MLT",202,"United States of America","USA","USA",5,"0","0","-","0","0","0"
1,"QOvT0n",1,3440,2000,132,"Malta","MTA","MLT",202,"United States of America","USA","USA",5,"0","0","-","0","0","0"
1,"QOvT0n",1,3441,2003,132,"Malta","MTA","MLT",202,"United States of America","USA","USA","0",8,"0","-","0","0","0"
1,"QOvT0n",1,3442,2004,132,"Malta","MTA","MLT",202,"United States of America","USA","USA","0",5,"0","-","0","0","0"
1,"QOvT0n",1,3443,2006,132,"Malta","MTA","MLT",202,"United States of America","USA","USA",5,5,"0","-","0","0","0"
1,"QOvT0n",1,3444,2007,132,"Malta","MTA","MLT",202,"United States of America","USA","USA",5,"0","0","-","0","0","0"
1,"QOvT0n",1,3445,2008,132,"Malta","MTA","MLT",202,"United States of America","USA","USA",5,"0","0","-","0","0","0"
1,"QOvT0n",1,3446,2009,132,"Malta","MTA","MLT",202,"United States of America","USA","USA",5,"0","0","-","0","0","0"
1,"QOvT0n",1,3447,2010,132,"Malta","MTA","MLT",202,"United States of America","USA","USA",5,"0","0","-","0","0","0"
1,"QOvT0n",1,3448,2011,132,"Malta","MTA","MLT",202,"United States of America","USA","USA",5,"0","0","-","0","0","0"
1,"QOvT0n",1,3449,2012,132,"Malta","MTA","MLT",202,"United States of America","USA","USA",5,"0","0","-","0","0","0"
1,"QOvT0n",1,3450,2013,132,"Malta","MTA","MLT",202,"United States of America","USA","USA",5,"0","0","-","0","0","0"
1,"QOvT0n",1,3451,2018,132,"Malta","MTA","MLT",202,"United States of America","USA","USA","0",5,"0","-","0","0","0"
1,"QOvT0n",1,3452,2019,132,"Malta","MTA","MLT",202,"United States of America","USA","USA","0",5,"0","-","0","0","0"
1,"QOvT0n",1,3453,2020,132,"Malta","MTA","MLT",202,"United States of America","USA","USA","0",5,"0","-","0","0","0"
1,"QOvT0n",1,3454,2022,132,"Malta","MTA","MLT",202,"United States of America","USA","USA","0",5,"0","-","0","0","0"
1,"QOvT0n",1,3455,2024,132,"Malta","MTA","MLT",202,"United States of America","USA","USA","0",5,"0","-","0","0","0"
1,"QOvT0n",1,3456,2025,132,"Malta","MTA","MLT",202,"United States of America","USA","USA","0",5,"0","-","0","0","0"
1,"QOvT0n",1,3457,2009,133,"Montenegro","MNE","MNE",202,"United States of America","USA","USA",48,"0","0","-","0","0","0"
1,"QOvT0n",1,3458,2010,133,"Montenegro","MNE","MNE",202,"United States of America","USA","USA",49,"0","0","-","0","0","0"
1,"QOvT0n",1,3459,2011,133,"Montenegro","MNE","MNE",202,"United States of America","USA","USA",53,"0","0","-","0","0","0"
1,"QOvT0n",1,3460,2012,133,"Montenegro","MNE","MNE",202,"United States of America","USA","USA",95,6,"0","-","0","0","0"
1,"QOvT0n",1,3461,2013,133,"Montenegro","MNE","MNE",202,"United States of America","USA","USA",98,14,"0","-","0","0","0"
1,"QOvT0n",1,3462,2014,133,"Montenegro","MNE","MNE",202,"United States of America","USA","USA",98,"0","0","-","0","0","0"
1,"QOvT0n",1,3463,2015,133,"Montenegro","MNE","MNE",202,"United States of America","USA","USA",102,60,"0","-","0","0","0"
1,"QOvT0n",1,3464,2016,133,"Montenegro","MNE","MNE",202,"United States of America","USA","USA",105,109,"0","-","0","0","0"
1,"QOvT0n",1,3465,2017,133,"Montenegro","MNE","MNE",202,"United States of America","USA","USA",109,206,"0","-","0","0","0"
1,"QOvT0n",1,3466,2018,133,"Montenegro","MNE","MNE",202,"United States of America","USA","USA",120,259,"0","-","0","0","0"
1,"QOvT0n",1,3467,2019,133,"Montenegro","MNE","MNE",202,"United States of America","USA","USA",94,331,"0","-","0","0","0"
1,"QOvT0n",1,3468,2020,133,"Montenegro","MNE","MNE",202,"United States of America","USA","USA",95,447,"0","-","0","0","0"
1,"QOvT0n",1,3469,2021,133,"Montenegro","MNE","MNE",202,"United States of America","USA","USA",100,537,"0","-","0","0","0"
1,"QOvT0n",1,3470,2022,133,"Montenegro","MNE","MNE",202,"United States of America","USA","USA",68,602,"0","-","0","0","0"
1,"QOvT0n",1,3471,2023,133,"Montenegro","MNE","MNE",202,"United States of America","USA","USA",74,745,"0","-","0","0","0"
1,"QOvT0n",1,3472,2024,133,"Montenegro","MNE","MNE",202,"United States of America","USA","USA",74,854,"0","-","0","0","0"
1,"QOvT0n",1,3473,2025,133,"Montenegro","MNE","MNE",202,"United States of America","USA","USA",74,854,"0","-","0","0","0"
1,"QOvT0n",1,3474,1998,134,"Mauritius","MTS","MUS",202,"United States of America","USA","USA",5,"0","0","-","0","0","0"
1,"QOvT0n",1,3475,1999,134,"Mauritius","MTS","MUS",202,"United States of America","USA","USA",5,"0","0","-","0","0","0"
1,"QOvT0n",1,3476,2000,134,"Mauritius","MTS","MUS",202,"United States of America","USA","USA",5,"0","0","-","0","0","0"
1,"QOvT0n",1,3477,2001,134,"Mauritius","MTS","MUS",202,"United States of America","USA","USA","0",6,"0","-","0","0","0"
1,"QOvT0n",1,3478,2002,134,"Mauritius","MTS","MUS",202,"United States of America","USA","USA",5,10,"0","-","0","0","0"
1,"QOvT0n",1,3479,2003,134,"Mauritius","MTS","MUS",202,"United States of America","USA","USA","0",6,"0","-","0","0","0"
1,"QOvT0n",1,3480,2004,134,"Mauritius","MTS","MUS",202,"United States of America","USA","USA","0",6,"0","-","0","0","0"
1,"QOvT0n",1,3481,2005,134,"Mauritius","MTS","MUS",202,"United States of America","USA","USA","0",7,"0","-","0","0","0"
1,"QOvT0n",1,3482,2006,134,"Mauritius","MTS","MUS",202,"United States of America","USA","USA",5,5,"0","-","0","0","0"
1,"QOvT0n",1,3483,2007,134,"Mauritius","MTS","MUS",202,"United States of America","USA","USA",7,"0","0","-","0","0","0"
1,"QOvT0n",1,3484,2009,134,"Mauritius","MTS","MUS",202,"United States of America","USA","USA",5,"0","0","-","0","0","0"
1,"QOvT0n",1,3485,2010,134,"Mauritius","MTS","MUS",202,"United States of America","USA","USA",9,5,"0","-","0","0","0"
1,"QOvT0n",1,3486,2011,134,"Mauritius","MTS","MUS",202,"United States of America","USA","USA",15,5,"0","-","0","0","0"
1,"QOvT0n",1,3487,2012,134,"Mauritius","MTS","MUS",202,"United States of America","USA","USA",16,"0","0","-","0","0","0"
1,"QOvT0n",1,3488,2013,134,"Mauritius","MTS","MUS",202,"United States of America","USA","USA",16,"0","0","-","0","0","0"
1,"QOvT0n",1,3489,2014,134,"Mauritius","MTS","MUS",202,"United States of America","USA","USA",25,17,"0","-","0","0","0"
1,"QOvT0n",1,3490,2015,134,"Mauritius","MTS","MUS",202,"United States of America","USA","USA",28,32,"0","-","0","0","0"
1,"QOvT0n",1,3491,2016,134,"Mauritius","MTS","MUS",202,"United States of America","USA","USA",31,41,"0","-","0","0","0"
1,"QOvT0n",1,3492,2017,134,"Mauritius","MTS","MUS",202,"United States of America","USA","USA",31,44,"0","-","0","0","0"
1,"QOvT0n",1,3493,2018,134,"Mauritius","MTS","MUS",202,"United States of America","USA","USA",36,42,"0","-","0","0","0"
1,"QOvT0n",1,3494,2019,134,"Mauritius","MTS","MUS",202,"United States of America","USA","USA",38,39,"0","-","0","0","0"
1,"QOvT0n",1,3495,2020,134,"Mauritius","MTS","MUS",202,"United States of America","USA","USA",34,36,"0","-","0","0","0"
1,"QOvT0n",1,3496,2021,134,"Mauritius","MTS","MUS",202,"United States of America","USA","USA",31,46,"0","-","0","0","0"
1,"QOvT0n",1,3497,2022,134,"Mauritius","MTS","MUS",202,"United States of America","USA","USA",31,52,"0","-","0","0","0"
1,"QOvT0n",1,3498,2023,134,"Mauritius","MTS","MUS",202,"United States of America","USA","USA",31,69,"0","-","0","0","0"
1,"QOvT0n",1,3499,2024,134,"Mauritius","MTS","MUS",202,"United States of America","USA","USA",26,79,"0","-","0","0","0"
1,"QOvT0n",1,3500,2025,134,"Mauritius","MTS","MUS",202,"United States of America","USA","USA",26,79,"0","-","0","0","0"
1,"QOvT0n",1,3501,1990,135,"Myanmar","MYA","MMR",202,"United States of America","USA","USA",13,"0","0","-","0","0","0"
1,"QOvT0n",1,3502,1991,135,"Myanmar","MYA","MMR",202,"United States of America","USA","USA",27,"0","0","-","0","0","0"
1,"QOvT0n",1,3503,1992,135,"Myanmar","MYA","MMR",202,"United States of America","USA","USA",104,"0","0","-","0","0","0"
1,"QOvT0n",1,3504,1993,135,"Myanmar","MYA","MMR",202,"United States of America","USA","USA",240,"0","0","-","0","0","0"
1,"QOvT0n",1,3505,1994,135,"Myanmar","MYA","MMR",202,"United States of America","USA","USA",402,"0","0","-","0","0","0"
1,"QOvT0n",1,3506,1995,135,"Myanmar","MYA","MMR",202,"United States of America","USA","USA",642,"0","0","-","0","0","0"
1,"QOvT0n",1,3507,1996,135,"Myanmar","MYA","MMR",202,"United States of America","USA","USA",810,"0","0","-","0","0","0"
1,"QOvT0n",1,3508,1997,135,"Myanmar","MYA","MMR",202,"United States of America","USA","USA",1135,"0","0","-","0","0","0"
1,"QOvT0n",1,3509,1998,135,"Myanmar","MYA","MMR",202,"United States of America","USA","USA",1508,"0","0","-","0","0","0"
1,"QOvT0n",1,3510,1999,135,"Myanmar","MYA","MMR",202,"United States of America","USA","USA",2079,"0","0","-","0","0","0"
1,"QOvT0n",1,3511,2000,135,"Myanmar","MYA","MMR",202,"United States of America","USA","USA",3006,485,"0","-","0","0","0"
1,"QOvT0n",1,3512,2001,135,"Myanmar","MYA","MMR",202,"United States of America","USA","USA",5268,465,"0","-","0","0","0"
1,"QOvT0n",1,3513,2002,135,"Myanmar","MYA","MMR",202,"United States of America","USA","USA",5551,483,"0","-","0","0","0"
1,"QOvT0n",1,3514,2003,135,"Myanmar","MYA","MMR",202,"United States of America","USA","USA",4789,454,"0","-","0","0","0"
1,"QOvT0n",1,3515,2004,135,"Myanmar","MYA","MMR",202,"United States of America","USA","USA",5342,392,"0","-","0","0","0"
1,"QOvT0n",1,3516,2005,135,"Myanmar","MYA","MMR",202,"United States of America","USA","USA",6793,329,"0","-","0","0","0"
1,"QOvT0n",1,3517,2006,135,"Myanmar","MYA","MMR",202,"United States of America","USA","USA",11639,268,"0","-","0","0","0"
1,"QOvT0n",1,3518,2007,135,"Myanmar","MYA","MMR",202,"United States of America","USA","USA",5334,190,"0","-","0","0","0"
1,"QOvT0n",1,3519,2008,135,"Myanmar","MYA","MMR",202,"United States of America","USA","USA",5170,199,"0","-","0","0","0"
1,"QOvT0n",1,3520,2009,135,"Myanmar","MYA","MMR",202,"United States of America","USA","USA",5021,163,"0","-","0","0","0"
1,"QOvT0n",1,3521,2010,135,"Myanmar","MYA","MMR",202,"United States of America","USA","USA",4751,32,"0","-","0","0","0"
1,"QOvT0n",1,3522,2011,135,"Myanmar","MYA","MMR",202,"United States of America","USA","USA",3164,62,"0","-","0","0","0"
1,"QOvT0n",1,3523,2012,135,"Myanmar","MYA","MMR",202,"United States of America","USA","USA",2739,41,"0","-","0","0","0"
1,"QOvT0n",1,3524,2013,135,"Myanmar","MYA","MMR",202,"United States of America","USA","USA",2471,102,"0","-","0","0","0"
1,"QOvT0n",1,3525,2014,135,"Myanmar","MYA","MMR",202,"United States of America","USA","USA",2204,242,"0","-","0","0","0"
1,"QOvT0n",1,3526,2015,135,"Myanmar","MYA","MMR",202,"United States of America","USA","USA",1999,346,"0","-","0","0","0"
1,"QOvT0n",1,3527,2016,135,"Myanmar","MYA","MMR",202,"United States of America","USA","USA",1751,510,"0","-","0","0","0"
1,"QOvT0n",1,3528,2017,135,"Myanmar","MYA","MMR",202,"United States of America","USA","USA",1623,779,"0","-","0","0","0"
1,"QOvT0n",1,3529,2018,135,"Myanmar","MYA","MMR",202,"United States of America","USA","USA",1553,956,"0","-","0","0","0"
1,"QOvT0n",1,3530,2019,135,"Myanmar","MYA","MMR",202,"United States of America","USA","USA",1429,1294,"0","-","0","0","0"
1,"QOvT0n",1,3531,2020,135,"Myanmar","MYA","MMR",202,"United States of America","USA","USA",1272,2190,"0","-","0","0","0"
1,"QOvT0n",1,3532,2021,135,"Myanmar","MYA","MMR",202,"United States of America","USA","USA",1223,3096,"0","-","0","0","0"
1,"QOvT0n",1,3533,2022,135,"Myanmar","MYA","MMR",202,"United States of America","USA","USA",1322,3773,"0","-","0","0","0"
1,"QOvT0n",1,3534,2023,135,"Myanmar","MYA","MMR",202,"United States of America","USA","USA",1351,6419,"0","-","0","0","0"
1,"QOvT0n",1,3535,2024,135,"Myanmar","MYA","MMR",202,"United States of America","USA","USA",1363,9626,"0","-","0","0","0"
1,"QOvT0n",1,3536,2025,135,"Myanmar","MYA","MMR",202,"United States of America","USA","USA",1363,9626,"0","-","0","0","0"
1,"QOvT0n",1,3537,1988,136,"Namibia","NAM","NAM",202,"United States of America","USA","USA",45,"0","0","-","0","0","0"
1,"QOvT0n",1,3538,1989,136,"Namibia","NAM","NAM",202,"United States of America","USA","USA",23,"0","0","-","0","0","0"
1,"QOvT0n",1,3539,1990,136,"Namibia","NAM","NAM",202,"United States of America","USA","USA",11,"0","0","-","0","0","0"
1,"QOvT0n",1,3540,1991,136,"Namibia","NAM","NAM",202,"United States of America","USA","USA",6,"0","0","-","0","0","0"
1,"QOvT0n",1,3541,1992,136,"Namibia","NAM","NAM",202,"United States of America","USA","USA",5,"0","0","-","0","0","0"
1,"QOvT0n",1,3542,2000,136,"Namibia","NAM","NAM",202,"United States of America","USA","USA",5,"0","0","-","0","0","0"
1,"QOvT0n",1,3543,2002,136,"Namibia","NAM","NAM",202,"United States of America","USA","USA",6,"0","0","-","0","0","0"
1,"QOvT0n",1,3544,2003,136,"Namibia","NAM","NAM",202,"United States of America","USA","USA","0",5,"0","-","0","0","0"
1,"QOvT0n",1,3545,2004,136,"Namibia","NAM","NAM",202,"United States of America","USA","USA","0",5,"0","-","0","0","0"
1,"QOvT0n",1,3546,2005,136,"Namibia","NAM","NAM",202,"United States of America","USA","USA",5,5,"0","-","0","0","0"
1,"QOvT0n",1,3547,2006,136,"Namibia","NAM","NAM",202,"United States of America","USA","USA",5,"0","0","-","0","0","0"
1,"QOvT0n",1,3548,2009,136,"Namibia","NAM","NAM",202,"United States of America","USA","USA",5,"0","0","-","0","0","0"
1,"QOvT0n",1,3549,2010,136,"Namibia","NAM","NAM",202,"United States of America","USA","USA",5,"0","0","-","0","0","0"
1,"QOvT0n",1,3550,2011,136,"Namibia","NAM","NAM",202,"United States of America","USA","USA",40,"0","0","-","0","0","0"
1,"QOvT0n",1,3551,2012,136,"Namibia","NAM","NAM",202,"United States of America","USA","USA",41,"0","0","-","0","0","0"
1,"QOvT0n",1,3552,2013,136,"Namibia","NAM","NAM",202,"United States of America","USA","USA",43,"0","0","-","0","0","0"
1,"QOvT0n",1,3553,2014,136,"Namibia","NAM","NAM",202,"United States of America","USA","USA",43,6,"0","-","0","0","0"
1,"QOvT0n",1,3554,2015,136,"Namibia","NAM","NAM",202,"United States of America","USA","USA",47,"0","0","-","0","0","0"
1,"QOvT0n",1,3555,2016,136,"Namibia","NAM","NAM",202,"United States of America","USA","USA",45,"0","0","-","0","0","0"
1,"QOvT0n",1,3556,2017,136,"Namibia","NAM","NAM",202,"United States of America","USA","USA",45,6,"0","-","0","0","0"
1,"QOvT0n",1,3557,2018,136,"Namibia","NAM","NAM",202,"United States of America","USA","USA",44,7,"0","-","0","0","0"
1,"QOvT0n",1,3558,2019,136,"Namibia","NAM","NAM",202,"United States of America","USA","USA",43,20,"0","-","0","0","0"
1,"QOvT0n",1,3559,2020,136,"Namibia","NAM","NAM",202,"United States of America","USA","USA",43,29,"0","-","0","0","0"
1,"QOvT0n",1,3560,2021,136,"Namibia","NAM","NAM",202,"United States of America","USA","USA",17,29,"0","-","0","0","0"
1,"QOvT0n",1,3561,2022,136,"Namibia","NAM","NAM",202,"United States of America","USA","USA",19,78,"0","-","0","0","0"
1,"QOvT0n",1,3562,2023,136,"Namibia","NAM","NAM",202,"United States of America","USA","USA",19,136,"0","-","0","0","0"
1,"QOvT0n",1,3563,2024,136,"Namibia","NAM","NAM",202,"United States of America","USA","USA",21,175,"0","-","0","0","0"
1,"QOvT0n",1,3564,2025,136,"Namibia","NAM","NAM",202,"United States of America","USA","USA",21,175,"0","-","0","0","0"
1,"QOvT0n",1,3565,1995,137,"Nepal","NEP","NPL",202,"United States of America","USA","USA",17,"0","0","-","0","0","0"
1,"QOvT0n",1,3566,1996,137,"Nepal","NEP","NPL",202,"United States of America","USA","USA",24,"0","0","-","0","0","0"
1,"QOvT0n",1,3567,1997,137,"Nepal","NEP","NPL",202,"United States of America","USA","USA",24,"0","0","-","0","0","0"
1,"QOvT0n",1,3568,1998,137,"Nepal","NEP","NPL",202,"United States of America","USA","USA",50,"0","0","-","0","0","0"
1,"QOvT0n",1,3569,1999,137,"Nepal","NEP","NPL",202,"United States of America","USA","USA",113,"0","0","-","0","0","0"
1,"QOvT0n",1,3570,2000,137,"Nepal","NEP","NPL",202,"United States of America","USA","USA",172,123,"0","-","0","0","0"
1,"QOvT0n",1,3571,2001,137,"Nepal","NEP","NPL",202,"United States of America","USA","USA",230,137,"0","-","0","0","0"
1,"QOvT0n",1,3572,2002,137,"Nepal","NEP","NPL",202,"United States of America","USA","USA",344,210,"0","-","0","0","0"
1,"QOvT0n",1,3573,2003,137,"Nepal","NEP","NPL",202,"United States of America","USA","USA",429,347,"0","-","0","0","0"
1,"QOvT0n",1,3574,2004,137,"Nepal","NEP","NPL",202,"United States of America","USA","USA",571,423,"0","-","0","0","0"
1,"QOvT0n",1,3575,2005,137,"Nepal","NEP","NPL",202,"United States of America","USA","USA",957,495,"0","-","0","0","0"
1,"QOvT0n",1,3576,2006,137,"Nepal","NEP","NPL",202,"United States of America","USA","USA",1518,568,"0","-","0","0","0"
1,"QOvT0n",1,3577,2007,137,"Nepal","NEP","NPL",202,"United States of America","USA","USA",1952,575,"0","-","0","0","0"
1,"QOvT0n",1,3578,2008,137,"Nepal","NEP","NPL",202,"United States of America","USA","USA",2464,725,"0","-","0","0","0"
1,"QOvT0n",1,3579,2009,137,"Nepal","NEP","NPL",202,"United States of America","USA","USA",3125,716,"0","-","0","0","0"
1,"QOvT0n",1,3580,2010,137,"Nepal","NEP","NPL",202,"United States of America","USA","USA",3764,179,"0","-","0","0","0"
1,"QOvT0n",1,3581,2011,137,"Nepal","NEP","NPL",202,"United States of America","USA","USA",4574,423,"0","-","0","0","0"
1,"QOvT0n",1,3582,2012,137,"Nepal","NEP","NPL",202,"United States of America","USA","USA",5121,763,"0","-","0","0","0"
1,"QOvT0n",1,3583,2013,137,"Nepal","NEP","NPL",202,"United States of America","USA","USA",5771,1831,"0","-","0","0","0"
1,"QOvT0n",1,3584,2014,137,"Nepal","NEP","NPL",202,"United States of America","USA","USA",6197,3547,"0","-","0","0","0"
1,"QOvT0n",1,3585,2015,137,"Nepal","NEP","NPL",202,"United States of America","USA","USA",6605,4293,"0","-","0","0","0"
1,"QOvT0n",1,3586,2016,137,"Nepal","NEP","NPL",202,"United States of America","USA","USA",6784,5820,"0","-","0","0","0"
1,"QOvT0n",1,3587,2017,137,"Nepal","NEP","NPL",202,"United States of America","USA","USA",6907,6872,"0","-","0","0","0"
1,"QOvT0n",1,3588,2018,137,"Nepal","NEP","NPL",202,"United States of America","USA","USA",7053,6724,"0","-","0","0","0"
1,"QOvT0n",1,3589,2019,137,"Nepal","NEP","NPL",202,"United States of America","USA","USA",7122,6755,"0","-","0","0","0"
1,"QOvT0n",1,3590,2020,137,"Nepal","NEP","NPL",202,"United States of America","USA","USA",6742,6953,"0","-","0","0","0"
1,"QOvT0n",1,3591,2021,137,"Nepal","NEP","NPL",202,"United States of America","USA","USA",6271,7702,"0","-","0","0","0"
1,"QOvT0n",1,3592,2022,137,"Nepal","NEP","NPL",202,"United States of America","USA","USA",6224,8196,"0","-","0","0","0"
1,"QOvT0n",1,3593,2023,137,"Nepal","NEP","NPL",202,"United States of America","USA","USA",6142,10707,"0","-","0","0","0"
1,"QOvT0n",1,3594,2024,137,"Nepal","NEP","NPL",202,"United States of America","USA","USA",6124,13156,"0","-","0","0","0"
1,"QOvT0n",1,3595,2025,137,"Nepal","NEP","NPL",202,"United States of America","USA","USA",6124,13156,"0","-","0","0","0"
1,"QOvT0n",1,3596,1995,138,"Netherlands (Kingdom of the)","NET","NLD",202,"United States of America","USA","USA",5,"0","0","-","0","0","0"
1,"QOvT0n",1,3597,1996,138,"Netherlands (Kingdom of the)","NET","NLD",202,"United States of America","USA","USA",5,"0","0","-","0","0","0"
1,"QOvT0n",1,3598,1997,138,"Netherlands (Kingdom of the)","NET","NLD",202,"United States of America","USA","USA",5,"0","0","-","0","0","0"
1,"QOvT0n",1,3599,1998,138,"Netherlands (Kingdom of the)","NET","NLD",202,"United States of America","USA","USA",5,"0","0","-","0","0","0"
1,"QOvT0n",1,3600,1999,138,"Netherlands (Kingdom of the)","NET","NLD",202,"United States of America","USA","USA",5,"0","0","-","0","0","0"
1,"QOvT0n",1,3601,2000,138,"Netherlands (Kingdom of the)","NET","NLD",202,"United States of America","USA","USA","0",5,"0","-","0","0","0"
1,"QOvT0n",1,3602,2001,138,"Netherlands (Kingdom of the)","NET","NLD",202,"United States of America","USA","USA","0",5,"0","-","0","0","0"
1,"QOvT0n",1,3603,2003,138,"Netherlands (Kingdom of the)","NET","NLD",202,"United States of America","USA","USA","0",5,"0","-","0","0","0"
1,"QOvT0n",1,3604,2004,138,"Netherlands (Kingdom of the)","NET","NLD",202,"United States of America","USA","USA","0",10,"0","-","0","0","0"
1,"QOvT0n",1,3605,2005,138,"Netherlands (Kingdom of the)","NET","NLD",202,"United States of America","USA","USA","0",9,"0","-","0","0","0"
1,"QOvT0n",1,3606,2006,138,"Netherlands (Kingdom of the)","NET","NLD",202,"United States of America","USA","USA",5,5,"0","-","0","0","0"
1,"QOvT0n",1,3607,2007,138,"Netherlands (Kingdom of the)","NET","NLD",202,"United States of America","USA","USA",5,"0","0","-","0","0","0"
1,"QOvT0n",1,3608,2008,138,"Netherlands (Kingdom of the)","NET","NLD",202,"United States of America","USA","USA",5,5,"0","-","0","0","0"
1,"QOvT0n",1,3609,2009,138,"Netherlands (Kingdom of the)","NET","NLD",202,"United States of America","USA","USA",5,5,"0","-","0","0","0"
1,"QOvT0n",1,3610,2010,138,"Netherlands (Kingdom of the)","NET","NLD",202,"United States of America","USA","USA",9,"0","0","-","0","0","0"
1,"QOvT0n",1,3611,2011,138,"Netherlands (Kingdom of the)","NET","NLD",202,"United States of America","USA","USA",11,5,"0","-","0","0","0"
1,"QOvT0n",1,3612,2012,138,"Netherlands (Kingdom of the)","NET","NLD",202,"United States of America","USA","USA",12,5,"0","-","0","0","0"
1,"QOvT0n",1,3613,2013,138,"Netherlands (Kingdom of the)","NET","NLD",202,"United States of America","USA","USA",11,13,"0","-","0","0","0"
1,"QOvT0n",1,3614,2014,138,"Netherlands (Kingdom of the)","NET","NLD",202,"United States of America","USA","USA",10,24,"0","-","0","0","0"
1,"QOvT0n",1,3615,2015,138,"Netherlands (Kingdom of the)","NET","NLD",202,"United States of America","USA","USA",8,45,"0","-","0","0","0"
1,"QOvT0n",1,3616,2016,138,"Netherlands (Kingdom of the)","NET","NLD",202,"United States of America","USA","USA",13,32,"0","-","0","0","0"
1,"QOvT0n",1,3617,2017,138,"Netherlands (Kingdom of the)","NET","NLD",202,"United States of America","USA","USA",13,41,"0","-","0","0","0"
1,"QOvT0n",1,3618,2018,138,"Netherlands (Kingdom of the)","NET","NLD",202,"United States of America","USA","USA",11,51,"0","-","0","0","0"
1,"QOvT0n",1,3619,2019,138,"Netherlands (Kingdom of the)","NET","NLD",202,"United States of America","USA","USA",11,56,"0","-","0","0","0"
1,"QOvT0n",1,3620,2020,138,"Netherlands (Kingdom of the)","NET","NLD",202,"United States of America","USA","USA",7,67,"0","-","0","0","0"
1,"QOvT0n",1,3621,2021,138,"Netherlands (Kingdom of the)","NET","NLD",202,"United States of America","USA","USA",7,69,"0","-","0","0","0"
1,"QOvT0n",1,3622,2022,138,"Netherlands (Kingdom of the)","NET","NLD",202,"United States of America","USA","USA",7,74,"0","-","0","0","0"
1,"QOvT0n",1,3623,2023,138,"Netherlands (Kingdom of the)","NET","NLD",202,"United States of America","USA","USA",12,115,"0","-","0","0","0"
1,"QOvT0n",1,3624,2024,138,"Netherlands (Kingdom of the)","NET","NLD",202,"United States of America","USA","USA",12,136,"0","-","0","0","0"
1,"QOvT0n",1,3625,2025,138,"Netherlands (Kingdom of the)","NET","NLD",202,"United States of America","USA","USA",12,136,"0","-","0","0","0"
1,"QOvT0n",1,3626,1995,139,"Niger","NGR","NER",202,"United States of America","USA","USA",79,"0","0","-","0","0","0"
1,"QOvT0n",1,3627,1996,139,"Niger","NGR","NER",202,"United States of America","USA","USA",148,"0","0","-","0","0","0"
1,"QOvT0n",1,3628,1997,139,"Niger","NGR","NER",202,"United States of America","USA","USA",238,"0","0","-","0","0","0"
1,"QOvT0n",1,3629,1998,139,"Niger","NGR","NER",202,"United States of America","USA","USA",353,"0","0","-","0","0","0"
1,"QOvT0n",1,3630,1999,139,"Niger","NGR","NER",202,"United States of America","USA","USA",455,"0","0","-","0","0","0"
1,"QOvT0n",1,3631,2000,139,"Niger","NGR","NER",202,"United States of America","USA","USA",425,96,"0","-","0","0","0"
1,"QOvT0n",1,3632,2001,139,"Niger","NGR","NER",202,"United States of America","USA","USA",394,120,"0","-","0","0","0"
1,"QOvT0n",1,3633,2002,139,"Niger","NGR","NER",202,"United States of America","USA","USA",332,130,"0","-","0","0","0"
1,"QOvT0n",1,3634,2003,139,"Niger","NGR","NER",202,"United States of America","USA","USA",210,142,"0","-","0","0","0"
1,"QOvT0n",1,3635,2004,139,"Niger","NGR","NER",202,"United States of America","USA","USA",146,150,"0","-","0","0","0"
1,"QOvT0n",1,3636,2005,139,"Niger","NGR","NER",202,"United States of America","USA","USA",158,134,"0","-","0","0","0"
1,"QOvT0n",1,3637,2006,139,"Niger","NGR","NER",202,"United States of America","USA","USA",510,89,"0","-","0","0","0"
1,"QOvT0n",1,3638,2007,139,"Niger","NGR","NER",202,"United States of America","USA","USA",447,62,"0","-","0","0","0"
1,"QOvT0n",1,3639,2008,139,"Niger","NGR","NER",202,"United States of America","USA","USA",361,56,"0","-","0","0","0"
1,"QOvT0n",1,3640,2009,139,"Niger","NGR","NER",202,"United States of America","USA","USA",295,53,"0","-","0","0","0"
1,"QOvT0n",1,3641,2010,139,"Niger","NGR","NER",202,"United States of America","USA","USA",262,7,"0","-","0","0","0"
1,"QOvT0n",1,3642,2011,139,"Niger","NGR","NER",202,"United States of America","USA","USA",236,8,"0","-","0","0","0"
1,"QOvT0n",1,3643,2012,139,"Niger","NGR","NER",202,"United States of America","USA","USA",219,16,"0","-","0","0","0"
1,"QOvT0n",1,3644,2013,139,"Niger","NGR","NER",202,"United States of America","USA","USA",175,42,"0","-","0","0","0"
1,"QOvT0n",1,3645,2014,139,"Niger","NGR","NER",202,"United States of America","USA","USA",163,113,"0","-","0","0","0"
1,"QOvT0n",1,3646,2015,139,"Niger","NGR","NER",202,"United States of America","USA","USA",153,152,"0","-","0","0","0"
1,"QOvT0n",1,3647,2016,139,"Niger","NGR","NER",202,"United States of America","USA","USA",134,200,"0","-","0","0","0"
1,"QOvT0n",1,3648,2017,139,"Niger","NGR","NER",202,"United States of America","USA","USA",138,262,"0","-","0","0","0"
1,"QOvT0n",1,3649,2018,139,"Niger","NGR","NER",202,"United States of America","USA","USA",137,290,"0","-","0","0","0"
1,"QOvT0n",1,3650,2019,139,"Niger","NGR","NER",202,"United States of America","USA","USA",152,303,"0","-","0","0","0"
1,"QOvT0n",1,3651,2020,139,"Niger","NGR","NER",202,"United States of America","USA","USA",144,331,"0","-","0","0","0"
1,"QOvT0n",1,3652,2021,139,"Niger","NGR","NER",202,"United States of America","USA","USA",144,414,"0","-","0","0","0"
1,"QOvT0n",1,3653,2022,139,"Niger","NGR","NER",202,"United States of America","USA","USA",138,352,"0","-","0","0","0"
1,"QOvT0n",1,3654,2023,139,"Niger","NGR","NER",202,"United States of America","USA","USA",142,542,"0","-","0","0","0"
1,"QOvT0n",1,3655,2024,139,"Niger","NGR","NER",202,"United States of America","USA","USA",128,608,"0","-","0","0","0"
1,"QOvT0n",1,3656,2025,139,"Niger","NGR","NER",202,"United States of America","USA","USA",128,608,"0","-","0","0","0"
1,"QOvT0n",1,3657,1988,140,"Nicaragua","NIC","NIC",202,"United States of America","USA","USA",9180,"0","0","-","0","0","0"
1,"QOvT0n",1,3658,1989,140,"Nicaragua","NIC","NIC",202,"United States of America","USA","USA",13442,"0","0","-","0","0","0"
1,"QOvT0n",1,3659,1990,140,"Nicaragua","NIC","NIC",202,"United States of America","USA","USA",15691,"0","0","-","0","0","0"
1,"QOvT0n",1,3660,1991,140,"Nicaragua","NIC","NIC",202,"United States of America","USA","USA",15197,"0","0","-","0","0","0"
1,"QOvT0n",1,3661,1992,140,"Nicaragua","NIC","NIC",202,"United States of America","USA","USA",13290,"0","0","-","0","0","0"
1,"QOvT0n",1,3662,1993,140,"Nicaragua","NIC","NIC",202,"United States of America","USA","USA",9648,"0","0","-","0","0","0"
1,"QOvT0n",1,3663,1994,140,"Nicaragua","NIC","NIC",202,"United States of America","USA","USA",4754,"0","0","-","0","0","0"
1,"QOvT0n",1,3664,1995,140,"Nicaragua","NIC","NIC",202,"United States of America","USA","USA",2577,"0","0","-","0","0","0"
1,"QOvT0n",1,3665,1996,140,"Nicaragua","NIC","NIC",202,"United States of America","USA","USA",2364,"0","0","-","0","0","0"
1,"QOvT0n",1,3666,1997,140,"Nicaragua","NIC","NIC",202,"United States of America","USA","USA",2332,"0","0","-","0","0","0"
1,"QOvT0n",1,3667,1998,140,"Nicaragua","NIC","NIC",202,"United States of America","USA","USA",2207,"0","0","-","0","0","0"
1,"QOvT0n",1,3668,1999,140,"Nicaragua","NIC","NIC",202,"United States of America","USA","USA",1734,"0","0","-","0","0","0"
1,"QOvT0n",1,3669,2000,140,"Nicaragua","NIC","NIC",202,"United States of America","USA","USA",1125,13081,"0","-","0","0","0"
1,"QOvT0n",1,3670,2001,140,"Nicaragua","NIC","NIC",202,"United States of America","USA","USA",582,13095,"0","-","0","0","0"
1,"QOvT0n",1,3671,2002,140,"Nicaragua","NIC","NIC",202,"United States of America","USA","USA",290,9792,"0","-","0","0","0"
1,"QOvT0n",1,3672,2003,140,"Nicaragua","NIC","NIC",202,"United States of America","USA","USA",120,6737,"0","-","0","0","0"
1,"QOvT0n",1,3673,2004,140,"Nicaragua","NIC","NIC",202,"United States of America","USA","USA",82,6164,"0","-","0","0","0"
1,"QOvT0n",1,3674,2005,140,"Nicaragua","NIC","NIC",202,"United States of America","USA","USA",116,4368,"0","-","0","0","0"
1,"QOvT0n",1,3675,2006,140,"Nicaragua","NIC","NIC",202,"United States of America","USA","USA",510,2270,"0","-","0","0","0"
1,"QOvT0n",1,3676,2007,140,"Nicaragua","NIC","NIC",202,"United States of America","USA","USA",449,726,"0","-","0","0","0"
1,"QOvT0n",1,3677,2008,140,"Nicaragua","NIC","NIC",202,"United States of America","USA","USA",324,349,"0","-","0","0","0"
1,"QOvT0n",1,3678,2009,140,"Nicaragua","NIC","NIC",202,"United States of America","USA","USA",322,294,"0","-","0","0","0"
1,"QOvT0n",1,3679,2010,140,"Nicaragua","NIC","NIC",202,"United States of America","USA","USA",340,13,"0","-","0","0","0"
1,"QOvT0n",1,3680,2011,140,"Nicaragua","NIC","NIC",202,"United States of America","USA","USA",383,19,"0","-","0","0","0"
1,"QOvT0n",1,3681,2012,140,"Nicaragua","NIC","NIC",202,"United States of America","USA","USA",424,18,"0","-","0","0","0"
1,"QOvT0n",1,3682,2013,140,"Nicaragua","NIC","NIC",202,"United States of America","USA","USA",436,419,"0","-","0","0","0"
1,"QOvT0n",1,3683,2014,140,"Nicaragua","NIC","NIC",202,"United States of America","USA","USA",495,586,"0","-","0","0","0"
1,"QOvT0n",1,3684,2015,140,"Nicaragua","NIC","NIC",202,"United States of America","USA","USA",523,844,"0","-","0","0","0"
1,"QOvT0n",1,3685,2016,140,"Nicaragua","NIC","NIC",202,"United States of America","USA","USA",513,1222,"0","-","0","0","0"
1,"QOvT0n",1,3686,2017,140,"Nicaragua","NIC","NIC",202,"United States of America","USA","USA",563,1815,"0","-","0","0","0"
1,"QOvT0n",1,3687,2018,140,"Nicaragua","NIC","NIC",202,"United States of America","USA","USA",672,2721,"0","-","0","0","0"
1,"QOvT0n",1,3688,2019,140,"Nicaragua","NIC","NIC",202,"United States of America","USA","USA",1489,5861,"0","-","0","0","0"
1,"QOvT0n",1,3689,2020,140,"Nicaragua","NIC","NIC",202,"United States of America","USA","USA",1754,8373,"0","-","0","0","0"
1,"QOvT0n",1,3690,2021,140,"Nicaragua","NIC","NIC",202,"United States of America","USA","USA",2083,11762,"0","-","0","0","0"
1,"QOvT0n",1,3691,2022,140,"Nicaragua","NIC","NIC",202,"United States of America","USA","USA",3215,38882,"0","-","0","0","0"
1,"QOvT0n",1,3692,2023,140,"Nicaragua","NIC","NIC",202,"United States of America","USA","USA",4607,115917,"0","-","0","0","0"
1,"QOvT0n",1,3693,2024,140,"Nicaragua","NIC","NIC",202,"United States of America","USA","USA",5942,144767,"0","-","0","0","0"
1,"QOvT0n",1,3694,2025,140,"Nicaragua","NIC","NIC",202,"United States of America","USA","USA",5942,144767,"0","-","0","0","0"
1,"QOvT0n",1,3695,1995,141,"Nigeria","NIG","NGA",202,"United States of America","USA","USA",184,"0","0","-","0","0","0"
1,"QOvT0n",1,3696,1996,141,"Nigeria","NIG","NGA",202,"United States of America","USA","USA",451,"0","0","-","0","0","0"
1,"QOvT0n",1,3697,1997,141,"Nigeria","NIG","NGA",202,"United States of America","USA","USA",716,"0","0","-","0","0","0"
1,"QOvT0n",1,3698,1998,141,"Nigeria","NIG","NGA",202,"United States of America","USA","USA",1334,"0","0","-","0","0","0"
1,"QOvT0n",1,3699,1999,141,"Nigeria","NIG","NGA",202,"United States of America","USA","USA",2212,"0","0","-","0","0","0"
1,"QOvT0n",1,3700,2000,141,"Nigeria","NIG","NGA",202,"United States of America","USA","USA",2232,689,"0","-","0","0","0"
1,"QOvT0n",1,3701,2001,141,"Nigeria","NIG","NGA",202,"United States of America","USA","USA",2181,567,"0","-","0","0","0"
1,"QOvT0n",1,3702,2002,141,"Nigeria","NIG","NGA",202,"United States of America","USA","USA",2013,535,"0","-","0","0","0"
1,"QOvT0n",1,3703,2003,141,"Nigeria","NIG","NGA",202,"United States of America","USA","USA",1446,442,"0","-","0","0","0"
1,"QOvT0n",1,3704,2004,141,"Nigeria","NIG","NGA",202,"United States of America","USA","USA",667,413,"0","-","0","0","0"
1,"QOvT0n",1,3705,2005,141,"Nigeria","NIG","NGA",202,"United States of America","USA","USA",610,380,"0","-","0","0","0"
1,"QOvT0n",1,3706,2006,141,"Nigeria","NIG","NGA",202,"United States of America","USA","USA",2541,349,"0","-","0","0","0"
1,"QOvT0n",1,3707,2007,141,"Nigeria","NIG","NGA",202,"United States of America","USA","USA",1274,188,"0","-","0","0","0"
1,"QOvT0n",1,3708,2008,141,"Nigeria","NIG","NGA",202,"United States of America","USA","USA",1010,170,"0","-","0","0","0"
1,"QOvT0n",1,3709,2009,141,"Nigeria","NIG","NGA",202,"United States of America","USA","USA",808,163,"0","-","0","0","0"
1,"QOvT0n",1,3710,2010,141,"Nigeria","NIG","NGA",202,"United States of America","USA","USA",719,15,"0","-","0","0","0"
1,"QOvT0n",1,3711,2011,141,"Nigeria","NIG","NGA",202,"United States of America","USA","USA",686,31,"0","-","0","0","0"
1,"QOvT0n",1,3712,2012,141,"Nigeria","NIG","NGA",202,"United States of America","USA","USA",719,65,"0","-","0","0","0"
1,"QOvT0n",1,3713,2013,141,"Nigeria","NIG","NGA",202,"United States of America","USA","USA",733,424,"0","-","0","0","0"
1,"QOvT0n",1,3714,2014,141,"Nigeria","NIG","NGA",202,"United States of America","USA","USA",805,848,"0","-","0","0","0"
1,"QOvT0n",1,3715,2015,141,"Nigeria","NIG","NGA",202,"United States of America","USA","USA",908,1466,"0","-","0","0","0"
1,"QOvT0n",1,3716,2016,141,"Nigeria","NIG","NGA",202,"United States of America","USA","USA",983,2535,"0","-","0","0","0"
1,"QOvT0n",1,3717,2017,141,"Nigeria","NIG","NGA",202,"United States of America","USA","USA",1154,5486,"0","-","0","0","0"
1,"QOvT0n",1,3718,2018,141,"Nigeria","NIG","NGA",202,"United States of America","USA","USA",1703,8685,"0","-","0","0","0"
1,"QOvT0n",1,3719,2019,141,"Nigeria","NIG","NGA",202,"United States of America","USA","USA",2291,11682,"0","-","0","0","0"
1,"QOvT0n",1,3720,2020,141,"Nigeria","NIG","NGA",202,"United States of America","USA","USA",2523,14651,"0","-","0","0","0"
1,"QOvT0n",1,3721,2021,141,"Nigeria","NIG","NGA",202,"United States of America","USA","USA",2948,25904,"0","-","0","0","0"
1,"QOvT0n",1,3722,2022,141,"Nigeria","NIG","NGA",202,"United States of America","USA","USA",3501,27674,"0","-","0","0","0"
1,"QOvT0n",1,3723,2023,141,"Nigeria","NIG","NGA",202,"United States of America","USA","USA",4187,30879,"0","-","0","0","0"
1,"QOvT0n",1,3724,2024,141,"Nigeria","NIG","NGA",202,"United States of America","USA","USA",4441,33414,"0","-","0","0","0"
1,"QOvT0n",1,3725,2025,141,"Nigeria","NIG","NGA",202,"United States of America","USA","USA",4441,33414,"0","-","0","0","0"
1,"QOvT0n",1,3726,2011,142,"Niue","NIU","NIU",202,"United States of America","USA","USA",7,"0","0","-","0","0","0"
1,"QOvT0n",1,3727,2012,142,"Niue","NIU","NIU",202,"United States of America","USA","USA",10,"0","0","-","0","0","0"
1,"QOvT0n",1,3728,2013,142,"Niue","NIU","NIU",202,"United States of America","USA","USA",14,"0","0","-","0","0","0"
1,"QOvT0n",1,3729,2014,142,"Niue","NIU","NIU",202,"United States of America","USA","USA",18,28,"0","-","0","0","0"
1,"QOvT0n",1,3730,2015,142,"Niue","NIU","NIU",202,"United States of America","USA","USA",18,18,"0","-","0","0","0"
1,"QOvT0n",1,3731,2016,142,"Niue","NIU","NIU",202,"United States of America","USA","USA",19,"0","0","-","0","0","0"
1,"QOvT0n",1,3732,2017,142,"Niue","NIU","NIU",202,"United States of America","USA","USA",19,5,"0","-","0","0","0"
1,"QOvT0n",1,3733,2018,142,"Niue","NIU","NIU",202,"United States of America","USA","USA",19,5,"0","-","0","0","0"
1,"QOvT0n",1,3734,2019,142,"Niue","NIU","NIU",202,"United States of America","USA","USA",19,6,"0","-","0","0","0"
1,"QOvT0n",1,3735,2020,142,"Niue","NIU","NIU",202,"United States of America","USA","USA",18,7,"0","-","0","0","0"
1,"QOvT0n",1,3736,2021,142,"Niue","NIU","NIU",202,"United States of America","USA","USA",11,"0","0","-","0","0","0"
1,"QOvT0n",1,3737,2022,142,"Niue","NIU","NIU",202,"United States of America","USA","USA",11,7,"0","-","0","0","0"
1,"QOvT0n",1,3738,2023,142,"Niue","NIU","NIU",202,"United States of America","USA","USA",6,5,"0","-","0","0","0"
1,"QOvT0n",1,3739,2024,142,"Niue","NIU","NIU",202,"United States of America","USA","USA",5,5,"0","-","0","0","0"
1,"QOvT0n",1,3740,2025,142,"Niue","NIU","NIU",202,"United States of America","USA","USA",5,5,"0","-","0","0","0"
1,"QOvT0n",1,3741,2024,143,"Norway","NOR","NOR",202,"United States of America","USA","USA","0",5,"0","-","0","0","0"
1,"QOvT0n",1,3742,2025,143,"Norway","NOR","NOR",202,"United States of America","USA","USA","0",5,"0","-","0","0","0"
1,"QOvT0n",1,3743,1999,144,"Nauru","NRU","NRU",202,"United States of America","USA","USA",5,"0","0","-","0","0","0"
1,"QOvT0n",1,3744,2000,144,"Nauru","NRU","NRU",202,"United States of America","USA","USA",5,"0","0","-","0","0","0"
1,"QOvT0n",1,3745,2003,144,"Nauru","NRU","NRU",202,"United States of America","USA","USA",5,"0","0","-","0","0","0"
1,"QOvT0n",1,3746,2001,145,"New Zealand","NZL","NZL",202,"United States of America","USA","USA","0",5,"0","-","0","0","0"
1,"QOvT0n",1,3747,2002,145,"New Zealand","NZL","NZL",202,"United States of America","USA","USA","0",5,"0","-","0","0","0"
1,"QOvT0n",1,3748,2023,145,"New Zealand","NZL","NZL",202,"United States of America","USA","USA","0",5,"0","-","0","0","0"
1,"QOvT0n",1,3749,2024,145,"New Zealand","NZL","NZL",202,"United States of America","USA","USA","0",6,"0","-","0","0","0"
1,"QOvT0n",1,3750,2025,145,"New Zealand","NZL","NZL",202,"United States of America","USA","USA","0",6,"0","-","0","0","0"
1,"QOvT0n",1,3751,2000,146,"Oman","OMN","OMN",202,"United States of America","USA","USA","0",6,"0","-","0","0","0"
1,"QOvT0n",1,3752,2001,146,"Oman","OMN","OMN",202,"United States of America","USA","USA","0",5,"0","-","0","0","0"
1,"QOvT0n",1,3753,2002,146,"Oman","OMN","OMN",202,"United States of America","USA","USA",7,"0","0","-","0","0","0"
1,"QOvT0n",1,3754,2003,146,"Oman","OMN","OMN",202,"United States of America","USA","USA",5,"0","0","-","0","0","0"
1,"QOvT0n",1,3755,2004,146,"Oman","OMN","OMN",202,"United States of America","USA","USA",6,"0","0","-","0","0","0"
1,"QOvT0n",1,3756,2005,146,"Oman","OMN","OMN",202,"United States of America","USA","USA",5,"0","0","-","0","0","0"
1,"QOvT0n",1,3757,2006,146,"Oman","OMN","OMN",202,"United States of America","USA","USA",6,"0","0","-","0","0","0"
1,"QOvT0n",1,3758,2007,146,"Oman","OMN","OMN",202,"United States of America","USA","USA",6,"0","0","-","0","0","0"
1,"QOvT0n",1,3759,2008,146,"Oman","OMN","OMN",202,"United States of America","USA","USA",6,"0","0","-","0","0","0"
1,"QOvT0n",1,3760,2009,146,"Oman","OMN","OMN",202,"United States of America","USA","USA",6,"0","0","-","0","0","0"
1,"QOvT0n",1,3761,2010,146,"Oman","OMN","OMN",202,"United States of America","USA","USA",5,"0","0","-","0","0","0"
1,"QOvT0n",1,3762,2016,146,"Oman","OMN","OMN",202,"United States of America","USA","USA",5,"0","0","-","0","0","0"
1,"QOvT0n",1,3763,2017,146,"Oman","OMN","OMN",202,"United States of America","USA","USA",5,5,"0","-","0","0","0"
1,"QOvT0n",1,3764,2018,146,"Oman","OMN","OMN",202,"United States of America","USA","USA",5,11,"0","-","0","0","0"
1,"QOvT0n",1,3765,2019,146,"Oman","OMN","OMN",202,"United States of America","USA","USA",9,21,"0","-","0","0","0"
1,"QOvT0n",1,3766,2020,146,"Oman","OMN","OMN",202,"United States of America","USA","USA",14,28,"0","-","0","0","0"
1,"QOvT0n",1,3767,2021,146,"Oman","OMN","OMN",202,"United States of America","USA","USA",18,32,"0","-","0","0","0"
1,"QOvT0n",1,3768,2022,146,"Oman","OMN","OMN",202,"United States of America","USA","USA",20,34,"0","-","0","0","0"
1,"QOvT0n",1,3769,2023,146,"Oman","OMN","OMN",202,"United States of America","USA","USA",20,30,"0","-","0","0","0"
1,"QOvT0n",1,3770,2024,146,"Oman","OMN","OMN",202,"United States of America","USA","USA",20,38,"0","-","0","0","0"
1,"QOvT0n",1,3771,2025,146,"Oman","OMN","OMN",202,"United States of America","USA","USA",20,38,"0","-","0","0","0"
1,"QOvT0n",1,3772,1988,147,"Pakistan","PAK","PAK",202,"United States of America","USA","USA",63,"0","0","-","0","0","0"
1,"QOvT0n",1,3773,1989,147,"Pakistan","PAK","PAK",202,"United States of America","USA","USA",86,"0","0","-","0","0","0"
1,"QOvT0n",1,3774,1990,147,"Pakistan","PAK","PAK",202,"United States of America","USA","USA",97,"0","0","-","0","0","0"
1,"QOvT0n",1,3775,1991,147,"Pakistan","PAK","PAK",202,"United States of America","USA","USA",103,"0","0","-","0","0","0"
1,"QOvT0n",1,3776,1992,147,"Pakistan","PAK","PAK",202,"United States of America","USA","USA",179,"0","0","-","0","0","0"
1,"QOvT0n",1,3777,1993,147,"Pakistan","PAK","PAK",202,"United States of America","USA","USA",304,"0","0","-","0","0","0"
1,"QOvT0n",1,3778,1994,147,"Pakistan","PAK","PAK",202,"United States of America","USA","USA",500,"0","0","-","0","0","0"
1,"QOvT0n",1,3779,1995,147,"Pakistan","PAK","PAK",202,"United States of America","USA","USA",1074,"0","0","-","0","0","0"
1,"QOvT0n",1,3780,1996,147,"Pakistan","PAK","PAK",202,"United States of America","USA","USA",1687,"0","0","-","0","0","0"
1,"QOvT0n",1,3781,1997,147,"Pakistan","PAK","PAK",202,"United States of America","USA","USA",2062,"0","0","-","0","0","0"
1,"QOvT0n",1,3782,1998,147,"Pakistan","PAK","PAK",202,"United States of America","USA","USA",2356,"0","0","-","0","0","0"
1,"QOvT0n",1,3783,1999,147,"Pakistan","PAK","PAK",202,"United States of America","USA","USA",2697,"0","0","-","0","0","0"
1,"QOvT0n",1,3784,2000,147,"Pakistan","PAK","PAK",202,"United States of America","USA","USA",2668,1438,"0","-","0","0","0"
1,"QOvT0n",1,3785,2001,147,"Pakistan","PAK","PAK",202,"United States of America","USA","USA",2592,1364,"0","-","0","0","0"
1,"QOvT0n",1,3786,2002,147,"Pakistan","PAK","PAK",202,"United States of America","USA","USA",2721,1399,"0","-","0","0","0"
1,"QOvT0n",1,3787,2003,147,"Pakistan","PAK","PAK",202,"United States of America","USA","USA",2212,1511,"0","-","0","0","0"
1,"QOvT0n",1,3788,2004,147,"Pakistan","PAK","PAK",202,"United States of America","USA","USA",1975,1492,"0","-","0","0","0"
1,"QOvT0n",1,3789,2005,147,"Pakistan","PAK","PAK",202,"United States of America","USA","USA",2144,1335,"0","-","0","0","0"
1,"QOvT0n",1,3790,2006,147,"Pakistan","PAK","PAK",202,"United States of America","USA","USA",4211,1104,"0","-","0","0","0"
1,"QOvT0n",1,3791,2007,147,"Pakistan","PAK","PAK",202,"United States of America","USA","USA",4126,499,"0","-","0","0","0"
1,"QOvT0n",1,3792,2008,147,"Pakistan","PAK","PAK",202,"United States of America","USA","USA",3935,519,"0","-","0","0","0"
1,"QOvT0n",1,3793,2009,147,"Pakistan","PAK","PAK",202,"United States of America","USA","USA",3690,481,"0","-","0","0","0"
1,"QOvT0n",1,3794,2010,147,"Pakistan","PAK","PAK",202,"United States of America","USA","USA",3419,85,"0","-","0","0","0"
1,"QOvT0n",1,3795,2011,147,"Pakistan","PAK","PAK",202,"United States of America","USA","USA",3342,192,"0","-","0","0","0"
1,"QOvT0n",1,3796,2012,147,"Pakistan","PAK","PAK",202,"United States of America","USA","USA",3105,316,"0","-","0","0","0"
1,"QOvT0n",1,3797,2013,147,"Pakistan","PAK","PAK",202,"United States of America","USA","USA",2997,878,"0","-","0","0","0"
1,"QOvT0n",1,3798,2014,147,"Pakistan","PAK","PAK",202,"United States of America","USA","USA",3009,1902,"0","-","0","0","0"
1,"QOvT0n",1,3799,2015,147,"Pakistan","PAK","PAK",202,"United States of America","USA","USA",3111,2748,"0","-","0","0","0"
1,"QOvT0n",1,3800,2016,147,"Pakistan","PAK","PAK",202,"United States of America","USA","USA",3118,4033,"0","-","0","0","0"
1,"QOvT0n",1,3801,2017,147,"Pakistan","PAK","PAK",202,"United States of America","USA","USA",3308,5173,"0","-","0","0","0"
1,"QOvT0n",1,3802,2018,147,"Pakistan","PAK","PAK",202,"United States of America","USA","USA",3722,5334,"0","-","0","0","0"
1,"QOvT0n",1,3803,2019,147,"Pakistan","PAK","PAK",202,"United States of America","USA","USA",3964,5567,"0","-","0","0","0"
1,"QOvT0n",1,3804,2020,147,"Pakistan","PAK","PAK",202,"United States of America","USA","USA",3887,6081,"0","-","0","0","0"
1,"QOvT0n",1,3805,2021,147,"Pakistan","PAK","PAK",202,"United States of America","USA","USA",3818,9467,"0","-","0","0","0"
1,"QOvT0n",1,3806,2022,147,"Pakistan","PAK","PAK",202,"United States of America","USA","USA",3984,10023,"0","-","0","0","0"
1,"QOvT0n",1,3807,2023,147,"Pakistan","PAK","PAK",202,"United States of America","USA","USA",4071,12072,"0","-","0","0","0"
1,"QOvT0n",1,3808,2024,147,"Pakistan","PAK","PAK",202,"United States of America","USA","USA",4197,13977,"0","-","0","0","0"
1,"QOvT0n",1,3809,2025,147,"Pakistan","PAK","PAK",202,"United States of America","USA","USA",4197,13977,"0","-","0","0","0"
1,"QOvT0n",1,3810,1988,148,"Panama","PAN","PAN",202,"United States of America","USA","USA",47,"0","0","-","0","0","0"
1,"QOvT0n",1,3811,1989,148,"Panama","PAN","PAN",202,"United States of America","USA","USA",365,"0","0","-","0","0","0"
1,"QOvT0n",1,3812,1990,148,"Panama","PAN","PAN",202,"United States of America","USA","USA",616,"0","0","-","0","0","0"
1,"QOvT0n",1,3813,1991,148,"Panama","PAN","PAN",202,"United States of America","USA","USA",619,"0","0","-","0","0","0"
1,"QOvT0n",1,3814,1992,148,"Panama","PAN","PAN",202,"United States of America","USA","USA",622,"0","0","-","0","0","0"
1,"QOvT0n",1,3815,1993,148,"Panama","PAN","PAN",202,"United States of America","USA","USA",581,"0","0","-","0","0","0"
1,"QOvT0n",1,3816,1994,148,"Panama","PAN","PAN",202,"United States of America","USA","USA",263,"0","0","-","0","0","0"
1,"QOvT0n",1,3817,1995,148,"Panama","PAN","PAN",202,"United States of America","USA","USA",14,"0","0","-","0","0","0"
1,"QOvT0n",1,3818,1996,148,"Panama","PAN","PAN",202,"United States of America","USA","USA",21,"0","0","-","0","0","0"
1,"QOvT0n",1,3819,1997,148,"Panama","PAN","PAN",202,"United States of America","USA","USA",20,"0","0","-","0","0","0"
1,"QOvT0n",1,3820,1998,148,"Panama","PAN","PAN",202,"United States of America","USA","USA",15,"0","0","-","0","0","0"
1,"QOvT0n",1,3821,1999,148,"Panama","PAN","PAN",202,"United States of America","USA","USA",15,"0","0","-","0","0","0"
1,"QOvT0n",1,3822,2000,148,"Panama","PAN","PAN",202,"United States of America","USA","USA",20,45,"0","-","0","0","0"
1,"QOvT0n",1,3823,2001,148,"Panama","PAN","PAN",202,"United States of America","USA","USA","0",44,"0","-","0","0","0"
1,"QOvT0n",1,3824,2002,148,"Panama","PAN","PAN",202,"United States of America","USA","USA",16,51,"0","-","0","0","0"
1,"QOvT0n",1,3825,2003,148,"Panama","PAN","PAN",202,"United States of America","USA","USA",11,35,"0","-","0","0","0"
1,"QOvT0n",1,3826,2004,148,"Panama","PAN","PAN",202,"United States of America","USA","USA",19,28,"0","-","0","0","0"
1,"QOvT0n",1,3827,2005,148,"Panama","PAN","PAN",202,"United States of America","USA","USA",17,26,"0","-","0","0","0"
1,"QOvT0n",1,3828,2006,148,"Panama","PAN","PAN",202,"United States of America","USA","USA",32,10,"0","-","0","0","0"
1,"QOvT0n",1,3829,2007,148,"Panama","PAN","PAN",202,"United States of America","USA","USA",33,"0","0","-","0","0","0"
1,"QOvT0n",1,3830,2008,148,"Panama","PAN","PAN",202,"United States of America","USA","USA",34,5,"0","-","0","0","0"
1,"QOvT0n",1,3831,2009,148,"Panama","PAN","PAN",202,"United States of America","USA","USA",35,5,"0","-","0","0","0"
1,"QOvT0n",1,3832,2010,148,"Panama","PAN","PAN",202,"United States of America","USA","USA",31,5,"0","-","0","0","0"
1,"QOvT0n",1,3833,2011,148,"Panama","PAN","PAN",202,"United States of America","USA","USA",30,"0","0","-","0","0","0"
1,"QOvT0n",1,3834,2012,148,"Panama","PAN","PAN",202,"United States of America","USA","USA",32,5,"0","-","0","0","0"
1,"QOvT0n",1,3835,2013,148,"Panama","PAN","PAN",202,"United States of America","USA","USA",33,17,"0","-","0","0","0"
1,"QOvT0n",1,3836,2014,148,"Panama","PAN","PAN",202,"United States of America","USA","USA",25,22,"0","-","0","0","0"
1,"QOvT0n",1,3837,2015,148,"Panama","PAN","PAN",202,"United States of America","USA","USA",23,34,"0","-","0","0","0"
1,"QOvT0n",1,3838,2016,148,"Panama","PAN","PAN",202,"United States of America","USA","USA",15,57,"0","-","0","0","0"
1,"QOvT0n",1,3839,2017,148,"Panama","PAN","PAN",202,"United States of America","USA","USA",15,77,"0","-","0","0","0"
1,"QOvT0n",1,3840,2018,148,"Panama","PAN","PAN",202,"United States of America","USA","USA",14,84,"0","-","0","0","0"
1,"QOvT0n",1,3841,2019,148,"Panama","PAN","PAN",202,"United States of America","USA","USA",13,105,"0","-","0","0","0"
1,"QOvT0n",1,3842,2020,148,"Panama","PAN","PAN",202,"United States of America","USA","USA",12,126,"0","-","0","0","0"
1,"QOvT0n",1,3843,2021,148,"Panama","PAN","PAN",202,"United States of America","USA","USA",11,186,"0","-","0","0","0"
1,"QOvT0n",1,3844,2022,148,"Panama","PAN","PAN",202,"United States of America","USA","USA",19,504,"0","-","0","0","0"
1,"QOvT0n",1,3845,2023,148,"Panama","PAN","PAN",202,"United States of America","USA","USA",28,1226,"0","-","0","0","0"
1,"QOvT0n",1,3846,2024,148,"Panama","PAN","PAN",202,"United States of America","USA","USA",37,1838,"0","-","0","0","0"
1,"QOvT0n",1,3847,2025,148,"Panama","PAN","PAN",202,"United States of America","USA","USA",37,1838,"0","-","0","0","0"
1,"QOvT0n",1,3848,1999,149,"Paraguay","PAR","PRY",202,"United States of America","USA","USA",5,"0","0","-","0","0","0"
1,"QOvT0n",1,3849,2000,149,"Paraguay","PAR","PRY",202,"United States of America","USA","USA",5,6,"0","-","0","0","0"
1,"QOvT0n",1,3850,2001,149,"Paraguay","PAR","PRY",202,"United States of America","USA","USA","0",10,"0","-","0","0","0"
1,"QOvT0n",1,3851,2002,149,"Paraguay","PAR","PRY",202,"United States of America","USA","USA",11,16,"0","-","0","0","0"
1,"QOvT0n",1,3852,2003,149,"Paraguay","PAR","PRY",202,"United States of America","USA","USA",9,23,"0","-","0","0","0"
1,"QOvT0n",1,3853,2004,149,"Paraguay","PAR","PRY",202,"United States of America","USA","USA",9,22,"0","-","0","0","0"
1,"QOvT0n",1,3854,2005,149,"Paraguay","PAR","PRY",202,"United States of America","USA","USA",14,20,"0","-","0","0","0"
1,"QOvT0n",1,3855,2006,149,"Paraguay","PAR","PRY",202,"United States of America","USA","USA",19,10,"0","-","0","0","0"
1,"QOvT0n",1,3856,2007,149,"Paraguay","PAR","PRY",202,"United States of America","USA","USA",19,5,"0","-","0","0","0"
1,"QOvT0n",1,3857,2008,149,"Paraguay","PAR","PRY",202,"United States of America","USA","USA",19,5,"0","-","0","0","0"
1,"QOvT0n",1,3858,2009,149,"Paraguay","PAR","PRY",202,"United States of America","USA","USA",22,5,"0","-","0","0","0"
1,"QOvT0n",1,3859,2010,149,"Paraguay","PAR","PRY",202,"United States of America","USA","USA",27,"0","0","-","0","0","0"
1,"QOvT0n",1,3860,2011,149,"Paraguay","PAR","PRY",202,"United States of America","USA","USA",28,"0","0","-","0","0","0"
1,"QOvT0n",1,3861,2012,149,"Paraguay","PAR","PRY",202,"United States of America","USA","USA",28,"0","0","-","0","0","0"
1,"QOvT0n",1,3862,2013,149,"Paraguay","PAR","PRY",202,"United States of America","USA","USA",27,14,"0","-","0","0","0"
1,"QOvT0n",1,3863,2014,149,"Paraguay","PAR","PRY",202,"United States of America","USA","USA",24,26,"0","-","0","0","0"
1,"QOvT0n",1,3864,2015,149,"Paraguay","PAR","PRY",202,"United States of America","USA","USA",21,28,"0","-","0","0","0"
1,"QOvT0n",1,3865,2016,149,"Paraguay","PAR","PRY",202,"United States of America","USA","USA",19,54,"0","-","0","0","0"
1,"QOvT0n",1,3866,2017,149,"Paraguay","PAR","PRY",202,"United States of America","USA","USA",19,76,"0","-","0","0","0"
1,"QOvT0n",1,3867,2018,149,"Paraguay","PAR","PRY",202,"United States of America","USA","USA",21,82,"0","-","0","0","0"
1,"QOvT0n",1,3868,2019,149,"Paraguay","PAR","PRY",202,"United States of America","USA","USA",20,90,"0","-","0","0","0"
1,"QOvT0n",1,3869,2020,149,"Paraguay","PAR","PRY",202,"United States of America","USA","USA",15,102,"0","-","0","0","0"
1,"QOvT0n",1,3870,2021,149,"Paraguay","PAR","PRY",202,"United States of America","USA","USA",11,110,"0","-","0","0","0"
1,"QOvT0n",1,3871,2022,149,"Paraguay","PAR","PRY",202,"United States of America","USA","USA",14,135,"0","-","0","0","0"
1,"QOvT0n",1,3872,2023,149,"Paraguay","PAR","PRY",202,"United States of America","USA","USA",14,229,"0","-","0","0","0"
1,"QOvT0n",1,3873,2024,149,"Paraguay","PAR","PRY",202,"United States of America","USA","USA",14,391,"0","-","0","0","0"
1,"QOvT0n",1,3874,2025,149,"Paraguay","PAR","PRY",202,"United States of America","USA","USA",14,391,"0","-","0","0","0"
1,"QOvT0n",1,3875,1988,150,"Peru","PER","PER",202,"United States of America","USA","USA",5,"0","0","-","0","0","0"
1,"QOvT0n",1,3876,1989,150,"Peru","PER","PER",202,"United States of America","USA","USA",26,"0","0","-","0","0","0"
1,"QOvT0n",1,3877,1990,150,"Peru","PER","PER",202,"United States of America","USA","USA",53,"0","0","-","0","0","0"
1,"QOvT0n",1,3878,1991,150,"Peru","PER","PER",202,"United States of America","USA","USA",73,"0","0","-","0","0","0"
1,"QOvT0n",1,3879,1992,150,"Peru","PER","PER",202,"United States of America","USA","USA",185,"0","0","-","0","0","0"
1,"QOvT0n",1,3880,1993,150,"Peru","PER","PER",202,"United States of America","USA","USA",425,"0","0","-","0","0","0"
1,"QOvT0n",1,3881,1994,150,"Peru","PER","PER",202,"United States of America","USA","USA",871,"0","0","-","0","0","0"
1,"QOvT0n",1,3882,1995,150,"Peru","PER","PER",202,"United States of America","USA","USA",1684,"0","0","-","0","0","0"
1,"QOvT0n",1,3883,1996,150,"Peru","PER","PER",202,"United States of America","USA","USA",2319,"0","0","-","0","0","0"
1,"QOvT0n",1,3884,1997,150,"Peru","PER","PER",202,"United States of America","USA","USA",2597,"0","0","-","0","0","0"
1,"QOvT0n",1,3885,1998,150,"Peru","PER","PER",202,"United States of America","USA","USA",2742,"0","0","-","0","0","0"
1,"QOvT0n",1,3886,1999,150,"Peru","PER","PER",202,"United States of America","USA","USA",3005,"0","0","-","0","0","0"
1,"QOvT0n",1,3887,2000,150,"Peru","PER","PER",202,"United States of America","USA","USA",2623,1304,"0","-","0","0","0"
1,"QOvT0n",1,3888,2001,150,"Peru","PER","PER",202,"United States of America","USA","USA",2225,1173,"0","-","0","0","0"
1,"QOvT0n",1,3889,2002,150,"Peru","PER","PER",202,"United States of America","USA","USA",1994,1271,"0","-","0","0","0"
1,"QOvT0n",1,3890,2003,150,"Peru","PER","PER",202,"United States of America","USA","USA",1463,1095,"0","-","0","0","0"
1,"QOvT0n",1,3891,2004,150,"Peru","PER","PER",202,"United States of America","USA","USA",990,906,"0","-","0","0","0"
1,"QOvT0n",1,3892,2005,150,"Peru","PER","PER",202,"United States of America","USA","USA",870,800,"0","-","0","0","0"
1,"QOvT0n",1,3893,2006,150,"Peru","PER","PER",202,"United States of America","USA","USA",2593,608,"0","-","0","0","0"
1,"QOvT0n",1,3894,2007,150,"Peru","PER","PER",202,"United States of America","USA","USA",2536,377,"0","-","0","0","0"
1,"QOvT0n",1,3895,2008,150,"Peru","PER","PER",202,"United States of America","USA","USA",2310,241,"0","-","0","0","0"
1,"QOvT0n",1,3896,2009,150,"Peru","PER","PER",202,"United States of America","USA","USA",1752,234,"0","-","0","0","0"
1,"QOvT0n",1,3897,2010,150,"Peru","PER","PER",202,"United States of America","USA","USA",1350,24,"0","-","0","0","0"
1,"QOvT0n",1,3898,2011,150,"Peru","PER","PER",202,"United States of America","USA","USA",1204,32,"0","-","0","0","0"
1,"QOvT0n",1,3899,2012,150,"Peru","PER","PER",202,"United States of America","USA","USA",1091,55,"0","-","0","0","0"
1,"QOvT0n",1,3900,2013,150,"Peru","PER","PER",202,"United States of America","USA","USA",932,430,"0","-","0","0","0"
1,"QOvT0n",1,3901,2014,150,"Peru","PER","PER",202,"United States of America","USA","USA",773,855,"0","-","0","0","0"
1,"QOvT0n",1,3902,2015,150,"Peru","PER","PER",202,"United States of America","USA","USA",696,1321,"0","-","0","0","0"
1,"QOvT0n",1,3903,2016,150,"Peru","PER","PER",202,"United States of America","USA","USA",580,1992,"0","-","0","0","0"
1,"QOvT0n",1,3904,2017,150,"Peru","PER","PER",202,"United States of America","USA","USA",528,2709,"0","-","0","0","0"
1,"QOvT0n",1,3905,2018,150,"Peru","PER","PER",202,"United States of America","USA","USA",501,2942,"0","-","0","0","0"
1,"QOvT0n",1,3906,2019,150,"Peru","PER","PER",202,"United States of America","USA","USA",531,3170,"0","-","0","0","0"
1,"QOvT0n",1,3907,2020,150,"Peru","PER","PER",202,"United States of America","USA","USA",498,3422,"0","-","0","0","0"
1,"QOvT0n",1,3908,2021,150,"Peru","PER","PER",202,"United States of America","USA","USA",480,3983,"0","-","0","0","0"
1,"QOvT0n",1,3909,2022,150,"Peru","PER","PER",202,"United States of America","USA","USA",555,8344,"0","-","0","0","0"
1,"QOvT0n",1,3910,2023,150,"Peru","PER","PER",202,"United States of America","USA","USA",997,46436,"0","-","0","0","0"
1,"QOvT0n",1,3911,2024,150,"Peru","PER","PER",202,"United States of America","USA","USA",1421,69220,"0","-","0","0","0"
1,"QOvT0n",1,3912,2025,150,"Peru","PER","PER",202,"United States of America","USA","USA",1421,69220,"0","-","0","0","0"
1,"QOvT0n",1,3913,1990,151,"Philippines","PHI","PHL",202,"United States of America","USA","USA",5,"0","0","-","0","0","0"
1,"QOvT0n",1,3914,1991,151,"Philippines","PHI","PHL",202,"United States of America","USA","USA",5,"0","0","-","0","0","0"
1,"QOvT0n",1,3915,1992,151,"Philippines","PHI","PHL",202,"United States of America","USA","USA",20,"0","0","-","0","0","0"
1,"QOvT0n",1,3916,1993,151,"Philippines","PHI","PHL",202,"United States of America","USA","USA",78,"0","0","-","0","0","0"
1,"QOvT0n",1,3917,1994,151,"Philippines","PHI","PHL",202,"United States of America","USA","USA",154,"0","0","-","0","0","0"
1,"QOvT0n",1,3918,1995,151,"Philippines","PHI","PHL",202,"United States of America","USA","USA",224,"0","0","-","0","0","0"
1,"QOvT0n",1,3919,1996,151,"Philippines","PHI","PHL",202,"United States of America","USA","USA",294,"0","0","-","0","0","0"
1,"QOvT0n",1,3920,1997,151,"Philippines","PHI","PHL",202,"United States of America","USA","USA",326,"0","0","-","0","0","0"
1,"QOvT0n",1,3921,1998,151,"Philippines","PHI","PHL",202,"United States of America","USA","USA",325,"0","0","-","0","0","0"
1,"QOvT0n",1,3922,1999,151,"Philippines","PHI","PHL",202,"United States of America","USA","USA",310,"0","0","-","0","0","0"
1,"QOvT0n",1,3923,2000,151,"Philippines","PHI","PHL",202,"United States of America","USA","USA",302,1604,"0","-","0","0","0"
1,"QOvT0n",1,3924,2001,151,"Philippines","PHI","PHL",202,"United States of America","USA","USA",285,1499,"0","-","0","0","0"
1,"QOvT0n",1,3925,2002,151,"Philippines","PHI","PHL",202,"United States of America","USA","USA",280,1339,"0","-","0","0","0"
1,"QOvT0n",1,3926,2003,151,"Philippines","PHI","PHL",202,"United States of America","USA","USA",194,912,"0","-","0","0","0"
1,"QOvT0n",1,3927,2004,151,"Philippines","PHI","PHL",202,"United States of America","USA","USA",200,634,"0","-","0","0","0"
1,"QOvT0n",1,3928,2005,151,"Philippines","PHI","PHL",202,"United States of America","USA","USA",202,481,"0","-","0","0","0"
1,"QOvT0n",1,3929,2006,151,"Philippines","PHI","PHL",202,"United States of America","USA","USA",401,348,"0","-","0","0","0"
1,"QOvT0n",1,3930,2007,151,"Philippines","PHI","PHL",202,"United States of America","USA","USA",411,220,"0","-","0","0","0"
1,"QOvT0n",1,3931,2008,151,"Philippines","PHI","PHL",202,"United States of America","USA","USA",388,218,"0","-","0","0","0"
1,"QOvT0n",1,3932,2009,151,"Philippines","PHI","PHL",202,"United States of America","USA","USA",384,205,"0","-","0","0","0"
1,"QOvT0n",1,3933,2010,151,"Philippines","PHI","PHL",202,"United States of America","USA","USA",329,7,"0","-","0","0","0"
1,"QOvT0n",1,3934,2011,151,"Philippines","PHI","PHL",202,"United States of America","USA","USA",299,40,"0","-","0","0","0"
1,"QOvT0n",1,3935,2012,151,"Philippines","PHI","PHL",202,"United States of America","USA","USA",271,92,"0","-","0","0","0"
1,"QOvT0n",1,3936,2013,151,"Philippines","PHI","PHL",202,"United States of America","USA","USA",242,315,"0","-","0","0","0"
1,"QOvT0n",1,3937,2014,151,"Philippines","PHI","PHL",202,"United States of America","USA","USA",197,611,"0","-","0","0","0"
1,"QOvT0n",1,3938,2015,151,"Philippines","PHI","PHL",202,"United States of America","USA","USA",169,754,"0","-","0","0","0"
1,"QOvT0n",1,3939,2016,151,"Philippines","PHI","PHL",202,"United States of America","USA","USA",138,1024,"0","-","0","0","0"
1,"QOvT0n",1,3940,2017,151,"Philippines","PHI","PHL",202,"United States of America","USA","USA",145,1414,"0","-","0","0","0"
1,"QOvT0n",1,3941,2018,151,"Philippines","PHI","PHL",202,"United States of America","USA","USA",166,1457,"0","-","0","0","0"
1,"QOvT0n",1,3942,2019,151,"Philippines","PHI","PHL",202,"United States of America","USA","USA",168,1510,"0","-","0","0","0"
1,"QOvT0n",1,3943,2020,151,"Philippines","PHI","PHL",202,"United States of America","USA","USA",166,1558,"0","-","0","0","0"
1,"QOvT0n",1,3944,2021,151,"Philippines","PHI","PHL",202,"United States of America","USA","USA",168,1728,"0","-","0","0","0"
1,"QOvT0n",1,3945,2022,151,"Philippines","PHI","PHL",202,"United States of America","USA","USA",160,1529,"0","-","0","0","0"
1,"QOvT0n",1,3946,2023,151,"Philippines","PHI","PHL",202,"United States of America","USA","USA",158,1460,"0","-","0","0","0"
1,"QOvT0n",1,3947,2024,151,"Philippines","PHI","PHL",202,"United States of America","USA","USA",158,1635,"0","-","0","0","0"
1,"QOvT0n",1,3948,2025,151,"Philippines","PHI","PHL",202,"United States of America","USA","USA",158,1635,"0","-","0","0","0"
1,"QOvT0n",1,3949,2024,153,"Papua New Guinea","PNG","PNG",202,"United States of America","USA","USA","0",5,"0","-","0","0","0"
1,"QOvT0n",1,3950,2025,153,"Papua New Guinea","PNG","PNG",202,"United States of America","USA","USA","0",5,"0","-","0","0","0"
1,"QOvT0n",1,3951,1988,154,"Poland","POL","POL",202,"United States of America","USA","USA",21186,"0","0","-","0","0","0"
1,"QOvT0n",1,3952,1989,154,"Poland","POL","POL",202,"United States of America","USA","USA",19838,"0","0","-","0","0","0"
1,"QOvT0n",1,3953,1990,154,"Poland","POL","POL",202,"United States of America","USA","USA",17674,"0","0","-","0","0","0"
1,"QOvT0n",1,3954,1991,154,"Poland","POL","POL",202,"United States of America","USA","USA",13779,"0","0","-","0","0","0"
1,"QOvT0n",1,3955,1992,154,"Poland","POL","POL",202,"United States of America","USA","USA",9731,"0","0","-","0","0","0"
1,"QOvT0n",1,3956,1993,154,"Poland","POL","POL",202,"United States of America","USA","USA",5955,"0","0","-","0","0","0"
1,"QOvT0n",1,3957,1994,154,"Poland","POL","POL",202,"United States of America","USA","USA",2053,"0","0","-","0","0","0"
1,"QOvT0n",1,3958,1995,154,"Poland","POL","POL",202,"United States of America","USA","USA",572,"0","0","-","0","0","0"
1,"QOvT0n",1,3959,1996,154,"Poland","POL","POL",202,"United States of America","USA","USA",301,"0","0","-","0","0","0"
1,"QOvT0n",1,3960,1997,154,"Poland","POL","POL",202,"United States of America","USA","USA",179,"0","0","-","0","0","0"
1,"QOvT0n",1,3961,1998,154,"Poland","POL","POL",202,"United States of America","USA","USA",132,"0","0","-","0","0","0"
1,"QOvT0n",1,3962,1999,154,"Poland","POL","POL",202,"United States of America","USA","USA",102,"0","0","-","0","0","0"
1,"QOvT0n",1,3963,2000,154,"Poland","POL","POL",202,"United States of America","USA","USA",57,112,"0","-","0","0","0"
1,"QOvT0n",1,3964,2001,154,"Poland","POL","POL",202,"United States of America","USA","USA","0",508,"0","-","0","0","0"
1,"QOvT0n",1,3965,2002,154,"Poland","POL","POL",202,"United States of America","USA","USA",46,452,"0","-","0","0","0"
1,"QOvT0n",1,3966,2003,154,"Poland","POL","POL",202,"United States of America","USA","USA",32,416,"0","-","0","0","0"
1,"QOvT0n",1,3967,2004,154,"Poland","POL","POL",202,"United States of America","USA","USA",34,447,"0","-","0","0","0"
1,"QOvT0n",1,3968,2005,154,"Poland","POL","POL",202,"United States of America","USA","USA",47,542,"0","-","0","0","0"
1,"QOvT0n",1,3969,2006,154,"Poland","POL","POL",202,"United States of America","USA","USA",71,305,"0","-","0","0","0"
1,"QOvT0n",1,3970,2007,154,"Poland","POL","POL",202,"United States of America","USA","USA",64,118,"0","-","0","0","0"
1,"QOvT0n",1,3971,2008,154,"Poland","POL","POL",202,"United States of America","USA","USA",63,77,"0","-","0","0","0"
1,"QOvT0n",1,3972,2009,154,"Poland","POL","POL",202,"United States of America","USA","USA",66,73,"0","-","0","0","0"
1,"QOvT0n",1,3973,2010,154,"Poland","POL","POL",202,"United States of America","USA","USA",70,5,"0","-","0","0","0"
1,"QOvT0n",1,3974,2011,154,"Poland","POL","POL",202,"United States of America","USA","USA",66,9,"0","-","0","0","0"
1,"QOvT0n",1,3975,2012,154,"Poland","POL","POL",202,"United States of America","USA","USA",56,13,"0","-","0","0","0"
1,"QOvT0n",1,3976,2013,154,"Poland","POL","POL",202,"United States of America","USA","USA",46,51,"0","-","0","0","0"
1,"QOvT0n",1,3977,2014,154,"Poland","POL","POL",202,"United States of America","USA","USA",41,183,"0","-","0","0","0"
1,"QOvT0n",1,3978,2015,154,"Poland","POL","POL",202,"United States of America","USA","USA",34,322,"0","-","0","0","0"
1,"QOvT0n",1,3979,2016,154,"Poland","POL","POL",202,"United States of America","USA","USA",27,483,"0","-","0","0","0"
1,"QOvT0n",1,3980,2017,154,"Poland","POL","POL",202,"United States of America","USA","USA",23,659,"0","-","0","0","0"
1,"QOvT0n",1,3981,2018,154,"Poland","POL","POL",202,"United States of America","USA","USA",17,765,"0","-","0","0","0"
1,"QOvT0n",1,3982,2019,154,"Poland","POL","POL",202,"United States of America","USA","USA",12,851,"0","-","0","0","0"
1,"QOvT0n",1,3983,2020,154,"Poland","POL","POL",202,"United States of America","USA","USA",9,898,"0","-","0","0","0"
1,"QOvT0n",1,3984,2021,154,"Poland","POL","POL",202,"United States of America","USA","USA",9,921,"0","-","0","0","0"
1,"QOvT0n",1,3985,2022,154,"Poland","POL","POL",202,"United States of America","USA","USA",15,852,"0","-","0","0","0"
1,"QOvT0n",1,3986,2023,154,"Poland","POL","POL",202,"United States of America","USA","USA",15,751,"0","-","0","0","0"
1,"QOvT0n",1,3987,2024,154,"Poland","POL","POL",202,"United States of America","USA","USA",15,766,"0","-","0","0","0"
1,"QOvT0n",1,3988,2025,154,"Poland","POL","POL",202,"United States of America","USA","USA",15,766,"0","-","0","0","0"
1,"QOvT0n",1,3989,1996,155,"Portugal","POR","PRT",202,"United States of America","USA","USA",5,"0","0","-","0","0","0"
1,"QOvT0n",1,3990,1997,155,"Portugal","POR","PRT",202,"United States of America","USA","USA",6,"0","0","-","0","0","0"
1,"QOvT0n",1,3991,1998,155,"Portugal","POR","PRT",202,"United States of America","USA","USA",6,"0","0","-","0","0","0"
1,"QOvT0n",1,3992,1999,155,"Portugal","POR","PRT",202,"United States of America","USA","USA",6,"0","0","-","0","0","0"
1,"QOvT0n",1,3993,2000,155,"Portugal","POR","PRT",202,"United States of America","USA","USA",5,12,"0","-","0","0","0"
1,"QOvT0n",1,3994,2001,155,"Portugal","POR","PRT",202,"United States of America","USA","USA","0",24,"0","-","0","0","0"
1,"QOvT0n",1,3995,2002,155,"Portugal","POR","PRT",202,"United States of America","USA","USA","0",25,"0","-","0","0","0"
1,"QOvT0n",1,3996,2003,155,"Portugal","POR","PRT",202,"United States of America","USA","USA","0",26,"0","-","0","0","0"
1,"QOvT0n",1,3997,2004,155,"Portugal","POR","PRT",202,"United States of America","USA","USA","0",33,"0","-","0","0","0"
1,"QOvT0n",1,3998,2005,155,"Portugal","POR","PRT",202,"United States of America","USA","USA","0",44,"0","-","0","0","0"
1,"QOvT0n",1,3999,2006,155,"Portugal","POR","PRT",202,"United States of America","USA","USA",7,18,"0","-","0","0","0"
1,"QOvT0n",1,4000,2007,155,"Portugal","POR","PRT",202,"United States of America","USA","USA",7,6,"0","-","0","0","0"
1,"QOvT0n",1,4001,2008,155,"Portugal","POR","PRT",202,"United States of America","USA","USA",7,"0","0","-","0","0","0"
1,"QOvT0n",1,4002,2009,155,"Portugal","POR","PRT",202,"United States of America","USA","USA",8,"0","0","-","0","0","0"
1,"QOvT0n",1,4003,2010,155,"Portugal","POR","PRT",202,"United States of America","USA","USA",7,"0","0","-","0","0","0"
1,"QOvT0n",1,4004,2011,155,"Portugal","POR","PRT",202,"United States of America","USA","USA",7,"0","0","-","0","0","0"
1,"QOvT0n",1,4005,2012,155,"Portugal","POR","PRT",202,"United States of America","USA","USA",10,5,"0","-","0","0","0"
1,"QOvT0n",1,4006,2013,155,"Portugal","POR","PRT",202,"United States of America","USA","USA",10,14,"0","-","0","0","0"
1,"QOvT0n",1,4007,2014,155,"Portugal","POR","PRT",202,"United States of America","USA","USA",10,24,"0","-","0","0","0"
1,"QOvT0n",1,4008,2015,155,"Portugal","POR","PRT",202,"United States of America","USA","USA",9,31,"0","-","0","0","0"
1,"QOvT0n",1,4009,2016,155,"Portugal","POR","PRT",202,"United States of America","USA","USA",5,40,"0","-","0","0","0"
1,"QOvT0n",1,4010,2017,155,"Portugal","POR","PRT",202,"United States of America","USA","USA",5,88,"0","-","0","0","0"
1,"QOvT0n",1,4011,2018,155,"Portugal","POR","PRT",202,"United States of America","USA","USA",5,129,"0","-","0","0","0"
1,"QOvT0n",1,4012,2019,155,"Portugal","POR","PRT",202,"United States of America","USA","USA",5,179,"0","-","0","0","0"
1,"QOvT0n",1,4013,2020,155,"Portugal","POR","PRT",202,"United States of America","USA","USA",5,197,"0","-","0","0","0"
1,"QOvT0n",1,4014,2021,155,"Portugal","POR","PRT",202,"United States of America","USA","USA",5,270,"0","-","0","0","0"
1,"QOvT0n",1,4015,2022,155,"Portugal","POR","PRT",202,"United States of America","USA","USA","0",235,"0","-","0","0","0"
1,"QOvT0n",1,4016,2023,155,"Portugal","POR","PRT",202,"United States of America","USA","USA","0",716,"0","-","0","0","0"
1,"QOvT0n",1,4017,2024,155,"Portugal","POR","PRT",202,"United States of America","USA","USA","0",913,"0","-","0","0","0"
1,"QOvT0n",1,4018,2025,155,"Portugal","POR","PRT",202,"United States of America","USA","USA","0",913,"0","-","0","0","0"
1,"QOvT0n",1,4019,2001,157,"Qatar","QAT","QAT",202,"United States of America","USA","USA","0",5,"0","-","0","0","0"
1,"QOvT0n",1,4020,2002,157,"Qatar","QAT","QAT",202,"United States of America","USA","USA",5,5,"0","-","0","0","0"
1,"QOvT0n",1,4021,2003,157,"Qatar","QAT","QAT",202,"United States of America","USA","USA",5,5,"0","-","0","0","0"
1,"QOvT0n",1,4022,2004,157,"Qatar","QAT","QAT",202,"United States of America","USA","USA",5,"0","0","-","0","0","0"
1,"QOvT0n",1,4023,2005,157,"Qatar","QAT","QAT",202,"United States of America","USA","USA",6,5,"0","-","0","0","0"
1,"QOvT0n",1,4024,2006,157,"Qatar","QAT","QAT",202,"United States of America","USA","USA",7,5,"0","-","0","0","0"
1,"QOvT0n",1,4025,2007,157,"Qatar","QAT","QAT",202,"United States of America","USA","USA",7,"0","0","-","0","0","0"
1,"QOvT0n",1,4026,2008,157,"Qatar","QAT","QAT",202,"United States of America","USA","USA",6,"0","0","-","0","0","0"
1,"QOvT0n",1,4027,2009,157,"Qatar","QAT","QAT",202,"United States of America","USA","USA",6,"0","0","-","0","0","0"
1,"QOvT0n",1,4028,2010,157,"Qatar","QAT","QAT",202,"United States of America","USA","USA",7,"0","0","-","0","0","0"
1,"QOvT0n",1,4029,2011,157,"Qatar","QAT","QAT",202,"United States of America","USA","USA",6,"0","0","-","0","0","0"
1,"QOvT0n",1,4030,2012,157,"Qatar","QAT","QAT",202,"United States of America","USA","USA",9,"0","0","-","0","0","0"
1,"QOvT0n",1,4031,2013,157,"Qatar","QAT","QAT",202,"United States of America","USA","USA",10,"0","0","-","0","0","0"
1,"QOvT0n",1,4032,2014,157,"Qatar","QAT","QAT",202,"United States of America","USA","USA",10,5,"0","-","0","0","0"
1,"QOvT0n",1,4033,2015,157,"Qatar","QAT","QAT",202,"United States of America","USA","USA",10,7,"0","-","0","0","0"
1,"QOvT0n",1,4034,2016,157,"Qatar","QAT","QAT",202,"United States of America","USA","USA",10,13,"0","-","0","0","0"
1,"QOvT0n",1,4035,2017,157,"Qatar","QAT","QAT",202,"United States of America","USA","USA",13,34,"0","-","0","0","0"
1,"QOvT0n",1,4036,2018,157,"Qatar","QAT","QAT",202,"United States of America","USA","USA",13,33,"0","-","0","0","0"
1,"QOvT0n",1,4037,2019,157,"Qatar","QAT","QAT",202,"United States of America","USA","USA",21,26,"0","-","0","0","0"
1,"QOvT0n",1,4038,2020,157,"Qatar","QAT","QAT",202,"United States of America","USA","USA",20,25,"0","-","0","0","0"
1,"QOvT0n",1,4039,2021,157,"Qatar","QAT","QAT",202,"United States of America","USA","USA",20,24,"0","-","0","0","0"
1,"QOvT0n",1,4040,2022,157,"Qatar","QAT","QAT",202,"United States of America","USA","USA",23,100,"0","-","0","0","0"
1,"QOvT0n",1,4041,2023,157,"Qatar","QAT","QAT",202,"United States of America","USA","USA",23,33,"0","-","0","0","0"
1,"QOvT0n",1,4042,2024,157,"Qatar","QAT","QAT",202,"United States of America","USA","USA",23,32,"0","-","0","0","0"
1,"QOvT0n",1,4043,2025,157,"Qatar","QAT","QAT",202,"United States of America","USA","USA",23,32,"0","-","0","0","0"
1,"QOvT0n",1,4044,1988,158,"Romania","ROM","ROU",202,"United States of America","USA","USA",18125,"0","0","-","0","0","0"
1,"QOvT0n",1,4045,1989,158,"Romania","ROM","ROU",202,"United States of America","USA","USA",17394,"0","0","-","0","0","0"
1,"QOvT0n",1,4046,1990,158,"Romania","ROM","ROU",202,"United States of America","USA","USA",16622,"0","0","-","0","0","0"
1,"QOvT0n",1,4047,1991,158,"Romania","ROM","ROU",202,"United States of America","USA","USA",18599,"0","0","-","0","0","0"
1,"QOvT0n",1,4048,1992,158,"Romania","ROM","ROU",202,"United States of America","USA","USA",17042,"0","0","-","0","0","0"
1,"QOvT0n",1,4049,1993,158,"Romania","ROM","ROU",202,"United States of America","USA","USA",14316,"0","0","-","0","0","0"
1,"QOvT0n",1,4050,1994,158,"Romania","ROM","ROU",202,"United States of America","USA","USA",10735,"0","0","-","0","0","0"
1,"QOvT0n",1,4051,1995,158,"Romania","ROM","ROU",202,"United States of America","USA","USA",7171,"0","0","-","0","0","0"
1,"QOvT0n",1,4052,1996,158,"Romania","ROM","ROU",202,"United States of America","USA","USA",2833,"0","0","-","0","0","0"
1,"QOvT0n",1,4053,1997,158,"Romania","ROM","ROU",202,"United States of America","USA","USA",1310,"0","0","-","0","0","0"
1,"QOvT0n",1,4054,1998,158,"Romania","ROM","ROU",202,"United States of America","USA","USA",923,"0","0","-","0","0","0"
1,"QOvT0n",1,4055,1999,158,"Romania","ROM","ROU",202,"United States of America","USA","USA",749,"0","0","-","0","0","0"
1,"QOvT0n",1,4056,2000,158,"Romania","ROM","ROU",202,"United States of America","USA","USA",567,1301,"0","-","0","0","0"
1,"QOvT0n",1,4057,2001,158,"Romania","ROM","ROU",202,"United States of America","USA","USA",583,1271,"0","-","0","0","0"
1,"QOvT0n",1,4058,2002,158,"Romania","ROM","ROU",202,"United States of America","USA","USA",659,1253,"0","-","0","0","0"
1,"QOvT0n",1,4059,2003,158,"Romania","ROM","ROU",202,"United States of America","USA","USA",579,946,"0","-","0","0","0"
1,"QOvT0n",1,4060,2004,158,"Romania","ROM","ROU",202,"United States of America","USA","USA",645,845,"0","-","0","0","0"
1,"QOvT0n",1,4061,2005,158,"Romania","ROM","ROU",202,"United States of America","USA","USA",734,790,"0","-","0","0","0"
1,"QOvT0n",1,4062,2006,158,"Romania","ROM","ROU",202,"United States of America","USA","USA",1090,558,"0","-","0","0","0"
1,"QOvT0n",1,4063,2007,158,"Romania","ROM","ROU",202,"United States of America","USA","USA",1061,246,"0","-","0","0","0"
1,"QOvT0n",1,4064,2008,158,"Romania","ROM","ROU",202,"United States of America","USA","USA",1012,136,"0","-","0","0","0"
1,"QOvT0n",1,4065,2009,158,"Romania","ROM","ROU",202,"United States of America","USA","USA",1017,125,"0","-","0","0","0"
1,"QOvT0n",1,4066,2010,158,"Romania","ROM","ROU",202,"United States of America","USA","USA",943,14,"0","-","0","0","0"
1,"QOvT0n",1,4067,2011,158,"Romania","ROM","ROU",202,"United States of America","USA","USA",815,18,"0","-","0","0","0"
1,"QOvT0n",1,4068,2012,158,"Romania","ROM","ROU",202,"United States of America","USA","USA",635,16,"0","-","0","0","0"
1,"QOvT0n",1,4069,2013,158,"Romania","ROM","ROU",202,"United States of America","USA","USA",461,738,"0","-","0","0","0"
1,"QOvT0n",1,4070,2014,158,"Romania","ROM","ROU",202,"United States of America","USA","USA",381,954,"0","-","0","0","0"
1,"QOvT0n",1,4071,2015,158,"Romania","ROM","ROU",202,"United States of America","USA","USA",369,1274,"0","-","0","0","0"
1,"QOvT0n",1,4072,2016,158,"Romania","ROM","ROU",202,"United States of America","USA","USA",343,2041,"0","-","0","0","0"
1,"QOvT0n",1,4073,2017,158,"Romania","ROM","ROU",202,"United States of America","USA","USA",371,2950,"0","-","0","0","0"
1,"QOvT0n",1,4074,2018,158,"Romania","ROM","ROU",202,"United States of America","USA","USA",401,3116,"0","-","0","0","0"
1,"QOvT0n",1,4075,2019,158,"Romania","ROM","ROU",202,"United States of America","USA","USA",444,3080,"0","-","0","0","0"
1,"QOvT0n",1,4076,2020,158,"Romania","ROM","ROU",202,"United States of America","USA","USA",437,3094,"0","-","0","0","0"
1,"QOvT0n",1,4077,2021,158,"Romania","ROM","ROU",202,"United States of America","USA","USA",447,4030,"0","-","0","0","0"
1,"QOvT0n",1,4078,2022,158,"Romania","ROM","ROU",202,"United States of America","USA","USA",504,5031,"0","-","0","0","0"
1,"QOvT0n",1,4079,2023,158,"Romania","ROM","ROU",202,"United States of America","USA","USA",580,5997,"0","-","0","0","0"
1,"QOvT0n",1,4080,2024,158,"Romania","ROM","ROU",202,"United States of America","USA","USA",605,6318,"0","-","0","0","0"
1,"QOvT0n",1,4081,2025,158,"Romania","ROM","ROU",202,"United States of America","USA","USA",605,6318,"0","-","0","0","0"
1,"QOvT0n",1,4082,1988,159,"South Africa","RSA","ZAF",202,"United States of America","USA","USA",167,"0","0","-","0","0","0"
1,"QOvT0n",1,4083,1989,159,"South Africa","RSA","ZAF",202,"United States of America","USA","USA",173,"0","0","-","0","0","0"
1,"QOvT0n",1,4084,1990,159,"South Africa","RSA","ZAF",202,"United States of America","USA","USA",187,"0","0","-","0","0","0"
1,"QOvT0n",1,4085,1991,159,"South Africa","RSA","ZAF",202,"United States of America","USA","USA",194,"0","0","-","0","0","0"
1,"QOvT0n",1,4086,1992,159,"South Africa","RSA","ZAF",202,"United States of America","USA","USA",139,"0","0","-","0","0","0"
1,"QOvT0n",1,4087,1993,159,"South Africa","RSA","ZAF",202,"United States of America","USA","USA",105,"0","0","-","0","0","0"
1,"QOvT0n",1,4088,1994,159,"South Africa","RSA","ZAF",202,"United States of America","USA","USA",85,"0","0","-","0","0","0"
1,"QOvT0n",1,4089,1995,159,"South Africa","RSA","ZAF",202,"United States of America","USA","USA",43,"0","0","-","0","0","0"
1,"QOvT0n",1,4090,1996,159,"South Africa","RSA","ZAF",202,"United States of America","USA","USA",35,"0","0","-","0","0","0"
1,"QOvT0n",1,4091,1997,159,"South Africa","RSA","ZAF",202,"United States of America","USA","USA",30,"0","0","-","0","0","0"
1,"QOvT0n",1,4092,1998,159,"South Africa","RSA","ZAF",202,"United States of America","USA","USA",29,"0","0","-","0","0","0"
1,"QOvT0n",1,4093,1999,159,"South Africa","RSA","ZAF",202,"United States of America","USA","USA",38,"0","0","-","0","0","0"
1,"QOvT0n",1,4094,2000,159,"South Africa","RSA","ZAF",202,"United States of America","USA","USA",48,37,"0","-","0","0","0"
1,"QOvT0n",1,4095,2001,159,"South Africa","RSA","ZAF",202,"United States of America","USA","USA","0",96,"0","-","0","0","0"
1,"QOvT0n",1,4096,2002,159,"South Africa","RSA","ZAF",202,"United States of America","USA","USA",62,119,"0","-","0","0","0"
1,"QOvT0n",1,4097,2003,159,"South Africa","RSA","ZAF",202,"United States of America","USA","USA",53,142,"0","-","0","0","0"
1,"QOvT0n",1,4098,2004,159,"South Africa","RSA","ZAF",202,"United States of America","USA","USA",59,135,"0","-","0","0","0"
1,"QOvT0n",1,4099,2005,159,"South Africa","RSA","ZAF",202,"United States of America","USA","USA",73,124,"0","-","0","0","0"
1,"QOvT0n",1,4100,2006,159,"South Africa","RSA","ZAF",202,"United States of America","USA","USA",114,74,"0","-","0","0","0"
1,"QOvT0n",1,4101,2007,159,"South Africa","RSA","ZAF",202,"United States of America","USA","USA",117,29,"0","-","0","0","0"
1,"QOvT0n",1,4102,2008,159,"South Africa","RSA","ZAF",202,"United States of America","USA","USA",111,13,"0","-","0","0","0"
1,"QOvT0n",1,4103,2009,159,"South Africa","RSA","ZAF",202,"United States of America","USA","USA",117,8,"0","-","0","0","0"
1,"QOvT0n",1,4104,2010,159,"South Africa","RSA","ZAF",202,"United States of America","USA","USA",109,6,"0","-","0","0","0"
1,"QOvT0n",1,4105,2011,159,"South Africa","RSA","ZAF",202,"United States of America","USA","USA",108,5,"0","-","0","0","0"
1,"QOvT0n",1,4106,2012,159,"South Africa","RSA","ZAF",202,"United States of America","USA","USA",95,7,"0","-","0","0","0"
1,"QOvT0n",1,4107,2013,159,"South Africa","RSA","ZAF",202,"United States of America","USA","USA",83,34,"0","-","0","0","0"
1,"QOvT0n",1,4108,2014,159,"South Africa","RSA","ZAF",202,"United States of America","USA","USA",72,69,"0","-","0","0","0"
1,"QOvT0n",1,4109,2015,159,"South Africa","RSA","ZAF",202,"United States of America","USA","USA",62,96,"0","-","0","0","0"
1,"QOvT0n",1,4110,2016,159,"South Africa","RSA","ZAF",202,"United States of America","USA","USA",42,142,"0","-","0","0","0"
1,"QOvT0n",1,4111,2017,159,"South Africa","RSA","ZAF",202,"United States of America","USA","USA",40,294,"0","-","0","0","0"
1,"QOvT0n",1,4112,2018,159,"South Africa","RSA","ZAF",202,"United States of America","USA","USA",47,419,"0","-","0","0","0"
1,"QOvT0n",1,4113,2019,159,"South Africa","RSA","ZAF",202,"United States of America","USA","USA",52,291,"0","-","0","0","0"
1,"QOvT0n",1,4114,2020,159,"South Africa","RSA","ZAF",202,"United States of America","USA","USA",51,769,"0","-","0","0","0"
1,"QOvT0n",1,4115,2021,159,"South Africa","RSA","ZAF",202,"United States of America","USA","USA",59,1311,"0","-","0","0","0"
1,"QOvT0n",1,4116,2022,159,"South Africa","RSA","ZAF",202,"United States of America","USA","USA",54,1297,"0","-","0","0","0"
1,"QOvT0n",1,4117,2023,159,"South Africa","RSA","ZAF",202,"United States of America","USA","USA",70,1662,"0","-","0","0","0"
1,"QOvT0n",1,4118,2024,159,"South Africa","RSA","ZAF",202,"United States of America","USA","USA",70,2043,"0","-","0","0","0"
1,"QOvT0n",1,4119,2025,159,"South Africa","RSA","ZAF",202,"United States of America","USA","USA",70,2043,"0","-","0","0","0"
1,"QOvT0n",1,4120,1988,160,"Russian Federation","RUS","RUS",202,"United States of America","USA","USA",26486,"0","0","-","0","0","0"
1,"QOvT0n",1,4121,1989,160,"Russian Federation","RUS","RUS",202,"United States of America","USA","USA",65381,"0","0","-","0","0","0"
1,"QOvT0n",1,4122,1990,160,"Russian Federation","RUS","RUS",202,"United States of America","USA","USA",115686,"0","0","-","0","0","0"
1,"QOvT0n",1,4123,1991,160,"Russian Federation","RUS","RUS",202,"United States of America","USA","USA",153658,"0","0","-","0","0","0"
1,"QOvT0n",1,4124,1992,160,"Russian Federation","RUS","RUS",202,"United States of America","USA","USA",211661,"0","0","-","0","0","0"
1,"QOvT0n",1,4125,1993,160,"Russian Federation","RUS","RUS",202,"United States of America","USA","USA",240641,"0","0","-","0","0","0"
1,"QOvT0n",1,4126,1994,160,"Russian Federation","RUS","RUS",202,"United States of America","USA","USA",245238,"0","0","-","0","0","0"
1,"QOvT0n",1,4127,1995,160,"Russian Federation","RUS","RUS",202,"United States of America","USA","USA",194956,"0","0","-","0","0","0"
1,"QOvT0n",1,4128,1996,160,"Russian Federation","RUS","RUS",202,"United States of America","USA","USA",156844,"0","0","-","0","0","0"
1,"QOvT0n",1,4129,1997,160,"Russian Federation","RUS","RUS",202,"United States of America","USA","USA",188083,"0","0","-","0","0","0"
1,"QOvT0n",1,4130,1998,160,"Russian Federation","RUS","RUS",202,"United States of America","USA","USA",162724,"0","0","-","0","0","0"
1,"QOvT0n",1,4131,1999,160,"Russian Federation","RUS","RUS",202,"United States of America","USA","USA",7999,"0","0","-","0","0","0"
1,"QOvT0n",1,4132,2000,160,"Russian Federation","RUS","RUS",202,"United States of America","USA","USA",11916,2367,"0","-","0","0","0"
1,"QOvT0n",1,4133,2001,160,"Russian Federation","RUS","RUS",202,"United States of America","USA","USA",16294,2406,"0","-","0","0","0"
1,"QOvT0n",1,4134,2002,160,"Russian Federation","RUS","RUS",202,"United States of America","USA","USA",18499,2523,"0","-","0","0","0"
1,"QOvT0n",1,4135,2003,160,"Russian Federation","RUS","RUS",202,"United States of America","USA","USA",18964,2447,"0","-","0","0","0"
1,"QOvT0n",1,4136,2004,160,"Russian Federation","RUS","RUS",202,"United States of America","USA","USA",15890,2435,"0","-","0","0","0"
1,"QOvT0n",1,4137,2005,160,"Russian Federation","RUS","RUS",202,"United States of America","USA","USA",18812,2898,"0","-","0","0","0"
1,"QOvT0n",1,4138,2006,160,"Russian Federation","RUS","RUS",202,"United States of America","USA","USA",86913,2238,"0","-","0","0","0"
1,"QOvT0n",1,4139,2007,160,"Russian Federation","RUS","RUS",202,"United States of America","USA","USA",7915,1348,"0","-","0","0","0"
1,"QOvT0n",1,4140,2008,160,"Russian Federation","RUS","RUS",202,"United States of America","USA","USA",7652,1478,"0","-","0","0","0"
1,"QOvT0n",1,4141,2009,160,"Russian Federation","RUS","RUS",202,"United States of America","USA","USA",7433,1435,"0","-","0","0","0"
1,"QOvT0n",1,4142,2010,160,"Russian Federation","RUS","RUS",202,"United States of America","USA","USA",7043,129,"0","-","0","0","0"
1,"QOvT0n",1,4143,2011,160,"Russian Federation","RUS","RUS",202,"United States of America","USA","USA",6863,256,"0","-","0","0","0"
1,"QOvT0n",1,4144,2012,160,"Russian Federation","RUS","RUS",202,"United States of America","USA","USA",6714,386,"0","-","0","0","0"
1,"QOvT0n",1,4145,2013,160,"Russian Federation","RUS","RUS",202,"United States of America","USA","USA",6461,1096,"0","-","0","0","0"
1,"QOvT0n",1,4146,2014,160,"Russian Federation","RUS","RUS",202,"United States of America","USA","USA",6163,2452,"0","-","0","0","0"
1,"QOvT0n",1,4147,2015,160,"Russian Federation","RUS","RUS",202,"United States of America","USA","USA",5905,3767,"0","-","0","0","0"
1,"QOvT0n",1,4148,2016,160,"Russian Federation","RUS","RUS",202,"United States of America","USA","USA",5503,5511,"0","-","0","0","0"
1,"QOvT0n",1,4149,2017,160,"Russian Federation","RUS","RUS",202,"United States of America","USA","USA",5463,7980,"0","-","0","0","0"
1,"QOvT0n",1,4150,2018,160,"Russian Federation","RUS","RUS",202,"United States of America","USA","USA",5813,8901,"0","-","0","0","0"
1,"QOvT0n",1,4151,2019,160,"Russian Federation","RUS","RUS",202,"United States of America","USA","USA",6702,10194,"0","-","0","0","0"
1,"QOvT0n",1,4152,2020,160,"Russian Federation","RUS","RUS",202,"United States of America","USA","USA",6530,12806,"0","-","0","0","0"
1,"QOvT0n",1,4153,2021,160,"Russian Federation","RUS","RUS",202,"United States of America","USA","USA",6718,21873,"0","-","0","0","0"
1,"QOvT0n",1,4154,2022,160,"Russian Federation","RUS","RUS",202,"United States of America","USA","USA",7675,38366,"0","-","0","0","0"
1,"QOvT0n",1,4155,2023,160,"Russian Federation","RUS","RUS",202,"United States of America","USA","USA",9777,74236,"0","-","0","0","0"
1,"QOvT0n",1,4156,2024,160,"Russian Federation","RUS","RUS",202,"United States of America","USA","USA",12132,83631,"0","-","0","0","0"
1,"QOvT0n",1,4157,2025,160,"Russian Federation","RUS","RUS",202,"United States of America","USA","USA",12132,83631,"0","-","0","0","0"
1,"QOvT0n",1,4158,1991,161,"Rwanda","RWA","RWA",202,"United States of America","USA","USA",5,"0","0","-","0","0","0"
1,"QOvT0n",1,4159,1992,161,"Rwanda","RWA","RWA",202,"United States of America","USA","USA",5,"0","0","-","0","0","0"
1,"QOvT0n",1,4160,1993,161,"Rwanda","RWA","RWA",202,"United States of America","USA","USA",12,"0","0","-","0","0","0"
1,"QOvT0n",1,4161,1994,161,"Rwanda","RWA","RWA",202,"United States of America","USA","USA",43,"0","0","-","0","0","0"
1,"QOvT0n",1,4162,1995,161,"Rwanda","RWA","RWA",202,"United States of America","USA","USA",285,"0","0","-","0","0","0"
1,"QOvT0n",1,4163,1996,161,"Rwanda","RWA","RWA",202,"United States of America","USA","USA",481,"0","0","-","0","0","0"
1,"QOvT0n",1,4164,1997,161,"Rwanda","RWA","RWA",202,"United States of America","USA","USA",686,"0","0","-","0","0","0"
1,"QOvT0n",1,4165,1998,161,"Rwanda","RWA","RWA",202,"United States of America","USA","USA",864,"0","0","-","0","0","0"
1,"QOvT0n",1,4166,1999,161,"Rwanda","RWA","RWA",202,"United States of America","USA","USA",1114,"0","0","-","0","0","0"
1,"QOvT0n",1,4167,2000,161,"Rwanda","RWA","RWA",202,"United States of America","USA","USA",1335,82,"0","-","0","0","0"
1,"QOvT0n",1,4168,2001,161,"Rwanda","RWA","RWA",202,"United States of America","USA","USA",1328,97,"0","-","0","0","0"
1,"QOvT0n",1,4169,2002,161,"Rwanda","RWA","RWA",202,"United States of America","USA","USA",1226,95,"0","-","0","0","0"
1,"QOvT0n",1,4170,2003,161,"Rwanda","RWA","RWA",202,"United States of America","USA","USA",1068,105,"0","-","0","0","0"
1,"QOvT0n",1,4171,2004,161,"Rwanda","RWA","RWA",202,"United States of America","USA","USA",1017,89,"0","-","0","0","0"
1,"QOvT0n",1,4172,2005,161,"Rwanda","RWA","RWA",202,"United States of America","USA","USA",912,90,"0","-","0","0","0"
1,"QOvT0n",1,4173,2006,161,"Rwanda","RWA","RWA",202,"United States of America","USA","USA",2161,112,"0","-","0","0","0"
1,"QOvT0n",1,4174,2007,161,"Rwanda","RWA","RWA",202,"United States of America","USA","USA",918,72,"0","-","0","0","0"
1,"QOvT0n",1,4175,2008,161,"Rwanda","RWA","RWA",202,"United States of America","USA","USA",901,68,"0","-","0","0","0"
1,"QOvT0n",1,4176,2009,161,"Rwanda","RWA","RWA",202,"United States of America","USA","USA",869,68,"0","-","0","0","0"
1,"QOvT0n",1,4177,2010,161,"Rwanda","RWA","RWA",202,"United States of America","USA","USA",886,42,"0","-","0","0","0"
1,"QOvT0n",1,4178,2011,161,"Rwanda","RWA","RWA",202,"United States of America","USA","USA",913,61,"0","-","0","0","0"
1,"QOvT0n",1,4179,2012,161,"Rwanda","RWA","RWA",202,"United States of America","USA","USA",946,102,"0","-","0","0","0"
1,"QOvT0n",1,4180,2013,161,"Rwanda","RWA","RWA",202,"United States of America","USA","USA",959,235,"0","-","0","0","0"
1,"QOvT0n",1,4181,2014,161,"Rwanda","RWA","RWA",202,"United States of America","USA","USA",1020,445,"0","-","0","0","0"
1,"QOvT0n",1,4182,2015,161,"Rwanda","RWA","RWA",202,"United States of America","USA","USA",1048,522,"0","-","0","0","0"
1,"QOvT0n",1,4183,2016,161,"Rwanda","RWA","RWA",202,"United States of America","USA","USA",1061,577,"0","-","0","0","0"
1,"QOvT0n",1,4184,2017,161,"Rwanda","RWA","RWA",202,"United States of America","USA","USA",1079,674,"0","-","0","0","0"
1,"QOvT0n",1,4185,2018,161,"Rwanda","RWA","RWA",202,"United States of America","USA","USA",1152,788,"0","-","0","0","0"
1,"QOvT0n",1,4186,2019,161,"Rwanda","RWA","RWA",202,"United States of America","USA","USA",1247,897,"0","-","0","0","0"
1,"QOvT0n",1,4187,2020,161,"Rwanda","RWA","RWA",202,"United States of America","USA","USA",1219,1154,"0","-","0","0","0"
1,"QOvT0n",1,4188,2021,161,"Rwanda","RWA","RWA",202,"United States of America","USA","USA",1223,1456,"0","-","0","0","0"
1,"QOvT0n",1,4189,2022,161,"Rwanda","RWA","RWA",202,"United States of America","USA","USA",1184,1184,"0","-","0","0","0"
1,"QOvT0n",1,4190,2023,161,"Rwanda","RWA","RWA",202,"United States of America","USA","USA",1169,1807,"0","-","0","0","0"
1,"QOvT0n",1,4191,2024,161,"Rwanda","RWA","RWA",202,"United States of America","USA","USA",1155,2053,"0","-","0","0","0"
1,"QOvT0n",1,4192,2025,161,"Rwanda","RWA","RWA",202,"United States of America","USA","USA",1155,2053,"0","-","0","0","0"
1,"QOvT0n",1,4193,1988,162,"El Salvador","SAL","SLV",202,"United States of America","USA","USA",1024,"0","0","-","0","0","0"
1,"QOvT0n",1,4194,1989,162,"El Salvador","SAL","SLV",202,"United States of America","USA","USA",882,"0","0","-","0","0","0"
1,"QOvT0n",1,4195,1990,162,"El Salvador","SAL","SLV",202,"United States of America","USA","USA",1035,"0","0","-","0","0","0"
1,"QOvT0n",1,4196,1991,162,"El Salvador","SAL","SLV",202,"United States of America","USA","USA",1136,"0","0","-","0","0","0"
1,"QOvT0n",1,4197,1992,162,"El Salvador","SAL","SLV",202,"United States of America","USA","USA",1203,"0","0","-","0","0","0"
1,"QOvT0n",1,4198,1993,162,"El Salvador","SAL","SLV",202,"United States of America","USA","USA",1114,"0","0","-","0","0","0"
1,"QOvT0n",1,4199,1994,162,"El Salvador","SAL","SLV",202,"United States of America","USA","USA",847,"0","0","-","0","0","0"
1,"QOvT0n",1,4200,1995,162,"El Salvador","SAL","SLV",202,"United States of America","USA","USA",871,"0","0","-","0","0","0"
1,"QOvT0n",1,4201,1996,162,"El Salvador","SAL","SLV",202,"United States of America","USA","USA",981,"0","0","-","0","0","0"
1,"QOvT0n",1,4202,1997,162,"El Salvador","SAL","SLV",202,"United States of America","USA","USA",1172,"0","0","-","0","0","0"
1,"QOvT0n",1,4203,1998,162,"El Salvador","SAL","SLV",202,"United States of America","USA","USA",1591,"0","0","-","0","0","0"
1,"QOvT0n",1,4204,1999,162,"El Salvador","SAL","SLV",202,"United States of America","USA","USA",1838,"0","0","-","0","0","0"
1,"QOvT0n",1,4205,2000,162,"El Salvador","SAL","SLV",202,"United States of America","USA","USA",1918,176197,"0","-","0","0","0"
1,"QOvT0n",1,4206,2001,162,"El Salvador","SAL","SLV",202,"United States of America","USA","USA",1883,164409,"0","-","0","0","0"
1,"QOvT0n",1,4207,2002,162,"El Salvador","SAL","SLV",202,"United States of America","USA","USA",1716,150900,"0","-","0","0","0"
1,"QOvT0n",1,4208,2003,162,"El Salvador","SAL","SLV",202,"United States of America","USA","USA",1111,128206,"0","-","0","0","0"
1,"QOvT0n",1,4209,2004,162,"El Salvador","SAL","SLV",202,"United States of America","USA","USA",800,91388,"0","-","0","0","0"
1,"QOvT0n",1,4210,2005,162,"El Salvador","SAL","SLV",202,"United States of America","USA","USA",919,44985,"0","-","0","0","0"
1,"QOvT0n",1,4211,2006,162,"El Salvador","SAL","SLV",202,"United States of America","USA","USA",3097,28463,"0","-","0","0","0"
1,"QOvT0n",1,4212,2007,162,"El Salvador","SAL","SLV",202,"United States of America","USA","USA",3432,18150,"0","-","0","0","0"
1,"QOvT0n",1,4213,2008,162,"El Salvador","SAL","SLV",202,"United States of America","USA","USA",3287,10288,"0","-","0","0","0"
1,"QOvT0n",1,4214,2009,162,"El Salvador","SAL","SLV",202,"United States of America","USA","USA",3226,8567,"0","-","0","0","0"
1,"QOvT0n",1,4215,2010,162,"El Salvador","SAL","SLV",202,"United States of America","USA","USA",3169,319,"0","-","0","0","0"
1,"QOvT0n",1,4216,2011,162,"El Salvador","SAL","SLV",202,"United States of America","USA","USA",4706,494,"0","-","0","0","0"
1,"QOvT0n",1,4217,2012,162,"El Salvador","SAL","SLV",202,"United States of America","USA","USA",6037,639,"0","-","0","0","0"
1,"QOvT0n",1,4218,2013,162,"El Salvador","SAL","SLV",202,"United States of America","USA","USA",7208,10289,"0","-","0","0","0"
1,"QOvT0n",1,4219,2014,162,"El Salvador","SAL","SLV",202,"United States of America","USA","USA",8256,16424,"0","-","0","0","0"
1,"QOvT0n",1,4220,2015,162,"El Salvador","SAL","SLV",202,"United States of America","USA","USA",11273,28780,"0","-","0","0","0"
1,"QOvT0n",1,4221,2016,162,"El Salvador","SAL","SLV",202,"United States of America","USA","USA",14331,55594,"0","-","0","0","0"
1,"QOvT0n",1,4222,2017,162,"El Salvador","SAL","SLV",202,"United States of America","USA","USA",18763,91429,"0","-","0","0","0"
1,"QOvT0n",1,4223,2018,162,"El Salvador","SAL","SLV",202,"United States of America","USA","USA",22152,101000,"0","-","0","0","0"
1,"QOvT0n",1,4224,2019,162,"El Salvador","SAL","SLV",202,"United States of America","USA","USA",26216,113404,"0","-","0","0","0"
1,"QOvT0n",1,4225,2020,162,"El Salvador","SAL","SLV",202,"United States of America","USA","USA",27434,126248,"0","-","0","0","0"
1,"QOvT0n",1,4226,2021,162,"El Salvador","SAL","SLV",202,"United States of America","USA","USA",28996,131244,"0","-","0","0","0"
1,"QOvT0n",1,4227,2022,162,"El Salvador","SAL","SLV",202,"United States of America","USA","USA",32143,122775,"0","-","0","0","0"
1,"QOvT0n",1,4228,2023,162,"El Salvador","SAL","SLV",202,"United States of America","USA","USA",35083,112448,"0","-","0","0","0"
1,"QOvT0n",1,4229,2024,162,"El Salvador","SAL","SLV",202,"United States of America","USA","USA",35766,115460,"0","-","0","0","0"
1,"QOvT0n",1,4230,2025,162,"El Salvador","SAL","SLV",202,"United States of America","USA","USA",35766,115460,"0","-","0","0","0"
1,"QOvT0n",1,4231,1995,163,"Saudi Arabia","SAU","SAU",202,"United States of America","USA","USA",5,"0","0","-","0","0","0"
1,"QOvT0n",1,4232,1996,163,"Saudi Arabia","SAU","SAU",202,"United States of America","USA","USA",5,"0","0","-","0","0","0"
1,"QOvT0n",1,4233,1997,163,"Saudi Arabia","SAU","SAU",202,"United States of America","USA","USA",15,"0","0","-","0","0","0"
1,"QOvT0n",1,4234,1998,163,"Saudi Arabia","SAU","SAU",202,"United States of America","USA","USA",26,"0","0","-","0","0","0"
1,"QOvT0n",1,4235,1999,163,"Saudi Arabia","SAU","SAU",202,"United States of America","USA","USA",29,"0","0","-","0","0","0"
1,"QOvT0n",1,4236,2000,163,"Saudi Arabia","SAU","SAU",202,"United States of America","USA","USA",27,9,"0","-","0","0","0"
1,"QOvT0n",1,4237,2001,163,"Saudi Arabia","SAU","SAU",202,"United States of America","USA","USA","0",27,"0","-","0","0","0"
1,"QOvT0n",1,4238,2002,163,"Saudi Arabia","SAU","SAU",202,"United States of America","USA","USA",32,33,"0","-","0","0","0"
1,"QOvT0n",1,4239,2003,163,"Saudi Arabia","SAU","SAU",202,"United States of America","USA","USA",22,46,"0","-","0","0","0"
1,"QOvT0n",1,4240,2004,163,"Saudi Arabia","SAU","SAU",202,"United States of America","USA","USA",26,45,"0","-","0","0","0"
1,"QOvT0n",1,4241,2005,163,"Saudi Arabia","SAU","SAU",202,"United States of America","USA","USA",36,35,"0","-","0","0","0"
1,"QOvT0n",1,4242,2006,163,"Saudi Arabia","SAU","SAU",202,"United States of America","USA","USA",70,37,"0","-","0","0","0"
1,"QOvT0n",1,4243,2007,163,"Saudi Arabia","SAU","SAU",202,"United States of America","USA","USA",74,16,"0","-","0","0","0"
1,"QOvT0n",1,4244,2008,163,"Saudi Arabia","SAU","SAU",202,"United States of America","USA","USA",70,11,"0","-","0","0","0"
1,"QOvT0n",1,4245,2009,163,"Saudi Arabia","SAU","SAU",202,"United States of America","USA","USA",76,10,"0","-","0","0","0"
1,"QOvT0n",1,4246,2010,163,"Saudi Arabia","SAU","SAU",202,"United States of America","USA","USA",90,5,"0","-","0","0","0"
1,"QOvT0n",1,4247,2011,163,"Saudi Arabia","SAU","SAU",202,"United States of America","USA","USA",103,17,"0","-","0","0","0"
1,"QOvT0n",1,4248,2012,163,"Saudi Arabia","SAU","SAU",202,"United States of America","USA","USA",133,23,"0","-","0","0","0"
1,"QOvT0n",1,4249,2013,163,"Saudi Arabia","SAU","SAU",202,"United States of America","USA","USA",227,97,"0","-","0","0","0"
1,"QOvT0n",1,4250,2014,163,"Saudi Arabia","SAU","SAU",202,"United States of America","USA","USA",254,225,"0","-","0","0","0"
1,"QOvT0n",1,4251,2015,163,"Saudi Arabia","SAU","SAU",202,"United States of America","USA","USA",293,359,"0","-","0","0","0"
1,"QOvT0n",1,4252,2016,163,"Saudi Arabia","SAU","SAU",202,"United States of America","USA","USA",318,564,"0","-","0","0","0"
1,"QOvT0n",1,4253,2017,163,"Saudi Arabia","SAU","SAU",202,"United States of America","USA","USA",391,752,"0","-","0","0","0"
1,"QOvT0n",1,4254,2018,163,"Saudi Arabia","SAU","SAU",202,"United States of America","USA","USA",482,770,"0","-","0","0","0"
1,"QOvT0n",1,4255,2019,163,"Saudi Arabia","SAU","SAU",202,"United States of America","USA","USA",568,768,"0","-","0","0","0"
1,"QOvT0n",1,4256,2020,163,"Saudi Arabia","SAU","SAU",202,"United States of America","USA","USA",594,787,"0","-","0","0","0"
1,"QOvT0n",1,4257,2021,163,"Saudi Arabia","SAU","SAU",202,"United States of America","USA","USA",628,1064,"0","-","0","0","0"
1,"QOvT0n",1,4258,2022,163,"Saudi Arabia","SAU","SAU",202,"United States of America","USA","USA",710,1890,"0","-","0","0","0"
1,"QOvT0n",1,4259,2023,163,"Saudi Arabia","SAU","SAU",202,"United States of America","USA","USA",714,1061,"0","-","0","0","0"
1,"QOvT0n",1,4260,2024,163,"Saudi Arabia","SAU","SAU",202,"United States of America","USA","USA",723,1091,"0","-","0","0","0"
1,"QOvT0n",1,4261,2025,163,"Saudi Arabia","SAU","SAU",202,"United States of America","USA","USA",723,1091,"0","-","0","0","0"
1,"QOvT0n",1,4262,1988,164,"Serbia and Kosovo: S/RES/1244 (1999)","SRB","SRB",202,"United States of America","USA","USA",52,"0","0","-","0","0","0"
1,"QOvT0n",1,4263,1989,164,"Serbia and Kosovo: S/RES/1244 (1999)","SRB","SRB",202,"United States of America","USA","USA",49,"0","0","-","0","0","0"
1,"QOvT0n",1,4264,1990,164,"Serbia and Kosovo: S/RES/1244 (1999)","SRB","SRB",202,"United States of America","USA","USA",63,"0","0","-","0","0","0"
1,"QOvT0n",1,4265,1991,164,"Serbia and Kosovo: S/RES/1244 (1999)","SRB","SRB",202,"United States of America","USA","USA",57,"0","0","-","0","0","0"
1,"QOvT0n",1,4266,1992,164,"Serbia and Kosovo: S/RES/1244 (1999)","SRB","SRB",202,"United States of America","USA","USA",110,"0","0","-","0","0","0"
1,"QOvT0n",1,4267,1993,164,"Serbia and Kosovo: S/RES/1244 (1999)","SRB","SRB",202,"United States of America","USA","USA",596,"0","0","-","0","0","0"
1,"QOvT0n",1,4268,1994,164,"Serbia and Kosovo: S/RES/1244 (1999)","SRB","SRB",202,"United States of America","USA","USA",1275,"0","0","-","0","0","0"
1,"QOvT0n",1,4269,1995,164,"Serbia and Kosovo: S/RES/1244 (1999)","SRB","SRB",202,"United States of America","USA","USA",1445,"0","0","-","0","0","0"
1,"QOvT0n",1,4270,1996,164,"Serbia and Kosovo: S/RES/1244 (1999)","SRB","SRB",202,"United States of America","USA","USA",1694,"0","0","-","0","0","0"
1,"QOvT0n",1,4271,1997,164,"Serbia and Kosovo: S/RES/1244 (1999)","SRB","SRB",202,"United States of America","USA","USA",1928,"0","0","-","0","0","0"
1,"QOvT0n",1,4272,1998,164,"Serbia and Kosovo: S/RES/1244 (1999)","SRB","SRB",202,"United States of America","USA","USA",1674,"0","0","-","0","0","0"
1,"QOvT0n",1,4273,1999,164,"Serbia and Kosovo: S/RES/1244 (1999)","SRB","SRB",202,"United States of America","USA","USA",15746,"0","0","-","0","0","0"
1,"QOvT0n",1,4274,2000,164,"Serbia and Kosovo: S/RES/1244 (1999)","SRB","SRB",202,"United States of America","USA","USA",16143,79,"0","-","0","0","0"
1,"QOvT0n",1,4275,2001,164,"Serbia and Kosovo: S/RES/1244 (1999)","SRB","SRB",202,"United States of America","USA","USA",16302,904,"0","-","0","0","0"
1,"QOvT0n",1,4276,2002,164,"Serbia and Kosovo: S/RES/1244 (1999)","SRB","SRB",202,"United States of America","USA","USA",16145,1004,"0","-","0","0","0"
1,"QOvT0n",1,4277,2003,164,"Serbia and Kosovo: S/RES/1244 (1999)","SRB","SRB",202,"United States of America","USA","USA",16846,777,"0","-","0","0","0"
1,"QOvT0n",1,4278,2004,164,"Serbia and Kosovo: S/RES/1244 (1999)","SRB","SRB",202,"United States of America","USA","USA",1664,678,"0","-","0","0","0"
1,"QOvT0n",1,4279,2005,164,"Serbia and Kosovo: S/RES/1244 (1999)","SRB","SRB",202,"United States of America","USA","USA",3880,773,"0","-","0","0","0"
1,"QOvT0n",1,4280,2006,164,"Serbia and Kosovo: S/RES/1244 (1999)","SRB","SRB",202,"United States of America","USA","USA",19116,507,"0","-","0","0","0"
1,"QOvT0n",1,4281,2007,164,"Serbia and Kosovo: S/RES/1244 (1999)","SRB","SRB",202,"United States of America","USA","USA",3537,336,"0","-","0","0","0"
1,"QOvT0n",1,4282,2008,164,"Serbia and Kosovo: S/RES/1244 (1999)","SRB","SRB",202,"United States of America","USA","USA",3031,302,"0","-","0","0","0"
1,"QOvT0n",1,4283,2009,164,"Serbia and Kosovo: S/RES/1244 (1999)","SRB","SRB",202,"United States of America","USA","USA",1928,285,"0","-","0","0","0"
1,"QOvT0n",1,4284,2010,164,"Serbia and Kosovo: S/RES/1244 (1999)","SRB","SRB",202,"United States of America","USA","USA",2022,16,"0","-","0","0","0"
1,"QOvT0n",1,4285,2011,164,"Serbia and Kosovo: S/RES/1244 (1999)","SRB","SRB",202,"United States of America","USA","USA",1885,29,"0","-","0","0","0"
1,"QOvT0n",1,4286,2012,164,"Serbia and Kosovo: S/RES/1244 (1999)","SRB","SRB",202,"United States of America","USA","USA",1791,60,"0","-","0","0","0"
1,"QOvT0n",1,4287,2013,164,"Serbia and Kosovo: S/RES/1244 (1999)","SRB","SRB",202,"United States of America","USA","USA",1695,228,"0","-","0","0","0"
1,"QOvT0n",1,4288,2014,164,"Serbia and Kosovo: S/RES/1244 (1999)","SRB","SRB",202,"United States of America","USA","USA",1596,462,"0","-","0","0","0"
1,"QOvT0n",1,4289,2015,164,"Serbia and Kosovo: S/RES/1244 (1999)","SRB","SRB",202,"United States of America","USA","USA",1396,377,"0","-","0","0","0"
1,"QOvT0n",1,4290,2016,164,"Serbia and Kosovo: S/RES/1244 (1999)","SRB","SRB",202,"United States of America","USA","USA",1187,503,"0","-","0","0","0"
1,"QOvT0n",1,4291,2017,164,"Serbia and Kosovo: S/RES/1244 (1999)","SRB","SRB",202,"United States of America","USA","USA",1039,606,"0","-","0","0","0"
1,"QOvT0n",1,4292,2018,164,"Serbia and Kosovo: S/RES/1244 (1999)","SRB","SRB",202,"United States of America","USA","USA",918,664,"0","-","0","0","0"
1,"QOvT0n",1,4293,2019,164,"Serbia and Kosovo: S/RES/1244 (1999)","SRB","SRB",202,"United States of America","USA","USA",845,1095,"0","-","0","0","0"
1,"QOvT0n",1,4294,2020,164,"Serbia and Kosovo: S/RES/1244 (1999)","SRB","SRB",202,"United States of America","USA","USA",712,1772,"0","-","0","0","0"
1,"QOvT0n",1,4295,2021,164,"Serbia and Kosovo: S/RES/1244 (1999)","SRB","SRB",202,"United States of America","USA","USA",717,2008,"0","-","0","0","0"
1,"QOvT0n",1,4296,2022,164,"Serbia and Kosovo: S/RES/1244 (1999)","SRB","SRB",202,"United States of America","USA","USA",939,1825,"0","-","0","0","0"
1,"QOvT0n",1,4297,2023,164,"Serbia and Kosovo: S/RES/1244 (1999)","SRB","SRB",202,"United States of America","USA","USA",969,1390,"0","-","0","0","0"
1,"QOvT0n",1,4298,2024,164,"Serbia and Kosovo: S/RES/1244 (1999)","SRB","SRB",202,"United States of America","USA","USA",975,1423,"0","-","0","0","0"
1,"QOvT0n",1,4299,2025,164,"Serbia and Kosovo: S/RES/1244 (1999)","SRB","SRB",202,"United States of America","USA","USA",975,1423,"0","-","0","0","0"
1,"QOvT0n",1,4300,1994,165,"Senegal","SEN","SEN",202,"United States of America","USA","USA",6,"0","0","-","0","0","0"
1,"QOvT0n",1,4301,1995,165,"Senegal","SEN","SEN",202,"United States of America","USA","USA",31,"0","0","-","0","0","0"
1,"QOvT0n",1,4302,1996,165,"Senegal","SEN","SEN",202,"United States of America","USA","USA",51,"0","0","-","0","0","0"
1,"QOvT0n",1,4303,1997,165,"Senegal","SEN","SEN",202,"United States of America","USA","USA",57,"0","0","-","0","0","0"
1,"QOvT0n",1,4304,1998,165,"Senegal","SEN","SEN",202,"United States of America","USA","USA",65,"0","0","-","0","0","0"
1,"QOvT0n",1,4305,1999,165,"Senegal","SEN","SEN",202,"United States of America","USA","USA",100,"0","0","-","0","0","0"
1,"QOvT0n",1,4306,2000,165,"Senegal","SEN","SEN",202,"United States of America","USA","USA",109,136,"0","-","0","0","0"
1,"QOvT0n",1,4307,2001,165,"Senegal","SEN","SEN",202,"United States of America","USA","USA",124,124,"0","-","0","0","0"
1,"QOvT0n",1,4308,2002,165,"Senegal","SEN","SEN",202,"United States of America","USA","USA",145,152,"0","-","0","0","0"
1,"QOvT0n",1,4309,2003,165,"Senegal","SEN","SEN",202,"United States of America","USA","USA",114,197,"0","-","0","0","0"
1,"QOvT0n",1,4310,2004,165,"Senegal","SEN","SEN",202,"United States of America","USA","USA",128,200,"0","-","0","0","0"
1,"QOvT0n",1,4311,2005,165,"Senegal","SEN","SEN",202,"United States of America","USA","USA",167,189,"0","-","0","0","0"
1,"QOvT0n",1,4312,2006,165,"Senegal","SEN","SEN",202,"United States of America","USA","USA",280,173,"0","-","0","0","0"
1,"QOvT0n",1,4313,2007,165,"Senegal","SEN","SEN",202,"United States of America","USA","USA",300,149,"0","-","0","0","0"
1,"QOvT0n",1,4314,2008,165,"Senegal","SEN","SEN",202,"United States of America","USA","USA",299,183,"0","-","0","0","0"
1,"QOvT0n",1,4315,2009,165,"Senegal","SEN","SEN",202,"United States of America","USA","USA",333,178,"0","-","0","0","0"
1,"QOvT0n",1,4316,2010,165,"Senegal","SEN","SEN",202,"United States of America","USA","USA",329,29,"0","-","0","0","0"
1,"QOvT0n",1,4317,2011,165,"Senegal","SEN","SEN",202,"United States of America","USA","USA",338,40,"0","-","0","0","0"
1,"QOvT0n",1,4318,2012,165,"Senegal","SEN","SEN",202,"United States of America","USA","USA",360,50,"0","-","0","0","0"
1,"QOvT0n",1,4319,2013,165,"Senegal","SEN","SEN",202,"United States of America","USA","USA",354,115,"0","-","0","0","0"
1,"QOvT0n",1,4320,2014,165,"Senegal","SEN","SEN",202,"United States of America","USA","USA",361,458,"0","-","0","0","0"
1,"QOvT0n",1,4321,2015,165,"Senegal","SEN","SEN",202,"United States of America","USA","USA",357,533,"0","-","0","0","0"
1,"QOvT0n",1,4322,2016,165,"Senegal","SEN","SEN",202,"United States of America","USA","USA",361,635,"0","-","0","0","0"
1,"QOvT0n",1,4323,2017,165,"Senegal","SEN","SEN",202,"United States of America","USA","USA",388,620,"0","-","0","0","0"
1,"QOvT0n",1,4324,2018,165,"Senegal","SEN","SEN",202,"United States of America","USA","USA",406,603,"0","-","0","0","0"
1,"QOvT0n",1,4325,2019,165,"Senegal","SEN","SEN",202,"United States of America","USA","USA",405,605,"0","-","0","0","0"
1,"QOvT0n",1,4326,2020,165,"Senegal","SEN","SEN",202,"United States of America","USA","USA",398,663,"0","-","0","0","0"
1,"QOvT0n",1,4327,2021,165,"Senegal","SEN","SEN",202,"United States of America","USA","USA",385,719,"0","-","0","0","0"
1,"QOvT0n",1,4328,2022,165,"Senegal","SEN","SEN",202,"United States of America","USA","USA",387,1557,"0","-","0","0","0"
1,"QOvT0n",1,4329,2023,165,"Senegal","SEN","SEN",202,"United States of America","USA","USA",440,5876,"0","-","0","0","0"
1,"QOvT0n",1,4330,2024,165,"Senegal","SEN","SEN",202,"United States of America","USA","USA",481,20871,"0","-","0","0","0"
1,"QOvT0n",1,4331,2025,165,"Senegal","SEN","SEN",202,"United States of America","USA","USA",481,20871,"0","-","0","0","0"
1,"QOvT0n",1,4332,1999,166,"Seychelles","SEY","SYC",202,"United States of America","USA","USA",5,"0","0","-","0","0","0"
1,"QOvT0n",1,4333,2000,166,"Seychelles","SEY","SYC",202,"United States of America","USA","USA",5,5,"0","-","0","0","0"
1,"QOvT0n",1,4334,2001,166,"Seychelles","SEY","SYC",202,"United States of America","USA","USA","0",14,"0","-","0","0","0"
1,"QOvT0n",1,4335,2002,166,"Seychelles","SEY","SYC",202,"United States of America","USA","USA",31,10,"0","-","0","0","0"
1,"QOvT0n",1,4336,2003,166,"Seychelles","SEY","SYC",202,"United States of America","USA","USA",26,8,"0","-","0","0","0"
1,"QOvT0n",1,4337,2004,166,"Seychelles","SEY","SYC",202,"United States of America","USA","USA",32,5,"0","-","0","0","0"
1,"QOvT0n",1,4338,2005,166,"Seychelles","SEY","SYC",202,"United States of America","USA","USA",34,8,"0","-","0","0","0"
1,"QOvT0n",1,4339,2006,166,"Seychelles","SEY","SYC",202,"United States of America","USA","USA",40,5,"0","-","0","0","0"
1,"QOvT0n",1,4340,2007,166,"Seychelles","SEY","SYC",202,"United States of America","USA","USA",40,"0","0","-","0","0","0"
1,"QOvT0n",1,4341,2008,166,"Seychelles","SEY","SYC",202,"United States of America","USA","USA",38,6,"0","-","0","0","0"
1,"QOvT0n",1,4342,2009,166,"Seychelles","SEY","SYC",202,"United States of America","USA","USA",37,"0","0","-","0","0","0"
1,"QOvT0n",1,4343,2010,166,"Seychelles","SEY","SYC",202,"United States of America","USA","USA",37,"0","0","-","0","0","0"
1,"QOvT0n",1,4344,2011,166,"Seychelles","SEY","SYC",202,"United States of America","USA","USA",29,"0","0","-","0","0","0"
1,"QOvT0n",1,4345,2012,166,"Seychelles","SEY","SYC",202,"United States of America","USA","USA",15,"0","0","-","0","0","0"
1,"QOvT0n",1,4346,2013,166,"Seychelles","SEY","SYC",202,"United States of America","USA","USA",14,"0","0","-","0","0","0"
1,"QOvT0n",1,4347,2014,166,"Seychelles","SEY","SYC",202,"United States of America","USA","USA",8,12,"0","-","0","0","0"
1,"QOvT0n",1,4348,2015,166,"Seychelles","SEY","SYC",202,"United States of America","USA","USA",5,10,"0","-","0","0","0"
1,"QOvT0n",1,4349,2016,166,"Seychelles","SEY","SYC",202,"United States of America","USA","USA",5,"0","0","-","0","0","0"
1,"QOvT0n",1,4350,2017,166,"Seychelles","SEY","SYC",202,"United States of America","USA","USA",5,"0","0","-","0","0","0"
1,"QOvT0n",1,4351,2018,166,"Seychelles","SEY","SYC",202,"United States of America","USA","USA",5,"0","0","-","0","0","0"
1,"QOvT0n",1,4352,2019,166,"Seychelles","SEY","SYC",202,"United States of America","USA","USA",5,"0","0","-","0","0","0"
1,"QOvT0n",1,4353,2022,166,"Seychelles","SEY","SYC",202,"United States of America","USA","USA","0",5,"0","-","0","0","0"
1,"QOvT0n",1,4354,2023,166,"Seychelles","SEY","SYC",202,"United States of America","USA","USA","0",8,"0","-","0","0","0"
1,"QOvT0n",1,4355,2024,166,"Seychelles","SEY","SYC",202,"United States of America","USA","USA","0",8,"0","-","0","0","0"
1,"QOvT0n",1,4356,2025,166,"Seychelles","SEY","SYC",202,"United States of America","USA","USA","0",8,"0","-","0","0","0"
1,"QOvT0n",1,4357,1998,168,"Singapore","SIN","SGP",202,"United States of America","USA","USA",6,"0","0","-","0","0","0"
1,"QOvT0n",1,4358,1999,168,"Singapore","SIN","SGP",202,"United States of America","USA","USA",7,"0","0","-","0","0","0"
1,"QOvT0n",1,4359,2000,168,"Singapore","SIN","SGP",202,"United States of America","USA","USA",10,5,"0","-","0","0","0"
1,"QOvT0n",1,4360,2001,168,"Singapore","SIN","SGP",202,"United States of America","USA","USA","0",10,"0","-","0","0","0"
1,"QOvT0n",1,4361,2002,168,"Singapore","SIN","SGP",202,"United States of America","USA","USA",21,5,"0","-","0","0","0"
1,"QOvT0n",1,4362,2003,168,"Singapore","SIN","SGP",202,"United States of America","USA","USA",16,11,"0","-","0","0","0"
1,"QOvT0n",1,4363,2004,168,"Singapore","SIN","SGP",202,"United States of America","USA","USA",21,10,"0","-","0","0","0"
1,"QOvT0n",1,4364,2005,168,"Singapore","SIN","SGP",202,"United States of America","USA","USA",23,11,"0","-","0","0","0"
1,"QOvT0n",1,4365,2006,168,"Singapore","SIN","SGP",202,"United States of America","USA","USA",39,6,"0","-","0","0","0"
1,"QOvT0n",1,4366,2007,168,"Singapore","SIN","SGP",202,"United States of America","USA","USA",39,7,"0","-","0","0","0"
1,"QOvT0n",1,4367,2008,168,"Singapore","SIN","SGP",202,"United States of America","USA","USA",34,7,"0","-","0","0","0"
1,"QOvT0n",1,4368,2009,168,"Singapore","SIN","SGP",202,"United States of America","USA","USA",38,7,"0","-","0","0","0"
1,"QOvT0n",1,4369,2010,168,"Singapore","SIN","SGP",202,"United States of America","USA","USA",35,"0","0","-","0","0","0"
1,"QOvT0n",1,4370,2011,168,"Singapore","SIN","SGP",202,"United States of America","USA","USA",30,"0","0","-","0","0","0"
1,"QOvT0n",1,4371,2012,168,"Singapore","SIN","SGP",202,"United States of America","USA","USA",28,"0","0","-","0","0","0"
1,"QOvT0n",1,4372,2013,168,"Singapore","SIN","SGP",202,"United States of America","USA","USA",26,10,"0","-","0","0","0"
1,"QOvT0n",1,4373,2014,168,"Singapore","SIN","SGP",202,"United States of America","USA","USA",19,15,"0","-","0","0","0"
1,"QOvT0n",1,4374,2015,168,"Singapore","SIN","SGP",202,"United States of America","USA","USA",17,16,"0","-","0","0","0"
1,"QOvT0n",1,4375,2016,168,"Singapore","SIN","SGP",202,"United States of America","USA","USA",15,18,"0","-","0","0","0"
1,"QOvT0n",1,4376,2017,168,"Singapore","SIN","SGP",202,"United States of America","USA","USA",15,30,"0","-","0","0","0"
1,"QOvT0n",1,4377,2018,168,"Singapore","SIN","SGP",202,"United States of America","USA","USA",13,32,"0","-","0","0","0"
1,"QOvT0n",1,4378,2019,168,"Singapore","SIN","SGP",202,"United States of America","USA","USA",8,39,"0","-","0","0","0"
1,"QOvT0n",1,4379,2020,168,"Singapore","SIN","SGP",202,"United States of America","USA","USA",8,39,"0","-","0","0","0"
1,"QOvT0n",1,4380,2021,168,"Singapore","SIN","SGP",202,"United States of America","USA","USA",6,48,"0","-","0","0","0"
1,"QOvT0n",1,4381,2022,168,"Singapore","SIN","SGP",202,"United States of America","USA","USA",12,58,"0","-","0","0","0"
1,"QOvT0n",1,4382,2023,168,"Singapore","SIN","SGP",202,"United States of America","USA","USA",12,166,"0","-","0","0","0"
1,"QOvT0n",1,4383,2024,168,"Singapore","SIN","SGP",202,"United States of America","USA","USA",12,256,"0","-","0","0","0"
1,"QOvT0n",1,4384,2025,168,"Singapore","SIN","SGP",202,"United States of America","USA","USA",12,256,"0","-","0","0","0"
1,"QOvT0n",1,4385,1993,169,"Sierra Leone","SLE","SLE",202,"United States of America","USA","USA",24,"0","0","-","0","0","0"
1,"QOvT0n",1,4386,1994,169,"Sierra Leone","SLE","SLE",202,"United States of America","USA","USA",72,"0","0","-","0","0","0"
1,"QOvT0n",1,4387,1995,169,"Sierra Leone","SLE","SLE",202,"United States of America","USA","USA",218,"0","0","-","0","0","0"
1,"QOvT0n",1,4388,1996,169,"Sierra Leone","SLE","SLE",202,"United States of America","USA","USA",310,"0","0","-","0","0","0"
1,"QOvT0n",1,4389,1997,169,"Sierra Leone","SLE","SLE",202,"United States of America","USA","USA",406,"0","0","-","0","0","0"
1,"QOvT0n",1,4390,1998,169,"Sierra Leone","SLE","SLE",202,"United States of America","USA","USA",738,"0","0","-","0","0","0"
1,"QOvT0n",1,4391,1999,169,"Sierra Leone","SLE","SLE",202,"United States of America","USA","USA",1612,"0","0","-","0","0","0"
1,"QOvT0n",1,4392,2000,169,"Sierra Leone","SLE","SLE",202,"United States of America","USA","USA",2949,544,"0","-","0","0","0"
1,"QOvT0n",1,4393,2001,169,"Sierra Leone","SLE","SLE",202,"United States of America","USA","USA",5330,977,"0","-","0","0","0"
1,"QOvT0n",1,4394,2002,169,"Sierra Leone","SLE","SLE",202,"United States of America","USA","USA",5664,1265,"0","-","0","0","0"
1,"QOvT0n",1,4395,2003,169,"Sierra Leone","SLE","SLE",202,"United States of America","USA","USA",6570,1215,"0","-","0","0","0"
1,"QOvT0n",1,4396,2004,169,"Sierra Leone","SLE","SLE",202,"United States of America","USA","USA",6884,1050,"0","-","0","0","0"
1,"QOvT0n",1,4397,2005,169,"Sierra Leone","SLE","SLE",202,"United States of America","USA","USA",6745,744,"0","-","0","0","0"
1,"QOvT0n",1,4398,2006,169,"Sierra Leone","SLE","SLE",202,"United States of America","USA","USA",10066,496,"0","-","0","0","0"
1,"QOvT0n",1,4399,2007,169,"Sierra Leone","SLE","SLE",202,"United States of America","USA","USA",2257,351,"0","-","0","0","0"
1,"QOvT0n",1,4400,2008,169,"Sierra Leone","SLE","SLE",202,"United States of America","USA","USA",2159,243,"0","-","0","0","0"
1,"QOvT0n",1,4401,2009,169,"Sierra Leone","SLE","SLE",202,"United States of America","USA","USA",1984,220,"0","-","0","0","0"
1,"QOvT0n",1,4402,2010,169,"Sierra Leone","SLE","SLE",202,"United States of America","USA","USA",1691,12,"0","-","0","0","0"
1,"QOvT0n",1,4403,2011,169,"Sierra Leone","SLE","SLE",202,"United States of America","USA","USA",1305,14,"0","-","0","0","0"
1,"QOvT0n",1,4404,2012,169,"Sierra Leone","SLE","SLE",202,"United States of America","USA","USA",1017,17,"0","-","0","0","0"
1,"QOvT0n",1,4405,2013,169,"Sierra Leone","SLE","SLE",202,"United States of America","USA","USA",861,89,"0","-","0","0","0"
1,"QOvT0n",1,4406,2014,169,"Sierra Leone","SLE","SLE",202,"United States of America","USA","USA",710,175,"0","-","0","0","0"
1,"QOvT0n",1,4407,2015,169,"Sierra Leone","SLE","SLE",202,"United States of America","USA","USA",634,195,"0","-","0","0","0"
1,"QOvT0n",1,4408,2016,169,"Sierra Leone","SLE","SLE",202,"United States of America","USA","USA",549,233,"0","-","0","0","0"
1,"QOvT0n",1,4409,2017,169,"Sierra Leone","SLE","SLE",202,"United States of America","USA","USA",523,290,"0","-","0","0","0"
1,"QOvT0n",1,4410,2018,169,"Sierra Leone","SLE","SLE",202,"United States of America","USA","USA",492,308,"0","-","0","0","0"
1,"QOvT0n",1,4411,2019,169,"Sierra Leone","SLE","SLE",202,"United States of America","USA","USA",464,316,"0","-","0","0","0"
1,"QOvT0n",1,4412,2020,169,"Sierra Leone","SLE","SLE",202,"United States of America","USA","USA",424,376,"0","-","0","0","0"
1,"QOvT0n",1,4413,2021,169,"Sierra Leone","SLE","SLE",202,"United States of America","USA","USA",399,511,"0","-","0","0","0"
1,"QOvT0n",1,4414,2022,169,"Sierra Leone","SLE","SLE",202,"United States of America","USA","USA",395,657,"0","-","0","0","0"
1,"QOvT0n",1,4415,2023,169,"Sierra Leone","SLE","SLE",202,"United States of America","USA","USA",398,1111,"0","-","0","0","0"
1,"QOvT0n",1,4416,2024,169,"Sierra Leone","SLE","SLE",202,"United States of America","USA","USA",398,1588,"0","-","0","0","0"
1,"QOvT0n",1,4417,2025,169,"Sierra Leone","SLE","SLE",202,"United States of America","USA","USA",398,1588,"0","-","0","0","0"
1,"QOvT0n",1,4418,1998,170,"San Marino","SMA","SMR",202,"United States of America","USA","USA",5,"0","0","-","0","0","0"
1,"QOvT0n",1,4419,1999,170,"San Marino","SMA","SMR",202,"United States of America","USA","USA",5,"0","0","-","0","0","0"
1,"QOvT0n",1,4420,2000,170,"San Marino","SMA","SMR",202,"United States of America","USA","USA",5,"0","0","-","0","0","0"
1,"QOvT0n",1,4421,2002,170,"San Marino","SMA","SMR",202,"United States of America","USA","USA",5,"0","0","-","0","0","0"
1,"QOvT0n",1,4422,2005,170,"San Marino","SMA","SMR",202,"United States of America","USA","USA","0",5,"0","-","0","0","0"
1,"QOvT0n",1,4423,1988,172,"Somalia","SOM","SOM",202,"United States of America","USA","USA",171,"0","0","-","0","0","0"
1,"QOvT0n",1,4424,1989,172,"Somalia","SOM","SOM",202,"United States of America","USA","USA",264,"0","0","-","0","0","0"
1,"QOvT0n",1,4425,1990,172,"Somalia","SOM","SOM",202,"United States of America","USA","USA",446,"0","0","-","0","0","0"
1,"QOvT0n",1,4426,1991,172,"Somalia","SOM","SOM",202,"United States of America","USA","USA",739,"0","0","-","0","0","0"
1,"QOvT0n",1,4427,1992,172,"Somalia","SOM","SOM",202,"United States of America","USA","USA",2416,"0","0","-","0","0","0"
1,"QOvT0n",1,4428,1993,172,"Somalia","SOM","SOM",202,"United States of America","USA","USA",5207,"0","0","-","0","0","0"
1,"QOvT0n",1,4429,1994,172,"Somalia","SOM","SOM",202,"United States of America","USA","USA",8784,"0","0","-","0","0","0"
1,"QOvT0n",1,4430,1995,172,"Somalia","SOM","SOM",202,"United States of America","USA","USA",11414,"0","0","-","0","0","0"
1,"QOvT0n",1,4431,1996,172,"Somalia","SOM","SOM",202,"United States of America","USA","USA",18201,"0","0","-","0","0","0"
1,"QOvT0n",1,4432,1997,172,"Somalia","SOM","SOM",202,"United States of America","USA","USA",22613,"0","0","-","0","0","0"
1,"QOvT0n",1,4433,1998,172,"Somalia","SOM","SOM",202,"United States of America","USA","USA",24419,"0","0","-","0","0","0"
1,"QOvT0n",1,4434,1999,172,"Somalia","SOM","SOM",202,"United States of America","USA","USA",27874,"0","0","-","0","0","0"
1,"QOvT0n",1,4435,2000,172,"Somalia","SOM","SOM",202,"United States of America","USA","USA",34005,1802,"0","-","0","0","0"
1,"QOvT0n",1,4436,2001,172,"Somalia","SOM","SOM",202,"United States of America","USA","USA",33750,1804,"0","-","0","0","0"
1,"QOvT0n",1,4437,2002,172,"Somalia","SOM","SOM",202,"United States of America","USA","USA",28693,1283,"0","-","0","0","0"
1,"QOvT0n",1,4438,2003,172,"Somalia","SOM","SOM",202,"United States of America","USA","USA",25421,1000,"0","-","0","0","0"
1,"QOvT0n",1,4439,2004,172,"Somalia","SOM","SOM",202,"United States of America","USA","USA",31110,812,"0","-","0","0","0"
1,"QOvT0n",1,4440,2005,172,"Somalia","SOM","SOM",202,"United States of America","USA","USA",34207,610,"0","-","0","0","0"
1,"QOvT0n",1,4441,2006,172,"Somalia","SOM","SOM",202,"United States of America","USA","USA",72546,510,"0","-","0","0","0"
1,"QOvT0n",1,4442,2007,172,"Somalia","SOM","SOM",202,"United States of America","USA","USA",12224,305,"0","-","0","0","0"
1,"QOvT0n",1,4443,2008,172,"Somalia","SOM","SOM",202,"United States of America","USA","USA",10154,223,"0","-","0","0","0"
1,"QOvT0n",1,4444,2009,172,"Somalia","SOM","SOM",202,"United States of America","USA","USA",7112,158,"0","-","0","0","0"
1,"QOvT0n",1,4445,2010,172,"Somalia","SOM","SOM",202,"United States of America","USA","USA",4513,48,"0","-","0","0","0"
1,"QOvT0n",1,4446,2011,172,"Somalia","SOM","SOM",202,"United States of America","USA","USA",2996,57,"0","-","0","0","0"
1,"QOvT0n",1,4447,2012,172,"Somalia","SOM","SOM",202,"United States of America","USA","USA",2412,"0","0","-","0","0","0"
1,"QOvT0n",1,4448,2013,172,"Somalia","SOM","SOM",202,"United States of America","USA","USA",2310,329,"0","-","0","0","0"
1,"QOvT0n",1,4449,2014,172,"Somalia","SOM","SOM",202,"United States of America","USA","USA",2263,351,"0","-","0","0","0"
1,"QOvT0n",1,4450,2015,172,"Somalia","SOM","SOM",202,"United States of America","USA","USA",2313,669,"0","-","0","0","0"
1,"QOvT0n",1,4451,2016,172,"Somalia","SOM","SOM",202,"United States of America","USA","USA",2319,638,"0","-","0","0","0"
1,"QOvT0n",1,4452,2017,172,"Somalia","SOM","SOM",202,"United States of America","USA","USA",2297,550,"0","-","0","0","0"
1,"QOvT0n",1,4453,2018,172,"Somalia","SOM","SOM",202,"United States of America","USA","USA",2231,423,"0","-","0","0","0"
1,"QOvT0n",1,4454,2019,172,"Somalia","SOM","SOM",202,"United States of America","USA","USA",1971,345,"0","-","0","0","0"
1,"QOvT0n",1,4455,2020,172,"Somalia","SOM","SOM",202,"United States of America","USA","USA",1698,335,"0","-","0","0","0"
1,"QOvT0n",1,4456,2021,172,"Somalia","SOM","SOM",202,"United States of America","USA","USA",1515,331,"0","-","0","0","0"
1,"QOvT0n",1,4457,2022,172,"Somalia","SOM","SOM",202,"United States of America","USA","USA",1405,922,"0","-","0","0","0"
1,"QOvT0n",1,4458,2023,172,"Somalia","SOM","SOM",202,"United States of America","USA","USA",1371,3488,"0","-","0","0","0"
1,"QOvT0n",1,4459,2024,172,"Somalia","SOM","SOM",202,"United States of America","USA","USA",1355,3945,"0","-","0","0","0"
1,"QOvT0n",1,4460,2025,172,"Somalia","SOM","SOM",202,"United States of America","USA","USA",1355,3945,"0","-","0","0","0"
1,"QOvT0n",1,4461,2000,173,"Spain","SPA","ESP",202,"United States of America","USA","USA","0",10,"0","-","0","0","0"
1,"QOvT0n",1,4462,2001,173,"Spain","SPA","ESP",202,"United States of America","USA","USA","0",11,"0","-","0","0","0"
1,"QOvT0n",1,4463,2002,173,"Spain","SPA","ESP",202,"United States of America","USA","USA",5,13,"0","-","0","0","0"
1,"QOvT0n",1,4464,2003,173,"Spain","SPA","ESP",202,"United States of America","USA","USA","0",20,"0","-","0","0","0"
1,"QOvT0n",1,4465,2004,173,"Spain","SPA","ESP",202,"United States of America","USA","USA",5,22,"0","-","0","0","0"
1,"QOvT0n",1,4466,2005,173,"Spain","SPA","ESP",202,"United States of America","USA","USA",5,14,"0","-","0","0","0"
1,"QOvT0n",1,4467,2006,173,"Spain","SPA","ESP",202,"United States of America","USA","USA",6,9,"0","-","0","0","0"
1,"QOvT0n",1,4468,2007,173,"Spain","SPA","ESP",202,"United States of America","USA","USA",6,"0","0","-","0","0","0"
1,"QOvT0n",1,4469,2008,173,"Spain","SPA","ESP",202,"United States of America","USA","USA",6,"0","0","-","0","0","0"
1,"QOvT0n",1,4470,2009,173,"Spain","SPA","ESP",202,"United States of America","USA","USA",9,"0","0","-","0","0","0"
1,"QOvT0n",1,4471,2010,173,"Spain","SPA","ESP",202,"United States of America","USA","USA",10,"0","0","-","0","0","0"
1,"QOvT0n",1,4472,2011,173,"Spain","SPA","ESP",202,"United States of America","USA","USA",10,"0","0","-","0","0","0"
1,"QOvT0n",1,4473,2012,173,"Spain","SPA","ESP",202,"United States of America","USA","USA",14,"0","0","-","0","0","0"
1,"QOvT0n",1,4474,2013,173,"Spain","SPA","ESP",202,"United States of America","USA","USA",14,15,"0","-","0","0","0"
1,"QOvT0n",1,4475,2014,173,"Spain","SPA","ESP",202,"United States of America","USA","USA",13,17,"0","-","0","0","0"
1,"QOvT0n",1,4476,2015,173,"Spain","SPA","ESP",202,"United States of America","USA","USA",11,24,"0","-","0","0","0"
1,"QOvT0n",1,4477,2016,173,"Spain","SPA","ESP",202,"United States of America","USA","USA",11,46,"0","-","0","0","0"
1,"QOvT0n",1,4478,2017,173,"Spain","SPA","ESP",202,"United States of America","USA","USA",11,65,"0","-","0","0","0"
1,"QOvT0n",1,4479,2018,173,"Spain","SPA","ESP",202,"United States of America","USA","USA",13,72,"0","-","0","0","0"
1,"QOvT0n",1,4480,2019,173,"Spain","SPA","ESP",202,"United States of America","USA","USA",10,108,"0","-","0","0","0"
1,"QOvT0n",1,4481,2020,173,"Spain","SPA","ESP",202,"United States of America","USA","USA",9,155,"0","-","0","0","0"
1,"QOvT0n",1,4482,2021,173,"Spain","SPA","ESP",202,"United States of America","USA","USA",8,262,"0","-","0","0","0"
1,"QOvT0n",1,4483,2022,173,"Spain","SPA","ESP",202,"United States of America","USA","USA",7,245,"0","-","0","0","0"
1,"QOvT0n",1,4484,2023,173,"Spain","SPA","ESP",202,"United States of America","USA","USA",7,1098,"0","-","0","0","0"
1,"QOvT0n",1,4485,2024,173,"Spain","SPA","ESP",202,"United States of America","USA","USA",7,1670,"0","-","0","0","0"
1,"QOvT0n",1,4486,2025,173,"Spain","SPA","ESP",202,"United States of America","USA","USA",7,1670,"0","-","0","0","0"
1,"QOvT0n",1,4487,1988,174,"Viet Nam","SRV","VNM",202,"United States of America","USA","USA",113734,"0","0","-","0","0","0"
1,"QOvT0n",1,4488,1989,174,"Viet Nam","SRV","VNM",202,"United States of America","USA","USA",120243,"0","0","-","0","0","0"
1,"QOvT0n",1,4489,1990,174,"Viet Nam","SRV","VNM",202,"United States of America","USA","USA",137577,"0","0","-","0","0","0"
1,"QOvT0n",1,4490,1991,174,"Viet Nam","SRV","VNM",202,"United States of America","USA","USA",158999,"0","0","-","0","0","0"
1,"QOvT0n",1,4491,1992,174,"Viet Nam","SRV","VNM",202,"United States of America","USA","USA",180326,"0","0","-","0","0","0"
1,"QOvT0n",1,4492,1993,174,"Viet Nam","SRV","VNM",202,"United States of America","USA","USA",205469,"0","0","-","0","0","0"
1,"QOvT0n",1,4493,1994,174,"Viet Nam","SRV","VNM",202,"United States of America","USA","USA",211376,"0","0","-","0","0","0"
1,"QOvT0n",1,4494,1995,174,"Viet Nam","SRV","VNM",202,"United States of America","USA","USA",201816,"0","0","-","0","0","0"
1,"QOvT0n",1,4495,1996,174,"Viet Nam","SRV","VNM",202,"United States of America","USA","USA",174633,"0","0","-","0","0","0"
1,"QOvT0n",1,4496,1997,174,"Viet Nam","SRV","VNM",202,"United States of America","USA","USA",137787,"0","0","-","0","0","0"
1,"QOvT0n",1,4497,1998,174,"Viet Nam","SRV","VNM",202,"United States of America","USA","USA",105692,"0","0","-","0","0","0"
1,"QOvT0n",1,4498,1999,174,"Viet Nam","SRV","VNM",202,"United States of America","USA","USA",78355,"0","0","-","0","0","0"
1,"QOvT0n",1,4499,2000,174,"Viet Nam","SRV","VNM",202,"United States of America","USA","USA",49008,203,"0","-","0","0","0"
1,"QOvT0n",1,4500,2001,174,"Viet Nam","SRV","VNM",202,"United States of America","USA","USA",35110,189,"0","-","0","0","0"
1,"QOvT0n",1,4501,2002,174,"Viet Nam","SRV","VNM",202,"United States of America","USA","USA",30501,158,"0","-","0","0","0"
1,"QOvT0n",1,4502,2003,174,"Viet Nam","SRV","VNM",202,"United States of America","USA","USA",21250,125,"0","-","0","0","0"
1,"QOvT0n",1,4503,2004,174,"Viet Nam","SRV","VNM",202,"United States of America","USA","USA",12381,108,"0","-","0","0","0"
1,"QOvT0n",1,4504,2005,174,"Viet Nam","SRV","VNM",202,"United States of America","USA","USA",10238,98,"0","-","0","0","0"
1,"QOvT0n",1,4505,2006,174,"Viet Nam","SRV","VNM",202,"United States of America","USA","USA",45757,112,"0","-","0","0","0"
1,"QOvT0n",1,4506,2007,174,"Viet Nam","SRV","VNM",202,"United States of America","USA","USA",251,46,"0","-","0","0","0"
1,"QOvT0n",1,4507,2008,174,"Viet Nam","SRV","VNM",202,"United States of America","USA","USA",230,40,"0","-","0","0","0"
1,"QOvT0n",1,4508,2009,174,"Viet Nam","SRV","VNM",202,"United States of America","USA","USA",259,29,"0","-","0","0","0"
1,"QOvT0n",1,4509,2010,174,"Viet Nam","SRV","VNM",202,"United States of America","USA","USA",255,"0","0","-","0","0","0"
1,"QOvT0n",1,4510,2011,174,"Viet Nam","SRV","VNM",202,"United States of America","USA","USA",270,"0","0","-","0","0","0"
1,"QOvT0n",1,4511,2012,174,"Viet Nam","SRV","VNM",202,"United States of America","USA","USA",265,12,"0","-","0","0","0"
1,"QOvT0n",1,4512,2013,174,"Viet Nam","SRV","VNM",202,"United States of America","USA","USA",263,119,"0","-","0","0","0"
1,"QOvT0n",1,4513,2014,174,"Viet Nam","SRV","VNM",202,"United States of America","USA","USA",270,166,"0","-","0","0","0"
1,"QOvT0n",1,4514,2015,174,"Viet Nam","SRV","VNM",202,"United States of America","USA","USA",266,213,"0","-","0","0","0"
1,"QOvT0n",1,4515,2016,174,"Viet Nam","SRV","VNM",202,"United States of America","USA","USA",264,282,"0","-","0","0","0"
1,"QOvT0n",1,4516,2017,174,"Viet Nam","SRV","VNM",202,"United States of America","USA","USA",256,444,"0","-","0","0","0"
1,"QOvT0n",1,4517,2018,174,"Viet Nam","SRV","VNM",202,"United States of America","USA","USA",275,571,"0","-","0","0","0"
1,"QOvT0n",1,4518,2019,174,"Viet Nam","SRV","VNM",202,"United States of America","USA","USA",353,928,"0","-","0","0","0"
1,"QOvT0n",1,4519,2020,174,"Viet Nam","SRV","VNM",202,"United States of America","USA","USA",396,1310,"0","-","0","0","0"
1,"QOvT0n",1,4520,2021,174,"Viet Nam","SRV","VNM",202,"United States of America","USA","USA",406,1580,"0","-","0","0","0"
1,"QOvT0n",1,4521,2022,174,"Viet Nam","SRV","VNM",202,"United States of America","USA","USA",448,1638,"0","-","0","0","0"
1,"QOvT0n",1,4522,2023,174,"Viet Nam","SRV","VNM",202,"United States of America","USA","USA",510,3645,"0","-","0","0","0"
1,"QOvT0n",1,4523,2024,174,"Viet Nam","SRV","VNM",202,"United States of America","USA","USA",568,7479,"0","-","0","0","0"
1,"QOvT0n",1,4524,2025,174,"Viet Nam","SRV","VNM",202,"United States of America","USA","USA",568,7479,"0","-","0","0","0"
1,"QOvT0n",1,4525,2000,175,"Saint Kitts and Nevis","STK","KNA",202,"United States of America","USA","USA","0",5,"0","-","0","0","0"
1,"QOvT0n",1,4526,2005,175,"Saint Kitts and Nevis","STK","KNA",202,"United States of America","USA","USA",31,"0","0","-","0","0","0"
1,"QOvT0n",1,4527,2010,175,"Saint Kitts and Nevis","STK","KNA",202,"United States of America","USA","USA",5,"0","0","-","0","0","0"
1,"QOvT0n",1,4528,2014,175,"Saint Kitts and Nevis","STK","KNA",202,"United States of America","USA","USA",5,"0","0","-","0","0","0"
1,"QOvT0n",1,4529,2015,175,"Saint Kitts and Nevis","STK","KNA",202,"United States of America","USA","USA",5,5,"0","-","0","0","0"
1,"QOvT0n",1,4530,2016,175,"Saint Kitts and Nevis","STK","KNA",202,"United States of America","USA","USA",5,5,"0","-","0","0","0"
1,"QOvT0n",1,4531,2017,175,"Saint Kitts and Nevis","STK","KNA",202,"United States of America","USA","USA",5,"0","0","-","0","0","0"
1,"QOvT0n",1,4532,2018,175,"Saint Kitts and Nevis","STK","KNA",202,"United States of America","USA","USA",5,"0","0","-","0","0","0"
1,"QOvT0n",1,4533,2019,175,"Saint Kitts and Nevis","STK","KNA",202,"United States of America","USA","USA",5,5,"0","-","0","0","0"
1,"QOvT0n",1,4534,2020,175,"Saint Kitts and Nevis","STK","KNA",202,"United States of America","USA","USA",5,5,"0","-","0","0","0"
1,"QOvT0n",1,4535,2021,175,"Saint Kitts and Nevis","STK","KNA",202,"United States of America","USA","USA",5,5,"0","-","0","0","0"
1,"QOvT0n",1,4536,2022,175,"Saint Kitts and Nevis","STK","KNA",202,"United States of America","USA","USA",5,5,"0","-","0","0","0"
1,"QOvT0n",1,4537,2023,175,"Saint Kitts and Nevis","STK","KNA",202,"United States of America","USA","USA",5,19,"0","-","0","0","0"
1,"QOvT0n",1,4538,2024,175,"Saint Kitts and Nevis","STK","KNA",202,"United States of America","USA","USA",5,22,"0","-","0","0","0"
1,"QOvT0n",1,4539,2025,175,"Saint Kitts and Nevis","STK","KNA",202,"United States of America","USA","USA",5,22,"0","-","0","0","0"
1,"QOvT0n",1,4540,2022,176,"Sao Tome and Principe","STP","STP",202,"United States of America","USA","USA","0",5,"0","-","0","0","0"
1,"QOvT0n",1,4541,2023,176,"Sao Tome and Principe","STP","STP",202,"United States of America","USA","USA","0",5,"0","-","0","0","0"
1,"QOvT0n",1,4542,2024,176,"Sao Tome and Principe","STP","STP",202,"United States of America","USA","USA","0",5,"0","-","0","0","0"
1,"QOvT0n",1,4543,2025,176,"Sao Tome and Principe","STP","STP",202,"United States of America","USA","USA","0",5,"0","-","0","0","0"
1,"QOvT0n",1,4544,1989,177,"Sudan","SUD","SDN",202,"United States of America","USA","USA",21,"0","0","-","0","0","0"
1,"QOvT0n",1,4545,1990,177,"Sudan","SUD","SDN",202,"United States of America","USA","USA",44,"0","0","-","0","0","0"
1,"QOvT0n",1,4546,1991,177,"Sudan","SUD","SDN",202,"United States of America","USA","USA",98,"0","0","-","0","0","0"
1,"QOvT0n",1,4547,1992,177,"Sudan","SUD","SDN",202,"United States of America","USA","USA",284,"0","0","-","0","0","0"
1,"QOvT0n",1,4548,1993,177,"Sudan","SUD","SDN",202,"United States of America","USA","USA",661,"0","0","-","0","0","0"
1,"QOvT0n",1,4549,1994,177,"Sudan","SUD","SDN",202,"United States of America","USA","USA",2109,"0","0","-","0","0","0"
1,"QOvT0n",1,4550,1995,177,"Sudan","SUD","SDN",202,"United States of America","USA","USA",4223,"0","0","-","0","0","0"
1,"QOvT0n",1,4551,1996,177,"Sudan","SUD","SDN",202,"United States of America","USA","USA",5132,"0","0","-","0","0","0"
1,"QOvT0n",1,4552,1997,177,"Sudan","SUD","SDN",202,"United States of America","USA","USA",5566,"0","0","-","0","0","0"
1,"QOvT0n",1,4553,1998,177,"Sudan","SUD","SDN",202,"United States of America","USA","USA",6922,"0","0","-","0","0","0"
1,"QOvT0n",1,4554,1999,177,"Sudan","SUD","SDN",202,"United States of America","USA","USA",8366,"0","0","-","0","0","0"
1,"QOvT0n",1,4555,2000,177,"Sudan","SUD","SDN",202,"United States of America","USA","USA",10754,374,"0","-","0","0","0"
1,"QOvT0n",1,4556,2001,177,"Sudan","SUD","SDN",202,"United States of America","USA","USA",16430,488,"0","-","0","0","0"
1,"QOvT0n",1,4557,2002,177,"Sudan","SUD","SDN",202,"United States of America","USA","USA",17215,464,"0","-","0","0","0"
1,"QOvT0n",1,4558,2003,177,"Sudan","SUD","SDN",202,"United States of America","USA","USA",17309,345,"0","-","0","0","0"
1,"QOvT0n",1,4559,2004,177,"Sudan","SUD","SDN",202,"United States of America","USA","USA",17994,254,"0","-","0","0","0"
1,"QOvT0n",1,4560,2005,177,"Sudan","SUD","SDN",202,"United States of America","USA","USA",16363,170,"0","-","0","0","0"
1,"QOvT0n",1,4561,2006,177,"Sudan","SUD","SDN",202,"United States of America","USA","USA",28122,158,"0","-","0","0","0"
1,"QOvT0n",1,4562,2007,177,"Sudan","SUD","SDN",202,"United States of America","USA","USA",3725,150,"0","-","0","0","0"
1,"QOvT0n",1,4563,2008,177,"Sudan","SUD","SDN",202,"United States of America","USA","USA",3327,121,"0","-","0","0","0"
1,"QOvT0n",1,4564,2009,177,"Sudan","SUD","SDN",202,"United States of America","USA","USA",2915,113,"0","-","0","0","0"
1,"QOvT0n",1,4565,2010,177,"Sudan","SUD","SDN",202,"United States of America","USA","USA",2336,41,"0","-","0","0","0"
1,"QOvT0n",1,4566,2011,177,"Sudan","SUD","SDN",202,"United States of America","USA","USA",1857,53,"0","-","0","0","0"
1,"QOvT0n",1,4567,2012,177,"Sudan","SUD","SDN",202,"United States of America","USA","USA",1427,80,"0","-","0","0","0"
1,"QOvT0n",1,4568,2013,177,"Sudan","SUD","SDN",202,"United States of America","USA","USA",1364,182,"0","-","0","0","0"
1,"QOvT0n",1,4569,2014,177,"Sudan","SUD","SDN",202,"United States of America","USA","USA",1347,365,"0","-","0","0","0"
1,"QOvT0n",1,4570,2015,177,"Sudan","SUD","SDN",202,"United States of America","USA","USA",1362,523,"0","-","0","0","0"
1,"QOvT0n",1,4571,2016,177,"Sudan","SUD","SDN",202,"United States of America","USA","USA",1383,739,"0","-","0","0","0"
1,"QOvT0n",1,4572,2017,177,"Sudan","SUD","SDN",202,"United States of America","USA","USA",1382,903,"0","-","0","0","0"
1,"QOvT0n",1,4573,2018,177,"Sudan","SUD","SDN",202,"United States of America","USA","USA",1411,883,"0","-","0","0","0"
1,"QOvT0n",1,4574,2019,177,"Sudan","SUD","SDN",202,"United States of America","USA","USA",1441,839,"0","-","0","0","0"
1,"QOvT0n",1,4575,2020,177,"Sudan","SUD","SDN",202,"United States of America","USA","USA",1412,876,"0","-","0","0","0"
1,"QOvT0n",1,4576,2021,177,"Sudan","SUD","SDN",202,"United States of America","USA","USA",1375,1254,"0","-","0","0","0"
1,"QOvT0n",1,4577,2022,177,"Sudan","SUD","SDN",202,"United States of America","USA","USA",1363,1187,"0","-","0","0","0"
1,"QOvT0n",1,4578,2023,177,"Sudan","SUD","SDN",202,"United States of America","USA","USA",1367,1807,"0","-","0","0","0"
1,"QOvT0n",1,4579,2024,177,"Sudan","SUD","SDN",202,"United States of America","USA","USA",1371,2859,"0","-","0","0","0"
1,"QOvT0n",1,4580,2025,177,"Sudan","SUD","SDN",202,"United States of America","USA","USA",1371,2859,"0","-","0","0","0"
1,"QOvT0n",1,4581,1990,178,"Suriname","SUR","SUR",202,"United States of America","USA","USA",19,"0","0","-","0","0","0"
1,"QOvT0n",1,4582,1991,178,"Suriname","SUR","SUR",202,"United States of America","USA","USA",19,"0","0","-","0","0","0"
1,"QOvT0n",1,4583,1992,178,"Suriname","SUR","SUR",202,"United States of America","USA","USA",23,"0","0","-","0","0","0"
1,"QOvT0n",1,4584,1993,178,"Suriname","SUR","SUR",202,"United States of America","USA","USA",23,"0","0","-","0","0","0"
1,"QOvT0n",1,4585,1994,178,"Suriname","SUR","SUR",202,"United States of America","USA","USA",23,"0","0","-","0","0","0"
1,"QOvT0n",1,4586,1995,178,"Suriname","SUR","SUR",202,"United States of America","USA","USA",5,"0","0","-","0","0","0"
1,"QOvT0n",1,4587,1996,178,"Suriname","SUR","SUR",202,"United States of America","USA","USA",8,"0","0","-","0","0","0"
1,"QOvT0n",1,4588,1997,178,"Suriname","SUR","SUR",202,"United States of America","USA","USA",9,"0","0","-","0","0","0"
1,"QOvT0n",1,4589,1998,178,"Suriname","SUR","SUR",202,"United States of America","USA","USA",31,"0","0","-","0","0","0"
1,"QOvT0n",1,4590,1999,178,"Suriname","SUR","SUR",202,"United States of America","USA","USA",42,"0","0","-","0","0","0"
1,"QOvT0n",1,4591,2000,178,"Suriname","SUR","SUR",202,"United States of America","USA","USA",65,40,"0","-","0","0","0"
1,"QOvT0n",1,4592,2001,178,"Suriname","SUR","SUR",202,"United States of America","USA","USA",66,44,"0","-","0","0","0"
1,"QOvT0n",1,4593,2002,178,"Suriname","SUR","SUR",202,"United States of America","USA","USA",63,34,"0","-","0","0","0"
1,"QOvT0n",1,4594,2003,178,"Suriname","SUR","SUR",202,"United States of America","USA","USA",29,23,"0","-","0","0","0"
1,"QOvT0n",1,4595,2004,178,"Suriname","SUR","SUR",202,"United States of America","USA","USA",22,17,"0","-","0","0","0"
1,"QOvT0n",1,4596,2005,178,"Suriname","SUR","SUR",202,"United States of America","USA","USA",6,16,"0","-","0","0","0"
1,"QOvT0n",1,4597,2006,178,"Suriname","SUR","SUR",202,"United States of America","USA","USA",52,12,"0","-","0","0","0"
1,"QOvT0n",1,4598,2007,178,"Suriname","SUR","SUR",202,"United States of America","USA","USA",52,"0","0","-","0","0","0"
1,"QOvT0n",1,4599,2008,178,"Suriname","SUR","SUR",202,"United States of America","USA","USA",40,"0","0","-","0","0","0"
1,"QOvT0n",1,4600,2009,178,"Suriname","SUR","SUR",202,"United States of America","USA","USA",33,"0","0","-","0","0","0"
1,"QOvT0n",1,4601,2010,178,"Suriname","SUR","SUR",202,"United States of America","USA","USA",9,"0","0","-","0","0","0"
1,"QOvT0n",1,4602,2011,178,"Suriname","SUR","SUR",202,"United States of America","USA","USA",7,"0","0","-","0","0","0"
1,"QOvT0n",1,4603,2012,178,"Suriname","SUR","SUR",202,"United States of America","USA","USA",5,"0","0","-","0","0","0"
1,"QOvT0n",1,4604,2013,178,"Suriname","SUR","SUR",202,"United States of America","USA","USA",9,"0","0","-","0","0","0"
1,"QOvT0n",1,4605,2014,178,"Suriname","SUR","SUR",202,"United States of America","USA","USA",9,12,"0","-","0","0","0"
1,"QOvT0n",1,4606,2015,178,"Suriname","SUR","SUR",202,"United States of America","USA","USA",11,12,"0","-","0","0","0"
1,"QOvT0n",1,4607,2016,178,"Suriname","SUR","SUR",202,"United States of America","USA","USA",8,5,"0","-","0","0","0"
1,"QOvT0n",1,4608,2017,178,"Suriname","SUR","SUR",202,"United States of America","USA","USA",9,17,"0","-","0","0","0"
1,"QOvT0n",1,4609,2018,178,"Suriname","SUR","SUR",202,"United States of America","USA","USA",12,26,"0","-","0","0","0"
1,"QOvT0n",1,4610,2019,178,"Suriname","SUR","SUR",202,"United States of America","USA","USA",12,37,"0","-","0","0","0"
1,"QOvT0n",1,4611,2020,178,"Suriname","SUR","SUR",202,"United States of America","USA","USA",12,44,"0","-","0","0","0"
1,"QOvT0n",1,4612,2021,178,"Suriname","SUR","SUR",202,"United States of America","USA","USA",11,58,"0","-","0","0","0"
1,"QOvT0n",1,4613,2022,178,"Suriname","SUR","SUR",202,"United States of America","USA","USA",12,58,"0","-","0","0","0"
1,"QOvT0n",1,4614,2023,178,"Suriname","SUR","SUR",202,"United States of America","USA","USA",12,73,"0","-","0","0","0"
1,"QOvT0n",1,4615,2024,178,"Suriname","SUR","SUR",202,"United States of America","USA","USA",12,105,"0","-","0","0","0"
1,"QOvT0n",1,4616,2025,178,"Suriname","SUR","SUR",202,"United States of America","USA","USA",12,105,"0","-","0","0","0"
1,"QOvT0n",1,4617,2012,179,"South Sudan","SSD","SSD",202,"United States of America","USA","USA",5,"0","0","-","0","0","0"
1,"QOvT0n",1,4618,2013,179,"South Sudan","SSD","SSD",202,"United States of America","USA","USA",5,"0","0","-","0","0","0"
1,"QOvT0n",1,4619,2014,179,"South Sudan","SSD","SSD",202,"United States of America","USA","USA",5,"0","0","-","0","0","0"
1,"QOvT0n",1,4620,2015,179,"South Sudan","SSD","SSD",202,"United States of America","USA","USA",5,10,"0","-","0","0","0"
1,"QOvT0n",1,4621,2016,179,"South Sudan","SSD","SSD",202,"United States of America","USA","USA",5,12,"0","-","0","0","0"
1,"QOvT0n",1,4622,2017,179,"South Sudan","SSD","SSD",202,"United States of America","USA","USA",7,28,"0","-","0","0","0"
1,"QOvT0n",1,4623,2018,179,"South Sudan","SSD","SSD",202,"United States of America","USA","USA",24,34,"0","-","0","0","0"
1,"QOvT0n",1,4624,2019,179,"South Sudan","SSD","SSD",202,"United States of America","USA","USA",45,37,"0","-","0","0","0"
1,"QOvT0n",1,4625,2020,179,"South Sudan","SSD","SSD",202,"United States of America","USA","USA",48,57,"0","-","0","0","0"
1,"QOvT0n",1,4626,2021,179,"South Sudan","SSD","SSD",202,"United States of America","USA","USA",54,71,"0","-","0","0","0"
1,"QOvT0n",1,4627,2022,179,"South Sudan","SSD","SSD",202,"United States of America","USA","USA",56,87,"0","-","0","0","0"
1,"QOvT0n",1,4628,2023,179,"South Sudan","SSD","SSD",202,"United States of America","USA","USA",66,176,"0","-","0","0","0"
1,"QOvT0n",1,4629,2024,179,"South Sudan","SSD","SSD",202,"United States of America","USA","USA",71,222,"0","-","0","0","0"
1,"QOvT0n",1,4630,2025,179,"South Sudan","SSD","SSD",202,"United States of America","USA","USA",71,222,"0","-","0","0","0"
1,"QOvT0n",1,4631,1995,180,"Slovakia","SVK","SVK",202,"United States of America","USA","USA",9,"0","0","-","0","0","0"
1,"QOvT0n",1,4632,1996,180,"Slovakia","SVK","SVK",202,"United States of America","USA","USA",15,"0","0","-","0","0","0"
1,"QOvT0n",1,4633,1997,180,"Slovakia","SVK","SVK",202,"United States of America","USA","USA",24,"0","0","-","0","0","0"
1,"QOvT0n",1,4634,1998,180,"Slovakia","SVK","SVK",202,"United States of America","USA","USA",32,"0","0","-","0","0","0"
1,"QOvT0n",1,4635,1999,180,"Slovakia","SVK","SVK",202,"United States of America","USA","USA",39,"0","0","-","0","0","0"
1,"QOvT0n",1,4636,2000,180,"Slovakia","SVK","SVK",202,"United States of America","USA","USA",36,21,"0","-","0","0","0"
1,"QOvT0n",1,4637,2001,180,"Slovakia","SVK","SVK",202,"United States of America","USA","USA","0",31,"0","-","0","0","0"
1,"QOvT0n",1,4638,2002,180,"Slovakia","SVK","SVK",202,"United States of America","USA","USA",25,28,"0","-","0","0","0"
1,"QOvT0n",1,4639,2003,180,"Slovakia","SVK","SVK",202,"United States of America","USA","USA",18,24,"0","-","0","0","0"
1,"QOvT0n",1,4640,2004,180,"Slovakia","SVK","SVK",202,"United States of America","USA","USA",13,34,"0","-","0","0","0"
1,"QOvT0n",1,4641,2005,180,"Slovakia","SVK","SVK",202,"United States of America","USA","USA",16,36,"0","-","0","0","0"
1,"QOvT0n",1,4642,2006,180,"Slovakia","SVK","SVK",202,"United States of America","USA","USA",35,40,"0","-","0","0","0"
1,"QOvT0n",1,4643,2007,180,"Slovakia","SVK","SVK",202,"United States of America","USA","USA",37,13,"0","-","0","0","0"
1,"QOvT0n",1,4644,2008,180,"Slovakia","SVK","SVK",202,"United States of America","USA","USA",32,10,"0","-","0","0","0"
1,"QOvT0n",1,4645,2009,180,"Slovakia","SVK","SVK",202,"United States of America","USA","USA",28,10,"0","-","0","0","0"
1,"QOvT0n",1,4646,2010,180,"Slovakia","SVK","SVK",202,"United States of America","USA","USA",23,"0","0","-","0","0","0"
1,"QOvT0n",1,4647,2011,180,"Slovakia","SVK","SVK",202,"United States of America","USA","USA",21,"0","0","-","0","0","0"
1,"QOvT0n",1,4648,2012,180,"Slovakia","SVK","SVK",202,"United States of America","USA","USA",23,72,"0","-","0","0","0"
1,"QOvT0n",1,4649,2013,180,"Slovakia","SVK","SVK",202,"United States of America","USA","USA",20,12,"0","-","0","0","0"
1,"QOvT0n",1,4650,2014,180,"Slovakia","SVK","SVK",202,"United States of America","USA","USA",17,26,"0","-","0","0","0"
1,"QOvT0n",1,4651,2015,180,"Slovakia","SVK","SVK",202,"United States of America","USA","USA",13,11,"0","-","0","0","0"
1,"QOvT0n",1,4652,2016,180,"Slovakia","SVK","SVK",202,"United States of America","USA","USA",12,16,"0","-","0","0","0"
1,"QOvT0n",1,4653,2017,180,"Slovakia","SVK","SVK",202,"United States of America","USA","USA",10,15,"0","-","0","0","0"
1,"QOvT0n",1,4654,2018,180,"Slovakia","SVK","SVK",202,"United States of America","USA","USA",8,15,"0","-","0","0","0"
1,"QOvT0n",1,4655,2019,180,"Slovakia","SVK","SVK",202,"United States of America","USA","USA",6,12,"0","-","0","0","0"
1,"QOvT0n",1,4656,2020,180,"Slovakia","SVK","SVK",202,"United States of America","USA","USA",5,51,"0","-","0","0","0"
1,"QOvT0n",1,4657,2021,180,"Slovakia","SVK","SVK",202,"United States of America","USA","USA",5,47,"0","-","0","0","0"
1,"QOvT0n",1,4658,2022,180,"Slovakia","SVK","SVK",202,"United States of America","USA","USA","0",36,"0","-","0","0","0"
1,"QOvT0n",1,4659,2023,180,"Slovakia","SVK","SVK",202,"United States of America","USA","USA","0",41,"0","-","0","0","0"
1,"QOvT0n",1,4660,2024,180,"Slovakia","SVK","SVK",202,"United States of America","USA","USA","0",45,"0","-","0","0","0"
1,"QOvT0n",1,4661,2025,180,"Slovakia","SVK","SVK",202,"United States of America","USA","USA","0",45,"0","-","0","0","0"
1,"QOvT0n",1,4662,1996,181,"Slovenia","SVN","SVN",202,"United States of America","USA","USA",5,"0","0","-","0","0","0"
1,"QOvT0n",1,4663,1997,181,"Slovenia","SVN","SVN",202,"United States of America","USA","USA",7,"0","0","-","0","0","0"
1,"QOvT0n",1,4664,1998,181,"Slovenia","SVN","SVN",202,"United States of America","USA","USA",7,"0","0","-","0","0","0"
1,"QOvT0n",1,4665,1999,181,"Slovenia","SVN","SVN",202,"United States of America","USA","USA",9,"0","0","-","0","0","0"
1,"QOvT0n",1,4666,2000,181,"Slovenia","SVN","SVN",202,"United States of America","USA","USA",8,9,"0","-","0","0","0"
1,"QOvT0n",1,4667,2001,181,"Slovenia","SVN","SVN",202,"United States of America","USA","USA","0",5,"0","-","0","0","0"
1,"QOvT0n",1,4668,2002,181,"Slovenia","SVN","SVN",202,"United States of America","USA","USA",8,7,"0","-","0","0","0"
1,"QOvT0n",1,4669,2003,181,"Slovenia","SVN","SVN",202,"United States of America","USA","USA",10,10,"0","-","0","0","0"
1,"QOvT0n",1,4670,2004,181,"Slovenia","SVN","SVN",202,"United States of America","USA","USA",8,6,"0","-","0","0","0"
1,"QOvT0n",1,4671,2005,181,"Slovenia","SVN","SVN",202,"United States of America","USA","USA",14,8,"0","-","0","0","0"
1,"QOvT0n",1,4672,2006,181,"Slovenia","SVN","SVN",202,"United States of America","USA","USA",13,5,"0","-","0","0","0"
1,"QOvT0n",1,4673,2007,181,"Slovenia","SVN","SVN",202,"United States of America","USA","USA",11,"0","0","-","0","0","0"
1,"QOvT0n",1,4674,2008,181,"Slovenia","SVN","SVN",202,"United States of America","USA","USA",11,"0","0","-","0","0","0"
1,"QOvT0n",1,4675,2009,181,"Slovenia","SVN","SVN",202,"United States of America","USA","USA",11,"0","0","-","0","0","0"
1,"QOvT0n",1,4676,2010,181,"Slovenia","SVN","SVN",202,"United States of America","USA","USA",12,"0","0","-","0","0","0"
1,"QOvT0n",1,4677,2011,181,"Slovenia","SVN","SVN",202,"United States of America","USA","USA",11,"0","0","-","0","0","0"
1,"QOvT0n",1,4678,2012,181,"Slovenia","SVN","SVN",202,"United States of America","USA","USA",11,"0","0","-","0","0","0"
1,"QOvT0n",1,4679,2013,181,"Slovenia","SVN","SVN",202,"United States of America","USA","USA",7,"0","0","-","0","0","0"
1,"QOvT0n",1,4680,2014,181,"Slovenia","SVN","SVN",202,"United States of America","USA","USA",7,"0","0","-","0","0","0"
1,"QOvT0n",1,4681,2015,181,"Slovenia","SVN","SVN",202,"United States of America","USA","USA",5,5,"0","-","0","0","0"
1,"QOvT0n",1,4682,2016,181,"Slovenia","SVN","SVN",202,"United States of America","USA","USA",5,6,"0","-","0","0","0"
1,"QOvT0n",1,4683,2017,181,"Slovenia","SVN","SVN",202,"United States of America","USA","USA",5,5,"0","-","0","0","0"
1,"QOvT0n",1,4684,2018,181,"Slovenia","SVN","SVN",202,"United States of America","USA","USA",6,5,"0","-","0","0","0"
1,"QOvT0n",1,4685,2019,181,"Slovenia","SVN","SVN",202,"United States of America","USA","USA",6,10,"0","-","0","0","0"
1,"QOvT0n",1,4686,2020,181,"Slovenia","SVN","SVN",202,"United States of America","USA","USA",5,5,"0","-","0","0","0"
1,"QOvT0n",1,4687,2021,181,"Slovenia","SVN","SVN",202,"United States of America","USA","USA",5,5,"0","-","0","0","0"
1,"QOvT0n",1,4688,2022,181,"Slovenia","SVN","SVN",202,"United States of America","USA","USA","0",13,"0","-","0","0","0"
1,"QOvT0n",1,4689,2023,181,"Slovenia","SVN","SVN",202,"United States of America","USA","USA","0",18,"0","-","0","0","0"
1,"QOvT0n",1,4690,2024,181,"Slovenia","SVN","SVN",202,"United States of America","USA","USA","0",42,"0","-","0","0","0"
1,"QOvT0n",1,4691,2025,181,"Slovenia","SVN","SVN",202,"United States of America","USA","USA","0",42,"0","-","0","0","0"
1,"QOvT0n",1,4692,2003,182,"Eswatini","SWA","SWZ",202,"United States of America","USA","USA","0",5,"0","-","0","0","0"
1,"QOvT0n",1,4693,2004,182,"Eswatini","SWA","SWZ",202,"United States of America","USA","USA","0",5,"0","-","0","0","0"
1,"QOvT0n",1,4694,2005,182,"Eswatini","SWA","SWZ",202,"United States of America","USA","USA",5,5,"0","-","0","0","0"
1,"QOvT0n",1,4695,2006,182,"Eswatini","SWA","SWZ",202,"United States of America","USA","USA",5,"0","0","-","0","0","0"
1,"QOvT0n",1,4696,2007,182,"Eswatini","SWA","SWZ",202,"United States of America","USA","USA",5,"0","0","-","0","0","0"
1,"QOvT0n",1,4697,2008,182,"Eswatini","SWA","SWZ",202,"United States of America","USA","USA",5,"0","0","-","0","0","0"
1,"QOvT0n",1,4698,2009,182,"Eswatini","SWA","SWZ",202,"United States of America","USA","USA",5,"0","0","-","0","0","0"
1,"QOvT0n",1,4699,2010,182,"Eswatini","SWA","SWZ",202,"United States of America","USA","USA",5,"0","0","-","0","0","0"
1,"QOvT0n",1,4700,2011,182,"Eswatini","SWA","SWZ",202,"United States of America","USA","USA",5,"0","0","-","0","0","0"
1,"QOvT0n",1,4701,2012,182,"Eswatini","SWA","SWZ",202,"United States of America","USA","USA",5,"0","0","-","0","0","0"
1,"QOvT0n",1,4702,2013,182,"Eswatini","SWA","SWZ",202,"United States of America","USA","USA",5,"0","0","-","0","0","0"
1,"QOvT0n",1,4703,2015,182,"Eswatini","SWA","SWZ",202,"United States of America","USA","USA","0",5,"0","-","0","0","0"
1,"QOvT0n",1,4704,2017,182,"Eswatini","SWA","SWZ",202,"United States of America","USA","USA",5,6,"0","-","0","0","0"
1,"QOvT0n",1,4705,2018,182,"Eswatini","SWA","SWZ",202,"United States of America","USA","USA",5,10,"0","-","0","0","0"
1,"QOvT0n",1,4706,2019,182,"Eswatini","SWA","SWZ",202,"United States of America","USA","USA",5,17,"0","-","0","0","0"
1,"QOvT0n",1,4707,2020,182,"Eswatini","SWA","SWZ",202,"United States of America","USA","USA",5,15,"0","-","0","0","0"
1,"QOvT0n",1,4708,2021,182,"Eswatini","SWA","SWZ",202,"United States of America","USA","USA",5,10,"0","-","0","0","0"
1,"QOvT0n",1,4709,2022,182,"Eswatini","SWA","SWZ",202,"United States of America","USA","USA",5,13,"0","-","0","0","0"
1,"QOvT0n",1,4710,2023,182,"Eswatini","SWA","SWZ",202,"United States of America","USA","USA",5,47,"0","-","0","0","0"
1,"QOvT0n",1,4711,2024,182,"Eswatini","SWA","SWZ",202,"United States of America","USA","USA",5,96,"0","-","0","0","0"
1,"QOvT0n",1,4712,2025,182,"Eswatini","SWA","SWZ",202,"United States of America","USA","USA",5,96,"0","-","0","0","0"
1,"QOvT0n",1,4713,2003,183,"Sweden","SWE","SWE",202,"United States of America","USA","USA",5,5,"0","-","0","0","0"
1,"QOvT0n",1,4714,2004,183,"Sweden","SWE","SWE",202,"United States of America","USA","USA",5,7,"0","-","0","0","0"
1,"QOvT0n",1,4715,2005,183,"Sweden","SWE","SWE",202,"United States of America","USA","USA",5,5,"0","-","0","0","0"
1,"QOvT0n",1,4716,2006,183,"Sweden","SWE","SWE",202,"United States of America","USA","USA",5,9,"0","-","0","0","0"
1,"QOvT0n",1,4717,2007,183,"Sweden","SWE","SWE",202,"United States of America","USA","USA",5,"0","0","-","0","0","0"
1,"QOvT0n",1,4718,2008,183,"Sweden","SWE","SWE",202,"United States of America","USA","USA",5,"0","0","-","0","0","0"
1,"QOvT0n",1,4719,2009,183,"Sweden","SWE","SWE",202,"United States of America","USA","USA",9,"0","0","-","0","0","0"
1,"QOvT0n",1,4720,2010,183,"Sweden","SWE","SWE",202,"United States of America","USA","USA",11,"0","0","-","0","0","0"
1,"QOvT0n",1,4721,2011,183,"Sweden","SWE","SWE",202,"United States of America","USA","USA",10,"0","0","-","0","0","0"
1,"QOvT0n",1,4722,2012,183,"Sweden","SWE","SWE",202,"United States of America","USA","USA",11,5,"0","-","0","0","0"
1,"QOvT0n",1,4723,2013,183,"Sweden","SWE","SWE",202,"United States of America","USA","USA",8,5,"0","-","0","0","0"
1,"QOvT0n",1,4724,2014,183,"Sweden","SWE","SWE",202,"United States of America","USA","USA",8,5,"0","-","0","0","0"
1,"QOvT0n",1,4725,2015,183,"Sweden","SWE","SWE",202,"United States of America","USA","USA",8,5,"0","-","0","0","0"
1,"QOvT0n",1,4726,2016,183,"Sweden","SWE","SWE",202,"United States of America","USA","USA",8,12,"0","-","0","0","0"
1,"QOvT0n",1,4727,2017,183,"Sweden","SWE","SWE",202,"United States of America","USA","USA",8,8,"0","-","0","0","0"
1,"QOvT0n",1,4728,2018,183,"Sweden","SWE","SWE",202,"United States of America","USA","USA",8,10,"0","-","0","0","0"
1,"QOvT0n",1,4729,2019,183,"Sweden","SWE","SWE",202,"United States of America","USA","USA",5,18,"0","-","0","0","0"
1,"QOvT0n",1,4730,2020,183,"Sweden","SWE","SWE",202,"United States of America","USA","USA","0",24,"0","-","0","0","0"
1,"QOvT0n",1,4731,2021,183,"Sweden","SWE","SWE",202,"United States of America","USA","USA","0",33,"0","-","0","0","0"
1,"QOvT0n",1,4732,2022,183,"Sweden","SWE","SWE",202,"United States of America","USA","USA","0",34,"0","-","0","0","0"
1,"QOvT0n",1,4733,2023,183,"Sweden","SWE","SWE",202,"United States of America","USA","USA","0",74,"0","-","0","0","0"
1,"QOvT0n",1,4734,2024,183,"Sweden","SWE","SWE",202,"United States of America","USA","USA","0",115,"0","-","0","0","0"
1,"QOvT0n",1,4735,2025,183,"Sweden","SWE","SWE",202,"United States of America","USA","USA","0",115,"0","-","0","0","0"
1,"QOvT0n",1,4736,2014,184,"Switzerland","SWI","CHE",202,"United States of America","USA","USA",5,"0","0","-","0","0","0"
1,"QOvT0n",1,4737,2015,184,"Switzerland","SWI","CHE",202,"United States of America","USA","USA",5,"0","0","-","0","0","0"
1,"QOvT0n",1,4738,2016,184,"Switzerland","SWI","CHE",202,"United States of America","USA","USA",5,10,"0","-","0","0","0"
1,"QOvT0n",1,4739,2017,184,"Switzerland","SWI","CHE",202,"United States of America","USA","USA",5,10,"0","-","0","0","0"
1,"QOvT0n",1,4740,2018,184,"Switzerland","SWI","CHE",202,"United States of America","USA","USA",5,13,"0","-","0","0","0"
1,"QOvT0n",1,4741,2019,184,"Switzerland","SWI","CHE",202,"United States of America","USA","USA",5,10,"0","-","0","0","0"
1,"QOvT0n",1,4742,2020,184,"Switzerland","SWI","CHE",202,"United States of America","USA","USA",5,11,"0","-","0","0","0"
1,"QOvT0n",1,4743,2021,184,"Switzerland","SWI","CHE",202,"United States of America","USA","USA","0",16,"0","-","0","0","0"
1,"QOvT0n",1,4744,2022,184,"Switzerland","SWI","CHE",202,"United States of America","USA","USA","0",22,"0","-","0","0","0"
1,"QOvT0n",1,4745,2023,184,"Switzerland","SWI","CHE",202,"United States of America","USA","USA","0",27,"0","-","0","0","0"
1,"QOvT0n",1,4746,2024,184,"Switzerland","SWI","CHE",202,"United States of America","USA","USA","0",28,"0","-","0","0","0"
1,"QOvT0n",1,4747,2025,184,"Switzerland","SWI","CHE",202,"United States of America","USA","USA","0",28,"0","-","0","0","0"
1,"QOvT0n",1,4748,1988,185,"Syrian Arab Rep.","SYR","SYR",202,"United States of America","USA","USA",252,"0","0","-","0","0","0"
1,"QOvT0n",1,4749,1989,185,"Syrian Arab Rep.","SYR","SYR",202,"United States of America","USA","USA",239,"0","0","-","0","0","0"
1,"QOvT0n",1,4750,1990,185,"Syrian Arab Rep.","SYR","SYR",202,"United States of America","USA","USA",257,"0","0","-","0","0","0"
1,"QOvT0n",1,4751,1991,185,"Syrian Arab Rep.","SYR","SYR",202,"United States of America","USA","USA",205,"0","0","-","0","0","0"
1,"QOvT0n",1,4752,1992,185,"Syrian Arab Rep.","SYR","SYR",202,"United States of America","USA","USA",154,"0","0","-","0","0","0"
1,"QOvT0n",1,4753,1993,185,"Syrian Arab Rep.","SYR","SYR",202,"United States of America","USA","USA",757,"0","0","-","0","0","0"
1,"QOvT0n",1,4754,1994,185,"Syrian Arab Rep.","SYR","SYR",202,"United States of America","USA","USA",1760,"0","0","-","0","0","0"
1,"QOvT0n",1,4755,1995,185,"Syrian Arab Rep.","SYR","SYR",202,"United States of America","USA","USA",2394,"0","0","-","0","0","0"
1,"QOvT0n",1,4756,1996,185,"Syrian Arab Rep.","SYR","SYR",202,"United States of America","USA","USA",2703,"0","0","-","0","0","0"
1,"QOvT0n",1,4757,1997,185,"Syrian Arab Rep.","SYR","SYR",202,"United States of America","USA","USA",2737,"0","0","-","0","0","0"
1,"QOvT0n",1,4758,1998,185,"Syrian Arab Rep.","SYR","SYR",202,"United States of America","USA","USA",2165,"0","0","-","0","0","0"
1,"QOvT0n",1,4759,1999,185,"Syrian Arab Rep.","SYR","SYR",202,"United States of America","USA","USA",1178,"0","0","-","0","0","0"
1,"QOvT0n",1,4760,2000,185,"Syrian Arab Rep.","SYR","SYR",202,"United States of America","USA","USA",560,168,"0","-","0","0","0"
1,"QOvT0n",1,4761,2001,185,"Syrian Arab Rep.","SYR","SYR",202,"United States of America","USA","USA",297,182,"0","-","0","0","0"
1,"QOvT0n",1,4762,2002,185,"Syrian Arab Rep.","SYR","SYR",202,"United States of America","USA","USA",291,190,"0","-","0","0","0"
1,"QOvT0n",1,4763,2003,185,"Syrian Arab Rep.","SYR","SYR",202,"United States of America","USA","USA",182,211,"0","-","0","0","0"
1,"QOvT0n",1,4764,2004,185,"Syrian Arab Rep.","SYR","SYR",202,"United States of America","USA","USA",196,207,"0","-","0","0","0"
1,"QOvT0n",1,4765,2005,185,"Syrian Arab Rep.","SYR","SYR",202,"United States of America","USA","USA",150,173,"0","-","0","0","0"
1,"QOvT0n",1,4766,2006,185,"Syrian Arab Rep.","SYR","SYR",202,"United States of America","USA","USA",422,162,"0","-","0","0","0"
1,"QOvT0n",1,4767,2007,185,"Syrian Arab Rep.","SYR","SYR",202,"United States of America","USA","USA",344,78,"0","-","0","0","0"
1,"QOvT0n",1,4768,2008,185,"Syrian Arab Rep.","SYR","SYR",202,"United States of America","USA","USA",320,72,"0","-","0","0","0"
1,"QOvT0n",1,4769,2009,185,"Syrian Arab Rep.","SYR","SYR",202,"United States of America","USA","USA",341,67,"0","-","0","0","0"
1,"QOvT0n",1,4770,2010,185,"Syrian Arab Rep.","SYR","SYR",202,"United States of America","USA","USA",312,10,"0","-","0","0","0"
1,"QOvT0n",1,4771,2011,185,"Syrian Arab Rep.","SYR","SYR",202,"United States of America","USA","USA",373,112,"0","-","0","0","0"
1,"QOvT0n",1,4772,2012,185,"Syrian Arab Rep.","SYR","SYR",202,"United States of America","USA","USA",1425,367,"0","-","0","0","0"
1,"QOvT0n",1,4773,2013,185,"Syrian Arab Rep.","SYR","SYR",202,"United States of America","USA","USA",3802,1378,"0","-","0","0","0"
1,"QOvT0n",1,4774,2014,185,"Syrian Arab Rep.","SYR","SYR",202,"United States of America","USA","USA",4750,2302,"0","-","0","0","0"
1,"QOvT0n",1,4775,2015,185,"Syrian Arab Rep.","SYR","SYR",202,"United States of America","USA","USA",5651,3118,"0","-","0","0","0"
1,"QOvT0n",1,4776,2016,185,"Syrian Arab Rep.","SYR","SYR",202,"United States of America","USA","USA",6444,3364,"0","-","0","0","0"
1,"QOvT0n",1,4777,2017,185,"Syrian Arab Rep.","SYR","SYR",202,"United States of America","USA","USA",7282,3358,"0","-","0","0","0"
1,"QOvT0n",1,4778,2018,185,"Syrian Arab Rep.","SYR","SYR",202,"United States of America","USA","USA",7998,3057,"0","-","0","0","0"
1,"QOvT0n",1,4779,2019,185,"Syrian Arab Rep.","SYR","SYR",202,"United States of America","USA","USA",8449,2660,"0","-","0","0","0"
1,"QOvT0n",1,4780,2020,185,"Syrian Arab Rep.","SYR","SYR",202,"United States of America","USA","USA",8616,2630,"0","-","0","0","0"
1,"QOvT0n",1,4781,2021,185,"Syrian Arab Rep.","SYR","SYR",202,"United States of America","USA","USA",8799,3500,"0","-","0","0","0"
1,"QOvT0n",1,4782,2022,185,"Syrian Arab Rep.","SYR","SYR",202,"United States of America","USA","USA",8807,3137,"0","-","0","0","0"
1,"QOvT0n",1,4783,2023,185,"Syrian Arab Rep.","SYR","SYR",202,"United States of America","USA","USA",8627,3286,"0","-","0","0","0"
1,"QOvT0n",1,4784,2024,185,"Syrian Arab Rep.","SYR","SYR",202,"United States of America","USA","USA",8410,3652,"0","-","0","0","0"
1,"QOvT0n",1,4785,2025,185,"Syrian Arab Rep.","SYR","SYR",202,"United States of America","USA","USA",8410,3652,"0","-","0","0","0"
1,"QOvT0n",1,4786,1998,186,"United Rep. of Tanzania","TAN","TZA",202,"United States of America","USA","USA",11,"0","0","-","0","0","0"
1,"QOvT0n",1,4787,1999,186,"United Rep. of Tanzania","TAN","TZA",202,"United States of America","USA","USA",15,"0","0","-","0","0","0"
1,"QOvT0n",1,4788,2000,186,"United Rep. of Tanzania","TAN","TZA",202,"United States of America","USA","USA",17,11,"0","-","0","0","0"
1,"QOvT0n",1,4789,2001,186,"United Rep. of Tanzania","TAN","TZA",202,"United States of America","USA","USA","0",38,"0","-","0","0","0"
1,"QOvT0n",1,4790,2002,186,"United Rep. of Tanzania","TAN","TZA",202,"United States of America","USA","USA",66,75,"0","-","0","0","0"
1,"QOvT0n",1,4791,2003,186,"United Rep. of Tanzania","TAN","TZA",202,"United States of America","USA","USA",51,100,"0","-","0","0","0"
1,"QOvT0n",1,4792,2004,186,"United Rep. of Tanzania","TAN","TZA",202,"United States of America","USA","USA",58,113,"0","-","0","0","0"
1,"QOvT0n",1,4793,2005,186,"United Rep. of Tanzania","TAN","TZA",202,"United States of America","USA","USA",102,107,"0","-","0","0","0"
1,"QOvT0n",1,4794,2006,186,"United Rep. of Tanzania","TAN","TZA",202,"United States of America","USA","USA",128,84,"0","-","0","0","0"
1,"QOvT0n",1,4795,2007,186,"United Rep. of Tanzania","TAN","TZA",202,"United States of America","USA","USA",136,32,"0","-","0","0","0"
1,"QOvT0n",1,4796,2008,186,"United Rep. of Tanzania","TAN","TZA",202,"United States of America","USA","USA",146,26,"0","-","0","0","0"
1,"QOvT0n",1,4797,2009,186,"United Rep. of Tanzania","TAN","TZA",202,"United States of America","USA","USA",157,25,"0","-","0","0","0"
1,"QOvT0n",1,4798,2010,186,"United Rep. of Tanzania","TAN","TZA",202,"United States of America","USA","USA",166,10,"0","-","0","0","0"
1,"QOvT0n",1,4799,2011,186,"United Rep. of Tanzania","TAN","TZA",202,"United States of America","USA","USA",171,5,"0","-","0","0","0"
1,"QOvT0n",1,4800,2012,186,"United Rep. of Tanzania","TAN","TZA",202,"United States of America","USA","USA",168,13,"0","-","0","0","0"
1,"QOvT0n",1,4801,2013,186,"United Rep. of Tanzania","TAN","TZA",202,"United States of America","USA","USA",169,50,"0","-","0","0","0"
1,"QOvT0n",1,4802,2014,186,"United Rep. of Tanzania","TAN","TZA",202,"United States of America","USA","USA",164,76,"0","-","0","0","0"
1,"QOvT0n",1,4803,2015,186,"United Rep. of Tanzania","TAN","TZA",202,"United States of America","USA","USA",146,111,"0","-","0","0","0"
1,"QOvT0n",1,4804,2016,186,"United Rep. of Tanzania","TAN","TZA",202,"United States of America","USA","USA",128,138,"0","-","0","0","0"
1,"QOvT0n",1,4805,2017,186,"United Rep. of Tanzania","TAN","TZA",202,"United States of America","USA","USA",133,154,"0","-","0","0","0"
1,"QOvT0n",1,4806,2018,186,"United Rep. of Tanzania","TAN","TZA",202,"United States of America","USA","USA",131,174,"0","-","0","0","0"
1,"QOvT0n",1,4807,2019,186,"United Rep. of Tanzania","TAN","TZA",202,"United States of America","USA","USA",130,193,"0","-","0","0","0"
1,"QOvT0n",1,4808,2020,186,"United Rep. of Tanzania","TAN","TZA",202,"United States of America","USA","USA",126,244,"0","-","0","0","0"
1,"QOvT0n",1,4809,2021,186,"United Rep. of Tanzania","TAN","TZA",202,"United States of America","USA","USA",109,281,"0","-","0","0","0"
1,"QOvT0n",1,4810,2022,186,"United Rep. of Tanzania","TAN","TZA",202,"United States of America","USA","USA",91,432,"0","-","0","0","0"
1,"QOvT0n",1,4811,2023,186,"United Rep. of Tanzania","TAN","TZA",202,"United States of America","USA","USA",77,918,"0","-","0","0","0"
1,"QOvT0n",1,4812,2024,186,"United Rep. of Tanzania","TAN","TZA",202,"United States of America","USA","USA",71,1297,"0","-","0","0","0"
1,"QOvT0n",1,4813,2025,186,"United Rep. of Tanzania","TAN","TZA",202,"United States of America","USA","USA",71,1297,"0","-","0","0","0"
1,"QOvT0n",1,4814,2002,187,"Turks and Caicos Islands","TCI","TCA",202,"United States of America","USA","USA","0",5,"0","-","0","0","0"
1,"QOvT0n",1,4815,2003,187,"Turks and Caicos Islands","TCI","TCA",202,"United States of America","USA","USA","0",5,"0","-","0","0","0"
1,"QOvT0n",1,4816,2011,187,"Turks and Caicos Islands","TCI","TCA",202,"United States of America","USA","USA",14,"0","0","-","0","0","0"
1,"QOvT0n",1,4817,2012,187,"Turks and Caicos Islands","TCI","TCA",202,"United States of America","USA","USA",14,"0","0","-","0","0","0"
1,"QOvT0n",1,4818,2013,187,"Turks and Caicos Islands","TCI","TCA",202,"United States of America","USA","USA",15,"0","0","-","0","0","0"
1,"QOvT0n",1,4819,2014,187,"Turks and Caicos Islands","TCI","TCA",202,"United States of America","USA","USA",15,"0","0","-","0","0","0"
1,"QOvT0n",1,4820,2015,187,"Turks and Caicos Islands","TCI","TCA",202,"United States of America","USA","USA",14,"0","0","-","0","0","0"
1,"QOvT0n",1,4821,2016,187,"Turks and Caicos Islands","TCI","TCA",202,"United States of America","USA","USA",14,"0","0","-","0","0","0"
1,"QOvT0n",1,4822,2017,187,"Turks and Caicos Islands","TCI","TCA",202,"United States of America","USA","USA",14,"0","0","-","0","0","0"
1,"QOvT0n",1,4823,2018,187,"Turks and Caicos Islands","TCI","TCA",202,"United States of America","USA","USA",14,"0","0","-","0","0","0"
1,"QOvT0n",1,4824,2019,187,"Turks and Caicos Islands","TCI","TCA",202,"United States of America","USA","USA",14,"0","0","-","0","0","0"
1,"QOvT0n",1,4825,2020,187,"Turks and Caicos Islands","TCI","TCA",202,"United States of America","USA","USA",14,"0","0","-","0","0","0"
1,"QOvT0n",1,4826,2021,187,"Turks and Caicos Islands","TCI","TCA",202,"United States of America","USA","USA",14,"0","0","-","0","0","0"
1,"QOvT0n",1,4827,2022,187,"Turks and Caicos Islands","TCI","TCA",202,"United States of America","USA","USA",14,5,"0","-","0","0","0"
1,"QOvT0n",1,4828,2023,187,"Turks and Caicos Islands","TCI","TCA",202,"United States of America","USA","USA",14,"0","0","-","0","0","0"
1,"QOvT0n",1,4829,2024,187,"Turks and Caicos Islands","TCI","TCA",202,"United States of America","USA","USA",14,"0","0","-","0","0","0"
1,"QOvT0n",1,4830,2025,187,"Turks and Caicos Islands","TCI","TCA",202,"United States of America","USA","USA",14,"0","0","-","0","0","0"
1,"QOvT0n",1,4831,1998,188,"Thailand","THA","THA",202,"United States of America","USA","USA",8,"0","0","-","0","0","0"
1,"QOvT0n",1,4832,1999,188,"Thailand","THA","THA",202,"United States of America","USA","USA",8,"0","0","-","0","0","0"
1,"QOvT0n",1,4833,2000,188,"Thailand","THA","THA",202,"United States of America","USA","USA",9,32,"0","-","0","0","0"
1,"QOvT0n",1,4834,2001,188,"Thailand","THA","THA",202,"United States of America","USA","USA","0",86,"0","-","0","0","0"
1,"QOvT0n",1,4835,2002,188,"Thailand","THA","THA",202,"United States of America","USA","USA",14,83,"0","-","0","0","0"
1,"QOvT0n",1,4836,2003,188,"Thailand","THA","THA",202,"United States of America","USA","USA",7,57,"0","-","0","0","0"
1,"QOvT0n",1,4837,2004,188,"Thailand","THA","THA",202,"United States of America","USA","USA",7,48,"0","-","0","0","0"
1,"QOvT0n",1,4838,2005,188,"Thailand","THA","THA",202,"United States of America","USA","USA",13,44,"0","-","0","0","0"
1,"QOvT0n",1,4839,2006,188,"Thailand","THA","THA",202,"United States of America","USA","USA",14,22,"0","-","0","0","0"
1,"QOvT0n",1,4840,2007,188,"Thailand","THA","THA",202,"United States of America","USA","USA",17,12,"0","-","0","0","0"
1,"QOvT0n",1,4841,2008,188,"Thailand","THA","THA",202,"United States of America","USA","USA",14,22,"0","-","0","0","0"
1,"QOvT0n",1,4842,2009,188,"Thailand","THA","THA",202,"United States of America","USA","USA",15,22,"0","-","0","0","0"
1,"QOvT0n",1,4843,2010,188,"Thailand","THA","THA",202,"United States of America","USA","USA",17,"0","0","-","0","0","0"
1,"QOvT0n",1,4844,2011,188,"Thailand","THA","THA",202,"United States of America","USA","USA",22,5,"0","-","0","0","0"
1,"QOvT0n",1,4845,2012,188,"Thailand","THA","THA",202,"United States of America","USA","USA",29,"0","0","-","0","0","0"
1,"QOvT0n",1,4846,2013,188,"Thailand","THA","THA",202,"United States of America","USA","USA",28,26,"0","-","0","0","0"
1,"QOvT0n",1,4847,2014,188,"Thailand","THA","THA",202,"United States of America","USA","USA",27,170,"0","-","0","0","0"
1,"QOvT0n",1,4848,2015,188,"Thailand","THA","THA",202,"United States of America","USA","USA",26,386,"0","-","0","0","0"
1,"QOvT0n",1,4849,2016,188,"Thailand","THA","THA",202,"United States of America","USA","USA",27,402,"0","-","0","0","0"
1,"QOvT0n",1,4850,2017,188,"Thailand","THA","THA",202,"United States of America","USA","USA",29,465,"0","-","0","0","0"
1,"QOvT0n",1,4851,2018,188,"Thailand","THA","THA",202,"United States of America","USA","USA",36,475,"0","-","0","0","0"
1,"QOvT0n",1,4852,2019,188,"Thailand","THA","THA",202,"United States of America","USA","USA",39,459,"0","-","0","0","0"
1,"QOvT0n",1,4853,2020,188,"Thailand","THA","THA",202,"United States of America","USA","USA",35,480,"0","-","0","0","0"
1,"QOvT0n",1,4854,2021,188,"Thailand","THA","THA",202,"United States of America","USA","USA",35,512,"0","-","0","0","0"
1,"QOvT0n",1,4855,2022,188,"Thailand","THA","THA",202,"United States of America","USA","USA",25,505,"0","-","0","0","0"
1,"QOvT0n",1,4856,2023,188,"Thailand","THA","THA",202,"United States of America","USA","USA",29,510,"0","-","0","0","0"
1,"QOvT0n",1,4857,2024,188,"Thailand","THA","THA",202,"United States of America","USA","USA",29,548,"0","-","0","0","0"
1,"QOvT0n",1,4858,2025,188,"Thailand","THA","THA",202,"United States of America","USA","USA",29,548,"0","-","0","0","0"
1,"QOvT0n",1,4859,1995,189,"Tajikistan","TJK","TJK",202,"United States of America","USA","USA",11,"0","0","-","0","0","0"
1,"QOvT0n",1,4860,1996,189,"Tajikistan","TJK","TJK",202,"United States of America","USA","USA",27,"0","0","-","0","0","0"
1,"QOvT0n",1,4861,1997,189,"Tajikistan","TJK","TJK",202,"United States of America","USA","USA",38,"0","0","-","0","0","0"
1,"QOvT0n",1,4862,1998,189,"Tajikistan","TJK","TJK",202,"United States of America","USA","USA",59,"0","0","-","0","0","0"
1,"QOvT0n",1,4863,1999,189,"Tajikistan","TJK","TJK",202,"United States of America","USA","USA",90,"0","0","-","0","0","0"
1,"QOvT0n",1,4864,2000,189,"Tajikistan","TJK","TJK",202,"United States of America","USA","USA",117,6,"0","-","0","0","0"
1,"QOvT0n",1,4865,2001,189,"Tajikistan","TJK","TJK",202,"United States of America","USA","USA",114,16,"0","-","0","0","0"
1,"QOvT0n",1,4866,2002,189,"Tajikistan","TJK","TJK",202,"United States of America","USA","USA",114,23,"0","-","0","0","0"
1,"QOvT0n",1,4867,2003,189,"Tajikistan","TJK","TJK",202,"United States of America","USA","USA",84,29,"0","-","0","0","0"
1,"QOvT0n",1,4868,2004,189,"Tajikistan","TJK","TJK",202,"United States of America","USA","USA",83,30,"0","-","0","0","0"
1,"QOvT0n",1,4869,2005,189,"Tajikistan","TJK","TJK",202,"United States of America","USA","USA",80,24,"0","-","0","0","0"
1,"QOvT0n",1,4870,2006,189,"Tajikistan","TJK","TJK",202,"United States of America","USA","USA",136,24,"0","-","0","0","0"
1,"QOvT0n",1,4871,2007,189,"Tajikistan","TJK","TJK",202,"United States of America","USA","USA",73,10,"0","-","0","0","0"
1,"QOvT0n",1,4872,2008,189,"Tajikistan","TJK","TJK",202,"United States of America","USA","USA",73,32,"0","-","0","0","0"
1,"QOvT0n",1,4873,2009,189,"Tajikistan","TJK","TJK",202,"United States of America","USA","USA",90,30,"0","-","0","0","0"
1,"QOvT0n",1,4874,2010,189,"Tajikistan","TJK","TJK",202,"United States of America","USA","USA",121,5,"0","-","0","0","0"
1,"QOvT0n",1,4875,2011,189,"Tajikistan","TJK","TJK",202,"United States of America","USA","USA",165,33,"0","-","0","0","0"
1,"QOvT0n",1,4876,2012,189,"Tajikistan","TJK","TJK",202,"United States of America","USA","USA",186,60,"0","-","0","0","0"
1,"QOvT0n",1,4877,2013,189,"Tajikistan","TJK","TJK",202,"United States of America","USA","USA",200,93,"0","-","0","0","0"
1,"QOvT0n",1,4878,2014,189,"Tajikistan","TJK","TJK",202,"United States of America","USA","USA",224,193,"0","-","0","0","0"
1,"QOvT0n",1,4879,2015,189,"Tajikistan","TJK","TJK",202,"United States of America","USA","USA",250,225,"0","-","0","0","0"
1,"QOvT0n",1,4880,2016,189,"Tajikistan","TJK","TJK",202,"United States of America","USA","USA",259,312,"0","-","0","0","0"
1,"QOvT0n",1,4881,2017,189,"Tajikistan","TJK","TJK",202,"United States of America","USA","USA",283,404,"0","-","0","0","0"
1,"QOvT0n",1,4882,2018,189,"Tajikistan","TJK","TJK",202,"United States of America","USA","USA",316,415,"0","-","0","0","0"
1,"QOvT0n",1,4883,2019,189,"Tajikistan","TJK","TJK",202,"United States of America","USA","USA",331,475,"0","-","0","0","0"
1,"QOvT0n",1,4884,2020,189,"Tajikistan","TJK","TJK",202,"United States of America","USA","USA",317,531,"0","-","0","0","0"
1,"QOvT0n",1,4885,2021,189,"Tajikistan","TJK","TJK",202,"United States of America","USA","USA",298,710,"0","-","0","0","0"
1,"QOvT0n",1,4886,2022,189,"Tajikistan","TJK","TJK",202,"United States of America","USA","USA",320,1453,"0","-","0","0","0"
1,"QOvT0n",1,4887,2023,189,"Tajikistan","TJK","TJK",202,"United States of America","USA","USA",352,2665,"0","-","0","0","0"
1,"QOvT0n",1,4888,2024,189,"Tajikistan","TJK","TJK",202,"United States of America","USA","USA",396,3604,"0","-","0","0","0"
1,"QOvT0n",1,4889,2025,189,"Tajikistan","TJK","TJK",202,"United States of America","USA","USA",396,3604,"0","-","0","0","0"
1,"QOvT0n",1,4890,1996,190,"Turkmenistan","TKM","TKM",202,"United States of America","USA","USA",8,"0","0","-","0","0","0"
1,"QOvT0n",1,4891,1997,190,"Turkmenistan","TKM","TKM",202,"United States of America","USA","USA",26,"0","0","-","0","0","0"
1,"QOvT0n",1,4892,1998,190,"Turkmenistan","TKM","TKM",202,"United States of America","USA","USA",41,"0","0","-","0","0","0"
1,"QOvT0n",1,4893,1999,190,"Turkmenistan","TKM","TKM",202,"United States of America","USA","USA",65,"0","0","-","0","0","0"
1,"QOvT0n",1,4894,2000,190,"Turkmenistan","TKM","TKM",202,"United States of America","USA","USA",78,10,"0","-","0","0","0"
1,"QOvT0n",1,4895,2001,190,"Turkmenistan","TKM","TKM",202,"United States of America","USA","USA",99,24,"0","-","0","0","0"
1,"QOvT0n",1,4896,2002,190,"Turkmenistan","TKM","TKM",202,"United States of America","USA","USA",102,30,"0","-","0","0","0"
1,"QOvT0n",1,4897,2003,190,"Turkmenistan","TKM","TKM",202,"United States of America","USA","USA",95,38,"0","-","0","0","0"
1,"QOvT0n",1,4898,2004,190,"Turkmenistan","TKM","TKM",202,"United States of America","USA","USA",114,52,"0","-","0","0","0"
1,"QOvT0n",1,4899,2005,190,"Turkmenistan","TKM","TKM",202,"United States of America","USA","USA",165,69,"0","-","0","0","0"
1,"QOvT0n",1,4900,2006,190,"Turkmenistan","TKM","TKM",202,"United States of America","USA","USA",266,67,"0","-","0","0","0"
1,"QOvT0n",1,4901,2007,190,"Turkmenistan","TKM","TKM",202,"United States of America","USA","USA",256,33,"0","-","0","0","0"
1,"QOvT0n",1,4902,2008,190,"Turkmenistan","TKM","TKM",202,"United States of America","USA","USA",273,25,"0","-","0","0","0"
1,"QOvT0n",1,4903,2009,190,"Turkmenistan","TKM","TKM",202,"United States of America","USA","USA",290,16,"0","-","0","0","0"
1,"QOvT0n",1,4904,2010,190,"Turkmenistan","TKM","TKM",202,"United States of America","USA","USA",295,7,"0","-","0","0","0"
1,"QOvT0n",1,4905,2011,190,"Turkmenistan","TKM","TKM",202,"United States of America","USA","USA",301,12,"0","-","0","0","0"
1,"QOvT0n",1,4906,2012,190,"Turkmenistan","TKM","TKM",202,"United States of America","USA","USA",295,14,"0","-","0","0","0"
1,"QOvT0n",1,4907,2013,190,"Turkmenistan","TKM","TKM",202,"United States of America","USA","USA",279,33,"0","-","0","0","0"
1,"QOvT0n",1,4908,2014,190,"Turkmenistan","TKM","TKM",202,"United States of America","USA","USA",246,74,"0","-","0","0","0"
1,"QOvT0n",1,4909,2015,190,"Turkmenistan","TKM","TKM",202,"United States of America","USA","USA",221,105,"0","-","0","0","0"
1,"QOvT0n",1,4910,2016,190,"Turkmenistan","TKM","TKM",202,"United States of America","USA","USA",174,137,"0","-","0","0","0"
1,"QOvT0n",1,4911,2017,190,"Turkmenistan","TKM","TKM",202,"United States of America","USA","USA",159,235,"0","-","0","0","0"
1,"QOvT0n",1,4912,2018,190,"Turkmenistan","TKM","TKM",202,"United States of America","USA","USA",193,260,"0","-","0","0","0"
1,"QOvT0n",1,4913,2019,190,"Turkmenistan","TKM","TKM",202,"United States of America","USA","USA",205,285,"0","-","0","0","0"
1,"QOvT0n",1,4914,2020,190,"Turkmenistan","TKM","TKM",202,"United States of America","USA","USA",205,342,"0","-","0","0","0"
1,"QOvT0n",1,4915,2021,190,"Turkmenistan","TKM","TKM",202,"United States of America","USA","USA",204,474,"0","-","0","0","0"
1,"QOvT0n",1,4916,2022,190,"Turkmenistan","TKM","TKM",202,"United States of America","USA","USA",208,537,"0","-","0","0","0"
1,"QOvT0n",1,4917,2023,190,"Turkmenistan","TKM","TKM",202,"United States of America","USA","USA",238,1323,"0","-","0","0","0"
1,"QOvT0n",1,4918,2024,190,"Turkmenistan","TKM","TKM",202,"United States of America","USA","USA",241,1710,"0","-","0","0","0"
1,"QOvT0n",1,4919,2025,190,"Turkmenistan","TKM","TKM",202,"United States of America","USA","USA",241,1710,"0","-","0","0","0"
1,"QOvT0n",1,4920,2019,191,"Timor-Leste","TMP","TLS",202,"United States of America","USA","USA","0",10,"0","-","0","0","0"
1,"QOvT0n",1,4921,2020,191,"Timor-Leste","TMP","TLS",202,"United States of America","USA","USA","0",12,"0","-","0","0","0"
1,"QOvT0n",1,4922,2021,191,"Timor-Leste","TMP","TLS",202,"United States of America","USA","USA","0",14,"0","-","0","0","0"
1,"QOvT0n",1,4923,2022,191,"Timor-Leste","TMP","TLS",202,"United States of America","USA","USA","0",17,"0","-","0","0","0"
1,"QOvT0n",1,4924,2023,191,"Timor-Leste","TMP","TLS",202,"United States of America","USA","USA","0",17,"0","-","0","0","0"
1,"QOvT0n",1,4925,2024,191,"Timor-Leste","TMP","TLS",202,"United States of America","USA","USA","0",18,"0","-","0","0","0"
1,"QOvT0n",1,4926,2025,191,"Timor-Leste","TMP","TLS",202,"United States of America","USA","USA","0",18,"0","-","0","0","0"
1,"QOvT0n",1,4927,1995,192,"Togo","TOG","TGO",202,"United States of America","USA","USA",93,"0","0","-","0","0","0"
1,"QOvT0n",1,4928,1996,192,"Togo","TOG","TGO",202,"United States of America","USA","USA",180,"0","0","-","0","0","0"
1,"QOvT0n",1,4929,1997,192,"Togo","TOG","TGO",202,"United States of America","USA","USA",263,"0","0","-","0","0","0"
1,"QOvT0n",1,4930,1998,192,"Togo","TOG","TGO",202,"United States of America","USA","USA",363,"0","0","-","0","0","0"
1,"QOvT0n",1,4931,1999,192,"Togo","TOG","TGO",202,"United States of America","USA","USA",544,"0","0","-","0","0","0"
1,"QOvT0n",1,4932,2000,192,"Togo","TOG","TGO",202,"United States of America","USA","USA",1070,126,"0","-","0","0","0"
1,"QOvT0n",1,4933,2001,192,"Togo","TOG","TGO",202,"United States of America","USA","USA",1407,206,"0","-","0","0","0"
1,"QOvT0n",1,4934,2002,192,"Togo","TOG","TGO",202,"United States of America","USA","USA",1634,377,"0","-","0","0","0"
1,"QOvT0n",1,4935,2003,192,"Togo","TOG","TGO",202,"United States of America","USA","USA",1790,616,"0","-","0","0","0"
1,"QOvT0n",1,4936,2004,192,"Togo","TOG","TGO",202,"United States of America","USA","USA",1994,580,"0","-","0","0","0"
1,"QOvT0n",1,4937,2005,192,"Togo","TOG","TGO",202,"United States of America","USA","USA",2173,587,"0","-","0","0","0"
1,"QOvT0n",1,4938,2006,192,"Togo","TOG","TGO",202,"United States of America","USA","USA",3403,421,"0","-","0","0","0"
1,"QOvT0n",1,4939,2007,192,"Togo","TOG","TGO",202,"United States of America","USA","USA",2437,266,"0","-","0","0","0"
1,"QOvT0n",1,4940,2008,192,"Togo","TOG","TGO",202,"United States of America","USA","USA",2433,114,"0","-","0","0","0"
1,"QOvT0n",1,4941,2009,192,"Togo","TOG","TGO",202,"United States of America","USA","USA",2419,86,"0","-","0","0","0"
1,"QOvT0n",1,4942,2010,192,"Togo","TOG","TGO",202,"United States of America","USA","USA",2377,15,"0","-","0","0","0"
1,"QOvT0n",1,4943,2011,192,"Togo","TOG","TGO",202,"United States of America","USA","USA",2288,19,"0","-","0","0","0"
1,"QOvT0n",1,4944,2012,192,"Togo","TOG","TGO",202,"United States of America","USA","USA",2048,23,"0","-","0","0","0"
1,"QOvT0n",1,4945,2013,192,"Togo","TOG","TGO",202,"United States of America","USA","USA",1648,76,"0","-","0","0","0"
1,"QOvT0n",1,4946,2014,192,"Togo","TOG","TGO",202,"United States of America","USA","USA",1206,157,"0","-","0","0","0"
1,"QOvT0n",1,4947,2015,192,"Togo","TOG","TGO",202,"United States of America","USA","USA",883,227,"0","-","0","0","0"
1,"QOvT0n",1,4948,2016,192,"Togo","TOG","TGO",202,"United States of America","USA","USA",683,359,"0","-","0","0","0"
1,"QOvT0n",1,4949,2017,192,"Togo","TOG","TGO",202,"United States of America","USA","USA",604,494,"0","-","0","0","0"
1,"QOvT0n",1,4950,2018,192,"Togo","TOG","TGO",202,"United States of America","USA","USA",588,530,"0","-","0","0","0"
1,"QOvT0n",1,4951,2019,192,"Togo","TOG","TGO",202,"United States of America","USA","USA",565,574,"0","-","0","0","0"
1,"QOvT0n",1,4952,2020,192,"Togo","TOG","TGO",202,"United States of America","USA","USA",529,648,"0","-","0","0","0"
1,"QOvT0n",1,4953,2021,192,"Togo","TOG","TGO",202,"United States of America","USA","USA",524,708,"0","-","0","0","0"
1,"QOvT0n",1,4954,2022,192,"Togo","TOG","TGO",202,"United States of America","USA","USA",508,806,"0","-","0","0","0"
1,"QOvT0n",1,4955,2023,192,"Togo","TOG","TGO",202,"United States of America","USA","USA",506,1033,"0","-","0","0","0"
1,"QOvT0n",1,4956,2024,192,"Togo","TOG","TGO",202,"United States of America","USA","USA",516,1488,"0","-","0","0","0"
1,"QOvT0n",1,4957,2025,192,"Togo","TOG","TGO",202,"United States of America","USA","USA",516,1488,"0","-","0","0","0"
1,"QOvT0n",1,4958,2000,193,"Tonga","TON","TON",202,"United States of America","USA","USA","0",7,"0","-","0","0","0"
1,"QOvT0n",1,4959,2001,193,"Tonga","TON","TON",202,"United States of America","USA","USA","0",7,"0","-","0","0","0"
1,"QOvT0n",1,4960,2002,193,"Tonga","TON","TON",202,"United States of America","USA","USA","0",11,"0","-","0","0","0"
1,"QOvT0n",1,4961,2003,193,"Tonga","TON","TON",202,"United States of America","USA","USA","0",7,"0","-","0","0","0"
1,"QOvT0n",1,4962,2004,193,"Tonga","TON","TON",202,"United States of America","USA","USA","0",8,"0","-","0","0","0"
1,"QOvT0n",1,4963,2005,193,"Tonga","TON","TON",202,"United States of America","USA","USA","0",6,"0","-","0","0","0"
1,"QOvT0n",1,4964,2006,193,"Tonga","TON","TON",202,"United States of America","USA","USA","0",9,"0","-","0","0","0"
1,"QOvT0n",1,4965,2007,193,"Tonga","TON","TON",202,"United States of America","USA","USA","0",14,"0","-","0","0","0"
1,"QOvT0n",1,4966,2008,193,"Tonga","TON","TON",202,"United States of America","USA","USA","0",16,"0","-","0","0","0"
1,"QOvT0n",1,4967,2009,193,"Tonga","TON","TON",202,"United States of America","USA","USA","0",16,"0","-","0","0","0"
1,"QOvT0n",1,4968,2016,193,"Tonga","TON","TON",202,"United States of America","USA","USA","0",5,"0","-","0","0","0"
1,"QOvT0n",1,4969,2017,193,"Tonga","TON","TON",202,"United States of America","USA","USA","0",10,"0","-","0","0","0"
1,"QOvT0n",1,4970,2018,193,"Tonga","TON","TON",202,"United States of America","USA","USA","0",6,"0","-","0","0","0"
1,"QOvT0n",1,4971,2019,193,"Tonga","TON","TON",202,"United States of America","USA","USA","0",8,"0","-","0","0","0"
1,"QOvT0n",1,4972,2020,193,"Tonga","TON","TON",202,"United States of America","USA","USA","0",5,"0","-","0","0","0"
1,"QOvT0n",1,4973,2024,193,"Tonga","TON","TON",202,"United States of America","USA","USA","0",5,"0","-","0","0","0"
1,"QOvT0n",1,4974,2025,193,"Tonga","TON","TON",202,"United States of America","USA","USA","0",5,"0","-","0","0","0"
1,"QOvT0n",1,4975,1996,194,"Trinidad and Tobago","TRT","TTO",202,"United States of America","USA","USA",5,"0","0","-","0","0","0"
1,"QOvT0n",1,4976,1997,194,"Trinidad and Tobago","TRT","TTO",202,"United States of America","USA","USA",6,"0","0","-","0","0","0"
1,"QOvT0n",1,4977,1998,194,"Trinidad and Tobago","TRT","TTO",202,"United States of America","USA","USA",7,"0","0","-","0","0","0"
1,"QOvT0n",1,4978,1999,194,"Trinidad and Tobago","TRT","TTO",202,"United States of America","USA","USA",7,"0","0","-","0","0","0"
1,"QOvT0n",1,4979,2000,194,"Trinidad and Tobago","TRT","TTO",202,"United States of America","USA","USA",10,55,"0","-","0","0","0"
1,"QOvT0n",1,4980,2001,194,"Trinidad and Tobago","TRT","TTO",202,"United States of America","USA","USA","0",82,"0","-","0","0","0"
1,"QOvT0n",1,4981,2002,194,"Trinidad and Tobago","TRT","TTO",202,"United States of America","USA","USA",13,54,"0","-","0","0","0"
1,"QOvT0n",1,4982,2003,194,"Trinidad and Tobago","TRT","TTO",202,"United States of America","USA","USA",12,46,"0","-","0","0","0"
1,"QOvT0n",1,4983,2004,194,"Trinidad and Tobago","TRT","TTO",202,"United States of America","USA","USA",17,44,"0","-","0","0","0"
1,"QOvT0n",1,4984,2005,194,"Trinidad and Tobago","TRT","TTO",202,"United States of America","USA","USA",19,46,"0","-","0","0","0"
1,"QOvT0n",1,4985,2006,194,"Trinidad and Tobago","TRT","TTO",202,"United States of America","USA","USA",33,47,"0","-","0","0","0"
1,"QOvT0n",1,4986,2007,194,"Trinidad and Tobago","TRT","TTO",202,"United States of America","USA","USA",42,29,"0","-","0","0","0"
1,"QOvT0n",1,4987,2008,194,"Trinidad and Tobago","TRT","TTO",202,"United States of America","USA","USA",45,21,"0","-","0","0","0"
1,"QOvT0n",1,4988,2009,194,"Trinidad and Tobago","TRT","TTO",202,"United States of America","USA","USA",48,23,"0","-","0","0","0"
1,"QOvT0n",1,4989,2010,194,"Trinidad and Tobago","TRT","TTO",202,"United States of America","USA","USA",53,5,"0","-","0","0","0"
1,"QOvT0n",1,4990,2011,194,"Trinidad and Tobago","TRT","TTO",202,"United States of America","USA","USA",56,17,"0","-","0","0","0"
1,"QOvT0n",1,4991,2012,194,"Trinidad and Tobago","TRT","TTO",202,"United States of America","USA","USA",62,22,"0","-","0","0","0"
1,"QOvT0n",1,4992,2013,194,"Trinidad and Tobago","TRT","TTO",202,"United States of America","USA","USA",63,68,"0","-","0","0","0"
1,"QOvT0n",1,4993,2014,194,"Trinidad and Tobago","TRT","TTO",202,"United States of America","USA","USA",62,122,"0","-","0","0","0"
1,"QOvT0n",1,4994,2015,194,"Trinidad and Tobago","TRT","TTO",202,"United States of America","USA","USA",62,155,"0","-","0","0","0"
1,"QOvT0n",1,4995,2016,194,"Trinidad and Tobago","TRT","TTO",202,"United States of America","USA","USA",60,180,"0","-","0","0","0"
1,"QOvT0n",1,4996,2017,194,"Trinidad and Tobago","TRT","TTO",202,"United States of America","USA","USA",55,227,"0","-","0","0","0"
1,"QOvT0n",1,4997,2018,194,"Trinidad and Tobago","TRT","TTO",202,"United States of America","USA","USA",51,215,"0","-","0","0","0"
1,"QOvT0n",1,4998,2019,194,"Trinidad and Tobago","TRT","TTO",202,"United States of America","USA","USA",49,224,"0","-","0","0","0"
1,"QOvT0n",1,4999,2020,194,"Trinidad and Tobago","TRT","TTO",202,"United States of America","USA","USA",42,234,"0","-","0","0","0"
1,"QOvT0n",1,5000,2021,194,"Trinidad and Tobago","TRT","TTO",202,"United States of America","USA","USA",40,288,"0","-","0","0","0"
1,"QOvT0n",1,5001,2022,194,"Trinidad and Tobago","TRT","TTO",202,"United States of America","USA","USA",34,266,"0","-","0","0","0"
1,"QOvT0n",1,5002,2023,194,"Trinidad and Tobago","TRT","TTO",202,"United States of America","USA","USA",39,294,"0","-","0","0","0"
1,"QOvT0n",1,5003,2024,194,"Trinidad and Tobago","TRT","TTO",202,"United States of America","USA","USA",37,344,"0","-","0","0","0"
1,"QOvT0n",1,5004,2025,194,"Trinidad and Tobago","TRT","TTO",202,"United States of America","USA","USA",37,344,"0","-","0","0","0"
1,"QOvT0n",1,5005,1996,195,"Tunisia","TUN","TUN",202,"United States of America","USA","USA",5,"0","0","-","0","0","0"
1,"QOvT0n",1,5006,1997,195,"Tunisia","TUN","TUN",202,"United States of America","USA","USA",5,"0","0","-","0","0","0"
1,"QOvT0n",1,5007,1998,195,"Tunisia","TUN","TUN",202,"United States of America","USA","USA",9,"0","0","-","0","0","0"
1,"QOvT0n",1,5008,1999,195,"Tunisia","TUN","TUN",202,"United States of America","USA","USA",10,"0","0","-","0","0","0"
1,"QOvT0n",1,5009,2000,195,"Tunisia","TUN","TUN",202,"United States of America","USA","USA",17,11,"0","-","0","0","0"
1,"QOvT0n",1,5010,2001,195,"Tunisia","TUN","TUN",202,"United States of America","USA","USA","0",23,"0","-","0","0","0"
1,"QOvT0n",1,5011,2002,195,"Tunisia","TUN","TUN",202,"United States of America","USA","USA",35,24,"0","-","0","0","0"
1,"QOvT0n",1,5012,2003,195,"Tunisia","TUN","TUN",202,"United States of America","USA","USA",18,44,"0","-","0","0","0"
1,"QOvT0n",1,5013,2004,195,"Tunisia","TUN","TUN",202,"United States of America","USA","USA",19,55,"0","-","0","0","0"
1,"QOvT0n",1,5014,2005,195,"Tunisia","TUN","TUN",202,"United States of America","USA","USA",33,34,"0","-","0","0","0"
1,"QOvT0n",1,5015,2006,195,"Tunisia","TUN","TUN",202,"United States of America","USA","USA",38,36,"0","-","0","0","0"
1,"QOvT0n",1,5016,2007,195,"Tunisia","TUN","TUN",202,"United States of America","USA","USA",40,6,"0","-","0","0","0"
1,"QOvT0n",1,5017,2008,195,"Tunisia","TUN","TUN",202,"United States of America","USA","USA",40,5,"0","-","0","0","0"
1,"QOvT0n",1,5018,2009,195,"Tunisia","TUN","TUN",202,"United States of America","USA","USA",39,5,"0","-","0","0","0"
1,"QOvT0n",1,5019,2010,195,"Tunisia","TUN","TUN",202,"United States of America","USA","USA",33,"0","0","-","0","0","0"
1,"QOvT0n",1,5020,2011,195,"Tunisia","TUN","TUN",202,"United States of America","USA","USA",35,5,"0","-","0","0","0"
1,"QOvT0n",1,5021,2012,195,"Tunisia","TUN","TUN",202,"United States of America","USA","USA",36,9,"0","-","0","0","0"
1,"QOvT0n",1,5022,2013,195,"Tunisia","TUN","TUN",202,"United States of America","USA","USA",38,41,"0","-","0","0","0"
1,"QOvT0n",1,5023,2014,195,"Tunisia","TUN","TUN",202,"United States of America","USA","USA",44,70,"0","-","0","0","0"
1,"QOvT0n",1,5024,2015,195,"Tunisia","TUN","TUN",202,"United States of America","USA","USA",44,84,"0","-","0","0","0"
1,"QOvT0n",1,5025,2016,195,"Tunisia","TUN","TUN",202,"United States of America","USA","USA",56,130,"0","-","0","0","0"
1,"QOvT0n",1,5026,2017,195,"Tunisia","TUN","TUN",202,"United States of America","USA","USA",54,204,"0","-","0","0","0"
1,"QOvT0n",1,5027,2018,195,"Tunisia","TUN","TUN",202,"United States of America","USA","USA",82,228,"0","-","0","0","0"
1,"QOvT0n",1,5028,2019,195,"Tunisia","TUN","TUN",202,"United States of America","USA","USA",86,246,"0","-","0","0","0"
1,"QOvT0n",1,5029,2020,195,"Tunisia","TUN","TUN",202,"United States of America","USA","USA",94,264,"0","-","0","0","0"
1,"QOvT0n",1,5030,2021,195,"Tunisia","TUN","TUN",202,"United States of America","USA","USA",97,377,"0","-","0","0","0"
1,"QOvT0n",1,5031,2022,195,"Tunisia","TUN","TUN",202,"United States of America","USA","USA",105,468,"0","-","0","0","0"
1,"QOvT0n",1,5032,2023,195,"Tunisia","TUN","TUN",202,"United States of America","USA","USA",117,615,"0","-","0","0","0"
1,"QOvT0n",1,5033,2024,195,"Tunisia","TUN","TUN",202,"United States of America","USA","USA",121,715,"0","-","0","0","0"
1,"QOvT0n",1,5034,2025,195,"Tunisia","TUN","TUN",202,"United States of America","USA","USA",121,715,"0","-","0","0","0"
1,"QOvT0n",1,5035,1992,196,"Türkiye","TUR","TUR",202,"United States of America","USA","USA",6,"0","0","-","0","0","0"
1,"QOvT0n",1,5036,1993,196,"Türkiye","TUR","TUR",202,"United States of America","USA","USA",10,"0","0","-","0","0","0"
1,"QOvT0n",1,5037,1994,196,"Türkiye","TUR","TUR",202,"United States of America","USA","USA",13,"0","0","-","0","0","0"
1,"QOvT0n",1,5038,1995,196,"Türkiye","TUR","TUR",202,"United States of America","USA","USA",45,"0","0","-","0","0","0"
1,"QOvT0n",1,5039,1996,196,"Türkiye","TUR","TUR",202,"United States of America","USA","USA",66,"0","0","-","0","0","0"
1,"QOvT0n",1,5040,1997,196,"Türkiye","TUR","TUR",202,"United States of America","USA","USA",89,"0","0","-","0","0","0"
1,"QOvT0n",1,5041,1998,196,"Türkiye","TUR","TUR",202,"United States of America","USA","USA",113,"0","0","-","0","0","0"
1,"QOvT0n",1,5042,1999,196,"Türkiye","TUR","TUR",202,"United States of America","USA","USA",152,"0","0","-","0","0","0"
1,"QOvT0n",1,5043,2000,196,"Türkiye","TUR","TUR",202,"United States of America","USA","USA",194,112,"0","-","0","0","0"
1,"QOvT0n",1,5044,2001,196,"Türkiye","TUR","TUR",202,"United States of America","USA","USA",281,176,"0","-","0","0","0"
1,"QOvT0n",1,5045,2002,196,"Türkiye","TUR","TUR",202,"United States of America","USA","USA",356,189,"0","-","0","0","0"
1,"QOvT0n",1,5046,2003,196,"Türkiye","TUR","TUR",202,"United States of America","USA","USA",279,173,"0","-","0","0","0"
1,"QOvT0n",1,5047,2004,196,"Türkiye","TUR","TUR",202,"United States of America","USA","USA",318,138,"0","-","0","0","0"
1,"QOvT0n",1,5048,2005,196,"Türkiye","TUR","TUR",202,"United States of America","USA","USA",354,138,"0","-","0","0","0"
1,"QOvT0n",1,5049,2006,196,"Türkiye","TUR","TUR",202,"United States of America","USA","USA",520,100,"0","-","0","0","0"
1,"QOvT0n",1,5050,2007,196,"Türkiye","TUR","TUR",202,"United States of America","USA","USA",555,52,"0","-","0","0","0"
1,"QOvT0n",1,5051,2008,196,"Türkiye","TUR","TUR",202,"United States of America","USA","USA",564,67,"0","-","0","0","0"
1,"QOvT0n",1,5052,2009,196,"Türkiye","TUR","TUR",202,"United States of America","USA","USA",602,62,"0","-","0","0","0"
1,"QOvT0n",1,5053,2010,196,"Türkiye","TUR","TUR",202,"United States of America","USA","USA",591,10,"0","-","0","0","0"
1,"QOvT0n",1,5054,2011,196,"Türkiye","TUR","TUR",202,"United States of America","USA","USA",543,24,"0","-","0","0","0"
1,"QOvT0n",1,5055,2012,196,"Türkiye","TUR","TUR",202,"United States of America","USA","USA",496,37,"0","-","0","0","0"
1,"QOvT0n",1,5056,2013,196,"Türkiye","TUR","TUR",202,"United States of America","USA","USA",446,128,"0","-","0","0","0"
1,"QOvT0n",1,5057,2014,196,"Türkiye","TUR","TUR",202,"United States of America","USA","USA",419,242,"0","-","0","0","0"
1,"QOvT0n",1,5058,2015,196,"Türkiye","TUR","TUR",202,"United States of America","USA","USA",418,335,"0","-","0","0","0"
1,"QOvT0n",1,5059,2016,196,"Türkiye","TUR","TUR",202,"United States of America","USA","USA",389,980,"0","-","0","0","0"
1,"QOvT0n",1,5060,2017,196,"Türkiye","TUR","TUR",202,"United States of America","USA","USA",428,2646,"0","-","0","0","0"
1,"QOvT0n",1,5061,2018,196,"Türkiye","TUR","TUR",202,"United States of America","USA","USA",1127,3390,"0","-","0","0","0"
1,"QOvT0n",1,5062,2019,196,"Türkiye","TUR","TUR",202,"United States of America","USA","USA",2501,3518,"0","-","0","0","0"
1,"QOvT0n",1,5063,2020,196,"Türkiye","TUR","TUR",202,"United States of America","USA","USA",3062,4227,"0","-","0","0","0"
1,"QOvT0n",1,5064,2021,196,"Türkiye","TUR","TUR",202,"United States of America","USA","USA",4181,6780,"0","-","0","0","0"
1,"QOvT0n",1,5065,2022,196,"Türkiye","TUR","TUR",202,"United States of America","USA","USA",5464,10467,"0","-","0","0","0"
1,"QOvT0n",1,5066,2023,196,"Türkiye","TUR","TUR",202,"United States of America","USA","USA",7054,21680,"0","-","0","0","0"
1,"QOvT0n",1,5067,2024,196,"Türkiye","TUR","TUR",202,"United States of America","USA","USA",7853,28521,"0","-","0","0","0"
1,"QOvT0n",1,5068,2025,196,"Türkiye","TUR","TUR",202,"United States of America","USA","USA",7853,28521,"0","-","0","0","0"
1,"QOvT0n",1,5069,1998,198,"United Arab Emirates","UAE","ARE",202,"United States of America","USA","USA",5,"0","0","-","0","0","0"
1,"QOvT0n",1,5070,1999,198,"United Arab Emirates","UAE","ARE",202,"United States of America","USA","USA",5,"0","0","-","0","0","0"
1,"QOvT0n",1,5071,2000,198,"United Arab Emirates","UAE","ARE",202,"United States of America","USA","USA",5,"0","0","-","0","0","0"
1,"QOvT0n",1,5072,2001,198,"United Arab Emirates","UAE","ARE",202,"United States of America","USA","USA","0",5,"0","-","0","0","0"
1,"QOvT0n",1,5073,2002,198,"United Arab Emirates","UAE","ARE",202,"United States of America","USA","USA",5,12,"0","-","0","0","0"
1,"QOvT0n",1,5074,2003,198,"United Arab Emirates","UAE","ARE",202,"United States of America","USA","USA","0",10,"0","-","0","0","0"
1,"QOvT0n",1,5075,2004,198,"United Arab Emirates","UAE","ARE",202,"United States of America","USA","USA",8,5,"0","-","0","0","0"
1,"QOvT0n",1,5076,2005,198,"United Arab Emirates","UAE","ARE",202,"United States of America","USA","USA",9,15,"0","-","0","0","0"
1,"QOvT0n",1,5077,2006,198,"United Arab Emirates","UAE","ARE",202,"United States of America","USA","USA",18,10,"0","-","0","0","0"
1,"QOvT0n",1,5078,2007,198,"United Arab Emirates","UAE","ARE",202,"United States of America","USA","USA",18,"0","0","-","0","0","0"
1,"QOvT0n",1,5079,2008,198,"United Arab Emirates","UAE","ARE",202,"United States of America","USA","USA",18,"0","0","-","0","0","0"
1,"QOvT0n",1,5080,2009,198,"United Arab Emirates","UAE","ARE",202,"United States of America","USA","USA",19,"0","0","-","0","0","0"
1,"QOvT0n",1,5081,2010,198,"United Arab Emirates","UAE","ARE",202,"United States of America","USA","USA",21,"0","0","-","0","0","0"
1,"QOvT0n",1,5082,2011,198,"United Arab Emirates","UAE","ARE",202,"United States of America","USA","USA",25,"0","0","-","0","0","0"
1,"QOvT0n",1,5083,2012,198,"United Arab Emirates","UAE","ARE",202,"United States of America","USA","USA",30,"0","0","-","0","0","0"
1,"QOvT0n",1,5084,2013,198,"United Arab Emirates","UAE","ARE",202,"United States of America","USA","USA",44,12,"0","-","0","0","0"
1,"QOvT0n",1,5085,2014,198,"United Arab Emirates","UAE","ARE",202,"United States of America","USA","USA",38,37,"0","-","0","0","0"
1,"QOvT0n",1,5086,2015,198,"United Arab Emirates","UAE","ARE",202,"United States of America","USA","USA",42,51,"0","-","0","0","0"
1,"QOvT0n",1,5087,2016,198,"United Arab Emirates","UAE","ARE",202,"United States of America","USA","USA",36,115,"0","-","0","0","0"
1,"QOvT0n",1,5088,2017,198,"United Arab Emirates","UAE","ARE",202,"United States of America","USA","USA",39,150,"0","-","0","0","0"
1,"QOvT0n",1,5089,2018,198,"United Arab Emirates","UAE","ARE",202,"United States of America","USA","USA",59,150,"0","-","0","0","0"
1,"QOvT0n",1,5090,2019,198,"United Arab Emirates","UAE","ARE",202,"United States of America","USA","USA",72,154,"0","-","0","0","0"
1,"QOvT0n",1,5091,2020,198,"United Arab Emirates","UAE","ARE",202,"United States of America","USA","USA",73,146,"0","-","0","0","0"
1,"QOvT0n",1,5092,2021,198,"United Arab Emirates","UAE","ARE",202,"United States of America","USA","USA",70,163,"0","-","0","0","0"
1,"QOvT0n",1,5093,2022,198,"United Arab Emirates","UAE","ARE",202,"United States of America","USA","USA",103,515,"0","-","0","0","0"
1,"QOvT0n",1,5094,2023,198,"United Arab Emirates","UAE","ARE",202,"United States of America","USA","USA",117,135,"0","-","0","0","0"
1,"QOvT0n",1,5095,2024,198,"United Arab Emirates","UAE","ARE",202,"United States of America","USA","USA",117,131,"0","-","0","0","0"
1,"QOvT0n",1,5096,2025,198,"United Arab Emirates","UAE","ARE",202,"United States of America","USA","USA",117,131,"0","-","0","0","0"
1,"QOvT0n",1,5097,1988,199,"Uganda","UGA","UGA",202,"United States of America","USA","USA",77,"0","0","-","0","0","0"
1,"QOvT0n",1,5098,1989,199,"Uganda","UGA","UGA",202,"United States of America","USA","USA",115,"0","0","-","0","0","0"
1,"QOvT0n",1,5099,1990,199,"Uganda","UGA","UGA",202,"United States of America","USA","USA",136,"0","0","-","0","0","0"
1,"QOvT0n",1,5100,1991,199,"Uganda","UGA","UGA",202,"United States of America","USA","USA",249,"0","0","-","0","0","0"
1,"QOvT0n",1,5101,1992,199,"Uganda","UGA","UGA",202,"United States of America","USA","USA",330,"0","0","-","0","0","0"
1,"QOvT0n",1,5102,1993,199,"Uganda","UGA","UGA",202,"United States of America","USA","USA",323,"0","0","-","0","0","0"
1,"QOvT0n",1,5103,1994,199,"Uganda","UGA","UGA",202,"United States of America","USA","USA",285,"0","0","-","0","0","0"
1,"QOvT0n",1,5104,1995,199,"Uganda","UGA","UGA",202,"United States of America","USA","USA",313,"0","0","-","0","0","0"
1,"QOvT0n",1,5105,1996,199,"Uganda","UGA","UGA",202,"United States of America","USA","USA",245,"0","0","-","0","0","0"
1,"QOvT0n",1,5106,1997,199,"Uganda","UGA","UGA",202,"United States of America","USA","USA",188,"0","0","-","0","0","0"
1,"QOvT0n",1,5107,1998,199,"Uganda","UGA","UGA",202,"United States of America","USA","USA",262,"0","0","-","0","0","0"
1,"QOvT0n",1,5108,1999,199,"Uganda","UGA","UGA",202,"United States of America","USA","USA",363,"0","0","-","0","0","0"
1,"QOvT0n",1,5109,2000,199,"Uganda","UGA","UGA",202,"United States of America","USA","USA",519,279,"0","-","0","0","0"
1,"QOvT0n",1,5110,2001,199,"Uganda","UGA","UGA",202,"United States of America","USA","USA",698,346,"0","-","0","0","0"
1,"QOvT0n",1,5111,2002,199,"Uganda","UGA","UGA",202,"United States of America","USA","USA",882,415,"0","-","0","0","0"
1,"QOvT0n",1,5112,2003,199,"Uganda","UGA","UGA",202,"United States of America","USA","USA",749,414,"0","-","0","0","0"
1,"QOvT0n",1,5113,2004,199,"Uganda","UGA","UGA",202,"United States of America","USA","USA",745,341,"0","-","0","0","0"
1,"QOvT0n",1,5114,2005,199,"Uganda","UGA","UGA",202,"United States of America","USA","USA",866,279,"0","-","0","0","0"
1,"QOvT0n",1,5115,2006,199,"Uganda","UGA","UGA",202,"United States of America","USA","USA",1430,239,"0","-","0","0","0"
1,"QOvT0n",1,5116,2007,199,"Uganda","UGA","UGA",202,"United States of America","USA","USA",1465,129,"0","-","0","0","0"
1,"QOvT0n",1,5117,2008,199,"Uganda","UGA","UGA",202,"United States of America","USA","USA",1441,110,"0","-","0","0","0"
1,"QOvT0n",1,5118,2009,199,"Uganda","UGA","UGA",202,"United States of America","USA","USA",1443,98,"0","-","0","0","0"
1,"QOvT0n",1,5119,2010,199,"Uganda","UGA","UGA",202,"United States of America","USA","USA",1378,44,"0","-","0","0","0"
1,"QOvT0n",1,5120,2011,199,"Uganda","UGA","UGA",202,"United States of America","USA","USA",1349,83,"0","-","0","0","0"
1,"QOvT0n",1,5121,2012,199,"Uganda","UGA","UGA",202,"United States of America","USA","USA",1231,138,"0","-","0","0","0"
1,"QOvT0n",1,5122,2013,199,"Uganda","UGA","UGA",202,"United States of America","USA","USA",1185,332,"0","-","0","0","0"
1,"QOvT0n",1,5123,2014,199,"Uganda","UGA","UGA",202,"United States of America","USA","USA",1178,581,"0","-","0","0","0"
1,"QOvT0n",1,5124,2015,199,"Uganda","UGA","UGA",202,"United States of America","USA","USA",1231,850,"0","-","0","0","0"
1,"QOvT0n",1,5125,2016,199,"Uganda","UGA","UGA",202,"United States of America","USA","USA",1268,1291,"0","-","0","0","0"
1,"QOvT0n",1,5126,2017,199,"Uganda","UGA","UGA",202,"United States of America","USA","USA",1301,1821,"0","-","0","0","0"
1,"QOvT0n",1,5127,2018,199,"Uganda","UGA","UGA",202,"United States of America","USA","USA",1560,2403,"0","-","0","0","0"
1,"QOvT0n",1,5128,2019,199,"Uganda","UGA","UGA",202,"United States of America","USA","USA",1760,2795,"0","-","0","0","0"
1,"QOvT0n",1,5129,2020,199,"Uganda","UGA","UGA",202,"United States of America","USA","USA",1783,3311,"0","-","0","0","0"
1,"QOvT0n",1,5130,2021,199,"Uganda","UGA","UGA",202,"United States of America","USA","USA",1773,3646,"0","-","0","0","0"
1,"QOvT0n",1,5131,2022,199,"Uganda","UGA","UGA",202,"United States of America","USA","USA",1849,3812,"0","-","0","0","0"
1,"QOvT0n",1,5132,2023,199,"Uganda","UGA","UGA",202,"United States of America","USA","USA",1906,4424,"0","-","0","0","0"
1,"QOvT0n",1,5133,2024,199,"Uganda","UGA","UGA",202,"United States of America","USA","USA",1957,4855,"0","-","0","0","0"
1,"QOvT0n",1,5134,2025,199,"Uganda","UGA","UGA",202,"United States of America","USA","USA",1957,4855,"0","-","0","0","0"
1,"QOvT0n",1,5135,1992,200,"Ukraine","UKR","UKR",202,"United States of America","USA","USA",7,"0","0","-","0","0","0"
1,"QOvT0n",1,5136,1993,200,"Ukraine","UKR","UKR",202,"United States of America","USA","USA",61,"0","0","-","0","0","0"
1,"QOvT0n",1,5137,1994,200,"Ukraine","UKR","UKR",202,"United States of America","USA","USA",252,"0","0","-","0","0","0"
1,"QOvT0n",1,5138,1995,200,"Ukraine","UKR","UKR",202,"United States of America","USA","USA",520,"0","0","-","0","0","0"
1,"QOvT0n",1,5139,1996,200,"Ukraine","UKR","UKR",202,"United States of America","USA","USA",835,"0","0","-","0","0","0"
1,"QOvT0n",1,5140,1997,200,"Ukraine","UKR","UKR",202,"United States of America","USA","USA",1183,"0","0","-","0","0","0"
1,"QOvT0n",1,5141,1998,200,"Ukraine","UKR","UKR",202,"United States of America","USA","USA",1441,"0","0","-","0","0","0"
1,"QOvT0n",1,5142,1999,200,"Ukraine","UKR","UKR",202,"United States of America","USA","USA",10086,"0","0","-","0","0","0"
1,"QOvT0n",1,5143,2000,200,"Ukraine","UKR","UKR",202,"United States of America","USA","USA",17231,732,"0","-","0","0","0"
1,"QOvT0n",1,5144,2001,200,"Ukraine","UKR","UKR",202,"United States of America","USA","USA",24097,772,"0","-","0","0","0"
1,"QOvT0n",1,5145,2002,200,"Ukraine","UKR","UKR",202,"United States of America","USA","USA",28967,764,"0","-","0","0","0"
1,"QOvT0n",1,5146,2003,200,"Ukraine","UKR","UKR",202,"United States of America","USA","USA",33724,660,"0","-","0","0","0"
1,"QOvT0n",1,5147,2004,200,"Ukraine","UKR","UKR",202,"United States of America","USA","USA",28483,569,"0","-","0","0","0"
1,"QOvT0n",1,5148,2005,200,"Ukraine","UKR","UKR",202,"United States of America","USA","USA",24256,564,"0","-","0","0","0"
1,"QOvT0n",1,5149,2006,200,"Ukraine","UKR","UKR",202,"United States of America","USA","USA",43607,494,"0","-","0","0","0"
1,"QOvT0n",1,5150,2007,200,"Ukraine","UKR","UKR",202,"United States of America","USA","USA",1912,373,"0","-","0","0","0"
1,"QOvT0n",1,5151,2008,200,"Ukraine","UKR","UKR",202,"United States of America","USA","USA",1728,294,"0","-","0","0","0"
1,"QOvT0n",1,5152,2009,200,"Ukraine","UKR","UKR",202,"United States of America","USA","USA",1569,258,"0","-","0","0","0"
1,"QOvT0n",1,5153,2010,200,"Ukraine","UKR","UKR",202,"United States of America","USA","USA",1475,49,"0","-","0","0","0"
1,"QOvT0n",1,5154,2011,200,"Ukraine","UKR","UKR",202,"United States of America","USA","USA",1463,74,"0","-","0","0","0"
1,"QOvT0n",1,5155,2012,200,"Ukraine","UKR","UKR",202,"United States of America","USA","USA",1411,132,"0","-","0","0","0"
1,"QOvT0n",1,5156,2013,200,"Ukraine","UKR","UKR",202,"United States of America","USA","USA",1379,447,"0","-","0","0","0"
1,"QOvT0n",1,5157,2014,200,"Ukraine","UKR","UKR",202,"United States of America","USA","USA",1424,1806,"0","-","0","0","0"
1,"QOvT0n",1,5158,2015,200,"Ukraine","UKR","UKR",202,"United States of America","USA","USA",1486,3859,"0","-","0","0","0"
1,"QOvT0n",1,5159,2016,200,"Ukraine","UKR","UKR",202,"United States of America","USA","USA",1573,5985,"0","-","0","0","0"
1,"QOvT0n",1,5160,2017,200,"Ukraine","UKR","UKR",202,"United States of America","USA","USA",1812,7574,"0","-","0","0","0"
1,"QOvT0n",1,5161,2018,200,"Ukraine","UKR","UKR",202,"United States of America","USA","USA",2270,7661,"0","-","0","0","0"
1,"QOvT0n",1,5162,2019,200,"Ukraine","UKR","UKR",202,"United States of America","USA","USA",2580,7817,"0","-","0","0","0"
1,"QOvT0n",1,5163,2020,200,"Ukraine","UKR","UKR",202,"United States of America","USA","USA",2581,8222,"0","-","0","0","0"
1,"QOvT0n",1,5164,2021,200,"Ukraine","UKR","UKR",202,"United States of America","USA","USA",2608,11404,"0","-","0","0","0"
1,"QOvT0n",1,5165,2022,200,"Ukraine","UKR","UKR",202,"United States of America","USA","USA",3063,12369,"0","-","0","0","0"
1,"QOvT0n",1,5166,2023,200,"Ukraine","UKR","UKR",202,"United States of America","USA","USA",3299,17773,"0","-","0","0","0"
1,"QOvT0n",1,5167,2024,200,"Ukraine","UKR","UKR",202,"United States of America","USA","USA",3397,18658,"0","-","0","0","0"
1,"QOvT0n",1,5168,2025,200,"Ukraine","UKR","UKR",202,"United States of America","USA","USA",3397,18658,"0","-","0","0","0"
1,"QOvT0n",1,5169,2000,201,"Uruguay","URU","URY",202,"United States of America","USA","USA","0",11,"0","-","0","0","0"
1,"QOvT0n",1,5170,2001,201,"Uruguay","URU","URY",202,"United States of America","USA","USA","0",29,"0","-","0","0","0"
1,"QOvT0n",1,5171,2002,201,"Uruguay","URU","URY",202,"United States of America","USA","USA",5,31,"0","-","0","0","0"
1,"QOvT0n",1,5172,2003,201,"Uruguay","URU","URY",202,"United States of America","USA","USA",5,75,"0","-","0","0","0"
1,"QOvT0n",1,5173,2004,201,"Uruguay","URU","URY",202,"United States of America","USA","USA",8,42,"0","-","0","0","0"
1,"QOvT0n",1,5174,2005,201,"Uruguay","URU","URY",202,"United States of America","USA","USA",13,36,"0","-","0","0","0"
1,"QOvT0n",1,5175,2006,201,"Uruguay","URU","URY",202,"United States of America","USA","USA",16,27,"0","-","0","0","0"
1,"QOvT0n",1,5176,2007,201,"Uruguay","URU","URY",202,"United States of America","USA","USA",16,13,"0","-","0","0","0"
1,"QOvT0n",1,5177,2008,201,"Uruguay","URU","URY",202,"United States of America","USA","USA",18,11,"0","-","0","0","0"
1,"QOvT0n",1,5178,2009,201,"Uruguay","URU","URY",202,"United States of America","USA","USA",18,6,"0","-","0","0","0"
1,"QOvT0n",1,5179,2010,201,"Uruguay","URU","URY",202,"United States of America","USA","USA",18,"0","0","-","0","0","0"
1,"QOvT0n",1,5180,2011,201,"Uruguay","URU","URY",202,"United States of America","USA","USA",17,"0","0","-","0","0","0"
1,"QOvT0n",1,5181,2012,201,"Uruguay","URU","URY",202,"United States of America","USA","USA",15,5,"0","-","0","0","0"
1,"QOvT0n",1,5182,2013,201,"Uruguay","URU","URY",202,"United States of America","USA","USA",13,15,"0","-","0","0","0"
1,"QOvT0n",1,5183,2014,201,"Uruguay","URU","URY",202,"United States of America","USA","USA",8,42,"0","-","0","0","0"
1,"QOvT0n",1,5184,2015,201,"Uruguay","URU","URY",202,"United States of America","USA","USA",6,52,"0","-","0","0","0"
1,"QOvT0n",1,5185,2016,201,"Uruguay","URU","URY",202,"United States of America","USA","USA",5,77,"0","-","0","0","0"
1,"QOvT0n",1,5186,2017,201,"Uruguay","URU","URY",202,"United States of America","USA","USA",5,118,"0","-","0","0","0"
1,"QOvT0n",1,5187,2018,201,"Uruguay","URU","URY",202,"United States of America","USA","USA","0",116,"0","-","0","0","0"
1,"QOvT0n",1,5188,2019,201,"Uruguay","URU","URY",202,"United States of America","USA","USA",5,123,"0","-","0","0","0"
1,"QOvT0n",1,5189,2020,201,"Uruguay","URU","URY",202,"United States of America","USA","USA",5,131,"0","-","0","0","0"
1,"QOvT0n",1,5190,2021,201,"Uruguay","URU","URY",202,"United States of America","USA","USA",5,189,"0","-","0","0","0"
1,"QOvT0n",1,5191,2022,201,"Uruguay","URU","URY",202,"United States of America","USA","USA",5,312,"0","-","0","0","0"
1,"QOvT0n",1,5192,2023,201,"Uruguay","URU","URY",202,"United States of America","USA","USA",5,443,"0","-","0","0","0"
1,"QOvT0n",1,5193,2024,201,"Uruguay","URU","URY",202,"United States of America","USA","USA",5,526,"0","-","0","0","0"
1,"QOvT0n",1,5194,2025,201,"Uruguay","URU","URY",202,"United States of America","USA","USA",5,526,"0","-","0","0","0"
1,"QOvT0n",1,5195,1995,203,"Uzbekistan","UZB","UZB",202,"United States of America","USA","USA",64,"0","0","-","0","0","0"
1,"QOvT0n",1,5196,1996,203,"Uzbekistan","UZB","UZB",202,"United States of America","USA","USA",119,"0","0","-","0","0","0"
1,"QOvT0n",1,5197,1997,203,"Uzbekistan","UZB","UZB",202,"United States of America","USA","USA",169,"0","0","-","0","0","0"
1,"QOvT0n",1,5198,1998,203,"Uzbekistan","UZB","UZB",202,"United States of America","USA","USA",240,"0","0","-","0","0","0"
1,"QOvT0n",1,5199,1999,203,"Uzbekistan","UZB","UZB",202,"United States of America","USA","USA",1108,"0","0","-","0","0","0"
1,"QOvT0n",1,5200,2000,203,"Uzbekistan","UZB","UZB",202,"United States of America","USA","USA",1853,134,"0","-","0","0","0"
1,"QOvT0n",1,5201,2001,203,"Uzbekistan","UZB","UZB",202,"United States of America","USA","USA",2634,209,"0","-","0","0","0"
1,"QOvT0n",1,5202,2002,203,"Uzbekistan","UZB","UZB",202,"United States of America","USA","USA",3161,340,"0","-","0","0","0"
1,"QOvT0n",1,5203,2003,203,"Uzbekistan","UZB","UZB",202,"United States of America","USA","USA",3260,440,"0","-","0","0","0"
1,"QOvT0n",1,5204,2004,203,"Uzbekistan","UZB","UZB",202,"United States of America","USA","USA",3016,449,"0","-","0","0","0"
1,"QOvT0n",1,5205,2005,203,"Uzbekistan","UZB","UZB",202,"United States of America","USA","USA",2810,475,"0","-","0","0","0"
1,"QOvT0n",1,5206,2006,203,"Uzbekistan","UZB","UZB",202,"United States of America","USA","USA",5202,462,"0","-","0","0","0"
1,"QOvT0n",1,5207,2007,203,"Uzbekistan","UZB","UZB",202,"United States of America","USA","USA",1422,345,"0","-","0","0","0"
1,"QOvT0n",1,5208,2008,203,"Uzbekistan","UZB","UZB",202,"United States of America","USA","USA",1567,277,"0","-","0","0","0"
1,"QOvT0n",1,5209,2009,203,"Uzbekistan","UZB","UZB",202,"United States of America","USA","USA",1697,246,"0","-","0","0","0"
1,"QOvT0n",1,5210,2010,203,"Uzbekistan","UZB","UZB",202,"United States of America","USA","USA",1712,50,"0","-","0","0","0"
1,"QOvT0n",1,5211,2011,203,"Uzbekistan","UZB","UZB",202,"United States of America","USA","USA",1738,57,"0","-","0","0","0"
1,"QOvT0n",1,5212,2012,203,"Uzbekistan","UZB","UZB",202,"United States of America","USA","USA",1687,86,"0","-","0","0","0"
1,"QOvT0n",1,5213,2013,203,"Uzbekistan","UZB","UZB",202,"United States of America","USA","USA",1596,350,"0","-","0","0","0"
1,"QOvT0n",1,5214,2014,203,"Uzbekistan","UZB","UZB",202,"United States of America","USA","USA",1497,753,"0","-","0","0","0"
1,"QOvT0n",1,5215,2015,203,"Uzbekistan","UZB","UZB",202,"United States of America","USA","USA",1431,990,"0","-","0","0","0"
1,"QOvT0n",1,5216,2016,203,"Uzbekistan","UZB","UZB",202,"United States of America","USA","USA",1298,1259,"0","-","0","0","0"
1,"QOvT0n",1,5217,2017,203,"Uzbekistan","UZB","UZB",202,"United States of America","USA","USA",1210,1614,"0","-","0","0","0"
1,"QOvT0n",1,5218,2018,203,"Uzbekistan","UZB","UZB",202,"United States of America","USA","USA",1246,1893,"0","-","0","0","0"
1,"QOvT0n",1,5219,2019,203,"Uzbekistan","UZB","UZB",202,"United States of America","USA","USA",1317,2156,"0","-","0","0","0"
1,"QOvT0n",1,5220,2020,203,"Uzbekistan","UZB","UZB",202,"United States of America","USA","USA",1282,2458,"0","-","0","0","0"
1,"QOvT0n",1,5221,2021,203,"Uzbekistan","UZB","UZB",202,"United States of America","USA","USA",1219,3447,"0","-","0","0","0"
1,"QOvT0n",1,5222,2022,203,"Uzbekistan","UZB","UZB",202,"United States of America","USA","USA",1415,6758,"0","-","0","0","0"
1,"QOvT0n",1,5223,2023,203,"Uzbekistan","UZB","UZB",202,"United States of America","USA","USA",1643,14399,"0","-","0","0","0"
1,"QOvT0n",1,5224,2024,203,"Uzbekistan","UZB","UZB",202,"United States of America","USA","USA",1804,19744,"0","-","0","0","0"
1,"QOvT0n",1,5225,2025,203,"Uzbekistan","UZB","UZB",202,"United States of America","USA","USA",1804,19744,"0","-","0","0","0"
1,"QOvT0n",1,5226,2018,204,"Vanuatu","VAN","VUT",202,"United States of America","USA","USA","0",12,"0","-","0","0","0"
1,"QOvT0n",1,5227,2019,204,"Vanuatu","VAN","VUT",202,"United States of America","USA","USA","0",9,"0","-","0","0","0"
1,"QOvT0n",1,5228,2020,204,"Vanuatu","VAN","VUT",202,"United States of America","USA","USA","0",20,"0","-","0","0","0"
1,"QOvT0n",1,5229,2021,204,"Vanuatu","VAN","VUT",202,"United States of America","USA","USA","0",23,"0","-","0","0","0"
1,"QOvT0n",1,5230,2022,204,"Vanuatu","VAN","VUT",202,"United States of America","USA","USA",5,57,"0","-","0","0","0"
1,"QOvT0n",1,5231,2023,204,"Vanuatu","VAN","VUT",202,"United States of America","USA","USA",5,41,"0","-","0","0","0"
1,"QOvT0n",1,5232,2024,204,"Vanuatu","VAN","VUT",202,"United States of America","USA","USA",5,42,"0","-","0","0","0"
1,"QOvT0n",1,5233,2025,204,"Vanuatu","VAN","VUT",202,"United States of America","USA","USA",5,42,"0","-","0","0","0"
1,"QOvT0n",1,5234,2022,205,"Holy See","VAT","VAT",202,"United States of America","USA","USA","0",5,"0","-","0","0","0"
1,"QOvT0n",1,5235,2004,206,"Saint Vincent and the Grenadines","VCT","VCT",202,"United States of America","USA","USA","0",5,"0","-","0","0","0"
1,"QOvT0n",1,5236,2010,206,"Saint Vincent and the Grenadines","VCT","VCT",202,"United States of America","USA","USA",5,"0","0","-","0","0","0"
1,"QOvT0n",1,5237,2011,206,"Saint Vincent and the Grenadines","VCT","VCT",202,"United States of America","USA","USA",5,"0","0","-","0","0","0"
1,"QOvT0n",1,5238,2012,206,"Saint Vincent and the Grenadines","VCT","VCT",202,"United States of America","USA","USA",5,"0","0","-","0","0","0"
1,"QOvT0n",1,5239,2013,206,"Saint Vincent and the Grenadines","VCT","VCT",202,"United States of America","USA","USA",5,"0","0","-","0","0","0"
1,"QOvT0n",1,5240,2014,206,"Saint Vincent and the Grenadines","VCT","VCT",202,"United States of America","USA","USA",5,5,"0","-","0","0","0"
1,"QOvT0n",1,5241,2015,206,"Saint Vincent and the Grenadines","VCT","VCT",202,"United States of America","USA","USA",31,11,"0","-","0","0","0"
1,"QOvT0n",1,5242,2016,206,"Saint Vincent and the Grenadines","VCT","VCT",202,"United States of America","USA","USA",31,7,"0","-","0","0","0"
1,"QOvT0n",1,5243,2017,206,"Saint Vincent and the Grenadines","VCT","VCT",202,"United States of America","USA","USA",31,17,"0","-","0","0","0"
1,"QOvT0n",1,5244,2018,206,"Saint Vincent and the Grenadines","VCT","VCT",202,"United States of America","USA","USA",31,25,"0","-","0","0","0"
1,"QOvT0n",1,5245,2019,206,"Saint Vincent and the Grenadines","VCT","VCT",202,"United States of America","USA","USA",32,20,"0","-","0","0","0"
1,"QOvT0n",1,5246,2020,206,"Saint Vincent and the Grenadines","VCT","VCT",202,"United States of America","USA","USA",30,17,"0","-","0","0","0"
1,"QOvT0n",1,5247,2021,206,"Saint Vincent and the Grenadines","VCT","VCT",202,"United States of America","USA","USA",30,19,"0","-","0","0","0"
1,"QOvT0n",1,5248,2022,206,"Saint Vincent and the Grenadines","VCT","VCT",202,"United States of America","USA","USA",30,20,"0","-","0","0","0"
1,"QOvT0n",1,5249,2023,206,"Saint Vincent and the Grenadines","VCT","VCT",202,"United States of America","USA","USA",30,21,"0","-","0","0","0"
1,"QOvT0n",1,5250,2024,206,"Saint Vincent and the Grenadines","VCT","VCT",202,"United States of America","USA","USA",30,22,"0","-","0","0","0"
1,"QOvT0n",1,5251,2025,206,"Saint Vincent and the Grenadines","VCT","VCT",202,"United States of America","USA","USA",30,22,"0","-","0","0","0"
1,"QOvT0n",1,5252,1996,207,"Venezuela (Bolivarian Republic of)","VEN","VEN",202,"United States of America","USA","USA",5,"0","0","-","0","0","0"
1,"QOvT0n",1,5253,1997,207,"Venezuela (Bolivarian Republic of)","VEN","VEN",202,"United States of America","USA","USA",11,"0","0","-","0","0","0"
1,"QOvT0n",1,5254,1998,207,"Venezuela (Bolivarian Republic of)","VEN","VEN",202,"United States of America","USA","USA",30,"0","0","-","0","0","0"
1,"QOvT0n",1,5255,1999,207,"Venezuela (Bolivarian Republic of)","VEN","VEN",202,"United States of America","USA","USA",51,"0","0","-","0","0","0"
1,"QOvT0n",1,5256,2000,207,"Venezuela (Bolivarian Republic of)","VEN","VEN",202,"United States of America","USA","USA",54,45,"0","-","0","0","0"
1,"QOvT0n",1,5257,2001,207,"Venezuela (Bolivarian Republic of)","VEN","VEN",202,"United States of America","USA","USA","0",144,"0","-","0","0","0"
1,"QOvT0n",1,5258,2002,207,"Venezuela (Bolivarian Republic of)","VEN","VEN",202,"United States of America","USA","USA",189,381,"0","-","0","0","0"
1,"QOvT0n",1,5259,2003,207,"Venezuela (Bolivarian Republic of)","VEN","VEN",202,"United States of America","USA","USA",318,1257,"0","-","0","0","0"
1,"QOvT0n",1,5260,2004,207,"Venezuela (Bolivarian Republic of)","VEN","VEN",202,"United States of America","USA","USA",983,2369,"0","-","0","0","0"
1,"QOvT0n",1,5261,2005,207,"Venezuela (Bolivarian Republic of)","VEN","VEN",202,"United States of America","USA","USA",2201,2687,"0","-","0","0","0"
1,"QOvT0n",1,5262,2006,207,"Venezuela (Bolivarian Republic of)","VEN","VEN",202,"United States of America","USA","USA",3186,2242,"0","-","0","0","0"
1,"QOvT0n",1,5263,2007,207,"Venezuela (Bolivarian Republic of)","VEN","VEN",202,"United States of America","USA","USA",3989,1531,"0","-","0","0","0"
1,"QOvT0n",1,5264,2008,207,"Venezuela (Bolivarian Republic of)","VEN","VEN",202,"United States of America","USA","USA",4718,1179,"0","-","0","0","0"
1,"QOvT0n",1,5265,2009,207,"Venezuela (Bolivarian Republic of)","VEN","VEN",202,"United States of America","USA","USA",5170,1093,"0","-","0","0","0"
1,"QOvT0n",1,5266,2010,207,"Venezuela (Bolivarian Republic of)","VEN","VEN",202,"United States of America","USA","USA",5675,135,"0","-","0","0","0"
1,"QOvT0n",1,5267,2011,207,"Venezuela (Bolivarian Republic of)","VEN","VEN",202,"United States of America","USA","USA",6441,241,"0","-","0","0","0"
1,"QOvT0n",1,5268,2012,207,"Venezuela (Bolivarian Republic of)","VEN","VEN",202,"United States of America","USA","USA",6995,223,"0","-","0","0","0"
1,"QOvT0n",1,5269,2013,207,"Venezuela (Bolivarian Republic of)","VEN","VEN",202,"United States of America","USA","USA",7156,904,"0","-","0","0","0"
1,"QOvT0n",1,5270,2014,207,"Venezuela (Bolivarian Republic of)","VEN","VEN",202,"United States of America","USA","USA",6693,4017,"0","-","0","0","0"
1,"QOvT0n",1,5271,2015,207,"Venezuela (Bolivarian Republic of)","VEN","VEN",202,"United States of America","USA","USA",6193,11145,"0","-","0","0","0"
1,"QOvT0n",1,5272,2016,207,"Venezuela (Bolivarian Republic of)","VEN","VEN",202,"United States of America","USA","USA",5519,29105,"0","-","0","0","0"
1,"QOvT0n",1,5273,2017,207,"Venezuela (Bolivarian Republic of)","VEN","VEN",202,"United States of America","USA","USA",5402,58811,"0","-","0","0","0"
1,"QOvT0n",1,5274,2018,207,"Venezuela (Bolivarian Republic of)","VEN","VEN",202,"United States of America","USA","USA",11259,81800,"0","-","0","0","0"
1,"QOvT0n",1,5275,2019,207,"Venezuela (Bolivarian Republic of)","VEN","VEN",202,"United States of America","USA","USA",15706,104989,"0","-","0","0","0"
1,"QOvT0n",1,5276,2020,207,"Venezuela (Bolivarian Republic of)","VEN","VEN",202,"United States of America","USA","USA",17292,129667,"0","-","0","0","0"
1,"QOvT0n",1,5277,2021,207,"Venezuela (Bolivarian Republic of)","VEN","VEN",202,"United States of America","USA","USA",18735,246745,"0","-","0","0","0"
1,"QOvT0n",1,5278,2022,207,"Venezuela (Bolivarian Republic of)","VEN","VEN",202,"United States of America","USA","USA",22583,371386,"0","-","0","0","0"
1,"QOvT0n",1,5279,2023,207,"Venezuela (Bolivarian Republic of)","VEN","VEN",202,"United States of America","USA","USA",26326,523843,"0","-","0","0","0"
1,"QOvT0n",1,5280,2024,207,"Venezuela (Bolivarian Republic of)","VEN","VEN",202,"United States of America","USA","USA",28128,620074,"0","-","0","0","0"
1,"QOvT0n",1,5281,2025,207,"Venezuela (Bolivarian Republic of)","VEN","VEN",202,"United States of America","USA","USA",28128,620074,"0","-","0","0","0"
1,"QOvT0n",1,5282,2021,208,"Samoa","WES","WSM",202,"United States of America","USA","USA","0",5,"0","-","0","0","0"
1,"QOvT0n",1,5283,2022,208,"Samoa","WES","WSM",202,"United States of America","USA","USA","0",5,"0","-","0","0","0"
1,"QOvT0n",1,5284,2023,208,"Samoa","WES","WSM",202,"United States of America","USA","USA","0",10,"0","-","0","0","0"
1,"QOvT0n",1,5285,2024,208,"Samoa","WES","WSM",202,"United States of America","USA","USA","0",10,"0","-","0","0","0"
1,"QOvT0n",1,5286,2025,208,"Samoa","WES","WSM",202,"United States of America","USA","USA","0",10,"0","-","0","0","0"
1,"QOvT0n",1,5287,2022,210,"Western Sahara","WSH","ESH",202,"United States of America","USA","USA","0",5,"0","-","0","0","0"
1,"QOvT0n",1,5288,2023,210,"Western Sahara","WSH","ESH",202,"United States of America","USA","USA","0",17,"0","-","0","0","0"
1,"QOvT0n",1,5289,2024,210,"Western Sahara","WSH","ESH",202,"United States of America","USA","USA","0",44,"0","-","0","0","0"
1,"QOvT0n",1,5290,2025,210,"Western Sahara","WSH","ESH",202,"United States of America","USA","USA","0",44,"0","-","0","0","0"
1,"QOvT0n",1,5291,1994,211,"Yemen","YEM","YEM",202,"United States of America","USA","USA",13,"0","0","-","0","0","0"
1,"QOvT0n",1,5292,1995,211,"Yemen","YEM","YEM",202,"United States of America","USA","USA",58,"0","0","-","0","0","0"
1,"QOvT0n",1,5293,1996,211,"Yemen","YEM","YEM",202,"United States of America","USA","USA",104,"0","0","-","0","0","0"
1,"QOvT0n",1,5294,1997,211,"Yemen","YEM","YEM",202,"United States of America","USA","USA",149,"0","0","-","0","0","0"
1,"QOvT0n",1,5295,1998,211,"Yemen","YEM","YEM",202,"United States of America","USA","USA",199,"0","0","-","0","0","0"
1,"QOvT0n",1,5296,1999,211,"Yemen","YEM","YEM",202,"United States of America","USA","USA",240,"0","0","-","0","0","0"
1,"QOvT0n",1,5297,2000,211,"Yemen","YEM","YEM",202,"United States of America","USA","USA",263,210,"0","-","0","0","0"
1,"QOvT0n",1,5298,2001,211,"Yemen","YEM","YEM",202,"United States of America","USA","USA",235,211,"0","-","0","0","0"
1,"QOvT0n",1,5299,2002,211,"Yemen","YEM","YEM",202,"United States of America","USA","USA",229,184,"0","-","0","0","0"
1,"QOvT0n",1,5300,2003,211,"Yemen","YEM","YEM",202,"United States of America","USA","USA",172,168,"0","-","0","0","0"
1,"QOvT0n",1,5301,2004,211,"Yemen","YEM","YEM",202,"United States of America","USA","USA",183,153,"0","-","0","0","0"
1,"QOvT0n",1,5302,2005,211,"Yemen","YEM","YEM",202,"United States of America","USA","USA",170,131,"0","-","0","0","0"
1,"QOvT0n",1,5303,2006,211,"Yemen","YEM","YEM",202,"United States of America","USA","USA",359,96,"0","-","0","0","0"
1,"QOvT0n",1,5304,2007,211,"Yemen","YEM","YEM",202,"United States of America","USA","USA",348,61,"0","-","0","0","0"
1,"QOvT0n",1,5305,2008,211,"Yemen","YEM","YEM",202,"United States of America","USA","USA",331,39,"0","-","0","0","0"
1,"QOvT0n",1,5306,2009,211,"Yemen","YEM","YEM",202,"United States of America","USA","USA",355,36,"0","-","0","0","0"
1,"QOvT0n",1,5307,2010,211,"Yemen","YEM","YEM",202,"United States of America","USA","USA",328,29,"0","-","0","0","0"
1,"QOvT0n",1,5308,2011,211,"Yemen","YEM","YEM",202,"United States of America","USA","USA",339,30,"0","-","0","0","0"
1,"QOvT0n",1,5309,2012,211,"Yemen","YEM","YEM",202,"United States of America","USA","USA",343,46,"0","-","0","0","0"
1,"QOvT0n",1,5310,2013,211,"Yemen","YEM","YEM",202,"United States of America","USA","USA",356,130,"0","-","0","0","0"
1,"QOvT0n",1,5311,2014,211,"Yemen","YEM","YEM",202,"United States of America","USA","USA",410,278,"0","-","0","0","0"
1,"QOvT0n",1,5312,2015,211,"Yemen","YEM","YEM",202,"United States of America","USA","USA",457,661,"0","-","0","0","0"
1,"QOvT0n",1,5313,2016,211,"Yemen","YEM","YEM",202,"United States of America","USA","USA",509,842,"0","-","0","0","0"
1,"QOvT0n",1,5314,2017,211,"Yemen","YEM","YEM",202,"United States of America","USA","USA",549,908,"0","-","0","0","0"
1,"QOvT0n",1,5315,2018,211,"Yemen","YEM","YEM",202,"United States of America","USA","USA",606,800,"0","-","0","0","0"
1,"QOvT0n",1,5316,2019,211,"Yemen","YEM","YEM",202,"United States of America","USA","USA",692,811,"0","-","0","0","0"
1,"QOvT0n",1,5317,2020,211,"Yemen","YEM","YEM",202,"United States of America","USA","USA",705,830,"0","-","0","0","0"
1,"QOvT0n",1,5318,2021,211,"Yemen","YEM","YEM",202,"United States of America","USA","USA",679,1121,"0","-","0","0","0"
1,"QOvT0n",1,5319,2022,211,"Yemen","YEM","YEM",202,"United States of America","USA","USA",701,1029,"0","-","0","0","0"
1,"QOvT0n",1,5320,2023,211,"Yemen","YEM","YEM",202,"United States of America","USA","USA",742,1399,"0","-","0","0","0"
1,"QOvT0n",1,5321,2024,211,"Yemen","YEM","YEM",202,"United States of America","USA","USA",747,1732,"0","-","0","0","0"
1,"QOvT0n",1,5322,2025,211,"Yemen","YEM","YEM",202,"United States of America","USA","USA",747,1732,"0","-","0","0","0"
1,"QOvT0n",1,5323,1995,213,"Zambia","ZAM","ZMB",202,"United States of America","USA","USA",5,"0","0","-","0","0","0"
1,"QOvT0n",1,5324,1996,213,"Zambia","ZAM","ZMB",202,"United States of America","USA","USA",7,"0","0","-","0","0","0"
1,"QOvT0n",1,5325,1997,213,"Zambia","ZAM","ZMB",202,"United States of America","USA","USA",16,"0","0","-","0","0","0"
1,"QOvT0n",1,5326,1998,213,"Zambia","ZAM","ZMB",202,"United States of America","USA","USA",23,"0","0","-","0","0","0"
1,"QOvT0n",1,5327,1999,213,"Zambia","ZAM","ZMB",202,"United States of America","USA","USA",27,"0","0","-","0","0","0"
1,"QOvT0n",1,5328,2000,213,"Zambia","ZAM","ZMB",202,"United States of America","USA","USA",34,16,"0","-","0","0","0"
1,"QOvT0n",1,5329,2001,213,"Zambia","ZAM","ZMB",202,"United States of America","USA","USA","0",21,"0","-","0","0","0"
1,"QOvT0n",1,5330,2002,213,"Zambia","ZAM","ZMB",202,"United States of America","USA","USA",38,43,"0","-","0","0","0"
1,"QOvT0n",1,5331,2003,213,"Zambia","ZAM","ZMB",202,"United States of America","USA","USA",39,62,"0","-","0","0","0"
1,"QOvT0n",1,5332,2004,213,"Zambia","ZAM","ZMB",202,"United States of America","USA","USA",47,78,"0","-","0","0","0"
1,"QOvT0n",1,5333,2005,213,"Zambia","ZAM","ZMB",202,"United States of America","USA","USA",67,74,"0","-","0","0","0"
1,"QOvT0n",1,5334,2006,213,"Zambia","ZAM","ZMB",202,"United States of America","USA","USA",101,55,"0","-","0","0","0"
1,"QOvT0n",1,5335,2007,213,"Zambia","ZAM","ZMB",202,"United States of America","USA","USA",106,18,"0","-","0","0","0"
1,"QOvT0n",1,5336,2008,213,"Zambia","ZAM","ZMB",202,"United States of America","USA","USA",102,7,"0","-","0","0","0"
1,"QOvT0n",1,5337,2009,213,"Zambia","ZAM","ZMB",202,"United States of America","USA","USA",104,7,"0","-","0","0","0"
1,"QOvT0n",1,5338,2010,213,"Zambia","ZAM","ZMB",202,"United States of America","USA","USA",103,"0","0","-","0","0","0"
1,"QOvT0n",1,5339,2011,213,"Zambia","ZAM","ZMB",202,"United States of America","USA","USA",105,"0","0","-","0","0","0"
1,"QOvT0n",1,5340,2012,213,"Zambia","ZAM","ZMB",202,"United States of America","USA","USA",96,"0","0","-","0","0","0"
1,"QOvT0n",1,5341,2013,213,"Zambia","ZAM","ZMB",202,"United States of America","USA","USA",82,12,"0","-","0","0","0"
1,"QOvT0n",1,5342,2014,213,"Zambia","ZAM","ZMB",202,"United States of America","USA","USA",70,17,"0","-","0","0","0"
1,"QOvT0n",1,5343,2015,213,"Zambia","ZAM","ZMB",202,"United States of America","USA","USA",54,25,"0","-","0","0","0"
1,"QOvT0n",1,5344,2016,213,"Zambia","ZAM","ZMB",202,"United States of America","USA","USA",44,40,"0","-","0","0","0"
1,"QOvT0n",1,5345,2017,213,"Zambia","ZAM","ZMB",202,"United States of America","USA","USA",44,66,"0","-","0","0","0"
1,"QOvT0n",1,5346,2018,213,"Zambia","ZAM","ZMB",202,"United States of America","USA","USA",46,142,"0","-","0","0","0"
1,"QOvT0n",1,5347,2019,213,"Zambia","ZAM","ZMB",202,"United States of America","USA","USA",51,86,"0","-","0","0","0"
1,"QOvT0n",1,5348,2020,213,"Zambia","ZAM","ZMB",202,"United States of America","USA","USA",45,119,"0","-","0","0","0"
1,"QOvT0n",1,5349,2021,213,"Zambia","ZAM","ZMB",202,"United States of America","USA","USA",40,178,"0","-","0","0","0"
1,"QOvT0n",1,5350,2022,213,"Zambia","ZAM","ZMB",202,"United States of America","USA","USA",35,223,"0","-","0","0","0"
1,"QOvT0n",1,5351,2023,213,"Zambia","ZAM","ZMB",202,"United States of America","USA","USA",35,362,"0","-","0","0","0"
1,"QOvT0n",1,5352,2024,213,"Zambia","ZAM","ZMB",202,"United States of America","USA","USA",35,518,"0","-","0","0","0"
1,"QOvT0n",1,5353,2025,213,"Zambia","ZAM","ZMB",202,"United States of America","USA","USA",35,518,"0","-","0","0","0"
1,"QOvT0n",1,5354,1996,214,"Zimbabwe","ZIM","ZWE",202,"United States of America","USA","USA",5,"0","0","-","0","0","0"
1,"QOvT0n",1,5355,1997,214,"Zimbabwe","ZIM","ZWE",202,"United States of America","USA","USA",11,"0","0","-","0","0","0"
1,"QOvT0n",1,5356,1998,214,"Zimbabwe","ZIM","ZWE",202,"United States of America","USA","USA",11,"0","0","-","0","0","0"
1,"QOvT0n",1,5357,1999,214,"Zimbabwe","ZIM","ZWE",202,"United States of America","USA","USA",11,"0","0","-","0","0","0"
1,"QOvT0n",1,5358,2000,214,"Zimbabwe","ZIM","ZWE",202,"United States of America","USA","USA",17,6,"0","-","0","0","0"
1,"QOvT0n",1,5359,2001,214,"Zimbabwe","ZIM","ZWE",202,"United States of America","USA","USA","0",59,"0","-","0","0","0"
1,"QOvT0n",1,5360,2002,214,"Zimbabwe","ZIM","ZWE",202,"United States of America","USA","USA",139,219,"0","-","0","0","0"
1,"QOvT0n",1,5361,2003,214,"Zimbabwe","ZIM","ZWE",202,"United States of America","USA","USA",270,363,"0","-","0","0","0"
1,"QOvT0n",1,5362,2004,214,"Zimbabwe","ZIM","ZWE",202,"United States of America","USA","USA",481,514,"0","-","0","0","0"
1,"QOvT0n",1,5363,2005,214,"Zimbabwe","ZIM","ZWE",202,"United States of America","USA","USA",891,469,"0","-","0","0","0"
1,"QOvT0n",1,5364,2006,214,"Zimbabwe","ZIM","ZWE",202,"United States of America","USA","USA",1025,436,"0","-","0","0","0"
1,"QOvT0n",1,5365,2007,214,"Zimbabwe","ZIM","ZWE",202,"United States of America","USA","USA",1207,251,"0","-","0","0","0"
1,"QOvT0n",1,5366,2008,214,"Zimbabwe","ZIM","ZWE",202,"United States of America","USA","USA",1437,281,"0","-","0","0","0"
1,"QOvT0n",1,5367,2009,214,"Zimbabwe","ZIM","ZWE",202,"United States of America","USA","USA",1666,227,"0","-","0","0","0"
1,"QOvT0n",1,5368,2010,214,"Zimbabwe","ZIM","ZWE",202,"United States of America","USA","USA",1782,15,"0","-","0","0","0"
1,"QOvT0n",1,5369,2011,214,"Zimbabwe","ZIM","ZWE",202,"United States of America","USA","USA",1876,34,"0","-","0","0","0"
1,"QOvT0n",1,5370,2012,214,"Zimbabwe","ZIM","ZWE",202,"United States of America","USA","USA",1866,39,"0","-","0","0","0"
1,"QOvT0n",1,5371,2013,214,"Zimbabwe","ZIM","ZWE",202,"United States of America","USA","USA",1711,98,"0","-","0","0","0"
1,"QOvT0n",1,5372,2014,214,"Zimbabwe","ZIM","ZWE",202,"United States of America","USA","USA",1492,280,"0","-","0","0","0"
1,"QOvT0n",1,5373,2015,214,"Zimbabwe","ZIM","ZWE",202,"United States of America","USA","USA",1316,261,"0","-","0","0","0"
1,"QOvT0n",1,5374,2016,214,"Zimbabwe","ZIM","ZWE",202,"United States of America","USA","USA",1163,573,"0","-","0","0","0"
1,"QOvT0n",1,5375,2017,214,"Zimbabwe","ZIM","ZWE",202,"United States of America","USA","USA",1049,768,"0","-","0","0","0"
1,"QOvT0n",1,5376,2018,214,"Zimbabwe","ZIM","ZWE",202,"United States of America","USA","USA",916,783,"0","-","0","0","0"
1,"QOvT0n",1,5377,2019,214,"Zimbabwe","ZIM","ZWE",202,"United States of America","USA","USA",825,867,"0","-","0","0","0"
1,"QOvT0n",1,5378,2020,214,"Zimbabwe","ZIM","ZWE",202,"United States of America","USA","USA",756,1041,"0","-","0","0","0"
1,"QOvT0n",1,5379,2021,214,"Zimbabwe","ZIM","ZWE",202,"United States of America","USA","USA",691,1261,"0","-","0","0","0"
1,"QOvT0n",1,5380,2022,214,"Zimbabwe","ZIM","ZWE",202,"United States of America","USA","USA",680,1475,"0","-","0","0","0"
1,"QOvT0n",1,5381,2023,214,"Zimbabwe","ZIM","ZWE",202,"United States of America","USA","USA",672,2305,"0","-","0","0","0"
1,"QOvT0n",1,5382,2024,214,"Zimbabwe","ZIM","ZWE",202,"United States of America","USA","USA",676,3037,"0","-","0","0","0"
1,"QOvT0n",1,5383,2025,214,"Zimbabwe","ZIM","ZWE",202,"United States of America","USA","USA",676,3037,"0","-","0","0","0"
1,"QOvT0n",1,5384,1994,216,"Stateless","STA","XXA",202,"United States of America","USA","USA",10,"0","0","-","0","0","0"
1,"QOvT0n",1,5385,1995,216,"Stateless","STA","XXA",202,"United States of America","USA","USA",11,"0","0","-","0","0","0"
1,"QOvT0n",1,5386,1996,216,"Stateless","STA","XXA",202,"United States of America","USA","USA",18,"0","0","-","0","0","0"
1,"QOvT0n",1,5387,1998,216,"Stateless","STA","XXA",202,"United States of America","USA","USA",110,"0","0","-","0","0","0"
1,"QOvT0n",1,5388,1999,216,"Stateless","STA","XXA",202,"United States of America","USA","USA",206,"0","0","-","0","0","0"
1,"QOvT0n",1,5389,2000,216,"Stateless","STA","XXA",202,"United States of America","USA","USA",301,191,"0","-","0","0","0"
1,"QOvT0n",1,5390,2001,216,"Stateless","STA","XXA",202,"United States of America","USA","USA",96,178,"0","-","0","0","0"
1,"QOvT0n",1,5391,2002,216,"Stateless","STA","XXA",202,"United States of America","USA","USA",245,214,"0","-","0","0","0"
1,"QOvT0n",1,5392,2003,216,"Stateless","STA","XXA",202,"United States of America","USA","USA",373,281,"0","-","0","0","0"
1,"QOvT0n",1,5393,2004,216,"Stateless","STA","XXA",202,"United States of America","USA","USA",478,279,"0","-","0","0","0"
1,"QOvT0n",1,5394,2005,216,"Stateless","STA","XXA",202,"United States of America","USA","USA",662,316,"0","-","0","0","0"
1,"QOvT0n",1,5395,2006,216,"Stateless","STA","XXA",202,"United States of America","USA","USA",1138,256,"0","-","0","0","0"
1,"QOvT0n",1,5396,2007,216,"Stateless","STA","XXA",202,"United States of America","USA","USA",1197,185,"0","-","0","0","0"
1,"QOvT0n",1,5397,2008,216,"Stateless","STA","XXA",202,"United States of America","USA","USA",1233,300,"0","-","0","0","0"
1,"QOvT0n",1,5398,2009,216,"Stateless","STA","XXA",202,"United States of America","USA","USA",1302,277,"0","-","0","0","0"
1,"QOvT0n",1,5399,2010,216,"Stateless","STA","XXA",202,"United States of America","USA","USA",1341,33,"0","-","0","0","0"
1,"QOvT0n",1,5400,2011,216,"Stateless","STA","XXA",202,"United States of America","USA","USA",1216,"0","0","-","0","0","0"
1,"QOvT0n",1,5401,2012,216,"Stateless","STA","XXA",202,"United States of America","USA","USA",1052,"0","0","-","0","0","0"
1,"QOvT0n",1,5402,2013,216,"Stateless","STA","XXA",202,"United States of America","USA","USA",943,13,"0","-","0","0","0"
1,"QOvT0n",1,5403,2014,216,"Stateless","STA","XXA",202,"United States of America","USA","USA",817,"0","0","-","0","0","0"
1,"QOvT0n",1,5404,2015,216,"Stateless","STA","XXA",202,"United States of America","USA","USA",703,"0","0","-","0","0","0"
1,"QOvT0n",1,5405,2016,216,"Stateless","STA","XXA",202,"United States of America","USA","USA",571,"0","0","-","0","0","0"
1,"QOvT0n",1,5406,2017,216,"Stateless","STA","XXA",202,"United States of America","USA","USA",455,"0","0","-","0","0","0"
1,"QOvT0n",1,5407,2018,216,"Stateless","STA","XXA",202,"United States of America","USA","USA",332,"0","0","-","0","0","0"
1,"QOvT0n",1,5408,2019,216,"Stateless","STA","XXA",202,"United States of America","USA","USA",168,"0","0","-",168,"0","0"
1,"QOvT0n",1,5409,2020,216,"Stateless","STA","XXA",202,"United States of America","USA","USA",47,"0","0","-",47,"0","0"
1,"QOvT0n",1,5410,2021,216,"Stateless","STA","XXA",202,"United States of America","USA","USA",47,"0","0","-",47,"0","0"
1,"QOvT0n",1,5411,2022,224,"Aruba","ABW","ABW",202,"United States of America","USA","USA","0",7,"0","-","0","0","0"
1,"QOvT0n",1,5412,2023,225,"British Virgin Islands","BVI","VGB",202,"United States of America","USA","USA","0",5,"0","-","0","0","0"
1,"QOvT0n",1,5413,2024,225,"British Virgin Islands","BVI","VGB",202,"United States of America","USA","USA","0",5,"0","-","0","0","0"
1,"QOvT0n",1,5414,2025,225,"British Virgin Islands","BVI","VGB",202,"United States of America","USA","USA","0",5,"0","-","0","0","0"
1,"QOvT0n",1,5415,2014,227,"Guadeloupe","GLP","GLP",202,"United States of America","USA","USA","0",12,"0","-","0","0","0"
1,"QOvT0n",1,5416,2015,227,"Guadeloupe","GLP","GLP",202,"United States of America","USA","USA","0",23,"0","-","0","0","0"
1,"QOvT0n",1,5417,2017,227,"Guadeloupe","GLP","GLP",202,"United States of America","USA","USA","0",37,"0","-","0","0","0"
1,"QOvT0n",1,5418,2018,227,"Guadeloupe","GLP","GLP",202,"United States of America","USA","USA","0",11,"0","-","0","0","0"
1,"QOvT0n",1,5419,2020,227,"Guadeloupe","GLP","GLP",202,"United States of America","USA","USA","0",86,"0","-","0","0","0"
1,"QOvT0n",1,5420,2021,227,"Guadeloupe","GLP","GLP",202,"United States of America","USA","USA","0",88,"0","-","0","0","0"
1,"QOvT0n",1,5421,2022,227,"Guadeloupe","GLP","GLP",202,"United States of America","USA","USA",17,123,"0","-","0","0","0"
1,"QOvT0n",1,5422,2023,227,"Guadeloupe","GLP","GLP",202,"United States of America","USA","USA",17,75,"0","-","0","0","0"
1,"QOvT0n",1,5423,2024,227,"Guadeloupe","GLP","GLP",202,"United States of America","USA","USA",17,76,"0","-","0","0","0"
1,"QOvT0n",1,5424,2025,227,"Guadeloupe","GLP","GLP",202,"United States of America","USA","USA",17,76,"0","-","0","0","0"
1,"QOvT0n",1,5425,2013,254,"Curacao ","CUW","CUW",202,"United States of America","USA","USA",35,59,"0","-","0","0","0"
1,"QOvT0n",1,5426,2014,254,"Curacao ","CUW","CUW",202,"United States of America","USA","USA",35,"0","0","-","0","0","0"
1,"QOvT0n",1,5427,2015,254,"Curacao ","CUW","CUW",202,"United States of America","USA","USA",35,"0","0","-","0","0","0"
1,"QOvT0n",1,5428,2016,254,"Curacao ","CUW","CUW",202,"United States of America","USA","USA",35,"0","0","-","0","0","0"
1,"QOvT0n",1,5429,2017,254,"Curacao ","CUW","CUW",202,"United States of America","USA","USA",35,"0","0","-","0","0","0"
1,"QOvT0n",1,5430,2018,254,"Curacao ","CUW","CUW",202,"United States of America","USA","USA",35,"0","0","-","0","0","0"
1,"QOvT0n",1,5431,2019,254,"Curacao ","CUW","CUW",202,"United States of America","USA","USA",35,"0","0","-","0","0","0"
1,"QOvT0n",1,5432,2020,254,"Curacao ","CUW","CUW",202,"United States of America","USA","USA",35,"0","0","-","0","0","0"
1,"QOvT0n",1,5433,2021,254,"Curacao ","CUW","CUW",202,"United States of America","USA","USA",35,"0","0","-","0","0","0"
1,"QOvT0n",1,5434,2022,254,"Curacao ","CUW","CUW",202,"United States of America","USA","USA",35,5,"0","-","0","0","0"
1,"QOvT0n",1,5435,2023,254,"Curacao ","CUW","CUW",202,"United States of America","USA","USA",8,"0","0","-","0","0","0"
1,"QOvT0n",1,5436,2024,254,"Curacao ","CUW","CUW",202,"United States of America","USA","USA",8,"0","0","-","0","0","0"
1,"QOvT0n",1,5437,2025,254,"Curacao ","CUW","CUW",202,"United States of America","USA","USA",8,"0","0","-","0","0","0"
1,"QOvT0n",1,5438,1951,262,"Unknown ","UKN","UNK",202,"United States of America","USA","USA",350000,"0","0","-","0","0","0"
1,"QOvT0n",1,5439,1952,262,"Unknown ","UKN","UNK",202,"United States of America","USA","USA",500000,"0","0","-","0","0","0"
1,"QOvT0n",1,5440,1953,262,"Unknown ","UKN","UNK",202,"United States of America","USA","USA",500000,"0","0","-","0","0","0"
1,"QOvT0n",1,5441,1954,262,"Unknown ","UKN","UNK",202,"United States of America","USA","USA",500000,"0","0","-","0","0","0"
1,"QOvT0n",1,5442,1955,262,"Unknown ","UKN","UNK",202,"United States of America","USA","USA",500000,"0","0","-","0","0","0"
1,"QOvT0n",1,5443,1956,262,"Unknown ","UKN","UNK",202,"United States of America","USA","USA",500000,"0","0","-","0","0","0"
1,"QOvT0n",1,5444,1957,262,"Unknown ","UKN","UNK",202,"United States of America","USA","USA",500000,"0","0","-","0","0","0"
1,"QOvT0n",1,5445,1958,262,"Unknown ","UKN","UNK",202,"United States of America","USA","USA",500000,"0","0","-","0","0","0"
1,"QOvT0n",1,5446,1959,262,"Unknown ","UKN","UNK",202,"United States of America","USA","USA",500000,"0","0","-","0","0","0"
1,"QOvT0n",1,5447,1960,262,"Unknown ","UKN","UNK",202,"United States of America","USA","USA",500000,"0","0","-","0","0","0"
1,"QOvT0n",1,5448,1961,262,"Unknown ","UKN","UNK",202,"United States of America","USA","USA",500000,"0","0","-","0","0","0"
1,"QOvT0n",1,5449,1962,262,"Unknown ","UKN","UNK",202,"United States of America","USA","USA",500000,"0","0","-","0","0","0"
1,"QOvT0n",1,5450,1963,262,"Unknown ","UKN","UNK",202,"United States of America","USA","USA",500000,"0","0","-","0","0","0"
1,"QOvT0n",1,5451,1964,262,"Unknown ","UKN","UNK",202,"United States of America","USA","USA",500000,"0","0","-","0","0","0"
1,"QOvT0n",1,5452,1965,262,"Unknown ","UKN","UNK",202,"United States of America","USA","USA",510000,"0","0","-","0","0","0"
1,"QOvT0n",1,5453,1966,262,"Unknown ","UKN","UNK",202,"United States of America","USA","USA",500000,"0","0","-","0","0","0"
1,"QOvT0n",1,5454,1967,262,"Unknown ","UKN","UNK",202,"United States of America","USA","USA",480000,"0","0","-","0","0","0"
1,"QOvT0n",1,5455,1968,262,"Unknown ","UKN","UNK",202,"United States of America","USA","USA",498000,"0","0","-","0","0","0"
1,"QOvT0n",1,5456,1969,262,"Unknown ","UKN","UNK",202,"United States of America","USA","USA",500000,"0","0","-","0","0","0"
1,"QOvT0n",1,5457,1970,262,"Unknown ","UKN","UNK",202,"United States of America","USA","USA",500000,"0","0","-","0","0","0"
1,"QOvT0n",1,5458,1971,262,"Unknown ","UKN","UNK",202,"United States of America","USA","USA",530000,"0","0","-","0","0","0"
1,"QOvT0n",1,5459,1972,262,"Unknown ","UKN","UNK",202,"United States of America","USA","USA",530000,"0","0","-","0","0","0"
1,"QOvT0n",1,5460,1973,262,"Unknown ","UKN","UNK",202,"United States of America","USA","USA",530000,"0","0","-","0","0","0"
1,"QOvT0n",1,5461,1974,262,"Unknown ","UKN","UNK",202,"United States of America","USA","USA",530000,"0","0","-","0","0","0"
1,"QOvT0n",1,5462,1975,262,"Unknown ","UKN","UNK",202,"United States of America","USA","USA",530000,"0","0","-","0","0","0"
1,"QOvT0n",1,5463,1976,262,"Unknown ","UKN","UNK",202,"United States of America","USA","USA",500000,"0","0","-","0","0","0"
1,"QOvT0n",1,5464,1977,262,"Unknown ","UKN","UNK",202,"United States of America","USA","USA",684700,"0","0","-","0","0","0"
1,"QOvT0n",1,5465,1978,262,"Unknown ","UKN","UNK",202,"United States of America","USA","USA",734000,"0","0","-","0","0","0"
1,"QOvT0n",1,5466,1979,262,"Unknown ","UKN","UNK",202,"United States of America","USA","USA",734000,"0","0","-","0","0","0"
1,"QOvT0n",1,5467,1980,262,"Unknown ","UKN","UNK",202,"United States of America","USA","USA",403684,"0","0","-","0","0","0"
1,"QOvT0n",1,5468,1981,262,"Unknown ","UKN","UNK",202,"United States of America","USA","USA",537375,"0","0","-","0","0","0"
1,"QOvT0n",1,5469,1982,262,"Unknown ","UKN","UNK",202,"United States of America","USA","USA",620257,"0","0","-","0","0","0"
1,"QOvT0n",1,5470,1983,262,"Unknown ","UKN","UNK",202,"United States of America","USA","USA",655532,"0","0","-","0","0","0"
1,"QOvT0n",1,5471,1984,262,"Unknown ","UKN","UNK",202,"United States of America","USA","USA",626909,"0","0","-","0","0","0"
1,"QOvT0n",1,5472,1985,262,"Unknown ","UKN","UNK",202,"United States of America","USA","USA",492806,"0","0","-","0","0","0"
1,"QOvT0n",1,5473,1986,262,"Unknown ","UKN","UNK",202,"United States of America","USA","USA",398633,"0","0","-","0","0","0"
1,"QOvT0n",1,5474,1987,262,"Unknown ","UKN","UNK",202,"United States of America","USA","USA",365726,"0","0","-","0","0","0"
1,"QOvT0n",1,5475,1988,262,"Unknown ","UKN","UNK",202,"United States of America","USA","USA",1273,"0","0","-","0","0","0"
1,"QOvT0n",1,5476,1989,262,"Unknown ","UKN","UNK",202,"United States of America","USA","USA",1061,"0","0","-","0","0","0"
1,"QOvT0n",1,5477,1990,262,"Unknown ","UKN","UNK",202,"United States of America","USA","USA",767,"0","0","-","0","0","0"
1,"QOvT0n",1,5478,1991,262,"Unknown ","UKN","UNK",202,"United States of America","USA","USA",823,"0","0","-","0","0","0"
1,"QOvT0n",1,5479,1992,262,"Unknown ","UKN","UNK",202,"United States of America","USA","USA",890,"0","0","-","0","0","0"
1,"QOvT0n",1,5480,1993,262,"Unknown ","UKN","UNK",202,"United States of America","USA","USA",1185,"0","0","-","0","0","0"
1,"QOvT0n",1,5481,1994,262,"Unknown ","UKN","UNK",202,"United States of America","USA","USA",1699,"0","0","-","0","0","0"
1,"QOvT0n",1,5482,1995,262,"Unknown ","UKN","UNK",202,"United States of America","USA","USA",38901,"0","0","-","0","0","0"
1,"QOvT0n",1,5483,1996,262,"Unknown ","UKN","UNK",202,"United States of America","USA","USA",70929,"0","0","-","0","0","0"
1,"QOvT0n",1,5484,1997,262,"Unknown ","UKN","UNK",202,"United States of America","USA","USA",6435,"0","0","-","0","0","0"
1,"QOvT0n",1,5485,1998,262,"Unknown ","UKN","UNK",202,"United States of America","USA","USA",6329,"0","0","-","0","0","0"
1,"QOvT0n",1,5486,1999,262,"Unknown ","UKN","UNK",202,"United States of America","USA","USA",121935,"0","0","-","0","0","0"
1,"QOvT0n",1,5487,2000,262,"Unknown ","UKN","UNK",202,"United States of America","USA","USA",87238,4679,"0","-","0","0","0"
1,"QOvT0n",1,5488,2001,262,"Unknown ","UKN","UNK",202,"United States of America","USA","USA",56617,1453,"0","-","0","0","0"
1,"QOvT0n",1,5489,2002,262,"Unknown ","UKN","UNK",202,"United States of America","USA","USA",29610,1381,"0","-","0","0","0"
1,"QOvT0n",1,5490,2003,262,"Unknown ","UKN","UNK",202,"United States of America","USA","USA",45077,1082,"0","-","0","0","0"
1,"QOvT0n",1,5491,2004,262,"Unknown ","UKN","UNK",202,"United States of America","USA","USA",53085,995,"0","-","0","0","0"
1,"QOvT0n",1,5492,2005,262,"Unknown ","UKN","UNK",202,"United States of America","USA","USA",474,16,"0","-","0","0","0"
1,"QOvT0n",1,5493,2006,262,"Unknown ","UKN","UNK",202,"United States of America","USA","USA",2132,17,"0","-","0","0","0"
1,"QOvT0n",1,5494,2007,262,"Unknown ","UKN","UNK",202,"United States of America","USA","USA",2891,"0","0","-","0","0","0"
1,"QOvT0n",1,5495,2008,262,"Unknown ","UKN","UNK",202,"United States of America","USA","USA",2881,"0","0","-","0","0","0"
1,"QOvT0n",1,5496,2009,262,"Unknown ","UKN","UNK",202,"United States of America","USA","USA",1899,16,"0","-","0","0","0"
1,"QOvT0n",1,5497,2010,262,"Unknown ","UKN","UNK",202,"United States of America","USA","USA",690,"0","0","-","0","0","0"
1,"QOvT0n",1,5498,2011,262,"Unknown ","UKN","UNK",202,"United States of America","USA","USA",1077,57,"0","-","0","0","0"
1,"QOvT0n",1,5499,2012,262,"Unknown ","UKN","UNK",202,"United States of America","USA","USA",1681,77,"0","-","0","0","0"
1,"QOvT0n",1,5500,2013,262,"Unknown ","UKN","UNK",202,"United States of America","USA","USA",2173,346,"0","-","0","0","0"
1,"QOvT0n",1,5501,2014,262,"Unknown ","UKN","UNK",202,"United States of America","USA","USA",2521,2038,"0","-","0","0","0"
1,"QOvT0n",1,5502,2015,262,"Unknown ","UKN","UNK",202,"United States of America","USA","USA",2903,2466,"0","-","0","0","0"
1,"QOvT0n",1,5503,2016,262,"Unknown ","UKN","UNK",202,"United States of America","USA","USA",3814,2376,"0","-","0","0","0"
1,"QOvT0n",1,5504,2017,262,"Unknown ","UKN","UNK",202,"United States of America","USA","USA",4506,3604,"0","-","0","0","0"
1,"QOvT0n",1,5505,2018,262,"Unknown ","UKN","UNK",202,"United States of America","USA","USA",5027,4091,"0","-","0","0","0"
1,"QOvT0n",1,5506,2019,262,"Unknown ","UKN","UNK",202,"United States of America","USA","USA",6182,2607,"0","-","0","0","0"
1,"QOvT0n",1,5507,2020,262,"Unknown ","UKN","UNK",202,"United States of America","USA","USA",6400,3477,"0","-","0","0","0"
1,"QOvT0n",1,5508,2021,262,"Unknown ","UKN","UNK",202,"United States of America","USA","USA",6276,4292,"0","-","0","0","0"
1,"QOvT0n",1,5509,2022,262,"Unknown ","UKN","UNK",202,"United States of America","USA","USA",6364,8564,"0","-","0","0","0"
1,"QOvT0n",1,5510,2023,262,"Unknown ","UKN","UNK",202,"United States of America","USA","USA",6230,8261,"0","-","0","0","0"
1,"QOvT0n",1,5511,2024,262,"Unknown ","UKN","UNK",202,"United States of America","USA","USA",6229,10494,"0","-","0","0","0"
1,"QOvT0n",1,5512,2025,262,"Unknown ","UKN","UNK",202,"United States of America","USA","USA",6229,10494,"0","-","0","0","0"
